1775398060.4547458 [INFO] [launch]: All log files can be found below /home/focal/Desktop/2024_GroundStation/run_log/2026-04-05-07-07-40-451059-ubuntu-39021
1775398060.4550836 [INFO] [launch]: Default logging verbosity is set to INFO
1775398060.5352664 [INFO] [myMain-1]: process started with pid [39023]
1775398060.5357540 [INFO] [navNode-2]: process started with pid [39025]
1775398060.8311484 [navNode-2] [INFO] [1775398060.830826159] [navNode]: paths: [
1775398060.8313634 [navNode-2]   {"x": 0.00, "y": 0.00, "z": 0.70, "label": "TakeOff", "qrcode": "", "label2": ""       , "qrcode2": "" },
1775398060.8314579 [navNode-2]   {"x":-0.25, "y": 0.75, "z": 0.80, "label": "A6"     , "qrcode": "", "label2": ""       , "qrcode2": "" },
1775398060.8314939 [navNode-2]   {"x":-0.25, "y": 0.75, "z": 1.20, "label": "A3"     , "qrcode": "", "label2": ""       , "qrcode2": "" },
1775398060.8315275 [navNode-2]   {"x":-0.25, "y": 1.25, "z": 1.20, "label": "A2"     , "qrcode": "", "label2": ""       , "qrcode2": "" },
1775398060.8315609 [navNode-2]   {"x":-0.25, "y": 1.25, "z": 0.80, "label": "A5"     , "qrcode": "", "label2": ""       , "qrcode2": "" },
1775398060.8315918 [navNode-2]   {"x":-0.25, "y": 1.75, "z": 0.80, "label": "A4"     , "qrcode": "", "label2": ""       , "qrcode2": "" },
1775398060.8316224 [navNode-2]   {"x":-0.25, "y": 1.75, "z": 1.20, "label": "A1"     , "qrcode": "", "label2": ""       , "qrcode2": "" },
1775398060.8316526 [navNode-2]   {"x":-0.25, "y": 2.00, "z": 0.70, "label": "UpSide1", "qrcode": "", "label2": ""       , "qrcode2": "" },
1775398060.8316832 [navNode-2]   {"x": 0.75, "y": 2.00, "z": 0.70, "label": "LandPos", "qrcode": "", "label2": ""       , "qrcode2": "" }
1775398060.8317151 [navNode-2] ]
1775398060.8317447 [navNode-2] 
1775398060.8384321 [navNode-2] [INFO] [1775398060.837926791] [navNode]: 上位机导航节点启动成功
1775398061.4884388 [myMain-1] [INFO] [1775398061.488036127] [Ground]: ros2 node launch success:Ground!
1775398146.5071006 [myMain-1] Traceback (most recent call last):
1775398146.5077095 [myMain-1]   File "/home/focal/Desktop/2024_GroundStation/build/GroundStation/GroundStation/myMain.py", line 76, in takeoff_confirm
1775398146.5078657 [myMain-1]     if self.confidence > 0 and self.confidence < 3:
1775398146.5082469 [myMain-1] AttributeError: 'UIController' object has no attribute 'confidence'
1775398148.1937442 [myMain-1] Traceback (most recent call last):
1775398148.1939058 [myMain-1]   File "/home/focal/Desktop/2024_GroundStation/build/GroundStation/GroundStation/myMain.py", line 76, in takeoff_confirm
1775398148.1939471 [myMain-1]     if self.confidence > 0 and self.confidence < 3:
1775398148.1939783 [myMain-1] AttributeError: 'UIController' object has no attribute 'confidence'
1775398148.6576886 [myMain-1] Traceback (most recent call last):
1775398148.6579223 [myMain-1]   File "/home/focal/Desktop/2024_GroundStation/build/GroundStation/GroundStation/myMain.py", line 76, in takeoff_confirm
1775398148.6580019 [myMain-1]     if self.confidence > 0 and self.confidence < 3:
1775398148.6580505 [myMain-1] AttributeError: 'UIController' object has no attribute 'confidence'
1775398148.8498187 [myMain-1] Traceback (most recent call last):
1775398148.8500121 [myMain-1]   File "/home/focal/Desktop/2024_GroundStation/build/GroundStation/GroundStation/myMain.py", line 76, in takeoff_confirm
1775398148.8500569 [myMain-1]     if self.confidence > 0 and self.confidence < 3:
1775398148.8500884 [myMain-1] AttributeError: 'UIController' object has no attribute 'confidence'
1775398149.0244648 [myMain-1] Traceback (most recent call last):
1775398149.0246601 [myMain-1]   File "/home/focal/Desktop/2024_GroundStation/build/GroundStation/GroundStation/myMain.py", line 76, in takeoff_confirm
1775398149.0247097 [myMain-1]     if self.confidence > 0 and self.confidence < 3:
1775398149.0247419 [myMain-1] AttributeError: 'UIController' object has no attribute 'confidence'
1775398149.1996412 [myMain-1] Traceback (most recent call last):
1775398149.1998465 [myMain-1]   File "/home/focal/Desktop/2024_GroundStation/build/GroundStation/GroundStation/myMain.py", line 76, in takeoff_confirm
1775398149.1999078 [myMain-1]     if self.confidence > 0 and self.confidence < 3:
1775398149.1999404 [myMain-1] AttributeError: 'UIController' object has no attribute 'confidence'
1775398149.3759813 [myMain-1] Traceback (most recent call last):
1775398149.3762283 [myMain-1]   File "/home/focal/Desktop/2024_GroundStation/build/GroundStation/GroundStation/myMain.py", line 76, in takeoff_confirm
1775398149.3762965 [myMain-1]     if self.confidence > 0 and self.confidence < 3:
1775398149.3763433 [myMain-1] AttributeError: 'UIController' object has no attribute 'confidence'
1775398150.5385756 [myMain-1] Traceback (most recent call last):
1775398150.5388765 [myMain-1]   File "/home/focal/Desktop/2024_GroundStation/build/GroundStation/GroundStation/myMain.py", line 76, in takeoff_confirm
1775398150.5389774 [myMain-1]     if self.confidence > 0 and self.confidence < 3:
1775398150.5390294 [myMain-1] AttributeError: 'UIController' object has no attribute 'confidence'
1775398150.8275013 [myMain-1] Traceback (most recent call last):
1775398150.8277974 [myMain-1]   File "/home/focal/Desktop/2024_GroundStation/build/GroundStation/GroundStation/myMain.py", line 76, in takeoff_confirm
1775398150.8278761 [myMain-1]     if self.confidence > 0 and self.confidence < 3:
1775398150.8279278 [myMain-1] AttributeError: 'UIController' object has no attribute 'confidence'
1775398151.7463510 [myMain-1] Traceback (most recent call last):
1775398151.7465482 [myMain-1]   File "/home/focal/Desktop/2024_GroundStation/build/GroundStation/GroundStation/myMain.py", line 76, in takeoff_confirm
1775398151.7465992 [myMain-1]     if self.confidence > 0 and self.confidence < 3:
1775398151.7466316 [myMain-1] AttributeError: 'UIController' object has no attribute 'confidence'
1775398161.9659169 [myMain-1] Traceback (most recent call last):
1775398161.9661090 [myMain-1]   File "/home/focal/Desktop/2024_GroundStation/build/GroundStation/GroundStation/myMain.py", line 76, in takeoff_confirm
1775398161.9661880 [myMain-1]     if self.confidence > 0 and self.confidence < 3:
1775398161.9662418 [myMain-1] AttributeError: 'UIController' object has no attribute 'confidence'
1775398162.1932888 [myMain-1] Traceback (most recent call last):
1775398162.1935005 [myMain-1]   File "/home/focal/Desktop/2024_GroundStation/build/GroundStation/GroundStation/myMain.py", line 76, in takeoff_confirm
1775398162.1935565 [myMain-1]     if self.confidence > 0 and self.confidence < 3:
1775398162.1935902 [myMain-1] AttributeError: 'UIController' object has no attribute 'confidence'
1775398162.4054420 [myMain-1] Traceback (most recent call last):
1775398162.4056463 [myMain-1]   File "/home/focal/Desktop/2024_GroundStation/build/GroundStation/GroundStation/myMain.py", line 76, in takeoff_confirm
1775398162.4057016 [myMain-1]     if self.confidence > 0 and self.confidence < 3:
1775398162.4057357 [myMain-1] AttributeError: 'UIController' object has no attribute 'confidence'
1775398162.8063703 [myMain-1] Traceback (most recent call last):
1775398162.8065875 [myMain-1]   File "/home/focal/Desktop/2024_GroundStation/build/GroundStation/GroundStation/myMain.py", line 76, in takeoff_confirm
1775398162.8066859 [myMain-1]     if self.confidence > 0 and self.confidence < 3:
1775398162.8067260 [myMain-1] AttributeError: 'UIController' object has no attribute 'confidence'
1775398163.0067282 [myMain-1] Traceback (most recent call last):
1775398163.0069249 [myMain-1]   File "/home/focal/Desktop/2024_GroundStation/build/GroundStation/GroundStation/myMain.py", line 76, in takeoff_confirm
1775398163.0069776 [myMain-1]     if self.confidence > 0 and self.confidence < 3:
1775398163.0070136 [myMain-1] AttributeError: 'UIController' object has no attribute 'confidence'
1775398189.5118930 [myMain-1] [INFO] [1775398189.511493748] [Ground]: 发送 scan_all 成功
1775398189.5129709 [navNode-2] [INFO] [1775398189.512686230] [navNode]: 收到来自UI的请求：scan_all
1775398189.5139627 [navNode-2] [WARN] [1775398189.513724561] [navNode]: 任务开始执行scan_all
1775398189.5166531 [myMain-1] [INFO] [1775398189.516234212] [Ground]: scan_all 响应成功 → 回复：scan_all
1775398189.6141808 [navNode-2] [INFO] [1775398189.613791862] [navNode]: 状态1：Takeoff--[TakeOff]
1775398189.6237962 [navNode-2] [INFO] [1775398189.623516091] [navNode]: takeoff 发送成功 → 飞行站已调用：takeoff服务
1775398189.6455374 [navNode-2] [INFO] [1775398189.645250388] [navNode]: MCU2 send back: Takeoffok
1775398189.6460514 [myMain-1] [INFO] [1775398189.645912174] [Ground]: MCU2 send back: Takeoffok
1775398189.7165225 [navNode-2] [INFO] [1775398189.715344164] [navNode]: 状态2：Takeoff_wait--[TakeOff]
1775398189.7168126 [navNode-2] [INFO] [1775398189.716030609] [navNode]: 未到目标点
1775398189.7168660 [navNode-2] 目标位置:(0.0, 0.0, 0.7)-[TakeOff]-[MCU:False]-[POS:False]
1775398189.7169006 [navNode-2] 当前位置:(-0.0019445057259872556, 0.0024634525179862976, 0.001013805391266942)
1775398189.8140626 [navNode-2] [INFO] [1775398189.813704616] [navNode]: 状态2：Takeoff_wait--[TakeOff]
1775398189.8153770 [navNode-2] [INFO] [1775398189.814988394] [navNode]: 未到目标点
1775398189.8155863 [navNode-2] 目标位置:(0.0, 0.0, 0.7)-[TakeOff]-[MCU:False]-[POS:False]
1775398189.8156569 [navNode-2] 当前位置:(-0.0015696331392973661, 0.0010779674630612135, 0.0009763948037289083)
1775398189.9157927 [navNode-2] [INFO] [1775398189.914812294] [navNode]: 状态2：Takeoff_wait--[TakeOff]
1775398189.9162376 [navNode-2] [INFO] [1775398189.915556232] [navNode]: 未到目标点
1775398189.9163432 [navNode-2] 目标位置:(0.0, 0.0, 0.7)-[TakeOff]-[MCU:False]-[POS:False]
1775398189.9163945 [navNode-2] 当前位置:(-0.001724914531223476, 0.0015792191261425614, 0.001160161686129868)
1775398190.0149379 [navNode-2] [INFO] [1775398190.014383558] [navNode]: 状态2：Takeoff_wait--[TakeOff]
1775398190.0153475 [navNode-2] [INFO] [1775398190.014744209] [navNode]: 未到目标点
1775398190.0154345 [navNode-2] 目标位置:(0.0, 0.0, 0.7)-[TakeOff]-[MCU:False]-[POS:False]
1775398190.0154696 [navNode-2] 当前位置:(-0.0017279975581914186, 0.0017962738638743758, 0.001300807693041861)
1775398190.1142871 [navNode-2] [INFO] [1775398190.113931438] [navNode]: 状态2：Takeoff_wait--[TakeOff]
1775398190.1146545 [navNode-2] [INFO] [1775398190.114285917] [navNode]: 未到目标点
1775398190.1147728 [navNode-2] 目标位置:(0.0, 0.0, 0.7)-[TakeOff]-[MCU:False]-[POS:False]
1775398190.1148167 [navNode-2] 当前位置:(-0.001840136363171041, 0.0019204964628443122, 0.0013119715731590986)
1775398190.2147479 [navNode-2] [INFO] [1775398190.214350752] [navNode]: 状态2：Takeoff_wait--[TakeOff]
1775398190.2150803 [navNode-2] [INFO] [1775398190.214774774] [navNode]: 未到目标点
1775398190.2151387 [navNode-2] 目标位置:(0.0, 0.0, 0.7)-[TakeOff]-[MCU:False]-[POS:False]
1775398190.2151744 [navNode-2] 当前位置:(-0.0020686748903244734, 0.0025677739176899195, 0.0016024799551814795)
1775398190.3150325 [navNode-2] [INFO] [1775398190.314588017] [navNode]: 状态2：Takeoff_wait--[TakeOff]
1775398190.3154035 [navNode-2] [INFO] [1775398190.315010321] [navNode]: 未到目标点
1775398190.3155627 [navNode-2] 目标位置:(0.0, 0.0, 0.7)-[TakeOff]-[MCU:False]-[POS:False]
1775398190.3156357 [navNode-2] 当前位置:(-0.0020670429803431034, 0.002135059330612421, 0.001071216189302504)
1775398190.4161789 [navNode-2] [INFO] [1775398190.415640329] [navNode]: 状态2：Takeoff_wait--[TakeOff]
1775398190.4167075 [navNode-2] [INFO] [1775398190.416265327] [navNode]: 未到目标点
1775398190.4168487 [navNode-2] 目标位置:(0.0, 0.0, 0.7)-[TakeOff]-[MCU:False]-[POS:False]
1775398190.4169214 [navNode-2] 当前位置:(-0.0019330567447468638, 0.0018905597971752286, 0.0012383504072204232)
1775398190.5158410 [navNode-2] [INFO] [1775398190.515432584] [navNode]: 状态2：Takeoff_wait--[TakeOff]
1775398190.5164480 [navNode-2] [INFO] [1775398190.515998209] [navNode]: 未到目标点
1775398190.5165942 [navNode-2] 目标位置:(0.0, 0.0, 0.7)-[TakeOff]-[MCU:False]-[POS:False]
1775398190.5166669 [navNode-2] 当前位置:(-0.001848620711825788, 0.002297519939020276, 0.0013904881197959185)
1775398190.6139574 [navNode-2] [INFO] [1775398190.613595016] [navNode]: 状态2：Takeoff_wait--[TakeOff]
1775398190.6143055 [navNode-2] [INFO] [1775398190.613960592] [navNode]: 未到目标点
1775398190.6143985 [navNode-2] 目标位置:(0.0, 0.0, 0.7)-[TakeOff]-[MCU:False]-[POS:False]
1775398190.6144774 [navNode-2] 当前位置:(-0.0018703467212617397, 0.0017558307154104114, 0.0012176943710073829)
1775398190.7144930 [navNode-2] [INFO] [1775398190.714175761] [navNode]: 状态2：Takeoff_wait--[TakeOff]
1775398190.7148931 [navNode-2] [INFO] [1775398190.714556262] [navNode]: 未到目标点
1775398190.7149925 [navNode-2] 目标位置:(0.0, 0.0, 0.7)-[TakeOff]-[MCU:False]-[POS:False]
1775398190.7150285 [navNode-2] 当前位置:(-0.0018219253979623318, 0.001599657814949751, 0.0016027209348976612)
1775398190.8150213 [navNode-2] [INFO] [1775398190.814505477] [navNode]: 状态2：Takeoff_wait--[TakeOff]
1775398190.8155692 [navNode-2] [INFO] [1775398190.815439679] [navNode]: 未到目标点
1775398190.8156643 [navNode-2] 目标位置:(0.0, 0.0, 0.7)-[TakeOff]-[MCU:False]-[POS:False]
1775398190.8157277 [navNode-2] 当前位置:(-0.0021082302555441856, 0.0018742800457403064, 0.0009078043513000011)
1775398190.9145238 [navNode-2] [INFO] [1775398190.914110862] [navNode]: 状态2：Takeoff_wait--[TakeOff]
1775398190.9158831 [navNode-2] [INFO] [1775398190.915458745] [navNode]: 未到目标点
1775398190.9162228 [navNode-2] 目标位置:(0.0, 0.0, 0.7)-[TakeOff]-[MCU:False]-[POS:False]
1775398190.9163599 [navNode-2] 当前位置:(-0.0024037626571953297, 0.0027608489617705345, 0.001136935781687498)
1775398191.0141280 [navNode-2] [INFO] [1775398191.013819554] [navNode]: 状态2：Takeoff_wait--[TakeOff]
1775398191.0145814 [navNode-2] [INFO] [1775398191.014214040] [navNode]: 未到目标点
1775398191.0146747 [navNode-2] 目标位置:(0.0, 0.0, 0.7)-[TakeOff]-[MCU:False]-[POS:False]
1775398191.0147192 [navNode-2] 当前位置:(-0.0020418160129338503, 0.0021503607276827097, 0.001756389974616468)
1775398191.1192284 [navNode-2] [INFO] [1775398191.118530784] [navNode]: 状态2：Takeoff_wait--[TakeOff]
1775398191.1198487 [navNode-2] [INFO] [1775398191.119678187] [navNode]: 未到目标点
1775398191.1200569 [navNode-2] 目标位置:(0.0, 0.0, 0.7)-[TakeOff]-[MCU:False]-[POS:False]
1775398191.1201742 [navNode-2] 当前位置:(-0.001814802992157638, 0.002143467077985406, 0.0012259127106517553)
1775398191.2140198 [navNode-2] [INFO] [1775398191.213707743] [navNode]: 状态2：Takeoff_wait--[TakeOff]
1775398191.2144132 [navNode-2] [INFO] [1775398191.214176992] [navNode]: 未到目标点
1775398191.2144816 [navNode-2] 目标位置:(0.0, 0.0, 0.7)-[TakeOff]-[MCU:False]-[POS:False]
1775398191.2145166 [navNode-2] 当前位置:(-0.0020600659772753716, 0.0018684774404391646, 0.0014210434164851904)
1775398191.3158619 [navNode-2] [INFO] [1775398191.315407085] [navNode]: 状态2：Takeoff_wait--[TakeOff]
1775398191.3161755 [navNode-2] [INFO] [1775398191.316019296] [navNode]: 未到目标点
1775398191.3162279 [navNode-2] 目标位置:(0.0, 0.0, 0.7)-[TakeOff]-[MCU:False]-[POS:False]
1775398191.3162599 [navNode-2] 当前位置:(-0.0019461313495412469, 0.002068674424663186, 0.0011168922064825892)
1775398191.4141035 [navNode-2] [INFO] [1775398191.413681555] [navNode]: 状态2：Takeoff_wait--[TakeOff]
1775398191.4144251 [navNode-2] [INFO] [1775398191.414021682] [navNode]: 未到目标点
1775398191.4144838 [navNode-2] 目标位置:(0.0, 0.0, 0.7)-[TakeOff]-[MCU:False]-[POS:False]
1775398191.4145162 [navNode-2] 当前位置:(-0.001923430128954351, 0.001580313197337091, 0.0006260522059164941)
1775398191.5145257 [navNode-2] [INFO] [1775398191.514193727] [navNode]: 状态2：Takeoff_wait--[TakeOff]
1775398191.5149381 [navNode-2] [INFO] [1775398191.514552301] [navNode]: 未到目标点
1775398191.5150459 [navNode-2] 目标位置:(0.0, 0.0, 0.7)-[TakeOff]-[MCU:False]-[POS:False]
1775398191.5151465 [navNode-2] 当前位置:(-0.0020779725164175034, 0.0017125298036262393, 0.0008736398885957897)
1775398191.6145165 [navNode-2] [INFO] [1775398191.614222500] [navNode]: 状态2：Takeoff_wait--[TakeOff]
1775398191.6149793 [navNode-2] [INFO] [1775398191.614638385] [navNode]: 未到目标点
1775398191.6151264 [navNode-2] 目标位置:(0.0, 0.0, 0.7)-[TakeOff]-[MCU:False]-[POS:False]
1775398191.6153247 [navNode-2] 当前位置:(-0.002007265342399478, 0.0015766879078000784, 0.0015772812766954303)
1775398191.7164316 [navNode-2] [INFO] [1775398191.716051612] [navNode]: 状态2：Takeoff_wait--[TakeOff]
1775398191.7168922 [navNode-2] [INFO] [1775398191.716483820] [navNode]: 未到目标点
1775398191.7170215 [navNode-2] 目标位置:(0.0, 0.0, 0.7)-[TakeOff]-[MCU:False]-[POS:False]
1775398191.7170684 [navNode-2] 当前位置:(-0.00208501354791224, 0.0023886740673333406, 0.0016248015454038978)
1775398191.8146026 [navNode-2] [INFO] [1775398191.814297339] [navNode]: 状态2：Takeoff_wait--[TakeOff]
1775398191.8150463 [navNode-2] [INFO] [1775398191.814726182] [navNode]: 未到目标点
1775398191.8151159 [navNode-2] 目标位置:(0.0, 0.0, 0.7)-[TakeOff]-[MCU:False]-[POS:False]
1775398191.8151534 [navNode-2] 当前位置:(-0.002296274062246084, 0.0022949499543756247, 0.0004767943173646927)
1775398191.9155147 [navNode-2] [INFO] [1775398191.914969781] [navNode]: 状态2：Takeoff_wait--[TakeOff]
1775398191.9158678 [navNode-2] [INFO] [1775398191.915335750] [navNode]: 未到目标点
1775398191.9159486 [navNode-2] 目标位置:(0.0, 0.0, 0.7)-[TakeOff]-[MCU:False]-[POS:False]
1775398191.9159937 [navNode-2] 当前位置:(-0.0023952170740813017, 0.002266670810058713, 0.0006618017214350402)
1775398192.0158832 [navNode-2] [INFO] [1775398192.015578082] [navNode]: 状态2：Takeoff_wait--[TakeOff]
1775398192.0163023 [navNode-2] [INFO] [1775398192.015961077] [navNode]: 未到目标点
1775398192.0164402 [navNode-2] 目标位置:(0.0, 0.0, 0.7)-[TakeOff]-[MCU:False]-[POS:False]
1775398192.0164895 [navNode-2] 当前位置:(-0.002077211393043399, 0.002624026732519269, 0.001596698653884232)
1775398192.1140051 [navNode-2] [INFO] [1775398192.113725574] [navNode]: 状态2：Takeoff_wait--[TakeOff]
1775398192.1150908 [navNode-2] [INFO] [1775398192.114904705] [navNode]: 未到目标点
1775398192.1152270 [navNode-2] 目标位置:(0.0, 0.0, 0.7)-[TakeOff]-[MCU:False]-[POS:False]
1775398192.1152744 [navNode-2] 当前位置:(-0.0019874917343258858, 0.002255078637972474, 0.0016584362601861358)
1775398192.2147639 [navNode-2] [INFO] [1775398192.214408116] [navNode]: 状态2：Takeoff_wait--[TakeOff]
1775398192.2153215 [navNode-2] [INFO] [1775398192.214815566] [navNode]: 未到目标点
1775398192.2154415 [navNode-2] 目标位置:(0.0, 0.0, 0.7)-[TakeOff]-[MCU:False]-[POS:False]
1775398192.2155082 [navNode-2] 当前位置:(-0.002061642473563552, 0.0020098239183425903, 0.0018879423150792718)
1775398192.3160706 [navNode-2] [INFO] [1775398192.315800481] [navNode]: 状态2：Takeoff_wait--[TakeOff]
1775398192.3164642 [navNode-2] [INFO] [1775398192.316175638] [navNode]: 未到目标点
1775398192.3165617 [navNode-2] 目标位置:(0.0, 0.0, 0.7)-[TakeOff]-[MCU:False]-[POS:False]
1775398192.3166044 [navNode-2] 当前位置:(-0.0021366120781749487, 0.0015248047420755029, 0.0015190234407782555)
1775398192.4154110 [navNode-2] [INFO] [1775398192.415127601] [navNode]: 状态2：Takeoff_wait--[TakeOff]
1775398192.4168353 [navNode-2] [INFO] [1775398192.416625798] [navNode]: 未到目标点
1775398192.4169776 [navNode-2] 目标位置:(0.0, 0.0, 0.7)-[TakeOff]-[MCU:False]-[POS:False]
1775398192.4170268 [navNode-2] 当前位置:(-0.0022218332160264254, 0.002161217387765646, 0.0012788475723937154)
1775398192.5143292 [navNode-2] [INFO] [1775398192.513938161] [navNode]: 状态2：Takeoff_wait--[TakeOff]
1775398192.5148678 [navNode-2] [INFO] [1775398192.514396262] [navNode]: 未到目标点
1775398192.5151005 [navNode-2] 目标位置:(0.0, 0.0, 0.7)-[TakeOff]-[MCU:False]-[POS:False]
1775398192.5151637 [navNode-2] 当前位置:(-0.002353519666939974, 0.002415729919448495, 0.0012734531192108989)
1775398192.6150639 [navNode-2] [INFO] [1775398192.614809469] [navNode]: 状态2：Takeoff_wait--[TakeOff]
1775398192.6154258 [navNode-2] [INFO] [1775398192.615142219] [navNode]: 未到目标点
1775398192.6155038 [navNode-2] 目标位置:(0.0, 0.0, 0.7)-[TakeOff]-[MCU:False]-[POS:False]
1775398192.6155467 [navNode-2] 当前位置:(-0.0025906916707754135, 0.002165298443287611, 0.0002702940837480128)
1775398192.7153707 [navNode-2] [INFO] [1775398192.714452900] [navNode]: 状态2：Takeoff_wait--[TakeOff]
1775398192.7159111 [navNode-2] [INFO] [1775398192.715124425] [navNode]: 未到目标点
1775398192.7160046 [navNode-2] 目标位置:(0.0, 0.0, 0.7)-[TakeOff]-[MCU:False]-[POS:False]
1775398192.7160561 [navNode-2] 当前位置:(-0.002208546968176961, 0.0020268030930310488, 0.0014560195850208402)
1775398192.8166566 [navNode-2] [INFO] [1775398192.815921977] [navNode]: 状态2：Takeoff_wait--[TakeOff]
1775398192.8174245 [navNode-2] [INFO] [1775398192.816328741] [navNode]: 未到目标点
1775398192.8175745 [navNode-2] 目标位置:(0.0, 0.0, 0.7)-[TakeOff]-[MCU:False]-[POS:False]
1775398192.8176639 [navNode-2] 当前位置:(-0.0023126117885112762, 0.0021769481245428324, 0.001456128666177392)
1775398192.9148912 [navNode-2] [INFO] [1775398192.914364677] [navNode]: 状态2：Takeoff_wait--[TakeOff]
1775398192.9156551 [navNode-2] [INFO] [1775398192.915436983] [navNode]: 未到目标点
1775398192.9158268 [navNode-2] 目标位置:(0.0, 0.0, 0.7)-[TakeOff]-[MCU:False]-[POS:False]
1775398192.9158795 [navNode-2] 当前位置:(-0.0025166315026581287, 0.0017520496621727943, -0.0007038042531348765)
1775398193.0151734 [navNode-2] [INFO] [1775398193.014657554] [navNode]: 状态2：Takeoff_wait--[TakeOff]
1775398193.0156138 [navNode-2] [INFO] [1775398193.015517989] [navNode]: 未到目标点
1775398193.0156839 [navNode-2] 目标位置:(0.0, 0.0, 0.7)-[TakeOff]-[MCU:False]-[POS:False]
1775398193.0157256 [navNode-2] 当前位置:(-0.0022097991313785315, 0.0014313219580799341, 0.0008907074225135148)
1775398193.1145658 [navNode-2] [INFO] [1775398193.114204750] [navNode]: 状态2：Takeoff_wait--[TakeOff]
1775398193.1149981 [navNode-2] [INFO] [1775398193.114613507] [navNode]: 未到目标点
1775398193.1150684 [navNode-2] 目标位置:(0.0, 0.0, 0.7)-[TakeOff]-[MCU:False]-[POS:False]
1775398193.1151073 [navNode-2] 当前位置:(-0.0033060209825634956, 0.0005972866201773286, -0.002279609441757202)
1775398193.2141123 [navNode-2] [INFO] [1775398193.213841440] [navNode]: 状态2：Takeoff_wait--[TakeOff]
1775398193.2145159 [navNode-2] [INFO] [1775398193.214207423] [navNode]: 未到目标点
1775398193.2145858 [navNode-2] 目标位置:(0.0, 0.0, 0.7)-[TakeOff]-[MCU:False]-[POS:False]
1775398193.2146251 [navNode-2] 当前位置:(-0.004003699403256178, 0.0021387820597738028, 0.0018591248663142323)
1775398193.3152659 [navNode-2] [INFO] [1775398193.314774161] [navNode]: 状态2：Takeoff_wait--[TakeOff]
1775398193.3156731 [navNode-2] [INFO] [1775398193.315148481] [navNode]: 未到目标点
1775398193.3157508 [navNode-2] 目标位置:(0.0, 0.0, 0.7)-[TakeOff]-[MCU:False]-[POS:False]
1775398193.3157935 [navNode-2] 当前位置:(-0.002492821542546153, -0.002230399753898382, 0.0014698745217174292)
1775398193.4166372 [navNode-2] [INFO] [1775398193.416149058] [navNode]: 状态2：Takeoff_wait--[TakeOff]
1775398193.4172263 [navNode-2] [INFO] [1775398193.416792832] [navNode]: 未到目标点
1775398193.4173465 [navNode-2] 目标位置:(0.0, 0.0, 0.7)-[TakeOff]-[MCU:False]-[POS:False]
1775398193.4174211 [navNode-2] 当前位置:(-0.0003594369045458734, 0.00026944110868498683, 0.00044509986764751375)
1775398193.5145569 [navNode-2] [INFO] [1775398193.514088402] [navNode]: 状态2：Takeoff_wait--[TakeOff]
1775398193.5150735 [navNode-2] [INFO] [1775398193.514894782] [navNode]: 未到目标点
1775398193.5152032 [navNode-2] 目标位置:(0.0, 0.0, 0.7)-[TakeOff]-[MCU:False]-[POS:False]
1775398193.5152838 [navNode-2] 当前位置:(-0.000704823702108115, 0.005070625804364681, 0.0019015499856323004)
1775398193.6146054 [navNode-2] [INFO] [1775398193.614295530] [navNode]: 状态2：Takeoff_wait--[TakeOff]
1775398193.6149995 [navNode-2] [INFO] [1775398193.614696167] [navNode]: 未到目标点
1775398193.6151233 [navNode-2] 目标位置:(0.0, 0.0, 0.7)-[TakeOff]-[MCU:False]-[POS:False]
1775398193.6151748 [navNode-2] 当前位置:(-0.00014520173135679215, 0.006971702910959721, -0.0012115174904465675)
1775398193.7140856 [navNode-2] [INFO] [1775398193.713780199] [navNode]: 状态2：Takeoff_wait--[TakeOff]
1775398193.7144816 [navNode-2] [INFO] [1775398193.714174844] [navNode]: 未到目标点
1775398193.7145560 [navNode-2] 目标位置:(0.0, 0.0, 0.7)-[TakeOff]-[MCU:False]-[POS:False]
1775398193.7145948 [navNode-2] 当前位置:(-0.0004902398795820773, 0.02665613777935505, 0.01026618666946888)
1775398193.8150699 [navNode-2] [INFO] [1775398193.814773663] [navNode]: 状态2：Takeoff_wait--[TakeOff]
1775398193.8157628 [navNode-2] [INFO] [1775398193.815150611] [navNode]: 未到目标点
1775398193.8159134 [navNode-2] 目标位置:(0.0, 0.0, 0.7)-[TakeOff]-[MCU:False]-[POS:False]
1775398193.8159745 [navNode-2] 当前位置:(-0.002187308855354786, 0.039645250886678696, 0.024089818820357323)
1775398193.9161854 [navNode-2] [INFO] [1775398193.915853862] [navNode]: 状态2：Takeoff_wait--[TakeOff]
1775398193.9165606 [navNode-2] [INFO] [1775398193.916229665] [navNode]: 未到目标点
1775398193.9166722 [navNode-2] 目标位置:(0.0, 0.0, 0.7)-[TakeOff]-[MCU:False]-[POS:False]
1775398193.9167264 [navNode-2] 当前位置:(-0.0016250198241323233, 0.05105546861886978, 0.036890409886837006)
1775398194.0167489 [navNode-2] [INFO] [1775398194.016191823] [navNode]: 状态2：Takeoff_wait--[TakeOff]
1775398194.0171862 [navNode-2] [INFO] [1775398194.016829925] [navNode]: 未到目标点
1775398194.0172966 [navNode-2] 目标位置:(0.0, 0.0, 0.7)-[TakeOff]-[MCU:False]-[POS:False]
1775398194.0173607 [navNode-2] 当前位置:(-0.0003133876307401806, 0.07406042516231537, 0.06385673582553864)
1775398194.1149604 [navNode-2] [INFO] [1775398194.114610358] [navNode]: 状态2：Takeoff_wait--[TakeOff]
1775398194.1153049 [navNode-2] [INFO] [1775398194.114987610] [navNode]: 未到目标点
1775398194.1154189 [navNode-2] 目标位置:(0.0, 0.0, 0.7)-[TakeOff]-[MCU:False]-[POS:False]
1775398194.1154830 [navNode-2] 当前位置:(-0.00044768810039386153, 0.09921172261238098, 0.08982689678668976)
1775398194.2151902 [navNode-2] [INFO] [1775398194.214194599] [navNode]: 状态2：Takeoff_wait--[TakeOff]
1775398194.2160432 [navNode-2] [INFO] [1775398194.215758642] [navNode]: 未到目标点
1775398194.2161744 [navNode-2] 目标位置:(0.0, 0.0, 0.7)-[TakeOff]-[MCU:False]-[POS:False]
1775398194.2162228 [navNode-2] 当前位置:(-0.00018721551168709993, 0.11213643103837967, 0.1096692755818367)
1775398194.3152304 [navNode-2] [INFO] [1775398194.314910962] [navNode]: 状态2：Takeoff_wait--[TakeOff]
1775398194.3156617 [navNode-2] [INFO] [1775398194.315322076] [navNode]: 未到目标点
1775398194.3157530 [navNode-2] 目标位置:(0.0, 0.0, 0.7)-[TakeOff]-[MCU:False]-[POS:False]
1775398194.3158276 [navNode-2] 当前位置:(0.005585867911577225, 0.14363053441047668, 0.1514931172132492)
1775398194.4157279 [navNode-2] [INFO] [1775398194.415010810] [navNode]: 状态2：Takeoff_wait--[TakeOff]
1775398194.4161525 [navNode-2] [INFO] [1775398194.415719566] [navNode]: 未到目标点
1775398194.4162350 [navNode-2] 目标位置:(0.0, 0.0, 0.7)-[TakeOff]-[MCU:False]-[POS:False]
1775398194.4162769 [navNode-2] 当前位置:(0.00986539013683796, 0.15470917522907257, 0.18140430748462677)
1775398194.5145812 [navNode-2] [INFO] [1775398194.514252349] [navNode]: 状态2：Takeoff_wait--[TakeOff]
1775398194.5149963 [navNode-2] [INFO] [1775398194.514609439] [navNode]: 未到目标点
1775398194.5150881 [navNode-2] 目标位置:(0.0, 0.0, 0.7)-[TakeOff]-[MCU:False]-[POS:False]
1775398194.5151300 [navNode-2] 当前位置:(0.015148811042308807, 0.15978126227855682, 0.21149514615535736)
1775398194.6156297 [navNode-2] [INFO] [1775398194.615288803] [navNode]: 状态2：Takeoff_wait--[TakeOff]
1775398194.6161454 [navNode-2] [INFO] [1775398194.615732617] [navNode]: 未到目标点
1775398194.6162915 [navNode-2] 目标位置:(0.0, 0.0, 0.7)-[TakeOff]-[MCU:False]-[POS:False]
1775398194.6163518 [navNode-2] 当前位置:(0.022672511637210846, 0.17916461825370789, 0.24398916959762573)
1775398194.7148123 [navNode-2] [INFO] [1775398194.714549206] [navNode]: 状态2：Takeoff_wait--[TakeOff]
1775398194.7151539 [navNode-2] [INFO] [1775398194.714911698] [navNode]: 未到目标点
1775398194.7152209 [navNode-2] 目标位置:(0.0, 0.0, 0.7)-[TakeOff]-[MCU:False]-[POS:False]
1775398194.7152603 [navNode-2] 当前位置:(0.028177456930279732, 0.17740607261657715, 0.26517942547798157)
1775398194.8180943 [navNode-2] [INFO] [1775398194.817137260] [navNode]: 状态2：Takeoff_wait--[TakeOff]
1775398194.8186228 [navNode-2] [INFO] [1775398194.817860418] [navNode]: 未到目标点
1775398194.8187082 [navNode-2] 目标位置:(0.0, 0.0, 0.7)-[TakeOff]-[MCU:False]-[POS:False]
1775398194.8187571 [navNode-2] 当前位置:(0.031912267208099365, 0.16298478841781616, 0.286237895488739)
1775398194.9150305 [navNode-2] [INFO] [1775398194.914747972] [navNode]: 状态2：Takeoff_wait--[TakeOff]
1775398194.9154081 [navNode-2] [INFO] [1775398194.915130075] [navNode]: 未到目标点
1775398194.9154956 [navNode-2] 目标位置:(0.0, 0.0, 0.7)-[TakeOff]-[MCU:False]-[POS:False]
1775398194.9155707 [navNode-2] 当前位置:(0.037847258150577545, 0.15131434798240662, 0.3024349510669708)
1775398195.0145128 [navNode-2] [INFO] [1775398195.014177215] [navNode]: 状态2：Takeoff_wait--[TakeOff]
1775398195.0149524 [navNode-2] [INFO] [1775398195.014551578] [navNode]: 未到目标点
1775398195.0150769 [navNode-2] 目标位置:(0.0, 0.0, 0.7)-[TakeOff]-[MCU:False]-[POS:False]
1775398195.0151167 [navNode-2] 当前位置:(0.04325004294514656, 0.14972740411758423, 0.3300949037075043)
1775398195.1151409 [navNode-2] [INFO] [1775398195.114291845] [navNode]: 状态2：Takeoff_wait--[TakeOff]
1775398195.1162262 [navNode-2] [INFO] [1775398195.114855341] [navNode]: 未到目标点
1775398195.1164114 [navNode-2] 目标位置:(0.0, 0.0, 0.7)-[TakeOff]-[MCU:False]-[POS:False]
1775398195.1164756 [navNode-2] 当前位置:(0.04705856740474701, 0.15326575934886932, 0.351798415184021)
1775398195.2156620 [navNode-2] [INFO] [1775398195.215359615] [navNode]: 状态2：Takeoff_wait--[TakeOff]
1775398195.2161915 [navNode-2] [INFO] [1775398195.216057822] [navNode]: 未到目标点
1775398195.2162769 [navNode-2] 目标位置:(0.0, 0.0, 0.7)-[TakeOff]-[MCU:False]-[POS:False]
1775398195.2163124 [navNode-2] 当前位置:(0.051175493746995926, 0.1482870727777481, 0.38087016344070435)
1775398195.3142350 [navNode-2] [INFO] [1775398195.313855151] [navNode]: 状态2：Takeoff_wait--[TakeOff]
1775398195.3157144 [navNode-2] [INFO] [1775398195.315370958] [navNode]: 未到目标点
1775398195.3160117 [navNode-2] 目标位置:(0.0, 0.0, 0.7)-[TakeOff]-[MCU:False]-[POS:False]
1775398195.3161116 [navNode-2] 当前位置:(0.05350273847579956, 0.14596383273601532, 0.41436606645584106)
1775398195.4162490 [navNode-2] [INFO] [1775398195.415961509] [navNode]: 状态2：Takeoff_wait--[TakeOff]
1775398195.4166028 [navNode-2] [INFO] [1775398195.416388932] [navNode]: 未到目标点
1775398195.4166677 [navNode-2] 目标位置:(0.0, 0.0, 0.7)-[TakeOff]-[MCU:False]-[POS:False]
1775398195.4167027 [navNode-2] 当前位置:(0.05537330359220505, 0.1366051584482193, 0.44721555709838867)
1775398195.5153034 [navNode-2] [INFO] [1775398195.514952616] [navNode]: 状态2：Takeoff_wait--[TakeOff]
1775398195.5156775 [navNode-2] [INFO] [1775398195.515391228] [navNode]: 未到目标点
1775398195.5158021 [navNode-2] 目标位置:(0.0, 0.0, 0.7)-[TakeOff]-[MCU:False]-[POS:False]
1775398195.5158517 [navNode-2] 当前位置:(0.05858800187706947, 0.13418108224868774, 0.4753607511520386)
1775398195.6141832 [navNode-2] [INFO] [1775398195.613892273] [navNode]: 状态2：Takeoff_wait--[TakeOff]
1775398195.6145265 [navNode-2] [INFO] [1775398195.614253374] [navNode]: 未到目标点
1775398195.6145992 [navNode-2] 目标位置:(0.0, 0.0, 0.7)-[TakeOff]-[MCU:False]-[POS:False]
1775398195.6146379 [navNode-2] 当前位置:(0.0605461560189724, 0.13872908055782318, 0.5026364922523499)
1775398195.7150526 [navNode-2] [INFO] [1775398195.714043585] [navNode]: 状态2：Takeoff_wait--[TakeOff]
1775398195.7161710 [navNode-2] [INFO] [1775398195.715970431] [navNode]: 未到目标点
1775398195.7163479 [navNode-2] 目标位置:(0.0, 0.0, 0.7)-[TakeOff]-[MCU:False]-[POS:False]
1775398195.7164164 [navNode-2] 当前位置:(0.06307435780763626, 0.13771970570087433, 0.521172046661377)
1775398195.8148897 [navNode-2] [INFO] [1775398195.814611161] [navNode]: 状态2：Takeoff_wait--[TakeOff]
1775398195.8153076 [navNode-2] [INFO] [1775398195.815085905] [navNode]: 未到目标点
1775398195.8155482 [navNode-2] 目标位置:(0.0, 0.0, 0.7)-[TakeOff]-[MCU:False]-[POS:False]
1775398195.8156378 [navNode-2] 当前位置:(0.06349820643663406, 0.13026747107505798, 0.5418755412101746)
1775398195.9149802 [navNode-2] [INFO] [1775398195.914288794] [navNode]: 状态2：Takeoff_wait--[TakeOff]
1775398195.9158492 [navNode-2] [INFO] [1775398195.914793550] [navNode]: 未到目标点
1775398195.9159825 [navNode-2] 目标位置:(0.0, 0.0, 0.7)-[TakeOff]-[MCU:False]-[POS:False]
1775398195.9160697 [navNode-2] 当前位置:(0.06554047018289566, 0.13220727443695068, 0.5565264821052551)
1775398196.0144577 [navNode-2] [INFO] [1775398196.014034198] [navNode]: 状态2：Takeoff_wait--[TakeOff]
1775398196.0151212 [navNode-2] [INFO] [1775398196.014986445] [navNode]: 未到目标点
1775398196.0152745 [navNode-2] 目标位置:(0.0, 0.0, 0.7)-[TakeOff]-[MCU:False]-[POS:False]
1775398196.0153341 [navNode-2] 当前位置:(0.06992118805646896, 0.1381506323814392, 0.5670733451843262)
1775398196.1146595 [navNode-2] [INFO] [1775398196.114327411] [navNode]: 状态2：Takeoff_wait--[TakeOff]
1775398196.1158435 [navNode-2] [INFO] [1775398196.115351192] [navNode]: 未到目标点
1775398196.1160145 [navNode-2] 目标位置:(0.0, 0.0, 0.7)-[TakeOff]-[MCU:False]-[POS:False]
1775398196.1160851 [navNode-2] 当前位置:(0.07158143073320389, 0.13172107934951782, 0.5725919604301453)
1775398196.2150784 [navNode-2] [INFO] [1775398196.214776169] [navNode]: 状态2：Takeoff_wait--[TakeOff]
1775398196.2155526 [navNode-2] [INFO] [1775398196.215213635] [navNode]: 未到目标点
1775398196.2156432 [navNode-2] 目标位置:(0.0, 0.0, 0.7)-[TakeOff]-[MCU:False]-[POS:False]
1775398196.2156899 [navNode-2] 当前位置:(0.07380026578903198, 0.12843932211399078, 0.5783237814903259)
1775398196.3145776 [navNode-2] [INFO] [1775398196.314144622] [navNode]: 状态2：Takeoff_wait--[TakeOff]
1775398196.3152409 [navNode-2] [INFO] [1775398196.314617822] [navNode]: 未到目标点
1775398196.3154421 [navNode-2] 目标位置:(0.0, 0.0, 0.7)-[TakeOff]-[MCU:False]-[POS:False]
1775398196.3155067 [navNode-2] 当前位置:(0.07679402828216553, 0.13351799547672272, 0.5780538320541382)
1775398196.4145944 [navNode-2] [INFO] [1775398196.414204281] [navNode]: 状态2：Takeoff_wait--[TakeOff]
1775398196.4156766 [navNode-2] [INFO] [1775398196.415382619] [navNode]: 未到目标点
1775398196.4158244 [navNode-2] 目标位置:(0.0, 0.0, 0.7)-[TakeOff]-[MCU:False]-[POS:False]
1775398196.4158783 [navNode-2] 当前位置:(0.07889152318239212, 0.13241706788539886, 0.5806685090065002)
1775398196.5145957 [navNode-2] [INFO] [1775398196.514230397] [navNode]: 状态2：Takeoff_wait--[TakeOff]
1775398196.5150034 [navNode-2] [INFO] [1775398196.514709216] [navNode]: 未到目标点
1775398196.5150709 [navNode-2] 目标位置:(0.0, 0.0, 0.7)-[TakeOff]-[MCU:False]-[POS:False]
1775398196.5151117 [navNode-2] 当前位置:(0.08273081481456757, 0.13316470384597778, 0.5841354727745056)
1775398196.6150906 [navNode-2] [INFO] [1775398196.614685850] [navNode]: 状态2：Takeoff_wait--[TakeOff]
1775398196.6158729 [navNode-2] [INFO] [1775398196.615155963] [navNode]: 未到目标点
1775398196.6162391 [navNode-2] 目标位置:(0.0, 0.0, 0.7)-[TakeOff]-[MCU:False]-[POS:False]
1775398196.6163142 [navNode-2] 当前位置:(0.08293496072292328, 0.1240362748503685, 0.5838452577590942)
1775398196.7165725 [navNode-2] [INFO] [1775398196.715527618] [navNode]: 状态2：Takeoff_wait--[TakeOff]
1775398196.7168179 [navNode-2] [INFO] [1775398196.716235191] [navNode]: 未到目标点
1775398196.7168999 [navNode-2] 目标位置:(0.0, 0.0, 0.7)-[TakeOff]-[MCU:False]-[POS:False]
1775398196.7169423 [navNode-2] 当前位置:(0.08605671674013138, 0.12831832468509674, 0.5831172466278076)
1775398196.8150189 [navNode-2] [INFO] [1775398196.814497322] [navNode]: 状态2：Takeoff_wait--[TakeOff]
1775398196.8155015 [navNode-2] [INFO] [1775398196.815021893] [navNode]: 未到目标点
1775398196.8156378 [navNode-2] 目标位置:(0.0, 0.0, 0.7)-[TakeOff]-[MCU:False]-[POS:False]
1775398196.8157184 [navNode-2] 当前位置:(0.0863882303237915, 0.1242811381816864, 0.5831247568130493)
1775398196.9140797 [navNode-2] [INFO] [1775398196.913754988] [navNode]: 状态2：Takeoff_wait--[TakeOff]
1775398196.9144433 [navNode-2] [INFO] [1775398196.914158897] [navNode]: 未到目标点
1775398196.9145193 [navNode-2] 目标位置:(0.0, 0.0, 0.7)-[TakeOff]-[MCU:False]-[POS:False]
1775398196.9145613 [navNode-2] 当前位置:(0.08735743910074234, 0.11895693093538284, 0.5836115479469299)
1775398197.0153542 [navNode-2] [INFO] [1775398197.015020517] [navNode]: 状态2：Takeoff_wait--[TakeOff]
1775398197.0161843 [navNode-2] [INFO] [1775398197.016004671] [navNode]: 未到目标点
1775398197.0163245 [navNode-2] 目标位置:(0.0, 0.0, 0.7)-[TakeOff]-[MCU:False]-[POS:False]
1775398197.0163765 [navNode-2] 当前位置:(0.08912251144647598, 0.12505222856998444, 0.5801423192024231)
1775398197.1155794 [navNode-2] [INFO] [1775398197.114829461] [navNode]: 状态2：Takeoff_wait--[TakeOff]
1775398197.1157639 [navNode-2] [INFO] [1775398197.115300761] [navNode]: 未到目标点
1775398197.1158268 [navNode-2] 目标位置:(0.0, 0.0, 0.7)-[TakeOff]-[MCU:False]-[POS:False]
1775398197.1158602 [navNode-2] 当前位置:(0.09004909545183182, 0.12285757064819336, 0.5854639410972595)
1775398197.2149413 [navNode-2] [INFO] [1775398197.214587294] [navNode]: 状态2：Takeoff_wait--[TakeOff]
1775398197.2153473 [navNode-2] [INFO] [1775398197.215029229] [navNode]: 未到目标点
1775398197.2154150 [navNode-2] 目标位置:(0.0, 0.0, 0.7)-[TakeOff]-[MCU:False]-[POS:False]
1775398197.2154558 [navNode-2] 当前位置:(0.08949671685695648, 0.1155313104391098, 0.5842008590698242)
1775398197.3144977 [navNode-2] [INFO] [1775398197.314169292] [navNode]: 状态2：Takeoff_wait--[TakeOff]
1775398197.3149962 [navNode-2] [INFO] [1775398197.314610900] [navNode]: 未到目标点
1775398197.3150778 [navNode-2] 目标位置:(0.0, 0.0, 0.7)-[TakeOff]-[MCU:False]-[POS:False]
1775398197.3151221 [navNode-2] 当前位置:(0.08884677290916443, 0.10069028288125992, 0.5860064029693604)
1775398197.4154871 [navNode-2] [INFO] [1775398197.414526449] [navNode]: 状态2：Takeoff_wait--[TakeOff]
1775398197.4175401 [navNode-2] [INFO] [1775398197.417272727] [navNode]: 未到目标点
1775398197.4177015 [navNode-2] 目标位置:(0.0, 0.0, 0.7)-[TakeOff]-[MCU:False]-[POS:False]
1775398197.4177492 [navNode-2] 当前位置:(0.08947739005088806, 0.10160716623067856, 0.5842199325561523)
1775398197.5141773 [navNode-2] [INFO] [1775398197.513903864] [navNode]: 状态2：Takeoff_wait--[TakeOff]
1775398197.5152118 [navNode-2] [INFO] [1775398197.515023013] [navNode]: 未到目标点
1775398197.5153508 [navNode-2] 目标位置:(0.0, 0.0, 0.7)-[TakeOff]-[MCU:False]-[POS:False]
1775398197.5154006 [navNode-2] 当前位置:(0.09159572422504425, 0.10741081088781357, 0.5886608958244324)
1775398197.6160638 [navNode-2] [INFO] [1775398197.615674932] [navNode]: 状态2：Takeoff_wait--[TakeOff]
1775398197.6164472 [navNode-2] [INFO] [1775398197.616050122] [navNode]: 未到目标点
1775398197.6165140 [navNode-2] 目标位置:(0.0, 0.0, 0.7)-[TakeOff]-[MCU:False]-[POS:False]
1775398197.6165555 [navNode-2] 当前位置:(0.09043669700622559, 0.10356570780277252, 0.5931793451309204)
1775398197.7152259 [navNode-2] [INFO] [1775398197.714921947] [navNode]: 状态2：Takeoff_wait--[TakeOff]
1775398197.7164614 [navNode-2] [INFO] [1775398197.716201984] [navNode]: 未到目标点
1775398197.7166533 [navNode-2] 目标位置:(0.0, 0.0, 0.7)-[TakeOff]-[MCU:False]-[POS:False]
1775398197.7167156 [navNode-2] 当前位置:(0.0901506170630455, 0.10686582326889038, 0.5927619338035583)
1775398197.8157997 [navNode-2] [INFO] [1775398197.814740126] [navNode]: 状态2：Takeoff_wait--[TakeOff]
1775398197.8169863 [navNode-2] [INFO] [1775398197.816701750] [navNode]: 未到目标点
1775398197.8171291 [navNode-2] 目标位置:(0.0, 0.0, 0.7)-[TakeOff]-[MCU:False]-[POS:False]
1775398197.8171813 [navNode-2] 当前位置:(0.09015178680419922, 0.10300493240356445, 0.5979319214820862)
1775398197.9141426 [navNode-2] [INFO] [1775398197.913810029] [navNode]: 状态2：Takeoff_wait--[TakeOff]
1775398197.9157825 [navNode-2] [INFO] [1775398197.915491482] [navNode]: 未到目标点
1775398197.9159780 [navNode-2] 目标位置:(0.0, 0.0, 0.7)-[TakeOff]-[MCU:False]-[POS:False]
1775398197.9160321 [navNode-2] 当前位置:(0.08912542462348938, 0.10126250237226486, 0.6038379073143005)
1775398198.0149913 [navNode-2] [INFO] [1775398198.014489239] [navNode]: 状态2：Takeoff_wait--[TakeOff]
1775398198.0169938 [navNode-2] [INFO] [1775398198.016558294] [navNode]: 未到目标点
1775398198.0171988 [navNode-2] 目标位置:(0.0, 0.0, 0.7)-[TakeOff]-[MCU:False]-[POS:False]
1775398198.0173454 [navNode-2] 当前位置:(0.08662029355764389, 0.09898518025875092, 0.6076438426971436)
1775398198.1149082 [navNode-2] [INFO] [1775398198.114496492] [navNode]: 状态2：Takeoff_wait--[TakeOff]
1775398198.1154881 [navNode-2] [INFO] [1775398198.115278149] [navNode]: 未到目标点
1775398198.1156135 [navNode-2] 目标位置:(0.0, 0.0, 0.7)-[TakeOff]-[MCU:False]-[POS:False]
1775398198.1156826 [navNode-2] 当前位置:(0.08587201684713364, 0.09537405520677567, 0.6091121435165405)
1775398198.2153966 [navNode-2] [INFO] [1775398198.215054028] [navNode]: 状态2：Takeoff_wait--[TakeOff]
1775398198.2158082 [navNode-2] [INFO] [1775398198.215558924] [navNode]: 未到目标点
1775398198.2158859 [navNode-2] 目标位置:(0.0, 0.0, 0.7)-[TakeOff]-[MCU:False]-[POS:False]
1775398198.2159350 [navNode-2] 当前位置:(0.0854138731956482, 0.09516549110412598, 0.6149842739105225)
1775398198.3149803 [navNode-2] [INFO] [1775398198.314470044] [navNode]: 状态2：Takeoff_wait--[TakeOff]
1775398198.3161614 [navNode-2] [INFO] [1775398198.315842490] [navNode]: 未到目标点
1775398198.3163390 [navNode-2] 目标位置:(0.0, 0.0, 0.7)-[TakeOff]-[MCU:False]-[POS:False]
1775398198.3164387 [navNode-2] 当前位置:(0.0833737850189209, 0.08999752253293991, 0.6197222471237183)
1775398198.4148571 [navNode-2] [INFO] [1775398198.414283531] [navNode]: 状态2：Takeoff_wait--[TakeOff]
1775398198.4162989 [navNode-2] [INFO] [1775398198.416112689] [navNode]: 未到目标点
1775398198.4164536 [navNode-2] 目标位置:(0.0, 0.0, 0.7)-[TakeOff]-[MCU:False]-[POS:False]
1775398198.4165223 [navNode-2] 当前位置:(0.08301359415054321, 0.08827140182256699, 0.6229493021965027)
1775398198.5147412 [navNode-2] [INFO] [1775398198.514049977] [navNode]: 状态2：Takeoff_wait--[TakeOff]
1775398198.5149722 [navNode-2] [INFO] [1775398198.514424576] [navNode]: 未到目标点
1775398198.5150313 [navNode-2] 目标位置:(0.0, 0.0, 0.7)-[TakeOff]-[MCU:False]-[POS:False]
1775398198.5150676 [navNode-2] 当前位置:(0.0797993540763855, 0.09130427986383438, 0.6244685649871826)
1775398198.6147659 [navNode-2] [INFO] [1775398198.614138503] [navNode]: 状态2：Takeoff_wait--[TakeOff]
1775398198.6164808 [navNode-2] [INFO] [1775398198.614632631] [navNode]: 未到目标点
1775398198.6167915 [navNode-2] 目标位置:(0.0, 0.0, 0.7)-[TakeOff]-[MCU:False]-[POS:False]
1775398198.6168573 [navNode-2] 当前位置:(0.07819541543722153, 0.09024808555841446, 0.6273562908172607)
1775398198.7163799 [navNode-2] [INFO] [1775398198.715730147] [navNode]: 状态2：Takeoff_wait--[TakeOff]
1775398198.7168274 [navNode-2] [INFO] [1775398198.716157141] [navNode]: 未到目标点
1775398198.7169285 [navNode-2] 目标位置:(0.0, 0.0, 0.7)-[TakeOff]-[MCU:False]-[POS:False]
1775398198.7169874 [navNode-2] 当前位置:(0.0772605836391449, 0.09056887775659561, 0.6337199807167053)
1775398198.8143823 [navNode-2] [INFO] [1775398198.814052414] [navNode]: 状态2：Takeoff_wait--[TakeOff]
1775398198.8148398 [navNode-2] [INFO] [1775398198.814471289] [navNode]: 未到目标点
1775398198.8149548 [navNode-2] 目标位置:(0.0, 0.0, 0.7)-[TakeOff]-[MCU:False]-[POS:False]
1775398198.8150089 [navNode-2] 当前位置:(0.07731970399618149, 0.09837166965007782, 0.6372126340866089)
1775398198.9145336 [navNode-2] [INFO] [1775398198.914213615] [navNode]: 状态2：Takeoff_wait--[TakeOff]
1775398198.9149973 [navNode-2] [INFO] [1775398198.914631662] [navNode]: 未到目标点
1775398198.9150829 [navNode-2] 目标位置:(0.0, 0.0, 0.7)-[TakeOff]-[MCU:False]-[POS:False]
1775398198.9151242 [navNode-2] 当前位置:(0.07611612230539322, 0.09097903966903687, 0.6335118412971497)
1775398199.0161264 [navNode-2] [INFO] [1775398199.015749575] [navNode]: 状态2：Takeoff_wait--[TakeOff]
1775398199.0164726 [navNode-2] [INFO] [1775398199.016137326] [navNode]: 未到目标点
1775398199.0165412 [navNode-2] 目标位置:(0.0, 0.0, 0.7)-[TakeOff]-[MCU:False]-[POS:False]
1775398199.0165780 [navNode-2] 当前位置:(0.07415879517793655, 0.08756331354379654, 0.6422960162162781)
1775398199.1146026 [navNode-2] [INFO] [1775398199.114036138] [navNode]: 状态2：Takeoff_wait--[TakeOff]
1775398199.1150413 [navNode-2] [INFO] [1775398199.114536225] [navNode]: 未到目标点
1775398199.1151333 [navNode-2] 目标位置:(0.0, 0.0, 0.7)-[TakeOff]-[MCU:False]-[POS:False]
1775398199.1152253 [navNode-2] 当前位置:(0.07159897685050964, 0.08396800607442856, 0.6470966339111328)
1775398199.2146096 [navNode-2] [INFO] [1775398199.214273782] [navNode]: 状态2：Takeoff_wait--[TakeOff]
1775398199.2150347 [navNode-2] [INFO] [1775398199.214653068] [navNode]: 未到目标点
1775398199.2151461 [navNode-2] 目标位置:(0.0, 0.0, 0.7)-[TakeOff]-[MCU:False]-[POS:False]
1775398199.2152309 [navNode-2] 当前位置:(0.06902582198381424, 0.08517365902662277, 0.6464359164237976)
1775398199.3165102 [navNode-2] [INFO] [1775398199.316109534] [navNode]: 状态2：Takeoff_wait--[TakeOff]
1775398199.3170438 [navNode-2] [INFO] [1775398199.316633014] [navNode]: 未到目标点
1775398199.3171668 [navNode-2] 目标位置:(0.0, 0.0, 0.7)-[TakeOff]-[MCU:False]-[POS:False]
1775398199.3172381 [navNode-2] 当前位置:(0.06780190020799637, 0.08457519114017487, 0.6533663272857666)
1775398199.4142756 [navNode-2] [INFO] [1775398199.413994452] [navNode]: 状态2：Takeoff_wait--[TakeOff]
1775398199.4146447 [navNode-2] [INFO] [1775398199.414444119] [navNode]: 未到目标点
1775398199.4147303 [navNode-2] 目标位置:(0.0, 0.0, 0.7)-[TakeOff]-[MCU:False]-[POS:False]
1775398199.4147730 [navNode-2] 当前位置:(0.06586512923240662, 0.07937788963317871, 0.6548898816108704)
1775398199.5145741 [navNode-2] [INFO] [1775398199.514286924] [navNode]: 状态2：Takeoff_wait--[TakeOff]
1775398199.5155096 [navNode-2] [INFO] [1775398199.515346408] [navNode]: 未到目标点
1775398199.5156543 [navNode-2] 目标位置:(0.0, 0.0, 0.7)-[TakeOff]-[MCU:False]-[POS:False]
1775398199.5157192 [navNode-2] 当前位置:(0.06477773189544678, 0.07973120361566544, 0.6568812727928162)
1775398199.6148896 [navNode-2] [INFO] [1775398199.614502989] [navNode]: 状态2：Takeoff_wait--[TakeOff]
1775398199.6154253 [navNode-2] [INFO] [1775398199.615278635] [navNode]: 未到目标点
1775398199.6155434 [navNode-2] 目标位置:(0.0, 0.0, 0.7)-[TakeOff]-[MCU:False]-[POS:False]
1775398199.6156147 [navNode-2] 当前位置:(0.061573244631290436, 0.07184531539678574, 0.6585169434547424)
1775398199.7155871 [navNode-2] [INFO] [1775398199.715280340] [navNode]: 状态2：Takeoff_wait--[TakeOff]
1775398199.7159858 [navNode-2] [INFO] [1775398199.715753427] [navNode]: 未到目标点
1775398199.7160830 [navNode-2] 目标位置:(0.0, 0.0, 0.7)-[TakeOff]-[MCU:False]-[POS:False]
1775398199.7161317 [navNode-2] 当前位置:(0.05929138883948326, 0.07244013994932175, 0.6602299213409424)
1775398199.7569721 [navNode-2] [INFO] [1775398199.756218123] [navNode]: MCU2 send back: Gdone*
1775398199.7572176 [navNode-2] [INFO] [1775398199.756615909] [navNode]: mcu:已到目标点-[TakeOff]
1775398199.7588816 [myMain-1] [INFO] [1775398199.758437766] [Ground]: MCU2 send back: Gdone*
1775398199.8146591 [navNode-2] [INFO] [1775398199.814250495] [navNode]: 状态2：Takeoff_wait--[TakeOff]
1775398199.8151021 [navNode-2] [INFO] [1775398199.814775984] [navNode]: 已到目标点
1775398199.8151772 [navNode-2] 目标位置:TakeOff:(0.0, 0.0, 0.7)-[TakeOff]-[MCU:True]-[POS:False]
1775398199.8152184 [navNode-2] 当前位置:(0.057398151606321335, 0.07140402495861053, 0.6623592972755432)
1775398199.8153160 [navNode-2] 
1775398199.9165256 [navNode-2] [INFO] [1775398199.915747425] [navNode]: 状态3：SetAim--[TakeOff]
1775398199.9284511 [navNode-2] [INFO] [1775398199.927932670] [navNode]: G+00000+00000+07000 发送成功 → 飞行站已调用：G+00000+00000+07000服务
1775398199.9558346 [navNode-2] [INFO] [1775398199.955524775] [navNode]: MCU2 send back: +00000+00000+07000
1775398199.9564073 [myMain-1] [INFO] [1775398199.956257050] [Ground]: MCU2 send back: +00000+00000+07000
1775398200.0179548 [navNode-2] [INFO] [1775398200.017069605] [navNode]: 状态4：WaitAim--[TakeOff]
1775398200.0182123 [navNode-2] [INFO] [1775398200.017587748] [navNode]: 未到目标点
1775398200.0183032 [navNode-2] 目标位置:(0.0, 0.0, 0.7)-[TakeOff]-[MCU:False]-[POS:False]
1775398200.0183532 [navNode-2] 当前位置:(0.055047087371349335, 0.06771130859851837, 0.6615610718727112)
1775398200.0388682 [myMain-1] [INFO] [1775398200.038529676] [Ground]: MCU2 send back: Gdoing*
1775398200.0392873 [navNode-2] [INFO] [1775398200.039090617] [navNode]: MCU2 send back: Gdoing*
1775398200.1157382 [navNode-2] [INFO] [1775398200.114749530] [navNode]: 状态4：WaitAim--[TakeOff]
1775398200.1160245 [navNode-2] [INFO] [1775398200.115295696] [navNode]: 未到目标点
1775398200.1161063 [navNode-2] 目标位置:(0.0, 0.0, 0.7)-[TakeOff]-[MCU:False]-[POS:False]
1775398200.1161563 [navNode-2] 当前位置:(0.05272330343723297, 0.06531324237585068, 0.6622286438941956)
1775398200.1569541 [myMain-1] [INFO] [1775398200.156579004] [Ground]: MCU2 send back: Gdoing*
1775398200.1575117 [navNode-2] [INFO] [1775398200.156763648] [navNode]: MCU2 send back: Gdoing*
1775398200.2157948 [navNode-2] [INFO] [1775398200.214831917] [navNode]: 状态4：WaitAim--[TakeOff]
1775398200.2160242 [navNode-2] [INFO] [1775398200.215338395] [navNode]: 未到目标点
1775398200.2160866 [navNode-2] 目标位置:(0.0, 0.0, 0.7)-[TakeOff]-[MCU:False]-[POS:False]
1775398200.2161322 [navNode-2] 当前位置:(0.051306962966918945, 0.06779874861240387, 0.6632003784179688)
1775398200.2774131 [myMain-1] [INFO] [1775398200.277074011] [Ground]: MCU2 send back: Gdoing*
1775398200.2778463 [navNode-2] [INFO] [1775398200.277253408] [navNode]: MCU2 send back: Gdoing*
1775398200.3149457 [navNode-2] [INFO] [1775398200.314077293] [navNode]: 状态4：WaitAim--[TakeOff]
1775398200.3151801 [navNode-2] [INFO] [1775398200.314584259] [navNode]: 未到目标点
1775398200.3152556 [navNode-2] 目标位置:(0.0, 0.0, 0.7)-[TakeOff]-[MCU:False]-[POS:False]
1775398200.3153033 [navNode-2] 当前位置:(0.0504806824028492, 0.06653426587581635, 0.6650829911231995)
1775398200.3985288 [navNode-2] [INFO] [1775398200.398065282] [navNode]: MCU2 send back: Gdoing*
1775398200.3990176 [myMain-1] [INFO] [1775398200.398073884] [Ground]: MCU2 send back: Gdoing*
1775398200.4149992 [navNode-2] [INFO] [1775398200.414537482] [navNode]: 状态4：WaitAim--[TakeOff]
1775398200.4154594 [navNode-2] [INFO] [1775398200.415002636] [navNode]: 未到目标点
1775398200.4155595 [navNode-2] 目标位置:(0.0, 0.0, 0.7)-[TakeOff]-[MCU:False]-[POS:False]
1775398200.4156110 [navNode-2] 当前位置:(0.04833723604679108, 0.06184465438127518, 0.6634066104888916)
1775398200.5147336 [navNode-2] [INFO] [1775398200.514386375] [navNode]: 状态4：WaitAim--[TakeOff]
1775398200.5152063 [navNode-2] [INFO] [1775398200.514858981] [navNode]: 未到目标点
1775398200.5152957 [navNode-2] 目标位置:(0.0, 0.0, 0.7)-[TakeOff]-[MCU:False]-[POS:False]
1775398200.5153456 [navNode-2] 当前位置:(0.04684954881668091, 0.059480585157871246, 0.6650527119636536)
1775398200.5172310 [myMain-1] [INFO] [1775398200.516995419] [Ground]: MCU2 send back: Gdoing*
1775398200.5176356 [navNode-2] [INFO] [1775398200.517115100] [navNode]: MCU2 send back: Gdoing*
1775398200.6149950 [navNode-2] [INFO] [1775398200.614637412] [navNode]: 状态4：WaitAim--[TakeOff]
1775398200.6153882 [navNode-2] [INFO] [1775398200.615111699] [navNode]: 未到目标点
1775398200.6154535 [navNode-2] 目标位置:(0.0, 0.0, 0.7)-[TakeOff]-[MCU:False]-[POS:False]
1775398200.6154971 [navNode-2] 当前位置:(0.04692621901631355, 0.05679290369153023, 0.6654137969017029)
1775398200.6376588 [myMain-1] [INFO] [1775398200.637337645] [Ground]: MCU2 send back: Gdoing*
1775398200.6379614 [navNode-2] [INFO] [1775398200.637347637] [navNode]: MCU2 send back: Gdoing*
1775398200.7153759 [navNode-2] [INFO] [1775398200.714562032] [navNode]: 状态4：WaitAim--[TakeOff]
1775398200.7157245 [navNode-2] [INFO] [1775398200.715137236] [navNode]: 未到目标点
1775398200.7158220 [navNode-2] 目标位置:(0.0, 0.0, 0.7)-[TakeOff]-[MCU:False]-[POS:False]
1775398200.7158792 [navNode-2] 当前位置:(0.046785131096839905, 0.05618172138929367, 0.6655385494232178)
1775398200.7571759 [navNode-2] [INFO] [1775398200.756750594] [navNode]: MCU2 send back: Gdoing*
1775398200.7575343 [myMain-1] [INFO] [1775398200.756797072] [Ground]: MCU2 send back: Gdoing*
1775398200.8154094 [navNode-2] [INFO] [1775398200.814984973] [navNode]: 状态4：WaitAim--[TakeOff]
1775398200.8158808 [navNode-2] [INFO] [1775398200.815565784] [navNode]: 未到目标点
1775398200.8159993 [navNode-2] 目标位置:(0.0, 0.0, 0.7)-[TakeOff]-[MCU:False]-[POS:False]
1775398200.8160613 [navNode-2] 当前位置:(0.04513660445809364, 0.055734556168317795, 0.6667754650115967)
1775398200.8805425 [myMain-1] [INFO] [1775398200.879755077] [Ground]: MCU2 send back: Gdoing*
1775398200.8810775 [navNode-2] [INFO] [1775398200.880010573] [navNode]: MCU2 send back: Gdoing*
1775398200.9144287 [navNode-2] [INFO] [1775398200.914080291] [navNode]: 状态4：WaitAim--[TakeOff]
1775398200.9148648 [navNode-2] [INFO] [1775398200.914650598] [navNode]: 未到目标点
1775398200.9150398 [navNode-2] 目标位置:(0.0, 0.0, 0.7)-[TakeOff]-[MCU:False]-[POS:False]
1775398200.9151056 [navNode-2] 当前位置:(0.04365949705243111, 0.05497024580836296, 0.6685099005699158)
1775398200.9987309 [myMain-1] [INFO] [1775398200.998004824] [Ground]: MCU2 send back: Gdoing*
1775398200.9991355 [navNode-2] [INFO] [1775398200.998240524] [navNode]: MCU2 send back: Gdoing*
1775398201.0145202 [navNode-2] [INFO] [1775398201.014189920] [navNode]: 状态4：WaitAim--[TakeOff]
1775398201.0150070 [navNode-2] [INFO] [1775398201.014754794] [navNode]: 未到目标点
1775398201.0150921 [navNode-2] 目标位置:(0.0, 0.0, 0.7)-[TakeOff]-[MCU:False]-[POS:False]
1775398201.0151408 [navNode-2] 当前位置:(0.042566992342472076, 0.054619815200567245, 0.6703515648841858)
1775398201.1155243 [navNode-2] [INFO] [1775398201.114843539] [navNode]: 状态4：WaitAim--[TakeOff]
1775398201.1157448 [navNode-2] [INFO] [1775398201.115256089] [navNode]: 未到目标点
1775398201.1162336 [navNode-2] 目标位置:(0.0, 0.0, 0.7)-[TakeOff]-[MCU:False]-[POS:False]
1775398201.1164494 [navNode-2] 当前位置:(0.04222380369901657, 0.051143743097782135, 0.6686784625053406)
1775398201.1187804 [navNode-2] [INFO] [1775398201.118020974] [navNode]: MCU2 send back: Gdoing*
1775398201.1190984 [myMain-1] [INFO] [1775398201.118545320] [Ground]: MCU2 send back: Gdoing*
1775398201.2144027 [navNode-2] [INFO] [1775398201.213768036] [navNode]: 状态4：WaitAim--[TakeOff]
1775398201.2146440 [navNode-2] [INFO] [1775398201.214175854] [navNode]: 未到目标点
1775398201.2147310 [navNode-2] 目标位置:(0.0, 0.0, 0.7)-[TakeOff]-[MCU:False]-[POS:False]
1775398201.2147806 [navNode-2] 当前位置:(0.04040921851992607, 0.050335995852947235, 0.6690531373023987)
1775398201.2389481 [navNode-2] [INFO] [1775398201.238318660] [navNode]: MCU2 send back: Gdoing*
1775398201.2393172 [myMain-1] [INFO] [1775398201.238319052] [Ground]: MCU2 send back: Gdoing*
1775398201.3162220 [navNode-2] [INFO] [1775398201.315745913] [navNode]: 状态4：WaitAim--[TakeOff]
1775398201.3168466 [navNode-2] [INFO] [1775398201.316388874] [navNode]: 未到目标点
1775398201.3169534 [navNode-2] 目标位置:(0.0, 0.0, 0.7)-[TakeOff]-[MCU:False]-[POS:False]
1775398201.3170133 [navNode-2] 当前位置:(0.03885074704885483, 0.05062735453248024, 0.6697336435317993)
1775398201.3590913 [navNode-2] [INFO] [1775398201.358427888] [navNode]: MCU2 send back: Gdone*
1775398201.3594992 [myMain-1] [INFO] [1775398201.358699972] [Ground]: MCU2 send back: Gdone*
1775398201.3596890 [navNode-2] [INFO] [1775398201.358868147] [navNode]: mcu:已到目标点-[TakeOff]
1775398201.4165039 [navNode-2] [INFO] [1775398201.416072226] [navNode]: 状态4：WaitAim--[TakeOff]
1775398201.4169378 [navNode-2] [INFO] [1775398201.416569953] [navNode]: 已到目标点
1775398201.4170320 [navNode-2] 目标位置:TakeOff:(0.0, 0.0, 0.7)-[TakeOff]-[MCU:True]-[POS:True]
1775398201.4170778 [navNode-2] 当前位置:(0.03681328892707825, 0.04872431978583336, 0.6707394123077393)
1775398201.4171224 [navNode-2] 
1775398201.5148311 [navNode-2] [INFO] [1775398201.514466343] [navNode]: 状态5：ArriveAim--[TakeOff]
1775398201.6162548 [navNode-2] [INFO] [1775398201.615538331] [navNode]: 状态3：SetAim--[TakeOff]
1775398201.6290007 [navNode-2] [INFO] [1775398201.628723212] [navNode]: G-02500+07500+08000 发送成功 → 飞行站已调用：G-02500+07500+08000服务
1775398201.6557808 [myMain-1] [INFO] [1775398201.655400336] [Ground]: MCU2 send back: -02500+07500+08000
1775398201.6561909 [navNode-2] [INFO] [1775398201.655613445] [navNode]: MCU2 send back: -02500+07500+08000
1775398201.7145813 [navNode-2] [INFO] [1775398201.714282780] [navNode]: 状态4：WaitAim--[A6]
1775398201.7149878 [navNode-2] [INFO] [1775398201.714740083] [navNode]: 未到目标点
1775398201.7150624 [navNode-2] 目标位置:(-0.25, 0.75, 0.8)-[A6]-[MCU:False]-[POS:False]
1775398201.7151067 [navNode-2] 当前位置:(0.03324338048696518, 0.04499882832169533, 0.6734039783477783)
1775398201.7390983 [navNode-2] [INFO] [1775398201.738726096] [navNode]: MCU2 send back: Gdoing*
1775398201.7394626 [myMain-1] [INFO] [1775398201.738823509] [Ground]: MCU2 send back: Gdoing*
1775398201.8151550 [navNode-2] [INFO] [1775398201.814808961] [navNode]: 状态4：WaitAim--[A6]
1775398201.8157067 [navNode-2] [INFO] [1775398201.815319607] [navNode]: 未到目标点
1775398201.8158333 [navNode-2] 目标位置:(-0.25, 0.75, 0.8)-[A6]-[MCU:False]-[POS:False]
1775398201.8158841 [navNode-2] 当前位置:(0.030823705717921257, 0.043618474155664444, 0.6703570485115051)
1775398201.8590748 [myMain-1] [INFO] [1775398201.858757110] [Ground]: MCU2 send back: Gdoing*
1775398201.8598108 [navNode-2] [INFO] [1775398201.859627743] [navNode]: MCU2 send back: Gdoing*
1775398201.9148600 [navNode-2] [INFO] [1775398201.914383287] [navNode]: 状态4：WaitAim--[A6]
1775398201.9152603 [navNode-2] [INFO] [1775398201.914926036] [navNode]: 未到目标点
1775398201.9153869 [navNode-2] 目标位置:(-0.25, 0.75, 0.8)-[A6]-[MCU:False]-[POS:False]
1775398201.9154477 [navNode-2] 当前位置:(0.02709539607167244, 0.047267209738492966, 0.6744484305381775)
1775398201.9805934 [navNode-2] [INFO] [1775398201.980162071] [navNode]: MCU2 send back: Gdoing*
1775398201.9811637 [myMain-1] [INFO] [1775398201.980237530] [Ground]: MCU2 send back: Gdoing*
1775398202.0142388 [navNode-2] [INFO] [1775398202.013937807] [navNode]: 状态4：WaitAim--[A6]
1775398202.0146403 [navNode-2] [INFO] [1775398202.014387768] [navNode]: 未到目标点
1775398202.0148251 [navNode-2] 目标位置:(-0.25, 0.75, 0.8)-[A6]-[MCU:False]-[POS:False]
1775398202.0148988 [navNode-2] 当前位置:(0.023401793092489243, 0.050899580121040344, 0.6824777722358704)
1775398202.1005208 [myMain-1] [INFO] [1775398202.100157405] [Ground]: MCU2 send back: Gdoing*
1775398202.1014163 [navNode-2] [INFO] [1775398202.101193101] [navNode]: MCU2 send back: Gdoing*
1775398202.1148584 [navNode-2] [INFO] [1775398202.114478376] [navNode]: 状态4：WaitAim--[A6]
1775398202.1153190 [navNode-2] [INFO] [1775398202.115023414] [navNode]: 未到目标点
1775398202.1154094 [navNode-2] 目标位置:(-0.25, 0.75, 0.8)-[A6]-[MCU:False]-[POS:False]
1775398202.1154554 [navNode-2] 当前位置:(0.018870778381824493, 0.05281655117869377, 0.6892077326774597)
1775398202.2144954 [navNode-2] [INFO] [1775398202.214151936] [navNode]: 状态4：WaitAim--[A6]
1775398202.2150321 [navNode-2] [INFO] [1775398202.214656383] [navNode]: 未到目标点
1775398202.2151408 [navNode-2] 目标位置:(-0.25, 0.75, 0.8)-[A6]-[MCU:False]-[POS:False]
1775398202.2151930 [navNode-2] 当前位置:(0.0100331399589777, 0.06189236044883728, 0.697353720664978)
1775398202.2208757 [myMain-1] [INFO] [1775398202.220418319] [Ground]: MCU2 send back: Gdoing*
1775398202.2214322 [navNode-2] [INFO] [1775398202.221039411] [navNode]: MCU2 send back: Gdoing*
1775398202.3142891 [navNode-2] [INFO] [1775398202.313912687] [navNode]: 状态4：WaitAim--[A6]
1775398202.3147972 [navNode-2] [INFO] [1775398202.314403970] [navNode]: 未到目标点
1775398202.3149173 [navNode-2] 目标位置:(-0.25, 0.75, 0.8)-[A6]-[MCU:False]-[POS:False]
1775398202.3149917 [navNode-2] 当前位置:(-0.0009508936200290918, 0.07638287544250488, 0.7043052315711975)
1775398202.3400037 [navNode-2] [INFO] [1775398202.339606355] [navNode]: MCU2 send back: Gdoing*
1775398202.3404872 [myMain-1] [INFO] [1775398202.340327605] [Ground]: MCU2 send back: Gdoing*
1775398202.4150860 [navNode-2] [INFO] [1775398202.414611088] [navNode]: 状态4：WaitAim--[A6]
1775398202.4155862 [navNode-2] [INFO] [1775398202.415205230] [navNode]: 未到目标点
1775398202.4158597 [navNode-2] 目标位置:(-0.25, 0.75, 0.8)-[A6]-[MCU:False]-[POS:False]
1775398202.4159145 [navNode-2] 当前位置:(-0.01195081789046526, 0.08766253292560577, 0.7110803127288818)
1775398202.4610827 [navNode-2] [INFO] [1775398202.460002119] [navNode]: MCU2 send back: Gdoing*
1775398202.4614930 [myMain-1] [INFO] [1775398202.460818295] [Ground]: MCU2 send back: Gdoing*
1775398202.5139709 [navNode-2] [INFO] [1775398202.513669062] [navNode]: 状态4：WaitAim--[A6]
1775398202.5144374 [navNode-2] [INFO] [1775398202.514184148] [navNode]: 未到目标点
1775398202.5145168 [navNode-2] 目标位置:(-0.25, 0.75, 0.8)-[A6]-[MCU:False]-[POS:False]
1775398202.5145631 [navNode-2] 当前位置:(-0.029342977330088615, 0.11369232088327408, 0.7218629121780396)
1775398202.5827997 [myMain-1] [INFO] [1775398202.581242201] [Ground]: MCU2 send back: Gdoing*
1775398202.5833580 [navNode-2] [INFO] [1775398202.581450140] [navNode]: MCU2 send back: Gdoing*
1775398202.6146894 [navNode-2] [INFO] [1775398202.613761692] [navNode]: 状态4：WaitAim--[A6]
1775398202.6148925 [navNode-2] [INFO] [1775398202.614292397] [navNode]: 未到目标点
1775398202.6149464 [navNode-2] 目标位置:(-0.25, 0.75, 0.8)-[A6]-[MCU:False]-[POS:False]
1775398202.6149890 [navNode-2] 当前位置:(-0.04649748653173447, 0.13034385442733765, 0.7284077405929565)
1775398202.7016621 [myMain-1] [INFO] [1775398202.701283174] [Ground]: MCU2 send back: Gdoing*
1775398202.7021108 [navNode-2] [INFO] [1775398202.701942078] [navNode]: MCU2 send back: Gdoing*
1775398202.7161040 [navNode-2] [INFO] [1775398202.714984295] [navNode]: 状态4：WaitAim--[A6]
1775398202.7166116 [navNode-2] [INFO] [1775398202.715679531] [navNode]: 未到目标点
1775398202.7167044 [navNode-2] 目标位置:(-0.25, 0.75, 0.8)-[A6]-[MCU:False]-[POS:False]
1775398202.7167573 [navNode-2] 当前位置:(-0.06337215006351471, 0.15142221748828888, 0.7345358729362488)
1775398202.8153155 [navNode-2] [INFO] [1775398202.814322517] [navNode]: 状态4：WaitAim--[A6]
1775398202.8156590 [navNode-2] [INFO] [1775398202.814908781] [navNode]: 未到目标点
1775398202.8158031 [navNode-2] 目标位置:(-0.25, 0.75, 0.8)-[A6]-[MCU:False]-[POS:False]
1775398202.8158998 [navNode-2] 当前位置:(-0.08038406819105148, 0.17589765787124634, 0.7408542037010193)
1775398202.8221624 [navNode-2] [INFO] [1775398202.821181784] [navNode]: MCU2 send back: Gdoing*
1775398202.8225589 [myMain-1] [INFO] [1775398202.821961333] [Ground]: MCU2 send back: Gdoing*
1775398202.9155817 [navNode-2] [INFO] [1775398202.914406764] [navNode]: 状态4：WaitAim--[A6]
1775398202.9166327 [navNode-2] [INFO] [1775398202.916057924] [navNode]: 未到目标点
1775398202.9167676 [navNode-2] 目标位置:(-0.25, 0.75, 0.8)-[A6]-[MCU:False]-[POS:False]
1775398202.9168200 [navNode-2] 当前位置:(-0.09533875435590744, 0.19645565748214722, 0.7447678446769714)
1775398202.9403026 [navNode-2] [INFO] [1775398202.940017358] [navNode]: MCU2 send back: Gdoing*
1775398202.9407084 [myMain-1] [INFO] [1775398202.940495001] [Ground]: MCU2 send back: Gdoing*
1775398203.0148685 [navNode-2] [INFO] [1775398203.013987239] [navNode]: 状态4：WaitAim--[A6]
1775398203.0150840 [navNode-2] [INFO] [1775398203.014446558] [navNode]: 未到目标点
1775398203.0151720 [navNode-2] 目标位置:(-0.25, 0.75, 0.8)-[A6]-[MCU:False]-[POS:False]
1775398203.0152173 [navNode-2] 当前位置:(-0.11087306588888168, 0.22267821431159973, 0.7482680678367615)
1775398203.0610919 [navNode-2] [INFO] [1775398203.060500637] [navNode]: MCU2 send back: Gdoing*
1775398203.0615480 [myMain-1] [INFO] [1775398203.060556480] [Ground]: MCU2 send back: Gdoing*
1775398203.1147504 [navNode-2] [INFO] [1775398203.114267324] [navNode]: 状态4：WaitAim--[A6]
1775398203.1152186 [navNode-2] [INFO] [1775398203.114805933] [navNode]: 未到目标点
1775398203.1153259 [navNode-2] 目标位置:(-0.25, 0.75, 0.8)-[A6]-[MCU:False]-[POS:False]
1775398203.1153860 [navNode-2] 当前位置:(-0.12750554084777832, 0.2449314296245575, 0.7535619139671326)
1775398203.1840677 [myMain-1] [INFO] [1775398203.182390367] [Ground]: MCU2 send back: Gdoing*
1775398203.1845648 [navNode-2] [INFO] [1775398203.183733934] [navNode]: MCU2 send back: Gdoing*
1775398203.2157788 [navNode-2] [INFO] [1775398203.215393114] [navNode]: 状态4：WaitAim--[A6]
1775398203.2162979 [navNode-2] [INFO] [1775398203.215899816] [navNode]: 未到目标点
1775398203.2164237 [navNode-2] 目标位置:(-0.25, 0.75, 0.8)-[A6]-[MCU:False]-[POS:False]
1775398203.2164803 [navNode-2] 当前位置:(-0.14143352210521698, 0.2654847502708435, 0.7585387825965881)
1775398203.3025506 [navNode-2] [INFO] [1775398203.302134010] [navNode]: MCU2 send back: Gdoing*
1775398203.3033314 [myMain-1] [INFO] [1775398203.303144910] [Ground]: MCU2 send back: Gdoing*
1775398203.3144927 [navNode-2] [INFO] [1775398203.314105520] [navNode]: 状态4：WaitAim--[A6]
1775398203.3150167 [navNode-2] [INFO] [1775398203.314603169] [navNode]: 未到目标点
1775398203.3151326 [navNode-2] 目标位置:(-0.25, 0.75, 0.8)-[A6]-[MCU:False]-[POS:False]
1775398203.3151803 [navNode-2] 当前位置:(-0.1555006057024002, 0.2840801775455475, 0.7611050009727478)
1775398203.4146285 [navNode-2] [INFO] [1775398203.414253704] [navNode]: 状态4：WaitAim--[A6]
1775398203.4150610 [navNode-2] [INFO] [1775398203.414698227] [navNode]: 未到目标点
1775398203.4151793 [navNode-2] 目标位置:(-0.25, 0.75, 0.8)-[A6]-[MCU:False]-[POS:False]
1775398203.4152331 [navNode-2] 当前位置:(-0.167131245136261, 0.3093377649784088, 0.7649538516998291)
1775398203.4224753 [navNode-2] [INFO] [1775398203.422086926] [navNode]: MCU2 send back: Gdoing*
1775398203.4229164 [myMain-1] [INFO] [1775398203.422285763] [Ground]: MCU2 send back: Gdoing*
1775398203.5146956 [navNode-2] [INFO] [1775398203.514325701] [navNode]: 状态4：WaitAim--[A6]
1775398203.5151632 [navNode-2] [INFO] [1775398203.514941630] [navNode]: 未到目标点
1775398203.5152547 [navNode-2] 目标位置:(-0.25, 0.75, 0.8)-[A6]-[MCU:False]-[POS:False]
1775398203.5153096 [navNode-2] 当前位置:(-0.1781543344259262, 0.33365631103515625, 0.7682832479476929)
1775398203.5416791 [myMain-1] [INFO] [1775398203.541340739] [Ground]: MCU2 send back: Gdoing*
1775398203.5428994 [navNode-2] [INFO] [1775398203.542651763] [navNode]: MCU2 send back: Gdoing*
1775398203.6147633 [navNode-2] [INFO] [1775398203.614319370] [navNode]: 状态4：WaitAim--[A6]
1775398203.6158996 [navNode-2] [INFO] [1775398203.615606195] [navNode]: 未到目标点
1775398203.6161265 [navNode-2] 目标位置:(-0.25, 0.75, 0.8)-[A6]-[MCU:False]-[POS:False]
1775398203.6161830 [navNode-2] 当前位置:(-0.18546874821186066, 0.3557588458061218, 0.764010488986969)
1775398203.6623170 [navNode-2] [INFO] [1775398203.661847645] [navNode]: MCU2 send back: Gdoing*
1775398203.6628308 [myMain-1] [INFO] [1775398203.661923825] [Ground]: MCU2 send back: Gdoing*
1775398203.7147272 [navNode-2] [INFO] [1775398203.714407117] [navNode]: 状态4：WaitAim--[A6]
1775398203.7151592 [navNode-2] [INFO] [1775398203.714883214] [navNode]: 未到目标点
1775398203.7152455 [navNode-2] 目标位置:(-0.25, 0.75, 0.8)-[A6]-[MCU:False]-[POS:False]
1775398203.7152927 [navNode-2] 当前位置:(-0.19698436558246613, 0.385990172624588, 0.7664719223976135)
1775398203.7825556 [navNode-2] [INFO] [1775398203.782164395] [navNode]: MCU2 send back: Gdoing*
1775398203.7829895 [myMain-1] [INFO] [1775398203.782320153] [Ground]: MCU2 send back: Gdoing*
1775398203.8151658 [navNode-2] [INFO] [1775398203.814782717] [navNode]: 状态4：WaitAim--[A6]
1775398203.8157043 [navNode-2] [INFO] [1775398203.815350810] [navNode]: 未到目标点
1775398203.8158376 [navNode-2] 目标位置:(-0.25, 0.75, 0.8)-[A6]-[MCU:False]-[POS:False]
1775398203.8158920 [navNode-2] 当前位置:(-0.20460696518421173, 0.41287899017333984, 0.768045961856842)
1775398203.9024389 [navNode-2] [INFO] [1775398203.902040634] [navNode]: MCU2 send back: Gdoing*
1775398203.9029207 [myMain-1] [INFO] [1775398203.902156459] [Ground]: MCU2 send back: Gdoing*
1775398203.9146516 [navNode-2] [INFO] [1775398203.914329148] [navNode]: 状态4：WaitAim--[A6]
1775398203.9150641 [navNode-2] [INFO] [1775398203.914833301] [navNode]: 未到目标点
1775398203.9151423 [navNode-2] 目标位置:(-0.25, 0.75, 0.8)-[A6]-[MCU:False]-[POS:False]
1775398203.9151900 [navNode-2] 当前位置:(-0.21096888184547424, 0.44127771258354187, 0.7694487571716309)
1775398204.0144842 [navNode-2] [INFO] [1775398204.014144026] [navNode]: 状态4：WaitAim--[A6]
1775398204.0149903 [navNode-2] [INFO] [1775398204.014614914] [navNode]: 未到目标点
1775398204.0151155 [navNode-2] 目标位置:(-0.25, 0.75, 0.8)-[A6]-[MCU:False]-[POS:False]
1775398204.0151770 [navNode-2] 当前位置:(-0.21622885763645172, 0.454224556684494, 0.7681682705879211)
1775398204.0237927 [navNode-2] [INFO] [1775398204.023466996] [navNode]: MCU2 send back: Gdoing*
1775398204.0242453 [myMain-1] [INFO] [1775398204.023667864] [Ground]: MCU2 send back: Gdoing*
1775398204.1152425 [navNode-2] [INFO] [1775398204.114383306] [navNode]: 状态4：WaitAim--[A6]
1775398204.1154640 [navNode-2] [INFO] [1775398204.114878382] [navNode]: 未到目标点
1775398204.1155190 [navNode-2] 目标位置:(-0.25, 0.75, 0.8)-[A6]-[MCU:False]-[POS:False]
1775398204.1155622 [navNode-2] 当前位置:(-0.2215505689382553, 0.4952636659145355, 0.7690024375915527)
1775398204.1437008 [navNode-2] [INFO] [1775398204.143021284] [navNode]: MCU2 send back: Gdoing*
1775398204.1445386 [myMain-1] [INFO] [1775398204.143257799] [Ground]: MCU2 send back: Gdoing*
1775398204.2146955 [navNode-2] [INFO] [1775398204.214321731] [navNode]: 状态4：WaitAim--[A6]
1775398204.2151639 [navNode-2] [INFO] [1775398204.214878702] [navNode]: 未到目标点
1775398204.2152507 [navNode-2] 目标位置:(-0.25, 0.75, 0.8)-[A6]-[MCU:False]-[POS:False]
1775398204.2152991 [navNode-2] 当前位置:(-0.22644516825675964, 0.516932487487793, 0.7695602178573608)
1775398204.2629769 [myMain-1] [INFO] [1775398204.262613411] [Ground]: MCU2 send back: Gdoing*
1775398204.2636931 [navNode-2] [INFO] [1775398204.263249159] [navNode]: MCU2 send back: Gdoing*
1775398204.3156810 [navNode-2] [INFO] [1775398204.315171151] [navNode]: 状态4：WaitAim--[A6]
1775398204.3161807 [navNode-2] [INFO] [1775398204.315767449] [navNode]: 未到目标点
1775398204.3162673 [navNode-2] 目标位置:(-0.25, 0.75, 0.8)-[A6]-[MCU:False]-[POS:False]
1775398204.3163171 [navNode-2] 当前位置:(-0.2287389039993286, 0.5428594946861267, 0.7698439955711365)
1775398204.3844965 [navNode-2] [INFO] [1775398204.383994819] [navNode]: MCU2 send back: Gdoing*
1775398204.3849380 [myMain-1] [INFO] [1775398204.384199884] [Ground]: MCU2 send back: Gdoing*
1775398204.4142847 [navNode-2] [INFO] [1775398204.413963734] [navNode]: 状态4：WaitAim--[A6]
1775398204.4148066 [navNode-2] [INFO] [1775398204.414417987] [navNode]: 未到目标点
1775398204.4149442 [navNode-2] 目标位置:(-0.25, 0.75, 0.8)-[A6]-[MCU:False]-[POS:False]
1775398204.4150152 [navNode-2] 当前位置:(-0.23332291841506958, 0.5710518956184387, 0.7691696882247925)
1775398204.5037630 [navNode-2] [INFO] [1775398204.503396112] [navNode]: MCU2 send back: Gdoing*
1775398204.5041814 [myMain-1] [INFO] [1775398204.503389513] [Ground]: MCU2 send back: Gdoing*
1775398204.5148478 [navNode-2] [INFO] [1775398204.514432751] [navNode]: 状态4：WaitAim--[A6]
1775398204.5153272 [navNode-2] [INFO] [1775398204.514919132] [navNode]: 未到目标点
1775398204.5154366 [navNode-2] 目标位置:(-0.25, 0.75, 0.8)-[A6]-[MCU:False]-[POS:False]
1775398204.5154982 [navNode-2] 当前位置:(-0.23753194510936737, 0.5979298949241638, 0.7698750495910645)
1775398204.6146874 [navNode-2] [INFO] [1775398204.614290548] [navNode]: 状态4：WaitAim--[A6]
1775398204.6151721 [navNode-2] [INFO] [1775398204.614831956] [navNode]: 未到目标点
1775398204.6152716 [navNode-2] 目标位置:(-0.25, 0.75, 0.8)-[A6]-[MCU:False]-[POS:False]
1775398204.6153259 [navNode-2] 当前位置:(-0.2404129058122635, 0.6239921450614929, 0.7705379724502563)
1775398204.6243374 [myMain-1] [INFO] [1775398204.623949829] [Ground]: MCU2 send back: Gdoing*
1775398204.6253273 [navNode-2] [INFO] [1775398204.625065128] [navNode]: MCU2 send back: Gdoing*
1775398204.7147276 [navNode-2] [INFO] [1775398204.714402425] [navNode]: 状态4：WaitAim--[A6]
1775398204.7152309 [navNode-2] [INFO] [1775398204.714905620] [navNode]: 未到目标点
1775398204.7153952 [navNode-2] 目标位置:(-0.25, 0.75, 0.8)-[A6]-[MCU:False]-[POS:False]
1775398204.7154999 [navNode-2] 当前位置:(-0.2423839569091797, 0.6537797451019287, 0.770740807056427)
1775398204.7453260 [myMain-1] [INFO] [1775398204.744942129] [Ground]: MCU2 send back: Gdoing*
1775398204.7458310 [navNode-2] [INFO] [1775398204.745016176] [navNode]: MCU2 send back: Gdoing*
1775398204.8149498 [navNode-2] [INFO] [1775398204.814521390] [navNode]: 状态4：WaitAim--[A6]
1775398204.8154805 [navNode-2] [INFO] [1775398204.815066738] [navNode]: 未到目标点
1775398204.8156352 [navNode-2] 目标位置:(-0.25, 0.75, 0.8)-[A6]-[MCU:False]-[POS:False]
1775398204.8156946 [navNode-2] 当前位置:(-0.24307453632354736, 0.6820065379142761, 0.7678213715553284)
1775398204.8662755 [navNode-2] [INFO] [1775398204.865775490] [navNode]: MCU2 send back: Gdone*
1775398204.8667586 [myMain-1] [INFO] [1775398204.866170986] [Ground]: MCU2 send back: Gdone*
1775398204.8669949 [navNode-2] [INFO] [1775398204.866450799] [navNode]: mcu:已到目标点-[A6]
1775398204.8679399 [myMain-1] [INFO] [1775398204.867625557] [Ground]: MCU2 send back: Gdone*
1775398204.8686116 [navNode-2] [INFO] [1775398204.868415293] [navNode]: MCU2 send back: Gdone*
1775398204.8693814 [navNode-2] [INFO] [1775398204.869058936] [navNode]: mcu:已到目标点-[A6]
1775398204.9160674 [navNode-2] [INFO] [1775398204.915448971] [navNode]: 状态4：WaitAim--[A6]
1775398204.9168077 [navNode-2] [INFO] [1775398204.916269177] [navNode]: 已到目标点
1775398204.9169884 [navNode-2] 目标位置:A6:(-0.25, 0.75, 0.8)-[A6]-[MCU:True]-[POS:True]
1775398204.9170668 [navNode-2] 当前位置:(-0.24410560727119446, 0.7084320783615112, 0.7655074596405029)
1775398204.9171200 [navNode-2] 
1775398205.0144725 [navNode-2] [INFO] [1775398205.014142820] [navNode]: 状态5：ArriveAim--[A6]
1775398205.1143644 [navNode-2] [INFO] [1775398205.113866073] [navNode]: 状态6：Delay--[A6]
1775398205.2148979 [navNode-2] [INFO] [1775398205.214443235] [navNode]: 状态6：Delay--[A6]
1775398205.3143322 [navNode-2] [INFO] [1775398205.313902744] [navNode]: 状态6：Delay--[A6]
1775398205.4148591 [navNode-2] [INFO] [1775398205.414349466] [navNode]: 状态6：Delay--[A6]
1775398205.5144544 [navNode-2] [INFO] [1775398205.514025341] [navNode]: 状态6：Delay--[A6]
1775398205.6146448 [navNode-2] [INFO] [1775398205.614357157] [navNode]: 状态6：Delay--[A6]
1775398205.7157214 [navNode-2] [INFO] [1775398205.715196741] [navNode]: 状态6：Delay--[A6]
1775398205.8150177 [navNode-2] [INFO] [1775398205.814454903] [navNode]: 状态6：Delay--[A6]
1775398205.8866942 [navNode-2] [INFO] [1775398205.885688365] [navNode]: MCU2 send back: Gdone*
1775398205.8869457 [navNode-2] [INFO] [1775398205.886094115] [navNode]: mcu:已到目标点-[A6]
1775398205.8871775 [myMain-1] [INFO] [1775398205.886309760] [Ground]: MCU2 send back: Gdone*
1775398205.9142265 [navNode-2] [INFO] [1775398205.913870162] [navNode]: 状态6：Delay--[A6]
1775398206.0147789 [navNode-2] [INFO] [1775398206.014367597] [navNode]: 状态6：Delay--[A6]
1775398206.1148763 [navNode-2] [INFO] [1775398206.114420939] [navNode]: 状态6：Delay--[A6]
1775398206.2140701 [navNode-2] [INFO] [1775398206.213790344] [navNode]: 状态6：Delay--[A6]
1775398206.3152792 [navNode-2] [INFO] [1775398206.314886212] [navNode]: 状态6：Delay--[A6]
1775398206.4153636 [navNode-2] [INFO] [1775398206.414954774] [navNode]: 状态6：Delay--[A6]
1775398206.5145860 [navNode-2] [INFO] [1775398206.514190281] [navNode]: 状态6：Delay--[A6]
1775398206.6142344 [navNode-2] [INFO] [1775398206.613873330] [navNode]: 状态6：Delay--[A6]
1775398206.7141883 [navNode-2] [INFO] [1775398206.713888792] [navNode]: 状态6：Delay--[A6]
1775398206.8144507 [navNode-2] [INFO] [1775398206.814010980] [navNode]: 状态6：Delay--[A6]
1775398206.9059746 [myMain-1] [INFO] [1775398206.905638394] [Ground]: MCU2 send back: Gdone*
1775398206.9063365 [navNode-2] [INFO] [1775398206.905719537] [navNode]: MCU2 send back: Gdone*
1775398206.9065104 [navNode-2] [INFO] [1775398206.906334224] [navNode]: mcu:已到目标点-[A6]
1775398206.9143445 [navNode-2] [INFO] [1775398206.914060539] [navNode]: 状态6：Delay--[A6]
1775398207.0148909 [navNode-2] [INFO] [1775398207.014481063] [navNode]: 状态6：Delay--[A6]
1775398207.1140308 [navNode-2] [INFO] [1775398207.113649097] [navNode]: 状态6：Delay--[A6]
1775398207.1154299 [navNode-2] [INFO] [1775398207.115154691] [navNode]: 延时结束,QR识别结果:前，后
1775398207.2145352 [navNode-2] [INFO] [1775398207.214063874] [navNode]: 状态6：Delay--[A6]
1775398207.3139794 [navNode-2] [INFO] [1775398207.313561928] [navNode]: 状态3：SetAim--[A6]
1775398207.3390431 [navNode-2] [INFO] [1775398207.338753551] [navNode]: G-02500+07500+12000 发送成功 → 飞行站已调用：G-02500+07500+12000服务
1775398207.3655653 [myMain-1] [INFO] [1775398207.364479068] [Ground]: MCU2 send back: -02500+07500+12000
1775398207.3660359 [navNode-2] [INFO] [1775398207.365148870] [navNode]: MCU2 send back: -02500+07500+12000
1775398207.4143434 [navNode-2] [INFO] [1775398207.413976413] [navNode]: 状态4：WaitAim--[A3]
1775398207.4148653 [navNode-2] [INFO] [1775398207.414504088] [navNode]: 未到目标点
1775398207.4149616 [navNode-2] 目标位置:(-0.25, 0.75, 1.2)-[A3]-[MCU:False]-[POS:False]
1775398207.4150181 [navNode-2] 当前位置:(-0.24217301607131958, 0.8354294300079346, 0.7599892616271973)
1775398207.4471178 [myMain-1] [INFO] [1775398207.446526506] [Ground]: MCU2 send back: Gdoing*
1775398207.4475765 [navNode-2] [INFO] [1775398207.446914753] [navNode]: MCU2 send back: Gdoing*
1775398207.5149579 [navNode-2] [INFO] [1775398207.514474206] [navNode]: 状态4：WaitAim--[A3]
1775398207.5155063 [navNode-2] [INFO] [1775398207.514993568] [navNode]: 未到目标点
1775398207.5156083 [navNode-2] 目标位置:(-0.25, 0.75, 1.2)-[A3]-[MCU:False]-[POS:False]
1775398207.5156596 [navNode-2] 当前位置:(-0.24206285178661346, 0.8373268246650696, 0.7609761357307434)
1775398207.5676959 [myMain-1] [INFO] [1775398207.567310939] [Ground]: MCU2 send back: Gdoing*
1775398207.5681970 [navNode-2] [INFO] [1775398207.567684373] [navNode]: MCU2 send back: Gdoing*
1775398207.6149547 [navNode-2] [INFO] [1775398207.614595481] [navNode]: 状态4：WaitAim--[A3]
1775398207.6153712 [navNode-2] [INFO] [1775398207.615112750] [navNode]: 未到目标点
1775398207.6154475 [navNode-2] 目标位置:(-0.25, 0.75, 1.2)-[A3]-[MCU:False]-[POS:False]
1775398207.6155090 [navNode-2] 当前位置:(-0.2440212517976761, 0.8346777558326721, 0.7638709545135498)
1775398207.6878986 [myMain-1] [INFO] [1775398207.687416595] [Ground]: MCU2 send back: Gdoing*
1775398207.6886880 [navNode-2] [INFO] [1775398207.688463396] [navNode]: MCU2 send back: Gdoing*
1775398207.7141817 [navNode-2] [INFO] [1775398207.713883298] [navNode]: 状态4：WaitAim--[A3]
1775398207.7146029 [navNode-2] [INFO] [1775398207.714328618] [navNode]: 未到目标点
1775398207.7147007 [navNode-2] 目标位置:(-0.25, 0.75, 1.2)-[A3]-[MCU:False]-[POS:False]
1775398207.7147510 [navNode-2] 当前位置:(-0.24484418332576752, 0.8252847194671631, 0.7758527398109436)
1775398207.8093338 [myMain-1] [INFO] [1775398207.808732166] [Ground]: MCU2 send back: Gdoing*
1775398207.8097396 [navNode-2] [INFO] [1775398207.808773542] [navNode]: MCU2 send back: Gdoing*
1775398207.8146224 [navNode-2] [INFO] [1775398207.814311947] [navNode]: 状态4：WaitAim--[A3]
1775398207.8150077 [navNode-2] [INFO] [1775398207.814801959] [navNode]: 未到目标点
1775398207.8151221 [navNode-2] 目标位置:(-0.25, 0.75, 1.2)-[A3]-[MCU:False]-[POS:False]
1775398207.8152151 [navNode-2] 当前位置:(-0.24441669881343842, 0.8218868970870972, 0.7924993634223938)
1775398207.9154427 [navNode-2] [INFO] [1775398207.914945961] [navNode]: 状态4：WaitAim--[A3]
1775398207.9165905 [navNode-2] [INFO] [1775398207.916278334] [navNode]: 未到目标点
1775398207.9168496 [navNode-2] 目标位置:(-0.25, 0.75, 1.2)-[A3]-[MCU:False]-[POS:False]
1775398207.9169173 [navNode-2] 当前位置:(-0.24437297880649567, 0.8204671740531921, 0.8083271384239197)
1775398207.9293821 [myMain-1] [INFO] [1775398207.928447200] [Ground]: MCU2 send back: Gdoing*
1775398207.9305871 [navNode-2] [INFO] [1775398207.930322416] [navNode]: MCU2 send back: Gdoing*
1775398208.0155361 [navNode-2] [INFO] [1775398208.015129155] [navNode]: 状态4：WaitAim--[A3]
1775398208.0159574 [navNode-2] [INFO] [1775398208.015655027] [navNode]: 未到目标点
1775398208.0162303 [navNode-2] 目标位置:(-0.25, 0.75, 1.2)-[A3]-[MCU:False]-[POS:False]
1775398208.0163543 [navNode-2] 当前位置:(-0.24415704607963562, 0.8159124851226807, 0.825980007648468)
1775398208.0490892 [navNode-2] [INFO] [1775398208.048610767] [navNode]: MCU2 send back: Gdoing*
1775398208.0495348 [myMain-1] [INFO] [1775398208.048612527] [Ground]: MCU2 send back: Gdoing*
1775398208.1146028 [navNode-2] [INFO] [1775398208.114214764] [navNode]: 状态4：WaitAim--[A3]
1775398208.1151149 [navNode-2] [INFO] [1775398208.114784524] [navNode]: 未到目标点
1775398208.1151893 [navNode-2] 目标位置:(-0.25, 0.75, 1.2)-[A3]-[MCU:False]-[POS:False]
1775398208.1152449 [navNode-2] 当前位置:(-0.24213729798793793, 0.8151935338973999, 0.8459068536758423)
1775398208.1686921 [myMain-1] [INFO] [1775398208.168135834] [Ground]: MCU2 send back: Gdoing*
1775398208.1695898 [navNode-2] [INFO] [1775398208.168892534] [navNode]: MCU2 send back: Gdoing*
1775398208.2148948 [navNode-2] [INFO] [1775398208.214568679] [navNode]: 状态4：WaitAim--[A3]
1775398208.2153127 [navNode-2] [INFO] [1775398208.215064827] [navNode]: 未到目标点
1775398208.2154431 [navNode-2] 目标位置:(-0.25, 0.75, 1.2)-[A3]-[MCU:False]-[POS:False]
1775398208.2154975 [navNode-2] 当前位置:(-0.24264337122440338, 0.8119470477104187, 0.8643720149993896)
1775398208.2901454 [myMain-1] [INFO] [1775398208.289675487] [Ground]: MCU2 send back: Gdoing*
1775398208.2905719 [navNode-2] [INFO] [1775398208.289848361] [navNode]: MCU2 send back: Gdoing*
1775398208.3145454 [navNode-2] [INFO] [1775398208.314128065] [navNode]: 状态4：WaitAim--[A3]
1775398208.3149974 [navNode-2] [INFO] [1775398208.314619002] [navNode]: 未到目标点
1775398208.3151054 [navNode-2] 目标位置:(-0.25, 0.75, 1.2)-[A3]-[MCU:False]-[POS:False]
1775398208.3151536 [navNode-2] 当前位置:(-0.24057377874851227, 0.8107787370681763, 0.8868148922920227)
1775398208.4091797 [myMain-1] [INFO] [1775398208.408848074] [Ground]: MCU2 send back: Gdoing*
1775398208.4095943 [navNode-2] [INFO] [1775398208.409034101] [navNode]: MCU2 send back: Gdoing*
1775398208.4150934 [navNode-2] [INFO] [1775398208.414627507] [navNode]: 状态4：WaitAim--[A3]
1775398208.4156466 [navNode-2] [INFO] [1775398208.415215472] [navNode]: 未到目标点
1775398208.4157784 [navNode-2] 目标位置:(-0.25, 0.75, 1.2)-[A3]-[MCU:False]-[POS:False]
1775398208.4158356 [navNode-2] 当前位置:(-0.2384442836046219, 0.8056319952011108, 0.9078155159950256)
1775398208.5151403 [navNode-2] [INFO] [1775398208.514475988] [navNode]: 状态4：WaitAim--[A3]
1775398208.5156264 [navNode-2] [INFO] [1775398208.515069652] [navNode]: 未到目标点
1775398208.5157435 [navNode-2] 目标位置:(-0.25, 0.75, 1.2)-[A3]-[MCU:False]-[POS:False]
1775398208.5158100 [navNode-2] 当前位置:(-0.23901405930519104, 0.8020365238189697, 0.9290224313735962)
1775398208.5296237 [myMain-1] [INFO] [1775398208.529239522] [Ground]: MCU2 send back: Gdoing*
1775398208.5300767 [navNode-2] [INFO] [1775398208.529442391] [navNode]: MCU2 send back: Gdoing*
1775398208.6148112 [navNode-2] [INFO] [1775398208.614355438] [navNode]: 状态4：WaitAim--[A3]
1775398208.6156938 [navNode-2] [INFO] [1775398208.615397973] [navNode]: 未到目标点
1775398208.6158643 [navNode-2] 目标位置:(-0.25, 0.75, 1.2)-[A3]-[MCU:False]-[POS:False]
1775398208.6159251 [navNode-2] 当前位置:(-0.2385854721069336, 0.7991998791694641, 0.9501135945320129)
1775398208.6495121 [myMain-1] [INFO] [1775398208.649163458] [Ground]: MCU2 send back: Gdoing*
1775398208.6499445 [navNode-2] [INFO] [1775398208.649738118] [navNode]: MCU2 send back: Gdoing*
1775398208.7152605 [navNode-2] [INFO] [1775398208.714939721] [navNode]: 状态4：WaitAim--[A3]
1775398208.7157979 [navNode-2] [INFO] [1775398208.715531133] [navNode]: 未到目标点
1775398208.7159441 [navNode-2] 目标位置:(-0.25, 0.75, 1.2)-[A3]-[MCU:False]-[POS:False]
1775398208.7159986 [navNode-2] 当前位置:(-0.23851703107357025, 0.7969245910644531, 0.9716101288795471)
1775398208.7718039 [navNode-2] [INFO] [1775398208.771184470] [navNode]: MCU2 send back: Gdoing*
1775398208.7721806 [myMain-1] [INFO] [1775398208.771360222] [Ground]: MCU2 send back: Gdoing*
1775398208.8155518 [navNode-2] [INFO] [1775398208.815247326] [navNode]: 状态4：WaitAim--[A3]
1775398208.8159575 [navNode-2] [INFO] [1775398208.815848165] [navNode]: 未到目标点
1775398208.8160348 [navNode-2] 目标位置:(-0.25, 0.75, 1.2)-[A3]-[MCU:False]-[POS:False]
1775398208.8160808 [navNode-2] 当前位置:(-0.237578347325325, 0.7944717407226562, 0.9921920299530029)
1775398208.8903780 [myMain-1] [INFO] [1775398208.889923605] [Ground]: MCU2 send back: Gdoing*
1775398208.8914273 [navNode-2] [INFO] [1775398208.891162094] [navNode]: MCU2 send back: Gdoing*
1775398208.9140677 [navNode-2] [INFO] [1775398208.913662463] [navNode]: 状态4：WaitAim--[A3]
1775398208.9145777 [navNode-2] [INFO] [1775398208.914155844] [navNode]: 未到目标点
1775398208.9147124 [navNode-2] 目标位置:(-0.25, 0.75, 1.2)-[A3]-[MCU:False]-[POS:False]
1775398208.9147687 [navNode-2] 当前位置:(-0.2355303019285202, 0.7959913015365601, 1.013403058052063)
1775398209.0121219 [myMain-1] [INFO] [1775398209.011644677] [Ground]: MCU2 send back: Gdoing*
1775398209.0127153 [navNode-2] [INFO] [1775398209.012069160] [navNode]: MCU2 send back: Gdoing*
1775398209.0148971 [navNode-2] [INFO] [1775398209.014513529] [navNode]: 状态4：WaitAim--[A3]
1775398209.0153716 [navNode-2] [INFO] [1775398209.015105146] [navNode]: 未到目标点
1775398209.0155778 [navNode-2] 目标位置:(-0.25, 0.75, 1.2)-[A3]-[MCU:False]-[POS:False]
1775398209.0157225 [navNode-2] 当前位置:(-0.23417170345783234, 0.7947441339492798, 1.0309280157089233)
1775398209.1149969 [navNode-2] [INFO] [1775398209.114656523] [navNode]: 状态4：WaitAim--[A3]
1775398209.1154077 [navNode-2] [INFO] [1775398209.115116620] [navNode]: 未到目标点
1775398209.1155186 [navNode-2] 目标位置:(-0.25, 0.75, 1.2)-[A3]-[MCU:False]-[POS:False]
1775398209.1156113 [navNode-2] 当前位置:(-0.23344621062278748, 0.7932794690132141, 1.0487614870071411)
1775398209.1301286 [myMain-1] [INFO] [1775398209.129785688] [Ground]: MCU2 send back: Gdoing*
1775398209.1307070 [navNode-2] [INFO] [1775398209.130510721] [navNode]: MCU2 send back: Gdoing*
1775398209.2150261 [navNode-2] [INFO] [1775398209.214570723] [navNode]: 状态4：WaitAim--[A3]
1775398209.2161784 [navNode-2] [INFO] [1775398209.215938665] [navNode]: 未到目标点
1775398209.2163391 [navNode-2] 目标位置:(-0.25, 0.75, 1.2)-[A3]-[MCU:False]-[POS:False]
1775398209.2163999 [navNode-2] 当前位置:(-0.23541569709777832, 0.7893738150596619, 1.057016372680664)
1775398209.2512443 [myMain-1] [INFO] [1775398209.250881132] [Ground]: MCU2 send back: Gdoing*
1775398209.2516625 [navNode-2] [INFO] [1775398209.251506381] [navNode]: MCU2 send back: Gdoing*
1775398209.3150733 [navNode-2] [INFO] [1775398209.314690511] [navNode]: 状态4：WaitAim--[A3]
1775398209.3155284 [navNode-2] [INFO] [1775398209.315141591] [navNode]: 未到目标点
1775398209.3156116 [navNode-2] 目标位置:(-0.25, 0.75, 1.2)-[A3]-[MCU:False]-[POS:False]
1775398209.3156576 [navNode-2] 当前位置:(-0.2335687279701233, 0.790515124797821, 1.0773154497146606)
1775398209.3719363 [navNode-2] [INFO] [1775398209.370868035] [navNode]: MCU2 send back: Gdoing*
1775398209.3724995 [myMain-1] [INFO] [1775398209.371563729] [Ground]: MCU2 send back: Gdoing*
1775398209.4151580 [navNode-2] [INFO] [1775398209.414808225] [navNode]: 状态4：WaitAim--[A3]
1775398209.4156024 [navNode-2] [INFO] [1775398209.415318886] [navNode]: 未到目标点
1775398209.4156988 [navNode-2] 目标位置:(-0.25, 0.75, 1.2)-[A3]-[MCU:False]-[POS:False]
1775398209.4157588 [navNode-2] 当前位置:(-0.2345076948404312, 0.7889958620071411, 1.0907753705978394)
1775398209.4909859 [myMain-1] [INFO] [1775398209.490597844] [Ground]: MCU2 send back: Gdoing*
1775398209.4913754 [navNode-2] [INFO] [1775398209.490712449] [navNode]: MCU2 send back: Gdoing*
1775398209.5159247 [navNode-2] [INFO] [1775398209.515607868] [navNode]: 状态4：WaitAim--[A3]
1775398209.5163658 [navNode-2] [INFO] [1775398209.516082693] [navNode]: 未到目标点
1775398209.5164585 [navNode-2] 目标位置:(-0.25, 0.75, 1.2)-[A3]-[MCU:False]-[POS:False]
1775398209.5165088 [navNode-2] 当前位置:(-0.2348785698413849, 0.7864133715629578, 1.096899151802063)
1775398209.6127114 [navNode-2] [INFO] [1775398209.612257180] [navNode]: MCU2 send back: Gdoing*
1775398209.6135128 [myMain-1] [INFO] [1775398209.613246113] [Ground]: MCU2 send back: Gdoing*
1775398209.6163511 [navNode-2] [INFO] [1775398209.615372708] [navNode]: 状态4：WaitAim--[A3]
1775398209.6165807 [navNode-2] [INFO] [1775398209.615867919] [navNode]: 未到目标点
1775398209.6166623 [navNode-2] 目标位置:(-0.25, 0.75, 1.2)-[A3]-[MCU:False]-[POS:False]
1775398209.6167107 [navNode-2] 当前位置:(-0.23321232199668884, 0.7846657037734985, 1.111639380455017)
1775398209.7155561 [navNode-2] [INFO] [1775398209.715111851] [navNode]: 状态4：WaitAim--[A3]
1775398209.7160025 [navNode-2] [INFO] [1775398209.715600974] [navNode]: 未到目标点
1775398209.7161276 [navNode-2] 目标位置:(-0.25, 0.75, 1.2)-[A3]-[MCU:False]-[POS:False]
1775398209.7161913 [navNode-2] 当前位置:(-0.23192615807056427, 0.7860831022262573, 1.1174499988555908)
1775398209.7309895 [myMain-1] [INFO] [1775398209.730510526] [Ground]: MCU2 send back: Gdoing*
1775398209.7320089 [navNode-2] [INFO] [1775398209.731736980] [navNode]: MCU2 send back: Gdoing*
1775398209.8158517 [navNode-2] [INFO] [1775398209.815520217] [navNode]: 状态4：WaitAim--[A3]
1775398209.8163106 [navNode-2] [INFO] [1775398209.816029928] [navNode]: 未到目标点
1775398209.8164017 [navNode-2] 目标位置:(-0.25, 0.75, 1.2)-[A3]-[MCU:False]-[POS:False]
1775398209.8164449 [navNode-2] 当前位置:(-0.23008248209953308, 0.7824345231056213, 1.1241700649261475)
1775398209.8514645 [navNode-2] [INFO] [1775398209.851066281] [navNode]: MCU2 send back: Gdoing*
1775398209.8518057 [myMain-1] [INFO] [1775398209.851076329] [Ground]: MCU2 send back: Gdoing*
1775398209.9141793 [navNode-2] [INFO] [1775398209.913793287] [navNode]: 状态4：WaitAim--[A3]
1775398209.9146352 [navNode-2] [INFO] [1775398209.914283875] [navNode]: 未到目标点
1775398209.9147730 [navNode-2] 目标位置:(-0.25, 0.75, 1.2)-[A3]-[MCU:False]-[POS:False]
1775398209.9148247 [navNode-2] 当前位置:(-0.22768527269363403, 0.7834581732749939, 1.1321161985397339)
1775398209.9730637 [navNode-2] [INFO] [1775398209.972635868] [navNode]: MCU2 send back: Gdoing*
1775398209.9741926 [myMain-1] [INFO] [1775398209.973854048] [Ground]: MCU2 send back: Gdoing*
1775398210.0152740 [navNode-2] [INFO] [1775398210.014913146] [navNode]: 状态4：WaitAim--[A3]
1775398210.0156844 [navNode-2] [INFO] [1775398210.015360559] [navNode]: 未到目标点
1775398210.0157788 [navNode-2] 目标位置:(-0.25, 0.75, 1.2)-[A3]-[MCU:False]-[POS:False]
1775398210.0158303 [navNode-2] 当前位置:(-0.22849780321121216, 0.7813034653663635, 1.1362909078598022)
1775398210.0926700 [navNode-2] [INFO] [1775398210.092185376] [navNode]: MCU2 send back: Gdoing*
1775398210.0931430 [myMain-1] [INFO] [1775398210.092841352] [Ground]: MCU2 send back: Gdoing*
1775398210.1143348 [navNode-2] [INFO] [1775398210.113983580] [navNode]: 状态4：WaitAim--[A3]
1775398210.1149485 [navNode-2] [INFO] [1775398210.114771945] [navNode]: 未到目标点
1775398210.1150863 [navNode-2] 目标位置:(-0.25, 0.75, 1.2)-[A3]-[MCU:False]-[POS:False]
1775398210.1151304 [navNode-2] 当前位置:(-0.22900298237800598, 0.7825143933296204, 1.1387081146240234)
1775398210.2126098 [myMain-1] [INFO] [1775398210.212247342] [Ground]: MCU2 send back: Gdone*
1775398210.2131004 [navNode-2] [INFO] [1775398210.212910593] [navNode]: MCU2 send back: Gdone*
1775398210.2141089 [navNode-2] [INFO] [1775398210.213894642] [navNode]: mcu:已到目标点-[A3]
1775398210.2150462 [navNode-2] [INFO] [1775398210.214861800] [navNode]: 状态4：WaitAim--[A3]
1775398210.2153764 [navNode-2] [INFO] [1775398210.215291957] [navNode]: 已到目标点
1775398210.2154408 [navNode-2] 目标位置:A3:(-0.25, 0.75, 1.2)-[A3]-[MCU:True]-[POS:False]
1775398210.2154853 [navNode-2] 当前位置:(-0.22713324427604675, 0.7816810607910156, 1.143092155456543)
1775398210.2155282 [navNode-2] 
1775398210.3146169 [navNode-2] [INFO] [1775398210.314297914] [navNode]: 状态5：ArriveAim--[A3]
1775398210.4140053 [navNode-2] [INFO] [1775398210.413691683] [navNode]: 状态6：Delay--[A3]
1775398210.5144868 [navNode-2] [INFO] [1775398210.514180740] [navNode]: 状态6：Delay--[A3]
1775398210.6161726 [navNode-2] [INFO] [1775398210.615748760] [navNode]: 状态6：Delay--[A3]
1775398210.7148175 [navNode-2] [INFO] [1775398210.714171862] [navNode]: 状态6：Delay--[A3]
1775398210.8142424 [navNode-2] [INFO] [1775398210.813963066] [navNode]: 状态6：Delay--[A3]
1775398210.9146523 [navNode-2] [INFO] [1775398210.914118919] [navNode]: 状态6：Delay--[A3]
1775398210.9970729 [myMain-1] [INFO] [1775398210.996739243] [Ground]: MCU2 send back: Gdone*
1775398210.9979556 [navNode-2] [INFO] [1775398210.997767856] [navNode]: MCU2 send back: Gdone*
1775398210.9982109 [navNode-2] [INFO] [1775398210.998147130] [navNode]: mcu:已到目标点-[A3]
1775398211.0149946 [navNode-2] [INFO] [1775398211.014716492] [navNode]: 状态6：Delay--[A3]
1775398211.1145058 [navNode-2] [INFO] [1775398211.114097717] [navNode]: 状态6：Delay--[A3]
1775398211.2147589 [navNode-2] [INFO] [1775398211.214324029] [navNode]: 状态6：Delay--[A3]
1775398211.3144224 [navNode-2] [INFO] [1775398211.314081922] [navNode]: 状态6：Delay--[A3]
1775398211.4151964 [navNode-2] [INFO] [1775398211.414891574] [navNode]: 状态6：Delay--[A3]
1775398211.5142624 [navNode-2] [INFO] [1775398211.514002468] [navNode]: 状态6：Delay--[A3]
1775398211.6141491 [navNode-2] [INFO] [1775398211.613859373] [navNode]: 状态6：Delay--[A3]
1775398211.7148495 [navNode-2] [INFO] [1775398211.714294111] [navNode]: 状态6：Delay--[A3]
1775398211.8141325 [navNode-2] [INFO] [1775398211.813706252] [navNode]: 状态6：Delay--[A3]
1775398211.9140158 [navNode-2] [INFO] [1775398211.913695414] [navNode]: 状态6：Delay--[A3]
1775398212.0148525 [navNode-2] [INFO] [1775398212.014393416] [navNode]: MCU2 send back: Gdone*
1775398212.0151887 [navNode-2] [INFO] [1775398212.014937384] [navNode]: mcu:已到目标点-[A3]
1775398212.0155311 [myMain-1] [INFO] [1775398212.015303564] [Ground]: MCU2 send back: Gdone*
1775398212.0163600 [navNode-2] [INFO] [1775398212.016137276] [navNode]: 状态6：Delay--[A3]
1775398212.1142254 [navNode-2] [INFO] [1775398212.113936991] [navNode]: 状态6：Delay--[A3]
1775398212.2138696 [navNode-2] [INFO] [1775398212.213508452] [navNode]: 状态6：Delay--[A3]
1775398212.3146472 [navNode-2] [INFO] [1775398212.314168415] [navNode]: 状态6：Delay--[A3]
1775398212.4146435 [navNode-2] [INFO] [1775398212.414080555] [navNode]: 状态6：Delay--[A3]
1775398212.4161243 [navNode-2] [INFO] [1775398212.415791125] [navNode]: 延时结束,QR识别结果:前，后
1775398212.5154443 [navNode-2] [INFO] [1775398212.515016282] [navNode]: 状态6：Delay--[A3]
1775398212.6150677 [navNode-2] [INFO] [1775398212.614753399] [navNode]: 状态3：SetAim--[A3]
1775398212.6288404 [navNode-2] [INFO] [1775398212.628485549] [navNode]: G-02500+12500+12000 发送成功 → 飞行站已调用：G-02500+12500+12000服务
1775398212.6565099 [navNode-2] [INFO] [1775398212.655871785] [navNode]: MCU2 send back: -02500+12500+12000
1775398212.6569319 [myMain-1] [INFO] [1775398212.656759771] [Ground]: MCU2 send back: -02500+12500+12000
1775398212.7140679 [navNode-2] [INFO] [1775398212.713757899] [navNode]: 状态4：WaitAim--[A2]
1775398212.7144871 [navNode-2] [INFO] [1775398212.714221380] [navNode]: 未到目标点
1775398212.7145638 [navNode-2] 目标位置:(-0.25, 1.25, 1.2)-[A2]-[MCU:False]-[POS:False]
1775398212.7146122 [navNode-2] 当前位置:(-0.22035913169384003, 0.7803395390510559, 1.1636871099472046)
1775398212.7358911 [myMain-1] [INFO] [1775398212.735389784] [Ground]: MCU2 send back: Gdoing*
1775398212.7363987 [navNode-2] [INFO] [1775398212.735890507] [navNode]: MCU2 send back: Gdoing*
1775398212.8154950 [navNode-2] [INFO] [1775398212.815178906] [navNode]: 状态4：WaitAim--[A2]
1775398212.8159437 [navNode-2] [INFO] [1775398212.815636930] [navNode]: 未到目标点
1775398212.8160579 [navNode-2] 目标位置:(-0.25, 1.25, 1.2)-[A2]-[MCU:False]-[POS:False]
1775398212.8161190 [navNode-2] 当前位置:(-0.22054895758628845, 0.7779695987701416, 1.1626602411270142)
1775398212.8559890 [myMain-1] [INFO] [1775398212.855677503] [Ground]: MCU2 send back: Gdoing*
1775398212.8563812 [navNode-2] [INFO] [1775398212.856150004] [navNode]: MCU2 send back: Gdoing*
1775398212.9154215 [navNode-2] [INFO] [1775398212.914990904] [navNode]: 状态4：WaitAim--[A2]
1775398212.9162838 [navNode-2] [INFO] [1775398212.915723454] [navNode]: 未到目标点
1775398212.9164667 [navNode-2] 目标位置:(-0.25, 1.25, 1.2)-[A2]-[MCU:False]-[POS:False]
1775398212.9165506 [navNode-2] 当前位置:(-0.21942569315433502, 0.7828611135482788, 1.165808081626892)
1775398212.9754305 [myMain-1] [INFO] [1775398212.975093586] [Ground]: MCU2 send back: Gdoing*
1775398212.9759254 [navNode-2] [INFO] [1775398212.975507257] [navNode]: MCU2 send back: Gdoing*
1775398213.0149691 [navNode-2] [INFO] [1775398213.014638813] [navNode]: 状态4：WaitAim--[A2]
1775398213.0154219 [navNode-2] [INFO] [1775398213.015136032] [navNode]: 未到目标点
1775398213.0155141 [navNode-2] 目标位置:(-0.25, 1.25, 1.2)-[A2]-[MCU:False]-[POS:False]
1775398213.0155628 [navNode-2] 当前位置:(-0.22125230729579926, 0.7800301313400269, 1.1678498983383179)
1775398213.0965464 [navNode-2] [INFO] [1775398213.095998209] [navNode]: MCU2 send back: Gdoing*
1775398213.0980313 [myMain-1] [INFO] [1775398213.097150928] [Ground]: MCU2 send back: Gdoing*
1775398213.1143515 [navNode-2] [INFO] [1775398213.114016917] [navNode]: 状态4：WaitAim--[A2]
1775398213.1149797 [navNode-2] [INFO] [1775398213.114794677] [navNode]: 未到目标点
1775398213.1150889 [navNode-2] 目标位置:(-0.25, 1.25, 1.2)-[A2]-[MCU:False]-[POS:False]
1775398213.1151385 [navNode-2] 当前位置:(-0.22208018600940704, 0.7798614501953125, 1.1685022115707397)
1775398213.2148395 [navNode-2] [INFO] [1775398213.214321003] [navNode]: 状态4：WaitAim--[A2]
1775398213.2152636 [navNode-2] [INFO] [1775398213.214844032] [navNode]: 未到目标点
1775398213.2153640 [navNode-2] 目标位置:(-0.25, 1.25, 1.2)-[A2]-[MCU:False]-[POS:False]
1775398213.2154200 [navNode-2] 当前位置:(-0.22106552124023438, 0.7868428230285645, 1.1675065755844116)
1775398213.2155995 [myMain-1] [INFO] [1775398213.215280258] [Ground]: MCU2 send back: Gdoing*
1775398213.2184546 [navNode-2] [INFO] [1775398213.218065738] [navNode]: MCU2 send back: Gdoing*
1775398213.3149035 [navNode-2] [INFO] [1775398213.314474609] [navNode]: 状态4：WaitAim--[A2]
1775398213.3154366 [navNode-2] [INFO] [1775398213.315123889] [navNode]: 未到目标点
1775398213.3155775 [navNode-2] 目标位置:(-0.25, 1.25, 1.2)-[A2]-[MCU:False]-[POS:False]
1775398213.3156569 [navNode-2] 当前位置:(-0.22030235826969147, 0.7957955002784729, 1.1693332195281982)
1775398213.3359475 [navNode-2] [INFO] [1775398213.335579540] [navNode]: MCU2 send back: Gdoing*
1775398213.3370073 [myMain-1] [INFO] [1775398213.336769748] [Ground]: MCU2 send back: Gdoing*
1775398213.4154572 [navNode-2] [INFO] [1775398213.415127104] [navNode]: 状态4：WaitAim--[A2]
1775398213.4158838 [navNode-2] [INFO] [1775398213.415639255] [navNode]: 未到目标点
1775398213.4160049 [navNode-2] 目标位置:(-0.25, 1.25, 1.2)-[A2]-[MCU:False]-[POS:False]
1775398213.4160643 [navNode-2] 当前位置:(-0.2215605527162552, 0.8035885691642761, 1.1673388481140137)
1775398213.4557889 [navNode-2] [INFO] [1775398213.455366383] [navNode]: MCU2 send back: Gdoing*
1775398213.4561214 [myMain-1] [INFO] [1775398213.455399261] [Ground]: MCU2 send back: Gdoing*
1775398213.5150468 [navNode-2] [INFO] [1775398213.514104412] [navNode]: 状态4：WaitAim--[A2]
1775398213.5152445 [navNode-2] [INFO] [1775398213.514593324] [navNode]: 未到目标点
1775398213.5152991 [navNode-2] 目标位置:(-0.25, 1.25, 1.2)-[A2]-[MCU:False]-[POS:False]
1775398213.5153425 [navNode-2] 当前位置:(-0.22318467497825623, 0.8247655630111694, 1.1691542863845825)
1775398213.5766830 [navNode-2] [INFO] [1775398213.576244767] [navNode]: MCU2 send back: Gdoing*
1775398213.5785789 [myMain-1] [INFO] [1775398213.578215346] [Ground]: MCU2 send back: Gdoing*
1775398213.6161027 [navNode-2] [INFO] [1775398213.615239338] [navNode]: 状态4：WaitAim--[A2]
1775398213.6163001 [navNode-2] [INFO] [1775398213.615727336] [navNode]: 未到目标点
1775398213.6163528 [navNode-2] 目标位置:(-0.25, 1.25, 1.2)-[A2]-[MCU:False]-[POS:False]
1775398213.6163945 [navNode-2] 当前位置:(-0.2237667739391327, 0.8382850885391235, 1.1728358268737793)
1775398213.6973579 [myMain-1] [INFO] [1775398213.696950878] [Ground]: MCU2 send back: Gdoing*
1775398213.6976945 [navNode-2] [INFO] [1775398213.696961389] [navNode]: MCU2 send back: Gdoing*
1775398213.7149327 [navNode-2] [INFO] [1775398213.714264820] [navNode]: 状态4：WaitAim--[A2]
1775398213.7155902 [navNode-2] [INFO] [1775398213.714873683] [navNode]: 未到目标点
1775398213.7157342 [navNode-2] 目标位置:(-0.25, 1.25, 1.2)-[A2]-[MCU:False]-[POS:False]
1775398213.7157955 [navNode-2] 当前位置:(-0.22502833604812622, 0.8510597348213196, 1.1701626777648926)
1775398213.8156576 [navNode-2] [INFO] [1775398213.815295321] [navNode]: 状态4：WaitAim--[A2]
1775398213.8162422 [navNode-2] [INFO] [1775398213.815833265] [navNode]: 未到目标点
1775398213.8165619 [navNode-2] 目标位置:(-0.25, 1.25, 1.2)-[A2]-[MCU:False]-[POS:False]
1775398213.8166730 [navNode-2] 当前位置:(-0.22686010599136353, 0.8708330392837524, 1.1738600730895996)
1775398213.8183360 [myMain-1] [INFO] [1775398213.817801557] [Ground]: MCU2 send back: Gdoing*
1775398213.8192756 [navNode-2] [INFO] [1775398213.818964824] [navNode]: MCU2 send back: Gdoing*
1775398213.9153841 [navNode-2] [INFO] [1775398213.915035982] [navNode]: 状态4：WaitAim--[A2]
1775398213.9157610 [navNode-2] [INFO] [1775398213.915477254] [navNode]: 未到目标点
1775398213.9158342 [navNode-2] 目标位置:(-0.25, 1.25, 1.2)-[A2]-[MCU:False]-[POS:False]
1775398213.9158790 [navNode-2] 当前位置:(-0.22659701108932495, 0.8885858654975891, 1.1749356985092163)
1775398213.9357252 [myMain-1] [INFO] [1775398213.935317861] [Ground]: MCU2 send back: Gdoing*
1775398213.9361050 [navNode-2] [INFO] [1775398213.935893630] [navNode]: MCU2 send back: Gdoing*
1775398214.0156429 [navNode-2] [INFO] [1775398214.014839738] [navNode]: 状态4：WaitAim--[A2]
1775398214.0159013 [navNode-2] [INFO] [1775398214.015277936] [navNode]: 未到目标点
1775398214.0159724 [navNode-2] 目标位置:(-0.25, 1.25, 1.2)-[A2]-[MCU:False]-[POS:False]
1775398214.0160379 [navNode-2] 当前位置:(-0.2281026989221573, 0.9060946106910706, 1.173036813735962)
1775398214.0584021 [myMain-1] [INFO] [1775398214.057815221] [Ground]: MCU2 send back: Gdoing*
1775398214.0589631 [navNode-2] [INFO] [1775398214.057905129] [navNode]: MCU2 send back: Gdoing*
1775398214.1154191 [navNode-2] [INFO] [1775398214.115090986] [navNode]: 状态4：WaitAim--[A2]
1775398214.1158531 [navNode-2] [INFO] [1775398214.115544182] [navNode]: 未到目标点
1775398214.1159370 [navNode-2] 目标位置:(-0.25, 1.25, 1.2)-[A2]-[MCU:False]-[POS:False]
1775398214.1160066 [navNode-2] 当前位置:(-0.22799687087535858, 0.9277205467224121, 1.1724998950958252)
1775398214.1780424 [myMain-1] [INFO] [1775398214.177566449] [Ground]: MCU2 send back: Gdoing*
1775398214.1784616 [navNode-2] [INFO] [1775398214.178296405] [navNode]: MCU2 send back: Gdoing*
1775398214.2140069 [navNode-2] [INFO] [1775398214.213703632] [navNode]: 状态4：WaitAim--[A2]
1775398214.2144647 [navNode-2] [INFO] [1775398214.214197399] [navNode]: 未到目标点
1775398214.2145543 [navNode-2] 目标位置:(-0.25, 1.25, 1.2)-[A2]-[MCU:False]-[POS:False]
1775398214.2146013 [navNode-2] 当前位置:(-0.22749492526054382, 0.9474950432777405, 1.171144723892212)
1775398214.2992454 [myMain-1] [INFO] [1775398214.298908386] [Ground]: MCU2 send back: Gdoing*
1775398214.2996666 [navNode-2] [INFO] [1775398214.299103952] [navNode]: MCU2 send back: Gdoing*
1775398214.3152535 [navNode-2] [INFO] [1775398214.314907306] [navNode]: 状态4：WaitAim--[A2]
1775398214.3157613 [navNode-2] [INFO] [1775398214.315399239] [navNode]: 未到目标点
1775398214.3158996 [navNode-2] 目标位置:(-0.25, 1.25, 1.2)-[A2]-[MCU:False]-[POS:False]
1775398214.3159542 [navNode-2] 当前位置:(-0.22800900042057037, 0.9623209834098816, 1.1747102737426758)
1775398214.4141748 [navNode-2] [INFO] [1775398214.413832106] [navNode]: 状态4：WaitAim--[A2]
1775398214.4146297 [navNode-2] [INFO] [1775398214.414341830] [navNode]: 未到目标点
1775398214.4147382 [navNode-2] 目标位置:(-0.25, 1.25, 1.2)-[A2]-[MCU:False]-[POS:False]
1775398214.4147887 [navNode-2] 当前位置:(-0.22910109162330627, 0.977189302444458, 1.1725834608078003)
1775398214.4176266 [myMain-1] [INFO] [1775398214.417171139] [Ground]: MCU2 send back: Gdoing*
1775398214.4181924 [navNode-2] [INFO] [1775398214.418019787] [navNode]: MCU2 send back: Gdoing*
1775398214.5145826 [navNode-2] [INFO] [1775398214.514137609] [navNode]: 状态4：WaitAim--[A2]
1775398214.5151153 [navNode-2] [INFO] [1775398214.514907306] [navNode]: 未到目标点
1775398214.5152404 [navNode-2] 目标位置:(-0.25, 1.25, 1.2)-[A2]-[MCU:False]-[POS:False]
1775398214.5152962 [navNode-2] 当前位置:(-0.23038055002689362, 0.9885256886482239, 1.1722966432571411)
1775398214.5374885 [myMain-1] [INFO] [1775398214.536976954] [Ground]: MCU2 send back: Gdoing*
1775398214.5385108 [navNode-2] [INFO] [1775398214.538202525] [navNode]: MCU2 send back: Gdoing*
1775398214.6146181 [navNode-2] [INFO] [1775398214.614131393] [navNode]: 状态4：WaitAim--[A2]
1775398214.6151152 [navNode-2] [INFO] [1775398214.614597860] [navNode]: 未到目标点
1775398214.6152582 [navNode-2] 目标位置:(-0.25, 1.25, 1.2)-[A2]-[MCU:False]-[POS:False]
1775398214.6153264 [navNode-2] 当前位置:(-0.22896228730678558, 1.0190672874450684, 1.1738988161087036)
1775398214.6592906 [myMain-1] [INFO] [1775398214.658918175] [Ground]: MCU2 send back: Gdoing*
1775398214.6598380 [navNode-2] [INFO] [1775398214.659698480] [navNode]: MCU2 send back: Gdoing*
1775398214.7143672 [navNode-2] [INFO] [1775398214.713952937] [navNode]: 状态4：WaitAim--[A2]
1775398214.7148111 [navNode-2] [INFO] [1775398214.714506469] [navNode]: 未到目标点
1775398214.7149498 [navNode-2] 目标位置:(-0.25, 1.25, 1.2)-[A2]-[MCU:False]-[POS:False]
1775398214.7150154 [navNode-2] 当前位置:(-0.22868166863918304, 1.035658836364746, 1.1742702722549438)
1775398214.7780976 [navNode-2] [INFO] [1775398214.777247207] [navNode]: MCU2 send back: Gdoing*
1775398214.7786160 [myMain-1] [INFO] [1775398214.777697917] [Ground]: MCU2 send back: Gdoing*
1775398214.8146586 [navNode-2] [INFO] [1775398214.814308931] [navNode]: 状态4：WaitAim--[A2]
1775398214.8151186 [navNode-2] [INFO] [1775398214.814866258] [navNode]: 未到目标点
1775398214.8153193 [navNode-2] 目标位置:(-0.25, 1.25, 1.2)-[A2]-[MCU:False]-[POS:False]
1775398214.8153710 [navNode-2] 当前位置:(-0.22780297696590424, 1.058645486831665, 1.1742699146270752)
1775398214.8990746 [myMain-1] [INFO] [1775398214.898620196] [Ground]: MCU2 send back: Gdoing*
1775398214.8995643 [navNode-2] [INFO] [1775398214.899318797] [navNode]: MCU2 send back: Gdoing*
1775398214.9154880 [navNode-2] [INFO] [1775398214.915019547] [navNode]: 状态4：WaitAim--[A2]
1775398214.9159465 [navNode-2] [INFO] [1775398214.915517502] [navNode]: 未到目标点
1775398214.9160526 [navNode-2] 目标位置:(-0.25, 1.25, 1.2)-[A2]-[MCU:False]-[POS:False]
1775398214.9161403 [navNode-2] 当前位置:(-0.22718970477581024, 1.0805671215057373, 1.1718093156814575)
1775398215.0142114 [navNode-2] [INFO] [1775398215.013872801] [navNode]: 状态4：WaitAim--[A2]
1775398215.0146551 [navNode-2] [INFO] [1775398215.014349155] [navNode]: 未到目标点
1775398215.0147598 [navNode-2] 目标位置:(-0.25, 1.25, 1.2)-[A2]-[MCU:False]-[POS:False]
1775398215.0148151 [navNode-2] 当前位置:(-0.22761090099811554, 1.0974966287612915, 1.1715894937515259)
1775398215.0183120 [myMain-1] [INFO] [1775398215.018001125] [Ground]: MCU2 send back: Gdoing*
1775398215.0187695 [navNode-2] [INFO] [1775398215.018622986] [navNode]: MCU2 send back: Gdoing*
1775398215.1150925 [navNode-2] [INFO] [1775398215.114535050] [navNode]: 状态4：WaitAim--[A2]
1775398215.1156011 [navNode-2] [INFO] [1775398215.115364852] [navNode]: 未到目标点
1775398215.1157553 [navNode-2] 目标位置:(-0.25, 1.25, 1.2)-[A2]-[MCU:False]-[POS:False]
1775398215.1158245 [navNode-2] 当前位置:(-0.22713090479373932, 1.1107280254364014, 1.1727508306503296)
1775398215.1388676 [myMain-1] [INFO] [1775398215.138500122] [Ground]: MCU2 send back: Gdoing*
1775398215.1394250 [navNode-2] [INFO] [1775398215.138846336] [navNode]: MCU2 send back: Gdoing*
1775398215.2153025 [navNode-2] [INFO] [1775398215.214959627] [navNode]: 状态4：WaitAim--[A2]
1775398215.2158394 [navNode-2] [INFO] [1775398215.215503445] [navNode]: 未到目标点
1775398215.2159641 [navNode-2] 目标位置:(-0.25, 1.25, 1.2)-[A2]-[MCU:False]-[POS:False]
1775398215.2160199 [navNode-2] 当前位置:(-0.2286047488451004, 1.1309266090393066, 1.1737533807754517)
1775398215.2608817 [myMain-1] [INFO] [1775398215.260086719] [Ground]: MCU2 send back: Gdoing*
1775398215.2614126 [navNode-2] [INFO] [1775398215.261177527] [navNode]: MCU2 send back: Gdoing*
1775398215.3142333 [navNode-2] [INFO] [1775398215.313915083] [navNode]: 状态4：WaitAim--[A2]
1775398215.3147647 [navNode-2] [INFO] [1775398215.314396258] [navNode]: 未到目标点
1775398215.3149204 [navNode-2] 目标位置:(-0.25, 1.25, 1.2)-[A2]-[MCU:False]-[POS:False]
1775398215.3149807 [navNode-2] 当前位置:(-0.2283509522676468, 1.1443688869476318, 1.1742401123046875)
1775398215.3798642 [myMain-1] [INFO] [1775398215.379536396] [Ground]: MCU2 send back: Gdoing*
1775398215.3810976 [navNode-2] [INFO] [1775398215.380856887] [navNode]: MCU2 send back: Gdoing*
1775398215.4148288 [navNode-2] [INFO] [1775398215.414376964] [navNode]: 状态4：WaitAim--[A2]
1775398215.4152088 [navNode-2] [INFO] [1775398215.414934044] [navNode]: 未到目标点
1775398215.4152844 [navNode-2] 目标位置:(-0.25, 1.25, 1.2)-[A2]-[MCU:False]-[POS:False]
1775398215.4153328 [navNode-2] 当前位置:(-0.22883741557598114, 1.154038906097412, 1.1700005531311035)
1775398215.5015011 [myMain-1] [INFO] [1775398215.501069283] [Ground]: MCU2 send back: Gdoing*
1775398215.5020616 [navNode-2] [INFO] [1775398215.501259254] [navNode]: MCU2 send back: Gdoing*
1775398215.5162640 [navNode-2] [INFO] [1775398215.515475190] [navNode]: 状态4：WaitAim--[A2]
1775398215.5175412 [navNode-2] [INFO] [1775398215.516179635] [navNode]: 未到目标点
1775398215.5177667 [navNode-2] 目标位置:(-0.25, 1.25, 1.2)-[A2]-[MCU:False]-[POS:False]
1775398215.5179303 [navNode-2] 当前位置:(-0.22884590923786163, 1.1688700914382935, 1.1738996505737305)
1775398215.6157701 [navNode-2] [INFO] [1775398215.615278050] [navNode]: 状态4：WaitAim--[A2]
1775398215.6162622 [navNode-2] [INFO] [1775398215.615871213] [navNode]: 未到目标点
1775398215.6163905 [navNode-2] 目标位置:(-0.25, 1.25, 1.2)-[A2]-[MCU:False]-[POS:False]
1775398215.6164539 [navNode-2] 当前位置:(-0.23022469878196716, 1.1824895143508911, 1.1732404232025146)
1775398215.6195102 [navNode-2] [INFO] [1775398215.619306774] [navNode]: MCU2 send back: Gdone*
1775398215.6198654 [myMain-1] [INFO] [1775398215.619506074] [Ground]: MCU2 send back: Gdone*
1775398215.6212077 [navNode-2] [INFO] [1775398215.621017666] [navNode]: mcu:已到目标点-[A2]
1775398215.7143521 [navNode-2] [INFO] [1775398215.713929722] [navNode]: 状态4：WaitAim--[A2]
1775398215.7147996 [navNode-2] [INFO] [1775398215.714357346] [navNode]: 已到目标点
1775398215.7149246 [navNode-2] 目标位置:A2:(-0.25, 1.25, 1.2)-[A2]-[MCU:True]-[POS:False]
1775398215.7150047 [navNode-2] 当前位置:(-0.22914084792137146, 1.1944457292556763, 1.1680904626846313)
1775398215.7150464 [navNode-2] 
1775398215.8149848 [navNode-2] [INFO] [1775398215.814687889] [navNode]: 状态5：ArriveAim--[A2]
1775398215.9144065 [navNode-2] [INFO] [1775398215.913866598] [navNode]: 状态6：Delay--[A2]
1775398216.0160336 [navNode-2] [INFO] [1775398216.015612518] [navNode]: 状态6：Delay--[A2]
1775398216.0999835 [navNode-2] [INFO] [1775398216.099639511] [navNode]: MCU2 send back: Gdone*
1775398216.1003420 [myMain-1] [INFO] [1775398216.099672527] [Ground]: MCU2 send back: Gdone*
1775398216.1004732 [navNode-2] [INFO] [1775398216.100048250] [navNode]: mcu:已到目标点-[A2]
1775398216.1140754 [navNode-2] [INFO] [1775398216.113818099] [navNode]: 状态6：Delay--[A2]
1775398216.2148800 [navNode-2] [INFO] [1775398216.214299252] [navNode]: 状态6：Delay--[A2]
1775398216.3144503 [navNode-2] [INFO] [1775398216.314142899] [navNode]: 状态6：Delay--[A2]
1775398216.4146023 [navNode-2] [INFO] [1775398216.414337698] [navNode]: 状态6：Delay--[A2]
1775398216.5142789 [navNode-2] [INFO] [1775398216.513894031] [navNode]: 状态6：Delay--[A2]
1775398216.6147065 [navNode-2] [INFO] [1775398216.614199692] [navNode]: 状态6：Delay--[A2]
1775398216.7144988 [navNode-2] [INFO] [1775398216.714074173] [navNode]: 状态6：Delay--[A2]
1775398216.8145103 [navNode-2] [INFO] [1775398216.814222666] [navNode]: 状态6：Delay--[A2]
1775398216.9150214 [navNode-2] [INFO] [1775398216.914724519] [navNode]: 状态6：Delay--[A2]
1775398217.0146513 [navNode-2] [INFO] [1775398217.014251002] [navNode]: 状态6：Delay--[A2]
1775398217.1150591 [navNode-2] [INFO] [1775398217.114735597] [navNode]: 状态6：Delay--[A2]
1775398217.1204145 [myMain-1] [INFO] [1775398217.120088327] [Ground]: MCU2 send back: Gdone*
1775398217.1214252 [navNode-2] [INFO] [1775398217.121004450] [navNode]: MCU2 send back: Gdone*
1775398217.1216643 [navNode-2] [INFO] [1775398217.121332026] [navNode]: mcu:已到目标点-[A2]
1775398217.2149503 [navNode-2] [INFO] [1775398217.214609970] [navNode]: 状态6：Delay--[A2]
1775398217.3144057 [navNode-2] [INFO] [1775398217.313989542] [navNode]: 状态6：Delay--[A2]
1775398217.4149647 [navNode-2] [INFO] [1775398217.414552825] [navNode]: 状态6：Delay--[A2]
1775398217.5145528 [navNode-2] [INFO] [1775398217.514206519] [navNode]: 状态6：Delay--[A2]
1775398217.6140387 [navNode-2] [INFO] [1775398217.613671970] [navNode]: 状态6：Delay--[A2]
1775398217.7140615 [navNode-2] [INFO] [1775398217.713771494] [navNode]: 状态6：Delay--[A2]
1775398217.8142071 [navNode-2] [INFO] [1775398217.813884174] [navNode]: 状态6：Delay--[A2]
1775398217.9142656 [navNode-2] [INFO] [1775398217.913930213] [navNode]: 状态6：Delay--[A2]
1775398217.9150965 [navNode-2] [INFO] [1775398217.914821831] [navNode]: 延时结束,QR识别结果:前，后
1775398218.0156386 [navNode-2] [INFO] [1775398218.015071136] [navNode]: 状态6：Delay--[A2]
1775398218.1147618 [navNode-2] [INFO] [1775398218.114307909] [navNode]: 状态3：SetAim--[A2]
1775398218.1257644 [navNode-2] [INFO] [1775398218.125463607] [navNode]: G-02500+12500+08000 发送成功 → 飞行站已调用：G-02500+12500+08000服务
1775398218.1550708 [navNode-2] [INFO] [1775398218.154756660] [navNode]: MCU2 send back: -02500+12500+08000
1775398218.1554813 [myMain-1] [INFO] [1775398218.155195692] [Ground]: MCU2 send back: -02500+12500+08000
1775398218.2146537 [navNode-2] [INFO] [1775398218.214313812] [navNode]: 状态4：WaitAim--[A5]
1775398218.2153010 [navNode-2] [INFO] [1775398218.215101801] [navNode]: 未到目标点
1775398218.2154377 [navNode-2] 目标位置:(-0.25, 1.25, 0.8)-[A5]-[MCU:False]-[POS:False]
1775398218.2154913 [navNode-2] 当前位置:(-0.2353605479001999, 1.2844316959381104, 1.1630221605300903)
1775398218.2422378 [navNode-2] [INFO] [1775398218.241820386] [navNode]: MCU2 send back: Gdoing*
1775398218.2427936 [myMain-1] [INFO] [1775398218.241919291] [Ground]: MCU2 send back: Gdoing*
1775398218.3161588 [navNode-2] [INFO] [1775398218.315746019] [navNode]: 状态4：WaitAim--[A5]
1775398218.3168385 [navNode-2] [INFO] [1775398218.316320985] [navNode]: 未到目标点
1775398218.3169630 [navNode-2] 目标位置:(-0.25, 1.25, 0.8)-[A5]-[MCU:False]-[POS:False]
1775398218.3170156 [navNode-2] 当前位置:(-0.23822003602981567, 1.2825077772140503, 1.15779709815979)
1775398218.3622828 [myMain-1] [INFO] [1775398218.361851737] [Ground]: MCU2 send back: Gdoing*
1775398218.3627660 [navNode-2] [INFO] [1775398218.362499826] [navNode]: MCU2 send back: Gdoing*
1775398218.4147875 [navNode-2] [INFO] [1775398218.414392980] [navNode]: 状态4：WaitAim--[A5]
1775398218.4152656 [navNode-2] [INFO] [1775398218.414956329] [navNode]: 未到目标点
1775398218.4153550 [navNode-2] 目标位置:(-0.25, 1.25, 0.8)-[A5]-[MCU:False]-[POS:False]
1775398218.4154079 [navNode-2] 当前位置:(-0.23977762460708618, 1.2825735807418823, 1.1524337530136108)
1775398218.4834785 [myMain-1] [INFO] [1775398218.483101373] [Ground]: MCU2 send back: Gdoing*
1775398218.4839706 [navNode-2] [INFO] [1775398218.483846735] [navNode]: MCU2 send back: Gdoing*
1775398218.5160666 [navNode-2] [INFO] [1775398218.515691779] [navNode]: 状态4：WaitAim--[A5]
1775398218.5166798 [navNode-2] [INFO] [1775398218.516198636] [navNode]: 未到目标点
1775398218.5168519 [navNode-2] 目标位置:(-0.25, 1.25, 0.8)-[A5]-[MCU:False]-[POS:False]
1775398218.5169473 [navNode-2] 当前位置:(-0.23958498239517212, 1.2772635221481323, 1.1386698484420776)
1775398218.6031797 [myMain-1] [INFO] [1775398218.602817543] [Ground]: MCU2 send back: Gdoing*
1775398218.6036079 [navNode-2] [INFO] [1775398218.603388292] [navNode]: MCU2 send back: Gdoing*
1775398218.6148329 [navNode-2] [INFO] [1775398218.614509776] [navNode]: 状态4：WaitAim--[A5]
1775398218.6152601 [navNode-2] [INFO] [1775398218.614972484] [navNode]: 未到目标点
1775398218.6154034 [navNode-2] 目标位置:(-0.25, 1.25, 0.8)-[A5]-[MCU:False]-[POS:False]
1775398218.6154675 [navNode-2] 当前位置:(-0.2401648908853531, 1.2761776447296143, 1.1224437952041626)
1775398218.7145913 [navNode-2] [INFO] [1775398218.714236037] [navNode]: 状态4：WaitAim--[A5]
1775398218.7152605 [navNode-2] [INFO] [1775398218.714791881] [navNode]: 未到目标点
1775398218.7153730 [navNode-2] 目标位置:(-0.25, 1.25, 0.8)-[A5]-[MCU:False]-[POS:False]
1775398218.7154229 [navNode-2] 当前位置:(-0.23883973062038422, 1.2813202142715454, 1.106134295463562)
1775398218.7243247 [navNode-2] [INFO] [1775398218.723488513] [navNode]: MCU2 send back: Gdoing*
1775398218.7247801 [myMain-1] [INFO] [1775398218.723487226] [Ground]: MCU2 send back: Gdoing*
1775398218.8143060 [navNode-2] [INFO] [1775398218.813946728] [navNode]: 状态4：WaitAim--[A5]
1775398218.8148060 [navNode-2] [INFO] [1775398218.814460164] [navNode]: 未到目标点
1775398218.8149016 [navNode-2] 目标位置:(-0.25, 1.25, 0.8)-[A5]-[MCU:False]-[POS:False]
1775398218.8149538 [navNode-2] 当前位置:(-0.24056243896484375, 1.2762172222137451, 1.072944164276123)
1775398218.8426585 [myMain-1] [INFO] [1775398218.842330906] [Ground]: MCU2 send back: Gdoing*
1775398218.8430228 [navNode-2] [INFO] [1775398218.842410915] [navNode]: MCU2 send back: Gdoing*
1775398218.9145796 [navNode-2] [INFO] [1775398218.914229215] [navNode]: 状态4：WaitAim--[A5]
1775398218.9150417 [navNode-2] [INFO] [1775398218.914761503] [navNode]: 未到目标点
1775398218.9151304 [navNode-2] 目标位置:(-0.25, 1.25, 0.8)-[A5]-[MCU:False]-[POS:False]
1775398218.9152176 [navNode-2] 当前位置:(-0.24132969975471497, 1.2746963500976562, 1.0504212379455566)
1775398218.9634061 [myMain-1] [INFO] [1775398218.963029793] [Ground]: MCU2 send back: Gdoing*
1775398218.9638133 [navNode-2] [INFO] [1775398218.963051316] [navNode]: MCU2 send back: Gdoing*
1775398219.0147986 [navNode-2] [INFO] [1775398219.014332377] [navNode]: 状态4：WaitAim--[A5]
1775398219.0153501 [navNode-2] [INFO] [1775398219.015067739] [navNode]: 未到目标点
1775398219.0154560 [navNode-2] 目标位置:(-0.25, 1.25, 0.8)-[A5]-[MCU:False]-[POS:False]
1775398219.0155060 [navNode-2] 当前位置:(-0.24235664308071136, 1.273263692855835, 1.0196373462677002)
1775398219.0850222 [myMain-1] [INFO] [1775398219.084429810] [Ground]: MCU2 send back: Gdoing*
1775398219.0869272 [navNode-2] [INFO] [1775398219.086412317] [navNode]: MCU2 send back: Gdoing*
1775398219.1145079 [navNode-2] [INFO] [1775398219.114100407] [navNode]: 状态4：WaitAim--[A5]
1775398219.1151078 [navNode-2] [INFO] [1775398219.114564044] [navNode]: 未到目标点
1775398219.1152146 [navNode-2] 目标位置:(-0.25, 1.25, 0.8)-[A5]-[MCU:False]-[POS:False]
1775398219.1152720 [navNode-2] 当前位置:(-0.24395127594470978, 1.2699179649353027, 0.9980377554893494)
1775398219.2043443 [myMain-1] [INFO] [1775398219.203775678] [Ground]: MCU2 send back: Gdoing*
1775398219.2050149 [navNode-2] [INFO] [1775398219.204840595] [navNode]: MCU2 send back: Gdoing*
1775398219.2156372 [navNode-2] [INFO] [1775398219.214630424] [navNode]: 状态4：WaitAim--[A5]
1775398219.2158689 [navNode-2] [INFO] [1775398219.215194201] [navNode]: 未到目标点
1775398219.2159214 [navNode-2] 目标位置:(-0.25, 1.25, 0.8)-[A5]-[MCU:False]-[POS:False]
1775398219.2159634 [navNode-2] 当前位置:(-0.24655452370643616, 1.2682713270187378, 0.9618262052536011)
1775398219.3151569 [navNode-2] [INFO] [1775398219.314759854] [navNode]: 状态4：WaitAim--[A5]
1775398219.3157499 [navNode-2] [INFO] [1775398219.315512317] [navNode]: 未到目标点
1775398219.3159208 [navNode-2] 目标位置:(-0.25, 1.25, 0.8)-[A5]-[MCU:False]-[POS:False]
1775398219.3160067 [navNode-2] 当前位置:(-0.24814586341381073, 1.2675169706344604, 0.9340032339096069)
1775398219.3241894 [myMain-1] [INFO] [1775398219.323682101] [Ground]: MCU2 send back: Gdoing*
1775398219.3245270 [navNode-2] [INFO] [1775398219.323734162] [navNode]: MCU2 send back: Gdoing*
1775398219.4145889 [navNode-2] [INFO] [1775398219.414195703] [navNode]: 状态4：WaitAim--[A5]
1775398219.4152110 [navNode-2] [INFO] [1775398219.415058102] [navNode]: 未到目标点
1775398219.4153252 [navNode-2] 目标位置:(-0.25, 1.25, 0.8)-[A5]-[MCU:False]-[POS:False]
1775398219.4153748 [navNode-2] 当前位置:(-0.24861550331115723, 1.265849232673645, 0.9172728657722473)
1775398219.4439366 [navNode-2] [INFO] [1775398219.443451667] [navNode]: MCU2 send back: Gdoing*
1775398219.4443460 [myMain-1] [INFO] [1775398219.443708201] [Ground]: MCU2 send back: Gdoing*
1775398219.5144830 [navNode-2] [INFO] [1775398219.514017302] [navNode]: 状态4：WaitAim--[A5]
1775398219.5149102 [navNode-2] [INFO] [1775398219.514539538] [navNode]: 未到目标点
1775398219.5149853 [navNode-2] 目标位置:(-0.25, 1.25, 0.8)-[A5]-[MCU:False]-[POS:False]
1775398219.5150433 [navNode-2] 当前位置:(-0.24778631329536438, 1.2659132480621338, 0.8931782245635986)
1775398219.5645859 [navNode-2] [INFO] [1775398219.564164705] [navNode]: MCU2 send back: Gdoing*
1775398219.5650370 [myMain-1] [INFO] [1775398219.564485371] [Ground]: MCU2 send back: Gdoing*
1775398219.6148989 [navNode-2] [INFO] [1775398219.614414157] [navNode]: 状态4：WaitAim--[A5]
1775398219.6156557 [navNode-2] [INFO] [1775398219.615463912] [navNode]: 未到目标点
1775398219.6157792 [navNode-2] 目标位置:(-0.25, 1.25, 0.8)-[A5]-[MCU:False]-[POS:False]
1775398219.6158319 [navNode-2] 当前位置:(-0.24670517444610596, 1.261544108390808, 0.8763763308525085)
1775398219.6842568 [navNode-2] [INFO] [1775398219.683755755] [navNode]: MCU2 send back: Gdone*
1775398219.6846194 [myMain-1] [INFO] [1775398219.683772841] [Ground]: MCU2 send back: Gdone*
1775398219.6856074 [navNode-2] [INFO] [1775398219.685237992] [navNode]: mcu:已到目标点-[A5]
1775398219.7151463 [navNode-2] [INFO] [1775398219.714828362] [navNode]: 状态4：WaitAim--[A5]
1775398219.7155514 [navNode-2] [INFO] [1775398219.715289445] [navNode]: 已到目标点
1775398219.7156363 [navNode-2] 目标位置:A5:(-0.25, 1.25, 0.8)-[A5]-[MCU:True]-[POS:False]
1775398219.7156863 [navNode-2] 当前位置:(-0.24716702103614807, 1.263538122177124, 0.8594799637794495)
1775398219.7157309 [navNode-2] 
1775398219.8156593 [navNode-2] [INFO] [1775398219.815234604] [navNode]: 状态5：ArriveAim--[A5]
1775398219.9139769 [navNode-2] [INFO] [1775398219.913592233] [navNode]: 状态6：Delay--[A5]
1775398220.0153527 [navNode-2] [INFO] [1775398220.014973077] [navNode]: 状态6：Delay--[A5]
1775398220.1155202 [navNode-2] [INFO] [1775398220.114963650] [navNode]: 状态6：Delay--[A5]
1775398220.1857207 [myMain-1] [INFO] [1775398220.185289115] [Ground]: MCU2 send back: Gdone*
1775398220.1861267 [navNode-2] [INFO] [1775398220.185677234] [navNode]: MCU2 send back: Gdone*
1775398220.1862824 [navNode-2] [INFO] [1775398220.186064171] [navNode]: mcu:已到目标点-[A5]
1775398220.2142785 [navNode-2] [INFO] [1775398220.213919505] [navNode]: 状态6：Delay--[A5]
1775398220.3149135 [navNode-2] [INFO] [1775398220.314500400] [navNode]: 状态6：Delay--[A5]
1775398220.4152858 [navNode-2] [INFO] [1775398220.414870987] [navNode]: 状态6：Delay--[A5]
1775398220.5144734 [navNode-2] [INFO] [1775398220.514082855] [navNode]: 状态6：Delay--[A5]
1775398220.6151056 [navNode-2] [INFO] [1775398220.614441734] [navNode]: 状态6：Delay--[A5]
1775398220.7154994 [navNode-2] [INFO] [1775398220.715069382] [navNode]: 状态6：Delay--[A5]
1775398220.8152697 [navNode-2] [INFO] [1775398220.814874941] [navNode]: 状态6：Delay--[A5]
1775398220.9149508 [navNode-2] [INFO] [1775398220.914546884] [navNode]: 状态6：Delay--[A5]
1775398221.0153620 [navNode-2] [INFO] [1775398221.014979480] [navNode]: 状态6：Delay--[A5]
1775398221.1138992 [navNode-2] [INFO] [1775398221.113581500] [navNode]: 状态6：Delay--[A5]
1775398221.2063630 [myMain-1] [INFO] [1775398221.205966297] [Ground]: MCU2 send back: Gdone*
1775398221.2067821 [navNode-2] [INFO] [1775398221.206585584] [navNode]: MCU2 send back: Gdone*
1775398221.2072587 [navNode-2] [INFO] [1775398221.206991545] [navNode]: mcu:已到目标点-[A5]
1775398221.2141552 [navNode-2] [INFO] [1775398221.213673616] [navNode]: 状态6：Delay--[A5]
1775398221.3147149 [navNode-2] [INFO] [1775398221.314264643] [navNode]: 状态6：Delay--[A5]
1775398221.4145415 [navNode-2] [INFO] [1775398221.414172121] [navNode]: 状态6：Delay--[A5]
1775398221.5145378 [navNode-2] [INFO] [1775398221.514204186] [navNode]: 状态6：Delay--[A5]
1775398221.6143589 [navNode-2] [INFO] [1775398221.614030165] [navNode]: 状态6：Delay--[A5]
1775398221.7142134 [navNode-2] [INFO] [1775398221.713823124] [navNode]: 状态6：Delay--[A5]
1775398221.8144598 [navNode-2] [INFO] [1775398221.814051758] [navNode]: 状态6：Delay--[A5]
1775398221.9151006 [navNode-2] [INFO] [1775398221.914780262] [navNode]: 状态6：Delay--[A5]
1775398221.9160895 [navNode-2] [INFO] [1775398221.915804472] [navNode]: 延时结束,QR识别结果:前，后
1775398222.0145841 [navNode-2] [INFO] [1775398222.014210383] [navNode]: 状态6：Delay--[A5]
1775398222.1154554 [navNode-2] [INFO] [1775398222.115044170] [navNode]: 状态3：SetAim--[A5]
1775398222.1282160 [navNode-2] [INFO] [1775398222.127937205] [navNode]: G-02500+17500+08000 发送成功 → 飞行站已调用：G-02500+17500+08000服务
1775398222.1557963 [myMain-1] [INFO] [1775398222.155393867] [Ground]: MCU2 send back: -02500+17500+08000
1775398222.1563895 [navNode-2] [INFO] [1775398222.156214510] [navNode]: MCU2 send back: -02500+17500+08000
1775398222.2145500 [navNode-2] [INFO] [1775398222.214220931] [navNode]: 状态4：WaitAim--[A4]
1775398222.2150521 [navNode-2] [INFO] [1775398222.214813221] [navNode]: 未到目标点
1775398222.2151582 [navNode-2] 目标位置:(-0.25, 1.75, 0.8)-[A4]-[MCU:False]-[POS:False]
1775398222.2152123 [navNode-2] 当前位置:(-0.25020864605903625, 1.235518217086792, 0.7640762329101562)
1775398222.2474720 [myMain-1] [INFO] [1775398222.247021215] [Ground]: MCU2 send back: Gdoing*
1775398222.2480257 [navNode-2] [INFO] [1775398222.247118797] [navNode]: MCU2 send back: Gdoing*
1775398222.3155959 [navNode-2] [INFO] [1775398222.315239197] [navNode]: 状态4：WaitAim--[A4]
1775398222.3161247 [navNode-2] [INFO] [1775398222.315972138] [navNode]: 未到目标点
1775398222.3162289 [navNode-2] 目标位置:(-0.25, 1.75, 0.8)-[A4]-[MCU:False]-[POS:False]
1775398222.3162746 [navNode-2] 当前位置:(-0.2497267872095108, 1.2378689050674438, 0.7626806497573853)
1775398222.3671675 [navNode-2] [INFO] [1775398222.366647817] [navNode]: MCU2 send back: Gdoing*
1775398222.3675201 [myMain-1] [INFO] [1775398222.366659179] [Ground]: MCU2 send back: Gdoing*
1775398222.4147060 [navNode-2] [INFO] [1775398222.414357599] [navNode]: 状态4：WaitAim--[A4]
1775398222.4151313 [navNode-2] [INFO] [1775398222.414875883] [navNode]: 未到目标点
1775398222.4152124 [navNode-2] 目标位置:(-0.25, 1.75, 0.8)-[A4]-[MCU:False]-[POS:False]
1775398222.4152620 [navNode-2] 当前位置:(-0.2521752715110779, 1.2372244596481323, 0.7572730779647827)
1775398222.4882550 [navNode-2] [INFO] [1775398222.487712144] [navNode]: MCU2 send back: Gdoing*
1775398222.4887009 [myMain-1] [INFO] [1775398222.488030054] [Ground]: MCU2 send back: Gdoing*
1775398222.5159404 [navNode-2] [INFO] [1775398222.515048020] [navNode]: 状态4：WaitAim--[A4]
1775398222.5161641 [navNode-2] [INFO] [1775398222.515565228] [navNode]: 未到目标点
1775398222.5162213 [navNode-2] 目标位置:(-0.25, 1.75, 0.8)-[A4]-[MCU:False]-[POS:False]
1775398222.5162644 [navNode-2] 当前位置:(-0.2522238492965698, 1.2474849224090576, 0.7582264542579651)
1775398222.6087377 [navNode-2] [INFO] [1775398222.607281265] [navNode]: MCU2 send back: Gdoing*
1775398222.6094663 [myMain-1] [INFO] [1775398222.607858828] [Ground]: MCU2 send back: Gdoing*
1775398222.6147771 [navNode-2] [INFO] [1775398222.614392823] [navNode]: 状态4：WaitAim--[A4]
1775398222.6151693 [navNode-2] [INFO] [1775398222.614871539] [navNode]: 未到目标点
1775398222.6152711 [navNode-2] 目标位置:(-0.25, 1.75, 0.8)-[A4]-[MCU:False]-[POS:False]
1775398222.6153300 [navNode-2] 当前位置:(-0.24919191002845764, 1.2607324123382568, 0.7532097697257996)
1775398222.7152987 [navNode-2] [INFO] [1775398222.714592245] [navNode]: 状态4：WaitAim--[A4]
1775398222.7155044 [navNode-2] [INFO] [1775398222.714992132] [navNode]: 未到目标点
1775398222.7155807 [navNode-2] 目标位置:(-0.25, 1.75, 0.8)-[A4]-[MCU:False]-[POS:False]
1775398222.7156224 [navNode-2] 当前位置:(-0.25122785568237305, 1.2508009672164917, 0.7494034171104431)
1775398222.7274690 [myMain-1] [INFO] [1775398222.727111332] [Ground]: MCU2 send back: Gdoing*
1775398222.7278488 [navNode-2] [INFO] [1775398222.727729139] [navNode]: MCU2 send back: Gdoing*
1775398222.8150575 [navNode-2] [INFO] [1775398222.814731594] [navNode]: 状态4：WaitAim--[A4]
1775398222.8155041 [navNode-2] [INFO] [1775398222.815183623] [navNode]: 未到目标点
1775398222.8156106 [navNode-2] 目标位置:(-0.25, 1.75, 0.8)-[A4]-[MCU:False]-[POS:False]
1775398222.8156815 [navNode-2] 当前位置:(-0.25221478939056396, 1.2719231843948364, 0.7528057098388672)
1775398222.8485601 [myMain-1] [INFO] [1775398222.847845036] [Ground]: MCU2 send back: Gdoing*
1775398222.8494046 [navNode-2] [INFO] [1775398222.849156396] [navNode]: MCU2 send back: Gdoing*
1775398222.9154782 [navNode-2] [INFO] [1775398222.915012226] [navNode]: 状态4：WaitAim--[A4]
1775398222.9161823 [navNode-2] [INFO] [1775398222.915652092] [navNode]: 未到目标点
1775398222.9163189 [navNode-2] 目标位置:(-0.25, 1.75, 0.8)-[A4]-[MCU:False]-[POS:False]
1775398222.9163766 [navNode-2] 当前位置:(-0.24877658486366272, 1.2911587953567505, 0.7490162253379822)
1775398222.9685476 [myMain-1] [INFO] [1775398222.968091787] [Ground]: MCU2 send back: Gdoing*
1775398222.9694552 [navNode-2] [INFO] [1775398222.969174160] [navNode]: MCU2 send back: Gdoing*
1775398223.0162845 [navNode-2] [INFO] [1775398223.015983252] [navNode]: 状态4：WaitAim--[A4]
1775398223.0167291 [navNode-2] [INFO] [1775398223.016486742] [navNode]: 未到目标点
1775398223.0168431 [navNode-2] 目标位置:(-0.25, 1.75, 0.8)-[A4]-[MCU:False]-[POS:False]
1775398223.0169001 [navNode-2] 当前位置:(-0.24860839545726776, 1.2971338033676147, 0.7478243708610535)
1775398223.0884697 [navNode-2] [INFO] [1775398223.088033077] [navNode]: MCU2 send back: Gdoing*
1775398223.0889337 [myMain-1] [INFO] [1775398223.088519215] [Ground]: MCU2 send back: Gdoing*
1775398223.1153700 [navNode-2] [INFO] [1775398223.115081874] [navNode]: 状态4：WaitAim--[A4]
1775398223.1164708 [navNode-2] [INFO] [1775398223.116282954] [navNode]: 未到目标点
1775398223.1166420 [navNode-2] 目标位置:(-0.25, 1.75, 0.8)-[A4]-[MCU:False]-[POS:False]
1775398223.1166999 [navNode-2] 当前位置:(-0.25073227286338806, 1.315315842628479, 0.7544777393341064)
1775398223.2098258 [myMain-1] [INFO] [1775398223.208973177] [Ground]: MCU2 send back: Gdoing*
1775398223.2103209 [navNode-2] [INFO] [1775398223.210114607] [navNode]: MCU2 send back: Gdoing*
1775398223.2154810 [navNode-2] [INFO] [1775398223.215125737] [navNode]: 状态4：WaitAim--[A4]
1775398223.2160125 [navNode-2] [INFO] [1775398223.215786953] [navNode]: 未到目标点
1775398223.2161741 [navNode-2] 目标位置:(-0.25, 1.75, 0.8)-[A4]-[MCU:False]-[POS:False]
1775398223.2162600 [navNode-2] 当前位置:(-0.2489592730998993, 1.3548444509506226, 0.7558985948562622)
1775398223.3163049 [navNode-2] [INFO] [1775398223.315860736] [navNode]: 状态4：WaitAim--[A4]
1775398223.3167758 [navNode-2] [INFO] [1775398223.316410900] [navNode]: 未到目标点
1775398223.3168983 [navNode-2] 目标位置:(-0.25, 1.75, 0.8)-[A4]-[MCU:False]-[POS:False]
1775398223.3169580 [navNode-2] 当前位置:(-0.24713696539402008, 1.372875690460205, 0.755961000919342)
1775398223.3290205 [myMain-1] [INFO] [1775398223.328574775] [Ground]: MCU2 send back: Gdoing*
1775398223.3305132 [navNode-2] [INFO] [1775398223.330165711] [navNode]: MCU2 send back: Gdoing*
1775398223.4154315 [navNode-2] [INFO] [1775398223.415089982] [navNode]: 状态4：WaitAim--[A4]
1775398223.4158967 [navNode-2] [INFO] [1775398223.415543873] [navNode]: 未到目标点
1775398223.4160137 [navNode-2] 目标位置:(-0.25, 1.75, 0.8)-[A4]-[MCU:False]-[POS:False]
1775398223.4160755 [navNode-2] 当前位置:(-0.24715447425842285, 1.3719419240951538, 0.7442860007286072)
1775398223.4494100 [myMain-1] [INFO] [1775398223.449100452] [Ground]: MCU2 send back: Gdoing*
1775398223.4498494 [navNode-2] [INFO] [1775398223.449664220] [navNode]: MCU2 send back: Gdoing*
1775398223.5145659 [navNode-2] [INFO] [1775398223.514237647] [navNode]: 状态4：WaitAim--[A4]
1775398223.5149562 [navNode-2] [INFO] [1775398223.514775763] [navNode]: 未到目标点
1775398223.5150335 [navNode-2] 目标位置:(-0.25, 1.75, 0.8)-[A4]-[MCU:False]-[POS:False]
1775398223.5150807 [navNode-2] 当前位置:(-0.2488066852092743, 1.3798187971115112, 0.7446940541267395)
1775398223.5701034 [myMain-1] [INFO] [1775398223.569716279] [Ground]: MCU2 send back: Gdoing*
1775398223.5705557 [navNode-2] [INFO] [1775398223.570290862] [navNode]: MCU2 send back: Gdoing*
1775398223.6146793 [navNode-2] [INFO] [1775398223.614308095] [navNode]: 状态4：WaitAim--[A4]
1775398223.6151109 [navNode-2] [INFO] [1775398223.614851659] [navNode]: 未到目标点
1775398223.6151903 [navNode-2] 目标位置:(-0.25, 1.75, 0.8)-[A4]-[MCU:False]-[POS:False]
1775398223.6152420 [navNode-2] 当前位置:(-0.2491808533668518, 1.3997722864151, 0.742672324180603)
1775398223.6893988 [navNode-2] [INFO] [1775398223.689036242] [navNode]: MCU2 send back: Gdoing*
1775398223.6898141 [myMain-1] [INFO] [1775398223.689133340] [Ground]: MCU2 send back: Gdoing*
1775398223.7146509 [navNode-2] [INFO] [1775398223.714301830] [navNode]: 状态4：WaitAim--[A4]
1775398223.7151446 [navNode-2] [INFO] [1775398223.714796908] [navNode]: 未到目标点
1775398223.7152197 [navNode-2] 目标位置:(-0.25, 1.75, 0.8)-[A4]-[MCU:False]-[POS:False]
1775398223.7152743 [navNode-2] 当前位置:(-0.24776683747768402, 1.4228190183639526, 0.7414557337760925)
1775398223.8100076 [myMain-1] [INFO] [1775398223.809641395] [Ground]: MCU2 send back: Gdoing*
1775398223.8105214 [navNode-2] [INFO] [1775398223.810391005] [navNode]: MCU2 send back: Gdoing*
1775398223.8143251 [navNode-2] [INFO] [1775398223.813966975] [navNode]: 状态4：WaitAim--[A4]
1775398223.8148148 [navNode-2] [INFO] [1775398223.814415055] [navNode]: 未到目标点
1775398223.8149805 [navNode-2] 目标位置:(-0.25, 1.75, 0.8)-[A4]-[MCU:False]-[POS:False]
1775398223.8150840 [navNode-2] 当前位置:(-0.24121472239494324, 1.4546834230422974, 0.7424287796020508)
1775398223.9146247 [navNode-2] [INFO] [1775398223.914338532] [navNode]: 状态4：WaitAim--[A4]
1775398223.9150374 [navNode-2] [INFO] [1775398223.914736447] [navNode]: 未到目标点
1775398223.9151230 [navNode-2] 目标位置:(-0.25, 1.75, 0.8)-[A4]-[MCU:False]-[POS:False]
1775398223.9151726 [navNode-2] 当前位置:(-0.24532996118068695, 1.4524359703063965, 0.7329467535018921)
1775398223.9300671 [navNode-2] [INFO] [1775398223.929786017] [navNode]: MCU2 send back: Gdoing*
1775398223.9307666 [myMain-1] [INFO] [1775398223.930619425] [Ground]: MCU2 send back: Gdoing*
1775398224.0145638 [navNode-2] [INFO] [1775398224.014155923] [navNode]: 状态4：WaitAim--[A4]
1775398224.0149550 [navNode-2] [INFO] [1775398224.014646855] [navNode]: 未到目标点
1775398224.0150292 [navNode-2] 目标位置:(-0.25, 1.75, 0.8)-[A4]-[MCU:False]-[POS:False]
1775398224.0150750 [navNode-2] 当前位置:(-0.24458211660385132, 1.4733633995056152, 0.734731912612915)
1775398224.0503895 [myMain-1] [INFO] [1775398224.049928659] [Ground]: MCU2 send back: Gdoing*
1775398224.0507727 [navNode-2] [INFO] [1775398224.050209675] [navNode]: MCU2 send back: Gdoing*
1775398224.1153178 [navNode-2] [INFO] [1775398224.114852234] [navNode]: 状态4：WaitAim--[A4]
1775398224.1159236 [navNode-2] [INFO] [1775398224.115569850] [navNode]: 未到目标点
1775398224.1160474 [navNode-2] 目标位置:(-0.25, 1.75, 0.8)-[A4]-[MCU:False]-[POS:False]
1775398224.1160977 [navNode-2] 当前位置:(-0.23986922204494476, 1.529478907585144, 0.7380757331848145)
1775398224.1705577 [navNode-2] [INFO] [1775398224.170156798] [navNode]: MCU2 send back: Gdoing*
1775398224.1711540 [myMain-1] [INFO] [1775398224.171001768] [Ground]: MCU2 send back: Gdoing*
1775398224.2144136 [navNode-2] [INFO] [1775398224.214114835] [navNode]: 状态4：WaitAim--[A4]
1775398224.2149017 [navNode-2] [INFO] [1775398224.214560160] [navNode]: 未到目标点
1775398224.2149925 [navNode-2] 目标位置:(-0.25, 1.75, 0.8)-[A4]-[MCU:False]-[POS:False]
1775398224.2150407 [navNode-2] 当前位置:(-0.23754200339317322, 1.5511815547943115, 0.7305776476860046)
1775398224.2916017 [myMain-1] [INFO] [1775398224.291208849] [Ground]: MCU2 send back: Gdoing*
1775398224.2943161 [navNode-2] [INFO] [1775398224.293995946] [navNode]: MCU2 send back: Gdoing*
1775398224.3151140 [navNode-2] [INFO] [1775398224.314808146] [navNode]: 状态4：WaitAim--[A4]
1775398224.3155649 [navNode-2] [INFO] [1775398224.315240494] [navNode]: 未到目标点
1775398224.3156526 [navNode-2] 目标位置:(-0.25, 1.75, 0.8)-[A4]-[MCU:False]-[POS:False]
1775398224.3157086 [navNode-2] 当前位置:(-0.2428158074617386, 1.5351536273956299, 0.7232670187950134)
1775398224.4106395 [navNode-2] [INFO] [1775398224.410164162] [navNode]: MCU2 send back: Gdoing*
1775398224.4110909 [myMain-1] [INFO] [1775398224.410870355] [Ground]: MCU2 send back: Gdoing*
1775398224.4162996 [navNode-2] [INFO] [1775398224.415831919] [navNode]: 状态4：WaitAim--[A4]
1775398224.4168396 [navNode-2] [INFO] [1775398224.416415284] [navNode]: 未到目标点
1775398224.4169674 [navNode-2] 目标位置:(-0.25, 1.75, 0.8)-[A4]-[MCU:False]-[POS:False]
1775398224.4170539 [navNode-2] 当前位置:(-0.24487371742725372, 1.5736958980560303, 0.7232911586761475)
1775398224.5143640 [navNode-2] [INFO] [1775398224.514003665] [navNode]: 状态4：WaitAim--[A4]
1775398224.5148211 [navNode-2] [INFO] [1775398224.514466223] [navNode]: 未到目标点
1775398224.5149138 [navNode-2] 目标位置:(-0.25, 1.75, 0.8)-[A4]-[MCU:False]-[POS:False]
1775398224.5149615 [navNode-2] 当前位置:(-0.2434653639793396, 1.5972135066986084, 0.7221575975418091)
1775398224.5309315 [myMain-1] [INFO] [1775398224.530531279] [Ground]: MCU2 send back: Gdoing*
1775398224.5315309 [navNode-2] [INFO] [1775398224.531022158] [navNode]: MCU2 send back: Gdoing*
1775398224.6141765 [navNode-2] [INFO] [1775398224.613757294] [navNode]: 状态4：WaitAim--[A4]
1775398224.6146238 [navNode-2] [INFO] [1775398224.614319562] [navNode]: 未到目标点
1775398224.6147420 [navNode-2] 目标位置:(-0.25, 1.75, 0.8)-[A4]-[MCU:False]-[POS:False]
1775398224.6148231 [navNode-2] 当前位置:(-0.24454084038734436, 1.5973751544952393, 0.7130224704742432)
1775398224.6509638 [navNode-2] [INFO] [1775398224.650544348] [navNode]: MCU2 send back: Gdoing*
1775398224.6513538 [myMain-1] [INFO] [1775398224.650560471] [Ground]: MCU2 send back: Gdoing*
1775398224.7143936 [navNode-2] [INFO] [1775398224.713975542] [navNode]: 状态4：WaitAim--[A4]
1775398224.7148588 [navNode-2] [INFO] [1775398224.714459593] [navNode]: 未到目标点
1775398224.7149794 [navNode-2] 目标位置:(-0.25, 1.75, 0.8)-[A4]-[MCU:False]-[POS:False]
1775398224.7150433 [navNode-2] 当前位置:(-0.2457350641489029, 1.6230136156082153, 0.711508572101593)
1775398224.7720001 [navNode-2] [INFO] [1775398224.771563360] [navNode]: MCU2 send back: Gdoing*
1775398224.7725787 [myMain-1] [INFO] [1775398224.772228245] [Ground]: MCU2 send back: Gdoing*
1775398224.8151248 [navNode-2] [INFO] [1775398224.814246848] [navNode]: 状态4：WaitAim--[A4]
1775398224.8153224 [navNode-2] [INFO] [1775398224.814722508] [navNode]: 未到目标点
1775398224.8153744 [navNode-2] 目标位置:(-0.25, 1.75, 0.8)-[A4]-[MCU:False]-[POS:False]
1775398224.8154154 [navNode-2] 当前位置:(-0.24142925441265106, 1.6740719079971313, 0.7199671268463135)
1775398224.8916745 [myMain-1] [INFO] [1775398224.891332764] [Ground]: MCU2 send back: Gdoing*
1775398224.8930678 [navNode-2] [INFO] [1775398224.892825507] [navNode]: MCU2 send back: Gdoing*
1775398224.9164617 [navNode-2] [INFO] [1775398224.914947461] [navNode]: 状态4：WaitAim--[A4]
1775398224.9168139 [navNode-2] [INFO] [1775398224.915809619] [navNode]: 未到目标点
1775398224.9169226 [navNode-2] 目标位置:(-0.25, 1.75, 0.8)-[A4]-[MCU:False]-[POS:False]
1775398224.9169967 [navNode-2] 当前位置:(-0.23804625868797302, 1.7020142078399658, 0.7202596068382263)
1775398225.0124905 [myMain-1] [INFO] [1775398225.011988415] [Ground]: MCU2 send back: Gdoing*
1775398225.0129914 [navNode-2] [INFO] [1775398225.012024183] [navNode]: MCU2 send back: Gdoing*
1775398225.0145409 [navNode-2] [INFO] [1775398225.014149316] [navNode]: 状态4：WaitAim--[A4]
1775398225.0150361 [navNode-2] [INFO] [1775398225.014755680] [navNode]: 未到目标点
1775398225.0151813 [navNode-2] 目标位置:(-0.25, 1.75, 0.8)-[A4]-[MCU:False]-[POS:False]
1775398225.0152473 [navNode-2] 当前位置:(-0.24065521359443665, 1.7010210752487183, 0.7090858817100525)
1775398225.1148465 [navNode-2] [INFO] [1775398225.114408157] [navNode]: 状态4：WaitAim--[A4]
1775398225.1152759 [navNode-2] [INFO] [1775398225.114856840] [navNode]: 未到目标点
1775398225.1153877 [navNode-2] 目标位置:(-0.25, 1.75, 0.8)-[A4]-[MCU:False]-[POS:False]
1775398225.1154358 [navNode-2] 当前位置:(-0.24028973281383514, 1.716707706451416, 0.7070009708404541)
1775398225.1333475 [myMain-1] [INFO] [1775398225.133052779] [Ground]: MCU2 send back: Gdoing*
1775398225.1338334 [navNode-2] [INFO] [1775398225.133705708] [navNode]: MCU2 send back: Gdoing*
1775398225.2162659 [navNode-2] [INFO] [1775398225.215837866] [navNode]: 状态4：WaitAim--[A4]
1775398225.2168329 [navNode-2] [INFO] [1775398225.216405914] [navNode]: 未到目标点
1775398225.2169995 [navNode-2] 目标位置:(-0.25, 1.75, 0.8)-[A4]-[MCU:False]-[POS:False]
1775398225.2171032 [navNode-2] 当前位置:(-0.23640266060829163, 1.7387999296188354, 0.7097280621528625)
1775398225.2524426 [myMain-1] [INFO] [1775398225.252093729] [Ground]: MCU2 send back: Gdoing*
1775398225.2538235 [navNode-2] [INFO] [1775398225.253607176] [navNode]: MCU2 send back: Gdoing*
1775398225.3149104 [navNode-2] [INFO] [1775398225.314188294] [navNode]: 状态4：WaitAim--[A4]
1775398225.3154280 [navNode-2] [INFO] [1775398225.314683914] [navNode]: 未到目标点
1775398225.3155768 [navNode-2] 目标位置:(-0.25, 1.75, 0.8)-[A4]-[MCU:False]-[POS:False]
1775398225.3156428 [navNode-2] 当前位置:(-0.23811905086040497, 1.738402009010315, 0.7011471390724182)
1775398225.3747220 [myMain-1] [INFO] [1775398225.374311258] [Ground]: MCU2 send back: Gdoing*
1775398225.3750875 [navNode-2] [INFO] [1775398225.374330843] [navNode]: MCU2 send back: Gdoing*
1775398225.4147112 [navNode-2] [INFO] [1775398225.414361842] [navNode]: 状态4：WaitAim--[A4]
1775398225.4150996 [navNode-2] [INFO] [1775398225.414842222] [navNode]: 未到目标点
1775398225.4151800 [navNode-2] 目标位置:(-0.25, 1.75, 0.8)-[A4]-[MCU:False]-[POS:False]
1775398225.4152267 [navNode-2] 当前位置:(-0.23827624320983887, 1.744364857673645, 0.7057687044143677)
1775398225.4935124 [myMain-1] [INFO] [1775398225.493089084] [Ground]: MCU2 send back: Gdoing*
1775398225.4943068 [navNode-2] [INFO] [1775398225.494099951] [navNode]: MCU2 send back: Gdoing*
1775398225.5146124 [navNode-2] [INFO] [1775398225.514245433] [navNode]: 状态4：WaitAim--[A4]
1775398225.5150452 [navNode-2] [INFO] [1775398225.514782399] [navNode]: 未到目标点
1775398225.5151687 [navNode-2] 目标位置:(-0.25, 1.75, 0.8)-[A4]-[MCU:False]-[POS:False]
1775398225.5152261 [navNode-2] 当前位置:(-0.23632360994815826, 1.7721819877624512, 0.7067532539367676)
1775398225.6150875 [navNode-2] [INFO] [1775398225.614590435] [navNode]: MCU2 send back: Gdoing*
1775398225.6154897 [myMain-1] [INFO] [1775398225.614592589] [Ground]: MCU2 send back: Gdoing*
1775398225.6162434 [navNode-2] [INFO] [1775398225.615839647] [navNode]: 状态4：WaitAim--[A4]
1775398225.6165063 [navNode-2] [INFO] [1775398225.616266881] [navNode]: 未到目标点
1775398225.6165712 [navNode-2] 目标位置:(-0.25, 1.75, 0.8)-[A4]-[MCU:False]-[POS:False]
1775398225.6166213 [navNode-2] 当前位置:(-0.23199772834777832, 1.7933440208435059, 0.7097609043121338)
1775398225.7145460 [navNode-2] [INFO] [1775398225.714227991] [navNode]: 状态4：WaitAim--[A4]
1775398225.7149534 [navNode-2] [INFO] [1775398225.714676008] [navNode]: 未到目标点
1775398225.7150977 [navNode-2] 目标位置:(-0.25, 1.75, 0.8)-[A4]-[MCU:False]-[POS:False]
1775398225.7151561 [navNode-2] 当前位置:(-0.2298935502767563, 1.802795648574829, 0.7113420963287354)
1775398225.7343936 [myMain-1] [INFO] [1775398225.733996976] [Ground]: MCU2 send back: Gdoing*
1775398225.7350464 [navNode-2] [INFO] [1775398225.734252985] [navNode]: MCU2 send back: Gdoing*
1775398225.8150992 [navNode-2] [INFO] [1775398225.814574399] [navNode]: 状态4：WaitAim--[A4]
1775398225.8157563 [navNode-2] [INFO] [1775398225.815091079] [navNode]: 未到目标点
1775398225.8158889 [navNode-2] 目标位置:(-0.25, 1.75, 0.8)-[A4]-[MCU:False]-[POS:False]
1775398225.8159440 [navNode-2] 当前位置:(-0.22948108613491058, 1.8008005619049072, 0.711439847946167)
1775398225.8545816 [navNode-2] [INFO] [1775398225.854236253] [navNode]: MCU2 send back: Gdoing*
1775398225.8550684 [myMain-1] [INFO] [1775398225.854412623] [Ground]: MCU2 send back: Gdoing*
1775398225.9150760 [navNode-2] [INFO] [1775398225.914634057] [navNode]: 状态4：WaitAim--[A4]
1775398225.9155164 [navNode-2] [INFO] [1775398225.915142014] [navNode]: 未到目标点
1775398225.9155941 [navNode-2] 目标位置:(-0.25, 1.75, 0.8)-[A4]-[MCU:False]-[POS:False]
1775398225.9156399 [navNode-2] 当前位置:(-0.23094983398914337, 1.802013635635376, 0.7082464694976807)
1775398225.9767225 [navNode-2] [INFO] [1775398225.975493939] [navNode]: MCU2 send back: Gdoing*
1775398225.9770830 [myMain-1] [INFO] [1775398225.976028882] [Ground]: MCU2 send back: Gdoing*
1775398226.0151780 [navNode-2] [INFO] [1775398226.014055650] [navNode]: 状态4：WaitAim--[A4]
1775398226.0154192 [navNode-2] [INFO] [1775398226.014766943] [navNode]: 未到目标点
1775398226.0155118 [navNode-2] 目标位置:(-0.25, 1.75, 0.8)-[A4]-[MCU:False]-[POS:False]
1775398226.0155756 [navNode-2] 当前位置:(-0.23199839890003204, 1.806751012802124, 0.7117980122566223)
1775398226.0965667 [navNode-2] [INFO] [1775398226.096167682] [navNode]: MCU2 send back: Gdoing*
1775398226.0970156 [myMain-1] [INFO] [1775398226.096538532] [Ground]: MCU2 send back: Gdoing*
1775398226.1147079 [navNode-2] [INFO] [1775398226.114392054] [navNode]: 状态4：WaitAim--[A4]
1775398226.1151233 [navNode-2] [INFO] [1775398226.114877060] [navNode]: 未到目标点
1775398226.1152065 [navNode-2] 目标位置:(-0.25, 1.75, 0.8)-[A4]-[MCU:False]-[POS:False]
1775398226.1152503 [navNode-2] 当前位置:(-0.23383353650569916, 1.8042103052139282, 0.7094831466674805)
1775398226.2157264 [navNode-2] [INFO] [1775398226.214781824] [navNode]: 状态4：WaitAim--[A4]
1775398226.2160294 [navNode-2] [INFO] [1775398226.215249038] [navNode]: 未到目标点
1775398226.2161181 [navNode-2] 目标位置:(-0.25, 1.75, 0.8)-[A4]-[MCU:False]-[POS:False]
1775398226.2161615 [navNode-2] 当前位置:(-0.23453180491924286, 1.7996439933776855, 0.7121670246124268)
1775398226.2200606 [navNode-2] [INFO] [1775398226.219625464] [navNode]: MCU2 send back: Gdoing*
1775398226.2204592 [myMain-1] [INFO] [1775398226.220114288] [Ground]: MCU2 send back: Gdoing*
1775398226.3141131 [navNode-2] [INFO] [1775398226.313718251] [navNode]: 状态4：WaitAim--[A4]
1775398226.3145349 [navNode-2] [INFO] [1775398226.314153474] [navNode]: 未到目标点
1775398226.3146374 [navNode-2] 目标位置:(-0.25, 1.75, 0.8)-[A4]-[MCU:False]-[POS:False]
1775398226.3147094 [navNode-2] 当前位置:(-0.2357005774974823, 1.7974064350128174, 0.7126460075378418)
1775398226.3362939 [navNode-2] [INFO] [1775398226.335987664] [navNode]: MCU2 send back: Gdoing*
1775398226.3366582 [myMain-1] [INFO] [1775398226.336134990] [Ground]: MCU2 send back: Gdoing*
1775398226.4155984 [navNode-2] [INFO] [1775398226.415181402] [navNode]: 状态4：WaitAim--[A4]
1775398226.4161727 [navNode-2] [INFO] [1775398226.415694988] [navNode]: 未到目标点
1775398226.4163027 [navNode-2] 目标位置:(-0.25, 1.75, 0.8)-[A4]-[MCU:False]-[POS:False]
1775398226.4163711 [navNode-2] 当前位置:(-0.23495221138000488, 1.7962268590927124, 0.715639591217041)
1775398226.4569800 [navNode-2] [INFO] [1775398226.456653036] [navNode]: MCU2 send back: Gdoing*
1775398226.4573925 [myMain-1] [INFO] [1775398226.456883426] [Ground]: MCU2 send back: Gdoing*
1775398226.5152614 [navNode-2] [INFO] [1775398226.514821768] [navNode]: 状态4：WaitAim--[A4]
1775398226.5156977 [navNode-2] [INFO] [1775398226.515387338] [navNode]: 未到目标点
1775398226.5157712 [navNode-2] 目标位置:(-0.25, 1.75, 0.8)-[A4]-[MCU:False]-[POS:False]
1775398226.5158153 [navNode-2] 当前位置:(-0.23391522467136383, 1.7996811866760254, 0.720664381980896)
1775398226.5786591 [myMain-1] [INFO] [1775398226.578298225] [Ground]: MCU2 send back: Gdoing*
1775398226.5798352 [navNode-2] [INFO] [1775398226.579510832] [navNode]: MCU2 send back: Gdoing*
1775398226.6143665 [navNode-2] [INFO] [1775398226.614030415] [navNode]: 状态4：WaitAim--[A4]
1775398226.6148577 [navNode-2] [INFO] [1775398226.614535595] [navNode]: 未到目标点
1775398226.6150012 [navNode-2] 目标位置:(-0.25, 1.75, 0.8)-[A4]-[MCU:False]-[POS:False]
1775398226.6150618 [navNode-2] 当前位置:(-0.23342299461364746, 1.8006923198699951, 0.7257788181304932)
1775398226.6981966 [navNode-2] [INFO] [1775398226.697512299] [navNode]: MCU2 send back: Gdoing*
1775398226.6986620 [myMain-1] [INFO] [1775398226.697928228] [Ground]: MCU2 send back: Gdoing*
1775398226.7150702 [navNode-2] [INFO] [1775398226.714595188] [navNode]: 状态4：WaitAim--[A4]
1775398226.7155638 [navNode-2] [INFO] [1775398226.715151361] [navNode]: 未到目标点
1775398226.7156594 [navNode-2] 目标位置:(-0.25, 1.75, 0.8)-[A4]-[MCU:False]-[POS:False]
1775398226.7157402 [navNode-2] 当前位置:(-0.2329798936843872, 1.798271894454956, 0.7324818968772888)
1775398226.8149960 [navNode-2] [INFO] [1775398226.814628648] [navNode]: 状态4：WaitAim--[A4]
1775398226.8154848 [navNode-2] [INFO] [1775398226.815183333] [navNode]: 未到目标点
1775398226.8156252 [navNode-2] 目标位置:(-0.25, 1.75, 0.8)-[A4]-[MCU:False]-[POS:False]
1775398226.8157456 [navNode-2] 当前位置:(-0.23173551261425018, 1.7987120151519775, 0.7373818755149841)
1775398226.8178780 [navNode-2] [INFO] [1775398226.817353566] [navNode]: MCU2 send back: Gdoing*
1775398226.8185382 [myMain-1] [INFO] [1775398226.817915468] [Ground]: MCU2 send back: Gdoing*
1775398226.9149883 [navNode-2] [INFO] [1775398226.914592133] [navNode]: 状态4：WaitAim--[A4]
1775398226.9154854 [navNode-2] [INFO] [1775398226.915143341] [navNode]: 未到目标点
1775398226.9155910 [navNode-2] 目标位置:(-0.25, 1.75, 0.8)-[A4]-[MCU:False]-[POS:False]
1775398226.9156351 [navNode-2] 当前位置:(-0.2319067120552063, 1.8014702796936035, 0.742760419845581)
1775398226.9376030 [myMain-1] [INFO] [1775398226.937227658] [Ground]: MCU2 send back: Gdoing*
1775398226.9379928 [navNode-2] [INFO] [1775398226.937389306] [navNode]: MCU2 send back: Gdoing*
1775398227.0161328 [navNode-2] [INFO] [1775398227.015622199] [navNode]: 状态4：WaitAim--[A4]
1775398227.0166447 [navNode-2] [INFO] [1775398227.016182484] [navNode]: 未到目标点
1775398227.0167813 [navNode-2] 目标位置:(-0.25, 1.75, 0.8)-[A4]-[MCU:False]-[POS:False]
1775398227.0168622 [navNode-2] 当前位置:(-0.23009616136550903, 1.8005502223968506, 0.7526281476020813)
1775398227.0597308 [navNode-2] [INFO] [1775398227.059434603] [navNode]: MCU2 send back: Gdoing*
1775398227.0601077 [myMain-1] [INFO] [1775398227.059542505] [Ground]: MCU2 send back: Gdoing*
1775398227.1141188 [navNode-2] [INFO] [1775398227.113813669] [navNode]: 状态4：WaitAim--[A4]
1775398227.1146495 [navNode-2] [INFO] [1775398227.114269694] [navNode]: 未到目标点
1775398227.1148005 [navNode-2] 目标位置:(-0.25, 1.75, 0.8)-[A4]-[MCU:False]-[POS:False]
1775398227.1148632 [navNode-2] 当前位置:(-0.2274266630411148, 1.801300287246704, 0.7622231841087341)
1775398227.1775498 [myMain-1] [INFO] [1775398227.177142658] [Ground]: MCU2 send back: Gdone*
1775398227.1779363 [navNode-2] [INFO] [1775398227.177219304] [navNode]: MCU2 send back: Gdone*
1775398227.1781399 [navNode-2] [INFO] [1775398227.177659312] [navNode]: mcu:已到目标点-[A4]
1775398227.2145250 [navNode-2] [INFO] [1775398227.214201297] [navNode]: 状态4：WaitAim--[A4]
1775398227.2150042 [navNode-2] [INFO] [1775398227.214745215] [navNode]: 已到目标点
1775398227.2150867 [navNode-2] 目标位置:A4:(-0.25, 1.75, 0.8)-[A4]-[MCU:True]-[POS:False]
1775398227.2151330 [navNode-2] 当前位置:(-0.2273901104927063, 1.8054735660552979, 0.7669342756271362)
1775398227.2151775 [navNode-2] 
1775398227.3144319 [navNode-2] [INFO] [1775398227.314024604] [navNode]: 状态5：ArriveAim--[A4]
1775398227.3373816 [navNode-2] [INFO] [1775398227.336905975] [navNode]: MCU2 send back: Gdone*
1775398227.3378077 [myMain-1] [INFO] [1775398227.336946818] [Ground]: MCU2 send back: Gdone*
1775398227.3379548 [navNode-2] [INFO] [1775398227.337374212] [navNode]: mcu:已到目标点-[A4]
1775398227.4152684 [navNode-2] [INFO] [1775398227.414908977] [navNode]: 状态6：Delay--[A4]
1775398227.5144463 [navNode-2] [INFO] [1775398227.514038447] [navNode]: 状态6：Delay--[A4]
1775398227.6150069 [navNode-2] [INFO] [1775398227.614373670] [navNode]: 状态6：Delay--[A4]
1775398227.7141867 [navNode-2] [INFO] [1775398227.713830431] [navNode]: 状态6：Delay--[A4]
1775398227.8149514 [navNode-2] [INFO] [1775398227.814643051] [navNode]: 状态6：Delay--[A4]
1775398227.9150581 [navNode-2] [INFO] [1775398227.914710188] [navNode]: 状态6：Delay--[A4]
1775398228.0149398 [navNode-2] [INFO] [1775398228.014450400] [navNode]: 状态6：Delay--[A4]
1775398228.1141379 [navNode-2] [INFO] [1775398228.113516555] [navNode]: 状态6：Delay--[A4]
1775398228.2143044 [navNode-2] [INFO] [1775398228.213939471] [navNode]: 状态6：Delay--[A4]
1775398228.3144307 [navNode-2] [INFO] [1775398228.314015030] [navNode]: 状态6：Delay--[A4]
1775398228.3599594 [navNode-2] [INFO] [1775398228.358899268] [navNode]: MCU2 send back: Gdone*
1775398228.3601747 [navNode-2] [INFO] [1775398228.359303523] [navNode]: mcu:已到目标点-[A4]
1775398228.3604536 [myMain-1] [INFO] [1775398228.359947222] [Ground]: MCU2 send back: Gdone*
1775398228.4143887 [navNode-2] [INFO] [1775398228.414085507] [navNode]: 状态6：Delay--[A4]
1775398228.5145037 [navNode-2] [INFO] [1775398228.514142396] [navNode]: 状态6：Delay--[A4]
1775398228.6151102 [navNode-2] [INFO] [1775398228.614755892] [navNode]: 状态6：Delay--[A4]
1775398228.7164657 [navNode-2] [INFO] [1775398228.715439647] [navNode]: 状态6：Delay--[A4]
1775398228.8150947 [navNode-2] [INFO] [1775398228.814761615] [navNode]: 状态6：Delay--[A4]
1775398228.9148676 [navNode-2] [INFO] [1775398228.914502074] [navNode]: 状态6：Delay--[A4]
1775398229.0152805 [navNode-2] [INFO] [1775398229.014897214] [navNode]: 状态6：Delay--[A4]
1775398229.1140332 [navNode-2] [INFO] [1775398229.113673722] [navNode]: 状态6：Delay--[A4]
1775398229.2151134 [navNode-2] [INFO] [1775398229.214728306] [navNode]: 状态6：Delay--[A4]
1775398229.3142719 [navNode-2] [INFO] [1775398229.313985824] [navNode]: 状态6：Delay--[A4]
1775398229.3802757 [navNode-2] [INFO] [1775398229.379485733] [navNode]: MCU2 send back: Gdone*
1775398229.3805058 [navNode-2] [INFO] [1775398229.379939338] [navNode]: mcu:已到目标点-[A4]
1775398229.3808739 [myMain-1] [INFO] [1775398229.379611149] [Ground]: MCU2 send back: Gdone*
1775398229.4142509 [navNode-2] [INFO] [1775398229.413787761] [navNode]: 状态6：Delay--[A4]
1775398229.4162774 [navNode-2] [INFO] [1775398229.415940465] [navNode]: 延时结束,QR识别结果:前，后
1775398229.5145702 [navNode-2] [INFO] [1775398229.514253482] [navNode]: 状态6：Delay--[A4]
1775398229.6149220 [navNode-2] [INFO] [1775398229.614412304] [navNode]: 状态3：SetAim--[A4]
1775398229.6294398 [navNode-2] [INFO] [1775398229.629155671] [navNode]: G-02500+17500+12000 发送成功 → 飞行站已调用：G-02500+17500+12000服务
1775398229.6567326 [myMain-1] [INFO] [1775398229.656277529] [Ground]: MCU2 send back: -02500+17500+12000
1775398229.6570916 [navNode-2] [INFO] [1775398229.656310684] [navNode]: MCU2 send back: -02500+17500+12000
1775398229.7148190 [navNode-2] [INFO] [1775398229.714358670] [navNode]: 状态4：WaitAim--[A1]
1775398229.7153542 [navNode-2] [INFO] [1775398229.714888654] [navNode]: 未到目标点
1775398229.7155063 [navNode-2] 目标位置:(-0.25, 1.75, 1.2)-[A1]-[MCU:False]-[POS:False]
1775398229.7155871 [navNode-2] 当前位置:(-0.23821838200092316, 1.8075284957885742, 0.8653680682182312)
1775398229.7397778 [myMain-1] [INFO] [1775398229.739438745] [Ground]: MCU2 send back: Gdoing*
1775398229.7401795 [navNode-2] [INFO] [1775398229.739693907] [navNode]: MCU2 send back: Gdoing*
1775398229.8148661 [navNode-2] [INFO] [1775398229.814550375] [navNode]: 状态4：WaitAim--[A1]
1775398229.8153427 [navNode-2] [INFO] [1775398229.815045348] [navNode]: 未到目标点
1775398229.8154345 [navNode-2] 目标位置:(-0.25, 1.75, 1.2)-[A1]-[MCU:False]-[POS:False]
1775398229.8154817 [navNode-2] 当前位置:(-0.2434287965297699, 1.8003721237182617, 0.8614246845245361)
1775398229.8599744 [navNode-2] [INFO] [1775398229.859644631] [navNode]: MCU2 send back: Gdoing*
1775398229.8611400 [myMain-1] [INFO] [1775398229.860889816] [Ground]: MCU2 send back: Gdoing*
1775398229.9141190 [navNode-2] [INFO] [1775398229.913816708] [navNode]: 状态4：WaitAim--[A1]
1775398229.9145551 [navNode-2] [INFO] [1775398229.914315372] [navNode]: 未到目标点
1775398229.9146349 [navNode-2] 目标位置:(-0.25, 1.75, 1.2)-[A1]-[MCU:False]-[POS:False]
1775398229.9147055 [navNode-2] 当前位置:(-0.2469300627708435, 1.7884750366210938, 0.8662243485450745)
1775398229.9813688 [navNode-2] [INFO] [1775398229.980721852] [navNode]: MCU2 send back: Gdoing*
1775398229.9817498 [myMain-1] [INFO] [1775398229.980913851] [Ground]: MCU2 send back: Gdoing*
1775398230.0140257 [navNode-2] [INFO] [1775398230.013728850] [navNode]: 状态4：WaitAim--[A1]
1775398230.0144830 [navNode-2] [INFO] [1775398230.014259670] [navNode]: 未到目标点
1775398230.0145612 [navNode-2] 目标位置:(-0.25, 1.75, 1.2)-[A1]-[MCU:False]-[POS:False]
1775398230.0146155 [navNode-2] 当前位置:(-0.2505039870738983, 1.7891563177108765, 0.8837020993232727)
1775398230.1016605 [navNode-2] [INFO] [1775398230.101107197] [navNode]: MCU2 send back: Gdoing*
1775398230.1029501 [myMain-1] [INFO] [1775398230.102682820] [Ground]: MCU2 send back: Gdoing*
1775398230.1146042 [navNode-2] [INFO] [1775398230.114210268] [navNode]: 状态4：WaitAim--[A1]
1775398230.1156476 [navNode-2] [INFO] [1775398230.114844875] [navNode]: 未到目标点
1775398230.1157777 [navNode-2] 目标位置:(-0.25, 1.75, 1.2)-[A1]-[MCU:False]-[POS:False]
1775398230.1158392 [navNode-2] 当前位置:(-0.25371772050857544, 1.7855892181396484, 0.9016602039337158)
1775398230.2162268 [navNode-2] [INFO] [1775398230.215869580] [navNode]: 状态4：WaitAim--[A1]
1775398230.2166462 [navNode-2] [INFO] [1775398230.216436190] [navNode]: 未到目标点
1775398230.2167385 [navNode-2] 目标位置:(-0.25, 1.75, 1.2)-[A1]-[MCU:False]-[POS:False]
1775398230.2168033 [navNode-2] 当前位置:(-0.2561574876308441, 1.7835196256637573, 0.9263579249382019)
1775398230.2217369 [navNode-2] [INFO] [1775398230.220887658] [navNode]: MCU2 send back: Gdoing*
1775398230.2220917 [myMain-1] [INFO] [1775398230.221362481] [Ground]: MCU2 send back: Gdoing*
1775398230.3155525 [navNode-2] [INFO] [1775398230.315118001] [navNode]: 状态4：WaitAim--[A1]
1775398230.3159535 [navNode-2] [INFO] [1775398230.315638961] [navNode]: 未到目标点
1775398230.3160524 [navNode-2] 目标位置:(-0.25, 1.75, 1.2)-[A1]-[MCU:False]-[POS:False]
1775398230.3161077 [navNode-2] 当前位置:(-0.2603215277194977, 1.7708868980407715, 0.950526773929596)
1775398230.3405666 [myMain-1] [INFO] [1775398230.340266793] [Ground]: MCU2 send back: Gdoing*
1775398230.3409293 [navNode-2] [INFO] [1775398230.340445416] [navNode]: MCU2 send back: Gdoing*
1775398230.4150808 [navNode-2] [INFO] [1775398230.414220624] [navNode]: 状态4：WaitAim--[A1]
1775398230.4152706 [navNode-2] [INFO] [1775398230.414751969] [navNode]: 未到目标点
1775398230.4153218 [navNode-2] 目标位置:(-0.25, 1.75, 1.2)-[A1]-[MCU:False]-[POS:False]
1775398230.4153631 [navNode-2] 当前位置:(-0.2625580430030823, 1.7797207832336426, 0.9813501834869385)
1775398230.4613512 [myMain-1] [INFO] [1775398230.460971553] [Ground]: MCU2 send back: Gdoing*
1775398230.4618549 [navNode-2] [INFO] [1775398230.461716723] [navNode]: MCU2 send back: Gdoing*
1775398230.5158401 [navNode-2] [INFO] [1775398230.514964633] [navNode]: 状态4：WaitAim--[A1]
1775398230.5160799 [navNode-2] [INFO] [1775398230.515444394] [navNode]: 未到目标点
1775398230.5161405 [navNode-2] 目标位置:(-0.25, 1.75, 1.2)-[A1]-[MCU:False]-[POS:False]
1775398230.5161858 [navNode-2] 当前位置:(-0.26520243287086487, 1.7752472162246704, 1.0094705820083618)
1775398230.5836985 [myMain-1] [INFO] [1775398230.583218097] [Ground]: MCU2 send back: Gdoing*
1775398230.5844908 [navNode-2] [INFO] [1775398230.583276583] [navNode]: MCU2 send back: Gdoing*
1775398230.6149938 [navNode-2] [INFO] [1775398230.614159073] [navNode]: 状态4：WaitAim--[A1]
1775398230.6152394 [navNode-2] [INFO] [1775398230.614637139] [navNode]: 未到目标点
1775398230.6153255 [navNode-2] 目标位置:(-0.25, 1.75, 1.2)-[A1]-[MCU:False]-[POS:False]
1775398230.6153722 [navNode-2] 当前位置:(-0.26796290278434753, 1.7760863304138184, 1.039126992225647)
1775398230.7020836 [navNode-2] [INFO] [1775398230.701748402] [navNode]: MCU2 send back: Gdoing*
1775398230.7027535 [myMain-1] [INFO] [1775398230.702556009] [Ground]: MCU2 send back: Gdoing*
1775398230.7154081 [navNode-2] [INFO] [1775398230.713968079] [navNode]: 状态4：WaitAim--[A1]
1775398230.7156339 [navNode-2] [INFO] [1775398230.714432459] [navNode]: 未到目标点
1775398230.7157047 [navNode-2] 目标位置:(-0.25, 1.75, 1.2)-[A1]-[MCU:False]-[POS:False]
1775398230.7157505 [navNode-2] 当前位置:(-0.26962822675704956, 1.7621616125106812, 1.0625627040863037)
1775398230.8156989 [navNode-2] [INFO] [1775398230.815141077] [navNode]: 状态4：WaitAim--[A1]
1775398230.8161304 [navNode-2] [INFO] [1775398230.815621149] [navNode]: 未到目标点
1775398230.8162570 [navNode-2] 目标位置:(-0.25, 1.75, 1.2)-[A1]-[MCU:False]-[POS:False]
1775398230.8163159 [navNode-2] 当前位置:(-0.272249698638916, 1.7561264038085938, 1.0827388763427734)
1775398230.8232114 [myMain-1] [INFO] [1775398230.822830375] [Ground]: MCU2 send back: Gdoing*
1775398230.8235738 [navNode-2] [INFO] [1775398230.823410558] [navNode]: MCU2 send back: Gdoing*
1775398230.9144704 [navNode-2] [INFO] [1775398230.914116726] [navNode]: 状态4：WaitAim--[A1]
1775398230.9149926 [navNode-2] [INFO] [1775398230.914882851] [navNode]: 未到目标点
1775398230.9150925 [navNode-2] 目标位置:(-0.25, 1.75, 1.2)-[A1]-[MCU:False]-[POS:False]
1775398230.9151404 [navNode-2] 当前位置:(-0.27231478691101074, 1.754320740699768, 1.102782130241394)
1775398230.9417331 [myMain-1] [INFO] [1775398230.941386836] [Ground]: MCU2 send back: Gdoing*
1775398230.9420953 [navNode-2] [INFO] [1775398230.941504611] [navNode]: MCU2 send back: Gdoing*
1775398231.0154054 [navNode-2] [INFO] [1775398231.014934749] [navNode]: 状态4：WaitAim--[A1]
1775398231.0160038 [navNode-2] [INFO] [1775398231.015715007] [navNode]: 未到目标点
1775398231.0161695 [navNode-2] 目标位置:(-0.25, 1.75, 1.2)-[A1]-[MCU:False]-[POS:False]
1775398231.0162506 [navNode-2] 当前位置:(-0.27361515164375305, 1.7493678331375122, 1.1197242736816406)
1775398231.0616345 [myMain-1] [INFO] [1775398231.061279627] [Ground]: MCU2 send back: Gdoing*
1775398231.0622003 [navNode-2] [INFO] [1775398231.062001190] [navNode]: MCU2 send back: Gdoing*
1775398231.1143119 [navNode-2] [INFO] [1775398231.113985578] [navNode]: 状态4：WaitAim--[A1]
1775398231.1148419 [navNode-2] [INFO] [1775398231.114460309] [navNode]: 未到目标点
1775398231.1149392 [navNode-2] 目标位置:(-0.25, 1.75, 1.2)-[A1]-[MCU:False]-[POS:False]
1775398231.1149874 [navNode-2] 当前位置:(-0.27387145161628723, 1.7409682273864746, 1.135345220565796)
1775398231.1848578 [myMain-1] [INFO] [1775398231.184217516] [Ground]: MCU2 send back: Gdone*
1775398231.1865623 [navNode-2] [INFO] [1775398231.186261943] [navNode]: MCU2 send back: Gdone*
1775398231.1869802 [navNode-2] [INFO] [1775398231.186786055] [navNode]: mcu:已到目标点-[A1]
1775398231.2150710 [navNode-2] [INFO] [1775398231.214590721] [navNode]: 状态4：WaitAim--[A1]
1775398231.2156687 [navNode-2] [INFO] [1775398231.215285565] [navNode]: 已到目标点
1775398231.2158020 [navNode-2] 目标位置:A1:(-0.25, 1.75, 1.2)-[A1]-[MCU:True]-[POS:False]
1775398231.2158587 [navNode-2] 当前位置:(-0.27249425649642944, 1.7394368648529053, 1.1476472616195679)
1775398231.2159071 [navNode-2] 
1775398231.3153880 [navNode-2] [INFO] [1775398231.315059216] [navNode]: 状态5：ArriveAim--[A1]
1775398231.4146082 [navNode-2] [INFO] [1775398231.414110864] [navNode]: 状态6：Delay--[A1]
1775398231.4219394 [navNode-2] [INFO] [1775398231.421672542] [navNode]: MCU2 send back: Gdone*
1775398231.4222641 [myMain-1] [INFO] [1775398231.421932358] [Ground]: MCU2 send back: Gdone*
1775398231.4224305 [navNode-2] [INFO] [1775398231.422164782] [navNode]: mcu:已到目标点-[A1]
1775398231.5147641 [navNode-2] [INFO] [1775398231.514388961] [navNode]: 状态6：Delay--[A1]
1775398231.6142120 [navNode-2] [INFO] [1775398231.613809244] [navNode]: 状态6：Delay--[A1]
1775398231.7140670 [navNode-2] [INFO] [1775398231.713765288] [navNode]: 状态6：Delay--[A1]
1775398231.8143470 [navNode-2] [INFO] [1775398231.814005461] [navNode]: 状态6：Delay--[A1]
1775398231.9153771 [navNode-2] [INFO] [1775398231.915066060] [navNode]: 状态6：Delay--[A1]
1775398232.0154207 [navNode-2] [INFO] [1775398232.014900942] [navNode]: 状态6：Delay--[A1]
1775398232.1148744 [navNode-2] [INFO] [1775398232.114503909] [navNode]: 状态6：Delay--[A1]
1775398232.2149401 [navNode-2] [INFO] [1775398232.214488540] [navNode]: 状态6：Delay--[A1]
1775398232.3141899 [navNode-2] [INFO] [1775398232.313802415] [navNode]: 状态6：Delay--[A1]
1775398232.4147274 [navNode-2] [INFO] [1775398232.414352430] [navNode]: 状态6：Delay--[A1]
1775398232.4427066 [myMain-1] [INFO] [1775398232.442416757] [Ground]: MCU2 send back: Gdone*
1775398232.4435797 [navNode-2] [INFO] [1775398232.443374793] [navNode]: MCU2 send back: Gdone*
1775398232.4438572 [navNode-2] [INFO] [1775398232.443729336] [navNode]: mcu:已到目标点-[A1]
1775398232.5145659 [navNode-2] [INFO] [1775398232.514107004] [navNode]: 状态6：Delay--[A1]
1775398232.6143057 [navNode-2] [INFO] [1775398232.613981485] [navNode]: 状态6：Delay--[A1]
1775398232.7159991 [navNode-2] [INFO] [1775398232.715573923] [navNode]: 状态6：Delay--[A1]
1775398232.8140969 [navNode-2] [INFO] [1775398232.813776512] [navNode]: 状态6：Delay--[A1]
1775398232.9159722 [navNode-2] [INFO] [1775398232.915548574] [navNode]: 状态6：Delay--[A1]
1775398233.0147235 [navNode-2] [INFO] [1775398233.014310768] [navNode]: 状态6：Delay--[A1]
1775398233.1144457 [navNode-2] [INFO] [1775398233.114009566] [navNode]: 状态6：Delay--[A1]
1775398233.2144072 [navNode-2] [INFO] [1775398233.213979309] [navNode]: 状态6：Delay--[A1]
1775398233.3141315 [navNode-2] [INFO] [1775398233.313767751] [navNode]: 状态6：Delay--[A1]
1775398233.4146748 [navNode-2] [INFO] [1775398233.414205610] [navNode]: 状态6：Delay--[A1]
1775398233.4155760 [navNode-2] [INFO] [1775398233.415279533] [navNode]: 延时结束,QR识别结果:前，后
1775398233.4646072 [myMain-1] [INFO] [1775398233.464200809] [Ground]: MCU2 send back: Gdone*
1775398233.4649835 [navNode-2] [INFO] [1775398233.464658876] [navNode]: MCU2 send back: Gdone*
1775398233.4651964 [navNode-2] [INFO] [1775398233.465102958] [navNode]: mcu:已到目标点-[A1]
1775398233.5152128 [navNode-2] [INFO] [1775398233.514859772] [navNode]: 状态6：Delay--[A1]
1775398233.6143177 [navNode-2] [INFO] [1775398233.613680278] [navNode]: 状态3：SetAim--[A1]
1775398233.6245821 [navNode-2] [INFO] [1775398233.624286577] [navNode]: G-02500+20000+07000 发送成功 → 飞行站已调用：G-02500+20000+07000服务
1775398233.6528890 [navNode-2] [INFO] [1775398233.652422201] [navNode]: MCU2 send back: -02500+20000+07000
1775398233.6535592 [myMain-1] [INFO] [1775398233.652599133] [Ground]: MCU2 send back: -02500+20000+07000
1775398233.7163081 [navNode-2] [INFO] [1775398233.715869786] [navNode]: 状态4：WaitAim--[UpSide1]
1775398233.7170501 [navNode-2] [INFO] [1775398233.716725246] [navNode]: 未到目标点
1775398233.7172153 [navNode-2] 目标位置:(-0.25, 2.0, 0.7)-[UpSide1]-[MCU:False]-[POS:False]
1775398233.7172987 [navNode-2] 当前位置:(-0.2591911256313324, 1.7382997274398804, 1.2338101863861084)
1775398233.7449849 [myMain-1] [INFO] [1775398233.744444654] [Ground]: MCU2 send back: Gdoing*
1775398233.7456264 [navNode-2] [INFO] [1775398233.745327564] [navNode]: MCU2 send back: Gdoing*
1775398233.8165174 [navNode-2] [INFO] [1775398233.816134024] [navNode]: 状态4：WaitAim--[UpSide1]
1775398233.8169699 [navNode-2] [INFO] [1775398233.816714344] [navNode]: 未到目标点
1775398233.8170590 [navNode-2] 目标位置:(-0.25, 2.0, 0.7)-[UpSide1]-[MCU:False]-[POS:False]
1775398233.8171153 [navNode-2] 当前位置:(-0.2570059895515442, 1.7400181293487549, 1.2347928285598755)
1775398233.8655257 [myMain-1] [INFO] [1775398233.865031463] [Ground]: MCU2 send back: Gdoing*
1775398233.8674097 [navNode-2] [INFO] [1775398233.866357563] [navNode]: MCU2 send back: Gdoing*
1775398233.9156342 [navNode-2] [INFO] [1775398233.914872021] [navNode]: 状态4：WaitAim--[UpSide1]
1775398233.9161179 [navNode-2] [INFO] [1775398233.915419736] [navNode]: 未到目标点
1775398233.9162149 [navNode-2] 目标位置:(-0.25, 2.0, 0.7)-[UpSide1]-[MCU:False]-[POS:False]
1775398233.9162650 [navNode-2] 当前位置:(-0.2565116584300995, 1.7542784214019775, 1.2341504096984863)
1775398233.9868879 [navNode-2] [INFO] [1775398233.986003626] [navNode]: MCU2 send back: Gdoing*
1775398233.9873641 [myMain-1] [INFO] [1775398233.986620308] [Ground]: MCU2 send back: Gdoing*
1775398234.0150239 [navNode-2] [INFO] [1775398234.014682212] [navNode]: 状态4：WaitAim--[UpSide1]
1775398234.0155604 [navNode-2] [INFO] [1775398234.015197280] [navNode]: 未到目标点
1775398234.0156806 [navNode-2] 目标位置:(-0.25, 2.0, 0.7)-[UpSide1]-[MCU:False]-[POS:False]
1775398234.0157304 [navNode-2] 当前位置:(-0.2551587224006653, 1.7548563480377197, 1.2233141660690308)
1775398234.1052825 [navNode-2] [INFO] [1775398234.104928314] [navNode]: MCU2 send back: Gdoing*
1775398234.1057298 [myMain-1] [INFO] [1775398234.105442495] [Ground]: MCU2 send back: Gdoing*
1775398234.1148474 [navNode-2] [INFO] [1775398234.113886942] [navNode]: 状态4：WaitAim--[UpSide1]
1775398234.1152859 [navNode-2] [INFO] [1775398234.115105329] [navNode]: 未到目标点
1775398234.1153615 [navNode-2] 目标位置:(-0.25, 2.0, 0.7)-[UpSide1]-[MCU:False]-[POS:False]
1775398234.1154113 [navNode-2] 当前位置:(-0.2543012499809265, 1.763399362564087, 1.2119104862213135)
1775398234.2147043 [navNode-2] [INFO] [1775398234.214276554] [navNode]: 状态4：WaitAim--[UpSide1]
1775398234.2151291 [navNode-2] [INFO] [1775398234.214851315] [navNode]: 未到目标点
1775398234.2152541 [navNode-2] 目标位置:(-0.25, 2.0, 0.7)-[UpSide1]-[MCU:False]-[POS:False]
1775398234.2153115 [navNode-2] 当前位置:(-0.2550598978996277, 1.7665091753005981, 1.1958389282226562)
1775398234.2253227 [myMain-1] [INFO] [1775398234.224839477] [Ground]: MCU2 send back: Gdoing*
1775398234.2258165 [navNode-2] [INFO] [1775398234.225021378] [navNode]: MCU2 send back: Gdoing*
1775398234.3150721 [navNode-2] [INFO] [1775398234.314646828] [navNode]: 状态4：WaitAim--[UpSide1]
1775398234.3155692 [navNode-2] [INFO] [1775398234.315336580] [navNode]: 未到目标点
1775398234.3156593 [navNode-2] 目标位置:(-0.25, 2.0, 0.7)-[UpSide1]-[MCU:False]-[POS:False]
1775398234.3157148 [navNode-2] 当前位置:(-0.2555302083492279, 1.7872964143753052, 1.1782429218292236)
1775398234.3456378 [myMain-1] [INFO] [1775398234.345278008] [Ground]: MCU2 send back: Gdoing*
1775398234.3464391 [navNode-2] [INFO] [1775398234.346230312] [navNode]: MCU2 send back: Gdoing*
1775398234.4141762 [navNode-2] [INFO] [1775398234.413853552] [navNode]: 状态4：WaitAim--[UpSide1]
1775398234.4146037 [navNode-2] [INFO] [1775398234.414347651] [navNode]: 未到目标点
1775398234.4147127 [navNode-2] 目标位置:(-0.25, 2.0, 0.7)-[UpSide1]-[MCU:False]-[POS:False]
1775398234.4147792 [navNode-2] 当前位置:(-0.25664791464805603, 1.7995580434799194, 1.16409170627594)
1775398234.4658124 [myMain-1] [INFO] [1775398234.465424636] [Ground]: MCU2 send back: Gdoing*
1775398234.4664974 [navNode-2] [INFO] [1775398234.466284801] [navNode]: MCU2 send back: Gdoing*
1775398234.5143349 [navNode-2] [INFO] [1775398234.513848312] [navNode]: 状态4：WaitAim--[UpSide1]
1775398234.5149691 [navNode-2] [INFO] [1775398234.514390997] [navNode]: 未到目标点
1775398234.5151007 [navNode-2] 目标位置:(-0.25, 2.0, 0.7)-[UpSide1]-[MCU:False]-[POS:False]
1775398234.5153680 [navNode-2] 当前位置:(-0.25821906328201294, 1.8220516443252563, 1.146854043006897)
1775398234.5865381 [myMain-1] [INFO] [1775398234.586050644] [Ground]: MCU2 send back: Gdoing*
1775398234.5881054 [navNode-2] [INFO] [1775398234.587770942] [navNode]: MCU2 send back: Gdoing*
1775398234.6154997 [navNode-2] [INFO] [1775398234.615137029] [navNode]: 状态4：WaitAim--[UpSide1]
1775398234.6159203 [navNode-2] [INFO] [1775398234.615669667] [navNode]: 未到目标点
1775398234.6160138 [navNode-2] 目标位置:(-0.25, 2.0, 0.7)-[UpSide1]-[MCU:False]-[POS:False]
1775398234.6160743 [navNode-2] 当前位置:(-0.2588196098804474, 1.8363361358642578, 1.130886197090149)
1775398234.7075660 [navNode-2] [INFO] [1775398234.707141436] [navNode]: MCU2 send back: Gdoing*
1775398234.7079582 [myMain-1] [INFO] [1775398234.707302497] [Ground]: MCU2 send back: Gdoing*
1775398234.7147806 [navNode-2] [INFO] [1775398234.714445556] [navNode]: 状态4：WaitAim--[UpSide1]
1775398234.7152658 [navNode-2] [INFO] [1775398234.714942587] [navNode]: 未到目标点
1775398234.7154191 [navNode-2] 目标位置:(-0.25, 2.0, 0.7)-[UpSide1]-[MCU:False]-[POS:False]
1775398234.7155242 [navNode-2] 当前位置:(-0.25843751430511475, 1.857372522354126, 1.1105337142944336)
1775398234.8150959 [navNode-2] [INFO] [1775398234.814436386] [navNode]: 状态4：WaitAim--[UpSide1]
1775398234.8155031 [navNode-2] [INFO] [1775398234.814901535] [navNode]: 未到目标点
1775398234.8155813 [navNode-2] 目标位置:(-0.25, 2.0, 0.7)-[UpSide1]-[MCU:False]-[POS:False]
1775398234.8156233 [navNode-2] 当前位置:(-0.2585775554180145, 1.8775345087051392, 1.0913106203079224)
1775398234.8260593 [myMain-1] [INFO] [1775398234.825654871] [Ground]: MCU2 send back: Gdoing*
1775398234.8265591 [navNode-2] [INFO] [1775398234.825809294] [navNode]: MCU2 send back: Gdoing*
1775398234.9152684 [navNode-2] [INFO] [1775398234.914918756] [navNode]: 状态4：WaitAim--[UpSide1]
1775398234.9156849 [navNode-2] [INFO] [1775398234.915422520] [navNode]: 未到目标点
1775398234.9157701 [navNode-2] 目标位置:(-0.25, 2.0, 0.7)-[UpSide1]-[MCU:False]-[POS:False]
1775398234.9158211 [navNode-2] 当前位置:(-0.2593272924423218, 1.8844631910324097, 1.0736267566680908)
1775398234.9461811 [myMain-1] [INFO] [1775398234.945834848] [Ground]: MCU2 send back: Gdoing*
1775398234.9466009 [navNode-2] [INFO] [1775398234.946055481] [navNode]: MCU2 send back: Gdoing*
1775398235.0143628 [navNode-2] [INFO] [1775398235.013929425] [navNode]: 状态4：WaitAim--[UpSide1]
1775398235.0148888 [navNode-2] [INFO] [1775398235.014522940] [navNode]: 未到目标点
1775398235.0149739 [navNode-2] 目标位置:(-0.25, 2.0, 0.7)-[UpSide1]-[MCU:False]-[POS:False]
1775398235.0150249 [navNode-2] 当前位置:(-0.25939786434173584, 1.9104909896850586, 1.0576586723327637)
1775398235.0665138 [navNode-2] [INFO] [1775398235.066118006] [navNode]: MCU2 send back: Gdoing*
1775398235.0669909 [myMain-1] [INFO] [1775398235.066291579] [Ground]: MCU2 send back: Gdoing*
1775398235.1145751 [navNode-2] [INFO] [1775398235.114204216] [navNode]: 状态4：WaitAim--[UpSide1]
1775398235.1150653 [navNode-2] [INFO] [1775398235.114707312] [navNode]: 未到目标点
1775398235.1151931 [navNode-2] 目标位置:(-0.25, 2.0, 0.7)-[UpSide1]-[MCU:False]-[POS:False]
1775398235.1152780 [navNode-2] 当前位置:(-0.26314130425453186, 1.9144842624664307, 1.040474534034729)
1775398235.1868031 [navNode-2] [INFO] [1775398235.186249986] [navNode]: MCU2 send back: Gdoing*
1775398235.1873534 [myMain-1] [INFO] [1775398235.187188330] [Ground]: MCU2 send back: Gdoing*
1775398235.2143586 [navNode-2] [INFO] [1775398235.214036773] [navNode]: 状态4：WaitAim--[UpSide1]
1775398235.2147634 [navNode-2] [INFO] [1775398235.214489880] [navNode]: 未到目标点
1775398235.2148457 [navNode-2] 目标位置:(-0.25, 2.0, 0.7)-[UpSide1]-[MCU:False]-[POS:False]
1775398235.2148924 [navNode-2] 当前位置:(-0.26445674896240234, 1.9303600788116455, 1.0209431648254395)
1775398235.3073030 [myMain-1] [INFO] [1775398235.306868164] [Ground]: MCU2 send back: Gdoing*
1775398235.3076549 [navNode-2] [INFO] [1775398235.306943730] [navNode]: MCU2 send back: Gdoing*
1775398235.3147039 [navNode-2] [INFO] [1775398235.314323887] [navNode]: 状态4：WaitAim--[UpSide1]
1775398235.3151095 [navNode-2] [INFO] [1775398235.314829067] [navNode]: 未到目标点
1775398235.3152087 [navNode-2] 目标位置:(-0.25, 2.0, 0.7)-[UpSide1]-[MCU:False]-[POS:False]
1775398235.3152883 [navNode-2] 当前位置:(-0.2674769461154938, 1.9387158155441284, 1.0028815269470215)
1775398235.4157186 [navNode-2] [INFO] [1775398235.415293806] [navNode]: 状态4：WaitAim--[UpSide1]
1775398235.4161012 [navNode-2] [INFO] [1775398235.415821412] [navNode]: 未到目标点
1775398235.4161663 [navNode-2] 目标位置:(-0.25, 2.0, 0.7)-[UpSide1]-[MCU:False]-[POS:False]
1775398235.4162080 [navNode-2] 当前位置:(-0.2692679762840271, 1.9468282461166382, 0.9866068959236145)
1775398235.4267924 [navNode-2] [INFO] [1775398235.425941967] [navNode]: MCU2 send back: Gdoing*
1775398235.4271610 [myMain-1] [INFO] [1775398235.426495353] [Ground]: MCU2 send back: Gdoing*
1775398235.5143030 [navNode-2] [INFO] [1775398235.513895084] [navNode]: 状态4：WaitAim--[UpSide1]
1775398235.5146842 [navNode-2] [INFO] [1775398235.514360626] [navNode]: 未到目标点
1775398235.5147951 [navNode-2] 目标位置:(-0.25, 2.0, 0.7)-[UpSide1]-[MCU:False]-[POS:False]
1775398235.5148525 [navNode-2] 当前位置:(-0.2715524733066559, 1.9616365432739258, 0.9676958322525024)
1775398235.5482199 [navNode-2] [INFO] [1775398235.547608105] [navNode]: MCU2 send back: Gdoing*
1775398235.5486288 [myMain-1] [INFO] [1775398235.547963283] [Ground]: MCU2 send back: Gdoing*
1775398235.6151321 [navNode-2] [INFO] [1775398235.614415769] [navNode]: 状态4：WaitAim--[UpSide1]
1775398235.6155844 [navNode-2] [INFO] [1775398235.614962475] [navNode]: 未到目标点
1775398235.6156986 [navNode-2] 目标位置:(-0.25, 2.0, 0.7)-[UpSide1]-[MCU:False]-[POS:False]
1775398235.6157670 [navNode-2] 当前位置:(-0.27125200629234314, 1.965623378753662, 0.9537326693534851)
1775398235.6677916 [myMain-1] [INFO] [1775398235.667347690] [Ground]: MCU2 send back: Gdoing*
1775398235.6681285 [navNode-2] [INFO] [1775398235.667387527] [navNode]: MCU2 send back: Gdoing*
1775398235.7147298 [navNode-2] [INFO] [1775398235.714434409] [navNode]: 状态4：WaitAim--[UpSide1]
1775398235.7151468 [navNode-2] [INFO] [1775398235.714929989] [navNode]: 未到目标点
1775398235.7152314 [navNode-2] 目标位置:(-0.25, 2.0, 0.7)-[UpSide1]-[MCU:False]-[POS:False]
1775398235.7152805 [navNode-2] 当前位置:(-0.2744769752025604, 1.9715920686721802, 0.9321236610412598)
1775398235.7878160 [navNode-2] [INFO] [1775398235.787447934] [navNode]: MCU2 send back: Gdoing*
1775398235.7883248 [myMain-1] [INFO] [1775398235.788027165] [Ground]: MCU2 send back: Gdoing*
1775398235.8143566 [navNode-2] [INFO] [1775398235.813970351] [navNode]: 状态4：WaitAim--[UpSide1]
1775398235.8148117 [navNode-2] [INFO] [1775398235.814481299] [navNode]: 未到目标点
1775398235.8148968 [navNode-2] 目标位置:(-0.25, 2.0, 0.7)-[UpSide1]-[MCU:False]-[POS:False]
1775398235.8149464 [navNode-2] 当前位置:(-0.2759953439235687, 1.9801665544509888, 0.9131081104278564)
1775398235.9108269 [navNode-2] [INFO] [1775398235.910433168] [navNode]: MCU2 send back: Gdoing*
1775398235.9123449 [myMain-1] [INFO] [1775398235.911809796] [Ground]: MCU2 send back: Gdoing*
1775398235.9139514 [navNode-2] [INFO] [1775398235.913671136] [navNode]: 状态4：WaitAim--[UpSide1]
1775398235.9144709 [navNode-2] [INFO] [1775398235.914268516] [navNode]: 未到目标点
1775398235.9145892 [navNode-2] 目标位置:(-0.25, 2.0, 0.7)-[UpSide1]-[MCU:False]-[POS:False]
1775398235.9146495 [navNode-2] 当前位置:(-0.2744322121143341, 1.9900741577148438, 0.8964865803718567)
1775398236.0149417 [navNode-2] [INFO] [1775398236.014532642] [navNode]: 状态4：WaitAim--[UpSide1]
1775398236.0153339 [navNode-2] [INFO] [1775398236.015039463] [navNode]: 未到目标点
1775398236.0154171 [navNode-2] 目标位置:(-0.25, 2.0, 0.7)-[UpSide1]-[MCU:False]-[POS:False]
1775398236.0154970 [navNode-2] 当前位置:(-0.2740076780319214, 1.9907656908035278, 0.8823105692863464)
1775398236.0298135 [myMain-1] [INFO] [1775398236.028937825] [Ground]: MCU2 send back: Gdoing*
1775398236.0301311 [navNode-2] [INFO] [1775398236.029340634] [navNode]: MCU2 send back: Gdoing*
1775398236.1151540 [navNode-2] [INFO] [1775398236.114799621] [navNode]: 状态4：WaitAim--[UpSide1]
1775398236.1156020 [navNode-2] [INFO] [1775398236.115287401] [navNode]: 未到目标点
1775398236.1157136 [navNode-2] 目标位置:(-0.25, 2.0, 0.7)-[UpSide1]-[MCU:False]-[POS:False]
1775398236.1157713 [navNode-2] 当前位置:(-0.2739280164241791, 1.9924169778823853, 0.8670352101325989)
1775398236.1490417 [navNode-2] [INFO] [1775398236.148071214] [navNode]: MCU2 send back: Gdoing*
1775398236.1494894 [myMain-1] [INFO] [1775398236.148792915] [Ground]: MCU2 send back: Gdoing*
1775398236.2144449 [navNode-2] [INFO] [1775398236.213994498] [navNode]: 状态4：WaitAim--[UpSide1]
1775398236.2152936 [navNode-2] [INFO] [1775398236.214996963] [navNode]: 未到目标点
1775398236.2154632 [navNode-2] 目标位置:(-0.25, 2.0, 0.7)-[UpSide1]-[MCU:False]-[POS:False]
1775398236.2155254 [navNode-2] 当前位置:(-0.27255547046661377, 2.000718832015991, 0.8549471497535706)
1775398236.2684197 [navNode-2] [INFO] [1775398236.267901503] [navNode]: MCU2 send back: Gdoing*
1775398236.2687607 [myMain-1] [INFO] [1775398236.268028091] [Ground]: MCU2 send back: Gdoing*
1775398236.3145247 [navNode-2] [INFO] [1775398236.314143244] [navNode]: 状态4：WaitAim--[UpSide1]
1775398236.3149908 [navNode-2] [INFO] [1775398236.314634337] [navNode]: 未到目标点
1775398236.3150713 [navNode-2] 目标位置:(-0.25, 2.0, 0.7)-[UpSide1]-[MCU:False]-[POS:False]
1775398236.3151331 [navNode-2] 当前位置:(-0.27316638827323914, 2.0030956268310547, 0.8445753455162048)
1775398236.3900766 [myMain-1] [INFO] [1775398236.389724147] [Ground]: MCU2 send back: Gdoing*
1775398236.3907390 [navNode-2] [INFO] [1775398236.390456063] [navNode]: MCU2 send back: Gdoing*
1775398236.4161844 [navNode-2] [INFO] [1775398236.415678642] [navNode]: 状态4：WaitAim--[UpSide1]
1775398236.4166634 [navNode-2] [INFO] [1775398236.416332462] [navNode]: 未到目标点
1775398236.4167469 [navNode-2] 目标位置:(-0.25, 2.0, 0.7)-[UpSide1]-[MCU:False]-[POS:False]
1775398236.4168012 [navNode-2] 当前位置:(-0.27372440695762634, 1.9983034133911133, 0.8335520625114441)
1775398236.5097611 [navNode-2] [INFO] [1775398236.509270646] [navNode]: MCU2 send back: Gdoing*
1775398236.5104258 [myMain-1] [INFO] [1775398236.510189107] [Ground]: MCU2 send back: Gdoing*
1775398236.5143993 [navNode-2] [INFO] [1775398236.514075071] [navNode]: 状态4：WaitAim--[UpSide1]
1775398236.5148232 [navNode-2] [INFO] [1775398236.514572519] [navNode]: 未到目标点
1775398236.5149136 [navNode-2] 目标位置:(-0.25, 2.0, 0.7)-[UpSide1]-[MCU:False]-[POS:False]
1775398236.5149646 [navNode-2] 当前位置:(-0.27242395281791687, 2.000248908996582, 0.8284580111503601)
1775398236.6153326 [navNode-2] [INFO] [1775398236.614941037] [navNode]: 状态4：WaitAim--[UpSide1]
1775398236.6157725 [navNode-2] [INFO] [1775398236.615464303] [navNode]: 未到目标点
1775398236.6158941 [navNode-2] 目标位置:(-0.25, 2.0, 0.7)-[UpSide1]-[MCU:False]-[POS:False]
1775398236.6159563 [navNode-2] 当前位置:(-0.273042768239975, 2.0056211948394775, 0.8169209957122803)
1775398236.6296170 [myMain-1] [INFO] [1775398236.629241849] [Ground]: MCU2 send back: Gdoing*
1775398236.6300945 [navNode-2] [INFO] [1775398236.629683388] [navNode]: MCU2 send back: Gdoing*
1775398236.7156677 [navNode-2] [INFO] [1775398236.715205088] [navNode]: 状态4：WaitAim--[UpSide1]
1775398236.7160754 [navNode-2] [INFO] [1775398236.715724297] [navNode]: 未到目标点
1775398236.7161419 [navNode-2] 目标位置:(-0.25, 2.0, 0.7)-[UpSide1]-[MCU:False]-[POS:False]
1775398236.7161875 [navNode-2] 当前位置:(-0.271870493888855, 2.0094919204711914, 0.8105323910713196)
1775398236.7540910 [myMain-1] [INFO] [1775398236.753693887] [Ground]: MCU2 send back: Gdoing*
1775398236.7562842 [navNode-2] [INFO] [1775398236.755927620] [navNode]: MCU2 send back: Gdoing*
1775398236.8146844 [navNode-2] [INFO] [1775398236.814346971] [navNode]: 状态4：WaitAim--[UpSide1]
1775398236.8153942 [navNode-2] [INFO] [1775398236.814898047] [navNode]: 未到目标点
1775398236.8155115 [navNode-2] 目标位置:(-0.25, 2.0, 0.7)-[UpSide1]-[MCU:False]-[POS:False]
1775398236.8155828 [navNode-2] 当前位置:(-0.2719617187976837, 2.0112054347991943, 0.8048042058944702)
1775398236.8709323 [myMain-1] [INFO] [1775398236.870574477] [Ground]: MCU2 send back: Gdoing*
1775398236.8723013 [navNode-2] [INFO] [1775398236.871991962] [navNode]: MCU2 send back: Gdoing*
1775398236.9149210 [navNode-2] [INFO] [1775398236.914463229] [navNode]: 状态4：WaitAim--[UpSide1]
1775398236.9155016 [navNode-2] [INFO] [1775398236.915212223] [navNode]: 未到目标点
1775398236.9156997 [navNode-2] 目标位置:(-0.25, 2.0, 0.7)-[UpSide1]-[MCU:False]-[POS:False]
1775398236.9157922 [navNode-2] 当前位置:(-0.2708924114704132, 2.012301206588745, 0.8006633520126343)
1775398236.9919729 [navNode-2] [INFO] [1775398236.991551917] [navNode]: MCU2 send back: Gdoing*
1775398236.9927897 [myMain-1] [INFO] [1775398236.992610557] [Ground]: MCU2 send back: Gdoing*
1775398237.0149741 [navNode-2] [INFO] [1775398237.014557541] [navNode]: 状态4：WaitAim--[UpSide1]
1775398237.0157611 [navNode-2] [INFO] [1775398237.015424469] [navNode]: 未到目标点
1775398237.0159101 [navNode-2] 目标位置:(-0.25, 2.0, 0.7)-[UpSide1]-[MCU:False]-[POS:False]
1775398237.0159683 [navNode-2] 当前位置:(-0.26975294947624207, 2.0146219730377197, 0.7959873676300049)
1775398237.1113591 [navNode-2] [INFO] [1775398237.111039923] [navNode]: MCU2 send back: Gdoing*
1775398237.1118951 [myMain-1] [INFO] [1775398237.111562874] [Ground]: MCU2 send back: Gdoing*
1775398237.1148911 [navNode-2] [INFO] [1775398237.114550732] [navNode]: 状态4：WaitAim--[UpSide1]
1775398237.1153631 [navNode-2] [INFO] [1775398237.115081528] [navNode]: 未到目标点
1775398237.1155434 [navNode-2] 目标位置:(-0.25, 2.0, 0.7)-[UpSide1]-[MCU:False]-[POS:False]
1775398237.1156530 [navNode-2] 当前位置:(-0.2673507332801819, 2.0250182151794434, 0.7945423126220703)
1775398237.2142396 [navNode-2] [INFO] [1775398237.213887478] [navNode]: 状态4：WaitAim--[UpSide1]
1775398237.2146564 [navNode-2] [INFO] [1775398237.214379557] [navNode]: 未到目标点
1775398237.2147980 [navNode-2] 目标位置:(-0.25, 2.0, 0.7)-[UpSide1]-[MCU:False]-[POS:False]
1775398237.2148693 [navNode-2] 当前位置:(-0.26406726241111755, 2.0313174724578857, 0.7929600477218628)
1775398237.2312810 [myMain-1] [INFO] [1775398237.230918493] [Ground]: MCU2 send back: Gdoing*
1775398237.2328625 [navNode-2] [INFO] [1775398237.232499370] [navNode]: MCU2 send back: Gdoing*
1775398237.3149664 [navNode-2] [INFO] [1775398237.314453985] [navNode]: 状态4：WaitAim--[UpSide1]
1775398237.3155687 [navNode-2] [INFO] [1775398237.315433549] [navNode]: 未到目标点
1775398237.3156748 [navNode-2] 目标位置:(-0.25, 2.0, 0.7)-[UpSide1]-[MCU:False]-[POS:False]
1775398237.3157244 [navNode-2] 当前位置:(-0.2621217668056488, 2.0275075435638428, 0.7876487374305725)
1775398237.3538311 [navNode-2] [INFO] [1775398237.353502952] [navNode]: MCU2 send back: Gdoing*
1775398237.3542421 [myMain-1] [INFO] [1775398237.353797240] [Ground]: MCU2 send back: Gdoing*
1775398237.4162226 [navNode-2] [INFO] [1775398237.415780710] [navNode]: 状态4：WaitAim--[UpSide1]
1775398237.4172790 [navNode-2] [INFO] [1775398237.416422238] [navNode]: 未到目标点
1775398237.4173977 [navNode-2] 目标位置:(-0.25, 2.0, 0.7)-[UpSide1]-[MCU:False]-[POS:False]
1775398237.4174490 [navNode-2] 当前位置:(-0.2579275667667389, 2.0346505641937256, 0.7836203575134277)
1775398237.4720700 [myMain-1] [INFO] [1775398237.471499814] [Ground]: MCU2 send back: Gdoing*
1775398237.4725623 [navNode-2] [INFO] [1775398237.472408810] [navNode]: MCU2 send back: Gdoing*
1775398237.5149696 [navNode-2] [INFO] [1775398237.514645926] [navNode]: 状态4：WaitAim--[UpSide1]
1775398237.5153508 [navNode-2] [INFO] [1775398237.515096471] [navNode]: 未到目标点
1775398237.5154216 [navNode-2] 目标位置:(-0.25, 2.0, 0.7)-[UpSide1]-[MCU:False]-[POS:False]
1775398237.5154674 [navNode-2] 当前位置:(-0.2547609806060791, 2.0343618392944336, 0.7799079418182373)
1775398237.5916591 [myMain-1] [INFO] [1775398237.591293296] [Ground]: MCU2 send back: Gdoing*
1775398237.5920730 [navNode-2] [INFO] [1775398237.591378691] [navNode]: MCU2 send back: Gdoing*
1775398237.6140542 [navNode-2] [INFO] [1775398237.613575771] [navNode]: 状态4：WaitAim--[UpSide1]
1775398237.6144874 [navNode-2] [INFO] [1775398237.614337822] [navNode]: 未到目标点
1775398237.6145682 [navNode-2] 目标位置:(-0.25, 2.0, 0.7)-[UpSide1]-[MCU:False]-[POS:False]
1775398237.6146109 [navNode-2] 当前位置:(-0.2524915337562561, 2.0378856658935547, 0.774955689907074)
1775398237.7128618 [myMain-1] [INFO] [1775398237.712381291] [Ground]: MCU2 send back: Gdoing*
1775398237.7141519 [navNode-2] [INFO] [1775398237.713933502] [navNode]: MCU2 send back: Gdoing*
1775398237.7162619 [navNode-2] [INFO] [1775398237.715852687] [navNode]: 状态4：WaitAim--[UpSide1]
1775398237.7165749 [navNode-2] [INFO] [1775398237.716273960] [navNode]: 未到目标点
1775398237.7166500 [navNode-2] 目标位置:(-0.25, 2.0, 0.7)-[UpSide1]-[MCU:False]-[POS:False]
1775398237.7166960 [navNode-2] 当前位置:(-0.2510879933834076, 2.0328938961029053, 0.7741300463676453)
1775398237.8138564 [navNode-2] [INFO] [1775398237.813548202] [navNode]: 状态4：WaitAim--[UpSide1]
1775398237.8143826 [navNode-2] [INFO] [1775398237.814246624] [navNode]: 未到目标点
1775398237.8144908 [navNode-2] 目标位置:(-0.25, 2.0, 0.7)-[UpSide1]-[MCU:False]-[POS:False]
1775398237.8145597 [navNode-2] 当前位置:(-0.24949197471141815, 2.0294718742370605, 0.7736068964004517)
1775398237.8330996 [navNode-2] [INFO] [1775398237.832053603] [navNode]: MCU2 send back: Gdoing*
1775398237.8343794 [myMain-1] [INFO] [1775398237.834115964] [Ground]: MCU2 send back: Gdoing*
1775398237.9157004 [navNode-2] [INFO] [1775398237.915361277] [navNode]: 状态4：WaitAim--[UpSide1]
1775398237.9161608 [navNode-2] [INFO] [1775398237.915821154] [navNode]: 未到目标点
1775398237.9162731 [navNode-2] 目标位置:(-0.25, 2.0, 0.7)-[UpSide1]-[MCU:False]-[POS:False]
1775398237.9163330 [navNode-2] 当前位置:(-0.24756577610969543, 2.028275966644287, 0.766994297504425)
1775398237.9532568 [navNode-2] [INFO] [1775398237.952891135] [navNode]: MCU2 send back: Gdoing*
1775398237.9543662 [myMain-1] [INFO] [1775398237.953993966] [Ground]: MCU2 send back: Gdoing*
1775398238.0144939 [navNode-2] [INFO] [1775398238.014174865] [navNode]: 状态4：WaitAim--[UpSide1]
1775398238.0149934 [navNode-2] [INFO] [1775398238.014738116] [navNode]: 未到目标点
1775398238.0150793 [navNode-2] 目标位置:(-0.25, 2.0, 0.7)-[UpSide1]-[MCU:False]-[POS:False]
1775398238.0151265 [navNode-2] 当前位置:(-0.2448214590549469, 2.026312828063965, 0.7604527473449707)
1775398238.0735681 [navNode-2] [INFO] [1775398238.073217788] [navNode]: MCU2 send back: Gdone*
1775398238.0745554 [navNode-2] [INFO] [1775398238.073671592] [navNode]: mcu:已到目标点-[UpSide1]
1775398238.0748200 [myMain-1] [INFO] [1775398238.074123918] [Ground]: MCU2 send back: Gdone*
1775398238.1153140 [navNode-2] [INFO] [1775398238.114902940] [navNode]: 状态4：WaitAim--[UpSide1]
1775398238.1160853 [navNode-2] [INFO] [1775398238.115898050] [navNode]: 已到目标点
1775398238.1162031 [navNode-2] 目标位置:UpSide1:(-0.25, 2.0, 0.7)-[UpSide1]-[MCU:True]-[POS:False]
1775398238.1162524 [navNode-2] 当前位置:(-0.24259348213672638, 2.023780345916748, 0.7594513297080994)
1775398238.1162951 [navNode-2] 
1775398238.2149568 [navNode-2] [INFO] [1775398238.214193536] [navNode]: 状态5：ArriveAim--[UpSide1]
1775398238.3142462 [navNode-2] [INFO] [1775398238.313927555] [navNode]: 状态3：SetAim--[UpSide1]
1775398238.3236499 [navNode-2] [INFO] [1775398238.323309938] [navNode]: normalLand 发送成功 → 飞行站已调用：normalLand服务
1775398238.3461735 [myMain-1] [INFO] [1775398238.345836649] [Ground]: MCU2 send back: normalLandok
1775398238.3467255 [navNode-2] [INFO] [1775398238.346508338] [navNode]: MCU2 send back: normalLandok
1775398238.4150226 [navNode-2] [INFO] [1775398238.414595694] [navNode]: 状态7：Land--[降落开始]
1775398238.4156523 [navNode-2] [INFO] [1775398238.415155649] [navNode]: 未到目标点
1775398238.4158368 [navNode-2] 目标位置:(0.75, 2.0, 0.7)-[LandPos]-[MCU:False]-[POS:False]
1775398238.4159369 [navNode-2] 当前位置:(-0.24447426199913025, 2.007941961288452, 0.7476929426193237)
1775398238.5148535 [navNode-2] [INFO] [1775398238.514513910] [navNode]: 状态7：Land--[降落开始]
1775398238.5152376 [navNode-2] [INFO] [1775398238.515006339] [navNode]: 未到目标点
1775398238.5153663 [navNode-2] 目标位置:(0.75, 2.0, 0.7)-[LandPos]-[MCU:False]-[POS:False]
1775398238.5154305 [navNode-2] 当前位置:(-0.2439880520105362, 2.004913091659546, 0.7374939918518066)
1775398238.6141107 [navNode-2] [INFO] [1775398238.613761139] [navNode]: 状态7：Land--[降落开始]
1775398238.6145933 [navNode-2] [INFO] [1775398238.614358112] [navNode]: 未到目标点
1775398238.6147008 [navNode-2] 目标位置:(0.75, 2.0, 0.7)-[LandPos]-[MCU:False]-[POS:False]
1775398238.6147468 [navNode-2] 当前位置:(-0.24549727141857147, 2.00296688079834, 0.7022687196731567)
1775398238.7140021 [navNode-2] [INFO] [1775398238.713669644] [navNode]: 状态7：Land--[降落开始]
1775398238.7144079 [navNode-2] [INFO] [1775398238.714154244] [navNode]: 未到目标点
1775398238.7145145 [navNode-2] 目标位置:(0.75, 2.0, 0.7)-[LandPos]-[MCU:False]-[POS:False]
1775398238.7145660 [navNode-2] 当前位置:(-0.24492795765399933, 2.0052943229675293, 0.665598452091217)
1775398238.8140895 [navNode-2] [INFO] [1775398238.813707009] [navNode]: 状态7：Land--[降落开始]
1775398238.8145692 [navNode-2] [INFO] [1775398238.814376390] [navNode]: 未到目标点
1775398238.8146319 [navNode-2] 目标位置:(0.75, 2.0, 0.7)-[LandPos]-[MCU:False]-[POS:False]
1775398238.8146863 [navNode-2] 当前位置:(-0.24517770111560822, 2.002692222595215, 0.620117723941803)
1775398238.9144697 [navNode-2] [INFO] [1775398238.914090551] [navNode]: 状态7：Land--[降落开始]
1775398238.9148102 [navNode-2] [INFO] [1775398238.914517124] [navNode]: 未到目标点
1775398238.9148712 [navNode-2] 目标位置:(0.75, 2.0, 0.7)-[LandPos]-[MCU:False]-[POS:False]
1775398238.9149084 [navNode-2] 当前位置:(-0.24560993909835815, 2.002830743789673, 0.5694555640220642)
1775398239.0145965 [navNode-2] [INFO] [1775398239.014163846] [navNode]: 状态7：Land--[降落开始]
1775398239.0153301 [navNode-2] [INFO] [1775398239.015105680] [navNode]: 未到目标点
1775398239.0154974 [navNode-2] 目标位置:(0.75, 2.0, 0.7)-[LandPos]-[MCU:False]-[POS:False]
1775398239.0155478 [navNode-2] 当前位置:(-0.24706140160560608, 2.0029594898223877, 0.5271536707878113)
1775398239.1149621 [navNode-2] [INFO] [1775398239.114632698] [navNode]: 状态7：Land--[降落开始]
1775398239.1154735 [navNode-2] [INFO] [1775398239.115149143] [navNode]: 未到目标点
1775398239.1156271 [navNode-2] 目标位置:(0.75, 2.0, 0.7)-[LandPos]-[MCU:False]-[POS:False]
1775398239.1156802 [navNode-2] 当前位置:(-0.24862141907215118, 2.0043468475341797, 0.46191784739494324)
1775398239.2145479 [navNode-2] [INFO] [1775398239.214185916] [navNode]: 状态7：Land--[降落开始]
1775398239.2150152 [navNode-2] [INFO] [1775398239.214641134] [navNode]: 未到目标点
1775398239.2150862 [navNode-2] 目标位置:(0.75, 2.0, 0.7)-[LandPos]-[MCU:False]-[POS:False]
1775398239.2151291 [navNode-2] 当前位置:(-0.25191253423690796, 2.004074811935425, 0.406393438577652)
1775398239.3143370 [navNode-2] [INFO] [1775398239.313919826] [navNode]: 状态7：Land--[降落开始]
1775398239.3148417 [navNode-2] [INFO] [1775398239.314329803] [navNode]: 未到目标点
1775398239.3149569 [navNode-2] 目标位置:(0.75, 2.0, 0.7)-[LandPos]-[MCU:False]-[POS:False]
1775398239.3150015 [navNode-2] 当前位置:(-0.25420689582824707, 2.006258964538574, 0.3530212640762329)
1775398239.4152005 [navNode-2] [INFO] [1775398239.414604356] [navNode]: 状态7：Land--[降落开始]
1775398239.4157240 [navNode-2] [INFO] [1775398239.415322096] [navNode]: 未到目标点
1775398239.4158270 [navNode-2] 目标位置:(0.75, 2.0, 0.7)-[LandPos]-[MCU:False]-[POS:False]
1775398239.4158833 [navNode-2] 当前位置:(-0.2549983561038971, 2.0085322856903076, 0.2997382879257202)
1775398239.5149903 [navNode-2] [INFO] [1775398239.514619570] [navNode]: 状态7：Land--[降落开始]
1775398239.5154135 [navNode-2] [INFO] [1775398239.515057849] [navNode]: 未到目标点
1775398239.5155363 [navNode-2] 目标位置:(0.75, 2.0, 0.7)-[LandPos]-[MCU:False]-[POS:False]
1775398239.5156045 [navNode-2] 当前位置:(-0.2572987973690033, 2.0052449703216553, 0.24357923865318298)
1775398239.6138718 [navNode-2] [INFO] [1775398239.613418500] [navNode]: 状态7：Land--[降落开始]
1775398239.6143315 [navNode-2] [INFO] [1775398239.613807533] [navNode]: 未到目标点
1775398239.6144428 [navNode-2] 目标位置:(0.75, 2.0, 0.7)-[LandPos]-[MCU:False]-[POS:False]
1775398239.6145191 [navNode-2] 当前位置:(-0.2594602108001709, 2.0085384845733643, 0.19419331848621368)
1775398239.7145281 [navNode-2] [INFO] [1775398239.714228011] [navNode]: 状态7：Land--[降落开始]
1775398239.7149796 [navNode-2] [INFO] [1775398239.714619894] [navNode]: 未到目标点
1775398239.7150793 [navNode-2] 目标位置:(0.75, 2.0, 0.7)-[LandPos]-[MCU:False]-[POS:False]
1775398239.7151308 [navNode-2] 当前位置:(-0.261840283870697, 2.0055365562438965, 0.14619436860084534)
1775398239.8145804 [navNode-2] [INFO] [1775398239.814224290] [navNode]: 状态7：Land--[降落开始]
1775398239.8150668 [navNode-2] [INFO] [1775398239.814685888] [navNode]: 未到目标点
1775398239.8151777 [navNode-2] 目标位置:(0.75, 2.0, 0.7)-[LandPos]-[MCU:False]-[POS:False]
1775398239.8152325 [navNode-2] 当前位置:(-0.2621272802352905, 2.0125417709350586, 0.1013469323515892)
1775398239.9150963 [navNode-2] [INFO] [1775398239.914435329] [navNode]: 状态7：Land--[降落开始]
1775398239.9155703 [navNode-2] [INFO] [1775398239.914895630] [navNode]: 未到目标点
1775398239.9156454 [navNode-2] 目标位置:(0.75, 2.0, 0.7)-[LandPos]-[MCU:False]-[POS:False]
1775398239.9156847 [navNode-2] 当前位置:(-0.26454249024391174, 2.012498378753662, 0.061578720808029175)
1775398240.0150359 [navNode-2] [INFO] [1775398240.014048157] [navNode]: 状态7：Land--[降落开始]
1775398240.0152380 [navNode-2] [INFO] [1775398240.014444585] [navNode]: 未到目标点
1775398240.0153401 [navNode-2] 目标位置:(0.75, 2.0, 0.7)-[LandPos]-[MCU:False]-[POS:False]
1775398240.0154378 [navNode-2] 当前位置:(-0.2657463848590851, 1.9976582527160645, 0.03774771839380264)
1775398240.1156821 [navNode-2] [INFO] [1775398240.115279172] [navNode]: 状态7：Land--[降落开始]
1775398240.1161230 [navNode-2] [INFO] [1775398240.115704247] [navNode]: 未到目标点
1775398240.1162443 [navNode-2] 目标位置:(0.75, 2.0, 0.7)-[LandPos]-[MCU:False]-[POS:False]
1775398240.1163113 [navNode-2] 当前位置:(-0.2658034563064575, 2.0123953819274902, 0.02365751378238201)
1775398240.2149508 [navNode-2] [INFO] [1775398240.214517166] [navNode]: 状态7：Land--[降落开始]
1775398240.2153695 [navNode-2] [INFO] [1775398240.215247257] [navNode]: 未到目标点
1775398240.2154994 [navNode-2] 目标位置:(0.75, 2.0, 0.7)-[LandPos]-[MCU:False]-[POS:False]
1775398240.2155490 [navNode-2] 当前位置:(-0.26769283413887024, 2.020252227783203, 0.02639821544289589)
1775398240.3143363 [navNode-2] [INFO] [1775398240.313962145] [navNode]: 状态7：Land--[降落开始]
1775398240.3147504 [navNode-2] [INFO] [1775398240.314384092] [navNode]: 未到目标点
1775398240.3148265 [navNode-2] 目标位置:(0.75, 2.0, 0.7)-[LandPos]-[MCU:False]-[POS:False]
1775398240.3148634 [navNode-2] 当前位置:(-0.271156907081604, 2.01523494720459, 0.032314233481884)
1775398240.4144607 [navNode-2] [INFO] [1775398240.414127006] [navNode]: 状态7：Land--[降落开始]
1775398240.4148796 [navNode-2] [INFO] [1775398240.414555704] [navNode]: 未到目标点
1775398240.4149823 [navNode-2] 目标位置:(0.75, 2.0, 0.7)-[LandPos]-[MCU:False]-[POS:False]
1775398240.4150341 [navNode-2] 当前位置:(-0.26809975504875183, 2.0144355297088623, 0.0411338247358799)
1775398240.5149336 [navNode-2] [INFO] [1775398240.514450373] [navNode]: 状态7：Land--[降落开始]
1775398240.5153487 [navNode-2] [INFO] [1775398240.514940245] [navNode]: 未到目标点
1775398240.5154374 [navNode-2] 目标位置:(0.75, 2.0, 0.7)-[LandPos]-[MCU:False]-[POS:False]
1775398240.5154774 [navNode-2] 当前位置:(-0.2698214054107666, 2.0111405849456787, 0.04852110892534256)
1775398240.6151142 [navNode-2] [INFO] [1775398240.614396455] [navNode]: 状态7：Land--[降落开始]
1775398240.6156161 [navNode-2] [INFO] [1775398240.614889196] [navNode]: 未到目标点
1775398240.6157181 [navNode-2] 目标位置:(0.75, 2.0, 0.7)-[LandPos]-[MCU:False]-[POS:False]
1775398240.6157606 [navNode-2] 当前位置:(-0.26927873492240906, 2.0127196311950684, 0.047660890966653824)
1775398240.7141290 [navNode-2] [INFO] [1775398240.713828778] [navNode]: 状态7：Land--[降落开始]
1775398240.7145369 [navNode-2] [INFO] [1775398240.714243931] [navNode]: 未到目标点
1775398240.7146103 [navNode-2] 目标位置:(0.75, 2.0, 0.7)-[LandPos]-[MCU:False]-[POS:False]
1775398240.7146487 [navNode-2] 当前位置:(-0.26705455780029297, 2.0156896114349365, 0.04600898176431656)
1775398240.8152013 [navNode-2] [INFO] [1775398240.814769846] [navNode]: 状态7：Land--[降落开始]
1775398240.8159516 [navNode-2] [INFO] [1775398240.815285506] [navNode]: 未到目标点
1775398240.8161511 [navNode-2] 目标位置:(0.75, 2.0, 0.7)-[LandPos]-[MCU:False]-[POS:False]
1775398240.8162282 [navNode-2] 当前位置:(-0.2677905857563019, 2.017411470413208, 0.04828258976340294)
1775398240.9146121 [navNode-2] [INFO] [1775398240.914284709] [navNode]: 状态7：Land--[降落开始]
1775398240.9150927 [navNode-2] [INFO] [1775398240.914750261] [navNode]: 未到目标点
1775398240.9152093 [navNode-2] 目标位置:(0.75, 2.0, 0.7)-[LandPos]-[MCU:False]-[POS:False]
1775398240.9152534 [navNode-2] 当前位置:(-0.26770633459091187, 2.0169007778167725, 0.04832840338349342)
1775398241.0148966 [navNode-2] [INFO] [1775398241.014225984] [navNode]: 状态7：Land--[降落开始]
1775398241.0153799 [navNode-2] [INFO] [1775398241.014753735] [navNode]: 未到目标点
1775398241.0155430 [navNode-2] 目标位置:(0.75, 2.0, 0.7)-[LandPos]-[MCU:False]-[POS:False]
1775398241.0156598 [navNode-2] 当前位置:(-0.26964566111564636, 2.017404317855835, 0.04581623896956444)
1775398241.1143377 [navNode-2] [INFO] [1775398241.114001461] [navNode]: 状态7：Land--[降落开始]
1775398241.1148465 [navNode-2] [INFO] [1775398241.114408372] [navNode]: 未到目标点
1775398241.1149545 [navNode-2] 目标位置:(0.75, 2.0, 0.7)-[LandPos]-[MCU:False]-[POS:False]
1775398241.1150444 [navNode-2] 当前位置:(-0.271011084318161, 2.0168967247009277, 0.044912587851285934)
1775398241.2145443 [navNode-2] [INFO] [1775398241.214056363] [navNode]: 状态7：Land--[降落开始]
1775398241.2151339 [navNode-2] [INFO] [1775398241.214478317] [navNode]: 未到目标点
1775398241.2154536 [navNode-2] 目标位置:(0.75, 2.0, 0.7)-[LandPos]-[MCU:False]-[POS:False]
1775398241.2155116 [navNode-2] 当前位置:(-0.26951465010643005, 2.0165910720825195, 0.043403737246990204)
1775398241.3140955 [navNode-2] [INFO] [1775398241.313697081] [navNode]: 状态7：Land--[降落开始]
1775398241.3145232 [navNode-2] [INFO] [1775398241.314202176] [navNode]: 未到目标点
1775398241.3146641 [navNode-2] 目标位置:(0.75, 2.0, 0.7)-[LandPos]-[MCU:False]-[POS:False]
1775398241.3148124 [navNode-2] 当前位置:(-0.26876047253608704, 2.0179286003112793, 0.042936958372592926)
1775398241.4141564 [navNode-2] [INFO] [1775398241.413848516] [navNode]: 状态7：Land--[降落开始]
1775398241.4146407 [navNode-2] [INFO] [1775398241.414274081] [navNode]: 未到目标点
1775398241.4147785 [navNode-2] 目标位置:(0.75, 2.0, 0.7)-[LandPos]-[MCU:False]-[POS:False]
1775398241.4148736 [navNode-2] 当前位置:(-0.26874813437461853, 2.0175223350524902, 0.04504390060901642)
1775398241.5146945 [navNode-2] [INFO] [1775398241.514236100] [navNode]: 状态7：Land--[降落开始]
1775398241.5152864 [navNode-2] [INFO] [1775398241.514744484] [navNode]: 未到目标点
1775398241.5154002 [navNode-2] 目标位置:(0.75, 2.0, 0.7)-[LandPos]-[MCU:False]-[POS:False]
1775398241.5154624 [navNode-2] 当前位置:(-0.2685863673686981, 2.0176219940185547, 0.04315550625324249)
1775398241.6147923 [navNode-2] [INFO] [1775398241.614286951] [navNode]: 状态7：Land--[降落开始]
1775398241.6152604 [navNode-2] [INFO] [1775398241.614886078] [navNode]: 未到目标点
1775398241.6154723 [navNode-2] 目标位置:(0.75, 2.0, 0.7)-[LandPos]-[MCU:False]-[POS:False]
1775398241.6155570 [navNode-2] 当前位置:(-0.2691418528556824, 2.01713490486145, 0.043462082743644714)
1775398241.7153771 [navNode-2] [INFO] [1775398241.714977743] [navNode]: 状态7：Land--[降落开始]
1775398241.7158358 [navNode-2] [INFO] [1775398241.715454195] [navNode]: 未到目标点
1775398241.7159638 [navNode-2] 目标位置:(0.75, 2.0, 0.7)-[LandPos]-[MCU:False]-[POS:False]
1775398241.7160084 [navNode-2] 当前位置:(-0.2700178027153015, 2.015712022781372, 0.04656803980469704)
1775398241.8155067 [navNode-2] [INFO] [1775398241.815135052] [navNode]: 状态7：Land--[降落开始]
1775398241.8159800 [navNode-2] [INFO] [1775398241.815601461] [navNode]: 未到目标点
1775398241.8160629 [navNode-2] 目标位置:(0.75, 2.0, 0.7)-[LandPos]-[MCU:False]-[POS:False]
1775398241.8161066 [navNode-2] 当前位置:(-0.2704477608203888, 2.016434907913208, 0.04329562187194824)
1775398241.9147246 [navNode-2] [INFO] [1775398241.914342640] [navNode]: 状态7：Land--[降落开始]
1775398241.9152205 [navNode-2] [INFO] [1775398241.914827663] [navNode]: 未到目标点
1775398241.9153292 [navNode-2] 目标位置:(0.75, 2.0, 0.7)-[LandPos]-[MCU:False]-[POS:False]
1775398241.9153764 [navNode-2] 当前位置:(-0.2687634229660034, 2.0172863006591797, 0.04079360514879227)
1775398242.0154948 [navNode-2] [INFO] [1775398242.014373472] [navNode]: 状态7：Land--[降落开始]
1775398242.0164704 [navNode-2] [INFO] [1775398242.015166383] [navNode]: 未到目标点
1775398242.0166183 [navNode-2] 目标位置:(0.75, 2.0, 0.7)-[LandPos]-[MCU:False]-[POS:False]
1775398242.0166659 [navNode-2] 当前位置:(-0.2693968117237091, 2.0189292430877686, 0.040387969464063644)
1775398242.1151555 [navNode-2] [INFO] [1775398242.114724433] [navNode]: 状态7：Land--[降落开始]
1775398242.1157031 [navNode-2] [INFO] [1775398242.115161478] [navNode]: 未到目标点
1775398242.1158609 [navNode-2] 目标位置:(0.75, 2.0, 0.7)-[LandPos]-[MCU:False]-[POS:False]
1775398242.1159668 [navNode-2] 当前位置:(-0.26846110820770264, 2.0189177989959717, 0.0413825623691082)
1775398242.2144120 [navNode-2] [INFO] [1775398242.213990067] [navNode]: 状态7：Land--[降落开始]
1775398242.2149470 [navNode-2] [INFO] [1775398242.214510489] [navNode]: 未到目标点
1775398242.2150390 [navNode-2] 目标位置:(0.75, 2.0, 0.7)-[LandPos]-[MCU:False]-[POS:False]
1775398242.2150862 [navNode-2] 当前位置:(-0.2682380974292755, 2.0169034004211426, 0.0414283350110054)
1775398242.3148031 [navNode-2] [INFO] [1775398242.314332525] [navNode]: 状态7：Land--[降落开始]
1775398242.3151917 [navNode-2] [INFO] [1775398242.314823818] [navNode]: 未到目标点
1775398242.3152907 [navNode-2] 目标位置:(0.75, 2.0, 0.7)-[LandPos]-[MCU:False]-[POS:False]
1775398242.3153949 [navNode-2] 当前位置:(-0.26790523529052734, 2.0173754692077637, 0.04181305691599846)
1775398242.4142985 [navNode-2] [INFO] [1775398242.413939489] [navNode]: 状态7：Land--[降落开始]
1775398242.4147272 [navNode-2] [INFO] [1775398242.414397262] [navNode]: 未到目标点
1775398242.4148028 [navNode-2] 目标位置:(0.75, 2.0, 0.7)-[LandPos]-[MCU:False]-[POS:False]
1775398242.4148529 [navNode-2] 当前位置:(-0.26736682653427124, 2.01850962638855, 0.04358258470892906)
1775398242.5143061 [navNode-2] [INFO] [1775398242.513896419] [navNode]: 状态7：Land--[降落开始]
1775398242.5147879 [navNode-2] [INFO] [1775398242.514360263] [navNode]: 未到目标点
1775398242.5149164 [navNode-2] 目标位置:(0.75, 2.0, 0.7)-[LandPos]-[MCU:False]-[POS:False]
1775398242.5149708 [navNode-2] 当前位置:(-0.2674793601036072, 2.0176143646240234, 0.04017486050724983)
1775398242.6154115 [navNode-2] [INFO] [1775398242.614862240] [navNode]: 状态7：Land--[降落开始]
1775398242.6158297 [navNode-2] [INFO] [1775398242.615253735] [navNode]: 未到目标点
1775398242.6159108 [navNode-2] 目标位置:(0.75, 2.0, 0.7)-[LandPos]-[MCU:False]-[POS:False]
1775398242.6159518 [navNode-2] 当前位置:(-0.2668427526950836, 2.0186424255371094, 0.03977757692337036)
1775398242.7148669 [navNode-2] [INFO] [1775398242.714430449] [navNode]: 状态7：Land--[降落开始]
1775398242.7152355 [navNode-2] [INFO] [1775398242.715016670] [navNode]: 未到目标点
1775398242.7153144 [navNode-2] 目标位置:(0.75, 2.0, 0.7)-[LandPos]-[MCU:False]-[POS:False]
1775398242.7153697 [navNode-2] 当前位置:(-0.26748141646385193, 2.019273519515991, 0.0391986109316349)
1775398242.8147535 [navNode-2] [INFO] [1775398242.814321311] [navNode]: 状态7：Land--[降落开始]
1775398242.8151982 [navNode-2] [INFO] [1775398242.814867479] [navNode]: 未到目标点
1775398242.8153307 [navNode-2] 目标位置:(0.75, 2.0, 0.7)-[LandPos]-[MCU:False]-[POS:False]
1775398242.8154209 [navNode-2] 当前位置:(-0.2672649323940277, 2.0186688899993896, 0.03950957953929901)
1775398242.9149959 [navNode-2] [INFO] [1775398242.914608339] [navNode]: 状态7：Land--[降落开始]
1775398242.9153676 [navNode-2] [INFO] [1775398242.915160469] [navNode]: 未到目标点
1775398242.9155064 [navNode-2] 目标位置:(0.75, 2.0, 0.7)-[LandPos]-[MCU:False]-[POS:False]
1775398242.9155550 [navNode-2] 当前位置:(-0.26611974835395813, 2.0192081928253174, 0.03950280696153641)
1775398242.9970870 [myMain-1] [INFO] [1775398242.996710193] [Ground]: MCU2 send back: Gdone*
1775398242.9980233 [navNode-2] [INFO] [1775398242.997783038] [navNode]: MCU2 send back: Gdone*
1775398242.9983184 [navNode-2] [INFO] [1775398242.998205375] [navNode]: mcu:已到目标点-[LandPos]
1775398243.0139489 [navNode-2] [INFO] [1775398243.013628562] [navNode]: 状态7：Land--[降落开始]
1775398243.0144081 [navNode-2] [INFO] [1775398243.014021884] [navNode]: 已到目标点
1775398243.0145023 [navNode-2] 目标位置:LandPos:(0.75, 2.0, 0.7)-[LandPos]-[MCU:True]-[POS:False]
1775398243.0145438 [navNode-2] 当前位置:(-0.26584818959236145, 2.0184268951416016, 0.04112222418189049)
1775398243.0145798 [navNode-2] 
1775398243.1143558 [navNode-2] [INFO] [1775398243.113923338] [navNode]: 状态8：End--[任务结束]
1775398450.8155742 [myMain-1] [INFO] [1775398450.815166601] [Ground]: 发送 shutdown-navNode 成功
1775398450.8163471 [navNode-2] [INFO] [1775398450.816126624] [navNode]: 收到来自UI的请求：shutdown-navNode
1775398450.8173432 [navNode-2] [WARN] [1775398450.817017561] [navNode]: navNodeshutdown-navNode
1775398450.8192194 [myMain-1] [INFO] [1775398450.818979340] [Ground]: shutdown-navNode 响应成功 → shutdown-navNode关闭节点
1775398450.9442770 [INFO] [navNode-2]: process has finished cleanly [pid 39025]
1775398451.4914696 [INFO] [myMain-1]: process has finished cleanly [pid 39023]
