1775392157.2568295 [INFO] [launch]: All log files can be found below /home/focal/Desktop/2024_GroundStation/run_log/2026-04-05-05-29-17-252072-ubuntu-26647
1775392157.2572551 [INFO] [launch]: Default logging verbosity is set to INFO
1775392157.3337042 [INFO] [myMain-1]: process started with pid [26649]
1775392157.3339036 [INFO] [navNode-2]: process started with pid [26651]
1775392157.6853633 [navNode-2] [INFO] [1775392157.684875228] [navNode]: paths: [
1775392157.6856291 [navNode-2]   {"x": 0.00, "y": 0.00, "z": 0.70, "label": "TakeOff", "qrcode": "", "label2": ""       , "qrcode2": "" },
1775392157.6857123 [navNode-2]   {"x":-0.25, "y": 0.75, "z": 0.80, "label": "A6"     , "qrcode": "", "label2": ""       , "qrcode2": "" },
1775392157.6857514 [navNode-2]   {"x":-0.25, "y": 0.75, "z": 1.20, "label": "A3"     , "qrcode": "", "label2": ""       , "qrcode2": "" },
1775392157.6857905 [navNode-2]   {"x":-0.25, "y": 1.25, "z": 1.20, "label": "A2"     , "qrcode": "", "label2": ""       , "qrcode2": "" },
1775392157.6858709 [navNode-2]   {"x":-0.25, "y": 1.25, "z": 0.80, "label": "A5"     , "qrcode": "", "label2": ""       , "qrcode2": "" },
1775392157.6859488 [navNode-2]   {"x":-0.25, "y": 1.75, "z": 0.80, "label": "A4"     , "qrcode": "", "label2": ""       , "qrcode2": "" },
1775392157.6859894 [navNode-2]   {"x":-0.25, "y": 1.75, "z": 1.20, "label": "A1"     , "qrcode": "", "label2": ""       , "qrcode2": "" },
1775392157.6860282 [navNode-2]   {"x":-0.25, "y": 2.00, "z": 0.70, "label": "UpSide1", "qrcode": "", "label2": ""       , "qrcode2": "" },
1775392157.6860669 [navNode-2]   {"x": 0.75, "y": 2.00, "z": 0.70, "label": "LandPos", "qrcode": "", "label2": ""       , "qrcode2": "" }
1775392157.6861045 [navNode-2] ]
1775392157.6861434 [navNode-2] 
1775392157.6919434 [navNode-2] [INFO] [1775392157.691662364] [navNode]: 上位机导航节点启动成功
1775392158.4113834 [myMain-1] [INFO] [1775392158.411093976] [Ground]: ros2 node launch success:Ground!
1775392163.9728522 [myMain-1] [INFO] [1775392163.972111961] [Ground]: 发送 scan_all 成功
1775392163.9740133 [navNode-2] [INFO] [1775392163.973692371] [navNode]: 收到来自UI的请求：scan_all
1775392163.9750235 [navNode-2] [WARN] [1775392163.974777489] [navNode]: 任务开始执行scan_all
1775392163.9784863 [myMain-1] [INFO] [1775392163.978168350] [Ground]: scan_all 响应成功 → 回复：scan_all
1775392164.0755389 [navNode-2] [INFO] [1775392164.075211694] [navNode]: 状态1：Takeoff--[TakeOff]
1775392164.0863249 [navNode-2] [INFO] [1775392164.085967966] [navNode]: takeoff 发送成功 → 飞行站已调用：takeoff服务
1775392164.1113775 [navNode-2] [INFO] [1775392164.111076419] [navNode]: MCU2 send back: Takeoffok
1775392164.1117432 [myMain-1] [INFO] [1775392164.111518149] [Ground]: MCU2 send back: Takeoffok
1775392164.1751361 [navNode-2] [INFO] [1775392164.174853911] [navNode]: 状态2：Takeoff_wait--[TakeOff]
1775392164.1755815 [navNode-2] [INFO] [1775392164.175250950] [navNode]: 未到目标点
1775392164.1756814 [navNode-2] 目标位置:(0.0, 0.0, 0.7)-[TakeOff]-[MCU:False]-[POS:False]
1775392164.1757364 [navNode-2] 当前位置:(0.006959236226975918, 0.004800949711352587, 0.000535466882865876)
1775392164.2753654 [navNode-2] [INFO] [1775392164.274950601] [navNode]: 状态2：Takeoff_wait--[TakeOff]
1775392164.2757514 [navNode-2] [INFO] [1775392164.275382475] [navNode]: 未到目标点
1775392164.2758613 [navNode-2] 目标位置:(0.0, 0.0, 0.7)-[TakeOff]-[MCU:False]-[POS:False]
1775392164.2759271 [navNode-2] 当前位置:(0.006695296615362167, 0.004873366095125675, 0.000584644905757159)
1775392164.3755348 [navNode-2] [INFO] [1775392164.375165938] [navNode]: 状态2：Takeoff_wait--[TakeOff]
1775392164.3759482 [navNode-2] [INFO] [1775392164.375573686] [navNode]: 未到目标点
1775392164.3760476 [navNode-2] 目标位置:(0.0, 0.0, 0.7)-[TakeOff]-[MCU:False]-[POS:False]
1775392164.3760900 [navNode-2] 当前位置:(0.00655021658167243, 0.004345605615526438, 0.0006459757569245994)
1775392164.4753857 [navNode-2] [INFO] [1775392164.474994722] [navNode]: 状态2：Takeoff_wait--[TakeOff]
1775392164.4758787 [navNode-2] [INFO] [1775392164.475404109] [navNode]: 未到目标点
1775392164.4760067 [navNode-2] 目标位置:(0.0, 0.0, 0.7)-[TakeOff]-[MCU:False]-[POS:False]
1775392164.4760478 [navNode-2] 当前位置:(0.00662850309163332, 0.004623993765562773, 0.0007750799413770437)
1775392164.5753875 [navNode-2] [INFO] [1775392164.575068332] [navNode]: 状态2：Takeoff_wait--[TakeOff]
1775392164.5757875 [navNode-2] [INFO] [1775392164.575454117] [navNode]: 未到目标点
1775392164.5758946 [navNode-2] 目标位置:(0.0, 0.0, 0.7)-[TakeOff]-[MCU:False]-[POS:False]
1775392164.5759654 [navNode-2] 当前位置:(0.006695547606796026, 0.004810186102986336, 0.0006583441863767803)
1775392164.6752024 [navNode-2] [INFO] [1775392164.674909061] [navNode]: 状态2：Takeoff_wait--[TakeOff]
1775392164.6762462 [navNode-2] [INFO] [1775392164.676039665] [navNode]: 未到目标点
1775392164.6763821 [navNode-2] 目标位置:(0.0, 0.0, 0.7)-[TakeOff]-[MCU:False]-[POS:False]
1775392164.6764412 [navNode-2] 当前位置:(0.007085601333528757, 0.004575093276798725, 0.0007589097367599607)
1775392164.7752841 [navNode-2] [INFO] [1775392164.774942559] [navNode]: 状态2：Takeoff_wait--[TakeOff]
1775392164.7756751 [navNode-2] [INFO] [1775392164.775356204] [navNode]: 未到目标点
1775392164.7757771 [navNode-2] 目标位置:(0.0, 0.0, 0.7)-[TakeOff]-[MCU:False]-[POS:False]
1775392164.7758296 [navNode-2] 当前位置:(0.006800948642194271, 0.004538414534181356, 0.0007541724480688572)
1775392164.8760450 [navNode-2] [INFO] [1775392164.875370469] [navNode]: 状态2：Takeoff_wait--[TakeOff]
1775392164.8766992 [navNode-2] [INFO] [1775392164.875837974] [navNode]: 未到目标点
1775392164.8767881 [navNode-2] 目标位置:(0.0, 0.0, 0.7)-[TakeOff]-[MCU:False]-[POS:False]
1775392164.8768551 [navNode-2] 当前位置:(0.006531599443405867, 0.0051067909225821495, 0.00045226997463032603)
1775392164.9754012 [navNode-2] [INFO] [1775392164.975122650] [navNode]: 状态2：Takeoff_wait--[TakeOff]
1775392164.9757264 [navNode-2] [INFO] [1775392164.975495541] [navNode]: 未到目标点
1775392164.9758105 [navNode-2] 目标位置:(0.0, 0.0, 0.7)-[TakeOff]-[MCU:False]-[POS:False]
1775392164.9758573 [navNode-2] 当前位置:(0.006991946138441563, 0.004600294400006533, 0.0008839019574224949)
1775392165.0754621 [navNode-2] [INFO] [1775392165.074994944] [navNode]: 状态2：Takeoff_wait--[TakeOff]
1775392165.0759933 [navNode-2] [INFO] [1775392165.075410659] [navNode]: 未到目标点
1775392165.0761013 [navNode-2] 目标位置:(0.0, 0.0, 0.7)-[TakeOff]-[MCU:False]-[POS:False]
1775392165.0761433 [navNode-2] 当前位置:(0.0067405239678919315, 0.004622817505151033, 0.0007660861010663211)
1775392165.1753740 [navNode-2] [INFO] [1775392165.175083414] [navNode]: 状态2：Takeoff_wait--[TakeOff]
1775392165.1757596 [navNode-2] [INFO] [1775392165.175489524] [navNode]: 未到目标点
1775392165.1758316 [navNode-2] 目标位置:(0.0, 0.0, 0.7)-[TakeOff]-[MCU:False]-[POS:False]
1775392165.1758683 [navNode-2] 当前位置:(0.006793892942368984, 0.004689928609877825, 0.0007493599550798535)
1775392165.2755153 [navNode-2] [INFO] [1775392165.275005388] [navNode]: 状态2：Takeoff_wait--[TakeOff]
1775392165.2761393 [navNode-2] [INFO] [1775392165.275960104] [navNode]: 未到目标点
1775392165.2762735 [navNode-2] 目标位置:(0.0, 0.0, 0.7)-[TakeOff]-[MCU:False]-[POS:False]
1775392165.2763481 [navNode-2] 当前位置:(0.006826404947787523, 0.004515716340392828, 0.000867040827870369)
1775392165.3753395 [navNode-2] [INFO] [1775392165.374910114] [navNode]: 状态2：Takeoff_wait--[TakeOff]
1775392165.3758945 [navNode-2] [INFO] [1775392165.375663367] [navNode]: 未到目标点
1775392165.3759861 [navNode-2] 目标位置:(0.0, 0.0, 0.7)-[TakeOff]-[MCU:False]-[POS:False]
1775392165.3760214 [navNode-2] 当前位置:(0.006792000494897366, 0.004766033962368965, 0.000746009114664048)
1775392165.4755459 [navNode-2] [INFO] [1775392165.475220838] [navNode]: 状态2：Takeoff_wait--[TakeOff]
1775392165.4759598 [navNode-2] [INFO] [1775392165.475625824] [navNode]: 未到目标点
1775392165.4760718 [navNode-2] 目标位置:(0.0, 0.0, 0.7)-[TakeOff]-[MCU:False]-[POS:False]
1775392165.4761147 [navNode-2] 当前位置:(0.006718122400343418, 0.004369935020804405, 0.0007886649109423161)
1775392165.5767136 [navNode-2] [INFO] [1775392165.575973937] [navNode]: 状态2：Takeoff_wait--[TakeOff]
1775392165.5770674 [navNode-2] [INFO] [1775392165.576699235] [navNode]: 未到目标点
1775392165.5774295 [navNode-2] 目标位置:(0.0, 0.0, 0.7)-[TakeOff]-[MCU:False]-[POS:False]
1775392165.5776515 [navNode-2] 当前位置:(0.007017246913164854, 0.004765308927744627, 0.0006506332429125905)
1775392165.6765640 [navNode-2] [INFO] [1775392165.676180978] [navNode]: 状态2：Takeoff_wait--[TakeOff]
1775392165.6773248 [navNode-2] [INFO] [1775392165.677115992] [navNode]: 未到目标点
1775392165.6774561 [navNode-2] 目标位置:(0.0, 0.0, 0.7)-[TakeOff]-[MCU:False]-[POS:False]
1775392165.6775165 [navNode-2] 当前位置:(0.006724255625158548, 0.004630814306437969, 0.0007934533641673625)
1775392165.7754660 [navNode-2] [INFO] [1775392165.774981009] [navNode]: 状态2：Takeoff_wait--[TakeOff]
1775392165.7761760 [navNode-2] [INFO] [1775392165.775487991] [navNode]: 未到目标点
1775392165.7762742 [navNode-2] 目标位置:(0.0, 0.0, 0.7)-[TakeOff]-[MCU:False]-[POS:False]
1775392165.7763443 [navNode-2] 当前位置:(0.006881109904497862, 0.004560598637908697, 0.00047554768389090896)
1775392165.8756647 [navNode-2] [INFO] [1775392165.875139018] [navNode]: 状态2：Takeoff_wait--[TakeOff]
1775392165.8763435 [navNode-2] [INFO] [1775392165.875598903] [navNode]: 未到目标点
1775392165.8765252 [navNode-2] 目标位置:(0.0, 0.0, 0.7)-[TakeOff]-[MCU:False]-[POS:False]
1775392165.8765996 [navNode-2] 当前位置:(0.006949295289814472, 0.004427267704159021, 0.0008087792084552348)
1775392165.9757433 [navNode-2] [INFO] [1775392165.975379695] [navNode]: 状态2：Takeoff_wait--[TakeOff]
1775392165.9767549 [navNode-2] [INFO] [1775392165.976024518] [navNode]: 未到目标点
1775392165.9769883 [navNode-2] 目标位置:(0.0, 0.0, 0.7)-[TakeOff]-[MCU:False]-[POS:False]
1775392165.9770434 [navNode-2] 当前位置:(0.006984555162489414, 0.004543209448456764, 0.0006331336335279047)
1775392166.0763502 [navNode-2] [INFO] [1775392166.075722090] [navNode]: 状态2：Takeoff_wait--[TakeOff]
1775392166.0777829 [navNode-2] [INFO] [1775392166.077532109] [navNode]: 未到目标点
1775392166.0779278 [navNode-2] 目标位置:(0.0, 0.0, 0.7)-[TakeOff]-[MCU:False]-[POS:False]
1775392166.0779850 [navNode-2] 当前位置:(0.006700819358229637, 0.00465597677975893, 0.0006991835543885827)
1775392166.1755884 [navNode-2] [INFO] [1775392166.175132453] [navNode]: 状态2：Takeoff_wait--[TakeOff]
1775392166.1760733 [navNode-2] [INFO] [1775392166.175669069] [navNode]: 未到目标点
1775392166.1761594 [navNode-2] 目标位置:(0.0, 0.0, 0.7)-[TakeOff]-[MCU:False]-[POS:False]
1775392166.1762042 [navNode-2] 当前位置:(0.006805235054343939, 0.004763564560562372, 0.0007671306957490742)
1775392166.2756631 [navNode-2] [INFO] [1775392166.275296003] [navNode]: 状态2：Takeoff_wait--[TakeOff]
1775392166.2761207 [navNode-2] [INFO] [1775392166.275815265] [navNode]: 未到目标点
1775392166.2762685 [navNode-2] 目标位置:(0.0, 0.0, 0.7)-[TakeOff]-[MCU:False]-[POS:False]
1775392166.2763739 [navNode-2] 当前位置:(0.006404932588338852, 0.0048860046081244946, 0.0007618764066137373)
1775392166.3760214 [navNode-2] [INFO] [1775392166.375271833] [navNode]: 状态2：Takeoff_wait--[TakeOff]
1775392166.3766913 [navNode-2] [INFO] [1775392166.375796984] [navNode]: 未到目标点
1775392166.3767767 [navNode-2] 目标位置:(0.0, 0.0, 0.7)-[TakeOff]-[MCU:False]-[POS:False]
1775392166.3768263 [navNode-2] 当前位置:(0.006533139850944281, 0.004842916037887335, 0.0006457255803979933)
1775392166.4762793 [navNode-2] [INFO] [1775392166.475886885] [navNode]: 状态2：Takeoff_wait--[TakeOff]
1775392166.4767718 [navNode-2] [INFO] [1775392166.476299488] [navNode]: 未到目标点
1775392166.4768851 [navNode-2] 目标位置:(0.0, 0.0, 0.7)-[TakeOff]-[MCU:False]-[POS:False]
1775392166.4770038 [navNode-2] 当前位置:(0.0069921440444886684, 0.0045543997548520565, 0.0009186581009998918)
1775392166.5753822 [navNode-2] [INFO] [1775392166.575011169] [navNode]: 状态2：Takeoff_wait--[TakeOff]
1775392166.5758557 [navNode-2] [INFO] [1775392166.575436389] [navNode]: 未到目标点
1775392166.5759811 [navNode-2] 目标位置:(0.0, 0.0, 0.7)-[TakeOff]-[MCU:False]-[POS:False]
1775392166.5760350 [navNode-2] 当前位置:(0.006922774016857147, 0.0047852518036961555, 0.0010035668965429068)
1775392166.6754303 [navNode-2] [INFO] [1775392166.675105351] [navNode]: 状态2：Takeoff_wait--[TakeOff]
1775392166.6758599 [navNode-2] [INFO] [1775392166.675574139] [navNode]: 未到目标点
1775392166.6759982 [navNode-2] 目标位置:(0.0, 0.0, 0.7)-[TakeOff]-[MCU:False]-[POS:False]
1775392166.6760664 [navNode-2] 当前位置:(0.006520756985992193, 0.004618870560079813, 0.0007867146632634103)
1775392166.7756813 [navNode-2] [INFO] [1775392166.775188945] [navNode]: 状态2：Takeoff_wait--[TakeOff]
1775392166.7761850 [navNode-2] [INFO] [1775392166.775676065] [navNode]: 未到目标点
1775392166.7762887 [navNode-2] 目标位置:(0.0, 0.0, 0.7)-[TakeOff]-[MCU:False]-[POS:False]
1775392166.7763610 [navNode-2] 当前位置:(0.006744378712028265, 0.004779039416462183, 0.0008959260885603726)
1775392166.8759930 [navNode-2] [INFO] [1775392166.875483575] [navNode]: 状态2：Takeoff_wait--[TakeOff]
1775392166.8765132 [navNode-2] [INFO] [1775392166.876127986] [navNode]: 未到目标点
1775392166.8766129 [navNode-2] 目标位置:(0.0, 0.0, 0.7)-[TakeOff]-[MCU:False]-[POS:False]
1775392166.8766563 [navNode-2] 当前位置:(0.0068527888506650925, 0.004970254376530647, 0.0007861834019422531)
1775392166.9762416 [navNode-2] [INFO] [1775392166.975721161] [navNode]: 状态2：Takeoff_wait--[TakeOff]
1775392166.9768839 [navNode-2] [INFO] [1775392166.976484209] [navNode]: 未到目标点
1775392166.9770467 [navNode-2] 目标位置:(0.0, 0.0, 0.7)-[TakeOff]-[MCU:False]-[POS:False]
1775392166.9772511 [navNode-2] 当前位置:(0.006879010703414679, 0.004675664473325014, 0.0008421369711868465)
1775392167.0756857 [navNode-2] [INFO] [1775392167.075269878] [navNode]: 状态2：Takeoff_wait--[TakeOff]
1775392167.0762382 [navNode-2] [INFO] [1775392167.075740066] [navNode]: 未到目标点
1775392167.0764263 [navNode-2] 目标位置:(0.0, 0.0, 0.7)-[TakeOff]-[MCU:False]-[POS:False]
1775392167.0764716 [navNode-2] 当前位置:(0.00673644570633769, 0.004943357780575752, 0.0007426183437928557)
1775392167.1756368 [navNode-2] [INFO] [1775392167.175231957] [navNode]: 状态2：Takeoff_wait--[TakeOff]
1775392167.1760974 [navNode-2] [INFO] [1775392167.175724971] [navNode]: 未到目标点
1775392167.1762376 [navNode-2] 目标位置:(0.0, 0.0, 0.7)-[TakeOff]-[MCU:False]-[POS:False]
1775392167.1762848 [navNode-2] 当前位置:(0.006926428060978651, 0.004720111843198538, 0.0009216786711476743)
1775392167.2756419 [navNode-2] [INFO] [1775392167.275145021] [navNode]: 状态2：Takeoff_wait--[TakeOff]
1775392167.2764540 [navNode-2] [INFO] [1775392167.275798452] [navNode]: 未到目标点
1775392167.2766736 [navNode-2] 目标位置:(0.0, 0.0, 0.7)-[TakeOff]-[MCU:False]-[POS:False]
1775392167.2767606 [navNode-2] 当前位置:(0.00665220757946372, 0.004687811713665724, 0.0006672100862488151)
1775392167.3755641 [navNode-2] [INFO] [1775392167.375143112] [navNode]: 状态2：Takeoff_wait--[TakeOff]
1775392167.3760519 [navNode-2] [INFO] [1775392167.375617167] [navNode]: 未到目标点
1775392167.3767674 [navNode-2] 目标位置:(0.0, 0.0, 0.7)-[TakeOff]-[MCU:False]-[POS:False]
1775392167.3768854 [navNode-2] 当前位置:(0.006826861295849085, 0.004542596638202667, 0.0008125931490212679)
1775392167.4759448 [navNode-2] [INFO] [1775392167.475510861] [navNode]: 状态2：Takeoff_wait--[TakeOff]
1775392167.4764223 [navNode-2] [INFO] [1775392167.476017418] [navNode]: 未到目标点
1775392167.4765899 [navNode-2] 目标位置:(0.0, 0.0, 0.7)-[TakeOff]-[MCU:False]-[POS:False]
1775392167.4766386 [navNode-2] 当前位置:(0.0066675362177193165, 0.004658898804336786, 0.0006869423668831587)
1775392167.5758920 [navNode-2] [INFO] [1775392167.575522056] [navNode]: 状态2：Takeoff_wait--[TakeOff]
1775392167.5763831 [navNode-2] [INFO] [1775392167.575995685] [navNode]: 未到目标点
1775392167.5765207 [navNode-2] 目标位置:(0.0, 0.0, 0.7)-[TakeOff]-[MCU:False]-[POS:False]
1775392167.5766177 [navNode-2] 当前位置:(0.006764517165720463, 0.0048928470350801945, 0.0006531973485834897)
1775392167.6754880 [navNode-2] [INFO] [1775392167.675060331] [navNode]: 状态2：Takeoff_wait--[TakeOff]
1775392167.6758747 [navNode-2] [INFO] [1775392167.675571582] [navNode]: 未到目标点
1775392167.6759460 [navNode-2] 目标位置:(0.0, 0.0, 0.7)-[TakeOff]-[MCU:False]-[POS:False]
1775392167.6759911 [navNode-2] 当前位置:(0.006446219049394131, 0.0046474807895720005, 0.0004296684346627444)
1775392167.7761850 [navNode-2] [INFO] [1775392167.775743436] [navNode]: 状态2：Takeoff_wait--[TakeOff]
1775392167.7766347 [navNode-2] [INFO] [1775392167.776382658] [navNode]: 未到目标点
1775392167.7767212 [navNode-2] 目标位置:(0.0, 0.0, 0.7)-[TakeOff]-[MCU:False]-[POS:False]
1775392167.7767978 [navNode-2] 当前位置:(0.006497464142739773, 0.004882595036178827, 0.0005075792432762682)
1775392167.8755662 [navNode-2] [INFO] [1775392167.875183970] [navNode]: 状态2：Takeoff_wait--[TakeOff]
1775392167.8759999 [navNode-2] [INFO] [1775392167.875766648] [navNode]: 未到目标点
1775392167.8762128 [navNode-2] 目标位置:(0.0, 0.0, 0.7)-[TakeOff]-[MCU:False]-[POS:False]
1775392167.8763003 [navNode-2] 当前位置:(0.006574203260242939, 0.004651959519833326, 0.000684443220961839)
1775392167.9759846 [navNode-2] [INFO] [1775392167.975606487] [navNode]: 状态2：Takeoff_wait--[TakeOff]
1775392167.9777265 [navNode-2] [INFO] [1775392167.977458361] [navNode]: 未到目标点
1775392167.9779117 [navNode-2] 目标位置:(0.0, 0.0, 0.7)-[TakeOff]-[MCU:False]-[POS:False]
1775392167.9779792 [navNode-2] 当前位置:(0.006807062774896622, 0.004461526405066252, 0.001032501459121704)
1775392168.0768008 [navNode-2] [INFO] [1775392168.076480279] [navNode]: 状态2：Takeoff_wait--[TakeOff]
1775392168.0772190 [navNode-2] [INFO] [1775392168.077004225] [navNode]: 未到目标点
1775392168.0773027 [navNode-2] 目标位置:(0.0, 0.0, 0.7)-[TakeOff]-[MCU:False]-[POS:False]
1775392168.0773661 [navNode-2] 当前位置:(0.007094426080584526, 0.004725928883999586, 0.0009123948984779418)
1775392168.1761205 [navNode-2] [INFO] [1775392168.175595857] [navNode]: 状态2：Takeoff_wait--[TakeOff]
1775392168.1766629 [navNode-2] [INFO] [1775392168.176212176] [navNode]: 未到目标点
1775392168.1768179 [navNode-2] 目标位置:(0.0, 0.0, 0.7)-[TakeOff]-[MCU:False]-[POS:False]
1775392168.1768832 [navNode-2] 当前位置:(0.006623223889619112, 0.0045513855293393135, 0.0006569278775714338)
1775392168.2758858 [navNode-2] [INFO] [1775392168.275506309] [navNode]: 状态2：Takeoff_wait--[TakeOff]
1775392168.2765057 [navNode-2] [INFO] [1775392168.276060720] [navNode]: 未到目标点
1775392168.2766614 [navNode-2] 目标位置:(0.0, 0.0, 0.7)-[TakeOff]-[MCU:False]-[POS:False]
1775392168.2767708 [navNode-2] 当前位置:(0.007026014383882284, 0.0045464220456779, 0.0007265230524353683)
1775392168.3768122 [navNode-2] [INFO] [1775392168.376427208] [navNode]: 状态2：Takeoff_wait--[TakeOff]
1775392168.3772359 [navNode-2] [INFO] [1775392168.376872381] [navNode]: 未到目标点
1775392168.3773115 [navNode-2] 目标位置:(0.0, 0.0, 0.7)-[TakeOff]-[MCU:False]-[POS:False]
1775392168.3773518 [navNode-2] 当前位置:(0.006750781554728746, 0.004738330375403166, 0.0008029560558497906)
1775392168.4753342 [navNode-2] [INFO] [1775392168.475008785] [navNode]: 状态2：Takeoff_wait--[TakeOff]
1775392168.4757476 [navNode-2] [INFO] [1775392168.475470382] [navNode]: 未到目标点
1775392168.4758260 [navNode-2] 目标位置:(0.0, 0.0, 0.7)-[TakeOff]-[MCU:False]-[POS:False]
1775392168.4758663 [navNode-2] 当前位置:(0.006164844613522291, 0.005112585611641407, 0.0007354894187301397)
1775392168.5756881 [navNode-2] [INFO] [1775392168.575293654] [navNode]: 状态2：Takeoff_wait--[TakeOff]
1775392168.5760794 [navNode-2] [INFO] [1775392168.575740430] [navNode]: 未到目标点
1775392168.5762203 [navNode-2] 目标位置:(0.0, 0.0, 0.7)-[TakeOff]-[MCU:False]-[POS:False]
1775392168.5762911 [navNode-2] 当前位置:(0.00670554069802165, 0.004073017742484808, 0.0006601382629014552)
1775392168.6754293 [navNode-2] [INFO] [1775392168.675019580] [navNode]: 状态2：Takeoff_wait--[TakeOff]
1775392168.6758173 [navNode-2] [INFO] [1775392168.675466289] [navNode]: 未到目标点
1775392168.6759291 [navNode-2] 目标位置:(0.0, 0.0, 0.7)-[TakeOff]-[MCU:False]-[POS:False]
1775392168.6759956 [navNode-2] 当前位置:(0.006708864588290453, 0.004596190992742777, 0.0006525699282065034)
1775392168.7776368 [navNode-2] [INFO] [1775392168.777051529] [navNode]: 状态2：Takeoff_wait--[TakeOff]
1775392168.7780914 [navNode-2] [INFO] [1775392168.777571162] [navNode]: 未到目标点
1775392168.7781768 [navNode-2] 目标位置:(0.0, 0.0, 0.7)-[TakeOff]-[MCU:False]-[POS:False]
1775392168.7782226 [navNode-2] 当前位置:(0.006491504609584808, 0.004786341451108456, 0.000642254133708775)
1775392168.8758686 [navNode-2] [INFO] [1775392168.875414185] [navNode]: 状态2：Takeoff_wait--[TakeOff]
1775392168.8765101 [navNode-2] [INFO] [1775392168.875919049] [navNode]: 未到目标点
1775392168.8766005 [navNode-2] 目标位置:(0.0, 0.0, 0.7)-[TakeOff]-[MCU:False]-[POS:False]
1775392168.8766425 [navNode-2] 当前位置:(0.006832875311374664, 0.004413766786456108, 0.0008203532197512686)
1775392168.9759243 [navNode-2] [INFO] [1775392168.975525342] [navNode]: 状态2：Takeoff_wait--[TakeOff]
1775392168.9767711 [navNode-2] [INFO] [1775392168.976480783] [navNode]: 未到目标点
1775392168.9769449 [navNode-2] 目标位置:(0.0, 0.0, 0.7)-[TakeOff]-[MCU:False]-[POS:False]
1775392168.9770064 [navNode-2] 当前位置:(0.00613411096855998, 0.004753545857965946, 0.0006146437954157591)
1775392169.0759239 [navNode-2] [INFO] [1775392169.075429367] [navNode]: 状态2：Takeoff_wait--[TakeOff]
1775392169.0763831 [navNode-2] [INFO] [1775392169.075929612] [navNode]: 未到目标点
1775392169.0765338 [navNode-2] 目标位置:(0.0, 0.0, 0.7)-[TakeOff]-[MCU:False]-[POS:False]
1775392169.0765982 [navNode-2] 当前位置:(0.00650049326941371, 0.00478207366541028, 0.0006321113905869424)
1775392169.1756828 [navNode-2] [INFO] [1775392169.175350342] [navNode]: 状态2：Takeoff_wait--[TakeOff]
1775392169.1763546 [navNode-2] [INFO] [1775392169.175850258] [navNode]: 未到目标点
1775392169.1764507 [navNode-2] 目标位置:(0.0, 0.0, 0.7)-[TakeOff]-[MCU:False]-[POS:False]
1775392169.1766357 [navNode-2] 当前位置:(0.006794636603444815, 0.004719084594398737, 0.0008004683186300099)
1775392169.2757652 [navNode-2] [INFO] [1775392169.275325723] [navNode]: 状态2：Takeoff_wait--[TakeOff]
1775392169.2762079 [navNode-2] [INFO] [1775392169.275810562] [navNode]: 未到目标点
1775392169.2763083 [navNode-2] 目标位置:(0.0, 0.0, 0.7)-[TakeOff]-[MCU:False]-[POS:False]
1775392169.2763658 [navNode-2] 当前位置:(0.0065666185691952705, 0.004268946126103401, 0.0007045503007248044)
1775392169.3754959 [navNode-2] [INFO] [1775392169.375082390] [navNode]: 状态2：Takeoff_wait--[TakeOff]
1775392169.3759685 [navNode-2] [INFO] [1775392169.375513023] [navNode]: 未到目标点
1775392169.3763454 [navNode-2] 目标位置:(0.0, 0.0, 0.7)-[TakeOff]-[MCU:False]-[POS:False]
1775392169.3764229 [navNode-2] 当前位置:(0.006701014935970306, 0.004895266145467758, 0.0007497386541217566)
1775392169.4757669 [navNode-2] [INFO] [1775392169.475349627] [navNode]: 状态2：Takeoff_wait--[TakeOff]
1775392169.4764168 [navNode-2] [INFO] [1775392169.475801226] [navNode]: 未到目标点
1775392169.4765773 [navNode-2] 目标位置:(0.0, 0.0, 0.7)-[TakeOff]-[MCU:False]-[POS:False]
1775392169.4766181 [navNode-2] 当前位置:(0.006619883235543966, 0.0046964953653514385, 0.0007414717110805213)
1775392169.5753775 [navNode-2] [INFO] [1775392169.575015259] [navNode]: 状态2：Takeoff_wait--[TakeOff]
1775392169.5760026 [navNode-2] [INFO] [1775392169.575545061] [navNode]: 未到目标点
1775392169.5761206 [navNode-2] 目标位置:(0.0, 0.0, 0.7)-[TakeOff]-[MCU:False]-[POS:False]
1775392169.5761757 [navNode-2] 当前位置:(0.0068613686598837376, 0.005122954957187176, 0.0006292398320510983)
1775392169.6759472 [navNode-2] [INFO] [1775392169.675384295] [navNode]: 状态2：Takeoff_wait--[TakeOff]
1775392169.6764517 [navNode-2] [INFO] [1775392169.675946530] [navNode]: 未到目标点
1775392169.6767511 [navNode-2] 目标位置:(0.0, 0.0, 0.7)-[TakeOff]-[MCU:False]-[POS:False]
1775392169.6768255 [navNode-2] 当前位置:(0.0071089426055550575, 0.004369187168776989, 0.0008848505676724017)
1775392169.7762384 [navNode-2] [INFO] [1775392169.775395074] [navNode]: 状态2：Takeoff_wait--[TakeOff]
1775392169.7764790 [navNode-2] [INFO] [1775392169.775848774] [navNode]: 未到目标点
1775392169.7765460 [navNode-2] 目标位置:(0.0, 0.0, 0.7)-[TakeOff]-[MCU:False]-[POS:False]
1775392169.7765894 [navNode-2] 当前位置:(0.006425211206078529, 0.0048032961785793304, 0.0003819637931883335)
1775392169.8764672 [navNode-2] [INFO] [1775392169.876085111] [navNode]: 状态2：Takeoff_wait--[TakeOff]
1775392169.8769007 [navNode-2] [INFO] [1775392169.876612226] [navNode]: 未到目标点
1775392169.8769996 [navNode-2] 目标位置:(0.0, 0.0, 0.7)-[TakeOff]-[MCU:False]-[POS:False]
1775392169.8770723 [navNode-2] 当前位置:(0.0071052671410143375, 0.0044471342116594315, 0.0008882307447493076)
1775392169.9757710 [navNode-2] [INFO] [1775392169.975387569] [navNode]: 状态2：Takeoff_wait--[TakeOff]
1775392169.9773033 [navNode-2] [INFO] [1775392169.976980091] [navNode]: 未到目标点
1775392169.9775240 [navNode-2] 目标位置:(0.0, 0.0, 0.7)-[TakeOff]-[MCU:False]-[POS:False]
1775392169.9775882 [navNode-2] 当前位置:(0.00675199506804347, 0.004717051051557064, 0.0005363214295357466)
1775392170.0758281 [navNode-2] [INFO] [1775392170.075189661] [navNode]: 状态2：Takeoff_wait--[TakeOff]
1775392170.0764809 [navNode-2] [INFO] [1775392170.075695932] [navNode]: 未到目标点
1775392170.0765736 [navNode-2] 目标位置:(0.0, 0.0, 0.7)-[TakeOff]-[MCU:False]-[POS:False]
1775392170.0766163 [navNode-2] 当前位置:(0.006473542656749487, 0.004815308377146721, 0.0004646610759664327)
1775392170.1770651 [navNode-2] [INFO] [1775392170.176709352] [navNode]: 状态2：Takeoff_wait--[TakeOff]
1775392170.1775579 [navNode-2] [INFO] [1775392170.177323850] [navNode]: 未到目标点
1775392170.1777072 [navNode-2] 目标位置:(0.0, 0.0, 0.7)-[TakeOff]-[MCU:False]-[POS:False]
1775392170.1777761 [navNode-2] 当前位置:(0.006439896300435066, 0.005035298876464367, 0.0006585438968613744)
1775392170.2762544 [navNode-2] [INFO] [1775392170.275402663] [navNode]: 状态2：Takeoff_wait--[TakeOff]
1775392170.2764926 [navNode-2] [INFO] [1775392170.275866412] [navNode]: 未到目标点
1775392170.2765677 [navNode-2] 目标位置:(0.0, 0.0, 0.7)-[TakeOff]-[MCU:False]-[POS:False]
1775392170.2766075 [navNode-2] 当前位置:(0.006687075365334749, 0.004736155737191439, 0.0008480225224047899)
1775392170.3760657 [navNode-2] [INFO] [1775392170.375377889] [navNode]: 状态2：Takeoff_wait--[TakeOff]
1775392170.3766239 [navNode-2] [INFO] [1775392170.375981229] [navNode]: 未到目标点
1775392170.3767233 [navNode-2] 目标位置:(0.0, 0.0, 0.7)-[TakeOff]-[MCU:False]-[POS:False]
1775392170.3767786 [navNode-2] 当前位置:(0.006909501273185015, 0.0045646424405276775, 0.0006917634746059775)
1775392170.4768171 [navNode-2] [INFO] [1775392170.476334145] [navNode]: 状态2：Takeoff_wait--[TakeOff]
1775392170.4773662 [navNode-2] [INFO] [1775392170.476889449] [navNode]: 未到目标点
1775392170.4775064 [navNode-2] 目标位置:(0.0, 0.0, 0.7)-[TakeOff]-[MCU:False]-[POS:False]
1775392170.4779732 [navNode-2] 当前位置:(0.007047845516353846, 0.004295322112739086, 0.0006986473454162478)
1775392170.5762498 [navNode-2] [INFO] [1775392170.575800864] [navNode]: 状态2：Takeoff_wait--[TakeOff]
1775392170.5774035 [navNode-2] [INFO] [1775392170.577149225] [navNode]: 未到目标点
1775392170.5776489 [navNode-2] 目标位置:(0.0, 0.0, 0.7)-[TakeOff]-[MCU:False]-[POS:False]
1775392170.5777535 [navNode-2] 当前位置:(0.006518871523439884, 0.00461849570274353, 0.0005961962160654366)
1775392170.6755993 [navNode-2] [INFO] [1775392170.675126875] [navNode]: 状态2：Takeoff_wait--[TakeOff]
1775392170.6762109 [navNode-2] [INFO] [1775392170.675615245] [navNode]: 未到目标点
1775392170.6763010 [navNode-2] 目标位置:(0.0, 0.0, 0.7)-[TakeOff]-[MCU:False]-[POS:False]
1775392170.6763659 [navNode-2] 当前位置:(0.0066277701407670975, 0.0045715258456766605, 0.00039192993426695466)
1775392170.7781119 [navNode-2] [INFO] [1775392170.777684771] [navNode]: 状态2：Takeoff_wait--[TakeOff]
1775392170.7785482 [navNode-2] [INFO] [1775392170.778150598] [navNode]: 未到目标点
1775392170.7786317 [navNode-2] 目标位置:(0.0, 0.0, 0.7)-[TakeOff]-[MCU:False]-[POS:False]
1775392170.7786958 [navNode-2] 当前位置:(0.00652166735380888, 0.00472718570381403, 0.000695437949616462)
1775392170.8755491 [navNode-2] [INFO] [1775392170.875181793] [navNode]: 状态2：Takeoff_wait--[TakeOff]
1775392170.8761806 [navNode-2] [INFO] [1775392170.875621574] [navNode]: 未到目标点
1775392170.8762925 [navNode-2] 目标位置:(0.0, 0.0, 0.7)-[TakeOff]-[MCU:False]-[POS:False]
1775392170.8763344 [navNode-2] 当前位置:(0.006527415476739407, 0.004712368827313185, 0.0009480568114668131)
1775392170.9759588 [navNode-2] [INFO] [1775392170.975504533] [navNode]: 状态2：Takeoff_wait--[TakeOff]
1775392170.9766989 [navNode-2] [INFO] [1775392170.976197036] [navNode]: 未到目标点
1775392170.9768476 [navNode-2] 目标位置:(0.0, 0.0, 0.7)-[TakeOff]-[MCU:False]-[POS:False]
1775392170.9769320 [navNode-2] 当前位置:(0.006638245657086372, 0.004479344468563795, 0.0007882049540057778)
1775392171.0759480 [navNode-2] [INFO] [1775392171.075541364] [navNode]: 状态2：Takeoff_wait--[TakeOff]
1775392171.0763876 [navNode-2] [INFO] [1775392171.076092834] [navNode]: 未到目标点
1775392171.0764825 [navNode-2] 目标位置:(0.0, 0.0, 0.7)-[TakeOff]-[MCU:False]-[POS:False]
1775392171.0765312 [navNode-2] 当前位置:(0.00713168503716588, 0.00452396972104907, 0.0006764334393665195)
1775392171.1762128 [navNode-2] [INFO] [1775392171.175532791] [navNode]: 状态2：Takeoff_wait--[TakeOff]
1775392171.1771138 [navNode-2] [INFO] [1775392171.176137012] [navNode]: 未到目标点
1775392171.1772587 [navNode-2] 目标位置:(0.0, 0.0, 0.7)-[TakeOff]-[MCU:False]-[POS:False]
1775392171.1773107 [navNode-2] 当前位置:(0.006681174971163273, 0.004610804375261068, 0.0006505373166874051)
1775392171.2757304 [navNode-2] [INFO] [1775392171.275229210] [navNode]: 状态2：Takeoff_wait--[TakeOff]
1775392171.2761919 [navNode-2] [INFO] [1775392171.275974766] [navNode]: 未到目标点
1775392171.2763050 [navNode-2] 目标位置:(0.0, 0.0, 0.7)-[TakeOff]-[MCU:False]-[POS:False]
1775392171.2765400 [navNode-2] 当前位置:(0.0067734671756625175, 0.004513582680374384, 0.0007232389179989696)
1775392171.3760293 [navNode-2] [INFO] [1775392171.375660039] [navNode]: 状态2：Takeoff_wait--[TakeOff]
1775392171.3765941 [navNode-2] [INFO] [1775392171.376139154] [navNode]: 未到目标点
1775392171.3767469 [navNode-2] 目标位置:(0.0, 0.0, 0.7)-[TakeOff]-[MCU:False]-[POS:False]
1775392171.3768072 [navNode-2] 当前位置:(0.006719985045492649, 0.004455541260540485, 0.0007173974881879985)
1775392171.4758320 [navNode-2] [INFO] [1775392171.475363624] [navNode]: 状态2：Takeoff_wait--[TakeOff]
1775392171.4766395 [navNode-2] [INFO] [1775392171.476319197] [navNode]: 未到目标点
1775392171.4769006 [navNode-2] 目标位置:(0.0, 0.0, 0.7)-[TakeOff]-[MCU:False]-[POS:False]
1775392171.4769831 [navNode-2] 当前位置:(0.006405348423868418, 0.004804895259439945, 0.0005877952207811177)
1775392171.5755980 [navNode-2] [INFO] [1775392171.575091554] [navNode]: 状态2：Takeoff_wait--[TakeOff]
1775392171.5763583 [navNode-2] [INFO] [1775392171.575530775] [navNode]: 未到目标点
1775392171.5764370 [navNode-2] 目标位置:(0.0, 0.0, 0.7)-[TakeOff]-[MCU:False]-[POS:False]
1775392171.5764778 [navNode-2] 当前位置:(0.006606994662433863, 0.004563629161566496, 0.0008611403172835708)
1775392171.6765382 [navNode-2] [INFO] [1775392171.675965718] [navNode]: 状态2：Takeoff_wait--[TakeOff]
1775392171.6770966 [navNode-2] [INFO] [1775392171.676944444] [navNode]: 未到目标点
1775392171.6772342 [navNode-2] 目标位置:(0.0, 0.0, 0.7)-[TakeOff]-[MCU:False]-[POS:False]
1775392171.6772978 [navNode-2] 当前位置:(0.006546154618263245, 0.004825847689062357, 0.0006596912280656397)
1775392171.7767091 [navNode-2] [INFO] [1775392171.776376774] [navNode]: 状态2：Takeoff_wait--[TakeOff]
1775392171.7771480 [navNode-2] [INFO] [1775392171.776839939] [navNode]: 未到目标点
1775392171.7772367 [navNode-2] 目标位置:(0.0, 0.0, 0.7)-[TakeOff]-[MCU:False]-[POS:False]
1775392171.7772794 [navNode-2] 当前位置:(0.006463728379458189, 0.004578894004225731, 0.0006445388426072896)
1775392171.8759081 [navNode-2] [INFO] [1775392171.875477212] [navNode]: 状态2：Takeoff_wait--[TakeOff]
1775392171.8763366 [navNode-2] [INFO] [1775392171.876032940] [navNode]: 未到目标点
1775392171.8764222 [navNode-2] 目标位置:(0.0, 0.0, 0.7)-[TakeOff]-[MCU:False]-[POS:False]
1775392171.8764729 [navNode-2] 当前位置:(0.006631963886320591, 0.0049179536290466785, 0.0005844933330081403)
1775392171.9778068 [navNode-2] [INFO] [1775392171.977464548] [navNode]: 状态2：Takeoff_wait--[TakeOff]
1775392171.9782615 [navNode-2] [INFO] [1775392171.978008050] [navNode]: 未到目标点
1775392171.9784071 [navNode-2] 目标位置:(0.0, 0.0, 0.7)-[TakeOff]-[MCU:False]-[POS:False]
1775392171.9784694 [navNode-2] 当前位置:(0.006448936648666859, 0.004551035817712545, 0.0006324087153188884)
1775392172.0764289 [navNode-2] [INFO] [1775392172.075905640] [navNode]: 状态2：Takeoff_wait--[TakeOff]
1775392172.0774708 [navNode-2] [INFO] [1775392172.077178611] [navNode]: 未到目标点
1775392172.0776570 [navNode-2] 目标位置:(0.0, 0.0, 0.7)-[TakeOff]-[MCU:False]-[POS:False]
1775392172.0777190 [navNode-2] 当前位置:(0.006989110726863146, 0.004824470728635788, 0.0009800032712519169)
1775392172.1758127 [navNode-2] [INFO] [1775392172.175377207] [navNode]: 状态2：Takeoff_wait--[TakeOff]
1775392172.1764390 [navNode-2] [INFO] [1775392172.175879721] [navNode]: 未到目标点
1775392172.1765308 [navNode-2] 目标位置:(0.0, 0.0, 0.7)-[TakeOff]-[MCU:False]-[POS:False]
1775392172.1766148 [navNode-2] 当前位置:(0.00683396914973855, 0.004459555260837078, 0.0007834261050447822)
1775392172.2757258 [navNode-2] [INFO] [1775392172.275357343] [navNode]: 状态2：Takeoff_wait--[TakeOff]
1775392172.2763848 [navNode-2] [INFO] [1775392172.275883848] [navNode]: 未到目标点
1775392172.2765222 [navNode-2] 目标位置:(0.0, 0.0, 0.7)-[TakeOff]-[MCU:False]-[POS:False]
1775392172.2765737 [navNode-2] 当前位置:(0.006867583375424147, 0.004785343538969755, 0.001063900999724865)
1775392172.3761539 [navNode-2] [INFO] [1775392172.375760812] [navNode]: 状态2：Takeoff_wait--[TakeOff]
1775392172.3766484 [navNode-2] [INFO] [1775392172.376321633] [navNode]: 未到目标点
1775392172.3772554 [navNode-2] 目标位置:(0.0, 0.0, 0.7)-[TakeOff]-[MCU:False]-[POS:False]
1775392172.3773875 [navNode-2] 当前位置:(0.006868257187306881, 0.0048363772220909595, 0.0007138961809687316)
1775392172.4773071 [navNode-2] [INFO] [1775392172.476217821] [navNode]: 状态2：Takeoff_wait--[TakeOff]
1775392172.4787631 [navNode-2] [INFO] [1775392172.478252435] [navNode]: 未到目标点
1775392172.4793918 [navNode-2] 目标位置:(0.0, 0.0, 0.7)-[TakeOff]-[MCU:False]-[POS:False]
1775392172.4795084 [navNode-2] 当前位置:(0.006533561274409294, 0.004641969688236713, 0.0005684670177288353)
1775392172.5754983 [navNode-2] [INFO] [1775392172.575132909] [navNode]: 状态2：Takeoff_wait--[TakeOff]
1775392172.5759501 [navNode-2] [INFO] [1775392172.575631329] [navNode]: 未到目标点
1775392172.5760615 [navNode-2] 目标位置:(0.0, 0.0, 0.7)-[TakeOff]-[MCU:False]-[POS:False]
1775392172.5761104 [navNode-2] 当前位置:(0.006789811421185732, 0.0045885429717600346, 0.0007283013546839356)
1775392172.6764195 [navNode-2] [INFO] [1775392172.675415909] [navNode]: 状态2：Takeoff_wait--[TakeOff]
1775392172.6766572 [navNode-2] [INFO] [1775392172.675920422] [navNode]: 未到目标点
1775392172.6767201 [navNode-2] 目标位置:(0.0, 0.0, 0.7)-[TakeOff]-[MCU:False]-[POS:False]
1775392172.6767619 [navNode-2] 当前位置:(0.006575567182153463, 0.004751881584525108, 0.0006874481332488358)
1775392172.7759285 [navNode-2] [INFO] [1775392172.775239371] [navNode]: 状态2：Takeoff_wait--[TakeOff]
1775392172.7765112 [navNode-2] [INFO] [1775392172.775768414] [navNode]: 未到目标点
1775392172.7769268 [navNode-2] 目标位置:(0.0, 0.0, 0.7)-[TakeOff]-[MCU:False]-[POS:False]
1775392172.7770791 [navNode-2] 当前位置:(0.006857253145426512, 0.00443604402244091, 0.0008099817205220461)
1775392172.8761201 [navNode-2] [INFO] [1775392172.875716287] [navNode]: 状态2：Takeoff_wait--[TakeOff]
1775392172.8766751 [navNode-2] [INFO] [1775392172.876233387] [navNode]: 未到目标点
1775392172.8768148 [navNode-2] 目标位置:(0.0, 0.0, 0.7)-[TakeOff]-[MCU:False]-[POS:False]
1775392172.8768992 [navNode-2] 当前位置:(0.006996445823460817, 0.0044063907116651535, 0.0009946355130523443)
1775392172.9756465 [navNode-2] [INFO] [1775392172.975314225] [navNode]: 状态2：Takeoff_wait--[TakeOff]
1775392172.9761052 [navNode-2] [INFO] [1775392172.975777548] [navNode]: 未到目标点
1775392172.9762099 [navNode-2] 目标位置:(0.0, 0.0, 0.7)-[TakeOff]-[MCU:False]-[POS:False]
1775392172.9762607 [navNode-2] 当前位置:(0.0069123972207307816, 0.004401261918246746, 0.0007864006911404431)
1775392173.0757267 [navNode-2] [INFO] [1775392173.075364685] [navNode]: 状态2：Takeoff_wait--[TakeOff]
1775392173.0763011 [navNode-2] [INFO] [1775392173.075859726] [navNode]: 未到目标点
1775392173.0764430 [navNode-2] 目标位置:(0.0, 0.0, 0.7)-[TakeOff]-[MCU:False]-[POS:False]
1775392173.0765095 [navNode-2] 当前位置:(0.006494064815342426, 0.004845763556659222, 0.0007769202347844839)
1775392173.1757343 [navNode-2] [INFO] [1775392173.175395121] [navNode]: 状态2：Takeoff_wait--[TakeOff]
1775392173.1761765 [navNode-2] [INFO] [1775392173.175900280] [navNode]: 未到目标点
1775392173.1762722 [navNode-2] 目标位置:(0.0, 0.0, 0.7)-[TakeOff]-[MCU:False]-[POS:False]
1775392173.1763582 [navNode-2] 当前位置:(0.00657949922606349, 0.004825741983950138, 0.0007464035879820585)
1775392173.2774258 [navNode-2] [INFO] [1775392173.277047443] [navNode]: 状态2：Takeoff_wait--[TakeOff]
1775392173.2787006 [navNode-2] [INFO] [1775392173.278471115] [navNode]: 未到目标点
1775392173.2788393 [navNode-2] 目标位置:(0.0, 0.0, 0.7)-[TakeOff]-[MCU:False]-[POS:False]
1775392173.2788911 [navNode-2] 当前位置:(0.006947743706405163, 0.004574088379740715, 0.0010630851611495018)
1775392173.3766797 [navNode-2] [INFO] [1775392173.376206015] [navNode]: 状态2：Takeoff_wait--[TakeOff]
1775392173.3773212 [navNode-2] [INFO] [1775392173.376782034] [navNode]: 未到目标点
1775392173.3774929 [navNode-2] 目标位置:(0.0, 0.0, 0.7)-[TakeOff]-[MCU:False]-[POS:False]
1775392173.3775845 [navNode-2] 当前位置:(0.006926811765879393, 0.00469015259295702, 0.001116169267334044)
1775392173.4757061 [navNode-2] [INFO] [1775392173.475247235] [navNode]: 状态2：Takeoff_wait--[TakeOff]
1775392173.4763682 [navNode-2] [INFO] [1775392173.476131610] [navNode]: 未到目标点
1775392173.4765098 [navNode-2] 目标位置:(0.0, 0.0, 0.7)-[TakeOff]-[MCU:False]-[POS:False]
1775392173.4765701 [navNode-2] 当前位置:(0.006675077136605978, 0.004562638234347105, 0.0009674094617366791)
1775392173.5766909 [navNode-2] [INFO] [1775392173.575883485] [navNode]: 状态2：Takeoff_wait--[TakeOff]
1775392173.5773940 [navNode-2] [INFO] [1775392173.576802130] [navNode]: 未到目标点
1775392173.5775957 [navNode-2] 目标位置:(0.0, 0.0, 0.7)-[TakeOff]-[MCU:False]-[POS:False]
1775392173.5776680 [navNode-2] 当前位置:(0.0068252976052463055, 0.0044535137712955475, 0.0008310964913107455)
1775392173.6760151 [navNode-2] [INFO] [1775392173.675616033] [navNode]: 状态2：Takeoff_wait--[TakeOff]
1775392173.6764996 [navNode-2] [INFO] [1775392173.676187486] [navNode]: 未到目标点
1775392173.6766090 [navNode-2] 目标位置:(0.0, 0.0, 0.7)-[TakeOff]-[MCU:False]-[POS:False]
1775392173.6766663 [navNode-2] 当前位置:(0.006962569896131754, 0.0044305878691375256, 0.0008868998265825212)
1775392173.7758050 [navNode-2] [INFO] [1775392173.775387521] [navNode]: 状态2：Takeoff_wait--[TakeOff]
1775392173.7762856 [navNode-2] [INFO] [1775392173.775965900] [navNode]: 未到目标点
1775392173.7764523 [navNode-2] 目标位置:(0.0, 0.0, 0.7)-[TakeOff]-[MCU:False]-[POS:False]
1775392173.7765152 [navNode-2] 当前位置:(0.006781790405511856, 0.004450226668268442, 0.0009914396796375513)
1775392173.8760498 [navNode-2] [INFO] [1775392173.875655988] [navNode]: 状态2：Takeoff_wait--[TakeOff]
1775392173.8766129 [navNode-2] [INFO] [1775392173.876254083] [navNode]: 未到目标点
1775392173.8767641 [navNode-2] 目标位置:(0.0, 0.0, 0.7)-[TakeOff]-[MCU:False]-[POS:False]
1775392173.8768618 [navNode-2] 当前位置:(0.006749749183654785, 0.0046691978350281715, 0.0006137029849924147)
1775392173.9774985 [navNode-2] [INFO] [1775392173.976661775] [navNode]: 状态2：Takeoff_wait--[TakeOff]
1775392173.9796317 [navNode-2] [INFO] [1775392173.978830441] [navNode]: 未到目标点
1775392173.9799302 [navNode-2] 目标位置:(0.0, 0.0, 0.7)-[TakeOff]-[MCU:False]-[POS:False]
1775392173.9800057 [navNode-2] 当前位置:(0.006466549355536699, 0.004693248774856329, 0.0007207902381196618)
1775392174.0768509 [navNode-2] [INFO] [1775392174.075896891] [navNode]: 状态2：Takeoff_wait--[TakeOff]
1775392174.0774205 [navNode-2] [INFO] [1775392174.076759997] [navNode]: 未到目标点
1775392174.0779665 [navNode-2] 目标位置:(0.0, 0.0, 0.7)-[TakeOff]-[MCU:False]-[POS:False]
1775392174.0780616 [navNode-2] 当前位置:(0.006662542466074228, 0.0043818713165819645, 0.0009361100383102894)
1775392174.1762908 [navNode-2] [INFO] [1775392174.175789409] [navNode]: 状态2：Takeoff_wait--[TakeOff]
1775392174.1782484 [navNode-2] [INFO] [1775392174.177917206] [navNode]: 未到目标点
1775392174.1784732 [navNode-2] 目标位置:(0.0, 0.0, 0.7)-[TakeOff]-[MCU:False]-[POS:False]
1775392174.1785457 [navNode-2] 当前位置:(0.00688841100782156, 0.004492062609642744, 0.0009077417198568583)
1775392174.2765734 [navNode-2] [INFO] [1775392174.276088465] [navNode]: 状态2：Takeoff_wait--[TakeOff]
1775392174.2772052 [navNode-2] [INFO] [1775392174.276684291] [navNode]: 未到目标点
1775392174.2773685 [navNode-2] 目标位置:(0.0, 0.0, 0.7)-[TakeOff]-[MCU:False]-[POS:False]
1775392174.2774367 [navNode-2] 当前位置:(0.006835683714598417, 0.0045113530941307545, 0.0009455124381929636)
1775392174.3767700 [navNode-2] [INFO] [1775392174.376234818] [navNode]: 状态2：Takeoff_wait--[TakeOff]
1775392174.3793867 [navNode-2] [INFO] [1775392174.378814431] [navNode]: 未到目标点
1775392174.3797786 [navNode-2] 目标位置:(0.0, 0.0, 0.7)-[TakeOff]-[MCU:False]-[POS:False]
1775392174.3799827 [navNode-2] 当前位置:(0.006799675524234772, 0.004610141739249229, 0.0007281355792656541)
1775392174.4779375 [navNode-2] [INFO] [1775392174.476709282] [navNode]: 状态2：Takeoff_wait--[TakeOff]
1775392174.4782298 [navNode-2] [INFO] [1775392174.477346454] [navNode]: 未到目标点
1775392174.4783514 [navNode-2] 目标位置:(0.0, 0.0, 0.7)-[TakeOff]-[MCU:False]-[POS:False]
1775392174.4784596 [navNode-2] 当前位置:(0.006555923726409674, 0.0045166839845478535, 0.0008761769277043641)
1775392174.5762610 [navNode-2] [INFO] [1775392174.575793747] [navNode]: 状态2：Takeoff_wait--[TakeOff]
1775392174.5771441 [navNode-2] [INFO] [1775392174.576473334] [navNode]: 未到目标点
1775392174.5772517 [navNode-2] 目标位置:(0.0, 0.0, 0.7)-[TakeOff]-[MCU:False]-[POS:False]
1775392174.5773048 [navNode-2] 当前位置:(0.006914688739925623, 0.004475430119782686, 0.0008845141273923218)
1775392174.6791434 [navNode-2] [INFO] [1775392174.678116000] [navNode]: 状态2：Takeoff_wait--[TakeOff]
1775392174.6795154 [navNode-2] [INFO] [1775392174.678806314] [navNode]: 未到目标点
1775392174.6796553 [navNode-2] 目标位置:(0.0, 0.0, 0.7)-[TakeOff]-[MCU:False]-[POS:False]
1775392174.6797791 [navNode-2] 当前位置:(0.006598125211894512, 0.004590248689055443, 0.0008809963474050164)
1775392174.7759089 [navNode-2] [INFO] [1775392174.775139912] [navNode]: 状态2：Takeoff_wait--[TakeOff]
1775392174.7768264 [navNode-2] [INFO] [1775392174.775640294] [navNode]: 未到目标点
1775392174.7773788 [navNode-2] 目标位置:(0.0, 0.0, 0.7)-[TakeOff]-[MCU:False]-[POS:False]
1775392174.7776895 [navNode-2] 当前位置:(0.006835226435214281, 0.004617374390363693, 0.0009912025416269898)
1775392174.8762484 [navNode-2] [INFO] [1775392174.875587424] [navNode]: 状态2：Takeoff_wait--[TakeOff]
1775392174.8770711 [navNode-2] [INFO] [1775392174.876248411] [navNode]: 未到目标点
1775392174.8772202 [navNode-2] 目标位置:(0.0, 0.0, 0.7)-[TakeOff]-[MCU:False]-[POS:False]
1775392174.8772781 [navNode-2] 当前位置:(0.006701907142996788, 0.0044131893664598465, 0.0007393039995804429)
1775392174.9780560 [navNode-2] [INFO] [1775392174.976364646] [navNode]: 状态2：Takeoff_wait--[TakeOff]
1775392174.9784327 [navNode-2] [INFO] [1775392174.977458547] [navNode]: 未到目标点
1775392174.9785476 [navNode-2] 目标位置:(0.0, 0.0, 0.7)-[TakeOff]-[MCU:False]-[POS:False]
1775392174.9787972 [navNode-2] 当前位置:(0.006738097872585058, 0.004625982604920864, 0.0006317851366475224)
1775392175.0761502 [navNode-2] [INFO] [1775392175.075744358] [navNode]: 状态2：Takeoff_wait--[TakeOff]
1775392175.0767272 [navNode-2] [INFO] [1775392175.076409520] [navNode]: 未到目标点
1775392175.0768876 [navNode-2] 目标位置:(0.0, 0.0, 0.7)-[TakeOff]-[MCU:False]-[POS:False]
1775392175.0769899 [navNode-2] 当前位置:(0.006667222362011671, 0.005034598521888256, 0.000994690926745534)
1775392175.1791613 [navNode-2] [INFO] [1775392175.178450965] [navNode]: 状态2：Takeoff_wait--[TakeOff]
1775392175.1797328 [navNode-2] [INFO] [1775392175.179375722] [navNode]: 未到目标点
1775392175.1798334 [navNode-2] 目标位置:(0.0, 0.0, 0.7)-[TakeOff]-[MCU:False]-[POS:False]
1775392175.1798878 [navNode-2] 当前位置:(0.006677496712654829, 0.004445562604814768, 0.0009347460581921041)
1775392175.2790592 [navNode-2] [INFO] [1775392175.278046300] [navNode]: 状态2：Takeoff_wait--[TakeOff]
1775392175.2793112 [navNode-2] [INFO] [1775392175.278634701] [navNode]: 未到目标点
1775392175.2793908 [navNode-2] 目标位置:(0.0, 0.0, 0.7)-[TakeOff]-[MCU:False]-[POS:False]
1775392175.2794862 [navNode-2] 当前位置:(0.0065955063328146935, 0.004716533236205578, 0.0006746443104930222)
1775392175.3770227 [navNode-2] [INFO] [1775392175.376571146] [navNode]: 状态2：Takeoff_wait--[TakeOff]
1775392175.3784792 [navNode-2] [INFO] [1775392175.378144643] [navNode]: 未到目标点
1775392175.3790481 [navNode-2] 目标位置:(0.0, 0.0, 0.7)-[TakeOff]-[MCU:False]-[POS:False]
1775392175.3793678 [navNode-2] 当前位置:(0.006932741496711969, 0.004518177825957537, 0.0005377564230002463)
1775392175.4763503 [navNode-2] [INFO] [1775392175.475929592] [navNode]: 状态2：Takeoff_wait--[TakeOff]
1775392175.4780750 [navNode-2] [INFO] [1775392175.477732357] [navNode]: 未到目标点
1775392175.4782507 [navNode-2] 目标位置:(0.0, 0.0, 0.7)-[TakeOff]-[MCU:False]-[POS:False]
1775392175.4783111 [navNode-2] 当前位置:(0.006803902797400951, 0.004413212183862925, 0.0007080240757204592)
1775392175.5794246 [navNode-2] [INFO] [1775392175.579102575] [navNode]: 状态2：Takeoff_wait--[TakeOff]
1775392175.5805862 [navNode-2] [INFO] [1775392175.580263498] [navNode]: 未到目标点
1775392175.5807905 [navNode-2] 目标位置:(0.0, 0.0, 0.7)-[TakeOff]-[MCU:False]-[POS:False]
1775392175.5808866 [navNode-2] 当前位置:(0.006953321397304535, 0.004500851035118103, 0.0007880298653617501)
1775392175.6762955 [navNode-2] [INFO] [1775392175.675701299] [navNode]: 状态2：Takeoff_wait--[TakeOff]
1775392175.6770873 [navNode-2] [INFO] [1775392175.676283158] [navNode]: 未到目标点
1775392175.6772292 [navNode-2] 目标位置:(0.0, 0.0, 0.7)-[TakeOff]-[MCU:False]-[POS:False]
1775392175.6772835 [navNode-2] 当前位置:(0.006732910871505737, 0.0044873799197375774, 0.0006422392907552421)
1775392175.7771006 [navNode-2] [INFO] [1775392175.776666465] [navNode]: 状态2：Takeoff_wait--[TakeOff]
1775392175.7777319 [navNode-2] [INFO] [1775392175.777289042] [navNode]: 未到目标点
1775392175.7779164 [navNode-2] 目标位置:(0.0, 0.0, 0.7)-[TakeOff]-[MCU:False]-[POS:False]
1775392175.7779942 [navNode-2] 当前位置:(0.006647289264947176, 0.004451272077858448, 0.0008006106945686042)
1775392175.8760018 [navNode-2] [INFO] [1775392175.875550003] [navNode]: 状态2：Takeoff_wait--[TakeOff]
1775392175.8774045 [navNode-2] [INFO] [1775392175.877163166] [navNode]: 未到目标点
1775392175.8775804 [navNode-2] 目标位置:(0.0, 0.0, 0.7)-[TakeOff]-[MCU:False]-[POS:False]
1775392175.8776374 [navNode-2] 当前位置:(0.006728841457515955, 0.00468968041241169, 0.0006145912921056151)
1775392175.9761975 [navNode-2] [INFO] [1775392175.975702473] [navNode]: 状态2：Takeoff_wait--[TakeOff]
1775392175.9767153 [navNode-2] [INFO] [1775392175.976376859] [navNode]: 未到目标点
1775392175.9768062 [navNode-2] 目标位置:(0.0, 0.0, 0.7)-[TakeOff]-[MCU:False]-[POS:False]
1775392175.9768574 [navNode-2] 当前位置:(0.006803299766033888, 0.004339438863098621, 0.0006187880644574761)
1775392176.0764174 [navNode-2] [INFO] [1775392176.075790497] [navNode]: 状态2：Takeoff_wait--[TakeOff]
1775392176.0768547 [navNode-2] [INFO] [1775392176.076348995] [navNode]: 未到目标点
1775392176.0769718 [navNode-2] 目标位置:(0.0, 0.0, 0.7)-[TakeOff]-[MCU:False]-[POS:False]
1775392176.0770259 [navNode-2] 当前位置:(0.007034766022115946, 0.004731067456305027, 0.0008901889086700976)
1775392176.1754973 [navNode-2] [INFO] [1775392176.175106753] [navNode]: 状态2：Takeoff_wait--[TakeOff]
1775392176.1759734 [navNode-2] [INFO] [1775392176.175536780] [navNode]: 未到目标点
1775392176.1760876 [navNode-2] 目标位置:(0.0, 0.0, 0.7)-[TakeOff]-[MCU:False]-[POS:False]
1775392176.1761301 [navNode-2] 当前位置:(0.007277928292751312, 0.004440775606781244, 0.000760905328206718)
1775392176.2759984 [navNode-2] [INFO] [1775392176.275552807] [navNode]: 状态2：Takeoff_wait--[TakeOff]
1775392176.2768326 [navNode-2] [INFO] [1775392176.276615810] [navNode]: 未到目标点
1775392176.2769957 [navNode-2] 目标位置:(0.0, 0.0, 0.7)-[TakeOff]-[MCU:False]-[POS:False]
1775392176.2770631 [navNode-2] 当前位置:(0.006985095329582691, 0.0043870750814676285, 0.000690560438670218)
1775392176.3758662 [navNode-2] [INFO] [1775392176.375526624] [navNode]: 状态2：Takeoff_wait--[TakeOff]
1775392176.3764427 [navNode-2] [INFO] [1775392176.376009884] [navNode]: 未到目标点
1775392176.3765981 [navNode-2] 目标位置:(0.0, 0.0, 0.7)-[TakeOff]-[MCU:False]-[POS:False]
1775392176.3766773 [navNode-2] 当前位置:(0.006928528193384409, 0.0046961549669504166, 0.0007934396271593869)
1775392176.4759915 [navNode-2] [INFO] [1775392176.475464957] [navNode]: 状态2：Takeoff_wait--[TakeOff]
1775392176.4774935 [navNode-2] [INFO] [1775392176.477159271] [navNode]: 未到目标点
1775392176.4776771 [navNode-2] 目标位置:(0.0, 0.0, 0.7)-[TakeOff]-[MCU:False]-[POS:False]
1775392176.4777520 [navNode-2] 当前位置:(0.006709716748446226, 0.004562177695333958, 0.00071475695585832)
1775392176.5764992 [navNode-2] [INFO] [1775392176.575862019] [navNode]: 状态2：Takeoff_wait--[TakeOff]
1775392176.5774069 [navNode-2] [INFO] [1775392176.576644415] [navNode]: 未到目标点
1775392176.5776486 [navNode-2] 目标位置:(0.0, 0.0, 0.7)-[TakeOff]-[MCU:False]-[POS:False]
1775392176.5777593 [navNode-2] 当前位置:(0.006704877130687237, 0.004612571094185114, 0.0006470017251558602)
1775392176.6759810 [navNode-2] [INFO] [1775392176.675539026] [navNode]: 状态2：Takeoff_wait--[TakeOff]
1775392176.6765888 [navNode-2] [INFO] [1775392176.676136099] [navNode]: 未到目标点
1775392176.6767163 [navNode-2] 目标位置:(0.0, 0.0, 0.7)-[TakeOff]-[MCU:False]-[POS:False]
1775392176.6767888 [navNode-2] 当前位置:(0.006754753645509481, 0.004498031921684742, 0.0006304526468738914)
1775392176.7757263 [navNode-2] [INFO] [1775392176.775247962] [navNode]: 状态2：Takeoff_wait--[TakeOff]
1775392176.7764542 [navNode-2] [INFO] [1775392176.775846802] [navNode]: 未到目标点
1775392176.7766378 [navNode-2] 目标位置:(0.0, 0.0, 0.7)-[TakeOff]-[MCU:False]-[POS:False]
1775392176.7766943 [navNode-2] 当前位置:(0.006801535375416279, 0.004608183167874813, 0.0007674699299968779)
1775392176.8757257 [navNode-2] [INFO] [1775392176.875389519] [navNode]: 状态2：Takeoff_wait--[TakeOff]
1775392176.8761408 [navNode-2] [INFO] [1775392176.875976943] [navNode]: 未到目标点
1775392176.8762226 [navNode-2] 目标位置:(0.0, 0.0, 0.7)-[TakeOff]-[MCU:False]-[POS:False]
1775392176.8762724 [navNode-2] 当前位置:(0.007152181584388018, 0.004391978029161692, 0.000864094530697912)
1775392176.9756291 [navNode-2] [INFO] [1775392176.975212722] [navNode]: 状态2：Takeoff_wait--[TakeOff]
1775392176.9763978 [navNode-2] [INFO] [1775392176.976225332] [navNode]: 未到目标点
1775392176.9765923 [navNode-2] 目标位置:(0.0, 0.0, 0.7)-[TakeOff]-[MCU:False]-[POS:False]
1775392176.9766748 [navNode-2] 当前位置:(0.007010800763964653, 0.004712202586233616, 0.0006735570495948195)
1775392177.0765095 [navNode-2] [INFO] [1775392177.075501753] [navNode]: 状态2：Takeoff_wait--[TakeOff]
1775392177.0776520 [navNode-2] [INFO] [1775392177.077436993] [navNode]: 未到目标点
1775392177.0777993 [navNode-2] 目标位置:(0.0, 0.0, 0.7)-[TakeOff]-[MCU:False]-[POS:False]
1775392177.0778527 [navNode-2] 当前位置:(0.007044236641377211, 0.004403009545058012, 0.0005813455209136009)
1775392177.1760266 [navNode-2] [INFO] [1775392177.175645262] [navNode]: 状态2：Takeoff_wait--[TakeOff]
1775392177.1764934 [navNode-2] [INFO] [1775392177.176207617] [navNode]: 未到目标点
1775392177.1766338 [navNode-2] 目标位置:(0.0, 0.0, 0.7)-[TakeOff]-[MCU:False]-[POS:False]
1775392177.1767206 [navNode-2] 当前位置:(0.006995804607868195, 0.004660272505134344, 0.0008777991170063615)
1775392177.2771976 [navNode-2] [INFO] [1775392177.276836835] [navNode]: 状态2：Takeoff_wait--[TakeOff]
1775392177.2776911 [navNode-2] [INFO] [1775392177.277338001] [navNode]: 未到目标点
1775392177.2777710 [navNode-2] 目标位置:(0.0, 0.0, 0.7)-[TakeOff]-[MCU:False]-[POS:False]
1775392177.2778170 [navNode-2] 当前位置:(0.0068945796228945255, 0.004581679590046406, 0.0008125649765133858)
1775392177.3763804 [navNode-2] [INFO] [1775392177.375941831] [navNode]: 状态2：Takeoff_wait--[TakeOff]
1775392177.3770876 [navNode-2] [INFO] [1775392177.376527706] [navNode]: 未到目标点
1775392177.3773081 [navNode-2] 目标位置:(0.0, 0.0, 0.7)-[TakeOff]-[MCU:False]-[POS:False]
1775392177.3774064 [navNode-2] 当前位置:(0.007014025934040546, 0.004430821165442467, 0.0007595024071633816)
1775392177.4758308 [navNode-2] [INFO] [1775392177.475413906] [navNode]: 状态2：Takeoff_wait--[TakeOff]
1775392177.4772911 [navNode-2] [INFO] [1775392177.476934576] [navNode]: 未到目标点
1775392177.4774988 [navNode-2] 目标位置:(0.0, 0.0, 0.7)-[TakeOff]-[MCU:False]-[POS:False]
1775392177.4775677 [navNode-2] 当前位置:(0.007027631159871817, 0.004287926945835352, 0.00034242469700984657)
1775392177.5759823 [navNode-2] [INFO] [1775392177.575457559] [navNode]: 状态2：Takeoff_wait--[TakeOff]
1775392177.5771091 [navNode-2] [INFO] [1775392177.576848669] [navNode]: 未到目标点
1775392177.5772505 [navNode-2] 目标位置:(0.0, 0.0, 0.7)-[TakeOff]-[MCU:False]-[POS:False]
1775392177.5773001 [navNode-2] 当前位置:(0.006997612304985523, 0.00447573559358716, 0.00033474224619567394)
1775392177.6761942 [navNode-2] [INFO] [1775392177.675768131] [navNode]: 状态2：Takeoff_wait--[TakeOff]
1775392177.6773732 [navNode-2] [INFO] [1775392177.677173201] [navNode]: 未到目标点
1775392177.6775880 [navNode-2] 目标位置:(0.0, 0.0, 0.7)-[TakeOff]-[MCU:False]-[POS:False]
1775392177.6776605 [navNode-2] 当前位置:(0.007487431168556213, 0.0043525053188204765, 0.0006919018924236298)
1775392177.7756641 [navNode-2] [INFO] [1775392177.775299163] [navNode]: 状态2：Takeoff_wait--[TakeOff]
1775392177.7760615 [navNode-2] [INFO] [1775392177.775781834] [navNode]: 未到目标点
1775392177.7761559 [navNode-2] 目标位置:(0.0, 0.0, 0.7)-[TakeOff]-[MCU:False]-[POS:False]
1775392177.7762055 [navNode-2] 当前位置:(0.006816977635025978, 0.004468847997486591, 0.0007844797801226377)
1775392177.8760626 [navNode-2] [INFO] [1775392177.875711833] [navNode]: 状态2：Takeoff_wait--[TakeOff]
1775392177.8765621 [navNode-2] [INFO] [1775392177.876346721] [navNode]: 未到目标点
1775392177.8766775 [navNode-2] 目标位置:(0.0, 0.0, 0.7)-[TakeOff]-[MCU:False]-[POS:False]
1775392177.8767264 [navNode-2] 当前位置:(0.0068359109573066235, 0.004594877362251282, 0.0006831282516941428)
1775392177.9760163 [navNode-2] [INFO] [1775392177.975638426] [navNode]: 状态2：Takeoff_wait--[TakeOff]
1775392177.9770939 [navNode-2] [INFO] [1775392177.976764889] [navNode]: 未到目标点
1775392177.9772274 [navNode-2] 目标位置:(0.0, 0.0, 0.7)-[TakeOff]-[MCU:False]-[POS:False]
1775392177.9772720 [navNode-2] 当前位置:(0.006794919725507498, 0.004522914532572031, 0.0009396648383699358)
1775392178.0775211 [navNode-2] [INFO] [1775392178.077183455] [navNode]: 状态2：Takeoff_wait--[TakeOff]
1775392178.0781903 [navNode-2] [INFO] [1775392178.078008072] [navNode]: 未到目标点
1775392178.0783036 [navNode-2] 目标位置:(0.0, 0.0, 0.7)-[TakeOff]-[MCU:False]-[POS:False]
1775392178.0783544 [navNode-2] 当前位置:(0.006858689710497856, 0.004498000256717205, 0.0010273178340867162)
1775392178.1764810 [navNode-2] [INFO] [1775392178.176021884] [navNode]: 状态2：Takeoff_wait--[TakeOff]
1775392178.1777973 [navNode-2] [INFO] [1775392178.177519297] [navNode]: 未到目标点
1775392178.1779771 [navNode-2] 目标位置:(0.0, 0.0, 0.7)-[TakeOff]-[MCU:False]-[POS:False]
1775392178.1780405 [navNode-2] 当前位置:(0.0066626411862671375, 0.004581877961754799, 0.000762389914598316)
1775392178.2761111 [navNode-2] [INFO] [1775392178.275727456] [navNode]: 状态2：Takeoff_wait--[TakeOff]
1775392178.2765377 [navNode-2] [INFO] [1775392178.276234673] [navNode]: 未到目标点
1775392178.2766407 [navNode-2] 目标位置:(0.0, 0.0, 0.7)-[TakeOff]-[MCU:False]-[POS:False]
1775392178.2767165 [navNode-2] 当前位置:(0.006816697772592306, 0.004599115811288357, 0.0007834541611373425)
1775392178.3761151 [navNode-2] [INFO] [1775392178.375568228] [navNode]: 状态2：Takeoff_wait--[TakeOff]
1775392178.3772247 [navNode-2] [INFO] [1775392178.376104353] [navNode]: 未到目标点
1775392178.3774109 [navNode-2] 目标位置:(0.0, 0.0, 0.7)-[TakeOff]-[MCU:False]-[POS:False]
1775392178.3774674 [navNode-2] 当前位置:(0.006921917665749788, 0.004415618255734444, 0.0008350360440090299)
1775392178.4757211 [navNode-2] [INFO] [1775392178.475339768] [navNode]: 状态2：Takeoff_wait--[TakeOff]
1775392178.4762621 [navNode-2] [INFO] [1775392178.476122895] [navNode]: 未到目标点
1775392178.4763834 [navNode-2] 目标位置:(0.0, 0.0, 0.7)-[TakeOff]-[MCU:False]-[POS:False]
1775392178.4764674 [navNode-2] 当前位置:(0.00710719171911478, 0.004429520573467016, 0.0008351378492079675)
1775392178.5755808 [navNode-2] [INFO] [1775392178.575241161] [navNode]: 状态2：Takeoff_wait--[TakeOff]
1775392178.5771811 [navNode-2] [INFO] [1775392178.576628329] [navNode]: 未到目标点
1775392178.5773971 [navNode-2] 目标位置:(0.0, 0.0, 0.7)-[TakeOff]-[MCU:False]-[POS:False]
1775392178.5774481 [navNode-2] 当前位置:(0.006703169550746679, 0.00448683463037014, 0.0007900746422819793)
1775392178.6760733 [navNode-2] [INFO] [1775392178.675427093] [navNode]: 状态2：Takeoff_wait--[TakeOff]
1775392178.6779234 [navNode-2] [INFO] [1775392178.677645591] [navNode]: 未到目标点
1775392178.6781111 [navNode-2] 目标位置:(0.0, 0.0, 0.7)-[TakeOff]-[MCU:False]-[POS:False]
1775392178.6781902 [navNode-2] 当前位置:(0.00678648054599762, 0.0044089374132454395, 0.0007102501695044339)
1775392178.7755389 [navNode-2] [INFO] [1775392178.775138627] [navNode]: 状态2：Takeoff_wait--[TakeOff]
1775392178.7759767 [navNode-2] [INFO] [1775392178.775572072] [navNode]: 未到目标点
1775392178.7761040 [navNode-2] 目标位置:(0.0, 0.0, 0.7)-[TakeOff]-[MCU:False]-[POS:False]
1775392178.7762051 [navNode-2] 当前位置:(0.006986181251704693, 0.00436792429536581, 0.0006324245478026569)
1775392178.8778629 [navNode-2] [INFO] [1775392178.877022966] [navNode]: 状态2：Takeoff_wait--[TakeOff]
1775392178.8780859 [navNode-2] [INFO] [1775392178.877480413] [navNode]: 未到目标点
1775392178.8781779 [navNode-2] 目标位置:(0.0, 0.0, 0.7)-[TakeOff]-[MCU:False]-[POS:False]
1775392178.8782196 [navNode-2] 当前位置:(0.006695977412164211, 0.004472092725336552, 0.0007095321780070662)
1775392178.9754755 [navNode-2] [INFO] [1775392178.975120688] [navNode]: 状态2：Takeoff_wait--[TakeOff]
1775392178.9760859 [navNode-2] [INFO] [1775392178.975938430] [navNode]: 未到目标点
1775392178.9762702 [navNode-2] 目标位置:(0.0, 0.0, 0.7)-[TakeOff]-[MCU:False]-[POS:False]
1775392178.9763365 [navNode-2] 当前位置:(0.00707634910941124, 0.004395576659590006, 0.0007765178452245891)
1775392179.0756307 [navNode-2] [INFO] [1775392179.075213808] [navNode]: 状态2：Takeoff_wait--[TakeOff]
1775392179.0760164 [navNode-2] [INFO] [1775392179.075781794] [navNode]: 未到目标点
1775392179.0760958 [navNode-2] 目标位置:(0.0, 0.0, 0.7)-[TakeOff]-[MCU:False]-[POS:False]
1775392179.0761411 [navNode-2] 当前位置:(0.006886821705847979, 0.004523218609392643, 0.0007299857097677886)
1775392179.1758626 [navNode-2] [INFO] [1775392179.175402925] [navNode]: 状态2：Takeoff_wait--[TakeOff]
1775392179.1763544 [navNode-2] [INFO] [1775392179.176062837] [navNode]: 未到目标点
1775392179.1764328 [navNode-2] 目标位置:(0.0, 0.0, 0.7)-[TakeOff]-[MCU:False]-[POS:False]
1775392179.1764736 [navNode-2] 当前位置:(0.006911097094416618, 0.0045340219512581825, 0.0009234817116521299)
1775392179.2779596 [navNode-2] [INFO] [1775392179.277572653] [navNode]: 状态2：Takeoff_wait--[TakeOff]
1775392179.2785494 [navNode-2] [INFO] [1775392179.278310423] [navNode]: 未到目标点
1775392179.2786870 [navNode-2] 目标位置:(0.0, 0.0, 0.7)-[TakeOff]-[MCU:False]-[POS:False]
1775392179.2787442 [navNode-2] 当前位置:(0.006640520878136158, 0.004666039254516363, 0.0006026877090334892)
1775392179.3760278 [navNode-2] [INFO] [1775392179.375680357] [navNode]: 状态2：Takeoff_wait--[TakeOff]
1775392179.3765512 [navNode-2] [INFO] [1775392179.376233284] [navNode]: 未到目标点
1775392179.3766963 [navNode-2] 目标位置:(0.0, 0.0, 0.7)-[TakeOff]-[MCU:False]-[POS:False]
1775392179.3767860 [navNode-2] 当前位置:(0.006791912950575352, 0.004573022481054068, 0.0009501417516730726)
1775392179.4764433 [navNode-2] [INFO] [1775392179.475302127] [navNode]: 状态2：Takeoff_wait--[TakeOff]
1775392179.4771616 [navNode-2] [INFO] [1775392179.476700394] [navNode]: 未到目标点
1775392179.4773662 [navNode-2] 目标位置:(0.0, 0.0, 0.7)-[TakeOff]-[MCU:False]-[POS:False]
1775392179.4774513 [navNode-2] 当前位置:(0.00696730287745595, 0.004693360533565283, 0.0008731041452847421)
1775392179.5758021 [navNode-2] [INFO] [1775392179.575448341] [navNode]: 状态2：Takeoff_wait--[TakeOff]
1775392179.5762599 [navNode-2] [INFO] [1775392179.575968079] [navNode]: 未到目标点
1775392179.5763636 [navNode-2] 目标位置:(0.0, 0.0, 0.7)-[TakeOff]-[MCU:False]-[POS:False]
1775392179.5764489 [navNode-2] 当前位置:(0.006603920832276344, 0.004783788230270147, 0.0006602553185075521)
1775392179.6759145 [navNode-2] [INFO] [1775392179.675343795] [navNode]: 状态2：Takeoff_wait--[TakeOff]
1775392179.6763804 [navNode-2] [INFO] [1775392179.675822788] [navNode]: 未到目标点
1775392179.6764688 [navNode-2] 目标位置:(0.0, 0.0, 0.7)-[TakeOff]-[MCU:False]-[POS:False]
1775392179.6765089 [navNode-2] 当前位置:(0.0069012329913675785, 0.004398613702505827, 0.000903576728887856)
1775392179.7753937 [navNode-2] [INFO] [1775392179.775011139] [navNode]: 状态2：Takeoff_wait--[TakeOff]
1775392179.7762904 [navNode-2] [INFO] [1775392179.775506139] [navNode]: 未到目标点
1775392179.7764375 [navNode-2] 目标位置:(0.0, 0.0, 0.7)-[TakeOff]-[MCU:False]-[POS:False]
1775392179.7764852 [navNode-2] 当前位置:(0.006862381473183632, 0.0045897397212684155, 0.0007382127805612981)
1775392179.8760915 [navNode-2] [INFO] [1775392179.875625646] [navNode]: 状态2：Takeoff_wait--[TakeOff]
1775392179.8770661 [navNode-2] [INFO] [1775392179.876318945] [navNode]: 未到目标点
1775392179.8774123 [navNode-2] 目标位置:(0.0, 0.0, 0.7)-[TakeOff]-[MCU:False]-[POS:False]
1775392179.8775222 [navNode-2] 当前位置:(0.006591164972633123, 0.004615753423422575, 0.0006984260398894548)
1775392179.9760356 [navNode-2] [INFO] [1775392179.975363242] [navNode]: 状态2：Takeoff_wait--[TakeOff]
1775392179.9769418 [navNode-2] [INFO] [1775392179.976389145] [navNode]: 未到目标点
1775392179.9770446 [navNode-2] 目标位置:(0.0, 0.0, 0.7)-[TakeOff]-[MCU:False]-[POS:False]
1775392179.9770997 [navNode-2] 当前位置:(0.006843071896582842, 0.004720813594758511, 0.0008400077349506319)
1775392180.0758319 [navNode-2] [INFO] [1775392180.075399021] [navNode]: 状态2：Takeoff_wait--[TakeOff]
1775392180.0764713 [navNode-2] [INFO] [1775392180.075881986] [navNode]: 未到目标点
1775392180.0765748 [navNode-2] 目标位置:(0.0, 0.0, 0.7)-[TakeOff]-[MCU:False]-[POS:False]
1775392180.0766191 [navNode-2] 当前位置:(0.007028581574559212, 0.004306327551603317, 0.0007527188281528652)
1775392180.1756210 [navNode-2] [INFO] [1775392180.175265369] [navNode]: 状态2：Takeoff_wait--[TakeOff]
1775392180.1760294 [navNode-2] [INFO] [1775392180.175693090] [navNode]: 未到目标点
1775392180.1761026 [navNode-2] 目标位置:(0.0, 0.0, 0.7)-[TakeOff]-[MCU:False]-[POS:False]
1775392180.1761441 [navNode-2] 当前位置:(0.006696498952805996, 0.004581397864967585, 0.0009708046563901007)
1775392180.2759705 [navNode-2] [INFO] [1775392180.275494501] [navNode]: 状态2：Takeoff_wait--[TakeOff]
1775392180.2766163 [navNode-2] [INFO] [1775392180.276186496] [navNode]: 未到目标点
1775392180.2767112 [navNode-2] 目标位置:(0.0, 0.0, 0.7)-[TakeOff]-[MCU:False]-[POS:False]
1775392180.2767632 [navNode-2] 当前位置:(0.006782440468668938, 0.004377590958029032, 0.0007157650543376803)
1775392180.3756747 [navNode-2] [INFO] [1775392180.375275047] [navNode]: 状态2：Takeoff_wait--[TakeOff]
1775392180.3763556 [navNode-2] [INFO] [1775392180.376174564] [navNode]: 未到目标点
1775392180.3764784 [navNode-2] 目标位置:(0.0, 0.0, 0.7)-[TakeOff]-[MCU:False]-[POS:False]
1775392180.3765774 [navNode-2] 当前位置:(0.00715635297819972, 0.004323034547269344, 0.0007355340057983994)
1775392180.4761117 [navNode-2] [INFO] [1775392180.475684913] [navNode]: 状态2：Takeoff_wait--[TakeOff]
1775392180.4765794 [navNode-2] [INFO] [1775392180.476254506] [navNode]: 未到目标点
1775392180.4766576 [navNode-2] 目标位置:(0.0, 0.0, 0.7)-[TakeOff]-[MCU:False]-[POS:False]
1775392180.4767020 [navNode-2] 当前位置:(0.006936248391866684, 0.004324468784034252, 0.0005688238306902349)
1775392180.5760927 [navNode-2] [INFO] [1775392180.575787795] [navNode]: 状态2：Takeoff_wait--[TakeOff]
1775392180.5766883 [navNode-2] [INFO] [1775392180.576426722] [navNode]: 未到目标点
1775392180.5768034 [navNode-2] 目标位置:(0.0, 0.0, 0.7)-[TakeOff]-[MCU:False]-[POS:False]
1775392180.5768557 [navNode-2] 当前位置:(0.0066438461653888226, 0.004675247706472874, 0.0007534251199103892)
1775392180.6758101 [navNode-2] [INFO] [1775392180.675450743] [navNode]: 状态2：Takeoff_wait--[TakeOff]
1775392180.6763463 [navNode-2] [INFO] [1775392180.675930000] [navNode]: 未到目标点
1775392180.6764381 [navNode-2] 目标位置:(0.0, 0.0, 0.7)-[TakeOff]-[MCU:False]-[POS:False]
1775392180.6764891 [navNode-2] 当前位置:(0.006661021150648594, 0.004739897791296244, 0.0006489672232419252)
1775392180.7760925 [navNode-2] [INFO] [1775392180.775480666] [navNode]: 状态2：Takeoff_wait--[TakeOff]
1775392180.7771602 [navNode-2] [INFO] [1775392180.775951966] [navNode]: 未到目标点
1775392180.7772903 [navNode-2] 目标位置:(0.0, 0.0, 0.7)-[TakeOff]-[MCU:False]-[POS:False]
1775392180.7773685 [navNode-2] 当前位置:(0.006713926326483488, 0.004661269951611757, 0.0009234645985998213)
1775392180.8774803 [navNode-2] [INFO] [1775392180.876552484] [navNode]: 状态2：Takeoff_wait--[TakeOff]
1775392180.8779418 [navNode-2] [INFO] [1775392180.877127506] [navNode]: 未到目标点
1775392180.8780758 [navNode-2] 目标位置:(0.0, 0.0, 0.7)-[TakeOff]-[MCU:False]-[POS:False]
1775392180.8781850 [navNode-2] 当前位置:(0.006884214002639055, 0.004706684034317732, 0.0009119886672124267)
1775392180.9759707 [navNode-2] [INFO] [1775392180.975496093] [navNode]: 状态2：Takeoff_wait--[TakeOff]
1775392180.9774528 [navNode-2] [INFO] [1775392180.977172786] [navNode]: 未到目标点
1775392180.9776161 [navNode-2] 目标位置:(0.0, 0.0, 0.7)-[TakeOff]-[MCU:False]-[POS:False]
1775392180.9776855 [navNode-2] 当前位置:(0.006640744861215353, 0.004634418990463018, 0.0008026708965189755)
1775392181.0777881 [navNode-2] [INFO] [1775392181.076996777] [navNode]: 状态2：Takeoff_wait--[TakeOff]
1775392181.0780027 [navNode-2] [INFO] [1775392181.077460430] [navNode]: 未到目标点
1775392181.0780885 [navNode-2] 目标位置:(0.0, 0.0, 0.7)-[TakeOff]-[MCU:False]-[POS:False]
1775392181.0781577 [navNode-2] 当前位置:(0.006787424441426992, 0.004620215389877558, 0.0010450517293065786)
1775392181.1759982 [navNode-2] [INFO] [1775392181.175629092] [navNode]: 状态2：Takeoff_wait--[TakeOff]
1775392181.1765497 [navNode-2] [INFO] [1775392181.176069011] [navNode]: 未到目标点
1775392181.1767008 [navNode-2] 目标位置:(0.0, 0.0, 0.7)-[TakeOff]-[MCU:False]-[POS:False]
1775392181.1767800 [navNode-2] 当前位置:(0.006945320405066013, 0.0042763021774590015, 0.000757515081204474)
1775392181.2772703 [navNode-2] [INFO] [1775392181.276892755] [navNode]: 状态2：Takeoff_wait--[TakeOff]
1775392181.2777455 [navNode-2] [INFO] [1775392181.277317743] [navNode]: 未到目标点
1775392181.2778709 [navNode-2] 目标位置:(0.0, 0.0, 0.7)-[TakeOff]-[MCU:False]-[POS:False]
1775392181.2779593 [navNode-2] 当前位置:(0.006968788802623749, 0.004517900757491589, 0.0007383000338450074)
1775392181.3758061 [navNode-2] [INFO] [1775392181.375321535] [navNode]: 状态2：Takeoff_wait--[TakeOff]
1775392181.3772733 [navNode-2] [INFO] [1775392181.377053346] [navNode]: 未到目标点
1775392181.3774362 [navNode-2] 目标位置:(0.0, 0.0, 0.7)-[TakeOff]-[MCU:False]-[POS:False]
1775392181.3775263 [navNode-2] 当前位置:(0.007055618334561586, 0.00453538540750742, 0.0009017821867018938)
1775392181.4766464 [navNode-2] [INFO] [1775392181.476250753] [navNode]: 状态2：Takeoff_wait--[TakeOff]
1775392181.4777100 [navNode-2] [INFO] [1775392181.476716117] [navNode]: 未到目标点
1775392181.4778616 [navNode-2] 目标位置:(0.0, 0.0, 0.7)-[TakeOff]-[MCU:False]-[POS:False]
1775392181.4779351 [navNode-2] 当前位置:(0.007188544608652592, 0.004349604714661837, 0.0007952417363412678)
1775392181.5758808 [navNode-2] [INFO] [1775392181.575363574] [navNode]: 状态2：Takeoff_wait--[TakeOff]
1775392181.5775054 [navNode-2] [INFO] [1775392181.577265732] [navNode]: 未到目标点
1775392181.5776708 [navNode-2] 目标位置:(0.0, 0.0, 0.7)-[TakeOff]-[MCU:False]-[POS:False]
1775392181.5777340 [navNode-2] 当前位置:(0.00669837137684226, 0.004616414196789265, 0.0008659869781695306)
1775392181.6762316 [navNode-2] [INFO] [1775392181.675658068] [navNode]: 状态2：Takeoff_wait--[TakeOff]
1775392181.6774330 [navNode-2] [INFO] [1775392181.677148612] [navNode]: 未到目标点
1775392181.6776476 [navNode-2] 目标位置:(0.0, 0.0, 0.7)-[TakeOff]-[MCU:False]-[POS:False]
1775392181.6777258 [navNode-2] 当前位置:(0.006506148260086775, 0.004430040251463652, 0.0006049383082427084)
1775392181.7767799 [navNode-2] [INFO] [1775392181.776361312] [navNode]: 状态2：Takeoff_wait--[TakeOff]
1775392181.7782173 [navNode-2] [INFO] [1775392181.777906561] [navNode]: 未到目标点
1775392181.7784176 [navNode-2] 目标位置:(0.0, 0.0, 0.7)-[TakeOff]-[MCU:False]-[POS:False]
1775392181.7784841 [navNode-2] 当前位置:(0.006986880674958229, 0.004446781240403652, 0.0006287581636570394)
1775392181.8761623 [navNode-2] [INFO] [1775392181.875507999] [navNode]: 状态2：Takeoff_wait--[TakeOff]
1775392181.8769248 [navNode-2] [INFO] [1775392181.876404134] [navNode]: 未到目标点
1775392181.8770118 [navNode-2] 目标位置:(0.0, 0.0, 0.7)-[TakeOff]-[MCU:False]-[POS:False]
1775392181.8770535 [navNode-2] 当前位置:(0.00699783768504858, 0.004315217491239309, 0.0005494102952070534)
1775392181.9757469 [navNode-2] [INFO] [1775392181.975308995] [navNode]: 状态2：Takeoff_wait--[TakeOff]
1775392181.9771469 [navNode-2] [INFO] [1775392181.976869446] [navNode]: 未到目标点
1775392181.9773538 [navNode-2] 目标位置:(0.0, 0.0, 0.7)-[TakeOff]-[MCU:False]-[POS:False]
1775392181.9774396 [navNode-2] 当前位置:(0.006990831345319748, 0.0047038099728524685, 0.00042913109064102173)
1775392182.0759444 [navNode-2] [INFO] [1775392182.075369815] [navNode]: 状态2：Takeoff_wait--[TakeOff]
1775392182.0765765 [navNode-2] [INFO] [1775392182.075847001] [navNode]: 未到目标点
1775392182.0767128 [navNode-2] 目标位置:(0.0, 0.0, 0.7)-[TakeOff]-[MCU:False]-[POS:False]
1775392182.0768063 [navNode-2] 当前位置:(0.006827572826296091, 0.004569179844111204, 0.0006493404507637024)
1775392182.1760178 [navNode-2] [INFO] [1775392182.175605080] [navNode]: 状态2：Takeoff_wait--[TakeOff]
1775392182.1765969 [navNode-2] [INFO] [1775392182.176123051] [navNode]: 未到目标点
1775392182.1767328 [navNode-2] 目标位置:(0.0, 0.0, 0.7)-[TakeOff]-[MCU:False]-[POS:False]
1775392182.1768179 [navNode-2] 当前位置:(0.007020209450274706, 0.004203863441944122, 0.0007349667721427977)
1775392182.2756717 [navNode-2] [INFO] [1775392182.275277688] [navNode]: 状态2：Takeoff_wait--[TakeOff]
1775392182.2765539 [navNode-2] [INFO] [1775392182.275752307] [navNode]: 未到目标点
1775392182.2766874 [navNode-2] 目标位置:(0.0, 0.0, 0.7)-[TakeOff]-[MCU:False]-[POS:False]
1775392182.2767394 [navNode-2] 当前位置:(0.0068557607010006905, 0.0042020464316010475, 0.00041703289025463164)
1775392182.3754787 [navNode-2] [INFO] [1775392182.375106620] [navNode]: 状态2：Takeoff_wait--[TakeOff]
1775392182.3761683 [navNode-2] [INFO] [1775392182.375571518] [navNode]: 未到目标点
1775392182.3764675 [navNode-2] 目标位置:(0.0, 0.0, 0.7)-[TakeOff]-[MCU:False]-[POS:False]
1775392182.3765869 [navNode-2] 当前位置:(0.00716904504224658, 0.004559817258268595, 0.0009233562741428614)
1775392182.4764013 [navNode-2] [INFO] [1775392182.475251999] [navNode]: 状态2：Takeoff_wait--[TakeOff]
1775392182.4769633 [navNode-2] [INFO] [1775392182.475724770] [navNode]: 未到目标点
1775392182.4771132 [navNode-2] 目标位置:(0.0, 0.0, 0.7)-[TakeOff]-[MCU:False]-[POS:False]
1775392182.4771848 [navNode-2] 当前位置:(0.0071867587976157665, 0.004323915578424931, 0.0007526256376877427)
1775392182.5761566 [navNode-2] [INFO] [1775392182.575264497] [navNode]: 状态2：Takeoff_wait--[TakeOff]
1775392182.5763738 [navNode-2] [INFO] [1775392182.575776855] [navNode]: 未到目标点
1775392182.5764282 [navNode-2] 目标位置:(0.0, 0.0, 0.7)-[TakeOff]-[MCU:False]-[POS:False]
1775392182.5764692 [navNode-2] 当前位置:(0.006754428148269653, 0.004504536744207144, 0.0007611519540660083)
1775392182.6764088 [navNode-2] [INFO] [1775392182.675760430] [navNode]: 状态2：Takeoff_wait--[TakeOff]
1775392182.6771679 [navNode-2] [INFO] [1775392182.676995768] [navNode]: 未到目标点
1775392182.6772859 [navNode-2] 目标位置:(0.0, 0.0, 0.7)-[TakeOff]-[MCU:False]-[POS:False]
1775392182.6773288 [navNode-2] 当前位置:(0.007111102342605591, 0.004440302960574627, 0.0006081360043026507)
1775392182.7764456 [navNode-2] [INFO] [1775392182.775465979] [navNode]: 状态2：Takeoff_wait--[TakeOff]
1775392182.7766931 [navNode-2] [INFO] [1775392182.775998107] [navNode]: 未到目标点
1775392182.7767494 [navNode-2] 目标位置:(0.0, 0.0, 0.7)-[TakeOff]-[MCU:False]-[POS:False]
1775392182.7767932 [navNode-2] 当前位置:(0.006866518408060074, 0.004805717151612043, 0.0005437669460661709)
1775392182.8769264 [navNode-2] [INFO] [1775392182.876502861] [navNode]: 状态2：Takeoff_wait--[TakeOff]
1775392182.8774507 [navNode-2] [INFO] [1775392182.877039316] [navNode]: 未到目标点
1775392182.8775568 [navNode-2] 目标位置:(0.0, 0.0, 0.7)-[TakeOff]-[MCU:False]-[POS:False]
1775392182.8776355 [navNode-2] 当前位置:(0.007317220326513052, 0.004439639393240213, 0.0009335277718491852)
1775392182.9779956 [navNode-2] [INFO] [1775392182.976240663] [navNode]: 状态2：Takeoff_wait--[TakeOff]
1775392182.9783127 [navNode-2] [INFO] [1775392182.976982916] [navNode]: 未到目标点
1775392182.9784172 [navNode-2] 目标位置:(0.0, 0.0, 0.7)-[TakeOff]-[MCU:False]-[POS:False]
1775392182.9784772 [navNode-2] 当前位置:(0.0063353353179991245, 0.00471755675971508, 0.00044271821388974786)
1775392183.0760627 [navNode-2] [INFO] [1775392183.075580612] [navNode]: 状态2：Takeoff_wait--[TakeOff]
1775392183.0780628 [navNode-2] [INFO] [1775392183.077524381] [navNode]: 未到目标点
1775392183.0782855 [navNode-2] 目标位置:(0.0, 0.0, 0.7)-[TakeOff]-[MCU:False]-[POS:False]
1775392183.0783539 [navNode-2] 当前位置:(0.0071303159929811954, 0.004577078856527805, 0.0007308361236937344)
1775392183.1765113 [navNode-2] [INFO] [1775392183.176069652] [navNode]: 状态2：Takeoff_wait--[TakeOff]
1775392183.1769783 [navNode-2] [INFO] [1775392183.176583411] [navNode]: 未到目标点
1775392183.1771092 [navNode-2] 目标位置:(0.0, 0.0, 0.7)-[TakeOff]-[MCU:False]-[POS:False]
1775392183.1771870 [navNode-2] 当前位置:(0.0066983019933104515, 0.004651914816349745, 0.0006072057294659317)
1775392183.2754836 [navNode-2] [INFO] [1775392183.275028139] [navNode]: 状态2：Takeoff_wait--[TakeOff]
1775392183.2759862 [navNode-2] [INFO] [1775392183.275514748] [navNode]: 未到目标点
1775392183.2761126 [navNode-2] 目标位置:(0.0, 0.0, 0.7)-[TakeOff]-[MCU:False]-[POS:False]
1775392183.2761679 [navNode-2] 当前位置:(0.006606101989746094, 0.0045041292905807495, 0.0006350776529870927)
1775392183.3755338 [navNode-2] [INFO] [1775392183.375173709] [navNode]: 状态2：Takeoff_wait--[TakeOff]
1775392183.3766701 [navNode-2] [INFO] [1775392183.376280147] [navNode]: 未到目标点
1775392183.3768141 [navNode-2] 目标位置:(0.0, 0.0, 0.7)-[TakeOff]-[MCU:False]-[POS:False]
1775392183.3768761 [navNode-2] 当前位置:(0.00725126825273037, 0.0044260709546506405, 0.0007560304366052151)
1775392183.4754326 [navNode-2] [INFO] [1775392183.475068283] [navNode]: 状态2：Takeoff_wait--[TakeOff]
1775392183.4784393 [navNode-2] [INFO] [1775392183.478115964] [navNode]: 未到目标点
1775392183.4786513 [navNode-2] 目标位置:(0.0, 0.0, 0.7)-[TakeOff]-[MCU:False]-[POS:False]
1775392183.4787712 [navNode-2] 当前位置:(0.006655457429587841, 0.004755919333547354, 0.0009006811887957156)
1775392183.5756049 [navNode-2] [INFO] [1775392183.575258872] [navNode]: 状态2：Takeoff_wait--[TakeOff]
1775392183.5761585 [navNode-2] [INFO] [1775392183.575667596] [navNode]: 未到目标点
1775392183.5763211 [navNode-2] 目标位置:(0.0, 0.0, 0.7)-[TakeOff]-[MCU:False]-[POS:False]
1775392183.5765409 [navNode-2] 当前位置:(0.006842499598860741, 0.004662782419472933, 0.0008398882346227765)
1775392183.6756821 [navNode-2] [INFO] [1775392183.675300210] [navNode]: 状态2：Takeoff_wait--[TakeOff]
1775392183.6765018 [navNode-2] [INFO] [1775392183.675803334] [navNode]: 未到目标点
1775392183.6766455 [navNode-2] 目标位置:(0.0, 0.0, 0.7)-[TakeOff]-[MCU:False]-[POS:False]
1775392183.6766930 [navNode-2] 当前位置:(0.007002835627645254, 0.004476814530789852, 0.000971820845734328)
1775392183.7758253 [navNode-2] [INFO] [1775392183.775414147] [navNode]: 状态2：Takeoff_wait--[TakeOff]
1775392183.7762699 [navNode-2] [INFO] [1775392183.775890500] [navNode]: 未到目标点
1775392183.7764015 [navNode-2] 目标位置:(0.0, 0.0, 0.7)-[TakeOff]-[MCU:False]-[POS:False]
1775392183.7764537 [navNode-2] 当前位置:(0.007197922095656395, 0.004613006953150034, 0.0008369866409339011)
1775392183.8759172 [navNode-2] [INFO] [1775392183.875517954] [navNode]: 状态2：Takeoff_wait--[TakeOff]
1775392183.8768671 [navNode-2] [INFO] [1775392183.876669005] [navNode]: 未到目标点
1775392183.8770132 [navNode-2] 目标位置:(0.0, 0.0, 0.7)-[TakeOff]-[MCU:False]-[POS:False]
1775392183.8770683 [navNode-2] 当前位置:(0.006720061879605055, 0.004665225278586149, 0.0006669822032563388)
1775392183.9757497 [navNode-2] [INFO] [1775392183.975388944] [navNode]: 状态2：Takeoff_wait--[TakeOff]
1775392183.9762275 [navNode-2] [INFO] [1775392183.976005049] [navNode]: 未到目标点
1775392183.9763310 [navNode-2] 目标位置:(0.0, 0.0, 0.7)-[TakeOff]-[MCU:False]-[POS:False]
1775392183.9763863 [navNode-2] 当前位置:(0.0067901164293289185, 0.0044582197442650795, 0.0008009076700545847)
1775392184.0757356 [navNode-2] [INFO] [1775392184.075273989] [navNode]: 状态2：Takeoff_wait--[TakeOff]
1775392184.0770895 [navNode-2] [INFO] [1775392184.075928930] [navNode]: 未到目标点
1775392184.0773416 [navNode-2] 目标位置:(0.0, 0.0, 0.7)-[TakeOff]-[MCU:False]-[POS:False]
1775392184.0774033 [navNode-2] 当前位置:(0.006874398328363895, 0.004656899720430374, 0.0006857543485239148)
1775392184.1760049 [navNode-2] [INFO] [1775392184.175210026] [navNode]: 状态2：Takeoff_wait--[TakeOff]
1775392184.1766322 [navNode-2] [INFO] [1775392184.176235318] [navNode]: 未到目标点
1775392184.1767635 [navNode-2] 目标位置:(0.0, 0.0, 0.7)-[TakeOff]-[MCU:False]-[POS:False]
1775392184.1768167 [navNode-2] 当前位置:(0.006730701308697462, 0.004647237714380026, 0.0009426706819795072)
1775392184.2758055 [navNode-2] [INFO] [1775392184.275115473] [navNode]: 状态2：Takeoff_wait--[TakeOff]
1775392184.2764530 [navNode-2] [INFO] [1775392184.275635044] [navNode]: 未到目标点
1775392184.2765899 [navNode-2] 目标位置:(0.0, 0.0, 0.7)-[TakeOff]-[MCU:False]-[POS:False]
1775392184.2766645 [navNode-2] 当前位置:(0.006902112625539303, 0.004625994246453047, 0.0008026226423680782)
1775392184.3757207 [navNode-2] [INFO] [1775392184.375167981] [navNode]: 状态2：Takeoff_wait--[TakeOff]
1775392184.3769977 [navNode-2] [INFO] [1775392184.375700794] [navNode]: 未到目标点
1775392184.3771610 [navNode-2] 目标位置:(0.0, 0.0, 0.7)-[TakeOff]-[MCU:False]-[POS:False]
1775392184.3772283 [navNode-2] 当前位置:(0.006830804981291294, 0.004430009517818689, 0.0007798334117978811)
1775392184.4757721 [navNode-2] [INFO] [1775392184.475366713] [navNode]: 状态2：Takeoff_wait--[TakeOff]
1775392184.4768310 [navNode-2] [INFO] [1775392184.475896639] [navNode]: 未到目标点
1775392184.4769650 [navNode-2] 目标位置:(0.0, 0.0, 0.7)-[TakeOff]-[MCU:False]-[POS:False]
1775392184.4770374 [navNode-2] 当前位置:(0.006807259749621153, 0.004349716939032078, 0.0006050363299436867)
1775392184.5755765 [navNode-2] [INFO] [1775392184.575192315] [navNode]: 状态2：Takeoff_wait--[TakeOff]
1775392184.5761135 [navNode-2] [INFO] [1775392184.575634203] [navNode]: 未到目标点
1775392184.5762975 [navNode-2] 目标位置:(0.0, 0.0, 0.7)-[TakeOff]-[MCU:False]-[POS:False]
1775392184.5764031 [navNode-2] 当前位置:(0.006872303318232298, 0.004523035604506731, 0.0006968873203732073)
1775392184.6753938 [navNode-2] [INFO] [1775392184.675049975] [navNode]: 状态2：Takeoff_wait--[TakeOff]
1775392184.6757941 [navNode-2] [INFO] [1775392184.675471670] [navNode]: 未到目标点
1775392184.6758904 [navNode-2] 目标位置:(0.0, 0.0, 0.7)-[TakeOff]-[MCU:False]-[POS:False]
1775392184.6759748 [navNode-2] 当前位置:(0.007004049140959978, 0.004489668644964695, 0.0010482263751327991)
1775392184.7760117 [navNode-2] [INFO] [1775392184.775322412] [navNode]: 状态2：Takeoff_wait--[TakeOff]
1775392184.7767732 [navNode-2] [INFO] [1775392184.776469422] [navNode]: 未到目标点
1775392184.7769744 [navNode-2] 目标位置:(0.0, 0.0, 0.7)-[TakeOff]-[MCU:False]-[POS:False]
1775392184.7770696 [navNode-2] 当前位置:(0.006784510333091021, 0.004545672331005335, 0.0007611904293298721)
1775392184.8762131 [navNode-2] [INFO] [1775392184.875549283] [navNode]: 状态2：Takeoff_wait--[TakeOff]
1775392184.8771169 [navNode-2] [INFO] [1775392184.876787453] [navNode]: 未到目标点
1775392184.8773146 [navNode-2] 目标位置:(0.0, 0.0, 0.7)-[TakeOff]-[MCU:False]-[POS:False]
1775392184.8773887 [navNode-2] 当前位置:(0.006827880162745714, 0.0042692446149885654, 0.0007697014370933175)
1775392184.9755886 [navNode-2] [INFO] [1775392184.975112677] [navNode]: 状态2：Takeoff_wait--[TakeOff]
1775392184.9760346 [navNode-2] [INFO] [1775392184.975638395] [navNode]: 未到目标点
1775392184.9761119 [navNode-2] 目标位置:(0.0, 0.0, 0.7)-[TakeOff]-[MCU:False]-[POS:False]
1775392184.9761550 [navNode-2] 当前位置:(0.007017334457486868, 0.00447244243696332, 0.0009330352768301964)
1775392185.0755796 [navNode-2] [INFO] [1775392185.075189083] [navNode]: 状态2：Takeoff_wait--[TakeOff]
1775392185.0760865 [navNode-2] [INFO] [1775392185.075734843] [navNode]: 未到目标点
1775392185.0763066 [navNode-2] 目标位置:(0.0, 0.0, 0.7)-[TakeOff]-[MCU:False]-[POS:False]
1775392185.0763621 [navNode-2] 当前位置:(0.006436895113438368, 0.00461335526779294, 0.0006647020927630365)
1775392185.1759331 [navNode-2] [INFO] [1775392185.175508028] [navNode]: 状态2：Takeoff_wait--[TakeOff]
1775392185.1775520 [navNode-2] [INFO] [1775392185.177260975] [navNode]: 未到目标点
1775392185.1777894 [navNode-2] 目标位置:(0.0, 0.0, 0.7)-[TakeOff]-[MCU:False]-[POS:False]
1775392185.1778579 [navNode-2] 当前位置:(0.006883617956191301, 0.004439815413206816, 0.0009438925189897418)
1775392185.2770114 [navNode-2] [INFO] [1775392185.276663239] [navNode]: 状态2：Takeoff_wait--[TakeOff]
1775392185.2774413 [navNode-2] [INFO] [1775392185.277164614] [navNode]: 未到目标点
1775392185.2775722 [navNode-2] 目标位置:(0.0, 0.0, 0.7)-[TakeOff]-[MCU:False]-[POS:False]
1775392185.2776234 [navNode-2] 当前位置:(0.007078678347170353, 0.004477094393223524, 0.0008207401842810214)
1775392185.3757997 [navNode-2] [INFO] [1775392185.375475074] [navNode]: 状态2：Takeoff_wait--[TakeOff]
1775392185.3774316 [navNode-2] [INFO] [1775392185.376907291] [navNode]: 未到目标点
1775392185.3777635 [navNode-2] 目标位置:(0.0, 0.0, 0.7)-[TakeOff]-[MCU:False]-[POS:False]
1775392185.3778439 [navNode-2] 当前位置:(0.006911516189575195, 0.0044184159487485886, 0.0009030764922499657)
1775392185.4771609 [navNode-2] [INFO] [1775392185.476697629] [navNode]: 状态2：Takeoff_wait--[TakeOff]
1775392185.4777138 [navNode-2] [INFO] [1775392185.477129629] [navNode]: 未到目标点
1775392185.4778311 [navNode-2] 目标位置:(0.0, 0.0, 0.7)-[TakeOff]-[MCU:False]-[POS:False]
1775392185.4779010 [navNode-2] 当前位置:(0.006517580710351467, 0.004481636919081211, 0.0005143203306943178)
1775392185.5762010 [navNode-2] [INFO] [1775392185.575228574] [navNode]: 状态2：Takeoff_wait--[TakeOff]
1775392185.5764139 [navNode-2] [INFO] [1775392185.575632841] [navNode]: 未到目标点
1775392185.5764744 [navNode-2] 目标位置:(0.0, 0.0, 0.7)-[TakeOff]-[MCU:False]-[POS:False]
1775392185.5765171 [navNode-2] 当前位置:(0.006739544682204723, 0.004504138603806496, 0.0007257380057126284)
1775392185.6755691 [navNode-2] [INFO] [1775392185.675032636] [navNode]: 状态2：Takeoff_wait--[TakeOff]
1775392185.6763787 [navNode-2] [INFO] [1775392185.675513347] [navNode]: 未到目标点
1775392185.6766362 [navNode-2] 目标位置:(0.0, 0.0, 0.7)-[TakeOff]-[MCU:False]-[POS:False]
1775392185.6767149 [navNode-2] 当前位置:(0.007039213553071022, 0.004431558772921562, 0.0007714541861787438)
1775392185.7772605 [navNode-2] [INFO] [1775392185.775993770] [navNode]: 状态2：Takeoff_wait--[TakeOff]
1775392185.7783103 [navNode-2] [INFO] [1775392185.776961429] [navNode]: 未到目标点
1775392185.7784922 [navNode-2] 目标位置:(0.0, 0.0, 0.7)-[TakeOff]-[MCU:False]-[POS:False]
1775392185.7785742 [navNode-2] 当前位置:(0.00680417288094759, 0.004545129369944334, 0.0008347687544301152)
1775392185.8757608 [navNode-2] [INFO] [1775392185.875209542] [navNode]: 状态2：Takeoff_wait--[TakeOff]
1775392185.8766873 [navNode-2] [INFO] [1775392185.876372550] [navNode]: 未到目标点
1775392185.8768778 [navNode-2] 目标位置:(0.0, 0.0, 0.7)-[TakeOff]-[MCU:False]-[POS:False]
1775392185.8769417 [navNode-2] 当前位置:(0.006562798283994198, 0.004427386913448572, 0.0005155092803761363)
1775392185.9758370 [navNode-2] [INFO] [1775392185.975332248] [navNode]: 状态2：Takeoff_wait--[TakeOff]
1775392185.9770920 [navNode-2] [INFO] [1775392185.976743720] [navNode]: 未到目标点
1775392185.9772887 [navNode-2] 目标位置:(0.0, 0.0, 0.7)-[TakeOff]-[MCU:False]-[POS:False]
1775392185.9773581 [navNode-2] 当前位置:(0.006916260812431574, 0.00424228748306632, 0.00053363514598459)
1775392186.0776265 [navNode-2] [INFO] [1775392186.077170509] [navNode]: 状态2：Takeoff_wait--[TakeOff]
1775392186.0781112 [navNode-2] [INFO] [1775392186.077699341] [navNode]: 未到目标点
1775392186.0782249 [navNode-2] 目标位置:(0.0, 0.0, 0.7)-[TakeOff]-[MCU:False]-[POS:False]
1775392186.0782974 [navNode-2] 当前位置:(0.007181824184954166, 0.004286267329007387, 0.0006835280801169574)
1775392186.1757479 [navNode-2] [INFO] [1775392186.175342081] [navNode]: 状态2：Takeoff_wait--[TakeOff]
1775392186.1761787 [navNode-2] [INFO] [1775392186.175819087] [navNode]: 未到目标点
1775392186.1762908 [navNode-2] 目标位置:(0.0, 0.0, 0.7)-[TakeOff]-[MCU:False]-[POS:False]
1775392186.1763461 [navNode-2] 当前位置:(0.007329065818339586, 0.00425376184284687, 0.0008878728840500116)
1775392186.2755134 [navNode-2] [INFO] [1775392186.275178407] [navNode]: 状态2：Takeoff_wait--[TakeOff]
1775392186.2763708 [navNode-2] [INFO] [1775392186.276172237] [navNode]: 未到目标点
1775392186.2765732 [navNode-2] 目标位置:(0.0, 0.0, 0.7)-[TakeOff]-[MCU:False]-[POS:False]
1775392186.2766912 [navNode-2] 当前位置:(0.007018677424639463, 0.004546772222965956, 0.0009354960639029741)
1775392186.3763077 [navNode-2] [INFO] [1775392186.375438950] [navNode]: 状态2：Takeoff_wait--[TakeOff]
1775392186.3766267 [navNode-2] [INFO] [1775392186.375909608] [navNode]: 未到目标点
1775392186.3767328 [navNode-2] 目标位置:(0.0, 0.0, 0.7)-[TakeOff]-[MCU:False]-[POS:False]
1775392186.3767858 [navNode-2] 当前位置:(0.006880473345518112, 0.004541411995887756, 0.0010067697148770094)
1775392186.4761534 [navNode-2] [INFO] [1775392186.475767094] [navNode]: 状态2：Takeoff_wait--[TakeOff]
1775392186.4769709 [navNode-2] [INFO] [1775392186.476758494] [navNode]: 未到目标点
1775392186.4771342 [navNode-2] 目标位置:(0.0, 0.0, 0.7)-[TakeOff]-[MCU:False]-[POS:False]
1775392186.4771979 [navNode-2] 当前位置:(0.006858836859464645, 0.004301188513636589, 0.0006716763600707054)
1775392186.5756092 [navNode-2] [INFO] [1775392186.575265887] [navNode]: 状态2：Takeoff_wait--[TakeOff]
1775392186.5759938 [navNode-2] [INFO] [1775392186.575825539] [navNode]: 未到目标点
1775392186.5760636 [navNode-2] 目标位置:(0.0, 0.0, 0.7)-[TakeOff]-[MCU:False]-[POS:False]
1775392186.5761092 [navNode-2] 当前位置:(0.006937797646969557, 0.004349623806774616, 0.0004225943994242698)
1775392186.6755905 [navNode-2] [INFO] [1775392186.675129806] [navNode]: 状态2：Takeoff_wait--[TakeOff]
1775392186.6760008 [navNode-2] [INFO] [1775392186.675635710] [navNode]: 未到目标点
1775392186.6760769 [navNode-2] 目标位置:(0.0, 0.0, 0.7)-[TakeOff]-[MCU:False]-[POS:False]
1775392186.6761670 [navNode-2] 当前位置:(0.006771749351173639, 0.004476381931453943, 0.0006201519281603396)
1775392186.7757273 [navNode-2] [INFO] [1775392186.775339066] [navNode]: 状态2：Takeoff_wait--[TakeOff]
1775392186.7762954 [navNode-2] [INFO] [1775392186.775907548] [navNode]: 未到目标点
1775392186.7764473 [navNode-2] 目标位置:(0.0, 0.0, 0.7)-[TakeOff]-[MCU:False]-[POS:False]
1775392186.7765138 [navNode-2] 当前位置:(0.006814535707235336, 0.004750017076730728, 0.0005341473151929677)
1775392186.8757648 [navNode-2] [INFO] [1775392186.875390995] [navNode]: 状态2：Takeoff_wait--[TakeOff]
1775392186.8772037 [navNode-2] [INFO] [1775392186.876918084] [navNode]: 未到目标点
1775392186.8773985 [navNode-2] 目标位置:(0.0, 0.0, 0.7)-[TakeOff]-[MCU:False]-[POS:False]
1775392186.8774543 [navNode-2] 当前位置:(0.007211057003587484, 0.0042787049897015095, 0.0008354505989700556)
1775392186.9775710 [navNode-2] [INFO] [1775392186.976539649] [navNode]: 状态2：Takeoff_wait--[TakeOff]
1775392186.9786212 [navNode-2] [INFO] [1775392186.978115413] [navNode]: 未到目标点
1775392186.9794273 [navNode-2] 目标位置:(0.0, 0.0, 0.7)-[TakeOff]-[MCU:False]-[POS:False]
1775392186.9795198 [navNode-2] 当前位置:(0.0071153799071908, 0.004408166278153658, 0.0007362947799265385)
1775392187.0754361 [navNode-2] [INFO] [1775392187.075045917] [navNode]: 状态2：Takeoff_wait--[TakeOff]
1775392187.0760660 [navNode-2] [INFO] [1775392187.075880379] [navNode]: 未到目标点
1775392187.0761716 [navNode-2] 目标位置:(0.0, 0.0, 0.7)-[TakeOff]-[MCU:False]-[POS:False]
1775392187.0762153 [navNode-2] 当前位置:(0.006950633600354195, 0.004508072976022959, 0.0009120341273956001)
1775392187.1759734 [navNode-2] [INFO] [1775392187.175490140] [navNode]: 状态2：Takeoff_wait--[TakeOff]
1775392187.1771245 [navNode-2] [INFO] [1775392187.176707970] [navNode]: 未到目标点
1775392187.1773207 [navNode-2] 目标位置:(0.0, 0.0, 0.7)-[TakeOff]-[MCU:False]-[POS:False]
1775392187.1774027 [navNode-2] 当前位置:(0.006596659775823355, 0.0046149855479598045, 0.00043065930367447436)
1775392187.2756898 [navNode-2] [INFO] [1775392187.275262440] [navNode]: 状态2：Takeoff_wait--[TakeOff]
1775392187.2764635 [navNode-2] [INFO] [1775392187.275871114] [navNode]: 未到目标点
1775392187.2766414 [navNode-2] 目标位置:(0.0, 0.0, 0.7)-[TakeOff]-[MCU:False]-[POS:False]
1775392187.2767072 [navNode-2] 当前位置:(0.006933577824383974, 0.004469790495932102, 0.0007512083393521607)
1775392187.3763275 [navNode-2] [INFO] [1775392187.375213690] [navNode]: 状态2：Takeoff_wait--[TakeOff]
1775392187.3769724 [navNode-2] [INFO] [1775392187.376412421] [navNode]: 未到目标点
1775392187.3771250 [navNode-2] 目标位置:(0.0, 0.0, 0.7)-[TakeOff]-[MCU:False]-[POS:False]
1775392187.3771906 [navNode-2] 当前位置:(0.007047345861792564, 0.004175735171884298, 0.0009047904168255627)
1775392187.4756596 [navNode-2] [INFO] [1775392187.475199787] [navNode]: 状态2：Takeoff_wait--[TakeOff]
1775392187.4760914 [navNode-2] [INFO] [1775392187.475671643] [navNode]: 未到目标点
1775392187.4761961 [navNode-2] 目标位置:(0.0, 0.0, 0.7)-[TakeOff]-[MCU:False]-[POS:False]
1775392187.4762509 [navNode-2] 当前位置:(0.0071566421538591385, 0.0044317785650491714, 0.0005822374951094389)
1775392187.5770111 [navNode-2] [INFO] [1775392187.576283439] [navNode]: 状态2：Takeoff_wait--[TakeOff]
1775392187.5775375 [navNode-2] [INFO] [1775392187.576793817] [navNode]: 未到目标点
1775392187.5777104 [navNode-2] 目标位置:(0.0, 0.0, 0.7)-[TakeOff]-[MCU:False]-[POS:False]
1775392187.5777941 [navNode-2] 当前位置:(0.007116175256669521, 0.0042982930317521095, 0.0007532178424298763)
1775392187.6769419 [navNode-2] [INFO] [1775392187.676595520] [navNode]: 状态2：Takeoff_wait--[TakeOff]
1775392187.6773901 [navNode-2] [INFO] [1775392187.677137921] [navNode]: 未到目标点
1775392187.6775157 [navNode-2] 目标位置:(0.0, 0.0, 0.7)-[TakeOff]-[MCU:False]-[POS:False]
1775392187.6776118 [navNode-2] 当前位置:(0.0070160431787371635, 0.004363778047263622, 0.0008506083977408707)
1775392187.7761762 [navNode-2] [INFO] [1775392187.775737528] [navNode]: 状态2：Takeoff_wait--[TakeOff]
1775392187.7768953 [navNode-2] [INFO] [1775392187.776420685] [navNode]: 未到目标点
1775392187.7769980 [navNode-2] 目标位置:(0.0, 0.0, 0.7)-[TakeOff]-[MCU:False]-[POS:False]
1775392187.7770588 [navNode-2] 当前位置:(0.00687827542424202, 0.004371295217424631, 0.0007776722777634859)
1775392187.8767409 [navNode-2] [INFO] [1775392187.875711069] [navNode]: 状态2：Takeoff_wait--[TakeOff]
1775392187.8777628 [navNode-2] [INFO] [1775392187.876397536] [navNode]: 未到目标点
1775392187.8779435 [navNode-2] 目标位置:(0.0, 0.0, 0.7)-[TakeOff]-[MCU:False]-[POS:False]
1775392187.8780124 [navNode-2] 当前位置:(0.007061836309731007, 0.0042952969670295715, 0.0007517834310419858)
1775392187.9756639 [navNode-2] [INFO] [1775392187.975315027] [navNode]: 状态2：Takeoff_wait--[TakeOff]
1775392187.9761536 [navNode-2] [INFO] [1775392187.975809148] [navNode]: 未到目标点
1775392187.9763165 [navNode-2] 目标位置:(0.0, 0.0, 0.7)-[TakeOff]-[MCU:False]-[POS:False]
1775392187.9763908 [navNode-2] 当前位置:(0.007239603903144598, 0.004418577067553997, 0.0008440022356808186)
1775392188.0767400 [navNode-2] [INFO] [1775392188.075674362] [navNode]: 状态2：Takeoff_wait--[TakeOff]
1775392188.0769846 [navNode-2] [INFO] [1775392188.076187882] [navNode]: 未到目标点
1775392188.0770786 [navNode-2] 目标位置:(0.0, 0.0, 0.7)-[TakeOff]-[MCU:False]-[POS:False]
1775392188.0771265 [navNode-2] 当前位置:(0.007111802697181702, 0.0044930847361683846, 0.0013425886863842607)
1775392188.1762335 [navNode-2] [INFO] [1775392188.175374315] [navNode]: 状态2：Takeoff_wait--[TakeOff]
1775392188.1766469 [navNode-2] [INFO] [1775392188.175831141] [navNode]: 未到目标点
1775392188.1768217 [navNode-2] 目标位置:(0.0, 0.0, 0.7)-[TakeOff]-[MCU:False]-[POS:False]
1775392188.1769063 [navNode-2] 当前位置:(0.0076166982762515545, 0.0037194755859673023, 0.0007635217043571174)
1775392188.2755976 [navNode-2] [INFO] [1775392188.275259399] [navNode]: 状态2：Takeoff_wait--[TakeOff]
1775392188.2760720 [navNode-2] [INFO] [1775392188.275743389] [navNode]: 未到目标点
1775392188.2761865 [navNode-2] 目标位置:(0.0, 0.0, 0.7)-[TakeOff]-[MCU:False]-[POS:False]
1775392188.2762432 [navNode-2] 当前位置:(0.007638196460902691, 0.004637321922928095, 0.0011603661114349961)
1775392188.3766584 [navNode-2] [INFO] [1775392188.376009750] [navNode]: 状态2：Takeoff_wait--[TakeOff]
1775392188.3776464 [navNode-2] [INFO] [1775392188.377108158] [navNode]: 未到目标点
1775392188.3777595 [navNode-2] 目标位置:(0.0, 0.0, 0.7)-[TakeOff]-[MCU:False]-[POS:False]
1775392188.3778143 [navNode-2] 当前位置:(0.006889129988849163, 0.002753257052972913, 0.0012561468174681067)
1775392188.4754860 [navNode-2] [INFO] [1775392188.475093351] [navNode]: 状态2：Takeoff_wait--[TakeOff]
1775392188.4772115 [navNode-2] [INFO] [1775392188.476872936] [navNode]: 未到目标点
1775392188.4774151 [navNode-2] 目标位置:(0.0, 0.0, 0.7)-[TakeOff]-[MCU:False]-[POS:False]
1775392188.4774947 [navNode-2] 当前位置:(0.006849728059023619, 0.0033333764877170324, 0.0007082941592670977)
1775392188.5758138 [navNode-2] [INFO] [1775392188.575331902] [navNode]: 状态2：Takeoff_wait--[TakeOff]
1775392188.5770445 [navNode-2] [INFO] [1775392188.576883165] [navNode]: 未到目标点
1775392188.5771935 [navNode-2] 目标位置:(0.0, 0.0, 0.7)-[TakeOff]-[MCU:False]-[POS:False]
1775392188.5772457 [navNode-2] 当前位置:(0.0062993294559419155, 0.004621494095772505, 0.0014051776379346848)
1775392188.6761227 [navNode-2] [INFO] [1775392188.675608023] [navNode]: 状态2：Takeoff_wait--[TakeOff]
1775392188.6768718 [navNode-2] [INFO] [1775392188.676572442] [navNode]: 未到目标点
1775392188.6770074 [navNode-2] 目标位置:(0.0, 0.0, 0.7)-[TakeOff]-[MCU:False]-[POS:False]
1775392188.6770792 [navNode-2] 当前位置:(0.004699778277426958, 0.004259020555764437, 0.0013123233802616596)
1775392188.7763929 [navNode-2] [INFO] [1775392188.775757009] [navNode]: 状态2：Takeoff_wait--[TakeOff]
1775392188.7770562 [navNode-2] [INFO] [1775392188.776427146] [navNode]: 未到目标点
1775392188.7772641 [navNode-2] 目标位置:(0.0, 0.0, 0.7)-[TakeOff]-[MCU:False]-[POS:False]
1775392188.7773459 [navNode-2] 当前位置:(0.003869759850203991, 0.002317647449672222, 0.0015002862783148885)
1775392188.8761432 [navNode-2] [INFO] [1775392188.875716394] [navNode]: 状态2：Takeoff_wait--[TakeOff]
1775392188.8766553 [navNode-2] [INFO] [1775392188.876325221] [navNode]: 未到目标点
1775392188.8769715 [navNode-2] 目标位置:(0.0, 0.0, 0.7)-[TakeOff]-[MCU:False]-[POS:False]
1775392188.8770885 [navNode-2] 当前位置:(0.005398094654083252, 0.005568556021898985, 0.0006170232663862407)
1775392188.9756739 [navNode-2] [INFO] [1775392188.975313636] [navNode]: 状态2：Takeoff_wait--[TakeOff]
1775392188.9762406 [navNode-2] [INFO] [1775392188.975784492] [navNode]: 未到目标点
1775392188.9763825 [navNode-2] 目标位置:(0.0, 0.0, 0.7)-[TakeOff]-[MCU:False]-[POS:False]
1775392188.9764915 [navNode-2] 当前位置:(0.0035289255902171135, 0.003042767522856593, 0.001975051127374172)
1775392189.0778816 [navNode-2] [INFO] [1775392189.077272056] [navNode]: 状态2：Takeoff_wait--[TakeOff]
1775392189.0784092 [navNode-2] [INFO] [1775392189.077785596] [navNode]: 未到目标点
1775392189.0785687 [navNode-2] 目标位置:(0.0, 0.0, 0.7)-[TakeOff]-[MCU:False]-[POS:False]
1775392189.0787003 [navNode-2] 当前位置:(0.0045494576916098595, 0.0042788079008460045, 0.00113579910248518)
1775392189.1757357 [navNode-2] [INFO] [1775392189.175268401] [navNode]: 状态2：Takeoff_wait--[TakeOff]
1775392189.1763046 [navNode-2] [INFO] [1775392189.175777010] [navNode]: 未到目标点
1775392189.1764345 [navNode-2] 目标位置:(0.0, 0.0, 0.7)-[TakeOff]-[MCU:False]-[POS:False]
1775392189.1764941 [navNode-2] 当前位置:(0.002881001913920045, 0.005052986089140177, 0.0007764029433019459)
1775392189.2759423 [navNode-2] [INFO] [1775392189.275305876] [navNode]: 状态2：Takeoff_wait--[TakeOff]
1775392189.2767606 [navNode-2] [INFO] [1775392189.275996457] [navNode]: 未到目标点
1775392189.2768440 [navNode-2] 目标位置:(0.0, 0.0, 0.7)-[TakeOff]-[MCU:False]-[POS:False]
1775392189.2768903 [navNode-2] 当前位置:(0.0018280012300238013, 0.005224031396210194, 0.0013436145382001996)
1775392189.3762643 [navNode-2] [INFO] [1775392189.375854147] [navNode]: 状态2：Takeoff_wait--[TakeOff]
1775392189.3767257 [navNode-2] [INFO] [1775392189.376388623] [navNode]: 未到目标点
1775392189.3768067 [navNode-2] 目标位置:(0.0, 0.0, 0.7)-[TakeOff]-[MCU:False]-[POS:False]
1775392189.3768778 [navNode-2] 当前位置:(0.002323422348126769, 0.002722643781453371, 0.001227080705575645)
1775392189.4755957 [navNode-2] [INFO] [1775392189.475121490] [navNode]: 状态2：Takeoff_wait--[TakeOff]
1775392189.4763324 [navNode-2] [INFO] [1775392189.475767834] [navNode]: 未到目标点
1775392189.4764230 [navNode-2] 目标位置:(0.0, 0.0, 0.7)-[TakeOff]-[MCU:False]-[POS:False]
1775392189.4764631 [navNode-2] 当前位置:(0.0026359909679740667, 0.001521583297289908, 0.0005108132609166205)
1775392189.5756154 [navNode-2] [INFO] [1775392189.575233908] [navNode]: 状态2：Takeoff_wait--[TakeOff]
1775392189.5762358 [navNode-2] [INFO] [1775392189.575695748] [navNode]: 未到目标点
1775392189.5763459 [navNode-2] 目标位置:(0.0, 0.0, 0.7)-[TakeOff]-[MCU:False]-[POS:False]
1775392189.5763884 [navNode-2] 当前位置:(0.0021104873158037663, 0.007338601164519787, 0.0011859337100759149)
1775392189.6755672 [navNode-2] [INFO] [1775392189.675099308] [navNode]: 状态2：Takeoff_wait--[TakeOff]
1775392189.6760633 [navNode-2] [INFO] [1775392189.675600922] [navNode]: 未到目标点
1775392189.6761622 [navNode-2] 目标位置:(0.0, 0.0, 0.7)-[TakeOff]-[MCU:False]-[POS:False]
1775392189.6762171 [navNode-2] 当前位置:(0.001876018475741148, 0.0035616422537714243, 5.1645736675709486e-05)
1775392189.7756503 [navNode-2] [INFO] [1775392189.775198485] [navNode]: 状态2：Takeoff_wait--[TakeOff]
1775392189.7768650 [navNode-2] [INFO] [1775392189.776536899] [navNode]: 未到目标点
1775392189.7770445 [navNode-2] 目标位置:(0.0, 0.0, 0.7)-[TakeOff]-[MCU:False]-[POS:False]
1775392189.7771101 [navNode-2] 当前位置:(0.003013320965692401, 0.005159602966159582, 0.001346043893136084)
1775392189.8759151 [navNode-2] [INFO] [1775392189.875237985] [navNode]: 状态2：Takeoff_wait--[TakeOff]
1775392189.8766038 [navNode-2] [INFO] [1775392189.875744235] [navNode]: 未到目标点
1775392189.8766890 [navNode-2] 目标位置:(0.0, 0.0, 0.7)-[TakeOff]-[MCU:False]-[POS:False]
1775392189.8767450 [navNode-2] 当前位置:(0.0020428041461855173, 0.005393956322222948, 0.0013685908634215593)
1775392189.9764664 [navNode-2] [INFO] [1775392189.975358744] [navNode]: 状态2：Takeoff_wait--[TakeOff]
1775392189.9774182 [navNode-2] [INFO] [1775392189.977228367] [navNode]: 未到目标点
1775392189.9775255 [navNode-2] 目标位置:(0.0, 0.0, 0.7)-[TakeOff]-[MCU:False]-[POS:False]
1775392189.9775770 [navNode-2] 当前位置:(-0.0009137137094512582, 0.0047018881887197495, 0.0022691343910992146)
1775392190.0762887 [navNode-2] [INFO] [1775392190.075272280] [navNode]: 状态2：Takeoff_wait--[TakeOff]
1775392190.0765779 [navNode-2] [INFO] [1775392190.075783107] [navNode]: 未到目标点
1775392190.0767632 [navNode-2] 目标位置:(0.0, 0.0, 0.7)-[TakeOff]-[MCU:False]-[POS:False]
1775392190.0768640 [navNode-2] 当前位置:(0.00018782560073304921, 0.0031240880489349365, 0.001550248940475285)
1775392190.1760390 [navNode-2] [INFO] [1775392190.175533988] [navNode]: 状态2：Takeoff_wait--[TakeOff]
1775392190.1766856 [navNode-2] [INFO] [1775392190.176162726] [navNode]: 未到目标点
1775392190.1767998 [navNode-2] 目标位置:(0.0, 0.0, 0.7)-[TakeOff]-[MCU:False]-[POS:False]
1775392190.1768534 [navNode-2] 当前位置:(0.0011074112262576818, 0.007278136443346739, 0.001529786502942443)
1775392190.2762437 [navNode-2] [INFO] [1775392190.275375570] [navNode]: 状态2：Takeoff_wait--[TakeOff]
1775392190.2770209 [navNode-2] [INFO] [1775392190.276459160] [navNode]: 未到目标点
1775392190.2771809 [navNode-2] 目标位置:(0.0, 0.0, 0.7)-[TakeOff]-[MCU:False]-[POS:False]
1775392190.2772675 [navNode-2] 当前位置:(0.0009585680090822279, 0.006284516770392656, 0.0014113613869994879)
1775392190.3775239 [navNode-2] [INFO] [1775392190.377086083] [navNode]: 状态2：Takeoff_wait--[TakeOff]
1775392190.3779936 [navNode-2] [INFO] [1775392190.377608539] [navNode]: 未到目标点
1775392190.3781176 [navNode-2] 目标位置:(0.0, 0.0, 0.7)-[TakeOff]-[MCU:False]-[POS:False]
1775392190.3782041 [navNode-2] 当前位置:(0.0003126407682429999, 0.006378112826496363, 0.0006649151910096407)
1775392190.4764912 [navNode-2] [INFO] [1775392190.475375135] [navNode]: 状态2：Takeoff_wait--[TakeOff]
1775392190.4767020 [navNode-2] [INFO] [1775392190.475862844] [navNode]: 未到目标点
1775392190.4767659 [navNode-2] 目标位置:(0.0, 0.0, 0.7)-[TakeOff]-[MCU:False]-[POS:False]
1775392190.4768169 [navNode-2] 当前位置:(-0.0014752326533198357, 0.004472430795431137, 0.001062118448317051)
1775392190.5760467 [navNode-2] [INFO] [1775392190.575522199] [navNode]: 状态2：Takeoff_wait--[TakeOff]
1775392190.5768809 [navNode-2] [INFO] [1775392190.576713121] [navNode]: 未到目标点
1775392190.5770006 [navNode-2] 目标位置:(0.0, 0.0, 0.7)-[TakeOff]-[MCU:False]-[POS:False]
1775392190.5770531 [navNode-2] 当前位置:(0.00804198905825615, 0.003920251037925482, 0.0004952081362716854)
1775392190.6753759 [navNode-2] [INFO] [1775392190.675035004] [navNode]: 状态2：Takeoff_wait--[TakeOff]
1775392190.6759355 [navNode-2] [INFO] [1775392190.675464613] [navNode]: 未到目标点
1775392190.6760638 [navNode-2] 目标位置:(0.0, 0.0, 0.7)-[TakeOff]-[MCU:False]-[POS:False]
1775392190.6761298 [navNode-2] 当前位置:(0.0045819757506251335, 0.0036821847315877676, 0.0012342343106865883)
1775392190.7762220 [navNode-2] [INFO] [1775392190.775897523] [navNode]: 状态2：Takeoff_wait--[TakeOff]
1775392190.7767618 [navNode-2] [INFO] [1775392190.776642220] [navNode]: 未到目标点
1775392190.7768641 [navNode-2] 目标位置:(0.0, 0.0, 0.7)-[TakeOff]-[MCU:False]-[POS:False]
1775392190.7769089 [navNode-2] 当前位置:(0.005071685649454594, 0.00426361383870244, 0.0010554660111665726)
1775392190.8764653 [navNode-2] [INFO] [1775392190.875874053] [navNode]: 状态2：Takeoff_wait--[TakeOff]
1775392190.8769445 [navNode-2] [INFO] [1775392190.876414047] [navNode]: 未到目标点
1775392190.8770449 [navNode-2] 目标位置:(0.0, 0.0, 0.7)-[TakeOff]-[MCU:False]-[POS:False]
1775392190.8771091 [navNode-2] 当前位置:(0.00544104166328907, 0.0042481981217861176, 0.001401705900207162)
1775392190.9759364 [navNode-2] [INFO] [1775392190.975634766] [navNode]: 状态2：Takeoff_wait--[TakeOff]
1775392190.9766955 [navNode-2] [INFO] [1775392190.976101520] [navNode]: 未到目标点
1775392190.9769444 [navNode-2] 目标位置:(0.0, 0.0, 0.7)-[TakeOff]-[MCU:False]-[POS:False]
1775392190.9771073 [navNode-2] 当前位置:(0.005685949232429266, 0.003998403903096914, 0.0012340028770267963)
1775392191.0759890 [navNode-2] [INFO] [1775392191.075545464] [navNode]: 状态2：Takeoff_wait--[TakeOff]
1775392191.0770009 [navNode-2] [INFO] [1775392191.076210809] [navNode]: 未到目标点
1775392191.0772679 [navNode-2] 目标位置:(0.0, 0.0, 0.7)-[TakeOff]-[MCU:False]-[POS:False]
1775392191.0773978 [navNode-2] 当前位置:(0.005345775745809078, 0.004264272749423981, 0.0013679899275302887)
1775392191.1767805 [navNode-2] [INFO] [1775392191.176421551] [navNode]: 状态2：Takeoff_wait--[TakeOff]
1775392191.1771717 [navNode-2] [INFO] [1775392191.176949688] [navNode]: 未到目标点
1775392191.1772499 [navNode-2] 目标位置:(0.0, 0.0, 0.7)-[TakeOff]-[MCU:False]-[POS:False]
1775392191.1772921 [navNode-2] 当前位置:(0.005472836550325155, 0.004206252750009298, 0.0011181698646396399)
1775392191.2759323 [navNode-2] [INFO] [1775392191.275505204] [navNode]: 状态2：Takeoff_wait--[TakeOff]
1775392191.2764862 [navNode-2] [INFO] [1775392191.276022651] [navNode]: 未到目标点
1775392191.2765865 [navNode-2] 目标位置:(0.0, 0.0, 0.7)-[TakeOff]-[MCU:False]-[POS:False]
1775392191.2766626 [navNode-2] 当前位置:(0.005695436615496874, 0.004103973973542452, 0.0011849184520542622)
1775392191.3757877 [navNode-2] [INFO] [1775392191.375142415] [navNode]: 状态2：Takeoff_wait--[TakeOff]
1775392191.3763435 [navNode-2] [INFO] [1775392191.375748837] [navNode]: 未到目标点
1775392191.3764420 [navNode-2] 目标位置:(0.0, 0.0, 0.7)-[TakeOff]-[MCU:False]-[POS:False]
1775392191.3764939 [navNode-2] 当前位置:(0.005481797736138105, 0.004146338906139135, 0.001271779416128993)
1775392191.4758456 [navNode-2] [INFO] [1775392191.475466991] [navNode]: 状态2：Takeoff_wait--[TakeOff]
1775392191.4763293 [navNode-2] [INFO] [1775392191.475926903] [navNode]: 未到目标点
1775392191.4764659 [navNode-2] 目标位置:(0.0, 0.0, 0.7)-[TakeOff]-[MCU:False]-[POS:False]
1775392191.4765069 [navNode-2] 当前位置:(0.005628196056932211, 0.003997249063104391, 0.0012995759025216103)
1775392191.5757637 [navNode-2] [INFO] [1775392191.575190097] [navNode]: 状态2：Takeoff_wait--[TakeOff]
1775392191.5771871 [navNode-2] [INFO] [1775392191.576812460] [navNode]: 未到目标点
1775392191.5774319 [navNode-2] 目标位置:(0.0, 0.0, 0.7)-[TakeOff]-[MCU:False]-[POS:False]
1775392191.5774927 [navNode-2] 当前位置:(0.005671358667314053, 0.003961088601499796, 0.001117817941121757)
1775392191.6760795 [navNode-2] [INFO] [1775392191.675656049] [navNode]: 状态2：Takeoff_wait--[TakeOff]
1775392191.6770337 [navNode-2] [INFO] [1775392191.676251665] [navNode]: 未到目标点
1775392191.6772053 [navNode-2] 目标位置:(0.0, 0.0, 0.7)-[TakeOff]-[MCU:False]-[POS:False]
1775392191.6772768 [navNode-2] 当前位置:(0.005575254093855619, 0.004666830878704786, 0.0011530814226716757)
1775392191.7758670 [navNode-2] [INFO] [1775392191.775385169] [navNode]: 状态2：Takeoff_wait--[TakeOff]
1775392191.7763009 [navNode-2] [INFO] [1775392191.776001497] [navNode]: 未到目标点
1775392191.7763751 [navNode-2] 目标位置:(0.0, 0.0, 0.7)-[TakeOff]-[MCU:False]-[POS:False]
1775392191.7764237 [navNode-2] 当前位置:(0.005976046901196241, 0.004063114989548922, 0.001182998064905405)
1775392191.8754008 [navNode-2] [INFO] [1775392191.875055050] [navNode]: 状态2：Takeoff_wait--[TakeOff]
1775392191.8764145 [navNode-2] [INFO] [1775392191.875849488] [navNode]: 未到目标点
1775392191.8772278 [navNode-2] 目标位置:(0.0, 0.0, 0.7)-[TakeOff]-[MCU:False]-[POS:False]
1775392191.8772936 [navNode-2] 当前位置:(0.005719200242310762, 0.004253704566508532, 0.0012583008501678705)
1775392191.9758017 [navNode-2] [INFO] [1775392191.975452255] [navNode]: 状态2：Takeoff_wait--[TakeOff]
1775392191.9770401 [navNode-2] [INFO] [1775392191.975961042] [navNode]: 未到目标点
1775392191.9774406 [navNode-2] 目标位置:(0.0, 0.0, 0.7)-[TakeOff]-[MCU:False]-[POS:False]
1775392191.9775252 [navNode-2] 当前位置:(0.005316399037837982, 0.004290341399610043, 0.000912552815862)
1775392192.0768111 [navNode-2] [INFO] [1775392192.076455600] [navNode]: 状态2：Takeoff_wait--[TakeOff]
1775392192.0772414 [navNode-2] [INFO] [1775392192.076964389] [navNode]: 未到目标点
1775392192.0773273 [navNode-2] 目标位置:(0.0, 0.0, 0.7)-[TakeOff]-[MCU:False]-[POS:False]
1775392192.0773962 [navNode-2] 当前位置:(0.005709872581064701, 0.0040338602848351, 0.0017464669654145837)
1775392192.1761992 [navNode-2] [INFO] [1775392192.175805710] [navNode]: 状态2：Takeoff_wait--[TakeOff]
1775392192.1766601 [navNode-2] [INFO] [1775392192.176319248] [navNode]: 未到目标点
1775392192.1767490 [navNode-2] 目标位置:(0.0, 0.0, 0.7)-[TakeOff]-[MCU:False]-[POS:False]
1775392192.1768048 [navNode-2] 当前位置:(0.00577926030382514, 0.004133195150643587, 0.0012811041669920087)
1775392192.2757595 [navNode-2] [INFO] [1775392192.275257465] [navNode]: 状态2：Takeoff_wait--[TakeOff]
1775392192.2765963 [navNode-2] [INFO] [1775392192.276310978] [navNode]: 未到目标点
1775392192.2767620 [navNode-2] 目标位置:(0.0, 0.0, 0.7)-[TakeOff]-[MCU:False]-[POS:False]
1775392192.2768159 [navNode-2] 当前位置:(0.0068992553278803825, 0.004023285117000341, 0.0013956893235445023)
1775392192.3755500 [navNode-2] [INFO] [1775392192.375186611] [navNode]: 状态2：Takeoff_wait--[TakeOff]
1775392192.3760509 [navNode-2] [INFO] [1775392192.375702863] [navNode]: 未到目标点
1775392192.3761969 [navNode-2] 目标位置:(0.0, 0.0, 0.7)-[TakeOff]-[MCU:False]-[POS:False]
1775392192.3762593 [navNode-2] 当前位置:(0.006866110023111105, 0.0040871500968933105, 0.0018737174104899168)
1775392192.4766388 [navNode-2] [INFO] [1775392192.476118673] [navNode]: 状态2：Takeoff_wait--[TakeOff]
1775392192.4777570 [navNode-2] [INFO] [1775392192.476654708] [navNode]: 未到目标点
1775392192.4780862 [navNode-2] 目标位置:(0.0, 0.0, 0.7)-[TakeOff]-[MCU:False]-[POS:False]
1775392192.4782302 [navNode-2] 当前位置:(0.007490160409361124, 0.0046714358031749725, 0.0010152237955480814)
1775392192.5757742 [navNode-2] [INFO] [1775392192.575335560] [navNode]: 状态2：Takeoff_wait--[TakeOff]
1775392192.5762608 [navNode-2] [INFO] [1775392192.575816502] [navNode]: 未到目标点
1775392192.5764139 [navNode-2] 目标位置:(0.0, 0.0, 0.7)-[TakeOff]-[MCU:False]-[POS:False]
1775392192.5764730 [navNode-2] 当前位置:(0.0070456042885780334, 0.004325956106185913, 0.0011064723366871476)
1775392192.6755884 [navNode-2] [INFO] [1775392192.675214429] [navNode]: 状态2：Takeoff_wait--[TakeOff]
1775392192.6760299 [navNode-2] [INFO] [1775392192.675690210] [navNode]: 未到目标点
1775392192.6761324 [navNode-2] 目标位置:(0.0, 0.0, 0.7)-[TakeOff]-[MCU:False]-[POS:False]
1775392192.6761894 [navNode-2] 当前位置:(0.0070456042885780334, 0.004325956106185913, 0.0011064723366871476)
1775392192.7759111 [navNode-2] [INFO] [1775392192.775495798] [navNode]: 状态2：Takeoff_wait--[TakeOff]
1775392192.7763727 [navNode-2] [INFO] [1775392192.775979256] [navNode]: 未到目标点
1775392192.7764914 [navNode-2] 目标位置:(0.0, 0.0, 0.7)-[TakeOff]-[MCU:False]-[POS:False]
1775392192.7765591 [navNode-2] 当前位置:(0.0070456042885780334, 0.004325956106185913, 0.0011064723366871476)
1775392192.8756065 [navNode-2] [INFO] [1775392192.875221278] [navNode]: 状态2：Takeoff_wait--[TakeOff]
1775392192.8760123 [navNode-2] [INFO] [1775392192.875653863] [navNode]: 未到目标点
1775392192.8761075 [navNode-2] 目标位置:(0.0, 0.0, 0.7)-[TakeOff]-[MCU:False]-[POS:False]
1775392192.8761704 [navNode-2] 当前位置:(0.0070456042885780334, 0.004325956106185913, 0.0011064723366871476)
1775392192.9757593 [navNode-2] [INFO] [1775392192.975419275] [navNode]: 状态2：Takeoff_wait--[TakeOff]
1775392192.9763215 [navNode-2] [INFO] [1775392192.975839537] [navNode]: 未到目标点
1775392192.9764390 [navNode-2] 目标位置:(0.0, 0.0, 0.7)-[TakeOff]-[MCU:False]-[POS:False]
1775392192.9765084 [navNode-2] 当前位置:(0.0070456042885780334, 0.004325956106185913, 0.0011064723366871476)
1775392193.0767951 [navNode-2] [INFO] [1775392193.076422043] [navNode]: 状态2：Takeoff_wait--[TakeOff]
1775392193.0771463 [navNode-2] [INFO] [1775392193.076819146] [navNode]: 未到目标点
1775392193.0772092 [navNode-2] 目标位置:(0.0, 0.0, 0.7)-[TakeOff]-[MCU:False]-[POS:False]
1775392193.0772419 [navNode-2] 当前位置:(0.0070456042885780334, 0.004325956106185913, 0.0011064723366871476)
1775392193.1753862 [navNode-2] [INFO] [1775392193.175012390] [navNode]: 状态2：Takeoff_wait--[TakeOff]
1775392193.1757503 [navNode-2] [INFO] [1775392193.175408771] [navNode]: 未到目标点
1775392193.1758029 [navNode-2] 目标位置:(0.0, 0.0, 0.7)-[TakeOff]-[MCU:False]-[POS:False]
1775392193.1758361 [navNode-2] 当前位置:(0.0070456042885780334, 0.004325956106185913, 0.0011064723366871476)
1775392193.2753835 [navNode-2] [INFO] [1775392193.275069282] [navNode]: 状态2：Takeoff_wait--[TakeOff]
1775392193.2757075 [navNode-2] [INFO] [1775392193.275467150] [navNode]: 未到目标点
1775392193.2757657 [navNode-2] 目标位置:(0.0, 0.0, 0.7)-[TakeOff]-[MCU:False]-[POS:False]
1775392193.2758050 [navNode-2] 当前位置:(0.0070456042885780334, 0.004325956106185913, 0.0011064723366871476)
1775392193.3759792 [navNode-2] [INFO] [1775392193.375616797] [navNode]: 状态2：Takeoff_wait--[TakeOff]
1775392193.3763092 [navNode-2] [INFO] [1775392193.376007510] [navNode]: 未到目标点
1775392193.3763852 [navNode-2] 目标位置:(0.0, 0.0, 0.7)-[TakeOff]-[MCU:False]-[POS:False]
1775392193.3764286 [navNode-2] 当前位置:(0.0070456042885780334, 0.004325956106185913, 0.0011064723366871476)
1775392193.4754570 [navNode-2] [INFO] [1775392193.475085709] [navNode]: 状态2：Takeoff_wait--[TakeOff]
1775392193.4758394 [navNode-2] [INFO] [1775392193.475502369] [navNode]: 未到目标点
1775392193.4759293 [navNode-2] 目标位置:(0.0, 0.0, 0.7)-[TakeOff]-[MCU:False]-[POS:False]
1775392193.4759748 [navNode-2] 当前位置:(0.0070456042885780334, 0.004325956106185913, 0.0011064723366871476)
1775392193.5757346 [navNode-2] [INFO] [1775392193.575363197] [navNode]: 状态2：Takeoff_wait--[TakeOff]
1775392193.5761504 [navNode-2] [INFO] [1775392193.575764736] [navNode]: 未到目标点
1775392193.5762398 [navNode-2] 目标位置:(0.0, 0.0, 0.7)-[TakeOff]-[MCU:False]-[POS:False]
1775392193.5762911 [navNode-2] 当前位置:(0.0070456042885780334, 0.004325956106185913, 0.0011064723366871476)
1775392193.6754780 [navNode-2] [INFO] [1775392193.675148743] [navNode]: 状态2：Takeoff_wait--[TakeOff]
1775392193.6758902 [navNode-2] [INFO] [1775392193.675570945] [navNode]: 未到目标点
1775392193.6759920 [navNode-2] 目标位置:(0.0, 0.0, 0.7)-[TakeOff]-[MCU:False]-[POS:False]
1775392193.6760504 [navNode-2] 当前位置:(0.0070456042885780334, 0.004325956106185913, 0.0011064723366871476)
1775392193.7758522 [navNode-2] [INFO] [1775392193.775469408] [navNode]: 状态2：Takeoff_wait--[TakeOff]
1775392193.7762623 [navNode-2] [INFO] [1775392193.775925673] [navNode]: 未到目标点
1775392193.7763498 [navNode-2] 目标位置:(0.0, 0.0, 0.7)-[TakeOff]-[MCU:False]-[POS:False]
1775392193.7763894 [navNode-2] 当前位置:(0.0070456042885780334, 0.004325956106185913, 0.0011064723366871476)
1775392193.8753579 [navNode-2] [INFO] [1775392193.874999091] [navNode]: 状态2：Takeoff_wait--[TakeOff]
1775392193.8757052 [navNode-2] [INFO] [1775392193.875402531] [navNode]: 未到目标点
1775392193.8757875 [navNode-2] 目标位置:(0.0, 0.0, 0.7)-[TakeOff]-[MCU:False]-[POS:False]
1775392193.8758333 [navNode-2] 当前位置:(0.0070456042885780334, 0.004325956106185913, 0.0011064723366871476)
1775392193.9755886 [navNode-2] [INFO] [1775392193.975211470] [navNode]: 状态2：Takeoff_wait--[TakeOff]
1775392193.9759767 [navNode-2] [INFO] [1775392193.975617763] [navNode]: 未到目标点
1775392193.9760797 [navNode-2] 目标位置:(0.0, 0.0, 0.7)-[TakeOff]-[MCU:False]-[POS:False]
1775392193.9761267 [navNode-2] 当前位置:(0.0070456042885780334, 0.004325956106185913, 0.0011064723366871476)
1775392194.0764024 [navNode-2] [INFO] [1775392194.076086410] [navNode]: 状态2：Takeoff_wait--[TakeOff]
1775392194.0767434 [navNode-2] [INFO] [1775392194.076508522] [navNode]: 未到目标点
1775392194.0768287 [navNode-2] 目标位置:(0.0, 0.0, 0.7)-[TakeOff]-[MCU:False]-[POS:False]
1775392194.0769198 [navNode-2] 当前位置:(0.0070456042885780334, 0.004325956106185913, 0.0011064723366871476)
1775392194.1753192 [navNode-2] [INFO] [1775392194.175011176] [navNode]: 状态2：Takeoff_wait--[TakeOff]
1775392194.1757228 [navNode-2] [INFO] [1775392194.175626261] [navNode]: 未到目标点
1775392194.1758068 [navNode-2] 目标位置:(0.0, 0.0, 0.7)-[TakeOff]-[MCU:False]-[POS:False]
1775392194.1758430 [navNode-2] 当前位置:(0.0070456042885780334, 0.004325956106185913, 0.0011064723366871476)
1775392194.2763422 [navNode-2] [INFO] [1775392194.275920773] [navNode]: 状态2：Takeoff_wait--[TakeOff]
1775392194.2766612 [navNode-2] [INFO] [1775392194.276424865] [navNode]: 未到目标点
1775392194.2767165 [navNode-2] 目标位置:(0.0, 0.0, 0.7)-[TakeOff]-[MCU:False]-[POS:False]
1775392194.2767532 [navNode-2] 当前位置:(0.0070456042885780334, 0.004325956106185913, 0.0011064723366871476)
1775392194.3754370 [navNode-2] [INFO] [1775392194.375135961] [navNode]: 状态2：Takeoff_wait--[TakeOff]
1775392194.3758459 [navNode-2] [INFO] [1775392194.375725069] [navNode]: 未到目标点
1775392194.3759189 [navNode-2] 目标位置:(0.0, 0.0, 0.7)-[TakeOff]-[MCU:False]-[POS:False]
1775392194.3759546 [navNode-2] 当前位置:(0.0070456042885780334, 0.004325956106185913, 0.0011064723366871476)
1775392194.4765301 [navNode-2] [INFO] [1775392194.476020554] [navNode]: 状态2：Takeoff_wait--[TakeOff]
1775392194.4768980 [navNode-2] [INFO] [1775392194.476693388] [navNode]: 未到目标点
1775392194.4769533 [navNode-2] 目标位置:(0.0, 0.0, 0.7)-[TakeOff]-[MCU:False]-[POS:False]
1775392194.4769886 [navNode-2] 当前位置:(0.0070456042885780334, 0.004325956106185913, 0.0011064723366871476)
1775392194.5755992 [navNode-2] [INFO] [1775392194.575191525] [navNode]: 状态2：Takeoff_wait--[TakeOff]
1775392194.5760314 [navNode-2] [INFO] [1775392194.575697595] [navNode]: 未到目标点
1775392194.5760958 [navNode-2] 目标位置:(0.0, 0.0, 0.7)-[TakeOff]-[MCU:False]-[POS:False]
1775392194.5761335 [navNode-2] 当前位置:(0.0070456042885780334, 0.004325956106185913, 0.0011064723366871476)
1775392194.6757855 [navNode-2] [INFO] [1775392194.675381242] [navNode]: 状态2：Takeoff_wait--[TakeOff]
1775392194.6764982 [navNode-2] [INFO] [1775392194.675944262] [navNode]: 未到目标点
1775392194.6767192 [navNode-2] 目标位置:(0.0, 0.0, 0.7)-[TakeOff]-[MCU:False]-[POS:False]
1775392194.6768324 [navNode-2] 当前位置:(0.0070456042885780334, 0.004325956106185913, 0.0011064723366871476)
1775392194.7758324 [navNode-2] [INFO] [1775392194.775401795] [navNode]: 状态2：Takeoff_wait--[TakeOff]
1775392194.7763240 [navNode-2] [INFO] [1775392194.776221240] [navNode]: 未到目标点
1775392194.7764077 [navNode-2] 目标位置:(0.0, 0.0, 0.7)-[TakeOff]-[MCU:False]-[POS:False]
1775392194.7764504 [navNode-2] 当前位置:(0.0070456042885780334, 0.004325956106185913, 0.0011064723366871476)
1775392194.8758976 [navNode-2] [INFO] [1775392194.875272925] [navNode]: 状态2：Takeoff_wait--[TakeOff]
1775392194.8763647 [navNode-2] [INFO] [1775392194.875765547] [navNode]: 未到目标点
1775392194.8764732 [navNode-2] 目标位置:(0.0, 0.0, 0.7)-[TakeOff]-[MCU:False]-[POS:False]
1775392194.8765244 [navNode-2] 当前位置:(0.0070456042885780334, 0.004325956106185913, 0.0011064723366871476)
1775392194.9757671 [navNode-2] [INFO] [1775392194.975372832] [navNode]: 状态2：Takeoff_wait--[TakeOff]
1775392194.9762309 [navNode-2] [INFO] [1775392194.975856312] [navNode]: 未到目标点
1775392194.9763362 [navNode-2] 目标位置:(0.0, 0.0, 0.7)-[TakeOff]-[MCU:False]-[POS:False]
1775392194.9763844 [navNode-2] 当前位置:(0.0070456042885780334, 0.004325956106185913, 0.0011064723366871476)
1775392195.0754976 [navNode-2] [INFO] [1775392195.075055077] [navNode]: 状态2：Takeoff_wait--[TakeOff]
1775392195.0759029 [navNode-2] [INFO] [1775392195.075795660] [navNode]: 未到目标点
1775392195.0759628 [navNode-2] 目标位置:(0.0, 0.0, 0.7)-[TakeOff]-[MCU:False]-[POS:False]
1775392195.0759981 [navNode-2] 当前位置:(0.0070456042885780334, 0.004325956106185913, 0.0011064723366871476)
1775392195.1757178 [navNode-2] [INFO] [1775392195.175337460] [navNode]: 状态2：Takeoff_wait--[TakeOff]
1775392195.1761067 [navNode-2] [INFO] [1775392195.175950057] [navNode]: 未到目标点
1775392195.1762645 [navNode-2] 目标位置:(0.0, 0.0, 0.7)-[TakeOff]-[MCU:False]-[POS:False]
1775392195.1763418 [navNode-2] 当前位置:(0.0070456042885780334, 0.004325956106185913, 0.0011064723366871476)
1775392195.2759137 [navNode-2] [INFO] [1775392195.275512314] [navNode]: 状态2：Takeoff_wait--[TakeOff]
1775392195.2763484 [navNode-2] [INFO] [1775392195.275970166] [navNode]: 未到目标点
1775392195.2764633 [navNode-2] 目标位置:(0.0, 0.0, 0.7)-[TakeOff]-[MCU:False]-[POS:False]
1775392195.2765272 [navNode-2] 当前位置:(0.0070456042885780334, 0.004325956106185913, 0.0011064723366871476)
1775392195.3760343 [navNode-2] [INFO] [1775392195.375606251] [navNode]: 状态2：Takeoff_wait--[TakeOff]
1775392195.3764193 [navNode-2] [INFO] [1775392195.376137292] [navNode]: 未到目标点
1775392195.3765094 [navNode-2] 目标位置:(0.0, 0.0, 0.7)-[TakeOff]-[MCU:False]-[POS:False]
1775392195.3765571 [navNode-2] 当前位置:(0.0070456042885780334, 0.004325956106185913, 0.0011064723366871476)
1775392195.4757054 [navNode-2] [INFO] [1775392195.475293284] [navNode]: 状态2：Takeoff_wait--[TakeOff]
1775392195.4762120 [navNode-2] [INFO] [1775392195.475736332] [navNode]: 未到目标点
1775392195.4763203 [navNode-2] 目标位置:(0.0, 0.0, 0.7)-[TakeOff]-[MCU:False]-[POS:False]
1775392195.4763687 [navNode-2] 当前位置:(0.0070456042885780334, 0.004325956106185913, 0.0011064723366871476)
1775392195.5754569 [navNode-2] [INFO] [1775392195.575080986] [navNode]: 状态2：Takeoff_wait--[TakeOff]
1775392195.5758905 [navNode-2] [INFO] [1775392195.575725704] [navNode]: 未到目标点
1775392195.5764365 [navNode-2] 目标位置:(0.0, 0.0, 0.7)-[TakeOff]-[MCU:False]-[POS:False]
1775392195.5766206 [navNode-2] 当前位置:(0.0070456042885780334, 0.004325956106185913, 0.0011064723366871476)
1775392195.6756513 [navNode-2] [INFO] [1775392195.675324151] [navNode]: 状态2：Takeoff_wait--[TakeOff]
1775392195.6760373 [navNode-2] [INFO] [1775392195.675766840] [navNode]: 未到目标点
1775392195.6761539 [navNode-2] 目标位置:(0.0, 0.0, 0.7)-[TakeOff]-[MCU:False]-[POS:False]
1775392195.6762025 [navNode-2] 当前位置:(0.0070456042885780334, 0.004325956106185913, 0.0011064723366871476)
1775392195.7757041 [navNode-2] [INFO] [1775392195.775319830] [navNode]: 状态2：Takeoff_wait--[TakeOff]
1775392195.7760983 [navNode-2] [INFO] [1775392195.775976160] [navNode]: 未到目标点
1775392195.7762072 [navNode-2] 目标位置:(0.0, 0.0, 0.7)-[TakeOff]-[MCU:False]-[POS:False]
1775392195.7762566 [navNode-2] 当前位置:(0.0070456042885780334, 0.004325956106185913, 0.0011064723366871476)
1775392195.8768873 [navNode-2] [INFO] [1775392195.876339150] [navNode]: 状态2：Takeoff_wait--[TakeOff]
1775392195.8774893 [navNode-2] [INFO] [1775392195.877041197] [navNode]: 未到目标点
1775392195.8776414 [navNode-2] 目标位置:(0.0, 0.0, 0.7)-[TakeOff]-[MCU:False]-[POS:False]
1775392195.8777494 [navNode-2] 当前位置:(0.0070456042885780334, 0.004325956106185913, 0.0011064723366871476)
1775392195.9753346 [navNode-2] [INFO] [1775392195.974991185] [navNode]: 状态2：Takeoff_wait--[TakeOff]
1775392195.9757121 [navNode-2] [INFO] [1775392195.975449975] [navNode]: 未到目标点
1775392195.9758162 [navNode-2] 目标位置:(0.0, 0.0, 0.7)-[TakeOff]-[MCU:False]-[POS:False]
1775392195.9758716 [navNode-2] 当前位置:(0.0070456042885780334, 0.004325956106185913, 0.0011064723366871476)
1775392196.0757680 [navNode-2] [INFO] [1775392196.075258443] [navNode]: 状态2：Takeoff_wait--[TakeOff]
1775392196.0761821 [navNode-2] [INFO] [1775392196.075706002] [navNode]: 未到目标点
1775392196.0762873 [navNode-2] 目标位置:(0.0, 0.0, 0.7)-[TakeOff]-[MCU:False]-[POS:False]
1775392196.0763569 [navNode-2] 当前位置:(0.0070456042885780334, 0.004325956106185913, 0.0011064723366871476)
1775392196.1755042 [navNode-2] [INFO] [1775392196.175091979] [navNode]: 状态2：Takeoff_wait--[TakeOff]
1775392196.1758640 [navNode-2] [INFO] [1775392196.175562643] [navNode]: 未到目标点
1775392196.1759524 [navNode-2] 目标位置:(0.0, 0.0, 0.7)-[TakeOff]-[MCU:False]-[POS:False]
1775392196.1760054 [navNode-2] 当前位置:(0.0070456042885780334, 0.004325956106185913, 0.0011064723366871476)
1775392196.2755747 [navNode-2] [INFO] [1775392196.275209451] [navNode]: 状态2：Takeoff_wait--[TakeOff]
1775392196.2759571 [navNode-2] [INFO] [1775392196.275608205] [navNode]: 未到目标点
1775392196.2760484 [navNode-2] 目标位置:(0.0, 0.0, 0.7)-[TakeOff]-[MCU:False]-[POS:False]
1775392196.2760859 [navNode-2] 当前位置:(0.0070456042885780334, 0.004325956106185913, 0.0011064723366871476)
1775392196.3752708 [navNode-2] [INFO] [1775392196.374968922] [navNode]: 状态2：Takeoff_wait--[TakeOff]
1775392196.3756275 [navNode-2] [INFO] [1775392196.375392447] [navNode]: 未到目标点
1775392196.3757102 [navNode-2] 目标位置:(0.0, 0.0, 0.7)-[TakeOff]-[MCU:False]-[POS:False]
1775392196.3757744 [navNode-2] 当前位置:(0.0070456042885780334, 0.004325956106185913, 0.0011064723366871476)
1775392196.4754803 [navNode-2] [INFO] [1775392196.475101394] [navNode]: 状态2：Takeoff_wait--[TakeOff]
1775392196.4758503 [navNode-2] [INFO] [1775392196.475493989] [navNode]: 未到目标点
1775392196.4759810 [navNode-2] 目标位置:(0.0, 0.0, 0.7)-[TakeOff]-[MCU:False]-[POS:False]
1775392196.4760563 [navNode-2] 当前位置:(0.0070456042885780334, 0.004325956106185913, 0.0011064723366871476)
1775392196.5756426 [navNode-2] [INFO] [1775392196.575310604] [navNode]: 状态2：Takeoff_wait--[TakeOff]
1775392196.5760591 [navNode-2] [INFO] [1775392196.575777748] [navNode]: 未到目标点
1775392196.5761631 [navNode-2] 目标位置:(0.0, 0.0, 0.7)-[TakeOff]-[MCU:False]-[POS:False]
1775392196.5762517 [navNode-2] 当前位置:(0.0070456042885780334, 0.004325956106185913, 0.0011064723366871476)
1775392196.6754436 [navNode-2] [INFO] [1775392196.675127332] [navNode]: 状态2：Takeoff_wait--[TakeOff]
1775392196.6758378 [navNode-2] [INFO] [1775392196.675566819] [navNode]: 未到目标点
1775392196.6759624 [navNode-2] 目标位置:(0.0, 0.0, 0.7)-[TakeOff]-[MCU:False]-[POS:False]
1775392196.6760268 [navNode-2] 当前位置:(0.0070456042885780334, 0.004325956106185913, 0.0011064723366871476)
1775392196.7754567 [navNode-2] [INFO] [1775392196.775087710] [navNode]: 状态2：Takeoff_wait--[TakeOff]
1775392196.7758589 [navNode-2] [INFO] [1775392196.775559026] [navNode]: 未到目标点
1775392196.7759669 [navNode-2] 目标位置:(0.0, 0.0, 0.7)-[TakeOff]-[MCU:False]-[POS:False]
1775392196.7760100 [navNode-2] 当前位置:(0.0070456042885780334, 0.004325956106185913, 0.0011064723366871476)
1775392196.8768644 [navNode-2] [INFO] [1775392196.876302774] [navNode]: 状态2：Takeoff_wait--[TakeOff]
1775392196.8773561 [navNode-2] [INFO] [1775392196.877016444] [navNode]: 未到目标点
1775392196.8774624 [navNode-2] 目标位置:(0.0, 0.0, 0.7)-[TakeOff]-[MCU:False]-[POS:False]
1775392196.8775184 [navNode-2] 当前位置:(0.0070456042885780334, 0.004325956106185913, 0.0011064723366871476)
1775392196.9753683 [navNode-2] [INFO] [1775392196.975006639] [navNode]: 状态2：Takeoff_wait--[TakeOff]
1775392196.9757113 [navNode-2] [INFO] [1775392196.975393725] [navNode]: 未到目标点
1775392196.9758408 [navNode-2] 目标位置:(0.0, 0.0, 0.7)-[TakeOff]-[MCU:False]-[POS:False]
1775392196.9759200 [navNode-2] 当前位置:(0.0070456042885780334, 0.004325956106185913, 0.0011064723366871476)
1775392197.0756872 [navNode-2] [INFO] [1775392197.075303339] [navNode]: 状态2：Takeoff_wait--[TakeOff]
1775392197.0760844 [navNode-2] [INFO] [1775392197.075725620] [navNode]: 未到目标点
1775392197.0762022 [navNode-2] 目标位置:(0.0, 0.0, 0.7)-[TakeOff]-[MCU:False]-[POS:False]
1775392197.0762639 [navNode-2] 当前位置:(0.0070456042885780334, 0.004325956106185913, 0.0011064723366871476)
1775392197.1752801 [navNode-2] [INFO] [1775392197.174928248] [navNode]: 状态2：Takeoff_wait--[TakeOff]
1775392197.1756814 [navNode-2] [INFO] [1775392197.175422479] [navNode]: 未到目标点
1775392197.1757770 [navNode-2] 目标位置:(0.0, 0.0, 0.7)-[TakeOff]-[MCU:False]-[POS:False]
1775392197.1758485 [navNode-2] 当前位置:(0.0070456042885780334, 0.004325956106185913, 0.0011064723366871476)
1775392197.2759614 [navNode-2] [INFO] [1775392197.275565558] [navNode]: 状态2：Takeoff_wait--[TakeOff]
1775392197.2763748 [navNode-2] [INFO] [1775392197.276036173] [navNode]: 未到目标点
1775392197.2764692 [navNode-2] 目标位置:(0.0, 0.0, 0.7)-[TakeOff]-[MCU:False]-[POS:False]
1775392197.2765131 [navNode-2] 当前位置:(0.0070456042885780334, 0.004325956106185913, 0.0011064723366871476)
1775392197.3757794 [navNode-2] [INFO] [1775392197.375460727] [navNode]: 状态2：Takeoff_wait--[TakeOff]
1775392197.3761697 [navNode-2] [INFO] [1775392197.375892540] [navNode]: 未到目标点
1775392197.3762603 [navNode-2] 目标位置:(0.0, 0.0, 0.7)-[TakeOff]-[MCU:False]-[POS:False]
1775392197.3763058 [navNode-2] 当前位置:(0.0070456042885780334, 0.004325956106185913, 0.0011064723366871476)
1775392197.4758699 [navNode-2] [INFO] [1775392197.475328059] [navNode]: 状态2：Takeoff_wait--[TakeOff]
1775392197.4764435 [navNode-2] [INFO] [1775392197.475724627] [navNode]: 未到目标点
1775392197.4765363 [navNode-2] 目标位置:(0.0, 0.0, 0.7)-[TakeOff]-[MCU:False]-[POS:False]
1775392197.4765742 [navNode-2] 当前位置:(0.0070456042885780334, 0.004325956106185913, 0.0011064723366871476)
1775392197.5754039 [navNode-2] [INFO] [1775392197.575066814] [navNode]: 状态2：Takeoff_wait--[TakeOff]
1775392197.5757952 [navNode-2] [INFO] [1775392197.575474452] [navNode]: 未到目标点
1775392197.5758910 [navNode-2] 目标位置:(0.0, 0.0, 0.7)-[TakeOff]-[MCU:False]-[POS:False]
1775392197.5759690 [navNode-2] 当前位置:(0.0070456042885780334, 0.004325956106185913, 0.0011064723366871476)
1775392197.6762915 [navNode-2] [INFO] [1775392197.675939584] [navNode]: 状态2：Takeoff_wait--[TakeOff]
1775392197.6766706 [navNode-2] [INFO] [1775392197.676496257] [navNode]: 未到目标点
1775392197.6767433 [navNode-2] 目标位置:(0.0, 0.0, 0.7)-[TakeOff]-[MCU:False]-[POS:False]
1775392197.6768062 [navNode-2] 当前位置:(0.0070456042885780334, 0.004325956106185913, 0.0011064723366871476)
1775392197.7756474 [navNode-2] [INFO] [1775392197.775266625] [navNode]: 状态2：Takeoff_wait--[TakeOff]
1775392197.7760420 [navNode-2] [INFO] [1775392197.775814470] [navNode]: 未到目标点
1775392197.7761121 [navNode-2] 目标位置:(0.0, 0.0, 0.7)-[TakeOff]-[MCU:False]-[POS:False]
1775392197.7761562 [navNode-2] 当前位置:(0.0070456042885780334, 0.004325956106185913, 0.0011064723366871476)
1775392197.8756559 [navNode-2] [INFO] [1775392197.875268677] [navNode]: 状态2：Takeoff_wait--[TakeOff]
1775392197.8760622 [navNode-2] [INFO] [1775392197.875762931] [navNode]: 未到目标点
1775392197.8761892 [navNode-2] 目标位置:(0.0, 0.0, 0.7)-[TakeOff]-[MCU:False]-[POS:False]
1775392197.8762345 [navNode-2] 当前位置:(0.0070456042885780334, 0.004325956106185913, 0.0011064723366871476)
1775392197.9759133 [navNode-2] [INFO] [1775392197.975483808] [navNode]: 状态2：Takeoff_wait--[TakeOff]
1775392197.9763629 [navNode-2] [INFO] [1775392197.976052194] [navNode]: 未到目标点
1775392197.9765081 [navNode-2] 目标位置:(0.0, 0.0, 0.7)-[TakeOff]-[MCU:False]-[POS:False]
1775392197.9765763 [navNode-2] 当前位置:(0.0070456042885780334, 0.004325956106185913, 0.0011064723366871476)
1775392198.0757973 [navNode-2] [INFO] [1775392198.075476825] [navNode]: 状态2：Takeoff_wait--[TakeOff]
1775392198.0761528 [navNode-2] [INFO] [1775392198.075915088] [navNode]: 未到目标点
1775392198.0762506 [navNode-2] 目标位置:(0.0, 0.0, 0.7)-[TakeOff]-[MCU:False]-[POS:False]
1775392198.0763028 [navNode-2] 当前位置:(0.0070456042885780334, 0.004325956106185913, 0.0011064723366871476)
1775392198.1754940 [navNode-2] [INFO] [1775392198.175128231] [navNode]: 状态2：Takeoff_wait--[TakeOff]
1775392198.1758633 [navNode-2] [INFO] [1775392198.175579373] [navNode]: 未到目标点
1775392198.1759737 [navNode-2] 目标位置:(0.0, 0.0, 0.7)-[TakeOff]-[MCU:False]-[POS:False]
1775392198.1760206 [navNode-2] 当前位置:(0.0070456042885780334, 0.004325956106185913, 0.0011064723366871476)
1775392198.2756231 [navNode-2] [INFO] [1775392198.275238763] [navNode]: 状态2：Takeoff_wait--[TakeOff]
1775392198.2759981 [navNode-2] [INFO] [1775392198.275631253] [navNode]: 未到目标点
1775392198.2760792 [navNode-2] 目标位置:(0.0, 0.0, 0.7)-[TakeOff]-[MCU:False]-[POS:False]
1775392198.2761219 [navNode-2] 当前位置:(0.0070456042885780334, 0.004325956106185913, 0.0011064723366871476)
1775392198.3766272 [navNode-2] [INFO] [1775392198.376251245] [navNode]: 状态2：Takeoff_wait--[TakeOff]
1775392198.3770032 [navNode-2] [INFO] [1775392198.376662945] [navNode]: 未到目标点
1775392198.3771126 [navNode-2] 目标位置:(0.0, 0.0, 0.7)-[TakeOff]-[MCU:False]-[POS:False]
1775392198.3771591 [navNode-2] 当前位置:(0.0070456042885780334, 0.004325956106185913, 0.0011064723366871476)
1775392198.4761384 [navNode-2] [INFO] [1775392198.475653961] [navNode]: 状态2：Takeoff_wait--[TakeOff]
1775392198.4765799 [navNode-2] [INFO] [1775392198.476184265] [navNode]: 未到目标点
1775392198.4766691 [navNode-2] 目标位置:(0.0, 0.0, 0.7)-[TakeOff]-[MCU:False]-[POS:False]
1775392198.4767361 [navNode-2] 当前位置:(0.0070456042885780334, 0.004325956106185913, 0.0011064723366871476)
1775392198.5766170 [navNode-2] [INFO] [1775392198.576038417] [navNode]: 状态2：Takeoff_wait--[TakeOff]
1775392198.5771308 [navNode-2] [INFO] [1775392198.576696041] [navNode]: 未到目标点
1775392198.5772798 [navNode-2] 目标位置:(0.0, 0.0, 0.7)-[TakeOff]-[MCU:False]-[POS:False]
1775392198.5773668 [navNode-2] 当前位置:(0.0070456042885780334, 0.004325956106185913, 0.0011064723366871476)
1775392198.6755643 [navNode-2] [INFO] [1775392198.675239556] [navNode]: 状态2：Takeoff_wait--[TakeOff]
1775392198.6761107 [navNode-2] [INFO] [1775392198.675708562] [navNode]: 未到目标点
1775392198.6762025 [navNode-2] 目标位置:(0.0, 0.0, 0.7)-[TakeOff]-[MCU:False]-[POS:False]
1775392198.6762490 [navNode-2] 当前位置:(0.0070456042885780334, 0.004325956106185913, 0.0011064723366871476)
1775392198.7761784 [navNode-2] [INFO] [1775392198.775693771] [navNode]: 状态2：Takeoff_wait--[TakeOff]
1775392198.7766049 [navNode-2] [INFO] [1775392198.776282171] [navNode]: 未到目标点
1775392198.7767291 [navNode-2] 目标位置:(0.0, 0.0, 0.7)-[TakeOff]-[MCU:False]-[POS:False]
1775392198.7767868 [navNode-2] 当前位置:(0.0070456042885780334, 0.004325956106185913, 0.0011064723366871476)
1775392198.8759375 [navNode-2] [INFO] [1775392198.875627914] [navNode]: 状态2：Takeoff_wait--[TakeOff]
1775392198.8762636 [navNode-2] [INFO] [1775392198.876053081] [navNode]: 未到目标点
1775392198.8763440 [navNode-2] 目标位置:(0.0, 0.0, 0.7)-[TakeOff]-[MCU:False]-[POS:False]
1775392198.8763950 [navNode-2] 当前位置:(0.0070456042885780334, 0.004325956106185913, 0.0011064723366871476)
1775392198.9756966 [navNode-2] [INFO] [1775392198.975382417] [navNode]: 状态2：Takeoff_wait--[TakeOff]
1775392198.9761086 [navNode-2] [INFO] [1775392198.975834230] [navNode]: 未到目标点
1775392198.9762003 [navNode-2] 目标位置:(0.0, 0.0, 0.7)-[TakeOff]-[MCU:False]-[POS:False]
1775392198.9762652 [navNode-2] 当前位置:(0.0070456042885780334, 0.004325956106185913, 0.0011064723366871476)
1775392199.0757985 [navNode-2] [INFO] [1775392199.075403952] [navNode]: 状态2：Takeoff_wait--[TakeOff]
1775392199.0762079 [navNode-2] [INFO] [1775392199.075821392] [navNode]: 未到目标点
1775392199.0762913 [navNode-2] 目标位置:(0.0, 0.0, 0.7)-[TakeOff]-[MCU:False]-[POS:False]
1775392199.0763357 [navNode-2] 当前位置:(0.0070456042885780334, 0.004325956106185913, 0.0011064723366871476)
1775392199.1758451 [navNode-2] [INFO] [1775392199.175446700] [navNode]: 状态2：Takeoff_wait--[TakeOff]
1775392199.1763890 [navNode-2] [INFO] [1775392199.176119610] [navNode]: 未到目标点
1775392199.1764829 [navNode-2] 目标位置:(0.0, 0.0, 0.7)-[TakeOff]-[MCU:False]-[POS:False]
1775392199.1765234 [navNode-2] 当前位置:(0.0070456042885780334, 0.004325956106185913, 0.0011064723366871476)
1775392199.2756865 [navNode-2] [INFO] [1775392199.275292761] [navNode]: 状态2：Takeoff_wait--[TakeOff]
1775392199.2761073 [navNode-2] [INFO] [1775392199.275699722] [navNode]: 未到目标点
1775392199.2762067 [navNode-2] 目标位置:(0.0, 0.0, 0.7)-[TakeOff]-[MCU:False]-[POS:False]
1775392199.2762682 [navNode-2] 当前位置:(0.0070456042885780334, 0.004325956106185913, 0.0011064723366871476)
1775392199.3762050 [navNode-2] [INFO] [1775392199.375880863] [navNode]: 状态2：Takeoff_wait--[TakeOff]
1775392199.3765917 [navNode-2] [INFO] [1775392199.376282295] [navNode]: 未到目标点
1775392199.3766909 [navNode-2] 目标位置:(0.0, 0.0, 0.7)-[TakeOff]-[MCU:False]-[POS:False]
1775392199.3767364 [navNode-2] 当前位置:(0.0070456042885780334, 0.004325956106185913, 0.0011064723366871476)
1775392199.4758201 [navNode-2] [INFO] [1775392199.475395113] [navNode]: 状态2：Takeoff_wait--[TakeOff]
1775392199.4762411 [navNode-2] [INFO] [1775392199.475826909] [navNode]: 未到目标点
1775392199.4763319 [navNode-2] 目标位置:(0.0, 0.0, 0.7)-[TakeOff]-[MCU:False]-[POS:False]
1775392199.4763787 [navNode-2] 当前位置:(0.0070456042885780334, 0.004325956106185913, 0.0011064723366871476)
1775392199.5756450 [navNode-2] [INFO] [1775392199.575337460] [navNode]: 状态2：Takeoff_wait--[TakeOff]
1775392199.5760512 [navNode-2] [INFO] [1775392199.575732521] [navNode]: 未到目标点
1775392199.5761607 [navNode-2] 目标位置:(0.0, 0.0, 0.7)-[TakeOff]-[MCU:False]-[POS:False]
1775392199.5762138 [navNode-2] 当前位置:(0.0070456042885780334, 0.004325956106185913, 0.0011064723366871476)
1775392199.6757700 [navNode-2] [INFO] [1775392199.675347828] [navNode]: 状态2：Takeoff_wait--[TakeOff]
1775392199.6761668 [navNode-2] [INFO] [1775392199.676011266] [navNode]: 未到目标点
1775392199.6762655 [navNode-2] 目标位置:(0.0, 0.0, 0.7)-[TakeOff]-[MCU:False]-[POS:False]
1775392199.6763289 [navNode-2] 当前位置:(0.0070456042885780334, 0.004325956106185913, 0.0011064723366871476)
1775392199.7757871 [navNode-2] [INFO] [1775392199.775389548] [navNode]: 状态2：Takeoff_wait--[TakeOff]
1775392199.7761879 [navNode-2] [INFO] [1775392199.775825859] [navNode]: 未到目标点
1775392199.7762864 [navNode-2] 目标位置:(0.0, 0.0, 0.7)-[TakeOff]-[MCU:False]-[POS:False]
1775392199.7763302 [navNode-2] 当前位置:(0.0070456042885780334, 0.004325956106185913, 0.0011064723366871476)
1775392199.8754177 [navNode-2] [INFO] [1775392199.875107885] [navNode]: 状态2：Takeoff_wait--[TakeOff]
1775392199.8757365 [navNode-2] [INFO] [1775392199.875510272] [navNode]: 未到目标点
1775392199.8758435 [navNode-2] 目标位置:(0.0, 0.0, 0.7)-[TakeOff]-[MCU:False]-[POS:False]
1775392199.8758907 [navNode-2] 当前位置:(0.0070456042885780334, 0.004325956106185913, 0.0011064723366871476)
1775392199.9757783 [navNode-2] [INFO] [1775392199.975371069] [navNode]: 状态2：Takeoff_wait--[TakeOff]
1775392199.9762607 [navNode-2] [INFO] [1775392199.975803715] [navNode]: 未到目标点
1775392199.9763434 [navNode-2] 目标位置:(0.0, 0.0, 0.7)-[TakeOff]-[MCU:False]-[POS:False]
1775392199.9763820 [navNode-2] 当前位置:(0.0070456042885780334, 0.004325956106185913, 0.0011064723366871476)
1775392200.0756340 [navNode-2] [INFO] [1775392200.075295820] [navNode]: 状态2：Takeoff_wait--[TakeOff]
1775392200.0759947 [navNode-2] [INFO] [1775392200.075724302] [navNode]: 未到目标点
1775392200.0761199 [navNode-2] 目标位置:(0.0, 0.0, 0.7)-[TakeOff]-[MCU:False]-[POS:False]
1775392200.0761795 [navNode-2] 当前位置:(0.0070456042885780334, 0.004325956106185913, 0.0011064723366871476)
1775392200.1763532 [navNode-2] [INFO] [1775392200.175997032] [navNode]: 状态2：Takeoff_wait--[TakeOff]
1775392200.1768196 [navNode-2] [INFO] [1775392200.176513038] [navNode]: 未到目标点
1775392200.1769128 [navNode-2] 目标位置:(0.0, 0.0, 0.7)-[TakeOff]-[MCU:False]-[POS:False]
1775392200.1769607 [navNode-2] 当前位置:(0.0070456042885780334, 0.004325956106185913, 0.0011064723366871476)
1775392200.2755527 [navNode-2] [INFO] [1775392200.275159624] [navNode]: 状态2：Takeoff_wait--[TakeOff]
1775392200.2759340 [navNode-2] [INFO] [1775392200.275616933] [navNode]: 未到目标点
1775392200.2760394 [navNode-2] 目标位置:(0.0, 0.0, 0.7)-[TakeOff]-[MCU:False]-[POS:False]
1775392200.2760961 [navNode-2] 当前位置:(0.0070456042885780334, 0.004325956106185913, 0.0011064723366871476)
1775392200.3758709 [navNode-2] [INFO] [1775392200.375490725] [navNode]: 状态2：Takeoff_wait--[TakeOff]
1775392200.3762617 [navNode-2] [INFO] [1775392200.375901972] [navNode]: 未到目标点
1775392200.3763330 [navNode-2] 目标位置:(0.0, 0.0, 0.7)-[TakeOff]-[MCU:False]-[POS:False]
1775392200.3763702 [navNode-2] 当前位置:(0.0070456042885780334, 0.004325956106185913, 0.0011064723366871476)
1775392200.4758563 [navNode-2] [INFO] [1775392200.475503236] [navNode]: 状态2：Takeoff_wait--[TakeOff]
1775392200.4762559 [navNode-2] [INFO] [1775392200.475950307] [navNode]: 未到目标点
1775392200.4763288 [navNode-2] 目标位置:(0.0, 0.0, 0.7)-[TakeOff]-[MCU:False]-[POS:False]
1775392200.4763699 [navNode-2] 当前位置:(0.0070456042885780334, 0.004325956106185913, 0.0011064723366871476)
1775392200.5756595 [navNode-2] [INFO] [1775392200.575321789] [navNode]: 状态2：Takeoff_wait--[TakeOff]
1775392200.5760765 [navNode-2] [INFO] [1775392200.575750704] [navNode]: 未到目标点
1775392200.5762823 [navNode-2] 目标位置:(0.0, 0.0, 0.7)-[TakeOff]-[MCU:False]-[POS:False]
1775392200.5763519 [navNode-2] 当前位置:(0.0070456042885780334, 0.004325956106185913, 0.0011064723366871476)
1775392200.6764324 [navNode-2] [INFO] [1775392200.675974870] [navNode]: 状态2：Takeoff_wait--[TakeOff]
1775392200.6767521 [navNode-2] [INFO] [1775392200.676455554] [navNode]: 未到目标点
1775392200.6768413 [navNode-2] 目标位置:(0.0, 0.0, 0.7)-[TakeOff]-[MCU:False]-[POS:False]
1775392200.6768823 [navNode-2] 当前位置:(0.0070456042885780334, 0.004325956106185913, 0.0011064723366871476)
1775392200.7759542 [navNode-2] [INFO] [1775392200.775549939] [navNode]: 状态2：Takeoff_wait--[TakeOff]
1775392200.7763317 [navNode-2] [INFO] [1775392200.775992699] [navNode]: 未到目标点
1775392200.7764401 [navNode-2] 目标位置:(0.0, 0.0, 0.7)-[TakeOff]-[MCU:False]-[POS:False]
1775392200.7765028 [navNode-2] 当前位置:(0.0070456042885780334, 0.004325956106185913, 0.0011064723366871476)
1775392200.8760436 [navNode-2] [INFO] [1775392200.875701590] [navNode]: 状态2：Takeoff_wait--[TakeOff]
1775392200.8764501 [navNode-2] [INFO] [1775392200.876137433] [navNode]: 未到目标点
1775392200.8765759 [navNode-2] 目标位置:(0.0, 0.0, 0.7)-[TakeOff]-[MCU:False]-[POS:False]
1775392200.8766332 [navNode-2] 当前位置:(0.0070456042885780334, 0.004325956106185913, 0.0011064723366871476)
1775392200.9759235 [navNode-2] [INFO] [1775392200.975457759] [navNode]: 状态2：Takeoff_wait--[TakeOff]
1775392200.9763532 [navNode-2] [INFO] [1775392200.975953378] [navNode]: 未到目标点
1775392200.9764555 [navNode-2] 目标位置:(0.0, 0.0, 0.7)-[TakeOff]-[MCU:False]-[POS:False]
1775392200.9765036 [navNode-2] 当前位置:(0.0070456042885780334, 0.004325956106185913, 0.0011064723366871476)
1775392201.0759430 [navNode-2] [INFO] [1775392201.075620145] [navNode]: 状态2：Takeoff_wait--[TakeOff]
1775392201.0763271 [navNode-2] [INFO] [1775392201.076054815] [navNode]: 未到目标点
1775392201.0764189 [navNode-2] 目标位置:(0.0, 0.0, 0.7)-[TakeOff]-[MCU:False]-[POS:False]
1775392201.0764654 [navNode-2] 当前位置:(0.0070456042885780334, 0.004325956106185913, 0.0011064723366871476)
1775392201.1763406 [navNode-2] [INFO] [1775392201.175937675] [navNode]: 状态2：Takeoff_wait--[TakeOff]
1775392201.1767573 [navNode-2] [INFO] [1775392201.176413726] [navNode]: 未到目标点
1775392201.1768799 [navNode-2] 目标位置:(0.0, 0.0, 0.7)-[TakeOff]-[MCU:False]-[POS:False]
1775392201.1769397 [navNode-2] 当前位置:(0.0070456042885780334, 0.004325956106185913, 0.0011064723366871476)
1775392201.2757547 [navNode-2] [INFO] [1775392201.275357529] [navNode]: 状态2：Takeoff_wait--[TakeOff]
1775392201.2761614 [navNode-2] [INFO] [1775392201.275798157] [navNode]: 未到目标点
1775392201.2762361 [navNode-2] 目标位置:(0.0, 0.0, 0.7)-[TakeOff]-[MCU:False]-[POS:False]
1775392201.2762885 [navNode-2] 当前位置:(0.0070456042885780334, 0.004325956106185913, 0.0011064723366871476)
1775392201.3764224 [navNode-2] [INFO] [1775392201.376060808] [navNode]: 状态2：Takeoff_wait--[TakeOff]
1775392201.3768613 [navNode-2] [INFO] [1775392201.376532052] [navNode]: 未到目标点
1775392201.3769782 [navNode-2] 目标位置:(0.0, 0.0, 0.7)-[TakeOff]-[MCU:False]-[POS:False]
1775392201.3770425 [navNode-2] 当前位置:(0.0070456042885780334, 0.004325956106185913, 0.0011064723366871476)
1775392201.4758105 [navNode-2] [INFO] [1775392201.475376898] [navNode]: 状态2：Takeoff_wait--[TakeOff]
1775392201.4762819 [navNode-2] [INFO] [1775392201.475849002] [navNode]: 未到目标点
1775392201.4763842 [navNode-2] 目标位置:(0.0, 0.0, 0.7)-[TakeOff]-[MCU:False]-[POS:False]
1775392201.4764493 [navNode-2] 当前位置:(0.0070456042885780334, 0.004325956106185913, 0.0011064723366871476)
1775392201.5766156 [navNode-2] [INFO] [1775392201.576147454] [navNode]: 状态2：Takeoff_wait--[TakeOff]
1775392201.5769966 [navNode-2] [INFO] [1775392201.576717637] [navNode]: 未到目标点
1775392201.5770814 [navNode-2] 目标位置:(0.0, 0.0, 0.7)-[TakeOff]-[MCU:False]-[POS:False]
1775392201.5771508 [navNode-2] 当前位置:(0.0070456042885780334, 0.004325956106185913, 0.0011064723366871476)
1775392201.6757169 [navNode-2] [INFO] [1775392201.675305248] [navNode]: 状态2：Takeoff_wait--[TakeOff]
1775392201.6761608 [navNode-2] [INFO] [1775392201.675767844] [navNode]: 未到目标点
1775392201.6762545 [navNode-2] 目标位置:(0.0, 0.0, 0.7)-[TakeOff]-[MCU:False]-[POS:False]
1775392201.6763206 [navNode-2] 当前位置:(0.0070456042885780334, 0.004325956106185913, 0.0011064723366871476)
1775392201.7754190 [navNode-2] [INFO] [1775392201.775036776] [navNode]: 状态2：Takeoff_wait--[TakeOff]
1775392201.7758074 [navNode-2] [INFO] [1775392201.775444041] [navNode]: 未到目标点
1775392201.7759030 [navNode-2] 目标位置:(0.0, 0.0, 0.7)-[TakeOff]-[MCU:False]-[POS:False]
1775392201.7759562 [navNode-2] 当前位置:(0.0070456042885780334, 0.004325956106185913, 0.0011064723366871476)
1775392201.8769968 [navNode-2] [INFO] [1775392201.876628516] [navNode]: 状态2：Takeoff_wait--[TakeOff]
1775392201.8773744 [navNode-2] [INFO] [1775392201.877017120] [navNode]: 未到目标点
1775392201.8774619 [navNode-2] 目标位置:(0.0, 0.0, 0.7)-[TakeOff]-[MCU:False]-[POS:False]
1775392201.8775220 [navNode-2] 当前位置:(0.0070456042885780334, 0.004325956106185913, 0.0011064723366871476)
1775392201.9752398 [navNode-2] [INFO] [1775392201.974955377] [navNode]: 状态2：Takeoff_wait--[TakeOff]
1775392201.9761376 [navNode-2] [INFO] [1775392201.975952770] [navNode]: 未到目标点
1775392201.9762573 [navNode-2] 目标位置:(0.0, 0.0, 0.7)-[TakeOff]-[MCU:False]-[POS:False]
1775392201.9762990 [navNode-2] 当前位置:(0.0070456042885780334, 0.004325956106185913, 0.0011064723366871476)
1775392202.0758476 [navNode-2] [INFO] [1775392202.075323821] [navNode]: 状态2：Takeoff_wait--[TakeOff]
1775392202.0763988 [navNode-2] [INFO] [1775392202.075734517] [navNode]: 未到目标点
1775392202.0765114 [navNode-2] 目标位置:(0.0, 0.0, 0.7)-[TakeOff]-[MCU:False]-[POS:False]
1775392202.0765593 [navNode-2] 当前位置:(0.0070456042885780334, 0.004325956106185913, 0.0011064723366871476)
1775392202.1773958 [navNode-2] [INFO] [1775392202.176982709] [navNode]: 状态2：Takeoff_wait--[TakeOff]
1775392202.1779547 [navNode-2] [INFO] [1775392202.177833407] [navNode]: 未到目标点
1775392202.1780789 [navNode-2] 目标位置:(0.0, 0.0, 0.7)-[TakeOff]-[MCU:False]-[POS:False]
1775392202.1781285 [navNode-2] 当前位置:(0.0070456042885780334, 0.004325956106185913, 0.0011064723366871476)
1775392202.2755225 [navNode-2] [INFO] [1775392202.275150734] [navNode]: 状态2：Takeoff_wait--[TakeOff]
1775392202.2759085 [navNode-2] [INFO] [1775392202.275598387] [navNode]: 未到目标点
1775392202.2760170 [navNode-2] 目标位置:(0.0, 0.0, 0.7)-[TakeOff]-[MCU:False]-[POS:False]
1775392202.2760944 [navNode-2] 当前位置:(0.0070456042885780334, 0.004325956106185913, 0.0011064723366871476)
1775392202.3759878 [navNode-2] [INFO] [1775392202.375654340] [navNode]: 状态2：Takeoff_wait--[TakeOff]
1775392202.3764472 [navNode-2] [INFO] [1775392202.376234447] [navNode]: 未到目标点
1775392202.3765748 [navNode-2] 目标位置:(0.0, 0.0, 0.7)-[TakeOff]-[MCU:False]-[POS:False]
1775392202.3766322 [navNode-2] 当前位置:(0.0070456042885780334, 0.004325956106185913, 0.0011064723366871476)
1775392202.4755888 [navNode-2] [INFO] [1775392202.475157350] [navNode]: 状态2：Takeoff_wait--[TakeOff]
1775392202.4760528 [navNode-2] [INFO] [1775392202.475671220] [navNode]: 未到目标点
1775392202.4761796 [navNode-2] 目标位置:(0.0, 0.0, 0.7)-[TakeOff]-[MCU:False]-[POS:False]
1775392202.4762545 [navNode-2] 当前位置:(0.0070456042885780334, 0.004325956106185913, 0.0011064723366871476)
1775392202.5760715 [navNode-2] [INFO] [1775392202.575681178] [navNode]: 状态2：Takeoff_wait--[TakeOff]
1775392202.5764718 [navNode-2] [INFO] [1775392202.576121503] [navNode]: 未到目标点
1775392202.5765738 [navNode-2] 目标位置:(0.0, 0.0, 0.7)-[TakeOff]-[MCU:False]-[POS:False]
1775392202.5766160 [navNode-2] 当前位置:(0.0070456042885780334, 0.004325956106185913, 0.0011064723366871476)
1775392202.6754317 [navNode-2] [INFO] [1775392202.675095923] [navNode]: 状态2：Takeoff_wait--[TakeOff]
1775392202.6758933 [navNode-2] [INFO] [1775392202.675592634] [navNode]: 未到目标点
1775392202.6759734 [navNode-2] 目标位置:(0.0, 0.0, 0.7)-[TakeOff]-[MCU:False]-[POS:False]
1775392202.6760175 [navNode-2] 当前位置:(0.0070456042885780334, 0.004325956106185913, 0.0011064723366871476)
1775392202.7759521 [navNode-2] [INFO] [1775392202.775570015] [navNode]: 状态2：Takeoff_wait--[TakeOff]
1775392202.7763028 [navNode-2] [INFO] [1775392202.775993003] [navNode]: 未到目标点
1775392202.7764060 [navNode-2] 目标位置:(0.0, 0.0, 0.7)-[TakeOff]-[MCU:False]-[POS:False]
1775392202.7764549 [navNode-2] 当前位置:(0.0070456042885780334, 0.004325956106185913, 0.0011064723366871476)
1775392202.8757675 [navNode-2] [INFO] [1775392202.875412501] [navNode]: 状态2：Takeoff_wait--[TakeOff]
1775392202.8761959 [navNode-2] [INFO] [1775392202.875912020] [navNode]: 未到目标点
1775392202.8762708 [navNode-2] 目标位置:(0.0, 0.0, 0.7)-[TakeOff]-[MCU:False]-[POS:False]
1775392202.8763111 [navNode-2] 当前位置:(0.0070456042885780334, 0.004325956106185913, 0.0011064723366871476)
1775392202.9756880 [navNode-2] [INFO] [1775392202.975299235] [navNode]: 状态2：Takeoff_wait--[TakeOff]
1775392202.9761169 [navNode-2] [INFO] [1775392202.975743969] [navNode]: 未到目标点
1775392202.9762063 [navNode-2] 目标位置:(0.0, 0.0, 0.7)-[TakeOff]-[MCU:False]-[POS:False]
1775392202.9762709 [navNode-2] 当前位置:(0.0070456042885780334, 0.004325956106185913, 0.0011064723366871476)
1775392203.0756624 [navNode-2] [INFO] [1775392203.075270174] [navNode]: 状态2：Takeoff_wait--[TakeOff]
1775392203.0759976 [navNode-2] [INFO] [1775392203.075674685] [navNode]: 未到目标点
1775392203.0760899 [navNode-2] 目标位置:(0.0, 0.0, 0.7)-[TakeOff]-[MCU:False]-[POS:False]
1775392203.0761380 [navNode-2] 当前位置:(0.0070456042885780334, 0.004325956106185913, 0.0011064723366871476)
1775392203.1776831 [navNode-2] [INFO] [1775392203.177036107] [navNode]: 状态2：Takeoff_wait--[TakeOff]
1775392203.1784496 [navNode-2] [INFO] [1775392203.178107642] [navNode]: 未到目标点
1775392203.1786063 [navNode-2] 目标位置:(0.0, 0.0, 0.7)-[TakeOff]-[MCU:False]-[POS:False]
1775392203.1787367 [navNode-2] 当前位置:(0.0070456042885780334, 0.004325956106185913, 0.0011064723366871476)
1775392203.2762916 [navNode-2] [INFO] [1775392203.275887304] [navNode]: 状态2：Takeoff_wait--[TakeOff]
1775392203.2767870 [navNode-2] [INFO] [1775392203.276401280] [navNode]: 未到目标点
1775392203.2769003 [navNode-2] 目标位置:(0.0, 0.0, 0.7)-[TakeOff]-[MCU:False]-[POS:False]
1775392203.2769840 [navNode-2] 当前位置:(0.0070456042885780334, 0.004325956106185913, 0.0011064723366871476)
1775392203.3758717 [navNode-2] [INFO] [1775392203.375483449] [navNode]: 状态2：Takeoff_wait--[TakeOff]
1775392203.3762338 [navNode-2] [INFO] [1775392203.375907620] [navNode]: 未到目标点
1775392203.3763161 [navNode-2] 目标位置:(0.0, 0.0, 0.7)-[TakeOff]-[MCU:False]-[POS:False]
1775392203.3763611 [navNode-2] 当前位置:(0.0070456042885780334, 0.004325956106185913, 0.0011064723366871476)
1775392203.4755902 [navNode-2] [INFO] [1775392203.475247576] [navNode]: 状态2：Takeoff_wait--[TakeOff]
1775392203.4760017 [navNode-2] [INFO] [1775392203.475667908] [navNode]: 未到目标点
1775392203.4760954 [navNode-2] 目标位置:(0.0, 0.0, 0.7)-[TakeOff]-[MCU:False]-[POS:False]
1775392203.4761376 [navNode-2] 当前位置:(0.0070456042885780334, 0.004325956106185913, 0.0011064723366871476)
1775392203.5757344 [navNode-2] [INFO] [1775392203.575411465] [navNode]: 状态2：Takeoff_wait--[TakeOff]
1775392203.5760715 [navNode-2] [INFO] [1775392203.575813010] [navNode]: 未到目标点
1775392203.5761521 [navNode-2] 目标位置:(0.0, 0.0, 0.7)-[TakeOff]-[MCU:False]-[POS:False]
1775392203.5761962 [navNode-2] 当前位置:(0.0070456042885780334, 0.004325956106185913, 0.0011064723366871476)
1775392203.6761749 [navNode-2] [INFO] [1775392203.675847021] [navNode]: 状态2：Takeoff_wait--[TakeOff]
1775392203.6765428 [navNode-2] [INFO] [1775392203.676236463] [navNode]: 未到目标点
1775392203.6766474 [navNode-2] 目标位置:(0.0, 0.0, 0.7)-[TakeOff]-[MCU:False]-[POS:False]
1775392203.6767063 [navNode-2] 当前位置:(0.0070456042885780334, 0.004325956106185913, 0.0011064723366871476)
1775392203.7762928 [navNode-2] [INFO] [1775392203.775860575] [navNode]: 状态2：Takeoff_wait--[TakeOff]
1775392203.7769685 [navNode-2] [INFO] [1775392203.776520461] [navNode]: 未到目标点
1775392203.7771463 [navNode-2] 目标位置:(0.0, 0.0, 0.7)-[TakeOff]-[MCU:False]-[POS:False]
1775392203.7772441 [navNode-2] 当前位置:(0.0070456042885780334, 0.004325956106185913, 0.0011064723366871476)
1775392203.8768322 [navNode-2] [INFO] [1775392203.876444769] [navNode]: 状态2：Takeoff_wait--[TakeOff]
1775392203.8771973 [navNode-2] [INFO] [1775392203.876864656] [navNode]: 未到目标点
1775392203.8773038 [navNode-2] 目标位置:(0.0, 0.0, 0.7)-[TakeOff]-[MCU:False]-[POS:False]
1775392203.8773553 [navNode-2] 当前位置:(0.0070456042885780334, 0.004325956106185913, 0.0011064723366871476)
1775392203.9758768 [navNode-2] [INFO] [1775392203.975459754] [navNode]: 状态2：Takeoff_wait--[TakeOff]
1775392203.9763403 [navNode-2] [INFO] [1775392203.975956956] [navNode]: 未到目标点
1775392203.9764488 [navNode-2] 目标位置:(0.0, 0.0, 0.7)-[TakeOff]-[MCU:False]-[POS:False]
1775392203.9765077 [navNode-2] 当前位置:(0.0070456042885780334, 0.004325956106185913, 0.0011064723366871476)
1775392204.0762620 [navNode-2] [INFO] [1775392204.075876946] [navNode]: 状态2：Takeoff_wait--[TakeOff]
1775392204.0766602 [navNode-2] [INFO] [1775392204.076354902] [navNode]: 未到目标点
1775392204.0767519 [navNode-2] 目标位置:(0.0, 0.0, 0.7)-[TakeOff]-[MCU:False]-[POS:False]
1775392204.0767956 [navNode-2] 当前位置:(0.0070456042885780334, 0.004325956106185913, 0.0011064723366871476)
1775392204.1761670 [navNode-2] [INFO] [1775392204.175781630] [navNode]: 状态2：Takeoff_wait--[TakeOff]
1775392204.1766322 [navNode-2] [INFO] [1775392204.176350315] [navNode]: 未到目标点
1775392204.1767688 [navNode-2] 目标位置:(0.0, 0.0, 0.7)-[TakeOff]-[MCU:False]-[POS:False]
1775392204.1768601 [navNode-2] 当前位置:(0.0070456042885780334, 0.004325956106185913, 0.0011064723366871476)
1775392204.2757683 [navNode-2] [INFO] [1775392204.275322912] [navNode]: 状态2：Takeoff_wait--[TakeOff]
1775392204.2762306 [navNode-2] [INFO] [1775392204.275846545] [navNode]: 未到目标点
1775392204.2762978 [navNode-2] 目标位置:(0.0, 0.0, 0.7)-[TakeOff]-[MCU:False]-[POS:False]
1775392204.2763386 [navNode-2] 当前位置:(0.0070456042885780334, 0.004325956106185913, 0.0011064723366871476)
1775392204.3757081 [navNode-2] [INFO] [1775392204.375304673] [navNode]: 状态2：Takeoff_wait--[TakeOff]
1775392204.3761582 [navNode-2] [INFO] [1775392204.375733839] [navNode]: 未到目标点
1775392204.3762331 [navNode-2] 目标位置:(0.0, 0.0, 0.7)-[TakeOff]-[MCU:False]-[POS:False]
1775392204.3762872 [navNode-2] 当前位置:(0.0070456042885780334, 0.004325956106185913, 0.0011064723366871476)
1775392204.4759073 [navNode-2] [INFO] [1775392204.475401940] [navNode]: 状态2：Takeoff_wait--[TakeOff]
1775392204.4764078 [navNode-2] [INFO] [1775392204.476277149] [navNode]: 未到目标点
1775392204.4765112 [navNode-2] 目标位置:(0.0, 0.0, 0.7)-[TakeOff]-[MCU:False]-[POS:False]
1775392204.4765584 [navNode-2] 当前位置:(0.0070456042885780334, 0.004325956106185913, 0.0011064723366871476)
1775392204.5759103 [navNode-2] [INFO] [1775392204.575494932] [navNode]: 状态2：Takeoff_wait--[TakeOff]
1775392204.5763276 [navNode-2] [INFO] [1775392204.575925158] [navNode]: 未到目标点
1775392204.5763950 [navNode-2] 目标位置:(0.0, 0.0, 0.7)-[TakeOff]-[MCU:False]-[POS:False]
1775392204.5764339 [navNode-2] 当前位置:(0.0070456042885780334, 0.004325956106185913, 0.0011064723366871476)
1775392204.6758106 [navNode-2] [INFO] [1775392204.675436936] [navNode]: 状态2：Takeoff_wait--[TakeOff]
1775392204.6761816 [navNode-2] [INFO] [1775392204.675995604] [navNode]: 未到目标点
1775392204.6762710 [navNode-2] 目标位置:(0.0, 0.0, 0.7)-[TakeOff]-[MCU:False]-[POS:False]
1775392204.6763115 [navNode-2] 当前位置:(0.0070456042885780334, 0.004325956106185913, 0.0011064723366871476)
1775392204.7758961 [navNode-2] [INFO] [1775392204.775421935] [navNode]: 状态2：Takeoff_wait--[TakeOff]
1775392204.7763083 [navNode-2] [INFO] [1775392204.775981036] [navNode]: 未到目标点
1775392204.7764022 [navNode-2] 目标位置:(0.0, 0.0, 0.7)-[TakeOff]-[MCU:False]-[POS:False]
1775392204.7764676 [navNode-2] 当前位置:(0.0070456042885780334, 0.004325956106185913, 0.0011064723366871476)
1775392204.8756027 [navNode-2] [INFO] [1775392204.875212839] [navNode]: 状态2：Takeoff_wait--[TakeOff]
1775392204.8760478 [navNode-2] [INFO] [1775392204.875879918] [navNode]: 未到目标点
1775392204.8761883 [navNode-2] 目标位置:(0.0, 0.0, 0.7)-[TakeOff]-[MCU:False]-[POS:False]
1775392204.8762400 [navNode-2] 当前位置:(0.0070456042885780334, 0.004325956106185913, 0.0011064723366871476)
1775392204.9755812 [navNode-2] [INFO] [1775392204.975165071] [navNode]: 状态2：Takeoff_wait--[TakeOff]
1775392204.9759834 [navNode-2] [INFO] [1775392204.975657445] [navNode]: 未到目标点
1775392204.9760478 [navNode-2] 目标位置:(0.0, 0.0, 0.7)-[TakeOff]-[MCU:False]-[POS:False]
1775392204.9760959 [navNode-2] 当前位置:(0.0070456042885780334, 0.004325956106185913, 0.0011064723366871476)
1775392205.0760319 [navNode-2] [INFO] [1775392205.075687519] [navNode]: 状态2：Takeoff_wait--[TakeOff]
1775392205.0766907 [navNode-2] [INFO] [1775392205.076499371] [navNode]: 未到目标点
1775392205.0768142 [navNode-2] 目标位置:(0.0, 0.0, 0.7)-[TakeOff]-[MCU:False]-[POS:False]
1775392205.0768709 [navNode-2] 当前位置:(0.0070456042885780334, 0.004325956106185913, 0.0011064723366871476)
1775392205.1760552 [navNode-2] [INFO] [1775392205.175641931] [navNode]: 状态2：Takeoff_wait--[TakeOff]
1775392205.1764603 [navNode-2] [INFO] [1775392205.176196302] [navNode]: 未到目标点
1775392205.1765361 [navNode-2] 目标位置:(0.0, 0.0, 0.7)-[TakeOff]-[MCU:False]-[POS:False]
1775392205.1765838 [navNode-2] 当前位置:(0.0070456042885780334, 0.004325956106185913, 0.0011064723366871476)
1775392205.2756095 [navNode-2] [INFO] [1775392205.275211573] [navNode]: 状态2：Takeoff_wait--[TakeOff]
1775392205.2760603 [navNode-2] [INFO] [1775392205.275782532] [navNode]: 未到目标点
1775392205.2761326 [navNode-2] 目标位置:(0.0, 0.0, 0.7)-[TakeOff]-[MCU:False]-[POS:False]
1775392205.2761924 [navNode-2] 当前位置:(0.0070456042885780334, 0.004325956106185913, 0.0011064723366871476)
1775392205.3761511 [navNode-2] [INFO] [1775392205.375789551] [navNode]: 状态2：Takeoff_wait--[TakeOff]
1775392205.3765020 [navNode-2] [INFO] [1775392205.376235322] [navNode]: 未到目标点
1775392205.3765810 [navNode-2] 目标位置:(0.0, 0.0, 0.7)-[TakeOff]-[MCU:False]-[POS:False]
1775392205.3766232 [navNode-2] 当前位置:(0.0070456042885780334, 0.004325956106185913, 0.0011064723366871476)
1775392205.4754236 [navNode-2] [INFO] [1775392205.475019558] [navNode]: 状态2：Takeoff_wait--[TakeOff]
1775392205.4758599 [navNode-2] [INFO] [1775392205.475695819] [navNode]: 未到目标点
1775392205.4759250 [navNode-2] 目标位置:(0.0, 0.0, 0.7)-[TakeOff]-[MCU:False]-[POS:False]
1775392205.4759634 [navNode-2] 当前位置:(0.0070456042885780334, 0.004325956106185913, 0.0011064723366871476)
1775392205.5757117 [navNode-2] [INFO] [1775392205.575371547] [navNode]: 状态2：Takeoff_wait--[TakeOff]
1775392205.5761881 [navNode-2] [INFO] [1775392205.575895937] [navNode]: 未到目标点
1775392205.5764511 [navNode-2] 目标位置:(0.0, 0.0, 0.7)-[TakeOff]-[MCU:False]-[POS:False]
1775392205.5765238 [navNode-2] 当前位置:(0.0070456042885780334, 0.004325956106185913, 0.0011064723366871476)
1775392205.6756096 [navNode-2] [INFO] [1775392205.675203760] [navNode]: 状态2：Takeoff_wait--[TakeOff]
1775392205.6760612 [navNode-2] [INFO] [1775392205.675718655] [navNode]: 未到目标点
1775392205.6761277 [navNode-2] 目标位置:(0.0, 0.0, 0.7)-[TakeOff]-[MCU:False]-[POS:False]
1775392205.6761675 [navNode-2] 当前位置:(0.0070456042885780334, 0.004325956106185913, 0.0011064723366871476)
1775392205.7758143 [navNode-2] [INFO] [1775392205.775406478] [navNode]: 状态2：Takeoff_wait--[TakeOff]
1775392205.7762353 [navNode-2] [INFO] [1775392205.775839759] [navNode]: 未到目标点
1775392205.7762990 [navNode-2] 目标位置:(0.0, 0.0, 0.7)-[TakeOff]-[MCU:False]-[POS:False]
1775392205.7763379 [navNode-2] 当前位置:(0.0070456042885780334, 0.004325956106185913, 0.0011064723366871476)
1775392205.8753920 [navNode-2] [INFO] [1775392205.875070804] [navNode]: 状态2：Takeoff_wait--[TakeOff]
1775392205.8757606 [navNode-2] [INFO] [1775392205.875495219] [navNode]: 未到目标点
1775392205.8758368 [navNode-2] 目标位置:(0.0, 0.0, 0.7)-[TakeOff]-[MCU:False]-[POS:False]
1775392205.8758755 [navNode-2] 当前位置:(0.0070456042885780334, 0.004325956106185913, 0.0011064723366871476)
1775392205.9763930 [navNode-2] [INFO] [1775392205.975887401] [navNode]: 状态2：Takeoff_wait--[TakeOff]
1775392205.9768956 [navNode-2] [INFO] [1775392205.976525314] [navNode]: 未到目标点
1775392205.9769964 [navNode-2] 目标位置:(0.0, 0.0, 0.7)-[TakeOff]-[MCU:False]-[POS:False]
1775392205.9770558 [navNode-2] 当前位置:(0.0070456042885780334, 0.004325956106185913, 0.0011064723366871476)
1775392206.0754473 [navNode-2] [INFO] [1775392206.075069306] [navNode]: 状态2：Takeoff_wait--[TakeOff]
1775392206.0758362 [navNode-2] [INFO] [1775392206.075548714] [navNode]: 未到目标点
1775392206.0759308 [navNode-2] 目标位置:(0.0, 0.0, 0.7)-[TakeOff]-[MCU:False]-[POS:False]
1775392206.0759790 [navNode-2] 当前位置:(0.0070456042885780334, 0.004325956106185913, 0.0011064723366871476)
1775392206.1757298 [navNode-2] [INFO] [1775392206.175403816] [navNode]: 状态2：Takeoff_wait--[TakeOff]
1775392206.1760643 [navNode-2] [INFO] [1775392206.175825343] [navNode]: 未到目标点
1775392206.1761689 [navNode-2] 目标位置:(0.0, 0.0, 0.7)-[TakeOff]-[MCU:False]-[POS:False]
1775392206.1762199 [navNode-2] 当前位置:(0.0070456042885780334, 0.004325956106185913, 0.0011064723366871476)
1775392206.2755978 [navNode-2] [INFO] [1775392206.275274659] [navNode]: 状态2：Takeoff_wait--[TakeOff]
1775392206.2760060 [navNode-2] [INFO] [1775392206.275736078] [navNode]: 未到目标点
1775392206.2761390 [navNode-2] 目标位置:(0.0, 0.0, 0.7)-[TakeOff]-[MCU:False]-[POS:False]
1775392206.2761886 [navNode-2] 当前位置:(0.0070456042885780334, 0.004325956106185913, 0.0011064723366871476)
1775392206.3754344 [navNode-2] [INFO] [1775392206.375037887] [navNode]: 状态2：Takeoff_wait--[TakeOff]
1775392206.3757803 [navNode-2] [INFO] [1775392206.375462734] [navNode]: 未到目标点
1775392206.3758423 [navNode-2] 目标位置:(0.0, 0.0, 0.7)-[TakeOff]-[MCU:False]-[POS:False]
1775392206.3758910 [navNode-2] 当前位置:(0.0070456042885780334, 0.004325956106185913, 0.0011064723366871476)
1775392206.4753451 [navNode-2] [INFO] [1775392206.475031135] [navNode]: 状态2：Takeoff_wait--[TakeOff]
1775392206.4757297 [navNode-2] [INFO] [1775392206.475487540] [navNode]: 未到目标点
1775392206.4758801 [navNode-2] 目标位置:(0.0, 0.0, 0.7)-[TakeOff]-[MCU:False]-[POS:False]
1775392206.4759355 [navNode-2] 当前位置:(0.0070456042885780334, 0.004325956106185913, 0.0011064723366871476)
1775392206.5756447 [navNode-2] [INFO] [1775392206.575246826] [navNode]: 状态2：Takeoff_wait--[TakeOff]
1775392206.5760446 [navNode-2] [INFO] [1775392206.575643335] [navNode]: 未到目标点
1775392206.5761518 [navNode-2] 目标位置:(0.0, 0.0, 0.7)-[TakeOff]-[MCU:False]-[POS:False]
1775392206.5761976 [navNode-2] 当前位置:(0.0070456042885780334, 0.004325956106185913, 0.0011064723366871476)
1775392206.6761825 [navNode-2] [INFO] [1775392206.675606937] [navNode]: 状态2：Takeoff_wait--[TakeOff]
1775392206.6766064 [navNode-2] [INFO] [1775392206.676293404] [navNode]: 未到目标点
1775392206.6767235 [navNode-2] 目标位置:(0.0, 0.0, 0.7)-[TakeOff]-[MCU:False]-[POS:False]
1775392206.6767905 [navNode-2] 当前位置:(0.0070456042885780334, 0.004325956106185913, 0.0011064723366871476)
1775392206.7758102 [navNode-2] [INFO] [1775392206.775424185] [navNode]: 状态2：Takeoff_wait--[TakeOff]
1775392206.7761588 [navNode-2] [INFO] [1775392206.775836670] [navNode]: 未到目标点
1775392206.7762167 [navNode-2] 目标位置:(0.0, 0.0, 0.7)-[TakeOff]-[MCU:False]-[POS:False]
1775392206.7762518 [navNode-2] 当前位置:(0.0070456042885780334, 0.004325956106185913, 0.0011064723366871476)
1775392206.8755271 [navNode-2] [INFO] [1775392206.875183787] [navNode]: 状态2：Takeoff_wait--[TakeOff]
1775392206.8759148 [navNode-2] [INFO] [1775392206.875630778] [navNode]: 未到目标点
1775392206.8759987 [navNode-2] 目标位置:(0.0, 0.0, 0.7)-[TakeOff]-[MCU:False]-[POS:False]
1775392206.8760393 [navNode-2] 当前位置:(0.0070456042885780334, 0.004325956106185913, 0.0011064723366871476)
1775392206.9757044 [navNode-2] [INFO] [1775392206.975354833] [navNode]: 状态2：Takeoff_wait--[TakeOff]
1775392206.9761844 [navNode-2] [INFO] [1775392206.975805843] [navNode]: 未到目标点
1775392206.9763122 [navNode-2] 目标位置:(0.0, 0.0, 0.7)-[TakeOff]-[MCU:False]-[POS:False]
1775392206.9763663 [navNode-2] 当前位置:(0.0070456042885780334, 0.004325956106185913, 0.0011064723366871476)
1775392207.0754957 [navNode-2] [INFO] [1775392207.075094134] [navNode]: 状态2：Takeoff_wait--[TakeOff]
1775392207.0759578 [navNode-2] [INFO] [1775392207.075588037] [navNode]: 未到目标点
1775392207.0760775 [navNode-2] 目标位置:(0.0, 0.0, 0.7)-[TakeOff]-[MCU:False]-[POS:False]
1775392207.0761280 [navNode-2] 当前位置:(0.0070456042885780334, 0.004325956106185913, 0.0011064723366871476)
1775392207.1757116 [navNode-2] [INFO] [1775392207.175377576] [navNode]: 状态2：Takeoff_wait--[TakeOff]
1775392207.1761229 [navNode-2] [INFO] [1775392207.175791157] [navNode]: 未到目标点
1775392207.1762342 [navNode-2] 目标位置:(0.0, 0.0, 0.7)-[TakeOff]-[MCU:False]-[POS:False]
1775392207.1762929 [navNode-2] 当前位置:(0.0070456042885780334, 0.004325956106185913, 0.0011064723366871476)
1775392207.2755632 [navNode-2] [INFO] [1775392207.275158485] [navNode]: 状态2：Takeoff_wait--[TakeOff]
1775392207.2759776 [navNode-2] [INFO] [1775392207.275580496] [navNode]: 未到目标点
1775392207.2760856 [navNode-2] 目标位置:(0.0, 0.0, 0.7)-[TakeOff]-[MCU:False]-[POS:False]
1775392207.2761362 [navNode-2] 当前位置:(0.0070456042885780334, 0.004325956106185913, 0.0011064723366871476)
1775392207.3759708 [navNode-2] [INFO] [1775392207.375611481] [navNode]: 状态2：Takeoff_wait--[TakeOff]
1775392207.3764248 [navNode-2] [INFO] [1775392207.376137806] [navNode]: 未到目标点
1775392207.3765306 [navNode-2] 目标位置:(0.0, 0.0, 0.7)-[TakeOff]-[MCU:False]-[POS:False]
1775392207.3765821 [navNode-2] 当前位置:(0.0070456042885780334, 0.004325956106185913, 0.0011064723366871476)
1775392207.4752047 [navNode-2] [INFO] [1775392207.474923371] [navNode]: 状态2：Takeoff_wait--[TakeOff]
1775392207.4755704 [navNode-2] [INFO] [1775392207.475399040] [navNode]: 未到目标点
1775392207.4756620 [navNode-2] 目标位置:(0.0, 0.0, 0.7)-[TakeOff]-[MCU:False]-[POS:False]
1775392207.4757066 [navNode-2] 当前位置:(0.0070456042885780334, 0.004325956106185913, 0.0011064723366871476)
1775392207.5764449 [navNode-2] [INFO] [1775392207.575960657] [navNode]: 状态2：Takeoff_wait--[TakeOff]
1775392207.5769918 [navNode-2] [INFO] [1775392207.576612996] [navNode]: 未到目标点
1775392207.5771451 [navNode-2] 目标位置:(0.0, 0.0, 0.7)-[TakeOff]-[MCU:False]-[POS:False]
1775392207.5772502 [navNode-2] 当前位置:(0.0070456042885780334, 0.004325956106185913, 0.0011064723366871476)
1775392207.6754854 [navNode-2] [INFO] [1775392207.675101387] [navNode]: 状态2：Takeoff_wait--[TakeOff]
1775392207.6758826 [navNode-2] [INFO] [1775392207.675499106] [navNode]: 未到目标点
1775392207.6759684 [navNode-2] 目标位置:(0.0, 0.0, 0.7)-[TakeOff]-[MCU:False]-[POS:False]
1775392207.6760092 [navNode-2] 当前位置:(0.0070456042885780334, 0.004325956106185913, 0.0011064723366871476)
1775392207.7756922 [navNode-2] [INFO] [1775392207.775362310] [navNode]: 状态2：Takeoff_wait--[TakeOff]
1775392207.7760773 [navNode-2] [INFO] [1775392207.775784016] [navNode]: 未到目标点
1775392207.7761703 [navNode-2] 目标位置:(0.0, 0.0, 0.7)-[TakeOff]-[MCU:False]-[POS:False]
1775392207.7762136 [navNode-2] 当前位置:(0.0070456042885780334, 0.004325956106185913, 0.0011064723366871476)
1775392207.8756354 [navNode-2] [INFO] [1775392207.875221262] [navNode]: 状态2：Takeoff_wait--[TakeOff]
1775392207.8762431 [navNode-2] [INFO] [1775392207.875799133] [navNode]: 未到目标点
1775392207.8763883 [navNode-2] 目标位置:(0.0, 0.0, 0.7)-[TakeOff]-[MCU:False]-[POS:False]
1775392207.8764362 [navNode-2] 当前位置:(0.0070456042885780334, 0.004325956106185913, 0.0011064723366871476)
1775392207.9754515 [navNode-2] [INFO] [1775392207.975139563] [navNode]: 状态2：Takeoff_wait--[TakeOff]
1775392207.9758613 [navNode-2] [INFO] [1775392207.975523626] [navNode]: 未到目标点
1775392207.9759655 [navNode-2] 目标位置:(0.0, 0.0, 0.7)-[TakeOff]-[MCU:False]-[POS:False]
1775392207.9760120 [navNode-2] 当前位置:(0.0070456042885780334, 0.004325956106185913, 0.0011064723366871476)
1775392208.0754237 [navNode-2] [INFO] [1775392208.075037956] [navNode]: 状态2：Takeoff_wait--[TakeOff]
1775392208.0760269 [navNode-2] [INFO] [1775392208.075768375] [navNode]: 未到目标点
1775392208.0761614 [navNode-2] 目标位置:(0.0, 0.0, 0.7)-[TakeOff]-[MCU:False]-[POS:False]
1775392208.0762372 [navNode-2] 当前位置:(0.0070456042885780334, 0.004325956106185913, 0.0011064723366871476)
1775392208.1757891 [navNode-2] [INFO] [1775392208.175387654] [navNode]: 状态2：Takeoff_wait--[TakeOff]
1775392208.1762004 [navNode-2] [INFO] [1775392208.175819290] [navNode]: 未到目标点
1775392208.1763182 [navNode-2] 目标位置:(0.0, 0.0, 0.7)-[TakeOff]-[MCU:False]-[POS:False]
1775392208.1764016 [navNode-2] 当前位置:(0.0070456042885780334, 0.004325956106185913, 0.0011064723366871476)
1775392208.2785072 [navNode-2] [INFO] [1775392208.277794723] [navNode]: 状态2：Takeoff_wait--[TakeOff]
1775392208.2789745 [navNode-2] [INFO] [1775392208.278720823] [navNode]: 未到目标点
1775392208.2791336 [navNode-2] 目标位置:(0.0, 0.0, 0.7)-[TakeOff]-[MCU:False]-[POS:False]
1775392208.2792056 [navNode-2] 当前位置:(0.0070456042885780334, 0.004325956106185913, 0.0011064723366871476)
1775392208.3761711 [navNode-2] [INFO] [1775392208.375684552] [navNode]: 状态2：Takeoff_wait--[TakeOff]
1775392208.3767035 [navNode-2] [INFO] [1775392208.376484704] [navNode]: 未到目标点
1775392208.3768735 [navNode-2] 目标位置:(0.0, 0.0, 0.7)-[TakeOff]-[MCU:False]-[POS:False]
1775392208.3769457 [navNode-2] 当前位置:(0.0070456042885780334, 0.004325956106185913, 0.0011064723366871476)
1775392208.4756589 [navNode-2] [INFO] [1775392208.475238650] [navNode]: 状态2：Takeoff_wait--[TakeOff]
1775392208.4761102 [navNode-2] [INFO] [1775392208.475723937] [navNode]: 未到目标点
1775392208.4762149 [navNode-2] 目标位置:(0.0, 0.0, 0.7)-[TakeOff]-[MCU:False]-[POS:False]
1775392208.4762640 [navNode-2] 当前位置:(0.0070456042885780334, 0.004325956106185913, 0.0011064723366871476)
1775392208.5759926 [navNode-2] [INFO] [1775392208.575673063] [navNode]: 状态2：Takeoff_wait--[TakeOff]
1775392208.5764043 [navNode-2] [INFO] [1775392208.576076644] [navNode]: 未到目标点
1775392208.5765109 [navNode-2] 目标位置:(0.0, 0.0, 0.7)-[TakeOff]-[MCU:False]-[POS:False]
1775392208.5765738 [navNode-2] 当前位置:(0.0070456042885780334, 0.004325956106185913, 0.0011064723366871476)
1775392208.6755354 [navNode-2] [INFO] [1775392208.675225500] [navNode]: 状态2：Takeoff_wait--[TakeOff]
1775392208.6759276 [navNode-2] [INFO] [1775392208.675693131] [navNode]: 未到目标点
1775392208.6760213 [navNode-2] 目标位置:(0.0, 0.0, 0.7)-[TakeOff]-[MCU:False]-[POS:False]
1775392208.6760631 [navNode-2] 当前位置:(0.0070456042885780334, 0.004325956106185913, 0.0011064723366871476)
1775392208.7757349 [navNode-2] [INFO] [1775392208.775336758] [navNode]: 状态2：Takeoff_wait--[TakeOff]
1775392208.7761276 [navNode-2] [INFO] [1775392208.775748579] [navNode]: 未到目标点
1775392208.7761853 [navNode-2] 目标位置:(0.0, 0.0, 0.7)-[TakeOff]-[MCU:False]-[POS:False]
1775392208.7762187 [navNode-2] 当前位置:(0.0070456042885780334, 0.004325956106185913, 0.0011064723366871476)
1775392208.8755066 [navNode-2] [INFO] [1775392208.875140123] [navNode]: 状态2：Takeoff_wait--[TakeOff]
1775392208.8758318 [navNode-2] [INFO] [1775392208.875538453] [navNode]: 未到目标点
1775392208.8759322 [navNode-2] 目标位置:(0.0, 0.0, 0.7)-[TakeOff]-[MCU:False]-[POS:False]
1775392208.8759978 [navNode-2] 当前位置:(0.0070456042885780334, 0.004325956106185913, 0.0011064723366871476)
1775392208.9755559 [navNode-2] [INFO] [1775392208.975175417] [navNode]: 状态2：Takeoff_wait--[TakeOff]
1775392208.9759519 [navNode-2] [INFO] [1775392208.975576947] [navNode]: 未到目标点
1775392208.9760320 [navNode-2] 目标位置:(0.0, 0.0, 0.7)-[TakeOff]-[MCU:False]-[POS:False]
1775392208.9760766 [navNode-2] 当前位置:(0.0070456042885780334, 0.004325956106185913, 0.0011064723366871476)
1775392209.0761287 [navNode-2] [INFO] [1775392209.075478574] [navNode]: 状态2：Takeoff_wait--[TakeOff]
1775392209.0768130 [navNode-2] [INFO] [1775392209.076103791] [navNode]: 未到目标点
1775392209.0769312 [navNode-2] 目标位置:(0.0, 0.0, 0.7)-[TakeOff]-[MCU:False]-[POS:False]
1775392209.0769851 [navNode-2] 当前位置:(0.0070456042885780334, 0.004325956106185913, 0.0011064723366871476)
1775392209.1771128 [navNode-2] [INFO] [1775392209.176452997] [navNode]: 状态2：Takeoff_wait--[TakeOff]
1775392209.1778748 [navNode-2] [INFO] [1775392209.177374740] [navNode]: 未到目标点
1775392209.1780863 [navNode-2] 目标位置:(0.0, 0.0, 0.7)-[TakeOff]-[MCU:False]-[POS:False]
1775392209.1781917 [navNode-2] 当前位置:(0.0070456042885780334, 0.004325956106185913, 0.0011064723366871476)
1775392209.2773697 [navNode-2] [INFO] [1775392209.276824361] [navNode]: 状态2：Takeoff_wait--[TakeOff]
1775392209.2780142 [navNode-2] [INFO] [1775392209.277570246] [navNode]: 未到目标点
1775392209.2781963 [navNode-2] 目标位置:(0.0, 0.0, 0.7)-[TakeOff]-[MCU:False]-[POS:False]
1775392209.2783213 [navNode-2] 当前位置:(0.0070456042885780334, 0.004325956106185913, 0.0011064723366871476)
1775392209.3764865 [navNode-2] [INFO] [1775392209.376116950] [navNode]: 状态2：Takeoff_wait--[TakeOff]
1775392209.3769295 [navNode-2] [INFO] [1775392209.376571238] [navNode]: 未到目标点
1775392209.3770308 [navNode-2] 目标位置:(0.0, 0.0, 0.7)-[TakeOff]-[MCU:False]-[POS:False]
1775392209.3770921 [navNode-2] 当前位置:(0.0070456042885780334, 0.004325956106185913, 0.0011064723366871476)
1775392209.4754987 [navNode-2] [INFO] [1775392209.475181959] [navNode]: 状态2：Takeoff_wait--[TakeOff]
1775392209.4759314 [navNode-2] [INFO] [1775392209.475688450] [navNode]: 未到目标点
1775392209.4760277 [navNode-2] 目标位置:(0.0, 0.0, 0.7)-[TakeOff]-[MCU:False]-[POS:False]
1775392209.4760749 [navNode-2] 当前位置:(0.0070456042885780334, 0.004325956106185913, 0.0011064723366871476)
1775392209.5757697 [navNode-2] [INFO] [1775392209.575381205] [navNode]: 状态2：Takeoff_wait--[TakeOff]
1775392209.5761607 [navNode-2] [INFO] [1775392209.575829701] [navNode]: 未到目标点
1775392209.5762453 [navNode-2] 目标位置:(0.0, 0.0, 0.7)-[TakeOff]-[MCU:False]-[POS:False]
1775392209.5762913 [navNode-2] 当前位置:(0.0070456042885780334, 0.004325956106185913, 0.0011064723366871476)
1775392209.6764121 [navNode-2] [INFO] [1775392209.676090884] [navNode]: 状态2：Takeoff_wait--[TakeOff]
1775392209.6768079 [navNode-2] [INFO] [1775392209.676513980] [navNode]: 未到目标点
1775392209.6769016 [navNode-2] 目标位置:(0.0, 0.0, 0.7)-[TakeOff]-[MCU:False]-[POS:False]
1775392209.6769688 [navNode-2] 当前位置:(0.0070456042885780334, 0.004325956106185913, 0.0011064723366871476)
1775392209.7756581 [navNode-2] [INFO] [1775392209.775282222] [navNode]: 状态2：Takeoff_wait--[TakeOff]
1775392209.7760313 [navNode-2] [INFO] [1775392209.775687898] [navNode]: 未到目标点
1775392209.7761219 [navNode-2] 目标位置:(0.0, 0.0, 0.7)-[TakeOff]-[MCU:False]-[POS:False]
1775392209.7761877 [navNode-2] 当前位置:(0.0070456042885780334, 0.004325956106185913, 0.0011064723366871476)
1775392209.8760312 [navNode-2] [INFO] [1775392209.875656342] [navNode]: 状态2：Takeoff_wait--[TakeOff]
1775392209.8764348 [navNode-2] [INFO] [1775392209.876037827] [navNode]: 未到目标点
1775392209.8765357 [navNode-2] 目标位置:(0.0, 0.0, 0.7)-[TakeOff]-[MCU:False]-[POS:False]
1775392209.8765810 [navNode-2] 当前位置:(0.0070456042885780334, 0.004325956106185913, 0.0011064723366871476)
1775392209.9760458 [navNode-2] [INFO] [1775392209.975733239] [navNode]: 状态2：Takeoff_wait--[TakeOff]
1775392209.9764605 [navNode-2] [INFO] [1775392209.976139472] [navNode]: 未到目标点
1775392209.9765577 [navNode-2] 目标位置:(0.0, 0.0, 0.7)-[TakeOff]-[MCU:False]-[POS:False]
1775392209.9766316 [navNode-2] 当前位置:(0.0070456042885780334, 0.004325956106185913, 0.0011064723366871476)
1775392210.0758815 [navNode-2] [INFO] [1775392210.075567469] [navNode]: 状态2：Takeoff_wait--[TakeOff]
1775392210.0762780 [navNode-2] [INFO] [1775392210.075989054] [navNode]: 未到目标点
1775392210.0763578 [navNode-2] 目标位置:(0.0, 0.0, 0.7)-[TakeOff]-[MCU:False]-[POS:False]
1775392210.0764031 [navNode-2] 当前位置:(0.0070456042885780334, 0.004325956106185913, 0.0011064723366871476)
1775392210.1773117 [navNode-2] [INFO] [1775392210.176864175] [navNode]: 状态2：Takeoff_wait--[TakeOff]
1775392210.1777923 [navNode-2] [INFO] [1775392210.177404132] [navNode]: 未到目标点
1775392210.1779084 [navNode-2] 目标位置:(0.0, 0.0, 0.7)-[TakeOff]-[MCU:False]-[POS:False]
1775392210.1779764 [navNode-2] 当前位置:(0.0070456042885780334, 0.004325956106185913, 0.0011064723366871476)
1775392210.2758689 [navNode-2] [INFO] [1775392210.275550460] [navNode]: 状态2：Takeoff_wait--[TakeOff]
1775392210.2762473 [navNode-2] [INFO] [1775392210.275982369] [navNode]: 未到目标点
1775392210.2763345 [navNode-2] 目标位置:(0.0, 0.0, 0.7)-[TakeOff]-[MCU:False]-[POS:False]
1775392210.2763810 [navNode-2] 当前位置:(0.0070456042885780334, 0.004325956106185913, 0.0011064723366871476)
1775392210.3753767 [navNode-2] [INFO] [1775392210.375059444] [navNode]: 状态2：Takeoff_wait--[TakeOff]
1775392210.3759015 [navNode-2] [INFO] [1775392210.375720175] [navNode]: 未到目标点
1775392210.3759930 [navNode-2] 目标位置:(0.0, 0.0, 0.7)-[TakeOff]-[MCU:False]-[POS:False]
1775392210.3760335 [navNode-2] 当前位置:(0.0070456042885780334, 0.004325956106185913, 0.0011064723366871476)
1775392210.4761164 [navNode-2] [INFO] [1775392210.475755172] [navNode]: 状态2：Takeoff_wait--[TakeOff]
1775392210.4767292 [navNode-2] [INFO] [1775392210.476576774] [navNode]: 未到目标点
1775392210.4768167 [navNode-2] 目标位置:(0.0, 0.0, 0.7)-[TakeOff]-[MCU:False]-[POS:False]
1775392210.4768665 [navNode-2] 当前位置:(0.0070456042885780334, 0.004325956106185913, 0.0011064723366871476)
1775392210.5762401 [navNode-2] [INFO] [1775392210.575908210] [navNode]: 状态2：Takeoff_wait--[TakeOff]
1775392210.5765965 [navNode-2] [INFO] [1775392210.576320586] [navNode]: 未到目标点
1775392210.5770764 [navNode-2] 目标位置:(0.0, 0.0, 0.7)-[TakeOff]-[MCU:False]-[POS:False]
1775392210.5771666 [navNode-2] 当前位置:(0.0070456042885780334, 0.004325956106185913, 0.0011064723366871476)
1775392210.6759796 [navNode-2] [INFO] [1775392210.675661371] [navNode]: 状态2：Takeoff_wait--[TakeOff]
1775392210.6764014 [navNode-2] [INFO] [1775392210.676139453] [navNode]: 未到目标点
1775392210.6764877 [navNode-2] 目标位置:(0.0, 0.0, 0.7)-[TakeOff]-[MCU:False]-[POS:False]
1775392210.6765285 [navNode-2] 当前位置:(0.0070456042885780334, 0.004325956106185913, 0.0011064723366871476)
1775392210.7758703 [navNode-2] [INFO] [1775392210.775538537] [navNode]: 状态2：Takeoff_wait--[TakeOff]
1775392210.7763186 [navNode-2] [INFO] [1775392210.775955267] [navNode]: 未到目标点
1775392210.7763927 [navNode-2] 目标位置:(0.0, 0.0, 0.7)-[TakeOff]-[MCU:False]-[POS:False]
1775392210.7764313 [navNode-2] 当前位置:(0.0070456042885780334, 0.004325956106185913, 0.0011064723366871476)
1775392210.8768675 [navNode-2] [INFO] [1775392210.876457308] [navNode]: 状态2：Takeoff_wait--[TakeOff]
1775392210.8772280 [navNode-2] [INFO] [1775392210.876878298] [navNode]: 未到目标点
1775392210.8772910 [navNode-2] 目标位置:(0.0, 0.0, 0.7)-[TakeOff]-[MCU:False]-[POS:False]
1775392210.8773253 [navNode-2] 当前位置:(0.0070456042885780334, 0.004325956106185913, 0.0011064723366871476)
1775392210.9756753 [navNode-2] [INFO] [1775392210.975265862] [navNode]: 状态2：Takeoff_wait--[TakeOff]
1775392210.9759948 [navNode-2] [INFO] [1775392210.975648276] [navNode]: 未到目标点
1775392210.9760900 [navNode-2] 目标位置:(0.0, 0.0, 0.7)-[TakeOff]-[MCU:False]-[POS:False]
1775392210.9761379 [navNode-2] 当前位置:(0.0070456042885780334, 0.004325956106185913, 0.0011064723366871476)
1775392211.0757079 [navNode-2] [INFO] [1775392211.075377713] [navNode]: 状态2：Takeoff_wait--[TakeOff]
1775392211.0761383 [navNode-2] [INFO] [1775392211.075824124] [navNode]: 未到目标点
1775392211.0762060 [navNode-2] 目标位置:(0.0, 0.0, 0.7)-[TakeOff]-[MCU:False]-[POS:False]
1775392211.0762613 [navNode-2] 当前位置:(0.0070456042885780334, 0.004325956106185913, 0.0011064723366871476)
1775392211.1756456 [navNode-2] [INFO] [1775392211.175269249] [navNode]: 状态2：Takeoff_wait--[TakeOff]
1775392211.1759675 [navNode-2] [INFO] [1775392211.175688923] [navNode]: 未到目标点
1775392211.1760714 [navNode-2] 目标位置:(0.0, 0.0, 0.7)-[TakeOff]-[MCU:False]-[POS:False]
1775392211.1761174 [navNode-2] 当前位置:(0.0070456042885780334, 0.004325956106185913, 0.0011064723366871476)
1775392211.2756214 [navNode-2] [INFO] [1775392211.275255243] [navNode]: 状态2：Takeoff_wait--[TakeOff]
1775392211.2759871 [navNode-2] [INFO] [1775392211.275655041] [navNode]: 未到目标点
1775392211.2760761 [navNode-2] 目标位置:(0.0, 0.0, 0.7)-[TakeOff]-[MCU:False]-[POS:False]
1775392211.2761221 [navNode-2] 当前位置:(0.0070456042885780334, 0.004325956106185913, 0.0011064723366871476)
1775392211.3756921 [navNode-2] [INFO] [1775392211.375367686] [navNode]: 状态2：Takeoff_wait--[TakeOff]
1775392211.3760686 [navNode-2] [INFO] [1775392211.375780763] [navNode]: 未到目标点
1775392211.3761940 [navNode-2] 目标位置:(0.0, 0.0, 0.7)-[TakeOff]-[MCU:False]-[POS:False]
1775392211.3762357 [navNode-2] 当前位置:(0.0070456042885780334, 0.004325956106185913, 0.0011064723366871476)
1775392211.4766183 [navNode-2] [INFO] [1775392211.476157941] [navNode]: 状态2：Takeoff_wait--[TakeOff]
1775392211.4770586 [navNode-2] [INFO] [1775392211.476730802] [navNode]: 未到目标点
1775392211.4771500 [navNode-2] 目标位置:(0.0, 0.0, 0.7)-[TakeOff]-[MCU:False]-[POS:False]
1775392211.4772849 [navNode-2] 当前位置:(0.0070456042885780334, 0.004325956106185913, 0.0011064723366871476)
1775392211.5756350 [navNode-2] [INFO] [1775392211.575321256] [navNode]: 状态2：Takeoff_wait--[TakeOff]
1775392211.5760310 [navNode-2] [INFO] [1775392211.575803665] [navNode]: 未到目标点
1775392211.5760992 [navNode-2] 目标位置:(0.0, 0.0, 0.7)-[TakeOff]-[MCU:False]-[POS:False]
1775392211.5761461 [navNode-2] 当前位置:(0.0070456042885780334, 0.004325956106185913, 0.0011064723366871476)
1775392211.6755810 [navNode-2] [INFO] [1775392211.675279343] [navNode]: 状态2：Takeoff_wait--[TakeOff]
1775392211.6760211 [navNode-2] [INFO] [1775392211.675767989] [navNode]: 未到目标点
1775392211.6761010 [navNode-2] 目标位置:(0.0, 0.0, 0.7)-[TakeOff]-[MCU:False]-[POS:False]
1775392211.6761460 [navNode-2] 当前位置:(0.0070456042885780334, 0.004325956106185913, 0.0011064723366871476)
1775392211.7761483 [navNode-2] [INFO] [1775392211.775796199] [navNode]: 状态2：Takeoff_wait--[TakeOff]
1775392211.7764800 [navNode-2] [INFO] [1775392211.776358883] [navNode]: 未到目标点
1775392211.7765393 [navNode-2] 目标位置:(0.0, 0.0, 0.7)-[TakeOff]-[MCU:False]-[POS:False]
1775392211.7765787 [navNode-2] 当前位置:(0.0070456042885780334, 0.004325956106185913, 0.0011064723366871476)
1775392211.8758249 [navNode-2] [INFO] [1775392211.875514660] [navNode]: 状态2：Takeoff_wait--[TakeOff]
1775392211.8761842 [navNode-2] [INFO] [1775392211.875916133] [navNode]: 未到目标点
1775392211.8762496 [navNode-2] 目标位置:(0.0, 0.0, 0.7)-[TakeOff]-[MCU:False]-[POS:False]
1775392211.8762925 [navNode-2] 当前位置:(0.0070456042885780334, 0.004325956106185913, 0.0011064723366871476)
1775392211.9782629 [navNode-2] [INFO] [1775392211.977659731] [navNode]: 状态2：Takeoff_wait--[TakeOff]
1775392211.9790788 [navNode-2] [INFO] [1775392211.978658241] [navNode]: 未到目标点
1775392211.9793384 [navNode-2] 目标位置:(0.0, 0.0, 0.7)-[TakeOff]-[MCU:False]-[POS:False]
1775392211.9794936 [navNode-2] 当前位置:(0.0070456042885780334, 0.004325956106185913, 0.0011064723366871476)
1775392212.0756636 [navNode-2] [INFO] [1775392212.075339402] [navNode]: 状态2：Takeoff_wait--[TakeOff]
1775392212.0760491 [navNode-2] [INFO] [1775392212.075776698] [navNode]: 未到目标点
1775392212.0761764 [navNode-2] 目标位置:(0.0, 0.0, 0.7)-[TakeOff]-[MCU:False]-[POS:False]
1775392212.0762391 [navNode-2] 当前位置:(0.0070456042885780334, 0.004325956106185913, 0.0011064723366871476)
1775392212.1769347 [navNode-2] [INFO] [1775392212.176409474] [navNode]: 状态2：Takeoff_wait--[TakeOff]
1775392212.1776190 [navNode-2] [INFO] [1775392212.177150754] [navNode]: 未到目标点
1775392212.1777484 [navNode-2] 目标位置:(0.0, 0.0, 0.7)-[TakeOff]-[MCU:False]-[POS:False]
1775392212.1777978 [navNode-2] 当前位置:(0.0070456042885780334, 0.004325956106185913, 0.0011064723366871476)
1775392212.2764177 [navNode-2] [INFO] [1775392212.276024358] [navNode]: 状态2：Takeoff_wait--[TakeOff]
1775392212.2768404 [navNode-2] [INFO] [1775392212.276458055] [navNode]: 未到目标点
1775392212.2769709 [navNode-2] 目标位置:(0.0, 0.0, 0.7)-[TakeOff]-[MCU:False]-[POS:False]
1775392212.2770340 [navNode-2] 当前位置:(0.0070456042885780334, 0.004325956106185913, 0.0011064723366871476)
1775392212.3758936 [navNode-2] [INFO] [1775392212.375574560] [navNode]: 状态2：Takeoff_wait--[TakeOff]
1775392212.3762660 [navNode-2] [INFO] [1775392212.376033151] [navNode]: 未到目标点
1775392212.3764105 [navNode-2] 目标位置:(0.0, 0.0, 0.7)-[TakeOff]-[MCU:False]-[POS:False]
1775392212.3764613 [navNode-2] 当前位置:(0.0070456042885780334, 0.004325956106185913, 0.0011064723366871476)
1775392212.4757276 [navNode-2] [INFO] [1775392212.475321675] [navNode]: 状态2：Takeoff_wait--[TakeOff]
1775392212.4761460 [navNode-2] [INFO] [1775392212.475737401] [navNode]: 未到目标点
1775392212.4762352 [navNode-2] 目标位置:(0.0, 0.0, 0.7)-[TakeOff]-[MCU:False]-[POS:False]
1775392212.4763181 [navNode-2] 当前位置:(0.0070456042885780334, 0.004325956106185913, 0.0011064723366871476)
1775392212.5758204 [navNode-2] [INFO] [1775392212.575421610] [navNode]: 状态2：Takeoff_wait--[TakeOff]
1775392212.5763085 [navNode-2] [INFO] [1775392212.575867770] [navNode]: 未到目标点
1775392212.5764089 [navNode-2] 目标位置:(0.0, 0.0, 0.7)-[TakeOff]-[MCU:False]-[POS:False]
1775392212.5764525 [navNode-2] 当前位置:(0.0070456042885780334, 0.004325956106185913, 0.0011064723366871476)
1775392212.6760974 [navNode-2] [INFO] [1775392212.675693368] [navNode]: 状态2：Takeoff_wait--[TakeOff]
1775392212.6765237 [navNode-2] [INFO] [1775392212.676152014] [navNode]: 未到目标点
1775392212.6766498 [navNode-2] 目标位置:(0.0, 0.0, 0.7)-[TakeOff]-[MCU:False]-[POS:False]
1775392212.6767199 [navNode-2] 当前位置:(0.0070456042885780334, 0.004325956106185913, 0.0011064723366871476)
1775392212.7758126 [navNode-2] [INFO] [1775392212.775456623] [navNode]: 状态2：Takeoff_wait--[TakeOff]
1775392212.7762609 [navNode-2] [INFO] [1775392212.775969651] [navNode]: 未到目标点
1775392212.7763939 [navNode-2] 目标位置:(0.0, 0.0, 0.7)-[TakeOff]-[MCU:False]-[POS:False]
1775392212.7764518 [navNode-2] 当前位置:(0.0070456042885780334, 0.004325956106185913, 0.0011064723366871476)
1775392212.8763754 [navNode-2] [INFO] [1775392212.876014616] [navNode]: 状态2：Takeoff_wait--[TakeOff]
1775392212.8767869 [navNode-2] [INFO] [1775392212.876476116] [navNode]: 未到目标点
1775392212.8768656 [navNode-2] 目标位置:(0.0, 0.0, 0.7)-[TakeOff]-[MCU:False]-[POS:False]
1775392212.8769085 [navNode-2] 当前位置:(0.0070456042885780334, 0.004325956106185913, 0.0011064723366871476)
1775392212.9766128 [navNode-2] [INFO] [1775392212.976196978] [navNode]: 状态2：Takeoff_wait--[TakeOff]
1775392212.9770277 [navNode-2] [INFO] [1775392212.976669897] [navNode]: 未到目标点
1775392212.9771526 [navNode-2] 目标位置:(0.0, 0.0, 0.7)-[TakeOff]-[MCU:False]-[POS:False]
1775392212.9772267 [navNode-2] 当前位置:(0.0070456042885780334, 0.004325956106185913, 0.0011064723366871476)
1775392213.0760717 [navNode-2] [INFO] [1775392213.075692031] [navNode]: 状态2：Takeoff_wait--[TakeOff]
1775392213.0765150 [navNode-2] [INFO] [1775392213.076204926] [navNode]: 未到目标点
1775392213.0766068 [navNode-2] 目标位置:(0.0, 0.0, 0.7)-[TakeOff]-[MCU:False]-[POS:False]
1775392213.0766788 [navNode-2] 当前位置:(0.0070456042885780334, 0.004325956106185913, 0.0011064723366871476)
1775392213.1757984 [navNode-2] [INFO] [1775392213.175208821] [navNode]: 状态2：Takeoff_wait--[TakeOff]
1775392213.1763797 [navNode-2] [INFO] [1775392213.175724989] [navNode]: 未到目标点
1775392213.1765716 [navNode-2] 目标位置:(0.0, 0.0, 0.7)-[TakeOff]-[MCU:False]-[POS:False]
1775392213.1766648 [navNode-2] 当前位置:(0.0070456042885780334, 0.004325956106185913, 0.0011064723366871476)
1775392213.2771149 [navNode-2] [INFO] [1775392213.276632440] [navNode]: 状态2：Takeoff_wait--[TakeOff]
1775392213.2778997 [navNode-2] [INFO] [1775392213.277254196] [navNode]: 未到目标点
1775392213.2782395 [navNode-2] 目标位置:(0.0, 0.0, 0.7)-[TakeOff]-[MCU:False]-[POS:False]
1775392213.2785127 [navNode-2] 当前位置:(0.0070456042885780334, 0.004325956106185913, 0.0011064723366871476)
1775392213.3760185 [navNode-2] [INFO] [1775392213.375647849] [navNode]: 状态2：Takeoff_wait--[TakeOff]
1775392213.3769596 [navNode-2] [INFO] [1775392213.376586894] [navNode]: 未到目标点
1775392213.3772049 [navNode-2] 目标位置:(0.0, 0.0, 0.7)-[TakeOff]-[MCU:False]-[POS:False]
1775392213.3772912 [navNode-2] 当前位置:(0.0070456042885780334, 0.004325956106185913, 0.0011064723366871476)
1775392213.4762406 [navNode-2] [INFO] [1775392213.475826762] [navNode]: 状态2：Takeoff_wait--[TakeOff]
1775392213.4767931 [navNode-2] [INFO] [1775392213.476376142] [navNode]: 未到目标点
1775392213.4769442 [navNode-2] 目标位置:(0.0, 0.0, 0.7)-[TakeOff]-[MCU:False]-[POS:False]
1775392213.4770632 [navNode-2] 当前位置:(0.0070456042885780334, 0.004325956106185913, 0.0011064723366871476)
1775392213.5761831 [navNode-2] [INFO] [1775392213.575795542] [navNode]: 状态2：Takeoff_wait--[TakeOff]
1775392213.5767865 [navNode-2] [INFO] [1775392213.576347135] [navNode]: 未到目标点
1775392213.5769377 [navNode-2] 目标位置:(0.0, 0.0, 0.7)-[TakeOff]-[MCU:False]-[POS:False]
1775392213.5770237 [navNode-2] 当前位置:(0.0070456042885780334, 0.004325956106185913, 0.0011064723366871476)
1775392213.6762161 [navNode-2] [INFO] [1775392213.675492103] [navNode]: 状态2：Takeoff_wait--[TakeOff]
1775392213.6767573 [navNode-2] [INFO] [1775392213.676264626] [navNode]: 未到目标点
1775392213.6768761 [navNode-2] 目标位置:(0.0, 0.0, 0.7)-[TakeOff]-[MCU:False]-[POS:False]
1775392213.6769283 [navNode-2] 当前位置:(0.0070456042885780334, 0.004325956106185913, 0.0011064723366871476)
1775392213.7761142 [navNode-2] [INFO] [1775392213.775642976] [navNode]: 状态2：Takeoff_wait--[TakeOff]
1775392213.7765706 [navNode-2] [INFO] [1775392213.776231164] [navNode]: 未到目标点
1775392213.7767141 [navNode-2] 目标位置:(0.0, 0.0, 0.7)-[TakeOff]-[MCU:False]-[POS:False]
1775392213.7768402 [navNode-2] 当前位置:(0.0070456042885780334, 0.004325956106185913, 0.0011064723366871476)
1775392213.8760245 [navNode-2] [INFO] [1775392213.875596754] [navNode]: 状态2：Takeoff_wait--[TakeOff]
1775392213.8764760 [navNode-2] [INFO] [1775392213.876216684] [navNode]: 未到目标点
1775392213.8766096 [navNode-2] 目标位置:(0.0, 0.0, 0.7)-[TakeOff]-[MCU:False]-[POS:False]
1775392213.8766963 [navNode-2] 当前位置:(0.0070456042885780334, 0.004325956106185913, 0.0011064723366871476)
1775392213.9763026 [navNode-2] [INFO] [1775392213.975821251] [navNode]: 状态2：Takeoff_wait--[TakeOff]
1775392213.9770112 [navNode-2] [INFO] [1775392213.976376203] [navNode]: 未到目标点
1775392213.9772348 [navNode-2] 目标位置:(0.0, 0.0, 0.7)-[TakeOff]-[MCU:False]-[POS:False]
1775392213.9773607 [navNode-2] 当前位置:(0.0070456042885780334, 0.004325956106185913, 0.0011064723366871476)
1775392214.0756853 [navNode-2] [INFO] [1775392214.075384046] [navNode]: 状态2：Takeoff_wait--[TakeOff]
1775392214.0760608 [navNode-2] [INFO] [1775392214.075828129] [navNode]: 未到目标点
1775392214.0761406 [navNode-2] 目标位置:(0.0, 0.0, 0.7)-[TakeOff]-[MCU:False]-[POS:False]
1775392214.0761847 [navNode-2] 当前位置:(0.0070456042885780334, 0.004325956106185913, 0.0011064723366871476)
1775392214.1756814 [navNode-2] [INFO] [1775392214.175268435] [navNode]: 状态2：Takeoff_wait--[TakeOff]
1775392214.1760991 [navNode-2] [INFO] [1775392214.175699435] [navNode]: 未到目标点
1775392214.1761904 [navNode-2] 目标位置:(0.0, 0.0, 0.7)-[TakeOff]-[MCU:False]-[POS:False]
1775392214.1762567 [navNode-2] 当前位置:(0.0070456042885780334, 0.004325956106185913, 0.0011064723366871476)
1775392214.2759006 [navNode-2] [INFO] [1775392214.275503789] [navNode]: 状态2：Takeoff_wait--[TakeOff]
1775392214.2762344 [navNode-2] [INFO] [1775392214.275890495] [navNode]: 未到目标点
1775392214.2763200 [navNode-2] 目标位置:(0.0, 0.0, 0.7)-[TakeOff]-[MCU:False]-[POS:False]
1775392214.2763627 [navNode-2] 当前位置:(0.0070456042885780334, 0.004325956106185913, 0.0011064723366871476)
1775392214.3758678 [navNode-2] [INFO] [1775392214.375545102] [navNode]: 状态2：Takeoff_wait--[TakeOff]
1775392214.3762364 [navNode-2] [INFO] [1775392214.375963809] [navNode]: 未到目标点
1775392214.3763318 [navNode-2] 目标位置:(0.0, 0.0, 0.7)-[TakeOff]-[MCU:False]-[POS:False]
1775392214.3763762 [navNode-2] 当前位置:(0.0070456042885780334, 0.004325956106185913, 0.0011064723366871476)
1775392214.4768004 [navNode-2] [INFO] [1775392214.476224011] [navNode]: 状态2：Takeoff_wait--[TakeOff]
1775392214.4775796 [navNode-2] [INFO] [1775392214.476702588] [navNode]: 未到目标点
1775392214.4777153 [navNode-2] 目标位置:(0.0, 0.0, 0.7)-[TakeOff]-[MCU:False]-[POS:False]
1775392214.4777744 [navNode-2] 当前位置:(0.0070456042885780334, 0.004325956106185913, 0.0011064723366871476)
1775392214.5762351 [navNode-2] [INFO] [1775392214.575769769] [navNode]: 状态2：Takeoff_wait--[TakeOff]
1775392214.5767064 [navNode-2] [INFO] [1775392214.576310811] [navNode]: 未到目标点
1775392214.5768602 [navNode-2] 目标位置:(0.0, 0.0, 0.7)-[TakeOff]-[MCU:False]-[POS:False]
1775392214.5769217 [navNode-2] 当前位置:(0.0070456042885780334, 0.004325956106185913, 0.0011064723366871476)
1775392214.6762075 [navNode-2] [INFO] [1775392214.675820449] [navNode]: 状态2：Takeoff_wait--[TakeOff]
1775392214.6767197 [navNode-2] [INFO] [1775392214.676281506] [navNode]: 未到目标点
1775392214.6769118 [navNode-2] 目标位置:(0.0, 0.0, 0.7)-[TakeOff]-[MCU:False]-[POS:False]
1775392214.6769977 [navNode-2] 当前位置:(0.0070456042885780334, 0.004325956106185913, 0.0011064723366871476)
1775392214.7781901 [navNode-2] [INFO] [1775392214.777421719] [navNode]: 状态2：Takeoff_wait--[TakeOff]
1775392214.7790217 [navNode-2] [INFO] [1775392214.778566742] [navNode]: 未到目标点
1775392214.7792690 [navNode-2] 目标位置:(0.0, 0.0, 0.7)-[TakeOff]-[MCU:False]-[POS:False]
1775392214.7794585 [navNode-2] 当前位置:(0.0070456042885780334, 0.004325956106185913, 0.0011064723366871476)
1775392214.8755581 [navNode-2] [INFO] [1775392214.875170227] [navNode]: 状态2：Takeoff_wait--[TakeOff]
1775392214.8759716 [navNode-2] [INFO] [1775392214.875623481] [navNode]: 未到目标点
1775392214.8760657 [navNode-2] 目标位置:(0.0, 0.0, 0.7)-[TakeOff]-[MCU:False]-[POS:False]
1775392214.8761168 [navNode-2] 当前位置:(0.0070456042885780334, 0.004325956106185913, 0.0011064723366871476)
1775392214.9756515 [navNode-2] [INFO] [1775392214.975273581] [navNode]: 状态2：Takeoff_wait--[TakeOff]
1775392214.9760463 [navNode-2] [INFO] [1775392214.975660047] [navNode]: 未到目标点
1775392214.9761472 [navNode-2] 目标位置:(0.0, 0.0, 0.7)-[TakeOff]-[MCU:False]-[POS:False]
1775392214.9761934 [navNode-2] 当前位置:(0.0070456042885780334, 0.004325956106185913, 0.0011064723366871476)
1775392215.0756655 [navNode-2] [INFO] [1775392215.075356586] [navNode]: 状态2：Takeoff_wait--[TakeOff]
1775392215.0760086 [navNode-2] [INFO] [1775392215.075760976] [navNode]: 未到目标点
1775392215.0760868 [navNode-2] 目标位置:(0.0, 0.0, 0.7)-[TakeOff]-[MCU:False]-[POS:False]
1775392215.0761311 [navNode-2] 当前位置:(0.0070456042885780334, 0.004325956106185913, 0.0011064723366871476)
1775392215.1754534 [navNode-2] [INFO] [1775392215.175145450] [navNode]: 状态2：Takeoff_wait--[TakeOff]
1775392215.1758242 [navNode-2] [INFO] [1775392215.175516167] [navNode]: 未到目标点
1775392215.1759086 [navNode-2] 目标位置:(0.0, 0.0, 0.7)-[TakeOff]-[MCU:False]-[POS:False]
1775392215.1759496 [navNode-2] 当前位置:(0.0070456042885780334, 0.004325956106185913, 0.0011064723366871476)
1775392215.2763679 [navNode-2] [INFO] [1775392215.275909048] [navNode]: 状态2：Takeoff_wait--[TakeOff]
1775392215.2768929 [navNode-2] [INFO] [1775392215.276442162] [navNode]: 未到目标点
1775392215.2770209 [navNode-2] 目标位置:(0.0, 0.0, 0.7)-[TakeOff]-[MCU:False]-[POS:False]
1775392215.2771015 [navNode-2] 当前位置:(0.0070456042885780334, 0.004325956106185913, 0.0011064723366871476)
1775392215.3760793 [navNode-2] [INFO] [1775392215.375707913] [navNode]: 状态2：Takeoff_wait--[TakeOff]
1775392215.3764627 [navNode-2] [INFO] [1775392215.376107173] [navNode]: 未到目标点
1775392215.3765585 [navNode-2] 目标位置:(0.0, 0.0, 0.7)-[TakeOff]-[MCU:False]-[POS:False]
1775392215.3766179 [navNode-2] 当前位置:(0.0070456042885780334, 0.004325956106185913, 0.0011064723366871476)
1775392215.4761939 [navNode-2] [INFO] [1775392215.475792730] [navNode]: 状态2：Takeoff_wait--[TakeOff]
1775392215.4765368 [navNode-2] [INFO] [1775392215.476247041] [navNode]: 未到目标点
1775392215.4766235 [navNode-2] 目标位置:(0.0, 0.0, 0.7)-[TakeOff]-[MCU:False]-[POS:False]
1775392215.4766665 [navNode-2] 当前位置:(0.0070456042885780334, 0.004325956106185913, 0.0011064723366871476)
1775392215.5775380 [navNode-2] [INFO] [1775392215.576838248] [navNode]: 状态2：Takeoff_wait--[TakeOff]
1775392215.5783024 [navNode-2] [INFO] [1775392215.577879311] [navNode]: 未到目标点
1775392215.5791159 [navNode-2] 目标位置:(0.0, 0.0, 0.7)-[TakeOff]-[MCU:False]-[POS:False]
1775392215.5795720 [navNode-2] 当前位置:(0.0070456042885780334, 0.004325956106185913, 0.0011064723366871476)
1775392215.6762819 [navNode-2] [INFO] [1775392215.675859410] [navNode]: 状态2：Takeoff_wait--[TakeOff]
1775392215.6766851 [navNode-2] [INFO] [1775392215.676318322] [navNode]: 未到目标点
1775392215.6767461 [navNode-2] 目标位置:(0.0, 0.0, 0.7)-[TakeOff]-[MCU:False]-[POS:False]
1775392215.6767828 [navNode-2] 当前位置:(0.0070456042885780334, 0.004325956106185913, 0.0011064723366871476)
1775392215.7759106 [navNode-2] [INFO] [1775392215.775508516] [navNode]: 状态2：Takeoff_wait--[TakeOff]
1775392215.7763915 [navNode-2] [INFO] [1775392215.775955908] [navNode]: 未到目标点
1775392215.7765176 [navNode-2] 目标位置:(0.0, 0.0, 0.7)-[TakeOff]-[MCU:False]-[POS:False]
1775392215.7765777 [navNode-2] 当前位置:(0.0070456042885780334, 0.004325956106185913, 0.0011064723366871476)
1775392215.8757985 [navNode-2] [INFO] [1775392215.875478596] [navNode]: 状态2：Takeoff_wait--[TakeOff]
1775392215.8761923 [navNode-2] [INFO] [1775392215.875896074] [navNode]: 未到目标点
1775392215.8763008 [navNode-2] 目标位置:(0.0, 0.0, 0.7)-[TakeOff]-[MCU:False]-[POS:False]
1775392215.8763492 [navNode-2] 当前位置:(0.0070456042885780334, 0.004325956106185913, 0.0011064723366871476)
1775392215.9758558 [navNode-2] [INFO] [1775392215.975486259] [navNode]: 状态2：Takeoff_wait--[TakeOff]
1775392215.9762685 [navNode-2] [INFO] [1775392215.975895342] [navNode]: 未到目标点
1775392215.9763556 [navNode-2] 目标位置:(0.0, 0.0, 0.7)-[TakeOff]-[MCU:False]-[POS:False]
1775392215.9763973 [navNode-2] 当前位置:(0.0070456042885780334, 0.004325956106185913, 0.0011064723366871476)
1775392216.0764861 [navNode-2] [INFO] [1775392216.076163367] [navNode]: 状态2：Takeoff_wait--[TakeOff]
1775392216.0768690 [navNode-2] [INFO] [1775392216.076597957] [navNode]: 未到目标点
1775392216.0769567 [navNode-2] 目标位置:(0.0, 0.0, 0.7)-[TakeOff]-[MCU:False]-[POS:False]
1775392216.0770240 [navNode-2] 当前位置:(0.0070456042885780334, 0.004325956106185913, 0.0011064723366871476)
1775392216.1757808 [navNode-2] [INFO] [1775392216.175482574] [navNode]: 状态2：Takeoff_wait--[TakeOff]
1775392216.1761348 [navNode-2] [INFO] [1775392216.175897319] [navNode]: 未到目标点
1775392216.1762211 [navNode-2] 目标位置:(0.0, 0.0, 0.7)-[TakeOff]-[MCU:False]-[POS:False]
1775392216.1762848 [navNode-2] 当前位置:(0.0070456042885780334, 0.004325956106185913, 0.0011064723366871476)
1775392216.2756362 [navNode-2] [INFO] [1775392216.275330316] [navNode]: 状态2：Takeoff_wait--[TakeOff]
1775392216.2760086 [navNode-2] [INFO] [1775392216.275716307] [navNode]: 未到目标点
1775392216.2761145 [navNode-2] 目标位置:(0.0, 0.0, 0.7)-[TakeOff]-[MCU:False]-[POS:False]
1775392216.2761602 [navNode-2] 当前位置:(0.0070456042885780334, 0.004325956106185913, 0.0011064723366871476)
1775392216.3757396 [navNode-2] [INFO] [1775392216.375360106] [navNode]: 状态2：Takeoff_wait--[TakeOff]
1775392216.3761177 [navNode-2] [INFO] [1775392216.375738254] [navNode]: 未到目标点
1775392216.3762200 [navNode-2] 目标位置:(0.0, 0.0, 0.7)-[TakeOff]-[MCU:False]-[POS:False]
1775392216.3762782 [navNode-2] 当前位置:(0.0070456042885780334, 0.004325956106185913, 0.0011064723366871476)
1775392216.4754808 [navNode-2] [INFO] [1775392216.475098403] [navNode]: 状态2：Takeoff_wait--[TakeOff]
1775392216.4758742 [navNode-2] [INFO] [1775392216.475498847] [navNode]: 未到目标点
1775392216.4760039 [navNode-2] 目标位置:(0.0, 0.0, 0.7)-[TakeOff]-[MCU:False]-[POS:False]
1775392216.4760516 [navNode-2] 当前位置:(0.0070456042885780334, 0.004325956106185913, 0.0011064723366871476)
1775392216.5767281 [navNode-2] [INFO] [1775392216.576346223] [navNode]: 状态2：Takeoff_wait--[TakeOff]
1775392216.5771680 [navNode-2] [INFO] [1775392216.576857915] [navNode]: 未到目标点
1775392216.5772872 [navNode-2] 目标位置:(0.0, 0.0, 0.7)-[TakeOff]-[MCU:False]-[POS:False]
1775392216.5773733 [navNode-2] 当前位置:(0.0070456042885780334, 0.004325956106185913, 0.0011064723366871476)
1775392216.6760700 [navNode-2] [INFO] [1775392216.675683313] [navNode]: 状态2：Takeoff_wait--[TakeOff]
1775392216.6764259 [navNode-2] [INFO] [1775392216.676102005] [navNode]: 未到目标点
1775392216.6765115 [navNode-2] 目标位置:(0.0, 0.0, 0.7)-[TakeOff]-[MCU:False]-[POS:False]
1775392216.6765630 [navNode-2] 当前位置:(0.0070456042885780334, 0.004325956106185913, 0.0011064723366871476)
1775392216.7762861 [navNode-2] [INFO] [1775392216.775845106] [navNode]: 状态2：Takeoff_wait--[TakeOff]
1775392216.7766387 [navNode-2] [INFO] [1775392216.776309696] [navNode]: 未到目标点
1775392216.7767253 [navNode-2] 目标位置:(0.0, 0.0, 0.7)-[TakeOff]-[MCU:False]-[POS:False]
1775392216.7767649 [navNode-2] 当前位置:(0.0070456042885780334, 0.004325956106185913, 0.0011064723366871476)
1775392216.8755481 [navNode-2] [INFO] [1775392216.875160990] [navNode]: 状态2：Takeoff_wait--[TakeOff]
1775392216.8759201 [navNode-2] [INFO] [1775392216.875575347] [navNode]: 未到目标点
1775392216.8760195 [navNode-2] 目标位置:(0.0, 0.0, 0.7)-[TakeOff]-[MCU:False]-[POS:False]
1775392216.8760653 [navNode-2] 当前位置:(0.0070456042885780334, 0.004325956106185913, 0.0011064723366871476)
1775392216.9763281 [navNode-2] [INFO] [1775392216.975955676] [navNode]: 状态2：Takeoff_wait--[TakeOff]
1775392216.9768229 [navNode-2] [INFO] [1775392216.976399348] [navNode]: 未到目标点
1775392216.9769962 [navNode-2] 目标位置:(0.0, 0.0, 0.7)-[TakeOff]-[MCU:False]-[POS:False]
1775392216.9770827 [navNode-2] 当前位置:(0.0070456042885780334, 0.004325956106185913, 0.0011064723366871476)
1775392217.0763645 [navNode-2] [INFO] [1775392217.075945580] [navNode]: 状态2：Takeoff_wait--[TakeOff]
1775392217.0768571 [navNode-2] [INFO] [1775392217.076561268] [navNode]: 未到目标点
1775392217.0770216 [navNode-2] 目标位置:(0.0, 0.0, 0.7)-[TakeOff]-[MCU:False]-[POS:False]
1775392217.0770962 [navNode-2] 当前位置:(0.0070456042885780334, 0.004325956106185913, 0.0011064723366871476)
1775392217.1758990 [navNode-2] [INFO] [1775392217.175555093] [navNode]: 状态2：Takeoff_wait--[TakeOff]
1775392217.1763573 [navNode-2] [INFO] [1775392217.176030439] [navNode]: 未到目标点
1775392217.1764903 [navNode-2] 目标位置:(0.0, 0.0, 0.7)-[TakeOff]-[MCU:False]-[POS:False]
1775392217.1765716 [navNode-2] 当前位置:(0.0070456042885780334, 0.004325956106185913, 0.0011064723366871476)
1775392217.2758391 [navNode-2] [INFO] [1775392217.275499670] [navNode]: 状态2：Takeoff_wait--[TakeOff]
1775392217.2763162 [navNode-2] [INFO] [1775392217.276012834] [navNode]: 未到目标点
1775392217.2764564 [navNode-2] 目标位置:(0.0, 0.0, 0.7)-[TakeOff]-[MCU:False]-[POS:False]
1775392217.2765307 [navNode-2] 当前位置:(0.0070456042885780334, 0.004325956106185913, 0.0011064723366871476)
1775392217.3758302 [navNode-2] [INFO] [1775392217.375415915] [navNode]: 状态2：Takeoff_wait--[TakeOff]
1775392217.3762941 [navNode-2] [INFO] [1775392217.375899550] [navNode]: 未到目标点
1775392217.3764162 [navNode-2] 目标位置:(0.0, 0.0, 0.7)-[TakeOff]-[MCU:False]-[POS:False]
1775392217.3764908 [navNode-2] 当前位置:(0.0070456042885780334, 0.004325956106185913, 0.0011064723366871476)
1775392217.4767332 [navNode-2] [INFO] [1775392217.476279975] [navNode]: 状态2：Takeoff_wait--[TakeOff]
1775392217.4771774 [navNode-2] [INFO] [1775392217.476820656] [navNode]: 未到目标点
1775392217.4772880 [navNode-2] 目标位置:(0.0, 0.0, 0.7)-[TakeOff]-[MCU:False]-[POS:False]
1775392217.4773693 [navNode-2] 当前位置:(0.0070456042885780334, 0.004325956106185913, 0.0011064723366871476)
1775392217.5759888 [navNode-2] [INFO] [1775392217.575632088] [navNode]: 状态2：Takeoff_wait--[TakeOff]
1775392217.5765855 [navNode-2] [INFO] [1775392217.576143126] [navNode]: 未到目标点
1775392217.5767670 [navNode-2] 目标位置:(0.0, 0.0, 0.7)-[TakeOff]-[MCU:False]-[POS:False]
1775392217.5768464 [navNode-2] 当前位置:(0.0070456042885780334, 0.004325956106185913, 0.0011064723366871476)
1775392217.6759324 [navNode-2] [INFO] [1775392217.675508459] [navNode]: 状态2：Takeoff_wait--[TakeOff]
1775392217.6763976 [navNode-2] [INFO] [1775392217.676015662] [navNode]: 未到目标点
1775392217.6765082 [navNode-2] 目标位置:(0.0, 0.0, 0.7)-[TakeOff]-[MCU:False]-[POS:False]
1775392217.6765773 [navNode-2] 当前位置:(0.0070456042885780334, 0.004325956106185913, 0.0011064723366871476)
1775392217.7764382 [navNode-2] [INFO] [1775392217.776007712] [navNode]: 状态2：Takeoff_wait--[TakeOff]
1775392217.7769177 [navNode-2] [INFO] [1775392217.776502385] [navNode]: 未到目标点
1775392217.7770631 [navNode-2] 目标位置:(0.0, 0.0, 0.7)-[TakeOff]-[MCU:False]-[POS:False]
1775392217.7771418 [navNode-2] 当前位置:(0.0070456042885780334, 0.004325956106185913, 0.0011064723366871476)
1775392217.8760185 [navNode-2] [INFO] [1775392217.875577931] [navNode]: 状态2：Takeoff_wait--[TakeOff]
1775392217.8765514 [navNode-2] [INFO] [1775392217.876289857] [navNode]: 未到目标点
1775392217.8767302 [navNode-2] 目标位置:(0.0, 0.0, 0.7)-[TakeOff]-[MCU:False]-[POS:False]
1775392217.8768449 [navNode-2] 当前位置:(0.0070456042885780334, 0.004325956106185913, 0.0011064723366871476)
1775392217.9762566 [navNode-2] [INFO] [1775392217.975897511] [navNode]: 状态2：Takeoff_wait--[TakeOff]
1775392217.9767468 [navNode-2] [INFO] [1775392217.976484079] [navNode]: 未到目标点
1775392217.9768388 [navNode-2] 目标位置:(0.0, 0.0, 0.7)-[TakeOff]-[MCU:False]-[POS:False]
1775392217.9768875 [navNode-2] 当前位置:(0.0070456042885780334, 0.004325956106185913, 0.0011064723366871476)
1775392218.0759828 [navNode-2] [INFO] [1775392218.075522202] [navNode]: 状态2：Takeoff_wait--[TakeOff]
1775392218.0765319 [navNode-2] [INFO] [1775392218.076239025] [navNode]: 未到目标点
1775392218.0766261 [navNode-2] 目标位置:(0.0, 0.0, 0.7)-[TakeOff]-[MCU:False]-[POS:False]
1775392218.0766847 [navNode-2] 当前位置:(0.0070456042885780334, 0.004325956106185913, 0.0011064723366871476)
1775392218.1765223 [navNode-2] [INFO] [1775392218.176065973] [navNode]: 状态2：Takeoff_wait--[TakeOff]
1775392218.1771300 [navNode-2] [INFO] [1775392218.176847023] [navNode]: 未到目标点
1775392218.1772742 [navNode-2] 目标位置:(0.0, 0.0, 0.7)-[TakeOff]-[MCU:False]-[POS:False]
1775392218.1773629 [navNode-2] 当前位置:(0.0070456042885780334, 0.004325956106185913, 0.0011064723366871476)
1775392218.2760303 [navNode-2] [INFO] [1775392218.275603129] [navNode]: 状态2：Takeoff_wait--[TakeOff]
1775392218.2765024 [navNode-2] [INFO] [1775392218.276226860] [navNode]: 未到目标点
1775392218.2765889 [navNode-2] 目标位置:(0.0, 0.0, 0.7)-[TakeOff]-[MCU:False]-[POS:False]
1775392218.2766447 [navNode-2] 当前位置:(0.0070456042885780334, 0.004325956106185913, 0.0011064723366871476)
1775392218.3760304 [navNode-2] [INFO] [1775392218.375631337] [navNode]: 状态2：Takeoff_wait--[TakeOff]
1775392218.3765478 [navNode-2] [INFO] [1775392218.376216497] [navNode]: 未到目标点
1775392218.3766632 [navNode-2] 目标位置:(0.0, 0.0, 0.7)-[TakeOff]-[MCU:False]-[POS:False]
1775392218.3767238 [navNode-2] 当前位置:(0.0070456042885780334, 0.004325956106185913, 0.0011064723366871476)
1775392218.4768271 [navNode-2] [INFO] [1775392218.476278699] [navNode]: 状态2：Takeoff_wait--[TakeOff]
1775392218.4774172 [navNode-2] [INFO] [1775392218.476993855] [navNode]: 未到目标点
1775392218.4775462 [navNode-2] 目标位置:(0.0, 0.0, 0.7)-[TakeOff]-[MCU:False]-[POS:False]
1775392218.4776125 [navNode-2] 当前位置:(0.0070456042885780334, 0.004325956106185913, 0.0011064723366871476)
1775392218.5759406 [navNode-2] [INFO] [1775392218.575531424] [navNode]: 状态2：Takeoff_wait--[TakeOff]
1775392218.5764818 [navNode-2] [INFO] [1775392218.576358069] [navNode]: 未到目标点
1775392218.5765948 [navNode-2] 目标位置:(0.0, 0.0, 0.7)-[TakeOff]-[MCU:False]-[POS:False]
1775392218.5766468 [navNode-2] 当前位置:(0.0070456042885780334, 0.004325956106185913, 0.0011064723366871476)
1775392218.6789296 [navNode-2] [INFO] [1775392218.677887054] [navNode]: 状态2：Takeoff_wait--[TakeOff]
1775392218.6799285 [navNode-2] [INFO] [1775392218.679474519] [navNode]: 未到目标点
1775392218.6802013 [navNode-2] 目标位置:(0.0, 0.0, 0.7)-[TakeOff]-[MCU:False]-[POS:False]
1775392218.6803167 [navNode-2] 当前位置:(0.0070456042885780334, 0.004325956106185913, 0.0011064723366871476)
1775392218.7757983 [navNode-2] [INFO] [1775392218.775285008] [navNode]: 状态2：Takeoff_wait--[TakeOff]
1775392218.7763460 [navNode-2] [INFO] [1775392218.776051552] [navNode]: 未到目标点
1775392218.7764921 [navNode-2] 目标位置:(0.0, 0.0, 0.7)-[TakeOff]-[MCU:False]-[POS:False]
1775392218.7765849 [navNode-2] 当前位置:(0.0070456042885780334, 0.004325956106185913, 0.0011064723366871476)
1775392218.8759136 [navNode-2] [INFO] [1775392218.875529827] [navNode]: 状态2：Takeoff_wait--[TakeOff]
1775392218.8764753 [navNode-2] [INFO] [1775392218.876104252] [navNode]: 未到目标点
1775392218.8766372 [navNode-2] 目标位置:(0.0, 0.0, 0.7)-[TakeOff]-[MCU:False]-[POS:False]
1775392218.8767016 [navNode-2] 当前位置:(0.0070456042885780334, 0.004325956106185913, 0.0011064723366871476)
1775392218.9762657 [navNode-2] [INFO] [1775392218.975799620] [navNode]: 状态2：Takeoff_wait--[TakeOff]
1775392218.9768491 [navNode-2] [INFO] [1775392218.976419675] [navNode]: 未到目标点
1775392218.9770312 [navNode-2] 目标位置:(0.0, 0.0, 0.7)-[TakeOff]-[MCU:False]-[POS:False]
1775392218.9771056 [navNode-2] 当前位置:(0.0070456042885780334, 0.004325956106185913, 0.0011064723366871476)
1775392219.0771408 [navNode-2] [INFO] [1775392219.076782813] [navNode]: 状态2：Takeoff_wait--[TakeOff]
1775392219.0776272 [navNode-2] [INFO] [1775392219.077307125] [navNode]: 未到目标点
1775392219.0777667 [navNode-2] 目标位置:(0.0, 0.0, 0.7)-[TakeOff]-[MCU:False]-[POS:False]
1775392219.0778575 [navNode-2] 当前位置:(0.0070456042885780334, 0.004325956106185913, 0.0011064723366871476)
1775392219.1755812 [navNode-2] [INFO] [1775392219.175180839] [navNode]: 状态2：Takeoff_wait--[TakeOff]
1775392219.1760492 [navNode-2] [INFO] [1775392219.175752696] [navNode]: 未到目标点
1775392219.1761725 [navNode-2] 目标位置:(0.0, 0.0, 0.7)-[TakeOff]-[MCU:False]-[POS:False]
1775392219.1762283 [navNode-2] 当前位置:(0.0070456042885780334, 0.004325956106185913, 0.0011064723366871476)
1775392219.2755845 [navNode-2] [INFO] [1775392219.275181360] [navNode]: 状态2：Takeoff_wait--[TakeOff]
1775392219.2760572 [navNode-2] [INFO] [1775392219.275615051] [navNode]: 未到目标点
1775392219.2761781 [navNode-2] 目标位置:(0.0, 0.0, 0.7)-[TakeOff]-[MCU:False]-[POS:False]
1775392219.2762568 [navNode-2] 当前位置:(0.0070456042885780334, 0.004325956106185913, 0.0011064723366871476)
1775392219.3759849 [navNode-2] [INFO] [1775392219.375650941] [navNode]: 状态2：Takeoff_wait--[TakeOff]
1775392219.3764908 [navNode-2] [INFO] [1775392219.376327927] [navNode]: 未到目标点
1775392219.3766143 [navNode-2] 目标位置:(0.0, 0.0, 0.7)-[TakeOff]-[MCU:False]-[POS:False]
1775392219.3766704 [navNode-2] 当前位置:(0.0070456042885780334, 0.004325956106185913, 0.0011064723366871476)
1775392219.4758716 [navNode-2] [INFO] [1775392219.475515769] [navNode]: 状态2：Takeoff_wait--[TakeOff]
1775392219.4763379 [navNode-2] [INFO] [1775392219.475998465] [navNode]: 未到目标点
1775392219.4764547 [navNode-2] 目标位置:(0.0, 0.0, 0.7)-[TakeOff]-[MCU:False]-[POS:False]
1775392219.4765046 [navNode-2] 当前位置:(0.0070456042885780334, 0.004325956106185913, 0.0011064723366871476)
1775392219.5758450 [navNode-2] [INFO] [1775392219.575471382] [navNode]: 状态2：Takeoff_wait--[TakeOff]
1775392219.5763364 [navNode-2] [INFO] [1775392219.575945347] [navNode]: 未到目标点
1775392219.5764875 [navNode-2] 目标位置:(0.0, 0.0, 0.7)-[TakeOff]-[MCU:False]-[POS:False]
1775392219.5765584 [navNode-2] 当前位置:(0.0070456042885780334, 0.004325956106185913, 0.0011064723366871476)
1775392219.6759040 [navNode-2] [INFO] [1775392219.675365199] [navNode]: 状态2：Takeoff_wait--[TakeOff]
1775392219.6765461 [navNode-2] [INFO] [1775392219.675899629] [navNode]: 未到目标点
1775392219.6767423 [navNode-2] 目标位置:(0.0, 0.0, 0.7)-[TakeOff]-[MCU:False]-[POS:False]
1775392219.6768730 [navNode-2] 当前位置:(0.0070456042885780334, 0.004325956106185913, 0.0011064723366871476)
1775392219.7758398 [navNode-2] [INFO] [1775392219.775446455] [navNode]: 状态2：Takeoff_wait--[TakeOff]
1775392219.7763455 [navNode-2] [INFO] [1775392219.776168616] [navNode]: 未到目标点
1775392219.7764702 [navNode-2] 目标位置:(0.0, 0.0, 0.7)-[TakeOff]-[MCU:False]-[POS:False]
1775392219.7765441 [navNode-2] 当前位置:(0.0070456042885780334, 0.004325956106185913, 0.0011064723366871476)
1775392219.8756244 [navNode-2] [INFO] [1775392219.875212195] [navNode]: 状态2：Takeoff_wait--[TakeOff]
1775392219.8765295 [navNode-2] [INFO] [1775392219.876208200] [navNode]: 未到目标点
1775392219.8766885 [navNode-2] 目标位置:(0.0, 0.0, 0.7)-[TakeOff]-[MCU:False]-[POS:False]
1775392219.8767447 [navNode-2] 当前位置:(0.0070456042885780334, 0.004325956106185913, 0.0011064723366871476)
1775392219.9757566 [navNode-2] [INFO] [1775392219.975311691] [navNode]: 状态2：Takeoff_wait--[TakeOff]
1775392219.9762726 [navNode-2] [INFO] [1775392219.976032264] [navNode]: 未到目标点
1775392219.9764166 [navNode-2] 目标位置:(0.0, 0.0, 0.7)-[TakeOff]-[MCU:False]-[POS:False]
1775392219.9765048 [navNode-2] 当前位置:(0.0070456042885780334, 0.004325956106185913, 0.0011064723366871476)
1775392220.0756145 [navNode-2] [INFO] [1775392220.075236083] [navNode]: 状态2：Takeoff_wait--[TakeOff]
1775392220.0760305 [navNode-2] [INFO] [1775392220.075867239] [navNode]: 未到目标点
1775392220.0761516 [navNode-2] 目标位置:(0.0, 0.0, 0.7)-[TakeOff]-[MCU:False]-[POS:False]
1775392220.0762122 [navNode-2] 当前位置:(0.0070456042885780334, 0.004325956106185913, 0.0011064723366871476)
1775392220.1758151 [navNode-2] [INFO] [1775392220.175414599] [navNode]: 状态2：Takeoff_wait--[TakeOff]
1775392220.1762803 [navNode-2] [INFO] [1775392220.175927420] [navNode]: 未到目标点
1775392220.1763959 [navNode-2] 目标位置:(0.0, 0.0, 0.7)-[TakeOff]-[MCU:False]-[POS:False]
1775392220.1764750 [navNode-2] 当前位置:(0.0070456042885780334, 0.004325956106185913, 0.0011064723366871476)
1775392220.2754252 [navNode-2] [INFO] [1775392220.275034476] [navNode]: 状态2：Takeoff_wait--[TakeOff]
1775392220.2758834 [navNode-2] [INFO] [1775392220.275487185] [navNode]: 未到目标点
1775392220.2760119 [navNode-2] 目标位置:(0.0, 0.0, 0.7)-[TakeOff]-[MCU:False]-[POS:False]
1775392220.2760651 [navNode-2] 当前位置:(0.0070456042885780334, 0.004325956106185913, 0.0011064723366871476)
1775392220.3764699 [navNode-2] [INFO] [1775392220.376076601] [navNode]: 状态2：Takeoff_wait--[TakeOff]
1775392220.3768744 [navNode-2] [INFO] [1775392220.376503680] [navNode]: 未到目标点
1775392220.3769875 [navNode-2] 目标位置:(0.0, 0.0, 0.7)-[TakeOff]-[MCU:False]-[POS:False]
1775392220.3770378 [navNode-2] 当前位置:(0.0070456042885780334, 0.004325956106185913, 0.0011064723366871476)
1775392220.4754157 [navNode-2] [INFO] [1775392220.475017834] [navNode]: 状态2：Takeoff_wait--[TakeOff]
1775392220.4758806 [navNode-2] [INFO] [1775392220.475448422] [navNode]: 未到目标点
1775392220.4760029 [navNode-2] 目标位置:(0.0, 0.0, 0.7)-[TakeOff]-[MCU:False]-[POS:False]
1775392220.4760530 [navNode-2] 当前位置:(0.0070456042885780334, 0.004325956106185913, 0.0011064723366871476)
1775392220.5598407 [myMain-1] [INFO] [1775392220.559493326] [Ground]: 发送 scan_all 成功
1775392220.5608048 [navNode-2] [INFO] [1775392220.560557008] [navNode]: 收到来自UI的请求：scan_all
1775392220.5611172 [navNode-2] [WARN] [1775392220.561041427] [navNode]: 任务开始执行scan_all
1775392220.5630858 [myMain-1] [INFO] [1775392220.562919025] [Ground]: scan_all 响应成功 → 回复：scan_all
1775392220.5752678 [navNode-2] [INFO] [1775392220.574987724] [navNode]: 状态2：Takeoff_wait--[TakeOff]
1775392220.5756116 [navNode-2] [INFO] [1775392220.575436030] [navNode]: 未到目标点
1775392220.5756969 [navNode-2] 目标位置:(0.0, 0.0, 0.7)-[TakeOff]-[MCU:False]-[POS:False]
1775392220.5761185 [navNode-2] 当前位置:(0.0070456042885780334, 0.004325956106185913, 0.0011064723366871476)
1775392220.6759472 [navNode-2] [INFO] [1775392220.675635900] [navNode]: 状态2：Takeoff_wait--[TakeOff]
1775392220.6764278 [navNode-2] [INFO] [1775392220.676118713] [navNode]: 未到目标点
1775392220.6765189 [navNode-2] 目标位置:(0.0, 0.0, 0.7)-[TakeOff]-[MCU:False]-[POS:False]
1775392220.6765676 [navNode-2] 当前位置:(0.0070456042885780334, 0.004325956106185913, 0.0011064723366871476)
1775392220.7758868 [navNode-2] [INFO] [1775392220.775478084] [navNode]: 状态2：Takeoff_wait--[TakeOff]
1775392220.7762828 [navNode-2] [INFO] [1775392220.776187063] [navNode]: 未到目标点
1775392220.7763560 [navNode-2] 目标位置:(0.0, 0.0, 0.7)-[TakeOff]-[MCU:False]-[POS:False]
1775392220.7764001 [navNode-2] 当前位置:(0.0070456042885780334, 0.004325956106185913, 0.0011064723366871476)
1775392220.8759124 [navNode-2] [INFO] [1775392220.875494030] [navNode]: 状态2：Takeoff_wait--[TakeOff]
1775392220.8763247 [navNode-2] [INFO] [1775392220.875953032] [navNode]: 未到目标点
1775392220.8764331 [navNode-2] 目标位置:(0.0, 0.0, 0.7)-[TakeOff]-[MCU:False]-[POS:False]
1775392220.8765025 [navNode-2] 当前位置:(0.0070456042885780334, 0.004325956106185913, 0.0011064723366871476)
1775392220.9619546 [myMain-1] [INFO] [1775392220.961560996] [Ground]: 发送 scan_all 成功
1775392220.9630744 [navNode-2] [INFO] [1775392220.962811478] [navNode]: 收到来自UI的请求：scan_all
1775392220.9634769 [navNode-2] [WARN] [1775392220.963233852] [navNode]: 任务开始执行scan_all
1775392220.9651141 [myMain-1] [INFO] [1775392220.964912550] [Ground]: scan_all 响应成功 → 回复：scan_all
1775392220.9756613 [navNode-2] [INFO] [1775392220.975296456] [navNode]: 状态2：Takeoff_wait--[TakeOff]
1775392220.9760182 [navNode-2] [INFO] [1775392220.975772981] [navNode]: 未到目标点
1775392220.9760921 [navNode-2] 目标位置:(0.0, 0.0, 0.7)-[TakeOff]-[MCU:False]-[POS:False]
1775392220.9761324 [navNode-2] 当前位置:(0.0070456042885780334, 0.004325956106185913, 0.0011064723366871476)
1775392221.0756764 [navNode-2] [INFO] [1775392221.075327795] [navNode]: 状态2：Takeoff_wait--[TakeOff]
1775392221.0761468 [navNode-2] [INFO] [1775392221.075834506] [navNode]: 未到目标点
1775392221.0763505 [navNode-2] 目标位置:(0.0, 0.0, 0.7)-[TakeOff]-[MCU:False]-[POS:False]
1775392221.0764003 [navNode-2] 当前位置:(0.0070456042885780334, 0.004325956106185913, 0.0011064723366871476)
1775392221.1457698 [myMain-1] [INFO] [1775392221.145421483] [Ground]: 发送 scan_all 成功
1775392221.1472158 [navNode-2] [INFO] [1775392221.146979106] [navNode]: 收到来自UI的请求：scan_all
1775392221.1475534 [navNode-2] [WARN] [1775392221.147456947] [navNode]: 任务开始执行scan_all
1775392221.1491852 [myMain-1] [INFO] [1775392221.148988135] [Ground]: scan_all 响应成功 → 回复：scan_all
1775392221.1758702 [navNode-2] [INFO] [1775392221.175472923] [navNode]: 状态2：Takeoff_wait--[TakeOff]
1775392221.1763425 [navNode-2] [INFO] [1775392221.176135349] [navNode]: 未到目标点
1775392221.1764379 [navNode-2] 目标位置:(0.0, 0.0, 0.7)-[TakeOff]-[MCU:False]-[POS:False]
1775392221.1764886 [navNode-2] 当前位置:(0.0070456042885780334, 0.004325956106185913, 0.0011064723366871476)
1775392221.2755384 [navNode-2] [INFO] [1775392221.275197817] [navNode]: 状态2：Takeoff_wait--[TakeOff]
1775392221.2760539 [navNode-2] [INFO] [1775392221.275720882] [navNode]: 未到目标点
1775392221.2761467 [navNode-2] 目标位置:(0.0, 0.0, 0.7)-[TakeOff]-[MCU:False]-[POS:False]
1775392221.2761960 [navNode-2] 当前位置:(0.0070456042885780334, 0.004325956106185913, 0.0011064723366871476)
1775392221.3297417 [myMain-1] [INFO] [1775392221.329286780] [Ground]: 发送 scan_all 成功
1775392221.3303795 [navNode-2] [INFO] [1775392221.330212650] [navNode]: 收到来自UI的请求：scan_all
1775392221.3316314 [navNode-2] [WARN] [1775392221.331179666] [navNode]: 任务开始执行scan_all
1775392221.3334892 [myMain-1] [INFO] [1775392221.333233228] [Ground]: scan_all 响应成功 → 回复：scan_all
1775392221.3755879 [navNode-2] [INFO] [1775392221.375239445] [navNode]: 状态2：Takeoff_wait--[TakeOff]
1775392221.3760104 [navNode-2] [INFO] [1775392221.375755118] [navNode]: 未到目标点
1775392221.3761079 [navNode-2] 目标位置:(0.0, 0.0, 0.7)-[TakeOff]-[MCU:False]-[POS:False]
1775392221.3761551 [navNode-2] 当前位置:(0.0070456042885780334, 0.004325956106185913, 0.0011064723366871476)
1775392221.4759252 [navNode-2] [INFO] [1775392221.475437879] [navNode]: 状态2：Takeoff_wait--[TakeOff]
1775392221.4763722 [navNode-2] [INFO] [1775392221.476067996] [navNode]: 未到目标点
1775392221.4764440 [navNode-2] 目标位置:(0.0, 0.0, 0.7)-[TakeOff]-[MCU:False]-[POS:False]
1775392221.4764881 [navNode-2] 当前位置:(0.0070456042885780334, 0.004325956106185913, 0.0011064723366871476)
1775392221.4952085 [myMain-1] [INFO] [1775392221.494914547] [Ground]: 发送 scan_all 成功
1775392221.4958243 [navNode-2] [INFO] [1775392221.495657504] [navNode]: 收到来自UI的请求：scan_all
1775392221.4962685 [navNode-2] [WARN] [1775392221.496186888] [navNode]: 任务开始执行scan_all
1775392221.4983470 [myMain-1] [INFO] [1775392221.498196191] [Ground]: scan_all 响应成功 → 回复：scan_all
1775392221.5758097 [navNode-2] [INFO] [1775392221.575497776] [navNode]: 状态2：Takeoff_wait--[TakeOff]
1775392221.5763011 [navNode-2] [INFO] [1775392221.576045791] [navNode]: 未到目标点
1775392221.5763924 [navNode-2] 目标位置:(0.0, 0.0, 0.7)-[TakeOff]-[MCU:False]-[POS:False]
1775392221.5764475 [navNode-2] 当前位置:(0.0070456042885780334, 0.004325956106185913, 0.0011064723366871476)
1775392221.6708336 [myMain-1] [INFO] [1775392221.670392649] [Ground]: 发送 scan_all 成功
1775392221.6712399 [navNode-2] [INFO] [1775392221.671073391] [navNode]: 收到来自UI的请求：scan_all
1775392221.6721818 [navNode-2] [WARN] [1775392221.671513900] [navNode]: 任务开始执行scan_all
1775392221.6732342 [myMain-1] [INFO] [1775392221.673061736] [Ground]: scan_all 响应成功 → 回复：scan_all
1775392221.6753471 [navNode-2] [INFO] [1775392221.674872787] [navNode]: 状态2：Takeoff_wait--[TakeOff]
1775392221.6756780 [navNode-2] [INFO] [1775392221.675455465] [navNode]: 未到目标点
1775392221.6757658 [navNode-2] 目标位置:(0.0, 0.0, 0.7)-[TakeOff]-[MCU:False]-[POS:False]
1775392221.6758416 [navNode-2] 当前位置:(0.0070456042885780334, 0.004325956106185913, 0.0011064723366871476)
1775392221.7759366 [navNode-2] [INFO] [1775392221.775492421] [navNode]: 状态2：Takeoff_wait--[TakeOff]
1775392221.7763951 [navNode-2] [INFO] [1775392221.776126844] [navNode]: 未到目标点
1775392221.7764781 [navNode-2] 目标位置:(0.0, 0.0, 0.7)-[TakeOff]-[MCU:False]-[POS:False]
1775392221.7765284 [navNode-2] 当前位置:(0.0070456042885780334, 0.004325956106185913, 0.0011064723366871476)
1775392221.8544667 [myMain-1] [INFO] [1775392221.854126296] [Ground]: 发送 scan_all 成功
1775392221.8556871 [navNode-2] [INFO] [1775392221.855322578] [navNode]: 收到来自UI的请求：scan_all
1775392221.8561447 [navNode-2] [WARN] [1775392221.855844643] [navNode]: 任务开始执行scan_all
1775392221.8584247 [myMain-1] [INFO] [1775392221.857988467] [Ground]: scan_all 响应成功 → 回复：scan_all
1775392221.8755810 [navNode-2] [INFO] [1775392221.875244735] [navNode]: 状态2：Takeoff_wait--[TakeOff]
1775392221.8760114 [navNode-2] [INFO] [1775392221.875757867] [navNode]: 未到目标点
1775392221.8761208 [navNode-2] 目标位置:(0.0, 0.0, 0.7)-[TakeOff]-[MCU:False]-[POS:False]
1775392221.8761911 [navNode-2] 当前位置:(0.0070456042885780334, 0.004325956106185913, 0.0011064723366871476)
1775392221.9755008 [navNode-2] [INFO] [1775392221.975137340] [navNode]: 状态2：Takeoff_wait--[TakeOff]
1775392221.9759138 [navNode-2] [INFO] [1775392221.975671362] [navNode]: 未到目标点
1775392221.9759932 [navNode-2] 目标位置:(0.0, 0.0, 0.7)-[TakeOff]-[MCU:False]-[POS:False]
1775392221.9760416 [navNode-2] 当前位置:(0.0070456042885780334, 0.004325956106185913, 0.0011064723366871476)
1775392222.0205801 [myMain-1] [INFO] [1775392222.020256360] [Ground]: 发送 scan_all 成功
1775392222.0213523 [navNode-2] [INFO] [1775392222.021162807] [navNode]: 收到来自UI的请求：scan_all
1775392222.0217166 [navNode-2] [WARN] [1775392222.021584511] [navNode]: 任务开始执行scan_all
1775392222.0237241 [myMain-1] [INFO] [1775392222.023395429] [Ground]: scan_all 响应成功 → 回复：scan_all
1775392222.0760756 [navNode-2] [INFO] [1775392222.075761029] [navNode]: 状态2：Takeoff_wait--[TakeOff]
1775392222.0764661 [navNode-2] [INFO] [1775392222.076279131] [navNode]: 未到目标点
1775392222.0765553 [navNode-2] 目标位置:(0.0, 0.0, 0.7)-[TakeOff]-[MCU:False]-[POS:False]
1775392222.0765998 [navNode-2] 当前位置:(0.0070456042885780334, 0.004325956106185913, 0.0011064723366871476)
1775392222.1759880 [navNode-2] [INFO] [1775392222.175503026] [navNode]: 状态2：Takeoff_wait--[TakeOff]
1775392222.1764534 [navNode-2] [INFO] [1775392222.176030481] [navNode]: 未到目标点
1775392222.1765780 [navNode-2] 目标位置:(0.0, 0.0, 0.7)-[TakeOff]-[MCU:False]-[POS:False]
1775392222.1766798 [navNode-2] 当前位置:(0.0070456042885780334, 0.004325956106185913, 0.0011064723366871476)
1775392222.2771676 [navNode-2] [INFO] [1775392222.276727781] [navNode]: 状态2：Takeoff_wait--[TakeOff]
1775392222.2776921 [navNode-2] [INFO] [1775392222.277300168] [navNode]: 未到目标点
1775392222.2777987 [navNode-2] 目标位置:(0.0, 0.0, 0.7)-[TakeOff]-[MCU:False]-[POS:False]
1775392222.2778516 [navNode-2] 当前位置:(0.0070456042885780334, 0.004325956106185913, 0.0011064723366871476)
1775392222.3757071 [navNode-2] [INFO] [1775392222.375311416] [navNode]: 状态2：Takeoff_wait--[TakeOff]
1775392222.3760905 [navNode-2] [INFO] [1775392222.375749314] [navNode]: 未到目标点
1775392222.3761904 [navNode-2] 目标位置:(0.0, 0.0, 0.7)-[TakeOff]-[MCU:False]-[POS:False]
1775392222.3762534 [navNode-2] 当前位置:(0.0070456042885780334, 0.004325956106185913, 0.0011064723366871476)
1775392222.4756801 [navNode-2] [INFO] [1775392222.475246303] [navNode]: 状态2：Takeoff_wait--[TakeOff]
1775392222.4760666 [navNode-2] [INFO] [1775392222.475739146] [navNode]: 未到目标点
1775392222.4761777 [navNode-2] 目标位置:(0.0, 0.0, 0.7)-[TakeOff]-[MCU:False]-[POS:False]
1775392222.4762390 [navNode-2] 当前位置:(0.0070456042885780334, 0.004325956106185913, 0.0011064723366871476)
1775392222.5757742 [navNode-2] [INFO] [1775392222.575370582] [navNode]: 状态2：Takeoff_wait--[TakeOff]
1775392222.5762086 [navNode-2] [INFO] [1775392222.575821533] [navNode]: 未到目标点
1775392222.5763323 [navNode-2] 目标位置:(0.0, 0.0, 0.7)-[TakeOff]-[MCU:False]-[POS:False]
1775392222.5764096 [navNode-2] 当前位置:(0.0070456042885780334, 0.004325956106185913, 0.0011064723366871476)
1775392222.6756675 [navNode-2] [INFO] [1775392222.675241195] [navNode]: 状态2：Takeoff_wait--[TakeOff]
1775392222.6760507 [navNode-2] [INFO] [1775392222.675735511] [navNode]: 未到目标点
1775392222.6761444 [navNode-2] 目标位置:(0.0, 0.0, 0.7)-[TakeOff]-[MCU:False]-[POS:False]
1775392222.6762142 [navNode-2] 当前位置:(0.0070456042885780334, 0.004325956106185913, 0.0011064723366871476)
1775392222.7757499 [navNode-2] [INFO] [1775392222.775415964] [navNode]: 状态2：Takeoff_wait--[TakeOff]
1775392222.7762048 [navNode-2] [INFO] [1775392222.775847105] [navNode]: 未到目标点
1775392222.7762978 [navNode-2] 目标位置:(0.0, 0.0, 0.7)-[TakeOff]-[MCU:False]-[POS:False]
1775392222.7763467 [navNode-2] 当前位置:(0.0070456042885780334, 0.004325956106185913, 0.0011064723366871476)
1775392222.8771470 [navNode-2] [INFO] [1775392222.876644135] [navNode]: 状态2：Takeoff_wait--[TakeOff]
1775392222.8778725 [navNode-2] [INFO] [1775392222.877298544] [navNode]: 未到目标点
1775392222.8781292 [navNode-2] 目标位置:(0.0, 0.0, 0.7)-[TakeOff]-[MCU:False]-[POS:False]
1775392222.8782351 [navNode-2] 当前位置:(0.0070456042885780334, 0.004325956106185913, 0.0011064723366871476)
1775392222.9758492 [navNode-2] [INFO] [1775392222.975441844] [navNode]: 状态2：Takeoff_wait--[TakeOff]
1775392222.9762971 [navNode-2] [INFO] [1775392222.975885338] [navNode]: 未到目标点
1775392222.9763966 [navNode-2] 目标位置:(0.0, 0.0, 0.7)-[TakeOff]-[MCU:False]-[POS:False]
1775392222.9764442 [navNode-2] 当前位置:(0.0070456042885780334, 0.004325956106185913, 0.0011064723366871476)
1775392223.0759184 [navNode-2] [INFO] [1775392223.075605736] [navNode]: 状态2：Takeoff_wait--[TakeOff]
1775392223.0763185 [navNode-2] [INFO] [1775392223.076117366] [navNode]: 未到目标点
1775392223.0764205 [navNode-2] 目标位置:(0.0, 0.0, 0.7)-[TakeOff]-[MCU:False]-[POS:False]
1775392223.0765235 [navNode-2] 当前位置:(0.0070456042885780334, 0.004325956106185913, 0.0011064723366871476)
1775392223.1758323 [navNode-2] [INFO] [1775392223.175533048] [navNode]: 状态2：Takeoff_wait--[TakeOff]
1775392223.1762178 [navNode-2] [INFO] [1775392223.175949459] [navNode]: 未到目标点
1775392223.1763310 [navNode-2] 目标位置:(0.0, 0.0, 0.7)-[TakeOff]-[MCU:False]-[POS:False]
1775392223.1763813 [navNode-2] 当前位置:(0.0070456042885780334, 0.004325956106185913, 0.0011064723366871476)
1775392223.2107882 [myMain-1] [INFO] [1775392223.210230838] [Ground]: 发送 scan_all 成功
1775392223.2111413 [navNode-2] [INFO] [1775392223.210904843] [navNode]: 收到来自UI的请求：scan_all
1775392223.2117980 [navNode-2] [WARN] [1775392223.211341084] [navNode]: 任务开始执行scan_all
1775392223.2132654 [myMain-1] [INFO] [1775392223.213050038] [Ground]: scan_all 响应成功 → 回复：scan_all
1775392223.2755525 [navNode-2] [INFO] [1775392223.275225256] [navNode]: 状态2：Takeoff_wait--[TakeOff]
1775392223.2759821 [navNode-2] [INFO] [1775392223.275738345] [navNode]: 未到目标点
1775392223.2760878 [navNode-2] 目标位置:(0.0, 0.0, 0.7)-[TakeOff]-[MCU:False]-[POS:False]
1775392223.2761488 [navNode-2] 当前位置:(0.0070456042885780334, 0.004325956106185913, 0.0011064723366871476)
1775392223.3760405 [navNode-2] [INFO] [1775392223.375628269] [navNode]: 状态2：Takeoff_wait--[TakeOff]
1775392223.3764944 [navNode-2] [INFO] [1775392223.376275417] [navNode]: 未到目标点
1775392223.3766057 [navNode-2] 目标位置:(0.0, 0.0, 0.7)-[TakeOff]-[MCU:False]-[POS:False]
1775392223.3766615 [navNode-2] 当前位置:(0.0070456042885780334, 0.004325956106185913, 0.0011064723366871476)
1775392223.3856981 [myMain-1] [INFO] [1775392223.385283593] [Ground]: 发送 scan_all 成功
1775392223.3866074 [navNode-2] [INFO] [1775392223.386328924] [navNode]: 收到来自UI的请求：scan_all
1775392223.3871284 [navNode-2] [WARN] [1775392223.386787505] [navNode]: 任务开始执行scan_all
1775392223.3889205 [myMain-1] [INFO] [1775392223.388682972] [Ground]: scan_all 响应成功 → 回复：scan_all
1775392223.4753890 [navNode-2] [INFO] [1775392223.475055408] [navNode]: 状态2：Takeoff_wait--[TakeOff]
1775392223.4759340 [navNode-2] [INFO] [1775392223.475525656] [navNode]: 未到目标点
1775392223.4760334 [navNode-2] 目标位置:(0.0, 0.0, 0.7)-[TakeOff]-[MCU:False]-[POS:False]
1775392223.4760773 [navNode-2] 当前位置:(0.0070456042885780334, 0.004325956106185913, 0.0011064723366871476)
1775392223.5520809 [myMain-1] [INFO] [1775392223.551767595] [Ground]: 发送 scan_all 成功
1775392223.5529184 [navNode-2] [INFO] [1775392223.552712360] [navNode]: 收到来自UI的请求：scan_all
1775392223.5532262 [navNode-2] [WARN] [1775392223.553129166] [navNode]: 任务开始执行scan_all
1775392223.5548103 [myMain-1] [INFO] [1775392223.554540942] [Ground]: scan_all 响应成功 → 回复：scan_all
1775392223.5757165 [navNode-2] [INFO] [1775392223.575425142] [navNode]: 状态2：Takeoff_wait--[TakeOff]
1775392223.5761433 [navNode-2] [INFO] [1775392223.575999264] [navNode]: 未到目标点
1775392223.5762961 [navNode-2] 目标位置:(0.0, 0.0, 0.7)-[TakeOff]-[MCU:False]-[POS:False]
1775392223.5763600 [navNode-2] 当前位置:(0.0070456042885780334, 0.004325956106185913, 0.0011064723366871476)
1775392223.6760879 [navNode-2] [INFO] [1775392223.675632958] [navNode]: 状态2：Takeoff_wait--[TakeOff]
1775392223.6765039 [navNode-2] [INFO] [1775392223.676078335] [navNode]: 未到目标点
1775392223.6766160 [navNode-2] 目标位置:(0.0, 0.0, 0.7)-[TakeOff]-[MCU:False]-[POS:False]
1775392223.6766849 [navNode-2] 当前位置:(0.0070456042885780334, 0.004325956106185913, 0.0011064723366871476)
1775392223.7267494 [myMain-1] [INFO] [1775392223.726313132] [Ground]: 发送 scan_all 成功
1775392223.7271202 [navNode-2] [INFO] [1775392223.727018617] [navNode]: 收到来自UI的请求：scan_all
1775392223.7283204 [navNode-2] [WARN] [1775392223.727494701] [navNode]: 任务开始执行scan_all
1775392223.7298460 [myMain-1] [INFO] [1775392223.729433896] [Ground]: scan_all 响应成功 → 回复：scan_all
1775392223.7755980 [navNode-2] [INFO] [1775392223.775196590] [navNode]: 状态2：Takeoff_wait--[TakeOff]
1775392223.7759879 [navNode-2] [INFO] [1775392223.775702195] [navNode]: 未到目标点
1775392223.7760630 [navNode-2] 目标位置:(0.0, 0.0, 0.7)-[TakeOff]-[MCU:False]-[POS:False]
1775392223.7761114 [navNode-2] 当前位置:(0.0070456042885780334, 0.004325956106185913, 0.0011064723366871476)
1775392223.8758628 [navNode-2] [INFO] [1775392223.875494953] [navNode]: 状态2：Takeoff_wait--[TakeOff]
1775392223.8763258 [navNode-2] [INFO] [1775392223.876094628] [navNode]: 未到目标点
1775392223.8764160 [navNode-2] 目标位置:(0.0, 0.0, 0.7)-[TakeOff]-[MCU:False]-[POS:False]
1775392223.8764610 [navNode-2] 当前位置:(0.0070456042885780334, 0.004325956106185913, 0.0011064723366871476)
1775392223.9018104 [myMain-1] [INFO] [1775392223.901443107] [Ground]: 发送 scan_all 成功
1775392223.9023836 [navNode-2] [INFO] [1775392223.902149057] [navNode]: 收到来自UI的请求：scan_all
1775392223.9026353 [navNode-2] [WARN] [1775392223.902559951] [navNode]: 任务开始执行scan_all
1775392223.9041841 [myMain-1] [INFO] [1775392223.904003069] [Ground]: scan_all 响应成功 → 回复：scan_all
1775392223.9754374 [navNode-2] [INFO] [1775392223.975129509] [navNode]: 状态2：Takeoff_wait--[TakeOff]
1775392223.9758489 [navNode-2] [INFO] [1775392223.975692155] [navNode]: 未到目标点
1775392223.9759221 [navNode-2] 目标位置:(0.0, 0.0, 0.7)-[TakeOff]-[MCU:False]-[POS:False]
1775392223.9759696 [navNode-2] 当前位置:(0.0070456042885780334, 0.004325956106185913, 0.0011064723366871476)
1775392224.0763180 [navNode-2] [INFO] [1775392224.075873985] [navNode]: 状态2：Takeoff_wait--[TakeOff]
1775392224.0767188 [navNode-2] [INFO] [1775392224.076406190] [navNode]: 未到目标点
1775392224.0767918 [navNode-2] 目标位置:(0.0, 0.0, 0.7)-[TakeOff]-[MCU:False]-[POS:False]
1775392224.0768371 [navNode-2] 当前位置:(0.0070456042885780334, 0.004325956106185913, 0.0011064723366871476)
1775392224.0941176 [myMain-1] [INFO] [1775392224.093723744] [Ground]: 发送 scan_all 成功
1775392224.0956256 [navNode-2] [INFO] [1775392224.095370497] [navNode]: 收到来自UI的请求：scan_all
1775392224.0959504 [navNode-2] [WARN] [1775392224.095844419] [navNode]: 任务开始执行scan_all
1775392224.0977232 [myMain-1] [INFO] [1775392224.097535547] [Ground]: scan_all 响应成功 → 回复：scan_all
1775392224.1762393 [navNode-2] [INFO] [1775392224.175878388] [navNode]: 状态2：Takeoff_wait--[TakeOff]
1775392224.1767685 [navNode-2] [INFO] [1775392224.176599774] [navNode]: 未到目标点
1775392224.1768467 [navNode-2] 目标位置:(0.0, 0.0, 0.7)-[TakeOff]-[MCU:False]-[POS:False]
1775392224.1768920 [navNode-2] 当前位置:(0.0070456042885780334, 0.004325956106185913, 0.0011064723366871476)
1775392224.2605510 [myMain-1] [INFO] [1775392224.260226852] [Ground]: 发送 scan_all 成功
1775392224.2614892 [navNode-2] [INFO] [1775392224.261281068] [navNode]: 收到来自UI的请求：scan_all
1775392224.2618153 [navNode-2] [WARN] [1775392224.261730248] [navNode]: 任务开始执行scan_all
1775392224.2635057 [myMain-1] [INFO] [1775392224.263311283] [Ground]: scan_all 响应成功 → 回复：scan_all
1775392224.2756212 [navNode-2] [INFO] [1775392224.275301922] [navNode]: 状态2：Takeoff_wait--[TakeOff]
1775392224.2761467 [navNode-2] [INFO] [1775392224.275803228] [navNode]: 未到目标点
1775392224.2762480 [navNode-2] 目标位置:(0.0, 0.0, 0.7)-[TakeOff]-[MCU:False]-[POS:False]
1775392224.2762969 [navNode-2] 当前位置:(0.0070456042885780334, 0.004325956106185913, 0.0011064723366871476)
1775392224.3757250 [navNode-2] [INFO] [1775392224.375395493] [navNode]: 状态2：Takeoff_wait--[TakeOff]
1775392224.3762496 [navNode-2] [INFO] [1775392224.375974475] [navNode]: 未到目标点
1775392224.3763692 [navNode-2] 目标位置:(0.0, 0.0, 0.7)-[TakeOff]-[MCU:False]-[POS:False]
1775392224.3766775 [navNode-2] 当前位置:(0.0070456042885780334, 0.004325956106185913, 0.0011064723366871476)
1775392224.4353914 [myMain-1] [INFO] [1775392224.435044960] [Ground]: 发送 scan_all 成功
1775392224.4366508 [navNode-2] [INFO] [1775392224.436419365] [navNode]: 收到来自UI的请求：scan_all
1775392224.4369602 [navNode-2] [WARN] [1775392224.436874148] [navNode]: 任务开始执行scan_all
1775392224.4392233 [myMain-1] [INFO] [1775392224.438872862] [Ground]: scan_all 响应成功 → 回复：scan_all
1775392224.4763114 [navNode-2] [INFO] [1775392224.475374223] [navNode]: 状态2：Takeoff_wait--[TakeOff]
1775392224.4765272 [navNode-2] [INFO] [1775392224.475919188] [navNode]: 未到目标点
1775392224.4766419 [navNode-2] 目标位置:(0.0, 0.0, 0.7)-[TakeOff]-[MCU:False]-[POS:False]
1775392224.4767277 [navNode-2] 当前位置:(0.0070456042885780334, 0.004325956106185913, 0.0011064723366871476)
1775392224.5758805 [navNode-2] [INFO] [1775392224.575500746] [navNode]: 状态2：Takeoff_wait--[TakeOff]
1775392224.5763519 [navNode-2] [INFO] [1775392224.576063683] [navNode]: 未到目标点
1775392224.5764549 [navNode-2] 目标位置:(0.0, 0.0, 0.7)-[TakeOff]-[MCU:False]-[POS:False]
1775392224.5765135 [navNode-2] 当前位置:(0.0070456042885780334, 0.004325956106185913, 0.0011064723366871476)
1775392224.6759703 [navNode-2] [INFO] [1775392224.675335763] [navNode]: 状态2：Takeoff_wait--[TakeOff]
1775392224.6765544 [navNode-2] [INFO] [1775392224.675765752] [navNode]: 未到目标点
1775392224.6767430 [navNode-2] 目标位置:(0.0, 0.0, 0.7)-[TakeOff]-[MCU:False]-[POS:False]
1775392224.6768184 [navNode-2] 当前位置:(0.0070456042885780334, 0.004325956106185913, 0.0011064723366871476)
1775392224.7758586 [navNode-2] [INFO] [1775392224.775398648] [navNode]: 状态2：Takeoff_wait--[TakeOff]
1775392224.7763150 [navNode-2] [INFO] [1775392224.775960838] [navNode]: 未到目标点
1775392224.7763939 [navNode-2] 目标位置:(0.0, 0.0, 0.7)-[TakeOff]-[MCU:False]-[POS:False]
1775392224.7764571 [navNode-2] 当前位置:(0.0070456042885780334, 0.004325956106185913, 0.0011064723366871476)
1775392224.8754787 [navNode-2] [INFO] [1775392224.875123107] [navNode]: 状态2：Takeoff_wait--[TakeOff]
1775392224.8759212 [navNode-2] [INFO] [1775392224.875587144] [navNode]: 未到目标点
1775392224.8760018 [navNode-2] 目标位置:(0.0, 0.0, 0.7)-[TakeOff]-[MCU:False]-[POS:False]
1775392224.8760471 [navNode-2] 当前位置:(0.0070456042885780334, 0.004325956106185913, 0.0011064723366871476)
1775392224.9757161 [navNode-2] [INFO] [1775392224.975257673] [navNode]: 状态2：Takeoff_wait--[TakeOff]
1775392224.9763365 [navNode-2] [INFO] [1775392224.975732916] [navNode]: 未到目标点
1775392224.9764636 [navNode-2] 目标位置:(0.0, 0.0, 0.7)-[TakeOff]-[MCU:False]-[POS:False]
1775392224.9765122 [navNode-2] 当前位置:(0.0070456042885780334, 0.004325956106185913, 0.0011064723366871476)
1775392225.0754080 [navNode-2] [INFO] [1775392225.075043388] [navNode]: 状态2：Takeoff_wait--[TakeOff]
1775392225.0758626 [navNode-2] [INFO] [1775392225.075480147] [navNode]: 未到目标点
1775392225.0759673 [navNode-2] 目标位置:(0.0, 0.0, 0.7)-[TakeOff]-[MCU:False]-[POS:False]
1775392225.0760374 [navNode-2] 当前位置:(0.0070456042885780334, 0.004325956106185913, 0.0011064723366871476)
1775392225.1755822 [navNode-2] [INFO] [1775392225.175256379] [navNode]: 状态2：Takeoff_wait--[TakeOff]
1775392225.1759419 [navNode-2] [INFO] [1775392225.175660498] [navNode]: 未到目标点
1775392225.1760345 [navNode-2] 目标位置:(0.0, 0.0, 0.7)-[TakeOff]-[MCU:False]-[POS:False]
1775392225.1760828 [navNode-2] 当前位置:(0.0070456042885780334, 0.004325956106185913, 0.0011064723366871476)
1775392225.2767005 [navNode-2] [INFO] [1775392225.276400416] [navNode]: 状态2：Takeoff_wait--[TakeOff]
1775392225.2770770 [navNode-2] [INFO] [1775392225.276807452] [navNode]: 未到目标点
1775392225.2771749 [navNode-2] 目标位置:(0.0, 0.0, 0.7)-[TakeOff]-[MCU:False]-[POS:False]
1775392225.2772176 [navNode-2] 当前位置:(0.0070456042885780334, 0.004325956106185913, 0.0011064723366871476)
1775392225.3757756 [navNode-2] [INFO] [1775392225.375263775] [navNode]: 状态2：Takeoff_wait--[TakeOff]
1775392225.3766072 [navNode-2] [INFO] [1775392225.375964229] [navNode]: 未到目标点
1775392225.3768263 [navNode-2] 目标位置:(0.0, 0.0, 0.7)-[TakeOff]-[MCU:False]-[POS:False]
1775392225.3769236 [navNode-2] 当前位置:(0.0070456042885780334, 0.004325956106185913, 0.0011064723366871476)
1775392225.4756474 [navNode-2] [INFO] [1775392225.475239470] [navNode]: 状态2：Takeoff_wait--[TakeOff]
1775392225.4761007 [navNode-2] [INFO] [1775392225.475634346] [navNode]: 未到目标点
1775392225.4762051 [navNode-2] 目标位置:(0.0, 0.0, 0.7)-[TakeOff]-[MCU:False]-[POS:False]
1775392225.4762616 [navNode-2] 当前位置:(0.0070456042885780334, 0.004325956106185913, 0.0011064723366871476)
1775392225.5755732 [navNode-2] [INFO] [1775392225.575042101] [navNode]: 状态2：Takeoff_wait--[TakeOff]
1775392225.5760229 [navNode-2] [INFO] [1775392225.575443080] [navNode]: 未到目标点
1775392225.5765054 [navNode-2] 目标位置:(0.0, 0.0, 0.7)-[TakeOff]-[MCU:False]-[POS:False]
1775392225.5766134 [navNode-2] 当前位置:(0.0070456042885780334, 0.004325956106185913, 0.0011064723366871476)
1775392225.6755791 [navNode-2] [INFO] [1775392225.675259365] [navNode]: 状态2：Takeoff_wait--[TakeOff]
1775392225.6759572 [navNode-2] [INFO] [1775392225.675634449] [navNode]: 未到目标点
1775392225.6760995 [navNode-2] 目标位置:(0.0, 0.0, 0.7)-[TakeOff]-[MCU:False]-[POS:False]
1775392225.6761830 [navNode-2] 当前位置:(0.0070456042885780334, 0.004325956106185913, 0.0011064723366871476)
1775392225.7754138 [navNode-2] [INFO] [1775392225.775040282] [navNode]: 状态2：Takeoff_wait--[TakeOff]
1775392225.7759461 [navNode-2] [INFO] [1775392225.775444500] [navNode]: 未到目标点
1775392225.7760811 [navNode-2] 目标位置:(0.0, 0.0, 0.7)-[TakeOff]-[MCU:False]-[POS:False]
1775392225.7761281 [navNode-2] 当前位置:(0.0070456042885780334, 0.004325956106185913, 0.0011064723366871476)
1775392225.8757446 [navNode-2] [INFO] [1775392225.875107660] [navNode]: 状态2：Takeoff_wait--[TakeOff]
1775392225.8761845 [navNode-2] [INFO] [1775392225.875481116] [navNode]: 未到目标点
1775392225.8763225 [navNode-2] 目标位置:(0.0, 0.0, 0.7)-[TakeOff]-[MCU:False]-[POS:False]
1775392225.8763676 [navNode-2] 当前位置:(0.0070456042885780334, 0.004325956106185913, 0.0011064723366871476)
1775392225.9753065 [navNode-2] [INFO] [1775392225.974940373] [navNode]: 状态2：Takeoff_wait--[TakeOff]
1775392225.9758074 [navNode-2] [INFO] [1775392225.975332326] [navNode]: 未到目标点
1775392225.9759550 [navNode-2] 目标位置:(0.0, 0.0, 0.7)-[TakeOff]-[MCU:False]-[POS:False]
1775392225.9760122 [navNode-2] 当前位置:(0.0070456042885780334, 0.004325956106185913, 0.0011064723366871476)
1775392226.0759654 [navNode-2] [INFO] [1775392226.075662596] [navNode]: 状态2：Takeoff_wait--[TakeOff]
1775392226.0763619 [navNode-2] [INFO] [1775392226.076067325] [navNode]: 未到目标点
1775392226.0764799 [navNode-2] 目标位置:(0.0, 0.0, 0.7)-[TakeOff]-[MCU:False]-[POS:False]
1775392226.0765522 [navNode-2] 当前位置:(0.0070456042885780334, 0.004325956106185913, 0.0011064723366871476)
1775392226.1763508 [navNode-2] [INFO] [1775392226.175974700] [navNode]: 状态2：Takeoff_wait--[TakeOff]
1775392226.1770000 [navNode-2] [INFO] [1775392226.176682293] [navNode]: 未到目标点
1775392226.1771486 [navNode-2] 目标位置:(0.0, 0.0, 0.7)-[TakeOff]-[MCU:False]-[POS:False]
1775392226.1772485 [navNode-2] 当前位置:(0.0070456042885780334, 0.004325956106185913, 0.0011064723366871476)
1775392226.2753711 [navNode-2] [INFO] [1775392226.274939305] [navNode]: 状态2：Takeoff_wait--[TakeOff]
1775392226.2757866 [navNode-2] [INFO] [1775392226.275335961] [navNode]: 未到目标点
1775392226.2759178 [navNode-2] 目标位置:(0.0, 0.0, 0.7)-[TakeOff]-[MCU:False]-[POS:False]
1775392226.2759645 [navNode-2] 当前位置:(0.0070456042885780334, 0.004325956106185913, 0.0011064723366871476)
1775392226.3755512 [navNode-2] [INFO] [1775392226.375183086] [navNode]: 状态2：Takeoff_wait--[TakeOff]
1775392226.3760135 [navNode-2] [INFO] [1775392226.375606504] [navNode]: 未到目标点
1775392226.3761542 [navNode-2] 目标位置:(0.0, 0.0, 0.7)-[TakeOff]-[MCU:False]-[POS:False]
1775392226.3762023 [navNode-2] 当前位置:(0.0070456042885780334, 0.004325956106185913, 0.0011064723366871476)
1775392226.4783866 [navNode-2] [INFO] [1775392226.477730161] [navNode]: 状态2：Takeoff_wait--[TakeOff]
1775392226.4790070 [navNode-2] [INFO] [1775392226.478806047] [navNode]: 未到目标点
1775392226.4792089 [navNode-2] 目标位置:(0.0, 0.0, 0.7)-[TakeOff]-[MCU:False]-[POS:False]
1775392226.4793100 [navNode-2] 当前位置:(0.0070456042885780334, 0.004325956106185913, 0.0011064723366871476)
1775392226.5761893 [navNode-2] [INFO] [1775392226.575819338] [navNode]: 状态2：Takeoff_wait--[TakeOff]
1775392226.5765758 [navNode-2] [INFO] [1775392226.576203159] [navNode]: 未到目标点
1775392226.5766833 [navNode-2] 目标位置:(0.0, 0.0, 0.7)-[TakeOff]-[MCU:False]-[POS:False]
1775392226.5767298 [navNode-2] 当前位置:(0.0070456042885780334, 0.004325956106185913, 0.0011064723366871476)
1775392226.6753869 [navNode-2] [INFO] [1775392226.675017112] [navNode]: 状态2：Takeoff_wait--[TakeOff]
1775392226.6758068 [navNode-2] [INFO] [1775392226.675520475] [navNode]: 未到目标点
1775392226.6759405 [navNode-2] 目标位置:(0.0, 0.0, 0.7)-[TakeOff]-[MCU:False]-[POS:False]
1775392226.6760101 [navNode-2] 当前位置:(0.0070456042885780334, 0.004325956106185913, 0.0011064723366871476)
1775392226.7757256 [navNode-2] [INFO] [1775392226.775349397] [navNode]: 状态2：Takeoff_wait--[TakeOff]
1775392226.7761152 [navNode-2] [INFO] [1775392226.775743788] [navNode]: 未到目标点
1775392226.7762218 [navNode-2] 目标位置:(0.0, 0.0, 0.7)-[TakeOff]-[MCU:False]-[POS:False]
1775392226.7762878 [navNode-2] 当前位置:(0.0070456042885780334, 0.004325956106185913, 0.0011064723366871476)
1775392226.8755777 [navNode-2] [INFO] [1775392226.875189885] [navNode]: 状态2：Takeoff_wait--[TakeOff]
1775392226.8759794 [navNode-2] [INFO] [1775392226.875653450] [navNode]: 未到目标点
1775392226.8760893 [navNode-2] 目标位置:(0.0, 0.0, 0.7)-[TakeOff]-[MCU:False]-[POS:False]
1775392226.8761704 [navNode-2] 当前位置:(0.0070456042885780334, 0.004325956106185913, 0.0011064723366871476)
1775392226.9753830 [navNode-2] [INFO] [1775392226.974997987] [navNode]: 状态2：Takeoff_wait--[TakeOff]
1775392226.9757359 [navNode-2] [INFO] [1775392226.975381330] [navNode]: 未到目标点
1775392226.9758270 [navNode-2] 目标位置:(0.0, 0.0, 0.7)-[TakeOff]-[MCU:False]-[POS:False]
1775392226.9758713 [navNode-2] 当前位置:(0.0070456042885780334, 0.004325956106185913, 0.0011064723366871476)
1775392227.0756478 [navNode-2] [INFO] [1775392227.075280254] [navNode]: 状态2：Takeoff_wait--[TakeOff]
1775392227.0759728 [navNode-2] [INFO] [1775392227.075830426] [navNode]: 未到目标点
1775392227.0760467 [navNode-2] 目标位置:(0.0, 0.0, 0.7)-[TakeOff]-[MCU:False]-[POS:False]
1775392227.0761061 [navNode-2] 当前位置:(0.0070456042885780334, 0.004325956106185913, 0.0011064723366871476)
1775392227.1755157 [navNode-2] [INFO] [1775392227.175203825] [navNode]: 状态2：Takeoff_wait--[TakeOff]
1775392227.1758664 [navNode-2] [INFO] [1775392227.175640427] [navNode]: 未到目标点
1775392227.1759591 [navNode-2] 目标位置:(0.0, 0.0, 0.7)-[TakeOff]-[MCU:False]-[POS:False]
1775392227.1760201 [navNode-2] 当前位置:(0.0070456042885780334, 0.004325956106185913, 0.0011064723366871476)
1775392227.2757809 [navNode-2] [INFO] [1775392227.275337520] [navNode]: 状态2：Takeoff_wait--[TakeOff]
1775392227.2762988 [navNode-2] [INFO] [1775392227.276138921] [navNode]: 未到目标点
1775392227.2764447 [navNode-2] 目标位置:(0.0, 0.0, 0.7)-[TakeOff]-[MCU:False]-[POS:False]
1775392227.2765214 [navNode-2] 当前位置:(0.0070456042885780334, 0.004325956106185913, 0.0011064723366871476)
1775392227.3756468 [navNode-2] [INFO] [1775392227.375364008] [navNode]: 状态2：Takeoff_wait--[TakeOff]
1775392227.3761911 [navNode-2] [INFO] [1775392227.375843028] [navNode]: 未到目标点
1775392227.3762851 [navNode-2] 目标位置:(0.0, 0.0, 0.7)-[TakeOff]-[MCU:False]-[POS:False]
1775392227.3763306 [navNode-2] 当前位置:(0.0070456042885780334, 0.004325956106185913, 0.0011064723366871476)
1775392227.4756012 [navNode-2] [INFO] [1775392227.475239611] [navNode]: 状态2：Takeoff_wait--[TakeOff]
1775392227.4760427 [navNode-2] [INFO] [1775392227.475695876] [navNode]: 未到目标点
1775392227.4761627 [navNode-2] 目标位置:(0.0, 0.0, 0.7)-[TakeOff]-[MCU:False]-[POS:False]
1775392227.4762161 [navNode-2] 当前位置:(0.0070456042885780334, 0.004325956106185913, 0.0011064723366871476)
1775392227.5756497 [navNode-2] [INFO] [1775392227.575353906] [navNode]: 状态2：Takeoff_wait--[TakeOff]
1775392227.5760214 [navNode-2] [INFO] [1775392227.575823410] [navNode]: 未到目标点
1775392227.5761104 [navNode-2] 目标位置:(0.0, 0.0, 0.7)-[TakeOff]-[MCU:False]-[POS:False]
1775392227.5761852 [navNode-2] 当前位置:(0.0070456042885780334, 0.004325956106185913, 0.0011064723366871476)
1775392227.6753311 [navNode-2] [INFO] [1775392227.675029855] [navNode]: 状态2：Takeoff_wait--[TakeOff]
1775392227.6757908 [navNode-2] [INFO] [1775392227.675654347] [navNode]: 未到目标点
1775392227.6759102 [navNode-2] 目标位置:(0.0, 0.0, 0.7)-[TakeOff]-[MCU:False]-[POS:False]
1775392227.6759772 [navNode-2] 当前位置:(0.0070456042885780334, 0.004325956106185913, 0.0011064723366871476)
1775392227.7765486 [navNode-2] [INFO] [1775392227.776183243] [navNode]: 状态2：Takeoff_wait--[TakeOff]
1775392227.7770288 [navNode-2] [INFO] [1775392227.776607015] [navNode]: 未到目标点
1775392227.7771218 [navNode-2] 目标位置:(0.0, 0.0, 0.7)-[TakeOff]-[MCU:False]-[POS:False]
1775392227.7771618 [navNode-2] 当前位置:(0.0070456042885780334, 0.004325956106185913, 0.0011064723366871476)
1775392227.8774676 [navNode-2] [INFO] [1775392227.876797960] [navNode]: 状态2：Takeoff_wait--[TakeOff]
1775392227.8780382 [navNode-2] [INFO] [1775392227.877662938] [navNode]: 未到目标点
1775392227.8781672 [navNode-2] 目标位置:(0.0, 0.0, 0.7)-[TakeOff]-[MCU:False]-[POS:False]
1775392227.8782473 [navNode-2] 当前位置:(0.0070456042885780334, 0.004325956106185913, 0.0011064723366871476)
1775392227.9756587 [navNode-2] [INFO] [1775392227.975321582] [navNode]: 状态2：Takeoff_wait--[TakeOff]
1775392227.9770951 [navNode-2] [INFO] [1775392227.975853056] [navNode]: 未到目标点
1775392227.9772341 [navNode-2] 目标位置:(0.0, 0.0, 0.7)-[TakeOff]-[MCU:False]-[POS:False]
1775392227.9772844 [navNode-2] 当前位置:(0.0070456042885780334, 0.004325956106185913, 0.0011064723366871476)
1775392228.0582922 [INFO] [myMain-1]: process has finished cleanly [pid 26649]
1775392228.0768998 [navNode-2] [INFO] [1775392228.075990741] [navNode]: 状态2：Takeoff_wait--[TakeOff]
1775392228.0775299 [navNode-2] [INFO] [1775392228.076799923] [navNode]: 未到目标点
1775392228.0776780 [navNode-2] 目标位置:(0.0, 0.0, 0.7)-[TakeOff]-[MCU:False]-[POS:False]
1775392228.0777619 [navNode-2] 当前位置:(0.0070456042885780334, 0.004325956106185913, 0.0011064723366871476)
1775392228.1765666 [navNode-2] [INFO] [1775392228.175579037] [navNode]: 状态2：Takeoff_wait--[TakeOff]
1775392228.1768858 [navNode-2] [INFO] [1775392228.176100191] [navNode]: 未到目标点
1775392228.1769643 [navNode-2] 目标位置:(0.0, 0.0, 0.7)-[TakeOff]-[MCU:False]-[POS:False]
1775392228.1770141 [navNode-2] 当前位置:(0.0070456042885780334, 0.004325956106185913, 0.0011064723366871476)
1775392228.2757463 [navNode-2] [INFO] [1775392228.275435119] [navNode]: 状态2：Takeoff_wait--[TakeOff]
1775392228.2762289 [navNode-2] [INFO] [1775392228.275933325] [navNode]: 未到目标点
1775392228.2763262 [navNode-2] 目标位置:(0.0, 0.0, 0.7)-[TakeOff]-[MCU:False]-[POS:False]
1775392228.2763786 [navNode-2] 当前位置:(0.0070456042885780334, 0.004325956106185913, 0.0011064723366871476)
1775392228.3765161 [navNode-2] [INFO] [1775392228.375652805] [navNode]: 状态2：Takeoff_wait--[TakeOff]
1775392228.3767405 [navNode-2] [INFO] [1775392228.376129422] [navNode]: 未到目标点
1775392228.3768051 [navNode-2] 目标位置:(0.0, 0.0, 0.7)-[TakeOff]-[MCU:False]-[POS:False]
1775392228.3768518 [navNode-2] 当前位置:(0.0070456042885780334, 0.004325956106185913, 0.0011064723366871476)
1775392228.4759748 [navNode-2] [INFO] [1775392228.475467203] [navNode]: 状态2：Takeoff_wait--[TakeOff]
1775392228.4765916 [navNode-2] [INFO] [1775392228.476210483] [navNode]: 未到目标点
1775392228.4766865 [navNode-2] 目标位置:(0.0, 0.0, 0.7)-[TakeOff]-[MCU:False]-[POS:False]
1775392228.4767382 [navNode-2] 当前位置:(0.0070456042885780334, 0.004325956106185913, 0.0011064723366871476)
1775392228.5761435 [navNode-2] [INFO] [1775392228.575275049] [navNode]: 状态2：Takeoff_wait--[TakeOff]
1775392228.5763719 [navNode-2] [INFO] [1775392228.575799895] [navNode]: 未到目标点
1775392228.5764396 [navNode-2] 目标位置:(0.0, 0.0, 0.7)-[TakeOff]-[MCU:False]-[POS:False]
1775392228.5764904 [navNode-2] 当前位置:(0.0070456042885780334, 0.004325956106185913, 0.0011064723366871476)
1775392228.6758060 [navNode-2] [INFO] [1775392228.675369382] [navNode]: 状态2：Takeoff_wait--[TakeOff]
1775392228.6762347 [navNode-2] [INFO] [1775392228.675888450] [navNode]: 未到目标点
1775392228.6763172 [navNode-2] 目标位置:(0.0, 0.0, 0.7)-[TakeOff]-[MCU:False]-[POS:False]
1775392228.6763744 [navNode-2] 当前位置:(0.0070456042885780334, 0.004325956106185913, 0.0011064723366871476)
1775392228.7765718 [navNode-2] [INFO] [1775392228.775505105] [navNode]: 状态2：Takeoff_wait--[TakeOff]
1775392228.7768049 [navNode-2] [INFO] [1775392228.776148757] [navNode]: 未到目标点
1775392228.7768729 [navNode-2] 目标位置:(0.0, 0.0, 0.7)-[TakeOff]-[MCU:False]-[POS:False]
1775392228.7769260 [navNode-2] 当前位置:(0.0070456042885780334, 0.004325956106185913, 0.0011064723366871476)
1775392228.8757689 [navNode-2] [INFO] [1775392228.875291721] [navNode]: 状态2：Takeoff_wait--[TakeOff]
1775392228.8765719 [navNode-2] [INFO] [1775392228.875841935] [navNode]: 未到目标点
1775392228.8767455 [navNode-2] 目标位置:(0.0, 0.0, 0.7)-[TakeOff]-[MCU:False]-[POS:False]
1775392228.8768072 [navNode-2] 当前位置:(0.0070456042885780334, 0.004325956106185913, 0.0011064723366871476)
1775392228.9760151 [navNode-2] [INFO] [1775392228.975145232] [navNode]: 状态2：Takeoff_wait--[TakeOff]
1775392228.9762046 [navNode-2] [INFO] [1775392228.975660145] [navNode]: 未到目标点
1775392228.9762599 [navNode-2] 目标位置:(0.0, 0.0, 0.7)-[TakeOff]-[MCU:False]-[POS:False]
1775392228.9763031 [navNode-2] 当前位置:(0.0070456042885780334, 0.004325956106185913, 0.0011064723366871476)
1775392229.0760553 [navNode-2] [INFO] [1775392229.075621358] [navNode]: 状态2：Takeoff_wait--[TakeOff]
1775392229.0764382 [navNode-2] [INFO] [1775392229.076133605] [navNode]: 未到目标点
1775392229.0765169 [navNode-2] 目标位置:(0.0, 0.0, 0.7)-[TakeOff]-[MCU:False]-[POS:False]
1775392229.0766034 [navNode-2] 当前位置:(0.0070456042885780334, 0.004325956106185913, 0.0011064723366871476)
1775392229.1768844 [navNode-2] [INFO] [1775392229.175587280] [navNode]: 状态2：Takeoff_wait--[TakeOff]
1775392229.1771667 [navNode-2] [INFO] [1775392229.176340315] [navNode]: 未到目标点
1775392229.1772659 [navNode-2] 目标位置:(0.0, 0.0, 0.7)-[TakeOff]-[MCU:False]-[POS:False]
1775392229.1773298 [navNode-2] 当前位置:(0.0070456042885780334, 0.004325956106185913, 0.0011064723366871476)
1775392229.2755237 [navNode-2] [INFO] [1775392229.275077986] [navNode]: 状态2：Takeoff_wait--[TakeOff]
1775392229.2760184 [navNode-2] [INFO] [1775392229.275590179] [navNode]: 未到目标点
1775392229.2761111 [navNode-2] 目标位置:(0.0, 0.0, 0.7)-[TakeOff]-[MCU:False]-[POS:False]
1775392229.2761626 [navNode-2] 当前位置:(0.0070456042885780334, 0.004325956106185913, 0.0011064723366871476)
1775392229.3761380 [navNode-2] [INFO] [1775392229.375173931] [navNode]: 状态2：Takeoff_wait--[TakeOff]
1775392229.3763750 [navNode-2] [INFO] [1775392229.375716258] [navNode]: 未到目标点
1775392229.3764474 [navNode-2] 目标位置:(0.0, 0.0, 0.7)-[TakeOff]-[MCU:False]-[POS:False]
1775392229.3764954 [navNode-2] 当前位置:(0.0070456042885780334, 0.004325956106185913, 0.0011064723366871476)
1775392229.4753430 [navNode-2] [INFO] [1775392229.474969856] [navNode]: 状态2：Takeoff_wait--[TakeOff]
1775392229.4758005 [navNode-2] [INFO] [1775392229.475535963] [navNode]: 未到目标点
1775392229.4759388 [navNode-2] 目标位置:(0.0, 0.0, 0.7)-[TakeOff]-[MCU:False]-[POS:False]
1775392229.4759989 [navNode-2] 当前位置:(0.0070456042885780334, 0.004325956106185913, 0.0011064723366871476)
1775392229.5758336 [navNode-2] [INFO] [1775392229.575521796] [navNode]: 状态2：Takeoff_wait--[TakeOff]
1775392229.5762246 [navNode-2] [INFO] [1775392229.575942120] [navNode]: 未到目标点
1775392229.5763204 [navNode-2] 目标位置:(0.0, 0.0, 0.7)-[TakeOff]-[MCU:False]-[POS:False]
1775392229.5763764 [navNode-2] 当前位置:(0.0070456042885780334, 0.004325956106185913, 0.0011064723366871476)
1775392229.6753819 [navNode-2] [INFO] [1775392229.675027064] [navNode]: 状态2：Takeoff_wait--[TakeOff]
1775392229.6758003 [navNode-2] [INFO] [1775392229.675530215] [navNode]: 未到目标点
1775392229.6759005 [navNode-2] 目标位置:(0.0, 0.0, 0.7)-[TakeOff]-[MCU:False]-[POS:False]
1775392229.6759453 [navNode-2] 当前位置:(0.0070456042885780334, 0.004325956106185913, 0.0011064723366871476)
1775392229.7757549 [navNode-2] [INFO] [1775392229.775408882] [navNode]: 状态2：Takeoff_wait--[TakeOff]
1775392229.7761941 [navNode-2] [INFO] [1775392229.775882512] [navNode]: 未到目标点
1775392229.7763166 [navNode-2] 目标位置:(0.0, 0.0, 0.7)-[TakeOff]-[MCU:False]-[POS:False]
1775392229.7763827 [navNode-2] 当前位置:(0.0070456042885780334, 0.004325956106185913, 0.0011064723366871476)
1775392229.8755994 [navNode-2] [INFO] [1775392229.875258864] [navNode]: 状态2：Takeoff_wait--[TakeOff]
1775392229.8762465 [navNode-2] [INFO] [1775392229.875747982] [navNode]: 未到目标点
1775392229.8763959 [navNode-2] 目标位置:(0.0, 0.0, 0.7)-[TakeOff]-[MCU:False]-[POS:False]
1775392229.8764579 [navNode-2] 当前位置:(0.0070456042885780334, 0.004325956106185913, 0.0011064723366871476)
1775392229.9758897 [navNode-2] [INFO] [1775392229.975454180] [navNode]: 状态2：Takeoff_wait--[TakeOff]
1775392229.9765406 [navNode-2] [INFO] [1775392229.975968096] [navNode]: 未到目标点
1775392229.9766877 [navNode-2] 目标位置:(0.0, 0.0, 0.7)-[TakeOff]-[MCU:False]-[POS:False]
1775392229.9767466 [navNode-2] 当前位置:(0.0070456042885780334, 0.004325956106185913, 0.0011064723366871476)
1775392230.0762279 [navNode-2] [INFO] [1775392230.075786481] [navNode]: 状态2：Takeoff_wait--[TakeOff]
1775392230.0767503 [navNode-2] [INFO] [1775392230.076225547] [navNode]: 未到目标点
1775392230.0768766 [navNode-2] 目标位置:(0.0, 0.0, 0.7)-[TakeOff]-[MCU:False]-[POS:False]
1775392230.0769286 [navNode-2] 当前位置:(0.0070456042885780334, 0.004325956106185913, 0.0011064723366871476)
1775392230.1758010 [navNode-2] [INFO] [1775392230.175471296] [navNode]: 状态2：Takeoff_wait--[TakeOff]
1775392230.1764250 [navNode-2] [INFO] [1775392230.175901275] [navNode]: 未到目标点
1775392230.1765373 [navNode-2] 目标位置:(0.0, 0.0, 0.7)-[TakeOff]-[MCU:False]-[POS:False]
1775392230.1765850 [navNode-2] 当前位置:(0.0070456042885780334, 0.004325956106185913, 0.0011064723366871476)
1775392230.2757807 [navNode-2] [INFO] [1775392230.275393872] [navNode]: 状态2：Takeoff_wait--[TakeOff]
1775392230.2763135 [navNode-2] [INFO] [1775392230.275802042] [navNode]: 未到目标点
1775392230.2764456 [navNode-2] 目标位置:(0.0, 0.0, 0.7)-[TakeOff]-[MCU:False]-[POS:False]
1775392230.2764931 [navNode-2] 当前位置:(0.0070456042885780334, 0.004325956106185913, 0.0011064723366871476)
1775392230.3756828 [navNode-2] [INFO] [1775392230.375315535] [navNode]: 状态2：Takeoff_wait--[TakeOff]
1775392230.3762481 [navNode-2] [INFO] [1775392230.375789387] [navNode]: 未到目标点
1775392230.3763630 [navNode-2] 目标位置:(0.0, 0.0, 0.7)-[TakeOff]-[MCU:False]-[POS:False]
1775392230.3764133 [navNode-2] 当前位置:(0.0070456042885780334, 0.004325956106185913, 0.0011064723366871476)
1775392230.4758418 [navNode-2] [INFO] [1775392230.475451159] [navNode]: 状态2：Takeoff_wait--[TakeOff]
1775392230.4764509 [navNode-2] [INFO] [1775392230.475864350] [navNode]: 未到目标点
1775392230.4765782 [navNode-2] 目标位置:(0.0, 0.0, 0.7)-[TakeOff]-[MCU:False]-[POS:False]
1775392230.4766283 [navNode-2] 当前位置:(0.0070456042885780334, 0.004325956106185913, 0.0011064723366871476)
1775392230.5756493 [navNode-2] [INFO] [1775392230.575344718] [navNode]: 状态2：Takeoff_wait--[TakeOff]
1775392230.5763099 [navNode-2] [INFO] [1775392230.575795496] [navNode]: 未到目标点
1775392230.5764415 [navNode-2] 目标位置:(0.0, 0.0, 0.7)-[TakeOff]-[MCU:False]-[POS:False]
1775392230.5764940 [navNode-2] 当前位置:(0.0070456042885780334, 0.004325956106185913, 0.0011064723366871476)
1775392230.6755731 [navNode-2] [INFO] [1775392230.675260046] [navNode]: 状态2：Takeoff_wait--[TakeOff]
1775392230.6761956 [navNode-2] [INFO] [1775392230.675707133] [navNode]: 未到目标点
1775392230.6763065 [navNode-2] 目标位置:(0.0, 0.0, 0.7)-[TakeOff]-[MCU:False]-[POS:False]
1775392230.6763613 [navNode-2] 当前位置:(0.0070456042885780334, 0.004325956106185913, 0.0011064723366871476)
1775392230.7760603 [navNode-2] [INFO] [1775392230.775631181] [navNode]: 状态2：Takeoff_wait--[TakeOff]
1775392230.7766211 [navNode-2] [INFO] [1775392230.776108437] [navNode]: 未到目标点
1775392230.7767150 [navNode-2] 目标位置:(0.0, 0.0, 0.7)-[TakeOff]-[MCU:False]-[POS:False]
1775392230.7767718 [navNode-2] 当前位置:(0.0070456042885780334, 0.004325956106185913, 0.0011064723366871476)
1775392230.8759685 [navNode-2] [INFO] [1775392230.875648170] [navNode]: 状态2：Takeoff_wait--[TakeOff]
1775392230.8764944 [navNode-2] [INFO] [1775392230.876072228] [navNode]: 未到目标点
1775392230.8766284 [navNode-2] 目标位置:(0.0, 0.0, 0.7)-[TakeOff]-[MCU:False]-[POS:False]
1775392230.8767085 [navNode-2] 当前位置:(0.0070456042885780334, 0.004325956106185913, 0.0011064723366871476)
1775392230.9755855 [navNode-2] [INFO] [1775392230.975280546] [navNode]: 状态2：Takeoff_wait--[TakeOff]
1775392230.9762197 [navNode-2] [INFO] [1775392230.975752617] [navNode]: 未到目标点
1775392230.9763598 [navNode-2] 目标位置:(0.0, 0.0, 0.7)-[TakeOff]-[MCU:False]-[POS:False]
1775392230.9764419 [navNode-2] 当前位置:(0.0070456042885780334, 0.004325956106185913, 0.0011064723366871476)
1775392231.0758543 [navNode-2] [INFO] [1775392231.075536090] [navNode]: 状态2：Takeoff_wait--[TakeOff]
1775392231.0763552 [navNode-2] [INFO] [1775392231.075981249] [navNode]: 未到目标点
1775392231.0764430 [navNode-2] 目标位置:(0.0, 0.0, 0.7)-[TakeOff]-[MCU:False]-[POS:False]
1775392231.0764880 [navNode-2] 当前位置:(0.0070456042885780334, 0.004325956106185913, 0.0011064723366871476)
1775392231.1756620 [navNode-2] [INFO] [1775392231.175253161] [navNode]: 状态2：Takeoff_wait--[TakeOff]
1775392231.1760509 [navNode-2] [INFO] [1775392231.175747981] [navNode]: 未到目标点
1775392231.1761270 [navNode-2] 目标位置:(0.0, 0.0, 0.7)-[TakeOff]-[MCU:False]-[POS:False]
1775392231.1761680 [navNode-2] 当前位置:(0.0070456042885780334, 0.004325956106185913, 0.0011064723366871476)
1775392231.2758195 [navNode-2] [INFO] [1775392231.275482391] [navNode]: 状态2：Takeoff_wait--[TakeOff]
1775392231.2763093 [navNode-2] [INFO] [1775392231.275967334] [navNode]: 未到目标点
1775392231.2764168 [navNode-2] 目标位置:(0.0, 0.0, 0.7)-[TakeOff]-[MCU:False]-[POS:False]
1775392231.2764833 [navNode-2] 当前位置:(0.0070456042885780334, 0.004325956106185913, 0.0011064723366871476)
1775392231.3755891 [navNode-2] [INFO] [1775392231.375210508] [navNode]: 状态2：Takeoff_wait--[TakeOff]
1775392231.3760033 [navNode-2] [INFO] [1775392231.375722845] [navNode]: 未到目标点
1775392231.3761141 [navNode-2] 目标位置:(0.0, 0.0, 0.7)-[TakeOff]-[MCU:False]-[POS:False]
1775392231.3761830 [navNode-2] 当前位置:(0.0070456042885780334, 0.004325956106185913, 0.0011064723366871476)
1775392231.4757600 [navNode-2] [INFO] [1775392231.475404624] [navNode]: 状态2：Takeoff_wait--[TakeOff]
1775392231.4762795 [navNode-2] [INFO] [1775392231.475945500] [navNode]: 未到目标点
1775392231.4764240 [navNode-2] 目标位置:(0.0, 0.0, 0.7)-[TakeOff]-[MCU:False]-[POS:False]
1775392231.4764960 [navNode-2] 当前位置:(0.0070456042885780334, 0.004325956106185913, 0.0011064723366871476)
1775392231.5755277 [navNode-2] [INFO] [1775392231.575148479] [navNode]: 状态2：Takeoff_wait--[TakeOff]
1775392231.5759964 [navNode-2] [INFO] [1775392231.575723731] [navNode]: 未到目标点
1775392231.5761106 [navNode-2] 目标位置:(0.0, 0.0, 0.7)-[TakeOff]-[MCU:False]-[POS:False]
1775392231.5761838 [navNode-2] 当前位置:(0.0070456042885780334, 0.004325956106185913, 0.0011064723366871476)
1775392231.6754878 [navNode-2] [INFO] [1775392231.675148702] [navNode]: 状态2：Takeoff_wait--[TakeOff]
1775392231.6759117 [navNode-2] [INFO] [1775392231.675618350] [navNode]: 未到目标点
1775392231.6760309 [navNode-2] 目标位置:(0.0, 0.0, 0.7)-[TakeOff]-[MCU:False]-[POS:False]
1775392231.6761045 [navNode-2] 当前位置:(0.0070456042885780334, 0.004325956106185913, 0.0011064723366871476)
1775392231.7755239 [navNode-2] [INFO] [1775392231.775173157] [navNode]: 状态2：Takeoff_wait--[TakeOff]
1775392231.7759583 [navNode-2] [INFO] [1775392231.775661912] [navNode]: 未到目标点
1775392231.7760866 [navNode-2] 目标位置:(0.0, 0.0, 0.7)-[TakeOff]-[MCU:False]-[POS:False]
1775392231.7761602 [navNode-2] 当前位置:(0.0070456042885780334, 0.004325956106185913, 0.0011064723366871476)
1775392231.8754957 [navNode-2] [INFO] [1775392231.875143364] [navNode]: 状态2：Takeoff_wait--[TakeOff]
1775392231.8758917 [navNode-2] [INFO] [1775392231.875594392] [navNode]: 未到目标点
1775392231.8760028 [navNode-2] 目标位置:(0.0, 0.0, 0.7)-[TakeOff]-[MCU:False]-[POS:False]
1775392231.8760688 [navNode-2] 当前位置:(0.0070456042885780334, 0.004325956106185913, 0.0011064723366871476)
1775392231.9754405 [navNode-2] [INFO] [1775392231.975137896] [navNode]: 状态2：Takeoff_wait--[TakeOff]
1775392231.9758830 [navNode-2] [INFO] [1775392231.975563997] [navNode]: 未到目标点
1775392231.9759886 [navNode-2] 目标位置:(0.0, 0.0, 0.7)-[TakeOff]-[MCU:False]-[POS:False]
1775392231.9760411 [navNode-2] 当前位置:(0.0070456042885780334, 0.004325956106185913, 0.0011064723366871476)
1775392232.0754526 [navNode-2] [INFO] [1775392232.075151124] [navNode]: 状态2：Takeoff_wait--[TakeOff]
1775392232.0759292 [navNode-2] [INFO] [1775392232.075578222] [navNode]: 未到目标点
1775392232.0760109 [navNode-2] 目标位置:(0.0, 0.0, 0.7)-[TakeOff]-[MCU:False]-[POS:False]
1775392232.0760524 [navNode-2] 当前位置:(0.0070456042885780334, 0.004325956106185913, 0.0011064723366871476)
1775392232.1757295 [navNode-2] [INFO] [1775392232.175387856] [navNode]: 状态2：Takeoff_wait--[TakeOff]
1775392232.1762073 [navNode-2] [INFO] [1775392232.175886973] [navNode]: 未到目标点
1775392232.1763420 [navNode-2] 目标位置:(0.0, 0.0, 0.7)-[TakeOff]-[MCU:False]-[POS:False]
1775392232.1764030 [navNode-2] 当前位置:(0.0070456042885780334, 0.004325956106185913, 0.0011064723366871476)
1775392232.2758012 [navNode-2] [INFO] [1775392232.275395213] [navNode]: 状态2：Takeoff_wait--[TakeOff]
1775392232.2762432 [navNode-2] [INFO] [1775392232.275890261] [navNode]: 未到目标点
1775392232.2763531 [navNode-2] 目标位置:(0.0, 0.0, 0.7)-[TakeOff]-[MCU:False]-[POS:False]
1775392232.2764056 [navNode-2] 当前位置:(0.0070456042885780334, 0.004325956106185913, 0.0011064723366871476)
1775392232.3764539 [navNode-2] [INFO] [1775392232.375925170] [navNode]: 状态2：Takeoff_wait--[TakeOff]
1775392232.3768592 [navNode-2] [INFO] [1775392232.376555202] [navNode]: 未到目标点
1775392232.3769739 [navNode-2] 目标位置:(0.0, 0.0, 0.7)-[TakeOff]-[MCU:False]-[POS:False]
1775392232.3770468 [navNode-2] 当前位置:(0.0070456042885780334, 0.004325956106185913, 0.0011064723366871476)
1775392232.4755609 [navNode-2] [INFO] [1775392232.475202137] [navNode]: 状态2：Takeoff_wait--[TakeOff]
1775392232.4759164 [navNode-2] [INFO] [1775392232.475654109] [navNode]: 未到目标点
1775392232.4760189 [navNode-2] 目标位置:(0.0, 0.0, 0.7)-[TakeOff]-[MCU:False]-[POS:False]
1775392232.4760849 [navNode-2] 当前位置:(0.0070456042885780334, 0.004325956106185913, 0.0011064723366871476)
1775392232.5766165 [navNode-2] [INFO] [1775392232.575786877] [navNode]: 状态2：Takeoff_wait--[TakeOff]
1775392232.5768476 [navNode-2] [INFO] [1775392232.576188735] [navNode]: 未到目标点
1775392232.5769525 [navNode-2] 目标位置:(0.0, 0.0, 0.7)-[TakeOff]-[MCU:False]-[POS:False]
1775392232.5770285 [navNode-2] 当前位置:(0.0070456042885780334, 0.004325956106185913, 0.0011064723366871476)
1775392232.6757662 [navNode-2] [INFO] [1775392232.675448064] [navNode]: 状态2：Takeoff_wait--[TakeOff]
1775392232.6762993 [navNode-2] [INFO] [1775392232.675893469] [navNode]: 未到目标点
1775392232.6764121 [navNode-2] 目标位置:(0.0, 0.0, 0.7)-[TakeOff]-[MCU:False]-[POS:False]
1775392232.6764834 [navNode-2] 当前位置:(0.0070456042885780334, 0.004325956106185913, 0.0011064723366871476)
1775392232.7343748 [WARNING] [launch]: user interrupted with ctrl-c (SIGINT)
1775392232.7986493 [INFO] [navNode-2]: process has finished cleanly [pid 26651]
