1775394742.5928636 [INFO] [launch]: All log files can be found below /home/focal/Desktop/2024_GroundStation/run_log/2026-04-05-06-12-22-588732-ubuntu-33383
1775394742.5936079 [INFO] [launch]: Default logging verbosity is set to INFO
1775394742.6934547 [INFO] [myMain-1]: process started with pid [33385]
1775394742.6936278 [INFO] [navNode-2]: process started with pid [33387]
1775394743.1039679 [navNode-2] [INFO] [1775394743.103527172] [navNode]: paths: [
1775394743.1042869 [navNode-2]   {"x": 0.00, "y": 0.00, "z": 0.00, "label": "TakeOff", "qrcode": "", "label2": ""       , "qrcode2": "" },
1775394743.1043444 [navNode-2]   {"x": 0.00, "y": 0.00, "z": 0.10, "label": "A6"     , "qrcode": "", "label2": ""       , "qrcode2": "" },
1775394743.1043787 [navNode-2]   {"x": 0.00, "y": 0.00, "z": 0.20, "label": "A3"     , "qrcode": "", "label2": ""       , "qrcode2": "" },
1775394743.1044106 [navNode-2]   {"x":-0.25, "y": 1.25, "z": 1.20, "label": "A2"     , "qrcode": "", "label2": ""       , "qrcode2": "" },
1775394743.1044414 [navNode-2]   {"x":-0.25, "y": 1.25, "z": 0.80, "label": "A5"     , "qrcode": "", "label2": ""       , "qrcode2": "" },
1775394743.1045740 [navNode-2]   {"x":-0.25, "y": 1.75, "z": 0.80, "label": "A4"     , "qrcode": "", "label2": ""       , "qrcode2": "" },
1775394743.1046154 [navNode-2]   {"x":-0.25, "y": 1.75, "z": 1.20, "label": "A1"     , "qrcode": "", "label2": ""       , "qrcode2": "" },
1775394743.1046476 [navNode-2]   {"x":-0.25, "y": 2.00, "z": 0.70, "label": "UpSide1", "qrcode": "", "label2": ""       , "qrcode2": "" },
1775394743.1046786 [navNode-2]   {"x": 0.75, "y": 2.00, "z": 0.70, "label": "LandPos", "qrcode": "", "label2": ""       , "qrcode2": "" }
1775394743.1047091 [navNode-2] ]
1775394743.1048200 [navNode-2] 
1775394743.1129227 [navNode-2] [INFO] [1775394743.112643691] [navNode]: 上位机导航节点启动成功
1775394743.8829625 [myMain-1] [INFO] [1775394743.882604935] [Ground]: ros2 node launch success:Ground!
1775394750.6072204 [myMain-1] [INFO] [1775394750.606859953] [Ground]: 发送 scan_all 成功
1775394750.6087561 [navNode-2] [INFO] [1775394750.608398809] [navNode]: 收到来自UI的请求：scan_all
1775394750.6094289 [navNode-2] [WARN] [1775394750.609218870] [navNode]: 任务开始执行scan_all
1775394750.6116464 [myMain-1] [INFO] [1775394750.611412424] [Ground]: scan_all 响应成功 → 回复：scan_all
1775394750.7102835 [navNode-2] [INFO] [1775394750.709744593] [navNode]: 状态1：Takeoff--[TakeOff]
1775394750.7207410 [navNode-2] [INFO] [1775394750.720481051] [navNode]: takeoff 发送成功 → 飞行站已调用：takeoff服务
1775394750.7445152 [myMain-1] [INFO] [1775394750.743815507] [Ground]: MCU2 send back: Takeoffok
1775394750.7448711 [navNode-2] [INFO] [1775394750.743989156] [navNode]: MCU2 send back: Takeoffok
1775394750.8103654 [navNode-2] [INFO] [1775394750.810064271] [navNode]: 状态2：Takeoff_wait--[TakeOff]
1775394750.8107371 [navNode-2] [INFO] [1775394750.810494238] [navNode]: 已到目标点
1775394750.8108191 [navNode-2] 目标位置:TakeOff:(0.0, 0.0, 0.0)-[TakeOff]-[MCU:False]-[POS:True]
1775394750.8108592 [navNode-2] 当前位置:(-0.0005959296249784529, -0.0027329321019351482, -0.0033481584396213293)
1775394750.8108952 [navNode-2] 
1775394750.9102209 [navNode-2] [INFO] [1775394750.909875787] [navNode]: 状态3：SetAim--[TakeOff]
1775394750.9192655 [navNode-2] [INFO] [1775394750.918976471] [navNode]: G+00000+00000+00000 发送成功 → 飞行站已调用：G+00000+00000+00000服务
1775394750.9462099 [navNode-2] [INFO] [1775394750.945940223] [navNode]: MCU2 send back: +00000+00000+00000
1775394750.9466033 [myMain-1] [INFO] [1775394750.946395095] [Ground]: MCU2 send back: +00000+00000+00000
1775394751.0101912 [navNode-2] [INFO] [1775394751.009897001] [navNode]: 状态4：WaitAim--[TakeOff]
1775394751.0106182 [navNode-2] [INFO] [1775394751.010297629] [navNode]: 已到目标点
1775394751.0107780 [navNode-2] 目标位置:TakeOff:(0.0, 0.0, 0.0)-[TakeOff]-[MCU:False]-[POS:True]
1775394751.0108297 [navNode-2] 当前位置:(-0.00019338243873789907, -0.002473055850714445, -0.0035177806857973337)
1775394751.0108769 [navNode-2] 
1775394751.1101484 [navNode-2] [INFO] [1775394751.109819676] [navNode]: 状态5：ArriveAim--[TakeOff]
1775394751.2099376 [navNode-2] [INFO] [1775394751.209627212] [navNode]: 状态3：SetAim--[TakeOff]
1775394751.2201335 [navNode-2] [INFO] [1775394751.219878937] [navNode]: G+00000+00000+01000 发送成功 → 飞行站已调用：G+00000+00000+01000服务
1775394751.2460823 [navNode-2] [INFO] [1775394751.245809994] [navNode]: MCU2 send back: +00000+00000+01000
1775394751.2468009 [myMain-1] [INFO] [1775394751.246649193] [Ground]: MCU2 send back: +00000+00000+01000
1775394751.3107300 [navNode-2] [INFO] [1775394751.310407678] [navNode]: 状态4：WaitAim--[A6]
1775394751.3110659 [navNode-2] [INFO] [1775394751.310807282] [navNode]: 未到目标点
1775394751.3111255 [navNode-2] 目标位置:(0.0, 0.0, 0.1)-[A6]-[MCU:False]-[POS:False]
1775394751.3111618 [navNode-2] 当前位置:(-0.0004240975540596992, -0.002621422754600644, -0.003471692558377981)
1775394751.4102004 [navNode-2] [INFO] [1775394751.409835921] [navNode]: 状态4：WaitAim--[A6]
1775394751.4105902 [navNode-2] [INFO] [1775394751.410267718] [navNode]: 未到目标点
1775394751.4106557 [navNode-2] 目标位置:(0.0, 0.0, 0.1)-[A6]-[MCU:False]-[POS:False]
1775394751.4107308 [navNode-2] 当前位置:(-0.000458691269159317, -0.0026639883872121572, -0.0035185765009373426)
1775394751.5106218 [navNode-2] [INFO] [1775394751.510331788] [navNode]: 状态4：WaitAim--[A6]
1775394751.5109680 [navNode-2] [INFO] [1775394751.510777861] [navNode]: 未到目标点
1775394751.5110755 [navNode-2] 目标位置:(0.0, 0.0, 0.1)-[A6]-[MCU:False]-[POS:False]
1775394751.5111165 [navNode-2] 当前位置:(-0.00021455110982060432, -0.002551760757341981, -0.0037069739773869514)
1775394751.6108210 [navNode-2] [INFO] [1775394751.610365010] [navNode]: 状态4：WaitAim--[A6]
1775394751.6113451 [navNode-2] [INFO] [1775394751.610923591] [navNode]: 未到目标点
1775394751.6114404 [navNode-2] 目标位置:(0.0, 0.0, 0.1)-[A6]-[MCU:False]-[POS:False]
1775394751.6114964 [navNode-2] 当前位置:(-0.00038091561873443425, -0.0025430191308259964, -0.0034069272223860025)
1775394751.7101190 [navNode-2] [INFO] [1775394751.709764725] [navNode]: 状态4：WaitAim--[A6]
1775394751.7105827 [navNode-2] [INFO] [1775394751.710256471] [navNode]: 未到目标点
1775394751.7107008 [navNode-2] 目标位置:(0.0, 0.0, 0.1)-[A6]-[MCU:False]-[POS:False]
1775394751.7107508 [navNode-2] 当前位置:(-0.0002951772476080805, -0.0024627032689750195, -0.003476860001683235)
1775394751.8103089 [navNode-2] [INFO] [1775394751.809947199] [navNode]: 状态4：WaitAim--[A6]
1775394751.8108270 [navNode-2] [INFO] [1775394751.810474252] [navNode]: 未到目标点
1775394751.8109813 [navNode-2] 目标位置:(0.0, 0.0, 0.1)-[A6]-[MCU:False]-[POS:False]
1775394751.8111048 [navNode-2] 当前位置:(-0.0002681267214938998, -0.0021845626179128885, -0.003372438717633486)
1775394751.9107673 [navNode-2] [INFO] [1775394751.910379581] [navNode]: 状态4：WaitAim--[A6]
1775394751.9113014 [navNode-2] [INFO] [1775394751.910947530] [navNode]: 未到目标点
1775394751.9114187 [navNode-2] 目标位置:(0.0, 0.0, 0.1)-[A6]-[MCU:False]-[POS:False]
1775394751.9115016 [navNode-2] 当前位置:(-0.00025544423260726035, -0.0022808832582086325, -0.003390576457604766)
1775394752.0105233 [navNode-2] [INFO] [1775394752.010118018] [navNode]: 状态4：WaitAim--[A6]
1775394752.0109708 [navNode-2] [INFO] [1775394752.010617945] [navNode]: 未到目标点
1775394752.0110972 [navNode-2] 目标位置:(0.0, 0.0, 0.1)-[A6]-[MCU:False]-[POS:False]
1775394752.0111713 [navNode-2] 当前位置:(-0.00037838469143025577, -0.002435700735077262, -0.003391087520867586)
1775394752.1103861 [navNode-2] [INFO] [1775394752.110068087] [navNode]: 状态4：WaitAim--[A6]
1775394752.1108389 [navNode-2] [INFO] [1775394752.110596366] [navNode]: 未到目标点
1775394752.1109667 [navNode-2] 目标位置:(0.0, 0.0, 0.1)-[A6]-[MCU:False]-[POS:False]
1775394752.1110401 [navNode-2] 当前位置:(-0.0005060104886069894, -0.002437248593196273, -0.00328529323451221)
1775394752.2111089 [navNode-2] [INFO] [1775394752.210504806] [navNode]: 状态4：WaitAim--[A6]
1775394752.2117612 [navNode-2] [INFO] [1775394752.210983957] [navNode]: 未到目标点
1775394752.2118700 [navNode-2] 目标位置:(0.0, 0.0, 0.1)-[A6]-[MCU:False]-[POS:False]
1775394752.2119279 [navNode-2] 当前位置:(-0.0006111739785410464, -0.0021898963022977114, -0.003385610645636916)
1775394752.3104682 [navNode-2] [INFO] [1775394752.310086311] [navNode]: 状态4：WaitAim--[A6]
1775394752.3109064 [navNode-2] [INFO] [1775394752.310594317] [navNode]: 未到目标点
1775394752.3110180 [navNode-2] 目标位置:(0.0, 0.0, 0.1)-[A6]-[MCU:False]-[POS:False]
1775394752.3110752 [navNode-2] 当前位置:(-0.0005340638454072177, -0.0019715174566954374, -0.003239376237615943)
1775394752.4103031 [navNode-2] [INFO] [1775394752.409893764] [navNode]: 状态4：WaitAim--[A6]
1775394752.4107156 [navNode-2] [INFO] [1775394752.410335684] [navNode]: 未到目标点
1775394752.4108152 [navNode-2] 目标位置:(0.0, 0.0, 0.1)-[A6]-[MCU:False]-[POS:False]
1775394752.4108589 [navNode-2] 当前位置:(-0.0007866108207963407, -0.0018375610234215856, -0.0034428671933710575)
1775394752.5101373 [navNode-2] [INFO] [1775394752.509803043] [navNode]: 状态4：WaitAim--[A6]
1775394752.5105886 [navNode-2] [INFO] [1775394752.510267020] [navNode]: 未到目标点
1775394752.5107148 [navNode-2] 目标位置:(0.0, 0.0, 0.1)-[A6]-[MCU:False]-[POS:False]
1775394752.5107884 [navNode-2] 当前位置:(-0.0005780791398137808, -0.001992227276787162, -0.003196303267031908)
1775394752.6103554 [navNode-2] [INFO] [1775394752.609925732] [navNode]: 状态4：WaitAim--[A6]
1775394752.6108263 [navNode-2] [INFO] [1775394752.610436460] [navNode]: 未到目标点
1775394752.6109271 [navNode-2] 目标位置:(0.0, 0.0, 0.1)-[A6]-[MCU:False]-[POS:False]
1775394752.6109805 [navNode-2] 当前位置:(-0.00021730465232394636, -0.0021199705079197884, -0.0034218139480799437)
1775394752.7103620 [navNode-2] [INFO] [1775394752.709998631] [navNode]: 状态4：WaitAim--[A6]
1775394752.7107525 [navNode-2] [INFO] [1775394752.710469503] [navNode]: 未到目标点
1775394752.7109087 [navNode-2] 目标位置:(0.0, 0.0, 0.1)-[A6]-[MCU:False]-[POS:False]
1775394752.7109835 [navNode-2] 当前位置:(-0.0005204046610742807, -0.002186229219660163, -0.00318029522895813)
1775394752.8102684 [navNode-2] [INFO] [1775394752.809904638] [navNode]: 状态4：WaitAim--[A6]
1775394752.8107140 [navNode-2] [INFO] [1775394752.810576869] [navNode]: 未到目标点
1775394752.8107948 [navNode-2] 目标位置:(0.0, 0.0, 0.1)-[A6]-[MCU:False]-[POS:False]
1775394752.8108664 [navNode-2] 当前位置:(-0.0005471128388307989, -0.0020602194126695395, -0.003123363247141242)
1775394752.9106410 [navNode-2] [INFO] [1775394752.910255079] [navNode]: 状态4：WaitAim--[A6]
1775394752.9111269 [navNode-2] [INFO] [1775394752.910752400] [navNode]: 未到目标点
1775394752.9112518 [navNode-2] 目标位置:(0.0, 0.0, 0.1)-[A6]-[MCU:False]-[POS:False]
1775394752.9113092 [navNode-2] 当前位置:(-0.0007172367768362164, -0.0020008671563118696, -0.0034264170099049807)
1775394753.0101788 [navNode-2] [INFO] [1775394753.009826552] [navNode]: 状态4：WaitAim--[A6]
1775394753.0106461 [navNode-2] [INFO] [1775394753.010307962] [navNode]: 未到目标点
1775394753.0107782 [navNode-2] 目标位置:(0.0, 0.0, 0.1)-[A6]-[MCU:False]-[POS:False]
1775394753.0108528 [navNode-2] 当前位置:(-0.0007230927585624158, -0.0023073016200214624, -0.003379915840923786)
1775394753.1107554 [navNode-2] [INFO] [1775394753.110271055] [navNode]: 状态4：WaitAim--[A6]
1775394753.1111801 [navNode-2] [INFO] [1775394753.110772403] [navNode]: 未到目标点
1775394753.1112549 [navNode-2] 目标位置:(0.0, 0.0, 0.1)-[A6]-[MCU:False]-[POS:False]
1775394753.1112983 [navNode-2] 当前位置:(-0.0009566789958626032, -0.002150780288502574, -0.0031662669498473406)
1775394753.2101035 [navNode-2] [INFO] [1775394753.209724143] [navNode]: 状态4：WaitAim--[A6]
1775394753.2105684 [navNode-2] [INFO] [1775394753.210281160] [navNode]: 未到目标点
1775394753.2107117 [navNode-2] 目标位置:(0.0, 0.0, 0.1)-[A6]-[MCU:False]-[POS:False]
1775394753.2107871 [navNode-2] 当前位置:(-0.0009469140786677599, -0.0023475647903978825, -0.0032241877634078264)
1775394753.3104863 [navNode-2] [INFO] [1775394753.310104867] [navNode]: 状态4：WaitAim--[A6]
1775394753.3109486 [navNode-2] [INFO] [1775394753.310603372] [navNode]: 未到目标点
1775394753.3110716 [navNode-2] 目标位置:(0.0, 0.0, 0.1)-[A6]-[MCU:False]-[POS:False]
1775394753.3111470 [navNode-2] 当前位置:(-0.0008201494347304106, -0.0027063183952122927, -0.003360595554113388)
1775394753.4102676 [navNode-2] [INFO] [1775394753.409853586] [navNode]: 状态4：WaitAim--[A6]
1775394753.4108047 [navNode-2] [INFO] [1775394753.410397474] [navNode]: 未到目标点
1775394753.4109168 [navNode-2] 目标位置:(0.0, 0.0, 0.1)-[A6]-[MCU:False]-[POS:False]
1775394753.4109695 [navNode-2] 当前位置:(-0.0006331532495096326, -0.00290063233114779, -0.0033187454100698233)
1775394753.5111022 [navNode-2] [INFO] [1775394753.510778661] [navNode]: 状态4：WaitAim--[A6]
1775394753.5116651 [navNode-2] [INFO] [1775394753.511281901] [navNode]: 未到目标点
1775394753.5117567 [navNode-2] 目标位置:(0.0, 0.0, 0.1)-[A6]-[MCU:False]-[POS:False]
1775394753.5118444 [navNode-2] 当前位置:(-0.0012121254112571478, -0.0025409096851944923, -0.0032695396803319454)
1775394753.6103141 [navNode-2] [INFO] [1775394753.609928363] [navNode]: 状态4：WaitAim--[A6]
1775394753.6107707 [navNode-2] [INFO] [1775394753.610374677] [navNode]: 未到目标点
1775394753.6108816 [navNode-2] 目标位置:(0.0, 0.0, 0.1)-[A6]-[MCU:False]-[POS:False]
1775394753.6109495 [navNode-2] 当前位置:(-0.00141475151758641, -0.0023411146830767393, -0.003243400249630213)
1775394753.7102134 [navNode-2] [INFO] [1775394753.709867769] [navNode]: 状态4：WaitAim--[A6]
1775394753.7108068 [navNode-2] [INFO] [1775394753.710323530] [navNode]: 未到目标点
1775394753.7109377 [navNode-2] 目标位置:(0.0, 0.0, 0.1)-[A6]-[MCU:False]-[POS:False]
1775394753.7110100 [navNode-2] 当前位置:(-0.0012955938000231981, -0.002240523463115096, -0.0036491742357611656)
1775394753.8102212 [navNode-2] [INFO] [1775394753.809773654] [navNode]: 状态4：WaitAim--[A6]
1775394753.8106833 [navNode-2] [INFO] [1775394753.810276027] [navNode]: 未到目标点
1775394753.8108099 [navNode-2] 目标位置:(0.0, 0.0, 0.1)-[A6]-[MCU:False]-[POS:False]
1775394753.8108833 [navNode-2] 当前位置:(-0.0014422900276258588, -0.0026174159720540047, -0.0033893210347741842)
1775394753.8402021 [navNode-2] [INFO] [1775394753.839906595] [navNode]: MCU2 send back: Gdoing*
1775394753.8407109 [myMain-1] [INFO] [1775394753.840585815] [Ground]: MCU2 send back: Gdoing*
1775394753.9101448 [navNode-2] [INFO] [1775394753.909814822] [navNode]: 状态4：WaitAim--[A6]
1775394753.9111578 [navNode-2] [INFO] [1775394753.910842654] [navNode]: 未到目标点
1775394753.9113781 [navNode-2] 目标位置:(0.0, 0.0, 0.1)-[A6]-[MCU:False]-[POS:False]
1775394753.9114509 [navNode-2] 当前位置:(-0.0011150010395795107, -0.002665615873411298, -0.0036706910468637943)
1775394753.9598675 [navNode-2] [INFO] [1775394753.959525493] [navNode]: MCU2 send back: Gdoing*
1775394753.9604518 [myMain-1] [INFO] [1775394753.960239700] [Ground]: MCU2 send back: Gdoing*
1775394754.0106051 [navNode-2] [INFO] [1775394754.010196018] [navNode]: 状态4：WaitAim--[A6]
1775394754.0111046 [navNode-2] [INFO] [1775394754.010812835] [navNode]: 未到目标点
1775394754.0111971 [navNode-2] 目标位置:(0.0, 0.0, 0.1)-[A6]-[MCU:False]-[POS:False]
1775394754.0112574 [navNode-2] 当前位置:(-0.0012540039606392384, -0.0023458334617316723, -0.0032049824949353933)
1775394754.0814722 [myMain-1] [INFO] [1775394754.081115828] [Ground]: MCU2 send back: Gdoing*
1775394754.0820479 [navNode-2] [INFO] [1775394754.081896160] [navNode]: MCU2 send back: Gdoing*
1775394754.1101704 [navNode-2] [INFO] [1775394754.109811049] [navNode]: 状态4：WaitAim--[A6]
1775394754.1109390 [navNode-2] [INFO] [1775394754.110763849] [navNode]: 未到目标点
1775394754.1110802 [navNode-2] 目标位置:(0.0, 0.0, 0.1)-[A6]-[MCU:False]-[POS:False]
1775394754.1111414 [navNode-2] 当前位置:(-0.001338062109425664, -0.0022451207041740417, -0.003006426151841879)
1775394754.2017751 [myMain-1] [INFO] [1775394754.201334364] [Ground]: MCU2 send back: Gdoing*
1775394754.2021623 [navNode-2] [INFO] [1775394754.201414785] [navNode]: MCU2 send back: Gdoing*
1775394754.2112415 [navNode-2] [INFO] [1775394754.210723167] [navNode]: 状态4：WaitAim--[A6]
1775394754.2119160 [navNode-2] [INFO] [1775394754.211389521] [navNode]: 未到目标点
1775394754.2120256 [navNode-2] 目标位置:(0.0, 0.0, 0.1)-[A6]-[MCU:False]-[POS:False]
1775394754.2120874 [navNode-2] 当前位置:(-0.0013772640377283096, -0.0023436120245605707, -0.0032895728945732117)
1775394754.3101044 [navNode-2] [INFO] [1775394754.309739499] [navNode]: 状态4：WaitAim--[A6]
1775394754.3105092 [navNode-2] [INFO] [1775394754.310250213] [navNode]: 未到目标点
1775394754.3106356 [navNode-2] 目标位置:(0.0, 0.0, 0.1)-[A6]-[MCU:False]-[POS:False]
1775394754.3107157 [navNode-2] 当前位置:(-0.0011654420522972941, -0.002569120144471526, -0.0032470906153321266)
1775394754.3215740 [myMain-1] [INFO] [1775394754.321115498] [Ground]: MCU2 send back: Gdoing*
1775394754.3220389 [navNode-2] [INFO] [1775394754.321209227] [navNode]: MCU2 send back: Gdoing*
1775394754.4107933 [navNode-2] [INFO] [1775394754.410259578] [navNode]: 状态4：WaitAim--[A6]
1775394754.4112647 [navNode-2] [INFO] [1775394754.410952285] [navNode]: 未到目标点
1775394754.4113514 [navNode-2] 目标位置:(0.0, 0.0, 0.1)-[A6]-[MCU:False]-[POS:False]
1775394754.4114060 [navNode-2] 当前位置:(-0.0009672484593465924, -0.00272805686108768, -0.0034714373759925365)
1775394754.4432425 [navNode-2] [INFO] [1775394754.442396239] [navNode]: MCU2 send back: Gdoing*
1775394754.4436514 [myMain-1] [INFO] [1775394754.442795683] [Ground]: MCU2 send back: Gdoing*
1775394754.5110683 [navNode-2] [INFO] [1775394754.510626896] [navNode]: 状态4：WaitAim--[A6]
1775394754.5116546 [navNode-2] [INFO] [1775394754.511449788] [navNode]: 未到目标点
1775394754.5117729 [navNode-2] 目标位置:(0.0, 0.0, 0.1)-[A6]-[MCU:False]-[POS:False]
1775394754.5119047 [navNode-2] 当前位置:(-0.0009047916973941028, -0.002938833087682724, -0.0037784636951982975)
1775394754.5617580 [myMain-1] [INFO] [1775394754.561218305] [Ground]: MCU2 send back: Gdoing*
1775394754.5624828 [navNode-2] [INFO] [1775394754.561388079] [navNode]: MCU2 send back: Gdoing*
1775394754.6104269 [navNode-2] [INFO] [1775394754.609922764] [navNode]: 状态4：WaitAim--[A6]
1775394754.6110187 [navNode-2] [INFO] [1775394754.610528229] [navNode]: 未到目标点
1775394754.6113966 [navNode-2] 目标位置:(0.0, 0.0, 0.1)-[A6]-[MCU:False]-[POS:False]
1775394754.6115417 [navNode-2] 当前位置:(-0.0010803848272189498, -0.0023897497449070215, -0.0031862217001616955)
1775394754.6843488 [myMain-1] [INFO] [1775394754.683726118] [Ground]: MCU2 send back: Gdoing*
1775394754.6849751 [navNode-2] [INFO] [1775394754.683900446] [navNode]: MCU2 send back: Gdoing*
1775394754.7109280 [navNode-2] [INFO] [1775394754.710528851] [navNode]: 状态4：WaitAim--[A6]
1775394754.7113588 [navNode-2] [INFO] [1775394754.711248832] [navNode]: 未到目标点
1775394754.7114391 [navNode-2] 目标位置:(0.0, 0.0, 0.1)-[A6]-[MCU:False]-[POS:False]
1775394754.7114952 [navNode-2] 当前位置:(-0.0011403542011976242, -0.002411283552646637, -0.0033205561339855194)
1775394754.8039134 [myMain-1] [INFO] [1775394754.803219534] [Ground]: MCU2 send back: Gdoing*
1775394754.8043621 [navNode-2] [INFO] [1775394754.804050544] [navNode]: MCU2 send back: Gdoing*
1775394754.8105848 [navNode-2] [INFO] [1775394754.810190369] [navNode]: 状态4：WaitAim--[A6]
1775394754.8110862 [navNode-2] [INFO] [1775394754.810841157] [navNode]: 未到目标点
1775394754.8112533 [navNode-2] 目标位置:(0.0, 0.0, 0.1)-[A6]-[MCU:False]-[POS:False]
1775394754.8113194 [navNode-2] 当前位置:(-0.0009487868519499898, -0.0025285964366048574, -0.0032064293045550585)
1775394754.9104574 [navNode-2] [INFO] [1775394754.910072327] [navNode]: 状态4：WaitAim--[A6]
1775394754.9110065 [navNode-2] [INFO] [1775394754.910634336] [navNode]: 未到目标点
1775394754.9111590 [navNode-2] 目标位置:(0.0, 0.0, 0.1)-[A6]-[MCU:False]-[POS:False]
1775394754.9112206 [navNode-2] 当前位置:(-0.0008576080435886979, -0.002695827279239893, -0.0036434230860322714)
1775394754.9294677 [myMain-1] [INFO] [1775394754.928992066] [Ground]: MCU2 send back: Gdoing*
1775394754.9303110 [navNode-2] [INFO] [1775394754.930092026] [navNode]: MCU2 send back: Gdoing*
1775394755.0108404 [navNode-2] [INFO] [1775394755.010339692] [navNode]: 状态4：WaitAim--[A6]
1775394755.0116677 [navNode-2] [INFO] [1775394755.011021992] [navNode]: 未到目标点
1775394755.0118959 [navNode-2] 目标位置:(0.0, 0.0, 0.1)-[A6]-[MCU:False]-[POS:False]
1775394755.0119638 [navNode-2] 当前位置:(-0.0008865761919878423, -0.0030816441867500544, -0.003335759276524186)
1775394755.0430043 [myMain-1] [INFO] [1775394755.042438349] [Ground]: MCU2 send back: Gdoing*
1775394755.0433927 [navNode-2] [INFO] [1775394755.042542083] [navNode]: MCU2 send back: Gdoing*
1775394755.1103487 [navNode-2] [INFO] [1775394755.109956741] [navNode]: 状态4：WaitAim--[A6]
1775394755.1109576 [navNode-2] [INFO] [1775394755.110535821] [navNode]: 未到目标点
1775394755.1110880 [navNode-2] 目标位置:(0.0, 0.0, 0.1)-[A6]-[MCU:False]-[POS:False]
1775394755.1111472 [navNode-2] 当前位置:(-0.0012295919004827738, -0.0030763219110667706, -0.0030105363111943007)
1775394755.1632676 [navNode-2] [INFO] [1775394755.162854372] [navNode]: MCU2 send back: Gdoing*
1775394755.1637323 [myMain-1] [INFO] [1775394755.162997335] [Ground]: MCU2 send back: Gdoing*
1775394755.2103870 [navNode-2] [INFO] [1775394755.210042693] [navNode]: 状态4：WaitAim--[A6]
1775394755.2108741 [navNode-2] [INFO] [1775394755.210685108] [navNode]: 未到目标点
1775394755.2109869 [navNode-2] 目标位置:(0.0, 0.0, 0.1)-[A6]-[MCU:False]-[POS:False]
1775394755.2110493 [navNode-2] 当前位置:(-0.000926540931686759, -0.003058927832171321, -0.003497123485431075)
1775394755.2829549 [myMain-1] [INFO] [1775394755.282437077] [Ground]: MCU2 send back: Gdoing*
1775394755.2847342 [navNode-2] [INFO] [1775394755.283874139] [navNode]: MCU2 send back: Gdoing*
1775394755.3104389 [navNode-2] [INFO] [1775394755.310033842] [navNode]: 状态4：WaitAim--[A6]
1775394755.3109245 [navNode-2] [INFO] [1775394755.310623974] [navNode]: 未到目标点
1775394755.3111975 [navNode-2] 目标位置:(0.0, 0.0, 0.1)-[A6]-[MCU:False]-[POS:False]
1775394755.3113053 [navNode-2] 当前位置:(-0.0012438296107575297, -0.002617461374029517, -0.0034394869580864906)
1775394755.4030724 [myMain-1] [INFO] [1775394755.402712584] [Ground]: MCU2 send back: Gdoing*
1775394755.4036045 [navNode-2] [INFO] [1775394755.403431734] [navNode]: MCU2 send back: Gdoing*
1775394755.4108329 [navNode-2] [INFO] [1775394755.410454439] [navNode]: 状态4：WaitAim--[A6]
1775394755.4112830 [navNode-2] [INFO] [1775394755.411025001] [navNode]: 未到目标点
1775394755.4113734 [navNode-2] 目标位置:(0.0, 0.0, 0.1)-[A6]-[MCU:False]-[POS:False]
1775394755.4114289 [navNode-2] 当前位置:(-0.0013062236830592155, -0.002817961387336254, -0.0034419423900544643)
1775394755.5107181 [navNode-2] [INFO] [1775394755.510387954] [navNode]: 状态4：WaitAim--[A6]
1775394755.5114489 [navNode-2] [INFO] [1775394755.511273250] [navNode]: 未到目标点
1775394755.5115776 [navNode-2] 目标位置:(0.0, 0.0, 0.1)-[A6]-[MCU:False]-[POS:False]
1775394755.5116313 [navNode-2] 当前位置:(-0.0013620329555124044, -0.0025765399914234877, -0.0034415756817907095)
1775394755.5242276 [navNode-2] [INFO] [1775394755.523829994] [navNode]: MCU2 send back: Gdoing*
1775394755.5247047 [myMain-1] [INFO] [1775394755.524199104] [Ground]: MCU2 send back: Gdoing*
1775394755.6110690 [navNode-2] [INFO] [1775394755.610550345] [navNode]: 状态4：WaitAim--[A6]
1775394755.6118407 [navNode-2] [INFO] [1775394755.611343250] [navNode]: 未到目标点
1775394755.6120405 [navNode-2] 目标位置:(0.0, 0.0, 0.1)-[A6]-[MCU:False]-[POS:False]
1775394755.6121464 [navNode-2] 当前位置:(-0.0010249098995700479, -0.0024386963341385126, -0.0033724356908351183)
1775394755.6435001 [navNode-2] [INFO] [1775394755.642765545] [navNode]: MCU2 send back: Gdoing*
1775394755.6440144 [myMain-1] [INFO] [1775394755.643068134] [Ground]: MCU2 send back: Gdoing*
1775394755.7105205 [navNode-2] [INFO] [1775394755.710123262] [navNode]: 状态4：WaitAim--[A6]
1775394755.7112777 [navNode-2] [INFO] [1775394755.711098403] [navNode]: 未到目标点
1775394755.7114370 [navNode-2] 目标位置:(0.0, 0.0, 0.1)-[A6]-[MCU:False]-[POS:False]
1775394755.7114930 [navNode-2] 当前位置:(-0.0009656604961492121, -0.0026001413352787495, -0.003243319923058152)
1775394755.7652850 [navNode-2] [INFO] [1775394755.764682935] [navNode]: MCU2 send back: Gdoing*
1775394755.7662549 [myMain-1] [INFO] [1775394755.765612778] [Ground]: MCU2 send back: Gdoing*
1775394755.8103516 [navNode-2] [INFO] [1775394755.809971895] [navNode]: 状态4：WaitAim--[A6]
1775394755.8108554 [navNode-2] [INFO] [1775394755.810522480] [navNode]: 未到目标点
1775394755.8109541 [navNode-2] 目标位置:(0.0, 0.0, 0.1)-[A6]-[MCU:False]-[POS:False]
1775394755.8110101 [navNode-2] 当前位置:(-0.0009569494868628681, -0.0024072248488664627, -0.0030439242254942656)
1775394755.8843367 [navNode-2] [INFO] [1775394755.883442084] [navNode]: MCU2 send back: Gdoing*
1775394755.8847554 [myMain-1] [INFO] [1775394755.884141292] [Ground]: MCU2 send back: Gdoing*
1775394755.9107416 [navNode-2] [INFO] [1775394755.910397167] [navNode]: 状态4：WaitAim--[A6]
1775394755.9111872 [navNode-2] [INFO] [1775394755.910944914] [navNode]: 未到目标点
1775394755.9113164 [navNode-2] 目标位置:(0.0, 0.0, 0.1)-[A6]-[MCU:False]-[POS:False]
1775394755.9113712 [navNode-2] 当前位置:(-0.0012050903169438243, -0.0022946977987885475, -0.0032328972592949867)
1775394756.0046785 [navNode-2] [INFO] [1775394756.004358115] [navNode]: MCU2 send back: Gdoing*
1775394756.0057862 [myMain-1] [INFO] [1775394756.005263061] [Ground]: MCU2 send back: Gdoing*
1775394756.0101566 [navNode-2] [INFO] [1775394756.009890795] [navNode]: 状态4：WaitAim--[A6]
1775394756.0106466 [navNode-2] [INFO] [1775394756.010525534] [navNode]: 未到目标点
1775394756.0107682 [navNode-2] 目标位置:(0.0, 0.0, 0.1)-[A6]-[MCU:False]-[POS:False]
1775394756.0108180 [navNode-2] 当前位置:(-0.0015114451525732875, -0.002399261575192213, -0.0032439904753118753)
1775394756.1112745 [navNode-2] [INFO] [1775394756.110815747] [navNode]: 状态4：WaitAim--[A6]
1775394756.1116745 [navNode-2] [INFO] [1775394756.111387422] [navNode]: 未到目标点
1775394756.1118166 [navNode-2] 目标位置:(0.0, 0.0, 0.1)-[A6]-[MCU:False]-[POS:False]
1775394756.1118891 [navNode-2] 当前位置:(-0.001494468073360622, -0.002669262932613492, -0.0033709413837641478)
1775394756.1243200 [myMain-1] [INFO] [1775394756.123930928] [Ground]: MCU2 send back: Gdoing*
1775394756.1246853 [navNode-2] [INFO] [1775394756.124073671] [navNode]: MCU2 send back: Gdoing*
1775394756.2104924 [navNode-2] [INFO] [1775394756.210157976] [navNode]: 状态4：WaitAim--[A6]
1775394756.2110138 [navNode-2] [INFO] [1775394756.210694784] [navNode]: 未到目标点
1775394756.2111039 [navNode-2] 目标位置:(0.0, 0.0, 0.1)-[A6]-[MCU:False]-[POS:False]
1775394756.2111533 [navNode-2] 当前位置:(-0.0014457303332164884, -0.002604941837489605, -0.0034564470406621695)
1775394756.2445450 [myMain-1] [INFO] [1775394756.244055072] [Ground]: MCU2 send back: Gdoing*
1775394756.2457211 [navNode-2] [INFO] [1775394756.245383971] [navNode]: MCU2 send back: Gdoing*
1775394756.3109615 [navNode-2] [INFO] [1775394756.310541242] [navNode]: 状态4：WaitAim--[A6]
1775394756.3117137 [navNode-2] [INFO] [1775394756.311193994] [navNode]: 未到目标点
1775394756.3119857 [navNode-2] 目标位置:(0.0, 0.0, 0.1)-[A6]-[MCU:False]-[POS:False]
1775394756.3121049 [navNode-2] 当前位置:(-0.0013669298496097326, -0.002473145956173539, -0.003418051404878497)
1775394756.3641934 [navNode-2] [INFO] [1775394756.363849191] [navNode]: MCU2 send back: Gdoing*
1775394756.3646197 [myMain-1] [INFO] [1775394756.363887750] [Ground]: MCU2 send back: Gdoing*
1775394756.4105859 [navNode-2] [INFO] [1775394756.410181280] [navNode]: 状态4：WaitAim--[A6]
1775394756.4110885 [navNode-2] [INFO] [1775394756.410768981] [navNode]: 未到目标点
1775394756.4111764 [navNode-2] 目标位置:(0.0, 0.0, 0.1)-[A6]-[MCU:False]-[POS:False]
1775394756.4112291 [navNode-2] 当前位置:(-0.0012580401962623, -0.002304226392880082, -0.0033260942436754704)
1775394756.4846547 [navNode-2] [INFO] [1775394756.484138166] [navNode]: MCU2 send back: Gdoing*
1775394756.4850645 [myMain-1] [INFO] [1775394756.484200970] [Ground]: MCU2 send back: Gdoing*
1775394756.5118961 [navNode-2] [INFO] [1775394756.511433350] [navNode]: 状态4：WaitAim--[A6]
1775394756.5124772 [navNode-2] [INFO] [1775394756.512318784] [navNode]: 未到目标点
1775394756.5125923 [navNode-2] 目标位置:(0.0, 0.0, 0.1)-[A6]-[MCU:False]-[POS:False]
1775394756.5126512 [navNode-2] 当前位置:(-0.0014150704955682158, -0.0024883418809622526, -0.0028157862834632397)
1775394756.6052020 [navNode-2] [INFO] [1775394756.604685604] [navNode]: MCU2 send back: Gdoing*
1775394756.6056557 [myMain-1] [INFO] [1775394756.604750575] [Ground]: MCU2 send back: Gdoing*
1775394756.6110597 [navNode-2] [INFO] [1775394756.610712362] [navNode]: 状态4：WaitAim--[A6]
1775394756.6116769 [navNode-2] [INFO] [1775394756.611462725] [navNode]: 未到目标点
1775394756.6118166 [navNode-2] 目标位置:(0.0, 0.0, 0.1)-[A6]-[MCU:False]-[POS:False]
1775394756.6118782 [navNode-2] 当前位置:(-0.001402529189363122, -0.002574038691818714, -0.0030709055718034506)
1775394756.7122951 [navNode-2] [INFO] [1775394756.710011805] [navNode]: 状态4：WaitAim--[A6]
1775394756.7125306 [navNode-2] [INFO] [1775394756.710565591] [navNode]: 未到目标点
1775394756.7125962 [navNode-2] 目标位置:(0.0, 0.0, 0.1)-[A6]-[MCU:False]-[POS:False]
1775394756.7126453 [navNode-2] 当前位置:(-0.0015598204918205738, -0.0027768881991505623, -0.0034209704026579857)
1775394756.7251353 [navNode-2] [INFO] [1775394756.724763762] [navNode]: MCU2 send back: Gdoing*
1775394756.7265718 [myMain-1] [INFO] [1775394756.726284899] [Ground]: MCU2 send back: Gdoing*
1775394756.8110297 [navNode-2] [INFO] [1775394756.810367911] [navNode]: 状态4：WaitAim--[A6]
1775394756.8114541 [navNode-2] [INFO] [1775394756.811046148] [navNode]: 未到目标点
1775394756.8115318 [navNode-2] 目标位置:(0.0, 0.0, 0.1)-[A6]-[MCU:False]-[POS:False]
1775394756.8115838 [navNode-2] 当前位置:(-0.0014922221889719367, -0.002620397135615349, -0.0032669231295585632)
1775394756.8463006 [navNode-2] [INFO] [1775394756.845807591] [navNode]: MCU2 send back: Gdoing*
1775394756.8468511 [myMain-1] [INFO] [1775394756.846686669] [Ground]: MCU2 send back: Gdoing*
1775394756.9104455 [navNode-2] [INFO] [1775394756.910087875] [navNode]: 状态4：WaitAim--[A6]
1775394756.9109695 [navNode-2] [INFO] [1775394756.910811720] [navNode]: 未到目标点
1775394756.9110696 [navNode-2] 目标位置:(0.0, 0.0, 0.1)-[A6]-[MCU:False]-[POS:False]
1775394756.9111238 [navNode-2] 当前位置:(-0.00134510756470263, -0.0022307545877993107, -0.002965085906907916)
1775394756.9652109 [navNode-2] [INFO] [1775394756.964841714] [navNode]: MCU2 send back: Gdoing*
1775394756.9669704 [myMain-1] [INFO] [1775394756.966690753] [Ground]: MCU2 send back: Gdoing*
1775394757.0106270 [navNode-2] [INFO] [1775394757.010296586] [navNode]: 状态4：WaitAim--[A6]
1775394757.0114756 [navNode-2] [INFO] [1775394757.011284064] [navNode]: 未到目标点
1775394757.0116200 [navNode-2] 目标位置:(0.0, 0.0, 0.1)-[A6]-[MCU:False]-[POS:False]
1775394757.0116744 [navNode-2] 当前位置:(-0.0011386339319869876, -0.0023267457727342844, -0.002845143200829625)
1775394757.0855124 [navNode-2] [INFO] [1775394757.085199200] [navNode]: MCU2 send back: Gdoing*
1775394757.0859010 [myMain-1] [INFO] [1775394757.085217312] [Ground]: MCU2 send back: Gdoing*
1775394757.1103313 [navNode-2] [INFO] [1775394757.109999690] [navNode]: 状态4：WaitAim--[A6]
1775394757.1108897 [navNode-2] [INFO] [1775394757.110483416] [navNode]: 未到目标点
1775394757.1110353 [navNode-2] 目标位置:(0.0, 0.0, 0.1)-[A6]-[MCU:False]-[POS:False]
1775394757.1110897 [navNode-2] 当前位置:(-0.0014581894502043724, -0.0022254923824220896, -0.0030593734700232744)
1775394757.2060781 [navNode-2] [INFO] [1775394757.205724476] [navNode]: MCU2 send back: Gdoing*
1775394757.2065065 [myMain-1] [INFO] [1775394757.206168723] [Ground]: MCU2 send back: Gdoing*
1775394757.2115102 [navNode-2] [INFO] [1775394757.211216547] [navNode]: 状态4：WaitAim--[A6]
1775394757.2119014 [navNode-2] [INFO] [1775394757.211692251] [navNode]: 未到目标点
1775394757.2120295 [navNode-2] 目标位置:(0.0, 0.0, 0.1)-[A6]-[MCU:False]-[POS:False]
1775394757.2120912 [navNode-2] 当前位置:(-0.0015317762736231089, -0.002352431882172823, -0.003089834935963154)
1775394757.3105533 [navNode-2] [INFO] [1775394757.310084067] [navNode]: 状态4：WaitAim--[A6]
1775394757.3110814 [navNode-2] [INFO] [1775394757.310832709] [navNode]: 未到目标点
1775394757.3111861 [navNode-2] 目标位置:(0.0, 0.0, 0.1)-[A6]-[MCU:False]-[POS:False]
1775394757.3112431 [navNode-2] 当前位置:(-0.001566795282997191, -0.0026345050428062677, -0.0034463200718164444)
1775394757.3274379 [myMain-1] [INFO] [1775394757.327070780] [Ground]: MCU2 send back: Gdoing*
1775394757.3279343 [navNode-2] [INFO] [1775394757.327340382] [navNode]: MCU2 send back: Gdoing*
1775394757.4106090 [navNode-2] [INFO] [1775394757.410233802] [navNode]: 状态4：WaitAim--[A6]
1775394757.4112103 [navNode-2] [INFO] [1775394757.410904375] [navNode]: 未到目标点
1775394757.4113345 [navNode-2] 目标位置:(0.0, 0.0, 0.1)-[A6]-[MCU:False]-[POS:False]
1775394757.4114022 [navNode-2] 当前位置:(-0.001423135050572455, -0.002651929622516036, -0.0030675579328089952)
1775394757.4473999 [myMain-1] [INFO] [1775394757.447003590] [Ground]: MCU2 send back: Gdoing*
1775394757.4478116 [navNode-2] [INFO] [1775394757.447447883] [navNode]: MCU2 send back: Gdoing*
1775394757.5103900 [navNode-2] [INFO] [1775394757.510070485] [navNode]: 状态4：WaitAim--[A6]
1775394757.5108182 [navNode-2] [INFO] [1775394757.510559942] [navNode]: 未到目标点
1775394757.5109122 [navNode-2] 目标位置:(0.0, 0.0, 0.1)-[A6]-[MCU:False]-[POS:False]
1775394757.5109630 [navNode-2] 当前位置:(-0.001377252978272736, -0.0023814209271222353, -0.0031164896208792925)
1775394757.5663645 [myMain-1] [INFO] [1775394757.566022591] [Ground]: MCU2 send back: Gdoing*
1775394757.5668783 [navNode-2] [INFO] [1775394757.566141775] [navNode]: MCU2 send back: Gdoing*
1775394757.6106317 [navNode-2] [INFO] [1775394757.610227529] [navNode]: 状态4：WaitAim--[A6]
1775394757.6112471 [navNode-2] [INFO] [1775394757.610933490] [navNode]: 未到目标点
1775394757.6113806 [navNode-2] 目标位置:(0.0, 0.0, 0.1)-[A6]-[MCU:False]-[POS:False]
1775394757.6114452 [navNode-2] 当前位置:(-0.0015427739126607776, -0.0022090678103268147, -0.0031900801695883274)
1775394757.6868489 [myMain-1] [INFO] [1775394757.686420944] [Ground]: MCU2 send back: Gdoing*
1775394757.6873248 [navNode-2] [INFO] [1775394757.686546204] [navNode]: MCU2 send back: Gdoing*
1775394757.7106097 [navNode-2] [INFO] [1775394757.710261742] [navNode]: 状态4：WaitAim--[A6]
1775394757.7111037 [navNode-2] [INFO] [1775394757.710837541] [navNode]: 未到目标点
1775394757.7111981 [navNode-2] 目标位置:(0.0, 0.0, 0.1)-[A6]-[MCU:False]-[POS:False]
1775394757.7112494 [navNode-2] 当前位置:(-0.0011355633614584804, -0.0023913232143968344, -0.0033220795448869467)
1775394757.8072760 [myMain-1] [INFO] [1775394757.806889050] [Ground]: MCU2 send back: Gdoing*
1775394757.8078587 [navNode-2] [INFO] [1775394757.807720236] [navNode]: MCU2 send back: Gdoing*
1775394757.8097618 [navNode-2] [INFO] [1775394757.809471136] [navNode]: 状态4：WaitAim--[A6]
1775394757.8100667 [navNode-2] [INFO] [1775394757.809958038] [navNode]: 未到目标点
1775394757.8101456 [navNode-2] 目标位置:(0.0, 0.0, 0.1)-[A6]-[MCU:False]-[POS:False]
1775394757.8101933 [navNode-2] 当前位置:(-0.0011301895137876272, -0.0024871514178812504, -0.0031851620879024267)
1775394757.9103150 [navNode-2] [INFO] [1775394757.909929263] [navNode]: 状态4：WaitAim--[A6]
1775394757.9109130 [navNode-2] [INFO] [1775394757.910450460] [navNode]: 未到目标点
1775394757.9110641 [navNode-2] 目标位置:(0.0, 0.0, 0.1)-[A6]-[MCU:False]-[POS:False]
1775394757.9111526 [navNode-2] 当前位置:(-0.0011364449746906757, -0.0026698713190853596, -0.0031229080632328987)
1775394757.9278629 [myMain-1] [INFO] [1775394757.927528721] [Ground]: MCU2 send back: Gdoing*
1775394757.9285970 [navNode-2] [INFO] [1775394757.928402245] [navNode]: MCU2 send back: Gdoing*
1775394758.0113797 [navNode-2] [INFO] [1775394758.010887435] [navNode]: 状态4：WaitAim--[A6]
1775394758.0118494 [navNode-2] [INFO] [1775394758.011493300] [navNode]: 未到目标点
1775394758.0119312 [navNode-2] 目标位置:(0.0, 0.0, 0.1)-[A6]-[MCU:False]-[POS:False]
1775394758.0119762 [navNode-2] 当前位置:(-0.000960297416895628, -0.002729657804593444, -0.0031813897658139467)
1775394758.0481095 [myMain-1] [INFO] [1775394758.047708026] [Ground]: MCU2 send back: Gdoing*
1775394758.0484769 [navNode-2] [INFO] [1775394758.047942053] [navNode]: MCU2 send back: Gdoing*
1775394758.1103013 [navNode-2] [INFO] [1775394758.109986583] [navNode]: 状态4：WaitAim--[A6]
1775394758.1108141 [navNode-2] [INFO] [1775394758.110463369] [navNode]: 未到目标点
1775394758.1109226 [navNode-2] 目标位置:(0.0, 0.0, 0.1)-[A6]-[MCU:False]-[POS:False]
1775394758.1109722 [navNode-2] 当前位置:(-0.001059595844708383, -0.0031534594018012285, -0.0032546345610171556)
1775394758.1672263 [myMain-1] [INFO] [1775394758.166793706] [Ground]: MCU2 send back: Gdoing*
1775394758.1675723 [navNode-2] [INFO] [1775394758.166841175] [navNode]: MCU2 send back: Gdoing*
1775394758.2106040 [navNode-2] [INFO] [1775394758.210097281] [navNode]: 状态4：WaitAim--[A6]
1775394758.2112339 [navNode-2] [INFO] [1775394758.210794155] [navNode]: 未到目标点
1775394758.2113261 [navNode-2] 目标位置:(0.0, 0.0, 0.1)-[A6]-[MCU:False]-[POS:False]
1775394758.2113779 [navNode-2] 当前位置:(-0.0010716617107391357, -0.0026229049544781446, -0.0031718697864562273)
1775394758.2880476 [navNode-2] [INFO] [1775394758.287600371] [navNode]: MCU2 send back: Gdoing*
1775394758.2883937 [myMain-1] [INFO] [1775394758.287646135] [Ground]: MCU2 send back: Gdoing*
1775394758.3109119 [navNode-2] [INFO] [1775394758.310569775] [navNode]: 状态4：WaitAim--[A6]
1775394758.3113360 [navNode-2] [INFO] [1775394758.311138225] [navNode]: 未到目标点
1775394758.3114402 [navNode-2] 目标位置:(0.0, 0.0, 0.1)-[A6]-[MCU:False]-[POS:False]
1775394758.3114944 [navNode-2] 当前位置:(-0.0015874045202508569, -0.002837813226506114, -0.003228717017918825)
1775394758.4082017 [navNode-2] [INFO] [1775394758.407824277] [navNode]: MCU2 send back: Gdoing*
1775394758.4086285 [myMain-1] [INFO] [1775394758.408075026] [Ground]: MCU2 send back: Gdoing*
1775394758.4099202 [navNode-2] [INFO] [1775394758.409695746] [navNode]: 状态4：WaitAim--[A6]
1775394758.4103880 [navNode-2] [INFO] [1775394758.410244839] [navNode]: 未到目标点
1775394758.4105010 [navNode-2] 目标位置:(0.0, 0.0, 0.1)-[A6]-[MCU:False]-[POS:False]
1775394758.4105597 [navNode-2] 当前位置:(-0.0016273109940811992, -0.002662892220541835, -0.0032121140975505114)
1775394758.5100760 [navNode-2] [INFO] [1775394758.509736037] [navNode]: 状态4：WaitAim--[A6]
1775394758.5105696 [navNode-2] [INFO] [1775394758.510298235] [navNode]: 未到目标点
1775394758.5106924 [navNode-2] 目标位置:(0.0, 0.0, 0.1)-[A6]-[MCU:False]-[POS:False]
1775394758.5107660 [navNode-2] 当前位置:(-0.0014533109497278929, -0.002610692521557212, -0.00317969499155879)
1775394758.5278900 [myMain-1] [INFO] [1775394758.527469393] [Ground]: MCU2 send back: Gdoing*
1775394758.5283322 [navNode-2] [INFO] [1775394758.528026805] [navNode]: MCU2 send back: Gdoing*
1775394758.6102314 [navNode-2] [INFO] [1775394758.609880140] [navNode]: 状态4：WaitAim--[A6]
1775394758.6106548 [navNode-2] [INFO] [1775394758.610386845] [navNode]: 未到目标点
1775394758.6107974 [navNode-2] 目标位置:(0.0, 0.0, 0.1)-[A6]-[MCU:False]-[POS:False]
1775394758.6108656 [navNode-2] 当前位置:(-0.001251926994882524, -0.002674283692613244, -0.003136880462989211)
1775394758.6483815 [navNode-2] [INFO] [1775394758.647948218] [navNode]: MCU2 send back: Gdoing*
1775394758.6488318 [myMain-1] [INFO] [1775394758.647954524] [Ground]: MCU2 send back: Gdoing*
1775394758.7100906 [navNode-2] [INFO] [1775394758.709754971] [navNode]: 状态4：WaitAim--[A6]
1775394758.7106309 [navNode-2] [INFO] [1775394758.710290078] [navNode]: 未到目标点
1775394758.7107561 [navNode-2] 目标位置:(0.0, 0.0, 0.1)-[A6]-[MCU:False]-[POS:False]
1775394758.7108121 [navNode-2] 当前位置:(-0.0009279500227421522, -0.00243197288364172, -0.002856037812307477)
1775394758.7683296 [navNode-2] [INFO] [1775394758.767859677] [navNode]: MCU2 send back: Gdoing*
1775394758.7686994 [myMain-1] [INFO] [1775394758.767908115] [Ground]: MCU2 send back: Gdoing*
1775394758.8111911 [navNode-2] [INFO] [1775394758.810787812] [navNode]: 状态4：WaitAim--[A6]
1775394758.8124735 [navNode-2] [INFO] [1775394758.812146075] [navNode]: 未到目标点
1775394758.8126538 [navNode-2] 目标位置:(0.0, 0.0, 0.1)-[A6]-[MCU:False]-[POS:False]
1775394758.8127155 [navNode-2] 当前位置:(-0.001279684016481042, -0.00247414642944932, -0.003092230996116996)
1775394758.8894236 [myMain-1] [INFO] [1775394758.888954568] [Ground]: MCU2 send back: Gdoing*
1775394758.8910439 [navNode-2] [INFO] [1775394758.890793106] [navNode]: MCU2 send back: Gdoing*
1775394758.9104524 [navNode-2] [INFO] [1775394758.910133536] [navNode]: 状态4：WaitAim--[A6]
1775394758.9109077 [navNode-2] [INFO] [1775394758.910635016] [navNode]: 未到目标点
1775394758.9110398 [navNode-2] 目标位置:(0.0, 0.0, 0.1)-[A6]-[MCU:False]-[POS:False]
1775394758.9111023 [navNode-2] 当前位置:(-0.0015091163804754615, -0.002371786627918482, -0.002952434355393052)
1775394759.0090752 [navNode-2] [INFO] [1775394759.008614636] [navNode]: MCU2 send back: Gdoing*
1775394759.0094602 [myMain-1] [INFO] [1775394759.008646025] [Ground]: MCU2 send back: Gdoing*
1775394759.0108995 [navNode-2] [INFO] [1775394759.010569535] [navNode]: 状态4：WaitAim--[A6]
1775394759.0112097 [navNode-2] [INFO] [1775394759.011100324] [navNode]: 未到目标点
1775394759.0112953 [navNode-2] 目标位置:(0.0, 0.0, 0.1)-[A6]-[MCU:False]-[POS:False]
1775394759.0113490 [navNode-2] 当前位置:(-0.0014021566603332758, -0.002448560204356909, -0.0030376373324543238)
1775394759.1101551 [navNode-2] [INFO] [1775394759.109804165] [navNode]: 状态4：WaitAim--[A6]
1775394759.1106017 [navNode-2] [INFO] [1775394759.110264723] [navNode]: 未到目标点
1775394759.1107531 [navNode-2] 目标位置:(0.0, 0.0, 0.1)-[A6]-[MCU:False]-[POS:False]
1775394759.1108284 [navNode-2] 当前位置:(-0.0014921778347343206, -0.002763059688732028, -0.0030330673325806856)
1775394759.1292086 [navNode-2] [INFO] [1775394759.128925596] [navNode]: MCU2 send back: Gdoing*
1775394759.1297972 [myMain-1] [INFO] [1775394759.129086038] [Ground]: MCU2 send back: Gdoing*
1775394759.2100875 [navNode-2] [INFO] [1775394759.209693029] [navNode]: 状态4：WaitAim--[A6]
1775394759.2104714 [navNode-2] [INFO] [1775394759.210203966] [navNode]: 未到目标点
1775394759.2105420 [navNode-2] 目标位置:(0.0, 0.0, 0.1)-[A6]-[MCU:False]-[POS:False]
1775394759.2105849 [navNode-2] 当前位置:(-0.0014058093074709177, -0.0028780922293663025, -0.0029433434829115868)
1775394759.2502592 [navNode-2] [INFO] [1775394759.249288503] [navNode]: MCU2 send back: Gdoing*
1775394759.2507472 [myMain-1] [INFO] [1775394759.249995891] [Ground]: MCU2 send back: Gdoing*
1775394759.3109910 [navNode-2] [INFO] [1775394759.310107163] [navNode]: 状态4：WaitAim--[A6]
1775394759.3117650 [navNode-2] [INFO] [1775394759.311254216] [navNode]: 未到目标点
1775394759.3118942 [navNode-2] 目标位置:(0.0, 0.0, 0.1)-[A6]-[MCU:False]-[POS:False]
1775394759.3120220 [navNode-2] 当前位置:(-0.001502815168350935, -0.0026126112788915634, -0.00317549891769886)
1775394759.3697460 [navNode-2] [INFO] [1775394759.369161553] [navNode]: MCU2 send back: Gdoing*
1775394759.3701632 [myMain-1] [INFO] [1775394759.369469611] [Ground]: MCU2 send back: Gdoing*
1775394759.4105346 [navNode-2] [INFO] [1775394759.410186243] [navNode]: 状态4：WaitAim--[A6]
1775394759.4109759 [navNode-2] [INFO] [1775394759.410699307] [navNode]: 未到目标点
1775394759.4110448 [navNode-2] 目标位置:(0.0, 0.0, 0.1)-[A6]-[MCU:False]-[POS:False]
1775394759.4110873 [navNode-2] 当前位置:(-0.0012061893939971924, -0.002476735506206751, -0.0033604742493480444)
1775394759.4893720 [navNode-2] [INFO] [1775394759.489068326] [navNode]: MCU2 send back: Gdoing*
1775394759.4897671 [myMain-1] [INFO] [1775394759.489458161] [Ground]: MCU2 send back: Gdoing*
1775394759.5102010 [navNode-2] [INFO] [1775394759.509871982] [navNode]: 状态4：WaitAim--[A6]
1775394759.5105991 [navNode-2] [INFO] [1775394759.510358370] [navNode]: 未到目标点
1775394759.5107033 [navNode-2] 目标位置:(0.0, 0.0, 0.1)-[A6]-[MCU:False]-[POS:False]
1775394759.5107546 [navNode-2] 当前位置:(-0.0013220638502389193, -0.002671383321285248, -0.003216575365513563)
1775394759.6110275 [navNode-2] [INFO] [1775394759.610714632] [navNode]: 状态4：WaitAim--[A6]
1775394759.6114378 [myMain-1] [INFO] [1775394759.611096300] [Ground]: MCU2 send back: Gdoing*
1775394759.6115859 [navNode-2] [INFO] [1775394759.611200730] [navNode]: 未到目标点
1775394759.6116529 [navNode-2] 目标位置:(0.0, 0.0, 0.1)-[A6]-[MCU:False]-[POS:False]
1775394759.6117017 [navNode-2] 当前位置:(-0.0015650542918592691, -0.0031816959381103516, -0.003265665378421545)
1775394759.6126547 [navNode-2] [INFO] [1775394759.612327254] [navNode]: MCU2 send back: Gdoing*
1775394759.7101421 [navNode-2] [INFO] [1775394759.709801954] [navNode]: 状态4：WaitAim--[A6]
1775394759.7105370 [navNode-2] [INFO] [1775394759.710273748] [navNode]: 未到目标点
1775394759.7106855 [navNode-2] 目标位置:(0.0, 0.0, 0.1)-[A6]-[MCU:False]-[POS:False]
1775394759.7107780 [navNode-2] 当前位置:(-0.001736237434670329, -0.00277331518009305, -0.002871535485610366)
1775394759.7300119 [navNode-2] [INFO] [1775394759.729459440] [navNode]: MCU2 send back: Gdoing*
1775394759.7304354 [myMain-1] [INFO] [1775394759.729797082] [Ground]: MCU2 send back: Gdoing*
1775394759.8101840 [navNode-2] [INFO] [1775394759.809857817] [navNode]: 状态4：WaitAim--[A6]
1775394759.8106325 [navNode-2] [INFO] [1775394759.810431943] [navNode]: 未到目标点
1775394759.8107240 [navNode-2] 目标位置:(0.0, 0.0, 0.1)-[A6]-[MCU:False]-[POS:False]
1775394759.8107846 [navNode-2] 当前位置:(-0.001671532983891666, -0.0024693324230611324, -0.002981731900945306)
1775394759.8499632 [navNode-2] [INFO] [1775394759.849545184] [navNode]: MCU2 send back: Gdoing*
1775394759.8504179 [myMain-1] [INFO] [1775394759.849705529] [Ground]: MCU2 send back: Gdoing*
1775394759.9105024 [navNode-2] [INFO] [1775394759.909956801] [navNode]: 状态4：WaitAim--[A6]
1775394759.9112048 [navNode-2] [INFO] [1775394759.910548197] [navNode]: 未到目标点
1775394759.9114549 [navNode-2] 目标位置:(0.0, 0.0, 0.1)-[A6]-[MCU:False]-[POS:False]
1775394759.9116318 [navNode-2] 当前位置:(-0.001660002744756639, -0.0024847376625984907, -0.003296836046501994)
1775394759.9714150 [navNode-2] [INFO] [1775394759.970987198] [navNode]: MCU2 send back: Gdoing*
1775394759.9718432 [myMain-1] [INFO] [1775394759.971258205] [Ground]: MCU2 send back: Gdoing*
1775394760.0106552 [navNode-2] [INFO] [1775394760.010298116] [navNode]: 状态4：WaitAim--[A6]
1775394760.0111830 [navNode-2] [INFO] [1775394760.010890204] [navNode]: 未到目标点
1775394760.0117040 [navNode-2] 目标位置:(0.0, 0.0, 0.1)-[A6]-[MCU:False]-[POS:False]
1775394760.0119281 [navNode-2] 当前位置:(-0.0017491636099293828, -0.0024399692192673683, -0.003084179013967514)
1775394760.0917914 [navNode-2] [INFO] [1775394760.091419765] [navNode]: MCU2 send back: Gdoing*
1775394760.0932236 [myMain-1] [INFO] [1775394760.092947871] [Ground]: MCU2 send back: Gdoing*
1775394760.1103106 [navNode-2] [INFO] [1775394760.109894329] [navNode]: 状态4：WaitAim--[A6]
1775394760.1108429 [navNode-2] [INFO] [1775394760.110448988] [navNode]: 未到目标点
1775394760.1109622 [navNode-2] 目标位置:(0.0, 0.0, 0.1)-[A6]-[MCU:False]-[POS:False]
1775394760.1110208 [navNode-2] 当前位置:(-0.0019446811638772488, -0.0024996320717036724, -0.003121089655905962)
1775394760.2103157 [navNode-2] [INFO] [1775394760.209945436] [navNode]: 状态4：WaitAim--[A6]
1775394760.2108624 [navNode-2] [INFO] [1775394760.210593508] [navNode]: 未到目标点
1775394760.2110183 [navNode-2] 目标位置:(0.0, 0.0, 0.1)-[A6]-[MCU:False]-[POS:False]
1775394760.2110763 [navNode-2] 当前位置:(-0.001966609386727214, -0.0026680235750973225, -0.0032824911177158356)
1775394760.2123075 [navNode-2] [INFO] [1775394760.212017432] [navNode]: MCU2 send back: Gdoing*
1775394760.2148881 [myMain-1] [INFO] [1775394760.214628733] [Ground]: MCU2 send back: Gdoing*
1775394760.3107224 [navNode-2] [INFO] [1775394760.310337593] [navNode]: 状态4：WaitAim--[A6]
1775394760.3111982 [navNode-2] [INFO] [1775394760.310898785] [navNode]: 未到目标点
1775394760.3113275 [navNode-2] 目标位置:(0.0, 0.0, 0.1)-[A6]-[MCU:False]-[POS:False]
1775394760.3114200 [navNode-2] 当前位置:(-0.0014606935437768698, -0.0026211575604975224, -0.0037704957649111748)
1775394760.3321540 [navNode-2] [INFO] [1775394760.331845342] [navNode]: MCU2 send back: Gdoing*
1775394760.3326359 [myMain-1] [INFO] [1775394760.331966713] [Ground]: MCU2 send back: Gdoing*
1775394760.4106610 [navNode-2] [INFO] [1775394760.410178784] [navNode]: 状态4：WaitAim--[A6]
1775394760.4111662 [navNode-2] [INFO] [1775394760.410810333] [navNode]: 未到目标点
1775394760.4112577 [navNode-2] 目标位置:(0.0, 0.0, 0.1)-[A6]-[MCU:False]-[POS:False]
1775394760.4113128 [navNode-2] 当前位置:(-0.001618405687622726, -0.002754627028480172, -0.003279405180364847)
1775394760.4528594 [myMain-1] [INFO] [1775394760.452466319] [Ground]: MCU2 send back: Gdoing*
1775394760.4533365 [navNode-2] [INFO] [1775394760.452634248] [navNode]: MCU2 send back: Gdoing*
1775394760.5101094 [navNode-2] [INFO] [1775394760.509781795] [navNode]: 状态4：WaitAim--[A6]
1775394760.5105107 [navNode-2] [INFO] [1775394760.510284419] [navNode]: 未到目标点
1775394760.5105882 [navNode-2] 目标位置:(0.0, 0.0, 0.1)-[A6]-[MCU:False]-[POS:False]
1775394760.5106368 [navNode-2] 当前位置:(-0.0018900965806096792, -0.0030432972125709057, -0.002291829325258732)
1775394760.5736713 [myMain-1] [INFO] [1775394760.573241649] [Ground]: MCU2 send back: Gdoing*
1775394760.5740705 [navNode-2] [INFO] [1775394760.573375626] [navNode]: MCU2 send back: Gdoing*
1775394760.6102960 [navNode-2] [INFO] [1775394760.609849247] [navNode]: 状态4：WaitAim--[A6]
1775394760.6108098 [navNode-2] [INFO] [1775394760.610479351] [navNode]: 未到目标点
1775394760.6109145 [navNode-2] 目标位置:(0.0, 0.0, 0.1)-[A6]-[MCU:False]-[POS:False]
1775394760.6109693 [navNode-2] 当前位置:(-0.001468331553041935, -0.0027315744664520025, -0.002458864590153098)
1775394760.6944594 [myMain-1] [INFO] [1775394760.693881048] [Ground]: MCU2 send back: Gdoing*
1775394760.6953530 [navNode-2] [INFO] [1775394760.695129992] [navNode]: MCU2 send back: Gdoing*
1775394760.7101624 [navNode-2] [INFO] [1775394760.709834402] [navNode]: 状态4：WaitAim--[A6]
1775394760.7105765 [navNode-2] [INFO] [1775394760.710420141] [navNode]: 未到目标点
1775394760.7106507 [navNode-2] 目标位置:(0.0, 0.0, 0.1)-[A6]-[MCU:False]-[POS:False]
1775394760.7107277 [navNode-2] 当前位置:(-0.0016138764331117272, -0.0023147016763687134, -0.002183461794629693)
1775394760.8103189 [navNode-2] [INFO] [1775394760.809975111] [navNode]: 状态4：WaitAim--[A6]
1775394760.8108065 [navNode-2] [INFO] [1775394760.810456347] [navNode]: 未到目标点
1775394760.8109338 [navNode-2] 目标位置:(0.0, 0.0, 0.1)-[A6]-[MCU:False]-[POS:False]
1775394760.8109980 [navNode-2] 当前位置:(-0.0015327821020036936, -0.0021157213486731052, -0.002599787199869752)
1775394760.8153498 [navNode-2] [INFO] [1775394760.814940759] [navNode]: MCU2 send back: Gdoing*
1775394760.8173027 [myMain-1] [INFO] [1775394760.817072938] [Ground]: MCU2 send back: Gdoing*
1775394760.9104671 [navNode-2] [INFO] [1775394760.910125067] [navNode]: 状态4：WaitAim--[A6]
1775394760.9110312 [navNode-2] [INFO] [1775394760.910619287] [navNode]: 未到目标点
1775394760.9111671 [navNode-2] 目标位置:(0.0, 0.0, 0.1)-[A6]-[MCU:False]-[POS:False]
1775394760.9112251 [navNode-2] 当前位置:(-0.0013915541348978877, -0.002523306757211685, -0.002520992886275053)
1775394760.9346781 [myMain-1] [INFO] [1775394760.934236425] [Ground]: MCU2 send back: Gdoing*
1775394760.9354601 [navNode-2] [INFO] [1775394760.935281159] [navNode]: MCU2 send back: Gdoing*
1775394761.0102727 [navNode-2] [INFO] [1775394761.009843185] [navNode]: 状态4：WaitAim--[A6]
1775394761.0107377 [navNode-2] [INFO] [1775394761.010399774] [navNode]: 未到目标点
1775394761.0108223 [navNode-2] 目标位置:(0.0, 0.0, 0.1)-[A6]-[MCU:False]-[POS:False]
1775394761.0108702 [navNode-2] 当前位置:(-0.0012488049687817693, -0.0027721200603991747, -0.00228314520791173)
1775394761.0553544 [navNode-2] [INFO] [1775394761.054973659] [navNode]: MCU2 send back: Gdoing*
1775394761.0557415 [myMain-1] [INFO] [1775394761.055047894] [Ground]: MCU2 send back: Gdoing*
1775394761.1110628 [navNode-2] [INFO] [1775394761.110165758] [navNode]: 状态4：WaitAim--[A6]
1775394761.1112611 [navNode-2] [INFO] [1775394761.110647649] [navNode]: 未到目标点
1775394761.1113138 [navNode-2] 目标位置:(0.0, 0.0, 0.1)-[A6]-[MCU:False]-[POS:False]
1775394761.1113555 [navNode-2] 当前位置:(-0.0008827483397908509, -0.0023537876550108194, -0.002341681160032749)
1775394761.1743407 [myMain-1] [INFO] [1775394761.173986304] [Ground]: MCU2 send back: Gdoing*
1775394761.1747277 [navNode-2] [INFO] [1775394761.174532011] [navNode]: MCU2 send back: Gdoing*
1775394761.2105646 [navNode-2] [INFO] [1775394761.210188874] [navNode]: 状态4：WaitAim--[A6]
1775394761.2109933 [navNode-2] [INFO] [1775394761.210776360] [navNode]: 未到目标点
1775394761.2110753 [navNode-2] 目标位置:(0.0, 0.0, 0.1)-[A6]-[MCU:False]-[POS:False]
1775394761.2111244 [navNode-2] 当前位置:(-0.0008893701015040278, -0.0023920671083033085, -0.0028059950564056635)
1775394761.2952294 [myMain-1] [INFO] [1775394761.294491251] [Ground]: MCU2 send back: Gdoing*
1775394761.2991142 [navNode-2] [INFO] [1775394761.298644853] [navNode]: MCU2 send back: Gdoing*
1775394761.3107862 [navNode-2] [INFO] [1775394761.310392528] [navNode]: 状态4：WaitAim--[A6]
1775394761.3113065 [navNode-2] [INFO] [1775394761.311091132] [navNode]: 未到目标点
1775394761.3114076 [navNode-2] 目标位置:(0.0, 0.0, 0.1)-[A6]-[MCU:False]-[POS:False]
1775394761.3114674 [navNode-2] 当前位置:(-0.0015234554884955287, -0.002788218669593334, -0.003007830586284399)
1775394761.4110093 [navNode-2] [INFO] [1775394761.410611127] [navNode]: 状态4：WaitAim--[A6]
1775394761.4120650 [navNode-2] [INFO] [1775394761.411832365] [navNode]: 未到目标点
1775394761.4122317 [navNode-2] 目标位置:(0.0, 0.0, 0.1)-[A6]-[MCU:False]-[POS:False]
1775394761.4123194 [navNode-2] 当前位置:(-0.0020769741386175156, -0.00263425474986434, -0.002674878342077136)
1775394761.4156299 [myMain-1] [INFO] [1775394761.415338543] [Ground]: MCU2 send back: Gdoing*
1775394761.4160216 [navNode-2] [INFO] [1775394761.415521476] [navNode]: MCU2 send back: Gdoing*
1775394761.5100288 [navNode-2] [INFO] [1775394761.509650394] [navNode]: 状态4：WaitAim--[A6]
1775394761.5106134 [navNode-2] [INFO] [1775394761.510169162] [navNode]: 未到目标点
1775394761.5107629 [navNode-2] 目标位置:(0.0, 0.0, 0.1)-[A6]-[MCU:False]-[POS:False]
1775394761.5108354 [navNode-2] 当前位置:(-0.0024677682667970657, -0.0028206694405525923, -0.002790031721815467)
1775394761.5344443 [myMain-1] [INFO] [1775394761.534099135] [Ground]: MCU2 send back: Gdoing*
1775394761.5348103 [navNode-2] [INFO] [1775394761.534495187] [navNode]: MCU2 send back: Gdoing*
1775394761.6102114 [navNode-2] [INFO] [1775394761.609764681] [navNode]: 状态4：WaitAim--[A6]
1775394761.6108730 [navNode-2] [INFO] [1775394761.610269796] [navNode]: 未到目标点
1775394761.6110644 [navNode-2] 目标位置:(0.0, 0.0, 0.1)-[A6]-[MCU:False]-[POS:False]
1775394761.6111474 [navNode-2] 当前位置:(-0.0024054693058133125, -0.0029179067350924015, -0.002960717771202326)
1775394761.6554730 [navNode-2] [INFO] [1775394761.655183580] [navNode]: MCU2 send back: Gdoing*
1775394761.6559327 [myMain-1] [INFO] [1775394761.655447170] [Ground]: MCU2 send back: Gdoing*
1775394761.7105036 [navNode-2] [INFO] [1775394761.710151042] [navNode]: 状态4：WaitAim--[A6]
1775394761.7109330 [navNode-2] [INFO] [1775394761.710613603] [navNode]: 未到目标点
1775394761.7110181 [navNode-2] 目标位置:(0.0, 0.0, 0.1)-[A6]-[MCU:False]-[POS:False]
1775394761.7110677 [navNode-2] 当前位置:(-0.0012858111876994371, -0.0035121184773743153, -0.0033581156749278307)
1775394761.7775621 [navNode-2] [INFO] [1775394761.777273999] [navNode]: MCU2 send back: Gdoing*
1775394761.7788587 [myMain-1] [INFO] [1775394761.778569443] [Ground]: MCU2 send back: Gdoing*
1775394761.8109350 [navNode-2] [INFO] [1775394761.810573978] [navNode]: 状态4：WaitAim--[A6]
1775394761.8114200 [navNode-2] [INFO] [1775394761.811056278] [navNode]: 未到目标点
1775394761.8115292 [navNode-2] 目标位置:(0.0, 0.0, 0.1)-[A6]-[MCU:False]-[POS:False]
1775394761.8115921 [navNode-2] 当前位置:(-0.0016791170928627253, -0.0030655437149107456, -0.0025826108176261187)
1775394761.8955333 [navNode-2] [INFO] [1775394761.894980862] [navNode]: MCU2 send back: Gdoing*
1775394761.8975430 [myMain-1] [INFO] [1775394761.896719061] [Ground]: MCU2 send back: Gdoing*
1775394761.9102578 [navNode-2] [INFO] [1775394761.909921824] [navNode]: 状态4：WaitAim--[A6]
1775394761.9107063 [navNode-2] [INFO] [1775394761.910379516] [navNode]: 未到目标点
1775394761.9107966 [navNode-2] 目标位置:(0.0, 0.0, 0.1)-[A6]-[MCU:False]-[POS:False]
1775394761.9108777 [navNode-2] 当前位置:(-0.0005838712095282972, -0.002776264911517501, -0.0022490236442536116)
1775394762.0110846 [navNode-2] [INFO] [1775394762.009823203] [navNode]: 状态4：WaitAim--[A6]
1775394762.0113318 [navNode-2] [INFO] [1775394762.010440405] [navNode]: 未到目标点
1775394762.0113997 [navNode-2] 目标位置:(0.0, 0.0, 0.1)-[A6]-[MCU:False]-[POS:False]
1775394762.0114493 [navNode-2] 当前位置:(-0.0019960259087383747, -0.0024857050739228725, -0.0026256151031702757)
1775394762.0170741 [myMain-1] [INFO] [1775394762.016392525] [Ground]: MCU2 send back: Gdoing*
1775394762.0175061 [navNode-2] [INFO] [1775394762.016674616] [navNode]: MCU2 send back: Gdoing*
1775394762.1108632 [navNode-2] [INFO] [1775394762.109975526] [navNode]: 状态4：WaitAim--[A6]
1775394762.1114204 [navNode-2] [INFO] [1775394762.110426989] [navNode]: 未到目标点
1775394762.1115496 [navNode-2] 目标位置:(0.0, 0.0, 0.1)-[A6]-[MCU:False]-[POS:False]
1775394762.1116889 [navNode-2] 当前位置:(-0.000580919033382088, -0.0032111050095409155, -0.0020254331175237894)
1775394762.1363654 [myMain-1] [INFO] [1775394762.135900736] [Ground]: MCU2 send back: Gdoing*
1775394762.1372390 [navNode-2] [INFO] [1775394762.137095974] [navNode]: MCU2 send back: Gdoing*
1775394762.2106249 [navNode-2] [INFO] [1775394762.209819016] [navNode]: 状态4：WaitAim--[A6]
1775394762.2108207 [navNode-2] [INFO] [1775394762.210276852] [navNode]: 未到目标点
1775394762.2108707 [navNode-2] 目标位置:(0.0, 0.0, 0.1)-[A6]-[MCU:False]-[POS:False]
1775394762.2109160 [navNode-2] 当前位置:(-0.0002733953297138214, -0.003083529183641076, -0.0015647179679945111)
1775394762.2561255 [myMain-1] [INFO] [1775394762.255805233] [Ground]: MCU2 send back: Gdoing*
1775394762.2572439 [navNode-2] [INFO] [1775394762.257028786] [navNode]: MCU2 send back: Gdoing*
1775394762.3107088 [navNode-2] [INFO] [1775394762.309799511] [navNode]: 状态4：WaitAim--[A6]
1775394762.3109763 [navNode-2] [INFO] [1775394762.310314393] [navNode]: 未到目标点
1775394762.3110609 [navNode-2] 目标位置:(0.0, 0.0, 0.1)-[A6]-[MCU:False]-[POS:False]
1775394762.3111115 [navNode-2] 当前位置:(0.00017871661111712456, -0.002721862168982625, -0.002203329699113965)
1775394762.3780069 [myMain-1] [INFO] [1775394762.377598699] [Ground]: MCU2 send back: Gdoing*
1775394762.3786664 [navNode-2] [INFO] [1775394762.378157544] [navNode]: MCU2 send back: Gdoing*
1775394762.4112484 [navNode-2] [INFO] [1775394762.410189377] [navNode]: 状态4：WaitAim--[A6]
1775394762.4114547 [navNode-2] [INFO] [1775394762.410761970] [navNode]: 未到目标点
1775394762.4115102 [navNode-2] 目标位置:(0.0, 0.0, 0.1)-[A6]-[MCU:False]-[POS:False]
1775394762.4115589 [navNode-2] 当前位置:(-0.00016239950491581112, -0.0028755664825439453, -0.0024877351243048906)
1775394762.4964476 [myMain-1] [INFO] [1775394762.496124441] [Ground]: MCU2 send back: Gdoing*
1775394762.4973435 [navNode-2] [INFO] [1775394762.496979122] [navNode]: MCU2 send back: Gdoing*
1775394762.5110111 [navNode-2] [INFO] [1775394762.510072339] [navNode]: 状态4：WaitAim--[A6]
1775394762.5111966 [navNode-2] [INFO] [1775394762.510604236] [navNode]: 未到目标点
1775394762.5112491 [navNode-2] 目标位置:(0.0, 0.0, 0.1)-[A6]-[MCU:False]-[POS:False]
1775394762.5112917 [navNode-2] 当前位置:(-9.417690307600424e-05, -0.002781759947538376, -0.003128963755443692)
1775394762.6105099 [navNode-2] [INFO] [1775394762.610192191] [navNode]: 状态4：WaitAim--[A6]
1775394762.6109626 [navNode-2] [INFO] [1775394762.610680594] [navNode]: 未到目标点
1775394762.6110845 [navNode-2] 目标位置:(0.0, 0.0, 0.1)-[A6]-[MCU:False]-[POS:False]
1775394762.6111405 [navNode-2] 当前位置:(-0.0006197094917297363, -0.0017742958152666688, -0.003431149758398533)
1775394762.6171079 [myMain-1] [INFO] [1775394762.616461758] [Ground]: MCU2 send back: Gdoing*
1775394762.6174362 [navNode-2] [INFO] [1775394762.616736370] [navNode]: MCU2 send back: Gdoing*
1775394762.7102497 [navNode-2] [INFO] [1775394762.709900094] [navNode]: 状态4：WaitAim--[A6]
1775394762.7106881 [navNode-2] [INFO] [1775394762.710382751] [navNode]: 未到目标点
1775394762.7107959 [navNode-2] 目标位置:(0.0, 0.0, 0.1)-[A6]-[MCU:False]-[POS:False]
1775394762.7108436 [navNode-2] 当前位置:(-0.0013874563155695796, -0.002457612194120884, -0.002207455923780799)
1775394762.7385077 [myMain-1] [INFO] [1775394762.738180135] [Ground]: MCU2 send back: Gdoing*
1775394762.7389243 [navNode-2] [INFO] [1775394762.738268983] [navNode]: MCU2 send back: Gdoing*
1775394762.8100560 [navNode-2] [INFO] [1775394762.809702856] [navNode]: 状态4：WaitAim--[A6]
1775394762.8106928 [navNode-2] [INFO] [1775394762.810503279] [navNode]: 未到目标点
1775394762.8108270 [navNode-2] 目标位置:(0.0, 0.0, 0.1)-[A6]-[MCU:False]-[POS:False]
1775394762.8108754 [navNode-2] 当前位置:(-0.000969361572060734, -0.0028330988716334105, -0.0016693241195753217)
1775394762.8571622 [navNode-2] [INFO] [1775394762.856854930] [navNode]: MCU2 send back: Gdoing*
1775394762.8575153 [myMain-1] [INFO] [1775394762.856929915] [Ground]: MCU2 send back: Gdoing*
1775394762.9103696 [navNode-2] [INFO] [1775394762.909902568] [navNode]: 状态4：WaitAim--[A6]
1775394762.9108455 [navNode-2] [INFO] [1775394762.910414547] [navNode]: 未到目标点
1775394762.9109383 [navNode-2] 目标位置:(0.0, 0.0, 0.1)-[A6]-[MCU:False]-[POS:False]
1775394762.9109857 [navNode-2] 当前位置:(-0.0004480099305510521, -0.003286901628598571, -0.002970668952912092)
1775394762.9786816 [myMain-1] [INFO] [1775394762.978362434] [Ground]: MCU2 send back: Gdoing*
1775394762.9793012 [navNode-2] [INFO] [1775394762.979093583] [navNode]: MCU2 send back: Gdoing*
1775394763.0103891 [navNode-2] [INFO] [1775394763.010045114] [navNode]: 状态4：WaitAim--[A6]
1775394763.0108972 [navNode-2] [INFO] [1775394763.010613593] [navNode]: 未到目标点
1775394763.0110316 [navNode-2] 目标位置:(0.0, 0.0, 0.1)-[A6]-[MCU:False]-[POS:False]
1775394763.0110943 [navNode-2] 当前位置:(-0.0012238331837579608, -0.0034386052284389734, -0.0025564406532794237)
1775394763.0987074 [myMain-1] [INFO] [1775394763.098310600] [Ground]: MCU2 send back: Gdoing*
1775394763.0991480 [navNode-2] [INFO] [1775394763.099023304] [navNode]: MCU2 send back: Gdoing*
1775394763.1105645 [navNode-2] [INFO] [1775394763.110068603] [navNode]: 状态4：WaitAim--[A6]
1775394763.1118248 [navNode-2] [INFO] [1775394763.111104565] [navNode]: 未到目标点
1775394763.1121051 [navNode-2] 目标位置:(0.0, 0.0, 0.1)-[A6]-[MCU:False]-[POS:False]
1775394763.1122129 [navNode-2] 当前位置:(-0.001730127027258277, -0.004023408982902765, -0.00237203948199749)
1775394763.2105596 [navNode-2] [INFO] [1775394763.210159396] [navNode]: 状态4：WaitAim--[A6]
1775394763.2112305 [navNode-2] [INFO] [1775394763.210657925] [navNode]: 未到目标点
1775394763.2113965 [navNode-2] 目标位置:(0.0, 0.0, 0.1)-[A6]-[MCU:False]-[POS:False]
1775394763.2114697 [navNode-2] 当前位置:(-0.0016150821465998888, -0.002873362274840474, -0.00210960628464818)
1775394763.2179163 [myMain-1] [INFO] [1775394763.217628933] [Ground]: MCU2 send back: Gdoing*
1775394763.2184050 [navNode-2] [INFO] [1775394763.218258479] [navNode]: MCU2 send back: Gdoing*
1775394763.3101287 [navNode-2] [INFO] [1775394763.309774676] [navNode]: 状态4：WaitAim--[A6]
1775394763.3106027 [navNode-2] [INFO] [1775394763.310278410] [navNode]: 未到目标点
1775394763.3107135 [navNode-2] 目标位置:(0.0, 0.0, 0.1)-[A6]-[MCU:False]-[POS:False]
1775394763.3107681 [navNode-2] 当前位置:(-0.0018372281920164824, -0.003072510240599513, -0.0016966928960755467)
1775394763.3381793 [myMain-1] [INFO] [1775394763.337764882] [Ground]: MCU2 send back: Gdoing*
1775394763.3387659 [navNode-2] [INFO] [1775394763.338596006] [navNode]: MCU2 send back: Gdoing*
1775394763.4107995 [navNode-2] [INFO] [1775394763.410445980] [navNode]: 状态4：WaitAim--[A6]
1775394763.4113367 [navNode-2] [INFO] [1775394763.410997046] [navNode]: 未到目标点
1775394763.4114294 [navNode-2] 目标位置:(0.0, 0.0, 0.1)-[A6]-[MCU:False]-[POS:False]
1775394763.4114840 [navNode-2] 当前位置:(-0.0003085022035520524, -0.002742153126746416, -0.0025934199802577496)
1775394763.4590807 [myMain-1] [INFO] [1775394763.458706901] [Ground]: MCU2 send back: Gdoing*
1775394763.4595053 [navNode-2] [INFO] [1775394763.459191218] [navNode]: MCU2 send back: Gdoing*
1775394763.5104587 [navNode-2] [INFO] [1775394763.510008732] [navNode]: 状态4：WaitAim--[A6]
1775394763.5109844 [navNode-2] [INFO] [1775394763.510527738] [navNode]: 未到目标点
1775394763.5110755 [navNode-2] 目标位置:(0.0, 0.0, 0.1)-[A6]-[MCU:False]-[POS:False]
1775394763.5111325 [navNode-2] 当前位置:(9.236557525582612e-05, -0.002749477745965123, -0.0012033157981932163)
1775394763.5806701 [myMain-1] [INFO] [1775394763.580264012] [Ground]: MCU2 send back: Gdoing*
1775394763.5810788 [navNode-2] [INFO] [1775394763.580522115] [navNode]: MCU2 send back: Gdoing*
1775394763.6102664 [navNode-2] [INFO] [1775394763.609949211] [navNode]: 状态4：WaitAim--[A6]
1775394763.6107850 [navNode-2] [INFO] [1775394763.610461103] [navNode]: 未到目标点
1775394763.6108894 [navNode-2] 目标位置:(0.0, 0.0, 0.1)-[A6]-[MCU:False]-[POS:False]
1775394763.6109409 [navNode-2] 当前位置:(-0.0007754402467980981, -0.0027622904162853956, -0.0013913951115682721)
1775394763.6985116 [myMain-1] [INFO] [1775394763.698151528] [Ground]: MCU2 send back: Gdoing*
1775394763.6992223 [navNode-2] [INFO] [1775394763.698967876] [navNode]: MCU2 send back: Gdoing*
1775394763.7102196 [navNode-2] [INFO] [1775394763.709839940] [navNode]: 状态4：WaitAim--[A6]
1775394763.7106874 [navNode-2] [INFO] [1775394763.710416351] [navNode]: 未到目标点
1775394763.7108140 [navNode-2] 目标位置:(0.0, 0.0, 0.1)-[A6]-[MCU:False]-[POS:False]
1775394763.7108841 [navNode-2] 当前位置:(-0.0027688443660736084, -0.003972677513957024, -0.0010895254090428352)
1775394763.8105447 [navNode-2] [INFO] [1775394763.810072091] [navNode]: 状态4：WaitAim--[A6]
1775394763.8109994 [navNode-2] [INFO] [1775394763.810633458] [navNode]: 未到目标点
1775394763.8110805 [navNode-2] 目标位置:(0.0, 0.0, 0.1)-[A6]-[MCU:False]-[POS:False]
1775394763.8111255 [navNode-2] 当前位置:(-0.003272872418165207, -0.004550049547106028, -0.0016760688740760088)
1775394763.8199630 [navNode-2] [INFO] [1775394763.819624635] [navNode]: MCU2 send back: Gdoing*
1775394763.8205824 [myMain-1] [INFO] [1775394763.820429544] [Ground]: MCU2 send back: Gdoing*
1775394763.9111414 [navNode-2] [INFO] [1775394763.910728845] [navNode]: 状态4：WaitAim--[A6]
1775394763.9116440 [navNode-2] [INFO] [1775394763.911519052] [navNode]: 未到目标点
1775394763.9117320 [navNode-2] 目标位置:(0.0, 0.0, 0.1)-[A6]-[MCU:False]-[POS:False]
1775394763.9117818 [navNode-2] 当前位置:(-0.0018693652236834168, -0.0030841196421533823, -0.0018105142517015338)
1775394763.9386547 [myMain-1] [INFO] [1775394763.938227374] [Ground]: MCU2 send back: Gdoing*
1775394763.9392021 [navNode-2] [INFO] [1775394763.938353169] [navNode]: MCU2 send back: Gdoing*
1775394764.0106320 [navNode-2] [INFO] [1775394764.010312380] [navNode]: 状态4：WaitAim--[A6]
1775394764.0110698 [navNode-2] [INFO] [1775394764.010819381] [navNode]: 未到目标点
1775394764.0111792 [navNode-2] 目标位置:(0.0, 0.0, 0.1)-[A6]-[MCU:False]-[POS:False]
1775394764.0112391 [navNode-2] 当前位置:(-0.002650347538292408, -0.003533892799168825, -0.0024848536122590303)
1775394764.0595345 [myMain-1] [INFO] [1775394764.059116880] [Ground]: MCU2 send back: Gdoing*
1775394764.0599887 [navNode-2] [INFO] [1775394764.059697472] [navNode]: MCU2 send back: Gdoing*
1775394764.1118789 [navNode-2] [INFO] [1775394764.111503424] [navNode]: 状态4：WaitAim--[A6]
1775394764.1123664 [navNode-2] [INFO] [1775394764.112065210] [navNode]: 未到目标点
1775394764.1125631 [navNode-2] 目标位置:(0.0, 0.0, 0.1)-[A6]-[MCU:False]-[POS:False]
1775394764.1126337 [navNode-2] 当前位置:(-0.004217558540403843, -0.0037967616226524115, -0.0032367350067943335)
1775394764.1798184 [myMain-1] [INFO] [1775394764.179188133] [Ground]: MCU2 send back: Gdoing*
1775394764.1804285 [navNode-2] [INFO] [1775394764.180280765] [navNode]: MCU2 send back: Gdoing*
1775394764.2106152 [navNode-2] [INFO] [1775394764.210207927] [navNode]: 状态4：WaitAim--[A6]
1775394764.2111278 [navNode-2] [INFO] [1775394764.210921647] [navNode]: 未到目标点
1775394764.2112331 [navNode-2] 目标位置:(0.0, 0.0, 0.1)-[A6]-[MCU:False]-[POS:False]
1775394764.2112856 [navNode-2] 当前位置:(-0.006863184738904238, -0.005025314632803202, -0.0007875864394009113)
1775394764.2999425 [myMain-1] [INFO] [1775394764.299578815] [Ground]: MCU2 send back: Gdoing*
1775394764.3008454 [navNode-2] [INFO] [1775394764.300623711] [navNode]: MCU2 send back: Gdoing*
1775394764.3108757 [navNode-2] [INFO] [1775394764.310496841] [navNode]: 状态4：WaitAim--[A6]
1775394764.3112838 [navNode-2] [INFO] [1775394764.311097371] [navNode]: 未到目标点
1775394764.3113720 [navNode-2] 目标位置:(0.0, 0.0, 0.1)-[A6]-[MCU:False]-[POS:False]
1775394764.3114271 [navNode-2] 当前位置:(-0.011488783173263073, -0.006582499016076326, 0.000962225953117013)
1775394764.4104300 [navNode-2] [INFO] [1775394764.410049413] [navNode]: 状态4：WaitAim--[A6]
1775394764.4108555 [navNode-2] [INFO] [1775394764.410629432] [navNode]: 未到目标点
1775394764.4109251 [navNode-2] 目标位置:(0.0, 0.0, 0.1)-[A6]-[MCU:False]-[POS:False]
1775394764.4109695 [navNode-2] 当前位置:(-0.012354847975075245, -0.008631128817796707, 0.0031575302127748728)
1775394764.4195554 [navNode-2] [INFO] [1775394764.419252788] [navNode]: MCU2 send back: Gdoing*
1775394764.4198973 [myMain-1] [INFO] [1775394764.419395555] [Ground]: MCU2 send back: Gdoing*
1775394764.5103455 [navNode-2] [INFO] [1775394764.509882806] [navNode]: 状态4：WaitAim--[A6]
1775394764.5109184 [navNode-2] [INFO] [1775394764.510773210] [navNode]: 未到目标点
1775394764.5110254 [navNode-2] 目标位置:(0.0, 0.0, 0.1)-[A6]-[MCU:False]-[POS:False]
1775394764.5110714 [navNode-2] 当前位置:(-0.012398721650242805, -0.010716885328292847, 0.005056705325841904)
1775394764.5395668 [navNode-2] [INFO] [1775394764.539270755] [navNode]: MCU2 send back: Gdoing*
1775394764.5399139 [myMain-1] [INFO] [1775394764.539280946] [Ground]: MCU2 send back: Gdoing*
1775394764.6104972 [navNode-2] [INFO] [1775394764.610087635] [navNode]: 状态4：WaitAim--[A6]
1775394764.6109676 [navNode-2] [INFO] [1775394764.610824738] [navNode]: 未到目标点
1775394764.6110594 [navNode-2] 目标位置:(0.0, 0.0, 0.1)-[A6]-[MCU:False]-[POS:False]
1775394764.6111116 [navNode-2] 当前位置:(-0.00887840986251831, -0.010891653597354889, 0.005269044544547796)
1775394764.6599958 [navNode-2] [INFO] [1775394764.659268463] [navNode]: MCU2 send back: Gdoing*
1775394764.6603498 [myMain-1] [INFO] [1775394764.659470620] [Ground]: MCU2 send back: Gdoing*
1775394764.7103236 [navNode-2] [INFO] [1775394764.709902803] [navNode]: 状态4：WaitAim--[A6]
1775394764.7107754 [navNode-2] [INFO] [1775394764.710399471] [navNode]: 未到目标点
1775394764.7108641 [navNode-2] 目标位置:(0.0, 0.0, 0.1)-[A6]-[MCU:False]-[POS:False]
1775394764.7109127 [navNode-2] 当前位置:(-0.008215980604290962, -0.00853265542536974, 0.006496360059827566)
1775394764.7810850 [navNode-2] [INFO] [1775394764.780712384] [navNode]: MCU2 send back: Gdoing*
1775394764.7814786 [myMain-1] [INFO] [1775394764.780842539] [Ground]: MCU2 send back: Gdoing*
1775394764.8103437 [navNode-2] [INFO] [1775394764.809998109] [navNode]: 状态4：WaitAim--[A6]
1775394764.8107662 [navNode-2] [INFO] [1775394764.810539170] [navNode]: 未到目标点
1775394764.8108449 [navNode-2] 目标位置:(0.0, 0.0, 0.1)-[A6]-[MCU:False]-[POS:False]
1775394764.8108919 [navNode-2] 当前位置:(-0.010679895058274269, -0.00488501088693738, 0.008390296250581741)
1775394764.9017534 [navNode-2] [INFO] [1775394764.901202859] [navNode]: MCU2 send back: Gdoing*
1775394764.9022136 [myMain-1] [INFO] [1775394764.901206502] [Ground]: MCU2 send back: Gdoing*
1775394764.9103982 [navNode-2] [INFO] [1775394764.909938903] [navNode]: 状态4：WaitAim--[A6]
1775394764.9107981 [navNode-2] [INFO] [1775394764.910539210] [navNode]: 未到目标点
1775394764.9109087 [navNode-2] 目标位置:(0.0, 0.0, 0.1)-[A6]-[MCU:False]-[POS:False]
1775394764.9109714 [navNode-2] 当前位置:(-0.013493006117641926, -4.0850613004295155e-05, 0.012075493112206459)
1775394765.0101600 [navNode-2] [INFO] [1775394765.009817381] [navNode]: 状态4：WaitAim--[A6]
1775394765.0106356 [navNode-2] [INFO] [1775394765.010315022] [navNode]: 未到目标点
1775394765.0108166 [navNode-2] 目标位置:(0.0, 0.0, 0.1)-[A6]-[MCU:False]-[POS:False]
1775394765.0108819 [navNode-2] 当前位置:(-0.009026679210364819, -0.001531442510895431, 0.015876958146691322)
1775394765.0215924 [myMain-1] [INFO] [1775394765.021129197] [Ground]: MCU2 send back: Gdoing*
1775394765.0219202 [navNode-2] [INFO] [1775394765.021221628] [navNode]: MCU2 send back: Gdoing*
1775394765.1102128 [navNode-2] [INFO] [1775394765.109763501] [navNode]: 状态4：WaitAim--[A6]
1775394765.1107056 [navNode-2] [INFO] [1775394765.110301529] [navNode]: 未到目标点
1775394765.1108160 [navNode-2] 目标位置:(0.0, 0.0, 0.1)-[A6]-[MCU:False]-[POS:False]
1775394765.1108668 [navNode-2] 当前位置:(-0.005292792804539204, -0.002621668390929699, 0.019807536154985428)
1775394765.1408932 [myMain-1] [INFO] [1775394765.140487706] [Ground]: MCU2 send back: Gdoing*
1775394765.1412880 [navNode-2] [INFO] [1775394765.141049146] [navNode]: MCU2 send back: Gdoing*
1775394765.2101946 [navNode-2] [INFO] [1775394765.209796488] [navNode]: 状态4：WaitAim--[A6]
1775394765.2106895 [navNode-2] [INFO] [1775394765.210313952] [navNode]: 未到目标点
1775394765.2107813 [navNode-2] 目标位置:(0.0, 0.0, 0.1)-[A6]-[MCU:False]-[POS:False]
1775394765.2108352 [navNode-2] 当前位置:(-0.005830111913383007, -0.002009136136621237, 0.02128671295940876)
1775394765.2611713 [navNode-2] [INFO] [1775394765.260519916] [navNode]: MCU2 send back: Gdoing*
1775394765.2617331 [myMain-1] [INFO] [1775394765.260538020] [Ground]: MCU2 send back: Gdoing*
1775394765.3103607 [navNode-2] [INFO] [1775394765.309894050] [navNode]: 状态4：WaitAim--[A6]
1775394765.3109310 [navNode-2] [INFO] [1775394765.310488344] [navNode]: 未到目标点
1775394765.3110254 [navNode-2] 目标位置:(0.0, 0.0, 0.1)-[A6]-[MCU:False]-[POS:False]
1775394765.3110771 [navNode-2] 当前位置:(-0.007835806347429752, -0.003148130141198635, 0.022016223520040512)
1775394765.3821397 [navNode-2] [INFO] [1775394765.381569135] [navNode]: MCU2 send back: Gdoing*
1775394765.3827999 [myMain-1] [INFO] [1775394765.381687193] [Ground]: MCU2 send back: Gdoing*
1775394765.4103854 [navNode-2] [INFO] [1775394765.409944712] [navNode]: 状态4：WaitAim--[A6]
1775394765.4111481 [navNode-2] [INFO] [1775394765.410949689] [navNode]: 未到目标点
1775394765.4113364 [navNode-2] 目标位置:(0.0, 0.0, 0.1)-[A6]-[MCU:False]-[POS:False]
1775394765.4114041 [navNode-2] 当前位置:(-0.00887847226113081, -0.008930117823183537, 0.027079438790678978)
1775394765.5014865 [myMain-1] [INFO] [1775394765.501086689] [Ground]: MCU2 send back: Gdone*
1775394765.5019405 [navNode-2] [INFO] [1775394765.501745813] [navNode]: MCU2 send back: Gdone*
1775394765.5022812 [navNode-2] [INFO] [1775394765.502187529] [navNode]: mcu:已到目标点-[A6]
1775394765.5103662 [navNode-2] [INFO] [1775394765.510005946] [navNode]: 状态4：WaitAim--[A6]
1775394765.5108187 [navNode-2] [INFO] [1775394765.510548494] [navNode]: 已到目标点
1775394765.5109107 [navNode-2] 目标位置:A6:(0.0, 0.0, 0.1)-[A6]-[MCU:True]-[POS:False]
1775394765.5109634 [navNode-2] 当前位置:(-0.009338266216218472, -0.012451190501451492, 0.03341026231646538)
1775394765.5110095 [navNode-2] 
1775394765.6108966 [navNode-2] [INFO] [1775394765.610481248] [navNode]: 状态5：ArriveAim--[A6]
1775394765.7111180 [navNode-2] [INFO] [1775394765.710516932] [navNode]: 状态6：Delay--[A6]
1775394765.8105774 [navNode-2] [INFO] [1775394765.810133329] [navNode]: 状态6：Delay--[A6]
1775394765.9106345 [navNode-2] [INFO] [1775394765.910283208] [navNode]: 状态6：Delay--[A6]
1775394765.9818118 [myMain-1] [INFO] [1775394765.981373285] [Ground]: MCU2 send back: Gdone*
1775394765.9822345 [navNode-2] [INFO] [1775394765.981497709] [navNode]: MCU2 send back: Gdone*
1775394765.9824381 [navNode-2] [INFO] [1775394765.981909565] [navNode]: mcu:已到目标点-[A6]
1775394766.0104139 [navNode-2] [INFO] [1775394766.010005711] [navNode]: 状态6：Delay--[A6]
1775394766.1114769 [navNode-2] [INFO] [1775394766.111108391] [navNode]: 状态6：Delay--[A6]
1775394766.2102084 [navNode-2] [INFO] [1775394766.209786242] [navNode]: 状态6：Delay--[A6]
1775394766.3114517 [navNode-2] [INFO] [1775394766.310698811] [navNode]: 状态6：Delay--[A6]
1775394766.4099889 [navNode-2] [INFO] [1775394766.409652181] [navNode]: 状态6：Delay--[A6]
1775394766.5098310 [navNode-2] [INFO] [1775394766.509491773] [navNode]: 状态6：Delay--[A6]
1775394766.6101775 [navNode-2] [INFO] [1775394766.609789206] [navNode]: 状态6：Delay--[A6]
1775394766.7107723 [navNode-2] [INFO] [1775394766.710300955] [navNode]: 状态6：Delay--[A6]
1775394766.8106153 [navNode-2] [INFO] [1775394766.810246170] [navNode]: 状态6：Delay--[A6]
1775394766.9106030 [navNode-2] [INFO] [1775394766.910065890] [navNode]: 状态6：Delay--[A6]
1775394767.0040860 [navNode-2] [INFO] [1775394767.003375868] [navNode]: MCU2 send back: Gdone*
1775394767.0043077 [navNode-2] [INFO] [1775394767.003773289] [navNode]: mcu:已到目标点-[A6]
1775394767.0046206 [myMain-1] [INFO] [1775394767.004454118] [Ground]: MCU2 send back: Gdone*
1775394767.0101955 [navNode-2] [INFO] [1775394767.009903676] [navNode]: 状态6：Delay--[A6]
1775394767.1109681 [navNode-2] [INFO] [1775394767.110574838] [navNode]: 状态6：Delay--[A6]
1775394767.2100413 [navNode-2] [INFO] [1775394767.209610486] [navNode]: 状态6：Delay--[A6]
1775394767.3103828 [navNode-2] [INFO] [1775394767.310034293] [navNode]: 状态6：Delay--[A6]
1775394767.4100997 [navNode-2] [INFO] [1775394767.409781459] [navNode]: 状态6：Delay--[A6]
1775394767.5103831 [navNode-2] [INFO] [1775394767.509988300] [navNode]: 状态6：Delay--[A6]
1775394767.6107247 [navNode-2] [INFO] [1775394767.610169330] [navNode]: 状态6：Delay--[A6]
1775394767.7112415 [navNode-2] [INFO] [1775394767.710807235] [navNode]: 状态6：Delay--[A6]
1775394767.7124996 [navNode-2] [INFO] [1775394767.712282016] [navNode]: 延时结束,QR识别结果:前，后
1775394767.8120797 [navNode-2] [INFO] [1775394767.811658027] [navNode]: 状态6：Delay--[A6]
1775394767.9104242 [navNode-2] [INFO] [1775394767.909954496] [navNode]: 状态3：SetAim--[A6]
1775394767.9226141 [navNode-2] [INFO] [1775394767.922285080] [navNode]: G+00000+00000+02000 发送成功 → 飞行站已调用：G+00000+00000+02000服务
1775394767.9495471 [navNode-2] [INFO] [1775394767.949250489] [navNode]: MCU2 send back: +00000+00000+02000
1775394767.9499443 [myMain-1] [INFO] [1775394767.949828818] [Ground]: MCU2 send back: +00000+00000+02000
1775394768.0104702 [navNode-2] [INFO] [1775394768.010017942] [navNode]: 状态4：WaitAim--[A3]
1775394768.0109410 [navNode-2] [INFO] [1775394768.010556491] [navNode]: 未到目标点
1775394768.0110261 [navNode-2] 目标位置:(0.0, 0.0, 0.2)-[A3]-[MCU:False]-[POS:False]
1775394768.0110734 [navNode-2] 当前位置:(-0.003501301631331444, -0.004401523619890213, 0.07180432230234146)
1775394768.0453627 [myMain-1] [INFO] [1775394768.044825103] [Ground]: MCU2 send back: Gdoing*
1775394768.0458095 [navNode-2] [INFO] [1775394768.044843420] [navNode]: MCU2 send back: Gdoing*
1775394768.1101422 [navNode-2] [INFO] [1775394768.109798073] [navNode]: 状态4：WaitAim--[A3]
1775394768.1106157 [navNode-2] [INFO] [1775394768.110357458] [navNode]: 未到目标点
1775394768.1108415 [navNode-2] 目标位置:(0.0, 0.0, 0.2)-[A3]-[MCU:False]-[POS:False]
1775394768.1109276 [navNode-2] 当前位置:(-0.0019001216860488057, -0.00289175589568913, 0.07307906448841095)
1775394768.1664839 [myMain-1] [INFO] [1775394768.165494234] [Ground]: MCU2 send back: Gdoing*
1775394768.1668885 [navNode-2] [INFO] [1775394768.165583858] [navNode]: MCU2 send back: Gdoing*
1775394768.2104046 [navNode-2] [INFO] [1775394768.210006293] [navNode]: 状态4：WaitAim--[A3]
1775394768.2108293 [navNode-2] [INFO] [1775394768.210602838] [navNode]: 未到目标点
1775394768.2109168 [navNode-2] 目标位置:(0.0, 0.0, 0.2)-[A3]-[MCU:False]-[POS:False]
1775394768.2109728 [navNode-2] 当前位置:(-0.0022391057573258877, -0.0007685319287702441, 0.07426836341619492)
1775394768.2851162 [navNode-2] [INFO] [1775394768.284815406] [navNode]: MCU2 send back: Gdoing*
1775394768.2855568 [myMain-1] [INFO] [1775394768.285286791] [Ground]: MCU2 send back: Gdoing*
1775394768.3107030 [navNode-2] [INFO] [1775394768.310251347] [navNode]: 状态4：WaitAim--[A3]
1775394768.3115916 [navNode-2] [INFO] [1775394768.311325768] [navNode]: 未到目标点
1775394768.3117831 [navNode-2] 目标位置:(0.0, 0.0, 0.2)-[A3]-[MCU:False]-[POS:False]
1775394768.3118849 [navNode-2] 当前位置:(-0.0029613948427140713, -0.000510641373693943, 0.07660479843616486)
1775394768.4050293 [navNode-2] [INFO] [1775394768.404496431] [navNode]: MCU2 send back: Gdoing*
1775394768.4054370 [myMain-1] [INFO] [1775394768.404617841] [Ground]: MCU2 send back: Gdoing*
1775394768.4102018 [navNode-2] [INFO] [1775394768.409910407] [navNode]: 状态4：WaitAim--[A3]
1775394768.4106615 [navNode-2] [INFO] [1775394768.410519459] [navNode]: 未到目标点
1775394768.4107919 [navNode-2] 目标位置:(0.0, 0.0, 0.2)-[A3]-[MCU:False]-[POS:False]
1775394768.4108629 [navNode-2] 当前位置:(-0.004235466942191124, -8.345934475073591e-06, 0.0761740431189537)
1775394768.5102367 [navNode-2] [INFO] [1775394768.509866578] [navNode]: 状态4：WaitAim--[A3]
1775394768.5107105 [navNode-2] [INFO] [1775394768.510442521] [navNode]: 未到目标点
1775394768.5108356 [navNode-2] 目标位置:(0.0, 0.0, 0.2)-[A3]-[MCU:False]-[POS:False]
1775394768.5109067 [navNode-2] 当前位置:(-0.004248493351042271, 1.8319396986044012e-05, 0.07705168426036835)
1775394768.5253329 [myMain-1] [INFO] [1775394768.524894645] [Ground]: MCU2 send back: Gdoing*
1775394768.5256929 [navNode-2] [INFO] [1775394768.525043260] [navNode]: MCU2 send back: Gdoing*
1775394768.6102731 [navNode-2] [INFO] [1775394768.609894942] [navNode]: 状态4：WaitAim--[A3]
1775394768.6107459 [navNode-2] [INFO] [1775394768.610385834] [navNode]: 未到目标点
1775394768.6108305 [navNode-2] 目标位置:(0.0, 0.0, 0.2)-[A3]-[MCU:False]-[POS:False]
1775394768.6108830 [navNode-2] 当前位置:(-0.005626106634736061, 0.0010162804974243045, 0.07714419811964035)
1775394768.6461728 [myMain-1] [INFO] [1775394768.645708753] [Ground]: MCU2 send back: Gdoing*
1775394768.6468987 [navNode-2] [INFO] [1775394768.646622111] [navNode]: MCU2 send back: Gdoing*
1775394768.7103584 [navNode-2] [INFO] [1775394768.709899312] [navNode]: 状态4：WaitAim--[A3]
1775394768.7107923 [navNode-2] [INFO] [1775394768.710446840] [navNode]: 未到目标点
1775394768.7108731 [navNode-2] 目标位置:(0.0, 0.0, 0.2)-[A3]-[MCU:False]-[POS:False]
1775394768.7109227 [navNode-2] 当前位置:(-0.007361939642578363, 0.0008272106642834842, 0.07891581207513809)
1775394768.7661543 [navNode-2] [INFO] [1775394768.765821406] [navNode]: MCU2 send back: Gdoing*
1775394768.7667892 [myMain-1] [INFO] [1775394768.766564763] [Ground]: MCU2 send back: Gdoing*
1775394768.8105423 [navNode-2] [INFO] [1775394768.810088658] [navNode]: 状态4：WaitAim--[A3]
1775394768.8110404 [navNode-2] [INFO] [1775394768.810738829] [navNode]: 未到目标点
1775394768.8111591 [navNode-2] 目标位置:(0.0, 0.0, 0.2)-[A3]-[MCU:False]-[POS:False]
1775394768.8112271 [navNode-2] 当前位置:(-0.006242699455469847, 0.0018133551348000765, 0.07973697036504745)
1775394768.8861592 [myMain-1] [INFO] [1775394768.885788368] [Ground]: MCU2 send back: Gdoing*
1775394768.8866365 [navNode-2] [INFO] [1775394768.886408040] [navNode]: MCU2 send back: Gdoing*
1775394768.9102194 [navNode-2] [INFO] [1775394768.909881862] [navNode]: 状态4：WaitAim--[A3]
1775394768.9106975 [navNode-2] [INFO] [1775394768.910453823] [navNode]: 未到目标点
1775394768.9107990 [navNode-2] 目标位置:(0.0, 0.0, 0.2)-[A3]-[MCU:False]-[POS:False]
1775394768.9109128 [navNode-2] 当前位置:(-0.005788121372461319, 0.0034988527186214924, 0.0800243616104126)
1775394769.0061474 [myMain-1] [INFO] [1775394769.005796012] [Ground]: MCU2 send back: Gdoing*
1775394769.0066130 [navNode-2] [INFO] [1775394769.006407284] [navNode]: MCU2 send back: Gdoing*
1775394769.0098495 [navNode-2] [INFO] [1775394769.009616357] [navNode]: 状态4：WaitAim--[A3]
1775394769.0101843 [navNode-2] [INFO] [1775394769.010098490] [navNode]: 未到目标点
1775394769.0102725 [navNode-2] 目标位置:(0.0, 0.0, 0.2)-[A3]-[MCU:False]-[POS:False]
1775394769.0103476 [navNode-2] 当前位置:(-0.0059463512152433395, 0.004285397008061409, 0.08048591762781143)
1775394769.1102841 [navNode-2] [INFO] [1775394769.109935584] [navNode]: 状态4：WaitAim--[A3]
1775394769.1107714 [navNode-2] [INFO] [1775394769.110460482] [navNode]: 未到目标点
1775394769.1109350 [navNode-2] 目标位置:(0.0, 0.0, 0.2)-[A3]-[MCU:False]-[POS:False]
1775394769.1109974 [navNode-2] 当前位置:(-0.007514903321862221, 0.00271914666518569, 0.08202125132083893)
1775394769.1259196 [navNode-2] [INFO] [1775394769.125575743] [navNode]: MCU2 send back: Gdoing*
1775394769.1263590 [myMain-1] [INFO] [1775394769.125679741] [Ground]: MCU2 send back: Gdoing*
1775394769.2111444 [navNode-2] [INFO] [1775394769.210569720] [navNode]: 状态4：WaitAim--[A3]
1775394769.2117453 [navNode-2] [INFO] [1775394769.211068339] [navNode]: 未到目标点
1775394769.2118800 [navNode-2] 目标位置:(0.0, 0.0, 0.2)-[A3]-[MCU:False]-[POS:False]
1775394769.2119653 [navNode-2] 当前位置:(-0.008376983925700188, 0.0024648993276059628, 0.08005445450544357)
1775394769.2460234 [navNode-2] [INFO] [1775394769.245682495] [navNode]: MCU2 send back: Gdoing*
1775394769.2464225 [myMain-1] [INFO] [1775394769.245907860] [Ground]: MCU2 send back: Gdoing*
1775394769.3107171 [navNode-2] [INFO] [1775394769.310393743] [navNode]: 状态4：WaitAim--[A3]
1775394769.3111227 [navNode-2] [INFO] [1775394769.310865285] [navNode]: 未到目标点
1775394769.3112054 [navNode-2] 目标位置:(0.0, 0.0, 0.2)-[A3]-[MCU:False]-[POS:False]
1775394769.3112566 [navNode-2] 当前位置:(-0.007423528004437685, 0.0013080640928819776, 0.07911690324544907)
1775394769.3680840 [myMain-1] [INFO] [1775394769.367655882] [Ground]: MCU2 send back: Gdoing*
1775394769.3685067 [navNode-2] [INFO] [1775394769.368389007] [navNode]: MCU2 send back: Gdoing*
1775394769.4104915 [navNode-2] [INFO] [1775394769.410143373] [navNode]: 状态4：WaitAim--[A3]
1775394769.4109359 [navNode-2] [INFO] [1775394769.410655069] [navNode]: 未到目标点
1775394769.4110155 [navNode-2] 目标位置:(0.0, 0.0, 0.2)-[A3]-[MCU:False]-[POS:False]
1775394769.4110625 [navNode-2] 当前位置:(-0.006283781491219997, -0.00013964707613922656, 0.08071817457675934)
1775394769.4868777 [myMain-1] [INFO] [1775394769.486414528] [Ground]: MCU2 send back: Gdoing*
1775394769.4872139 [navNode-2] [INFO] [1775394769.486456086] [navNode]: MCU2 send back: Gdoing*
1775394769.5105956 [navNode-2] [INFO] [1775394769.510141661] [navNode]: 状态4：WaitAim--[A3]
1775394769.5110712 [navNode-2] [INFO] [1775394769.510763518] [navNode]: 未到目标点
1775394769.5112123 [navNode-2] 目标位置:(0.0, 0.0, 0.2)-[A3]-[MCU:False]-[POS:False]
1775394769.5112803 [navNode-2] 当前位置:(-0.00855922605842352, -0.00039484529406763613, 0.081157386302948)
1775394769.6075120 [navNode-2] [INFO] [1775394769.607151751] [navNode]: MCU2 send back: Gdoing*
1775394769.6079307 [myMain-1] [INFO] [1775394769.607779421] [Ground]: MCU2 send back: Gdoing*
1775394769.6100330 [navNode-2] [INFO] [1775394769.609756091] [navNode]: 状态4：WaitAim--[A3]
1775394769.6103654 [navNode-2] [INFO] [1775394769.610178720] [navNode]: 未到目标点
1775394769.6104724 [navNode-2] 目标位置:(0.0, 0.0, 0.2)-[A3]-[MCU:False]-[POS:False]
1775394769.6105480 [navNode-2] 当前位置:(-0.010821588337421417, -0.000696365546900779, 0.08052223920822144)
1775394769.7103927 [navNode-2] [INFO] [1775394769.710039734] [navNode]: 状态4：WaitAim--[A3]
1775394769.7109036 [navNode-2] [INFO] [1775394769.710501232] [navNode]: 未到目标点
1775394769.7110255 [navNode-2] 目标位置:(0.0, 0.0, 0.2)-[A3]-[MCU:False]-[POS:False]
1775394769.7110879 [navNode-2] 当前位置:(-0.012600473128259182, -0.003071628976613283, 0.0800175741314888)
1775394769.7271893 [navNode-2] [INFO] [1775394769.726902148] [navNode]: MCU2 send back: Gdoing*
1775394769.7275248 [myMain-1] [INFO] [1775394769.727346649] [Ground]: MCU2 send back: Gdoing*
1775394769.8110356 [navNode-2] [INFO] [1775394769.810626348] [navNode]: 状态4：WaitAim--[A3]
1775394769.8116632 [navNode-2] [INFO] [1775394769.811169375] [navNode]: 未到目标点
1775394769.8120759 [navNode-2] 目标位置:(0.0, 0.0, 0.2)-[A3]-[MCU:False]-[POS:False]
1775394769.8123744 [navNode-2] 当前位置:(-0.01209205947816372, -0.004795379005372524, 0.07972656190395355)
1775394769.8478127 [navNode-2] [INFO] [1775394769.847282070] [navNode]: MCU2 send back: Gdoing*
1775394769.8482707 [myMain-1] [INFO] [1775394769.847279698] [Ground]: MCU2 send back: Gdoing*
1775394769.9102497 [navNode-2] [INFO] [1775394769.909941623] [navNode]: 状态4：WaitAim--[A3]
1775394769.9107032 [navNode-2] [INFO] [1775394769.910417517] [navNode]: 未到目标点
1775394769.9107983 [navNode-2] 目标位置:(0.0, 0.0, 0.2)-[A3]-[MCU:False]-[POS:False]
1775394769.9108491 [navNode-2] 当前位置:(-0.011691130697727203, -0.00483999727293849, 0.08013854920864105)
1775394769.9680133 [myMain-1] [INFO] [1775394769.967092131] [Ground]: MCU2 send back: Gdoing*
1775394769.9684050 [navNode-2] [INFO] [1775394769.967798110] [navNode]: MCU2 send back: Gdoing*
1775394770.0103090 [navNode-2] [INFO] [1775394770.009986977] [navNode]: 状态4：WaitAim--[A3]
1775394770.0107408 [navNode-2] [INFO] [1775394770.010518444] [navNode]: 未到目标点
1775394770.0108364 [navNode-2] 目标位置:(0.0, 0.0, 0.2)-[A3]-[MCU:False]-[POS:False]
1775394770.0108907 [navNode-2] 当前位置:(-0.009247632697224617, -0.001250231172889471, 0.08107438683509827)
1775394770.0887887 [myMain-1] [INFO] [1775394770.087764158] [Ground]: MCU2 send back: Gdoing*
1775394770.0892856 [navNode-2] [INFO] [1775394770.088412876] [navNode]: MCU2 send back: Gdoing*
1775394770.1110806 [navNode-2] [INFO] [1775394770.110628054] [navNode]: 状态4：WaitAim--[A3]
1775394770.1115515 [navNode-2] [INFO] [1775394770.111208123] [navNode]: 未到目标点
1775394770.1116939 [navNode-2] 目标位置:(0.0, 0.0, 0.2)-[A3]-[MCU:False]-[POS:False]
1775394770.1117752 [navNode-2] 当前位置:(-0.006821909453719854, 0.000496889348141849, 0.08403593301773071)
1775394770.2080662 [navNode-2] [INFO] [1775394770.207568950] [navNode]: MCU2 send back: Gdoing*
1775394770.2084603 [myMain-1] [INFO] [1775394770.207573250] [Ground]: MCU2 send back: Gdoing*
1775394770.2101538 [navNode-2] [INFO] [1775394770.209918088] [navNode]: 状态4：WaitAim--[A3]
1775394770.2105730 [navNode-2] [INFO] [1775394770.210400180] [navNode]: 未到目标点
1775394770.2107389 [navNode-2] 目标位置:(0.0, 0.0, 0.2)-[A3]-[MCU:False]-[POS:False]
1775394770.2108076 [navNode-2] 当前位置:(-0.007584248669445515, 0.0009847304318100214, 0.08609753847122192)
1775394770.3106327 [navNode-2] [INFO] [1775394770.310057038] [navNode]: 状态4：WaitAim--[A3]
1775394770.3114007 [navNode-2] [INFO] [1775394770.310481740] [navNode]: 未到目标点
1775394770.3116465 [navNode-2] 目标位置:(0.0, 0.0, 0.2)-[A3]-[MCU:False]-[POS:False]
1775394770.3117774 [navNode-2] 当前位置:(-0.009634709917008877, 0.0008717888849787414, 0.08640041202306747)
1775394770.3284318 [myMain-1] [INFO] [1775394770.328080350] [Ground]: MCU2 send back: Gdoing*
1775394770.3290110 [navNode-2] [INFO] [1775394770.328860399] [navNode]: MCU2 send back: Gdoing*
1775394770.4102585 [navNode-2] [INFO] [1775394770.409863559] [navNode]: 状态4：WaitAim--[A3]
1775394770.4108603 [navNode-2] [INFO] [1775394770.410318655] [navNode]: 未到目标点
1775394770.4109695 [navNode-2] 目标位置:(0.0, 0.0, 0.2)-[A3]-[MCU:False]-[POS:False]
1775394770.4110224 [navNode-2] 当前位置:(-0.00852174125611782, 0.0017799932975322008, 0.08716107904911041)
1775394770.4479303 [myMain-1] [INFO] [1775394770.447610627] [Ground]: MCU2 send back: Gdoing*
1775394770.4484720 [navNode-2] [INFO] [1775394770.448278098] [navNode]: MCU2 send back: Gdoing*
1775394770.5105643 [navNode-2] [INFO] [1775394770.510151743] [navNode]: 状态4：WaitAim--[A3]
1775394770.5111303 [navNode-2] [INFO] [1775394770.510989550] [navNode]: 未到目标点
1775394770.5112433 [navNode-2] 目标位置:(0.0, 0.0, 0.2)-[A3]-[MCU:False]-[POS:False]
1775394770.5113370 [navNode-2] 当前位置:(-0.00927733164280653, 0.0022367469500750303, 0.08600130677223206)
1775394770.5685208 [myMain-1] [INFO] [1775394770.568155690] [Ground]: MCU2 send back: Gdoing*
1775394770.5692244 [navNode-2] [INFO] [1775394770.569042419] [navNode]: MCU2 send back: Gdoing*
1775394770.6108246 [navNode-2] [INFO] [1775394770.610386956] [navNode]: 状态4：WaitAim--[A3]
1775394770.6113017 [navNode-2] [INFO] [1775394770.610984411] [navNode]: 未到目标点
1775394770.6113930 [navNode-2] 目标位置:(0.0, 0.0, 0.2)-[A3]-[MCU:False]-[POS:False]
1775394770.6114514 [navNode-2] 当前位置:(-0.008718874305486679, 0.0021531591191887856, 0.08779299259185791)
1775394770.6891289 [navNode-2] [INFO] [1775394770.688529085] [navNode]: MCU2 send back: Gdoing*
1775394770.6896651 [myMain-1] [INFO] [1775394770.688639233] [Ground]: MCU2 send back: Gdoing*
1775394770.7106860 [navNode-2] [INFO] [1775394770.710257285] [navNode]: 状态4：WaitAim--[A3]
1775394770.7111182 [navNode-2] [INFO] [1775394770.710780993] [navNode]: 未到目标点
1775394770.7112021 [navNode-2] 目标位置:(0.0, 0.0, 0.2)-[A3]-[MCU:False]-[POS:False]
1775394770.7112551 [navNode-2] 当前位置:(-0.009312658570706844, 0.001912809326313436, 0.08990806341171265)
1775394770.8099554 [myMain-1] [INFO] [1775394770.809466862] [Ground]: MCU2 send back: Gdoing*
1775394770.8105497 [navNode-2] [INFO] [1775394770.809624399] [navNode]: MCU2 send back: Gdoing*
1775394770.8110342 [navNode-2] [INFO] [1775394770.810876851] [navNode]: 状态4：WaitAim--[A3]
1775394770.8114901 [navNode-2] [INFO] [1775394770.811338197] [navNode]: 未到目标点
1775394770.8115809 [navNode-2] 目标位置:(0.0, 0.0, 0.2)-[A3]-[MCU:False]-[POS:False]
1775394770.8116298 [navNode-2] 当前位置:(-0.010501069016754627, 0.0019920282065868378, 0.09133300185203552)
1775394770.9109726 [navNode-2] [INFO] [1775394770.910247369] [navNode]: 状态4：WaitAim--[A3]
1775394770.9114785 [navNode-2] [INFO] [1775394770.910742965] [navNode]: 未到目标点
1775394770.9115708 [navNode-2] 目标位置:(0.0, 0.0, 0.2)-[A3]-[MCU:False]-[POS:False]
1775394770.9116366 [navNode-2] 当前位置:(-0.010326085612177849, 0.00243378896266222, 0.09534130990505219)
1775394770.9293041 [myMain-1] [INFO] [1775394770.928931278] [Ground]: MCU2 send back: Gdoing*
1775394770.9296830 [navNode-2] [INFO] [1775394770.929522988] [navNode]: MCU2 send back: Gdoing*
1775394771.0102828 [navNode-2] [INFO] [1775394771.009891349] [navNode]: 状态4：WaitAim--[A3]
1775394771.0114334 [navNode-2] [INFO] [1775394771.011171102] [navNode]: 未到目标点
1775394771.0116215 [navNode-2] 目标位置:(0.0, 0.0, 0.2)-[A3]-[MCU:False]-[POS:False]
1775394771.0116873 [navNode-2] 当前位置:(-0.010105916298925877, 0.0025317207910120487, 0.10236872732639313)
1775394771.0502725 [navNode-2] [INFO] [1775394771.049948739] [navNode]: MCU2 send back: Gdoing*
1775394771.0507350 [myMain-1] [INFO] [1775394771.050381883] [Ground]: MCU2 send back: Gdoing*
1775394771.1105349 [navNode-2] [INFO] [1775394771.109839731] [navNode]: 状态4：WaitAim--[A3]
1775394771.1118791 [navNode-2] [INFO] [1775394771.111408236] [navNode]: 未到目标点
1775394771.1121655 [navNode-2] 目标位置:(0.0, 0.0, 0.2)-[A3]-[MCU:False]-[POS:False]
1775394771.1122439 [navNode-2] 当前位置:(-0.010049146600067616, 4.713701127911918e-05, 0.10733982175588608)
1775394771.1689436 [navNode-2] [INFO] [1775394771.168631863] [navNode]: MCU2 send back: Gdoing*
1775394771.1698153 [myMain-1] [INFO] [1775394771.169617813] [Ground]: MCU2 send back: Gdoing*
1775394771.2107632 [navNode-2] [INFO] [1775394771.210246300] [navNode]: 状态4：WaitAim--[A3]
1775394771.2118096 [navNode-2] [INFO] [1775394771.211339009] [navNode]: 未到目标点
1775394771.2118957 [navNode-2] 目标位置:(0.0, 0.0, 0.2)-[A3]-[MCU:False]-[POS:False]
1775394771.2119453 [navNode-2] 当前位置:(-0.009440821595489979, 0.0011337747564539313, 0.11630797386169434)
1775394771.2902799 [myMain-1] [INFO] [1775394771.289059940] [Ground]: MCU2 send back: Gdoing*
1775394771.2907491 [navNode-2] [INFO] [1775394771.289798910] [navNode]: MCU2 send back: Gdoing*
1775394771.3108709 [navNode-2] [INFO] [1775394771.310429845] [navNode]: 状态4：WaitAim--[A3]
1775394771.3123221 [navNode-2] [INFO] [1775394771.311993779] [navNode]: 未到目标点
1775394771.3124974 [navNode-2] 目标位置:(0.0, 0.0, 0.2)-[A3]-[MCU:False]-[POS:False]
1775394771.3125622 [navNode-2] 当前位置:(-0.00487945694476366, 0.0017374871531501412, 0.12031259387731552)
1775394771.4097378 [myMain-1] [INFO] [1775394771.409375952] [Ground]: MCU2 send back: Gdoing*
1775394771.4100754 [navNode-2] [INFO] [1775394771.409461050] [navNode]: MCU2 send back: Gdoing*
1775394771.4119751 [navNode-2] [INFO] [1775394771.411271879] [navNode]: 状态4：WaitAim--[A3]
1775394771.4121063 [navNode-2] [INFO] [1775394771.411736210] [navNode]: 未到目标点
1775394771.4121611 [navNode-2] 目标位置:(0.0, 0.0, 0.2)-[A3]-[MCU:False]-[POS:False]
1775394771.4122081 [navNode-2] 当前位置:(-0.0009381548734381795, 0.002349784830585122, 0.12383758276700974)
1775394771.5102201 [navNode-2] [INFO] [1775394771.509894302] [navNode]: 状态4：WaitAim--[A3]
1775394771.5107722 [navNode-2] [INFO] [1775394771.510379832] [navNode]: 未到目标点
1775394771.5108879 [navNode-2] 目标位置:(0.0, 0.0, 0.2)-[A3]-[MCU:False]-[POS:False]
1775394771.5109444 [navNode-2] 当前位置:(0.0009074358968064189, 0.0028460912872105837, 0.12670950591564178)
1775394771.5299468 [navNode-2] [INFO] [1775394771.529536759] [navNode]: MCU2 send back: Gdoing*
1775394771.5303400 [myMain-1] [INFO] [1775394771.530176365] [Ground]: MCU2 send back: Gdoing*
1775394771.6100559 [navNode-2] [INFO] [1775394771.609716940] [navNode]: 状态4：WaitAim--[A3]
1775394771.6105473 [navNode-2] [INFO] [1775394771.610208932] [navNode]: 未到目标点
1775394771.6106420 [navNode-2] 目标位置:(0.0, 0.0, 0.2)-[A3]-[MCU:False]-[POS:False]
1775394771.6107178 [navNode-2] 当前位置:(-8.874035847838968e-05, 0.0018296156777068973, 0.12973397970199585)
1775394771.6493299 [myMain-1] [INFO] [1775394771.648887813] [Ground]: MCU2 send back: Gdone*
1775394771.6497352 [navNode-2] [INFO] [1775394771.649140466] [navNode]: MCU2 send back: Gdone*
1775394771.6499240 [navNode-2] [INFO] [1775394771.649596484] [navNode]: mcu:已到目标点-[A3]
1775394771.7100091 [navNode-2] [INFO] [1775394771.709700363] [navNode]: 状态4：WaitAim--[A3]
1775394771.7103937 [navNode-2] [INFO] [1775394771.710186573] [navNode]: 已到目标点
1775394771.7104740 [navNode-2] 目标位置:A3:(0.0, 0.0, 0.2)-[A3]-[MCU:True]-[POS:False]
1775394771.7105188 [navNode-2] 当前位置:(-0.002433194313198328, -0.0007757937419228256, 0.1325967162847519)
1775394771.7105596 [navNode-2] 
1775394771.8102484 [navNode-2] [INFO] [1775394771.809905636] [navNode]: 状态5：ArriveAim--[A3]
1775394771.9103820 [navNode-2] [INFO] [1775394771.909878668] [navNode]: 状态6：Delay--[A3]
1775394772.0101278 [navNode-2] [INFO] [1775394772.009800272] [navNode]: 状态6：Delay--[A3]
1775394772.1107321 [myMain-1] [INFO] [1775394772.110301104] [Ground]: MCU2 send back: Gdone*
1775394772.1111531 [navNode-2] [INFO] [1775394772.110366221] [navNode]: 状态6：Delay--[A3]
1775394772.1122513 [navNode-2] [INFO] [1775394772.111979079] [navNode]: MCU2 send back: Gdone*
1775394772.1126387 [navNode-2] [INFO] [1775394772.112485896] [navNode]: mcu:已到目标点-[A3]
1775394772.2101941 [navNode-2] [INFO] [1775394772.209892751] [navNode]: 状态6：Delay--[A3]
1775394772.3124759 [navNode-2] [INFO] [1775394772.311985215] [navNode]: 状态6：Delay--[A3]
1775394772.4102728 [navNode-2] [INFO] [1775394772.409948082] [navNode]: 状态6：Delay--[A3]
1775394772.5100410 [navNode-2] [INFO] [1775394772.509753754] [navNode]: 状态6：Delay--[A3]
1775394772.6104395 [navNode-2] [INFO] [1775394772.609961489] [navNode]: 状态6：Delay--[A3]
1775394772.7104721 [navNode-2] [INFO] [1775394772.710114385] [navNode]: 状态6：Delay--[A3]
1775394772.8105688 [navNode-2] [INFO] [1775394772.810153602] [navNode]: 状态6：Delay--[A3]
1775394772.9104023 [navNode-2] [INFO] [1775394772.910008136] [navNode]: 状态6：Delay--[A3]
1775394773.0102093 [navNode-2] [INFO] [1775394773.009823826] [navNode]: 状态6：Delay--[A3]
1775394773.1102085 [navNode-2] [INFO] [1775394773.109823173] [navNode]: 状态6：Delay--[A3]
1775394773.1309822 [navNode-2] [INFO] [1775394773.130576505] [navNode]: MCU2 send back: Gdone*
1775394773.1314168 [navNode-2] [INFO] [1775394773.130984306] [navNode]: mcu:已到目标点-[A3]
1775394773.1315844 [myMain-1] [INFO] [1775394773.131087159] [Ground]: MCU2 send back: Gdone*
1775394773.2100868 [navNode-2] [INFO] [1775394773.209790506] [navNode]: 状态6：Delay--[A3]
1775394773.3102593 [navNode-2] [INFO] [1775394773.309933899] [navNode]: 状态6：Delay--[A3]
1775394773.4102597 [navNode-2] [INFO] [1775394773.409928216] [navNode]: 状态6：Delay--[A3]
1775394773.5102885 [navNode-2] [INFO] [1775394773.509835393] [navNode]: 状态6：Delay--[A3]
1775394773.6101868 [navNode-2] [INFO] [1775394773.609770378] [navNode]: 状态6：Delay--[A3]
1775394773.7100096 [navNode-2] [INFO] [1775394773.709694882] [navNode]: 状态6：Delay--[A3]
1775394773.8101616 [navNode-2] [INFO] [1775394773.809698659] [navNode]: 状态6：Delay--[A3]
1775394773.9104276 [navNode-2] [INFO] [1775394773.909804928] [navNode]: 状态6：Delay--[A3]
1775394773.9118464 [navNode-2] [INFO] [1775394773.911552599] [navNode]: 延时结束,QR识别结果:前，后
1775394774.0103872 [navNode-2] [INFO] [1775394774.009917430] [navNode]: 状态6：Delay--[A3]
1775394774.1106474 [navNode-2] [INFO] [1775394774.110218473] [navNode]: 状态3：SetAim--[A3]
1775394774.1221323 [navNode-2] [INFO] [1775394774.121766871] [navNode]: G-02500+12500+12000 发送成功 → 飞行站已调用：G-02500+12500+12000服务
1775394774.1494536 [myMain-1] [INFO] [1775394774.149123054] [Ground]: MCU2 send back: -02500+12500+12000
1775394774.1498640 [navNode-2] [INFO] [1775394774.149652039] [navNode]: MCU2 send back: -02500+12500+12000
1775394774.2109282 [navNode-2] [INFO] [1775394774.210078101] [navNode]: 状态4：WaitAim--[A2]
1775394774.2111299 [navNode-2] [INFO] [1775394774.210563147] [navNode]: 未到目标点
1775394774.2111893 [navNode-2] 目标位置:(-0.25, 1.25, 1.2)-[A2]-[MCU:False]-[POS:False]
1775394774.2112474 [navNode-2] 当前位置:(0.004596146289259195, -0.005600983742624521, 0.1606273204088211)
1775394774.2329252 [navNode-2] [INFO] [1775394774.232561079] [navNode]: MCU2 send back: Gdoing*
1775394774.2340362 [myMain-1] [INFO] [1775394774.233521824] [Ground]: MCU2 send back: Gdoing*
1775394774.3107789 [navNode-2] [INFO] [1775394774.309942385] [navNode]: 状态4：WaitAim--[A2]
1775394774.3110266 [navNode-2] [INFO] [1775394774.310417610] [navNode]: 未到目标点
1775394774.3111289 [navNode-2] 目标位置:(-0.25, 1.25, 1.2)-[A2]-[MCU:False]-[POS:False]
1775394774.3112450 [navNode-2] 当前位置:(0.003820461221039295, -0.005523863714188337, 0.1588602513074875)
1775394774.3527312 [myMain-1] [INFO] [1775394774.352253524] [Ground]: MCU2 send back: Gdoing*
1775394774.3530924 [navNode-2] [INFO] [1775394774.352496442] [navNode]: MCU2 send back: Gdoing*
1775394774.4108350 [navNode-2] [INFO] [1775394774.409966261] [navNode]: 状态4：WaitAim--[A2]
1775394774.4110208 [navNode-2] [INFO] [1775394774.410447743] [navNode]: 未到目标点
1775394774.4110858 [navNode-2] 目标位置:(-0.25, 1.25, 1.2)-[A2]-[MCU:False]-[POS:False]
1775394774.4111307 [navNode-2] 当前位置:(0.0035894829779863358, -0.003369806334376335, 0.1566372513771057)
1775394774.4728980 [myMain-1] [INFO] [1775394774.472595378] [Ground]: MCU2 send back: Gdoing*
1775394774.4733026 [navNode-2] [INFO] [1775394774.473192774] [navNode]: MCU2 send back: Gdoing*
1775394774.5109029 [navNode-2] [INFO] [1775394774.509762171] [navNode]: 状态4：WaitAim--[A2]
1775394774.5111375 [navNode-2] [INFO] [1775394774.510457507] [navNode]: 未到目标点
1775394774.5112097 [navNode-2] 目标位置:(-0.25, 1.25, 1.2)-[A2]-[MCU:False]-[POS:False]
1775394774.5112894 [navNode-2] 当前位置:(0.005374614614993334, -0.0035308762453496456, 0.15584920346736908)
1775394774.5933437 [navNode-2] [INFO] [1775394774.592986053] [navNode]: MCU2 send back: Gdoing*
1775394774.5936749 [myMain-1] [INFO] [1775394774.593087367] [Ground]: MCU2 send back: Gdoing*
1775394774.6166608 [navNode-2] [INFO] [1775394774.615910556] [navNode]: 状态4：WaitAim--[A2]
1775394774.6199808 [navNode-2] [INFO] [1775394774.619380212] [navNode]: 未到目标点
1775394774.6202826 [navNode-2] 目标位置:(-0.25, 1.25, 1.2)-[A2]-[MCU:False]-[POS:False]
1775394774.6203730 [navNode-2] 当前位置:(0.004919957369565964, -0.004973403178155422, 0.1559736728668213)
1775394774.7103689 [navNode-2] [INFO] [1775394774.710015475] [navNode]: 状态4：WaitAim--[A2]
1775394774.7109013 [navNode-2] [INFO] [1775394774.710569360] [navNode]: 未到目标点
1775394774.7110553 [navNode-2] 目标位置:(-0.25, 1.25, 1.2)-[A2]-[MCU:False]-[POS:False]
1775394774.7111292 [navNode-2] 当前位置:(0.0030616463627666235, -0.004751681350171566, 0.15774530172348022)
1775394774.7131393 [myMain-1] [INFO] [1775394774.712494962] [Ground]: MCU2 send back: Gdoing*
1775394774.7137141 [navNode-2] [INFO] [1775394774.712640426] [navNode]: MCU2 send back: Gdoing*
1775394774.8106773 [navNode-2] [INFO] [1775394774.810278989] [navNode]: 状态4：WaitAim--[A2]
1775394774.8111839 [navNode-2] [INFO] [1775394774.810796322] [navNode]: 未到目标点
1775394774.8114307 [navNode-2] 目标位置:(-0.25, 1.25, 1.2)-[A2]-[MCU:False]-[POS:False]
1775394774.8115149 [navNode-2] 当前位置:(0.0027070441283285618, -0.003477437887340784, 0.1569599211215973)
1775394774.8344471 [navNode-2] [INFO] [1775394774.833517598] [navNode]: MCU2 send back: Gdoing*
1775394774.8348746 [myMain-1] [INFO] [1775394774.834108900] [Ground]: MCU2 send back: Gdoing*
1775394774.9104302 [navNode-2] [INFO] [1775394774.909968932] [navNode]: 状态4：WaitAim--[A2]
1775394774.9109240 [navNode-2] [INFO] [1775394774.910536674] [navNode]: 未到目标点
1775394774.9110112 [navNode-2] 目标位置:(-0.25, 1.25, 1.2)-[A2]-[MCU:False]-[POS:False]
1775394774.9110603 [navNode-2] 当前位置:(0.002208641730248928, -0.0024269854184240103, 0.15904872119426727)
1775394774.9543259 [navNode-2] [INFO] [1775394774.953126875] [navNode]: MCU2 send back: Gdoing*
1775394774.9549499 [myMain-1] [INFO] [1775394774.953811272] [Ground]: MCU2 send back: Gdoing*
1775394775.0108411 [navNode-2] [INFO] [1775394775.010053661] [navNode]: 状态4：WaitAim--[A2]
1775394775.0112572 [navNode-2] [INFO] [1775394775.010652921] [navNode]: 未到目标点
1775394775.0113358 [navNode-2] 目标位置:(-0.25, 1.25, 1.2)-[A2]-[MCU:False]-[POS:False]
1775394775.0113893 [navNode-2] 当前位置:(0.000965266430284828, -0.0034527017269283533, 0.16187241673469543)
1775394775.0750842 [myMain-1] [INFO] [1775394775.074761432] [Ground]: MCU2 send back: Gdoing*
1775394775.0755219 [navNode-2] [INFO] [1775394775.075235650] [navNode]: MCU2 send back: Gdoing*
1775394775.1106200 [navNode-2] [INFO] [1775394775.110252273] [navNode]: 状态4：WaitAim--[A2]
1775394775.1110826 [navNode-2] [INFO] [1775394775.110801337] [navNode]: 未到目标点
1775394775.1112041 [navNode-2] 目标位置:(-0.25, 1.25, 1.2)-[A2]-[MCU:False]-[POS:False]
1775394775.1112685 [navNode-2] 当前位置:(0.0010568094439804554, -0.002703463425859809, 0.168581023812294)
1775394775.1935515 [myMain-1] [INFO] [1775394775.193206056] [Ground]: MCU2 send back: Gdoing*
1775394775.1946871 [navNode-2] [INFO] [1775394775.194443792] [navNode]: MCU2 send back: Gdoing*
1775394775.2106485 [navNode-2] [INFO] [1775394775.210300298] [navNode]: 状态4：WaitAim--[A2]
1775394775.2111757 [navNode-2] [INFO] [1775394775.210811455] [navNode]: 未到目标点
1775394775.2113061 [navNode-2] 目标位置:(-0.25, 1.25, 1.2)-[A2]-[MCU:False]-[POS:False]
1775394775.2113750 [navNode-2] 当前位置:(0.0023239688016474247, -9.02311658137478e-05, 0.1758396029472351)
1775394775.3103280 [navNode-2] [INFO] [1775394775.309907007] [navNode]: 状态4：WaitAim--[A2]
1775394775.3108661 [navNode-2] [INFO] [1775394775.310407742] [navNode]: 未到目标点
1775394775.3109694 [navNode-2] 目标位置:(-0.25, 1.25, 1.2)-[A2]-[MCU:False]-[POS:False]
1775394775.3110194 [navNode-2] 当前位置:(0.0021037014666944742, 0.0036510061472654343, 0.18453845381736755)
1775394775.3136718 [navNode-2] [INFO] [1775394775.313461680] [navNode]: MCU2 send back: Gdoing*
1775394775.3164423 [myMain-1] [INFO] [1775394775.316021507] [Ground]: MCU2 send back: Gdoing*
1775394775.4103003 [navNode-2] [INFO] [1775394775.409969359] [navNode]: 状态4：WaitAim--[A2]
1775394775.4108756 [navNode-2] [INFO] [1775394775.410395717] [navNode]: 未到目标点
1775394775.4110656 [navNode-2] 目标位置:(-0.25, 1.25, 1.2)-[A2]-[MCU:False]-[POS:False]
1775394775.4111357 [navNode-2] 当前位置:(0.0029735686257481575, 0.00661564152687788, 0.19207888841629028)
1775394775.4337528 [navNode-2] [INFO] [1775394775.433447247] [navNode]: MCU2 send back: Gdoing*
1775394775.4341805 [myMain-1] [INFO] [1775394775.433810893] [Ground]: MCU2 send back: Gdoing*
1775394775.5104532 [navNode-2] [INFO] [1775394775.510078066] [navNode]: 状态4：WaitAim--[A2]
1775394775.5109317 [navNode-2] [INFO] [1775394775.510608924] [navNode]: 未到目标点
1775394775.5110219 [navNode-2] 目标位置:(-0.25, 1.25, 1.2)-[A2]-[MCU:False]-[POS:False]
1775394775.5110757 [navNode-2] 当前位置:(0.0025152561720460653, 0.006165099795907736, 0.19824956357479095)
1775394775.5543032 [navNode-2] [INFO] [1775394775.553944648] [navNode]: MCU2 send back: Gdoing*
1775394775.5548322 [myMain-1] [INFO] [1775394775.554214134] [Ground]: MCU2 send back: Gdoing*
1775394775.6103418 [navNode-2] [INFO] [1775394775.609869253] [navNode]: 状态4：WaitAim--[A2]
1775394775.6107769 [navNode-2] [INFO] [1775394775.610435386] [navNode]: 未到目标点
1775394775.6108620 [navNode-2] 目标位置:(-0.25, 1.25, 1.2)-[A2]-[MCU:False]-[POS:False]
1775394775.6109118 [navNode-2] 当前位置:(0.0014170970534905791, 0.0038100937381386757, 0.20339573919773102)
1775394775.6746006 [myMain-1] [INFO] [1775394775.674246613] [Ground]: MCU2 send back: Gdoing*
1775394775.6755807 [navNode-2] [INFO] [1775394775.675372164] [navNode]: MCU2 send back: Gdoing*
1775394775.7101958 [navNode-2] [INFO] [1775394775.709845636] [navNode]: 状态4：WaitAim--[A2]
1775394775.7107317 [navNode-2] [INFO] [1775394775.710362214] [navNode]: 未到目标点
1775394775.7108915 [navNode-2] 目标位置:(-0.25, 1.25, 1.2)-[A2]-[MCU:False]-[POS:False]
1775394775.7109592 [navNode-2] 当前位置:(-0.00010036101593868807, 0.0016889446415007114, 0.20956234633922577)
1775394775.7948647 [myMain-1] [INFO] [1775394775.794427319] [Ground]: MCU2 send back: Gdoing*
1775394775.7971468 [navNode-2] [INFO] [1775394775.796812594] [navNode]: MCU2 send back: Gdoing*
1775394775.8108399 [navNode-2] [INFO] [1775394775.810429462] [navNode]: 状态4：WaitAim--[A2]
1775394775.8114254 [navNode-2] [INFO] [1775394775.811274441] [navNode]: 未到目标点
1775394775.8115540 [navNode-2] 目标位置:(-0.25, 1.25, 1.2)-[A2]-[MCU:False]-[POS:False]
1775394775.8117039 [navNode-2] 当前位置:(-0.00017555631347931921, 0.002656748052686453, 0.21548312902450562)
1775394775.9104967 [navNode-2] [INFO] [1775394775.910163037] [navNode]: 状态4：WaitAim--[A2]
1775394775.9109955 [navNode-2] [INFO] [1775394775.910785548] [navNode]: 未到目标点
1775394775.9111021 [navNode-2] 目标位置:(-0.25, 1.25, 1.2)-[A2]-[MCU:False]-[POS:False]
1775394775.9111528 [navNode-2] 当前位置:(0.00039857509545981884, 0.005655974615365267, 0.22029319405555725)
1775394775.9149637 [navNode-2] [INFO] [1775394775.914563965] [navNode]: MCU2 send back: Gdoing*
1775394775.9153934 [myMain-1] [INFO] [1775394775.915258575] [Ground]: MCU2 send back: Gdoing*
1775394776.0103576 [navNode-2] [INFO] [1775394776.010001566] [navNode]: 状态4：WaitAim--[A2]
1775394776.0107772 [navNode-2] [INFO] [1775394776.010527080] [navNode]: 未到目标点
1775394776.0109131 [navNode-2] 目标位置:(-0.25, 1.25, 1.2)-[A2]-[MCU:False]-[POS:False]
1775394776.0109901 [navNode-2] 当前位置:(0.0031317071989178658, 0.007401106879115105, 0.22429275512695312)
1775394776.0349278 [navNode-2] [INFO] [1775394776.034575237] [navNode]: MCU2 send back: Gdoing*
1775394776.0353549 [myMain-1] [INFO] [1775394776.035227074] [Ground]: MCU2 send back: Gdoing*
1775394776.1105826 [navNode-2] [INFO] [1775394776.110164384] [navNode]: 状态4：WaitAim--[A2]
1775394776.1110048 [navNode-2] [INFO] [1775394776.110767221] [navNode]: 未到目标点
1775394776.1111174 [navNode-2] 目标位置:(-0.25, 1.25, 1.2)-[A2]-[MCU:False]-[POS:False]
1775394776.1111794 [navNode-2] 当前位置:(0.0049703423865139484, 0.008169285021722317, 0.2266995906829834)
1775394776.1548672 [navNode-2] [INFO] [1775394776.154558256] [navNode]: MCU2 send back: Gdoing*
1775394776.1552684 [myMain-1] [INFO] [1775394776.155126139] [Ground]: MCU2 send back: Gdoing*
1775394776.2101893 [navNode-2] [INFO] [1775394776.209850156] [navNode]: 状态4：WaitAim--[A2]
1775394776.2107034 [navNode-2] [INFO] [1775394776.210379932] [navNode]: 未到目标点
1775394776.2108181 [navNode-2] 目标位置:(-0.25, 1.25, 1.2)-[A2]-[MCU:False]-[POS:False]
1775394776.2108819 [navNode-2] 当前位置:(0.004595084581524134, 0.009094404056668282, 0.2299879491329193)
1775394776.2758300 [navNode-2] [INFO] [1775394776.275532837] [navNode]: MCU2 send back: Gdoing*
1775394776.2773888 [myMain-1] [INFO] [1775394776.277092470] [Ground]: MCU2 send back: Gdoing*
1775394776.3109195 [navNode-2] [INFO] [1775394776.310476176] [navNode]: 状态4：WaitAim--[A2]
1775394776.3114429 [navNode-2] [INFO] [1775394776.311173407] [navNode]: 未到目标点
1775394776.3115425 [navNode-2] 目标位置:(-0.25, 1.25, 1.2)-[A2]-[MCU:False]-[POS:False]
1775394776.3116164 [navNode-2] 当前位置:(0.0021788564044982195, 0.01270512118935585, 0.2305222749710083)
1775394776.3962028 [navNode-2] [INFO] [1775394776.395884601] [navNode]: MCU2 send back: Gdoing*
1775394776.3981490 [myMain-1] [INFO] [1775394776.397741108] [Ground]: MCU2 send back: Gdoing*
1775394776.4111583 [navNode-2] [INFO] [1775394776.410655889] [navNode]: 状态4：WaitAim--[A2]
1775394776.4118340 [navNode-2] [INFO] [1775394776.411455001] [navNode]: 未到目标点
1775394776.4120021 [navNode-2] 目标位置:(-0.25, 1.25, 1.2)-[A2]-[MCU:False]-[POS:False]
1775394776.4121022 [navNode-2] 当前位置:(0.0033049110788851976, 0.014221747405827045, 0.2310442477464676)
1775394776.5102906 [navNode-2] [INFO] [1775394776.509904883] [navNode]: 状态4：WaitAim--[A2]
1775394776.5108554 [navNode-2] [INFO] [1775394776.510415753] [navNode]: 未到目标点
1775394776.5109861 [navNode-2] 目标位置:(-0.25, 1.25, 1.2)-[A2]-[MCU:False]-[POS:False]
1775394776.5110545 [navNode-2] 当前位置:(0.005066364537924528, 0.014881263487040997, 0.23251262307167053)
1775394776.5176697 [navNode-2] [INFO] [1775394776.517389209] [navNode]: MCU2 send back: Gdoing*
1775394776.5190790 [myMain-1] [INFO] [1775394776.518639270] [Ground]: MCU2 send back: Gdoing*
1775394776.6104066 [navNode-2] [INFO] [1775394776.609987348] [navNode]: 状态4：WaitAim--[A2]
1775394776.6109850 [navNode-2] [INFO] [1775394776.610771793] [navNode]: 未到目标点
1775394776.6111131 [navNode-2] 目标位置:(-0.25, 1.25, 1.2)-[A2]-[MCU:False]-[POS:False]
1775394776.6111894 [navNode-2] 当前位置:(0.00458282558247447, 0.015415346249938011, 0.2325252890586853)
1775394776.6396911 [myMain-1] [INFO] [1775394776.639370472] [Ground]: MCU2 send back: Gdoing*
1775394776.6401274 [navNode-2] [INFO] [1775394776.639941182] [navNode]: MCU2 send back: Gdoing*
1775394776.7100897 [navNode-2] [INFO] [1775394776.709771323] [navNode]: 状态4：WaitAim--[A2]
1775394776.7105007 [navNode-2] [INFO] [1775394776.710305968] [navNode]: 未到目标点
1775394776.7106237 [navNode-2] 目标位置:(-0.25, 1.25, 1.2)-[A2]-[MCU:False]-[POS:False]
1775394776.7106981 [navNode-2] 当前位置:(0.0049577876925468445, 0.017759986221790314, 0.23218686878681183)
1775394776.7585666 [myMain-1] [INFO] [1775394776.758217288] [Ground]: MCU2 send back: Gdoing*
1775394776.7594416 [navNode-2] [INFO] [1775394776.759158661] [navNode]: MCU2 send back: Gdoing*
1775394776.8101997 [navNode-2] [INFO] [1775394776.809873473] [navNode]: 状态4：WaitAim--[A2]
1775394776.8106496 [navNode-2] [INFO] [1775394776.810355256] [navNode]: 未到目标点
1775394776.8107817 [navNode-2] 目标位置:(-0.25, 1.25, 1.2)-[A2]-[MCU:False]-[POS:False]
1775394776.8108354 [navNode-2] 当前位置:(0.00526801310479641, 0.01830381155014038, 0.23300205171108246)
1775394776.8806722 [myMain-1] [INFO] [1775394776.880199051] [Ground]: MCU2 send back: Gdoing*
1775394776.8819191 [navNode-2] [INFO] [1775394776.881433050] [navNode]: MCU2 send back: Gdoing*
1775394776.9102981 [navNode-2] [INFO] [1775394776.909959677] [navNode]: 状态4：WaitAim--[A2]
1775394776.9109170 [navNode-2] [INFO] [1775394776.910528036] [navNode]: 未到目标点
1775394776.9110892 [navNode-2] 目标位置:(-0.25, 1.25, 1.2)-[A2]-[MCU:False]-[POS:False]
1775394776.9111845 [navNode-2] 当前位置:(0.003912192303687334, 0.018511705100536346, 0.2321314811706543)
1775394777.0000336 [myMain-1] [INFO] [1775394776.999345519] [Ground]: MCU2 send back: Gdoing*
1775394777.0005102 [navNode-2] [INFO] [1775394777.000299104] [navNode]: MCU2 send back: Gdoing*
1775394777.0118303 [navNode-2] [INFO] [1775394777.010799065] [navNode]: 状态4：WaitAim--[A2]
1775394777.0120938 [navNode-2] [INFO] [1775394777.011319725] [navNode]: 未到目标点
1775394777.0121663 [navNode-2] 目标位置:(-0.25, 1.25, 1.2)-[A2]-[MCU:False]-[POS:False]
1775394777.0122085 [navNode-2] 当前位置:(0.0028791632503271103, 0.0183546282351017, 0.22979681193828583)
1775394777.1104758 [navNode-2] [INFO] [1775394777.110033087] [navNode]: 状态4：WaitAim--[A2]
1775394777.1109967 [navNode-2] [INFO] [1775394777.110586672] [navNode]: 未到目标点
1775394777.1110928 [navNode-2] 目标位置:(-0.25, 1.25, 1.2)-[A2]-[MCU:False]-[POS:False]
1775394777.1115446 [navNode-2] 当前位置:(0.004182395990937948, 0.017224816605448723, 0.2293630838394165)
1775394777.1197727 [navNode-2] [INFO] [1775394777.119418949] [navNode]: MCU2 send back: Gdoing*
1775394777.1202247 [myMain-1] [INFO] [1775394777.119735558] [Ground]: MCU2 send back: Gdoing*
1775394777.2107801 [navNode-2] [INFO] [1775394777.209811196] [navNode]: 状态4：WaitAim--[A2]
1775394777.2110047 [navNode-2] [INFO] [1775394777.210328235] [navNode]: 未到目标点
1775394777.2111127 [navNode-2] 目标位置:(-0.25, 1.25, 1.2)-[A2]-[MCU:False]-[POS:False]
1775394777.2112107 [navNode-2] 当前位置:(0.004882216453552246, 0.016430532559752464, 0.2296513020992279)
1775394777.2407355 [myMain-1] [INFO] [1775394777.240242627] [Ground]: MCU2 send back: Gdoing*
1775394777.2411785 [navNode-2] [INFO] [1775394777.240590345] [navNode]: MCU2 send back: Gdoing*
1775394777.3105764 [navNode-2] [INFO] [1775394777.310204245] [navNode]: 状态4：WaitAim--[A2]
1775394777.3110003 [navNode-2] [INFO] [1775394777.310721642] [navNode]: 未到目标点
1775394777.3111424 [navNode-2] 目标位置:(-0.25, 1.25, 1.2)-[A2]-[MCU:False]-[POS:False]
1775394777.3112051 [navNode-2] 当前位置:(0.0038063637912273407, 0.018401576206088066, 0.22892823815345764)
1775394777.3605864 [navNode-2] [INFO] [1775394777.360128458] [navNode]: MCU2 send back: Gdoing*
1775394777.3610299 [myMain-1] [INFO] [1775394777.360141713] [Ground]: MCU2 send back: Gdoing*
1775394777.4102585 [navNode-2] [INFO] [1775394777.409936863] [navNode]: 状态4：WaitAim--[A2]
1775394777.4107230 [navNode-2] [INFO] [1775394777.410419711] [navNode]: 未到目标点
1775394777.4108288 [navNode-2] 目标位置:(-0.25, 1.25, 1.2)-[A2]-[MCU:False]-[POS:False]
1775394777.4108813 [navNode-2] 当前位置:(0.003962395712733269, 0.020116770640015602, 0.2281845360994339)
1775394777.4802890 [navNode-2] [INFO] [1775394777.479840890] [navNode]: MCU2 send back: Gdoing*
1775394777.4807408 [myMain-1] [INFO] [1775394777.479855416] [Ground]: MCU2 send back: Gdoing*
1775394777.5102935 [navNode-2] [INFO] [1775394777.509945876] [navNode]: 状态4：WaitAim--[A2]
1775394777.5107415 [navNode-2] [INFO] [1775394777.510426943] [navNode]: 未到目标点
1775394777.5108683 [navNode-2] 目标位置:(-0.25, 1.25, 1.2)-[A2]-[MCU:False]-[POS:False]
1775394777.5109239 [navNode-2] 当前位置:(0.006636122241616249, 0.01981925591826439, 0.22867390513420105)
1775394777.6007195 [navNode-2] [INFO] [1775394777.600374854] [navNode]: MCU2 send back: Gdoing*
1775394777.6011477 [myMain-1] [INFO] [1775394777.600449602] [Ground]: MCU2 send back: Gdoing*
1775394777.6108117 [navNode-2] [INFO] [1775394777.610417521] [navNode]: 状态4：WaitAim--[A2]
1775394777.6112707 [navNode-2] [INFO] [1775394777.611017365] [navNode]: 未到目标点
1775394777.6113620 [navNode-2] 目标位置:(-0.25, 1.25, 1.2)-[A2]-[MCU:False]-[POS:False]
1775394777.6114092 [navNode-2] 当前位置:(0.006765495520085096, 0.02095644362270832, 0.2307782918214798)
1775394777.7101650 [navNode-2] [INFO] [1775394777.709801864] [navNode]: 状态4：WaitAim--[A2]
1775394777.7107079 [navNode-2] [INFO] [1775394777.710321044] [navNode]: 未到目标点
1775394777.7108748 [navNode-2] 目标位置:(-0.25, 1.25, 1.2)-[A2]-[MCU:False]-[POS:False]
1775394777.7109442 [navNode-2] 当前位置:(0.005920777563005686, 0.021127700805664062, 0.23428437113761902)
1775394777.7203045 [navNode-2] [INFO] [1775394777.719706223] [navNode]: MCU2 send back: Gdoing*
1775394777.7209766 [myMain-1] [INFO] [1775394777.719849217] [Ground]: MCU2 send back: Gdoing*
1775394777.8101764 [navNode-2] [INFO] [1775394777.809804601] [navNode]: 状态4：WaitAim--[A2]
1775394777.8113561 [navNode-2] [INFO] [1775394777.811097892] [navNode]: 未到目标点
1775394777.8115973 [navNode-2] 目标位置:(-0.25, 1.25, 1.2)-[A2]-[MCU:False]-[POS:False]
1775394777.8116572 [navNode-2] 当前位置:(0.006775372661650181, 0.01934344321489334, 0.23695896565914154)
1775394777.8404226 [myMain-1] [INFO] [1775394777.840106168] [Ground]: MCU2 send back: Gdoing*
1775394777.8408618 [navNode-2] [INFO] [1775394777.840339541] [navNode]: MCU2 send back: Gdoing*
1775394777.9104321 [navNode-2] [INFO] [1775394777.910118319] [navNode]: 状态4：WaitAim--[A2]
1775394777.9108748 [navNode-2] [INFO] [1775394777.910588722] [navNode]: 未到目标点
1775394777.9109545 [navNode-2] 目标位置:(-0.25, 1.25, 1.2)-[A2]-[MCU:False]-[POS:False]
1775394777.9110043 [navNode-2] 当前位置:(0.008599448949098587, 0.020176878198981285, 0.2378787100315094)
1775394777.9609349 [navNode-2] [INFO] [1775394777.960619977] [navNode]: MCU2 send back: Gdoing*
1775394777.9613764 [myMain-1] [INFO] [1775394777.961138237] [Ground]: MCU2 send back: Gdoing*
1775394778.0102973 [navNode-2] [INFO] [1775394778.009917990] [navNode]: 状态4：WaitAim--[A2]
1775394778.0108566 [navNode-2] [INFO] [1775394778.010387821] [navNode]: 未到目标点
1775394778.0109677 [navNode-2] 目标位置:(-0.25, 1.25, 1.2)-[A2]-[MCU:False]-[POS:False]
1775394778.0110226 [navNode-2] 当前位置:(0.008324275724589825, 0.02205023169517517, 0.23954986035823822)
1775394778.0812337 [myMain-1] [INFO] [1775394778.080859894] [Ground]: MCU2 send back: Gdoing*
1775394778.0817027 [navNode-2] [INFO] [1775394778.081530496] [navNode]: MCU2 send back: Gdoing*
1775394778.1104181 [navNode-2] [INFO] [1775394778.109832122] [navNode]: 状态4：WaitAim--[A2]
1775394778.1109214 [navNode-2] [INFO] [1775394778.110416118] [navNode]: 未到目标点
1775394778.1110404 [navNode-2] 目标位置:(-0.25, 1.25, 1.2)-[A2]-[MCU:False]-[POS:False]
1775394778.1110952 [navNode-2] 当前位置:(0.0075255874544382095, 0.022471940144896507, 0.240703284740448)
1775394778.2013686 [myMain-1] [INFO] [1775394778.200956156] [Ground]: MCU2 send back: Gdoing*
1775394778.2017889 [navNode-2] [INFO] [1775394778.201386622] [navNode]: MCU2 send back: Gdoing*
1775394778.2107341 [navNode-2] [INFO] [1775394778.210193520] [navNode]: 状态4：WaitAim--[A2]
1775394778.2111900 [navNode-2] [INFO] [1775394778.210709547] [navNode]: 未到目标点
1775394778.2112703 [navNode-2] 目标位置:(-0.25, 1.25, 1.2)-[A2]-[MCU:False]-[POS:False]
1775394778.2113264 [navNode-2] 当前位置:(0.007277317810803652, 0.02075650356709957, 0.24167698621749878)
1775394778.3104162 [navNode-2] [INFO] [1775394778.309843937] [navNode]: 状态4：WaitAim--[A2]
1775394778.3112125 [navNode-2] [INFO] [1775394778.310387028] [navNode]: 未到目标点
1775394778.3113420 [navNode-2] 目标位置:(-0.25, 1.25, 1.2)-[A2]-[MCU:False]-[POS:False]
1775394778.3114185 [navNode-2] 当前位置:(0.007060221862047911, 0.01971680298447609, 0.24097509682178497)
1775394778.3218503 [navNode-2] [INFO] [1775394778.321394150] [navNode]: MCU2 send back: Gdoing*
1775394778.3223035 [myMain-1] [INFO] [1775394778.321926182] [Ground]: MCU2 send back: Gdoing*
1775394778.4104137 [navNode-2] [INFO] [1775394778.410068992] [navNode]: 状态4：WaitAim--[A2]
1775394778.4110897 [navNode-2] [INFO] [1775394778.410523059] [navNode]: 未到目标点
1775394778.4112313 [navNode-2] 目标位置:(-0.25, 1.25, 1.2)-[A2]-[MCU:False]-[POS:False]
1775394778.4112885 [navNode-2] 当前位置:(0.00831648614257574, 0.02115430310368538, 0.23977161943912506)
1775394778.4413793 [navNode-2] [INFO] [1775394778.441093381] [navNode]: MCU2 send back: Gdoing*
1775394778.4419317 [myMain-1] [INFO] [1775394778.441769497] [Ground]: MCU2 send back: Gdoing*
1775394778.5100846 [navNode-2] [INFO] [1775394778.509712538] [navNode]: 状态4：WaitAim--[A2]
1775394778.5106909 [navNode-2] [INFO] [1775394778.510209980] [navNode]: 未到目标点
1775394778.5107954 [navNode-2] 目标位置:(-0.25, 1.25, 1.2)-[A2]-[MCU:False]-[POS:False]
1775394778.5108430 [navNode-2] 当前位置:(0.008281329646706581, 0.02231665328145027, 0.2403111606836319)
1775394778.5618134 [myMain-1] [INFO] [1775394778.561404454] [Ground]: MCU2 send back: Gdoing*
1775394778.5622048 [navNode-2] [INFO] [1775394778.561488881] [navNode]: MCU2 send back: Gdoing*
1775394778.6102307 [navNode-2] [INFO] [1775394778.609782167] [navNode]: 状态4：WaitAim--[A2]
1775394778.6108832 [navNode-2] [INFO] [1775394778.610297436] [navNode]: 未到目标点
1775394778.6110120 [navNode-2] 目标位置:(-0.25, 1.25, 1.2)-[A2]-[MCU:False]-[POS:False]
1775394778.6110687 [navNode-2] 当前位置:(0.009088151156902313, 0.022745897993445396, 0.24057240784168243)
1775394778.6821070 [myMain-1] [INFO] [1775394778.681753668] [Ground]: MCU2 send back: Gdoing*
1775394778.6826348 [navNode-2] [INFO] [1775394778.682358004] [navNode]: MCU2 send back: Gdoing*
1775394778.7125330 [navNode-2] [INFO] [1775394778.711402011] [navNode]: 状态4：WaitAim--[A2]
1775394778.7128832 [navNode-2] [INFO] [1775394778.712059963] [navNode]: 未到目标点
1775394778.7130077 [navNode-2] 目标位置:(-0.25, 1.25, 1.2)-[A2]-[MCU:False]-[POS:False]
1775394778.7130861 [navNode-2] 当前位置:(0.01101889181882143, 0.022948013618588448, 0.2425980269908905)
1775394778.8025024 [myMain-1] [INFO] [1775394778.802109246] [Ground]: MCU2 send back: Gdoing*
1775394778.8030519 [navNode-2] [INFO] [1775394778.802817193] [navNode]: MCU2 send back: Gdoing*
1775394778.8109553 [navNode-2] [INFO] [1775394778.809934785] [navNode]: 状态4：WaitAim--[A2]
1775394778.8111765 [navNode-2] [INFO] [1775394778.810541137] [navNode]: 未到目标点
1775394778.8112533 [navNode-2] 目标位置:(-0.25, 1.25, 1.2)-[A2]-[MCU:False]-[POS:False]
1775394778.8113058 [navNode-2] 当前位置:(0.010421223007142544, 0.02385168895125389, 0.24238422513008118)
1775394778.9103153 [navNode-2] [INFO] [1775394778.909967857] [navNode]: 状态4：WaitAim--[A2]
1775394778.9109085 [navNode-2] [INFO] [1775394778.910568213] [navNode]: 未到目标点
1775394778.9110355 [navNode-2] 目标位置:(-0.25, 1.25, 1.2)-[A2]-[MCU:False]-[POS:False]
1775394778.9111016 [navNode-2] 当前位置:(0.011256429366767406, 0.024139726534485817, 0.24254445731639862)
1775394778.9230227 [navNode-2] [INFO] [1775394778.922653736] [navNode]: MCU2 send back: Gdoing*
1775394778.9235029 [myMain-1] [INFO] [1775394778.923366667] [Ground]: MCU2 send back: Gdoing*
1775394779.0107751 [navNode-2] [INFO] [1775394779.010357615] [navNode]: 状态4：WaitAim--[A2]
1775394779.0112135 [navNode-2] [INFO] [1775394779.010974306] [navNode]: 未到目标点
1775394779.0113063 [navNode-2] 目标位置:(-0.25, 1.25, 1.2)-[A2]-[MCU:False]-[POS:False]
1775394779.0113599 [navNode-2] 当前位置:(0.01109765749424696, 0.02290598303079605, 0.2427549660205841)
1775394779.0429187 [navNode-2] [INFO] [1775394779.042582130] [navNode]: MCU2 send back: Gdoing*
1775394779.0440481 [myMain-1] [INFO] [1775394779.043828134] [Ground]: MCU2 send back: Gdoing*
1775394779.1101923 [navNode-2] [INFO] [1775394779.109809671] [navNode]: 状态4：WaitAim--[A2]
1775394779.1107163 [navNode-2] [INFO] [1775394779.110407658] [navNode]: 未到目标点
1775394779.1108158 [navNode-2] 目标位置:(-0.25, 1.25, 1.2)-[A2]-[MCU:False]-[POS:False]
1775394779.1108701 [navNode-2] 当前位置:(0.010317737236618996, 0.02356727421283722, 0.2445116639137268)
1775394779.1628921 [navNode-2] [INFO] [1775394779.162471450] [navNode]: MCU2 send back: Gdoing*
1775394779.1635935 [myMain-1] [INFO] [1775394779.163379264] [Ground]: MCU2 send back: Gdoing*
1775394779.2106059 [navNode-2] [INFO] [1775394779.210220543] [navNode]: 状态4：WaitAim--[A2]
1775394779.2117469 [navNode-2] [INFO] [1775394779.211315789] [navNode]: 未到目标点
1775394779.2119594 [navNode-2] 目标位置:(-0.25, 1.25, 1.2)-[A2]-[MCU:False]-[POS:False]
1775394779.2120364 [navNode-2] 当前位置:(0.011241219006478786, 0.024972880259156227, 0.24547921121120453)
1775394779.2832029 [navNode-2] [INFO] [1775394779.282808594] [navNode]: MCU2 send back: Gdoing*
1775394779.2836521 [myMain-1] [INFO] [1775394779.283528379] [Ground]: MCU2 send back: Gdoing*
1775394779.3102689 [navNode-2] [INFO] [1775394779.309932762] [navNode]: 状态4：WaitAim--[A2]
1775394779.3107028 [navNode-2] [INFO] [1775394779.310496120] [navNode]: 未到目标点
1775394779.3107965 [navNode-2] 目标位置:(-0.25, 1.25, 1.2)-[A2]-[MCU:False]-[POS:False]
1775394779.3108456 [navNode-2] 当前位置:(0.011024379171431065, 0.02642536163330078, 0.24730947613716125)
1775394779.4048283 [navNode-2] [INFO] [1775394779.404522470] [navNode]: MCU2 send back: Gdoing*
1775394779.4055538 [myMain-1] [INFO] [1775394779.405365199] [Ground]: MCU2 send back: Gdoing*
1775394779.4107935 [navNode-2] [INFO] [1775394779.410367758] [navNode]: 状态4：WaitAim--[A2]
1775394779.4112206 [navNode-2] [INFO] [1775394779.410945787] [navNode]: 未到目标点
1775394779.4113104 [navNode-2] 目标位置:(-0.25, 1.25, 1.2)-[A2]-[MCU:False]-[POS:False]
1775394779.4113598 [navNode-2] 当前位置:(0.01111867930740118, 0.029056470841169357, 0.25003600120544434)
1775394779.5102975 [navNode-2] [INFO] [1775394779.509976528] [navNode]: 状态4：WaitAim--[A2]
1775394779.5107455 [navNode-2] [INFO] [1775394779.510471216] [navNode]: 未到目标点
1775394779.5108402 [navNode-2] 目标位置:(-0.25, 1.25, 1.2)-[A2]-[MCU:False]-[POS:False]
1775394779.5108912 [navNode-2] 当前位置:(0.00996861420571804, 0.03119247406721115, 0.25325870513916016)
1775394779.5239246 [navNode-2] [INFO] [1775394779.523451926] [navNode]: MCU2 send back: Gdoing*
1775394779.5243204 [myMain-1] [INFO] [1775394779.523711755] [Ground]: MCU2 send back: Gdoing*
1775394779.6101763 [navNode-2] [INFO] [1775394779.609811941] [navNode]: 状态4：WaitAim--[A2]
1775394779.6107690 [navNode-2] [INFO] [1775394779.610575481] [navNode]: 未到目标点
1775394779.6109169 [navNode-2] 目标位置:(-0.25, 1.25, 1.2)-[A2]-[MCU:False]-[POS:False]
1775394779.6109629 [navNode-2] 当前位置:(0.010226459242403507, 0.03298535197973251, 0.25523287057876587)
1775394779.6451132 [navNode-2] [INFO] [1775394779.644765503] [navNode]: MCU2 send back: Gdoing*
1775394779.6455812 [myMain-1] [INFO] [1775394779.645433943] [Ground]: MCU2 send back: Gdoing*
1775394779.7103693 [navNode-2] [INFO] [1775394779.709891297] [navNode]: 状态4：WaitAim--[A2]
1775394779.7107759 [navNode-2] [INFO] [1775394779.710509682] [navNode]: 未到目标点
1775394779.7108507 [navNode-2] 目标位置:(-0.25, 1.25, 1.2)-[A2]-[MCU:False]-[POS:False]
1775394779.7109001 [navNode-2] 当前位置:(0.009027558378875256, 0.034304823726415634, 0.25599953532218933)
1775394779.7652786 [navNode-2] [INFO] [1775394779.764963639] [navNode]: MCU2 send back: Gdoing*
1775394779.7656903 [myMain-1] [INFO] [1775394779.765552827] [Ground]: MCU2 send back: Gdoing*
1775394779.8113332 [navNode-2] [INFO] [1775394779.810748361] [navNode]: 状态4：WaitAim--[A2]
1775394779.8117540 [navNode-2] [INFO] [1775394779.811320843] [navNode]: 未到目标点
1775394779.8119826 [navNode-2] 目标位置:(-0.25, 1.25, 1.2)-[A2]-[MCU:False]-[POS:False]
1775394779.8121581 [navNode-2] 当前位置:(0.007118176203221083, 0.03241891413927078, 0.2508990168571472)
1775394779.8851554 [navNode-2] [INFO] [1775394779.884832805] [navNode]: MCU2 send back: Gdoing*
1775394779.8857505 [myMain-1] [INFO] [1775394779.885557230] [Ground]: MCU2 send back: Gdoing*
1775394779.9129081 [navNode-2] [INFO] [1775394779.912348010] [navNode]: 状态4：WaitAim--[A2]
1775394779.9155734 [navNode-2] [INFO] [1775394779.915149671] [navNode]: 未到目标点
1775394779.9158425 [navNode-2] 目标位置:(-0.25, 1.25, 1.2)-[A2]-[MCU:False]-[POS:False]
1775394779.9159555 [navNode-2] 当前位置:(0.007468335796147585, 0.03266865387558937, 0.24642448127269745)
1775394780.0052774 [navNode-2] [INFO] [1775394780.004897390] [navNode]: MCU2 send back: Gdoing*
1775394780.0058730 [myMain-1] [INFO] [1775394780.005718484] [Ground]: MCU2 send back: Gdoing*
1775394780.0114424 [navNode-2] [INFO] [1775394780.011099785] [navNode]: 状态4：WaitAim--[A2]
1775394780.0118525 [navNode-2] [INFO] [1775394780.011691343] [navNode]: 未到目标点
1775394780.0119686 [navNode-2] 目标位置:(-0.25, 1.25, 1.2)-[A2]-[MCU:False]-[POS:False]
1775394780.0120485 [navNode-2] 当前位置:(0.0073018684051930904, 0.03584722802042961, 0.240548774600029)
1775394780.1102891 [navNode-2] [INFO] [1775394780.109935435] [navNode]: 状态4：WaitAim--[A2]
1775394780.1109588 [navNode-2] [INFO] [1775394780.110475574] [navNode]: 未到目标点
1775394780.1110857 [navNode-2] 目标位置:(-0.25, 1.25, 1.2)-[A2]-[MCU:False]-[POS:False]
1775394780.1112106 [navNode-2] 当前位置:(0.00727397995069623, 0.039927318692207336, 0.23613391816616058)
1775394780.1250827 [myMain-1] [INFO] [1775394780.124739094] [Ground]: MCU2 send back: Gdoing*
1775394780.1254768 [navNode-2] [INFO] [1775394780.124962694] [navNode]: MCU2 send back: Gdoing*
1775394780.2113049 [navNode-2] [INFO] [1775394780.210848349] [navNode]: 状态4：WaitAim--[A2]
1775394780.2117209 [navNode-2] [INFO] [1775394780.211423429] [navNode]: 未到目标点
1775394780.2117939 [navNode-2] 目标位置:(-0.25, 1.25, 1.2)-[A2]-[MCU:False]-[POS:False]
1775394780.2118459 [navNode-2] 当前位置:(0.009049564599990845, 0.04041409492492676, 0.23155468702316284)
1775394780.2448630 [myMain-1] [INFO] [1775394780.244417488] [Ground]: MCU2 send back: Gdoing*
1775394780.2452734 [navNode-2] [INFO] [1775394780.245091449] [navNode]: MCU2 send back: Gdoing*
1775394780.3101404 [navNode-2] [INFO] [1775394780.309833751] [navNode]: 状态4：WaitAim--[A2]
1775394780.3105183 [navNode-2] [INFO] [1775394780.310353606] [navNode]: 未到目标点
1775394780.3105936 [navNode-2] 目标位置:(-0.25, 1.25, 1.2)-[A2]-[MCU:False]-[POS:False]
1775394780.3106422 [navNode-2] 当前位置:(0.009399970062077045, 0.03947381302714348, 0.22459958493709564)
1775394780.3668673 [myMain-1] [INFO] [1775394780.366333904] [Ground]: MCU2 send back: Gdoing*
1775394780.3675175 [navNode-2] [INFO] [1775394780.367365877] [navNode]: MCU2 send back: Gdoing*
1775394780.4103029 [navNode-2] [INFO] [1775394780.409971120] [navNode]: 状态4：WaitAim--[A2]
1775394780.4106989 [navNode-2] [INFO] [1775394780.410512538] [navNode]: 未到目标点
1775394780.4107983 [navNode-2] 目标位置:(-0.25, 1.25, 1.2)-[A2]-[MCU:False]-[POS:False]
1775394780.4108531 [navNode-2] 当前位置:(0.008162101730704308, 0.040076449513435364, 0.21838277578353882)
1775394780.4848335 [myMain-1] [INFO] [1775394780.484461533] [Ground]: MCU2 send back: Gdoing*
1775394780.4857063 [navNode-2] [INFO] [1775394780.485459277] [navNode]: MCU2 send back: Gdoing*
1775394780.5108893 [navNode-2] [INFO] [1775394780.510514272] [navNode]: 状态4：WaitAim--[A2]
1775394780.5113697 [navNode-2] [INFO] [1775394780.511102982] [navNode]: 未到目标点
1775394780.5114491 [navNode-2] 目标位置:(-0.25, 1.25, 1.2)-[A2]-[MCU:False]-[POS:False]
1775394780.5114994 [navNode-2] 当前位置:(0.007517215330153704, 0.039382271468639374, 0.2137647420167923)
1775394780.6053109 [navNode-2] [INFO] [1775394780.604957258] [navNode]: MCU2 send back: Gdoing*
1775394780.6058729 [myMain-1] [INFO] [1775394780.605555043] [Ground]: MCU2 send back: Gdoing*
1775394780.6104896 [navNode-2] [INFO] [1775394780.610097233] [navNode]: 状态4：WaitAim--[A2]
1775394780.6109381 [navNode-2] [INFO] [1775394780.610643373] [navNode]: 未到目标点
1775394780.6110210 [navNode-2] 目标位置:(-0.25, 1.25, 1.2)-[A2]-[MCU:False]-[POS:False]
1775394780.6110699 [navNode-2] 当前位置:(0.005377327091991901, 0.03936021029949188, 0.21155139803886414)
1775394780.7108810 [navNode-2] [INFO] [1775394780.710409913] [navNode]: 状态4：WaitAim--[A2]
1775394780.7114501 [navNode-2] [INFO] [1775394780.711131766] [navNode]: 未到目标点
1775394780.7115414 [navNode-2] 目标位置:(-0.25, 1.25, 1.2)-[A2]-[MCU:False]-[POS:False]
1775394780.7115996 [navNode-2] 当前位置:(0.0032366446685045958, 0.037305787205696106, 0.20889288187026978)
1775394780.7257671 [navNode-2] [INFO] [1775394780.725416945] [navNode]: MCU2 send back: Gdoing*
1775394780.7262552 [myMain-1] [INFO] [1775394780.726091096] [Ground]: MCU2 send back: Gdoing*
1775394780.8103459 [navNode-2] [INFO] [1775394780.809971192] [navNode]: 状态4：WaitAim--[A2]
1775394780.8107686 [navNode-2] [INFO] [1775394780.810473890] [navNode]: 未到目标点
1775394780.8108444 [navNode-2] 目标位置:(-0.25, 1.25, 1.2)-[A2]-[MCU:False]-[POS:False]
1775394780.8109033 [navNode-2] 当前位置:(0.001836845651268959, 0.03568154200911522, 0.20601429045200348)
1775394780.8450735 [navNode-2] [INFO] [1775394780.844771965] [navNode]: MCU2 send back: Gdoing*
1775394780.8454835 [myMain-1] [INFO] [1775394780.845245411] [Ground]: MCU2 send back: Gdoing*
1775394780.9103129 [navNode-2] [INFO] [1775394780.909841509] [navNode]: 状态4：WaitAim--[A2]
1775394780.9107993 [navNode-2] [INFO] [1775394780.910465647] [navNode]: 未到目标点
1775394780.9109166 [navNode-2] 目标位置:(-0.25, 1.25, 1.2)-[A2]-[MCU:False]-[POS:False]
1775394780.9109790 [navNode-2] 当前位置:(0.0019172049360349774, 0.03443951532244682, 0.20453186333179474)
1775394780.9659822 [navNode-2] [INFO] [1775394780.965620032] [navNode]: MCU2 send back: Gdoing*
1775394780.9664690 [myMain-1] [INFO] [1775394780.966250633] [Ground]: MCU2 send back: Gdoing*
1775394781.0108726 [navNode-2] [INFO] [1775394781.010336086] [navNode]: 状态4：WaitAim--[A2]
1775394781.0113702 [navNode-2] [INFO] [1775394781.010988814] [navNode]: 未到目标点
1775394781.0114675 [navNode-2] 目标位置:(-0.25, 1.25, 1.2)-[A2]-[MCU:False]-[POS:False]
1775394781.0115266 [navNode-2] 当前位置:(0.0009981613839045167, 0.03330235183238983, 0.20244820415973663)
1775394781.0863645 [navNode-2] [INFO] [1775394781.086047844] [navNode]: MCU2 send back: Gdoing*
1775394781.0874743 [myMain-1] [INFO] [1775394781.087290677] [Ground]: MCU2 send back: Gdoing*
1775394781.1101677 [navNode-2] [INFO] [1775394781.109821279] [navNode]: 状态4：WaitAim--[A2]
1775394781.1106284 [navNode-2] [INFO] [1775394781.110452717] [navNode]: 未到目标点
1775394781.1107700 [navNode-2] 目标位置:(-0.25, 1.25, 1.2)-[A2]-[MCU:False]-[POS:False]
1775394781.1108565 [navNode-2] 当前位置:(-0.000635084172245115, 0.031068671494722366, 0.20201727747917175)
1775394781.2068801 [myMain-1] [INFO] [1775394781.206402405] [Ground]: MCU2 send back: Gdoing*
1775394781.2073038 [navNode-2] [INFO] [1775394781.206631623] [navNode]: MCU2 send back: Gdoing*
1775394781.2100654 [navNode-2] [INFO] [1775394781.209865745] [navNode]: 状态4：WaitAim--[A2]
1775394781.2104235 [navNode-2] [INFO] [1775394781.210294778] [navNode]: 未到目标点
1775394781.2105289 [navNode-2] 目标位置:(-0.25, 1.25, 1.2)-[A2]-[MCU:False]-[POS:False]
1775394781.2105885 [navNode-2] 当前位置:(-0.0033572139218449593, 0.02852928452193737, 0.20250388979911804)
1775394781.3109086 [navNode-2] [INFO] [1775394781.310046488] [navNode]: 状态4：WaitAim--[A2]
1775394781.3111463 [navNode-2] [INFO] [1775394781.310486684] [navNode]: 未到目标点
1775394781.3112328 [navNode-2] 目标位置:(-0.25, 1.25, 1.2)-[A2]-[MCU:False]-[POS:False]
1775394781.3112755 [navNode-2] 当前位置:(-0.00619878713041544, 0.023728907108306885, 0.20623256266117096)
1775394781.3261993 [navNode-2] [INFO] [1775394781.325918159] [navNode]: MCU2 send back: Gdoing*
1775394781.3265157 [myMain-1] [INFO] [1775394781.326024073] [Ground]: MCU2 send back: Gdoing*
1775394781.4116309 [navNode-2] [INFO] [1775394781.410731480] [navNode]: 状态4：WaitAim--[A2]
1775394781.4118485 [navNode-2] [INFO] [1775394781.411219684] [navNode]: 未到目标点
1775394781.4119146 [navNode-2] 目标位置:(-0.25, 1.25, 1.2)-[A2]-[MCU:False]-[POS:False]
1775394781.4119556 [navNode-2] 当前位置:(-0.008358090184628963, 0.019186777994036674, 0.21248599886894226)
1775394781.4481061 [myMain-1] [INFO] [1775394781.447444221] [Ground]: MCU2 send back: Gdoing*
1775394781.4490142 [navNode-2] [INFO] [1775394781.448344141] [navNode]: MCU2 send back: Gdoing*
1775394781.5107780 [navNode-2] [INFO] [1775394781.509823529] [navNode]: 状态4：WaitAim--[A2]
1775394781.5110312 [navNode-2] [INFO] [1775394781.510396494] [navNode]: 未到目标点
1775394781.5111079 [navNode-2] 目标位置:(-0.25, 1.25, 1.2)-[A2]-[MCU:False]-[POS:False]
1775394781.5111539 [navNode-2] 当前位置:(-0.009948082268238068, 0.01628444343805313, 0.22218994796276093)
1775394781.5678291 [myMain-1] [INFO] [1775394781.567506727] [Ground]: MCU2 send back: Gdoing*
1775394781.5682657 [navNode-2] [INFO] [1775394781.568061153] [navNode]: MCU2 send back: Gdoing*
1775394781.6109331 [navNode-2] [INFO] [1775394781.610000781] [navNode]: 状态4：WaitAim--[A2]
1775394781.6112025 [navNode-2] [INFO] [1775394781.610495379] [navNode]: 未到目标点
1775394781.6112630 [navNode-2] 目标位置:(-0.25, 1.25, 1.2)-[A2]-[MCU:False]-[POS:False]
1775394781.6113086 [navNode-2] 当前位置:(-0.010067086666822433, 0.014197302982211113, 0.23330073058605194)
1775394781.6873050 [myMain-1] [INFO] [1775394781.686853506] [Ground]: MCU2 send back: Gdoing*
1775394781.6876345 [navNode-2] [INFO] [1775394781.686887403] [navNode]: MCU2 send back: Gdoing*
1775394781.7116992 [navNode-2] [INFO] [1775394781.710875582] [navNode]: 状态4：WaitAim--[A2]
1775394781.7119522 [navNode-2] [INFO] [1775394781.711344299] [navNode]: 未到目标点
1775394781.7120283 [navNode-2] 目标位置:(-0.25, 1.25, 1.2)-[A2]-[MCU:False]-[POS:False]
1775394781.7120843 [navNode-2] 当前位置:(-0.005750921089202166, 0.014132015407085419, 0.2457331418991089)
1775394781.8090935 [navNode-2] [INFO] [1775394781.808690015] [navNode]: MCU2 send back: Gdoing*
1775394781.8095927 [myMain-1] [INFO] [1775394781.809251664] [Ground]: MCU2 send back: Gdoing*
1775394781.8108256 [navNode-2] [INFO] [1775394781.810623643] [navNode]: 状态4：WaitAim--[A2]
1775394781.8112569 [navNode-2] [INFO] [1775394781.811148397] [navNode]: 未到目标点
1775394781.8113465 [navNode-2] 目标位置:(-0.25, 1.25, 1.2)-[A2]-[MCU:False]-[POS:False]
1775394781.8113964 [navNode-2] 当前位置:(0.0011186284245923162, 0.016719818115234375, 0.2621224820613861)
1775394781.9106386 [navNode-2] [INFO] [1775394781.910097125] [navNode]: 状态4：WaitAim--[A2]
1775394781.9112065 [navNode-2] [INFO] [1775394781.910569942] [navNode]: 未到目标点
1775394781.9113371 [navNode-2] 目标位置:(-0.25, 1.25, 1.2)-[A2]-[MCU:False]-[POS:False]
1775394781.9113965 [navNode-2] 当前位置:(0.004947435110807419, 0.018133610486984253, 0.27544668316841125)
1775394781.9276903 [navNode-2] [INFO] [1775394781.927356237] [navNode]: MCU2 send back: Gdoing*
1775394781.9281807 [myMain-1] [INFO] [1775394781.928007631] [Ground]: MCU2 send back: Gdoing*
1775394782.0101917 [navNode-2] [INFO] [1775394782.009871556] [navNode]: 状态4：WaitAim--[A2]
1775394782.0106399 [navNode-2] [INFO] [1775394782.010426096] [navNode]: 未到目标点
1775394782.0108063 [navNode-2] 目标位置:(-0.25, 1.25, 1.2)-[A2]-[MCU:False]-[POS:False]
1775394782.0108714 [navNode-2] 当前位置:(0.00867951288819313, 0.01540671568363905, 0.2883511781692505)
1775394782.0482438 [myMain-1] [INFO] [1775394782.047891169] [Ground]: MCU2 send back: Gdoing*
1775394782.0487232 [navNode-2] [INFO] [1775394782.048131572] [navNode]: MCU2 send back: Gdoing*
1775394782.1109676 [navNode-2] [INFO] [1775394782.110622023] [navNode]: 状态4：WaitAim--[A2]
1775394782.1113956 [navNode-2] [INFO] [1775394782.111189965] [navNode]: 未到目标点
1775394782.1114788 [navNode-2] 目标位置:(-0.25, 1.25, 1.2)-[A2]-[MCU:False]-[POS:False]
1775394782.1115277 [navNode-2] 当前位置:(0.005748151335865259, 0.00981499720364809, 0.29920458793640137)
1775394782.1681285 [navNode-2] [INFO] [1775394782.167655886] [navNode]: MCU2 send back: Gdoing*
1775394782.1685443 [myMain-1] [INFO] [1775394782.167658087] [Ground]: MCU2 send back: Gdoing*
1775394782.2113798 [navNode-2] [INFO] [1775394782.211016738] [navNode]: 状态4：WaitAim--[A2]
1775394782.2119606 [navNode-2] [INFO] [1775394782.211696481] [navNode]: 未到目标点
1775394782.2120795 [navNode-2] 目标位置:(-0.25, 1.25, 1.2)-[A2]-[MCU:False]-[POS:False]
1775394782.2121525 [navNode-2] 当前位置:(0.0016777027631178498, 0.0010172630427405238, 0.30905577540397644)
1775394782.2882335 [myMain-1] [INFO] [1775394782.287902551] [Ground]: MCU2 send back: Gdoing*
1775394782.2886677 [navNode-2] [INFO] [1775394782.288517689] [navNode]: MCU2 send back: Gdoing*
1775394782.3104546 [navNode-2] [INFO] [1775394782.310126480] [navNode]: 状态4：WaitAim--[A2]
1775394782.3109407 [navNode-2] [INFO] [1775394782.310634481] [navNode]: 未到目标点
1775394782.3110402 [navNode-2] 目标位置:(-0.25, 1.25, 1.2)-[A2]-[MCU:False]-[POS:False]
1775394782.3110912 [navNode-2] 当前位置:(0.0015518564032390714, -0.0018069930374622345, 0.32204470038414)
1775394782.4099925 [navNode-2] [INFO] [1775394782.409597425] [navNode]: MCU2 send back: Gdoing*
1775394782.4105198 [myMain-1] [INFO] [1775394782.410223305] [Ground]: MCU2 send back: Gdoing*
1775394782.4125323 [navNode-2] [INFO] [1775394782.412020320] [navNode]: 状态4：WaitAim--[A2]
1775394782.4130998 [navNode-2] [INFO] [1775394782.412787538] [navNode]: 未到目标点
1775394782.4132206 [navNode-2] 目标位置:(-0.25, 1.25, 1.2)-[A2]-[MCU:False]-[POS:False]
1775394782.4132984 [navNode-2] 当前位置:(0.00486281281337142, -0.0008568791090510786, 0.33539730310440063)
1775394782.5101156 [navNode-2] [INFO] [1775394782.509817298] [navNode]: 状态4：WaitAim--[A2]
1775394782.5105021 [navNode-2] [INFO] [1775394782.510231526] [navNode]: 未到目标点
1775394782.5105884 [navNode-2] 目标位置:(-0.25, 1.25, 1.2)-[A2]-[MCU:False]-[POS:False]
1775394782.5106392 [navNode-2] 当前位置:(0.00713613023981452, 0.004959496203809977, 0.349813312292099)
1775394782.5297174 [myMain-1] [INFO] [1775394782.529242194] [Ground]: MCU2 send back: Gdoing*
1775394782.5300667 [navNode-2] [INFO] [1775394782.529735402] [navNode]: MCU2 send back: Gdoing*
1775394782.6100116 [navNode-2] [INFO] [1775394782.609700413] [navNode]: 状态4：WaitAim--[A2]
1775394782.6103966 [navNode-2] [INFO] [1775394782.610175633] [navNode]: 未到目标点
1775394782.6104746 [navNode-2] 目标位置:(-0.25, 1.25, 1.2)-[A2]-[MCU:False]-[POS:False]
1775394782.6105189 [navNode-2] 当前位置:(0.007908470928668976, 0.013691384345293045, 0.3628581166267395)
1775394782.6490047 [navNode-2] [INFO] [1775394782.648707452] [navNode]: MCU2 send back: Gdoing*
1775394782.6493878 [myMain-1] [INFO] [1775394782.649229565] [Ground]: MCU2 send back: Gdoing*
1775394782.7099452 [navNode-2] [INFO] [1775394782.709632423] [navNode]: 状态4：WaitAim--[A2]
1775394782.7106457 [navNode-2] [INFO] [1775394782.710437942] [navNode]: 未到目标点
1775394782.7108228 [navNode-2] 目标位置:(-0.25, 1.25, 1.2)-[A2]-[MCU:False]-[POS:False]
1775394782.7108743 [navNode-2] 当前位置:(0.006922467146068811, 0.015905920416116714, 0.37260448932647705)
1775394782.7695663 [myMain-1] [INFO] [1775394782.769237821] [Ground]: MCU2 send back: Gdoing*
1775394782.7700007 [navNode-2] [INFO] [1775394782.769390196] [navNode]: MCU2 send back: Gdoing*
1775394782.8110569 [navNode-2] [INFO] [1775394782.810131007] [navNode]: 状态4：WaitAim--[A2]
1775394782.8112471 [navNode-2] [INFO] [1775394782.810709423] [navNode]: 未到目标点
1775394782.8113034 [navNode-2] 目标位置:(-0.25, 1.25, 1.2)-[A2]-[MCU:False]-[POS:False]
1775394782.8113523 [navNode-2] 当前位置:(0.004307278897613287, 0.012953045777976513, 0.38099250197410583)
1775394782.8893702 [myMain-1] [INFO] [1775394782.889028063] [Ground]: MCU2 send back: Gdoing*
1775394782.8897283 [navNode-2] [INFO] [1775394782.889142223] [navNode]: MCU2 send back: Gdoing*
1775394782.9112968 [navNode-2] [INFO] [1775394782.910817061] [navNode]: 状态4：WaitAim--[A2]
1775394782.9117825 [navNode-2] [INFO] [1775394782.911350936] [navNode]: 未到目标点
1775394782.9119170 [navNode-2] 目标位置:(-0.25, 1.25, 1.2)-[A2]-[MCU:False]-[POS:False]
1775394782.9119861 [navNode-2] 当前位置:(0.0021101555321365595, 0.00991353951394558, 0.38858553767204285)
1775394783.0097313 [myMain-1] [INFO] [1775394783.009409476] [Ground]: MCU2 send back: Gdoing*
1775394783.0109689 [navNode-2] [INFO] [1775394783.010774380] [navNode]: MCU2 send back: Gdoing*
1775394783.0121021 [navNode-2] [INFO] [1775394783.011962662] [navNode]: 状态4：WaitAim--[A2]
1775394783.0125074 [navNode-2] [INFO] [1775394783.012425117] [navNode]: 未到目标点
1775394783.0125928 [navNode-2] 目标位置:(-0.25, 1.25, 1.2)-[A2]-[MCU:False]-[POS:False]
1775394783.0126414 [navNode-2] 当前位置:(-0.0008020728128030896, 0.012669521383941174, 0.3964264690876007)
1775394783.1108496 [navNode-2] [INFO] [1775394783.110478978] [navNode]: 状态4：WaitAim--[A2]
1775394783.1113091 [navNode-2] [INFO] [1775394783.111034613] [navNode]: 未到目标点
1775394783.1114483 [navNode-2] 目标位置:(-0.25, 1.25, 1.2)-[A2]-[MCU:False]-[POS:False]
1775394783.1115160 [navNode-2] 当前位置:(-0.0035127177834510803, 0.019181177020072937, 0.402934193611145)
1775394783.1295941 [myMain-1] [INFO] [1775394783.129215382] [Ground]: MCU2 send back: Gdoing*
1775394783.1299920 [navNode-2] [INFO] [1775394783.129409906] [navNode]: MCU2 send back: Gdoing*
1775394783.2109840 [navNode-2] [INFO] [1775394783.210617299] [navNode]: 状态4：WaitAim--[A2]
1775394783.2114489 [navNode-2] [INFO] [1775394783.211201910] [navNode]: 未到目标点
1775394783.2115686 [navNode-2] 目标位置:(-0.25, 1.25, 1.2)-[A2]-[MCU:False]-[POS:False]
1775394783.2116845 [navNode-2] 当前位置:(-0.0021101657766848803, 0.023854698985815048, 0.40904301404953003)
1775394783.2522230 [myMain-1] [INFO] [1775394783.251858423] [Ground]: MCU2 send back: Gdoing*
1775394783.2526603 [navNode-2] [INFO] [1775394783.252263668] [navNode]: MCU2 send back: Gdoing*
1775394783.3103292 [navNode-2] [INFO] [1775394783.310030133] [navNode]: 状态4：WaitAim--[A2]
1775394783.3107946 [navNode-2] [INFO] [1775394783.310527750] [navNode]: 未到目标点
1775394783.3108838 [navNode-2] 目标位置:(-0.25, 1.25, 1.2)-[A2]-[MCU:False]-[POS:False]
1775394783.3109341 [navNode-2] 当前位置:(-0.0027094711549580097, 0.027376554906368256, 0.41313526034355164)
1775394783.3704832 [myMain-1] [INFO] [1775394783.370168250] [Ground]: MCU2 send back: Gdoing*
1775394783.3708963 [navNode-2] [INFO] [1775394783.370506047] [navNode]: MCU2 send back: Gdoing*
1775394783.4106820 [navNode-2] [INFO] [1775394783.410332318] [navNode]: 状态4：WaitAim--[A2]
1775394783.4110873 [navNode-2] [INFO] [1775394783.410867277] [navNode]: 未到目标点
1775394783.4111645 [navNode-2] 目标位置:(-0.25, 1.25, 1.2)-[A2]-[MCU:False]-[POS:False]
1775394783.4112153 [navNode-2] 当前位置:(-0.002007917268201709, 0.027740122750401497, 0.4167601764202118)
1775394783.4903545 [myMain-1] [INFO] [1775394783.490030439] [Ground]: MCU2 send back: Gdoing*
1775394783.4907668 [navNode-2] [INFO] [1775394783.490398162] [navNode]: MCU2 send back: Gdoing*
1775394783.5114825 [navNode-2] [INFO] [1775394783.511032133] [navNode]: 状态4：WaitAim--[A2]
1775394783.5118897 [navNode-2] [INFO] [1775394783.511624308] [navNode]: 未到目标点
1775394783.5119977 [navNode-2] 目标位置:(-0.25, 1.25, 1.2)-[A2]-[MCU:False]-[POS:False]
1775394783.5120652 [navNode-2] 当前位置:(-0.0010698523838073015, 0.026176173239946365, 0.4189826548099518)
1775394783.6121900 [navNode-2] [INFO] [1775394783.611752841] [navNode]: 状态4：WaitAim--[A2]
1775394783.6125968 [myMain-1] [INFO] [1775394783.612091514] [Ground]: MCU2 send back: Gdoing*
1775394783.6127777 [navNode-2] [INFO] [1775394783.612665757] [navNode]: 未到目标点
1775394783.6128552 [navNode-2] 目标位置:(-0.25, 1.25, 1.2)-[A2]-[MCU:False]-[POS:False]
1775394783.6129024 [navNode-2] 当前位置:(-0.000564144691452384, 0.027910679578781128, 0.41925686597824097)
1775394783.6144571 [navNode-2] [INFO] [1775394783.614118815] [navNode]: MCU2 send back: Gdoing*
1775394783.7109189 [navNode-2] [INFO] [1775394783.710598989] [navNode]: 状态4：WaitAim--[A2]
1775394783.7119038 [navNode-2] [INFO] [1775394783.711724570] [navNode]: 未到目标点
1775394783.7121072 [navNode-2] 目标位置:(-0.25, 1.25, 1.2)-[A2]-[MCU:False]-[POS:False]
1775394783.7121873 [navNode-2] 当前位置:(-0.0010381046449765563, 0.03186045214533806, 0.41756752133369446)
1775394783.7306128 [myMain-1] [INFO] [1775394783.730316019] [Ground]: MCU2 send back: Gdoing*
1775394783.7314475 [navNode-2] [INFO] [1775394783.731276401] [navNode]: MCU2 send back: Gdoing*
1775394783.8102772 [navNode-2] [INFO] [1775394783.809937761] [navNode]: 状态4：WaitAim--[A2]
1775394783.8107417 [navNode-2] [INFO] [1775394783.810422479] [navNode]: 未到目标点
1775394783.8108439 [navNode-2] 目标位置:(-0.25, 1.25, 1.2)-[A2]-[MCU:False]-[POS:False]
1775394783.8108964 [navNode-2] 当前位置:(-0.001842772588133812, 0.032377008348703384, 0.41617918014526367)
1775394783.8509824 [myMain-1] [INFO] [1775394783.850596155] [Ground]: MCU2 send back: Gdoing*
1775394783.8514130 [navNode-2] [INFO] [1775394783.851207389] [navNode]: MCU2 send back: Gdoing*
1775394783.9101570 [navNode-2] [INFO] [1775394783.909832944] [navNode]: 状态4：WaitAim--[A2]
1775394783.9105654 [navNode-2] [INFO] [1775394783.910326830] [navNode]: 未到目标点
1775394783.9106879 [navNode-2] 目标位置:(-0.25, 1.25, 1.2)-[A2]-[MCU:False]-[POS:False]
1775394783.9107504 [navNode-2] 当前位置:(-0.004675910342484713, 0.0312476959079504, 0.4101307690143585)
1775394783.9713326 [myMain-1] [INFO] [1775394783.970939231] [Ground]: MCU2 send back: Gdoing*
1775394783.9717333 [navNode-2] [INFO] [1775394783.971409689] [navNode]: MCU2 send back: Gdoing*
1775394784.0107021 [navNode-2] [INFO] [1775394784.010351527] [navNode]: 状态4：WaitAim--[A2]
1775394784.0112071 [navNode-2] [INFO] [1775394784.010878643] [navNode]: 未到目标点
1775394784.0113060 [navNode-2] 目标位置:(-0.25, 1.25, 1.2)-[A2]-[MCU:False]-[POS:False]
1775394784.0113680 [navNode-2] 当前位置:(-0.008069182746112347, 0.029041044414043427, 0.40297627449035645)
1775394784.0922093 [myMain-1] [INFO] [1775394784.091839467] [Ground]: MCU2 send back: Gdoing*
1775394784.0926533 [navNode-2] [INFO] [1775394784.092307080] [navNode]: MCU2 send back: Gdoing*
1775394784.1107881 [navNode-2] [INFO] [1775394784.110426508] [navNode]: 状态4：WaitAim--[A2]
1775394784.1111906 [navNode-2] [INFO] [1775394784.110971082] [navNode]: 未到目标点
1775394784.1112618 [navNode-2] 目标位置:(-0.25, 1.25, 1.2)-[A2]-[MCU:False]-[POS:False]
1775394784.1113117 [navNode-2] 当前位置:(-0.014885890297591686, 0.02898014709353447, 0.39676985144615173)
1775394784.2108381 [navNode-2] [INFO] [1775394784.210405433] [navNode]: 状态4：WaitAim--[A2]
1775394784.2113709 [navNode-2] [INFO] [1775394784.211066166] [navNode]: 未到目标点
1775394784.2115479 [navNode-2] 目标位置:(-0.25, 1.25, 1.2)-[A2]-[MCU:False]-[POS:False]
1775394784.2116361 [navNode-2] 当前位置:(-0.022517383098602295, 0.030294643715023994, 0.39009401202201843)
1775394784.2119553 [myMain-1] [INFO] [1775394784.211208498] [Ground]: MCU2 send back: Gdoing*
1775394784.2133794 [navNode-2] [INFO] [1775394784.213134477] [navNode]: MCU2 send back: Gdoing*
1775394784.3105605 [navNode-2] [INFO] [1775394784.310140990] [navNode]: 状态4：WaitAim--[A2]
1775394784.3110385 [navNode-2] [INFO] [1775394784.310656051] [navNode]: 未到目标点
1775394784.3111632 [navNode-2] 目标位置:(-0.25, 1.25, 1.2)-[A2]-[MCU:False]-[POS:False]
1775394784.3112273 [navNode-2] 当前位置:(-0.029723957180976868, 0.030273983255028725, 0.37877222895622253)
1775394784.3320296 [myMain-1] [INFO] [1775394784.331678385] [Ground]: MCU2 send back: Gdoing*
1775394784.3324203 [navNode-2] [INFO] [1775394784.331692206] [navNode]: MCU2 send back: Gdoing*
1775394784.4104223 [navNode-2] [INFO] [1775394784.410086681] [navNode]: 状态4：WaitAim--[A2]
1775394784.4109221 [navNode-2] [INFO] [1775394784.410691922] [navNode]: 未到目标点
1775394784.4110172 [navNode-2] 目标位置:(-0.25, 1.25, 1.2)-[A2]-[MCU:False]-[POS:False]
1775394784.4110787 [navNode-2] 当前位置:(-0.03748181089758873, 0.029012346640229225, 0.3652708828449249)
1775394784.4525015 [navNode-2] [INFO] [1775394784.452189501] [navNode]: MCU2 send back: Gdoing*
1775394784.4528918 [myMain-1] [INFO] [1775394784.452361129] [Ground]: MCU2 send back: Gdoing*
1775394784.5103498 [navNode-2] [INFO] [1775394784.509833299] [navNode]: 状态4：WaitAim--[A2]
1775394784.5111098 [navNode-2] [INFO] [1775394784.510361689] [navNode]: 未到目标点
1775394784.5112021 [navNode-2] 目标位置:(-0.25, 1.25, 1.2)-[A2]-[MCU:False]-[POS:False]
1775394784.5112572 [navNode-2] 当前位置:(-0.042428623884916306, 0.0229769479483366, 0.34826746582984924)
1775394784.5732110 [navNode-2] [INFO] [1775394784.572744837] [navNode]: MCU2 send back: Gdoing*
1775394784.5794702 [myMain-1] [INFO] [1775394784.578927831] [Ground]: MCU2 send back: Gdoing*
1775394784.6105232 [navNode-2] [INFO] [1775394784.609989192] [navNode]: 状态4：WaitAim--[A2]
1775394784.6112268 [navNode-2] [INFO] [1775394784.610546563] [navNode]: 未到目标点
1775394784.6113470 [navNode-2] 目标位置:(-0.25, 1.25, 1.2)-[A2]-[MCU:False]-[POS:False]
1775394784.6113949 [navNode-2] 当前位置:(-0.04623480513691902, 0.020762287080287933, 0.3298806846141815)
1775394784.6925461 [navNode-2] [INFO] [1775394784.692250788] [navNode]: MCU2 send back: Gdoing*
1775394784.6929207 [myMain-1] [INFO] [1775394784.692494773] [Ground]: MCU2 send back: Gdoing*
1775394784.7125323 [navNode-2] [INFO] [1775394784.710495611] [navNode]: 状态4：WaitAim--[A2]
1775394784.7128685 [navNode-2] [INFO] [1775394784.711357473] [navNode]: 未到目标点
1775394784.7129512 [navNode-2] 目标位置:(-0.25, 1.25, 1.2)-[A2]-[MCU:False]-[POS:False]
1775394784.7130136 [navNode-2] 当前位置:(-0.05091516301035881, 0.023408781737089157, 0.31328195333480835)
1775394784.8102412 [navNode-2] [INFO] [1775394784.809897031] [navNode]: 状态4：WaitAim--[A2]
1775394784.8112147 [navNode-2] [INFO] [1775394784.810954986] [navNode]: 未到目标点
1775394784.8114336 [navNode-2] 目标位置:(-0.25, 1.25, 1.2)-[A2]-[MCU:False]-[POS:False]
1775394784.8117826 [navNode-2] 当前位置:(-0.05336540564894676, 0.024583758786320686, 0.29805663228034973)
1775394784.8125310 [navNode-2] [INFO] [1775394784.812294599] [navNode]: MCU2 send back: Gdoing*
1775394784.8142016 [myMain-1] [INFO] [1775394784.813831854] [Ground]: MCU2 send back: Gdoing*
1775394784.9101377 [navNode-2] [INFO] [1775394784.909789169] [navNode]: 状态4：WaitAim--[A2]
1775394784.9108644 [navNode-2] [INFO] [1775394784.910653278] [navNode]: 未到目标点
1775394784.9109962 [navNode-2] 目标位置:(-0.25, 1.25, 1.2)-[A2]-[MCU:False]-[POS:False]
1775394784.9110763 [navNode-2] 当前位置:(-0.05394894257187843, 0.02309916540980339, 0.285237580537796)
1775394784.9329672 [navNode-2] [INFO] [1775394784.932581079] [navNode]: MCU2 send back: Gdoing*
1775394784.9332974 [myMain-1] [INFO] [1775394784.932607606] [Ground]: MCU2 send back: Gdoing*
1775394785.0106101 [navNode-2] [INFO] [1775394785.010245653] [navNode]: 状态4：WaitAim--[A2]
1775394785.0111544 [navNode-2] [INFO] [1775394785.010929779] [navNode]: 未到目标点
1775394785.0112681 [navNode-2] 目标位置:(-0.25, 1.25, 1.2)-[A2]-[MCU:False]-[POS:False]
1775394785.0113266 [navNode-2] 当前位置:(-0.05749984830617905, 0.028321826830506325, 0.27618151903152466)
1775394785.0532548 [myMain-1] [INFO] [1775394785.052719986] [Ground]: MCU2 send back: Gdoing*
1775394785.0536621 [navNode-2] [INFO] [1775394785.052766123] [navNode]: MCU2 send back: Gdoing*
1775394785.1101971 [navNode-2] [INFO] [1775394785.109871014] [navNode]: 状态4：WaitAim--[A2]
1775394785.1106400 [navNode-2] [INFO] [1775394785.110397038] [navNode]: 未到目标点
1775394785.1107652 [navNode-2] 目标位置:(-0.25, 1.25, 1.2)-[A2]-[MCU:False]-[POS:False]
1775394785.1108217 [navNode-2] 当前位置:(-0.06082873418927193, 0.03381792828440666, 0.26658204197883606)
1775394785.1745231 [navNode-2] [INFO] [1775394785.174192241] [navNode]: MCU2 send back: Gdoing*
1775394785.1749277 [myMain-1] [INFO] [1775394785.174356644] [Ground]: MCU2 send back: Gdoing*
1775394785.2109454 [navNode-2] [INFO] [1775394785.210430125] [navNode]: 状态4：WaitAim--[A2]
1775394785.2114244 [navNode-2] [INFO] [1775394785.211053744] [navNode]: 未到目标点
1775394785.2115431 [navNode-2] 目标位置:(-0.25, 1.25, 1.2)-[A2]-[MCU:False]-[POS:False]
1775394785.2116106 [navNode-2] 当前位置:(-0.06039021536707878, 0.033934541046619415, 0.2560961842536926)
1775394785.2957482 [navNode-2] [INFO] [1775394785.295400923] [navNode]: MCU2 send back: Gdoing*
1775394785.2987366 [myMain-1] [INFO] [1775394785.298045524] [Ground]: MCU2 send back: Gdoing*
1775394785.3102329 [navNode-2] [INFO] [1775394785.309895905] [navNode]: 状态4：WaitAim--[A2]
1775394785.3106928 [navNode-2] [INFO] [1775394785.310480324] [navNode]: 未到目标点
1775394785.3108153 [navNode-2] 目标位置:(-0.25, 1.25, 1.2)-[A2]-[MCU:False]-[POS:False]
1775394785.3108768 [navNode-2] 当前位置:(-0.06103184074163437, 0.034028053283691406, 0.24363887310028076)
1775394785.4102974 [navNode-2] [INFO] [1775394785.409772428] [navNode]: 状态4：WaitAim--[A2]
1775394785.4111998 [navNode-2] [INFO] [1775394785.410247482] [navNode]: 未到目标点
1775394785.4113674 [navNode-2] 目标位置:(-0.25, 1.25, 1.2)-[A2]-[MCU:False]-[POS:False]
1775394785.4114566 [navNode-2] 当前位置:(-0.061734627932310104, 0.03567709028720856, 0.23203478753566742)
1775394785.4150670 [myMain-1] [INFO] [1775394785.414095631] [Ground]: MCU2 send back: Gdoing*
1775394785.4168432 [navNode-2] [INFO] [1775394785.416525708] [navNode]: MCU2 send back: Gdoing*
1775394785.5104923 [navNode-2] [INFO] [1775394785.509743078] [navNode]: 状态4：WaitAim--[A2]
1775394785.5107610 [navNode-2] [INFO] [1775394785.510140522] [navNode]: 未到目标点
1775394785.5108411 [navNode-2] 目标位置:(-0.25, 1.25, 1.2)-[A2]-[MCU:False]-[POS:False]
1775394785.5108805 [navNode-2] 当前位置:(-0.060225460678339005, 0.03438025340437889, 0.21897774934768677)
1775394785.5351288 [navNode-2] [INFO] [1775394785.534716481] [navNode]: MCU2 send back: Gdoing*
1775394785.5354178 [myMain-1] [INFO] [1775394785.534762701] [Ground]: MCU2 send back: Gdoing*
1775394785.6109908 [navNode-2] [INFO] [1775394785.610084955] [navNode]: 状态4：WaitAim--[A2]
1775394785.6112444 [navNode-2] [INFO] [1775394785.610614511] [navNode]: 未到目标点
1775394785.6113172 [navNode-2] 目标位置:(-0.25, 1.25, 1.2)-[A2]-[MCU:False]-[POS:False]
1775394785.6113722 [navNode-2] 当前位置:(-0.05876912921667099, 0.03277284651994705, 0.20661620795726776)
1775394785.6546392 [myMain-1] [INFO] [1775394785.654135646] [Ground]: MCU2 send back: Gdoing*
1775394785.6551111 [navNode-2] [INFO] [1775394785.654689601] [navNode]: MCU2 send back: Gdoing*
1775394785.7102003 [navNode-2] [INFO] [1775394785.709852920] [navNode]: 状态4：WaitAim--[A2]
1775394785.7105961 [navNode-2] [INFO] [1775394785.710346088] [navNode]: 未到目标点
1775394785.7106988 [navNode-2] 目标位置:(-0.25, 1.25, 1.2)-[A2]-[MCU:False]-[POS:False]
1775394785.7107487 [navNode-2] 当前位置:(-0.058810070157051086, 0.03447331115603447, 0.19588221609592438)
1775394785.7745781 [myMain-1] [INFO] [1775394785.774160461] [Ground]: MCU2 send back: Gdoing*
1775394785.7762227 [navNode-2] [INFO] [1775394785.775892288] [navNode]: MCU2 send back: Gdoing*
1775394785.8103755 [navNode-2] [INFO] [1775394785.810036207] [navNode]: 状态4：WaitAim--[A2]
1775394785.8108473 [navNode-2] [INFO] [1775394785.810555915] [navNode]: 未到目标点
1775394785.8109360 [navNode-2] 目标位置:(-0.25, 1.25, 1.2)-[A2]-[MCU:False]-[POS:False]
1775394785.8109856 [navNode-2] 当前位置:(-0.06139964237809181, 0.037475764751434326, 0.1826769858598709)
1775394785.8955302 [myMain-1] [INFO] [1775394785.895028078] [Ground]: MCU2 send back: Gdoing*
1775394785.8989224 [navNode-2] [INFO] [1775394785.897863436] [navNode]: MCU2 send back: Gdoing*
1775394785.9105299 [navNode-2] [INFO] [1775394785.910167509] [navNode]: 状态4：WaitAim--[A2]
1775394785.9111564 [navNode-2] [INFO] [1775394785.910799706] [navNode]: 未到目标点
1775394785.9112899 [navNode-2] 目标位置:(-0.25, 1.25, 1.2)-[A2]-[MCU:False]-[POS:False]
1775394785.9113452 [navNode-2] 当前位置:(-0.06488730758428574, 0.03964918479323387, 0.16665060818195343)
1775394786.0105386 [navNode-2] [INFO] [1775394786.010023458] [navNode]: 状态4：WaitAim--[A2]
1775394786.0109763 [navNode-2] [INFO] [1775394786.010495268] [navNode]: 未到目标点
1775394786.0110538 [navNode-2] 目标位置:(-0.25, 1.25, 1.2)-[A2]-[MCU:False]-[POS:False]
1775394786.0110972 [navNode-2] 当前位置:(-0.06812918931245804, 0.038097083568573, 0.1459086835384369)
1775394786.0179820 [navNode-2] [INFO] [1775394786.017442972] [navNode]: MCU2 send back: Gdoing*
1775394786.0184252 [myMain-1] [INFO] [1775394786.017498388] [Ground]: MCU2 send back: Gdoing*
1775394786.1099951 [navNode-2] [INFO] [1775394786.109577354] [navNode]: 状态4：WaitAim--[A2]
1775394786.1104226 [navNode-2] [INFO] [1775394786.110317031] [navNode]: 未到目标点
1775394786.1105032 [navNode-2] 目标位置:(-0.25, 1.25, 1.2)-[A2]-[MCU:False]-[POS:False]
1775394786.1105444 [navNode-2] 当前位置:(-0.06806016713380814, 0.03208622708916664, 0.12012816965579987)
1775394786.1360626 [myMain-1] [INFO] [1775394786.135740115] [Ground]: MCU2 send back: Gdoing*
1775394786.1363728 [navNode-2] [INFO] [1775394786.136182835] [navNode]: MCU2 send back: Gdoing*
1775394786.2105539 [navNode-2] [INFO] [1775394786.210148092] [navNode]: 状态4：WaitAim--[A2]
1775394786.2110860 [navNode-2] [INFO] [1775394786.210811680] [navNode]: 未到目标点
1775394786.2112172 [navNode-2] 目标位置:(-0.25, 1.25, 1.2)-[A2]-[MCU:False]-[POS:False]
1775394786.2112803 [navNode-2] 当前位置:(-0.0668729841709137, 0.027206536382436752, 0.09520924836397171)
1775394786.2555940 [navNode-2] [INFO] [1775394786.255291903] [navNode]: MCU2 send back: Gdoing*
1775394786.2560871 [myMain-1] [INFO] [1775394786.255415638] [Ground]: MCU2 send back: Gdoing*
1775394786.3102114 [navNode-2] [INFO] [1775394786.309890485] [navNode]: 状态4：WaitAim--[A2]
1775394786.3106782 [navNode-2] [INFO] [1775394786.310415752] [navNode]: 未到目标点
1775394786.3107672 [navNode-2] 目标位置:(-0.25, 1.25, 1.2)-[A2]-[MCU:False]-[POS:False]
1775394786.3108182 [navNode-2] 当前位置:(-0.0668582022190094, 0.025798600167036057, 0.07447285950183868)
1775394786.3786445 [myMain-1] [INFO] [1775394786.378074507] [Ground]: MCU2 send back: Gdoing*
1775394786.3796227 [navNode-2] [INFO] [1775394786.379255925] [navNode]: MCU2 send back: Gdoing*
1775394786.4111750 [navNode-2] [INFO] [1775394786.410759056] [navNode]: 状态4：WaitAim--[A2]
1775394786.4117658 [navNode-2] [INFO] [1775394786.411489681] [navNode]: 未到目标点
1775394786.4118819 [navNode-2] 目标位置:(-0.25, 1.25, 1.2)-[A2]-[MCU:False]-[POS:False]
1775394786.4119456 [navNode-2] 当前位置:(-0.06823393702507019, 0.02453698217868805, 0.058527350425720215)
1775394786.4972317 [navNode-2] [INFO] [1775394786.496736578] [navNode]: MCU2 send back: Gdoing*
1775394786.4976647 [myMain-1] [INFO] [1775394786.496887585] [Ground]: MCU2 send back: Gdoing*
1775394786.5105774 [navNode-2] [INFO] [1775394786.510193406] [navNode]: 状态4：WaitAim--[A2]
1775394786.5110462 [navNode-2] [INFO] [1775394786.510767081] [navNode]: 未到目标点
1775394786.5111692 [navNode-2] 目标位置:(-0.25, 1.25, 1.2)-[A2]-[MCU:False]-[POS:False]
1775394786.5112355 [navNode-2] 当前位置:(-0.0692366436123848, 0.02111174166202545, 0.041519779711961746)
1775394786.6108067 [navNode-2] [INFO] [1775394786.610449140] [navNode]: 状态4：WaitAim--[A2]
1775394786.6112506 [navNode-2] [INFO] [1775394786.611077472] [navNode]: 未到目标点
1775394786.6113615 [navNode-2] 目标位置:(-0.25, 1.25, 1.2)-[A2]-[MCU:False]-[POS:False]
1775394786.6114318 [navNode-2] 当前位置:(-0.06856042146682739, 0.018871843814849854, 0.02408406138420105)
1775394786.6172321 [myMain-1] [INFO] [1775394786.616684030] [Ground]: MCU2 send back: Gdoing*
1775394786.6177533 [navNode-2] [INFO] [1775394786.617383727] [navNode]: MCU2 send back: Gdoing*
1775394786.7104940 [navNode-2] [INFO] [1775394786.710154545] [navNode]: 状态4：WaitAim--[A2]
1775394786.7109108 [navNode-2] [INFO] [1775394786.710691615] [navNode]: 未到目标点
1775394786.7109914 [navNode-2] 目标位置:(-0.25, 1.25, 1.2)-[A2]-[MCU:False]-[POS:False]
1775394786.7110364 [navNode-2] 当前位置:(-0.06808070093393326, 0.018639197573065758, 0.00983031652867794)
1775394786.7368250 [myMain-1] [INFO] [1775394786.736209976] [Ground]: MCU2 send back: Gdoing*
1775394786.7372570 [navNode-2] [INFO] [1775394786.736339037] [navNode]: MCU2 send back: Gdoing*
1775394786.8101466 [navNode-2] [INFO] [1775394786.809833241] [navNode]: 状态4：WaitAim--[A2]
1775394786.8105230 [navNode-2] [INFO] [1775394786.810361733] [navNode]: 未到目标点
1775394786.8106019 [navNode-2] 目标位置:(-0.25, 1.25, 1.2)-[A2]-[MCU:False]-[POS:False]
1775394786.8106463 [navNode-2] 当前位置:(-0.06870219111442566, 0.019369792193174362, 0.00015981933393049985)
1775394786.8585536 [navNode-2] [INFO] [1775394786.858223530] [navNode]: MCU2 send back: Gdoing*
1775394786.8589756 [myMain-1] [INFO] [1775394786.858795362] [Ground]: MCU2 send back: Gdoing*
1775394786.9103096 [navNode-2] [INFO] [1775394786.909850975] [navNode]: 状态4：WaitAim--[A2]
1775394786.9111028 [navNode-2] [INFO] [1775394786.910402833] [navNode]: 未到目标点
1775394786.9113028 [navNode-2] 目标位置:(-0.25, 1.25, 1.2)-[A2]-[MCU:False]-[POS:False]
1775394786.9114032 [navNode-2] 当前位置:(-0.07603849470615387, 0.013862963765859604, -0.005534842144697905)
1775394786.9764309 [myMain-1] [INFO] [1775394786.976013258] [Ground]: MCU2 send back: Gdoing*
1775394786.9767950 [navNode-2] [INFO] [1775394786.976050502] [navNode]: MCU2 send back: Gdoing*
1775394787.0102849 [navNode-2] [INFO] [1775394787.009890814] [navNode]: 状态4：WaitAim--[A2]
1775394787.0108206 [navNode-2] [INFO] [1775394787.010648464] [navNode]: 未到目标点
1775394787.0109820 [navNode-2] 目标位置:(-0.25, 1.25, 1.2)-[A2]-[MCU:False]-[POS:False]
1775394787.0110545 [navNode-2] 当前位置:(-0.08106114715337753, 0.006052196957170963, -0.006868196651339531)
1775394787.0993745 [myMain-1] [INFO] [1775394787.098304978] [Ground]: MCU2 send back: Gdoing*
1775394787.1002312 [navNode-2] [INFO] [1775394787.100043744] [navNode]: MCU2 send back: Gdoing*
1775394787.1101415 [navNode-2] [INFO] [1775394787.109776334] [navNode]: 状态4：WaitAim--[A2]
1775394787.1104972 [navNode-2] [INFO] [1775394787.110292020] [navNode]: 未到目标点
1775394787.1106322 [navNode-2] 目标位置:(-0.25, 1.25, 1.2)-[A2]-[MCU:False]-[POS:False]
1775394787.1106980 [navNode-2] 当前位置:(-0.07458195835351944, 0.012143062427639961, -0.006472064182162285)
1775394787.2100849 [navNode-2] [INFO] [1775394787.209748835] [navNode]: 状态4：WaitAim--[A2]
1775394787.2111709 [navNode-2] [INFO] [1775394787.210897391] [navNode]: 未到目标点
1775394787.2113404 [navNode-2] 目标位置:(-0.25, 1.25, 1.2)-[A2]-[MCU:False]-[POS:False]
1775394787.2114036 [navNode-2] 当前位置:(-0.06561343371868134, 0.018771914765238762, -0.008126617409288883)
1775394787.2185814 [navNode-2] [INFO] [1775394787.218282108] [navNode]: MCU2 send back: Gdoing*
1775394787.2189958 [myMain-1] [INFO] [1775394787.218554765] [Ground]: MCU2 send back: Gdoing*
1775394787.3102009 [navNode-2] [INFO] [1775394787.309868860] [navNode]: 状态4：WaitAim--[A2]
1775394787.3105989 [navNode-2] [INFO] [1775394787.310357923] [navNode]: 未到目标点
1775394787.3106933 [navNode-2] 目标位置:(-0.25, 1.25, 1.2)-[A2]-[MCU:False]-[POS:False]
1775394787.3107419 [navNode-2] 当前位置:(-0.07015768438577652, 0.014950549229979515, -0.006649252958595753)
1775394787.3375096 [navNode-2] [INFO] [1775394787.337188099] [navNode]: MCU2 send back: Gdoing*
1775394787.3388915 [myMain-1] [INFO] [1775394787.338627923] [Ground]: MCU2 send back: Gdoing*
1775394787.4101603 [navNode-2] [INFO] [1775394787.409823527] [navNode]: 状态4：WaitAim--[A2]
1775394787.4106312 [navNode-2] [INFO] [1775394787.410308411] [navNode]: 未到目标点
1775394787.4107440 [navNode-2] 目标位置:(-0.25, 1.25, 1.2)-[A2]-[MCU:False]-[POS:False]
1775394787.4107957 [navNode-2] 当前位置:(-0.07099086791276932, 0.013091043569147587, -0.006909297313541174)
1775394787.4570017 [myMain-1] [INFO] [1775394787.456681668] [Ground]: MCU2 send back: Gdoing*
1775394787.4573870 [navNode-2] [INFO] [1775394787.456727951] [navNode]: MCU2 send back: Gdoing*
1775394787.5106089 [navNode-2] [INFO] [1775394787.510182765] [navNode]: 状态4：WaitAim--[A2]
1775394787.5110385 [navNode-2] [INFO] [1775394787.510772359] [navNode]: 未到目标点
1775394787.5111151 [navNode-2] 目标位置:(-0.25, 1.25, 1.2)-[A2]-[MCU:False]-[POS:False]
1775394787.5111687 [navNode-2] 当前位置:(-0.07153080403804779, 0.012908080592751503, -0.005995025858283043)
1775394787.5792460 [navNode-2] [INFO] [1775394787.578921887] [navNode]: MCU2 send back: Gdoing*
1775394787.5797462 [myMain-1] [INFO] [1775394787.579596815] [Ground]: MCU2 send back: Gdoing*
1775394787.6105826 [navNode-2] [INFO] [1775394787.610191208] [navNode]: 状态4：WaitAim--[A2]
1775394787.6110375 [navNode-2] [INFO] [1775394787.610924933] [navNode]: 未到目标点
1775394787.6111169 [navNode-2] 目标位置:(-0.25, 1.25, 1.2)-[A2]-[MCU:False]-[POS:False]
1775394787.6112177 [navNode-2] 当前位置:(-0.07176964730024338, 0.01294416282325983, -0.005426861811429262)
1775394787.7019477 [myMain-1] [INFO] [1775394787.701505246] [Ground]: MCU2 send back: Gdoing*
1775394787.7032490 [navNode-2] [INFO] [1775394787.702983495] [navNode]: MCU2 send back: Gdoing*
1775394787.7099514 [navNode-2] [INFO] [1775394787.709637891] [navNode]: 状态4：WaitAim--[A2]
1775394787.7103746 [navNode-2] [INFO] [1775394787.710121866] [navNode]: 未到目标点
1775394787.7104647 [navNode-2] 目标位置:(-0.25, 1.25, 1.2)-[A2]-[MCU:False]-[POS:False]
1775394787.7105105 [navNode-2] 当前位置:(-0.07010429352521896, 0.014049042947590351, -0.005655530374497175)
1775394787.8108788 [navNode-2] [INFO] [1775394787.810340724] [navNode]: 状态4：WaitAim--[A2]
1775394787.8113866 [navNode-2] [INFO] [1775394787.811030288] [navNode]: 未到目标点
1775394787.8115740 [navNode-2] 目标位置:(-0.25, 1.25, 1.2)-[A2]-[MCU:False]-[POS:False]
1775394787.8117490 [navNode-2] 当前位置:(-0.07168165594339371, 0.01284661702811718, -0.0064698089845478535)
1775394787.8183792 [navNode-2] [INFO] [1775394787.818065188] [navNode]: MCU2 send back: Gdoing*
1775394787.8188984 [myMain-1] [INFO] [1775394787.818333014] [Ground]: MCU2 send back: Gdoing*
1775394787.9104245 [navNode-2] [INFO] [1775394787.910018311] [navNode]: 状态4：WaitAim--[A2]
1775394787.9110744 [navNode-2] [INFO] [1775394787.910917893] [navNode]: 未到目标点
1775394787.9112096 [navNode-2] 目标位置:(-0.25, 1.25, 1.2)-[A2]-[MCU:False]-[POS:False]
1775394787.9112625 [navNode-2] 当前位置:(-0.07153833657503128, 0.012737601064145565, -0.006883826572448015)
1775394787.9390044 [navNode-2] [INFO] [1775394787.938632793] [navNode]: MCU2 send back: Gdoing*
1775394787.9395010 [myMain-1] [INFO] [1775394787.939381729] [Ground]: MCU2 send back: Gdoing*
1775394788.0102127 [navNode-2] [INFO] [1775394788.009889940] [navNode]: 状态4：WaitAim--[A2]
1775394788.0106502 [navNode-2] [INFO] [1775394788.010361362] [navNode]: 未到目标点
1775394788.0107608 [navNode-2] 目标位置:(-0.25, 1.25, 1.2)-[A2]-[MCU:False]-[POS:False]
1775394788.0108101 [navNode-2] 当前位置:(-0.07172296941280365, 0.012778867967426777, -0.006838631816208363)
1775394788.0580311 [navNode-2] [INFO] [1775394788.057694543] [navNode]: MCU2 send back: Gdoing*
1775394788.0588608 [myMain-1] [INFO] [1775394788.058686031] [Ground]: MCU2 send back: Gdoing*
1775394788.1102180 [navNode-2] [INFO] [1775394788.109862393] [navNode]: 状态4：WaitAim--[A2]
1775394788.1106958 [navNode-2] [INFO] [1775394788.110380401] [navNode]: 未到目标点
1775394788.1107790 [navNode-2] 目标位置:(-0.25, 1.25, 1.2)-[A2]-[MCU:False]-[POS:False]
1775394788.1108303 [navNode-2] 当前位置:(-0.07204579561948776, 0.01218023244291544, -0.006545720621943474)
1775394788.1790059 [navNode-2] [INFO] [1775394788.178279543] [navNode]: MCU2 send back: Gdoing*
1775394788.1794384 [myMain-1] [INFO] [1775394788.179081768] [Ground]: MCU2 send back: Gdoing*
1775394788.2103784 [navNode-2] [INFO] [1775394788.210020301] [navNode]: 状态4：WaitAim--[A2]
1775394788.2108088 [navNode-2] [INFO] [1775394788.210504038] [navNode]: 未到目标点
1775394788.2108860 [navNode-2] 目标位置:(-0.25, 1.25, 1.2)-[A2]-[MCU:False]-[POS:False]
1775394788.2109334 [navNode-2] 当前位置:(-0.07245651632547379, 0.012704090215265751, -0.005430430173873901)
1775394788.3001170 [navNode-2] [INFO] [1775394788.299201377] [navNode]: MCU2 send back: Gdoing*
1775394788.3005328 [myMain-1] [INFO] [1775394788.299787421] [Ground]: MCU2 send back: Gdoing*
1775394788.3118861 [navNode-2] [INFO] [1775394788.311462039] [navNode]: 状态4：WaitAim--[A2]
1775394788.3123875 [navNode-2] [INFO] [1775394788.312064078] [navNode]: 未到目标点
1775394788.3125184 [navNode-2] 目标位置:(-0.25, 1.25, 1.2)-[A2]-[MCU:False]-[POS:False]
1775394788.3125899 [navNode-2] 当前位置:(-0.0723721981048584, 0.01235906034708023, -0.004756157752126455)
1775394788.4103060 [navNode-2] [INFO] [1775394788.409953090] [navNode]: 状态4：WaitAim--[A2]
1775394788.4107726 [navNode-2] [INFO] [1775394788.410441485] [navNode]: 未到目标点
1775394788.4108942 [navNode-2] 目标位置:(-0.25, 1.25, 1.2)-[A2]-[MCU:False]-[POS:False]
1775394788.4109495 [navNode-2] 当前位置:(-0.07215797156095505, 0.01290132012218237, -0.005135275423526764)
1775394788.4207268 [navNode-2] [INFO] [1775394788.420034945] [navNode]: MCU2 send back: Gdoing*
1775394788.4210896 [myMain-1] [INFO] [1775394788.420330117] [Ground]: MCU2 send back: Gdoing*
1775394788.5103869 [navNode-2] [INFO] [1775394788.509980739] [navNode]: 状态4：WaitAim--[A2]
1775394788.5108531 [navNode-2] [INFO] [1775394788.510446227] [navNode]: 未到目标点
1775394788.5109735 [navNode-2] 目标位置:(-0.25, 1.25, 1.2)-[A2]-[MCU:False]-[POS:False]
1775394788.5110531 [navNode-2] 当前位置:(-0.07176121324300766, 0.012656237930059433, -0.00585406506434083)
1775394788.5391409 [myMain-1] [INFO] [1775394788.538774692] [Ground]: MCU2 send back: Gdoing*
1775394788.5395713 [navNode-2] [INFO] [1775394788.538893353] [navNode]: MCU2 send back: Gdoing*
1775394788.6102891 [navNode-2] [INFO] [1775394788.609932172] [navNode]: 状态4：WaitAim--[A2]
1775394788.6107764 [navNode-2] [INFO] [1775394788.610443790] [navNode]: 未到目标点
1775394788.6108756 [navNode-2] 目标位置:(-0.25, 1.25, 1.2)-[A2]-[MCU:False]-[POS:False]
1775394788.6109238 [navNode-2] 当前位置:(-0.072039395570755, 0.013181780464947224, -0.006489419378340244)
1775394788.6588936 [navNode-2] [INFO] [1775394788.658560012] [navNode]: MCU2 send back: Gdoing*
1775394788.6592987 [myMain-1] [INFO] [1775394788.659019280] [Ground]: MCU2 send back: Gdoing*
1775394788.7106898 [navNode-2] [INFO] [1775394788.710330311] [navNode]: 状态4：WaitAim--[A2]
1775394788.7111249 [navNode-2] [INFO] [1775394788.710926602] [navNode]: 未到目标点
1775394788.7112424 [navNode-2] 目标位置:(-0.25, 1.25, 1.2)-[A2]-[MCU:False]-[POS:False]
1775394788.7112982 [navNode-2] 当前位置:(-0.07213906198740005, 0.013421985320746899, -0.006121594924479723)
1775394788.7806170 [navNode-2] [INFO] [1775394788.779814134] [navNode]: MCU2 send back: Gdoing*
1775394788.7810652 [myMain-1] [INFO] [1775394788.780060209] [Ground]: MCU2 send back: Gdoing*
1775394788.8104916 [navNode-2] [INFO] [1775394788.810115503] [navNode]: 状态4：WaitAim--[A2]
1775394788.8115070 [navNode-2] [INFO] [1775394788.811156797] [navNode]: 未到目标点
1775394788.8117113 [navNode-2] 目标位置:(-0.25, 1.25, 1.2)-[A2]-[MCU:False]-[POS:False]
1775394788.8117852 [navNode-2] 当前位置:(-0.0719287246465683, 0.013122889213263988, -0.006445492152124643)
1775394788.9017680 [myMain-1] [INFO] [1775394788.901164318] [Ground]: MCU2 send back: Gdoing*
1775394788.9030313 [navNode-2] [INFO] [1775394788.902362739] [navNode]: MCU2 send back: Gdoing*
1775394788.9102931 [navNode-2] [INFO] [1775394788.909927874] [navNode]: 状态4：WaitAim--[A2]
1775394788.9107888 [navNode-2] [INFO] [1775394788.910502947] [navNode]: 未到目标点
1775394788.9109237 [navNode-2] 目标位置:(-0.25, 1.25, 1.2)-[A2]-[MCU:False]-[POS:False]
1775394788.9109848 [navNode-2] 当前位置:(-0.07196976244449615, 0.01299995742738247, -0.006325192749500275)
1775394789.0110290 [navNode-2] [INFO] [1775394789.010471024] [navNode]: 状态4：WaitAim--[A2]
1775394789.0114553 [navNode-2] [INFO] [1775394789.010944241] [navNode]: 未到目标点
1775394789.0115609 [navNode-2] 目标位置:(-0.25, 1.25, 1.2)-[A2]-[MCU:False]-[POS:False]
1775394789.0116541 [navNode-2] 当前位置:(-0.07222431153059006, 0.012845375575125217, -0.0060793026350438595)
1775394789.0213010 [myMain-1] [INFO] [1775394789.020909602] [Ground]: MCU2 send back: Gdoing*
1775394789.0217149 [navNode-2] [INFO] [1775394789.021052047] [navNode]: MCU2 send back: Gdoing*
1775394789.1101754 [navNode-2] [INFO] [1775394789.109785966] [navNode]: 状态4：WaitAim--[A2]
1775394789.1107290 [navNode-2] [INFO] [1775394789.110276398] [navNode]: 未到目标点
1775394789.1108851 [navNode-2] 目标位置:(-0.25, 1.25, 1.2)-[A2]-[MCU:False]-[POS:False]
1775394789.1109493 [navNode-2] 当前位置:(-0.0720483735203743, 0.012394474819302559, -0.005972450133413076)
1775394789.1416435 [navNode-2] [INFO] [1775394789.141249347] [navNode]: MCU2 send back: Gdoing*
1775394789.1420009 [myMain-1] [INFO] [1775394789.141277713] [Ground]: MCU2 send back: Gdoing*
1775394789.2102458 [navNode-2] [INFO] [1775394789.209774383] [navNode]: 状态4：WaitAim--[A2]
1775394789.2108030 [navNode-2] [INFO] [1775394789.210659475] [navNode]: 未到目标点
1775394789.2109089 [navNode-2] 目标位置:(-0.25, 1.25, 1.2)-[A2]-[MCU:False]-[POS:False]
1775394789.2109563 [navNode-2] 当前位置:(-0.0719476193189621, 0.013194413855671883, -0.005562431178987026)
1775394789.2609422 [myMain-1] [INFO] [1775394789.260594333] [Ground]: MCU2 send back: Gdoing*
1775394789.2613947 [navNode-2] [INFO] [1775394789.260904927] [navNode]: MCU2 send back: Gdoing*
1775394789.3111796 [navNode-2] [INFO] [1775394789.310195410] [navNode]: 状态4：WaitAim--[A2]
1775394789.3114767 [navNode-2] [INFO] [1775394789.310723295] [navNode]: 未到目标点
1775394789.3115499 [navNode-2] 目标位置:(-0.25, 1.25, 1.2)-[A2]-[MCU:False]-[POS:False]
1775394789.3115957 [navNode-2] 当前位置:(-0.07228222489356995, 0.012716530822217464, -0.006191001273691654)
1775394789.3823688 [navNode-2] [INFO] [1775394789.381932712] [navNode]: MCU2 send back: Gdoing*
1775394789.3829420 [myMain-1] [INFO] [1775394789.382312867] [Ground]: MCU2 send back: Gdoing*
1775394789.4108055 [navNode-2] [INFO] [1775394789.410444752] [navNode]: 状态4：WaitAim--[A2]
1775394789.4121511 [navNode-2] [INFO] [1775394789.411826856] [navNode]: 未到目标点
1775394789.4122849 [navNode-2] 目标位置:(-0.25, 1.25, 1.2)-[A2]-[MCU:False]-[POS:False]
1775394789.4123428 [navNode-2] 当前位置:(-0.07242859899997711, 0.012490976601839066, -0.006251701153814793)
1775394789.5024338 [myMain-1] [INFO] [1775394789.501637993] [Ground]: MCU2 send back: Gdoing*
1775394789.5033615 [navNode-2] [INFO] [1775394789.501968613] [navNode]: MCU2 send back: Gdoing*
1775394789.5114052 [navNode-2] [INFO] [1775394789.510316164] [navNode]: 状态4：WaitAim--[A2]
1775394789.5116155 [navNode-2] [INFO] [1775394789.510990209] [navNode]: 未到目标点
1775394789.5116789 [navNode-2] 目标位置:(-0.25, 1.25, 1.2)-[A2]-[MCU:False]-[POS:False]
1775394789.5117316 [navNode-2] 当前位置:(-0.07251892983913422, 0.011705448850989342, -0.005751446820795536)
1775394789.6104319 [navNode-2] [INFO] [1775394789.610083585] [navNode]: 状态4：WaitAim--[A2]
1775394789.6108696 [navNode-2] [INFO] [1775394789.610697811] [navNode]: 未到目标点
1775394789.6110096 [navNode-2] 目标位置:(-0.25, 1.25, 1.2)-[A2]-[MCU:False]-[POS:False]
1775394789.6110766 [navNode-2] 当前位置:(-0.0724947527050972, 0.011279650963842869, -0.005853382870554924)
1775394789.6219966 [navNode-2] [INFO] [1775394789.621608783] [navNode]: MCU2 send back: Gdoing*
1775394789.6224422 [myMain-1] [INFO] [1775394789.621913396] [Ground]: MCU2 send back: Gdoing*
1775394789.7115052 [navNode-2] [INFO] [1775394789.711071505] [navNode]: 状态4：WaitAim--[A2]
1775394789.7120271 [navNode-2] [INFO] [1775394789.711614233] [navNode]: 未到目标点
1775394789.7121499 [navNode-2] 目标位置:(-0.25, 1.25, 1.2)-[A2]-[MCU:False]-[POS:False]
1775394789.7122006 [navNode-2] 当前位置:(-0.07239122688770294, 0.011527742259204388, -0.0060283648781478405)
1775394789.7414103 [myMain-1] [INFO] [1775394789.741082618] [Ground]: MCU2 send back: Gdoing*
1775394789.7425067 [navNode-2] [INFO] [1775394789.742201643] [navNode]: MCU2 send back: Gdoing*
1775394789.8103690 [navNode-2] [INFO] [1775394789.809971328] [navNode]: 状态4：WaitAim--[A2]
1775394789.8109124 [navNode-2] [INFO] [1775394789.810638972] [navNode]: 未到目标点
1775394789.8110175 [navNode-2] 目标位置:(-0.25, 1.25, 1.2)-[A2]-[MCU:False]-[POS:False]
1775394789.8116043 [navNode-2] 当前位置:(-0.07217572629451752, 0.01236094068735838, -0.0055962298065423965)
1775394789.8628232 [myMain-1] [INFO] [1775394789.862319835] [Ground]: MCU2 send back: Gdoing*
1775394789.8642647 [navNode-2] [INFO] [1775394789.863877507] [navNode]: MCU2 send back: Gdoing*
1775394789.9122772 [navNode-2] [INFO] [1775394789.911833190] [navNode]: 状态4：WaitAim--[A2]
1775394789.9132948 [navNode-2] [INFO] [1775394789.912698600] [navNode]: 未到目标点
1775394789.9135163 [navNode-2] 目标位置:(-0.25, 1.25, 1.2)-[A2]-[MCU:False]-[POS:False]
1775394789.9136353 [navNode-2] 当前位置:(-0.07190164923667908, 0.012470941990613937, -0.006250960286706686)
1775394789.9836967 [navNode-2] [INFO] [1775394789.983241718] [navNode]: MCU2 send back: Gdoing*
1775394789.9858630 [myMain-1] [INFO] [1775394789.985177760] [Ground]: MCU2 send back: Gdoing*
1775394790.0111868 [navNode-2] [INFO] [1775394790.010790365] [navNode]: 状态4：WaitAim--[A2]
1775394790.0116925 [navNode-2] [INFO] [1775394790.011437927] [navNode]: 未到目标点
1775394790.0118213 [navNode-2] 目标位置:(-0.25, 1.25, 1.2)-[A2]-[MCU:False]-[POS:False]
1775394790.0118973 [navNode-2] 当前位置:(-0.07243065536022186, 0.012603705748915672, -0.005606895312666893)
1775394790.1027870 [myMain-1] [INFO] [1775394790.102385116] [Ground]: MCU2 send back: Gdoing*
1775394790.1033864 [navNode-2] [INFO] [1775394790.102914809] [navNode]: MCU2 send back: Gdoing*
1775394790.1105950 [navNode-2] [INFO] [1775394790.110083871] [navNode]: 状态4：WaitAim--[A2]
1775394790.1113095 [navNode-2] [INFO] [1775394790.110977728] [navNode]: 未到目标点
1775394790.1114967 [navNode-2] 目标位置:(-0.25, 1.25, 1.2)-[A2]-[MCU:False]-[POS:False]
1775394790.1115620 [navNode-2] 当前位置:(-0.07255391776561737, 0.012664240784943104, -0.005654145497828722)
1775394790.2106209 [navNode-2] [INFO] [1775394790.210296352] [navNode]: 状态4：WaitAim--[A2]
1775394790.2110839 [navNode-2] [INFO] [1775394790.210817112] [navNode]: 未到目标点
1775394790.2112114 [navNode-2] 目标位置:(-0.25, 1.25, 1.2)-[A2]-[MCU:False]-[POS:False]
1775394790.2112834 [navNode-2] 当前位置:(-0.07248252630233765, 0.01217761542648077, -0.00546822277829051)
1775394790.2222302 [navNode-2] [INFO] [1775394790.221910092] [navNode]: MCU2 send back: Gdoing*
1775394790.2225931 [myMain-1] [INFO] [1775394790.221964665] [Ground]: MCU2 send back: Gdoing*
1775394790.3101370 [navNode-2] [INFO] [1775394790.309818193] [navNode]: 状态4：WaitAim--[A2]
1775394790.3106260 [navNode-2] [INFO] [1775394790.310320460] [navNode]: 未到目标点
1775394790.3107407 [navNode-2] 目标位置:(-0.25, 1.25, 1.2)-[A2]-[MCU:False]-[POS:False]
1775394790.3108325 [navNode-2] 当前位置:(-0.07252124696969986, 0.01192264910787344, -0.006033522076904774)
1775394790.3432624 [myMain-1] [INFO] [1775394790.342835477] [Ground]: MCU2 send back: Gdoing*
1775394790.3438153 [navNode-2] [INFO] [1775394790.343497388] [navNode]: MCU2 send back: Gdoing*
1775394790.4106135 [navNode-2] [INFO] [1775394790.410245316] [navNode]: 状态4：WaitAim--[A2]
1775394790.4110842 [navNode-2] [INFO] [1775394790.410787051] [navNode]: 未到目标点
1775394790.4111784 [navNode-2] 目标位置:(-0.25, 1.25, 1.2)-[A2]-[MCU:False]-[POS:False]
1775394790.4112284 [navNode-2] 当前位置:(-0.0731605738401413, 0.012393566779792309, -0.005515601020306349)
1775394790.4641840 [myMain-1] [INFO] [1775394790.463676187] [Ground]: MCU2 send back: Gdoing*
1775394790.4647894 [navNode-2] [INFO] [1775394790.464653443] [navNode]: MCU2 send back: Gdoing*
1775394790.5110247 [navNode-2] [INFO] [1775394790.510548070] [navNode]: 状态4：WaitAim--[A2]
1775394790.5114291 [navNode-2] [INFO] [1775394790.511154729] [navNode]: 未到目标点
1775394790.5115037 [navNode-2] 目标位置:(-0.25, 1.25, 1.2)-[A2]-[MCU:False]-[POS:False]
1775394790.5115533 [navNode-2] 当前位置:(-0.07309181988239288, 0.012918812222778797, -0.0050659822300076485)
1775394790.5835042 [myMain-1] [INFO] [1775394790.583091131] [Ground]: MCU2 send back: Gdoing*
1775394790.5840893 [navNode-2] [INFO] [1775394790.583736999] [navNode]: MCU2 send back: Gdoing*
1775394790.6105342 [navNode-2] [INFO] [1775394790.610049334] [navNode]: 状态4：WaitAim--[A2]
1775394790.6112285 [navNode-2] [INFO] [1775394790.610854931] [navNode]: 未到目标点
1775394790.6113806 [navNode-2] 目标位置:(-0.25, 1.25, 1.2)-[A2]-[MCU:False]-[POS:False]
1775394790.6114450 [navNode-2] 当前位置:(-0.07324066758155823, 0.01294503640383482, -0.004798162262886763)
1775394790.7046571 [myMain-1] [INFO] [1775394790.704200774] [Ground]: MCU2 send back: Gdoing*
1775394790.7052138 [navNode-2] [INFO] [1775394790.704590408] [navNode]: MCU2 send back: Gdoing*
1775394790.7102652 [navNode-2] [INFO] [1775394790.709931048] [navNode]: 状态4：WaitAim--[A2]
1775394790.7107844 [navNode-2] [INFO] [1775394790.710544883] [navNode]: 未到目标点
1775394790.7109113 [navNode-2] 目标位置:(-0.25, 1.25, 1.2)-[A2]-[MCU:False]-[POS:False]
1775394790.7109756 [navNode-2] 当前位置:(-0.0730251669883728, 0.012869586236774921, -0.004950490314513445)
1775394790.8107808 [navNode-2] [INFO] [1775394790.810403680] [navNode]: 状态4：WaitAim--[A2]
1775394790.8112271 [navNode-2] [INFO] [1775394790.810999847] [navNode]: 未到目标点
1775394790.8113196 [navNode-2] 目标位置:(-0.25, 1.25, 1.2)-[A2]-[MCU:False]-[POS:False]
1775394790.8113751 [navNode-2] 当前位置:(-0.0732538029551506, 0.012505294755101204, -0.005062669515609741)
1775394790.8252642 [navNode-2] [INFO] [1775394790.824674022] [navNode]: MCU2 send back: Gdoing*
1775394790.8257718 [myMain-1] [INFO] [1775394790.825417807] [Ground]: MCU2 send back: Gdoing*
1775394790.9111760 [navNode-2] [INFO] [1775394790.910768481] [navNode]: 状态4：WaitAim--[A2]
1775394790.9117641 [navNode-2] [INFO] [1775394790.911548194] [navNode]: 未到目标点
1775394790.9118831 [navNode-2] 目标位置:(-0.25, 1.25, 1.2)-[A2]-[MCU:False]-[POS:False]
1775394790.9119439 [navNode-2] 当前位置:(-0.07268564403057098, 0.012861491180956364, -0.005408893339335918)
1775394790.9440620 [myMain-1] [INFO] [1775394790.943736512] [Ground]: MCU2 send back: Gdoing*
1775394790.9444268 [navNode-2] [INFO] [1775394790.943838819] [navNode]: MCU2 send back: Gdoing*
1775394791.0108798 [navNode-2] [INFO] [1775394791.010428922] [navNode]: 状态4：WaitAim--[A2]
1775394791.0116532 [navNode-2] [INFO] [1775394791.011329602] [navNode]: 未到目标点
1775394791.0118709 [navNode-2] 目标位置:(-0.25, 1.25, 1.2)-[A2]-[MCU:False]-[POS:False]
1775394791.0119715 [navNode-2] 当前位置:(-0.07321691513061523, 0.012609695084393024, -0.005908043589442968)
1775394791.0651219 [myMain-1] [INFO] [1775394791.064525751] [Ground]: MCU2 send back: Gdoing*
1775394791.0678887 [navNode-2] [INFO] [1775394791.065838103] [navNode]: MCU2 send back: Gdoing*
1775394791.1111693 [navNode-2] [INFO] [1775394791.110602728] [navNode]: 状态4：WaitAim--[A2]
1775394791.1116445 [navNode-2] [INFO] [1775394791.111228504] [navNode]: 未到目标点
1775394791.1117465 [navNode-2] 目标位置:(-0.25, 1.25, 1.2)-[A2]-[MCU:False]-[POS:False]
1775394791.1118162 [navNode-2] 当前位置:(-0.07318025827407837, 0.012536928988993168, -0.005569713655859232)
1775394791.1844623 [myMain-1] [INFO] [1775394791.183880963] [Ground]: MCU2 send back: Gdoing*
1775394791.1848302 [navNode-2] [INFO] [1775394791.183897686] [navNode]: MCU2 send back: Gdoing*
1775394791.2101920 [navNode-2] [INFO] [1775394791.209820748] [navNode]: 状态4：WaitAim--[A2]
1775394791.2112124 [navNode-2] [INFO] [1775394791.210777010] [navNode]: 未到目标点
1775394791.2113991 [navNode-2] 目标位置:(-0.25, 1.25, 1.2)-[A2]-[MCU:False]-[POS:False]
1775394791.2114651 [navNode-2] 当前位置:(-0.07330140471458435, 0.012635501101613045, -0.005156933329999447)
1775394791.3047125 [myMain-1] [INFO] [1775394791.304339932] [Ground]: MCU2 send back: Gdoing*
1775394791.3051434 [navNode-2] [INFO] [1775394791.304903733] [navNode]: MCU2 send back: Gdoing*
1775394791.3105595 [navNode-2] [INFO] [1775394791.310181653] [navNode]: 状态4：WaitAim--[A2]
1775394791.3110402 [navNode-2] [INFO] [1775394791.310716963] [navNode]: 未到目标点
1775394791.3111203 [navNode-2] 目标位置:(-0.25, 1.25, 1.2)-[A2]-[MCU:False]-[POS:False]
1775394791.3111789 [navNode-2] 当前位置:(-0.07350049912929535, 0.012372598052024841, -0.005319622810930014)
1775394791.4107637 [navNode-2] [INFO] [1775394791.410290849] [navNode]: 状态4：WaitAim--[A2]
1775394791.4111550 [navNode-2] [INFO] [1775394791.410864595] [navNode]: 未到目标点
1775394791.4112318 [navNode-2] 目标位置:(-0.25, 1.25, 1.2)-[A2]-[MCU:False]-[POS:False]
1775394791.4112799 [navNode-2] 当前位置:(-0.073589988052845, 0.0121154198423028, -0.005442816764116287)
1775394791.4280879 [myMain-1] [INFO] [1775394791.427665334] [Ground]: MCU2 send back: Gdoing*
1775394791.4286277 [navNode-2] [INFO] [1775394791.428477031] [navNode]: MCU2 send back: Gdoing*
1775394791.5102620 [navNode-2] [INFO] [1775394791.509929534] [navNode]: 状态4：WaitAim--[A2]
1775394791.5106893 [navNode-2] [INFO] [1775394791.510413530] [navNode]: 未到目标点
1775394791.5107696 [navNode-2] 目标位置:(-0.25, 1.25, 1.2)-[A2]-[MCU:False]-[POS:False]
1775394791.5108287 [navNode-2] 当前位置:(-0.07332446426153183, 0.012316509149968624, -0.00524117099121213)
1775394791.5447276 [myMain-1] [INFO] [1775394791.544386435] [Ground]: MCU2 send back: Gdoing*
1775394791.5452819 [navNode-2] [INFO] [1775394791.545142797] [navNode]: MCU2 send back: Gdoing*
1775394791.6113541 [navNode-2] [INFO] [1775394791.610981776] [navNode]: 状态4：WaitAim--[A2]
1775394791.6118181 [navNode-2] [INFO] [1775394791.611573909] [navNode]: 未到目标点
1775394791.6119132 [navNode-2] 目标位置:(-0.25, 1.25, 1.2)-[A2]-[MCU:False]-[POS:False]
1775394791.6119697 [navNode-2] 当前位置:(-0.07359949499368668, 0.012511243112385273, -0.005555222742259502)
1775394791.6664295 [myMain-1] [INFO] [1775394791.665821396] [Ground]: MCU2 send back: Gdoing*
1775394791.6669202 [navNode-2] [INFO] [1775394791.666723309] [navNode]: MCU2 send back: Gdoing*
1775394791.7107759 [navNode-2] [INFO] [1775394791.710327504] [navNode]: 状态4：WaitAim--[A2]
1775394791.7115278 [navNode-2] [INFO] [1775394791.710903204] [navNode]: 未到目标点
1775394791.7117045 [navNode-2] 目标位置:(-0.25, 1.25, 1.2)-[A2]-[MCU:False]-[POS:False]
1775394791.7117863 [navNode-2] 当前位置:(-0.0733555480837822, 0.012626846320927143, -0.005509440321475267)
1775394791.7874308 [myMain-1] [INFO] [1775394791.786992492] [Ground]: MCU2 send back: Gdoing*
1775394791.7878928 [navNode-2] [INFO] [1775394791.787684566] [navNode]: MCU2 send back: Gdoing*
1775394791.8108754 [navNode-2] [INFO] [1775394791.810524315] [navNode]: 状态4：WaitAim--[A2]
1775394791.8115573 [navNode-2] [INFO] [1775394791.811387828] [navNode]: 未到目标点
1775394791.8116848 [navNode-2] 目标位置:(-0.25, 1.25, 1.2)-[A2]-[MCU:False]-[POS:False]
1775394791.8117409 [navNode-2] 当前位置:(-0.07361669093370438, 0.012747758999466896, -0.005369978491216898)
1775394791.9069064 [navNode-2] [INFO] [1775394791.906357662] [navNode]: MCU2 send back: Gdoing*
1775394791.9076245 [myMain-1] [INFO] [1775394791.907387190] [Ground]: MCU2 send back: Gdoing*
1775394791.9108107 [navNode-2] [INFO] [1775394791.910354767] [navNode]: 状态4：WaitAim--[A2]
1775394791.9114325 [navNode-2] [INFO] [1775394791.911062863] [navNode]: 未到目标点
1775394791.9115920 [navNode-2] 目标位置:(-0.25, 1.25, 1.2)-[A2]-[MCU:False]-[POS:False]
1775394791.9116719 [navNode-2] 当前位置:(-0.07377083599567413, 0.012313983403146267, -0.005156091880053282)
1775394792.0110028 [navNode-2] [INFO] [1775394792.010628019] [navNode]: 状态4：WaitAim--[A2]
1775394792.0118928 [navNode-2] [INFO] [1775394792.011682979] [navNode]: 未到目标点
1775394792.0120530 [navNode-2] 目标位置:(-0.25, 1.25, 1.2)-[A2]-[MCU:False]-[POS:False]
1775394792.0121057 [navNode-2] 当前位置:(-0.07345697283744812, 0.01278372947126627, -0.00455094687640667)
1775394792.0266500 [myMain-1] [INFO] [1775394792.026270457] [Ground]: MCU2 send back: Gdoing*
1775394792.0275717 [navNode-2] [INFO] [1775394792.027339439] [navNode]: MCU2 send back: Gdoing*
1775394792.1104085 [navNode-2] [INFO] [1775394792.109947935] [navNode]: 状态4：WaitAim--[A2]
1775394792.1109467 [navNode-2] [INFO] [1775394792.110644927] [navNode]: 未到目标点
1775394792.1110644 [navNode-2] 目标位置:(-0.25, 1.25, 1.2)-[A2]-[MCU:False]-[POS:False]
1775394792.1111298 [navNode-2] 当前位置:(-0.07372134178876877, 0.01243415754288435, -0.00479660090059042)
1775394792.1486437 [myMain-1] [INFO] [1775394792.147492354] [Ground]: MCU2 send back: Gdoing*
1775394792.1491933 [navNode-2] [INFO] [1775394792.147632218] [navNode]: MCU2 send back: Gdoing*
1775394792.2109892 [navNode-2] [INFO] [1775394792.210542056] [navNode]: 状态4：WaitAim--[A2]
1775394792.2114837 [navNode-2] [INFO] [1775394792.211146089] [navNode]: 未到目标点
1775394792.2115738 [navNode-2] 目标位置:(-0.25, 1.25, 1.2)-[A2]-[MCU:False]-[POS:False]
1775394792.2116306 [navNode-2] 当前位置:(-0.07337316125631332, 0.012874973937869072, -0.004832953214645386)
1775394792.2668347 [myMain-1] [INFO] [1775394792.266290916] [Ground]: MCU2 send back: Gdoing*
1775394792.2672980 [navNode-2] [INFO] [1775394792.267044744] [navNode]: MCU2 send back: Gdoing*
1775394792.3102882 [navNode-2] [INFO] [1775394792.309948640] [navNode]: 状态4：WaitAim--[A2]
1775394792.3107297 [navNode-2] [INFO] [1775394792.310475793] [navNode]: 未到目标点
1775394792.3108170 [navNode-2] 目标位置:(-0.25, 1.25, 1.2)-[A2]-[MCU:False]-[POS:False]
1775394792.3108649 [navNode-2] 当前位置:(-0.0735313892364502, 0.012738990597426891, -0.004784882068634033)
1775394792.3885336 [myMain-1] [INFO] [1775394792.388129472] [Ground]: MCU2 send back: Gdoing*
1775394792.3889425 [navNode-2] [INFO] [1775394792.388780606] [navNode]: MCU2 send back: Gdoing*
1775394792.4112241 [navNode-2] [INFO] [1775394792.410823799] [navNode]: 状态4：WaitAim--[A2]
1775394792.4119334 [navNode-2] [INFO] [1775394792.411555166] [navNode]: 未到目标点
1775394792.4121072 [navNode-2] 目标位置:(-0.25, 1.25, 1.2)-[A2]-[MCU:False]-[POS:False]
1775394792.4122159 [navNode-2] 当前位置:(-0.0734633132815361, 0.012879622168838978, -0.0050938972271978855)
1775394792.5066218 [myMain-1] [INFO] [1775394792.506244401] [Ground]: MCU2 send back: Gdoing*
1775394792.5071208 [navNode-2] [INFO] [1775394792.506923518] [navNode]: MCU2 send back: Gdoing*
1775394792.5100949 [navNode-2] [INFO] [1775394792.509821831] [navNode]: 状态4：WaitAim--[A2]
1775394792.5104549 [navNode-2] [INFO] [1775394792.510301499] [navNode]: 未到目标点
1775394792.5105495 [navNode-2] 目标位置:(-0.25, 1.25, 1.2)-[A2]-[MCU:False]-[POS:False]
1775394792.5105989 [navNode-2] 当前位置:(-0.07363013178110123, 0.012293051928281784, -0.0059176357463002205)
1775394792.6104817 [navNode-2] [INFO] [1775394792.609887915] [navNode]: 状态4：WaitAim--[A2]
1775394792.6110718 [navNode-2] [INFO] [1775394792.610862061] [navNode]: 未到目标点
1775394792.6111634 [navNode-2] 目标位置:(-0.25, 1.25, 1.2)-[A2]-[MCU:False]-[POS:False]
1775394792.6112163 [navNode-2] 当前位置:(-0.07317972183227539, 0.012818071991205215, -0.004823884926736355)
1775394792.6270063 [navNode-2] [INFO] [1775394792.626568475] [navNode]: MCU2 send back: Gdoing*
1775394792.6274681 [myMain-1] [INFO] [1775394792.626737023] [Ground]: MCU2 send back: Gdoing*
1775394792.7102566 [navNode-2] [INFO] [1775394792.709868597] [navNode]: 状态4：WaitAim--[A2]
1775394792.7107127 [navNode-2] [INFO] [1775394792.710461813] [navNode]: 未到目标点
1775394792.7108028 [navNode-2] 目标位置:(-0.25, 1.25, 1.2)-[A2]-[MCU:False]-[POS:False]
1775394792.7108600 [navNode-2] 当前位置:(-0.07323802262544632, 0.013002417981624603, -0.0048051318153738976)
1775394792.7475154 [myMain-1] [INFO] [1775394792.747104819] [Ground]: MCU2 send back: Gdoing*
1775394792.7493298 [navNode-2] [INFO] [1775394792.748994244] [navNode]: MCU2 send back: Gdoing*
1775394792.8101246 [navNode-2] [INFO] [1775394792.809798684] [navNode]: 状态4：WaitAim--[A2]
1775394792.8105664 [navNode-2] [INFO] [1775394792.810328775] [navNode]: 未到目标点
1775394792.8106601 [navNode-2] 目标位置:(-0.25, 1.25, 1.2)-[A2]-[MCU:False]-[POS:False]
1775394792.8107417 [navNode-2] 当前位置:(-0.07349662482738495, 0.012220027856528759, -0.005352351814508438)
1775394792.8674495 [navNode-2] [INFO] [1775394792.867046672] [navNode]: MCU2 send back: Gdoing*
1775394792.8679390 [myMain-1] [INFO] [1775394792.867047510] [Ground]: MCU2 send back: Gdoing*
1775394792.9105277 [navNode-2] [INFO] [1775394792.910164375] [navNode]: 状态4：WaitAim--[A2]
1775394792.9110217 [navNode-2] [INFO] [1775394792.910769831] [navNode]: 未到目标点
1775394792.9111228 [navNode-2] 目标位置:(-0.25, 1.25, 1.2)-[A2]-[MCU:False]-[POS:False]
1775394792.9112182 [navNode-2] 当前位置:(-0.0738045945763588, 0.011714321561157703, -0.006003011949360371)
1775394792.9876475 [navNode-2] [INFO] [1775394792.987200914] [navNode]: MCU2 send back: Gdoing*
1775394792.9882901 [myMain-1] [INFO] [1775394792.987999896] [Ground]: MCU2 send back: Gdoing*
1775394793.0109837 [navNode-2] [INFO] [1775394793.010352561] [navNode]: 状态4：WaitAim--[A2]
1775394793.0114582 [navNode-2] [INFO] [1775394793.010961766] [navNode]: 未到目标点
1775394793.0115738 [navNode-2] 目标位置:(-0.25, 1.25, 1.2)-[A2]-[MCU:False]-[POS:False]
1775394793.0116363 [navNode-2] 当前位置:(-0.07392319291830063, 0.012246708385646343, -0.005664575845003128)
1775394793.1079018 [myMain-1] [INFO] [1775394793.107511706] [Ground]: MCU2 send back: Gdoing*
1775394793.1083477 [navNode-2] [INFO] [1775394793.108202593] [navNode]: MCU2 send back: Gdoing*
1775394793.1098380 [navNode-2] [INFO] [1775394793.109566461] [navNode]: 状态4：WaitAim--[A2]
1775394793.1102228 [navNode-2] [INFO] [1775394793.110132745] [navNode]: 未到目标点
1775394793.1103077 [navNode-2] 目标位置:(-0.25, 1.25, 1.2)-[A2]-[MCU:False]-[POS:False]
1775394793.1103697 [navNode-2] 当前位置:(-0.0732879787683487, 0.012139908969402313, -0.005831353832036257)
1775394793.2106712 [navNode-2] [INFO] [1775394793.210181744] [navNode]: 状态4：WaitAim--[A2]
1775394793.2114673 [navNode-2] [INFO] [1775394793.210961996] [navNode]: 未到目标点
1775394793.2116554 [navNode-2] 目标位置:(-0.25, 1.25, 1.2)-[A2]-[MCU:False]-[POS:False]
1775394793.2117367 [navNode-2] 当前位置:(-0.07336568832397461, 0.012038963846862316, -0.005693923216313124)
1775394793.2278149 [myMain-1] [INFO] [1775394793.227395304] [Ground]: MCU2 send back: Gdoing*
1775394793.2282641 [navNode-2] [INFO] [1775394793.227432112] [navNode]: MCU2 send back: Gdoing*
1775394793.3101976 [navNode-2] [INFO] [1775394793.309769479] [navNode]: 状态4：WaitAim--[A2]
1775394793.3107281 [navNode-2] [INFO] [1775394793.310299309] [navNode]: 未到目标点
1775394793.3108237 [navNode-2] 目标位置:(-0.25, 1.25, 1.2)-[A2]-[MCU:False]-[POS:False]
1775394793.3108771 [navNode-2] 当前位置:(-0.07307091355323792, 0.012009420432150364, -0.005820717662572861)
1775394793.3483641 [myMain-1] [INFO] [1775394793.347921031] [Ground]: MCU2 send back: Gdoing*
1775394793.3487387 [navNode-2] [INFO] [1775394793.348199022] [navNode]: MCU2 send back: Gdoing*
1775394793.4107523 [navNode-2] [INFO] [1775394793.410297745] [navNode]: 状态4：WaitAim--[A2]
1775394793.4113567 [navNode-2] [INFO] [1775394793.410894007] [navNode]: 未到目标点
1775394793.4115005 [navNode-2] 目标位置:(-0.25, 1.25, 1.2)-[A2]-[MCU:False]-[POS:False]
1775394793.4115553 [navNode-2] 当前位置:(-0.07309488952159882, 0.011826610192656517, -0.005182393826544285)
1775394793.4700201 [myMain-1] [INFO] [1775394793.469289528] [Ground]: MCU2 send back: Gdoing*
1775394793.4704282 [navNode-2] [INFO] [1775394793.469468805] [navNode]: MCU2 send back: Gdoing*
1775394793.5103650 [navNode-2] [INFO] [1775394793.510050338] [navNode]: 状态4：WaitAim--[A2]
1775394793.5108986 [navNode-2] [INFO] [1775394793.510609594] [navNode]: 未到目标点
1775394793.5111682 [navNode-2] 目标位置:(-0.25, 1.25, 1.2)-[A2]-[MCU:False]-[POS:False]
1775394793.5112882 [navNode-2] 当前位置:(-0.0738295391201973, 0.011979131028056145, -0.0058639212511479855)
1775394793.5887961 [myMain-1] [INFO] [1775394793.588282348] [Ground]: MCU2 send back: Gdoing*
1775394793.5892010 [navNode-2] [INFO] [1775394793.588366400] [navNode]: MCU2 send back: Gdoing*
1775394793.6107385 [navNode-2] [INFO] [1775394793.610295365] [navNode]: 状态4：WaitAim--[A2]
1775394793.6112735 [navNode-2] [INFO] [1775394793.610830653] [navNode]: 未到目标点
1775394793.6114144 [navNode-2] 目标位置:(-0.25, 1.25, 1.2)-[A2]-[MCU:False]-[POS:False]
1775394793.6115069 [navNode-2] 当前位置:(-0.07335122674703598, 0.012230617925524712, -0.005028525833040476)
1775394793.7089319 [myMain-1] [INFO] [1775394793.708508367] [Ground]: MCU2 send back: Gdoing*
1775394793.7092857 [navNode-2] [INFO] [1775394793.708570005] [navNode]: MCU2 send back: Gdoing*
1775394793.7108312 [navNode-2] [INFO] [1775394793.710498793] [navNode]: 状态4：WaitAim--[A2]
1775394793.7113385 [navNode-2] [INFO] [1775394793.711087091] [navNode]: 未到目标点
1775394793.7114463 [navNode-2] 目标位置:(-0.25, 1.25, 1.2)-[A2]-[MCU:False]-[POS:False]
1775394793.7114999 [navNode-2] 当前位置:(-0.073621466755867, 0.011807013303041458, -0.00559761980548501)
1775394793.8106928 [navNode-2] [INFO] [1775394793.810378371] [navNode]: 状态4：WaitAim--[A2]
1775394793.8119621 [navNode-2] [INFO] [1775394793.811706584] [navNode]: 未到目标点
1775394793.8121426 [navNode-2] 目标位置:(-0.25, 1.25, 1.2)-[A2]-[MCU:False]-[POS:False]
1775394793.8122218 [navNode-2] 当前位置:(-0.07306191325187683, 0.011541937477886677, -0.005379554815590382)
1775394793.8295195 [myMain-1] [INFO] [1775394793.829049039] [Ground]: MCU2 send back: Gdoing*
1775394793.8305743 [navNode-2] [INFO] [1775394793.830271334] [navNode]: MCU2 send back: Gdoing*
1775394793.9121809 [navNode-2] [INFO] [1775394793.911627425] [navNode]: 状态4：WaitAim--[A2]
1775394793.9127865 [navNode-2] [INFO] [1775394793.912361797] [navNode]: 未到目标点
1775394793.9129534 [navNode-2] 目标位置:(-0.25, 1.25, 1.2)-[A2]-[MCU:False]-[POS:False]
1775394793.9130156 [navNode-2] 当前位置:(-0.07256996631622314, 0.01217818446457386, -0.005325417034327984)
1775394793.9490936 [myMain-1] [INFO] [1775394793.948790495] [Ground]: MCU2 send back: Gdoing*
1775394793.9494987 [navNode-2] [INFO] [1775394793.949055944] [navNode]: MCU2 send back: Gdoing*
1775394794.0104525 [navNode-2] [INFO] [1775394794.010070581] [navNode]: 状态4：WaitAim--[A2]
1775394794.0109932 [navNode-2] [INFO] [1775394794.010618411] [navNode]: 未到目标点
1775394794.0111220 [navNode-2] 目标位置:(-0.25, 1.25, 1.2)-[A2]-[MCU:False]-[POS:False]
1775394794.0111897 [navNode-2] 当前位置:(-0.07266277074813843, 0.012151486240327358, -0.0056525119580328465)
1775394794.0698860 [myMain-1] [INFO] [1775394794.069438931] [Ground]: MCU2 send back: Gdoing*
1775394794.0702851 [navNode-2] [INFO] [1775394794.069472487] [navNode]: MCU2 send back: Gdoing*
1775394794.1108623 [navNode-2] [INFO] [1775394794.110465726] [navNode]: 状态4：WaitAim--[A2]
1775394794.1114225 [navNode-2] [INFO] [1775394794.111092162] [navNode]: 未到目标点
1775394794.1115384 [navNode-2] 目标位置:(-0.25, 1.25, 1.2)-[A2]-[MCU:False]-[POS:False]
1775394794.1115930 [navNode-2] 当前位置:(-0.07253696769475937, 0.012125770561397076, -0.005825547967106104)
1775394794.1916723 [myMain-1] [INFO] [1775394794.191194387] [Ground]: MCU2 send back: Gdoing*
1775394794.1945887 [navNode-2] [INFO] [1775394794.194158874] [navNode]: MCU2 send back: Gdoing*
1775394794.2115932 [navNode-2] [INFO] [1775394794.211134701] [navNode]: 状态4：WaitAim--[A2]
1775394794.2124016 [navNode-2] [INFO] [1775394794.212149943] [navNode]: 未到目标点
1775394794.2125726 [navNode-2] 目标位置:(-0.25, 1.25, 1.2)-[A2]-[MCU:False]-[POS:False]
1775394794.2126453 [navNode-2] 当前位置:(-0.07266708463430405, 0.011847574263811111, -0.005440201610326767)
1775394794.3100545 [myMain-1] [INFO] [1775394794.309706836] [Ground]: MCU2 send back: Gdoing*
1775394794.3104951 [navNode-2] [INFO] [1775394794.310113378] [navNode]: MCU2 send back: Gdoing*
1775394794.3124626 [navNode-2] [INFO] [1775394794.312038347] [navNode]: 状态4：WaitAim--[A2]
1775394794.3130951 [navNode-2] [INFO] [1775394794.312837854] [navNode]: 未到目标点
1775394794.3133705 [navNode-2] 目标位置:(-0.25, 1.25, 1.2)-[A2]-[MCU:False]-[POS:False]
1775394794.3134532 [navNode-2] 当前位置:(-0.07295476645231247, 0.01148716825991869, -0.0064089628867805)
1775394794.4107440 [navNode-2] [INFO] [1775394794.410318569] [navNode]: 状态4：WaitAim--[A2]
1775394794.4113212 [navNode-2] [INFO] [1775394794.411146500] [navNode]: 未到目标点
1775394794.4114468 [navNode-2] 目标位置:(-0.25, 1.25, 1.2)-[A2]-[MCU:False]-[POS:False]
1775394794.4115167 [navNode-2] 当前位置:(-0.07302290201187134, 0.011364038102328777, -0.005495844874531031)
1775394794.4301414 [myMain-1] [INFO] [1775394794.429595110] [Ground]: MCU2 send back: Gdoing*
1775394794.4306116 [navNode-2] [INFO] [1775394794.429805890] [navNode]: MCU2 send back: Gdoing*
1775394794.5109930 [navNode-2] [INFO] [1775394794.510602111] [navNode]: 状态4：WaitAim--[A2]
1775394794.5114770 [navNode-2] [INFO] [1775394794.511189006] [navNode]: 未到目标点
1775394794.5115738 [navNode-2] 目标位置:(-0.25, 1.25, 1.2)-[A2]-[MCU:False]-[POS:False]
1775394794.5116456 [navNode-2] 当前位置:(-0.0731121078133583, 0.011305654421448708, -0.005951079074293375)
1775394794.5509312 [navNode-2] [INFO] [1775394794.550537360] [navNode]: MCU2 send back: Gdoing*
1775394794.5513332 [myMain-1] [INFO] [1775394794.550550340] [Ground]: MCU2 send back: Gdoing*
1775394794.6109457 [navNode-2] [INFO] [1775394794.610575015] [navNode]: 状态4：WaitAim--[A2]
1775394794.6114850 [navNode-2] [INFO] [1775394794.611149261] [navNode]: 未到目标点
1775394794.6116168 [navNode-2] 目标位置:(-0.25, 1.25, 1.2)-[A2]-[MCU:False]-[POS:False]
1775394794.6116853 [navNode-2] 当前位置:(-0.07307671010494232, 0.011441002599895, -0.005308529362082481)
1775394794.6713176 [navNode-2] [INFO] [1775394794.670897579] [navNode]: MCU2 send back: Gdoing*
1775394794.6720068 [myMain-1] [INFO] [1775394794.671444203] [Ground]: MCU2 send back: Gdoing*
1775394794.7104371 [navNode-2] [INFO] [1775394794.710054022] [navNode]: 状态4：WaitAim--[A2]
1775394794.7108910 [navNode-2] [INFO] [1775394794.710643639] [navNode]: 未到目标点
1775394794.7109821 [navNode-2] 目标位置:(-0.25, 1.25, 1.2)-[A2]-[MCU:False]-[POS:False]
1775394794.7110381 [navNode-2] 当前位置:(-0.072695791721344, 0.01153876818716526, -0.005498774349689484)
1775394794.7910531 [navNode-2] [INFO] [1775394794.790723352] [navNode]: MCU2 send back: Gdoing*
1775394794.7914629 [myMain-1] [INFO] [1775394794.790843699] [Ground]: MCU2 send back: Gdoing*
1775394794.8104820 [navNode-2] [INFO] [1775394794.810103003] [navNode]: 状态4：WaitAim--[A2]
1775394794.8110757 [navNode-2] [INFO] [1775394794.810764521] [navNode]: 未到目标点
1775394794.8112078 [navNode-2] 目标位置:(-0.25, 1.25, 1.2)-[A2]-[MCU:False]-[POS:False]
1775394794.8113050 [navNode-2] 当前位置:(-0.072677843272686, 0.012154962867498398, -0.006084343884140253)
1775394794.9105310 [navNode-2] [INFO] [1775394794.910083785] [navNode]: 状态4：WaitAim--[A2]
1775394794.9112284 [navNode-2] [INFO] [1775394794.910962855] [navNode]: 未到目标点
1775394794.9113510 [navNode-2] 目标位置:(-0.25, 1.25, 1.2)-[A2]-[MCU:False]-[POS:False]
1775394794.9114091 [navNode-2] 当前位置:(-0.07294721156358719, 0.01176459901034832, -0.005819500423967838)
1775394794.9132769 [navNode-2] [INFO] [1775394794.912526652] [navNode]: MCU2 send back: Gdoing*
1775394794.9136696 [myMain-1] [INFO] [1775394794.912910713] [Ground]: MCU2 send back: Gdoing*
1775394795.0109444 [navNode-2] [INFO] [1775394795.010489352] [navNode]: 状态4：WaitAim--[A2]
1775394795.0117238 [navNode-2] [INFO] [1775394795.011492337] [navNode]: 未到目标点
1775394795.0118957 [navNode-2] 目标位置:(-0.25, 1.25, 1.2)-[A2]-[MCU:False]-[POS:False]
1775394795.0119627 [navNode-2] 当前位置:(-0.07318044453859329, 0.011531169526278973, -0.005527071189135313)
1775394795.0333104 [navNode-2] [INFO] [1775394795.032713188] [navNode]: MCU2 send back: Gdoing*
1775394795.0338464 [myMain-1] [INFO] [1775394795.032862391] [Ground]: MCU2 send back: Gdoing*
1775394795.1105115 [navNode-2] [INFO] [1775394795.110120367] [navNode]: 状态4：WaitAim--[A2]
1775394795.1110311 [navNode-2] [INFO] [1775394795.110740501] [navNode]: 未到目标点
1775394795.1111221 [navNode-2] 目标位置:(-0.25, 1.25, 1.2)-[A2]-[MCU:False]-[POS:False]
1775394795.1111903 [navNode-2] 当前位置:(-0.07331549376249313, 0.01114904135465622, -0.004938039928674698)
1775394795.1540654 [myMain-1] [INFO] [1775394795.153500411] [Ground]: MCU2 send back: Gdoing*
1775394795.1547778 [navNode-2] [INFO] [1775394795.154401466] [navNode]: MCU2 send back: Gdoing*
1775394795.2119586 [navNode-2] [INFO] [1775394795.211498252] [navNode]: 状态4：WaitAim--[A2]
1775394795.2127047 [navNode-2] [INFO] [1775394795.212081605] [navNode]: 未到目标点
1775394795.2129259 [navNode-2] 目标位置:(-0.25, 1.25, 1.2)-[A2]-[MCU:False]-[POS:False]
1775394795.2130251 [navNode-2] 当前位置:(-0.07284137606620789, 0.01184356864541769, -0.005322029814124107)
1775394795.2739720 [navNode-2] [INFO] [1775394795.273391394] [navNode]: MCU2 send back: Gdoing*
1775394795.2750947 [myMain-1] [INFO] [1775394795.274727985] [Ground]: MCU2 send back: Gdoing*
1775394795.3104658 [navNode-2] [INFO] [1775394795.310068948] [navNode]: 状态4：WaitAim--[A2]
1775394795.3109715 [navNode-2] [INFO] [1775394795.310734392] [navNode]: 未到目标点
1775394795.3111272 [navNode-2] 目标位置:(-0.25, 1.25, 1.2)-[A2]-[MCU:False]-[POS:False]
1775394795.3112850 [navNode-2] 当前位置:(-0.07295744866132736, 0.011814753524959087, -0.005346908699721098)
1775394795.3959019 [navNode-2] [INFO] [1775394795.395515968] [navNode]: MCU2 send back: Gdoing*
1775394795.3965693 [myMain-1] [INFO] [1775394795.396383353] [Ground]: MCU2 send back: Gdoing*
1775394795.4124098 [navNode-2] [INFO] [1775394795.412056998] [navNode]: 状态4：WaitAim--[A2]
1775394795.4141371 [navNode-2] [INFO] [1775394795.413287328] [navNode]: 未到目标点
1775394795.4143636 [navNode-2] 目标位置:(-0.25, 1.25, 1.2)-[A2]-[MCU:False]-[POS:False]
1775394795.4144387 [navNode-2] 当前位置:(-0.07307226955890656, 0.011907807551324368, -0.00524772796779871)
1775394795.5107875 [navNode-2] [INFO] [1775394795.509855150] [navNode]: 状态4：WaitAim--[A2]
1775394795.5110147 [navNode-2] [INFO] [1775394795.510351994] [navNode]: 未到目标点
1775394795.5110793 [navNode-2] 目标位置:(-0.25, 1.25, 1.2)-[A2]-[MCU:False]-[POS:False]
1775394795.5111289 [navNode-2] 当前位置:(-0.07320103794336319, 0.012238150462508202, -0.005332293454557657)
1775394795.5159612 [navNode-2] [INFO] [1775394795.514107482] [navNode]: MCU2 send back: Gdoing*
1775394795.5167325 [myMain-1] [INFO] [1775394795.515348453] [Ground]: MCU2 send back: Gdoing*
1775394795.6111271 [navNode-2] [INFO] [1775394795.610430904] [navNode]: 状态4：WaitAim--[A2]
1775394795.6115842 [navNode-2] [INFO] [1775394795.611025918] [navNode]: 未到目标点
1775394795.6116755 [navNode-2] 目标位置:(-0.25, 1.25, 1.2)-[A2]-[MCU:False]-[POS:False]
1775394795.6117263 [navNode-2] 当前位置:(-0.07342753559350967, 0.011968830600380898, -0.005526039283722639)
1775394795.6341653 [navNode-2] [INFO] [1775394795.633743198] [navNode]: MCU2 send back: Gdoing*
1775394795.6345527 [myMain-1] [INFO] [1775394795.634397590] [Ground]: MCU2 send back: Gdoing*
1775394795.7102318 [navNode-2] [INFO] [1775394795.709790617] [navNode]: 状态4：WaitAim--[A2]
1775394795.7107849 [navNode-2] [INFO] [1775394795.710357325] [navNode]: 未到目标点
1775394795.7108784 [navNode-2] 目标位置:(-0.25, 1.25, 1.2)-[A2]-[MCU:False]-[POS:False]
1775394795.7109342 [navNode-2] 当前位置:(-0.07293466478586197, 0.011975396424531937, -0.005179124418646097)
1775394795.7540276 [navNode-2] [INFO] [1775394795.753701854] [navNode]: MCU2 send back: Gdoing*
1775394795.7544117 [myMain-1] [INFO] [1775394795.754002912] [Ground]: MCU2 send back: Gdoing*
1775394795.8107553 [navNode-2] [INFO] [1775394795.810158962] [navNode]: 状态4：WaitAim--[A2]
1775394795.8112257 [navNode-2] [INFO] [1775394795.810788306] [navNode]: 未到目标点
1775394795.8113136 [navNode-2] 目标位置:(-0.25, 1.25, 1.2)-[A2]-[MCU:False]-[POS:False]
1775394795.8114166 [navNode-2] 当前位置:(-0.07335671037435532, 0.012310883961617947, -0.005371349398046732)
1775394795.8748493 [navNode-2] [INFO] [1775394795.874294446] [navNode]: MCU2 send back: Gdoing*
1775394795.8752637 [myMain-1] [INFO] [1775394795.874894667] [Ground]: MCU2 send back: Gdoing*
1775394795.9105904 [navNode-2] [INFO] [1775394795.910233861] [navNode]: 状态4：WaitAim--[A2]
1775394795.9111249 [navNode-2] [INFO] [1775394795.910872999] [navNode]: 未到目标点
1775394795.9112113 [navNode-2] 目标位置:(-0.25, 1.25, 1.2)-[A2]-[MCU:False]-[POS:False]
1775394795.9112630 [navNode-2] 当前位置:(-0.07339661568403244, 0.012316861189901829, -0.005336587782949209)
1775394795.9961112 [navNode-2] [INFO] [1775394795.995784287] [navNode]: MCU2 send back: Gdoing*
1775394795.9978271 [myMain-1] [INFO] [1775394795.997527368] [Ground]: MCU2 send back: Gdoing*
1775394796.0107160 [navNode-2] [INFO] [1775394796.010355938] [navNode]: 状态4：WaitAim--[A2]
1775394796.0111520 [navNode-2] [INFO] [1775394796.010912731] [navNode]: 未到目标点
1775394796.0113077 [navNode-2] 目标位置:(-0.25, 1.25, 1.2)-[A2]-[MCU:False]-[POS:False]
1775394796.0113790 [navNode-2] 当前位置:(-0.07365264743566513, 0.012242374941706657, -0.004709701053798199)
1775394796.1107759 [navNode-2] [INFO] [1775394796.110291724] [navNode]: 状态4：WaitAim--[A2]
1775394796.1122124 [navNode-2] [INFO] [1775394796.111803613] [navNode]: 未到目标点
1775394796.1124053 [navNode-2] 目标位置:(-0.25, 1.25, 1.2)-[A2]-[MCU:False]-[POS:False]
1775394796.1124656 [navNode-2] 当前位置:(-0.0741395577788353, 0.011537192389369011, -0.004880799446254969)
1775394796.1156378 [navNode-2] [INFO] [1775394796.115172826] [navNode]: MCU2 send back: Gdoing*
1775394796.1161935 [myMain-1] [INFO] [1775394796.115604348] [Ground]: MCU2 send back: Gdoing*
1775394796.2111111 [navNode-2] [INFO] [1775394796.210232899] [navNode]: 状态4：WaitAim--[A2]
1775394796.2121868 [navNode-2] [INFO] [1775394796.211806934] [navNode]: 未到目标点
1775394796.2123709 [navNode-2] 目标位置:(-0.25, 1.25, 1.2)-[A2]-[MCU:False]-[POS:False]
1775394796.2124779 [navNode-2] 当前位置:(-0.07346594333648682, 0.012208646163344383, -0.004663871601223946)
1775394796.2352238 [navNode-2] [INFO] [1775394796.234877324] [navNode]: MCU2 send back: Gdoing*
1775394796.2365704 [myMain-1] [INFO] [1775394796.236257422] [Ground]: MCU2 send back: Gdoing*
1775394796.3110890 [navNode-2] [INFO] [1775394796.310177990] [navNode]: 状态4：WaitAim--[A2]
1775394796.3113394 [navNode-2] [INFO] [1775394796.310724741] [navNode]: 未到目标点
1775394796.3114030 [navNode-2] 目标位置:(-0.25, 1.25, 1.2)-[A2]-[MCU:False]-[POS:False]
1775394796.3114536 [navNode-2] 当前位置:(-0.07336175441741943, 0.011756690219044685, -0.004598821047693491)
1775394796.3554404 [myMain-1] [INFO] [1775394796.355070805] [Ground]: MCU2 send back: Gdoing*
1775394796.3565280 [navNode-2] [INFO] [1775394796.356181160] [navNode]: MCU2 send back: Gdoing*
1775394796.4110632 [navNode-2] [INFO] [1775394796.410419313] [navNode]: 状态4：WaitAim--[A2]
1775394796.4118102 [navNode-2] [INFO] [1775394796.410990875] [navNode]: 未到目标点
1775394796.4119577 [navNode-2] 目标位置:(-0.25, 1.25, 1.2)-[A2]-[MCU:False]-[POS:False]
1775394796.4120171 [navNode-2] 当前位置:(-0.07314352691173553, 0.012192894704639912, -0.00553232803940773)
1775394796.4765797 [myMain-1] [INFO] [1775394796.475901955] [Ground]: MCU2 send back: Gdoing*
1775394796.4781404 [navNode-2] [INFO] [1775394796.477800301] [navNode]: MCU2 send back: Gdoing*
1775394796.5107946 [navNode-2] [INFO] [1775394796.510375086] [navNode]: 状态4：WaitAim--[A2]
1775394796.5113099 [navNode-2] [INFO] [1775394796.511175846] [navNode]: 未到目标点
1775394796.5114005 [navNode-2] 目标位置:(-0.25, 1.25, 1.2)-[A2]-[MCU:False]-[POS:False]
1775394796.5115128 [navNode-2] 当前位置:(-0.07369121164083481, 0.012366767972707748, -0.004750046879053116)
1775394796.5972981 [navNode-2] [INFO] [1775394796.596702979] [navNode]: MCU2 send back: Gdoing*
1775394796.6012361 [myMain-1] [INFO] [1775394796.600898526] [Ground]: MCU2 send back: Gdoing*
1775394796.6103191 [navNode-2] [INFO] [1775394796.609945908] [navNode]: 状态4：WaitAim--[A2]
1775394796.6109915 [navNode-2] [INFO] [1775394796.610484237] [navNode]: 未到目标点
1775394796.6111717 [navNode-2] 目标位置:(-0.25, 1.25, 1.2)-[A2]-[MCU:False]-[POS:False]
1775394796.6112981 [navNode-2] 当前位置:(-0.07403051853179932, 0.012148995883762836, -0.005175620783120394)
1775394796.7108173 [navNode-2] [INFO] [1775394796.710307510] [navNode]: 状态4：WaitAim--[A2]
1775394796.7112892 [navNode-2] [INFO] [1775394796.710915483] [navNode]: 未到目标点
1775394796.7113976 [navNode-2] 目标位置:(-0.25, 1.25, 1.2)-[A2]-[MCU:False]-[POS:False]
1775394796.7114801 [navNode-2] 当前位置:(-0.07384241372346878, 0.012036983855068684, -0.004941157065331936)
1775394796.7184026 [navNode-2] [INFO] [1775394796.718062196] [navNode]: MCU2 send back: Gdoing*
1775394796.7189674 [myMain-1] [INFO] [1775394796.718813195] [Ground]: MCU2 send back: Gdoing*
1775394796.8103757 [navNode-2] [INFO] [1775394796.810043749] [navNode]: 状态4：WaitAim--[A2]
1775394796.8107798 [navNode-2] [INFO] [1775394796.810523615] [navNode]: 未到目标点
1775394796.8109207 [navNode-2] 目标位置:(-0.25, 1.25, 1.2)-[A2]-[MCU:False]-[POS:False]
1775394796.8109703 [navNode-2] 当前位置:(-0.07382957637310028, 0.011704492382705212, -0.005871536210179329)
1775394796.8364506 [navNode-2] [INFO] [1775394796.836105240] [navNode]: MCU2 send back: Gdoing*
1775394796.8367317 [myMain-1] [INFO] [1775394796.836161931] [Ground]: MCU2 send back: Gdoing*
1775394796.9102938 [navNode-2] [INFO] [1775394796.909942542] [navNode]: 状态4：WaitAim--[A2]
1775394796.9107308 [navNode-2] [INFO] [1775394796.910532891] [navNode]: 未到目标点
1775394796.9108133 [navNode-2] 目标位置:(-0.25, 1.25, 1.2)-[A2]-[MCU:False]-[POS:False]
1775394796.9108582 [navNode-2] 当前位置:(-0.07340223342180252, 0.011628604494035244, -0.005539005622267723)
1775394796.9570432 [myMain-1] [INFO] [1775394796.956075780] [Ground]: MCU2 send back: Gdoing*
1775394796.9574287 [navNode-2] [INFO] [1775394796.956644568] [navNode]: MCU2 send back: Gdoing*
1775394797.0108418 [navNode-2] [INFO] [1775394797.010488095] [navNode]: 状态4：WaitAim--[A2]
1775394797.0114284 [navNode-2] [INFO] [1775394797.011287723] [navNode]: 未到目标点
1775394797.0115545 [navNode-2] 目标位置:(-0.25, 1.25, 1.2)-[A2]-[MCU:False]-[POS:False]
1775394797.0116012 [navNode-2] 当前位置:(-0.0729060247540474, 0.012113629840314388, -0.004801670555025339)
1775394797.0783930 [myMain-1] [INFO] [1775394797.077817909] [Ground]: MCU2 send back: Gdoing*
1775394797.0794036 [navNode-2] [INFO] [1775394797.078855686] [navNode]: MCU2 send back: Gdoing*
1775394797.1108637 [navNode-2] [INFO] [1775394797.110401656] [navNode]: 状态4：WaitAim--[A2]
1775394797.1115408 [navNode-2] [INFO] [1775394797.111295666] [navNode]: 未到目标点
1775394797.1117234 [navNode-2] 目标位置:(-0.25, 1.25, 1.2)-[A2]-[MCU:False]-[POS:False]
1775394797.1118133 [navNode-2] 当前位置:(-0.07345587015151978, 0.011717023327946663, -0.005070757120847702)
1775394797.1984172 [myMain-1] [INFO] [1775394797.197210990] [Ground]: MCU2 send back: Gdoing*
1775394797.1988497 [navNode-2] [INFO] [1775394797.197981263] [navNode]: MCU2 send back: Gdoing*
1775394797.2104881 [navNode-2] [INFO] [1775394797.210140356] [navNode]: 状态4：WaitAim--[A2]
1775394797.2110381 [navNode-2] [INFO] [1775394797.210872141] [navNode]: 未到目标点
1775394797.2112002 [navNode-2] 目标位置:(-0.25, 1.25, 1.2)-[A2]-[MCU:False]-[POS:False]
1775394797.2112854 [navNode-2] 当前位置:(-0.07354523986577988, 0.01187139842659235, -0.0050541856326162815)
1775394797.3111660 [navNode-2] [INFO] [1775394797.310202203] [navNode]: 状态4：WaitAim--[A2]
1775394797.3114059 [navNode-2] [INFO] [1775394797.310773363] [navNode]: 未到目标点
1775394797.3114667 [navNode-2] 目标位置:(-0.25, 1.25, 1.2)-[A2]-[MCU:False]-[POS:False]
1775394797.3115289 [navNode-2] 当前位置:(-0.07307334989309311, 0.011661861091852188, -0.006102827377617359)
1775394797.3175199 [navNode-2] [INFO] [1775394797.316536756] [navNode]: MCU2 send back: Gdoing*
1775394797.3180015 [myMain-1] [INFO] [1775394797.317205861] [Ground]: MCU2 send back: Gdoing*
1775394797.4114804 [navNode-2] [INFO] [1775394797.410489603] [navNode]: 状态4：WaitAim--[A2]
1775394797.4116819 [navNode-2] [INFO] [1775394797.411075430] [navNode]: 未到目标点
1775394797.4117422 [navNode-2] 目标位置:(-0.25, 1.25, 1.2)-[A2]-[MCU:False]-[POS:False]
1775394797.4118254 [navNode-2] 当前位置:(-0.07296750694513321, 0.011537685990333557, -0.005771473981440067)
1775394797.4376886 [navNode-2] [INFO] [1775394797.436517639] [navNode]: MCU2 send back: Gdoing*
1775394797.4380922 [myMain-1] [INFO] [1775394797.437325139] [Ground]: MCU2 send back: Gdoing*
1775394797.5100870 [navNode-2] [INFO] [1775394797.509751890] [navNode]: 状态4：WaitAim--[A2]
1775394797.5105319 [navNode-2] [INFO] [1775394797.510262275] [navNode]: 未到目标点
1775394797.5106852 [navNode-2] 目标位置:(-0.25, 1.25, 1.2)-[A2]-[MCU:False]-[POS:False]
1775394797.5107725 [navNode-2] 当前位置:(-0.07335354387760162, 0.011690100654959679, -0.005304933059960604)
1775394797.5583031 [myMain-1] [INFO] [1775394797.557953870] [Ground]: MCU2 send back: Gdoing*
1775394797.5589690 [navNode-2] [INFO] [1775394797.558533088] [navNode]: MCU2 send back: Gdoing*
1775394797.6105063 [navNode-2] [INFO] [1775394797.610182085] [navNode]: 状态4：WaitAim--[A2]
1775394797.6109681 [navNode-2] [INFO] [1775394797.610683774] [navNode]: 未到目标点
1775394797.6110721 [navNode-2] 目标位置:(-0.25, 1.25, 1.2)-[A2]-[MCU:False]-[POS:False]
1775394797.6111264 [navNode-2] 当前位置:(-0.07334402203559875, 0.01209693867713213, -0.005454526748508215)
1775394797.6779311 [navNode-2] [INFO] [1775394797.677613647] [navNode]: MCU2 send back: Gdoing*
1775394797.6783075 [myMain-1] [INFO] [1775394797.677692198] [Ground]: MCU2 send back: Gdoing*
1775394797.7104676 [navNode-2] [INFO] [1775394797.710051040] [navNode]: 状态4：WaitAim--[A2]
1775394797.7109964 [navNode-2] [INFO] [1775394797.710618665] [navNode]: 未到目标点
1775394797.7110929 [navNode-2] 目标位置:(-0.25, 1.25, 1.2)-[A2]-[MCU:False]-[POS:False]
1775394797.7111437 [navNode-2] 当前位置:(-0.0731181874871254, 0.01140221580862999, -0.005127827171236277)
1775394797.7988391 [myMain-1] [INFO] [1775394797.797824398] [Ground]: MCU2 send back: Gdoing*
1775394797.7992349 [navNode-2] [INFO] [1775394797.797824658] [navNode]: MCU2 send back: Gdoing*
1775394797.8102624 [navNode-2] [INFO] [1775394797.809947129] [navNode]: 状态4：WaitAim--[A2]
1775394797.8107007 [navNode-2] [INFO] [1775394797.810440748] [navNode]: 未到目标点
1775394797.8107772 [navNode-2] 目标位置:(-0.25, 1.25, 1.2)-[A2]-[MCU:False]-[POS:False]
1775394797.8108270 [navNode-2] 当前位置:(-0.07306301593780518, 0.011653117835521698, -0.004518589936196804)
1775394797.9105818 [navNode-2] [INFO] [1775394797.909985320] [navNode]: 状态4：WaitAim--[A2]
1775394797.9110088 [navNode-2] [INFO] [1775394797.910436152] [navNode]: 未到目标点
1775394797.9111199 [navNode-2] 目标位置:(-0.25, 1.25, 1.2)-[A2]-[MCU:False]-[POS:False]
1775394797.9111743 [navNode-2] 当前位置:(-0.07303553074598312, 0.01186357717961073, -0.0048033008351922035)
1775394797.9182680 [myMain-1] [INFO] [1775394797.917879302] [Ground]: MCU2 send back: Gdoing*
1775394797.9190845 [navNode-2] [INFO] [1775394797.918867945] [navNode]: MCU2 send back: Gdoing*
1775394798.0106308 [navNode-2] [INFO] [1775394798.010193636] [navNode]: 状态4：WaitAim--[A2]
1775394798.0110600 [navNode-2] [INFO] [1775394798.010738751] [navNode]: 未到目标点
1775394798.0111332 [navNode-2] 目标位置:(-0.25, 1.25, 1.2)-[A2]-[MCU:False]-[POS:False]
1775394798.0112259 [navNode-2] 当前位置:(-0.07295620441436768, 0.011642761528491974, -0.0054334127344191074)
1775394798.0372922 [myMain-1] [INFO] [1775394798.036974723] [Ground]: MCU2 send back: Gdoing*
1775394798.0376570 [navNode-2] [INFO] [1775394798.037416380] [navNode]: MCU2 send back: Gdoing*
1775394798.1101887 [navNode-2] [INFO] [1775394798.109851563] [navNode]: 状态4：WaitAim--[A2]
1775394798.1106513 [navNode-2] [INFO] [1775394798.110435745] [navNode]: 未到目标点
1775394798.1107585 [navNode-2] 目标位置:(-0.25, 1.25, 1.2)-[A2]-[MCU:False]-[POS:False]
1775394798.1108088 [navNode-2] 当前位置:(-0.0730401948094368, 0.011353055946528912, -0.0052777063101530075)
1775394798.1572137 [myMain-1] [INFO] [1775394798.156853716] [Ground]: MCU2 send back: Gdoing*
1775394798.1576507 [navNode-2] [INFO] [1775394798.156908915] [navNode]: MCU2 send back: Gdoing*
1775394798.2102687 [navNode-2] [INFO] [1775394798.209931447] [navNode]: 状态4：WaitAim--[A2]
1775394798.2107310 [navNode-2] [INFO] [1775394798.210427483] [navNode]: 未到目标点
1775394798.2108140 [navNode-2] 目标位置:(-0.25, 1.25, 1.2)-[A2]-[MCU:False]-[POS:False]
1775394798.2108643 [navNode-2] 当前位置:(-0.07355619966983795, 0.011951799504458904, -0.005020391196012497)
1775394798.2775009 [myMain-1] [INFO] [1775394798.277025698] [Ground]: MCU2 send back: Gdoing*
1775394798.2779860 [navNode-2] [INFO] [1775394798.277222152] [navNode]: MCU2 send back: Gdoing*
1775394798.3104675 [navNode-2] [INFO] [1775394798.310117605] [navNode]: 状态4：WaitAim--[A2]
1775394798.3113201 [navNode-2] [INFO] [1775394798.310952927] [navNode]: 未到目标点
1775394798.3114672 [navNode-2] 目标位置:(-0.25, 1.25, 1.2)-[A2]-[MCU:False]-[POS:False]
1775394798.3115723 [navNode-2] 当前位置:(-0.07422342151403427, 0.011692088097333908, -0.0054407985880970955)
1775394798.3992040 [myMain-1] [INFO] [1775394798.398159954] [Ground]: MCU2 send back: Gdoing*
1775394798.3995709 [navNode-2] [INFO] [1775394798.398144441] [navNode]: MCU2 send back: Gdoing*
1775394798.4101479 [navNode-2] [INFO] [1775394798.409818673] [navNode]: 状态4：WaitAim--[A2]
1775394798.4108770 [navNode-2] [INFO] [1775394798.410406186] [navNode]: 未到目标点
1775394798.4110508 [navNode-2] 目标位置:(-0.25, 1.25, 1.2)-[A2]-[MCU:False]-[POS:False]
1775394798.4111099 [navNode-2] 当前位置:(-0.07397808879613876, 0.011844917200505733, -0.00521100265905261)
1775394798.5101902 [navNode-2] [INFO] [1775394798.509811759] [navNode]: 状态4：WaitAim--[A2]
1775394798.5106416 [navNode-2] [INFO] [1775394798.510348695] [navNode]: 未到目标点
1775394798.5107453 [navNode-2] 目标位置:(-0.25, 1.25, 1.2)-[A2]-[MCU:False]-[POS:False]
1775394798.5107958 [navNode-2] 当前位置:(-0.07370205223560333, 0.01192681398242712, -0.005528015550225973)
1775394798.5188997 [navNode-2] [INFO] [1775394798.518572500] [navNode]: MCU2 send back: Gdoing*
1775394798.5192606 [myMain-1] [INFO] [1775394798.518752005] [Ground]: MCU2 send back: Gdoing*
1775394798.6112638 [navNode-2] [INFO] [1775394798.610826882] [navNode]: 状态4：WaitAim--[A2]
1775394798.6116979 [navNode-2] [INFO] [1775394798.611304483] [navNode]: 未到目标点
1775394798.6117861 [navNode-2] 目标位置:(-0.25, 1.25, 1.2)-[A2]-[MCU:False]-[POS:False]
1775394798.6118369 [navNode-2] 当前位置:(-0.07325467467308044, 0.011702554300427437, -0.00562561908736825)
1775394798.6381547 [navNode-2] [INFO] [1775394798.637668112] [navNode]: MCU2 send back: Gdoing*
1775394798.6384928 [myMain-1] [INFO] [1775394798.637751507] [Ground]: MCU2 send back: Gdoing*
1775394798.7102904 [navNode-2] [INFO] [1775394798.709951558] [navNode]: 状态4：WaitAim--[A2]
1775394798.7107525 [navNode-2] [INFO] [1775394798.710454674] [navNode]: 未到目标点
1775394798.7109907 [navNode-2] 目标位置:(-0.25, 1.25, 1.2)-[A2]-[MCU:False]-[POS:False]
1775394798.7111161 [navNode-2] 当前位置:(-0.07320879399776459, 0.011701919138431549, -0.005107170902192593)
1775394798.7632117 [navNode-2] [INFO] [1775394798.762793356] [navNode]: MCU2 send back: Gdoing*
1775394798.7636898 [myMain-1] [INFO] [1775394798.762795161] [Ground]: MCU2 send back: Gdoing*
1775394798.8100901 [navNode-2] [INFO] [1775394798.809732206] [navNode]: 状态4：WaitAim--[A2]
1775394798.8105588 [navNode-2] [INFO] [1775394798.810237057] [navNode]: 未到目标点
1775394798.8106411 [navNode-2] 目标位置:(-0.25, 1.25, 1.2)-[A2]-[MCU:False]-[POS:False]
1775394798.8107171 [navNode-2] 当前位置:(-0.07285269349813461, 0.01179787702858448, -0.005816262681037188)
1775394798.9129882 [navNode-2] [INFO] [1775394798.912693526] [navNode]: 状态4：WaitAim--[A2]
1775394798.9145312 [navNode-2] [INFO] [1775394798.914011801] [navNode]: 未到目标点
1775394798.9147022 [navNode-2] 目标位置:(-0.25, 1.25, 1.2)-[A2]-[MCU:False]-[POS:False]
1775394798.9147549 [navNode-2] 当前位置:(-0.07341598719358444, 0.011970315128564835, -0.0058868746273219585)
1775394798.9149544 [myMain-1] [INFO] [1775394798.914042037] [Ground]: MCU2 send back: Gdoing*
1775394798.9156365 [navNode-2] [INFO] [1775394798.915157923] [navNode]: MCU2 send back: Gdoing*
1775394798.9987309 [myMain-1] [INFO] [1775394798.998300286] [Ground]: MCU2 send back: Gdoing*
1775394798.9991972 [navNode-2] [INFO] [1775394798.998409542] [navNode]: MCU2 send back: Gdoing*
1775394799.0102434 [navNode-2] [INFO] [1775394799.009890519] [navNode]: 状态4：WaitAim--[A2]
1775394799.0106111 [navNode-2] [INFO] [1775394799.010450748] [navNode]: 未到目标点
1775394799.0107343 [navNode-2] 目标位置:(-0.25, 1.25, 1.2)-[A2]-[MCU:False]-[POS:False]
1775394799.0107841 [navNode-2] 当前位置:(-0.07370063662528992, 0.012165859341621399, -0.005702574271708727)
1775394799.1105385 [navNode-2] [INFO] [1775394799.110035566] [navNode]: 状态4：WaitAim--[A2]
1775394799.1109934 [navNode-2] [INFO] [1775394799.110583736] [navNode]: 未到目标点
1775394799.1111317 [navNode-2] 目标位置:(-0.25, 1.25, 1.2)-[A2]-[MCU:False]-[POS:False]
1775394799.1112151 [navNode-2] 当前位置:(-0.07307349890470505, 0.011716586537659168, -0.005237706005573273)
1775394799.1201937 [myMain-1] [INFO] [1775394799.119876772] [Ground]: MCU2 send back: Gdoing*
1775394799.1208251 [navNode-2] [INFO] [1775394799.120294811] [navNode]: MCU2 send back: Gdoing*
1775394799.2100890 [navNode-2] [INFO] [1775394799.209754569] [navNode]: 状态4：WaitAim--[A2]
1775394799.2104995 [navNode-2] [INFO] [1775394799.210302828] [navNode]: 未到目标点
1775394799.2106805 [navNode-2] 目标位置:(-0.25, 1.25, 1.2)-[A2]-[MCU:False]-[POS:False]
1775394799.2107537 [navNode-2] 当前位置:(-0.07356701046228409, 0.011531687341630459, -0.005987892858684063)
1775394799.2423398 [navNode-2] [INFO] [1775394799.241969179] [navNode]: MCU2 send back: Gdoing*
1775394799.2433412 [myMain-1] [INFO] [1775394799.243062869] [Ground]: MCU2 send back: Gdoing*
1775394799.3103967 [navNode-2] [INFO] [1775394799.309946766] [navNode]: 状态4：WaitAim--[A2]
1775394799.3109303 [navNode-2] [INFO] [1775394799.310582726] [navNode]: 未到目标点
1775394799.3110616 [navNode-2] 目标位置:(-0.25, 1.25, 1.2)-[A2]-[MCU:False]-[POS:False]
1775394799.3111331 [navNode-2] 当前位置:(-0.07336752116680145, 0.011591766029596329, -0.005352923180907965)
1775394799.3607748 [navNode-2] [INFO] [1775394799.360350310] [navNode]: MCU2 send back: Gdoing*
1775394799.3612680 [myMain-1] [INFO] [1775394799.361124120] [Ground]: MCU2 send back: Gdoing*
1775394799.4111168 [navNode-2] [INFO] [1775394799.410620000] [navNode]: 状态4：WaitAim--[A2]
1775394799.4123428 [navNode-2] [INFO] [1775394799.411925964] [navNode]: 未到目标点
1775394799.4127209 [navNode-2] 目标位置:(-0.25, 1.25, 1.2)-[A2]-[MCU:False]-[POS:False]
1775394799.4128561 [navNode-2] 当前位置:(-0.07312631607055664, 0.011752650141716003, -0.004868804477155209)
1775394799.4813817 [myMain-1] [INFO] [1775394799.480952370] [Ground]: MCU2 send back: Gdoing*
1775394799.4819989 [navNode-2] [INFO] [1775394799.481815012] [navNode]: MCU2 send back: Gdoing*
1775394799.5116043 [navNode-2] [INFO] [1775394799.511190266] [navNode]: 状态4：WaitAim--[A2]
1775394799.5121982 [navNode-2] [INFO] [1775394799.511814031] [navNode]: 未到目标点
1775394799.5124049 [navNode-2] 目标位置:(-0.25, 1.25, 1.2)-[A2]-[MCU:False]-[POS:False]
1775394799.5124998 [navNode-2] 当前位置:(-0.0732400119304657, 0.012077980674803257, -0.004693510010838509)
1775394799.6009455 [myMain-1] [INFO] [1775394799.600422108] [Ground]: MCU2 send back: Gdoing*
1775394799.6013875 [navNode-2] [INFO] [1775394799.601243886] [navNode]: MCU2 send back: Gdoing*
1775394799.6104927 [navNode-2] [INFO] [1775394799.610120610] [navNode]: 状态4：WaitAim--[A2]
1775394799.6111767 [navNode-2] [INFO] [1775394799.610883923] [navNode]: 未到目标点
1775394799.6113355 [navNode-2] 目标位置:(-0.25, 1.25, 1.2)-[A2]-[MCU:False]-[POS:False]
1775394799.6114082 [navNode-2] 当前位置:(-0.07363222539424896, 0.011766131967306137, -0.005316820926964283)
1775394799.7110219 [navNode-2] [INFO] [1775394799.710652721] [navNode]: 状态4：WaitAim--[A2]
1775394799.7116957 [navNode-2] [INFO] [1775394799.711417024] [navNode]: 未到目标点
1775394799.7119775 [navNode-2] 目标位置:(-0.25, 1.25, 1.2)-[A2]-[MCU:False]-[POS:False]
1775394799.7121229 [navNode-2] 当前位置:(-0.07392401248216629, 0.011912794783711433, -0.0051213279366493225)
1775394799.7225592 [navNode-2] [INFO] [1775394799.722215014] [navNode]: MCU2 send back: Gdoing*
1775394799.7239463 [myMain-1] [INFO] [1775394799.723692032] [Ground]: MCU2 send back: Gdoing*
1775394799.8110626 [navNode-2] [INFO] [1775394799.810744452] [navNode]: 状态4：WaitAim--[A2]
1775394799.8118145 [navNode-2] [INFO] [1775394799.811318570] [navNode]: 未到目标点
1775394799.8119473 [navNode-2] 目标位置:(-0.25, 1.25, 1.2)-[A2]-[MCU:False]-[POS:False]
1775394799.8120055 [navNode-2] 当前位置:(-0.07397578656673431, 0.012203511781990528, -0.0048389374278485775)
1775394799.8417974 [myMain-1] [INFO] [1775394799.840487716] [Ground]: MCU2 send back: Gdoing*
1775394799.8421972 [navNode-2] [INFO] [1775394799.841116591] [navNode]: MCU2 send back: Gdoing*
1775394799.9103646 [navNode-2] [INFO] [1775394799.910029412] [navNode]: 状态4：WaitAim--[A2]
1775394799.9108806 [navNode-2] [INFO] [1775394799.910591188] [navNode]: 未到目标点
1775394799.9110484 [navNode-2] 目标位置:(-0.25, 1.25, 1.2)-[A2]-[MCU:False]-[POS:False]
1775394799.9111118 [navNode-2] 当前位置:(-0.07345684617757797, 0.011849837377667427, -0.0050982581451535225)
1775394799.9615493 [navNode-2] [INFO] [1775394799.961031504] [navNode]: MCU2 send back: Gdoing*
1775394799.9620032 [myMain-1] [INFO] [1775394799.961089918] [Ground]: MCU2 send back: Gdoing*
1775394800.0108626 [navNode-2] [INFO] [1775394800.010430084] [navNode]: 状态4：WaitAim--[A2]
1775394800.0114386 [navNode-2] [INFO] [1775394800.011099737] [navNode]: 未到目标点
1775394800.0115902 [navNode-2] 目标位置:(-0.25, 1.25, 1.2)-[A2]-[MCU:False]-[POS:False]
1775394800.0116813 [navNode-2] 当前位置:(-0.07347850501537323, 0.012042822316288948, -0.004116992000490427)
1775394800.0824850 [myMain-1] [INFO] [1775394800.081967234] [Ground]: MCU2 send back: Gdoing*
1775394800.0834918 [navNode-2] [INFO] [1775394800.083166365] [navNode]: MCU2 send back: Gdoing*
1775394800.1113205 [navNode-2] [INFO] [1775394800.110395556] [navNode]: 状态4：WaitAim--[A2]
1775394800.1116018 [navNode-2] [INFO] [1775394800.110938443] [navNode]: 未到目标点
1775394800.1116908 [navNode-2] 目标位置:(-0.25, 1.25, 1.2)-[A2]-[MCU:False]-[POS:False]
1775394800.1117425 [navNode-2] 当前位置:(-0.0730823203921318, 0.011715852655470371, -0.004488097969442606)
1775394800.2032940 [myMain-1] [INFO] [1775394800.202097893] [Ground]: MCU2 send back: Gdoing*
1775394800.2040217 [navNode-2] [INFO] [1775394800.203431978] [navNode]: MCU2 send back: Gdoing*
1775394800.2111490 [navNode-2] [INFO] [1775394800.210612397] [navNode]: 状态4：WaitAim--[A2]
1775394800.2116308 [navNode-2] [INFO] [1775394800.211345327] [navNode]: 未到目标点
1775394800.2117314 [navNode-2] 目标位置:(-0.25, 1.25, 1.2)-[A2]-[MCU:False]-[POS:False]
1775394800.2117913 [navNode-2] 当前位置:(-0.0729205459356308, 0.011929749511182308, -0.00517623545601964)
1775394800.3109143 [navNode-2] [INFO] [1775394800.310464958] [navNode]: 状态4：WaitAim--[A2]
1775394800.3114254 [navNode-2] [INFO] [1775394800.311146637] [navNode]: 未到目标点
1775394800.3115335 [navNode-2] 目标位置:(-0.25, 1.25, 1.2)-[A2]-[MCU:False]-[POS:False]
1775394800.3115954 [navNode-2] 当前位置:(-0.07311361283063889, 0.011358372867107391, -0.00569683825597167)
1775394800.3219919 [myMain-1] [INFO] [1775394800.321618841] [Ground]: MCU2 send back: Gdoing*
1775394800.3223605 [navNode-2] [INFO] [1775394800.321633570] [navNode]: MCU2 send back: Gdoing*
1775394800.4109840 [navNode-2] [INFO] [1775394800.410587256] [navNode]: 状态4：WaitAim--[A2]
1775394800.4114568 [navNode-2] [INFO] [1775394800.411225192] [navNode]: 未到目标点
1775394800.4115438 [navNode-2] 目标位置:(-0.25, 1.25, 1.2)-[A2]-[MCU:False]-[POS:False]
1775394800.4115984 [navNode-2] 当前位置:(-0.07371819764375687, 0.011794469319283962, -0.005007191561162472)
1775394800.4437180 [myMain-1] [INFO] [1775394800.442969181] [Ground]: MCU2 send back: Gdoing*
1775394800.4442387 [navNode-2] [INFO] [1775394800.443240050] [navNode]: MCU2 send back: Gdoing*
1775394800.5106981 [navNode-2] [INFO] [1775394800.510336786] [navNode]: 状态4：WaitAim--[A2]
1775394800.5112481 [navNode-2] [INFO] [1775394800.510990937] [navNode]: 未到目标点
1775394800.5113776 [navNode-2] 目标位置:(-0.25, 1.25, 1.2)-[A2]-[MCU:False]-[POS:False]
1775394800.5114977 [navNode-2] 当前位置:(-0.07330530881881714, 0.011680719442665577, -0.004922456573694944)
1775394800.5631986 [myMain-1] [INFO] [1775394800.562684797] [Ground]: MCU2 send back: Gdoing*
1775394800.5640867 [navNode-2] [INFO] [1775394800.563793887] [navNode]: MCU2 send back: Gdoing*
1775394800.6104870 [navNode-2] [INFO] [1775394800.610058515] [navNode]: 状态4：WaitAim--[A2]
1775394800.6109979 [navNode-2] [INFO] [1775394800.610788594] [navNode]: 未到目标点
1775394800.6110957 [navNode-2] 目标位置:(-0.25, 1.25, 1.2)-[A2]-[MCU:False]-[POS:False]
1775394800.6111519 [navNode-2] 当前位置:(-0.07360796630382538, 0.011702600866556168, -0.004583362955600023)
1775394800.6844444 [myMain-1] [INFO] [1775394800.683580685] [Ground]: MCU2 send back: Gdoing*
1775394800.6847913 [navNode-2] [INFO] [1775394800.683597741] [navNode]: MCU2 send back: Gdoing*
1775394800.7114511 [navNode-2] [INFO] [1775394800.710974998] [navNode]: 状态4：WaitAim--[A2]
1775394800.7119076 [navNode-2] [INFO] [1775394800.711600041] [navNode]: 未到目标点
1775394800.7119892 [navNode-2] 目标位置:(-0.25, 1.25, 1.2)-[A2]-[MCU:False]-[POS:False]
1775394800.7120478 [navNode-2] 当前位置:(-0.07328204810619354, 0.012049012817442417, -0.005139356479048729)
1775394800.8039267 [navNode-2] [INFO] [1775394800.803575506] [navNode]: MCU2 send back: Gdoing*
1775394800.8043611 [myMain-1] [INFO] [1775394800.804166963] [Ground]: MCU2 send back: Gdoing*
1775394800.8103712 [navNode-2] [INFO] [1775394800.810083858] [navNode]: 状态4：WaitAim--[A2]
1775394800.8108251 [navNode-2] [INFO] [1775394800.810699447] [navNode]: 未到目标点
1775394800.8109238 [navNode-2] 目标位置:(-0.25, 1.25, 1.2)-[A2]-[MCU:False]-[POS:False]
1775394800.8109765 [navNode-2] 当前位置:(-0.0729852169752121, 0.01181937474757433, -0.005223783198744059)
1775394800.9104438 [navNode-2] [INFO] [1775394800.910048352] [navNode]: 状态4：WaitAim--[A2]
1775394800.9114277 [navNode-2] [INFO] [1775394800.910605978] [navNode]: 未到目标点
1775394800.9116471 [navNode-2] 目标位置:(-0.25, 1.25, 1.2)-[A2]-[MCU:False]-[POS:False]
1775394800.9117396 [navNode-2] 当前位置:(-0.073183573782444, 0.011758951470255852, -0.005543758627027273)
1775394800.9239016 [myMain-1] [INFO] [1775394800.923474544] [Ground]: MCU2 send back: Gdoing*
1775394800.9250941 [navNode-2] [INFO] [1775394800.924661433] [navNode]: MCU2 send back: Gdoing*
1775394801.0107925 [navNode-2] [INFO] [1775394801.010392076] [navNode]: 状态4：WaitAim--[A2]
1775394801.0112715 [navNode-2] [INFO] [1775394801.011021441] [navNode]: 未到目标点
1775394801.0113692 [navNode-2] 目标位置:(-0.25, 1.25, 1.2)-[A2]-[MCU:False]-[POS:False]
1775394801.0114293 [navNode-2] 当前位置:(-0.07271646708250046, 0.011514398269355297, -0.005642275791615248)
1775394801.0454185 [navNode-2] [INFO] [1775394801.044871970] [navNode]: MCU2 send back: Gdoing*
1775394801.0469885 [myMain-1] [INFO] [1775394801.046552474] [Ground]: MCU2 send back: Gdoing*
1775394801.1112268 [navNode-2] [INFO] [1775394801.110759465] [navNode]: 状态4：WaitAim--[A2]
1775394801.1124496 [navNode-2] [INFO] [1775394801.111952225] [navNode]: 未到目标点
1775394801.1126735 [navNode-2] 目标位置:(-0.25, 1.25, 1.2)-[A2]-[MCU:False]-[POS:False]
1775394801.1127708 [navNode-2] 当前位置:(-0.07312663644552231, 0.011269358918070793, -0.005553929600864649)
1775394801.1659679 [myMain-1] [INFO] [1775394801.165605916] [Ground]: MCU2 send back: Gdoing*
1775394801.1670752 [navNode-2] [INFO] [1775394801.166820199] [navNode]: MCU2 send back: Gdoing*
1775394801.2109563 [navNode-2] [INFO] [1775394801.210615141] [navNode]: 状态4：WaitAim--[A2]
1775394801.2114112 [navNode-2] [INFO] [1775394801.211183813] [navNode]: 未到目标点
1775394801.2115271 [navNode-2] 目标位置:(-0.25, 1.25, 1.2)-[A2]-[MCU:False]-[POS:False]
1775394801.2115872 [navNode-2] 当前位置:(-0.0734826922416687, 0.011457422748208046, -0.005392070394009352)
1775394801.2845323 [navNode-2] [INFO] [1775394801.284214293] [navNode]: MCU2 send back: Gdoing*
1775394801.2851887 [myMain-1] [INFO] [1775394801.285019895] [Ground]: MCU2 send back: Gdoing*
1775394801.3105600 [navNode-2] [INFO] [1775394801.310177957] [navNode]: 状态4：WaitAim--[A2]
1775394801.3111880 [navNode-2] [INFO] [1775394801.310751398] [navNode]: 未到目标点
1775394801.3113146 [navNode-2] 目标位置:(-0.25, 1.25, 1.2)-[A2]-[MCU:False]-[POS:False]
1775394801.3113780 [navNode-2] 当前位置:(-0.07354225218296051, 0.011648275889456272, -0.005335713736712933)
1775394801.4045429 [myMain-1] [INFO] [1775394801.404230942] [Ground]: MCU2 send back: Gdoing*
1775394801.4049804 [navNode-2] [INFO] [1775394801.404363929] [navNode]: MCU2 send back: Gdoing*
1775394801.4105086 [navNode-2] [INFO] [1775394801.410236283] [navNode]: 状态4：WaitAim--[A2]
1775394801.4108913 [navNode-2] [INFO] [1775394801.410796360] [navNode]: 未到目标点
1775394801.4109764 [navNode-2] 目标位置:(-0.25, 1.25, 1.2)-[A2]-[MCU:False]-[POS:False]
1775394801.4110272 [navNode-2] 当前位置:(-0.07368815690279007, 0.011317254044115543, -0.004359308164566755)
1775394801.5101204 [navNode-2] [INFO] [1775394801.509802548] [navNode]: 状态4：WaitAim--[A2]
1775394801.5106032 [navNode-2] [INFO] [1775394801.510282977] [navNode]: 未到目标点
1775394801.5107374 [navNode-2] 目标位置:(-0.25, 1.25, 1.2)-[A2]-[MCU:False]-[POS:False]
1775394801.5108464 [navNode-2] 当前位置:(-0.07351290434598923, 0.010969500988721848, -0.005422030575573444)
1775394801.5248172 [myMain-1] [INFO] [1775394801.524419448] [Ground]: MCU2 send back: Gdoing*
1775394801.5252273 [navNode-2] [INFO] [1775394801.524426240] [navNode]: MCU2 send back: Gdoing*
1775394801.6102216 [navNode-2] [INFO] [1775394801.609830826] [navNode]: 状态4：WaitAim--[A2]
1775394801.6107123 [navNode-2] [INFO] [1775394801.610369683] [navNode]: 未到目标点
1775394801.6108072 [navNode-2] 目标位置:(-0.25, 1.25, 1.2)-[A2]-[MCU:False]-[POS:False]
1775394801.6108863 [navNode-2] 当前位置:(-0.0736234188079834, 0.011485488153994083, -0.005313978996127844)
1775394801.6449499 [navNode-2] [INFO] [1775394801.644452693] [navNode]: MCU2 send back: Gdoing*
1775394801.6454573 [myMain-1] [INFO] [1775394801.644684754] [Ground]: MCU2 send back: Gdoing*
1775394801.7104030 [navNode-2] [INFO] [1775394801.709939706] [navNode]: 状态4：WaitAim--[A2]
1775394801.7110937 [navNode-2] [INFO] [1775394801.710499444] [navNode]: 未到目标点
1775394801.7112136 [navNode-2] 目标位置:(-0.25, 1.25, 1.2)-[A2]-[MCU:False]-[POS:False]
1775394801.7112756 [navNode-2] 当前位置:(-0.07382381707429886, 0.011172935366630554, -0.005572606809437275)
1775394801.7651970 [navNode-2] [INFO] [1775394801.764872460] [navNode]: MCU2 send back: Gdoing*
1775394801.7662523 [myMain-1] [INFO] [1775394801.766008254] [Ground]: MCU2 send back: Gdoing*
1775394801.8102889 [navNode-2] [INFO] [1775394801.809862239] [navNode]: 状态4：WaitAim--[A2]
1775394801.8108969 [navNode-2] [INFO] [1775394801.810384286] [navNode]: 未到目标点
1775394801.8110220 [navNode-2] 目标位置:(-0.25, 1.25, 1.2)-[A2]-[MCU:False]-[POS:False]
1775394801.8111486 [navNode-2] 当前位置:(-0.07361768931150436, 0.01100974902510643, -0.005277835298329592)
1775394801.8855722 [navNode-2] [INFO] [1775394801.885126868] [navNode]: MCU2 send back: Gdoing*
1775394801.8859971 [myMain-1] [INFO] [1775394801.885211072] [Ground]: MCU2 send back: Gdoing*
1775394801.9102170 [navNode-2] [INFO] [1775394801.909772034] [navNode]: 状态4：WaitAim--[A2]
1775394801.9108071 [navNode-2] [INFO] [1775394801.910266605] [navNode]: 未到目标点
1775394801.9109321 [navNode-2] 目标位置:(-0.25, 1.25, 1.2)-[A2]-[MCU:False]-[POS:False]
1775394801.9110131 [navNode-2] 当前位置:(-0.07364504039287567, 0.011496338061988354, -0.004896618891507387)
1775394802.0052118 [navNode-2] [INFO] [1775394802.004887603] [navNode]: MCU2 send back: Gdoing*
1775394802.0056183 [myMain-1] [INFO] [1775394802.005340498] [Ground]: MCU2 send back: Gdoing*
1775394802.0096674 [navNode-2] [INFO] [1775394802.009477713] [navNode]: 状态4：WaitAim--[A2]
1775394802.0100176 [navNode-2] [INFO] [1775394802.009929975] [navNode]: 未到目标点
1775394802.0101061 [navNode-2] 目标位置:(-0.25, 1.25, 1.2)-[A2]-[MCU:False]-[POS:False]
1775394802.0101879 [navNode-2] 当前位置:(-0.07381268590688705, 0.01165480725467205, -0.005473064724355936)
1775394802.1109779 [navNode-2] [INFO] [1775394802.110512055] [navNode]: 状态4：WaitAim--[A2]
1775394802.1114213 [navNode-2] [INFO] [1775394802.111176147] [navNode]: 未到目标点
1775394802.1115024 [navNode-2] 目标位置:(-0.25, 1.25, 1.2)-[A2]-[MCU:False]-[POS:False]
1775394802.1115527 [navNode-2] 当前位置:(-0.07416646182537079, 0.011777535080909729, -0.0050249951891601086)
1775394802.1270978 [navNode-2] [INFO] [1775394802.126764332] [navNode]: MCU2 send back: Gdoing*
1775394802.1274993 [myMain-1] [INFO] [1775394802.127161883] [Ground]: MCU2 send back: Gdoing*
1775394802.2102339 [navNode-2] [INFO] [1775394802.209833569] [navNode]: 状态4：WaitAim--[A2]
1775394802.2108388 [navNode-2] [INFO] [1775394802.210343277] [navNode]: 未到目标点
1775394802.2110188 [navNode-2] 目标位置:(-0.25, 1.25, 1.2)-[A2]-[MCU:False]-[POS:False]
1775394802.2110851 [navNode-2] 当前位置:(-0.0738096684217453, 0.011943179182708263, -0.004423040896654129)
1775394802.2463839 [myMain-1] [INFO] [1775394802.246031941] [Ground]: MCU2 send back: Gdoing*
1775394802.2468157 [navNode-2] [INFO] [1775394802.246101904] [navNode]: MCU2 send back: Gdoing*
1775394802.3108432 [navNode-2] [INFO] [1775394802.310374316] [navNode]: 状态4：WaitAim--[A2]
1775394802.3115125 [navNode-2] [INFO] [1775394802.310913493] [navNode]: 未到目标点
1775394802.3116555 [navNode-2] 目标位置:(-0.25, 1.25, 1.2)-[A2]-[MCU:False]-[POS:False]
1775394802.3117304 [navNode-2] 当前位置:(-0.0736304223537445, 0.01177628617733717, -0.004022603388875723)
1775394802.3662589 [navNode-2] [INFO] [1775394802.365912987] [navNode]: MCU2 send back: Gdoing*
1775394802.3667626 [myMain-1] [INFO] [1775394802.366083028] [Ground]: MCU2 send back: Gdoing*
1775394802.4107327 [navNode-2] [INFO] [1775394802.410264207] [navNode]: 状态4：WaitAim--[A2]
1775394802.4113936 [navNode-2] [INFO] [1775394802.410864157] [navNode]: 未到目标点
1775394802.4116240 [navNode-2] 目标位置:(-0.25, 1.25, 1.2)-[A2]-[MCU:False]-[POS:False]
1775394802.4117372 [navNode-2] 当前位置:(-0.07372993230819702, 0.01199366245418787, -0.004956529475748539)
1775394802.4865749 [myMain-1] [INFO] [1775394802.486228107] [Ground]: MCU2 send back: Gdoing*
1775394802.4870286 [navNode-2] [INFO] [1775394802.486901783] [navNode]: MCU2 send back: Gdoing*
1775394802.5103672 [navNode-2] [INFO] [1775394802.509944715] [navNode]: 状态4：WaitAim--[A2]
1775394802.5108838 [navNode-2] [INFO] [1775394802.510463152] [navNode]: 未到目标点
1775394802.5109787 [navNode-2] 目标位置:(-0.25, 1.25, 1.2)-[A2]-[MCU:False]-[POS:False]
1775394802.5110333 [navNode-2] 当前位置:(-0.07408105581998825, 0.012216920964419842, -0.0055259820073843)
1775394802.6064324 [myMain-1] [INFO] [1775394802.606053876] [Ground]: MCU2 send back: Gdoing*
1775394802.6068759 [navNode-2] [INFO] [1775394802.606699227] [navNode]: MCU2 send back: Gdoing*
1775394802.6099768 [navNode-2] [INFO] [1775394802.609642576] [navNode]: 状态4：WaitAim--[A2]
1775394802.6104050 [navNode-2] [INFO] [1775394802.610166030] [navNode]: 未到目标点
1775394802.6105301 [navNode-2] 目标位置:(-0.25, 1.25, 1.2)-[A2]-[MCU:False]-[POS:False]
1775394802.6106393 [navNode-2] 当前位置:(-0.07410869002342224, 0.011561938561499119, -0.00470026396214962)
1775394802.7106481 [navNode-2] [INFO] [1775394802.710233065] [navNode]: 状态4：WaitAim--[A2]
1775394802.7111807 [navNode-2] [INFO] [1775394802.710802765] [navNode]: 未到目标点
1775394802.7113388 [navNode-2] 目标位置:(-0.25, 1.25, 1.2)-[A2]-[MCU:False]-[POS:False]
1775394802.7114570 [navNode-2] 当前位置:(-0.0744175985455513, 0.011990959756076336, -0.00543133495375514)
1775394802.7267134 [myMain-1] [INFO] [1775394802.726338120] [Ground]: MCU2 send back: Gdoing*
1775394802.7271156 [navNode-2] [INFO] [1775394802.726496257] [navNode]: MCU2 send back: Gdoing*
1775394802.8110063 [navNode-2] [INFO] [1775394802.810496555] [navNode]: 状态4：WaitAim--[A2]
1775394802.8114083 [navNode-2] [INFO] [1775394802.811107844] [navNode]: 未到目标点
1775394802.8114805 [navNode-2] 目标位置:(-0.25, 1.25, 1.2)-[A2]-[MCU:False]-[POS:False]
1775394802.8115287 [navNode-2] 当前位置:(-0.074225515127182, 0.012075135484337807, -0.004884491208940744)
1775394802.8469930 [myMain-1] [INFO] [1775394802.846457942] [Ground]: MCU2 send back: Gdoing*
1775394802.8473680 [navNode-2] [INFO] [1775394802.846546726] [navNode]: MCU2 send back: Gdoing*
1775394802.9102926 [navNode-2] [INFO] [1775394802.909807476] [navNode]: 状态4：WaitAim--[A2]
1775394802.9108105 [navNode-2] [INFO] [1775394802.910353894] [navNode]: 未到目标点
1775394802.9109223 [navNode-2] 目标位置:(-0.25, 1.25, 1.2)-[A2]-[MCU:False]-[POS:False]
1775394802.9109724 [navNode-2] 当前位置:(-0.07399162650108337, 0.012065106071531773, -0.005319294519722462)
1775394802.9665473 [navNode-2] [INFO] [1775394802.966204900] [navNode]: MCU2 send back: Gdoing*
1775394802.9669774 [myMain-1] [INFO] [1775394802.966374994] [Ground]: MCU2 send back: Gdoing*
1775394803.0103035 [navNode-2] [INFO] [1775394803.009941424] [navNode]: 状态4：WaitAim--[A2]
1775394803.0108926 [navNode-2] [INFO] [1775394803.010490597] [navNode]: 未到目标点
1775394803.0110185 [navNode-2] 目标位置:(-0.25, 1.25, 1.2)-[A2]-[MCU:False]-[POS:False]
1775394803.0110958 [navNode-2] 当前位置:(-0.0738428384065628, 0.01187917310744524, -0.00519865145906806)
1775394803.0877306 [myMain-1] [INFO] [1775394803.087293291] [Ground]: MCU2 send back: Gdoing*
1775394803.0882967 [navNode-2] [INFO] [1775394803.087965978] [navNode]: MCU2 send back: Gdoing*
1775394803.1104412 [navNode-2] [INFO] [1775394803.109966542] [navNode]: 状态4：WaitAim--[A2]
1775394803.1109762 [navNode-2] [INFO] [1775394803.110539873] [navNode]: 未到目标点
1775394803.1110864 [navNode-2] 目标位置:(-0.25, 1.25, 1.2)-[A2]-[MCU:False]-[POS:False]
1775394803.1111410 [navNode-2] 当前位置:(-0.07382562011480331, 0.011957541108131409, -0.005169922020286322)
1775394803.2083089 [myMain-1] [INFO] [1775394803.207935370] [Ground]: MCU2 send back: Gdoing*
1775394803.2086558 [navNode-2] [INFO] [1775394803.208093345] [navNode]: MCU2 send back: Gdoing*
1775394803.2102776 [navNode-2] [INFO] [1775394803.209954047] [navNode]: 状态4：WaitAim--[A2]
1775394803.2107651 [navNode-2] [INFO] [1775394803.210466237] [navNode]: 未到目标点
1775394803.2109194 [navNode-2] 目标位置:(-0.25, 1.25, 1.2)-[A2]-[MCU:False]-[POS:False]
1775394803.2109888 [navNode-2] 当前位置:(-0.07359852641820908, 0.011710966937243938, -0.004737359471619129)
1775394803.3111444 [navNode-2] [INFO] [1775394803.310709349] [navNode]: 状态4：WaitAim--[A2]
1775394803.3115909 [navNode-2] [INFO] [1775394803.311254303] [navNode]: 未到目标点
1775394803.3117290 [navNode-2] 目标位置:(-0.25, 1.25, 1.2)-[A2]-[MCU:False]-[POS:False]
1775394803.3120203 [navNode-2] 当前位置:(-0.07370871305465698, 0.011217345483601093, -0.004693834576755762)
1775394803.3274050 [myMain-1] [INFO] [1775394803.326825750] [Ground]: MCU2 send back: Gdoing*
1775394803.3278730 [navNode-2] [INFO] [1775394803.327290989] [navNode]: MCU2 send back: Gdoing*
1775394803.4158294 [navNode-2] [INFO] [1775394803.415469739] [navNode]: 状态4：WaitAim--[A2]
1775394803.4162393 [navNode-2] [INFO] [1775394803.416040567] [navNode]: 未到目标点
1775394803.4163134 [navNode-2] 目标位置:(-0.25, 1.25, 1.2)-[A2]-[MCU:False]-[POS:False]
1775394803.4163728 [navNode-2] 当前位置:(-0.07352565973997116, 0.01095044519752264, -0.004936036188155413)
1775394803.4486880 [myMain-1] [INFO] [1775394803.448249193] [Ground]: MCU2 send back: Gdoing*
1775394803.4495127 [navNode-2] [INFO] [1775394803.449214125] [navNode]: MCU2 send back: Gdoing*
1775394803.5114493 [navNode-2] [INFO] [1775394803.510780174] [navNode]: 状态4：WaitAim--[A2]
1775394803.5118666 [navNode-2] [INFO] [1775394803.511348350] [navNode]: 未到目标点
1775394803.5119448 [navNode-2] 目标位置:(-0.25, 1.25, 1.2)-[A2]-[MCU:False]-[POS:False]
1775394803.5120101 [navNode-2] 当前位置:(-0.0733962282538414, 0.011162549257278442, -0.005343493539839983)
1775394803.5677207 [myMain-1] [INFO] [1775394803.567223079] [Ground]: MCU2 send back: Gdoing*
1775394803.5681350 [navNode-2] [INFO] [1775394803.567453290] [navNode]: MCU2 send back: Gdoing*
1775394803.6104314 [navNode-2] [INFO] [1775394803.610089865] [navNode]: 状态4：WaitAim--[A2]
1775394803.6111653 [navNode-2] [INFO] [1775394803.610694980] [navNode]: 未到目标点
1775394803.6112857 [navNode-2] 目标位置:(-0.25, 1.25, 1.2)-[A2]-[MCU:False]-[POS:False]
1775394803.6113391 [navNode-2] 当前位置:(-0.07354889810085297, 0.010738137178122997, -0.005706506781280041)
1775394803.6877704 [navNode-2] [INFO] [1775394803.687468234] [navNode]: MCU2 send back: Gdoing*
1775394803.6881974 [myMain-1] [INFO] [1775394803.687835680] [Ground]: MCU2 send back: Gdoing*
1775394803.7108395 [navNode-2] [INFO] [1775394803.710405499] [navNode]: 状态4：WaitAim--[A2]
1775394803.7113917 [navNode-2] [INFO] [1775394803.711152019] [navNode]: 未到目标点
1775394803.7114894 [navNode-2] 目标位置:(-0.25, 1.25, 1.2)-[A2]-[MCU:False]-[POS:False]
1775394803.7115369 [navNode-2] 当前位置:(-0.07391322404146194, 0.01103440672159195, -0.005347034893929958)
1775394803.8083634 [myMain-1] [INFO] [1775394803.808052640] [Ground]: MCU2 send back: Gdoing*
1775394803.8088124 [navNode-2] [INFO] [1775394803.808539287] [navNode]: MCU2 send back: Gdoing*
1775394803.8104079 [navNode-2] [INFO] [1775394803.810213601] [navNode]: 状态4：WaitAim--[A2]
1775394803.8109367 [navNode-2] [INFO] [1775394803.810753092] [navNode]: 未到目标点
1775394803.8110452 [navNode-2] 目标位置:(-0.25, 1.25, 1.2)-[A2]-[MCU:False]-[POS:False]
1775394803.8110945 [navNode-2] 当前位置:(-0.0739143043756485, 0.01119138952344656, -0.005183589644730091)
1775394803.9107480 [navNode-2] [INFO] [1775394803.910270628] [navNode]: 状态4：WaitAim--[A2]
1775394803.9112329 [navNode-2] [INFO] [1775394803.910914289] [navNode]: 未到目标点
1775394803.9113591 [navNode-2] 目标位置:(-0.25, 1.25, 1.2)-[A2]-[MCU:False]-[POS:False]
1775394803.9114158 [navNode-2] 当前位置:(-0.07346795499324799, 0.011134621687233448, -0.005291078705340624)
1775394803.9293857 [navNode-2] [INFO] [1775394803.929017189] [navNode]: MCU2 send back: Gdoing*
1775394803.9299850 [myMain-1] [INFO] [1775394803.929808828] [Ground]: MCU2 send back: Gdoing*
1775394804.0103371 [navNode-2] [INFO] [1775394804.009970354] [navNode]: 状态4：WaitAim--[A2]
1775394804.0108619 [navNode-2] [INFO] [1775394804.010540294] [navNode]: 未到目标点
1775394804.0109644 [navNode-2] 目标位置:(-0.25, 1.25, 1.2)-[A2]-[MCU:False]-[POS:False]
1775394804.0110271 [navNode-2] 当前位置:(-0.0735292136669159, 0.011206488125026226, -0.004908223636448383)
1775394804.0482557 [navNode-2] [INFO] [1775394804.047917260] [navNode]: MCU2 send back: Gdoing*
1775394804.0486538 [myMain-1] [INFO] [1775394804.048306889] [Ground]: MCU2 send back: Gdoing*
1775394804.1103358 [navNode-2] [INFO] [1775394804.110036515] [navNode]: 状态4：WaitAim--[A2]
1775394804.1107440 [navNode-2] [INFO] [1775394804.110496658] [navNode]: 未到目标点
1775394804.1108265 [navNode-2] 目标位置:(-0.25, 1.25, 1.2)-[A2]-[MCU:False]-[POS:False]
1775394804.1108701 [navNode-2] 当前位置:(-0.07340634614229202, 0.01148906722664833, -0.005197867285460234)
1775394804.1698968 [navNode-2] [INFO] [1775394804.169559961] [navNode]: MCU2 send back: Gdoing*
1775394804.1702447 [myMain-1] [INFO] [1775394804.169681733] [Ground]: MCU2 send back: Gdoing*
1775394804.2100983 [navNode-2] [INFO] [1775394804.209802483] [navNode]: 状态4：WaitAim--[A2]
1775394804.2105689 [navNode-2] [INFO] [1775394804.210261284] [navNode]: 未到目标点
1775394804.2106762 [navNode-2] 目标位置:(-0.25, 1.25, 1.2)-[A2]-[MCU:False]-[POS:False]
1775394804.2107277 [navNode-2] 当前位置:(-0.07329203188419342, 0.011175138875842094, -0.0050905803218483925)
1775394804.2892189 [myMain-1] [INFO] [1775394804.288736592] [Ground]: MCU2 send back: Gdoing*
1775394804.2895868 [navNode-2] [INFO] [1775394804.288744012] [navNode]: MCU2 send back: Gdoing*
1775394804.3109245 [navNode-2] [INFO] [1775394804.310562895] [navNode]: 状态4：WaitAim--[A2]
1775394804.3118060 [navNode-2] [INFO] [1775394804.311185685] [navNode]: 未到目标点
1775394804.3119555 [navNode-2] 目标位置:(-0.25, 1.25, 1.2)-[A2]-[MCU:False]-[POS:False]
1775394804.3120089 [navNode-2] 当前位置:(-0.07340627908706665, 0.011318833567202091, -0.004725563805550337)
1775394804.4093235 [navNode-2] [INFO] [1775394804.408991900] [navNode]: MCU2 send back: Gdoing*
1775394804.4096918 [myMain-1] [INFO] [1775394804.409030547] [Ground]: MCU2 send back: Gdoing*
1775394804.4111221 [navNode-2] [INFO] [1775394804.410813346] [navNode]: 状态4：WaitAim--[A2]
1775394804.4114680 [navNode-2] [INFO] [1775394804.411315738] [navNode]: 未到目标点
1775394804.4115422 [navNode-2] 目标位置:(-0.25, 1.25, 1.2)-[A2]-[MCU:False]-[POS:False]
1775394804.4115887 [navNode-2] 当前位置:(-0.07321400940418243, 0.011434944346547127, -0.005280818324536085)
1775394804.5105031 [navNode-2] [INFO] [1775394804.510067606] [navNode]: 状态4：WaitAim--[A2]
1775394804.5109825 [navNode-2] [INFO] [1775394804.510547628] [navNode]: 未到目标点
1775394804.5110946 [navNode-2] 目标位置:(-0.25, 1.25, 1.2)-[A2]-[MCU:False]-[POS:False]
1775394804.5111463 [navNode-2] 当前位置:(-0.0734599232673645, 0.01151131559163332, -0.005375965032726526)
1775394804.5293415 [navNode-2] [INFO] [1775394804.528920179] [navNode]: MCU2 send back: Gdoing*
1775394804.5297191 [myMain-1] [INFO] [1775394804.528936413] [Ground]: MCU2 send back: Gdoing*
1775394804.6107750 [navNode-2] [INFO] [1775394804.610291274] [navNode]: 状态4：WaitAim--[A2]
1775394804.6133447 [navNode-2] [INFO] [1775394804.612833978] [navNode]: 未到目标点
1775394804.6138372 [navNode-2] 目标位置:(-0.25, 1.25, 1.2)-[A2]-[MCU:False]-[POS:False]
1775394804.6139824 [navNode-2] 当前位置:(-0.07305796444416046, 0.011240677908062935, -0.005197306629270315)
1775394804.6501420 [navNode-2] [INFO] [1775394804.649786837] [navNode]: MCU2 send back: Gdoing*
1775394804.6505475 [myMain-1] [INFO] [1775394804.649813387] [Ground]: MCU2 send back: Gdoing*
1775394804.7105563 [navNode-2] [INFO] [1775394804.710174130] [navNode]: 状态4：WaitAim--[A2]
1775394804.7110713 [navNode-2] [INFO] [1775394804.710940780] [navNode]: 未到目标点
1775394804.7111673 [navNode-2] 目标位置:(-0.25, 1.25, 1.2)-[A2]-[MCU:False]-[POS:False]
1775394804.7112274 [navNode-2] 当前位置:(-0.0728539302945137, 0.011570075526833534, -0.005414329003542662)
1775394804.7698917 [navNode-2] [INFO] [1775394804.769504416] [navNode]: MCU2 send back: Gdoing*
1775394804.7703702 [myMain-1] [INFO] [1775394804.769705628] [Ground]: MCU2 send back: Gdoing*
1775394804.8103147 [navNode-2] [INFO] [1775394804.809951857] [navNode]: 状态4：WaitAim--[A2]
1775394804.8107433 [navNode-2] [INFO] [1775394804.810566372] [navNode]: 未到目标点
1775394804.8108177 [navNode-2] 目标位置:(-0.25, 1.25, 1.2)-[A2]-[MCU:False]-[POS:False]
1775394804.8108630 [navNode-2] 当前位置:(-0.07263680547475815, 0.01144641824066639, -0.005020958371460438)
1775394804.8896418 [navNode-2] [INFO] [1775394804.889245857] [navNode]: MCU2 send back: Gdoing*
1775394804.8900733 [myMain-1] [INFO] [1775394804.889246841] [Ground]: MCU2 send back: Gdoing*
1775394804.9104071 [navNode-2] [INFO] [1775394804.909951270] [navNode]: 状态4：WaitAim--[A2]
1775394804.9109371 [navNode-2] [INFO] [1775394804.910512534] [navNode]: 未到目标点
1775394804.9110456 [navNode-2] 目标位置:(-0.25, 1.25, 1.2)-[A2]-[MCU:False]-[POS:False]
1775394804.9111037 [navNode-2] 当前位置:(-0.07253815978765488, 0.011578172445297241, -0.004863618407398462)
1775394805.0097661 [navNode-2] [INFO] [1775394805.009398812] [navNode]: MCU2 send back: Gdoing*
1775394805.0108509 [navNode-2] [INFO] [1775394805.010618482] [navNode]: 状态4：WaitAim--[A2]
1775394805.0111704 [myMain-1] [INFO] [1775394805.011047006] [Ground]: MCU2 send back: Gdoing*
1775394805.0115371 [navNode-2] [INFO] [1775394805.011399195] [navNode]: 未到目标点
1775394805.0116677 [navNode-2] 目标位置:(-0.25, 1.25, 1.2)-[A2]-[MCU:False]-[POS:False]
1775394805.0117280 [navNode-2] 当前位置:(-0.0729706883430481, 0.012023885734379292, -0.004736626986414194)
1775394805.1109054 [navNode-2] [INFO] [1775394805.110526042] [navNode]: 状态4：WaitAim--[A2]
1775394805.1112993 [navNode-2] [INFO] [1775394805.111078270] [navNode]: 未到目标点
1775394805.1113706 [navNode-2] 目标位置:(-0.25, 1.25, 1.2)-[A2]-[MCU:False]-[POS:False]
1775394805.1114120 [navNode-2] 当前位置:(-0.07295629382133484, 0.012272244319319725, -0.0047061992809176445)
1775394805.1301854 [navNode-2] [INFO] [1775394805.129888988] [navNode]: MCU2 send back: Gdoing*
1775394805.1305866 [myMain-1] [INFO] [1775394805.129904642] [Ground]: MCU2 send back: Gdoing*
1775394805.2106142 [navNode-2] [INFO] [1775394805.210280174] [navNode]: 状态4：WaitAim--[A2]
1775394805.2110875 [navNode-2] [INFO] [1775394805.210801556] [navNode]: 未到目标点
1775394805.2111707 [navNode-2] 目标位置:(-0.25, 1.25, 1.2)-[A2]-[MCU:False]-[POS:False]
1775394805.2112169 [navNode-2] 当前位置:(-0.07323961704969406, 0.011773101054131985, -0.005290619563311338)
1775394805.2504954 [myMain-1] [INFO] [1775394805.250144017] [Ground]: MCU2 send back: Gdoing*
1775394805.2514474 [navNode-2] [INFO] [1775394805.251188455] [navNode]: MCU2 send back: Gdoing*
1775394805.3102884 [navNode-2] [INFO] [1775394805.309944316] [navNode]: 状态4：WaitAim--[A2]
1775394805.3108609 [navNode-2] [INFO] [1775394805.310593843] [navNode]: 未到目标点
1775394805.3109882 [navNode-2] 目标位置:(-0.25, 1.25, 1.2)-[A2]-[MCU:False]-[POS:False]
1775394805.3110445 [navNode-2] 当前位置:(-0.0735333189368248, 0.01177939772605896, -0.005326719488948584)
1775394805.3707225 [myMain-1] [INFO] [1775394805.370365941] [Ground]: MCU2 send back: Gdoing*
1775394805.3710611 [navNode-2] [INFO] [1775394805.370447688] [navNode]: MCU2 send back: Gdoing*
1775394805.4109023 [navNode-2] [INFO] [1775394805.410497387] [navNode]: 状态4：WaitAim--[A2]
1775394805.4113648 [navNode-2] [INFO] [1775394805.411062351] [navNode]: 未到目标点
1775394805.4114935 [navNode-2] 目标位置:(-0.25, 1.25, 1.2)-[A2]-[MCU:False]-[POS:False]
1775394805.4115586 [navNode-2] 当前位置:(-0.07338110357522964, 0.011545690707862377, -0.005192338488996029)
1775394805.4920392 [navNode-2] [INFO] [1775394805.491635573] [navNode]: MCU2 send back: Gdoing*
1775394805.4924533 [myMain-1] [INFO] [1775394805.491728784] [Ground]: MCU2 send back: Gdoing*
1775394805.5110652 [navNode-2] [INFO] [1775394805.510231864] [navNode]: 状态4：WaitAim--[A2]
1775394805.5113745 [navNode-2] [INFO] [1775394805.510733016] [navNode]: 未到目标点
1775394805.5114851 [navNode-2] 目标位置:(-0.25, 1.25, 1.2)-[A2]-[MCU:False]-[POS:False]
1775394805.5115290 [navNode-2] 当前位置:(-0.07310455292463303, 0.011633429676294327, -0.004603723529726267)
1775394805.6119797 [myMain-1] [INFO] [1775394805.610599100] [Ground]: MCU2 send back: Gdoing*
1775394805.6123197 [navNode-2] [INFO] [1775394805.611132141] [navNode]: 状态4：WaitAim--[A2]
1775394805.6123972 [navNode-2] [INFO] [1775394805.611616210] [navNode]: 未到目标点
1775394805.6124470 [navNode-2] 目标位置:(-0.25, 1.25, 1.2)-[A2]-[MCU:False]-[POS:False]
1775394805.6124909 [navNode-2] 当前位置:(-0.07341714203357697, 0.011623140424489975, -0.005204649176448584)
1775394805.6129029 [navNode-2] [INFO] [1775394805.612680570] [navNode]: MCU2 send back: Gdoing*
1775394805.7105663 [navNode-2] [INFO] [1775394805.710210842] [navNode]: 状态4：WaitAim--[A2]
1775394805.7111733 [navNode-2] [INFO] [1775394805.710798508] [navNode]: 未到目标点
1775394805.7116346 [navNode-2] 目标位置:(-0.25, 1.25, 1.2)-[A2]-[MCU:False]-[POS:False]
1775394805.7117565 [navNode-2] 当前位置:(-0.07366781681776047, 0.01131467241793871, -0.005066715180873871)
1775394805.7323675 [navNode-2] [INFO] [1775394805.731899546] [navNode]: MCU2 send back: Gdoing*
1775394805.7327311 [myMain-1] [INFO] [1775394805.732030357] [Ground]: MCU2 send back: Gdoing*
1775394805.8103261 [navNode-2] [INFO] [1775394805.810008033] [navNode]: 状态4：WaitAim--[A2]
1775394805.8108306 [navNode-2] [INFO] [1775394805.810645436] [navNode]: 未到目标点
1775394805.8109374 [navNode-2] 目标位置:(-0.25, 1.25, 1.2)-[A2]-[MCU:False]-[POS:False]
1775394805.8109848 [navNode-2] 当前位置:(-0.07341308146715164, 0.01052126009017229, -0.005083905532956123)
1775394805.8520775 [navNode-2] [INFO] [1775394805.851690525] [navNode]: MCU2 send back: Gdoing*
1775394805.8525472 [myMain-1] [INFO] [1775394805.851886289] [Ground]: MCU2 send back: Gdoing*
1775394805.9100928 [navNode-2] [INFO] [1775394805.909764185] [navNode]: 状态4：WaitAim--[A2]
1775394805.9105165 [navNode-2] [INFO] [1775394805.910294470] [navNode]: 未到目标点
1775394805.9106045 [navNode-2] 目标位置:(-0.25, 1.25, 1.2)-[A2]-[MCU:False]-[POS:False]
1775394805.9107225 [navNode-2] 当前位置:(-0.07312782853841782, 0.011243147775530815, -0.0053292191587388515)
1775394805.9713900 [navNode-2] [INFO] [1775394805.970960603] [navNode]: MCU2 send back: Gdoing*
1775394805.9717853 [myMain-1] [INFO] [1775394805.970988471] [Ground]: MCU2 send back: Gdoing*
1775394806.0107851 [navNode-2] [INFO] [1775394806.010433104] [navNode]: 状态4：WaitAim--[A2]
1775394806.0113807 [navNode-2] [INFO] [1775394806.011033861] [navNode]: 未到目标点
1775394806.0114784 [navNode-2] 目标位置:(-0.25, 1.25, 1.2)-[A2]-[MCU:False]-[POS:False]
1775394806.0115325 [navNode-2] 当前位置:(-0.07337818294763565, 0.011118090711534023, -0.005248584318906069)
1775394806.0979650 [navNode-2] [INFO] [1775394806.097411818] [navNode]: MCU2 send back: Gdoing*
1775394806.0984240 [myMain-1] [INFO] [1775394806.097595795] [Ground]: MCU2 send back: Gdoing*
1775394806.1111228 [navNode-2] [INFO] [1775394806.110606841] [navNode]: 状态4：WaitAim--[A2]
1775394806.1115296 [navNode-2] [INFO] [1775394806.111224420] [navNode]: 未到目标点
1775394806.1116426 [navNode-2] 目标位置:(-0.25, 1.25, 1.2)-[A2]-[MCU:False]-[POS:False]
1775394806.1117277 [navNode-2] 当前位置:(-0.0732034295797348, 0.011527434922754765, -0.005438885651528835)
1775394806.2110569 [navNode-2] [INFO] [1775394806.210167290] [navNode]: 状态4：WaitAim--[A2]
1775394806.2112565 [navNode-2] [INFO] [1775394806.210680135] [navNode]: 未到目标点
1775394806.2113435 [navNode-2] 目标位置:(-0.25, 1.25, 1.2)-[A2]-[MCU:False]-[POS:False]
1775394806.2113883 [navNode-2] 当前位置:(-0.0730188861489296, 0.011360539123415947, -0.0051779309287667274)
1775394806.2116683 [myMain-1] [INFO] [1775394806.211095152] [Ground]: MCU2 send back: Gdoing*
1775394806.2119222 [navNode-2] [INFO] [1775394806.211816262] [navNode]: MCU2 send back: Gdoing*
1775394806.3109145 [navNode-2] [INFO] [1775394806.310095116] [navNode]: 状态4：WaitAim--[A2]
1775394806.3113718 [navNode-2] [INFO] [1775394806.310907655] [navNode]: 未到目标点
1775394806.3115158 [navNode-2] 目标位置:(-0.25, 1.25, 1.2)-[A2]-[MCU:False]-[POS:False]
1775394806.3115935 [navNode-2] 当前位置:(-0.07254885137081146, 0.011503078043460846, -0.005191259551793337)
1775394806.3344142 [myMain-1] [INFO] [1775394806.333799286] [Ground]: MCU2 send back: Gdoing*
1775394806.3362644 [navNode-2] [INFO] [1775394806.336029245] [navNode]: MCU2 send back: Gdoing*
1775394806.4104080 [navNode-2] [INFO] [1775394806.410069666] [navNode]: 状态4：WaitAim--[A2]
1775394806.4108455 [navNode-2] [INFO] [1775394806.410567392] [navNode]: 未到目标点
1775394806.4109263 [navNode-2] 目标位置:(-0.25, 1.25, 1.2)-[A2]-[MCU:False]-[POS:False]
1775394806.4109726 [navNode-2] 当前位置:(-0.07296975702047348, 0.011330305598676205, -0.005499671678990126)
1775394806.4525113 [navNode-2] [INFO] [1775394806.451977847] [navNode]: MCU2 send back: Gdoing*
1775394806.4528592 [myMain-1] [INFO] [1775394806.452108393] [Ground]: MCU2 send back: Gdoing*
1775394806.5106540 [navNode-2] [INFO] [1775394806.510311365] [navNode]: 状态4：WaitAim--[A2]
1775394806.5110800 [navNode-2] [INFO] [1775394806.510867305] [navNode]: 未到目标点
1775394806.5111570 [navNode-2] 目标位置:(-0.25, 1.25, 1.2)-[A2]-[MCU:False]-[POS:False]
1775394806.5112195 [navNode-2] 当前位置:(-0.07301430404186249, 0.011149297468364239, -0.0060617863200604916)
1775394806.5726638 [myMain-1] [INFO] [1775394806.572320479] [Ground]: MCU2 send back: Gdoing*
1775394806.5731599 [navNode-2] [INFO] [1775394806.572473781] [navNode]: MCU2 send back: Gdoing*
1775394806.6102579 [navNode-2] [INFO] [1775394806.609901823] [navNode]: 状态4：WaitAim--[A2]
1775394806.6106191 [navNode-2] [INFO] [1775394806.610415277] [navNode]: 未到目标点
1775394806.6107063 [navNode-2] 目标位置:(-0.25, 1.25, 1.2)-[A2]-[MCU:False]-[POS:False]
1775394806.6107523 [navNode-2] 当前位置:(-0.07305308431386948, 0.011535589583218098, -0.005503893364220858)
1775394806.6935534 [navNode-2] [INFO] [1775394806.692849282] [navNode]: MCU2 send back: Gdoing*
1775394806.6945379 [myMain-1] [INFO] [1775394806.692850346] [Ground]: MCU2 send back: Gdoing*
1775394806.7103558 [navNode-2] [INFO] [1775394806.709943670] [navNode]: 状态4：WaitAim--[A2]
1775394806.7108612 [navNode-2] [INFO] [1775394806.710455115] [navNode]: 未到目标点
1775394806.7109635 [navNode-2] 目标位置:(-0.25, 1.25, 1.2)-[A2]-[MCU:False]-[POS:False]
1775394806.7110240 [navNode-2] 当前位置:(-0.07314833998680115, 0.01139752846211195, -0.00507859094068408)
1775394806.8103559 [navNode-2] [INFO] [1775394806.809880864] [navNode]: 状态4：WaitAim--[A2]
1775394806.8107884 [navNode-2] [INFO] [1775394806.810497263] [navNode]: 未到目标点
1775394806.8108702 [navNode-2] 目标位置:(-0.25, 1.25, 1.2)-[A2]-[MCU:False]-[POS:False]
1775394806.8109255 [navNode-2] 当前位置:(-0.07386866956949234, 0.011618140153586864, -0.004347183741629124)
1775394806.8132553 [myMain-1] [INFO] [1775394806.813019030] [Ground]: MCU2 send back: Gdoing*
1775394806.8138244 [navNode-2] [INFO] [1775394806.813604854] [navNode]: MCU2 send back: Gdoing*
1775394806.9106011 [navNode-2] [INFO] [1775394806.910190987] [navNode]: 状态4：WaitAim--[A2]
1775394806.9110544 [navNode-2] [INFO] [1775394806.910810339] [navNode]: 未到目标点
1775394806.9111409 [navNode-2] 目标位置:(-0.25, 1.25, 1.2)-[A2]-[MCU:False]-[POS:False]
1775394806.9111965 [navNode-2] 当前位置:(-0.07365722954273224, 0.011910500936210155, -0.004571190103888512)
1775394807.0110798 [navNode-2] [INFO] [1775394807.010579144] [navNode]: 状态4：WaitAim--[A2]
1775394807.0115604 [navNode-2] [INFO] [1775394807.011168969] [navNode]: 未到目标点
1775394807.0116670 [navNode-2] 目标位置:(-0.25, 1.25, 1.2)-[A2]-[MCU:False]-[POS:False]
1775394807.0117254 [navNode-2] 当前位置:(-0.07367507368326187, 0.011920088902115822, -0.004728022962808609)
1775394807.0322657 [navNode-2] [INFO] [1775394807.031691569] [navNode]: MCU2 send back: Gdoing*
1775394807.0340209 [myMain-1] [INFO] [1775394807.033669715] [Ground]: MCU2 send back: Gdoing*
1775394807.0534098 [myMain-1] [INFO] [1775394807.052937216] [Ground]: MCU2 send back: Gdoing*
1775394807.0539138 [navNode-2] [INFO] [1775394807.052990119] [navNode]: MCU2 send back: Gdoing*
1775394807.1102622 [navNode-2] [INFO] [1775394807.109907726] [navNode]: 状态4：WaitAim--[A2]
1775394807.1107116 [navNode-2] [INFO] [1775394807.110541538] [navNode]: 未到目标点
1775394807.1107967 [navNode-2] 目标位置:(-0.25, 1.25, 1.2)-[A2]-[MCU:False]-[POS:False]
1775394807.1108441 [navNode-2] 当前位置:(-0.07340871542692184, 0.011749530211091042, -0.0041376762092113495)
1775394807.2102056 [navNode-2] [INFO] [1775394807.209807056] [navNode]: 状态4：WaitAim--[A2]
1775394807.2106926 [navNode-2] [INFO] [1775394807.210570288] [navNode]: 未到目标点
1775394807.2108576 [navNode-2] 目标位置:(-0.25, 1.25, 1.2)-[A2]-[MCU:False]-[POS:False]
1775394807.2109201 [navNode-2] 当前位置:(-0.07340726256370544, 0.0117391562089324, -0.004295530263334513)
1775394807.2369342 [myMain-1] [INFO] [1775394807.236324156] [Ground]: MCU2 send back: Gdoing*
1775394807.2389400 [navNode-2] [INFO] [1775394807.238186173] [navNode]: MCU2 send back: Gdoing*
1775394807.2947943 [myMain-1] [INFO] [1775394807.294323005] [Ground]: MCU2 send back: Gdoing*
1775394807.2959962 [navNode-2] [INFO] [1775394807.295766041] [navNode]: MCU2 send back: Gdoing*
1775394807.3107898 [navNode-2] [INFO] [1775394807.310418951] [navNode]: 状态4：WaitAim--[A2]
1775394807.3113949 [navNode-2] [INFO] [1775394807.311184620] [navNode]: 未到目标点
1775394807.3115354 [navNode-2] 目标位置:(-0.25, 1.25, 1.2)-[A2]-[MCU:False]-[POS:False]
1775394807.3115983 [navNode-2] 当前位置:(-0.07413706928491592, 0.011530532501637936, -0.005259309895336628)
1775394807.4102395 [navNode-2] [INFO] [1775394807.409912671] [navNode]: 状态4：WaitAim--[A2]
1775394807.4106908 [navNode-2] [INFO] [1775394807.410413524] [navNode]: 未到目标点
1775394807.4107988 [navNode-2] 目标位置:(-0.25, 1.25, 1.2)-[A2]-[MCU:False]-[POS:False]
1775394807.4108474 [navNode-2] 当前位置:(-0.07417729496955872, 0.011548198759555817, -0.00552563089877367)
1775394807.4319203 [myMain-1] [INFO] [1775394807.431262797] [Ground]: MCU2 send back: Gdoing*
1775394807.4329503 [navNode-2] [INFO] [1775394807.432611914] [navNode]: MCU2 send back: Gdoing*
1775394807.5107806 [navNode-2] [INFO] [1775394807.510207387] [navNode]: 状态4：WaitAim--[A2]
1775394807.5111744 [navNode-2] [INFO] [1775394807.510836410] [navNode]: 未到目标点
1775394807.5112510 [navNode-2] 目标位置:(-0.25, 1.25, 1.2)-[A2]-[MCU:False]-[POS:False]
1775394807.5113003 [navNode-2] 当前位置:(-0.07407861202955246, 0.01166115514934063, -0.00473666749894619)
1775394807.5753536 [myMain-1] [INFO] [1775394807.574935444] [Ground]: MCU2 send back: Gdoing*
1775394807.5776384 [navNode-2] [INFO] [1775394807.577260729] [navNode]: MCU2 send back: Gdoing*
1775394807.6103671 [navNode-2] [INFO] [1775394807.610035364] [navNode]: 状态4：WaitAim--[A2]
1775394807.6108851 [navNode-2] [INFO] [1775394807.610635953] [navNode]: 未到目标点
1775394807.6109800 [navNode-2] 目标位置:(-0.25, 1.25, 1.2)-[A2]-[MCU:False]-[POS:False]
1775394807.6110284 [navNode-2] 当前位置:(-0.07371478527784348, 0.011321520432829857, -0.005231484305113554)
1775394807.7106543 [navNode-2] [INFO] [1775394807.710245927] [navNode]: 状态4：WaitAim--[A2]
1775394807.7114871 [navNode-2] [INFO] [1775394807.711189516] [navNode]: 未到目标点
1775394807.7116103 [navNode-2] 目标位置:(-0.25, 1.25, 1.2)-[A2]-[MCU:False]-[POS:False]
1775394807.7116611 [navNode-2] 当前位置:(-0.07371478527784348, 0.011321520432829857, -0.005231484305113554)
1775394807.7313828 [myMain-1] [INFO] [1775394807.730000298] [Ground]: MCU2 send back: Gdoing*
1775394807.7336066 [navNode-2] [INFO] [1775394807.730092400] [navNode]: MCU2 send back: Gdoing*
1775394807.8108249 [navNode-2] [INFO] [1775394807.809781036] [navNode]: 状态4：WaitAim--[A2]
1775394807.8110864 [navNode-2] [INFO] [1775394807.810316233] [navNode]: 未到目标点
1775394807.8111658 [navNode-2] 目标位置:(-0.25, 1.25, 1.2)-[A2]-[MCU:False]-[POS:False]
1775394807.8112187 [navNode-2] 当前位置:(-0.07384750992059708, 0.010998418554663658, -0.0047162361443042755)
1775394807.8224478 [navNode-2] [INFO] [1775394807.822095449] [navNode]: MCU2 send back: Gdoing*
1775394807.8230574 [myMain-1] [INFO] [1775394807.822685881] [Ground]: MCU2 send back: Gdoing*
1775394807.8954237 [navNode-2] [INFO] [1775394807.895072044] [navNode]: MCU2 send back: Gdoing*
1775394807.8958573 [myMain-1] [INFO] [1775394807.895661270] [Ground]: MCU2 send back: Gdoing*
1775394807.9110205 [navNode-2] [INFO] [1775394807.910498621] [navNode]: 状态4：WaitAim--[A2]
1775394807.9121921 [navNode-2] [INFO] [1775394807.911855135] [navNode]: 未到目标点
1775394807.9123673 [navNode-2] 目标位置:(-0.25, 1.25, 1.2)-[A2]-[MCU:False]-[POS:False]
1775394807.9124320 [navNode-2] 当前位置:(-0.07417071610689163, 0.01120698917657137, -0.004822375252842903)
1775394808.0101755 [navNode-2] [INFO] [1775394808.009833564] [navNode]: 状态4：WaitAim--[A2]
1775394808.0105743 [navNode-2] [INFO] [1775394808.010417682] [navNode]: 未到目标点
1775394808.0106580 [navNode-2] 目标位置:(-0.25, 1.25, 1.2)-[A2]-[MCU:False]-[POS:False]
1775394808.0107212 [navNode-2] 当前位置:(-0.07426298409700394, 0.010951478034257889, -0.004671598318964243)
1775394808.0495696 [navNode-2] [INFO] [1775394808.049270157] [navNode]: MCU2 send back: Gdoing*
1775394808.0499289 [myMain-1] [INFO] [1775394808.049398621] [Ground]: MCU2 send back: Gdoing*
1775394808.1112456 [navNode-2] [INFO] [1775394808.110130371] [navNode]: 状态4：WaitAim--[A2]
1775394808.1114492 [navNode-2] [INFO] [1775394808.110797569] [navNode]: 未到目标点
1775394808.1115041 [navNode-2] 目标位置:(-0.25, 1.25, 1.2)-[A2]-[MCU:False]-[POS:False]
1775394808.1116428 [navNode-2] 当前位置:(-0.07372420281171799, 0.011156173422932625, -0.004224422387778759)
1775394808.1367569 [myMain-1] [INFO] [1775394808.136309689] [Ground]: MCU2 send back: Gdoing*
1775394808.1371584 [navNode-2] [INFO] [1775394808.136818993] [navNode]: MCU2 send back: Gdoing*
1775394808.2114322 [navNode-2] [INFO] [1775394808.211011821] [navNode]: 状态4：WaitAim--[A2]
1775394808.2118776 [navNode-2] [INFO] [1775394808.211480842] [navNode]: 未到目标点
1775394808.2119668 [navNode-2] 目标位置:(-0.25, 1.25, 1.2)-[A2]-[MCU:False]-[POS:False]
1775394808.2120104 [navNode-2] 当前位置:(-0.07390619069337845, 0.01111329160630703, -0.004258476197719574)
1775394808.2549624 [myMain-1] [INFO] [1775394808.254541464] [Ground]: MCU2 send back: Gdoing*
1775394808.2567468 [navNode-2] [INFO] [1775394808.256451499] [navNode]: MCU2 send back: Gdoing*
1775394808.3100913 [navNode-2] [INFO] [1775394808.309765087] [navNode]: 状态4：WaitAim--[A2]
1775394808.3104832 [navNode-2] [INFO] [1775394808.310214025] [navNode]: 未到目标点
1775394808.3105567 [navNode-2] 目标位置:(-0.25, 1.25, 1.2)-[A2]-[MCU:False]-[POS:False]
1775394808.3106077 [navNode-2] 当前位置:(-0.07435405999422073, 0.010916754603385925, -0.004413708113133907)
1775394808.4110146 [navNode-2] [INFO] [1775394808.410482335] [navNode]: 状态4：WaitAim--[A2]
1775394808.4115222 [navNode-2] [INFO] [1775394808.410982047] [navNode]: 未到目标点
1775394808.4116542 [navNode-2] 目标位置:(-0.25, 1.25, 1.2)-[A2]-[MCU:False]-[POS:False]
1775394808.4117384 [navNode-2] 当前位置:(-0.07428310066461563, 0.011190745048224926, -0.004329836927354336)
1775394808.4691341 [navNode-2] [INFO] [1775394808.468630441] [navNode]: MCU2 send back: Gdoing*
1775394808.4716740 [myMain-1] [INFO] [1775394808.471324916] [Ground]: MCU2 send back: Gdoing*
1775394808.4963870 [navNode-2] [INFO] [1775394808.495970706] [navNode]: MCU2 send back: Gdoing*
1775394808.4968667 [myMain-1] [INFO] [1775394808.496269703] [Ground]: MCU2 send back: Gdoing*
1775394808.5105963 [navNode-2] [INFO] [1775394808.510267511] [navNode]: 状态4：WaitAim--[A2]
1775394808.5110993 [navNode-2] [INFO] [1775394808.510965132] [navNode]: 未到目标点
1775394808.5112002 [navNode-2] 目标位置:(-0.25, 1.25, 1.2)-[A2]-[MCU:False]-[POS:False]
1775394808.5112507 [navNode-2] 当前位置:(-0.07412736862897873, 0.011448024772107601, -0.0046488079242408276)
1775394808.6103206 [navNode-2] [INFO] [1775394808.609906670] [navNode]: 状态4：WaitAim--[A2]
1775394808.6107707 [navNode-2] [INFO] [1775394808.610479848] [navNode]: 未到目标点
1775394808.6108580 [navNode-2] 目标位置:(-0.25, 1.25, 1.2)-[A2]-[MCU:False]-[POS:False]
1775394808.6109095 [navNode-2] 当前位置:(-0.07359371334314346, 0.011343847960233688, -0.004942458588629961)
1775394808.6472819 [navNode-2] [INFO] [1775394808.646901841] [navNode]: MCU2 send back: Gdoing*
1775394808.6508300 [myMain-1] [INFO] [1775394808.649886389] [Ground]: MCU2 send back: Gdoing*
1775394808.7103696 [navNode-2] [INFO] [1775394808.710053408] [navNode]: 状态4：WaitAim--[A2]
1775394808.7108617 [navNode-2] [INFO] [1775394808.710629709] [navNode]: 未到目标点
1775394808.7109590 [navNode-2] 目标位置:(-0.25, 1.25, 1.2)-[A2]-[MCU:False]-[POS:False]
1775394808.7110097 [navNode-2] 当前位置:(-0.07336841523647308, 0.011454123072326183, -0.004544122610241175)
1775394808.7359674 [navNode-2] [INFO] [1775394808.735494203] [navNode]: MCU2 send back: Gdoing*
1775394808.7373991 [myMain-1] [INFO] [1775394808.737044947] [Ground]: MCU2 send back: Gdoing*
1775394808.8103075 [navNode-2] [INFO] [1775394808.809960845] [navNode]: 状态4：WaitAim--[A2]
1775394808.8107512 [navNode-2] [INFO] [1775394808.810495417] [navNode]: 未到目标点
1775394808.8108354 [navNode-2] 目标位置:(-0.25, 1.25, 1.2)-[A2]-[MCU:False]-[POS:False]
1775394808.8108828 [navNode-2] 当前位置:(-0.07304181158542633, 0.01149167399853468, -0.004522568080574274)
1775394808.8564389 [navNode-2] [INFO] [1775394808.856128048] [navNode]: MCU2 send back: Gdoing*
1775394808.8569670 [myMain-1] [INFO] [1775394808.856460528] [Ground]: MCU2 send back: Gdoing*
1775394808.9107637 [navNode-2] [INFO] [1775394808.910263917] [navNode]: 状态4：WaitAim--[A2]
1775394808.9112132 [navNode-2] [INFO] [1775394808.910802266] [navNode]: 未到目标点
1775394808.9113243 [navNode-2] 目标位置:(-0.25, 1.25, 1.2)-[A2]-[MCU:False]-[POS:False]
1775394808.9114985 [navNode-2] 当前位置:(-0.07349192351102829, 0.011163696646690369, -0.0048292516730725765)
1775394809.0102668 [navNode-2] [INFO] [1775394809.009848620] [navNode]: 状态4：WaitAim--[A2]
1775394809.0108492 [navNode-2] [INFO] [1775394809.010513175] [navNode]: 未到目标点
1775394809.0109842 [navNode-2] 目标位置:(-0.25, 1.25, 1.2)-[A2]-[MCU:False]-[POS:False]
1775394809.0110521 [navNode-2] 当前位置:(-0.07352607697248459, 0.011353326961398125, -0.0049401530995965)
1775394809.0303900 [navNode-2] [INFO] [1775394809.030034890] [navNode]: MCU2 send back: Gdoing*
1775394809.0313406 [myMain-1] [INFO] [1775394809.031068522] [Ground]: MCU2 send back: Gdoing*
1775394809.0965352 [navNode-2] [INFO] [1775394809.096187902] [navNode]: MCU2 send back: Gdoing*
1775394809.0969613 [myMain-1] [INFO] [1775394809.096701984] [Ground]: MCU2 send back: Gdoing*
1775394809.1108537 [navNode-2] [INFO] [1775394809.110300977] [navNode]: 状态4：WaitAim--[A2]
1775394809.1114643 [navNode-2] [INFO] [1775394809.111075587] [navNode]: 未到目标点
1775394809.1115901 [navNode-2] 目标位置:(-0.25, 1.25, 1.2)-[A2]-[MCU:False]-[POS:False]
1775394809.1116438 [navNode-2] 当前位置:(-0.07380614429712296, 0.011553490534424782, -0.0049583641812205315)
1775394809.2110517 [navNode-2] [INFO] [1775394809.210611405] [navNode]: 状态4：WaitAim--[A2]
1775394809.2115254 [navNode-2] [INFO] [1775394809.211178229] [navNode]: 未到目标点
1775394809.2116544 [navNode-2] 目标位置:(-0.25, 1.25, 1.2)-[A2]-[MCU:False]-[POS:False]
1775394809.2117186 [navNode-2] 当前位置:(-0.07424484938383102, 0.011370467022061348, -0.004965363536030054)
1775394809.2860775 [myMain-1] [INFO] [1775394809.284933769] [Ground]: MCU2 send back: Gdoing*
1775394809.2898686 [navNode-2] [INFO] [1775394809.288822590] [navNode]: MCU2 send back: Gdoing*
1775394809.3121388 [navNode-2] [INFO] [1775394809.311008015] [navNode]: 状态4：WaitAim--[A2]
1775394809.3124831 [navNode-2] [INFO] [1775394809.311596817] [navNode]: 未到目标点
1775394809.3126507 [navNode-2] 目标位置:(-0.25, 1.25, 1.2)-[A2]-[MCU:False]-[POS:False]
1775394809.3127711 [navNode-2] 当前位置:(-0.07424400001764297, 0.010897815227508545, -0.005125795491039753)
1775394809.3368425 [myMain-1] [INFO] [1775394809.336411977] [Ground]: MCU2 send back: Gdoing*
1775394809.3381722 [navNode-2] [INFO] [1775394809.337968944] [navNode]: MCU2 send back: Gdoing*
1775394809.4120927 [navNode-2] [INFO] [1775394809.410503084] [navNode]: 状态4：WaitAim--[A2]
1775394809.4124191 [navNode-2] [INFO] [1775394809.411543255] [navNode]: 未到目标点
1775394809.4125276 [navNode-2] 目标位置:(-0.25, 1.25, 1.2)-[A2]-[MCU:False]-[POS:False]
1775394809.4126148 [navNode-2] 当前位置:(-0.07462429255247116, 0.011122534051537514, -0.00572540145367384)
1775394809.4915481 [myMain-1] [INFO] [1775394809.490831966] [Ground]: MCU2 send back: Gdoing*
1775394809.4978106 [navNode-2] [INFO] [1775394809.497397032] [navNode]: MCU2 send back: Gdoing*
1775394809.5115900 [navNode-2] [INFO] [1775394809.510070707] [navNode]: 状态4：WaitAim--[A2]
1775394809.5118995 [navNode-2] [INFO] [1775394809.510958354] [navNode]: 未到目标点
1775394809.5119963 [navNode-2] 目标位置:(-0.25, 1.25, 1.2)-[A2]-[MCU:False]-[POS:False]
1775394809.5120783 [navNode-2] 当前位置:(-0.07313203066587448, 0.011224224232137203, -0.004396887496113777)
1775394809.5772738 [navNode-2] [INFO] [1775394809.576847716] [navNode]: MCU2 send back: Gdoing*
1775394809.5777390 [myMain-1] [INFO] [1775394809.577477872] [Ground]: MCU2 send back: Gdoing*
1775394809.6118267 [navNode-2] [INFO] [1775394809.610424882] [navNode]: 状态4：WaitAim--[A2]
1775394809.6121342 [navNode-2] [INFO] [1775394809.611317901] [navNode]: 未到目标点
1775394809.6122360 [navNode-2] 目标位置:(-0.25, 1.25, 1.2)-[A2]-[MCU:False]-[POS:False]
1775394809.6123159 [navNode-2] 当前位置:(-0.0737139955163002, 0.01072720717638731, -0.005705922842025757)
1775394809.6998692 [myMain-1] [INFO] [1775394809.699399394] [Ground]: MCU2 send back: Gdoing*
1775394809.7009485 [navNode-2] [INFO] [1775394809.700396459] [navNode]: MCU2 send back: Gdoing*
1775394809.7122555 [navNode-2] [INFO] [1775394809.711288674] [navNode]: 状态4：WaitAim--[A2]
1775394809.7125239 [navNode-2] [INFO] [1775394809.711820144] [navNode]: 未到目标点
1775394809.7126107 [navNode-2] 目标位置:(-0.25, 1.25, 1.2)-[A2]-[MCU:False]-[POS:False]
1775394809.7126622 [navNode-2] 当前位置:(-0.0742420181632042, 0.010721590369939804, -0.006010674871504307)
1775394809.8100705 [navNode-2] [INFO] [1775394809.809743297] [navNode]: 状态4：WaitAim--[A2]
1775394809.8105757 [navNode-2] [INFO] [1775394809.810233342] [navNode]: 未到目标点
1775394809.8106573 [navNode-2] 目标位置:(-0.25, 1.25, 1.2)-[A2]-[MCU:False]-[POS:False]
1775394809.8107865 [navNode-2] 当前位置:(-0.07401282340288162, 0.010970856063067913, -0.005634391214698553)
1775394809.9033821 [myMain-1] [INFO] [1775394809.902822130] [Ground]: MCU2 send back: Gdoing*
1775394809.9058540 [navNode-2] [INFO] [1775394809.903961423] [navNode]: MCU2 send back: Gdoing*
1775394809.9106531 [navNode-2] [INFO] [1775394809.910197195] [navNode]: 状态4：WaitAim--[A2]
1775394809.9110966 [navNode-2] [INFO] [1775394809.910802181] [navNode]: 未到目标点
1775394809.9111860 [navNode-2] 目标位置:(-0.25, 1.25, 1.2)-[A2]-[MCU:False]-[POS:False]
1775394809.9112880 [navNode-2] 当前位置:(-0.0738888829946518, 0.01066094171255827, -0.004881500266492367)
1775394809.9380987 [myMain-1] [INFO] [1775394809.937529912] [Ground]: MCU2 send back: Gdoing*
1775394809.9384587 [navNode-2] [INFO] [1775394809.937616387] [navNode]: MCU2 send back: Gdoing*
1775394810.0102611 [navNode-2] [INFO] [1775394810.009946882] [navNode]: 状态4：WaitAim--[A2]
1775394810.0109386 [navNode-2] [INFO] [1775394810.010465883] [navNode]: 未到目标点
1775394810.0110917 [navNode-2] 目标位置:(-0.25, 1.25, 1.2)-[A2]-[MCU:False]-[POS:False]
1775394810.0112138 [navNode-2] 当前位置:(-0.07333851605653763, 0.011270471848547459, -0.005053700413554907)
1775394810.1093066 [navNode-2] [INFO] [1775394810.108843475] [navNode]: MCU2 send back: Gdoing*
1775394810.1115460 [myMain-1] [INFO] [1775394810.111143077] [Ground]: MCU2 send back: Gdoing*
1775394810.1132944 [navNode-2] [INFO] [1775394810.112899289] [navNode]: 状态4：WaitAim--[A2]
1775394810.1137016 [navNode-2] [INFO] [1775394810.113457948] [navNode]: 未到目标点
1775394810.1138065 [navNode-2] 目标位置:(-0.25, 1.25, 1.2)-[A2]-[MCU:False]-[POS:False]
1775394810.1138685 [navNode-2] 当前位置:(-0.0733453556895256, 0.010897427797317505, -0.004804953467100859)
1775394810.1796443 [myMain-1] [INFO] [1775394810.178728528] [Ground]: MCU2 send back: Gdoing*
1775394810.1800702 [navNode-2] [INFO] [1775394810.179314555] [navNode]: MCU2 send back: Gdoing*
1775394810.2102797 [navNode-2] [INFO] [1775394810.209953661] [navNode]: 状态4：WaitAim--[A2]
1775394810.2108860 [navNode-2] [INFO] [1775394810.210466845] [navNode]: 未到目标点
1775394810.2110236 [navNode-2] 目标位置:(-0.25, 1.25, 1.2)-[A2]-[MCU:False]-[POS:False]
1775394810.2111378 [navNode-2] 当前位置:(-0.07326765358448029, 0.010663303546607494, -0.005632996093481779)
1775394810.3113625 [navNode-2] [INFO] [1775394810.310339572] [navNode]: MCU2 send back: Gdoing*
1775394810.3153806 [myMain-1] [INFO] [1775394810.314660209] [Ground]: MCU2 send back: Gdoing*
1775394810.3158989 [navNode-2] [INFO] [1775394810.315306417] [navNode]: 状态4：WaitAim--[A2]
1775394810.3161533 [navNode-2] [INFO] [1775394810.316049883] [navNode]: 未到目标点
1775394810.3162513 [navNode-2] 目标位置:(-0.25, 1.25, 1.2)-[A2]-[MCU:False]-[POS:False]
1775394810.3163073 [navNode-2] 当前位置:(-0.07360907644033432, 0.010898618958890438, -0.004538489505648613)
1775394810.4104474 [navNode-2] [INFO] [1775394810.409678366] [navNode]: 状态4：WaitAim--[A2]
1775394810.4108181 [navNode-2] [INFO] [1775394810.410097147] [navNode]: 未到目标点
1775394810.4109955 [navNode-2] 目标位置:(-0.25, 1.25, 1.2)-[A2]-[MCU:False]-[POS:False]
1775394810.4111054 [navNode-2] 当前位置:(-0.07410339266061783, 0.011041942052543163, -0.005145900882780552)
1775394810.5106642 [navNode-2] [INFO] [1775394810.510231459] [navNode]: 状态4：WaitAim--[A2]
1775394810.5112493 [navNode-2] [INFO] [1775394810.510812855] [navNode]: 未到目标点
1775394810.5113926 [navNode-2] 目标位置:(-0.25, 1.25, 1.2)-[A2]-[MCU:False]-[POS:False]
1775394810.5114679 [navNode-2] 当前位置:(-0.07410339266061783, 0.011041942052543163, -0.005145900882780552)
1775394810.5155721 [navNode-2] [INFO] [1775394810.514650213] [navNode]: MCU2 send back: Gdoing*
1775394810.5166571 [myMain-1] [INFO] [1775394810.516311343] [Ground]: MCU2 send back: Gdoing*
1775394810.5400250 [navNode-2] [INFO] [1775394810.539679135] [navNode]: MCU2 send back: Gdoing*
1775394810.5407710 [myMain-1] [INFO] [1775394810.539886261] [Ground]: MCU2 send back: Gdoing*
1775394810.6117215 [navNode-2] [INFO] [1775394810.611346147] [navNode]: 状态4：WaitAim--[A2]
1775394810.6122425 [navNode-2] [INFO] [1775394810.611999765] [navNode]: 未到目标点
1775394810.6123512 [navNode-2] 目标位置:(-0.25, 1.25, 1.2)-[A2]-[MCU:False]-[POS:False]
1775394810.6124060 [navNode-2] 当前位置:(-0.07389724254608154, 0.011356701143085957, -0.005287420004606247)
1775394810.7117755 [navNode-2] [INFO] [1775394810.710891687] [navNode]: 状态4：WaitAim--[A2]
1775394810.7126353 [navNode-2] [INFO] [1775394810.711408763] [navNode]: 未到目标点
1775394810.7128513 [navNode-2] 目标位置:(-0.25, 1.25, 1.2)-[A2]-[MCU:False]-[POS:False]
1775394810.7129712 [navNode-2] 当前位置:(-0.07377158850431442, 0.011312317103147507, -0.004848935175687075)
1775394810.7398343 [myMain-1] [INFO] [1775394810.739491784] [Ground]: MCU2 send back: Gdoing*
1775394810.7402148 [navNode-2] [INFO] [1775394810.739654529] [navNode]: MCU2 send back: Gdoing*
1775394810.7799664 [navNode-2] [INFO] [1775394810.779567326] [navNode]: MCU2 send back: Gdoing*
1775394810.7803662 [myMain-1] [INFO] [1775394810.779698432] [Ground]: MCU2 send back: Gdoing*
1775394810.8117273 [navNode-2] [INFO] [1775394810.810400232] [navNode]: 状态4：WaitAim--[A2]
1775394810.8120365 [navNode-2] [INFO] [1775394810.811182603] [navNode]: 未到目标点
1775394810.8121521 [navNode-2] 目标位置:(-0.25, 1.25, 1.2)-[A2]-[MCU:False]-[POS:False]
1775394810.8122413 [navNode-2] 当前位置:(-0.07396027445793152, 0.011044507846236229, -0.004891728051006794)
1775394810.9111795 [navNode-2] [INFO] [1775394810.910701503] [navNode]: 状态4：WaitAim--[A2]
1775394810.9115944 [navNode-2] [INFO] [1775394810.911338476] [navNode]: 未到目标点
1775394810.9116795 [navNode-2] 目标位置:(-0.25, 1.25, 1.2)-[A2]-[MCU:False]-[POS:False]
1775394810.9117315 [navNode-2] 当前位置:(-0.07396027445793152, 0.011044507846236229, -0.004891728051006794)
1775394810.9287491 [navNode-2] [INFO] [1775394810.928242128] [navNode]: MCU2 send back: Gdoing*
1775394810.9370980 [myMain-1] [INFO] [1775394810.936664282] [Ground]: MCU2 send back: Gdoing*
1775394811.0103860 [navNode-2] [INFO] [1775394811.009999873] [navNode]: 状态4：WaitAim--[A2]
1775394811.0108666 [navNode-2] [INFO] [1775394811.010557643] [navNode]: 未到目标点
1775394811.0109644 [navNode-2] 目标位置:(-0.25, 1.25, 1.2)-[A2]-[MCU:False]-[POS:False]
1775394811.0110157 [navNode-2] 当前位置:(-0.07288622856140137, 0.011499442160129547, -0.00469895638525486)
1775394811.0799782 [navNode-2] [INFO] [1775394811.079373387] [navNode]: MCU2 send back: Gdoing*
1775394811.0886405 [myMain-1] [INFO] [1775394811.088183560] [Ground]: MCU2 send back: Gdoing*
1775394811.1117120 [navNode-2] [INFO] [1775394811.111024635] [navNode]: 状态4：WaitAim--[A2]
1775394811.1124558 [navNode-2] [INFO] [1775394811.111913529] [navNode]: 未到目标点
1775394811.1127219 [navNode-2] 目标位置:(-0.25, 1.25, 1.2)-[A2]-[MCU:False]-[POS:False]
1775394811.1128480 [navNode-2] 当前位置:(-0.07273809611797333, 0.01119177509099245, -0.004806397948414087)
1775394811.1406515 [myMain-1] [INFO] [1775394811.140228229] [Ground]: MCU2 send back: Gdoing*
1775394811.1423316 [navNode-2] [INFO] [1775394811.141933359] [navNode]: MCU2 send back: Gdoing*
1775394811.2106123 [navNode-2] [INFO] [1775394811.210220709] [navNode]: 状态4：WaitAim--[A2]
1775394811.2110589 [navNode-2] [INFO] [1775394811.210802073] [navNode]: 未到目标点
1775394811.2112195 [navNode-2] 目标位置:(-0.25, 1.25, 1.2)-[A2]-[MCU:False]-[POS:False]
1775394811.2113073 [navNode-2] 当前位置:(-0.07267185300588608, 0.01058854628354311, -0.005020053591579199)
1775394811.2601748 [myMain-1] [INFO] [1775394811.259854805] [Ground]: MCU2 send back: Gdoing*
1775394811.2613924 [navNode-2] [INFO] [1775394811.261053008] [navNode]: MCU2 send back: Gdoing*
1775394811.3103759 [navNode-2] [INFO] [1775394811.310029005] [navNode]: 状态4：WaitAim--[A2]
1775394811.3108389 [navNode-2] [INFO] [1775394811.310600503] [navNode]: 未到目标点
1775394811.3110156 [navNode-2] 目标位置:(-0.25, 1.25, 1.2)-[A2]-[MCU:False]-[POS:False]
1775394811.3110807 [navNode-2] 当前位置:(-0.07295994460582733, 0.011058857664465904, -0.005772209260612726)
1775394811.3801358 [navNode-2] [INFO] [1775394811.379757537] [navNode]: MCU2 send back: Gdoing*
1775394811.3813658 [myMain-1] [INFO] [1775394811.381054986] [Ground]: MCU2 send back: Gdoing*
1775394811.4106207 [navNode-2] [INFO] [1775394811.410244141] [navNode]: 状态4：WaitAim--[A2]
1775394811.4112313 [navNode-2] [INFO] [1775394811.410984552] [navNode]: 未到目标点
1775394811.4113960 [navNode-2] 目标位置:(-0.25, 1.25, 1.2)-[A2]-[MCU:False]-[POS:False]
1775394811.4114716 [navNode-2] 当前位置:(-0.073587566614151, 0.011070850305259228, -0.0057576303370296955)
1775394811.5006185 [myMain-1] [INFO] [1775394811.500260243] [Ground]: MCU2 send back: Gdoing*
1775394811.5017290 [navNode-2] [INFO] [1775394811.501419639] [navNode]: MCU2 send back: Gdoing*
1775394811.5103521 [navNode-2] [INFO] [1775394811.509974093] [navNode]: 状态4：WaitAim--[A2]
1775394811.5108373 [navNode-2] [INFO] [1775394811.510541962] [navNode]: 未到目标点
1775394811.5109501 [navNode-2] 目标位置:(-0.25, 1.25, 1.2)-[A2]-[MCU:False]-[POS:False]
1775394811.5110037 [navNode-2] 当前位置:(-0.07382576912641525, 0.011034306138753891, -0.005381530150771141)
1775394811.6102116 [navNode-2] [INFO] [1775394811.609863049] [navNode]: 状态4：WaitAim--[A2]
1775394811.6106274 [navNode-2] [INFO] [1775394811.610388580] [navNode]: 未到目标点
1775394811.6107342 [navNode-2] 目标位置:(-0.25, 1.25, 1.2)-[A2]-[MCU:False]-[POS:False]
1775394811.6107862 [navNode-2] 当前位置:(-0.07377631217241287, 0.010652730241417885, -0.00539596239104867)
1775394811.6207817 [myMain-1] [INFO] [1775394811.620281759] [Ground]: MCU2 send back: Gdoing*
1775394811.6211677 [navNode-2] [INFO] [1775394811.620562338] [navNode]: MCU2 send back: Gdoing*
1775394811.7102821 [navNode-2] [INFO] [1775394811.709957325] [navNode]: 状态4：WaitAim--[A2]
1775394811.7107861 [navNode-2] [INFO] [1775394811.710454503] [navNode]: 未到目标点
1775394811.7109201 [navNode-2] 目标位置:(-0.25, 1.25, 1.2)-[A2]-[MCU:False]-[POS:False]
1775394811.7109840 [navNode-2] 当前位置:(-0.07351512461900711, 0.01081188302487135, -0.0050577702932059765)
1775394811.7407148 [myMain-1] [INFO] [1775394811.740380160] [Ground]: MCU2 send back: Gdoing*
1775394811.7418456 [navNode-2] [INFO] [1775394811.741658450] [navNode]: MCU2 send back: Gdoing*
1775394811.8102078 [navNode-2] [INFO] [1775394811.809891127] [navNode]: 状态4：WaitAim--[A2]
1775394811.8106432 [navNode-2] [INFO] [1775394811.810403454] [navNode]: 未到目标点
1775394811.8107460 [navNode-2] 目标位置:(-0.25, 1.25, 1.2)-[A2]-[MCU:False]-[POS:False]
1775394811.8107979 [navNode-2] 当前位置:(-0.07307983934879303, 0.01066973339766264, -0.004969485104084015)
1775394811.8612084 [myMain-1] [INFO] [1775394811.860880509] [Ground]: MCU2 send back: Gdoing*
1775394811.8616660 [navNode-2] [INFO] [1775394811.861239823] [navNode]: MCU2 send back: Gdoing*
1775394811.9101655 [navNode-2] [INFO] [1775394811.909802253] [navNode]: 状态4：WaitAim--[A2]
1775394811.9106302 [navNode-2] [INFO] [1775394811.910397527] [navNode]: 未到目标点
1775394811.9107449 [navNode-2] 目标位置:(-0.25, 1.25, 1.2)-[A2]-[MCU:False]-[POS:False]
1775394811.9107955 [navNode-2] 当前位置:(-0.07316519320011139, 0.01121591404080391, -0.004603510722517967)
1775394811.9817033 [myMain-1] [INFO] [1775394811.981339369] [Ground]: MCU2 send back: Gdoing*
1775394811.9824054 [navNode-2] [INFO] [1775394811.982260452] [navNode]: MCU2 send back: Gdoing*
1775394812.0105915 [navNode-2] [INFO] [1775394812.010125839] [navNode]: 状态4：WaitAim--[A2]
1775394812.0110738 [navNode-2] [INFO] [1775394812.010748404] [navNode]: 未到目标点
1775394812.0111682 [navNode-2] 目标位置:(-0.25, 1.25, 1.2)-[A2]-[MCU:False]-[POS:False]
1775394812.0112259 [navNode-2] 当前位置:(-0.0735175609588623, 0.010792355053126812, -0.0047319987788796425)
1775394812.1023531 [myMain-1] [INFO] [1775394812.101859308] [Ground]: MCU2 send back: Gdoing*
1775394812.1027899 [navNode-2] [INFO] [1775394812.102020259] [navNode]: MCU2 send back: Gdoing*
1775394812.1104591 [navNode-2] [INFO] [1775394812.110022677] [navNode]: 状态4：WaitAim--[A2]
1775394812.1111984 [navNode-2] [INFO] [1775394812.110820067] [navNode]: 未到目标点
1775394812.1114228 [navNode-2] 目标位置:(-0.25, 1.25, 1.2)-[A2]-[MCU:False]-[POS:False]
1775394812.1115215 [navNode-2] 当前位置:(-0.07359039038419724, 0.01106358040124178, -0.0051042260602116585)
1775394812.2103994 [navNode-2] [INFO] [1775394812.210055436] [navNode]: 状态4：WaitAim--[A2]
1775394812.2108483 [navNode-2] [INFO] [1775394812.210592913] [navNode]: 未到目标点
1775394812.2109361 [navNode-2] 目标位置:(-0.25, 1.25, 1.2)-[A2]-[MCU:False]-[POS:False]
1775394812.2109902 [navNode-2] 当前位置:(-0.0737476646900177, 0.010825827717781067, -0.00522310845553875)
1775394812.2216971 [myMain-1] [INFO] [1775394812.221199582] [Ground]: MCU2 send back: Gdoing*
1775394812.2220693 [navNode-2] [INFO] [1775394812.221297193] [navNode]: MCU2 send back: Gdoing*
1775394812.3102894 [navNode-2] [INFO] [1775394812.309917562] [navNode]: 状态4：WaitAim--[A2]
1775394812.3107731 [navNode-2] [INFO] [1775394812.310449257] [navNode]: 未到目标点
1775394812.3109388 [navNode-2] 目标位置:(-0.25, 1.25, 1.2)-[A2]-[MCU:False]-[POS:False]
1775394812.3110435 [navNode-2] 当前位置:(-0.07307226210832596, 0.011363685131072998, -0.00506064435467124)
1775394812.3423367 [navNode-2] [INFO] [1775394812.341869609] [navNode]: MCU2 send back: Gdoing*
1775394812.3427544 [myMain-1] [INFO] [1775394812.341960000] [Ground]: MCU2 send back: Gdoing*
1775394812.4102793 [navNode-2] [INFO] [1775394812.409972174] [navNode]: 状态4：WaitAim--[A2]
1775394812.4107792 [navNode-2] [INFO] [1775394812.410463391] [navNode]: 未到目标点
1775394812.4109249 [navNode-2] 目标位置:(-0.25, 1.25, 1.2)-[A2]-[MCU:False]-[POS:False]
1775394812.4109888 [navNode-2] 当前位置:(-0.07305257022380829, 0.011355896480381489, -0.005200713872909546)
1775394812.4623253 [navNode-2] [INFO] [1775394812.462027631] [navNode]: MCU2 send back: Gdoing*
1775394812.4627566 [myMain-1] [INFO] [1775394812.462095973] [Ground]: MCU2 send back: Gdoing*
1775394812.5104094 [navNode-2] [INFO] [1775394812.510056942] [navNode]: 状态4：WaitAim--[A2]
1775394812.5108378 [navNode-2] [INFO] [1775394812.510572976] [navNode]: 未到目标点
1775394812.5109599 [navNode-2] 目标位置:(-0.25, 1.25, 1.2)-[A2]-[MCU:False]-[POS:False]
1775394812.5110369 [navNode-2] 当前位置:(-0.07314146310091019, 0.010754095390439034, -0.0048158844001591206)
1775394812.6073210 [navNode-2] [INFO] [1775394812.598908572] [navNode]: MCU2 send back: Gdoing*
1775394812.6115577 [myMain-1] [INFO] [1775394812.611050562] [Ground]: MCU2 send back: Gdoing*
1775394812.6141188 [navNode-2] [INFO] [1775394812.613763342] [navNode]: 状态4：WaitAim--[A2]
1775394812.6150260 [navNode-2] [INFO] [1775394812.614802289] [navNode]: 未到目标点
1775394812.6152205 [navNode-2] 目标位置:(-0.25, 1.25, 1.2)-[A2]-[MCU:False]-[POS:False]
1775394812.6153038 [navNode-2] 当前位置:(-0.07355685532093048, 0.010897521860897541, -0.005254863295704126)
1775394812.7054675 [myMain-1] [INFO] [1775394812.704847847] [Ground]: MCU2 send back: Gdoing*
1775394812.7062175 [navNode-2] [INFO] [1775394812.705059784] [navNode]: MCU2 send back: Gdoing*
1775394812.7110982 [navNode-2] [INFO] [1775394812.710687167] [navNode]: 状态4：WaitAim--[A2]
1775394812.7116344 [navNode-2] [INFO] [1775394812.711463652] [navNode]: 未到目标点
1775394812.7117524 [navNode-2] 目标位置:(-0.25, 1.25, 1.2)-[A2]-[MCU:False]-[POS:False]
1775394812.7118165 [navNode-2] 当前位置:(-0.0741448923945427, 0.01090384554117918, -0.005412491504102945)
1775394812.8109720 [navNode-2] [INFO] [1775394812.810487943] [navNode]: 状态4：WaitAim--[A2]
1775394812.8124440 [navNode-2] [INFO] [1775394812.811994363] [navNode]: 未到目标点
1775394812.8127103 [navNode-2] 目标位置:(-0.25, 1.25, 1.2)-[A2]-[MCU:False]-[POS:False]
1775394812.8127844 [navNode-2] 当前位置:(-0.07402464747428894, 0.010897185653448105, -0.005252725910395384)
1775394812.8246741 [myMain-1] [INFO] [1775394812.824284096] [Ground]: MCU2 send back: Gdoing*
1775394812.8253894 [navNode-2] [INFO] [1775394812.825219124] [navNode]: MCU2 send back: Gdoing*
1775394812.9110644 [navNode-2] [INFO] [1775394812.910538516] [navNode]: 状态4：WaitAim--[A2]
1775394812.9118094 [navNode-2] [INFO] [1775394812.911262709] [navNode]: 未到目标点
1775394812.9120007 [navNode-2] 目标位置:(-0.25, 1.25, 1.2)-[A2]-[MCU:False]-[POS:False]
1775394812.9120941 [navNode-2] 当前位置:(-0.07411419600248337, 0.01066676340997219, -0.004485118202865124)
1775394812.9454746 [myMain-1] [INFO] [1775394812.945002583] [Ground]: MCU2 send back: Gdoing*
1775394812.9464459 [navNode-2] [INFO] [1775394812.946181764] [navNode]: MCU2 send back: Gdoing*
1775394813.0110748 [navNode-2] [INFO] [1775394813.010589296] [navNode]: 状态4：WaitAim--[A2]
1775394813.0115190 [navNode-2] [INFO] [1775394813.011242481] [navNode]: 未到目标点
1775394813.0116189 [navNode-2] 目标位置:(-0.25, 1.25, 1.2)-[A2]-[MCU:False]-[POS:False]
1775394813.0116763 [navNode-2] 当前位置:(-0.07402602583169937, 0.010903405956923962, -0.005020793993026018)
1775394813.0661900 [myMain-1] [INFO] [1775394813.065794341] [Ground]: MCU2 send back: Gdoing*
1775394813.0665827 [navNode-2] [INFO] [1775394813.065813742] [navNode]: MCU2 send back: Gdoing*
1775394813.1104987 [navNode-2] [INFO] [1775394813.110061013] [navNode]: 状态4：WaitAim--[A2]
1775394813.1113687 [navNode-2] [INFO] [1775394813.110657258] [navNode]: 未到目标点
1775394813.1115916 [navNode-2] 目标位置:(-0.25, 1.25, 1.2)-[A2]-[MCU:False]-[POS:False]
1775394813.1116736 [navNode-2] 当前位置:(-0.0736255869269371, 0.01060748752206564, -0.004777858033776283)
1775394813.1900454 [myMain-1] [INFO] [1775394813.189730888] [Ground]: MCU2 send back: Gdoing*
1775394813.1904187 [navNode-2] [INFO] [1775394813.189914621] [navNode]: MCU2 send back: Gdoing*
1775394813.2110391 [navNode-2] [INFO] [1775394813.210040780] [navNode]: 状态4：WaitAim--[A2]
1775394813.2112446 [navNode-2] [INFO] [1775394813.210605170] [navNode]: 未到目标点
1775394813.2113001 [navNode-2] 目标位置:(-0.25, 1.25, 1.2)-[A2]-[MCU:False]-[POS:False]
1775394813.2113461 [navNode-2] 当前位置:(-0.07417567819356918, 0.01066914014518261, -0.0050384653732180595)
1775394813.3074110 [myMain-1] [INFO] [1775394813.307047071] [Ground]: MCU2 send back: Gdoing*
1775394813.3085704 [navNode-2] [INFO] [1775394813.308317331] [navNode]: MCU2 send back: Gdoing*
1775394813.3103926 [navNode-2] [INFO] [1775394813.309740891] [navNode]: 状态4：WaitAim--[A2]
1775394813.3105743 [navNode-2] [INFO] [1775394813.310139106] [navNode]: 未到目标点
1775394813.3106966 [navNode-2] 目标位置:(-0.25, 1.25, 1.2)-[A2]-[MCU:False]-[POS:False]
1775394813.3108060 [navNode-2] 当前位置:(-0.07423704862594604, 0.010769076645374298, -0.004363880958408117)
1775394813.4101365 [navNode-2] [INFO] [1775394813.409869912] [navNode]: 状态4：WaitAim--[A2]
1775394813.4112778 [navNode-2] [INFO] [1775394813.411113894] [navNode]: 未到目标点
1775394813.4114244 [navNode-2] 目标位置:(-0.25, 1.25, 1.2)-[A2]-[MCU:False]-[POS:False]
1775394813.4115133 [navNode-2] 当前位置:(-0.07413981109857559, 0.010708792135119438, -0.004723343998193741)
1775394813.4274383 [navNode-2] [INFO] [1775394813.427066492] [navNode]: MCU2 send back: Gdoing*
1775394813.4278507 [myMain-1] [INFO] [1775394813.427663142] [Ground]: MCU2 send back: Gdoing*
1775394813.5103402 [navNode-2] [INFO] [1775394813.510037908] [navNode]: 状态4：WaitAim--[A2]
1775394813.5114777 [navNode-2] [INFO] [1775394813.511279999] [navNode]: 未到目标点
1775394813.5116286 [navNode-2] 目标位置:(-0.25, 1.25, 1.2)-[A2]-[MCU:False]-[POS:False]
1775394813.5116804 [navNode-2] 当前位置:(-0.0734904557466507, 0.010785995051264763, -0.004645396489650011)
1775394813.5484955 [myMain-1] [INFO] [1775394813.548167457] [Ground]: MCU2 send back: Gdoing*
1775394813.5489619 [navNode-2] [INFO] [1775394813.548826932] [navNode]: MCU2 send back: Gdoing*
1775394813.6102066 [navNode-2] [INFO] [1775394813.609905466] [navNode]: 状态4：WaitAim--[A2]
1775394813.6112859 [navNode-2] [INFO] [1775394813.611127073] [navNode]: 未到目标点
1775394813.6114690 [navNode-2] 目标位置:(-0.25, 1.25, 1.2)-[A2]-[MCU:False]-[POS:False]
1775394813.6115627 [navNode-2] 当前位置:(-0.07330922037363052, 0.011058274656534195, -0.004099674988538027)
1775394813.6686690 [navNode-2] [INFO] [1775394813.668324540] [navNode]: MCU2 send back: Gdoing*
1775394813.6691108 [myMain-1] [INFO] [1775394813.668512935] [Ground]: MCU2 send back: Gdoing*
1775394813.7103088 [navNode-2] [INFO] [1775394813.709952803] [navNode]: 状态4：WaitAim--[A2]
1775394813.7115355 [navNode-2] [INFO] [1775394813.711319504] [navNode]: 未到目标点
1775394813.7117040 [navNode-2] 目标位置:(-0.25, 1.25, 1.2)-[A2]-[MCU:False]-[POS:False]
1775394813.7117691 [navNode-2] 当前位置:(-0.07348392903804779, 0.011365178972482681, -0.004633767995983362)
1775394813.7901790 [navNode-2] [INFO] [1775394813.789225300] [navNode]: MCU2 send back: Gdoing*
1775394813.7907581 [myMain-1] [INFO] [1775394813.789969603] [Ground]: MCU2 send back: Gdoing*
1775394813.8103759 [navNode-2] [INFO] [1775394813.810025203] [navNode]: 状态4：WaitAim--[A2]
1775394813.8115292 [navNode-2] [INFO] [1775394813.811357395] [navNode]: 未到目标点
1775394813.8117018 [navNode-2] 目标位置:(-0.25, 1.25, 1.2)-[A2]-[MCU:False]-[POS:False]
1775394813.8117723 [navNode-2] 当前位置:(-0.073805071413517, 0.01148434728384018, -0.004571570083498955)
1775394813.9096408 [navNode-2] [INFO] [1775394813.909328026] [navNode]: MCU2 send back: Gdoing*
1775394813.9102323 [myMain-1] [INFO] [1775394813.910091966] [Ground]: MCU2 send back: Gdoing*
1775394813.9115989 [navNode-2] [INFO] [1775394813.911354998] [navNode]: 状态4：WaitAim--[A2]
1775394813.9126165 [navNode-2] [INFO] [1775394813.912399773] [navNode]: 未到目标点
1775394813.9127653 [navNode-2] 目标位置:(-0.25, 1.25, 1.2)-[A2]-[MCU:False]-[POS:False]
1775394813.9128520 [navNode-2] 当前位置:(-0.07392116636037827, 0.011240395717322826, -0.004514593165367842)
1775394814.0102978 [navNode-2] [INFO] [1775394814.009956213] [navNode]: 状态4：WaitAim--[A2]
1775394814.0107262 [navNode-2] [INFO] [1775394814.010455711] [navNode]: 未到目标点
1775394814.0108392 [navNode-2] 目标位置:(-0.25, 1.25, 1.2)-[A2]-[MCU:False]-[POS:False]
1775394814.0109205 [navNode-2] 当前位置:(-0.07407106459140778, 0.010811997577548027, -0.005379430018365383)
1775394814.0308113 [myMain-1] [INFO] [1775394814.030501961] [Ground]: MCU2 send back: Gdoing*
1775394814.0317235 [navNode-2] [INFO] [1775394814.031555360] [navNode]: MCU2 send back: Gdoing*
1775394814.1102934 [navNode-2] [INFO] [1775394814.109953155] [navNode]: 状态4：WaitAim--[A2]
1775394814.1107609 [navNode-2] [INFO] [1775394814.110487487] [navNode]: 未到目标点
1775394814.1108496 [navNode-2] 目标位置:(-0.25, 1.25, 1.2)-[A2]-[MCU:False]-[POS:False]
1775394814.1108999 [navNode-2] 当前位置:(-0.07370065897703171, 0.010933749377727509, -0.005397185683250427)
1775394814.1505570 [myMain-1] [INFO] [1775394814.150274979] [Ground]: MCU2 send back: Gdoing*
1775394814.1515696 [navNode-2] [INFO] [1775394814.151234935] [navNode]: MCU2 send back: Gdoing*
1775394814.2100730 [navNode-2] [INFO] [1775394814.209770438] [navNode]: 状态4：WaitAim--[A2]
1775394814.2105076 [navNode-2] [INFO] [1775394814.210299274] [navNode]: 未到目标点
1775394814.2105861 [navNode-2] 目标位置:(-0.25, 1.25, 1.2)-[A2]-[MCU:False]-[POS:False]
1775394814.2106397 [navNode-2] 当前位置:(-0.07392679154872894, 0.011200477369129658, -0.005010742694139481)
1775394814.2872422 [myMain-1] [INFO] [1775394814.286838871] [Ground]: MCU2 send back: Gdoing*
1775394814.2881556 [navNode-2] [INFO] [1775394814.287949112] [navNode]: MCU2 send back: Gdoing*
1775394814.3102827 [navNode-2] [INFO] [1775394814.309871026] [navNode]: 状态4：WaitAim--[A2]
1775394814.3113258 [navNode-2] [INFO] [1775394814.310521270] [navNode]: 未到目标点
1775394814.3115413 [navNode-2] 目标位置:(-0.25, 1.25, 1.2)-[A2]-[MCU:False]-[POS:False]
1775394814.3116043 [navNode-2] 当前位置:(-0.07356684654951096, 0.010749599896371365, -0.00442492077127099)
1775394814.4106221 [navNode-2] [INFO] [1775394814.410178411] [navNode]: 状态4：WaitAim--[A2]
1775394814.4111555 [navNode-2] [INFO] [1775394814.410793007] [navNode]: 未到目标点
1775394814.4112811 [navNode-2] 目标位置:(-0.25, 1.25, 1.2)-[A2]-[MCU:False]-[POS:False]
1775394814.4113626 [navNode-2] 当前位置:(-0.07356684654951096, 0.010749599896371365, -0.00442492077127099)
1775394814.5102940 [navNode-2] [INFO] [1775394814.509905044] [navNode]: 状态4：WaitAim--[A2]
1775394814.5108235 [navNode-2] [INFO] [1775394814.510446456] [navNode]: 未到目标点
1775394814.5109704 [navNode-2] 目标位置:(-0.25, 1.25, 1.2)-[A2]-[MCU:False]-[POS:False]
1775394814.5110304 [navNode-2] 当前位置:(-0.07356684654951096, 0.010749599896371365, -0.00442492077127099)
1775394814.6102848 [navNode-2] [INFO] [1775394814.609966549] [navNode]: 状态4：WaitAim--[A2]
1775394814.6107094 [navNode-2] [INFO] [1775394814.610395887] [navNode]: 未到目标点
1775394814.6107903 [navNode-2] 目标位置:(-0.25, 1.25, 1.2)-[A2]-[MCU:False]-[POS:False]
1775394814.6108372 [navNode-2] 当前位置:(-0.07356684654951096, 0.010749599896371365, -0.00442492077127099)
1775394814.7100995 [navNode-2] [INFO] [1775394814.709750160] [navNode]: 状态4：WaitAim--[A2]
1775394814.7105753 [navNode-2] [INFO] [1775394814.710233277] [navNode]: 未到目标点
1775394814.7107046 [navNode-2] 目标位置:(-0.25, 1.25, 1.2)-[A2]-[MCU:False]-[POS:False]
1775394814.7108045 [navNode-2] 当前位置:(-0.07356684654951096, 0.010749599896371365, -0.00442492077127099)
1775394814.8101993 [navNode-2] [INFO] [1775394814.809885484] [navNode]: 状态4：WaitAim--[A2]
1775394814.8105600 [navNode-2] [INFO] [1775394814.810313505] [navNode]: 未到目标点
1775394814.8106258 [navNode-2] 目标位置:(-0.25, 1.25, 1.2)-[A2]-[MCU:False]-[POS:False]
1775394814.8106668 [navNode-2] 当前位置:(-0.07356684654951096, 0.010749599896371365, -0.00442492077127099)
1775394814.9100819 [navNode-2] [INFO] [1775394814.909741980] [navNode]: 状态4：WaitAim--[A2]
1775394814.9105165 [navNode-2] [INFO] [1775394814.910214964] [navNode]: 未到目标点
1775394814.9106450 [navNode-2] 目标位置:(-0.25, 1.25, 1.2)-[A2]-[MCU:False]-[POS:False]
1775394814.9107299 [navNode-2] 当前位置:(-0.07356684654951096, 0.010749599896371365, -0.00442492077127099)
1775394815.0103621 [navNode-2] [INFO] [1775394815.010010898] [navNode]: 状态4：WaitAim--[A2]
1775394815.0108566 [navNode-2] [INFO] [1775394815.010487988] [navNode]: 未到目标点
1775394815.0109656 [navNode-2] 目标位置:(-0.25, 1.25, 1.2)-[A2]-[MCU:False]-[POS:False]
1775394815.0110250 [navNode-2] 当前位置:(-0.07356684654951096, 0.010749599896371365, -0.00442492077127099)
1775394815.1101289 [navNode-2] [INFO] [1775394815.109737189] [navNode]: 状态4：WaitAim--[A2]
1775394815.1105146 [navNode-2] [INFO] [1775394815.110190103] [navNode]: 未到目标点
1775394815.1106524 [navNode-2] 目标位置:(-0.25, 1.25, 1.2)-[A2]-[MCU:False]-[POS:False]
1775394815.1107190 [navNode-2] 当前位置:(-0.07356684654951096, 0.010749599896371365, -0.00442492077127099)
1775394815.2101877 [navNode-2] [INFO] [1775394815.209851360] [navNode]: 状态4：WaitAim--[A2]
1775394815.2106028 [navNode-2] [INFO] [1775394815.210309172] [navNode]: 未到目标点
1775394815.2107408 [navNode-2] 目标位置:(-0.25, 1.25, 1.2)-[A2]-[MCU:False]-[POS:False]
1775394815.2108169 [navNode-2] 当前位置:(-0.07356684654951096, 0.010749599896371365, -0.00442492077127099)
1775394815.3107502 [navNode-2] [INFO] [1775394815.310199343] [navNode]: 状态4：WaitAim--[A2]
1775394815.3113279 [navNode-2] [INFO] [1775394815.310682204] [navNode]: 未到目标点
1775394815.3114526 [navNode-2] 目标位置:(-0.25, 1.25, 1.2)-[A2]-[MCU:False]-[POS:False]
1775394815.3115375 [navNode-2] 当前位置:(-0.07356684654951096, 0.010749599896371365, -0.00442492077127099)
1775394815.4101529 [navNode-2] [INFO] [1775394815.409824015] [navNode]: 状态4：WaitAim--[A2]
1775394815.4106119 [navNode-2] [INFO] [1775394815.410301212] [navNode]: 未到目标点
1775394815.4107111 [navNode-2] 目标位置:(-0.25, 1.25, 1.2)-[A2]-[MCU:False]-[POS:False]
1775394815.4107945 [navNode-2] 当前位置:(-0.07356684654951096, 0.010749599896371365, -0.00442492077127099)
1775394815.5120118 [navNode-2] [INFO] [1775394815.511386575] [navNode]: 状态4：WaitAim--[A2]
1775394815.5127254 [navNode-2] [INFO] [1775394815.512301801] [navNode]: 未到目标点
1775394815.5129180 [navNode-2] 目标位置:(-0.25, 1.25, 1.2)-[A2]-[MCU:False]-[POS:False]
1775394815.5130413 [navNode-2] 当前位置:(-0.07356684654951096, 0.010749599896371365, -0.00442492077127099)
1775394815.6101763 [navNode-2] [INFO] [1775394815.609847109] [navNode]: 状态4：WaitAim--[A2]
1775394815.6108091 [navNode-2] [INFO] [1775394815.610592164] [navNode]: 未到目标点
1775394815.6109400 [navNode-2] 目标位置:(-0.25, 1.25, 1.2)-[A2]-[MCU:False]-[POS:False]
1775394815.6110079 [navNode-2] 当前位置:(-0.07356684654951096, 0.010749599896371365, -0.00442492077127099)
1775394815.7106965 [navNode-2] [INFO] [1775394815.710318747] [navNode]: 状态4：WaitAim--[A2]
1775394815.7110996 [navNode-2] [INFO] [1775394815.710798282] [navNode]: 未到目标点
1775394815.7113690 [navNode-2] 目标位置:(-0.25, 1.25, 1.2)-[A2]-[MCU:False]-[POS:False]
1775394815.7114685 [navNode-2] 当前位置:(-0.07356684654951096, 0.010749599896371365, -0.00442492077127099)
1775394815.8104980 [navNode-2] [INFO] [1775394815.810063061] [navNode]: 状态4：WaitAim--[A2]
1775394815.8109174 [navNode-2] [INFO] [1775394815.810654285] [navNode]: 未到目标点
1775394815.8110178 [navNode-2] 目标位置:(-0.25, 1.25, 1.2)-[A2]-[MCU:False]-[POS:False]
1775394815.8110960 [navNode-2] 当前位置:(-0.07356684654951096, 0.010749599896371365, -0.00442492077127099)
1775394815.9105518 [navNode-2] [INFO] [1775394815.910181175] [navNode]: 状态4：WaitAim--[A2]
1775394815.9110842 [navNode-2] [INFO] [1775394815.910820917] [navNode]: 未到目标点
1775394815.9112186 [navNode-2] 目标位置:(-0.25, 1.25, 1.2)-[A2]-[MCU:False]-[POS:False]
1775394815.9112921 [navNode-2] 当前位置:(-0.07356684654951096, 0.010749599896371365, -0.00442492077127099)
1775394816.0106940 [navNode-2] [INFO] [1775394816.010325889] [navNode]: 状态4：WaitAim--[A2]
1775394816.0111635 [navNode-2] [INFO] [1775394816.010905569] [navNode]: 未到目标点
1775394816.0112805 [navNode-2] 目标位置:(-0.25, 1.25, 1.2)-[A2]-[MCU:False]-[POS:False]
1775394816.0113652 [navNode-2] 当前位置:(-0.07356684654951096, 0.010749599896371365, -0.00442492077127099)
1775394816.1102400 [navNode-2] [INFO] [1775394816.109912481] [navNode]: 状态4：WaitAim--[A2]
1775394816.1107013 [navNode-2] [INFO] [1775394816.110365725] [navNode]: 未到目标点
1775394816.1108100 [navNode-2] 目标位置:(-0.25, 1.25, 1.2)-[A2]-[MCU:False]-[POS:False]
1775394816.1108704 [navNode-2] 当前位置:(-0.07356684654951096, 0.010749599896371365, -0.00442492077127099)
1775394816.2111800 [navNode-2] [INFO] [1775394816.210454322] [navNode]: 状态4：WaitAim--[A2]
1775394816.2117116 [navNode-2] [INFO] [1775394816.211479324] [navNode]: 未到目标点
1775394816.2118158 [navNode-2] 目标位置:(-0.25, 1.25, 1.2)-[A2]-[MCU:False]-[POS:False]
1775394816.2118843 [navNode-2] 当前位置:(-0.07356684654951096, 0.010749599896371365, -0.00442492077127099)
1775394816.3102403 [navNode-2] [INFO] [1775394816.309908683] [navNode]: 状态4：WaitAim--[A2]
1775394816.3106003 [navNode-2] [INFO] [1775394816.310342898] [navNode]: 未到目标点
1775394816.3107169 [navNode-2] 目标位置:(-0.25, 1.25, 1.2)-[A2]-[MCU:False]-[POS:False]
1775394816.3107893 [navNode-2] 当前位置:(-0.07356684654951096, 0.010749599896371365, -0.00442492077127099)
1775394816.4105744 [navNode-2] [INFO] [1775394816.410194291] [navNode]: 状态4：WaitAim--[A2]
1775394816.4110870 [navNode-2] [INFO] [1775394816.410775904] [navNode]: 未到目标点
1775394816.4111907 [navNode-2] 目标位置:(-0.25, 1.25, 1.2)-[A2]-[MCU:False]-[POS:False]
1775394816.4112592 [navNode-2] 当前位置:(-0.07356684654951096, 0.010749599896371365, -0.00442492077127099)
1775394816.5113697 [navNode-2] [INFO] [1775394816.510980276] [navNode]: 状态4：WaitAim--[A2]
1775394816.5117586 [navNode-2] [INFO] [1775394816.511428357] [navNode]: 未到目标点
1775394816.5118802 [navNode-2] 目标位置:(-0.25, 1.25, 1.2)-[A2]-[MCU:False]-[POS:False]
1775394816.5119491 [navNode-2] 当前位置:(-0.07356684654951096, 0.010749599896371365, -0.00442492077127099)
1775394816.6105638 [navNode-2] [INFO] [1775394816.610142768] [navNode]: 状态4：WaitAim--[A2]
1775394816.6109951 [navNode-2] [INFO] [1775394816.610651998] [navNode]: 未到目标点
1775394816.6111133 [navNode-2] 目标位置:(-0.25, 1.25, 1.2)-[A2]-[MCU:False]-[POS:False]
1775394816.6111991 [navNode-2] 当前位置:(-0.07356684654951096, 0.010749599896371365, -0.00442492077127099)
1775394816.7105200 [navNode-2] [INFO] [1775394816.710108568] [navNode]: 状态4：WaitAim--[A2]
1775394816.7109773 [navNode-2] [INFO] [1775394816.710597259] [navNode]: 未到目标点
1775394816.7110801 [navNode-2] 目标位置:(-0.25, 1.25, 1.2)-[A2]-[MCU:False]-[POS:False]
1775394816.7111552 [navNode-2] 当前位置:(-0.07356684654951096, 0.010749599896371365, -0.00442492077127099)
1775394816.8118103 [navNode-2] [INFO] [1775394816.811446784] [navNode]: 状态4：WaitAim--[A2]
1775394816.8123088 [navNode-2] [INFO] [1775394816.811999336] [navNode]: 未到目标点
1775394816.8124340 [navNode-2] 目标位置:(-0.25, 1.25, 1.2)-[A2]-[MCU:False]-[POS:False]
1775394816.8125012 [navNode-2] 当前位置:(-0.07356684654951096, 0.010749599896371365, -0.00442492077127099)
1775394816.9103086 [navNode-2] [INFO] [1775394816.909951643] [navNode]: 状态4：WaitAim--[A2]
1775394816.9107885 [navNode-2] [INFO] [1775394816.910417270] [navNode]: 未到目标点
1775394816.9108968 [navNode-2] 目标位置:(-0.25, 1.25, 1.2)-[A2]-[MCU:False]-[POS:False]
1775394816.9109561 [navNode-2] 当前位置:(-0.07356684654951096, 0.010749599896371365, -0.00442492077127099)
1775394817.0101936 [navNode-2] [INFO] [1775394817.009861034] [navNode]: 状态4：WaitAim--[A2]
1775394817.0107710 [navNode-2] [INFO] [1775394817.010541841] [navNode]: 未到目标点
1775394817.0108976 [navNode-2] 目标位置:(-0.25, 1.25, 1.2)-[A2]-[MCU:False]-[POS:False]
1775394817.0109522 [navNode-2] 当前位置:(-0.07356684654951096, 0.010749599896371365, -0.00442492077127099)
1775394817.1105163 [navNode-2] [INFO] [1775394817.110145917] [navNode]: 状态4：WaitAim--[A2]
1775394817.1109278 [navNode-2] [INFO] [1775394817.110551904] [navNode]: 未到目标点
1775394817.1110234 [navNode-2] 目标位置:(-0.25, 1.25, 1.2)-[A2]-[MCU:False]-[POS:False]
1775394817.1111062 [navNode-2] 当前位置:(-0.07356684654951096, 0.010749599896371365, -0.00442492077127099)
1775394817.2115383 [navNode-2] [INFO] [1775394817.211110516] [navNode]: 状态4：WaitAim--[A2]
1775394817.2119167 [navNode-2] [INFO] [1775394817.211590262] [navNode]: 未到目标点
1775394817.2120333 [navNode-2] 目标位置:(-0.25, 1.25, 1.2)-[A2]-[MCU:False]-[POS:False]
1775394817.2121153 [navNode-2] 当前位置:(-0.07356684654951096, 0.010749599896371365, -0.00442492077127099)
1775394817.3103681 [navNode-2] [INFO] [1775394817.309968953] [navNode]: 状态4：WaitAim--[A2]
1775394817.3108299 [navNode-2] [INFO] [1775394817.310401515] [navNode]: 未到目标点
1775394817.3109245 [navNode-2] 目标位置:(-0.25, 1.25, 1.2)-[A2]-[MCU:False]-[POS:False]
1775394817.3109598 [navNode-2] 当前位置:(-0.07356684654951096, 0.010749599896371365, -0.00442492077127099)
1775394817.4101994 [navNode-2] [INFO] [1775394817.409878301] [navNode]: 状态4：WaitAim--[A2]
1775394817.4106357 [navNode-2] [INFO] [1775394817.410459265] [navNode]: 未到目标点
1775394817.4107332 [navNode-2] 目标位置:(-0.25, 1.25, 1.2)-[A2]-[MCU:False]-[POS:False]
1775394817.4107788 [navNode-2] 当前位置:(-0.07356684654951096, 0.010749599896371365, -0.00442492077127099)
1775394817.5113077 [navNode-2] [INFO] [1775394817.510955401] [navNode]: 状态4：WaitAim--[A2]
1775394817.5117435 [navNode-2] [INFO] [1775394817.511489356] [navNode]: 未到目标点
1775394817.5118604 [navNode-2] 目标位置:(-0.25, 1.25, 1.2)-[A2]-[MCU:False]-[POS:False]
1775394817.5119364 [navNode-2] 当前位置:(-0.07356684654951096, 0.010749599896371365, -0.00442492077127099)
1775394817.6109560 [navNode-2] [INFO] [1775394817.610454816] [navNode]: 状态4：WaitAim--[A2]
1775394817.6114404 [navNode-2] [INFO] [1775394817.611028850] [navNode]: 未到目标点
1775394817.6115832 [navNode-2] 目标位置:(-0.25, 1.25, 1.2)-[A2]-[MCU:False]-[POS:False]
1775394817.6116476 [navNode-2] 当前位置:(-0.07356684654951096, 0.010749599896371365, -0.00442492077127099)
1775394817.7103329 [navNode-2] [INFO] [1775394817.709985909] [navNode]: 状态4：WaitAim--[A2]
1775394817.7108481 [navNode-2] [INFO] [1775394817.710461914] [navNode]: 未到目标点
1775394817.7109740 [navNode-2] 目标位置:(-0.25, 1.25, 1.2)-[A2]-[MCU:False]-[POS:False]
1775394817.7110677 [navNode-2] 当前位置:(-0.07356684654951096, 0.010749599896371365, -0.00442492077127099)
1775394817.8107197 [navNode-2] [INFO] [1775394817.810368350] [navNode]: 状态4：WaitAim--[A2]
1775394817.8111775 [navNode-2] [INFO] [1775394817.810869734] [navNode]: 未到目标点
1775394817.8112812 [navNode-2] 目标位置:(-0.25, 1.25, 1.2)-[A2]-[MCU:False]-[POS:False]
1775394817.8113394 [navNode-2] 当前位置:(-0.07356684654951096, 0.010749599896371365, -0.00442492077127099)
1775394817.9109659 [navNode-2] [INFO] [1775394817.910466652] [navNode]: 状态4：WaitAim--[A2]
1775394817.9115829 [navNode-2] [INFO] [1775394817.911008070] [navNode]: 未到目标点
1775394817.9118872 [navNode-2] 目标位置:(-0.25, 1.25, 1.2)-[A2]-[MCU:False]-[POS:False]
1775394817.9120212 [navNode-2] 当前位置:(-0.07356684654951096, 0.010749599896371365, -0.00442492077127099)
1775394818.0110502 [navNode-2] [INFO] [1775394818.010561172] [navNode]: 状态4：WaitAim--[A2]
1775394818.0115502 [navNode-2] [INFO] [1775394818.011168659] [navNode]: 未到目标点
1775394818.0116482 [navNode-2] 目标位置:(-0.25, 1.25, 1.2)-[A2]-[MCU:False]-[POS:False]
1775394818.0117054 [navNode-2] 当前位置:(-0.07356684654951096, 0.010749599896371365, -0.00442492077127099)
1775394818.1118171 [navNode-2] [INFO] [1775394818.110715814] [navNode]: 状态4：WaitAim--[A2]
1775394818.1121268 [navNode-2] [INFO] [1775394818.111380390] [navNode]: 未到目标点
1775394818.1122177 [navNode-2] 目标位置:(-0.25, 1.25, 1.2)-[A2]-[MCU:False]-[POS:False]
1775394818.1122816 [navNode-2] 当前位置:(-0.07356684654951096, 0.010749599896371365, -0.00442492077127099)
1775394818.2107587 [navNode-2] [INFO] [1775394818.210341556] [navNode]: 状态4：WaitAim--[A2]
1775394818.2112613 [navNode-2] [INFO] [1775394818.210993222] [navNode]: 未到目标点
1775394818.2113588 [navNode-2] 目标位置:(-0.25, 1.25, 1.2)-[A2]-[MCU:False]-[POS:False]
1775394818.2114103 [navNode-2] 当前位置:(-0.07356684654951096, 0.010749599896371365, -0.00442492077127099)
1775394818.3111374 [navNode-2] [INFO] [1775394818.310577871] [navNode]: 状态4：WaitAim--[A2]
1775394818.3119009 [navNode-2] [INFO] [1775394818.311434473] [navNode]: 未到目标点
1775394818.3121037 [navNode-2] 目标位置:(-0.25, 1.25, 1.2)-[A2]-[MCU:False]-[POS:False]
1775394818.3122029 [navNode-2] 当前位置:(-0.07356684654951096, 0.010749599896371365, -0.00442492077127099)
1775394818.4125640 [navNode-2] [INFO] [1775394818.411433828] [navNode]: 状态4：WaitAim--[A2]
1775394818.4128973 [navNode-2] [INFO] [1775394818.412097815] [navNode]: 未到目标点
1775394818.4130275 [navNode-2] 目标位置:(-0.25, 1.25, 1.2)-[A2]-[MCU:False]-[POS:False]
1775394818.4130936 [navNode-2] 当前位置:(-0.07356684654951096, 0.010749599896371365, -0.00442492077127099)
1775394818.5111949 [navNode-2] [INFO] [1775394818.510651688] [navNode]: 状态4：WaitAim--[A2]
1775394818.5117192 [navNode-2] [INFO] [1775394818.511309363] [navNode]: 未到目标点
1775394818.5119195 [navNode-2] 目标位置:(-0.25, 1.25, 1.2)-[A2]-[MCU:False]-[POS:False]
1775394818.5120513 [navNode-2] 当前位置:(-0.07356684654951096, 0.010749599896371365, -0.00442492077127099)
1775394818.6114707 [navNode-2] [INFO] [1775394818.610859138] [navNode]: 状态4：WaitAim--[A2]
1775394818.6120455 [navNode-2] [INFO] [1775394818.611773485] [navNode]: 未到目标点
1775394818.6121595 [navNode-2] 目标位置:(-0.25, 1.25, 1.2)-[A2]-[MCU:False]-[POS:False]
1775394818.6122191 [navNode-2] 当前位置:(-0.07356684654951096, 0.010749599896371365, -0.00442492077127099)
1775394818.7102880 [navNode-2] [INFO] [1775394818.709902140] [navNode]: 状态4：WaitAim--[A2]
1775394818.7109082 [navNode-2] [INFO] [1775394818.710737419] [navNode]: 未到目标点
1775394818.7110531 [navNode-2] 目标位置:(-0.25, 1.25, 1.2)-[A2]-[MCU:False]-[POS:False]
1775394818.7111433 [navNode-2] 当前位置:(-0.07356684654951096, 0.010749599896371365, -0.00442492077127099)
1775394818.8107955 [navNode-2] [INFO] [1775394818.810363797] [navNode]: 状态4：WaitAim--[A2]
1775394818.8122413 [navNode-2] [INFO] [1775394818.811823997] [navNode]: 未到目标点
1775394818.8124354 [navNode-2] 目标位置:(-0.25, 1.25, 1.2)-[A2]-[MCU:False]-[POS:False]
1775394818.8124886 [navNode-2] 当前位置:(-0.07356684654951096, 0.010749599896371365, -0.00442492077127099)
1775394818.9105370 [navNode-2] [INFO] [1775394818.910154675] [navNode]: 状态4：WaitAim--[A2]
1775394818.9110687 [navNode-2] [INFO] [1775394818.910688815] [navNode]: 未到目标点
1775394818.9112244 [navNode-2] 目标位置:(-0.25, 1.25, 1.2)-[A2]-[MCU:False]-[POS:False]
1775394818.9112866 [navNode-2] 当前位置:(-0.07356684654951096, 0.010749599896371365, -0.00442492077127099)
1775394819.0102203 [navNode-2] [INFO] [1775394819.009842517] [navNode]: 状态4：WaitAim--[A2]
1775394819.0108490 [navNode-2] [INFO] [1775394819.010641355] [navNode]: 未到目标点
1775394819.0109906 [navNode-2] 目标位置:(-0.25, 1.25, 1.2)-[A2]-[MCU:False]-[POS:False]
1775394819.0110583 [navNode-2] 当前位置:(-0.07356684654951096, 0.010749599896371365, -0.00442492077127099)
1775394819.1106455 [navNode-2] [INFO] [1775394819.110214446] [navNode]: 状态4：WaitAim--[A2]
1775394819.1111488 [navNode-2] [INFO] [1775394819.111010878] [navNode]: 未到目标点
1775394819.1112478 [navNode-2] 目标位置:(-0.25, 1.25, 1.2)-[A2]-[MCU:False]-[POS:False]
1775394819.1112938 [navNode-2] 当前位置:(-0.07356684654951096, 0.010749599896371365, -0.00442492077127099)
1775394819.2102790 [navNode-2] [INFO] [1775394819.209893022] [navNode]: 状态4：WaitAim--[A2]
1775394819.2110450 [navNode-2] [INFO] [1775394819.210758590] [navNode]: 未到目标点
1775394819.2112372 [navNode-2] 目标位置:(-0.25, 1.25, 1.2)-[A2]-[MCU:False]-[POS:False]
1775394819.2113256 [navNode-2] 当前位置:(-0.07356684654951096, 0.010749599896371365, -0.00442492077127099)
1775394819.3106048 [navNode-2] [INFO] [1775394819.310241027] [navNode]: 状态4：WaitAim--[A2]
1775394819.3111429 [navNode-2] [INFO] [1775394819.310768428] [navNode]: 未到目标点
1775394819.3112862 [navNode-2] 目标位置:(-0.25, 1.25, 1.2)-[A2]-[MCU:False]-[POS:False]
1775394819.3113527 [navNode-2] 当前位置:(-0.07356684654951096, 0.010749599896371365, -0.00442492077127099)
1775394819.4114106 [navNode-2] [INFO] [1775394819.411029059] [navNode]: 状态4：WaitAim--[A2]
1775394819.4118147 [navNode-2] [INFO] [1775394819.411612427] [navNode]: 未到目标点
1775394819.4118948 [navNode-2] 目标位置:(-0.25, 1.25, 1.2)-[A2]-[MCU:False]-[POS:False]
1775394819.4119427 [navNode-2] 当前位置:(-0.07356684654951096, 0.010749599896371365, -0.00442492077127099)
1775394819.5107648 [navNode-2] [INFO] [1775394819.510234539] [navNode]: 状态4：WaitAim--[A2]
1775394819.5112641 [navNode-2] [INFO] [1775394819.510842556] [navNode]: 未到目标点
1775394819.5113819 [navNode-2] 目标位置:(-0.25, 1.25, 1.2)-[A2]-[MCU:False]-[POS:False]
1775394819.5114431 [navNode-2] 当前位置:(-0.07356684654951096, 0.010749599896371365, -0.00442492077127099)
1775394819.6102500 [navNode-2] [INFO] [1775394819.609863834] [navNode]: 状态4：WaitAim--[A2]
1775394819.6108706 [navNode-2] [INFO] [1775394819.610634066] [navNode]: 未到目标点
1775394819.6110091 [navNode-2] 目标位置:(-0.25, 1.25, 1.2)-[A2]-[MCU:False]-[POS:False]
1775394819.6110847 [navNode-2] 当前位置:(-0.07356684654951096, 0.010749599896371365, -0.00442492077127099)
1775394819.7105584 [navNode-2] [INFO] [1775394819.709974200] [navNode]: 状态4：WaitAim--[A2]
1775394819.7110267 [navNode-2] [INFO] [1775394819.710468493] [navNode]: 未到目标点
1775394819.7111764 [navNode-2] 目标位置:(-0.25, 1.25, 1.2)-[A2]-[MCU:False]-[POS:False]
1775394819.7112727 [navNode-2] 当前位置:(-0.07356684654951096, 0.010749599896371365, -0.00442492077127099)
1775394819.8118410 [navNode-2] [INFO] [1775394819.811159795] [navNode]: 状态4：WaitAim--[A2]
1775394819.8129334 [navNode-2] [INFO] [1775394819.812378028] [navNode]: 未到目标点
1775394819.8131561 [navNode-2] 目标位置:(-0.25, 1.25, 1.2)-[A2]-[MCU:False]-[POS:False]
1775394819.8132942 [navNode-2] 当前位置:(-0.07356684654951096, 0.010749599896371365, -0.00442492077127099)
1775394819.9110892 [navNode-2] [INFO] [1775394819.910538240] [navNode]: 状态4：WaitAim--[A2]
1775394819.9116361 [navNode-2] [INFO] [1775394819.911134164] [navNode]: 未到目标点
1775394819.9118407 [navNode-2] 目标位置:(-0.25, 1.25, 1.2)-[A2]-[MCU:False]-[POS:False]
1775394819.9119337 [navNode-2] 当前位置:(-0.07356684654951096, 0.010749599896371365, -0.00442492077127099)
1775394820.0100863 [navNode-2] [INFO] [1775394820.009701223] [navNode]: 状态4：WaitAim--[A2]
1775394820.0105841 [navNode-2] [INFO] [1775394820.010459257] [navNode]: 未到目标点
1775394820.0107021 [navNode-2] 目标位置:(-0.25, 1.25, 1.2)-[A2]-[MCU:False]-[POS:False]
1775394820.0107622 [navNode-2] 当前位置:(-0.07356684654951096, 0.010749599896371365, -0.00442492077127099)
1775394820.1103570 [navNode-2] [INFO] [1775394820.110004857] [navNode]: 状态4：WaitAim--[A2]
1775394820.1108758 [navNode-2] [INFO] [1775394820.110510823] [navNode]: 未到目标点
1775394820.1110101 [navNode-2] 目标位置:(-0.25, 1.25, 1.2)-[A2]-[MCU:False]-[POS:False]
1775394820.1110902 [navNode-2] 当前位置:(-0.07356684654951096, 0.010749599896371365, -0.00442492077127099)
1775394820.2103937 [navNode-2] [INFO] [1775394820.210031000] [navNode]: 状态4：WaitAim--[A2]
1775394820.2109041 [navNode-2] [INFO] [1775394820.210619657] [navNode]: 未到目标点
1775394820.2110374 [navNode-2] 目标位置:(-0.25, 1.25, 1.2)-[A2]-[MCU:False]-[POS:False]
1775394820.2110991 [navNode-2] 当前位置:(-0.07356684654951096, 0.010749599896371365, -0.00442492077127099)
1775394820.3102748 [navNode-2] [INFO] [1775394820.309893542] [navNode]: 状态4：WaitAim--[A2]
1775394820.3107312 [navNode-2] [INFO] [1775394820.310388382] [navNode]: 未到目标点
1775394820.3108735 [navNode-2] 目标位置:(-0.25, 1.25, 1.2)-[A2]-[MCU:False]-[POS:False]
1775394820.3109381 [navNode-2] 当前位置:(-0.07356684654951096, 0.010749599896371365, -0.00442492077127099)
1775394820.4106312 [navNode-2] [INFO] [1775394820.410198135] [navNode]: 状态4：WaitAim--[A2]
1775394820.4111943 [navNode-2] [INFO] [1775394820.410823471] [navNode]: 未到目标点
1775394820.4113300 [navNode-2] 目标位置:(-0.25, 1.25, 1.2)-[A2]-[MCU:False]-[POS:False]
1775394820.4114444 [navNode-2] 当前位置:(-0.07356684654951096, 0.010749599896371365, -0.00442492077127099)
1775394820.5104017 [navNode-2] [INFO] [1775394820.510027827] [navNode]: 状态4：WaitAim--[A2]
1775394820.5108838 [navNode-2] [INFO] [1775394820.510544437] [navNode]: 未到目标点
1775394820.5110185 [navNode-2] 目标位置:(-0.25, 1.25, 1.2)-[A2]-[MCU:False]-[POS:False]
1775394820.5110848 [navNode-2] 当前位置:(-0.07356684654951096, 0.010749599896371365, -0.00442492077127099)
1775394820.6102302 [navNode-2] [INFO] [1775394820.609846582] [navNode]: 状态4：WaitAim--[A2]
1775394820.6107116 [navNode-2] [INFO] [1775394820.610403436] [navNode]: 未到目标点
1775394820.6108458 [navNode-2] 目标位置:(-0.25, 1.25, 1.2)-[A2]-[MCU:False]-[POS:False]
1775394820.6109059 [navNode-2] 当前位置:(-0.07356684654951096, 0.010749599896371365, -0.00442492077127099)
1775394820.7108798 [navNode-2] [INFO] [1775394820.710478422] [navNode]: 状态4：WaitAim--[A2]
1775394820.7119198 [navNode-2] [INFO] [1775394820.711246605] [navNode]: 未到目标点
1775394820.7121055 [navNode-2] 目标位置:(-0.25, 1.25, 1.2)-[A2]-[MCU:False]-[POS:False]
1775394820.7122033 [navNode-2] 当前位置:(-0.07356684654951096, 0.010749599896371365, -0.00442492077127099)
1775394820.8107731 [navNode-2] [INFO] [1775394820.810334569] [navNode]: 状态4：WaitAim--[A2]
1775394820.8114982 [navNode-2] [INFO] [1775394820.811318043] [navNode]: 未到目标点
1775394820.8117337 [navNode-2] 目标位置:(-0.25, 1.25, 1.2)-[A2]-[MCU:False]-[POS:False]
1775394820.8118343 [navNode-2] 当前位置:(-0.07356684654951096, 0.010749599896371365, -0.00442492077127099)
1775394820.9105194 [navNode-2] [INFO] [1775394820.910144667] [navNode]: 状态4：WaitAim--[A2]
1775394820.9111588 [navNode-2] [INFO] [1775394820.910832032] [navNode]: 未到目标点
1775394820.9112802 [navNode-2] 目标位置:(-0.25, 1.25, 1.2)-[A2]-[MCU:False]-[POS:False]
1775394820.9113381 [navNode-2] 当前位置:(-0.07356684654951096, 0.010749599896371365, -0.00442492077127099)
1775394821.0113425 [navNode-2] [INFO] [1775394821.010972815] [navNode]: 状态4：WaitAim--[A2]
1775394821.0118091 [navNode-2] [INFO] [1775394821.011502973] [navNode]: 未到目标点
1775394821.0119381 [navNode-2] 目标位置:(-0.25, 1.25, 1.2)-[A2]-[MCU:False]-[POS:False]
1775394821.0120006 [navNode-2] 当前位置:(-0.07356684654951096, 0.010749599896371365, -0.00442492077127099)
1775394821.1110337 [navNode-2] [INFO] [1775394821.110557492] [navNode]: 状态4：WaitAim--[A2]
1775394821.1115229 [navNode-2] [INFO] [1775394821.111215325] [navNode]: 未到目标点
1775394821.1116400 [navNode-2] 目标位置:(-0.25, 1.25, 1.2)-[A2]-[MCU:False]-[POS:False]
1775394821.1117260 [navNode-2] 当前位置:(-0.07356684654951096, 0.010749599896371365, -0.00442492077127099)
1775394821.2109151 [navNode-2] [INFO] [1775394821.210546993] [navNode]: 状态4：WaitAim--[A2]
1775394821.2113488 [navNode-2] [INFO] [1775394821.211074096] [navNode]: 未到目标点
1775394821.2114313 [navNode-2] 目标位置:(-0.25, 1.25, 1.2)-[A2]-[MCU:False]-[POS:False]
1775394821.2114754 [navNode-2] 当前位置:(-0.07356684654951096, 0.010749599896371365, -0.00442492077127099)
1775394821.3107798 [navNode-2] [INFO] [1775394821.310337602] [navNode]: 状态4：WaitAim--[A2]
1775394821.3114946 [navNode-2] [INFO] [1775394821.310940551] [navNode]: 未到目标点
1775394821.3117363 [navNode-2] 目标位置:(-0.25, 1.25, 1.2)-[A2]-[MCU:False]-[POS:False]
1775394821.3118362 [navNode-2] 当前位置:(-0.07356684654951096, 0.010749599896371365, -0.00442492077127099)
1775394821.4108396 [navNode-2] [INFO] [1775394821.410463134] [navNode]: 状态4：WaitAim--[A2]
1775394821.4112966 [navNode-2] [INFO] [1775394821.411152887] [navNode]: 未到目标点
1775394821.4114022 [navNode-2] 目标位置:(-0.25, 1.25, 1.2)-[A2]-[MCU:False]-[POS:False]
1775394821.4114528 [navNode-2] 当前位置:(-0.07356684654951096, 0.010749599896371365, -0.00442492077127099)
1775394821.5103612 [navNode-2] [INFO] [1775394821.510028513] [navNode]: 状态4：WaitAim--[A2]
1775394821.5107923 [navNode-2] [INFO] [1775394821.510486287] [navNode]: 未到目标点
1775394821.5108714 [navNode-2] 目标位置:(-0.25, 1.25, 1.2)-[A2]-[MCU:False]-[POS:False]
1775394821.5109305 [navNode-2] 当前位置:(-0.07356684654951096, 0.010749599896371365, -0.00442492077127099)
1775394821.6106024 [navNode-2] [INFO] [1775394821.610291333] [navNode]: 状态4：WaitAim--[A2]
1775394821.6110370 [navNode-2] [INFO] [1775394821.610807762] [navNode]: 未到目标点
1775394821.6111374 [navNode-2] 目标位置:(-0.25, 1.25, 1.2)-[A2]-[MCU:False]-[POS:False]
1775394821.6111937 [navNode-2] 当前位置:(-0.07356684654951096, 0.010749599896371365, -0.00442492077127099)
1775394821.7102165 [navNode-2] [INFO] [1775394821.709889622] [navNode]: 状态4：WaitAim--[A2]
1775394821.7105615 [navNode-2] [INFO] [1775394821.710351086] [navNode]: 未到目标点
1775394821.7106242 [navNode-2] 目标位置:(-0.25, 1.25, 1.2)-[A2]-[MCU:False]-[POS:False]
1775394821.7106795 [navNode-2] 当前位置:(-0.07356684654951096, 0.010749599896371365, -0.00442492077127099)
1775394821.8108678 [navNode-2] [INFO] [1775394821.810323569] [navNode]: 状态4：WaitAim--[A2]
1775394821.8115036 [navNode-2] [INFO] [1775394821.811119167] [navNode]: 未到目标点
1775394821.8115809 [navNode-2] 目标位置:(-0.25, 1.25, 1.2)-[A2]-[MCU:False]-[POS:False]
1775394821.8116324 [navNode-2] 当前位置:(-0.07356684654951096, 0.010749599896371365, -0.00442492077127099)
1775394821.9124336 [navNode-2] [INFO] [1775394821.911239993] [navNode]: 状态4：WaitAim--[A2]
1775394821.9127603 [navNode-2] [INFO] [1775394821.911802162] [navNode]: 未到目标点
1775394821.9128430 [navNode-2] 目标位置:(-0.25, 1.25, 1.2)-[A2]-[MCU:False]-[POS:False]
1775394821.9129071 [navNode-2] 当前位置:(-0.07356684654951096, 0.010749599896371365, -0.00442492077127099)
1775394822.0106592 [navNode-2] [INFO] [1775394822.010202236] [navNode]: 状态4：WaitAim--[A2]
1775394822.0112815 [navNode-2] [INFO] [1775394822.010831964] [navNode]: 未到目标点
1775394822.0113761 [navNode-2] 目标位置:(-0.25, 1.25, 1.2)-[A2]-[MCU:False]-[POS:False]
1775394822.0114248 [navNode-2] 当前位置:(-0.07356684654951096, 0.010749599896371365, -0.00442492077127099)
1775394822.1105070 [navNode-2] [INFO] [1775394822.110164374] [navNode]: 状态4：WaitAim--[A2]
1775394822.1108966 [navNode-2] [INFO] [1775394822.110639801] [navNode]: 未到目标点
1775394822.1110001 [navNode-2] 目标位置:(-0.25, 1.25, 1.2)-[A2]-[MCU:False]-[POS:False]
1775394822.1110508 [navNode-2] 当前位置:(-0.07356684654951096, 0.010749599896371365, -0.00442492077127099)
1775394822.2109840 [navNode-2] [INFO] [1775394822.210580116] [navNode]: 状态4：WaitAim--[A2]
1775394822.2114339 [navNode-2] [INFO] [1775394822.211039425] [navNode]: 未到目标点
1775394822.2115886 [navNode-2] 目标位置:(-0.25, 1.25, 1.2)-[A2]-[MCU:False]-[POS:False]
1775394822.2116780 [navNode-2] 当前位置:(-0.07356684654951096, 0.010749599896371365, -0.00442492077127099)
1775394822.3103456 [navNode-2] [INFO] [1775394822.309973177] [navNode]: 状态4：WaitAim--[A2]
1775394822.3107553 [navNode-2] [INFO] [1775394822.310369054] [navNode]: 未到目标点
1775394822.3108737 [navNode-2] 目标位置:(-0.25, 1.25, 1.2)-[A2]-[MCU:False]-[POS:False]
1775394822.3109405 [navNode-2] 当前位置:(-0.07356684654951096, 0.010749599896371365, -0.00442492077127099)
1775394822.4112339 [navNode-2] [INFO] [1775394822.410941031] [navNode]: 状态4：WaitAim--[A2]
1775394822.4117005 [navNode-2] [INFO] [1775394822.411384892] [navNode]: 未到目标点
1775394822.4118223 [navNode-2] 目标位置:(-0.25, 1.25, 1.2)-[A2]-[MCU:False]-[POS:False]
1775394822.4118843 [navNode-2] 当前位置:(-0.07356684654951096, 0.010749599896371365, -0.00442492077127099)
1775394822.5105660 [navNode-2] [INFO] [1775394822.510214264] [navNode]: 状态4：WaitAim--[A2]
1775394822.5110230 [navNode-2] [INFO] [1775394822.510705727] [navNode]: 未到目标点
1775394822.5111396 [navNode-2] 目标位置:(-0.25, 1.25, 1.2)-[A2]-[MCU:False]-[POS:False]
1775394822.5112121 [navNode-2] 当前位置:(-0.07356684654951096, 0.010749599896371365, -0.00442492077127099)
1775394822.6108582 [navNode-2] [INFO] [1775394822.610426098] [navNode]: 状态4：WaitAim--[A2]
1775394822.6112807 [navNode-2] [INFO] [1775394822.610918465] [navNode]: 未到目标点
1775394822.6113708 [navNode-2] 目标位置:(-0.25, 1.25, 1.2)-[A2]-[MCU:False]-[POS:False]
1775394822.6114414 [navNode-2] 当前位置:(-0.07356684654951096, 0.010749599896371365, -0.00442492077127099)
1775394822.7101474 [navNode-2] [INFO] [1775394822.709807455] [navNode]: 状态4：WaitAim--[A2]
1775394822.7105572 [navNode-2] [INFO] [1775394822.710244280] [navNode]: 未到目标点
1775394822.7106824 [navNode-2] 目标位置:(-0.25, 1.25, 1.2)-[A2]-[MCU:False]-[POS:False]
1775394822.7107828 [navNode-2] 当前位置:(-0.07356684654951096, 0.010749599896371365, -0.00442492077127099)
1775394822.8102012 [navNode-2] [INFO] [1775394822.809840826] [navNode]: 状态4：WaitAim--[A2]
1775394822.8106208 [navNode-2] [INFO] [1775394822.810336311] [navNode]: 未到目标点
1775394822.8107553 [navNode-2] 目标位置:(-0.25, 1.25, 1.2)-[A2]-[MCU:False]-[POS:False]
1775394822.8108070 [navNode-2] 当前位置:(-0.07356684654951096, 0.010749599896371365, -0.00442492077127099)
1775394822.9107065 [navNode-2] [INFO] [1775394822.910262938] [navNode]: 状态4：WaitAim--[A2]
1775394822.9110756 [navNode-2] [INFO] [1775394822.910758640] [navNode]: 未到目标点
1775394822.9111550 [navNode-2] 目标位置:(-0.25, 1.25, 1.2)-[A2]-[MCU:False]-[POS:False]
1775394822.9112010 [navNode-2] 当前位置:(-0.07356684654951096, 0.010749599896371365, -0.00442492077127099)
1775394823.0103183 [navNode-2] [INFO] [1775394823.009879218] [navNode]: 状态4：WaitAim--[A2]
1775394823.0107343 [navNode-2] [INFO] [1775394823.010433518] [navNode]: 未到目标点
1775394823.0108101 [navNode-2] 目标位置:(-0.25, 1.25, 1.2)-[A2]-[MCU:False]-[POS:False]
1775394823.0108554 [navNode-2] 当前位置:(-0.07356684654951096, 0.010749599896371365, -0.00442492077127099)
1775394823.1117442 [navNode-2] [INFO] [1775394823.111379934] [navNode]: 状态4：WaitAim--[A2]
1775394823.1132057 [navNode-2] [INFO] [1775394823.112952705] [navNode]: 未到目标点
1775394823.1134233 [navNode-2] 目标位置:(-0.25, 1.25, 1.2)-[A2]-[MCU:False]-[POS:False]
1775394823.1134915 [navNode-2] 当前位置:(-0.07356684654951096, 0.010749599896371365, -0.00442492077127099)
1775394823.2103102 [navNode-2] [INFO] [1775394823.209947787] [navNode]: 状态4：WaitAim--[A2]
1775394823.2107513 [navNode-2] [INFO] [1775394823.210493827] [navNode]: 未到目标点
1775394823.2108400 [navNode-2] 目标位置:(-0.25, 1.25, 1.2)-[A2]-[MCU:False]-[POS:False]
1775394823.2109091 [navNode-2] 当前位置:(-0.07356684654951096, 0.010749599896371365, -0.00442492077127099)
1775394823.3101349 [navNode-2] [INFO] [1775394823.309787281] [navNode]: 状态4：WaitAim--[A2]
1775394823.3105717 [navNode-2] [INFO] [1775394823.310288744] [navNode]: 未到目标点
1775394823.3106577 [navNode-2] 目标位置:(-0.25, 1.25, 1.2)-[A2]-[MCU:False]-[POS:False]
1775394823.3107319 [navNode-2] 当前位置:(-0.07356684654951096, 0.010749599896371365, -0.00442492077127099)
1775394823.3177700 [WARNING] [launch]: user interrupted with ctrl-c (SIGINT)
1775394823.3622792 [INFO] [navNode-2]: process has finished cleanly [pid 33387]
1775394823.5152173 [WARNING] [launch]: user interrupted with ctrl-c (SIGINT) again, ignoring...
1775394823.7870202 [WARNING] [launch]: user interrupted with ctrl-c (SIGINT) again, ignoring...
1775394824.1337330 [WARNING] [launch]: user interrupted with ctrl-c (SIGINT) again, ignoring...
1775394824.3281336 [WARNING] [launch]: user interrupted with ctrl-c (SIGINT) again, ignoring...
1775394825.2734740 [WARNING] [launch]: user interrupted with ctrl-c (SIGINT) again, ignoring...
1775394828.3242116 [ERROR] [myMain-1]: process[myMain-1] failed to terminate '5' seconds after receiving 'SIGINT', escalating to 'SIGTERM'
1775394828.3245885 [INFO] [myMain-1]: sending signal 'SIGTERM' to process[myMain-1]
1775394828.3595297 [ERROR] [myMain-1]: process has died [pid 33385, exit code -15, cmd '/home/focal/Desktop/2024_GroundStation/install/GroundStation/lib/GroundStation/myMain --ros-args'].
