1775393921.8133175 [INFO] [launch]: All log files can be found below /home/focal/Desktop/2024_GroundStation/run_log/2026-04-05-05-58-41-808921-ubuntu-29106
1775393921.8137300 [INFO] [launch]: Default logging verbosity is set to INFO
1775393921.8901012 [INFO] [myMain-1]: process started with pid [29108]
1775393921.8906982 [INFO] [navNode-2]: process started with pid [29110]
1775393922.2449059 [navNode-2] [INFO] [1775393922.244591719] [navNode]: paths: [
1775393922.2455158 [navNode-2]   {"x": 0.00, "y": 0.00, "z": 0.00, "label": "TakeOff", "qrcode": "", "label2": ""       , "qrcode2": "" },
1775393922.2458057 [navNode-2]   {"x": 0.00, "y": 0.00, "z": 0.10, "label": "A6"     , "qrcode": "", "label2": ""       , "qrcode2": "" },
1775393922.2462897 [navNode-2]   {"x": 0.00, "y": 0.00, "z": 0.20, "label": "A3"     , "qrcode": "", "label2": ""       , "qrcode2": "" },
1775393922.2468879 [navNode-2]   {"x":-0.25, "y": 1.25, "z": 1.20, "label": "A2"     , "qrcode": "", "label2": ""       , "qrcode2": "" },
1775393922.2496731 [navNode-2]   {"x":-0.25, "y": 1.25, "z": 0.80, "label": "A5"     , "qrcode": "", "label2": ""       , "qrcode2": "" },
1775393922.2511468 [navNode-2]   {"x":-0.25, "y": 1.75, "z": 0.80, "label": "A4"     , "qrcode": "", "label2": ""       , "qrcode2": "" },
1775393922.2518744 [navNode-2]   {"x":-0.25, "y": 1.75, "z": 1.20, "label": "A1"     , "qrcode": "", "label2": ""       , "qrcode2": "" },
1775393922.2521653 [navNode-2]   {"x":-0.25, "y": 2.00, "z": 0.70, "label": "UpSide1", "qrcode": "", "label2": ""       , "qrcode2": "" },
1775393922.2525024 [navNode-2]   {"x": 0.75, "y": 2.00, "z": 0.70, "label": "LandPos", "qrcode": "", "label2": ""       , "qrcode2": "" }
1775393922.2531564 [navNode-2] ]
1775393922.2535672 [navNode-2] 
1775393922.2627437 [navNode-2] [INFO] [1775393922.262415159] [navNode]: 上位机导航节点启动成功
1775393922.8810844 [myMain-1] [INFO] [1775393922.880703213] [Ground]: ros2 node launch success:Ground!
1775393926.2657256 [myMain-1] [INFO] [1775393926.265403184] [Ground]: 发送 scan_all 成功
1775393926.2664211 [navNode-2] [INFO] [1775393926.266091500] [navNode]: 收到来自UI的请求：scan_all
1775393926.2667871 [navNode-2] [WARN] [1775393926.266630061] [navNode]: 任务开始执行scan_all
1775393926.2691748 [myMain-1] [INFO] [1775393926.268956912] [Ground]: scan_all 响应成功 → 回复：scan_all
1775393926.3683484 [navNode-2] [INFO] [1775393926.368020134] [navNode]: 状态1：Takeoff--[TakeOff]
1775393926.3825126 [navNode-2] [INFO] [1775393926.382162043] [navNode]: takeoff 发送成功 → 飞行站已调用：takeoff服务
1775393926.4019625 [myMain-1] [INFO] [1775393926.401520074] [Ground]: MCU2 send back: Takeoffok
1775393926.4023473 [navNode-2] [INFO] [1775393926.401742153] [navNode]: MCU2 send back: Takeoffok
1775393926.4676504 [navNode-2] [INFO] [1775393926.467350294] [navNode]: 状态2：Takeoff_wait--[TakeOff]
1775393926.4681118 [navNode-2] [INFO] [1775393926.467801423] [navNode]: 已到目标点
1775393926.4682434 [navNode-2] 目标位置:TakeOff:(0.0, 0.0, 0.0)-[TakeOff]-[MCU:False]-[POS:True]
1775393926.4682841 [navNode-2] 当前位置:(-0.0033023948781192303, -0.0019478369504213333, 0.0015850330237299204)
1775393926.4683170 [navNode-2] 
1775393926.5675945 [navNode-2] [INFO] [1775393926.567171794] [navNode]: 状态3：SetAim--[TakeOff]
1775393926.6672766 [navNode-2] [INFO] [1775393926.667036228] [navNode]: 状态4：WaitAim--[TakeOff]
1775393926.6680279 [navNode-2] [INFO] [1775393926.667918747] [navNode]: 已到目标点
1775393926.6681063 [navNode-2] 目标位置:TakeOff:(0.0, 0.0, 0.0)-[TakeOff]-[MCU:False]-[POS:True]
1775393926.6681409 [navNode-2] 当前位置:(-0.0029407429974526167, -0.0020209960639476776, 0.002296529244631529)
1775393926.6681719 [navNode-2] 
1775393926.7676916 [navNode-2] [INFO] [1775393926.767302879] [navNode]: 状态5：ArriveAim--[TakeOff]
1775393926.8673325 [navNode-2] [INFO] [1775393926.867032482] [navNode]: 状态3：SetAim--[TakeOff]
1775393927.1181943 [navNode-2] [ERROR] [1775393927.117887024] [navNode]: 发送 G+00000+00000+01000 失败: ROS2 服务 [ControlService] 未启动或超时
1775393927.1193135 [navNode-2] [INFO] [1775393927.118849393] [navNode]: 状态4：WaitAim--[A6]
1775393927.1200027 [navNode-2] [INFO] [1775393927.119207101] [navNode]: 未到目标点
1775393927.1201560 [navNode-2] 目标位置:(0.0, 0.0, 0.1)-[A6]-[MCU:False]-[POS:False]
1775393927.1202054 [navNode-2] 当前位置:(-0.0031204363331198692, -0.0015578182647004724, 0.0013048723340034485)
1775393927.1676395 [navNode-2] [INFO] [1775393927.167278769] [navNode]: 状态4：WaitAim--[A6]
1775393927.1680331 [navNode-2] [INFO] [1775393927.167666643] [navNode]: 未到目标点
1775393927.1681325 [navNode-2] 目标位置:(0.0, 0.0, 0.1)-[A6]-[MCU:False]-[POS:False]
1775393927.1681781 [navNode-2] 当前位置:(-0.0035982916597276926, -0.0015048031928017735, 0.0015844932058826089)
1775393927.2675824 [navNode-2] [INFO] [1775393927.267181732] [navNode]: 状态4：WaitAim--[A6]
1775393927.2680767 [navNode-2] [INFO] [1775393927.267589967] [navNode]: 未到目标点
1775393927.2681956 [navNode-2] 目标位置:(0.0, 0.0, 0.1)-[A6]-[MCU:False]-[POS:False]
1775393927.2682588 [navNode-2] 当前位置:(-0.003549471963196993, -0.0017917018849402666, 0.001739641185849905)
1775393927.3680661 [navNode-2] [INFO] [1775393927.367681030] [navNode]: 状态4：WaitAim--[A6]
1775393927.3684344 [navNode-2] [INFO] [1775393927.368090830] [navNode]: 未到目标点
1775393927.3685317 [navNode-2] 目标位置:(0.0, 0.0, 0.1)-[A6]-[MCU:False]-[POS:False]
1775393927.3686087 [navNode-2] 当前位置:(-0.0033588663209229708, -0.0016774955438449979, 0.002277438063174486)
1775393927.4676456 [navNode-2] [INFO] [1775393927.467224423] [navNode]: 状态4：WaitAim--[A6]
1775393927.4689677 [navNode-2] [INFO] [1775393927.468647516] [navNode]: 未到目标点
1775393927.4691224 [navNode-2] 目标位置:(0.0, 0.0, 0.1)-[A6]-[MCU:False]-[POS:False]
1775393927.4691918 [navNode-2] 当前位置:(-0.0034556931350380182, -0.0016720496350899339, 0.001932049635797739)
1775393927.5678885 [navNode-2] [INFO] [1775393927.567446905] [navNode]: 状态4：WaitAim--[A6]
1775393927.5685346 [navNode-2] [INFO] [1775393927.568306681] [navNode]: 未到目标点
1775393927.5686779 [navNode-2] 目标位置:(0.0, 0.0, 0.1)-[A6]-[MCU:False]-[POS:False]
1775393927.5687451 [navNode-2] 当前位置:(-0.0034770581405609846, -0.0014001430245116353, 0.0021018721163272858)
1775393927.6682484 [navNode-2] [INFO] [1775393927.667829677] [navNode]: 状态4：WaitAim--[A6]
1775393927.6687462 [navNode-2] [INFO] [1775393927.668449571] [navNode]: 未到目标点
1775393927.6688442 [navNode-2] 目标位置:(0.0, 0.0, 0.1)-[A6]-[MCU:False]-[POS:False]
1775393927.6689103 [navNode-2] 当前位置:(-0.003908139653503895, -0.0015483757015317678, 0.0013054399751126766)
1775393927.7679255 [navNode-2] [INFO] [1775393927.767496322] [navNode]: 状态4：WaitAim--[A6]
1775393927.7685146 [navNode-2] [INFO] [1775393927.768118657] [navNode]: 未到目标点
1775393927.7686467 [navNode-2] 目标位置:(0.0, 0.0, 0.1)-[A6]-[MCU:False]-[POS:False]
1775393927.7687249 [navNode-2] 当前位置:(-0.003537324257194996, -0.0016204052371904254, 0.0007660251576453447)
1775393927.8679795 [navNode-2] [INFO] [1775393927.867512473] [navNode]: 状态4：WaitAim--[A6]
1775393927.8684149 [navNode-2] [INFO] [1775393927.868138496] [navNode]: 未到目标点
1775393927.8684974 [navNode-2] 目标位置:(0.0, 0.0, 0.1)-[A6]-[MCU:False]-[POS:False]
1775393927.8685496 [navNode-2] 当前位置:(-0.003482428379356861, -0.001981254667043686, 0.002019912702962756)
1775393927.9681730 [navNode-2] [INFO] [1775393927.967817243] [navNode]: 状态4：WaitAim--[A6]
1775393927.9686444 [navNode-2] [INFO] [1775393927.968397837] [navNode]: 未到目标点
1775393927.9687631 [navNode-2] 目标位置:(0.0, 0.0, 0.1)-[A6]-[MCU:False]-[POS:False]
1775393927.9688258 [navNode-2] 当前位置:(-0.0023195974063128233, -0.001245532650500536, 0.000696000293828547)
1775393928.0681131 [navNode-2] [INFO] [1775393928.067704350] [navNode]: 状态4：WaitAim--[A6]
1775393928.0685637 [navNode-2] [INFO] [1775393928.068252862] [navNode]: 未到目标点
1775393928.0687108 [navNode-2] 目标位置:(0.0, 0.0, 0.1)-[A6]-[MCU:False]-[POS:False]
1775393928.0688195 [navNode-2] 当前位置:(-0.004526963923126459, -0.001940205693244934, 0.002245713956654072)
1775393928.1678658 [navNode-2] [INFO] [1775393928.167529401] [navNode]: 状态4：WaitAim--[A6]
1775393928.1683714 [navNode-2] [INFO] [1775393928.168030046] [navNode]: 未到目标点
1775393928.1685205 [navNode-2] 目标位置:(0.0, 0.0, 0.1)-[A6]-[MCU:False]-[POS:False]
1775393928.1686087 [navNode-2] 当前位置:(-0.0033970538061112165, -0.001921188086271286, 0.0015576124424114823)
1775393928.2680531 [navNode-2] [INFO] [1775393928.267669678] [navNode]: 状态4：WaitAim--[A6]
1775393928.2686050 [navNode-2] [INFO] [1775393928.268198149] [navNode]: 未到目标点
1775393928.2687969 [navNode-2] 目标位置:(0.0, 0.0, 0.1)-[A6]-[MCU:False]-[POS:False]
1775393928.2688658 [navNode-2] 当前位置:(-0.003739894600585103, -0.0019229782046750188, 0.0010380370076745749)
1775393928.3680730 [navNode-2] [INFO] [1775393928.367696947] [navNode]: 状态4：WaitAim--[A6]
1775393928.3685069 [navNode-2] [INFO] [1775393928.368202171] [navNode]: 未到目标点
1775393928.3686395 [navNode-2] 目标位置:(0.0, 0.0, 0.1)-[A6]-[MCU:False]-[POS:False]
1775393928.3687007 [navNode-2] 当前位置:(-0.0035986138973385096, -0.00198665214702487, 0.0011852473253384233)
1775393928.4681144 [navNode-2] [INFO] [1775393928.467733685] [navNode]: 状态4：WaitAim--[A6]
1775393928.4686661 [navNode-2] [INFO] [1775393928.468293825] [navNode]: 未到目标点
1775393928.4688151 [navNode-2] 目标位置:(0.0, 0.0, 0.1)-[A6]-[MCU:False]-[POS:False]
1775393928.4689119 [navNode-2] 当前位置:(-0.003954938147217035, -0.0017825571121647954, 0.0018755089258775115)
1775393928.5680337 [navNode-2] [INFO] [1775393928.567622548] [navNode]: 状态4：WaitAim--[A6]
1775393928.5686412 [navNode-2] [INFO] [1775393928.568186427] [navNode]: 未到目标点
1775393928.5687835 [navNode-2] 目标位置:(0.0, 0.0, 0.1)-[A6]-[MCU:False]-[POS:False]
1775393928.5688658 [navNode-2] 当前位置:(-0.0041038948111236095, -0.0019046872621402144, 0.001927869045175612)
1775393928.6682050 [navNode-2] [INFO] [1775393928.667411048] [navNode]: 状态4：WaitAim--[A6]
1775393928.6684158 [navNode-2] [INFO] [1775393928.667863253] [navNode]: 未到目标点
1775393928.6684783 [navNode-2] 目标位置:(0.0, 0.0, 0.1)-[A6]-[MCU:False]-[POS:False]
1775393928.6685178 [navNode-2] 当前位置:(-0.004106341861188412, -0.0019894603174179792, 0.0022284872829914093)
1775393928.7681623 [navNode-2] [INFO] [1775393928.767340485] [navNode]: 状态4：WaitAim--[A6]
1775393928.7683809 [navNode-2] [INFO] [1775393928.767819361] [navNode]: 未到目标点
1775393928.7684441 [navNode-2] 目标位置:(0.0, 0.0, 0.1)-[A6]-[MCU:False]-[POS:False]
1775393928.7685068 [navNode-2] 当前位置:(-0.0034353984519839287, -0.002127390820533037, 0.0016860906034708023)
1775393928.8677957 [navNode-2] [INFO] [1775393928.867472101] [navNode]: 状态4：WaitAim--[A6]
1775393928.8681591 [navNode-2] [INFO] [1775393928.867899449] [navNode]: 未到目标点
1775393928.8682821 [navNode-2] 目标位置:(0.0, 0.0, 0.1)-[A6]-[MCU:False]-[POS:False]
1775393928.8683341 [navNode-2] 当前位置:(-0.0035499182995408773, -0.0017706569051370025, 0.000848997151479125)
1775393928.9685295 [navNode-2] [INFO] [1775393928.967668242] [navNode]: 状态4：WaitAim--[A6]
1775393928.9687452 [navNode-2] [INFO] [1775393928.968205317] [navNode]: 未到目标点
1775393928.9688249 [navNode-2] 目标位置:(0.0, 0.0, 0.1)-[A6]-[MCU:False]-[POS:False]
1775393928.9688659 [navNode-2] 当前位置:(-0.004057248588651419, -0.0019038096070289612, 0.0012076786952093244)
1775393929.0682125 [navNode-2] [INFO] [1775393929.067424765] [navNode]: 状态4：WaitAim--[A6]
1775393929.0684574 [navNode-2] [INFO] [1775393929.067881516] [navNode]: 未到目标点
1775393929.0685406 [navNode-2] 目标位置:(0.0, 0.0, 0.1)-[A6]-[MCU:False]-[POS:False]
1775393929.0685844 [navNode-2] 当前位置:(-0.003670790698379278, -0.001927487552165985, 0.00105506950058043)
1775393929.1684988 [navNode-2] [INFO] [1775393929.167944326] [navNode]: 状态4：WaitAim--[A6]
1775393929.1689732 [navNode-2] [INFO] [1775393929.168414045] [navNode]: 未到目标点
1775393929.1691062 [navNode-2] 目标位置:(0.0, 0.0, 0.1)-[A6]-[MCU:False]-[POS:False]
1775393929.1691580 [navNode-2] 当前位置:(-0.004214856773614883, -0.002070764312520623, 0.001400156645104289)
1775393929.2679176 [navNode-2] [INFO] [1775393929.267331754] [navNode]: 状态4：WaitAim--[A6]
1775393929.2682889 [navNode-2] [INFO] [1775393929.267848494] [navNode]: 未到目标点
1775393929.2683585 [navNode-2] 目标位置:(0.0, 0.0, 0.1)-[A6]-[MCU:False]-[POS:False]
1775393929.2683995 [navNode-2] 当前位置:(-0.003014586167410016, -0.0020680793095380068, 0.0013810101663693786)
1775393929.3682513 [navNode-2] [INFO] [1775393929.367477383] [navNode]: 状态4：WaitAim--[A6]
1775393929.3684738 [navNode-2] [INFO] [1775393929.367881820] [navNode]: 未到目标点
1775393929.3685365 [navNode-2] 目标位置:(0.0, 0.0, 0.1)-[A6]-[MCU:False]-[POS:False]
1775393929.3685744 [navNode-2] 当前位置:(-0.004182766657322645, -0.0019542197696864605, 0.0021999638993293047)
1775393929.4674873 [navNode-2] [INFO] [1775393929.467170030] [navNode]: 状态4：WaitAim--[A6]
1775393929.4678888 [navNode-2] [INFO] [1775393929.467594795] [navNode]: 未到目标点
1775393929.4679952 [navNode-2] 目标位置:(0.0, 0.0, 0.1)-[A6]-[MCU:False]-[POS:False]
1775393929.4680448 [navNode-2] 当前位置:(-0.0031169140711426735, -0.0018302438547834754, -0.00016404129564762115)
1775393929.5681376 [navNode-2] [INFO] [1775393929.567333950] [navNode]: 状态4：WaitAim--[A6]
1775393929.5683932 [navNode-2] [INFO] [1775393929.567784515] [navNode]: 未到目标点
1775393929.5684717 [navNode-2] 目标位置:(0.0, 0.0, 0.1)-[A6]-[MCU:False]-[POS:False]
1775393929.5685141 [navNode-2] 当前位置:(-0.0038107349537312984, -0.0017199103021994233, 0.001475239871069789)
1775393929.6680875 [navNode-2] [INFO] [1775393929.667734783] [navNode]: 状态4：WaitAim--[A6]
1775393929.6685789 [navNode-2] [INFO] [1775393929.668247748] [navNode]: 未到目标点
1775393929.6687045 [navNode-2] 目标位置:(0.0, 0.0, 0.1)-[A6]-[MCU:False]-[POS:False]
1775393929.6688004 [navNode-2] 当前位置:(-0.003705196315422654, -0.0023803976364433765, 0.0024731606245040894)
1775393929.7687516 [navNode-2] [INFO] [1775393929.767854774] [navNode]: 状态4：WaitAim--[A6]
1775393929.7689986 [navNode-2] [INFO] [1775393929.768336280] [navNode]: 未到目标点
1775393929.7691078 [navNode-2] 目标位置:(0.0, 0.0, 0.1)-[A6]-[MCU:False]-[POS:False]
1775393929.7691567 [navNode-2] 当前位置:(-0.003109817858785391, -0.0023362869396805763, 0.0017693854169920087)
1775393929.8677161 [navNode-2] [INFO] [1775393929.867328530] [navNode]: 状态4：WaitAim--[A6]
1775393929.8681836 [navNode-2] [INFO] [1775393929.867824804] [navNode]: 未到目标点
1775393929.8682914 [navNode-2] 目标位置:(0.0, 0.0, 0.1)-[A6]-[MCU:False]-[POS:False]
1775393929.8683457 [navNode-2] 当前位置:(-0.0031818998977541924, -0.0015637580072507262, 0.0010157532524317503)
1775393929.9681091 [navNode-2] [INFO] [1775393929.967675724] [navNode]: 状态4：WaitAim--[A6]
1775393929.9685113 [navNode-2] [INFO] [1775393929.968163460] [navNode]: 未到目标点
1775393929.9685836 [navNode-2] 目标位置:(0.0, 0.0, 0.1)-[A6]-[MCU:False]-[POS:False]
1775393929.9686308 [navNode-2] 当前位置:(-0.0024062618613243103, -0.0010664198780432343, 0.0007556297932751477)
1775393930.0682859 [navNode-2] [INFO] [1775393930.067783894] [navNode]: 状态4：WaitAim--[A6]
1775393930.0687225 [navNode-2] [INFO] [1775393930.068355497] [navNode]: 未到目标点
1775393930.0688317 [navNode-2] 目标位置:(0.0, 0.0, 0.1)-[A6]-[MCU:False]-[POS:False]
1775393930.0688908 [navNode-2] 当前位置:(-0.00428672693669796, -0.002058203797787428, 0.0023041495587676764)
1775393930.1687529 [navNode-2] [INFO] [1775393930.168345361] [navNode]: 状态4：WaitAim--[A6]
1775393930.1696241 [navNode-2] [INFO] [1775393930.169313656] [navNode]: 未到目标点
1775393930.1698394 [navNode-2] 目标位置:(0.0, 0.0, 0.1)-[A6]-[MCU:False]-[POS:False]
1775393930.1699226 [navNode-2] 当前位置:(-0.0034560784697532654, -0.0021018905099481344, 0.0012835175730288029)
1775393930.2682211 [navNode-2] [INFO] [1775393930.267821626] [navNode]: 状态4：WaitAim--[A6]
1775393930.2687612 [navNode-2] [INFO] [1775393930.268640466] [navNode]: 未到目标点
1775393930.2688644 [navNode-2] 目标位置:(0.0, 0.0, 0.1)-[A6]-[MCU:False]-[POS:False]
1775393930.2689095 [navNode-2] 当前位置:(-0.0036979750730097294, -0.001862189034000039, 0.0016400907188653946)
1775393930.3679268 [navNode-2] [INFO] [1775393930.367178151] [navNode]: 状态4：WaitAim--[A6]
1775393930.3681581 [navNode-2] [INFO] [1775393930.367588342] [navNode]: 未到目标点
1775393930.3682165 [navNode-2] 目标位置:(0.0, 0.0, 0.1)-[A6]-[MCU:False]-[POS:False]
1775393930.3682575 [navNode-2] 当前位置:(-0.0041480958461761475, -0.0020477971993386745, 0.0017009875737130642)
1775393930.4677680 [navNode-2] [INFO] [1775393930.467445057] [navNode]: 状态4：WaitAim--[A6]
1775393930.4681785 [navNode-2] [INFO] [1775393930.467928103] [navNode]: 未到目标点
1775393930.4682753 [navNode-2] 目标位置:(0.0, 0.0, 0.1)-[A6]-[MCU:False]-[POS:False]
1775393930.4683475 [navNode-2] 当前位置:(-0.0037851007655262947, -0.0018546493956819177, 0.0018894504755735397)
1775393930.5682695 [navNode-2] [INFO] [1775393930.567491166] [navNode]: 状态4：WaitAim--[A6]
1775393930.5684962 [navNode-2] [INFO] [1775393930.567911945] [navNode]: 未到目标点
1775393930.5685611 [navNode-2] 目标位置:(0.0, 0.0, 0.1)-[A6]-[MCU:False]-[POS:False]
1775393930.5686030 [navNode-2] 当前位置:(-0.003697043750435114, -0.0022436126600950956, 0.0022522008512169123)
1775393930.6679735 [navNode-2] [INFO] [1775393930.667265943] [navNode]: 状态4：WaitAim--[A6]
1775393930.6682253 [navNode-2] [INFO] [1775393930.667652970] [navNode]: 未到目标点
1775393930.6682870 [navNode-2] 目标位置:(0.0, 0.0, 0.1)-[A6]-[MCU:False]-[POS:False]
1775393930.6683438 [navNode-2] 当前位置:(-0.0036783472169190645, -0.0019552430603653193, 0.0017732590204104781)
1775393930.7675726 [navNode-2] [INFO] [1775393930.767259751] [navNode]: 状态4：WaitAim--[A6]
1775393930.7679381 [navNode-2] [INFO] [1775393930.767707168] [navNode]: 未到目标点
1775393930.7680302 [navNode-2] 目标位置:(0.0, 0.0, 0.1)-[A6]-[MCU:False]-[POS:False]
1775393930.7680979 [navNode-2] 当前位置:(-0.003433312987908721, -0.0019641448743641376, 0.0021937768906354904)
1775393930.8683069 [navNode-2] [INFO] [1775393930.867453410] [navNode]: 状态4：WaitAim--[A6]
1775393930.8686123 [navNode-2] [INFO] [1775393930.867917611] [navNode]: 未到目标点
1775393930.8687084 [navNode-2] 目标位置:(0.0, 0.0, 0.1)-[A6]-[MCU:False]-[POS:False]
1775393930.8687580 [navNode-2] 当前位置:(-0.003836249001324177, -0.002232380211353302, 0.0017215755069628358)
1775393930.9675205 [navNode-2] [INFO] [1775393930.967183069] [navNode]: 状态4：WaitAim--[A6]
1775393930.9679551 [navNode-2] [INFO] [1775393930.967625117] [navNode]: 未到目标点
1775393930.9680748 [navNode-2] 目标位置:(0.0, 0.0, 0.1)-[A6]-[MCU:False]-[POS:False]
1775393930.9681733 [navNode-2] 当前位置:(-0.003331087762489915, -0.0018438738770782948, 0.0020280114840716124)
1775393931.0683131 [navNode-2] [INFO] [1775393931.067449835] [navNode]: 状态4：WaitAim--[A6]
1775393931.0685451 [navNode-2] [INFO] [1775393931.067946563] [navNode]: 未到目标点
1775393931.0686111 [navNode-2] 目标位置:(0.0, 0.0, 0.1)-[A6]-[MCU:False]-[POS:False]
1775393931.0686550 [navNode-2] 当前位置:(-0.003815373871475458, -0.002112460322678089, 0.0021722805686295033)
1775393931.1677613 [navNode-2] [INFO] [1775393931.167339266] [navNode]: 状态4：WaitAim--[A6]
1775393931.1682253 [navNode-2] [INFO] [1775393931.167802125] [navNode]: 未到目标点
1775393931.1683369 [navNode-2] 目标位置:(0.0, 0.0, 0.1)-[A6]-[MCU:False]-[POS:False]
1775393931.1683829 [navNode-2] 当前位置:(-0.003909666556864977, -0.0021358421072363853, 0.0014943118439987302)
1775393931.2679126 [navNode-2] [INFO] [1775393931.267121288] [navNode]: 状态4：WaitAim--[A6]
1775393931.2681630 [navNode-2] [INFO] [1775393931.267503912] [navNode]: 未到目标点
1775393931.2682729 [navNode-2] 目标位置:(0.0, 0.0, 0.1)-[A6]-[MCU:False]-[POS:False]
1775393931.2683547 [navNode-2] 当前位置:(-0.004181691445410252, -0.0023139449767768383, 0.002045077970251441)
1775393931.3683085 [navNode-2] [INFO] [1775393931.367898753] [navNode]: 状态4：WaitAim--[A6]
1775393931.3687718 [navNode-2] [INFO] [1775393931.368537755] [navNode]: 未到目标点
1775393931.3688626 [navNode-2] 目标位置:(0.0, 0.0, 0.1)-[A6]-[MCU:False]-[POS:False]
1775393931.3689139 [navNode-2] 当前位置:(-0.004023715388029814, -0.0019846372306346893, 0.00207613711245358)
1775393931.4680300 [navNode-2] [INFO] [1775393931.467304268] [navNode]: 状态4：WaitAim--[A6]
1775393931.4682429 [navNode-2] [INFO] [1775393931.467706973] [navNode]: 未到目标点
1775393931.4683259 [navNode-2] 目标位置:(0.0, 0.0, 0.1)-[A6]-[MCU:False]-[POS:False]
1775393931.4683759 [navNode-2] 当前位置:(-0.0034460946917533875, -0.0018801401602104306, 0.0019523759838193655)
1775393931.5679142 [navNode-2] [INFO] [1775393931.567554794] [navNode]: 状态4：WaitAim--[A6]
1775393931.5684147 [navNode-2] [INFO] [1775393931.568073447] [navNode]: 未到目标点
1775393931.5685380 [navNode-2] 目标位置:(0.0, 0.0, 0.1)-[A6]-[MCU:False]-[POS:False]
1775393931.5686097 [navNode-2] 当前位置:(-0.003160338383167982, -0.0014308608369901776, 0.0009542321204207838)
1775393931.6676538 [navNode-2] [INFO] [1775393931.667327318] [navNode]: 状态4：WaitAim--[A6]
1775393931.6681199 [navNode-2] [INFO] [1775393931.667792250] [navNode]: 未到目标点
1775393931.6682246 [navNode-2] 目标位置:(0.0, 0.0, 0.1)-[A6]-[MCU:False]-[POS:False]
1775393931.6683025 [navNode-2] 当前位置:(-0.0034959507174789906, -0.0015938212163746357, 0.002401854144409299)
1775393931.7673044 [navNode-2] [INFO] [1775393931.766971827] [navNode]: 状态4：WaitAim--[A6]
1775393931.7676692 [navNode-2] [INFO] [1775393931.767354072] [navNode]: 未到目标点
1775393931.7677975 [navNode-2] 目标位置:(0.0, 0.0, 0.1)-[A6]-[MCU:False]-[POS:False]
1775393931.7678664 [navNode-2] 当前位置:(-0.0031462963670492172, -0.002059891587123275, 0.0017875361954793334)
1775393931.8674970 [navNode-2] [INFO] [1775393931.867180900] [navNode]: 状态4：WaitAim--[A6]
1775393931.8679070 [navNode-2] [INFO] [1775393931.867590449] [navNode]: 未到目标点
1775393931.8680105 [navNode-2] 目标位置:(0.0, 0.0, 0.1)-[A6]-[MCU:False]-[POS:False]
1775393931.8680797 [navNode-2] 当前位置:(-0.003546303603798151, -0.0018804677529260516, 0.002151516731828451)
1775393931.9677477 [navNode-2] [INFO] [1775393931.967400072] [navNode]: 状态4：WaitAim--[A6]
1775393931.9682202 [navNode-2] [INFO] [1775393931.967951342] [navNode]: 未到目标点
1775393931.9683113 [navNode-2] 目标位置:(0.0, 0.0, 0.1)-[A6]-[MCU:False]-[POS:False]
1775393931.9683647 [navNode-2] 当前位置:(-0.003319279057905078, -0.001834510243497789, 0.0020650308579206467)
1775393932.0678205 [navNode-2] [INFO] [1775393932.067412239] [navNode]: 状态4：WaitAim--[A6]
1775393932.0682995 [navNode-2] [INFO] [1775393932.067923147] [navNode]: 未到目标点
1775393932.0684237 [navNode-2] 目标位置:(0.0, 0.0, 0.1)-[A6]-[MCU:False]-[POS:False]
1775393932.0684922 [navNode-2] 当前位置:(-0.0021896352991461754, -0.0011891131289303303, 0.0008659909944981337)
1775393932.1677155 [navNode-2] [INFO] [1775393932.167382075] [navNode]: 状态4：WaitAim--[A6]
1775393932.1681347 [navNode-2] [INFO] [1775393932.167832769] [navNode]: 未到目标点
1775393932.1682568 [navNode-2] 目标位置:(0.0, 0.0, 0.1)-[A6]-[MCU:False]-[POS:False]
1775393932.1683300 [navNode-2] 当前位置:(-0.0023202886804938316, -0.0011747570242732763, 0.00010601514804875478)
1775393932.2678387 [navNode-2] [INFO] [1775393932.267488854] [navNode]: 状态4：WaitAim--[A6]
1775393932.2682800 [navNode-2] [INFO] [1775393932.268042016] [navNode]: 未到目标点
1775393932.2684104 [navNode-2] 目标位置:(0.0, 0.0, 0.1)-[A6]-[MCU:False]-[POS:False]
1775393932.2684951 [navNode-2] 当前位置:(-0.002892838092520833, -0.0015600700862705708, 0.0007543832180090249)
1775393932.3677833 [navNode-2] [INFO] [1775393932.367434627] [navNode]: 状态4：WaitAim--[A6]
1775393932.3682196 [navNode-2] [INFO] [1775393932.367993172] [navNode]: 未到目标点
1775393932.3683519 [navNode-2] 目标位置:(0.0, 0.0, 0.1)-[A6]-[MCU:False]-[POS:False]
1775393932.3684115 [navNode-2] 当前位置:(-0.0022607885766774416, -0.0016905595548450947, 0.0012334896018728614)
1775393932.4681928 [navNode-2] [INFO] [1775393932.467769264] [navNode]: 状态4：WaitAim--[A6]
1775393932.4694440 [navNode-2] [INFO] [1775393932.469123786] [navNode]: 未到目标点
1775393932.4696362 [navNode-2] 目标位置:(0.0, 0.0, 0.1)-[A6]-[MCU:False]-[POS:False]
1775393932.4696918 [navNode-2] 当前位置:(-0.0031822200398892164, -0.001637516194023192, 0.0022100331261754036)
1775393932.5681777 [navNode-2] [INFO] [1775393932.567402345] [navNode]: 状态4：WaitAim--[A6]
1775393932.5684249 [navNode-2] [INFO] [1775393932.567856481] [navNode]: 未到目标点
1775393932.5684986 [navNode-2] 目标位置:(0.0, 0.0, 0.1)-[A6]-[MCU:False]-[POS:False]
1775393932.5685456 [navNode-2] 当前位置:(-0.002972834976390004, -0.0016612745821475983, 0.002303049201145768)
1775393932.6678751 [navNode-2] [INFO] [1775393932.667536605] [navNode]: 状态4：WaitAim--[A6]
1775393932.6682782 [navNode-2] [INFO] [1775393932.668136881] [navNode]: 未到目标点
1775393932.6683607 [navNode-2] 目标位置:(0.0, 0.0, 0.1)-[A6]-[MCU:False]-[POS:False]
1775393932.6684053 [navNode-2] 当前位置:(-0.0030465589370578527, -0.0012159351026639342, 0.002707534236833453)
1775393932.7683215 [navNode-2] [INFO] [1775393932.767388751] [navNode]: 状态4：WaitAim--[A6]
1775393932.7685966 [navNode-2] [INFO] [1775393932.767957332] [navNode]: 未到目标点
1775393932.7686808 [navNode-2] 目标位置:(0.0, 0.0, 0.1)-[A6]-[MCU:False]-[POS:False]
1775393932.7687612 [navNode-2] 当前位置:(-0.00343072647228837, -0.0019503423245623708, 0.0025073157157748938)
1775393932.8677745 [navNode-2] [INFO] [1775393932.867421352] [navNode]: 状态4：WaitAim--[A6]
1775393932.8681877 [navNode-2] [INFO] [1775393932.867918588] [navNode]: 未到目标点
1775393932.8682706 [navNode-2] 目标位置:(0.0, 0.0, 0.1)-[A6]-[MCU:False]-[POS:False]
1775393932.8683195 [navNode-2] 当前位置:(-0.0038340247701853514, -0.001803118153475225, 0.0020495690405368805)
1775393932.9685929 [navNode-2] [INFO] [1775393932.967788351] [navNode]: 状态4：WaitAim--[A6]
1775393932.9688156 [navNode-2] [INFO] [1775393932.968238022] [navNode]: 未到目标点
1775393932.9688969 [navNode-2] 目标位置:(0.0, 0.0, 0.1)-[A6]-[MCU:False]-[POS:False]
1775393932.9689379 [navNode-2] 当前位置:(-0.003490347182378173, -0.0018239585915580392, 0.001959487097337842)
1775393933.0678113 [navNode-2] [INFO] [1775393933.067470149] [navNode]: 状态4：WaitAim--[A6]
1775393933.0681748 [navNode-2] [INFO] [1775393933.067933668] [navNode]: 未到目标点
1775393933.0682430 [navNode-2] 目标位置:(0.0, 0.0, 0.1)-[A6]-[MCU:False]-[POS:False]
1775393933.0682838 [navNode-2] 当前位置:(-0.003358293790370226, -0.0019288090988993645, 0.001595572684891522)
1775393933.1679432 [navNode-2] [INFO] [1775393933.167150419] [navNode]: 状态4：WaitAim--[A6]
1775393933.1682117 [navNode-2] [INFO] [1775393933.167562634] [navNode]: 未到目标点
1775393933.1683042 [navNode-2] 目标位置:(0.0, 0.0, 0.1)-[A6]-[MCU:False]-[POS:False]
1775393933.1683531 [navNode-2] 当前位置:(-0.0030827964656054974, -0.0017579366685822606, 0.002675494644790888)
1775393933.2683101 [navNode-2] [INFO] [1775393933.267445330] [navNode]: 状态4：WaitAim--[A6]
1775393933.2685878 [navNode-2] [INFO] [1775393933.267885305] [navNode]: 未到目标点
1775393933.2686610 [navNode-2] 目标位置:(0.0, 0.0, 0.1)-[A6]-[MCU:False]-[POS:False]
1775393933.2687058 [navNode-2] 当前位置:(-0.0030406711157411337, -0.0017439211951568723, 0.0021667894907295704)
1775393933.3682854 [navNode-2] [INFO] [1775393933.367435879] [navNode]: 状态4：WaitAim--[A6]
1775393933.3685460 [navNode-2] [INFO] [1775393933.367891330] [navNode]: 未到目标点
1775393933.3686256 [navNode-2] 目标位置:(0.0, 0.0, 0.1)-[A6]-[MCU:False]-[POS:False]
1775393933.3686647 [navNode-2] 当前位置:(-0.003934146836400032, -0.001722761313430965, 0.0016585099510848522)
1775393933.4676392 [navNode-2] [INFO] [1775393933.467300299] [navNode]: 状态4：WaitAim--[A6]
1775393933.4680581 [navNode-2] [INFO] [1775393933.467763120] [navNode]: 未到目标点
1775393933.4681468 [navNode-2] 目标位置:(0.0, 0.0, 0.1)-[A6]-[MCU:False]-[POS:False]
1775393933.4682004 [navNode-2] 当前位置:(-0.003657730994746089, -0.0017981146229431033, 0.0020598359405994415)
1775393933.5679240 [navNode-2] [INFO] [1775393933.567597511] [navNode]: 状态4：WaitAim--[A6]
1775393933.5682859 [navNode-2] [INFO] [1775393933.568031408] [navNode]: 未到目标点
1775393933.5683894 [navNode-2] 目标位置:(0.0, 0.0, 0.1)-[A6]-[MCU:False]-[POS:False]
1775393933.5684800 [navNode-2] 当前位置:(-0.0032537532970309258, -0.0013105670223012567, 0.0007284323219209909)
1775393933.6675758 [navNode-2] [INFO] [1775393933.667244538] [navNode]: 状态4：WaitAim--[A6]
1775393933.6679828 [navNode-2] [INFO] [1775393933.667719233] [navNode]: 未到目标点
1775393933.6680892 [navNode-2] 目标位置:(0.0, 0.0, 0.1)-[A6]-[MCU:False]-[POS:False]
1775393933.6681385 [navNode-2] 当前位置:(-0.0036578152794390917, -0.0014640496810898185, 0.0012698547216132283)
1775393933.7679276 [navNode-2] [INFO] [1775393933.767506152] [navNode]: 状态4：WaitAim--[A6]
1775393933.7683342 [navNode-2] [INFO] [1775393933.767952116] [navNode]: 未到目标点
1775393933.7684536 [navNode-2] 目标位置:(0.0, 0.0, 0.1)-[A6]-[MCU:False]-[POS:False]
1775393933.7685587 [navNode-2] 当前位置:(-0.0033183603081852198, -0.0018010432831943035, 0.0023644501343369484)
1775393933.8679447 [navNode-2] [INFO] [1775393933.867366640] [navNode]: 状态4：WaitAim--[A6]
1775393933.8684020 [navNode-2] [INFO] [1775393933.867999111] [navNode]: 未到目标点
1775393933.8684824 [navNode-2] 目标位置:(0.0, 0.0, 0.1)-[A6]-[MCU:False]-[POS:False]
1775393933.8685312 [navNode-2] 当前位置:(-0.003087094286456704, -0.0016683629946783185, 0.002344690030440688)
1775393933.9678249 [navNode-2] [INFO] [1775393933.967495516] [navNode]: 状态4：WaitAim--[A6]
1775393933.9682662 [navNode-2] [INFO] [1775393933.967953373] [navNode]: 未到目标点
1775393933.9683986 [navNode-2] 目标位置:(0.0, 0.0, 0.1)-[A6]-[MCU:False]-[POS:False]
1775393933.9684942 [navNode-2] 当前位置:(-0.003167061135172844, -0.0016318202251568437, 0.0009319569217041135)
1775393934.0679359 [navNode-2] [INFO] [1775393934.067618324] [navNode]: 状态4：WaitAim--[A6]
1775393934.0684183 [navNode-2] [INFO] [1775393934.068287368] [navNode]: 未到目标点
1775393934.0685437 [navNode-2] 目标位置:(0.0, 0.0, 0.1)-[A6]-[MCU:False]-[POS:False]
1775393934.0686045 [navNode-2] 当前位置:(-0.0034880840685218573, -0.0018251406727358699, 0.0012957797152921557)
1775393934.1682518 [navNode-2] [INFO] [1775393934.167793186] [navNode]: 状态4：WaitAim--[A6]
1775393934.1686752 [navNode-2] [INFO] [1775393934.168380880] [navNode]: 未到目标点
1775393934.1687582 [navNode-2] 目标位置:(0.0, 0.0, 0.1)-[A6]-[MCU:False]-[POS:False]
1775393934.1688113 [navNode-2] 当前位置:(-0.00363358436152339, -0.0019300970016047359, 0.002358614467084408)
1775393934.2680192 [navNode-2] [INFO] [1775393934.267613737] [navNode]: 状态4：WaitAim--[A6]
1775393934.2685754 [navNode-2] [INFO] [1775393934.268191719] [navNode]: 未到目标点
1775393934.2687461 [navNode-2] 目标位置:(0.0, 0.0, 0.1)-[A6]-[MCU:False]-[POS:False]
1775393934.2688384 [navNode-2] 当前位置:(-0.003425929229706526, -0.0018525341292843223, 0.0006802536081522703)
1775393934.3689294 [navNode-2] [INFO] [1775393934.368404058] [navNode]: 状态4：WaitAim--[A6]
1775393934.3695157 [navNode-2] [INFO] [1775393934.368916734] [navNode]: 未到目标点
1775393934.3697090 [navNode-2] 目标位置:(0.0, 0.0, 0.1)-[A6]-[MCU:False]-[POS:False]
1775393934.3698380 [navNode-2] 当前位置:(-0.0031728290487080812, -0.0017745583318173885, 0.0015994840068742633)
1775393934.4677594 [navNode-2] [INFO] [1775393934.467420408] [navNode]: 状态4：WaitAim--[A6]
1775393934.4682045 [navNode-2] [INFO] [1775393934.467896447] [navNode]: 未到目标点
1775393934.4683247 [navNode-2] 目标位置:(0.0, 0.0, 0.1)-[A6]-[MCU:False]-[POS:False]
1775393934.4684064 [navNode-2] 当前位置:(-0.0030001995619386435, -0.001333313644863665, 0.0018175638979300857)
1775393934.5681531 [navNode-2] [INFO] [1775393934.567799724] [navNode]: 状态4：WaitAim--[A6]
1775393934.5686655 [navNode-2] [INFO] [1775393934.568310924] [navNode]: 未到目标点
1775393934.5688100 [navNode-2] 目标位置:(0.0, 0.0, 0.1)-[A6]-[MCU:False]-[POS:False]
1775393934.5688865 [navNode-2] 当前位置:(-0.002418431220576167, -0.0010865700896829367, 0.00038976766518317163)
1775393934.6680613 [navNode-2] [INFO] [1775393934.667654453] [navNode]: 状态4：WaitAim--[A6]
1775393934.6685419 [navNode-2] [INFO] [1775393934.668117044] [navNode]: 未到目标点
1775393934.6686757 [navNode-2] 目标位置:(0.0, 0.0, 0.1)-[A6]-[MCU:False]-[POS:False]
1775393934.6687500 [navNode-2] 当前位置:(-0.004502736032009125, -0.0022109183482825756, 0.001838266965933144)
1775393934.7690115 [navNode-2] [INFO] [1775393934.768233226] [navNode]: 状态4：WaitAim--[A6]
1775393934.7692192 [navNode-2] [INFO] [1775393934.768669759] [navNode]: 未到目标点
1775393934.7693038 [navNode-2] 目标位置:(0.0, 0.0, 0.1)-[A6]-[MCU:False]-[POS:False]
1775393934.7693717 [navNode-2] 当前位置:(-0.004310245160013437, -0.002113521797582507, 0.0020432344172149897)
1775393934.8682268 [navNode-2] [INFO] [1775393934.867888365] [navNode]: 状态4：WaitAim--[A6]
1775393934.8686216 [navNode-2] [INFO] [1775393934.868366020] [navNode]: 未到目标点
1775393934.8687522 [navNode-2] 目标位置:(0.0, 0.0, 0.1)-[A6]-[MCU:False]-[POS:False]
1775393934.8688273 [navNode-2] 当前位置:(-0.0033784809056669474, -0.0019858244340866804, 0.0016899018082767725)
1775393934.9684100 [navNode-2] [INFO] [1775393934.967541056] [navNode]: 状态4：WaitAim--[A6]
1775393934.9686687 [navNode-2] [INFO] [1775393934.968012866] [navNode]: 未到目标点
1775393934.9687412 [navNode-2] 目标位置:(0.0, 0.0, 0.1)-[A6]-[MCU:False]-[POS:False]
1775393934.9687808 [navNode-2] 当前位置:(-0.004005993250757456, -0.002015391830354929, 0.0007220438565127552)
1775393935.0688930 [navNode-2] [INFO] [1775393935.067821690] [navNode]: 状态4：WaitAim--[A6]
1775393935.0691824 [navNode-2] [INFO] [1775393935.068508951] [navNode]: 未到目标点
1775393935.0697539 [navNode-2] 目标位置:(0.0, 0.0, 0.1)-[A6]-[MCU:False]-[POS:False]
1775393935.0698960 [navNode-2] 当前位置:(-0.0032610553316771984, -0.0012949195224791765, 0.0004463560471776873)
1775393935.1680322 [navNode-2] [INFO] [1775393935.167269482] [navNode]: 状态4：WaitAim--[A6]
1775393935.1682906 [navNode-2] [INFO] [1775393935.167676955] [navNode]: 未到目标点
1775393935.1683826 [navNode-2] 目标位置:(0.0, 0.0, 0.1)-[A6]-[MCU:False]-[POS:False]
1775393935.1684308 [navNode-2] 当前位置:(-0.003692120546475053, -0.002294406294822693, 0.0019974675960838795)
1775393935.2689698 [navNode-2] [INFO] [1775393935.268372968] [navNode]: 状态4：WaitAim--[A6]
1775393935.2694414 [navNode-2] [INFO] [1775393935.269319343] [navNode]: 未到目标点
1775393935.2695265 [navNode-2] 目标位置:(0.0, 0.0, 0.1)-[A6]-[MCU:False]-[POS:False]
1775393935.2695696 [navNode-2] 当前位置:(-0.003433210775256157, -0.0018649359699338675, 0.0009180830675177276)
1775393935.3682637 [navNode-2] [INFO] [1775393935.367930412] [navNode]: 状态4：WaitAim--[A6]
1775393935.3686731 [navNode-2] [INFO] [1775393935.368353023] [navNode]: 未到目标点
1775393935.3687944 [navNode-2] 目标位置:(0.0, 0.0, 0.1)-[A6]-[MCU:False]-[POS:False]
1775393935.3688481 [navNode-2] 当前位置:(-0.004584594164043665, -0.0020560696721076965, 0.002233863575384021)
1775393935.4681923 [navNode-2] [INFO] [1775393935.467562714] [navNode]: 状态4：WaitAim--[A6]
1775393935.4685545 [navNode-2] [INFO] [1775393935.468068943] [navNode]: 未到目标点
1775393935.4686575 [navNode-2] 目标位置:(0.0, 0.0, 0.1)-[A6]-[MCU:False]-[POS:False]
1775393935.4687150 [navNode-2] 当前位置:(-0.003652106039226055, -0.002127300249412656, 0.0027278410270810127)
1775393935.5683098 [navNode-2] [INFO] [1775393935.567576089] [navNode]: 状态4：WaitAim--[A6]
1775393935.5685763 [navNode-2] [INFO] [1775393935.567987037] [navNode]: 未到目标点
1775393935.5686445 [navNode-2] 目标位置:(0.0, 0.0, 0.1)-[A6]-[MCU:False]-[POS:False]
1775393935.5686877 [navNode-2] 当前位置:(-0.003443195018917322, -0.0019498079782351851, 0.0018407508032396436)
1775393935.6686494 [navNode-2] [INFO] [1775393935.668199957] [navNode]: 状态4：WaitAim--[A6]
1775393935.6690216 [navNode-2] [INFO] [1775393935.668683782] [navNode]: 未到目标点
1775393935.6691339 [navNode-2] 目标位置:(0.0, 0.0, 0.1)-[A6]-[MCU:False]-[POS:False]
1775393935.6691990 [navNode-2] 当前位置:(-0.0034129677806049585, -0.0019445777870714664, 0.0017083431594073772)
1775393935.7676625 [navNode-2] [INFO] [1775393935.767333914] [navNode]: 状态4：WaitAim--[A6]
1775393935.7681129 [navNode-2] [INFO] [1775393935.767742688] [navNode]: 未到目标点
1775393935.7682214 [navNode-2] 目标位置:(0.0, 0.0, 0.1)-[A6]-[MCU:False]-[POS:False]
1775393935.7682927 [navNode-2] 当前位置:(-0.002713951049372554, -0.0014976831153035164, 0.0004315359692554921)
1775393935.8674548 [navNode-2] [INFO] [1775393935.867144573] [navNode]: 状态4：WaitAim--[A6]
1775393935.8678589 [navNode-2] [INFO] [1775393935.867562115] [navNode]: 未到目标点
1775393935.8679750 [navNode-2] 目标位置:(0.0, 0.0, 0.1)-[A6]-[MCU:False]-[POS:False]
1775393935.8680458 [navNode-2] 当前位置:(-0.003901691874489188, -0.0018986789509654045, 0.0026540954131633043)
1775393935.9684541 [navNode-2] [INFO] [1775393935.967898784] [navNode]: 状态4：WaitAim--[A6]
1775393935.9689410 [navNode-2] [INFO] [1775393935.968580110] [navNode]: 未到目标点
1775393935.9690738 [navNode-2] 目标位置:(0.0, 0.0, 0.1)-[A6]-[MCU:False]-[POS:False]
1775393935.9691761 [navNode-2] 当前位置:(-0.003791629569604993, -0.00223354110494256, 0.00017541644047014415)
1775393936.0680699 [navNode-2] [INFO] [1775393936.067672056] [navNode]: 状态4：WaitAim--[A6]
1775393936.0685163 [navNode-2] [INFO] [1775393936.068131905] [navNode]: 未到目标点
1775393936.0686364 [navNode-2] 目标位置:(0.0, 0.0, 0.1)-[A6]-[MCU:False]-[POS:False]
1775393936.0687022 [navNode-2] 当前位置:(-0.0029679974541068077, -0.0013334614923223853, 0.0006962108891457319)
1775393936.1686037 [navNode-2] [INFO] [1775393936.168036880] [navNode]: 状态4：WaitAim--[A6]
1775393936.1690061 [navNode-2] [INFO] [1775393936.168705937] [navNode]: 未到目标点
1775393936.1690803 [navNode-2] 目标位置:(0.0, 0.0, 0.1)-[A6]-[MCU:False]-[POS:False]
1775393936.1691220 [navNode-2] 当前位置:(-0.0034304619766771793, -0.001363989314995706, 0.0027289721183478832)
1775393936.2676184 [navNode-2] [INFO] [1775393936.267277167] [navNode]: 状态4：WaitAim--[A6]
1775393936.2680795 [navNode-2] [INFO] [1775393936.267701095] [navNode]: 未到目标点
1775393936.2681646 [navNode-2] 目标位置:(0.0, 0.0, 0.1)-[A6]-[MCU:False]-[POS:False]
1775393936.2682481 [navNode-2] 当前位置:(-0.0027831762563437223, -0.001852839719504118, 0.002212211722508073)
1775393936.3685648 [navNode-2] [INFO] [1775393936.368264088] [navNode]: 状态4：WaitAim--[A6]
1775393936.3689647 [navNode-2] [INFO] [1775393936.368685623] [navNode]: 未到目标点
1775393936.3690574 [navNode-2] 目标位置:(0.0, 0.0, 0.1)-[A6]-[MCU:False]-[POS:False]
1775393936.3691239 [navNode-2] 当前位置:(-0.004077816382050514, -0.0018901937874034047, 0.0011353825684636831)
1775393936.4679818 [navNode-2] [INFO] [1775393936.467641152] [navNode]: 状态4：WaitAim--[A6]
1775393936.4684701 [navNode-2] [INFO] [1775393936.468100981] [navNode]: 未到目标点
1775393936.4685972 [navNode-2] 目标位置:(0.0, 0.0, 0.1)-[A6]-[MCU:False]-[POS:False]
1775393936.4686613 [navNode-2] 当前位置:(-0.0031083538196980953, -0.0017491749022156, 6.638946797465906e-05)
1775393936.5682015 [navNode-2] [INFO] [1775393936.567797921] [navNode]: 状态4：WaitAim--[A6]
1775393936.5687227 [navNode-2] [INFO] [1775393936.568349633] [navNode]: 未到目标点
1775393936.5688505 [navNode-2] 目标位置:(0.0, 0.0, 0.1)-[A6]-[MCU:False]-[POS:False]
1775393936.5689240 [navNode-2] 当前位置:(-0.0032051631715148687, -0.001891284016892314, 0.0024316832423210144)
1775393936.6684802 [navNode-2] [INFO] [1775393936.668089630] [navNode]: 状态4：WaitAim--[A6]
1775393936.6690567 [navNode-2] [INFO] [1775393936.668927608] [navNode]: 未到目标点
1775393936.6692092 [navNode-2] 目标位置:(0.0, 0.0, 0.1)-[A6]-[MCU:False]-[POS:False]
1775393936.6693146 [navNode-2] 当前位置:(-0.003434395184740424, -0.0018312440952286124, 0.002401510486379266)
1775393936.7679012 [navNode-2] [INFO] [1775393936.767486306] [navNode]: 状态4：WaitAim--[A6]
1775393936.7683551 [navNode-2] [INFO] [1775393936.767930906] [navNode]: 未到目标点
1775393936.7684767 [navNode-2] 目标位置:(0.0, 0.0, 0.1)-[A6]-[MCU:False]-[POS:False]
1775393936.7685225 [navNode-2] 当前位置:(-0.0026740729808807373, -0.0016070877900347114, 0.0006876771803945303)
1775393936.8682091 [navNode-2] [INFO] [1775393936.867401062] [navNode]: 状态4：WaitAim--[A6]
1775393936.8684497 [navNode-2] [INFO] [1775393936.867829640] [navNode]: 未到目标点
1775393936.8685398 [navNode-2] 目标位置:(0.0, 0.0, 0.1)-[A6]-[MCU:False]-[POS:False]
1775393936.8685851 [navNode-2] 当前位置:(-0.0029433213640004396, -0.0014232172397896647, 0.0015892150113359094)
1775393936.9678500 [navNode-2] [INFO] [1775393936.967537309] [navNode]: 状态4：WaitAim--[A6]
1775393936.9682908 [navNode-2] [INFO] [1775393936.968005133] [navNode]: 未到目标点
1775393936.9684162 [navNode-2] 目标位置:(0.0, 0.0, 0.1)-[A6]-[MCU:False]-[POS:False]
1775393936.9684830 [navNode-2] 当前位置:(-0.001944978372193873, -0.00116362189874053, 0.0026009371504187584)
1775393937.0681355 [navNode-2] [INFO] [1775393937.067403400] [navNode]: 状态4：WaitAim--[A6]
1775393937.0683470 [navNode-2] [INFO] [1775393937.067820882] [navNode]: 未到目标点
1775393937.0684102 [navNode-2] 目标位置:(0.0, 0.0, 0.1)-[A6]-[MCU:False]-[POS:False]
1775393937.0684495 [navNode-2] 当前位置:(-0.002792817074805498, -0.0014258454320952296, 0.002346605062484741)
1775393937.1679163 [navNode-2] [INFO] [1775393937.167524999] [navNode]: 状态4：WaitAim--[A6]
1775393937.1683629 [navNode-2] [INFO] [1775393937.168247434] [navNode]: 未到目标点
1775393937.1684639 [navNode-2] 目标位置:(0.0, 0.0, 0.1)-[A6]-[MCU:False]-[POS:False]
1775393937.1685355 [navNode-2] 当前位置:(-0.003146540140733123, -0.0012963381595909595, 0.0014651409583166242)
1775393937.2676129 [navNode-2] [INFO] [1775393937.267225444] [navNode]: 状态4：WaitAim--[A6]
1775393937.2680655 [navNode-2] [INFO] [1775393937.267631445] [navNode]: 未到目标点
1775393937.2681570 [navNode-2] 目标位置:(0.0, 0.0, 0.1)-[A6]-[MCU:False]-[POS:False]
1775393937.2681999 [navNode-2] 当前位置:(-0.003432787023484707, -0.001385382958687842, 0.0023380585480481386)
1775393937.3688149 [navNode-2] [INFO] [1775393937.368377201] [navNode]: 状态4：WaitAim--[A6]
1775393937.3692477 [navNode-2] [INFO] [1775393937.368970000] [navNode]: 未到目标点
1775393937.3693340 [navNode-2] 目标位置:(0.0, 0.0, 0.1)-[A6]-[MCU:False]-[POS:False]
1775393937.3693829 [navNode-2] 当前位置:(-0.003132795449346304, -0.001987776719033718, 0.0020962634589523077)
1775393937.4682565 [navNode-2] [INFO] [1775393937.467876386] [navNode]: 状态4：WaitAim--[A6]
1775393937.4687223 [navNode-2] [INFO] [1775393937.468390630] [navNode]: 未到目标点
1775393937.4688036 [navNode-2] 目标位置:(0.0, 0.0, 0.1)-[A6]-[MCU:False]-[POS:False]
1775393937.4688501 [navNode-2] 当前位置:(-0.0032891312148422003, -0.0017304755747318268, 0.001116667757742107)
1775393937.5678236 [navNode-2] [INFO] [1775393937.567547007] [navNode]: 状态4：WaitAim--[A6]
1775393937.5689185 [navNode-2] [INFO] [1775393937.568726779] [navNode]: 未到目标点
1775393937.5690682 [navNode-2] 目标位置:(0.0, 0.0, 0.1)-[A6]-[MCU:False]-[POS:False]
1775393937.5691199 [navNode-2] 当前位置:(-0.003159640124067664, -0.0013178454246371984, 0.0017643652390688658)
1775393937.6678181 [navNode-2] [INFO] [1775393937.667472076] [navNode]: 状态4：WaitAim--[A6]
1775393937.6682427 [navNode-2] [INFO] [1775393937.667938501] [navNode]: 未到目标点
1775393937.6683333 [navNode-2] 目标位置:(0.0, 0.0, 0.1)-[A6]-[MCU:False]-[POS:False]
1775393937.6683772 [navNode-2] 当前位置:(-0.002789340680465102, -0.0012522711185738444, 0.0023423684760928154)
1775393937.7688479 [navNode-2] [INFO] [1775393937.768068212] [navNode]: 状态4：WaitAim--[A6]
1775393937.7690651 [navNode-2] [INFO] [1775393937.768486174] [navNode]: 未到目标点
1775393937.7691216 [navNode-2] 目标位置:(0.0, 0.0, 0.1)-[A6]-[MCU:False]-[POS:False]
1775393937.7691603 [navNode-2] 当前位置:(-0.002698807744309306, -0.0011801532236859202, 0.0010902490466833115)
1775393937.8678505 [navNode-2] [INFO] [1775393937.867502672] [navNode]: 状态4：WaitAim--[A6]
1775393937.8682797 [navNode-2] [INFO] [1775393937.867944384] [navNode]: 未到目标点
1775393937.8684099 [navNode-2] 目标位置:(0.0, 0.0, 0.1)-[A6]-[MCU:False]-[POS:False]
1775393937.8684635 [navNode-2] 当前位置:(-0.0036821698304265738, -0.001764459302648902, 0.0021080849692225456)
1775393937.9676964 [navNode-2] [INFO] [1775393937.967373562] [navNode]: 状态4：WaitAim--[A6]
1775393937.9681251 [navNode-2] [INFO] [1775393937.967731871] [navNode]: 未到目标点
1775393937.9682269 [navNode-2] 目标位置:(0.0, 0.0, 0.1)-[A6]-[MCU:False]-[POS:False]
1775393937.9682741 [navNode-2] 当前位置:(-0.003886864986270666, -0.0019207019358873367, 0.0021064290776848793)
1775393938.0678208 [navNode-2] [INFO] [1775393938.067443822] [navNode]: 状态4：WaitAim--[A6]
1775393938.0687342 [navNode-2] [INFO] [1775393938.068606848] [navNode]: 未到目标点
1775393938.0688877 [navNode-2] 目标位置:(0.0, 0.0, 0.1)-[A6]-[MCU:False]-[POS:False]
1775393938.0689378 [navNode-2] 当前位置:(-0.0033671183045953512, -0.0018244971288368106, 0.0016315795946866274)
1775393938.1679759 [navNode-2] [INFO] [1775393938.167606059] [navNode]: 状态4：WaitAim--[A6]
1775393938.1684067 [navNode-2] [INFO] [1775393938.168134207] [navNode]: 未到目标点
1775393938.1684885 [navNode-2] 目标位置:(0.0, 0.0, 0.1)-[A6]-[MCU:False]-[POS:False]
1775393938.1685367 [navNode-2] 当前位置:(-0.003285227809101343, -0.0016502812504768372, 0.0008581176516599953)
1775393938.2678213 [navNode-2] [INFO] [1775393938.267486933] [navNode]: 状态4：WaitAim--[A6]
1775393938.2689857 [navNode-2] [INFO] [1775393938.268789866] [navNode]: 未到目标点
1775393938.2691848 [navNode-2] 目标位置:(0.0, 0.0, 0.1)-[A6]-[MCU:False]-[POS:False]
1775393938.2692835 [navNode-2] 当前位置:(-0.002327391179278493, -0.0008994403760880232, 3.3130515930679394e-07)
1775393938.3674409 [navNode-2] [INFO] [1775393938.367048644] [navNode]: 状态4：WaitAim--[A6]
1775393938.3677914 [navNode-2] [INFO] [1775393938.367480961] [navNode]: 未到目标点
1775393938.3678560 [navNode-2] 目标位置:(0.0, 0.0, 0.1)-[A6]-[MCU:False]-[POS:False]
1775393938.3678987 [navNode-2] 当前位置:(-0.004228251054883003, -0.0016371911624446511, 0.0019051650306209922)
1775393938.4683890 [navNode-2] [INFO] [1775393938.467984738] [navNode]: 状态4：WaitAim--[A6]
1775393938.4687355 [navNode-2] [INFO] [1775393938.468416234] [navNode]: 未到目标点
1775393938.4688458 [navNode-2] 目标位置:(0.0, 0.0, 0.1)-[A6]-[MCU:False]-[POS:False]
1775393938.4689157 [navNode-2] 当前位置:(-0.0032371433917433023, -0.0018408214673399925, 0.002126808976754546)
1775393938.5676849 [navNode-2] [INFO] [1775393938.567354955] [navNode]: 状态4：WaitAim--[A6]
1775393938.5680611 [navNode-2] [INFO] [1775393938.567834681] [navNode]: 未到目标点
1775393938.5681379 [navNode-2] 目标位置:(0.0, 0.0, 0.1)-[A6]-[MCU:False]-[POS:False]
1775393938.5681803 [navNode-2] 当前位置:(-0.0028298862744122744, -0.00152651930693537, 0.002030655974522233)
1775393938.6685982 [navNode-2] [INFO] [1775393938.667676215] [navNode]: 状态4：WaitAim--[A6]
1775393938.6688418 [navNode-2] [INFO] [1775393938.668131733] [navNode]: 未到目标点
1775393938.6689188 [navNode-2] 目标位置:(0.0, 0.0, 0.1)-[A6]-[MCU:False]-[POS:False]
1775393938.6689606 [navNode-2] 当前位置:(-0.0019100882345810533, -0.000983358477242291, 0.0013878631871193647)
1775393938.7677751 [navNode-2] [INFO] [1775393938.767330573] [navNode]: 状态4：WaitAim--[A6]
1775393938.7682471 [navNode-2] [INFO] [1775393938.767822256] [navNode]: 未到目标点
1775393938.7683337 [navNode-2] 目标位置:(0.0, 0.0, 0.1)-[A6]-[MCU:False]-[POS:False]
1775393938.7683818 [navNode-2] 当前位置:(-0.0031320187263190746, -0.0017403396777808666, 0.001328665646724403)
1775393938.8678746 [navNode-2] [INFO] [1775393938.867523197] [navNode]: 状态4：WaitAim--[A6]
1775393938.8682745 [navNode-2] [INFO] [1775393938.867999890] [navNode]: 未到目标点
1775393938.8684046 [navNode-2] 目标位置:(0.0, 0.0, 0.1)-[A6]-[MCU:False]-[POS:False]
1775393938.8684781 [navNode-2] 当前位置:(-0.00353508279658854, -0.0016733544180169702, 0.002352392068132758)
1775393938.9676588 [navNode-2] [INFO] [1775393938.967076486] [navNode]: 状态4：WaitAim--[A6]
1775393938.9683440 [navNode-2] [INFO] [1775393938.967511882] [navNode]: 未到目标点
1775393938.9684978 [navNode-2] 目标位置:(0.0, 0.0, 0.1)-[A6]-[MCU:False]-[POS:False]
1775393938.9685948 [navNode-2] 当前位置:(-0.00258560199290514, -0.0012583187781274319, 0.001139134052209556)
1775393939.0677722 [navNode-2] [INFO] [1775393939.067449843] [navNode]: 状态4：WaitAim--[A6]
1775393939.0681684 [navNode-2] [INFO] [1775393939.067928239] [navNode]: 未到目标点
1775393939.0682867 [navNode-2] 目标位置:(0.0, 0.0, 0.1)-[A6]-[MCU:False]-[POS:False]
1775393939.0683601 [navNode-2] 当前位置:(-0.0036950097419321537, -0.001818660064600408, 0.0020762598142027855)
1775393939.1683028 [navNode-2] [INFO] [1775393939.167385606] [navNode]: 状态4：WaitAim--[A6]
1775393939.1685998 [navNode-2] [INFO] [1775393939.167850691] [navNode]: 未到目标点
1775393939.1686754 [navNode-2] 目标位置:(0.0, 0.0, 0.1)-[A6]-[MCU:False]-[POS:False]
1775393939.1687198 [navNode-2] 当前位置:(-0.0034886475186794996, -0.0017499879468232393, 0.0022040505427867174)
1775393939.2680886 [navNode-2] [INFO] [1775393939.267729344] [navNode]: 状态4：WaitAim--[A6]
1775393939.2684729 [navNode-2] [INFO] [1775393939.268179219] [navNode]: 未到目标点
1775393939.2685411 [navNode-2] 目标位置:(0.0, 0.0, 0.1)-[A6]-[MCU:False]-[POS:False]
1775393939.2685857 [navNode-2] 当前位置:(-0.0033330556470900774, -0.002033827593550086, 0.001416076091118157)
1775393939.3679802 [navNode-2] [INFO] [1775393939.367508088] [navNode]: 状态4：WaitAim--[A6]
1775393939.3684683 [navNode-2] [INFO] [1775393939.368060047] [navNode]: 未到目标点
1775393939.3686070 [navNode-2] 目标位置:(0.0, 0.0, 0.1)-[A6]-[MCU:False]-[POS:False]
1775393939.3686914 [navNode-2] 当前位置:(-0.003850106615573168, -0.0018162609776481986, 0.0009032301604747772)
1775393939.4679940 [navNode-2] [INFO] [1775393939.467610199] [navNode]: 状态4：WaitAim--[A6]
1775393939.4684298 [navNode-2] [INFO] [1775393939.468126411] [navNode]: 未到目标点
1775393939.4685242 [navNode-2] 目标位置:(0.0, 0.0, 0.1)-[A6]-[MCU:False]-[POS:False]
1775393939.4685700 [navNode-2] 当前位置:(-0.0029574879445135593, -0.0012856116518378258, 0.00119918177369982)
1775393939.5675926 [navNode-2] [INFO] [1775393939.567279835] [navNode]: 状态4：WaitAim--[A6]
1775393939.5680151 [navNode-2] [INFO] [1775393939.567662529] [navNode]: 未到目标点
1775393939.5681376 [navNode-2] 目标位置:(0.0, 0.0, 0.1)-[A6]-[MCU:False]-[POS:False]
1775393939.5682089 [navNode-2] 当前位置:(-0.003369665704667568, -0.0015999964671209455, 0.0019411081448197365)
1775393939.6679296 [navNode-2] [INFO] [1775393939.667569932] [navNode]: 状态4：WaitAim--[A6]
1775393939.6684027 [navNode-2] [INFO] [1775393939.668005072] [navNode]: 未到目标点
1775393939.6685402 [navNode-2] 目标位置:(0.0, 0.0, 0.1)-[A6]-[MCU:False]-[POS:False]
1775393939.6686339 [navNode-2] 当前位置:(-0.0037948826793581247, -0.0020148211624473333, 0.001741741900332272)
1775393939.7676859 [navNode-2] [INFO] [1775393939.767259566] [navNode]: 状态4：WaitAim--[A6]
1775393939.7681651 [navNode-2] [INFO] [1775393939.767649350] [navNode]: 未到目标点
1775393939.7682943 [navNode-2] 目标位置:(0.0, 0.0, 0.1)-[A6]-[MCU:False]-[POS:False]
1775393939.7683969 [navNode-2] 当前位置:(-0.003934233449399471, -0.002095363801345229, 0.001446882844902575)
1775393939.8680897 [navNode-2] [INFO] [1775393939.867759405] [navNode]: 状态4：WaitAim--[A6]
1775393939.8685877 [navNode-2] [INFO] [1775393939.868212900] [navNode]: 未到目标点
1775393939.8687158 [navNode-2] 目标位置:(0.0, 0.0, 0.1)-[A6]-[MCU:False]-[POS:False]
1775393939.8687761 [navNode-2] 当前位置:(-0.003221465740352869, -0.001609872211702168, 0.0017376395408064127)
1775393939.9676108 [navNode-2] [INFO] [1775393939.967247824] [navNode]: 状态4：WaitAim--[A6]
1775393939.9682190 [navNode-2] [INFO] [1775393939.967696511] [navNode]: 未到目标点
1775393939.9683907 [navNode-2] 目标位置:(0.0, 0.0, 0.1)-[A6]-[MCU:False]-[POS:False]
1775393939.9684772 [navNode-2] 当前位置:(-0.0037556143943220377, -0.0018610530532896519, 0.0013304605381563306)
1775393940.0688317 [navNode-2] [INFO] [1775393940.068500502] [navNode]: 状态4：WaitAim--[A6]
1775393940.0693328 [navNode-2] [INFO] [1775393940.068971426] [navNode]: 未到目标点
1775393940.0696957 [navNode-2] 目标位置:(0.0, 0.0, 0.1)-[A6]-[MCU:False]-[POS:False]
1775393940.0698118 [navNode-2] 当前位置:(-0.003861406585201621, -0.0019237279193475842, 0.0010421505430713296)
1775393940.1680434 [navNode-2] [INFO] [1775393940.167668203] [navNode]: 状态4：WaitAim--[A6]
1775393940.1684973 [navNode-2] [INFO] [1775393940.168172157] [navNode]: 未到目标点
1775393940.1686234 [navNode-2] 目标位置:(0.0, 0.0, 0.1)-[A6]-[MCU:False]-[POS:False]
1775393940.1687346 [navNode-2] 当前位置:(-0.0037995825987309217, -0.002247329568490386, 0.002329848241060972)
1775393940.2679248 [navNode-2] [INFO] [1775393940.267458290] [navNode]: 状态4：WaitAim--[A6]
1775393940.2682893 [navNode-2] [INFO] [1775393940.267928061] [navNode]: 未到目标点
1775393940.2683463 [navNode-2] 目标位置:(0.0, 0.0, 0.1)-[A6]-[MCU:False]-[POS:False]
1775393940.2683845 [navNode-2] 当前位置:(-0.003804133040830493, -0.0021332523319870234, 0.002520720474421978)
1775393940.3682234 [navNode-2] [INFO] [1775393940.367737350] [navNode]: 状态4：WaitAim--[A6]
1775393940.3686385 [navNode-2] [INFO] [1775393940.368217030] [navNode]: 未到目标点
1775393940.3687384 [navNode-2] 目标位置:(0.0, 0.0, 0.1)-[A6]-[MCU:False]-[POS:False]
1775393940.3687987 [navNode-2] 当前位置:(-0.002854824997484684, -0.0016826119972392917, -0.000461447867564857)
1775393940.4681528 [navNode-2] [INFO] [1775393940.467731428] [navNode]: 状态4：WaitAim--[A6]
1775393940.4686432 [navNode-2] [INFO] [1775393940.468261910] [navNode]: 未到目标点
1775393940.4687312 [navNode-2] 目标位置:(0.0, 0.0, 0.1)-[A6]-[MCU:False]-[POS:False]
1775393940.4687860 [navNode-2] 当前位置:(-0.004091958049684763, -0.001526523381471634, 0.0019269384210929275)
1775393940.5680935 [navNode-2] [INFO] [1775393940.567619279] [navNode]: 状态4：WaitAim--[A6]
1775393940.5685921 [navNode-2] [INFO] [1775393940.568271468] [navNode]: 未到目标点
1775393940.5687032 [navNode-2] 目标位置:(0.0, 0.0, 0.1)-[A6]-[MCU:False]-[POS:False]
1775393940.5687630 [navNode-2] 当前位置:(-0.0029742273036390543, -0.0015593190910294652, 0.0016121144872158766)
1775393940.6680853 [navNode-2] [INFO] [1775393940.667660590] [navNode]: 状态4：WaitAim--[A6]
1775393940.6685660 [navNode-2] [INFO] [1775393940.668291028] [navNode]: 未到目标点
1775393940.6686499 [navNode-2] 目标位置:(0.0, 0.0, 0.1)-[A6]-[MCU:False]-[POS:False]
1775393940.6687076 [navNode-2] 当前位置:(-0.003123512025922537, -0.001557716983370483, 0.0005901044351048768)
1775393940.7688458 [navNode-2] [INFO] [1775393940.768415991] [navNode]: 状态4：WaitAim--[A6]
1775393940.7694252 [navNode-2] [INFO] [1775393940.769065790] [navNode]: 未到目标点
1775393940.7696216 [navNode-2] 目标位置:(0.0, 0.0, 0.1)-[A6]-[MCU:False]-[POS:False]
1775393940.7697206 [navNode-2] 当前位置:(-0.0032699876464903355, -0.001893219887278974, 0.0015169918769970536)
1775393940.8683684 [navNode-2] [INFO] [1775393940.867901669] [navNode]: 状态4：WaitAim--[A6]
1775393940.8689198 [navNode-2] [INFO] [1775393940.868528615] [navNode]: 未到目标点
1775393940.8690717 [navNode-2] 目标位置:(0.0, 0.0, 0.1)-[A6]-[MCU:False]-[POS:False]
1775393940.8691363 [navNode-2] 当前位置:(-0.0027451671194285154, -0.0012582311173900962, 0.0006598134059458971)
1775393940.9680066 [navNode-2] [INFO] [1775393940.967677311] [navNode]: 状态4：WaitAim--[A6]
1775393940.9684577 [navNode-2] [INFO] [1775393940.968173058] [navNode]: 未到目标点
1775393940.9685836 [navNode-2] 目标位置:(0.0, 0.0, 0.1)-[A6]-[MCU:False]-[POS:False]
1775393940.9686909 [navNode-2] 当前位置:(-0.004241665359586477, -0.0027465017046779394, 0.0022512960713356733)
1775393941.0683324 [navNode-2] [INFO] [1775393941.068011890] [navNode]: 状态4：WaitAim--[A6]
1775393941.0687833 [navNode-2] [INFO] [1775393941.068491139] [navNode]: 未到目标点
1775393941.0688667 [navNode-2] 目标位置:(0.0, 0.0, 0.1)-[A6]-[MCU:False]-[POS:False]
1775393941.0689240 [navNode-2] 当前位置:(-0.002866283757612109, -0.0013148103607818484, 0.0005256092990748584)
1775393941.1681600 [navNode-2] [INFO] [1775393941.167784313] [navNode]: 状态4：WaitAim--[A6]
1775393941.1686499 [navNode-2] [INFO] [1775393941.168318690] [navNode]: 未到目标点
1775393941.1687453 [navNode-2] 目标位置:(0.0, 0.0, 0.1)-[A6]-[MCU:False]-[POS:False]
1775393941.1687956 [navNode-2] 当前位置:(-0.0022125416435301304, -0.001317363465204835, 0.00019853698904626071)
1775393941.2674568 [navNode-2] [INFO] [1775393941.267104284] [navNode]: 状态4：WaitAim--[A6]
1775393941.2679071 [navNode-2] [INFO] [1775393941.267552223] [navNode]: 未到目标点
1775393941.2680392 [navNode-2] 目标位置:(0.0, 0.0, 0.1)-[A6]-[MCU:False]-[POS:False]
1775393941.2681141 [navNode-2] 当前位置:(-0.0033963839523494244, -0.0014749829424545169, 0.0012418243568390608)
1775393941.3680384 [navNode-2] [INFO] [1775393941.367607463] [navNode]: 状态4：WaitAim--[A6]
1775393941.3684781 [navNode-2] [INFO] [1775393941.368071617] [navNode]: 未到目标点
1775393941.3686254 [navNode-2] 目标位置:(0.0, 0.0, 0.1)-[A6]-[MCU:False]-[POS:False]
1775393941.3687012 [navNode-2] 当前位置:(-0.0038293576799333096, -0.0020861895754933357, 0.0023442429956048727)
1775393941.4675524 [navNode-2] [INFO] [1775393941.467161205] [navNode]: 状态4：WaitAim--[A6]
1775393941.4679372 [navNode-2] [INFO] [1775393941.467821471] [navNode]: 未到目标点
1775393941.4680030 [navNode-2] 目标位置:(0.0, 0.0, 0.1)-[A6]-[MCU:False]-[POS:False]
1775393941.4680450 [navNode-2] 当前位置:(-0.0029700074810534716, -0.0018132339464500546, 0.0013173853512853384)
1775393941.5683801 [navNode-2] [INFO] [1775393941.568048475] [navNode]: 状态4：WaitAim--[A6]
1775393941.5688858 [navNode-2] [INFO] [1775393941.568740595] [navNode]: 未到目标点
1775393941.5689688 [navNode-2] 目标位置:(0.0, 0.0, 0.1)-[A6]-[MCU:False]-[POS:False]
1775393941.5690117 [navNode-2] 当前位置:(-0.0031546251848340034, -0.001835535396821797, 0.001524220802821219)
1775393941.6678751 [navNode-2] [INFO] [1775393941.667520598] [navNode]: 状态4：WaitAim--[A6]
1775393941.6682901 [navNode-2] [INFO] [1775393941.668055124] [navNode]: 未到目标点
1775393941.6684160 [navNode-2] 目标位置:(0.0, 0.0, 0.1)-[A6]-[MCU:False]-[POS:False]
1775393941.6685297 [navNode-2] 当前位置:(-0.0033223021309822798, -0.00192607706412673, 0.0025350425858050585)
1775393941.7680640 [navNode-2] [INFO] [1775393941.767762279] [navNode]: 状态4：WaitAim--[A6]
1775393941.7692461 [navNode-2] [INFO] [1775393941.769050941] [navNode]: 未到目标点
1775393941.7694225 [navNode-2] 目标位置:(0.0, 0.0, 0.1)-[A6]-[MCU:False]-[POS:False]
1775393941.7695351 [navNode-2] 当前位置:(-0.004047779832035303, -0.0023616363760083914, 0.0025546967517584562)
1775393941.8679166 [navNode-2] [INFO] [1775393941.867581507] [navNode]: 状态4：WaitAim--[A6]
1775393941.8683374 [navNode-2] [INFO] [1775393941.868044888] [navNode]: 未到目标点
1775393941.8684711 [navNode-2] 目标位置:(0.0, 0.0, 0.1)-[A6]-[MCU:False]-[POS:False]
1775393941.8685300 [navNode-2] 当前位置:(-0.0036714368034154177, -0.001717367093078792, 0.0007653870270587504)
1775393941.9679172 [navNode-2] [INFO] [1775393941.967500267] [navNode]: 状态4：WaitAim--[A6]
1775393941.9683857 [navNode-2] [INFO] [1775393941.967961022] [navNode]: 未到目标点
1775393941.9685106 [navNode-2] 目标位置:(0.0, 0.0, 0.1)-[A6]-[MCU:False]-[POS:False]
1775393941.9685678 [navNode-2] 当前位置:(-0.0038302207831293344, -0.001789618982002139, 0.002156726084649563)
1775393942.0683978 [navNode-2] [INFO] [1775393942.068020886] [navNode]: 状态4：WaitAim--[A6]
1775393942.0688469 [navNode-2] [INFO] [1775393942.068515439] [navNode]: 未到目标点
1775393942.0689690 [navNode-2] 目标位置:(0.0, 0.0, 0.1)-[A6]-[MCU:False]-[POS:False]
1775393942.0690370 [navNode-2] 当前位置:(-0.004272883757948875, -0.0020183061715215445, 0.0023233946412801743)
1775393942.1676085 [navNode-2] [INFO] [1775393942.167272653] [navNode]: 状态4：WaitAim--[A6]
1775393942.1682000 [navNode-2] [INFO] [1775393942.167987761] [navNode]: 未到目标点
1775393942.1683936 [navNode-2] 目标位置:(0.0, 0.0, 0.1)-[A6]-[MCU:False]-[POS:False]
1775393942.1684759 [navNode-2] 当前位置:(-0.0030759533401578665, -0.0017604527529329062, 0.0003060698218178004)
1775393942.2674677 [navNode-2] [INFO] [1775393942.267131202] [navNode]: 状态4：WaitAim--[A6]
1775393942.2678964 [navNode-2] [INFO] [1775393942.267710885] [navNode]: 未到目标点
1775393942.2679658 [navNode-2] 目标位置:(0.0, 0.0, 0.1)-[A6]-[MCU:False]-[POS:False]
1775393942.2680082 [navNode-2] 当前位置:(-0.0037878446746617556, -0.002179478295147419, 0.0016757426783442497)
1775393942.3678255 [navNode-2] [INFO] [1775393942.367482362] [navNode]: 状态4：WaitAim--[A6]
1775393942.3682876 [navNode-2] [INFO] [1775393942.367939190] [navNode]: 未到目标点
1775393942.3684144 [navNode-2] 目标位置:(0.0, 0.0, 0.1)-[A6]-[MCU:False]-[POS:False]
1775393942.3685052 [navNode-2] 当前位置:(-0.004001609981060028, -0.002276667160913348, 0.001332839485257864)
1775393942.4679806 [navNode-2] [INFO] [1775393942.467642505] [navNode]: 状态4：WaitAim--[A6]
1775393942.4684339 [navNode-2] [INFO] [1775393942.468059663] [navNode]: 未到目标点
1775393942.4685304 [navNode-2] 目标位置:(0.0, 0.0, 0.1)-[A6]-[MCU:False]-[POS:False]
1775393942.4685769 [navNode-2] 当前位置:(-0.004104231018573046, -0.002816419582813978, 0.0017827795818448067)
1775393942.5683746 [navNode-2] [INFO] [1775393942.568017548] [navNode]: 状态4：WaitAim--[A6]
1775393942.5687599 [navNode-2] [INFO] [1775393942.568587938] [navNode]: 未到目标点
1775393942.5688550 [navNode-2] 目标位置:(0.0, 0.0, 0.1)-[A6]-[MCU:False]-[POS:False]
1775393942.5689371 [navNode-2] 当前位置:(-0.003525438951328397, -0.0018986031645908952, 0.002760052913799882)
1775393942.6683547 [navNode-2] [INFO] [1775393942.668011062] [navNode]: 状态4：WaitAim--[A6]
1775393942.6688492 [navNode-2] [INFO] [1775393942.668537500] [navNode]: 未到目标点
1775393942.6689498 [navNode-2] 目标位置:(0.0, 0.0, 0.1)-[A6]-[MCU:False]-[POS:False]
1775393942.6690607 [navNode-2] 当前位置:(-0.002906101057305932, -0.0016010458348318934, 0.0011306818341836333)
1775393942.7684667 [navNode-2] [INFO] [1775393942.768057354] [navNode]: 状态4：WaitAim--[A6]
1775393942.7689936 [navNode-2] [INFO] [1775393942.768605261] [navNode]: 未到目标点
1775393942.7691276 [navNode-2] 目标位置:(0.0, 0.0, 0.1)-[A6]-[MCU:False]-[POS:False]
1775393942.7692177 [navNode-2] 当前位置:(-0.003606310812756419, -0.0018636868335306644, 0.0017709400271996856)
1775393942.8678916 [navNode-2] [INFO] [1775393942.867512237] [navNode]: 状态4：WaitAim--[A6]
1775393942.8683782 [navNode-2] [INFO] [1775393942.868047379] [navNode]: 未到目标点
1775393942.8685319 [navNode-2] 目标位置:(0.0, 0.0, 0.1)-[A6]-[MCU:False]-[POS:False]
1775393942.8686454 [navNode-2] 当前位置:(-0.0029523323755711317, -0.002312340075150132, 0.002053756732493639)
1775393942.9678752 [navNode-2] [INFO] [1775393942.967486019] [navNode]: 状态4：WaitAim--[A6]
1775393942.9687395 [navNode-2] [INFO] [1775393942.968564782] [navNode]: 未到目标点
1775393942.9688923 [navNode-2] 目标位置:(0.0, 0.0, 0.1)-[A6]-[MCU:False]-[POS:False]
1775393942.9689641 [navNode-2] 当前位置:(-0.002017338527366519, -0.0009383040014654398, 0.0004723998426925391)
1775393943.0687010 [navNode-2] [INFO] [1775393943.068184544] [navNode]: 状态4：WaitAim--[A6]
1775393943.0691626 [navNode-2] [INFO] [1775393943.068751732] [navNode]: 未到目标点
1775393943.0692797 [navNode-2] 目标位置:(0.0, 0.0, 0.1)-[A6]-[MCU:False]-[POS:False]
1775393943.0693884 [navNode-2] 当前位置:(-0.0021164841018617153, -0.0009648167178966105, 0.0011971358908340335)
1775393943.1680694 [navNode-2] [INFO] [1775393943.167723990] [navNode]: 状态4：WaitAim--[A6]
1775393943.1685007 [navNode-2] [INFO] [1775393943.168304598] [navNode]: 未到目标点
1775393943.1686008 [navNode-2] 目标位置:(0.0, 0.0, 0.1)-[A6]-[MCU:False]-[POS:False]
1775393943.1686559 [navNode-2] 当前位置:(-0.0023432837333530188, -0.0012331826146692038, 0.0020070839673280716)
1775393943.2680960 [navNode-2] [INFO] [1775393943.267640367] [navNode]: 状态4：WaitAim--[A6]
1775393943.2685533 [navNode-2] [INFO] [1775393943.268132102] [navNode]: 未到目标点
1775393943.2686684 [navNode-2] 目标位置:(0.0, 0.0, 0.1)-[A6]-[MCU:False]-[POS:False]
1775393943.2687476 [navNode-2] 当前位置:(-0.0034574822057038546, -0.0016918485052883625, 0.002835012273862958)
1775393943.3678117 [navNode-2] [INFO] [1775393943.367467003] [navNode]: 状态4：WaitAim--[A6]
1775393943.3682201 [navNode-2] [INFO] [1775393943.367927780] [navNode]: 未到目标点
1775393943.3683445 [navNode-2] 目标位置:(0.0, 0.0, 0.1)-[A6]-[MCU:False]-[POS:False]
1775393943.3684211 [navNode-2] 当前位置:(-0.002479302231222391, -0.0014324954245239496, 0.0022664449643343687)
1775393943.4678855 [navNode-2] [INFO] [1775393943.467543456] [navNode]: 状态4：WaitAim--[A6]
1775393943.4683199 [navNode-2] [INFO] [1775393943.468031271] [navNode]: 未到目标点
1775393943.4684231 [navNode-2] 目标位置:(0.0, 0.0, 0.1)-[A6]-[MCU:False]-[POS:False]
1775393943.4685335 [navNode-2] 当前位置:(-0.0017841545632109046, -0.0008486838778480887, 0.00134203617926687)
1775393943.5680661 [navNode-2] [INFO] [1775393943.567783162] [navNode]: 状态4：WaitAim--[A6]
1775393943.5690589 [navNode-2] [INFO] [1775393943.568930574] [navNode]: 未到目标点
1775393943.5692163 [navNode-2] 目标位置:(0.0, 0.0, 0.1)-[A6]-[MCU:False]-[POS:False]
1775393943.5692887 [navNode-2] 当前位置:(-0.0029441993683576584, -0.0012829533079639077, 0.0014308367390185595)
1775393943.6680954 [navNode-2] [INFO] [1775393943.667704998] [navNode]: 状态4：WaitAim--[A6]
1775393943.6685622 [navNode-2] [INFO] [1775393943.668220229] [navNode]: 未到目标点
1775393943.6686881 [navNode-2] 目标位置:(0.0, 0.0, 0.1)-[A6]-[MCU:False]-[POS:False]
1775393943.6687739 [navNode-2] 当前位置:(-0.002845275215804577, -0.0011841952800750732, 0.0009607310639694333)
1775393943.7693946 [navNode-2] [INFO] [1775393943.768308257] [navNode]: 状态4：WaitAim--[A6]
1775393943.7698650 [navNode-2] [INFO] [1775393943.769189867] [navNode]: 未到目标点
1775393943.7700033 [navNode-2] 目标位置:(0.0, 0.0, 0.1)-[A6]-[MCU:False]-[POS:False]
1775393943.7701120 [navNode-2] 当前位置:(-0.003092105034738779, -0.0014620156725868583, 0.002054878743365407)
1775393943.8679039 [navNode-2] [INFO] [1775393943.867505727] [navNode]: 状态4：WaitAim--[A6]
1775393943.8683710 [navNode-2] [INFO] [1775393943.868190476] [navNode]: 未到目标点
1775393943.8684769 [navNode-2] 目标位置:(0.0, 0.0, 0.1)-[A6]-[MCU:False]-[POS:False]
1775393943.8685248 [navNode-2] 当前位置:(-0.003787409979850054, -0.0017909329617395997, 0.002333019394427538)
1775393943.9676163 [navNode-2] [INFO] [1775393943.967294216] [navNode]: 状态4：WaitAim--[A6]
1775393943.9680803 [navNode-2] [INFO] [1775393943.967738187] [navNode]: 未到目标点
1775393943.9682083 [navNode-2] 目标位置:(0.0, 0.0, 0.1)-[A6]-[MCU:False]-[POS:False]
1775393943.9682999 [navNode-2] 当前位置:(-0.0034021595492959023, -0.00220386846922338, 0.002753885928541422)
1775393944.0677254 [navNode-2] [INFO] [1775393944.067305700] [navNode]: 状态4：WaitAim--[A6]
1775393944.0682173 [navNode-2] [INFO] [1775393944.067792953] [navNode]: 未到目标点
1775393944.0683434 [navNode-2] 目标位置:(0.0, 0.0, 0.1)-[A6]-[MCU:False]-[POS:False]
1775393944.0684116 [navNode-2] 当前位置:(-0.003118503373116255, -0.0018492620438337326, 0.0023229660000652075)
1775393944.1677592 [navNode-2] [INFO] [1775393944.167357069] [navNode]: 状态4：WaitAim--[A6]
1775393944.1683154 [navNode-2] [INFO] [1775393944.167800090] [navNode]: 未到目标点
1775393944.1685104 [navNode-2] 目标位置:(0.0, 0.0, 0.1)-[A6]-[MCU:False]-[POS:False]
1775393944.1686320 [navNode-2] 当前位置:(-0.0034771086648106575, -0.001892652129754424, 0.0026508301962167025)
1775393944.2685113 [navNode-2] [INFO] [1775393944.267374690] [navNode]: 状态4：WaitAim--[A6]
1775393944.2687948 [navNode-2] [INFO] [1775393944.267924465] [navNode]: 未到目标点
1775393944.2688711 [navNode-2] 目标位置:(0.0, 0.0, 0.1)-[A6]-[MCU:False]-[POS:False]
1775393944.2689152 [navNode-2] 当前位置:(-0.003789749462157488, -0.0016951949801295996, 0.0020729387179017067)
1775393944.3685944 [navNode-2] [INFO] [1775393944.367709709] [navNode]: 状态4：WaitAim--[A6]
1775393944.3688545 [navNode-2] [INFO] [1775393944.368174689] [navNode]: 未到目标点
1775393944.3689206 [navNode-2] 目标位置:(0.0, 0.0, 0.1)-[A6]-[MCU:False]-[POS:False]
1775393944.3689616 [navNode-2] 当前位置:(-0.002997896634042263, -0.0016699866391718388, 0.0006995101575739682)
1775393944.4678946 [navNode-2] [INFO] [1775393944.467462381] [navNode]: 状态4：WaitAim--[A6]
1775393944.4683065 [navNode-2] [INFO] [1775393944.467870325] [navNode]: 未到目标点
1775393944.4683843 [navNode-2] 目标位置:(0.0, 0.0, 0.1)-[A6]-[MCU:False]-[POS:False]
1775393944.4684646 [navNode-2] 当前位置:(-0.0034044329077005386, -0.0018143715569749475, 0.0007300326251424849)
1775393944.5677538 [navNode-2] [INFO] [1775393944.567380503] [navNode]: 状态4：WaitAim--[A6]
1775393944.5682635 [navNode-2] [INFO] [1775393944.567864479] [navNode]: 未到目标点
1775393944.5684500 [navNode-2] 目标位置:(0.0, 0.0, 0.1)-[A6]-[MCU:False]-[POS:False]
1775393944.5685546 [navNode-2] 当前位置:(-0.0035010105930268764, -0.0016986496048048139, 0.00116358429659158)
1775393944.6677542 [navNode-2] [INFO] [1775393944.667343272] [navNode]: 状态4：WaitAim--[A6]
1775393944.6683156 [navNode-2] [INFO] [1775393944.667798324] [navNode]: 未到目标点
1775393944.6684580 [navNode-2] 目标位置:(0.0, 0.0, 0.1)-[A6]-[MCU:False]-[POS:False]
1775393944.6685371 [navNode-2] 当前位置:(-0.00342820817604661, -0.0016961797373369336, 0.0014627005439251661)
1775393944.7678616 [navNode-2] [INFO] [1775393944.767503229] [navNode]: 状态4：WaitAim--[A6]
1775393944.7683594 [navNode-2] [INFO] [1775393944.767988197] [navNode]: 未到目标点
1775393944.7685268 [navNode-2] 目标位置:(0.0, 0.0, 0.1)-[A6]-[MCU:False]-[POS:False]
1775393944.7685912 [navNode-2] 当前位置:(-0.003495767479762435, -0.0018235286697745323, 0.0026808956172317266)
1775393944.8677697 [navNode-2] [INFO] [1775393944.867415272] [navNode]: 状态4：WaitAim--[A6]
1775393944.8683534 [navNode-2] [INFO] [1775393944.867895913] [navNode]: 未到目标点
1775393944.8685501 [navNode-2] 目标位置:(0.0, 0.0, 0.1)-[A6]-[MCU:False]-[POS:False]
1775393944.8686447 [navNode-2] 当前位置:(-0.003310578176751733, -0.0015898671699687839, 0.0019864304922521114)
1775393944.9677436 [navNode-2] [INFO] [1775393944.967370753] [navNode]: 状态4：WaitAim--[A6]
1775393944.9682374 [navNode-2] [INFO] [1775393944.967804560] [navNode]: 未到目标点
1775393944.9683948 [navNode-2] 目标位置:(0.0, 0.0, 0.1)-[A6]-[MCU:False]-[POS:False]
1775393944.9684875 [navNode-2] 当前位置:(-0.00331847439520061, -0.002301372354850173, 0.0018596644513309002)
1775393945.0681217 [navNode-2] [INFO] [1775393945.067333959] [navNode]: 状态4：WaitAim--[A6]
1775393945.0689192 [navNode-2] [INFO] [1775393945.067761600] [navNode]: 未到目标点
1775393945.0691006 [navNode-2] 目标位置:(0.0, 0.0, 0.1)-[A6]-[MCU:False]-[POS:False]
1775393945.0691540 [navNode-2] 当前位置:(-0.002914163749665022, -0.0014741403283551335, 0.0025304071605205536)
1775393945.1681991 [navNode-2] [INFO] [1775393945.167848832] [navNode]: 状态4：WaitAim--[A6]
1775393945.1686823 [navNode-2] [INFO] [1775393945.168319058] [navNode]: 未到目标点
1775393945.1687942 [navNode-2] 目标位置:(0.0, 0.0, 0.1)-[A6]-[MCU:False]-[POS:False]
1775393945.1689036 [navNode-2] 当前位置:(-0.002364321146160364, -0.0011007196735590696, 0.0018947361968457699)
1775393945.2675509 [navNode-2] [INFO] [1775393945.267225664] [navNode]: 状态4：WaitAim--[A6]
1775393945.2679646 [navNode-2] [INFO] [1775393945.267666788] [navNode]: 未到目标点
1775393945.2680604 [navNode-2] 目标位置:(0.0, 0.0, 0.1)-[A6]-[MCU:False]-[POS:False]
1775393945.2681341 [navNode-2] 当前位置:(-0.0030192420817911625, -0.0011801861692219973, 0.0018956770654767752)
1775393945.3678465 [navNode-2] [INFO] [1775393945.367555795] [navNode]: 状态4：WaitAim--[A6]
1775393945.3689754 [navNode-2] [INFO] [1775393945.368725537] [navNode]: 未到目标点
1775393945.3691671 [navNode-2] 目标位置:(0.0, 0.0, 0.1)-[A6]-[MCU:False]-[POS:False]
1775393945.3692474 [navNode-2] 当前位置:(-0.0038248130585998297, -0.0018313357140868902, 0.002598435152322054)
1775393945.4688547 [navNode-2] [INFO] [1775393945.468476484] [navNode]: 状态4：WaitAim--[A6]
1775393945.4693630 [navNode-2] [INFO] [1775393945.468984897] [navNode]: 未到目标点
1775393945.4694917 [navNode-2] 目标位置:(0.0, 0.0, 0.1)-[A6]-[MCU:False]-[POS:False]
1775393945.4695742 [navNode-2] 当前位置:(-0.0034881411120295525, -0.0016318871639668941, 0.0019075482850894332)
1775393945.5676827 [navNode-2] [INFO] [1775393945.567305351] [navNode]: 状态4：WaitAim--[A6]
1775393945.5681443 [navNode-2] [INFO] [1775393945.568028521] [navNode]: 未到目标点
1775393945.5682225 [navNode-2] 目标位置:(0.0, 0.0, 0.1)-[A6]-[MCU:False]-[POS:False]
1775393945.5682654 [navNode-2] 当前位置:(-0.0031194898765534163, -0.0020939421374350786, 0.0009115043794736266)
1775393945.6680348 [navNode-2] [INFO] [1775393945.667682635] [navNode]: 状态4：WaitAim--[A6]
1775393945.6684899 [navNode-2] [INFO] [1775393945.668194349] [navNode]: 未到目标点
1775393945.6685989 [navNode-2] 目标位置:(0.0, 0.0, 0.1)-[A6]-[MCU:False]-[POS:False]
1775393945.6686535 [navNode-2] 当前位置:(-0.0038792984560132027, -0.0021027224138379097, 0.0019995812326669693)
1775393945.7684362 [navNode-2] [INFO] [1775393945.767545552] [navNode]: 状态4：WaitAim--[A6]
1775393945.7687039 [navNode-2] [INFO] [1775393945.767997302] [navNode]: 未到目标点
1775393945.7687860 [navNode-2] 目标位置:(0.0, 0.0, 0.1)-[A6]-[MCU:False]-[POS:False]
1775393945.7688348 [navNode-2] 当前位置:(-0.003582744160667062, -0.0016440668841823936, 0.0010950323194265366)
1775393945.8678820 [navNode-2] [INFO] [1775393945.867507864] [navNode]: 状态4：WaitAim--[A6]
1775393945.8682790 [navNode-2] [INFO] [1775393945.868015938] [navNode]: 未到目标点
1775393945.8684366 [navNode-2] 目标位置:(0.0, 0.0, 0.1)-[A6]-[MCU:False]-[POS:False]
1775393945.8685009 [navNode-2] 当前位置:(-0.0035137776285409927, -0.0018566871294751763, 0.002287262352183461)
1775393945.9679987 [navNode-2] [INFO] [1775393945.967654134] [navNode]: 状态4：WaitAim--[A6]
1775393945.9684985 [navNode-2] [INFO] [1775393945.968117193] [navNode]: 未到目标点
1775393945.9686086 [navNode-2] 目标位置:(0.0, 0.0, 0.1)-[A6]-[MCU:False]-[POS:False]
1775393945.9686675 [navNode-2] 当前位置:(-0.0037383476737886667, -0.0019544335082173347, 0.002745610661804676)
1775393946.0681109 [navNode-2] [INFO] [1775393946.067797331] [navNode]: 状态4：WaitAim--[A6]
1775393946.0692880 [navNode-2] [INFO] [1775393946.068983962] [navNode]: 未到目标点
1775393946.0694492 [navNode-2] 目标位置:(0.0, 0.0, 0.1)-[A6]-[MCU:False]-[POS:False]
1775393946.0695088 [navNode-2] 当前位置:(-0.002705555409193039, -0.0013999552465975285, 0.0009608388063497841)
1775393946.1681709 [navNode-2] [INFO] [1775393946.167743018] [navNode]: 状态4：WaitAim--[A6]
1775393946.1686184 [navNode-2] [INFO] [1775393946.168237022] [navNode]: 未到目标点
1775393946.1687238 [navNode-2] 目标位置:(0.0, 0.0, 0.1)-[A6]-[MCU:False]-[POS:False]
1775393946.1687822 [navNode-2] 当前位置:(-0.00398585619404912, -0.0017379134660586715, 0.0024802701082080603)
1775393946.2676380 [navNode-2] [INFO] [1775393946.267269177] [navNode]: 状态4：WaitAim--[A6]
1775393946.2680080 [navNode-2] [INFO] [1775393946.267705457] [navNode]: 未到目标点
1775393946.2681265 [navNode-2] 目标位置:(0.0, 0.0, 0.1)-[A6]-[MCU:False]-[POS:False]
1775393946.2681963 [navNode-2] 当前位置:(-0.0035270038060843945, -0.0020996364764869213, 0.00250091846100986)
1775393946.3678701 [navNode-2] [INFO] [1775393946.367506382] [navNode]: 状态4：WaitAim--[A6]
1775393946.3683662 [navNode-2] [INFO] [1775393946.368044960] [navNode]: 未到目标点
1775393946.3684900 [navNode-2] 目标位置:(0.0, 0.0, 0.1)-[A6]-[MCU:False]-[POS:False]
1775393946.3685501 [navNode-2] 当前位置:(-0.0032088549342006445, -0.0018611964769661427, 0.0014837253838777542)
1775393946.4679639 [navNode-2] [INFO] [1775393946.467636350] [navNode]: 状态4：WaitAim--[A6]
1775393946.4683902 [navNode-2] [INFO] [1775393946.468130526] [navNode]: 未到目标点
1775393946.4684911 [navNode-2] 目标位置:(0.0, 0.0, 0.1)-[A6]-[MCU:False]-[POS:False]
1775393946.4685512 [navNode-2] 当前位置:(-0.003947788849473, -0.0017659832956269383, 0.0020385533571243286)
1775393946.5678627 [navNode-2] [INFO] [1775393946.567434387] [navNode]: 状态4：WaitAim--[A6]
1775393946.5682793 [navNode-2] [INFO] [1775393946.567911150] [navNode]: 未到目标点
1775393946.5683954 [navNode-2] 目标位置:(0.0, 0.0, 0.1)-[A6]-[MCU:False]-[POS:False]
1775393946.5684509 [navNode-2] 当前位置:(-0.004016304388642311, -0.002657657489180565, 0.0016777818091213703)
1775393946.6687093 [navNode-2] [INFO] [1775393946.668353878] [navNode]: 状态4：WaitAim--[A6]
1775393946.6691508 [navNode-2] [INFO] [1775393946.668845699] [navNode]: 未到目标点
1775393946.6692955 [navNode-2] 目标位置:(0.0, 0.0, 0.1)-[A6]-[MCU:False]-[POS:False]
1775393946.6693640 [navNode-2] 当前位置:(-0.004540675785392523, -0.002490535145625472, 0.0024995519779622555)
1775393946.7676451 [navNode-2] [INFO] [1775393946.767283860] [navNode]: 状态4：WaitAim--[A6]
1775393946.7680907 [navNode-2] [INFO] [1775393946.767735394] [navNode]: 未到目标点
1775393946.7681715 [navNode-2] 目标位置:(0.0, 0.0, 0.1)-[A6]-[MCU:False]-[POS:False]
1775393946.7682137 [navNode-2] 当前位置:(-0.002908062655478716, -0.0018920846050605178, 0.0005546915344893932)
1775393946.8686597 [navNode-2] [INFO] [1775393946.868166058] [navNode]: 状态4：WaitAim--[A6]
1775393946.8690374 [navNode-2] [INFO] [1775393946.868779994] [navNode]: 未到目标点
1775393946.8691466 [navNode-2] 目标位置:(0.0, 0.0, 0.1)-[A6]-[MCU:False]-[POS:False]
1775393946.8692024 [navNode-2] 当前位置:(-0.0037803107406944036, -0.0025179702788591385, 0.0018628445686772466)
1775393946.9675694 [navNode-2] [INFO] [1775393946.967254797] [navNode]: 状态4：WaitAim--[A6]
1775393946.9680290 [navNode-2] [INFO] [1775393946.967716712] [navNode]: 未到目标点
1775393946.9681237 [navNode-2] 目标位置:(0.0, 0.0, 0.1)-[A6]-[MCU:False]-[POS:False]
1775393946.9681706 [navNode-2] 当前位置:(-0.00320603814907372, -0.0018475261749699712, 0.0011783811496570706)
1775393947.0684531 [navNode-2] [INFO] [1775393947.067970054] [navNode]: 状态4：WaitAim--[A6]
1775393947.0693176 [navNode-2] [INFO] [1775393947.068551408] [navNode]: 未到目标点
1775393947.0695493 [navNode-2] 目标位置:(0.0, 0.0, 0.1)-[A6]-[MCU:False]-[POS:False]
1775393947.0696807 [navNode-2] 当前位置:(-0.0025687390007078648, -0.0018329876475036144, 0.0027087791822850704)
1775393947.1676970 [navNode-2] [INFO] [1775393947.167340569] [navNode]: 状态4：WaitAim--[A6]
1775393947.1682005 [navNode-2] [INFO] [1775393947.167849752] [navNode]: 未到目标点
1775393947.1683118 [navNode-2] 目标位置:(0.0, 0.0, 0.1)-[A6]-[MCU:False]-[POS:False]
1775393947.1683738 [navNode-2] 当前位置:(-0.003186918795108795, -0.0015263815876096487, 0.0014504665741696954)
1775393947.2678804 [navNode-2] [INFO] [1775393947.267509615] [navNode]: 状态4：WaitAim--[A6]
1775393947.2683392 [navNode-2] [INFO] [1775393947.268018587] [navNode]: 未到目标点
1775393947.2684553 [navNode-2] 目标位置:(0.0, 0.0, 0.1)-[A6]-[MCU:False]-[POS:False]
1775393947.2685397 [navNode-2] 当前位置:(-0.004101673606783152, -0.0026506998110562563, 0.0012784685241058469)
1775393947.3685505 [navNode-2] [INFO] [1775393947.368145023] [navNode]: 状态4：WaitAim--[A6]
1775393947.3690195 [navNode-2] [INFO] [1775393947.368714094] [navNode]: 未到目标点
1775393947.3691275 [navNode-2] 目标位置:(0.0, 0.0, 0.1)-[A6]-[MCU:False]-[POS:False]
1775393947.3691902 [navNode-2] 当前位置:(-0.00394583772867918, -0.0014606009935960174, 0.002135944552719593)
1775393947.4678226 [navNode-2] [INFO] [1775393947.467425476] [navNode]: 状态4：WaitAim--[A6]
1775393947.4682970 [navNode-2] [INFO] [1775393947.468019646] [navNode]: 未到目标点
1775393947.4684272 [navNode-2] 目标位置:(0.0, 0.0, 0.1)-[A6]-[MCU:False]-[POS:False]
1775393947.4685068 [navNode-2] 当前位置:(-0.004086335655301809, -0.0021937822457402945, 0.0026575203519314528)
1775393947.5679939 [navNode-2] [INFO] [1775393947.567537405] [navNode]: 状态4：WaitAim--[A6]
1775393947.5684946 [navNode-2] [INFO] [1775393947.568056178] [navNode]: 未到目标点
1775393947.5686479 [navNode-2] 目标位置:(0.0, 0.0, 0.1)-[A6]-[MCU:False]-[POS:False]
1775393947.5687387 [navNode-2] 当前位置:(-0.0030888414476066828, -0.0018133091507479548, 0.0015018299454823136)
1775393947.6678646 [navNode-2] [INFO] [1775393947.667486694] [navNode]: 状态4：WaitAim--[A6]
1775393947.6682866 [navNode-2] [INFO] [1775393947.668012859] [navNode]: 未到目标点
1775393947.6684136 [navNode-2] 目标位置:(0.0, 0.0, 0.1)-[A6]-[MCU:False]-[POS:False]
1775393947.6684768 [navNode-2] 当前位置:(-0.0032092055771499872, -0.0019011400872841477, 0.001468503731302917)
1775393947.7678182 [navNode-2] [INFO] [1775393947.767462118] [navNode]: 状态4：WaitAim--[A6]
1775393947.7682123 [navNode-2] [INFO] [1775393947.767924687] [navNode]: 未到目标点
1775393947.7683315 [navNode-2] 目标位置:(0.0, 0.0, 0.1)-[A6]-[MCU:False]-[POS:False]
1775393947.7683871 [navNode-2] 当前位置:(-0.00378976296633482, -0.0023894805926829576, 0.0020992958452552557)
1775393947.8675897 [navNode-2] [INFO] [1775393947.867249106] [navNode]: 状态4：WaitAim--[A6]
1775393947.8680000 [navNode-2] [INFO] [1775393947.867741611] [navNode]: 未到目标点
1775393947.8681588 [navNode-2] 目标位置:(0.0, 0.0, 0.1)-[A6]-[MCU:False]-[POS:False]
1775393947.8682685 [navNode-2] 当前位置:(-0.0038418162148445845, -0.0022346442565321922, 0.0016443257918581367)
1775393947.9675350 [navNode-2] [INFO] [1775393947.967197786] [navNode]: 状态4：WaitAim--[A6]
1775393947.9679353 [navNode-2] [INFO] [1775393947.967636012] [navNode]: 未到目标点
1775393947.9680476 [navNode-2] 目标位置:(0.0, 0.0, 0.1)-[A6]-[MCU:False]-[POS:False]
1775393947.9681091 [navNode-2] 当前位置:(-0.0030731309670954943, -0.002140481723472476, 0.0009788386523723602)
1775393948.0677447 [navNode-2] [INFO] [1775393948.067433447] [navNode]: 状态4：WaitAim--[A6]
1775393948.0681727 [navNode-2] [INFO] [1775393948.067893569] [navNode]: 未到目标点
1775393948.0682893 [navNode-2] 目标位置:(0.0, 0.0, 0.1)-[A6]-[MCU:False]-[POS:False]
1775393948.0683589 [navNode-2] 当前位置:(-0.0035053419414907694, -0.002079036785289645, 0.0024458097759634256)
1775393948.1682613 [navNode-2] [INFO] [1775393948.167701900] [navNode]: 状态4：WaitAim--[A6]
1775393948.1687067 [navNode-2] [INFO] [1775393948.168142867] [navNode]: 未到目标点
1775393948.1688418 [navNode-2] 目标位置:(0.0, 0.0, 0.1)-[A6]-[MCU:False]-[POS:False]
1775393948.1688979 [navNode-2] 当前位置:(-0.0032443348318338394, -0.0017074034549295902, 0.0024563006591051817)
1775393948.2685273 [navNode-2] [INFO] [1775393948.267971908] [navNode]: 状态4：WaitAim--[A6]
1775393948.2689703 [navNode-2] [INFO] [1775393948.268617938] [navNode]: 未到目标点
1775393948.2690933 [navNode-2] 目标位置:(0.0, 0.0, 0.1)-[A6]-[MCU:False]-[POS:False]
1775393948.2691524 [navNode-2] 当前位置:(-0.003547320142388344, -0.0022870004177093506, 0.0023206821642816067)
1775393948.3678138 [navNode-2] [INFO] [1775393948.367463555] [navNode]: 状态4：WaitAim--[A6]
1775393948.3682663 [navNode-2] [INFO] [1775393948.367921620] [navNode]: 未到目标点
1775393948.3683887 [navNode-2] 目标位置:(0.0, 0.0, 0.1)-[A6]-[MCU:False]-[POS:False]
1775393948.3684452 [navNode-2] 当前位置:(-0.0029709693044424057, -0.0014188484055921435, 0.001129791489802301)
1775393948.4680562 [navNode-2] [INFO] [1775393948.467618082] [navNode]: 状态4：WaitAim--[A6]
1775393948.4687557 [navNode-2] [INFO] [1775393948.468157596] [navNode]: 未到目标点
1775393948.4689579 [navNode-2] 目标位置:(0.0, 0.0, 0.1)-[A6]-[MCU:False]-[POS:False]
1775393948.4690375 [navNode-2] 当前位置:(-0.0035399224143475294, -0.0015719920629635453, 0.0017375838942825794)
1775393948.5678468 [navNode-2] [INFO] [1775393948.567467451] [navNode]: 状态4：WaitAim--[A6]
1775393948.5683753 [navNode-2] [INFO] [1775393948.567938792] [navNode]: 未到目标点
1775393948.5685055 [navNode-2] 目标位置:(0.0, 0.0, 0.1)-[A6]-[MCU:False]-[POS:False]
1775393948.5685835 [navNode-2] 当前位置:(-0.0028752810321748257, -0.0022234050557017326, 0.0009361790725961328)
1775393948.6679335 [navNode-2] [INFO] [1775393948.667552617] [navNode]: 状态4：WaitAim--[A6]
1775393948.6685271 [navNode-2] [INFO] [1775393948.668008937] [navNode]: 未到目标点
1775393948.6686838 [navNode-2] 目标位置:(0.0, 0.0, 0.1)-[A6]-[MCU:False]-[POS:False]
1775393948.6687450 [navNode-2] 当前位置:(-0.0029111967887729406, -0.0015608563553541899, 0.0022234905045479536)
1775393948.7678726 [navNode-2] [INFO] [1775393948.767414376] [navNode]: 状态4：WaitAim--[A6]
1775393948.7684171 [navNode-2] [INFO] [1775393948.767936041] [navNode]: 未到目标点
1775393948.7685661 [navNode-2] 目标位置:(0.0, 0.0, 0.1)-[A6]-[MCU:False]-[POS:False]
1775393948.7686658 [navNode-2] 当前位置:(-0.0034090681001544, -0.0021762263495475054, 0.0017892735777422786)
1775393948.8688362 [navNode-2] [INFO] [1775393948.867988855] [navNode]: 状态4：WaitAim--[A6]
1775393948.8690901 [navNode-2] [INFO] [1775393948.868425445] [navNode]: 未到目标点
1775393948.8691781 [navNode-2] 目标位置:(0.0, 0.0, 0.1)-[A6]-[MCU:False]-[POS:False]
1775393948.8692193 [navNode-2] 当前位置:(-0.003652560291811824, -0.0016708277398720384, 0.002103839535266161)
1775393948.9678247 [navNode-2] [INFO] [1775393948.967487295] [navNode]: 状态4：WaitAim--[A6]
1775393948.9683840 [navNode-2] [INFO] [1775393948.967912405] [navNode]: 未到目标点
1775393948.9685321 [navNode-2] 目标位置:(0.0, 0.0, 0.1)-[A6]-[MCU:False]-[POS:False]
1775393948.9686060 [navNode-2] 当前位置:(-0.0033103313762694597, -0.002157281618565321, 0.0020682928152382374)
1775393949.0677435 [navNode-2] [INFO] [1775393949.067420901] [navNode]: 状态4：WaitAim--[A6]
1775393949.0681808 [navNode-2] [INFO] [1775393949.067876792] [navNode]: 未到目标点
1775393949.0683565 [navNode-2] 目标位置:(0.0, 0.0, 0.1)-[A6]-[MCU:False]-[POS:False]
1775393949.0684419 [navNode-2] 当前位置:(-0.0033746748231351376, -0.001972517464309931, 0.001528847380541265)
1775393949.1679051 [navNode-2] [INFO] [1775393949.167475050] [navNode]: 状态4：WaitAim--[A6]
1775393949.1685345 [navNode-2] [INFO] [1775393949.168015263] [navNode]: 未到目标点
1775393949.1687450 [navNode-2] 目标位置:(0.0, 0.0, 0.1)-[A6]-[MCU:False]-[POS:False]
1775393949.1688340 [navNode-2] 当前位置:(-0.00280175288207829, -0.0018899793503805995, 0.0007751155062578619)
1775393949.2678199 [navNode-2] [INFO] [1775393949.267454656] [navNode]: 状态4：WaitAim--[A6]
1775393949.2682278 [navNode-2] [INFO] [1775393949.267929893] [navNode]: 未到目标点
1775393949.2683389 [navNode-2] 目标位置:(0.0, 0.0, 0.1)-[A6]-[MCU:False]-[POS:False]
1775393949.2684164 [navNode-2] 当前位置:(-0.003286728635430336, -0.0015178491594269872, 0.001647965982556343)
1775393949.3678305 [navNode-2] [INFO] [1775393949.367452915] [navNode]: 状态4：WaitAim--[A6]
1775393949.3682168 [navNode-2] [INFO] [1775393949.367920336] [navNode]: 未到目标点
1775393949.3682909 [navNode-2] 目标位置:(0.0, 0.0, 0.1)-[A6]-[MCU:False]-[POS:False]
1775393949.3684099 [navNode-2] 当前位置:(-0.0032901617232710123, -0.0020597856491804123, 0.0019264344591647387)
1775393949.4677460 [navNode-2] [INFO] [1775393949.467409302] [navNode]: 状态4：WaitAim--[A6]
1775393949.4682097 [navNode-2] [INFO] [1775393949.467888392] [navNode]: 未到目标点
1775393949.4683378 [navNode-2] 目标位置:(0.0, 0.0, 0.1)-[A6]-[MCU:False]-[POS:False]
1775393949.4683962 [navNode-2] 当前位置:(-0.0035180426202714443, -0.0019750797655433416, 0.002844742266461253)
1775393949.5677657 [navNode-2] [INFO] [1775393949.567447210] [navNode]: 状态4：WaitAim--[A6]
1775393949.5682447 [navNode-2] [INFO] [1775393949.567921178] [navNode]: 未到目标点
1775393949.5683887 [navNode-2] 目标位置:(0.0, 0.0, 0.1)-[A6]-[MCU:False]-[POS:False]
1775393949.5684483 [navNode-2] 当前位置:(-0.0037633515894412994, -0.0022525209933519363, 0.0024912154767662287)
1775393949.6678936 [navNode-2] [INFO] [1775393949.667540304] [navNode]: 状态4：WaitAim--[A6]
1775393949.6683886 [navNode-2] [INFO] [1775393949.668006828] [navNode]: 未到目标点
1775393949.6685176 [navNode-2] 目标位置:(0.0, 0.0, 0.1)-[A6]-[MCU:False]-[POS:False]
1775393949.6685960 [navNode-2] 当前位置:(-0.0037930519320070744, -0.0017747357487678528, 0.0023204453755170107)
1775393949.7686942 [navNode-2] [INFO] [1775393949.767771259] [navNode]: 状态4：WaitAim--[A6]
1775393949.7695744 [navNode-2] [INFO] [1775393949.768467032] [navNode]: 未到目标点
1775393949.7697401 [navNode-2] 目标位置:(0.0, 0.0, 0.1)-[A6]-[MCU:False]-[POS:False]
1775393949.7698309 [navNode-2] 当前位置:(-0.0045411791652441025, -0.0023766665253788233, 0.002527601318433881)
1775393949.8681469 [navNode-2] [INFO] [1775393949.867371743] [navNode]: 状态4：WaitAim--[A6]
1775393949.8683906 [navNode-2] [INFO] [1775393949.867834926] [navNode]: 未到目标点
1775393949.8684995 [navNode-2] 目标位置:(0.0, 0.0, 0.1)-[A6]-[MCU:False]-[POS:False]
1775393949.8685532 [navNode-2] 当前位置:(-0.0030102995224297047, -0.0021624453365802765, 0.0011344735976308584)
1775393949.9686208 [navNode-2] [INFO] [1775393949.967441479] [navNode]: 状态4：WaitAim--[A6]
1775393949.9689558 [navNode-2] [INFO] [1775393949.967971574] [navNode]: 未到目标点
1775393949.9690566 [navNode-2] 目标位置:(0.0, 0.0, 0.1)-[A6]-[MCU:False]-[POS:False]
1775393949.9691041 [navNode-2] 当前位置:(-0.003448310773819685, -0.001598027884028852, 0.002235309686511755)
1775393950.0677211 [navNode-2] [INFO] [1775393950.067294048] [navNode]: 状态4：WaitAim--[A6]
1775393950.0680969 [navNode-2] [INFO] [1775393950.067735856] [navNode]: 未到目标点
1775393950.0684040 [navNode-2] 目标位置:(0.0, 0.0, 0.1)-[A6]-[MCU:False]-[POS:False]
1775393950.0684974 [navNode-2] 当前位置:(-0.0026517268270254135, -0.0015366371953859925, 0.0005733969155699015)
1775393950.1685944 [navNode-2] [INFO] [1775393950.167705297] [navNode]: 状态4：WaitAim--[A6]
1775393950.1688490 [navNode-2] [INFO] [1775393950.168154386] [navNode]: 未到目标点
1775393950.1689384 [navNode-2] 目标位置:(0.0, 0.0, 0.1)-[A6]-[MCU:False]-[POS:False]
1775393950.1689918 [navNode-2] 当前位置:(-0.004149474669247866, -0.0023378347977995872, 0.0019295334350317717)
1775393950.2682457 [navNode-2] [INFO] [1775393950.267826506] [navNode]: 状态4：WaitAim--[A6]
1775393950.2687080 [navNode-2] [INFO] [1775393950.268350270] [navNode]: 未到目标点
1775393950.2688189 [navNode-2] 目标位置:(0.0, 0.0, 0.1)-[A6]-[MCU:False]-[POS:False]
1775393950.2688816 [navNode-2] 当前位置:(-0.0038434413727372885, -0.001931804115884006, 0.0023635157849639654)
1775393950.3688433 [navNode-2] [INFO] [1775393950.367772337] [navNode]: 状态4：WaitAim--[A6]
1775393950.3691356 [navNode-2] [INFO] [1775393950.368319277] [navNode]: 未到目标点
1775393950.3692036 [navNode-2] 目标位置:(0.0, 0.0, 0.1)-[A6]-[MCU:False]-[POS:False]
1775393950.3692486 [navNode-2] 当前位置:(-0.0036679203622043133, -0.0017346645472571254, 0.0022162492386996746)
1775393950.4686818 [navNode-2] [INFO] [1775393950.467909718] [navNode]: 状态4：WaitAim--[A6]
1775393950.4689162 [navNode-2] [INFO] [1775393950.468325292] [navNode]: 未到目标点
1775393950.4689755 [navNode-2] 目标位置:(0.0, 0.0, 0.1)-[A6]-[MCU:False]-[POS:False]
1775393950.4690201 [navNode-2] 当前位置:(-0.0033330509904772043, -0.0017668071668595076, 0.0023707859218120575)
1775393950.5679178 [navNode-2] [INFO] [1775393950.567452671] [navNode]: 状态4：WaitAim--[A6]
1775393950.5683782 [navNode-2] [INFO] [1775393950.568012913] [navNode]: 未到目标点
1775393950.5685420 [navNode-2] 目标位置:(0.0, 0.0, 0.1)-[A6]-[MCU:False]-[POS:False]
1775393950.5685997 [navNode-2] 当前位置:(-0.0033067669719457626, -0.001804436556994915, 0.0019413919653743505)
1775393950.6680644 [navNode-2] [INFO] [1775393950.667547486] [navNode]: 状态4：WaitAim--[A6]
1775393950.6685660 [navNode-2] [INFO] [1775393950.668069973] [navNode]: 未到目标点
1775393950.6687038 [navNode-2] 目标位置:(0.0, 0.0, 0.1)-[A6]-[MCU:False]-[POS:False]
1775393950.6687593 [navNode-2] 当前位置:(-0.0030830400064587593, -0.0015135041903704405, 0.001660561771132052)
1775393950.7680295 [navNode-2] [INFO] [1775393950.767636084] [navNode]: 状态4：WaitAim--[A6]
1775393950.7686191 [navNode-2] [INFO] [1775393950.768215174] [navNode]: 未到目标点
1775393950.7688284 [navNode-2] 目标位置:(0.0, 0.0, 0.1)-[A6]-[MCU:False]-[POS:False]
1775393950.7689462 [navNode-2] 当前位置:(-0.0033621718175709248, -0.0018675029277801514, 0.000730128784198314)
1775393950.8679287 [navNode-2] [INFO] [1775393950.867460489] [navNode]: 状态4：WaitAim--[A6]
1775393950.8687336 [navNode-2] [INFO] [1775393950.868012202] [navNode]: 未到目标点
1775393950.8689206 [navNode-2] 目标位置:(0.0, 0.0, 0.1)-[A6]-[MCU:False]-[POS:False]
1775393950.8689952 [navNode-2] 当前位置:(-0.003984358627349138, -0.002334393560886383, 0.002407220657914877)
1775393950.9680481 [navNode-2] [INFO] [1775393950.967622391] [navNode]: 状态4：WaitAim--[A6]
1775393950.9685047 [navNode-2] [INFO] [1775393950.968120536] [navNode]: 未到目标点
1775393950.9686537 [navNode-2] 目标位置:(0.0, 0.0, 0.1)-[A6]-[MCU:False]-[POS:False]
1775393950.9687355 [navNode-2] 当前位置:(-0.002961035817861557, -0.001738873077556491, 0.0006620643544010818)
1775393951.0677805 [navNode-2] [INFO] [1775393951.067320983] [navNode]: 状态4：WaitAim--[A6]
1775393951.0683575 [navNode-2] [INFO] [1775393951.067764500] [navNode]: 未到目标点
1775393951.0685186 [navNode-2] 目标位置:(0.0, 0.0, 0.1)-[A6]-[MCU:False]-[POS:False]
1775393951.0686121 [navNode-2] 当前位置:(-0.004138769581913948, -0.0023242628667503595, 0.00214254017919302)
1775393951.1686852 [navNode-2] [INFO] [1775393951.168346187] [navNode]: 状态4：WaitAim--[A6]
1775393951.1690655 [navNode-2] [INFO] [1775393951.168818381] [navNode]: 未到目标点
1775393951.1691585 [navNode-2] 目标位置:(0.0, 0.0, 0.1)-[A6]-[MCU:False]-[POS:False]
1775393951.1692114 [navNode-2] 当前位置:(-0.0037761679850518703, -0.00240602670237422, 0.001124251983128488)
1775393951.2681026 [navNode-2] [INFO] [1775393951.267332970] [navNode]: 状态4：WaitAim--[A6]
1775393951.2682931 [navNode-2] [INFO] [1775393951.267783909] [navNode]: 未到目标点
1775393951.2683585 [navNode-2] 目标位置:(0.0, 0.0, 0.1)-[A6]-[MCU:False]-[POS:False]
1775393951.2683966 [navNode-2] 当前位置:(-0.003972714301198721, -0.0022247766610234976, 0.0021958763245493174)
1775393951.3679311 [navNode-2] [INFO] [1775393951.367587690] [navNode]: 状态4：WaitAim--[A6]
1775393951.3683245 [navNode-2] [INFO] [1775393951.368018304] [navNode]: 未到目标点
1775393951.3684309 [navNode-2] 目标位置:(0.0, 0.0, 0.1)-[A6]-[MCU:False]-[POS:False]
1775393951.3685164 [navNode-2] 当前位置:(-0.003690446726977825, -0.0021950744558125734, 0.0014759969199076295)
1775393951.4682934 [navNode-2] [INFO] [1775393951.467443076] [navNode]: 状态4：WaitAim--[A6]
1775393951.4684882 [navNode-2] [INFO] [1775393951.467923773] [navNode]: 未到目标点
1775393951.4685404 [navNode-2] 目标位置:(0.0, 0.0, 0.1)-[A6]-[MCU:False]-[POS:False]
1775393951.4685855 [navNode-2] 当前位置:(-0.003439922584220767, -0.002167130121961236, 0.0017000262159854174)
1775393951.5685730 [navNode-2] [INFO] [1775393951.567425252] [navNode]: 状态4：WaitAim--[A6]
1775393951.5687993 [navNode-2] [INFO] [1775393951.568116782] [navNode]: 未到目标点
1775393951.5688667 [navNode-2] 目标位置:(0.0, 0.0, 0.1)-[A6]-[MCU:False]-[POS:False]
1775393951.5689192 [navNode-2] 当前位置:(-0.003494245931506157, -0.0018669520504772663, 0.0015730850864201784)
1775393951.6677186 [navNode-2] [INFO] [1775393951.667376542] [navNode]: 状态4：WaitAim--[A6]
1775393951.6681478 [navNode-2] [INFO] [1775393951.667848712] [navNode]: 未到目标点
1775393951.6682603 [navNode-2] 目标位置:(0.0, 0.0, 0.1)-[A6]-[MCU:False]-[POS:False]
1775393951.6683216 [navNode-2] 当前位置:(-0.00362377124838531, -0.0024884676095098257, 0.0010060705244541168)
1775393951.7684104 [navNode-2] [INFO] [1775393951.767592331] [navNode]: 状态4：WaitAim--[A6]
1775393951.7686453 [navNode-2] [INFO] [1775393951.768071535] [navNode]: 未到目标点
1775393951.7687125 [navNode-2] 目标位置:(0.0, 0.0, 0.1)-[A6]-[MCU:False]-[POS:False]
1775393951.7687693 [navNode-2] 当前位置:(-0.0042330119758844376, -0.002443440956994891, 0.0015483112074434757)
1775393951.8676643 [navNode-2] [INFO] [1775393951.867317263] [navNode]: 状态4：WaitAim--[A6]
1775393951.8681352 [navNode-2] [INFO] [1775393951.867887953] [navNode]: 未到目标点
1775393951.8682358 [navNode-2] 目标位置:(0.0, 0.0, 0.1)-[A6]-[MCU:False]-[POS:False]
1775393951.8682892 [navNode-2] 当前位置:(-0.0034502455964684486, -0.0020631493534892797, 0.0009911726228892803)
1775393951.9684415 [navNode-2] [INFO] [1775393951.967462990] [navNode]: 状态4：WaitAim--[A6]
1775393951.9686725 [navNode-2] [INFO] [1775393951.968047989] [navNode]: 未到目标点
1775393951.9687321 [navNode-2] 目标位置:(0.0, 0.0, 0.1)-[A6]-[MCU:False]-[POS:False]
1775393951.9687788 [navNode-2] 当前位置:(-0.0043238308280706406, -0.0027313700411468744, 0.0020385582465678453)
1775393952.0678523 [navNode-2] [INFO] [1775393952.067492572] [navNode]: 状态4：WaitAim--[A6]
1775393952.0683055 [navNode-2] [INFO] [1775393952.068037715] [navNode]: 未到目标点
1775393952.0684385 [navNode-2] 目标位置:(0.0, 0.0, 0.1)-[A6]-[MCU:False]-[POS:False]
1775393952.0685070 [navNode-2] 当前位置:(-0.004824095871299505, -0.002589211566373706, 0.0020714292768388987)
1775393952.1680634 [navNode-2] [INFO] [1775393952.167676296] [navNode]: 状态4：WaitAim--[A6]
1775393952.1684868 [navNode-2] [INFO] [1775393952.168128129] [navNode]: 未到目标点
1775393952.1685693 [navNode-2] 目标位置:(0.0, 0.0, 0.1)-[A6]-[MCU:False]-[POS:False]
1775393952.1686187 [navNode-2] 当前位置:(-0.0036721937358379364, -0.001965910429134965, 0.002547148847952485)
1775393952.2681360 [navNode-2] [INFO] [1775393952.267728772] [navNode]: 状态4：WaitAim--[A6]
1775393952.2685776 [navNode-2] [INFO] [1775393952.268260406] [navNode]: 未到目标点
1775393952.2687769 [navNode-2] 目标位置:(0.0, 0.0, 0.1)-[A6]-[MCU:False]-[POS:False]
1775393952.2688651 [navNode-2] 当前位置:(-0.002778974361717701, -0.0016351458616554737, 0.0002747827966231853)
1775393952.3676438 [navNode-2] [INFO] [1775393952.367228470] [navNode]: 状态4：WaitAim--[A6]
1775393952.3681521 [navNode-2] [INFO] [1775393952.367700451] [navNode]: 未到目标点
1775393952.3682885 [navNode-2] 目标位置:(0.0, 0.0, 0.1)-[A6]-[MCU:False]-[POS:False]
1775393952.3684139 [navNode-2] 当前位置:(-0.00377180939540267, -0.002549340482801199, 0.0016875689616426826)
1775393952.4676938 [navNode-2] [INFO] [1775393952.467304379] [navNode]: 状态4：WaitAim--[A6]
1775393952.4681473 [navNode-2] [INFO] [1775393952.467781306] [navNode]: 未到目标点
1775393952.4682353 [navNode-2] 目标位置:(0.0, 0.0, 0.1)-[A6]-[MCU:False]-[POS:False]
1775393952.4682806 [navNode-2] 当前位置:(-0.0033739975187927485, -0.0020124076399952173, 0.002872635843232274)
1775393952.5685251 [navNode-2] [INFO] [1775393952.568100802] [navNode]: 状态4：WaitAim--[A6]
1775393952.5690253 [navNode-2] [INFO] [1775393952.568566140] [navNode]: 未到目标点
1775393952.5691578 [navNode-2] 目标位置:(0.0, 0.0, 0.1)-[A6]-[MCU:False]-[POS:False]
1775393952.5692394 [navNode-2] 当前位置:(-0.0029889061115682125, -0.0018066300544887781, 0.0008689334499649704)
1775393952.6677849 [navNode-2] [INFO] [1775393952.667376594] [navNode]: 状态4：WaitAim--[A6]
1775393952.6683292 [navNode-2] [INFO] [1775393952.667868854] [navNode]: 未到目标点
1775393952.6685019 [navNode-2] 目标位置:(0.0, 0.0, 0.1)-[A6]-[MCU:False]-[POS:False]
1775393952.6686132 [navNode-2] 当前位置:(-0.0032914879266172647, -0.00209740805439651, 0.001294466550461948)
1775393952.7680149 [navNode-2] [INFO] [1775393952.767393722] [navNode]: 状态4：WaitAim--[A6]
1775393952.7688184 [navNode-2] [INFO] [1775393952.767919560] [navNode]: 未到目标点
1775393952.7690296 [navNode-2] 目标位置:(0.0, 0.0, 0.1)-[A6]-[MCU:False]-[POS:False]
1775393952.7690878 [navNode-2] 当前位置:(-0.0029839910566806793, -0.0021650975104421377, 0.0010254406370222569)
1775393952.8676426 [navNode-2] [INFO] [1775393952.867251946] [navNode]: 状态4：WaitAim--[A6]
1775393952.8682513 [navNode-2] [INFO] [1775393952.867705507] [navNode]: 未到目标点
1775393952.8684068 [navNode-2] 目标位置:(0.0, 0.0, 0.1)-[A6]-[MCU:False]-[POS:False]
1775393952.8684912 [navNode-2] 当前位置:(-0.002211037091910839, -0.0008024816634133458, 0.0013394039124250412)
1775393952.9690344 [navNode-2] [INFO] [1775393952.968604016] [navNode]: 状态4：WaitAim--[A6]
1775393952.9695044 [navNode-2] [INFO] [1775393952.969138481] [navNode]: 未到目标点
1775393952.9696271 [navNode-2] 目标位置:(0.0, 0.0, 0.1)-[A6]-[MCU:False]-[POS:False]
1775393952.9697218 [navNode-2] 当前位置:(-0.0024328995496034622, -0.0014002135721966624, 0.0021719851065427065)
1775393953.0680773 [navNode-2] [INFO] [1775393953.067674252] [navNode]: 状态4：WaitAim--[A6]
1775393953.0685184 [navNode-2] [INFO] [1775393953.068184803] [navNode]: 未到目标点
1775393953.0686541 [navNode-2] 目标位置:(0.0, 0.0, 0.1)-[A6]-[MCU:False]-[POS:False]
1775393953.0687342 [navNode-2] 当前位置:(-0.00314745563082397, -0.0018047954654321074, 0.002378308679908514)
1775393953.1681423 [navNode-2] [INFO] [1775393953.167715589] [navNode]: 状态4：WaitAim--[A6]
1775393953.1685565 [navNode-2] [INFO] [1775393953.168210648] [navNode]: 未到目标点
1775393953.1686385 [navNode-2] 目标位置:(0.0, 0.0, 0.1)-[A6]-[MCU:False]-[POS:False]
1775393953.1686840 [navNode-2] 当前位置:(-0.0037716550286859274, -0.0024239730555564165, 0.002655324526131153)
1775393953.2677534 [navNode-2] [INFO] [1775393953.267401148] [navNode]: 状态4：WaitAim--[A6]
1775393953.2681952 [navNode-2] [INFO] [1775393953.267877983] [navNode]: 未到目标点
1775393953.2683339 [navNode-2] 目标位置:(0.0, 0.0, 0.1)-[A6]-[MCU:False]-[POS:False]
1775393953.2684076 [navNode-2] 当前位置:(-0.0033158082515001297, -0.0016604610718786716, 0.002267510863021016)
1775393953.3688135 [navNode-2] [INFO] [1775393953.368471481] [navNode]: 状态4：WaitAim--[A6]
1775393953.3692129 [navNode-2] [INFO] [1775393953.368864265] [navNode]: 未到目标点
1775393953.3693087 [navNode-2] 目标位置:(0.0, 0.0, 0.1)-[A6]-[MCU:False]-[POS:False]
1775393953.3693793 [navNode-2] 当前位置:(-0.003834039205685258, -0.001983553869649768, 0.001876114634796977)
1775393953.4677012 [navNode-2] [INFO] [1775393953.467286959] [navNode]: 状态4：WaitAim--[A6]
1775393953.4681768 [navNode-2] [INFO] [1775393953.467938932] [navNode]: 未到目标点
1775393953.4682631 [navNode-2] 目标位置:(0.0, 0.0, 0.1)-[A6]-[MCU:False]-[POS:False]
1775393953.4683070 [navNode-2] 当前位置:(-0.002908770926296711, -0.0015129911480471492, 0.0014968628529459238)
1775393953.5675755 [navNode-2] [INFO] [1775393953.567249712] [navNode]: 状态4：WaitAim--[A6]
1775393953.5679958 [navNode-2] [INFO] [1775393953.567679651] [navNode]: 未到目标点
1775393953.5681052 [navNode-2] 目标位置:(0.0, 0.0, 0.1)-[A6]-[MCU:False]-[POS:False]
1775393953.5681896 [navNode-2] 当前位置:(-0.0030465915333479643, -0.0019266399322077632, 0.0016835188725963235)
1775393953.6677842 [navNode-2] [INFO] [1775393953.667431427] [navNode]: 状态4：WaitAim--[A6]
1775393953.6682293 [navNode-2] [INFO] [1775393953.667910035] [navNode]: 未到目标点
1775393953.6683462 [navNode-2] 目标位置:(0.0, 0.0, 0.1)-[A6]-[MCU:False]-[POS:False]
1775393953.6684422 [navNode-2] 当前位置:(-0.003394466359168291, -0.0015657164622098207, 0.0013013128191232681)
1775393953.7678421 [navNode-2] [INFO] [1775393953.767446076] [navNode]: 状态4：WaitAim--[A6]
1775393953.7683094 [navNode-2] [INFO] [1775393953.767978440] [navNode]: 未到目标点
1775393953.7683897 [navNode-2] 目标位置:(0.0, 0.0, 0.1)-[A6]-[MCU:False]-[POS:False]
1775393953.7684433 [navNode-2] 当前位置:(-0.0036892881616950035, -0.0018325158162042499, 0.002609038492664695)
1775393953.8677690 [navNode-2] [INFO] [1775393953.867448033] [navNode]: 状态4：WaitAim--[A6]
1775393953.8681326 [navNode-2] [INFO] [1775393953.867861842] [navNode]: 未到目标点
1775393953.8681989 [navNode-2] 目标位置:(0.0, 0.0, 0.1)-[A6]-[MCU:False]-[POS:False]
1775393953.8682423 [navNode-2] 当前位置:(-0.003941350616514683, -0.0025395378470420837, 0.0015220341738313437)
1775393953.9678795 [navNode-2] [INFO] [1775393953.967463403] [navNode]: 状态4：WaitAim--[A6]
1775393953.9685738 [navNode-2] [INFO] [1775393953.968384650] [navNode]: 未到目标点
1775393953.9686968 [navNode-2] 目标位置:(0.0, 0.0, 0.1)-[A6]-[MCU:False]-[POS:False]
1775393953.9687436 [navNode-2] 当前位置:(-0.003092764178290963, -0.0018576100701466203, 0.0026735421270132065)
1775393954.0675642 [navNode-2] [INFO] [1775393954.067231801] [navNode]: 状态4：WaitAim--[A6]
1775393954.0679255 [navNode-2] [INFO] [1775393954.067672624] [navNode]: 未到目标点
1775393954.0679927 [navNode-2] 目标位置:(0.0, 0.0, 0.1)-[A6]-[MCU:False]-[POS:False]
1775393954.0680377 [navNode-2] 当前位置:(-0.002783730858936906, -0.0015105556230992079, 0.0002999107528012246)
1775393954.1683145 [navNode-2] [INFO] [1775393954.167963868] [navNode]: 状态4：WaitAim--[A6]
1775393954.1687765 [navNode-2] [INFO] [1775393954.168432027] [navNode]: 未到目标点
1775393954.1688583 [navNode-2] 目标位置:(0.0, 0.0, 0.1)-[A6]-[MCU:False]-[POS:False]
1775393954.1689024 [navNode-2] 当前位置:(-0.00341815035790205, -0.0014811790315434337, 0.002791943959891796)
1775393954.2676311 [navNode-2] [INFO] [1775393954.267264015] [navNode]: 状态4：WaitAim--[A6]
1775393954.2681291 [navNode-2] [INFO] [1775393954.267694439] [navNode]: 未到目标点
1775393954.2682559 [navNode-2] 目标位置:(0.0, 0.0, 0.1)-[A6]-[MCU:False]-[POS:False]
1775393954.2683139 [navNode-2] 当前位置:(-0.0035265088081359863, -0.0022244637366384268, 0.0030623930506408215)
1775393954.3679550 [navNode-2] [INFO] [1775393954.367536204] [navNode]: 状态4：WaitAim--[A6]
1775393954.3683732 [navNode-2] [INFO] [1775393954.368034704] [navNode]: 未到目标点
1775393954.3684723 [navNode-2] 目标位置:(0.0, 0.0, 0.1)-[A6]-[MCU:False]-[POS:False]
1775393954.3685284 [navNode-2] 当前位置:(-0.003637498477473855, -0.001891307532787323, 0.0007399709429591894)
1775393954.4676118 [navNode-2] [INFO] [1775393954.467218587] [navNode]: 状态4：WaitAim--[A6]
1775393954.4679985 [navNode-2] [INFO] [1775393954.467649910] [navNode]: 未到目标点
1775393954.4681039 [navNode-2] 目标位置:(0.0, 0.0, 0.1)-[A6]-[MCU:False]-[POS:False]
1775393954.4681723 [navNode-2] 当前位置:(-0.003828147891908884, -0.0018677635816857219, 0.0021239821799099445)
1775393954.5679214 [navNode-2] [INFO] [1775393954.567552834] [navNode]: 状态4：WaitAim--[A6]
1775393954.5683868 [navNode-2] [INFO] [1775393954.568044028] [navNode]: 未到目标点
1775393954.5685115 [navNode-2] 目标位置:(0.0, 0.0, 0.1)-[A6]-[MCU:False]-[POS:False]
1775393954.5685682 [navNode-2] 当前位置:(-0.0031574878375977278, -0.0021202112548053265, 0.0014589724596589804)
1775393954.6676114 [navNode-2] [INFO] [1775393954.667252277] [navNode]: 状态4：WaitAim--[A6]
1775393954.6680565 [navNode-2] [INFO] [1775393954.667718756] [navNode]: 未到目标点
1775393954.6681767 [navNode-2] 目标位置:(0.0, 0.0, 0.1)-[A6]-[MCU:False]-[POS:False]
1775393954.6682355 [navNode-2] 当前位置:(-0.0036268432158976793, -0.0019552879966795444, 0.002273579128086567)
1775393954.7678790 [navNode-2] [INFO] [1775393954.767489025] [navNode]: 状态4：WaitAim--[A6]
1775393954.7683301 [navNode-2] [INFO] [1775393954.767984041] [navNode]: 未到目标点
1775393954.7685061 [navNode-2] 目标位置:(0.0, 0.0, 0.1)-[A6]-[MCU:False]-[POS:False]
1775393954.7685754 [navNode-2] 当前位置:(-0.0033722755033522844, -0.0022057488095015287, 0.0003582369536161423)
1775393954.8677514 [navNode-2] [INFO] [1775393954.867426423] [navNode]: 状态4：WaitAim--[A6]
1775393954.8682227 [navNode-2] [INFO] [1775393954.867890076] [navNode]: 未到目标点
1775393954.8683107 [navNode-2] 目标位置:(0.0, 0.0, 0.1)-[A6]-[MCU:False]-[POS:False]
1775393954.8683882 [navNode-2] 当前位置:(-0.003532436676323414, -0.0022894691210240126, 0.0008846150594763458)
1775393954.9680407 [navNode-2] [INFO] [1775393954.967693985] [navNode]: 状态4：WaitAim--[A6]
1775393954.9684923 [navNode-2] [INFO] [1775393954.968145725] [navNode]: 未到目标点
1775393954.9686205 [navNode-2] 目标位置:(0.0, 0.0, 0.1)-[A6]-[MCU:False]-[POS:False]
1775393954.9686730 [navNode-2] 当前位置:(-0.004227393306791782, -0.0024313696194440126, 0.0024218063335865736)
1775393955.0679383 [navNode-2] [INFO] [1775393955.067589602] [navNode]: 状态4：WaitAim--[A6]
1775393955.0684257 [navNode-2] [INFO] [1775393955.068085510] [navNode]: 未到目标点
1775393955.0687015 [navNode-2] 目标位置:(0.0, 0.0, 0.1)-[A6]-[MCU:False]-[POS:False]
1775393955.0688992 [navNode-2] 当前位置:(-0.004666827153414488, -0.0024746262934058905, 0.0022565945982933044)
1775393955.1678829 [navNode-2] [INFO] [1775393955.167507610] [navNode]: 状态4：WaitAim--[A6]
1775393955.1682858 [navNode-2] [INFO] [1775393955.168053774] [navNode]: 未到目标点
1775393955.1683745 [navNode-2] 目标位置:(0.0, 0.0, 0.1)-[A6]-[MCU:False]-[POS:False]
1775393955.1684356 [navNode-2] 当前位置:(-0.002791732782498002, -0.0011102260323241353, 0.0007043072837404907)
1775393955.2681565 [navNode-2] [INFO] [1775393955.267778040] [navNode]: 状态4：WaitAim--[A6]
1775393955.2686868 [navNode-2] [INFO] [1775393955.268303806] [navNode]: 未到目标点
1775393955.2688069 [navNode-2] 目标位置:(0.0, 0.0, 0.1)-[A6]-[MCU:False]-[POS:False]
1775393955.2688639 [navNode-2] 当前位置:(-0.003870645072311163, -0.002237748121842742, 0.0017579497070983052)
1775393955.3675754 [navNode-2] [INFO] [1775393955.367241674] [navNode]: 状态4：WaitAim--[A6]
1775393955.3679726 [navNode-2] [INFO] [1775393955.367687048] [navNode]: 未到目标点
1775393955.3681104 [navNode-2] 目标位置:(0.0, 0.0, 0.1)-[A6]-[MCU:False]-[POS:False]
1775393955.3681908 [navNode-2] 当前位置:(-0.003758457489311695, -0.002221124479547143, 0.000986871076747775)
1775393955.4677851 [navNode-2] [INFO] [1775393955.467389715] [navNode]: 状态4：WaitAim--[A6]
1775393955.4681747 [navNode-2] [INFO] [1775393955.467813924] [navNode]: 未到目标点
1775393955.4682710 [navNode-2] 目标位置:(0.0, 0.0, 0.1)-[A6]-[MCU:False]-[POS:False]
1775393955.4683504 [navNode-2] 当前位置:(-0.004218084271997213, -0.0019315971294417977, 0.002657592296600342)
1775393955.5676379 [navNode-2] [INFO] [1775393955.567296090] [navNode]: 状态4：WaitAim--[A6]
1775393955.5689831 [navNode-2] [INFO] [1775393955.568683495] [navNode]: 未到目标点
1775393955.5691562 [navNode-2] 目标位置:(0.0, 0.0, 0.1)-[A6]-[MCU:False]-[POS:False]
1775393955.5692117 [navNode-2] 当前位置:(-0.003512293566018343, -0.002497180365025997, 0.0022528418339788914)
1775393955.6677821 [navNode-2] [INFO] [1775393955.667408517] [navNode]: 状态4：WaitAim--[A6]
1775393955.6682138 [navNode-2] [INFO] [1775393955.667799851] [navNode]: 未到目标点
1775393955.6683111 [navNode-2] 目标位置:(0.0, 0.0, 0.1)-[A6]-[MCU:False]-[POS:False]
1775393955.6683562 [navNode-2] 当前位置:(-0.003990524914115667, -0.002252784790471196, 0.0023499280214309692)
1775393955.7686131 [navNode-2] [INFO] [1775393955.768136948] [navNode]: 状态4：WaitAim--[A6]
1775393955.7694054 [navNode-2] [INFO] [1775393955.768554139] [navNode]: 未到目标点
1775393955.7695587 [navNode-2] 目标位置:(0.0, 0.0, 0.1)-[A6]-[MCU:False]-[POS:False]
1775393955.7696102 [navNode-2] 当前位置:(-0.004295213147997856, -0.002523482544347644, 0.002665723906829953)
1775393955.8680353 [navNode-2] [INFO] [1775393955.867721438] [navNode]: 状态4：WaitAim--[A6]
1775393955.8684294 [navNode-2] [INFO] [1775393955.868165006] [navNode]: 未到目标点
1775393955.8685291 [navNode-2] 目标位置:(0.0, 0.0, 0.1)-[A6]-[MCU:False]-[POS:False]
1775393955.8685808 [navNode-2] 当前位置:(-0.00453832745552063, -0.00243117637000978, 0.002025400521233678)
1775393955.9678960 [navNode-2] [INFO] [1775393955.967567832] [navNode]: 状态4：WaitAim--[A6]
1775393955.9683907 [navNode-2] [INFO] [1775393955.968095817] [navNode]: 未到目标点
1775393955.9685228 [navNode-2] 目标位置:(0.0, 0.0, 0.1)-[A6]-[MCU:False]-[POS:False]
1775393955.9686170 [navNode-2] 当前位置:(-0.0037919417954981327, -0.00252756685949862, 0.0012448867782950401)
1775393956.0691278 [navNode-2] [INFO] [1775393956.068711775] [navNode]: 状态4：WaitAim--[A6]
1775393956.0696104 [navNode-2] [INFO] [1775393956.069208470] [navNode]: 未到目标点
1775393956.0697043 [navNode-2] 目标位置:(0.0, 0.0, 0.1)-[A6]-[MCU:False]-[POS:False]
1775393956.0697541 [navNode-2] 当前位置:(-0.004101954400539398, -0.002228901255875826, 0.001676192507147789)
1775393956.1678705 [navNode-2] [INFO] [1775393956.167401101] [navNode]: 状态4：WaitAim--[A6]
1775393956.1682482 [navNode-2] [INFO] [1775393956.167945630] [navNode]: 未到目标点
1775393956.1683164 [navNode-2] 目标位置:(0.0, 0.0, 0.1)-[A6]-[MCU:False]-[POS:False]
1775393956.1683574 [navNode-2] 当前位置:(-0.004123996943235397, -0.002251483267173171, 0.0025515160523355007)
1775393956.2680204 [navNode-2] [INFO] [1775393956.267673092] [navNode]: 状态4：WaitAim--[A6]
1775393956.2684200 [navNode-2] [INFO] [1775393956.268151734] [navNode]: 未到目标点
1775393956.2685435 [navNode-2] 目标位置:(0.0, 0.0, 0.1)-[A6]-[MCU:False]-[POS:False]
1775393956.2685919 [navNode-2] 当前位置:(-0.00375542975962162, -0.0024876687675714493, 0.0019472205312922597)
1775393956.3676500 [navNode-2] [INFO] [1775393956.367309847] [navNode]: 状态4：WaitAim--[A6]
1775393956.3681540 [navNode-2] [INFO] [1775393956.368024471] [navNode]: 未到目标点
1775393956.3682547 [navNode-2] 目标位置:(0.0, 0.0, 0.1)-[A6]-[MCU:False]-[POS:False]
1775393956.3683021 [navNode-2] 当前位置:(-0.004310053773224354, -0.002339293248951435, 0.002110851462930441)
1775393956.4678652 [navNode-2] [INFO] [1775393956.467528095] [navNode]: 状态4：WaitAim--[A6]
1775393956.4682801 [navNode-2] [INFO] [1775393956.467986658] [navNode]: 未到目标点
1775393956.4683928 [navNode-2] 目标位置:(0.0, 0.0, 0.1)-[A6]-[MCU:False]-[POS:False]
1775393956.4684420 [navNode-2] 当前位置:(-0.004461731296032667, -0.002660548547282815, 0.001956993481144309)
1775393956.5676820 [navNode-2] [INFO] [1775393956.567404214] [navNode]: 状态4：WaitAim--[A6]
1775393956.5688114 [navNode-2] [INFO] [1775393956.568596204] [navNode]: 未到目标点
1775393956.5689542 [navNode-2] 目标位置:(0.0, 0.0, 0.1)-[A6]-[MCU:False]-[POS:False]
1775393956.5690126 [navNode-2] 当前位置:(-0.004840734414756298, -0.0025975380558520555, 0.001992051722481847)
1775393956.6679368 [navNode-2] [INFO] [1775393956.667540342] [navNode]: 状态4：WaitAim--[A6]
1775393956.6683056 [navNode-2] [INFO] [1775393956.667978986] [navNode]: 未到目标点
1775393956.6684089 [navNode-2] 目标位置:(0.0, 0.0, 0.1)-[A6]-[MCU:False]-[POS:False]
1775393956.6684613 [navNode-2] 当前位置:(-0.0042020296677947044, -0.0021703592501580715, 0.0022139502689242363)
1775393956.7681000 [navNode-2] [INFO] [1775393956.767751397] [navNode]: 状态4：WaitAim--[A6]
1775393956.7684798 [navNode-2] [INFO] [1775393956.768235691] [navNode]: 未到目标点
1775393956.7685771 [navNode-2] 目标位置:(0.0, 0.0, 0.1)-[A6]-[MCU:False]-[POS:False]
1775393956.7686446 [navNode-2] 当前位置:(-0.004519598092883825, -0.002592926612123847, 0.0017021738458424807)
1775393956.8676257 [navNode-2] [INFO] [1775393956.867347555] [navNode]: 状态4：WaitAim--[A6]
1775393956.8685939 [navNode-2] [INFO] [1775393956.868441780] [navNode]: 未到目标点
1775393956.8687613 [navNode-2] 目标位置:(0.0, 0.0, 0.1)-[A6]-[MCU:False]-[POS:False]
1775393956.8688307 [navNode-2] 当前位置:(-0.0039712791331112385, -0.002637305064126849, 0.0024122789036482573)
1775393956.9680040 [navNode-2] [INFO] [1775393956.967614792] [navNode]: 状态4：WaitAim--[A6]
1775393956.9683788 [navNode-2] [INFO] [1775393956.968039421] [navNode]: 未到目标点
1775393956.9684389 [navNode-2] 目标位置:(0.0, 0.0, 0.1)-[A6]-[MCU:False]-[POS:False]
1775393956.9684775 [navNode-2] 当前位置:(-0.0030937478877604008, -0.001959041226655245, 0.0025149791035801172)
1775393957.0676632 [navNode-2] [INFO] [1775393957.067281224] [navNode]: 状态4：WaitAim--[A6]
1775393957.0681829 [navNode-2] [INFO] [1775393957.067981057] [navNode]: 未到目标点
1775393957.0682764 [navNode-2] 目标位置:(0.0, 0.0, 0.1)-[A6]-[MCU:False]-[POS:False]
1775393957.0683160 [navNode-2] 当前位置:(-0.0039788829162716866, -0.0023332801647484303, 0.002471239771693945)
1775393957.1680057 [navNode-2] [INFO] [1775393957.167641641] [navNode]: 状态4：WaitAim--[A6]
1775393957.1683738 [navNode-2] [INFO] [1775393957.168134955] [navNode]: 未到目标点
1775393957.1684403 [navNode-2] 目标位置:(0.0, 0.0, 0.1)-[A6]-[MCU:False]-[POS:False]
1775393957.1684813 [navNode-2] 当前位置:(-0.004583675879985094, -0.002134897978976369, 0.0017281030304729939)
1775393957.2675347 [navNode-2] [INFO] [1775393957.267182815] [navNode]: 状态4：WaitAim--[A6]
1775393957.2679467 [navNode-2] [INFO] [1775393957.267630437] [navNode]: 未到目标点
1775393957.2680635 [navNode-2] 目标位置:(0.0, 0.0, 0.1)-[A6]-[MCU:False]-[POS:False]
1775393957.2681377 [navNode-2] 当前位置:(-0.004004773683845997, -0.0022391024976968765, 0.002101824851706624)
1775393957.3679504 [navNode-2] [INFO] [1775393957.367568545] [navNode]: 状态4：WaitAim--[A6]
1775393957.3683903 [navNode-2] [INFO] [1775393957.368097156] [navNode]: 未到目标点
1775393957.3685391 [navNode-2] 目标位置:(0.0, 0.0, 0.1)-[A6]-[MCU:False]-[POS:False]
1775393957.3685961 [navNode-2] 当前位置:(-0.0038555527571588755, -0.002102580852806568, 0.0020769492257386446)
1775393957.4676023 [navNode-2] [INFO] [1775393957.467270228] [navNode]: 状态4：WaitAim--[A6]
1775393957.4679546 [navNode-2] [INFO] [1775393957.467765391] [navNode]: 未到目标点
1775393957.4680221 [navNode-2] 目标位置:(0.0, 0.0, 0.1)-[A6]-[MCU:False]-[POS:False]
1775393957.4680638 [navNode-2] 当前位置:(-0.0036140235606580973, -0.002143286634236574, 0.0024675962049514055)
1775393957.5678067 [navNode-2] [INFO] [1775393957.567253805] [navNode]: 状态4：WaitAim--[A6]
1775393957.5684319 [navNode-2] [INFO] [1775393957.567682346] [navNode]: 未到目标点
1775393957.5685518 [navNode-2] 目标位置:(0.0, 0.0, 0.1)-[A6]-[MCU:False]-[POS:False]
1775393957.5686018 [navNode-2] 当前位置:(-0.0031244803685694933, -0.002485735574737191, 0.002379052573814988)
1775393957.6676052 [navNode-2] [INFO] [1775393957.667303738] [navNode]: 状态4：WaitAim--[A6]
1775393957.6679690 [navNode-2] [INFO] [1775393957.667789929] [navNode]: 未到目标点
1775393957.6680341 [navNode-2] 目标位置:(0.0, 0.0, 0.1)-[A6]-[MCU:False]-[POS:False]
1775393957.6680729 [navNode-2] 当前位置:(-0.0034727132879197598, -0.0020875304471701384, 0.0022829652298241854)
1775393957.7682922 [navNode-2] [INFO] [1775393957.767973140] [navNode]: 状态4：WaitAim--[A6]
1775393957.7686982 [navNode-2] [INFO] [1775393957.768416238] [navNode]: 未到目标点
1775393957.7688065 [navNode-2] 目标位置:(0.0, 0.0, 0.1)-[A6]-[MCU:False]-[POS:False]
1775393957.7688551 [navNode-2] 当前位置:(-0.003286781720817089, -0.0017053188057616353, 0.0028530173003673553)
1775393957.8676805 [navNode-2] [INFO] [1775393957.867380479] [navNode]: 状态4：WaitAim--[A6]
1775393957.8680825 [navNode-2] [INFO] [1775393957.867776275] [navNode]: 未到目标点
1775393957.8682072 [navNode-2] 目标位置:(0.0, 0.0, 0.1)-[A6]-[MCU:False]-[POS:False]
1775393957.8682606 [navNode-2] 当前位置:(-0.0038172160275280476, -0.0024014159571379423, 0.0018250133143737912)
1775393957.9692230 [navNode-2] [INFO] [1775393957.968940894] [navNode]: 状态4：WaitAim--[A6]
1775393957.9702761 [navNode-2] [INFO] [1775393957.970085965] [navNode]: 未到目标点
1775393957.9704361 [navNode-2] 目标位置:(0.0, 0.0, 0.1)-[A6]-[MCU:False]-[POS:False]
1775393957.9704962 [navNode-2] 当前位置:(-0.004031899385154247, -0.002185783116146922, 0.0018982348265126348)
1775393958.0685272 [navNode-2] [INFO] [1775393958.067922940] [navNode]: 状态4：WaitAim--[A6]
1775393958.0690134 [navNode-2] [INFO] [1775393958.068547128] [navNode]: 未到目标点
1775393958.0691466 [navNode-2] 目标位置:(0.0, 0.0, 0.1)-[A6]-[MCU:False]-[POS:False]
1775393958.0692084 [navNode-2] 当前位置:(-0.0031553793232887983, -0.0021108819637447596, 0.001189473201520741)
1775393958.1681223 [navNode-2] [INFO] [1775393958.167804656] [navNode]: 状态4：WaitAim--[A6]
1775393958.1692114 [navNode-2] [INFO] [1775393958.169058040] [navNode]: 未到目标点
1775393958.1694038 [navNode-2] 目标位置:(0.0, 0.0, 0.1)-[A6]-[MCU:False]-[POS:False]
1775393958.1695111 [navNode-2] 当前位置:(-0.0034651171881705523, -0.0019882130436599255, 0.0010208201128989458)
1775393958.2684040 [navNode-2] [INFO] [1775393958.268021734] [navNode]: 状态4：WaitAim--[A6]
1775393958.2693024 [navNode-2] [INFO] [1775393958.268542467] [navNode]: 未到目标点
1775393958.2695308 [navNode-2] 目标位置:(0.0, 0.0, 0.1)-[A6]-[MCU:False]-[POS:False]
1775393958.2696030 [navNode-2] 当前位置:(-0.004260247573256493, -0.002401148434728384, 0.001975597580894828)
1775393958.3686161 [navNode-2] [INFO] [1775393958.368206016] [navNode]: 状态4：WaitAim--[A6]
1775393958.3690932 [navNode-2] [INFO] [1775393958.368715147] [navNode]: 未到目标点
1775393958.3692238 [navNode-2] 目标位置:(0.0, 0.0, 0.1)-[A6]-[MCU:False]-[POS:False]
1775393958.3692875 [navNode-2] 当前位置:(-0.0034342403523623943, -0.0024020373821258545, 0.002358806785196066)
1775393958.4679580 [navNode-2] [INFO] [1775393958.467579292] [navNode]: 状态4：WaitAim--[A6]
1775393958.4685199 [navNode-2] [INFO] [1775393958.468050808] [navNode]: 未到目标点
1775393958.4686470 [navNode-2] 目标位置:(0.0, 0.0, 0.1)-[A6]-[MCU:False]-[POS:False]
1775393958.4687545 [navNode-2] 当前位置:(-0.0033255871385335922, -0.0015803746646270156, 0.0022566691040992737)
1775393958.5683968 [navNode-2] [INFO] [1775393958.567969332] [navNode]: 状态4：WaitAim--[A6]
1775393958.5688899 [navNode-2] [INFO] [1775393958.568568950] [navNode]: 未到目标点
1775393958.5689981 [navNode-2] 目标位置:(0.0, 0.0, 0.1)-[A6]-[MCU:False]-[POS:False]
1775393958.5690815 [navNode-2] 当前位置:(-0.0030182995833456516, -0.0013650722103193402, 0.002548174001276493)
1775393958.6686833 [navNode-2] [INFO] [1775393958.668189776] [navNode]: 状态4：WaitAim--[A6]
1775393958.6691120 [navNode-2] [INFO] [1775393958.668774346] [navNode]: 未到目标点
1775393958.6692414 [navNode-2] 目标位置:(0.0, 0.0, 0.1)-[A6]-[MCU:False]-[POS:False]
1775393958.6693122 [navNode-2] 当前位置:(-0.0018858211115002632, -0.001163949491456151, 0.001158538507297635)
1775393958.7677608 [navNode-2] [INFO] [1775393958.767382157] [navNode]: 状态4：WaitAim--[A6]
1775393958.7684453 [navNode-2] [INFO] [1775393958.768196281] [navNode]: 未到目标点
1775393958.7686098 [navNode-2] 目标位置:(0.0, 0.0, 0.1)-[A6]-[MCU:False]-[POS:False]
1775393958.7686746 [navNode-2] 当前位置:(-0.003366846591234207, -0.001976737752556801, 0.002204929245635867)
1775393958.8678966 [navNode-2] [INFO] [1775393958.867440030] [navNode]: 状态4：WaitAim--[A6]
1775393958.8684340 [navNode-2] [INFO] [1775393958.868315147] [navNode]: 未到目标点
1775393958.8685215 [navNode-2] 目标位置:(0.0, 0.0, 0.1)-[A6]-[MCU:False]-[POS:False]
1775393958.8685691 [navNode-2] 当前位置:(-0.003093097824603319, -0.0017131711356341839, 0.002002995926886797)
1775393958.9679153 [navNode-2] [INFO] [1775393958.967399154] [navNode]: 状态4：WaitAim--[A6]
1775393958.9683199 [navNode-2] [INFO] [1775393958.967902843] [navNode]: 未到目标点
1775393958.9683933 [navNode-2] 目标位置:(0.0, 0.0, 0.1)-[A6]-[MCU:False]-[POS:False]
1775393958.9684749 [navNode-2] 当前位置:(-0.003460035426542163, -0.0019880260806530714, 0.002506652846932411)
1775393959.0679989 [navNode-2] [INFO] [1775393959.067646692] [navNode]: 状态4：WaitAim--[A6]
1775393959.0684464 [navNode-2] [INFO] [1775393959.068128776] [navNode]: 未到目标点
1775393959.0685656 [navNode-2] 目标位置:(0.0, 0.0, 0.1)-[A6]-[MCU:False]-[POS:False]
1775393959.0686910 [navNode-2] 当前位置:(-0.003969929646700621, -0.002129122382029891, 0.0021905223838984966)
1775393959.1677544 [navNode-2] [INFO] [1775393959.167398023] [navNode]: 状态4：WaitAim--[A6]
1775393959.1682041 [navNode-2] [INFO] [1775393959.167859671] [navNode]: 未到目标点
1775393959.1682925 [navNode-2] 目标位置:(0.0, 0.0, 0.1)-[A6]-[MCU:False]-[POS:False]
1775393959.1683829 [navNode-2] 当前位置:(-0.004188654012978077, -0.002115041483193636, 0.0014659016160294414)
1775393959.2677662 [navNode-2] [INFO] [1775393959.267322710] [navNode]: 状态4：WaitAim--[A6]
1775393959.2682011 [navNode-2] [INFO] [1775393959.267926620] [navNode]: 未到目标点
1775393959.2683170 [navNode-2] 目标位置:(0.0, 0.0, 0.1)-[A6]-[MCU:False]-[POS:False]
1775393959.2683735 [navNode-2] 当前位置:(-0.0033568739891052246, -0.0017488562734797597, 0.0019386429339647293)
1775393959.3677216 [navNode-2] [INFO] [1775393959.367314669] [navNode]: 状态4：WaitAim--[A6]
1775393959.3681867 [navNode-2] [INFO] [1775393959.367796837] [navNode]: 未到目标点
1775393959.3683095 [navNode-2] 目标位置:(0.0, 0.0, 0.1)-[A6]-[MCU:False]-[POS:False]
1775393959.3683763 [navNode-2] 当前位置:(-0.002837687497958541, -0.0019417486619204283, 0.00232610572129488)
1775393959.4679615 [navNode-2] [INFO] [1775393959.467608337] [navNode]: 状态4：WaitAim--[A6]
1775393959.4683683 [navNode-2] [INFO] [1775393959.468075464] [navNode]: 未到目标点
1775393959.4684689 [navNode-2] 目标位置:(0.0, 0.0, 0.1)-[A6]-[MCU:False]-[POS:False]
1775393959.4685233 [navNode-2] 当前位置:(-0.003266791580244899, -0.0017902447143569589, 0.0029752347618341446)
1775393959.5681405 [navNode-2] [INFO] [1775393959.567776076] [navNode]: 状态4：WaitAim--[A6]
1775393959.5685904 [navNode-2] [INFO] [1775393959.568475128] [navNode]: 未到目标点
1775393959.5686762 [navNode-2] 目标位置:(0.0, 0.0, 0.1)-[A6]-[MCU:False]-[POS:False]
1775393959.5687177 [navNode-2] 当前位置:(-0.0035774358548223972, -0.002202549483627081, 0.0025192603934556246)
1775393959.6679881 [navNode-2] [INFO] [1775393959.667453254] [navNode]: 状态4：WaitAim--[A6]
1775393959.6685133 [navNode-2] [INFO] [1775393959.667938813] [navNode]: 未到目标点
1775393959.6686132 [navNode-2] 目标位置:(0.0, 0.0, 0.1)-[A6]-[MCU:False]-[POS:False]
1775393959.6686666 [navNode-2] 当前位置:(-0.0035662022419273853, -0.0024111128877848387, 0.00318889319896698)
1775393959.7680738 [navNode-2] [INFO] [1775393959.767155525] [navNode]: 状态4：WaitAim--[A6]
1775393959.7683446 [navNode-2] [INFO] [1775393959.767614935] [navNode]: 未到目标点
1775393959.7684395 [navNode-2] 目标位置:(0.0, 0.0, 0.1)-[A6]-[MCU:False]-[POS:False]
1775393959.7685084 [navNode-2] 当前位置:(-0.0018999656895175576, -0.0007301124860532582, 0.0010053737787529826)
1775393959.8677824 [navNode-2] [INFO] [1775393959.867414334] [navNode]: 状态4：WaitAim--[A6]
1775393959.8682032 [navNode-2] [INFO] [1775393959.867855428] [navNode]: 未到目标点
1775393959.8683059 [navNode-2] 目标位置:(0.0, 0.0, 0.1)-[A6]-[MCU:False]-[POS:False]
1775393959.8683596 [navNode-2] 当前位置:(-0.0032944942358881235, -0.0020858037751168013, 0.0020120320841670036)
1775393959.9679568 [navNode-2] [INFO] [1775393959.967616788] [navNode]: 状态4：WaitAim--[A6]
1775393959.9684217 [navNode-2] [INFO] [1775393959.968080660] [navNode]: 未到目标点
1775393959.9685395 [navNode-2] 目标位置:(0.0, 0.0, 0.1)-[A6]-[MCU:False]-[POS:False]
1775393959.9686172 [navNode-2] 当前位置:(-0.003120322246104479, -0.0016421859618276358, 0.0016992177115753293)
1775393960.0683858 [navNode-2] [INFO] [1775393960.068002788] [navNode]: 状态4：WaitAim--[A6]
1775393960.0688832 [navNode-2] [INFO] [1775393960.068544527] [navNode]: 未到目标点
1775393960.0692189 [navNode-2] 目标位置:(0.0, 0.0, 0.1)-[A6]-[MCU:False]-[POS:False]
1775393960.0694709 [navNode-2] 当前位置:(-0.0034147014375776052, -0.002204792108386755, 0.002681948011741042)
1775393960.1680567 [navNode-2] [INFO] [1775393960.167671013] [navNode]: 状态4：WaitAim--[A6]
1775393960.1685514 [navNode-2] [INFO] [1775393960.168186255] [navNode]: 未到目标点
1775393960.1686885 [navNode-2] 目标位置:(0.0, 0.0, 0.1)-[A6]-[MCU:False]-[POS:False]
1775393960.1687672 [navNode-2] 当前位置:(-0.0036765907425433397, -0.0018493375973775983, 0.0024753676261752844)
1775393960.2679558 [navNode-2] [INFO] [1775393960.267556976] [navNode]: 状态4：WaitAim--[A6]
1775393960.2685263 [navNode-2] [INFO] [1775393960.268004771] [navNode]: 未到目标点
1775393960.2686644 [navNode-2] 目标位置:(0.0, 0.0, 0.1)-[A6]-[MCU:False]-[POS:False]
1775393960.2687352 [navNode-2] 当前位置:(-0.0033666957169771194, -0.0019851792603731155, 0.0020761226769536734)
1775393960.3677776 [navNode-2] [INFO] [1775393960.367432569] [navNode]: 状态4：WaitAim--[A6]
1775393960.3684211 [navNode-2] [INFO] [1775393960.368172883] [navNode]: 未到目标点
1775393960.3686106 [navNode-2] 目标位置:(0.0, 0.0, 0.1)-[A6]-[MCU:False]-[POS:False]
1775393960.3686802 [navNode-2] 当前位置:(-0.003183395368978381, -0.001538529060781002, 0.001766183995641768)
1775393960.4681065 [navNode-2] [INFO] [1775393960.467330276] [navNode]: 状态4：WaitAim--[A6]
1775393960.4687357 [navNode-2] [INFO] [1775393960.468420536] [navNode]: 未到目标点
1775393960.4688578 [navNode-2] 目标位置:(0.0, 0.0, 0.1)-[A6]-[MCU:False]-[POS:False]
1775393960.4689090 [navNode-2] 当前位置:(-0.0040226103737950325, -0.002144850790500641, 0.002277846448123455)
1775393960.5675883 [navNode-2] [INFO] [1775393960.567270759] [navNode]: 状态4：WaitAim--[A6]
1775393960.5681148 [navNode-2] [INFO] [1775393960.567963025] [navNode]: 未到目标点
1775393960.5682514 [navNode-2] 目标位置:(0.0, 0.0, 0.1)-[A6]-[MCU:False]-[POS:False]
1775393960.5682998 [navNode-2] 当前位置:(-0.00360740814357996, -0.0023024706169962883, 0.002985105849802494)
1775393960.6677809 [navNode-2] [INFO] [1775393960.667452179] [navNode]: 状态4：WaitAim--[A6]
1775393960.6681454 [navNode-2] [INFO] [1775393960.667895021] [navNode]: 未到目标点
1775393960.6682117 [navNode-2] 目标位置:(0.0, 0.0, 0.1)-[A6]-[MCU:False]-[POS:False]
1775393960.6682558 [navNode-2] 当前位置:(-0.0027835830114781857, -0.0016006268560886383, 0.000549643358681351)
1775393960.7677169 [navNode-2] [INFO] [1775393960.767388960] [navNode]: 状态4：WaitAim--[A6]
1775393960.7681456 [navNode-2] [INFO] [1775393960.767844343] [navNode]: 未到目标点
1775393960.7682774 [navNode-2] 目标位置:(0.0, 0.0, 0.1)-[A6]-[MCU:False]-[POS:False]
1775393960.7683349 [navNode-2] 当前位置:(-0.0034218146465718746, -0.0018510172376409173, 0.0010071222204715014)
1775393960.8683722 [navNode-2] [INFO] [1775393960.868068346] [navNode]: 状态4：WaitAim--[A6]
1775393960.8688152 [navNode-2] [INFO] [1775393960.868504527] [navNode]: 未到目标点
1775393960.8689258 [navNode-2] 目标位置:(0.0, 0.0, 0.1)-[A6]-[MCU:False]-[POS:False]
1775393960.8689775 [navNode-2] 当前位置:(-0.003965779673308134, -0.002509703394025564, 0.0018044208409264684)
1775393960.9680719 [navNode-2] [INFO] [1775393960.967663682] [navNode]: 状态4：WaitAim--[A6]
1775393960.9684536 [navNode-2] [INFO] [1775393960.968151430] [navNode]: 未到目标点
1775393960.9685650 [navNode-2] 目标位置:(0.0, 0.0, 0.1)-[A6]-[MCU:False]-[POS:False]
1775393960.9686284 [navNode-2] 当前位置:(-0.004065814893692732, -0.0024984334595501423, 0.0026728257071226835)
1775393961.0685210 [navNode-2] [INFO] [1775393961.067683059] [navNode]: 状态4：WaitAim--[A6]
1775393961.0687490 [navNode-2] [INFO] [1775393961.068173394] [navNode]: 未到目标点
1775393961.0688167 [navNode-2] 目标位置:(0.0, 0.0, 0.1)-[A6]-[MCU:False]-[POS:False]
1775393961.0688608 [navNode-2] 当前位置:(-0.004254178609699011, -0.0025989448186010122, 0.0022508203983306885)
1775393961.1676984 [navNode-2] [INFO] [1775393961.167266437] [navNode]: 状态4：WaitAim--[A6]
1775393961.1682048 [navNode-2] [INFO] [1775393961.167861159] [navNode]: 未到目标点
1775393961.1683190 [navNode-2] 目标位置:(0.0, 0.0, 0.1)-[A6]-[MCU:False]-[POS:False]
1775393961.1683738 [navNode-2] 当前位置:(-0.004054345656186342, -0.0022399816662073135, 0.0025429916568100452)
1775393961.2681026 [navNode-2] [INFO] [1775393961.267754100] [navNode]: 状态4：WaitAim--[A6]
1775393961.2685370 [navNode-2] [INFO] [1775393961.268192119] [navNode]: 未到目标点
1775393961.2686436 [navNode-2] 目标位置:(0.0, 0.0, 0.1)-[A6]-[MCU:False]-[POS:False]
1775393961.2687037 [navNode-2] 当前位置:(-0.0036930087953805923, -0.002330730902031064, 0.0020646138582378626)
1775393961.3677146 [navNode-2] [INFO] [1775393961.367312283] [navNode]: 状态4：WaitAim--[A6]
1775393961.3681571 [navNode-2] [INFO] [1775393961.367769449] [navNode]: 未到目标点
1775393961.3682885 [navNode-2] 目标位置:(0.0, 0.0, 0.1)-[A6]-[MCU:False]-[POS:False]
1775393961.3683548 [navNode-2] 当前位置:(-0.004150331486016512, -0.0022522015497088432, 0.0018262012163177133)
1775393961.4674790 [navNode-2] [INFO] [1775393961.467088269] [navNode]: 状态4：WaitAim--[A6]
1775393961.4678547 [navNode-2] [INFO] [1775393961.467510011] [navNode]: 未到目标点
1775393961.4679675 [navNode-2] 目标位置:(0.0, 0.0, 0.1)-[A6]-[MCU:False]-[POS:False]
1775393961.4680204 [navNode-2] 当前位置:(-0.0043716635555028915, -0.0024445794988423586, 0.0022727579344063997)
1775393961.5675192 [navNode-2] [INFO] [1775393961.567249420] [navNode]: 状态4：WaitAim--[A6]
1775393961.5679104 [navNode-2] [INFO] [1775393961.567639005] [navNode]: 未到目标点
1775393961.5680156 [navNode-2] 目标位置:(0.0, 0.0, 0.1)-[A6]-[MCU:False]-[POS:False]
1775393961.5680611 [navNode-2] 当前位置:(-0.004677846562117338, -0.002441846067085862, 0.0018117293948307633)
1775393961.6678827 [navNode-2] [INFO] [1775393961.667471847] [navNode]: 状态4：WaitAim--[A6]
1775393961.6683056 [navNode-2] [INFO] [1775393961.667889995] [navNode]: 未到目标点
1775393961.6683726 [navNode-2] 目标位置:(0.0, 0.0, 0.1)-[A6]-[MCU:False]-[POS:False]
1775393961.6684227 [navNode-2] 当前位置:(-0.0036843835841864347, -0.002323429100215435, 0.002518015680834651)
1775393961.7683086 [navNode-2] [INFO] [1775393961.767934396] [navNode]: 状态4：WaitAim--[A6]
1775393961.7687376 [navNode-2] [INFO] [1775393961.768425477] [navNode]: 未到目标点
1775393961.7688158 [navNode-2] 目标位置:(0.0, 0.0, 0.1)-[A6]-[MCU:False]-[POS:False]
1775393961.7688608 [navNode-2] 当前位置:(-0.003094593295827508, -0.0020387908443808556, 0.0017894497141242027)
1775393961.8685260 [navNode-2] [INFO] [1775393961.868089835] [navNode]: 状态4：WaitAim--[A6]
1775393961.8689210 [navNode-2] [INFO] [1775393961.868572695] [navNode]: 未到目标点
1775393961.8690283 [navNode-2] 目标位置:(0.0, 0.0, 0.1)-[A6]-[MCU:False]-[POS:False]
1775393961.8690770 [navNode-2] 当前位置:(-0.004108676686882973, -0.0025720689445734024, 0.002376964082941413)
1775393961.9678197 [navNode-2] [INFO] [1775393961.967397296] [navNode]: 状态4：WaitAim--[A6]
1775393961.9684827 [navNode-2] [INFO] [1775393961.967854363] [navNode]: 未到目标点
1775393961.9686267 [navNode-2] 目标位置:(0.0, 0.0, 0.1)-[A6]-[MCU:False]-[POS:False]
1775393961.9686837 [navNode-2] 当前位置:(-0.0036528524942696095, -0.002642584266141057, 0.0018151872791349888)
1775393962.0675883 [navNode-2] [INFO] [1775393962.067221131] [navNode]: 状态4：WaitAim--[A6]
1775393962.0679927 [navNode-2] [INFO] [1775393962.067879172] [navNode]: 未到目标点
1775393962.0680737 [navNode-2] 目标位置:(0.0, 0.0, 0.1)-[A6]-[MCU:False]-[POS:False]
1775393962.0681298 [navNode-2] 当前位置:(-0.003585346508771181, -0.0022126242984086275, 0.0022567284759134054)
1775393962.1680009 [navNode-2] [INFO] [1775393962.167472004] [navNode]: 状态4：WaitAim--[A6]
1775393962.1687555 [navNode-2] [INFO] [1775393962.167913902] [navNode]: 未到目标点
1775393962.1689255 [navNode-2] 目标位置:(0.0, 0.0, 0.1)-[A6]-[MCU:False]-[POS:False]
1775393962.1689951 [navNode-2] 当前位置:(-0.00396919809281826, -0.002401673700660467, 0.0025660069659352303)
1775393962.2679048 [navNode-2] [INFO] [1775393962.267433077] [navNode]: 状态4：WaitAim--[A6]
1775393962.2684093 [navNode-2] [INFO] [1775393962.267965644] [navNode]: 未到目标点
1775393962.2685299 [navNode-2] 目标位置:(0.0, 0.0, 0.1)-[A6]-[MCU:False]-[POS:False]
1775393962.2685866 [navNode-2] 当前位置:(-0.003076320979744196, -0.002194121712818742, 0.0018517979187890887)
1775393962.3679235 [navNode-2] [INFO] [1775393962.367559262] [navNode]: 状态4：WaitAim--[A6]
1775393962.3684168 [navNode-2] [INFO] [1775393962.368036343] [navNode]: 未到目标点
1775393962.3685529 [navNode-2] 目标位置:(0.0, 0.0, 0.1)-[A6]-[MCU:False]-[POS:False]
1775393962.3686519 [navNode-2] 当前位置:(-0.0036553910467773676, -0.0019418096635490656, 0.001704580383375287)
1775393962.4688613 [navNode-2] [INFO] [1775393962.468073847] [navNode]: 状态4：WaitAim--[A6]
1775393962.4690788 [navNode-2] [INFO] [1775393962.468515143] [navNode]: 未到目标点
1775393962.4691410 [navNode-2] 目标位置:(0.0, 0.0, 0.1)-[A6]-[MCU:False]-[POS:False]
1775393962.4691923 [navNode-2] 当前位置:(-0.004156208131462336, -0.0024725068360567093, 0.0023777817841619253)
1775393962.5692537 [navNode-2] [INFO] [1775393962.568284738] [navNode]: 状态4：WaitAim--[A6]
1775393962.5695369 [navNode-2] [INFO] [1775393962.568800855] [navNode]: 未到目标点
1775393962.5696530 [navNode-2] 目标位置:(0.0, 0.0, 0.1)-[A6]-[MCU:False]-[POS:False]
1775393962.5697072 [navNode-2] 当前位置:(-0.00415425980463624, -0.0022405728232115507, 0.0014792473521083593)
1775393962.6679463 [navNode-2] [INFO] [1775393962.667612055] [navNode]: 状态4：WaitAim--[A6]
1775393962.6683664 [navNode-2] [INFO] [1775393962.668079140] [navNode]: 未到目标点
1775393962.6685026 [navNode-2] 目标位置:(0.0, 0.0, 0.1)-[A6]-[MCU:False]-[POS:False]
1775393962.6685767 [navNode-2] 当前位置:(-0.0044557866640388966, -0.0026499058585613966, 0.0016648729797452688)
1775393962.7684774 [navNode-2] [INFO] [1775393962.767566865] [navNode]: 状态4：WaitAim--[A6]
1775393962.7687583 [navNode-2] [INFO] [1775393962.768021005] [navNode]: 未到目标点
1775393962.7688348 [navNode-2] 目标位置:(0.0, 0.0, 0.1)-[A6]-[MCU:False]-[POS:False]
1775393962.7688808 [navNode-2] 当前位置:(-0.004324555397033691, -0.0025113674346357584, 0.0010477685136720538)
1775393962.8675442 [navNode-2] [INFO] [1775393962.867225675] [navNode]: 状态4：WaitAim--[A6]
1775393962.8681090 [navNode-2] [INFO] [1775393962.867963281] [navNode]: 未到目标点
1775393962.8682404 [navNode-2] 目标位置:(0.0, 0.0, 0.1)-[A6]-[MCU:False]-[POS:False]
1775393962.8683538 [navNode-2] 当前位置:(-0.004397938959300518, -0.002476508729159832, 0.002426875988021493)
1775393962.9679415 [navNode-2] [INFO] [1775393962.967581977] [navNode]: 状态4：WaitAim--[A6]
1775393962.9683485 [navNode-2] [INFO] [1775393962.968046798] [navNode]: 未到目标点
1775393962.9684780 [navNode-2] 目标位置:(0.0, 0.0, 0.1)-[A6]-[MCU:False]-[POS:False]
1775393962.9685476 [navNode-2] 当前位置:(-0.0035174572840332985, -0.0014297538436949253, 0.0028226946014910936)
1775393963.0678668 [navNode-2] [INFO] [1775393963.067568060] [navNode]: 状态4：WaitAim--[A6]
1775393963.0682855 [navNode-2] [INFO] [1775393963.068101940] [navNode]: 未到目标点
1775393963.0683870 [navNode-2] 目标位置:(0.0, 0.0, 0.1)-[A6]-[MCU:False]-[POS:False]
1775393963.0684416 [navNode-2] 当前位置:(-0.003649686696007848, -0.0020839234348386526, 0.002315130550414324)
1775393963.1677837 [navNode-2] [INFO] [1775393963.167458410] [navNode]: 状态4：WaitAim--[A6]
1775393963.1682880 [navNode-2] [INFO] [1775393963.167842530] [navNode]: 未到目标点
1775393963.1684191 [navNode-2] 目标位置:(0.0, 0.0, 0.1)-[A6]-[MCU:False]-[POS:False]
1775393963.1684730 [navNode-2] 当前位置:(-0.003451259108260274, -0.0019617509096860886, 0.002390216337516904)
1775393963.2678316 [navNode-2] [INFO] [1775393963.267366506] [navNode]: 状态4：WaitAim--[A6]
1775393963.2683308 [navNode-2] [INFO] [1775393963.267871157] [navNode]: 未到目标点
1775393963.2684476 [navNode-2] 目标位置:(0.0, 0.0, 0.1)-[A6]-[MCU:False]-[POS:False]
1775393963.2685022 [navNode-2] 当前位置:(-0.0033504245802760124, -0.001678324188105762, 0.002228257479146123)
1775393963.3676281 [navNode-2] [INFO] [1775393963.367295491] [navNode]: 状态4：WaitAim--[A6]
1775393963.3681335 [navNode-2] [INFO] [1775393963.367760774] [navNode]: 未到目标点
1775393963.3682325 [navNode-2] 目标位置:(0.0, 0.0, 0.1)-[A6]-[MCU:False]-[POS:False]
1775393963.3682847 [navNode-2] 当前位置:(-0.0028730432968586683, -0.002153160749003291, 0.0004135596682317555)
1775393963.4679270 [navNode-2] [INFO] [1775393963.467560665] [navNode]: 状态4：WaitAim--[A6]
1775393963.4683533 [navNode-2] [INFO] [1775393963.467997494] [navNode]: 未到目标点
1775393963.4684887 [navNode-2] 目标位置:(0.0, 0.0, 0.1)-[A6]-[MCU:False]-[POS:False]
1775393963.4685445 [navNode-2] 当前位置:(-0.003962848335504532, -0.0021959340665489435, 0.0028718016110360622)
1775393963.5676751 [navNode-2] [INFO] [1775393963.567281894] [navNode]: 状态4：WaitAim--[A6]
1775393963.5681307 [navNode-2] [INFO] [1775393963.567755057] [navNode]: 未到目标点
1775393963.5682681 [navNode-2] 目标位置:(0.0, 0.0, 0.1)-[A6]-[MCU:False]-[POS:False]
1775393963.5683403 [navNode-2] 当前位置:(-0.0034926380030810833, -0.00209813192486763, 0.0019399403827264905)
1775393963.6678469 [navNode-2] [INFO] [1775393963.667403959] [navNode]: 状态4：WaitAim--[A6]
1775393963.6682882 [navNode-2] [INFO] [1775393963.667857834] [navNode]: 未到目标点
1775393963.6684213 [navNode-2] 目标位置:(0.0, 0.0, 0.1)-[A6]-[MCU:False]-[POS:False]
1775393963.6685503 [navNode-2] 当前位置:(-0.0036455995868891478, -0.0021418530959635973, 0.0023880971129983664)
1775393963.7676845 [navNode-2] [INFO] [1775393963.767349858] [navNode]: 状态4：WaitAim--[A6]
1775393963.7681434 [navNode-2] [INFO] [1775393963.767807655] [navNode]: 未到目标点
1775393963.7682643 [navNode-2] 目标位置:(0.0, 0.0, 0.1)-[A6]-[MCU:False]-[POS:False]
1775393963.7683759 [navNode-2] 当前位置:(-0.0038801769260317087, -0.0019836348947137594, 0.001257265917956829)
1775393963.8679113 [navNode-2] [INFO] [1775393963.867576437] [navNode]: 状态4：WaitAim--[A6]
1775393963.8682568 [navNode-2] [INFO] [1775393963.868011312] [navNode]: 未到目标点
1775393963.8683174 [navNode-2] 目标位置:(0.0, 0.0, 0.1)-[A6]-[MCU:False]-[POS:False]
1775393963.8683577 [navNode-2] 当前位置:(-0.003801006590947509, -0.0020940941758453846, 0.002391848945990205)
1775393963.9676061 [navNode-2] [INFO] [1775393963.967252228] [navNode]: 状态4：WaitAim--[A6]
1775393963.9680743 [navNode-2] [INFO] [1775393963.967933566] [navNode]: 未到目标点
1775393963.9681756 [navNode-2] 目标位置:(0.0, 0.0, 0.1)-[A6]-[MCU:False]-[POS:False]
1775393963.9682398 [navNode-2] 当前位置:(-0.0034755789674818516, -0.0020310445688664913, 0.0005692816339433193)
1775393964.0680711 [navNode-2] [INFO] [1775393964.067744573] [navNode]: 状态4：WaitAim--[A6]
1775393964.0684254 [navNode-2] [INFO] [1775393964.068182176] [navNode]: 未到目标点
1775393964.0685422 [navNode-2] 目标位置:(0.0, 0.0, 0.1)-[A6]-[MCU:False]-[POS:False]
1775393964.0685942 [navNode-2] 当前位置:(-0.004155143164098263, -0.0025626537390053272, 0.002380608581006527)
1775393964.1674924 [navNode-2] [INFO] [1775393964.167099778] [navNode]: 状态4：WaitAim--[A6]
1775393964.1679091 [navNode-2] [INFO] [1775393964.167728375] [navNode]: 未到目标点
1775393964.1680009 [navNode-2] 目标位置:(0.0, 0.0, 0.1)-[A6]-[MCU:False]-[POS:False]
1775393964.1680529 [navNode-2] 当前位置:(-0.004143072292208672, -0.0020898848306387663, 0.0027731347363442183)
1775393964.2681627 [navNode-2] [INFO] [1775393964.267786661] [navNode]: 状态4：WaitAim--[A6]
1775393964.2686851 [navNode-2] [INFO] [1775393964.268393847] [navNode]: 未到目标点
1775393964.2688069 [navNode-2] 目标位置:(0.0, 0.0, 0.1)-[A6]-[MCU:False]-[POS:False]
1775393964.2688656 [navNode-2] 当前位置:(-0.003794074058532715, -0.0021560899913311005, 0.0014953943900763988)
1775393964.3678117 [navNode-2] [INFO] [1775393964.367377498] [navNode]: 状态4：WaitAim--[A6]
1775393964.3682468 [navNode-2] [INFO] [1775393964.367848154] [navNode]: 未到目标点
1775393964.3683693 [navNode-2] 目标位置:(0.0, 0.0, 0.1)-[A6]-[MCU:False]-[POS:False]
1775393964.3684418 [navNode-2] 当前位置:(-0.00371413491666317, -0.0023626997135579586, 0.0014527111779898405)
1775393964.4675891 [navNode-2] [INFO] [1775393964.467267420] [navNode]: 状态4：WaitAim--[A6]
1775393964.4680007 [navNode-2] [INFO] [1775393964.467677082] [navNode]: 未到目标点
1775393964.4681165 [navNode-2] 目标位置:(0.0, 0.0, 0.1)-[A6]-[MCU:False]-[POS:False]
1775393964.4681940 [navNode-2] 当前位置:(-0.004176630172878504, -0.0025309077464044094, 0.002475614659488201)
1775393964.5676000 [navNode-2] [INFO] [1775393964.567225504] [navNode]: 状态4：WaitAim--[A6]
1775393964.5681763 [navNode-2] [INFO] [1775393964.567964998] [navNode]: 未到目标点
1775393964.5683355 [navNode-2] 目标位置:(0.0, 0.0, 0.1)-[A6]-[MCU:False]-[POS:False]
1775393964.5683937 [navNode-2] 当前位置:(-0.004036979284137487, -0.0024982604663819075, 0.0018287941347807646)
1775393964.6677332 [navNode-2] [INFO] [1775393964.667370000] [navNode]: 状态4：WaitAim--[A6]
1775393964.6681621 [navNode-2] [INFO] [1775393964.667850310] [navNode]: 未到目标点
1775393964.6682670 [navNode-2] 目标位置:(0.0, 0.0, 0.1)-[A6]-[MCU:False]-[POS:False]
1775393964.6683249 [navNode-2] 当前位置:(-0.0034489165991544724, -0.0025607035495340824, 0.0024523702450096607)
1775393964.7683227 [navNode-2] [INFO] [1775393964.767985294] [navNode]: 状态4：WaitAim--[A6]
1775393964.7687390 [navNode-2] [INFO] [1775393964.768445161] [navNode]: 未到目标点
1775393964.7688189 [navNode-2] 目标位置:(0.0, 0.0, 0.1)-[A6]-[MCU:False]-[POS:False]
1775393964.7688658 [navNode-2] 当前位置:(-0.004113160539418459, -0.0019489290425553918, 0.002045008586719632)
1775393964.8676336 [navNode-2] [INFO] [1775393964.867310602] [navNode]: 状态4：WaitAim--[A6]
1775393964.8680272 [navNode-2] [INFO] [1775393964.867748697] [navNode]: 未到目标点
1775393964.8681555 [navNode-2] 目标位置:(0.0, 0.0, 0.1)-[A6]-[MCU:False]-[POS:False]
1775393964.8682108 [navNode-2] 当前位置:(-0.0036664537619799376, -0.0018984515918418765, 0.002426458289846778)
1775393964.9680250 [navNode-2] [INFO] [1775393964.967718643] [navNode]: 状态4：WaitAim--[A6]
1775393964.9683962 [navNode-2] [INFO] [1775393964.968183120] [navNode]: 未到目标点
1775393964.9684999 [navNode-2] 目标位置:(0.0, 0.0, 0.1)-[A6]-[MCU:False]-[POS:False]
1775393964.9685490 [navNode-2] 当前位置:(-0.0036911575589329004, -0.0022559105418622494, 0.0015685328980907798)
1775393965.0685346 [navNode-2] [INFO] [1775393965.068212698] [navNode]: 状态4：WaitAim--[A6]
1775393965.0691016 [navNode-2] [INFO] [1775393965.068669233] [navNode]: 未到目标点
1775393965.0692086 [navNode-2] 目标位置:(0.0, 0.0, 0.1)-[A6]-[MCU:False]-[POS:False]
1775393965.0692554 [navNode-2] 当前位置:(-0.003937146160751581, -0.002504047006368637, 0.002289211144670844)
1775393965.1678426 [navNode-2] [INFO] [1775393965.167351559] [navNode]: 状态4：WaitAim--[A6]
1775393965.1682730 [navNode-2] [INFO] [1775393965.167972814] [navNode]: 未到目标点
1775393965.1683514 [navNode-2] 目标位置:(0.0, 0.0, 0.1)-[A6]-[MCU:False]-[POS:False]
1775393965.1684024 [navNode-2] 当前位置:(-0.0038197324611246586, -0.0023116448428481817, 0.0020045978017151356)
1775393965.2679303 [navNode-2] [INFO] [1775393965.267585976] [navNode]: 状态4：WaitAim--[A6]
1775393965.2684288 [navNode-2] [INFO] [1775393965.268099539] [navNode]: 未到目标点
1775393965.2685740 [navNode-2] 目标位置:(0.0, 0.0, 0.1)-[A6]-[MCU:False]-[POS:False]
1775393965.2686367 [navNode-2] 当前位置:(-0.004152573179453611, -0.002533226041123271, 0.002436402253806591)
1775393965.3680444 [navNode-2] [INFO] [1775393965.367608838] [navNode]: 状态4：WaitAim--[A6]
1775393965.3685210 [navNode-2] [INFO] [1775393965.368092963] [navNode]: 未到目标点
1775393965.3686373 [navNode-2] 目标位置:(0.0, 0.0, 0.1)-[A6]-[MCU:False]-[POS:False]
1775393965.3686929 [navNode-2] 当前位置:(-0.003140630666166544, -0.002542133443057537, 0.0012237165356054902)
1775393965.4675381 [navNode-2] [INFO] [1775393965.467238227] [navNode]: 状态4：WaitAim--[A6]
1775393965.4679797 [navNode-2] [INFO] [1775393965.467852963] [navNode]: 未到目标点
1775393965.4681151 [navNode-2] 目标位置:(0.0, 0.0, 0.1)-[A6]-[MCU:False]-[POS:False]
1775393965.4681630 [navNode-2] 当前位置:(-0.0036156962160021067, -0.0018179097678512335, 0.0014077150262892246)
1775393965.5687094 [navNode-2] [INFO] [1775393965.567848625] [navNode]: 状态4：WaitAim--[A6]
1775393965.5689933 [navNode-2] [INFO] [1775393965.568302838] [navNode]: 未到目标点
1775393965.5690660 [navNode-2] 目标位置:(0.0, 0.0, 0.1)-[A6]-[MCU:False]-[POS:False]
1775393965.5691144 [navNode-2] 当前位置:(-0.0033291552681475878, -0.001561492565087974, 0.0027621304616332054)
1775393965.6677365 [navNode-2] [INFO] [1775393965.667360420] [navNode]: 状态4：WaitAim--[A6]
1775393965.6681867 [navNode-2] [INFO] [1775393965.667835296] [navNode]: 未到目标点
1775393965.6682596 [navNode-2] 目标位置:(0.0, 0.0, 0.1)-[A6]-[MCU:False]-[POS:False]
1775393965.6683021 [navNode-2] 当前位置:(-0.003982377238571644, -0.002014078898355365, 0.0029348726384341717)
1775393965.7678840 [navNode-2] [INFO] [1775393965.767549645] [navNode]: 状态4：WaitAim--[A6]
1775393965.7683861 [navNode-2] [INFO] [1775393965.767989751] [navNode]: 未到目标点
1775393965.7685130 [navNode-2] 目标位置:(0.0, 0.0, 0.1)-[A6]-[MCU:False]-[POS:False]
1775393965.7685847 [navNode-2] 当前位置:(-0.0037730711046606302, -0.002526865340769291, 0.002365648280829191)
1775393965.8687377 [navNode-2] [INFO] [1775393965.868323555] [navNode]: 状态4：WaitAim--[A6]
1775393965.8691678 [navNode-2] [INFO] [1775393965.868798567] [navNode]: 未到目标点
1775393965.8693030 [navNode-2] 目标位置:(0.0, 0.0, 0.1)-[A6]-[MCU:False]-[POS:False]
1775393965.8693597 [navNode-2] 当前位置:(-0.0033433015923947096, -0.0020011626183986664, 0.00153138127643615)
1775393965.9678226 [navNode-2] [INFO] [1775393965.967496120] [navNode]: 状态4：WaitAim--[A6]
1775393965.9682353 [navNode-2] [INFO] [1775393965.967942792] [navNode]: 未到目标点
1775393965.9683528 [navNode-2] 目标位置:(0.0, 0.0, 0.1)-[A6]-[MCU:False]-[POS:False]
1775393965.9684081 [navNode-2] 当前位置:(-0.0030970382504165173, -0.0017040151869878173, 0.001499223057180643)
1775393966.0678737 [navNode-2] [INFO] [1775393966.067510359] [navNode]: 状态4：WaitAim--[A6]
1775393966.0682359 [navNode-2] [INFO] [1775393966.067981745] [navNode]: 未到目标点
1775393966.0683274 [navNode-2] 目标位置:(0.0, 0.0, 0.1)-[A6]-[MCU:False]-[POS:False]
1775393966.0684395 [navNode-2] 当前位置:(-0.003529171459376812, -0.0021894320379942656, 0.0028438211884349585)
1775393966.1679168 [navNode-2] [INFO] [1775393966.167576503] [navNode]: 状态4：WaitAim--[A6]
1775393966.1683586 [navNode-2] [INFO] [1775393966.168038800] [navNode]: 未到目标点
1775393966.1684811 [navNode-2] 目标位置:(0.0, 0.0, 0.1)-[A6]-[MCU:False]-[POS:False]
1775393966.1685381 [navNode-2] 当前位置:(-0.003806391265243292, -0.0025272388011217117, 0.002150867832824588)
1775393966.2680297 [navNode-2] [INFO] [1775393966.267631752] [navNode]: 状态4：WaitAim--[A6]
1775393966.2684367 [navNode-2] [INFO] [1775393966.268141717] [navNode]: 未到目标点
1775393966.2685406 [navNode-2] 目标位置:(0.0, 0.0, 0.1)-[A6]-[MCU:False]-[POS:False]
1775393966.2686036 [navNode-2] 当前位置:(-0.004372688010334969, -0.0022258502431213856, 0.0024200917687267065)
1775393966.3680007 [navNode-2] [INFO] [1775393966.367626698] [navNode]: 状态4：WaitAim--[A6]
1775393966.3684545 [navNode-2] [INFO] [1775393966.368116694] [navNode]: 未到目标点
1775393966.3685730 [navNode-2] 目标位置:(0.0, 0.0, 0.1)-[A6]-[MCU:False]-[POS:False]
1775393966.3686435 [navNode-2] 当前位置:(-0.003593937959522009, -0.0024829928297549486, 0.0007859519682824612)
1775393966.4676821 [navNode-2] [INFO] [1775393966.467414670] [navNode]: 状态4：WaitAim--[A6]
1775393966.4687719 [navNode-2] [INFO] [1775393966.468530328] [navNode]: 未到目标点
1775393966.4689217 [navNode-2] 目标位置:(0.0, 0.0, 0.1)-[A6]-[MCU:False]-[POS:False]
1775393966.4690521 [navNode-2] 当前位置:(-0.003307709703221917, -0.002264433540403843, 0.001229084562510252)
1775393966.5676789 [navNode-2] [INFO] [1775393966.567268519] [navNode]: 状态4：WaitAim--[A6]
1775393966.5681820 [navNode-2] [INFO] [1775393966.567819843] [navNode]: 未到目标点
1775393966.5682585 [navNode-2] 目标位置:(0.0, 0.0, 0.1)-[A6]-[MCU:False]-[POS:False]
1775393966.5683000 [navNode-2] 当前位置:(-0.004415785428136587, -0.002755973022431135, 0.002612794516608119)
1775393966.6676953 [navNode-2] [INFO] [1775393966.667346541] [navNode]: 状态4：WaitAim--[A6]
1775393966.6680872 [navNode-2] [INFO] [1775393966.667811109] [navNode]: 未到目标点
1775393966.6682248 [navNode-2] 目标位置:(0.0, 0.0, 0.1)-[A6]-[MCU:False]-[POS:False]
1775393966.6683285 [navNode-2] 当前位置:(-0.0039047272875905037, -0.002638216596096754, 0.0025861887261271477)
1775393966.7677939 [navNode-2] [INFO] [1775393966.767347147] [navNode]: 状态4：WaitAim--[A6]
1775393966.7682815 [navNode-2] [INFO] [1775393966.767826621] [navNode]: 未到目标点
1775393966.7683878 [navNode-2] 目标位置:(0.0, 0.0, 0.1)-[A6]-[MCU:False]-[POS:False]
1775393966.7684381 [navNode-2] 当前位置:(-0.004199686925858259, -0.0025041168555617332, 0.001633977983146906)
1775393966.8675449 [navNode-2] [INFO] [1775393966.867217144] [navNode]: 状态4：WaitAim--[A6]
1775393966.8678885 [navNode-2] [INFO] [1775393966.867643641] [navNode]: 未到目标点
1775393966.8679531 [navNode-2] 目标位置:(0.0, 0.0, 0.1)-[A6]-[MCU:False]-[POS:False]
1775393966.8679943 [navNode-2] 当前位置:(-0.003817808348685503, -0.0025471888948231936, 0.0011987360194325447)
1775393966.9676385 [navNode-2] [INFO] [1775393966.967303630] [navNode]: 状态4：WaitAim--[A6]
1775393966.9680293 [navNode-2] [INFO] [1775393966.967768841] [navNode]: 未到目标点
1775393966.9681237 [navNode-2] 目标位置:(0.0, 0.0, 0.1)-[A6]-[MCU:False]-[POS:False]
1775393966.9681878 [navNode-2] 当前位置:(-0.004517342429608107, -0.002870371099561453, 0.00126584991812706)
1775393967.0675645 [navNode-2] [INFO] [1775393967.067239808] [navNode]: 状态4：WaitAim--[A6]
1775393967.0679445 [navNode-2] [INFO] [1775393967.067707910] [navNode]: 未到目标点
1775393967.0680542 [navNode-2] 目标位置:(0.0, 0.0, 0.1)-[A6]-[MCU:False]-[POS:False]
1775393967.0681109 [navNode-2] 当前位置:(-0.004040614701807499, -0.0025307091418653727, 0.0015197743196040392)
1775393967.1681712 [navNode-2] [INFO] [1775393967.167796647] [navNode]: 状态4：WaitAim--[A6]
1775393967.1687152 [navNode-2] [INFO] [1775393967.168244341] [navNode]: 未到目标点
1775393967.1688519 [navNode-2] 目标位置:(0.0, 0.0, 0.1)-[A6]-[MCU:False]-[POS:False]
1775393967.1689274 [navNode-2] 当前位置:(-0.004340323619544506, -0.002598837949335575, 0.0022585010156035423)
1775393967.2678905 [navNode-2] [INFO] [1775393967.267512941] [navNode]: 状态4：WaitAim--[A6]
1775393967.2682662 [navNode-2] [INFO] [1775393967.267978523] [navNode]: 未到目标点
1775393967.2683303 [navNode-2] 目标位置:(0.0, 0.0, 0.1)-[A6]-[MCU:False]-[POS:False]
1775393967.2683713 [navNode-2] 当前位置:(-0.004096056334674358, -0.0023566996678709984, 0.002927333116531372)
1775393967.3673987 [navNode-2] [INFO] [1775393967.367067959] [navNode]: 状态4：WaitAim--[A6]
1775393967.3679116 [navNode-2] [INFO] [1775393967.367487449] [navNode]: 未到目标点
1775393967.3680732 [navNode-2] 目标位置:(0.0, 0.0, 0.1)-[A6]-[MCU:False]-[POS:False]
1775393967.3681736 [navNode-2] 当前位置:(-0.004158854018896818, -0.002445637946948409, 0.002792022190988064)
1775393967.4678278 [navNode-2] [INFO] [1775393967.467423218] [navNode]: 状态4：WaitAim--[A6]
1775393967.4682379 [navNode-2] [INFO] [1775393967.467890059] [navNode]: 未到目标点
1775393967.4683423 [navNode-2] 目标位置:(0.0, 0.0, 0.1)-[A6]-[MCU:False]-[POS:False]
1775393967.4684021 [navNode-2] 当前位置:(-0.004247946664690971, -0.002167335245758295, 0.0024239919148385525)
1775393967.5677376 [navNode-2] [INFO] [1775393967.567347191] [navNode]: 状态4：WaitAim--[A6]
1775393967.5682123 [navNode-2] [INFO] [1775393967.567869744] [navNode]: 未到目标点
1775393967.5683279 [navNode-2] 目标位置:(0.0, 0.0, 0.1)-[A6]-[MCU:False]-[POS:False]
1775393967.5684009 [navNode-2] 当前位置:(-0.0034855944104492664, -0.0023318221792578697, 0.0019889497198164463)
1775393967.6676598 [navNode-2] [INFO] [1775393967.667291626] [navNode]: 状态4：WaitAim--[A6]
1775393967.6681383 [navNode-2] [INFO] [1775393967.667734044] [navNode]: 未到目标点
1775393967.6682465 [navNode-2] 目标位置:(0.0, 0.0, 0.1)-[A6]-[MCU:False]-[POS:False]
1775393967.6683016 [navNode-2] 当前位置:(-0.004589897580444813, -0.0024616180453449488, 0.002251973142847419)
1775393967.7677360 [navNode-2] [INFO] [1775393967.767404744] [navNode]: 状态4：WaitAim--[A6]
1775393967.7683122 [navNode-2] [INFO] [1775393967.767854316] [navNode]: 未到目标点
1775393967.7684968 [navNode-2] 目标位置:(0.0, 0.0, 0.1)-[A6]-[MCU:False]-[POS:False]
1775393967.7685952 [navNode-2] 当前位置:(-0.003727464471012354, -0.0019912682473659515, 0.0012112563708797097)
1775393967.8674519 [navNode-2] [INFO] [1775393967.867097922] [navNode]: 状态4：WaitAim--[A6]
1775393967.8679678 [navNode-2] [INFO] [1775393967.867581758] [navNode]: 未到目标点
1775393967.8681073 [navNode-2] 目标位置:(0.0, 0.0, 0.1)-[A6]-[MCU:False]-[POS:False]
1775393967.8681729 [navNode-2] 当前位置:(-0.003935706801712513, -0.0023059004452079535, 0.002186485333368182)
1775393967.9692266 [navNode-2] [INFO] [1775393967.967884946] [navNode]: 状态4：WaitAim--[A6]
1775393967.9698930 [navNode-2] [INFO] [1775393967.968862323] [navNode]: 未到目标点
1775393967.9701128 [navNode-2] 目标位置:(0.0, 0.0, 0.1)-[A6]-[MCU:False]-[POS:False]
1775393967.9702375 [navNode-2] 当前位置:(-0.004043202381581068, -0.0022620975505560637, 0.0022152119781821966)
1775393968.0676751 [navNode-2] [INFO] [1775393968.067344626] [navNode]: 状态4：WaitAim--[A6]
1775393968.0686538 [navNode-2] [INFO] [1775393968.068383216] [navNode]: 未到目标点
1775393968.0687778 [navNode-2] 目标位置:(0.0, 0.0, 0.1)-[A6]-[MCU:False]-[POS:False]
1775393968.0688233 [navNode-2] 当前位置:(-0.00456494465470314, -0.002284449292346835, 0.0019580330699682236)
1775393968.1680777 [navNode-2] [INFO] [1775393968.167583965] [navNode]: 状态4：WaitAim--[A6]
1775393968.1686080 [navNode-2] [INFO] [1775393968.168104104] [navNode]: 未到目标点
1775393968.1687019 [navNode-2] 目标位置:(0.0, 0.0, 0.1)-[A6]-[MCU:False]-[POS:False]
1775393968.1687489 [navNode-2] 当前位置:(-0.0044121877290308475, -0.0023941800463944674, 0.002067059511318803)
1775393968.2681367 [navNode-2] [INFO] [1775393968.267650524] [navNode]: 状态4：WaitAim--[A6]
1775393968.2685928 [navNode-2] [INFO] [1775393968.268092948] [navNode]: 未到目标点
1775393968.2687390 [navNode-2] 目标位置:(0.0, 0.0, 0.1)-[A6]-[MCU:False]-[POS:False]
1775393968.2687957 [navNode-2] 当前位置:(-0.004228990059345961, -0.0024143250193446875, 0.0025895643047988415)
1775393968.3679781 [navNode-2] [INFO] [1775393968.367437073] [navNode]: 状态4：WaitAim--[A6]
1775393968.3684721 [navNode-2] [INFO] [1775393968.367936152] [navNode]: 未到目标点
1775393968.3686361 [navNode-2] 目标位置:(0.0, 0.0, 0.1)-[A6]-[MCU:False]-[POS:False]
1775393968.3686976 [navNode-2] 当前位置:(-0.0036696915049105883, -0.002372998744249344, 0.0022804448381066322)
1775393968.4680765 [navNode-2] [INFO] [1775393968.467708862] [navNode]: 状态4：WaitAim--[A6]
1775393968.4685872 [navNode-2] [INFO] [1775393968.468193241] [navNode]: 未到目标点
1775393968.4687250 [navNode-2] 目标位置:(0.0, 0.0, 0.1)-[A6]-[MCU:False]-[POS:False]
1775393968.4688001 [navNode-2] 当前位置:(-0.003382596652954817, -0.002164178527891636, 0.002192907501012087)
1775393968.5680628 [navNode-2] [INFO] [1775393968.567693838] [navNode]: 状态4：WaitAim--[A6]
1775393968.5685625 [navNode-2] [INFO] [1775393968.568113019] [navNode]: 未到目标点
1775393968.5686913 [navNode-2] 目标位置:(0.0, 0.0, 0.1)-[A6]-[MCU:False]-[POS:False]
1775393968.5687675 [navNode-2] 当前位置:(-0.004098152741789818, -0.0021268250420689583, 0.002135134069249034)
1775393968.6677051 [navNode-2] [INFO] [1775393968.667338186] [navNode]: 状态4：WaitAim--[A6]
1775393968.6682014 [navNode-2] [INFO] [1775393968.667777281] [navNode]: 未到目标点
1775393968.6683769 [navNode-2] 目标位置:(0.0, 0.0, 0.1)-[A6]-[MCU:False]-[POS:False]
1775393968.6684949 [navNode-2] 当前位置:(-0.0038819594774395227, -0.0024891679640859365, 0.0020601386204361916)
1775393968.7676740 [navNode-2] [INFO] [1775393968.767288951] [navNode]: 状态4：WaitAim--[A6]
1775393968.7681692 [navNode-2] [INFO] [1775393968.767730172] [navNode]: 未到目标点
1775393968.7683239 [navNode-2] 目标位置:(0.0, 0.0, 0.1)-[A6]-[MCU:False]-[POS:False]
1775393968.7684011 [navNode-2] 当前位置:(-0.004577369894832373, -0.002761977259069681, 0.002429411979392171)
1775393968.8676901 [navNode-2] [INFO] [1775393968.867227968] [navNode]: 状态4：WaitAim--[A6]
1775393968.8681958 [navNode-2] [INFO] [1775393968.867657620] [navNode]: 未到目标点
1775393968.8683491 [navNode-2] 目标位置:(0.0, 0.0, 0.1)-[A6]-[MCU:False]-[POS:False]
1775393968.8684616 [navNode-2] 当前位置:(-0.004462823271751404, -0.002758047543466091, 0.0020367244724184275)
1775393968.9676907 [navNode-2] [INFO] [1775393968.967295339] [navNode]: 状态4：WaitAim--[A6]
1775393968.9682353 [navNode-2] [INFO] [1775393968.967745116] [navNode]: 未到目标点
1775393968.9683852 [navNode-2] 目标位置:(0.0, 0.0, 0.1)-[A6]-[MCU:False]-[POS:False]
1775393968.9684632 [navNode-2] 当前位置:(-0.0038018778432160616, -0.0024965088814496994, 0.002568280790001154)
1775393969.0683122 [navNode-2] [INFO] [1775393969.067418745] [navNode]: 状态4：WaitAim--[A6]
1775393969.0685506 [navNode-2] [INFO] [1775393969.067942003] [navNode]: 未到目标点
1775393969.0686307 [navNode-2] 目标位置:(0.0, 0.0, 0.1)-[A6]-[MCU:False]-[POS:False]
1775393969.0686703 [navNode-2] 当前位置:(-0.004195149056613445, -0.002241568174213171, 0.001394194201566279)
1775393969.1688273 [navNode-2] [INFO] [1775393969.167697009] [navNode]: 状态4：WaitAim--[A6]
1775393969.1693366 [navNode-2] [INFO] [1775393969.168266596] [navNode]: 未到目标点
1775393969.1694829 [navNode-2] 目标位置:(0.0, 0.0, 0.1)-[A6]-[MCU:False]-[POS:False]
1775393969.1695561 [navNode-2] 当前位置:(-0.0040899887681007385, -0.00256419088691473, 0.002311762422323227)
1775393969.2683723 [navNode-2] [INFO] [1775393969.268033633] [navNode]: 状态4：WaitAim--[A6]
1775393969.2688072 [navNode-2] [INFO] [1775393969.268515930] [navNode]: 未到目标点
1775393969.2689366 [navNode-2] 目标位置:(0.0, 0.0, 0.1)-[A6]-[MCU:False]-[POS:False]
1775393969.2690418 [navNode-2] 当前位置:(-0.004088820423930883, -0.0027824288699775934, 0.002559451386332512)
1775393969.3678701 [navNode-2] [INFO] [1775393969.367473371] [navNode]: 状态4：WaitAim--[A6]
1775393969.3682699 [navNode-2] [INFO] [1775393969.367932970] [navNode]: 未到目标点
1775393969.3683741 [navNode-2] 目标位置:(0.0, 0.0, 0.1)-[A6]-[MCU:False]-[POS:False]
1775393969.3684270 [navNode-2] 当前位置:(-0.0047590178437530994, -0.0026118673849850893, 0.0026332319248467684)
1775393969.4684963 [navNode-2] [INFO] [1775393969.467801089] [navNode]: 状态4：WaitAim--[A6]
1775393969.4693837 [navNode-2] [INFO] [1775393969.468246183] [navNode]: 未到目标点
1775393969.4694915 [navNode-2] 目标位置:(0.0, 0.0, 0.1)-[A6]-[MCU:False]-[POS:False]
1775393969.4695394 [navNode-2] 当前位置:(-0.004092586226761341, -0.002453018445521593, 0.002207760699093342)
1775393969.5678768 [navNode-2] [INFO] [1775393969.567530353] [navNode]: 状态4：WaitAim--[A6]
1775393969.5682611 [navNode-2] [INFO] [1775393969.567949233] [navNode]: 未到目标点
1775393969.5684135 [navNode-2] 目标位置:(0.0, 0.0, 0.1)-[A6]-[MCU:False]-[POS:False]
1775393969.5685287 [navNode-2] 当前位置:(-0.003007275750860572, -0.0024832121562212706, 0.0015698799397796392)
1775393969.6679704 [navNode-2] [INFO] [1775393969.667606241] [navNode]: 状态4：WaitAim--[A6]
1775393969.6684201 [navNode-2] [INFO] [1775393969.668030706] [navNode]: 未到目标点
1775393969.6685584 [navNode-2] 目标位置:(0.0, 0.0, 0.1)-[A6]-[MCU:False]-[POS:False]
1775393969.6686206 [navNode-2] 当前位置:(-0.0031754709780216217, -0.0018688339041545987, 0.0018361964030191302)
1775393969.7678573 [navNode-2] [INFO] [1775393969.767467658] [navNode]: 状态4：WaitAim--[A6]
1775393969.7682161 [navNode-2] [INFO] [1775393969.767904822] [navNode]: 未到目标点
1775393969.7683256 [navNode-2] 目标位置:(0.0, 0.0, 0.1)-[A6]-[MCU:False]-[POS:False]
1775393969.7683790 [navNode-2] 当前位置:(-0.0031369030475616455, -0.0024886825121939182, 0.002359915291890502)
1775393969.8683386 [navNode-2] [INFO] [1775393969.867486189] [navNode]: 状态4：WaitAim--[A6]
1775393969.8686388 [navNode-2] [INFO] [1775393969.867954195] [navNode]: 未到目标点
1775393969.8687165 [navNode-2] 目标位置:(0.0, 0.0, 0.1)-[A6]-[MCU:False]-[POS:False]
1775393969.8687615 [navNode-2] 当前位置:(-0.003620194038376212, -0.0014497970696538687, 0.0026436778716742992)
1775393969.9686627 [navNode-2] [INFO] [1775393969.968284545] [navNode]: 状态4：WaitAim--[A6]
1775393969.9691973 [navNode-2] [INFO] [1775393969.968834940] [navNode]: 未到目标点
1775393969.9693506 [navNode-2] 目标位置:(0.0, 0.0, 0.1)-[A6]-[MCU:False]-[POS:False]
1775393969.9694383 [navNode-2] 当前位置:(-0.004027687944471836, -0.0019246460869908333, 0.002661010017618537)
1775393970.0688334 [navNode-2] [INFO] [1775393970.067920241] [navNode]: 状态4：WaitAim--[A6]
1775393970.0691071 [navNode-2] [INFO] [1775393970.068412894] [navNode]: 未到目标点
1775393970.0697088 [navNode-2] 目标位置:(0.0, 0.0, 0.1)-[A6]-[MCU:False]-[POS:False]
1775393970.0698788 [navNode-2] 当前位置:(-0.003572608809918165, -0.002032108837738633, 0.002689158311113715)
1775393970.1681941 [navNode-2] [INFO] [1775393970.167803484] [navNode]: 状态4：WaitAim--[A6]
1775393970.1687720 [navNode-2] [INFO] [1775393970.168353827] [navNode]: 未到目标点
1775393970.1689358 [navNode-2] 目标位置:(0.0, 0.0, 0.1)-[A6]-[MCU:False]-[POS:False]
1775393970.1690016 [navNode-2] 当前位置:(-0.002807763870805502, -0.0023507606238126755, 0.0019368455978110433)
1775393970.2684686 [navNode-2] [INFO] [1775393970.267750410] [navNode]: 状态4：WaitAim--[A6]
1775393970.2689276 [navNode-2] [INFO] [1775393970.268336780] [navNode]: 未到目标点
1775393970.2690427 [navNode-2] 目标位置:(0.0, 0.0, 0.1)-[A6]-[MCU:False]-[POS:False]
1775393970.2691247 [navNode-2] 当前位置:(-0.00258898688480258, -0.0016101626679301262, 0.0005994195234961808)
1775393970.3682117 [navNode-2] [INFO] [1775393970.367902704] [navNode]: 状态4：WaitAim--[A6]
1775393970.3694301 [navNode-2] [INFO] [1775393970.369206185] [navNode]: 未到目标点
1775393970.3695910 [navNode-2] 目标位置:(0.0, 0.0, 0.1)-[A6]-[MCU:False]-[POS:False]
1775393970.3696661 [navNode-2] 当前位置:(-0.0042610871605575085, -0.0019523383816704154, 0.0025173223111778498)
1775393970.4681966 [navNode-2] [INFO] [1775393970.467770670] [navNode]: 状态4：WaitAim--[A6]
1775393970.4686720 [navNode-2] [INFO] [1775393970.468329458] [navNode]: 未到目标点
1775393970.4687839 [navNode-2] 目标位置:(0.0, 0.0, 0.1)-[A6]-[MCU:False]-[POS:False]
1775393970.4688356 [navNode-2] 当前位置:(-0.0032298965379595757, -0.002148078056052327, 0.0011078092502430081)
1775393970.5688574 [navNode-2] [INFO] [1775393970.568474125] [navNode]: 状态4：WaitAim--[A6]
1775393970.5692587 [navNode-2] [INFO] [1775393970.568984775] [navNode]: 未到目标点
1775393970.5693619 [navNode-2] 目标位置:(0.0, 0.0, 0.1)-[A6]-[MCU:False]-[POS:False]
1775393970.5694149 [navNode-2] 当前位置:(-0.004461858421564102, -0.0026757726445794106, 0.0022387157659977674)
1775393970.6678236 [navNode-2] [INFO] [1775393970.667479745] [navNode]: 状态4：WaitAim--[A6]
1775393970.6682994 [navNode-2] [INFO] [1775393970.667946012] [navNode]: 未到目标点
1775393970.6684053 [navNode-2] 目标位置:(0.0, 0.0, 0.1)-[A6]-[MCU:False]-[POS:False]
1775393970.6684656 [navNode-2] 当前位置:(-0.004788069054484367, -0.0026535061188042164, 0.0014358763583004475)
1775393970.7684658 [navNode-2] [INFO] [1775393970.767610831] [navNode]: 状态4：WaitAim--[A6]
1775393970.7687294 [navNode-2] [INFO] [1775393970.768060378] [navNode]: 未到目标点
1775393970.7688203 [navNode-2] 目标位置:(0.0, 0.0, 0.1)-[A6]-[MCU:False]-[POS:False]
1775393970.7688732 [navNode-2] 当前位置:(-0.003950207028537989, -0.0025042681954801083, 0.0023163261357694864)
1775393970.8685436 [navNode-2] [INFO] [1775393970.868186410] [navNode]: 状态4：WaitAim--[A6]
1775393970.8689899 [navNode-2] [INFO] [1775393970.868646843] [navNode]: 未到目标点
1775393970.8691139 [navNode-2] 目标位置:(0.0, 0.0, 0.1)-[A6]-[MCU:False]-[POS:False]
1775393970.8691924 [navNode-2] 当前位置:(-0.0036894814111292362, -0.0025837665889412165, 0.001459157676436007)
1775393970.9680541 [navNode-2] [INFO] [1775393970.967669306] [navNode]: 状态4：WaitAim--[A6]
1775393970.9686322 [navNode-2] [INFO] [1775393970.968162443] [navNode]: 未到目标点
1775393970.9688175 [navNode-2] 目标位置:(0.0, 0.0, 0.1)-[A6]-[MCU:False]-[POS:False]
1775393970.9688838 [navNode-2] 当前位置:(-0.0043932367116212845, -0.002156632486730814, 0.0012934815604239702)
1775393971.0673673 [navNode-2] [INFO] [1775393971.067051345] [navNode]: 状态4：WaitAim--[A6]
1775393971.0679498 [navNode-2] [INFO] [1775393971.067595614] [navNode]: 未到目标点
1775393971.0680821 [navNode-2] 目标位置:(0.0, 0.0, 0.1)-[A6]-[MCU:False]-[POS:False]
1775393971.0681326 [navNode-2] 当前位置:(-0.003541252575814724, -0.002264463109895587, 0.0021246306132525206)
1775393971.1677728 [navNode-2] [INFO] [1775393971.167408955] [navNode]: 状态4：WaitAim--[A6]
1775393971.1686258 [navNode-2] [INFO] [1775393971.167796422] [navNode]: 未到目标点
1775393971.1687992 [navNode-2] 目标位置:(0.0, 0.0, 0.1)-[A6]-[MCU:False]-[POS:False]
1775393971.1689088 [navNode-2] 当前位置:(-0.003352651372551918, -0.0021347152069211006, 0.0016094822203740478)
1775393971.2687111 [navNode-2] [INFO] [1775393971.267870598] [navNode]: 状态4：WaitAim--[A6]
1775393971.2689807 [navNode-2] [INFO] [1775393971.268318872] [navNode]: 未到目标点
1775393971.2690537 [navNode-2] 目标位置:(0.0, 0.0, 0.1)-[A6]-[MCU:False]-[POS:False]
1775393971.2690933 [navNode-2] 当前位置:(-0.003625648794695735, -0.0019548095297068357, 0.0020013293251395226)
1775393971.3680134 [navNode-2] [INFO] [1775393971.367658624] [navNode]: 状态4：WaitAim--[A6]
1775393971.3687449 [navNode-2] [INFO] [1775393971.368116989] [navNode]: 未到目标点
1775393971.3689024 [navNode-2] 目标位置:(0.0, 0.0, 0.1)-[A6]-[MCU:False]-[POS:False]
1775393971.3690493 [navNode-2] 当前位置:(-0.0042000869289040565, -0.002583508612588048, 0.002338337479159236)
1775393971.4676213 [navNode-2] [INFO] [1775393971.467292397] [navNode]: 状态4：WaitAim--[A6]
1775393971.4680076 [navNode-2] [INFO] [1775393971.467741482] [navNode]: 未到目标点
1775393971.4681411 [navNode-2] 目标位置:(0.0, 0.0, 0.1)-[A6]-[MCU:False]-[POS:False]
1775393971.4681931 [navNode-2] 当前位置:(-0.003847358049824834, -0.0020274417474865913, 0.0025490750558674335)
1775393971.5681505 [navNode-2] [INFO] [1775393971.567801265] [navNode]: 状态4：WaitAim--[A6]
1775393971.5685689 [navNode-2] [INFO] [1775393971.568272153] [navNode]: 未到目标点
1775393971.5686531 [navNode-2] 目标位置:(0.0, 0.0, 0.1)-[A6]-[MCU:False]-[POS:False]
1775393971.5686932 [navNode-2] 当前位置:(-0.003653690218925476, -0.0021575791761279106, 0.0026649057399481535)
1775393971.6685135 [navNode-2] [INFO] [1775393971.667659095] [navNode]: 状态4：WaitAim--[A6]
1775393971.6687779 [navNode-2] [INFO] [1775393971.668159677] [navNode]: 未到目标点
1775393971.6688333 [navNode-2] 目标位置:(0.0, 0.0, 0.1)-[A6]-[MCU:False]-[POS:False]
1775393971.6688735 [navNode-2] 当前位置:(-0.004496882203966379, -0.002244924660772085, 0.002103181555867195)
1775393971.7677758 [navNode-2] [INFO] [1775393971.767452855] [navNode]: 状态4：WaitAim--[A6]
1775393971.7681663 [navNode-2] [INFO] [1775393971.767941761] [navNode]: 未到目标点
1775393971.7682438 [navNode-2] 目标位置:(0.0, 0.0, 0.1)-[A6]-[MCU:False]-[POS:False]
1775393971.7682903 [navNode-2] 当前位置:(-0.00395994121208787, -0.0026084647979587317, 0.002010832540690899)
1775393971.8684385 [navNode-2] [INFO] [1775393971.868004189] [navNode]: 状态4：WaitAim--[A6]
1775393971.8688896 [navNode-2] [INFO] [1775393971.868420613] [navNode]: 未到目标点
1775393971.8689704 [navNode-2] 目标位置:(0.0, 0.0, 0.1)-[A6]-[MCU:False]-[POS:False]
1775393971.8690133 [navNode-2] 当前位置:(-0.004248927813023329, -0.00243783975020051, 0.0020119769033044577)
1775393971.9681919 [navNode-2] [INFO] [1775393971.967616762] [navNode]: 状态4：WaitAim--[A6]
1775393971.9687877 [navNode-2] [INFO] [1775393971.968127645] [navNode]: 未到目标点
1775393971.9688745 [navNode-2] 目标位置:(0.0, 0.0, 0.1)-[A6]-[MCU:False]-[POS:False]
1775393971.9689200 [navNode-2] 当前位置:(-0.003987269476056099, -0.0026492862962186337, 0.0023109379690140486)
1775393972.0678263 [navNode-2] [INFO] [1775393972.067419600] [navNode]: 状态4：WaitAim--[A6]
1775393972.0683002 [navNode-2] [INFO] [1775393972.067880889] [navNode]: 未到目标点
1775393972.0683775 [navNode-2] 目标位置:(0.0, 0.0, 0.1)-[A6]-[MCU:False]-[POS:False]
1775393972.0684233 [navNode-2] 当前位置:(-0.0033849410247057676, -0.002357523189857602, 0.0021313102915883064)
1775393972.1687193 [navNode-2] [INFO] [1775393972.168383084] [navNode]: 状态4：WaitAim--[A6]
1775393972.1690886 [navNode-2] [INFO] [1775393972.168811745] [navNode]: 未到目标点
1775393972.1691647 [navNode-2] 目标位置:(0.0, 0.0, 0.1)-[A6]-[MCU:False]-[POS:False]
1775393972.1692073 [navNode-2] 当前位置:(-0.0035486165434122086, -0.002103547565639019, 0.0016876407898962498)
1775393972.2678223 [navNode-2] [INFO] [1775393972.267450477] [navNode]: 状态4：WaitAim--[A6]
1775393972.2683067 [navNode-2] [INFO] [1775393972.267888441] [navNode]: 未到目标点
1775393972.2684572 [navNode-2] 目标位置:(0.0, 0.0, 0.1)-[A6]-[MCU:False]-[POS:False]
1775393972.2685368 [navNode-2] 当前位置:(-0.0040109651163220406, -0.001948381308466196, 0.0010686734458431602)
1775393972.3686571 [navNode-2] [INFO] [1775393972.368307650] [navNode]: 状态4：WaitAim--[A6]
1775393972.3691063 [navNode-2] [INFO] [1775393972.368762228] [navNode]: 未到目标点
1775393972.3692222 [navNode-2] 目标位置:(0.0, 0.0, 0.1)-[A6]-[MCU:False]-[POS:False]
1775393972.3692741 [navNode-2] 当前位置:(-0.004282824695110321, -0.0026952740736305714, 0.0030248065013438463)
1775393972.4678974 [navNode-2] [INFO] [1775393972.467190783] [navNode]: 状态4：WaitAim--[A6]
1775393972.4681950 [navNode-2] [INFO] [1775393972.467576152] [navNode]: 未到目标点
1775393972.4683466 [navNode-2] 目标位置:(0.0, 0.0, 0.1)-[A6]-[MCU:False]-[POS:False]
1775393972.4684639 [navNode-2] 当前位置:(-0.0040151625871658325, -0.002772192470729351, 0.0031506060622632504)
1775393972.5677328 [navNode-2] [INFO] [1775393972.567370584] [navNode]: 状态4：WaitAim--[A6]
1775393972.5681720 [navNode-2] [INFO] [1775393972.567781593] [navNode]: 未到目标点
1775393972.5683713 [navNode-2] 目标位置:(0.0, 0.0, 0.1)-[A6]-[MCU:False]-[POS:False]
1775393972.5685155 [navNode-2] 当前位置:(-0.0036857968661934137, -0.0024430970661342144, 0.0022244553547352552)
1775393972.6680131 [navNode-2] [INFO] [1775393972.667230567] [navNode]: 状态4：WaitAim--[A6]
1775393972.6682563 [navNode-2] [INFO] [1775393972.667600171] [navNode]: 未到目标点
1775393972.6683269 [navNode-2] 目标位置:(0.0, 0.0, 0.1)-[A6]-[MCU:False]-[POS:False]
1775393972.6683614 [navNode-2] 当前位置:(-0.004267098847776651, -0.002301640808582306, 0.0023388455156236887)
1775393972.7676759 [navNode-2] [INFO] [1775393972.767323175] [navNode]: 状态4：WaitAim--[A6]
1775393972.7681818 [navNode-2] [INFO] [1775393972.767756896] [navNode]: 未到目标点
1775393972.7683094 [navNode-2] 目标位置:(0.0, 0.0, 0.1)-[A6]-[MCU:False]-[POS:False]
1775393972.7683778 [navNode-2] 当前位置:(-0.004326027352362871, -0.002308029681444168, 0.002652551280334592)
1775393972.8681524 [navNode-2] [INFO] [1775393972.867350792] [navNode]: 状态4：WaitAim--[A6]
1775393972.8683927 [navNode-2] [INFO] [1775393972.867775146] [navNode]: 未到目标点
1775393972.8684707 [navNode-2] 目标位置:(0.0, 0.0, 0.1)-[A6]-[MCU:False]-[POS:False]
1775393972.8685145 [navNode-2] 当前位置:(-0.00355282099917531, -0.002037279075011611, 0.0016543284291401505)
1775393972.9687598 [navNode-2] [INFO] [1775393972.968334028] [navNode]: 状态4：WaitAim--[A6]
1775393972.9693766 [navNode-2] [INFO] [1775393972.968998230] [navNode]: 未到目标点
1775393972.9695642 [navNode-2] 目标位置:(0.0, 0.0, 0.1)-[A6]-[MCU:False]-[POS:False]
1775393972.9696398 [navNode-2] 当前位置:(-0.0038893430028110743, -0.002215550746768713, 0.0019864735659211874)
1775393973.0679381 [navNode-2] [INFO] [1775393973.067284544] [navNode]: 状态4：WaitAim--[A6]
1775393973.0684578 [navNode-2] [INFO] [1775393973.067735697] [navNode]: 未到目标点
1775393973.0685458 [navNode-2] 目标位置:(0.0, 0.0, 0.1)-[A6]-[MCU:False]-[POS:False]
1775393973.0685880 [navNode-2] 当前位置:(-0.003781217848882079, -0.002212134888395667, 0.002336610807105899)
1775393973.1677043 [navNode-2] [INFO] [1775393973.167333805] [navNode]: 状态4：WaitAim--[A6]
1775393973.1683607 [navNode-2] [INFO] [1775393973.167777449] [navNode]: 未到目标点
1775393973.1685252 [navNode-2] 目标位置:(0.0, 0.0, 0.1)-[A6]-[MCU:False]-[POS:False]
1775393973.1685879 [navNode-2] 当前位置:(-0.003861234523355961, -0.002331934403628111, 0.0026012174785137177)
1775393973.2678344 [navNode-2] [INFO] [1775393973.267455058] [navNode]: 状态4：WaitAim--[A6]
1775393973.2683392 [navNode-2] [INFO] [1775393973.267925092] [navNode]: 未到目标点
1775393973.2684820 [navNode-2] 目标位置:(0.0, 0.0, 0.1)-[A6]-[MCU:False]-[POS:False]
1775393973.2685673 [navNode-2] 当前位置:(-0.004256583750247955, -0.002169039798900485, 0.002045660512521863)
1775393973.3679233 [navNode-2] [INFO] [1775393973.367407992] [navNode]: 状态4：WaitAim--[A6]
1775393973.3684807 [navNode-2] [INFO] [1775393973.367915900] [navNode]: 未到目标点
1775393973.3686345 [navNode-2] 目标位置:(0.0, 0.0, 0.1)-[A6]-[MCU:False]-[POS:False]
1775393973.3687015 [navNode-2] 当前位置:(-0.0041844286024570465, -0.00267581082880497, 0.002261923858895898)
1775393973.4677305 [navNode-2] [INFO] [1775393973.467370656] [navNode]: 状态4：WaitAim--[A6]
1775393973.4681811 [navNode-2] [INFO] [1775393973.467920839] [navNode]: 未到目标点
1775393973.4683006 [navNode-2] 目标位置:(0.0, 0.0, 0.1)-[A6]-[MCU:False]-[POS:False]
1775393973.4684098 [navNode-2] 当前位置:(-0.004261725582182407, -0.0025136752519756556, 0.0023574389051645994)
1775393973.5687010 [navNode-2] [INFO] [1775393973.568204579] [navNode]: 状态4：WaitAim--[A6]
1775393973.5692749 [navNode-2] [INFO] [1775393973.568863313] [navNode]: 未到目标点
1775393973.5694447 [navNode-2] 目标位置:(0.0, 0.0, 0.1)-[A6]-[MCU:False]-[POS:False]
1775393973.5695493 [navNode-2] 当前位置:(-0.0038645390886813402, -0.002198705216869712, 0.0016291990177705884)
1775393973.6680911 [navNode-2] [INFO] [1775393973.667610076] [navNode]: 状态4：WaitAim--[A6]
1775393973.6684911 [navNode-2] [INFO] [1775393973.668145696] [navNode]: 未到目标点
1775393973.6685896 [navNode-2] 目标位置:(0.0, 0.0, 0.1)-[A6]-[MCU:False]-[POS:False]
1775393973.6686728 [navNode-2] 当前位置:(-0.003970548044890165, -0.0019967590924352407, 0.002680770820006728)
1775393973.7684348 [navNode-2] [INFO] [1775393973.768030629] [navNode]: 状态4：WaitAim--[A6]
1775393973.7688725 [navNode-2] [INFO] [1775393973.768491957] [navNode]: 未到目标点
1775393973.7689805 [navNode-2] 目标位置:(0.0, 0.0, 0.1)-[A6]-[MCU:False]-[POS:False]
1775393973.7690628 [navNode-2] 当前位置:(-0.0041575864888727665, -0.0023739065509289503, 0.002466160338371992)
1775393973.8677406 [navNode-2] [INFO] [1775393973.867204554] [navNode]: 状态4：WaitAim--[A6]
1775393973.8680704 [navNode-2] [INFO] [1775393973.867796984] [navNode]: 未到目标点
1775393973.8681316 [navNode-2] 目标位置:(0.0, 0.0, 0.1)-[A6]-[MCU:False]-[POS:False]
1775393973.8681686 [navNode-2] 当前位置:(-0.0038331940304487944, -0.002322364831343293, 0.0026245862245559692)
1775393973.9676831 [navNode-2] [INFO] [1775393973.967375353] [navNode]: 状态4：WaitAim--[A6]
1775393973.9680750 [navNode-2] [INFO] [1775393973.967789283] [navNode]: 未到目标点
1775393973.9681923 [navNode-2] 目标位置:(0.0, 0.0, 0.1)-[A6]-[MCU:False]-[POS:False]
1775393973.9682426 [navNode-2] 当前位置:(-0.004290277604013681, -0.0019759610295295715, 0.0022542010992765427)
1775393974.0684283 [navNode-2] [INFO] [1775393974.068052883] [navNode]: 状态4：WaitAim--[A6]
1775393974.0690460 [navNode-2] [INFO] [1775393974.068800373] [navNode]: 未到目标点
1775393974.0691829 [navNode-2] 目标位置:(0.0, 0.0, 0.1)-[A6]-[MCU:False]-[POS:False]
1775393974.0692394 [navNode-2] 当前位置:(-0.0029014344327151775, -0.0016181680839508772, 0.0007352496613748372)
1775393974.1685975 [navNode-2] [INFO] [1775393974.167743811] [navNode]: 状态4：WaitAim--[A6]
1775393974.1688421 [navNode-2] [INFO] [1775393974.168194704] [navNode]: 未到目标点
1775393974.1689236 [navNode-2] 目标位置:(0.0, 0.0, 0.1)-[A6]-[MCU:False]-[POS:False]
1775393974.1689694 [navNode-2] 当前位置:(-0.003917635418474674, -0.0022217840887606144, 0.0024756339844316244)
1775393974.2684264 [navNode-2] [INFO] [1775393974.267920175] [navNode]: 状态4：WaitAim--[A6]
1775393974.2689712 [navNode-2] [INFO] [1775393974.268461962] [navNode]: 未到目标点
1775393974.2690952 [navNode-2] 目标位置:(0.0, 0.0, 0.1)-[A6]-[MCU:False]-[POS:False]
1775393974.2691691 [navNode-2] 当前位置:(-0.003889848245307803, -0.0023903269320726395, 0.0021353240590542555)
1775393974.3684287 [navNode-2] [INFO] [1775393974.367511019] [navNode]: 状态4：WaitAim--[A6]
1775393974.3686996 [navNode-2] [INFO] [1775393974.367956779] [navNode]: 未到目标点
1775393974.3687727 [navNode-2] 目标位置:(0.0, 0.0, 0.1)-[A6]-[MCU:False]-[POS:False]
1775393974.3688164 [navNode-2] 当前位置:(-0.003954178187996149, -0.0022426461800932884, 0.00231558782979846)
1775393974.4683776 [navNode-2] [INFO] [1775393974.467573732] [navNode]: 状态4：WaitAim--[A6]
1775393974.4686449 [navNode-2] [INFO] [1775393974.468022372] [navNode]: 未到目标点
1775393974.4687209 [navNode-2] 目标位置:(0.0, 0.0, 0.1)-[A6]-[MCU:False]-[POS:False]
1775393974.4687595 [navNode-2] 当前位置:(-0.0035104681737720966, -0.002049496164545417, 0.0013377636205404997)
1775393974.5681877 [navNode-2] [INFO] [1775393974.567777866] [navNode]: 状态4：WaitAim--[A6]
1775393974.5694444 [navNode-2] [INFO] [1775393974.568343029] [navNode]: 未到目标点
1775393974.5696931 [navNode-2] 目标位置:(0.0, 0.0, 0.1)-[A6]-[MCU:False]-[POS:False]
1775393974.5697920 [navNode-2] 当前位置:(-0.0033203689381480217, -0.0020074923522770405, 0.0015665669925510883)
1775393974.6683376 [navNode-2] [INFO] [1775393974.667511265] [navNode]: 状态4：WaitAim--[A6]
1775393974.6685896 [navNode-2] [INFO] [1775393974.667955473] [navNode]: 未到目标点
1775393974.6686647 [navNode-2] 目标位置:(0.0, 0.0, 0.1)-[A6]-[MCU:False]-[POS:False]
1775393974.6687045 [navNode-2] 当前位置:(-0.003777064848691225, -0.002293187426403165, 0.0030432362109422684)
1775393974.7679651 [navNode-2] [INFO] [1775393974.767593620] [navNode]: 状态4：WaitAim--[A6]
1775393974.7684488 [navNode-2] [INFO] [1775393974.768081227] [navNode]: 未到目标点
1775393974.7685387 [navNode-2] 目标位置:(0.0, 0.0, 0.1)-[A6]-[MCU:False]-[POS:False]
1775393974.7685864 [navNode-2] 当前位置:(-0.004239355679601431, -0.002636393066495657, 0.003112680045887828)
1775393974.8676741 [navNode-2] [INFO] [1775393974.867283642] [navNode]: 状态4：WaitAim--[A6]
1775393974.8687727 [navNode-2] [INFO] [1775393974.868432232] [navNode]: 未到目标点
1775393974.8689053 [navNode-2] 目标位置:(0.0, 0.0, 0.1)-[A6]-[MCU:False]-[POS:False]
1775393974.8689601 [navNode-2] 当前位置:(-0.003978771157562733, -0.0023669633083045483, 0.00154650560580194)
1775393974.9684803 [navNode-2] [INFO] [1775393974.968113920] [navNode]: 状态4：WaitAim--[A6]
1775393974.9690287 [navNode-2] [INFO] [1775393974.968772482] [navNode]: 未到目标点
1775393974.9691589 [navNode-2] 目标位置:(0.0, 0.0, 0.1)-[A6]-[MCU:False]-[POS:False]
1775393974.9692385 [navNode-2] 当前位置:(-0.003995521925389767, -0.002689408604055643, 0.002638215431943536)
1775393975.0684903 [navNode-2] [INFO] [1775393975.067619428] [navNode]: 状态4：WaitAim--[A6]
1775393975.0688510 [navNode-2] [INFO] [1775393975.068073473] [navNode]: 未到目标点
1775393975.0689497 [navNode-2] 目标位置:(0.0, 0.0, 0.1)-[A6]-[MCU:False]-[POS:False]
1775393975.0689909 [navNode-2] 当前位置:(-0.0037274700589478016, -0.002150233369320631, 0.0016146865673363209)
1775393975.1686757 [navNode-2] [INFO] [1775393975.168062617] [navNode]: 状态4：WaitAim--[A6]
1775393975.1691060 [navNode-2] [INFO] [1775393975.168521498] [navNode]: 未到目标点
1775393975.1692162 [navNode-2] 目标位置:(0.0, 0.0, 0.1)-[A6]-[MCU:False]-[POS:False]
1775393975.1692889 [navNode-2] 当前位置:(-0.003979944158345461, -0.0028242715634405613, 0.002011858858168125)
1775393975.2686675 [navNode-2] [INFO] [1775393975.268344286] [navNode]: 状态4：WaitAim--[A6]
1775393975.2691047 [navNode-2] [INFO] [1775393975.268776886] [navNode]: 未到目标点
1775393975.2692246 [navNode-2] 目标位置:(0.0, 0.0, 0.1)-[A6]-[MCU:False]-[POS:False]
1775393975.2693105 [navNode-2] 当前位置:(-0.0032447432167828083, -0.0022295687813311815, 0.0018918506102636456)
1775393975.3680322 [navNode-2] [INFO] [1775393975.367692769] [navNode]: 状态4：WaitAim--[A6]
1775393975.3684719 [navNode-2] [INFO] [1775393975.368150012] [navNode]: 未到目标点
1775393975.3686013 [navNode-2] 目标位置:(0.0, 0.0, 0.1)-[A6]-[MCU:False]-[POS:False]
1775393975.3686604 [navNode-2] 当前位置:(-0.003765737172216177, -0.002526824828237295, 0.002735926304012537)
1775393975.4680700 [navNode-2] [INFO] [1775393975.467642145] [navNode]: 状态4：WaitAim--[A6]
1775393975.4686460 [navNode-2] [INFO] [1775393975.468115830] [navNode]: 未到目标点
1775393975.4688203 [navNode-2] 目标位置:(0.0, 0.0, 0.1)-[A6]-[MCU:False]-[POS:False]
1775393975.4688869 [navNode-2] 当前位置:(-0.00410818075761199, -0.0022280937992036343, 0.0024792079348117113)
1775393975.5693054 [navNode-2] [INFO] [1775393975.568506685] [navNode]: 状态4：WaitAim--[A6]
1775393975.5695298 [navNode-2] [INFO] [1775393975.568932935] [navNode]: 未到目标点
1775393975.5696054 [navNode-2] 目标位置:(0.0, 0.0, 0.1)-[A6]-[MCU:False]-[POS:False]
1775393975.5696547 [navNode-2] 当前位置:(-0.0036407005973160267, -0.0023294202983379364, 0.0022748387418687344)
1775393975.6679826 [navNode-2] [INFO] [1775393975.667539681] [navNode]: 状态4：WaitAim--[A6]
1775393975.6687162 [navNode-2] [INFO] [1775393975.668011946] [navNode]: 未到目标点
1775393975.6688950 [navNode-2] 目标位置:(0.0, 0.0, 0.1)-[A6]-[MCU:False]-[POS:False]
1775393975.6689651 [navNode-2] 当前位置:(-0.0033060095738619566, -0.0024962532334029675, 0.0021587880328297615)
1775393975.7677665 [navNode-2] [INFO] [1775393975.767306915] [navNode]: 状态4：WaitAim--[A6]
1775393975.7682865 [navNode-2] [INFO] [1775393975.767755467] [navNode]: 未到目标点
1775393975.7683799 [navNode-2] 目标位置:(0.0, 0.0, 0.1)-[A6]-[MCU:False]-[POS:False]
1775393975.7684226 [navNode-2] 当前位置:(-0.003450667019933462, -0.0023874484468251467, 0.0018617629539221525)
1775393975.8680317 [navNode-2] [INFO] [1775393975.867439079] [navNode]: 状态4：WaitAim--[A6]
1775393975.8684037 [navNode-2] [INFO] [1775393975.867973866] [navNode]: 未到目标点
1775393975.8684869 [navNode-2] 目标位置:(0.0, 0.0, 0.1)-[A6]-[MCU:False]-[POS:False]
1775393975.8685739 [navNode-2] 当前位置:(-0.0030507759656757116, -0.0019220412941649556, 0.0008503065328113735)
1775393975.9679410 [navNode-2] [INFO] [1775393975.967566632] [navNode]: 状态4：WaitAim--[A6]
1775393975.9683588 [navNode-2] [INFO] [1775393975.968031981] [navNode]: 未到目标点
1775393975.9684808 [navNode-2] 目标位置:(0.0, 0.0, 0.1)-[A6]-[MCU:False]-[POS:False]
1775393975.9685564 [navNode-2] 当前位置:(-0.0042283860966563225, -0.0022628025617450476, 0.002630251692607999)
1775393976.0680206 [navNode-2] [INFO] [1775393976.067669093] [navNode]: 状态4：WaitAim--[A6]
1775393976.0684755 [navNode-2] [INFO] [1775393976.068219438] [navNode]: 未到目标点
1775393976.0685506 [navNode-2] 目标位置:(0.0, 0.0, 0.1)-[A6]-[MCU:False]-[POS:False]
1775393976.0685892 [navNode-2] 当前位置:(-0.0041416119784116745, -0.0024968604557216167, 0.001978421350941062)
1775393976.1684663 [navNode-2] [INFO] [1775393976.168103634] [navNode]: 状态4：WaitAim--[A6]
1775393976.1689467 [navNode-2] [INFO] [1775393976.168571307] [navNode]: 未到目标点
1775393976.1690562 [navNode-2] 目标位置:(0.0, 0.0, 0.1)-[A6]-[MCU:False]-[POS:False]
1775393976.1691208 [navNode-2] 当前位置:(-0.0037548134569078684, -0.0022054670844227076, 0.002566517097875476)
1775393976.2679293 [navNode-2] [INFO] [1775393976.267562626] [navNode]: 状态4：WaitAim--[A6]
1775393976.2683487 [navNode-2] [INFO] [1775393976.268031103] [navNode]: 未到目标点
1775393976.2684500 [navNode-2] 目标位置:(0.0, 0.0, 0.1)-[A6]-[MCU:False]-[POS:False]
1775393976.2685056 [navNode-2] 当前位置:(-0.003722832538187504, -0.002100996905937791, 0.0017068280139937997)
1775393976.3676286 [navNode-2] [INFO] [1775393976.367156892] [navNode]: 状态4：WaitAim--[A6]
1775393976.3680723 [navNode-2] [INFO] [1775393976.367591471] [navNode]: 未到目标点
1775393976.3681734 [navNode-2] 目标位置:(0.0, 0.0, 0.1)-[A6]-[MCU:False]-[POS:False]
1775393976.3682635 [navNode-2] 当前位置:(-0.0036100554279983044, -0.00225473172031343, 0.002846302231773734)
1775393976.4680312 [navNode-2] [INFO] [1775393976.467686345] [navNode]: 状态4：WaitAim--[A6]
1775393976.4683845 [navNode-2] [INFO] [1775393976.468145302] [navNode]: 未到目标点
1775393976.4684529 [navNode-2] 目标位置:(0.0, 0.0, 0.1)-[A6]-[MCU:False]-[POS:False]
1775393976.4685135 [navNode-2] 当前位置:(-0.0028063193894922733, -0.0018292191671207547, 0.0005879186792299151)
1775393976.5678504 [navNode-2] [INFO] [1775393976.567520222] [navNode]: 状态4：WaitAim--[A6]
1775393976.5681956 [navNode-2] [INFO] [1775393976.567974229] [navNode]: 未到目标点
1775393976.5683112 [navNode-2] 目标位置:(0.0, 0.0, 0.1)-[A6]-[MCU:False]-[POS:False]
1775393976.5683897 [navNode-2] 当前位置:(-0.003967450466006994, -0.0024950646329671144, 0.002266763709485531)
1775393976.6678057 [navNode-2] [INFO] [1775393976.667435912] [navNode]: 状态4：WaitAim--[A6]
1775393976.6682978 [navNode-2] [INFO] [1775393976.667938077] [navNode]: 未到目标点
1775393976.6684370 [navNode-2] 目标位置:(0.0, 0.0, 0.1)-[A6]-[MCU:False]-[POS:False]
1775393976.6685491 [navNode-2] 当前位置:(-0.004109199624508619, -0.002698258962482214, 0.0028579619247466326)
1775393976.7678919 [navNode-2] [INFO] [1775393976.767441885] [navNode]: 状态4：WaitAim--[A6]
1775393976.7683940 [navNode-2] [INFO] [1775393976.767879792] [navNode]: 未到目标点
1775393976.7685149 [navNode-2] 目标位置:(0.0, 0.0, 0.1)-[A6]-[MCU:False]-[POS:False]
1775393976.7685773 [navNode-2] 当前位置:(-0.004350738134235144, -0.002519379137083888, 0.0020877020433545113)
1775393976.8684390 [navNode-2] [INFO] [1775393976.867974475] [navNode]: 状态4：WaitAim--[A6]
1775393976.8688660 [navNode-2] [INFO] [1775393976.868483827] [navNode]: 未到目标点
1775393976.8689735 [navNode-2] 目标位置:(0.0, 0.0, 0.1)-[A6]-[MCU:False]-[POS:False]
1775393976.8690495 [navNode-2] 当前位置:(-0.003194074146449566, -0.0017356971511617303, 0.0010011610575020313)
1775393976.9681923 [navNode-2] [INFO] [1775393976.967861237] [navNode]: 状态4：WaitAim--[A6]
1775393976.9686158 [navNode-2] [INFO] [1775393976.968329837] [navNode]: 未到目标点
1775393976.9687304 [navNode-2] 目标位置:(0.0, 0.0, 0.1)-[A6]-[MCU:False]-[POS:False]
1775393976.9688075 [navNode-2] 当前位置:(-0.0040359171107411385, -0.0025416514836251736, 0.0017286009388044477)
1775393977.0678759 [navNode-2] [INFO] [1775393977.067482964] [navNode]: 状态4：WaitAim--[A6]
1775393977.0683880 [navNode-2] [INFO] [1775393977.068004596] [navNode]: 未到目标点
1775393977.0685136 [navNode-2] 目标位置:(0.0, 0.0, 0.1)-[A6]-[MCU:False]-[POS:False]
1775393977.0686212 [navNode-2] 当前位置:(-0.00378888170234859, -0.0021283896639943123, 0.0019068567780777812)
1775393977.1679623 [navNode-2] [INFO] [1775393977.167612023] [navNode]: 状态4：WaitAim--[A6]
1775393977.1684873 [navNode-2] [INFO] [1775393977.168052746] [navNode]: 未到目标点
1775393977.1686316 [navNode-2] 目标位置:(0.0, 0.0, 0.1)-[A6]-[MCU:False]-[POS:False]
1775393977.1687059 [navNode-2] 当前位置:(-0.004707819782197475, -0.0024784160777926445, 0.002776151290163398)
1775393977.2677634 [navNode-2] [INFO] [1775393977.267403542] [navNode]: 状态4：WaitAim--[A6]
1775393977.2682843 [navNode-2] [INFO] [1775393977.267837109] [navNode]: 未到目标点
1775393977.2684557 [navNode-2] 目标位置:(0.0, 0.0, 0.1)-[A6]-[MCU:False]-[POS:False]
1775393977.2685401 [navNode-2] 当前位置:(-0.005117993801832199, -0.002680607372894883, 0.002637261524796486)
1775393977.3677099 [navNode-2] [INFO] [1775393977.367363120] [navNode]: 状态4：WaitAim--[A6]
1775393977.3681462 [navNode-2] [INFO] [1775393977.367807596] [navNode]: 未到目标点
1775393977.3682883 [navNode-2] 目标位置:(0.0, 0.0, 0.1)-[A6]-[MCU:False]-[POS:False]
1775393977.3683646 [navNode-2] 当前位置:(-0.003405851311981678, -0.0020606564357876778, 0.0012961027678102255)
1775393977.4675393 [navNode-2] [INFO] [1775393977.467214552] [navNode]: 状态4：WaitAim--[A6]
1775393977.4680367 [navNode-2] [INFO] [1775393977.467607140] [navNode]: 未到目标点
1775393977.4681773 [navNode-2] 目标位置:(0.0, 0.0, 0.1)-[A6]-[MCU:False]-[POS:False]
1775393977.4682455 [navNode-2] 当前位置:(-0.0038684546016156673, -0.0019162647658959031, 0.002052814932540059)
1775393977.5688748 [navNode-2] [INFO] [1775393977.567789959] [navNode]: 状态4：WaitAim--[A6]
1775393977.5694451 [navNode-2] [INFO] [1775393977.568499310] [navNode]: 未到目标点
1775393977.5695689 [navNode-2] 目标位置:(0.0, 0.0, 0.1)-[A6]-[MCU:False]-[POS:False]
1775393977.5696559 [navNode-2] 当前位置:(-0.0045221345499157906, -0.002403285587206483, 0.002468494465574622)
1775393977.6680937 [navNode-2] [INFO] [1775393977.667723016] [navNode]: 状态4：WaitAim--[A6]
1775393977.6685526 [navNode-2] [INFO] [1775393977.668214941] [navNode]: 未到目标点
1775393977.6686800 [navNode-2] 目标位置:(0.0, 0.0, 0.1)-[A6]-[MCU:False]-[POS:False]
1775393977.6687660 [navNode-2] 当前位置:(-0.004201900213956833, -0.002660186728462577, 0.002088390989229083)
1775393977.7689459 [navNode-2] [INFO] [1775393977.767984077] [navNode]: 状态4：WaitAim--[A6]
1775393977.7693098 [navNode-2] [INFO] [1775393977.768533128] [navNode]: 未到目标点
1775393977.7694163 [navNode-2] 目标位置:(0.0, 0.0, 0.1)-[A6]-[MCU:False]-[POS:False]
1775393977.7694590 [navNode-2] 当前位置:(-0.004130075220018625, -0.0027442281134426594, 0.002307864837348461)
1775393977.8678041 [navNode-2] [INFO] [1775393977.867466545] [navNode]: 状态4：WaitAim--[A6]
1775393977.8682909 [navNode-2] [INFO] [1775393977.867924704] [navNode]: 未到目标点
1775393977.8684647 [navNode-2] 目标位置:(0.0, 0.0, 0.1)-[A6]-[MCU:False]-[POS:False]
1775393977.8685410 [navNode-2] 当前位置:(-0.004124026745557785, -0.0022029548417776823, 0.002495821099728346)
1775393977.9677041 [navNode-2] [INFO] [1775393977.967365982] [navNode]: 状态4：WaitAim--[A6]
1775393977.9681692 [navNode-2] [INFO] [1775393977.967891910] [navNode]: 未到目标点
1775393977.9682879 [navNode-2] 目标位置:(0.0, 0.0, 0.1)-[A6]-[MCU:False]-[POS:False]
1775393977.9683442 [navNode-2] 当前位置:(-0.004297283478081226, -0.0022345776669681072, 0.0015012009534984827)
1775393978.0678127 [navNode-2] [INFO] [1775393978.067457349] [navNode]: 状态4：WaitAim--[A6]
1775393978.0682545 [navNode-2] [INFO] [1775393978.067939979] [navNode]: 未到目标点
1775393978.0683849 [navNode-2] 目标位置:(0.0, 0.0, 0.1)-[A6]-[MCU:False]-[POS:False]
1775393978.0684624 [navNode-2] 当前位置:(-0.0036864865105599165, -0.002573545090854168, 0.002148749539628625)
1775393978.1680131 [navNode-2] [INFO] [1775393978.167651986] [navNode]: 状态4：WaitAim--[A6]
1775393978.1685092 [navNode-2] [INFO] [1775393978.168251460] [navNode]: 未到目标点
1775393978.1686594 [navNode-2] 目标位置:(0.0, 0.0, 0.1)-[A6]-[MCU:False]-[POS:False]
1775393978.1687453 [navNode-2] 当前位置:(-0.004068461712449789, -0.002504851436242461, 0.001529443426989019)
1775393978.2691872 [navNode-2] [INFO] [1775393978.268307678] [navNode]: 状态4：WaitAim--[A6]
1775393978.2693906 [navNode-2] [INFO] [1775393978.268797877] [navNode]: 未到目标点
1775393978.2694561 [navNode-2] 目标位置:(0.0, 0.0, 0.1)-[A6]-[MCU:False]-[POS:False]
1775393978.2694995 [navNode-2] 当前位置:(-0.004558739718049765, -0.002627623500302434, 0.002194532658904791)
1775393978.3678887 [navNode-2] [INFO] [1775393978.367467298] [navNode]: 状态4：WaitAim--[A6]
1775393978.3683765 [navNode-2] [INFO] [1775393978.368037101] [navNode]: 未到目标点
1775393978.3684642 [navNode-2] 目标位置:(0.0, 0.0, 0.1)-[A6]-[MCU:False]-[POS:False]
1775393978.3685155 [navNode-2] 当前位置:(-0.003982123918831348, -0.0029149516485631466, 0.002618466503918171)
1775393978.4681168 [navNode-2] [INFO] [1775393978.467756784] [navNode]: 状态4：WaitAim--[A6]
1775393978.4685321 [navNode-2] [INFO] [1775393978.468250992] [navNode]: 未到目标点
1775393978.4686561 [navNode-2] 目标位置:(0.0, 0.0, 0.1)-[A6]-[MCU:False]-[POS:False]
1775393978.4687140 [navNode-2] 当前位置:(-0.0038844263181090355, -0.0023492323234677315, 0.0025157290510833263)
1775393978.5681262 [navNode-2] [INFO] [1775393978.567728774] [navNode]: 状态4：WaitAim--[A6]
1775393978.5686300 [navNode-2] [INFO] [1775393978.568206233] [navNode]: 未到目标点
1775393978.5687463 [navNode-2] 目标位置:(0.0, 0.0, 0.1)-[A6]-[MCU:False]-[POS:False]
1775393978.5688219 [navNode-2] 当前位置:(-0.003413574304431677, -0.002160466741770506, 0.0015658970223739743)
1775393978.6676705 [navNode-2] [INFO] [1775393978.667247864] [navNode]: 状态4：WaitAim--[A6]
1775393978.6682115 [navNode-2] [INFO] [1775393978.667792290] [navNode]: 未到目标点
1775393978.6683078 [navNode-2] 目标位置:(0.0, 0.0, 0.1)-[A6]-[MCU:False]-[POS:False]
1775393978.6683478 [navNode-2] 当前位置:(-0.002999997930601239, -0.0017615363467484713, 0.0016217472730204463)
1775393978.7680118 [navNode-2] [INFO] [1775393978.767677098] [navNode]: 状态4：WaitAim--[A6]
1775393978.7684598 [navNode-2] [INFO] [1775393978.768127736] [navNode]: 未到目标点
1775393978.7685411 [navNode-2] 目标位置:(0.0, 0.0, 0.1)-[A6]-[MCU:False]-[POS:False]
1775393978.7685959 [navNode-2] 当前位置:(-0.0039108213968575, -0.0020487525034695864, 0.0025705969892442226)
1775393978.8675973 [navNode-2] [INFO] [1775393978.867298986] [navNode]: 状态4：WaitAim--[A6]
1775393978.8679619 [navNode-2] [INFO] [1775393978.867818490] [navNode]: 未到目标点
1775393978.8680253 [navNode-2] 目标位置:(0.0, 0.0, 0.1)-[A6]-[MCU:False]-[POS:False]
1775393978.8680677 [navNode-2] 当前位置:(-0.004349641036242247, -0.0023122152779251337, 0.0024091587401926517)
1775393978.9676790 [navNode-2] [INFO] [1775393978.967321220] [navNode]: 状态4：WaitAim--[A6]
1775393978.9682693 [navNode-2] [INFO] [1775393978.968090057] [navNode]: 未到目标点
1775393978.9683769 [navNode-2] 目标位置:(0.0, 0.0, 0.1)-[A6]-[MCU:False]-[POS:False]
1775393978.9684198 [navNode-2] 当前位置:(-0.004033052362501621, -0.002439268631860614, 0.002304136287420988)
1775393979.0680518 [navNode-2] [INFO] [1775393979.067724507] [navNode]: 状态4：WaitAim--[A6]
1775393979.0684335 [navNode-2] [INFO] [1775393979.068190842] [navNode]: 未到目标点
1775393979.0685155 [navNode-2] 目标位置:(0.0, 0.0, 0.1)-[A6]-[MCU:False]-[POS:False]
1775393979.0685637 [navNode-2] 当前位置:(-0.0036114552058279514, -0.0021594406571239233, 0.002567252842709422)
1775393979.1680558 [navNode-2] [INFO] [1775393979.167663123] [navNode]: 状态4：WaitAim--[A6]
1775393979.1685593 [navNode-2] [INFO] [1775393979.168182011] [navNode]: 未到目标点
1775393979.1687188 [navNode-2] 目标位置:(0.0, 0.0, 0.1)-[A6]-[MCU:False]-[POS:False]
1775393979.1687882 [navNode-2] 当前位置:(-0.003260592231526971, -0.001717885839752853, 0.0014806455001235008)
1775393979.2678347 [navNode-2] [INFO] [1775393979.267491595] [navNode]: 状态4：WaitAim--[A6]
1775393979.2682831 [navNode-2] [INFO] [1775393979.267912717] [navNode]: 未到目标点
1775393979.2684004 [navNode-2] 目标位置:(0.0, 0.0, 0.1)-[A6]-[MCU:False]-[POS:False]
1775393979.2684579 [navNode-2] 当前位置:(-0.004102990496903658, -0.0021671014837920666, 0.0028202212415635586)
1775393979.3678005 [navNode-2] [INFO] [1775393979.367438460] [navNode]: 状态4：WaitAim--[A6]
1775393979.3682094 [navNode-2] [INFO] [1775393979.367888817] [navNode]: 未到目标点
1775393979.3683555 [navNode-2] 目标位置:(0.0, 0.0, 0.1)-[A6]-[MCU:False]-[POS:False]
1775393979.3684168 [navNode-2] 当前位置:(-0.004245519172400236, -0.002465300029143691, 0.002693832153454423)
1775393979.4678311 [navNode-2] [INFO] [1775393979.467474747] [navNode]: 状态4：WaitAim--[A6]
1775393979.4682744 [navNode-2] [INFO] [1775393979.467927731] [navNode]: 未到目标点
1775393979.4684031 [navNode-2] 目标位置:(0.0, 0.0, 0.1)-[A6]-[MCU:False]-[POS:False]
1775393979.4684744 [navNode-2] 当前位置:(-0.0038245338946580887, -0.0021267326083034277, 0.0012436644174158573)
1775393979.5678725 [navNode-2] [INFO] [1775393979.567515478] [navNode]: 状态4：WaitAim--[A6]
1775393979.5682871 [navNode-2] [INFO] [1775393979.568023696] [navNode]: 未到目标点
1775393979.5683980 [navNode-2] 目标位置:(0.0, 0.0, 0.1)-[A6]-[MCU:False]-[POS:False]
1775393979.5684648 [navNode-2] 当前位置:(-0.0033758196514099836, -0.0023484649136662483, 0.0020231036469340324)
1775393979.6678917 [navNode-2] [INFO] [1775393979.667537319] [navNode]: 状态4：WaitAim--[A6]
1775393979.6683288 [navNode-2] [INFO] [1775393979.668013255] [navNode]: 未到目标点
1775393979.6684048 [navNode-2] 目标位置:(0.0, 0.0, 0.1)-[A6]-[MCU:False]-[POS:False]
1775393979.6684480 [navNode-2] 当前位置:(-0.003947798628360033, -0.002337539801374078, 0.00290305120870471)
1775393979.7679298 [navNode-2] [INFO] [1775393979.767599464] [navNode]: 状态4：WaitAim--[A6]
1775393979.7684016 [navNode-2] [INFO] [1775393979.768101478] [navNode]: 未到目标点
1775393979.7685316 [navNode-2] 目标位置:(0.0, 0.0, 0.1)-[A6]-[MCU:False]-[POS:False]
1775393979.7686212 [navNode-2] 当前位置:(-0.0025565130636096, -0.0018137519946321845, 0.0010272085200995207)
1775393979.8676438 [navNode-2] [INFO] [1775393979.867242701] [navNode]: 状态4：WaitAim--[A6]
1775393979.8680766 [navNode-2] [INFO] [1775393979.867693059] [navNode]: 未到目标点
1775393979.8681769 [navNode-2] 目标位置:(0.0, 0.0, 0.1)-[A6]-[MCU:False]-[POS:False]
1775393979.8682668 [navNode-2] 当前位置:(-0.0033494632225483656, -0.002166991587728262, 0.0026826616376638412)
1775393979.9677691 [navNode-2] [INFO] [1775393979.967440231] [navNode]: 状态4：WaitAim--[A6]
1775393979.9681716 [navNode-2] [INFO] [1775393979.967886087] [navNode]: 未到目标点
1775393979.9682763 [navNode-2] 目标位置:(0.0, 0.0, 0.1)-[A6]-[MCU:False]-[POS:False]
1775393979.9683266 [navNode-2] 当前位置:(-0.003739413572475314, -0.0018602366326376796, 0.0020992557983845472)
1775393980.0676188 [navNode-2] [INFO] [1775393980.067277459] [navNode]: 状态4：WaitAim--[A6]
1775393980.0680845 [navNode-2] [INFO] [1775393980.067740564] [navNode]: 未到目标点
1775393980.0684659 [navNode-2] 目标位置:(0.0, 0.0, 0.1)-[A6]-[MCU:False]-[POS:False]
1775393980.0686777 [navNode-2] 当前位置:(-0.0034082066267728806, -0.002073633251711726, 0.002243593567982316)
1775393980.1676342 [navNode-2] [INFO] [1775393980.167275573] [navNode]: 状态4：WaitAim--[A6]
1775393980.1681254 [navNode-2] [INFO] [1775393980.167734330] [navNode]: 未到目标点
1775393980.1682587 [navNode-2] 目标位置:(0.0, 0.0, 0.1)-[A6]-[MCU:False]-[POS:False]
1775393980.1683493 [navNode-2] 当前位置:(-0.004495928529649973, -0.0023095738142728806, 0.0027176595758646727)
1775393980.2676244 [navNode-2] [INFO] [1775393980.267267078] [navNode]: 状态4：WaitAim--[A6]
1775393980.2680995 [navNode-2] [INFO] [1775393980.267951394] [navNode]: 未到目标点
1775393980.2682247 [navNode-2] 目标位置:(0.0, 0.0, 0.1)-[A6]-[MCU:False]-[POS:False]
1775393980.2682891 [navNode-2] 当前位置:(-0.0037043930497020483, -0.00243930472061038, 0.0016562853707000613)
1775393980.3679657 [navNode-2] [INFO] [1775393980.367624975] [navNode]: 状态4：WaitAim--[A6]
1775393980.3683600 [navNode-2] [INFO] [1775393980.368110303] [navNode]: 未到目标点
1775393980.3684580 [navNode-2] 目标位置:(0.0, 0.0, 0.1)-[A6]-[MCU:False]-[POS:False]
1775393980.3685148 [navNode-2] 当前位置:(-0.003367495024576783, -0.002435989212244749, 0.0023132546339184046)
1775393980.4679039 [navNode-2] [INFO] [1775393980.467575379] [navNode]: 状态4：WaitAim--[A6]
1775393980.4683533 [navNode-2] [INFO] [1775393980.468024375] [navNode]: 未到目标点
1775393980.4685204 [navNode-2] 目标位置:(0.0, 0.0, 0.1)-[A6]-[MCU:False]-[POS:False]
1775393980.4686575 [navNode-2] 当前位置:(-0.003657473949715495, -0.0021337110083550215, 0.0023885578848421574)
1775393980.5679417 [navNode-2] [INFO] [1775393980.567617085] [navNode]: 状态4：WaitAim--[A6]
1775393980.5683587 [navNode-2] [INFO] [1775393980.568087129] [navNode]: 未到目标点
1775393980.5684614 [navNode-2] 目标位置:(0.0, 0.0, 0.1)-[A6]-[MCU:False]-[POS:False]
1775393980.5685124 [navNode-2] 当前位置:(-0.0035449443385004997, -0.0018135110149160028, 0.001693953643552959)
1775393980.6682339 [navNode-2] [INFO] [1775393980.667778003] [navNode]: 状态4：WaitAim--[A6]
1775393980.6686563 [navNode-2] [INFO] [1775393980.668330880] [navNode]: 未到目标点
1775393980.6687238 [navNode-2] 目标位置:(0.0, 0.0, 0.1)-[A6]-[MCU:False]-[POS:False]
1775393980.6687682 [navNode-2] 当前位置:(-0.004298844840377569, -0.002130138920620084, 0.0019827401265501976)
1775393980.7681100 [navNode-2] [INFO] [1775393980.767630046] [navNode]: 状态4：WaitAim--[A6]
1775393980.7685611 [navNode-2] [INFO] [1775393980.768133537] [navNode]: 未到目标点
1775393980.7686846 [navNode-2] 目标位置:(0.0, 0.0, 0.1)-[A6]-[MCU:False]-[POS:False]
1775393980.7687418 [navNode-2] 当前位置:(-0.003287872765213251, -0.001934393891133368, 0.0006064891931600869)
1775393980.8683419 [navNode-2] [INFO] [1775393980.868026359] [navNode]: 状态4：WaitAim--[A6]
1775393980.8687422 [navNode-2] [INFO] [1775393980.868546355] [navNode]: 未到目标点
1775393980.8688402 [navNode-2] 目标位置:(0.0, 0.0, 0.1)-[A6]-[MCU:False]-[POS:False]
1775393980.8688984 [navNode-2] 当前位置:(-0.0042956117540597916, -0.0020687172655016184, 0.0024885558523237705)
1775393980.9677696 [navNode-2] [INFO] [1775393980.967366376] [navNode]: 状态4：WaitAim--[A6]
1775393980.9683912 [navNode-2] [INFO] [1775393980.967847211] [navNode]: 未到目标点
1775393980.9685793 [navNode-2] 目标位置:(0.0, 0.0, 0.1)-[A6]-[MCU:False]-[POS:False]
1775393980.9686980 [navNode-2] 当前位置:(-0.003687519347295165, -0.0026935716159641743, 0.0029930341988801956)
1775393981.0682960 [navNode-2] [INFO] [1775393981.067906256] [navNode]: 状态4：WaitAim--[A6]
1775393981.0688274 [navNode-2] [INFO] [1775393981.068686751] [navNode]: 未到目标点
1775393981.0689616 [navNode-2] 目标位置:(0.0, 0.0, 0.1)-[A6]-[MCU:False]-[POS:False]
1775393981.0690532 [navNode-2] 当前位置:(-0.004354453179985285, -0.002252673264592886, 0.0017711753025650978)
1775393981.1678734 [navNode-2] [INFO] [1775393981.167528055] [navNode]: 状态4：WaitAim--[A6]
1775393981.1683133 [navNode-2] [INFO] [1775393981.167987320] [navNode]: 未到目标点
1775393981.1684456 [navNode-2] 目标位置:(0.0, 0.0, 0.1)-[A6]-[MCU:False]-[POS:False]
1775393981.1685214 [navNode-2] 当前位置:(-0.004284979309886694, -0.0025015692226588726, 0.0025207705330103636)
1775393981.2683454 [navNode-2] [INFO] [1775393981.267617794] [navNode]: 状态4：WaitAim--[A6]
1775393981.2688293 [navNode-2] [INFO] [1775393981.268078256] [navNode]: 未到目标点
1775393981.2689614 [navNode-2] 目标位置:(0.0, 0.0, 0.1)-[A6]-[MCU:False]-[POS:False]
1775393981.2690179 [navNode-2] 当前位置:(-0.004166247323155403, -0.002616527024656534, 0.00030390589381568134)
1775393981.3681574 [navNode-2] [INFO] [1775393981.367819401] [navNode]: 状态4：WaitAim--[A6]
1775393981.3686457 [navNode-2] [INFO] [1775393981.368198315] [navNode]: 未到目标点
1775393981.3687675 [navNode-2] 目标位置:(0.0, 0.0, 0.1)-[A6]-[MCU:False]-[POS:False]
1775393981.3688428 [navNode-2] 当前位置:(-0.004214594606310129, -0.0025400950107723475, 0.002485256176441908)
1775393981.4679585 [navNode-2] [INFO] [1775393981.467601194] [navNode]: 状态4：WaitAim--[A6]
1775393981.4683640 [navNode-2] [INFO] [1775393981.468076577] [navNode]: 未到目标点
1775393981.4684498 [navNode-2] 目标位置:(0.0, 0.0, 0.1)-[A6]-[MCU:False]-[POS:False]
1775393981.4684970 [navNode-2] 当前位置:(-0.0031719477847218513, -0.0021977031137794256, 0.002056761644780636)
1775393981.5677016 [navNode-2] [INFO] [1775393981.567373893] [navNode]: 状态4：WaitAim--[A6]
1775393981.5682743 [navNode-2] [INFO] [1775393981.567811852] [navNode]: 未到目标点
1775393981.5684130 [navNode-2] 目标位置:(0.0, 0.0, 0.1)-[A6]-[MCU:False]-[POS:False]
1775393981.5685122 [navNode-2] 当前位置:(-0.003061484545469284, -0.001757619553245604, 0.0014862894313409925)
1775393981.6685026 [navNode-2] [INFO] [1775393981.668099060] [navNode]: 状态4：WaitAim--[A6]
1775393981.6689973 [navNode-2] [INFO] [1775393981.668684130] [navNode]: 未到目标点
1775393981.6690791 [navNode-2] 目标位置:(0.0, 0.0, 0.1)-[A6]-[MCU:False]-[POS:False]
1775393981.6691182 [navNode-2] 当前位置:(-0.003231824841350317, -0.0019488767720758915, 0.0015807877061888576)
1775393981.7680192 [navNode-2] [INFO] [1775393981.767718971] [navNode]: 状态4：WaitAim--[A6]
1775393981.7691355 [navNode-2] [INFO] [1775393981.768941377] [navNode]: 未到目标点
1775393981.7693145 [navNode-2] 目标位置:(0.0, 0.0, 0.1)-[A6]-[MCU:False]-[POS:False]
1775393981.7693889 [navNode-2] 当前位置:(-0.004619319457560778, -0.002423007506877184, 0.002477438421919942)
1775393981.8676944 [navNode-2] [INFO] [1775393981.867386283] [navNode]: 状态4：WaitAim--[A6]
1775393981.8680339 [navNode-2] [INFO] [1775393981.867825481] [navNode]: 未到目标点
1775393981.8680944 [navNode-2] 目标位置:(0.0, 0.0, 0.1)-[A6]-[MCU:False]-[POS:False]
1775393981.8681347 [navNode-2] 当前位置:(-0.00330567779019475, -0.0018750173039734364, 0.002243245020508766)
1775393981.9679439 [navNode-2] [INFO] [1775393981.967524182] [navNode]: 状态4：WaitAim--[A6]
1775393981.9683933 [navNode-2] [INFO] [1775393981.967964434] [navNode]: 未到目标点
1775393981.9685323 [navNode-2] 目标位置:(0.0, 0.0, 0.1)-[A6]-[MCU:False]-[POS:False]
1775393981.9686339 [navNode-2] 当前位置:(-0.00367230037227273, -0.001964895986020565, 0.000811467703897506)
1775393982.0675979 [navNode-2] [INFO] [1775393982.067251531] [navNode]: 状态4：WaitAim--[A6]
1775393982.0681257 [navNode-2] [INFO] [1775393982.067971289] [navNode]: 未到目标点
1775393982.0682304 [navNode-2] 目标位置:(0.0, 0.0, 0.1)-[A6]-[MCU:False]-[POS:False]
1775393982.0682759 [navNode-2] 当前位置:(-0.004292283207178116, -0.0024437031242996454, 0.0020836321637034416)
1775393982.1680462 [navNode-2] [INFO] [1775393982.167716642] [navNode]: 状态4：WaitAim--[A6]
1775393982.1694121 [navNode-2] [INFO] [1775393982.169123325] [navNode]: 未到目标点
1775393982.1696000 [navNode-2] 目标位置:(0.0, 0.0, 0.1)-[A6]-[MCU:False]-[POS:False]
1775393982.1696546 [navNode-2] 当前位置:(-0.0033173912670463324, -0.001732171862386167, 0.0010367501527071)
1775393982.2681050 [navNode-2] [INFO] [1775393982.267728556] [navNode]: 状态4：WaitAim--[A6]
1775393982.2685580 [navNode-2] [INFO] [1775393982.268253756] [navNode]: 未到目标点
1775393982.2686777 [navNode-2] 目标位置:(0.0, 0.0, 0.1)-[A6]-[MCU:False]-[POS:False]
1775393982.2687266 [navNode-2] 当前位置:(-0.0035805506631731987, -0.0020816437900066376, 0.002342458115890622)
1775393982.3678119 [navNode-2] [INFO] [1775393982.367450994] [navNode]: 状态4：WaitAim--[A6]
1775393982.3687410 [navNode-2] [INFO] [1775393982.368561172] [navNode]: 未到目标点
1775393982.3690116 [navNode-2] 目标位置:(0.0, 0.0, 0.1)-[A6]-[MCU:False]-[POS:False]
1775393982.3690774 [navNode-2] 当前位置:(-0.0038607243914157152, -0.002361877588555217, 0.0029608733020722866)
1775393982.4674599 [navNode-2] [INFO] [1775393982.467149238] [navNode]: 状态4：WaitAim--[A6]
1775393982.4678230 [navNode-2] [INFO] [1775393982.467570229] [navNode]: 未到目标点
1775393982.4679427 [navNode-2] 目标位置:(0.0, 0.0, 0.1)-[A6]-[MCU:False]-[POS:False]
1775393982.4679987 [navNode-2] 当前位置:(-0.0039167096838355064, -0.0024536761920899153, 0.002160673262551427)
1775393982.5680161 [navNode-2] [INFO] [1775393982.567607476] [navNode]: 状态4：WaitAim--[A6]
1775393982.5684564 [navNode-2] [INFO] [1775393982.568065426] [navNode]: 未到目标点
1775393982.5685604 [navNode-2] 目标位置:(0.0, 0.0, 0.1)-[A6]-[MCU:False]-[POS:False]
1775393982.5686145 [navNode-2] 当前位置:(-0.004389354493469, -0.0023437654599547386, 0.00226895185187459)
1775393982.6678934 [navNode-2] [INFO] [1775393982.667525931] [navNode]: 状态4：WaitAim--[A6]
1775393982.6684196 [navNode-2] [INFO] [1775393982.667951861] [navNode]: 未到目标点
1775393982.6685739 [navNode-2] 目标位置:(0.0, 0.0, 0.1)-[A6]-[MCU:False]-[POS:False]
1775393982.6686292 [navNode-2] 当前位置:(-0.005447095725685358, -0.003139694221317768, 0.001634896150790155)
1775393982.7679884 [navNode-2] [INFO] [1775393982.767639717] [navNode]: 状态4：WaitAim--[A6]
1775393982.7684467 [navNode-2] [INFO] [1775393982.768136144] [navNode]: 未到目标点
1775393982.7685828 [navNode-2] 目标位置:(0.0, 0.0, 0.1)-[A6]-[MCU:False]-[POS:False]
1775393982.7686768 [navNode-2] 当前位置:(-0.004246402066200972, -0.0025596031919121742, 0.002204594202339649)
1775393982.8677711 [navNode-2] [INFO] [1775393982.867269784] [navNode]: 状态4：WaitAim--[A6]
1775393982.8683226 [navNode-2] [INFO] [1775393982.867720526] [navNode]: 未到目标点
1775393982.8685410 [navNode-2] 目标位置:(0.0, 0.0, 0.1)-[A6]-[MCU:False]-[POS:False]
1775393982.8686597 [navNode-2] 当前位置:(-0.004144540522247553, -0.0026508469600230455, 0.0022967515978962183)
1775393982.9676855 [navNode-2] [INFO] [1775393982.967359466] [navNode]: 状态4：WaitAim--[A6]
1775393982.9682469 [navNode-2] [INFO] [1775393982.967843723] [navNode]: 未到目标点
1775393982.9684396 [navNode-2] 目标位置:(0.0, 0.0, 0.1)-[A6]-[MCU:False]-[POS:False]
1775393982.9686003 [navNode-2] 当前位置:(-0.0045782760716974735, -0.0026619613636285067, 0.001909151440486312)
1775393983.0681505 [navNode-2] [INFO] [1775393983.067712544] [navNode]: 状态4：WaitAim--[A6]
1775393983.0686839 [navNode-2] [INFO] [1775393983.068356846] [navNode]: 未到目标点
1775393983.0687835 [navNode-2] 目标位置:(0.0, 0.0, 0.1)-[A6]-[MCU:False]-[POS:False]
1775393983.0688322 [navNode-2] 当前位置:(-0.003418316598981619, -0.002053963951766491, 0.0005350433639250696)
1775393983.1680644 [navNode-2] [INFO] [1775393983.167719208] [navNode]: 状态4：WaitAim--[A6]
1775393983.1684911 [navNode-2] [INFO] [1775393983.168215630] [navNode]: 未到目标点
1775393983.1685944 [navNode-2] 目标位置:(0.0, 0.0, 0.1)-[A6]-[MCU:False]-[POS:False]
1775393983.1686549 [navNode-2] 当前位置:(-0.004033696372061968, -0.0025380386505275965, 0.0016389880329370499)
1775393983.2684906 [navNode-2] [INFO] [1775393983.268122945] [navNode]: 状态4：WaitAim--[A6]
1775393983.2689764 [navNode-2] [INFO] [1775393983.268665628] [navNode]: 未到目标点
1775393983.2690663 [navNode-2] 目标位置:(0.0, 0.0, 0.1)-[A6]-[MCU:False]-[POS:False]
1775393983.2691162 [navNode-2] 当前位置:(-0.004493487998843193, -0.0025956742465496063, 0.0025219349190592766)
1775393983.3682325 [navNode-2] [INFO] [1775393983.367895507] [navNode]: 状态4：WaitAim--[A6]
1775393983.3686805 [navNode-2] [INFO] [1775393983.368399764] [navNode]: 未到目标点
1775393983.3687966 [navNode-2] 目标位置:(0.0, 0.0, 0.1)-[A6]-[MCU:False]-[POS:False]
1775393983.3688622 [navNode-2] 当前位置:(-0.004144975915551186, -0.0025332148652523756, 0.0016554377507418394)
1775393983.4679649 [navNode-2] [INFO] [1775393983.467200217] [navNode]: 状态4：WaitAim--[A6]
1775393983.4682095 [navNode-2] [INFO] [1775393983.467608314] [navNode]: 未到目标点
1775393983.4682803 [navNode-2] 目标位置:(0.0, 0.0, 0.1)-[A6]-[MCU:False]-[POS:False]
1775393983.4683187 [navNode-2] 当前位置:(-0.003733405377715826, -0.00231370166875422, 0.0011896942742168903)
1775393983.5677261 [navNode-2] [INFO] [1775393983.567387468] [navNode]: 状态4：WaitAim--[A6]
1775393983.5681217 [navNode-2] [INFO] [1775393983.567882351] [navNode]: 未到目标点
1775393983.5682120 [navNode-2] 目标位置:(0.0, 0.0, 0.1)-[A6]-[MCU:False]-[POS:False]
1775393983.5682697 [navNode-2] 当前位置:(-0.0038205967284739017, -0.002561256056651473, 0.0026219699066132307)
1775393983.6676188 [navNode-2] [INFO] [1775393983.667268278] [navNode]: 状态4：WaitAim--[A6]
1775393983.6681490 [navNode-2] [INFO] [1775393983.667710316] [navNode]: 未到目标点
1775393983.6683199 [navNode-2] 目标位置:(0.0, 0.0, 0.1)-[A6]-[MCU:False]-[POS:False]
1775393983.6683807 [navNode-2] 当前位置:(-0.004535002633929253, -0.002935234224423766, 0.0018503491301089525)
1775393983.7679119 [navNode-2] [INFO] [1775393983.767517517] [navNode]: 状态4：WaitAim--[A6]
1775393983.7684724 [navNode-2] [INFO] [1775393983.768040247] [navNode]: 未到目标点
1775393983.7686582 [navNode-2] 目标位置:(0.0, 0.0, 0.1)-[A6]-[MCU:False]-[POS:False]
1775393983.7687275 [navNode-2] 当前位置:(-0.003867918625473976, -0.0027094269171357155, 0.0022316493559628725)
1775393983.8680408 [navNode-2] [INFO] [1775393983.867706905] [navNode]: 状态4：WaitAim--[A6]
1775393983.8684402 [navNode-2] [INFO] [1775393983.868129623] [navNode]: 未到目标点
1775393983.8685148 [navNode-2] 目标位置:(0.0, 0.0, 0.1)-[A6]-[MCU:False]-[POS:False]
1775393983.8685567 [navNode-2] 当前位置:(-0.004189357161521912, -0.0025665792636573315, 0.002459660405293107)
1775393983.9678252 [navNode-2] [INFO] [1775393983.967507352] [navNode]: 状态4：WaitAim--[A6]
1775393983.9682605 [navNode-2] [INFO] [1775393983.967927173] [navNode]: 未到目标点
1775393983.9683843 [navNode-2] 目标位置:(0.0, 0.0, 0.1)-[A6]-[MCU:False]-[POS:False]
1775393983.9684856 [navNode-2] 当前位置:(-0.00401389179751277, -0.0025393743999302387, 0.002467273734509945)
1775393984.0689666 [navNode-2] [INFO] [1775393984.068554226] [navNode]: 状态4：WaitAim--[A6]
1775393984.0694873 [navNode-2] [INFO] [1775393984.069155122] [navNode]: 未到目标点
1775393984.0696497 [navNode-2] 目标位置:(0.0, 0.0, 0.1)-[A6]-[MCU:False]-[POS:False]
1775393984.0697322 [navNode-2] 当前位置:(-0.0044819968752563, -0.0027788151055574417, 0.002000171225517988)
1775393984.1681910 [navNode-2] [INFO] [1775393984.167796613] [navNode]: 状态4：WaitAim--[A6]
1775393984.1688080 [navNode-2] [INFO] [1775393984.168478085] [navNode]: 未到目标点
1775393984.1689198 [navNode-2] 目标位置:(0.0, 0.0, 0.1)-[A6]-[MCU:False]-[POS:False]
1775393984.1689708 [navNode-2] 当前位置:(-0.004315268713980913, -0.002778120804578066, 0.002296298276633024)
1775393984.2680724 [navNode-2] [INFO] [1775393984.267682355] [navNode]: 状态4：WaitAim--[A6]
1775393984.2685599 [navNode-2] [INFO] [1775393984.268182292] [navNode]: 未到目标点
1775393984.2686622 [navNode-2] 目标位置:(0.0, 0.0, 0.1)-[A6]-[MCU:False]-[POS:False]
1775393984.2687099 [navNode-2] 当前位置:(-0.003893070388585329, -0.0024322771932929754, 0.002715861424803734)
1775393984.3677957 [navNode-2] [INFO] [1775393984.367492882] [navNode]: 状态4：WaitAim--[A6]
1775393984.3681781 [navNode-2] [INFO] [1775393984.368035434] [navNode]: 未到目标点
1775393984.3683560 [navNode-2] 目标位置:(0.0, 0.0, 0.1)-[A6]-[MCU:False]-[POS:False]
1775393984.3684411 [navNode-2] 当前位置:(-0.003464890643954277, -0.0025021976325660944, 0.00242990767583251)
1775393984.4680455 [navNode-2] [INFO] [1775393984.467674481] [navNode]: 状态4：WaitAim--[A6]
1775393984.4686103 [navNode-2] [INFO] [1775393984.468166218] [navNode]: 未到目标点
1775393984.4688010 [navNode-2] 目标位置:(0.0, 0.0, 0.1)-[A6]-[MCU:False]-[POS:False]
1775393984.4688630 [navNode-2] 当前位置:(-0.004211712162941694, -0.0021232946310192347, 0.0024518633726984262)
1775393984.5680335 [navNode-2] [INFO] [1775393984.567656683] [navNode]: 状态4：WaitAim--[A6]
1775393984.5684497 [navNode-2] [INFO] [1775393984.568125024] [navNode]: 未到目标点
1775393984.5685279 [navNode-2] 目标位置:(0.0, 0.0, 0.1)-[A6]-[MCU:False]-[POS:False]
1775393984.5685849 [navNode-2] 当前位置:(-0.0037147521506994963, -0.002476698951795697, 0.0025544462259858847)
1775393984.6678908 [navNode-2] [INFO] [1775393984.667490739] [navNode]: 状态4：WaitAim--[A6]
1775393984.6683893 [navNode-2] [INFO] [1775393984.668055336] [navNode]: 未到目标点
1775393984.6684885 [navNode-2] 目标位置:(0.0, 0.0, 0.1)-[A6]-[MCU:False]-[POS:False]
1775393984.6685843 [navNode-2] 当前位置:(-0.0034143058583140373, -0.0019343708408996463, 0.0016152653843164444)
1775393984.7684224 [navNode-2] [INFO] [1775393984.767852597] [navNode]: 状态4：WaitAim--[A6]
1775393984.7689798 [navNode-2] [INFO] [1775393984.768383705] [navNode]: 未到目标点
1775393984.7691231 [navNode-2] 目标位置:(0.0, 0.0, 0.1)-[A6]-[MCU:False]-[POS:False]
1775393984.7692096 [navNode-2] 当前位置:(-0.004080660175532103, -0.002269912511110306, 0.0019594982732087374)
1775393984.8685057 [navNode-2] [INFO] [1775393984.867580125] [navNode]: 状态4：WaitAim--[A6]
1775393984.8687205 [navNode-2] [INFO] [1775393984.868124645] [navNode]: 未到目标点
1775393984.8687909 [navNode-2] 目标位置:(0.0, 0.0, 0.1)-[A6]-[MCU:False]-[POS:False]
1775393984.8688385 [navNode-2] 当前位置:(-0.004973534494638443, -0.002769787795841694, 0.0025720263365656137)
1775393984.9678690 [navNode-2] [INFO] [1775393984.967536336] [navNode]: 状态4：WaitAim--[A6]
1775393984.9683003 [navNode-2] [INFO] [1775393984.968113990] [navNode]: 未到目标点
1775393984.9684303 [navNode-2] 目标位置:(0.0, 0.0, 0.1)-[A6]-[MCU:False]-[POS:False]
1775393984.9685173 [navNode-2] 当前位置:(-0.0038840784691274166, -0.0024721829686313868, 0.0026710520032793283)
1775393985.0678420 [navNode-2] [INFO] [1775393985.067447688] [navNode]: 状态4：WaitAim--[A6]
1775393985.0682631 [navNode-2] [INFO] [1775393985.067996379] [navNode]: 未到目标点
1775393985.0686424 [navNode-2] 目标位置:(0.0, 0.0, 0.1)-[A6]-[MCU:False]-[POS:False]
1775393985.0687411 [navNode-2] 当前位置:(-0.0037819594144821167, -0.0021546543575823307, 0.0027606955263763666)
1775393985.1678979 [navNode-2] [INFO] [1775393985.167623145] [navNode]: 状态4：WaitAim--[A6]
1775393985.1693547 [navNode-2] [INFO] [1775393985.169150728] [navNode]: 未到目标点
1775393985.1695187 [navNode-2] 目标位置:(0.0, 0.0, 0.1)-[A6]-[MCU:False]-[POS:False]
1775393985.1695755 [navNode-2] 当前位置:(-0.0032473911996930838, -0.001920451526530087, 0.002998074283823371)
1775393985.2677181 [navNode-2] [INFO] [1775393985.267385140] [navNode]: 状态4：WaitAim--[A6]
1775393985.2682855 [navNode-2] [INFO] [1775393985.267938186] [navNode]: 未到目标点
1775393985.2684698 [navNode-2] 目标位置:(0.0, 0.0, 0.1)-[A6]-[MCU:False]-[POS:False]
1775393985.2685473 [navNode-2] 当前位置:(-0.0034832514356821775, -0.0018747755093500018, 0.002488862257450819)
1775393985.3676765 [navNode-2] [INFO] [1775393985.367293368] [navNode]: 状态4：WaitAim--[A6]
1775393985.3687928 [navNode-2] [INFO] [1775393985.368447107] [navNode]: 未到目标点
1775393985.3689303 [navNode-2] 目标位置:(0.0, 0.0, 0.1)-[A6]-[MCU:False]-[POS:False]
1775393985.3690240 [navNode-2] 当前位置:(-0.003103681141510606, -0.001597063965164125, 0.001530944835394621)
1775393985.4677486 [navNode-2] [INFO] [1775393985.467342539] [navNode]: 状态4：WaitAim--[A6]
1775393985.4682372 [navNode-2] [INFO] [1775393985.467792430] [navNode]: 未到目标点
1775393985.4684577 [navNode-2] 目标位置:(0.0, 0.0, 0.1)-[A6]-[MCU:False]-[POS:False]
1775393985.4685466 [navNode-2] 当前位置:(-0.004040380008518696, -0.002598147140815854, 0.0020392588339746)
1775393985.5678778 [navNode-2] [INFO] [1775393985.567209649] [navNode]: 状态4：WaitAim--[A6]
1775393985.5680997 [navNode-2] [INFO] [1775393985.567600420] [navNode]: 未到目标点
1775393985.5681622 [navNode-2] 目标位置:(0.0, 0.0, 0.1)-[A6]-[MCU:False]-[POS:False]
1775393985.5681992 [navNode-2] 当前位置:(-0.0034857115242630243, -0.0025111068971455097, 0.002342195250093937)
1775393985.6678970 [navNode-2] [INFO] [1775393985.667483273] [navNode]: 状态4：WaitAim--[A6]
1775393985.6683376 [navNode-2] [INFO] [1775393985.667861960] [navNode]: 未到目标点
1775393985.6684465 [navNode-2] 目标位置:(0.0, 0.0, 0.1)-[A6]-[MCU:False]-[POS:False]
1775393985.6684995 [navNode-2] 当前位置:(-0.003347866702824831, -0.001955804182216525, 0.001753993215970695)
1775393985.7678084 [navNode-2] [INFO] [1775393985.767407787] [navNode]: 状态4：WaitAim--[A6]
1775393985.7682722 [navNode-2] [INFO] [1775393985.767790769] [navNode]: 未到目标点
1775393985.7684231 [navNode-2] 目标位置:(0.0, 0.0, 0.1)-[A6]-[MCU:False]-[POS:False]
1775393985.7685177 [navNode-2] 当前位置:(-0.003159035462886095, -0.0018587131053209305, 0.0018846356542780995)
1775393985.8674347 [navNode-2] [INFO] [1775393985.867152029] [navNode]: 状态4：WaitAim--[A6]
1775393985.8678186 [navNode-2] [INFO] [1775393985.867548539] [navNode]: 未到目标点
1775393985.8679144 [navNode-2] 目标位置:(0.0, 0.0, 0.1)-[A6]-[MCU:False]-[POS:False]
1775393985.8679805 [navNode-2] 当前位置:(-0.0030016833916306496, -0.0019120259676128626, 0.0014987041940912604)
1775393985.9678268 [navNode-2] [INFO] [1775393985.967457960] [navNode]: 状态4：WaitAim--[A6]
1775393985.9682891 [navNode-2] [INFO] [1775393985.967916492] [navNode]: 未到目标点
1775393985.9684098 [navNode-2] 目标位置:(0.0, 0.0, 0.1)-[A6]-[MCU:False]-[POS:False]
1775393985.9684906 [navNode-2] 当前位置:(-0.004034438636153936, -0.0022351425141096115, 0.002489495789632201)
1775393986.0680256 [navNode-2] [INFO] [1775393986.067677583] [navNode]: 状态4：WaitAim--[A6]
1775393986.0684712 [navNode-2] [INFO] [1775393986.068188134] [navNode]: 未到目标点
1775393986.0685918 [navNode-2] 目标位置:(0.0, 0.0, 0.1)-[A6]-[MCU:False]-[POS:False]
1775393986.0686820 [navNode-2] 当前位置:(-0.0038436013273894787, -0.0027474022936075926, 0.002308350522071123)
1775393986.1681278 [navNode-2] [INFO] [1775393986.167766501] [navNode]: 状态4：WaitAim--[A6]
1775393986.1685312 [navNode-2] [INFO] [1775393986.168204575] [navNode]: 未到目标点
1775393986.1686361 [navNode-2] 目标位置:(0.0, 0.0, 0.1)-[A6]-[MCU:False]-[POS:False]
1775393986.1687193 [navNode-2] 当前位置:(-0.004713298752903938, -0.0024986136704683304, 0.0024993568658828735)
1775393986.2682781 [navNode-2] [INFO] [1775393986.267843082] [navNode]: 状态4：WaitAim--[A6]
1775393986.2688079 [navNode-2] [INFO] [1775393986.268312993] [navNode]: 未到目标点
1775393986.2689419 [navNode-2] 目标位置:(0.0, 0.0, 0.1)-[A6]-[MCU:False]-[POS:False]
1775393986.2690027 [navNode-2] 当前位置:(-0.003745811292901635, -0.002033701166510582, 0.0011332371504977345)
1775393986.3679385 [navNode-2] [INFO] [1775393986.367610359] [navNode]: 状态4：WaitAim--[A6]
1775393986.3683136 [navNode-2] [INFO] [1775393986.368080821] [navNode]: 未到目标点
1775393986.3683794 [navNode-2] 目标位置:(0.0, 0.0, 0.1)-[A6]-[MCU:False]-[POS:False]
1775393986.3684239 [navNode-2] 当前位置:(-0.0034323979634791613, -0.0022512825671583414, 0.002385159721598029)
1775393986.4678652 [navNode-2] [INFO] [1775393986.467486788] [navNode]: 状态4：WaitAim--[A6]
1775393986.4683559 [navNode-2] [INFO] [1775393986.467994030] [navNode]: 未到目标点
1775393986.4684796 [navNode-2] 目标位置:(0.0, 0.0, 0.1)-[A6]-[MCU:False]-[POS:False]
1775393986.4685502 [navNode-2] 当前位置:(-0.003214797005057335, -0.0017507041338831186, 0.0006800079718232155)
1775393986.5679004 [navNode-2] [INFO] [1775393986.567387934] [navNode]: 状态4：WaitAim--[A6]
1775393986.5686119 [navNode-2] [INFO] [1775393986.567897093] [navNode]: 未到目标点
1775393986.5687497 [navNode-2] 目标位置:(0.0, 0.0, 0.1)-[A6]-[MCU:False]-[POS:False]
1775393986.5688350 [navNode-2] 当前位置:(-0.004366985056549311, -0.002692586276680231, 0.002292218152433634)
1775393986.6676815 [navNode-2] [INFO] [1775393986.667248318] [navNode]: 状态4：WaitAim--[A6]
1775393986.6681581 [navNode-2] [INFO] [1775393986.667735573] [navNode]: 未到目标点
1775393986.6682742 [navNode-2] 目标位置:(0.0, 0.0, 0.1)-[A6]-[MCU:False]-[POS:False]
1775393986.6683245 [navNode-2] 当前位置:(-0.00370617862790823, -0.0021716703195124865, 0.0015451712533831596)
1775393986.7677391 [navNode-2] [INFO] [1775393986.767412594] [navNode]: 状态4：WaitAim--[A6]
1775393986.7681096 [navNode-2] [INFO] [1775393986.767848541] [navNode]: 未到目标点
1775393986.7682464 [navNode-2] 目标位置:(0.0, 0.0, 0.1)-[A6]-[MCU:False]-[POS:False]
1775393986.7683101 [navNode-2] 当前位置:(-0.004041890613734722, -0.0024448400363326073, 0.0025891303084790707)
1775393986.8701658 [navNode-2] [INFO] [1775393986.868355125] [navNode]: 状态4：WaitAim--[A6]
1775393986.8704112 [navNode-2] [INFO] [1775393986.868883621] [navNode]: 未到目标点
1775393986.8704696 [navNode-2] 目标位置:(0.0, 0.0, 0.1)-[A6]-[MCU:False]-[POS:False]
1775393986.8705115 [navNode-2] 当前位置:(-0.0032886089757084846, -0.0020913914777338505, 0.0020089654717594385)
1775393986.9678750 [navNode-2] [INFO] [1775393986.967540454] [navNode]: 状态4：WaitAim--[A6]
1775393986.9682431 [navNode-2] [INFO] [1775393986.967979363] [navNode]: 未到目标点
1775393986.9683733 [navNode-2] 目标位置:(0.0, 0.0, 0.1)-[A6]-[MCU:False]-[POS:False]
1775393986.9684131 [navNode-2] 当前位置:(-0.0032886089757084846, -0.0020913914777338505, 0.0020089654717594385)
1775393987.0679538 [navNode-2] [INFO] [1775393987.067623602] [navNode]: 状态4：WaitAim--[A6]
1775393987.0683434 [navNode-2] [INFO] [1775393987.068098961] [navNode]: 未到目标点
1775393987.0684185 [navNode-2] 目标位置:(0.0, 0.0, 0.1)-[A6]-[MCU:False]-[POS:False]
1775393987.0684607 [navNode-2] 当前位置:(-0.0032886089757084846, -0.0020913914777338505, 0.0020089654717594385)
1775393987.1678672 [navNode-2] [INFO] [1775393987.167472983] [navNode]: 状态4：WaitAim--[A6]
1775393987.1683824 [navNode-2] [INFO] [1775393987.167880103] [navNode]: 未到目标点
1775393987.1685236 [navNode-2] 目标位置:(0.0, 0.0, 0.1)-[A6]-[MCU:False]-[POS:False]
1775393987.1685731 [navNode-2] 当前位置:(-0.0032886089757084846, -0.0020913914777338505, 0.0020089654717594385)
1775393987.2686925 [navNode-2] [INFO] [1775393987.267913311] [navNode]: 状态4：WaitAim--[A6]
1775393987.2689195 [navNode-2] [INFO] [1775393987.268328219] [navNode]: 未到目标点
1775393987.2689972 [navNode-2] 目标位置:(0.0, 0.0, 0.1)-[A6]-[MCU:False]-[POS:False]
1775393987.2690337 [navNode-2] 当前位置:(-0.0032886089757084846, -0.0020913914777338505, 0.0020089654717594385)
1775393987.3675969 [navNode-2] [INFO] [1775393987.367275952] [navNode]: 状态4：WaitAim--[A6]
1775393987.3679478 [navNode-2] [INFO] [1775393987.367689523] [navNode]: 未到目标点
1775393987.3680112 [navNode-2] 目标位置:(0.0, 0.0, 0.1)-[A6]-[MCU:False]-[POS:False]
1775393987.3680511 [navNode-2] 当前位置:(-0.0032886089757084846, -0.0020913914777338505, 0.0020089654717594385)
1775393987.4687943 [navNode-2] [INFO] [1775393987.468093436] [navNode]: 状态4：WaitAim--[A6]
1775393987.4690199 [navNode-2] [INFO] [1775393987.468482285] [navNode]: 未到目标点
1775393987.4690723 [navNode-2] 目标位置:(0.0, 0.0, 0.1)-[A6]-[MCU:False]-[POS:False]
1775393987.4691036 [navNode-2] 当前位置:(-0.0032886089757084846, -0.0020913914777338505, 0.0020089654717594385)
1775393987.5678804 [navNode-2] [INFO] [1775393987.567486104] [navNode]: 状态4：WaitAim--[A6]
1775393987.5684178 [navNode-2] [INFO] [1775393987.568061178] [navNode]: 未到目标点
1775393987.5685322 [navNode-2] 目标位置:(0.0, 0.0, 0.1)-[A6]-[MCU:False]-[POS:False]
1775393987.5685809 [navNode-2] 当前位置:(-0.0032886089757084846, -0.0020913914777338505, 0.0020089654717594385)
1775393987.6681767 [navNode-2] [INFO] [1775393987.667687676] [navNode]: 状态4：WaitAim--[A6]
1775393987.6686308 [navNode-2] [INFO] [1775393987.668197003] [navNode]: 未到目标点
1775393987.6687195 [navNode-2] 目标位置:(0.0, 0.0, 0.1)-[A6]-[MCU:False]-[POS:False]
1775393987.6687691 [navNode-2] 当前位置:(-0.0032886089757084846, -0.0020913914777338505, 0.0020089654717594385)
1775393987.7685788 [navNode-2] [INFO] [1775393987.767666612] [navNode]: 状态4：WaitAim--[A6]
1775393987.7687993 [navNode-2] [INFO] [1775393987.768157229] [navNode]: 未到目标点
1775393987.7688675 [navNode-2] 目标位置:(0.0, 0.0, 0.1)-[A6]-[MCU:False]-[POS:False]
1775393987.7689185 [navNode-2] 当前位置:(-0.0032886089757084846, -0.0020913914777338505, 0.0020089654717594385)
1775393987.8678541 [navNode-2] [INFO] [1775393987.867466111] [navNode]: 状态4：WaitAim--[A6]
1775393987.8682907 [navNode-2] [INFO] [1775393987.867918186] [navNode]: 未到目标点
1775393987.8683934 [navNode-2] 目标位置:(0.0, 0.0, 0.1)-[A6]-[MCU:False]-[POS:False]
1775393987.8684359 [navNode-2] 当前位置:(-0.0032886089757084846, -0.0020913914777338505, 0.0020089654717594385)
1775393987.9681978 [navNode-2] [INFO] [1775393987.967392469] [navNode]: 状态4：WaitAim--[A6]
1775393987.9683659 [navNode-2] [INFO] [1775393987.967829364] [navNode]: 未到目标点
1775393987.9684103 [navNode-2] 目标位置:(0.0, 0.0, 0.1)-[A6]-[MCU:False]-[POS:False]
1775393987.9684577 [navNode-2] 当前位置:(-0.0032886089757084846, -0.0020913914777338505, 0.0020089654717594385)
1775393988.0677094 [navNode-2] [INFO] [1775393988.067270532] [navNode]: 状态4：WaitAim--[A6]
1775393988.0681956 [navNode-2] [INFO] [1775393988.067686140] [navNode]: 未到目标点
1775393988.0682740 [navNode-2] 目标位置:(0.0, 0.0, 0.1)-[A6]-[MCU:False]-[POS:False]
1775393988.0683124 [navNode-2] 当前位置:(-0.0032886089757084846, -0.0020913914777338505, 0.0020089654717594385)
1775393988.1703870 [navNode-2] [INFO] [1775393988.169024112] [navNode]: 状态4：WaitAim--[A6]
1775393988.1707623 [navNode-2] [INFO] [1775393988.169842563] [navNode]: 未到目标点
1775393988.1708975 [navNode-2] 目标位置:(0.0, 0.0, 0.1)-[A6]-[MCU:False]-[POS:False]
1775393988.1709862 [navNode-2] 当前位置:(-0.0032886089757084846, -0.0020913914777338505, 0.0020089654717594385)
1775393988.2677708 [navNode-2] [INFO] [1775393988.267319822] [navNode]: 状态4：WaitAim--[A6]
1775393988.2681992 [navNode-2] [INFO] [1775393988.267745949] [navNode]: 未到目标点
1775393988.2683554 [navNode-2] 目标位置:(0.0, 0.0, 0.1)-[A6]-[MCU:False]-[POS:False]
1775393988.2685282 [navNode-2] 当前位置:(-0.0032886089757084846, -0.0020913914777338505, 0.0020089654717594385)
1775393988.3680499 [navNode-2] [INFO] [1775393988.367288909] [navNode]: 状态4：WaitAim--[A6]
1775393988.3682213 [navNode-2] [INFO] [1775393988.367726575] [navNode]: 未到目标点
1775393988.3682959 [navNode-2] 目标位置:(0.0, 0.0, 0.1)-[A6]-[MCU:False]-[POS:False]
1775393988.3683364 [navNode-2] 当前位置:(-0.0032886089757084846, -0.0020913914777338505, 0.0020089654717594385)
1775393988.4698911 [navNode-2] [INFO] [1775393988.468502571] [navNode]: 状态4：WaitAim--[A6]
1775393988.4702032 [navNode-2] [INFO] [1775393988.469340256] [navNode]: 未到目标点
1775393988.4703035 [navNode-2] 目标位置:(0.0, 0.0, 0.1)-[A6]-[MCU:False]-[POS:False]
1775393988.4703798 [navNode-2] 当前位置:(-0.0032886089757084846, -0.0020913914777338505, 0.0020089654717594385)
1775393988.5679471 [navNode-2] [INFO] [1775393988.567608137] [navNode]: 状态4：WaitAim--[A6]
1775393988.5683107 [navNode-2] [INFO] [1775393988.568113204] [navNode]: 未到目标点
1775393988.5683763 [navNode-2] 目标位置:(0.0, 0.0, 0.1)-[A6]-[MCU:False]-[POS:False]
1775393988.5684385 [navNode-2] 当前位置:(-0.0032886089757084846, -0.0020913914777338505, 0.0020089654717594385)
1775393988.6680386 [navNode-2] [INFO] [1775393988.667500520] [navNode]: 状态4：WaitAim--[A6]
1775393988.6683755 [navNode-2] [INFO] [1775393988.667928332] [navNode]: 未到目标点
1775393988.6684299 [navNode-2] 目标位置:(0.0, 0.0, 0.1)-[A6]-[MCU:False]-[POS:False]
1775393988.6684697 [navNode-2] 当前位置:(-0.0032886089757084846, -0.0020913914777338505, 0.0020089654717594385)
1775393988.7682109 [navNode-2] [INFO] [1775393988.767402174] [navNode]: 状态4：WaitAim--[A6]
1775393988.7684443 [navNode-2] [INFO] [1775393988.767865941] [navNode]: 未到目标点
1775393988.7685065 [navNode-2] 目标位置:(0.0, 0.0, 0.1)-[A6]-[MCU:False]-[POS:False]
1775393988.7685506 [navNode-2] 当前位置:(-0.0032886089757084846, -0.0020913914777338505, 0.0020089654717594385)
1775393988.8681796 [navNode-2] [INFO] [1775393988.867511141] [navNode]: 状态4：WaitAim--[A6]
1775393988.8683870 [navNode-2] [INFO] [1775393988.867875825] [navNode]: 未到目标点
1775393988.8684380 [navNode-2] 目标位置:(0.0, 0.0, 0.1)-[A6]-[MCU:False]-[POS:False]
1775393988.8684788 [navNode-2] 当前位置:(-0.0032886089757084846, -0.0020913914777338505, 0.0020089654717594385)
1775393988.9676099 [navNode-2] [INFO] [1775393988.967189877] [navNode]: 状态4：WaitAim--[A6]
1775393988.9679723 [navNode-2] [INFO] [1775393988.967664820] [navNode]: 未到目标点
1775393988.9680302 [navNode-2] 目标位置:(0.0, 0.0, 0.1)-[A6]-[MCU:False]-[POS:False]
1775393988.9680672 [navNode-2] 当前位置:(-0.0032886089757084846, -0.0020913914777338505, 0.0020089654717594385)
1775393989.0682759 [navNode-2] [INFO] [1775393989.067631217] [navNode]: 状态4：WaitAim--[A6]
1775393989.0686321 [navNode-2] [INFO] [1775393989.068000986] [navNode]: 未到目标点
1775393989.0686882 [navNode-2] 目标位置:(0.0, 0.0, 0.1)-[A6]-[MCU:False]-[POS:False]
1775393989.0687206 [navNode-2] 当前位置:(-0.0032886089757084846, -0.0020913914777338505, 0.0020089654717594385)
1775393989.1682909 [navNode-2] [INFO] [1775393989.167516707] [navNode]: 状态4：WaitAim--[A6]
1775393989.1685028 [navNode-2] [INFO] [1775393989.167933926] [navNode]: 未到目标点
1775393989.1685612 [navNode-2] 目标位置:(0.0, 0.0, 0.1)-[A6]-[MCU:False]-[POS:False]
1775393989.1685989 [navNode-2] 当前位置:(-0.0032886089757084846, -0.0020913914777338505, 0.0020089654717594385)
1775393989.2679632 [navNode-2] [INFO] [1775393989.267636436] [navNode]: 状态4：WaitAim--[A6]
1775393989.2683408 [navNode-2] [INFO] [1775393989.268035567] [navNode]: 未到目标点
1775393989.2684269 [navNode-2] 目标位置:(0.0, 0.0, 0.1)-[A6]-[MCU:False]-[POS:False]
1775393989.2685065 [navNode-2] 当前位置:(-0.0032886089757084846, -0.0020913914777338505, 0.0020089654717594385)
1775393989.3688166 [navNode-2] [INFO] [1775393989.368159134] [navNode]: 状态4：WaitAim--[A6]
1775393989.3690317 [navNode-2] [INFO] [1775393989.368512776] [navNode]: 未到目标点
1775393989.3691144 [navNode-2] 目标位置:(0.0, 0.0, 0.1)-[A6]-[MCU:False]-[POS:False]
1775393989.3691635 [navNode-2] 当前位置:(-0.0032886089757084846, -0.0020913914777338505, 0.0020089654717594385)
1775393989.4683788 [navNode-2] [INFO] [1775393989.467903187] [navNode]: 状态4：WaitAim--[A6]
1775393989.4688447 [navNode-2] [INFO] [1775393989.468298226] [navNode]: 未到目标点
1775393989.4689505 [navNode-2] 目标位置:(0.0, 0.0, 0.1)-[A6]-[MCU:False]-[POS:False]
1775393989.4690242 [navNode-2] 当前位置:(-0.0032886089757084846, -0.0020913914777338505, 0.0020089654717594385)
1775393989.5684934 [navNode-2] [INFO] [1775393989.567784760] [navNode]: 状态4：WaitAim--[A6]
1775393989.5686858 [navNode-2] [INFO] [1775393989.568177341] [navNode]: 未到目标点
1775393989.5687444 [navNode-2] 目标位置:(0.0, 0.0, 0.1)-[A6]-[MCU:False]-[POS:False]
1775393989.5687838 [navNode-2] 当前位置:(-0.0032886089757084846, -0.0020913914777338505, 0.0020089654717594385)
1775393989.6677153 [navNode-2] [INFO] [1775393989.667357649] [navNode]: 状态4：WaitAim--[A6]
1775393989.6681075 [navNode-2] [INFO] [1775393989.667770057] [navNode]: 未到目标点
1775393989.6682529 [navNode-2] 目标位置:(0.0, 0.0, 0.1)-[A6]-[MCU:False]-[POS:False]
1775393989.6683102 [navNode-2] 当前位置:(-0.0032886089757084846, -0.0020913914777338505, 0.0020089654717594385)
1775393989.7682924 [navNode-2] [INFO] [1775393989.767511990] [navNode]: 状态4：WaitAim--[A6]
1775393989.7684808 [navNode-2] [INFO] [1775393989.767907670] [navNode]: 未到目标点
1775393989.7685359 [navNode-2] 目标位置:(0.0, 0.0, 0.1)-[A6]-[MCU:False]-[POS:False]
1775393989.7685688 [navNode-2] 当前位置:(-0.0032886089757084846, -0.0020913914777338505, 0.0020089654717594385)
1775393989.8709722 [navNode-2] [INFO] [1775393989.870189157] [navNode]: 状态4：WaitAim--[A6]
1775393989.8716843 [navNode-2] [INFO] [1775393989.871248350] [navNode]: 未到目标点
1775393989.8718529 [navNode-2] 目标位置:(0.0, 0.0, 0.1)-[A6]-[MCU:False]-[POS:False]
1775393989.8719511 [navNode-2] 当前位置:(-0.0032886089757084846, -0.0020913914777338505, 0.0020089654717594385)
1775393989.9691021 [navNode-2] [INFO] [1775393989.968438892] [navNode]: 状态4：WaitAim--[A6]
1775393989.9692945 [navNode-2] [INFO] [1775393989.968792657] [navNode]: 未到目标点
1775393989.9693470 [navNode-2] 目标位置:(0.0, 0.0, 0.1)-[A6]-[MCU:False]-[POS:False]
1775393989.9693792 [navNode-2] 当前位置:(-0.0032886089757084846, -0.0020913914777338505, 0.0020089654717594385)
1775393990.0698855 [navNode-2] [INFO] [1775393990.069573752] [navNode]: 状态4：WaitAim--[A6]
1775393990.0702224 [navNode-2] [INFO] [1775393990.069938477] [navNode]: 未到目标点
1775393990.0708146 [navNode-2] 目标位置:(0.0, 0.0, 0.1)-[A6]-[MCU:False]-[POS:False]
1775393990.0708752 [navNode-2] 当前位置:(-0.0032886089757084846, -0.0020913914777338505, 0.0020089654717594385)
1775393990.1687286 [navNode-2] [INFO] [1775393990.168079539] [navNode]: 状态4：WaitAim--[A6]
1775393990.1689274 [navNode-2] [INFO] [1775393990.168432288] [navNode]: 未到目标点
1775393990.1689970 [navNode-2] 目标位置:(0.0, 0.0, 0.1)-[A6]-[MCU:False]-[POS:False]
1775393990.1690512 [navNode-2] 当前位置:(-0.0032886089757084846, -0.0020913914777338505, 0.0020089654717594385)
1775393990.2677984 [navNode-2] [INFO] [1775393990.267476418] [navNode]: 状态4：WaitAim--[A6]
1775393990.2681978 [navNode-2] [INFO] [1775393990.267851536] [navNode]: 未到目标点
1775393990.2682977 [navNode-2] 目标位置:(0.0, 0.0, 0.1)-[A6]-[MCU:False]-[POS:False]
1775393990.2683384 [navNode-2] 当前位置:(-0.0032886089757084846, -0.0020913914777338505, 0.0020089654717594385)
1775393990.3679526 [navNode-2] [INFO] [1775393990.367279742] [navNode]: 状态4：WaitAim--[A6]
1775393990.3681831 [navNode-2] [INFO] [1775393990.367612807] [navNode]: 未到目标点
1775393990.3682642 [navNode-2] 目标位置:(0.0, 0.0, 0.1)-[A6]-[MCU:False]-[POS:False]
1775393990.3682997 [navNode-2] 当前位置:(-0.0032886089757084846, -0.0020913914777338505, 0.0020089654717594385)
1775393990.4677005 [navNode-2] [INFO] [1775393990.467384558] [navNode]: 状态4：WaitAim--[A6]
1775393990.4681401 [navNode-2] [INFO] [1775393990.467781516] [navNode]: 未到目标点
1775393990.4682515 [navNode-2] 目标位置:(0.0, 0.0, 0.1)-[A6]-[MCU:False]-[POS:False]
1775393990.4682982 [navNode-2] 当前位置:(-0.0032886089757084846, -0.0020913914777338505, 0.0020089654717594385)
1775393990.5680978 [navNode-2] [INFO] [1775393990.567398369] [navNode]: 状态4：WaitAim--[A6]
1775393990.5683167 [navNode-2] [INFO] [1775393990.567760448] [navNode]: 未到目标点
1775393990.5683718 [navNode-2] 目标位置:(0.0, 0.0, 0.1)-[A6]-[MCU:False]-[POS:False]
1775393990.5684059 [navNode-2] 当前位置:(-0.0032886089757084846, -0.0020913914777338505, 0.0020089654717594385)
1775393990.6679130 [navNode-2] [INFO] [1775393990.667625764] [navNode]: 状态4：WaitAim--[A6]
1775393990.6682692 [navNode-2] [INFO] [1775393990.667990786] [navNode]: 未到目标点
1775393990.6683564 [navNode-2] 目标位置:(0.0, 0.0, 0.1)-[A6]-[MCU:False]-[POS:False]
1775393990.6683996 [navNode-2] 当前位置:(-0.0032886089757084846, -0.0020913914777338505, 0.0020089654717594385)
1775393990.7677438 [navNode-2] [INFO] [1775393990.767442321] [navNode]: 状态4：WaitAim--[A6]
1775393990.7682071 [navNode-2] [INFO] [1775393990.767829955] [navNode]: 未到目标点
1775393990.7683606 [navNode-2] 目标位置:(0.0, 0.0, 0.1)-[A6]-[MCU:False]-[POS:False]
1775393990.7684128 [navNode-2] 当前位置:(-0.0032886089757084846, -0.0020913914777338505, 0.0020089654717594385)
1775393990.8685119 [navNode-2] [INFO] [1775393990.868094779] [navNode]: 状态4：WaitAim--[A6]
1775393990.8688915 [navNode-2] [INFO] [1775393990.868566876] [navNode]: 未到目标点
1775393990.8690057 [navNode-2] 目标位置:(0.0, 0.0, 0.1)-[A6]-[MCU:False]-[POS:False]
1775393990.8690796 [navNode-2] 当前位置:(-0.0032886089757084846, -0.0020913914777338505, 0.0020089654717594385)
1775393990.9681082 [navNode-2] [INFO] [1775393990.967761348] [navNode]: 状态4：WaitAim--[A6]
1775393990.9686730 [navNode-2] [INFO] [1775393990.968259345] [navNode]: 未到目标点
1775393990.9688022 [navNode-2] 目标位置:(0.0, 0.0, 0.1)-[A6]-[MCU:False]-[POS:False]
1775393990.9688559 [navNode-2] 当前位置:(-0.0032886089757084846, -0.0020913914777338505, 0.0020089654717594385)
1775393991.0681062 [navNode-2] [INFO] [1775393991.067782257] [navNode]: 状态4：WaitAim--[A6]
1775393991.0685437 [navNode-2] [INFO] [1775393991.068201115] [navNode]: 未到目标点
1775393991.0686648 [navNode-2] 目标位置:(0.0, 0.0, 0.1)-[A6]-[MCU:False]-[POS:False]
1775393991.0687523 [navNode-2] 当前位置:(-0.0032886089757084846, -0.0020913914777338505, 0.0020089654717594385)
1775393991.1679893 [navNode-2] [INFO] [1775393991.167660937] [navNode]: 状态4：WaitAim--[A6]
1775393991.1683857 [navNode-2] [INFO] [1775393991.168116895] [navNode]: 未到目标点
1775393991.1684842 [navNode-2] 目标位置:(0.0, 0.0, 0.1)-[A6]-[MCU:False]-[POS:False]
1775393991.1685314 [navNode-2] 当前位置:(-0.0032886089757084846, -0.0020913914777338505, 0.0020089654717594385)
1775393991.2681508 [navNode-2] [INFO] [1775393991.267720232] [navNode]: 状态4：WaitAim--[A6]
1775393991.2686059 [navNode-2] [INFO] [1775393991.268149946] [navNode]: 未到目标点
1775393991.2687242 [navNode-2] 目标位置:(0.0, 0.0, 0.1)-[A6]-[MCU:False]-[POS:False]
1775393991.2687700 [navNode-2] 当前位置:(-0.0032886089757084846, -0.0020913914777338505, 0.0020089654717594385)
1775393991.3680422 [navNode-2] [INFO] [1775393991.367677888] [navNode]: 状态4：WaitAim--[A6]
1775393991.3683438 [navNode-2] [INFO] [1775393991.368110078] [navNode]: 未到目标点
1775393991.3684206 [navNode-2] 目标位置:(0.0, 0.0, 0.1)-[A6]-[MCU:False]-[POS:False]
1775393991.3684666 [navNode-2] 当前位置:(-0.0032886089757084846, -0.0020913914777338505, 0.0020089654717594385)
1775393991.4677942 [navNode-2] [INFO] [1775393991.467384715] [navNode]: 状态4：WaitAim--[A6]
1775393991.4682672 [navNode-2] [INFO] [1775393991.467877532] [navNode]: 未到目标点
1775393991.4683704 [navNode-2] 目标位置:(0.0, 0.0, 0.1)-[A6]-[MCU:False]-[POS:False]
1775393991.4684410 [navNode-2] 当前位置:(-0.0032886089757084846, -0.0020913914777338505, 0.0020089654717594385)
1775393991.5683081 [navNode-2] [INFO] [1775393991.567959560] [navNode]: 状态4：WaitAim--[A6]
1775393991.5687721 [navNode-2] [INFO] [1775393991.568431192] [navNode]: 未到目标点
1775393991.5688872 [navNode-2] 目标位置:(0.0, 0.0, 0.1)-[A6]-[MCU:False]-[POS:False]
1775393991.5689597 [navNode-2] 当前位置:(-0.0032886089757084846, -0.0020913914777338505, 0.0020089654717594385)
1775393991.6677592 [navNode-2] [INFO] [1775393991.667448525] [navNode]: 状态4：WaitAim--[A6]
1775393991.6681485 [navNode-2] [INFO] [1775393991.667862034] [navNode]: 未到目标点
1775393991.6682227 [navNode-2] 目标位置:(0.0, 0.0, 0.1)-[A6]-[MCU:False]-[POS:False]
1775393991.6682622 [navNode-2] 当前位置:(-0.0032886089757084846, -0.0020913914777338505, 0.0020089654717594385)
1775393991.7691481 [navNode-2] [INFO] [1775393991.768609966] [navNode]: 状态4：WaitAim--[A6]
1775393991.7695260 [navNode-2] [INFO] [1775393991.769055055] [navNode]: 未到目标点
1775393991.7696209 [navNode-2] 目标位置:(0.0, 0.0, 0.1)-[A6]-[MCU:False]-[POS:False]
1775393991.7696686 [navNode-2] 当前位置:(-0.0032886089757084846, -0.0020913914777338505, 0.0020089654717594385)
1775393991.8679569 [navNode-2] [INFO] [1775393991.867538931] [navNode]: 状态4：WaitAim--[A6]
1775393991.8682928 [navNode-2] [INFO] [1775393991.867905770] [navNode]: 未到目标点
1775393991.8683870 [navNode-2] 目标位置:(0.0, 0.0, 0.1)-[A6]-[MCU:False]-[POS:False]
1775393991.8684468 [navNode-2] 当前位置:(-0.0032886089757084846, -0.0020913914777338505, 0.0020089654717594385)
1775393991.9709632 [navNode-2] [INFO] [1775393991.970562218] [navNode]: 状态4：WaitAim--[A6]
1775393991.9713109 [navNode-2] [INFO] [1775393991.970982629] [navNode]: 未到目标点
1775393991.9713938 [navNode-2] 目标位置:(0.0, 0.0, 0.1)-[A6]-[MCU:False]-[POS:False]
1775393991.9714401 [navNode-2] 当前位置:(-0.0032886089757084846, -0.0020913914777338505, 0.0020089654717594385)
1775393992.0677319 [navNode-2] [INFO] [1775393992.067443806] [navNode]: 状态4：WaitAim--[A6]
1775393992.0681028 [navNode-2] [INFO] [1775393992.067831573] [navNode]: 未到目标点
1775393992.0681858 [navNode-2] 目标位置:(0.0, 0.0, 0.1)-[A6]-[MCU:False]-[POS:False]
1775393992.0682280 [navNode-2] 当前位置:(-0.0032886089757084846, -0.0020913914777338505, 0.0020089654717594385)
1775393992.1678362 [navNode-2] [INFO] [1775393992.167484196] [navNode]: 状态4：WaitAim--[A6]
1775393992.1681690 [navNode-2] [INFO] [1775393992.167856772] [navNode]: 未到目标点
1775393992.1682599 [navNode-2] 目标位置:(0.0, 0.0, 0.1)-[A6]-[MCU:False]-[POS:False]
1775393992.1683168 [navNode-2] 当前位置:(-0.0032886089757084846, -0.0020913914777338505, 0.0020089654717594385)
1775393992.2678816 [navNode-2] [INFO] [1775393992.267494225] [navNode]: 状态4：WaitAim--[A6]
1775393992.2682123 [navNode-2] [INFO] [1775393992.267900935] [navNode]: 未到目标点
1775393992.2683220 [navNode-2] 目标位置:(0.0, 0.0, 0.1)-[A6]-[MCU:False]-[POS:False]
1775393992.2683599 [navNode-2] 当前位置:(-0.0032886089757084846, -0.0020913914777338505, 0.0020089654717594385)
1775393992.3710101 [navNode-2] [INFO] [1775393992.370151860] [navNode]: 状态4：WaitAim--[A6]
1775393992.3718672 [navNode-2] [INFO] [1775393992.371368939] [navNode]: 未到目标点
1775393992.3721459 [navNode-2] 目标位置:(0.0, 0.0, 0.1)-[A6]-[MCU:False]-[POS:False]
1775393992.3722663 [navNode-2] 当前位置:(-0.0032886089757084846, -0.0020913914777338505, 0.0020089654717594385)
1775393992.4678538 [navNode-2] [INFO] [1775393992.467558444] [navNode]: 状态4：WaitAim--[A6]
1775393992.4681911 [navNode-2] [INFO] [1775393992.467930341] [navNode]: 未到目标点
1775393992.4682672 [navNode-2] 目标位置:(0.0, 0.0, 0.1)-[A6]-[MCU:False]-[POS:False]
1775393992.4683282 [navNode-2] 当前位置:(-0.0032886089757084846, -0.0020913914777338505, 0.0020089654717594385)
1775393992.5694594 [navNode-2] [INFO] [1775393992.568838405] [navNode]: 状态4：WaitAim--[A6]
1775393992.5703022 [navNode-2] [INFO] [1775393992.569877869] [navNode]: 未到目标点
1775393992.5705791 [navNode-2] 目标位置:(0.0, 0.0, 0.1)-[A6]-[MCU:False]-[POS:False]
1775393992.5707870 [navNode-2] 当前位置:(-0.0032886089757084846, -0.0020913914777338505, 0.0020089654717594385)
1775393992.6679993 [navNode-2] [INFO] [1775393992.667655990] [navNode]: 状态4：WaitAim--[A6]
1775393992.6683304 [navNode-2] [INFO] [1775393992.668041631] [navNode]: 未到目标点
1775393992.6684237 [navNode-2] 目标位置:(0.0, 0.0, 0.1)-[A6]-[MCU:False]-[POS:False]
1775393992.6684670 [navNode-2] 当前位置:(-0.0032886089757084846, -0.0020913914777338505, 0.0020089654717594385)
1775393992.7679255 [navNode-2] [INFO] [1775393992.767537464] [navNode]: 状态4：WaitAim--[A6]
1775393992.7683172 [navNode-2] [INFO] [1775393992.768000903] [navNode]: 未到目标点
1775393992.7684104 [navNode-2] 目标位置:(0.0, 0.0, 0.1)-[A6]-[MCU:False]-[POS:False]
1775393992.7684598 [navNode-2] 当前位置:(-0.0032886089757084846, -0.0020913914777338505, 0.0020089654717594385)
1775393992.8677194 [navNode-2] [INFO] [1775393992.867420537] [navNode]: 状态4：WaitAim--[A6]
1775393992.8680282 [navNode-2] [INFO] [1775393992.867791645] [navNode]: 未到目标点
1775393992.8681095 [navNode-2] 目标位置:(0.0, 0.0, 0.1)-[A6]-[MCU:False]-[POS:False]
1775393992.8681848 [navNode-2] 当前位置:(-0.0032886089757084846, -0.0020913914777338505, 0.0020089654717594385)
1775393992.9678056 [navNode-2] [INFO] [1775393992.967402539] [navNode]: 状态4：WaitAim--[A6]
1775393992.9682202 [navNode-2] [INFO] [1775393992.967838985] [navNode]: 未到目标点
1775393992.9683142 [navNode-2] 目标位置:(0.0, 0.0, 0.1)-[A6]-[MCU:False]-[POS:False]
1775393992.9683731 [navNode-2] 当前位置:(-0.0032886089757084846, -0.0020913914777338505, 0.0020089654717594385)
1775393993.0680127 [navNode-2] [INFO] [1775393993.067631391] [navNode]: 状态4：WaitAim--[A6]
1775393993.0684328 [navNode-2] [INFO] [1775393993.068164902] [navNode]: 未到目标点
1775393993.0685451 [navNode-2] 目标位置:(0.0, 0.0, 0.1)-[A6]-[MCU:False]-[POS:False]
1775393993.0685894 [navNode-2] 当前位置:(-0.0032886089757084846, -0.0020913914777338505, 0.0020089654717594385)
1775393993.1683435 [navNode-2] [INFO] [1775393993.167754480] [navNode]: 状态4：WaitAim--[A6]
1775393993.1690497 [navNode-2] [INFO] [1775393993.168228687] [navNode]: 未到目标点
1775393993.1691594 [navNode-2] 目标位置:(0.0, 0.0, 0.1)-[A6]-[MCU:False]-[POS:False]
1775393993.1692116 [navNode-2] 当前位置:(-0.0032886089757084846, -0.0020913914777338505, 0.0020089654717594385)
1775393993.2677448 [navNode-2] [INFO] [1775393993.267356880] [navNode]: 状态4：WaitAim--[A6]
1775393993.2681234 [navNode-2] [INFO] [1775393993.267771258] [navNode]: 未到目标点
1775393993.2682788 [navNode-2] 目标位置:(0.0, 0.0, 0.1)-[A6]-[MCU:False]-[POS:False]
1775393993.2683253 [navNode-2] 当前位置:(-0.0032886089757084846, -0.0020913914777338505, 0.0020089654717594385)
1775393993.3678472 [navNode-2] [INFO] [1775393993.367534804] [navNode]: 状态4：WaitAim--[A6]
1775393993.3682806 [navNode-2] [INFO] [1775393993.367964075] [navNode]: 未到目标点
1775393993.3683920 [navNode-2] 目标位置:(0.0, 0.0, 0.1)-[A6]-[MCU:False]-[POS:False]
1775393993.3684418 [navNode-2] 当前位置:(-0.0032886089757084846, -0.0020913914777338505, 0.0020089654717594385)
1775393993.4679008 [navNode-2] [INFO] [1775393993.467604800] [navNode]: 状态4：WaitAim--[A6]
1775393993.4682388 [navNode-2] [INFO] [1775393993.467981414] [navNode]: 未到目标点
1775393993.4683182 [navNode-2] 目标位置:(0.0, 0.0, 0.1)-[A6]-[MCU:False]-[POS:False]
1775393993.4683645 [navNode-2] 当前位置:(-0.0032886089757084846, -0.0020913914777338505, 0.0020089654717594385)
1775393993.5679197 [navNode-2] [INFO] [1775393993.567556245] [navNode]: 状态4：WaitAim--[A6]
1775393993.5682549 [navNode-2] [INFO] [1775393993.567959274] [navNode]: 未到目标点
1775393993.5683410 [navNode-2] 目标位置:(0.0, 0.0, 0.1)-[A6]-[MCU:False]-[POS:False]
1775393993.5683866 [navNode-2] 当前位置:(-0.0032886089757084846, -0.0020913914777338505, 0.0020089654717594385)
1775393993.6680248 [navNode-2] [INFO] [1775393993.667725688] [navNode]: 状态4：WaitAim--[A6]
1775393993.6683297 [navNode-2] [INFO] [1775393993.668103247] [navNode]: 未到目标点
1775393993.6684067 [navNode-2] 目标位置:(0.0, 0.0, 0.1)-[A6]-[MCU:False]-[POS:False]
1775393993.6684532 [navNode-2] 当前位置:(-0.0032886089757084846, -0.0020913914777338505, 0.0020089654717594385)
1775393993.7678568 [navNode-2] [INFO] [1775393993.767513970] [navNode]: 状态4：WaitAim--[A6]
1775393993.7682288 [navNode-2] [INFO] [1775393993.767925160] [navNode]: 未到目标点
1775393993.7683132 [navNode-2] 目标位置:(0.0, 0.0, 0.1)-[A6]-[MCU:False]-[POS:False]
1775393993.7683723 [navNode-2] 当前位置:(-0.0032886089757084846, -0.0020913914777338505, 0.0020089654717594385)
1775393993.8703752 [navNode-2] [INFO] [1775393993.869763303] [navNode]: 状态4：WaitAim--[A6]
1775393993.8711412 [navNode-2] [INFO] [1775393993.870905803] [navNode]: 未到目标点
1775393993.8713639 [navNode-2] 目标位置:(0.0, 0.0, 0.1)-[A6]-[MCU:False]-[POS:False]
1775393993.8714883 [navNode-2] 当前位置:(-0.0032886089757084846, -0.0020913914777338505, 0.0020089654717594385)
1775393993.9680121 [navNode-2] [INFO] [1775393993.967661490] [navNode]: 状态4：WaitAim--[A6]
1775393993.9684098 [navNode-2] [INFO] [1775393993.968113535] [navNode]: 未到目标点
1775393993.9685383 [navNode-2] 目标位置:(0.0, 0.0, 0.1)-[A6]-[MCU:False]-[POS:False]
1775393993.9685843 [navNode-2] 当前位置:(-0.0032886089757084846, -0.0020913914777338505, 0.0020089654717594385)
1775393994.0710366 [navNode-2] [INFO] [1775393994.070345977] [navNode]: 状态4：WaitAim--[A6]
1775393994.0718555 [navNode-2] [INFO] [1775393994.071312998] [navNode]: 未到目标点
1775393994.0720952 [navNode-2] 目标位置:(0.0, 0.0, 0.1)-[A6]-[MCU:False]-[POS:False]
1775393994.0722129 [navNode-2] 当前位置:(-0.0032886089757084846, -0.0020913914777338505, 0.0020089654717594385)
1775393994.1679695 [navNode-2] [INFO] [1775393994.167631861] [navNode]: 状态4：WaitAim--[A6]
1775393994.1684244 [navNode-2] [INFO] [1775393994.168126029] [navNode]: 未到目标点
1775393994.1685488 [navNode-2] 目标位置:(0.0, 0.0, 0.1)-[A6]-[MCU:False]-[POS:False]
1775393994.1686223 [navNode-2] 当前位置:(-0.0032886089757084846, -0.0020913914777338505, 0.0020089654717594385)
1775393994.2679889 [navNode-2] [INFO] [1775393994.267643097] [navNode]: 状态4：WaitAim--[A6]
1775393994.2684667 [navNode-2] [INFO] [1775393994.268121197] [navNode]: 未到目标点
1775393994.2685840 [navNode-2] 目标位置:(0.0, 0.0, 0.1)-[A6]-[MCU:False]-[POS:False]
1775393994.2686336 [navNode-2] 当前位置:(-0.0032886089757084846, -0.0020913914777338505, 0.0020089654717594385)
1775393994.3683321 [navNode-2] [INFO] [1775393994.367888443] [navNode]: 状态4：WaitAim--[A6]
1775393994.3687406 [navNode-2] [INFO] [1775393994.368334680] [navNode]: 未到目标点
1775393994.3688509 [navNode-2] 目标位置:(0.0, 0.0, 0.1)-[A6]-[MCU:False]-[POS:False]
1775393994.3689182 [navNode-2] 当前位置:(-0.0032886089757084846, -0.0020913914777338505, 0.0020089654717594385)
1775393994.4676299 [navNode-2] [INFO] [1775393994.467296506] [navNode]: 状态4：WaitAim--[A6]
1775393994.4681816 [navNode-2] [INFO] [1775393994.468016352] [navNode]: 未到目标点
1775393994.4682982 [navNode-2] 目标位置:(0.0, 0.0, 0.1)-[A6]-[MCU:False]-[POS:False]
1775393994.4683459 [navNode-2] 当前位置:(-0.0032886089757084846, -0.0020913914777338505, 0.0020089654717594385)
1775393994.5675285 [navNode-2] [INFO] [1775393994.567163730] [navNode]: 状态4：WaitAim--[A6]
1775393994.5679381 [navNode-2] [INFO] [1775393994.567766537] [navNode]: 未到目标点
1775393994.5680318 [navNode-2] 目标位置:(0.0, 0.0, 0.1)-[A6]-[MCU:False]-[POS:False]
1775393994.5680933 [navNode-2] 当前位置:(-0.0032886089757084846, -0.0020913914777338505, 0.0020089654717594385)
1775393994.6689222 [navNode-2] [INFO] [1775393994.668390308] [navNode]: 状态4：WaitAim--[A6]
1775393994.6695204 [navNode-2] [INFO] [1775393994.669141401] [navNode]: 未到目标点
1775393994.6696529 [navNode-2] 目标位置:(0.0, 0.0, 0.1)-[A6]-[MCU:False]-[POS:False]
1775393994.6697342 [navNode-2] 当前位置:(-0.0032886089757084846, -0.0020913914777338505, 0.0020089654717594385)
1775393994.7676487 [navNode-2] [INFO] [1775393994.767321146] [navNode]: 状态4：WaitAim--[A6]
1775393994.7680461 [navNode-2] [INFO] [1775393994.767836824] [navNode]: 未到目标点
1775393994.7681239 [navNode-2] 目标位置:(0.0, 0.0, 0.1)-[A6]-[MCU:False]-[POS:False]
1775393994.7682137 [navNode-2] 当前位置:(-0.0032886089757084846, -0.0020913914777338505, 0.0020089654717594385)
1775393994.8683114 [navNode-2] [INFO] [1775393994.868012618] [navNode]: 状态4：WaitAim--[A6]
1775393994.8687217 [navNode-2] [INFO] [1775393994.868473275] [navNode]: 未到目标点
1775393994.8688252 [navNode-2] 目标位置:(0.0, 0.0, 0.1)-[A6]-[MCU:False]-[POS:False]
1775393994.8688977 [navNode-2] 当前位置:(-0.0032886089757084846, -0.0020913914777338505, 0.0020089654717594385)
1775393994.9692492 [navNode-2] [INFO] [1775393994.968665689] [navNode]: 状态4：WaitAim--[A6]
1775393994.9699888 [navNode-2] [INFO] [1775393994.969629014] [navNode]: 未到目标点
1775393994.9701612 [navNode-2] 目标位置:(0.0, 0.0, 0.1)-[A6]-[MCU:False]-[POS:False]
1775393994.9702528 [navNode-2] 当前位置:(-0.0032886089757084846, -0.0020913914777338505, 0.0020089654717594385)
1775393995.0699060 [navNode-2] [INFO] [1775393995.069127358] [navNode]: 状态4：WaitAim--[A6]
1775393995.0708332 [navNode-2] [INFO] [1775393995.070217065] [navNode]: 未到目标点
1775393995.0713096 [navNode-2] 目标位置:(0.0, 0.0, 0.1)-[A6]-[MCU:False]-[POS:False]
1775393995.0713944 [navNode-2] 当前位置:(-0.0032886089757084846, -0.0020913914777338505, 0.0020089654717594385)
1775393995.1688411 [navNode-2] [INFO] [1775393995.168394709] [navNode]: 状态4：WaitAim--[A6]
1775393995.1730797 [navNode-2] [INFO] [1775393995.168935538] [navNode]: 未到目标点
1775393995.1732521 [navNode-2] 目标位置:(0.0, 0.0, 0.1)-[A6]-[MCU:False]-[POS:False]
1775393995.1733038 [navNode-2] 当前位置:(-0.0032886089757084846, -0.0020913914777338505, 0.0020089654717594385)
1775393995.2678552 [navNode-2] [INFO] [1775393995.267524366] [navNode]: 状态4：WaitAim--[A6]
1775393995.2683015 [navNode-2] [INFO] [1775393995.268096432] [navNode]: 未到目标点
1775393995.2684040 [navNode-2] 目标位置:(0.0, 0.0, 0.1)-[A6]-[MCU:False]-[POS:False]
1775393995.2684643 [navNode-2] 当前位置:(-0.0032886089757084846, -0.0020913914777338505, 0.0020089654717594385)
1775393995.3355684 [INFO] [myMain-1]: process has finished cleanly [pid 29108]
1775393995.3685148 [navNode-2] [INFO] [1775393995.368005864] [navNode]: 状态4：WaitAim--[A6]
1775393995.3690774 [navNode-2] [INFO] [1775393995.368613378] [navNode]: 未到目标点
1775393995.3692031 [navNode-2] 目标位置:(0.0, 0.0, 0.1)-[A6]-[MCU:False]-[POS:False]
1775393995.3692749 [navNode-2] 当前位置:(-0.0032886089757084846, -0.0020913914777338505, 0.0020089654717594385)
1775393995.4691439 [navNode-2] [INFO] [1775393995.468804686] [navNode]: 状态4：WaitAim--[A6]
1775393995.4695880 [navNode-2] [INFO] [1775393995.469353475] [navNode]: 未到目标点
1775393995.4696734 [navNode-2] 目标位置:(0.0, 0.0, 0.1)-[A6]-[MCU:False]-[POS:False]
1775393995.4697263 [navNode-2] 当前位置:(-0.0032886089757084846, -0.0020913914777338505, 0.0020089654717594385)
1775393995.5686889 [navNode-2] [INFO] [1775393995.568018361] [navNode]: 状态4：WaitAim--[A6]
1775393995.5695977 [navNode-2] [INFO] [1775393995.568729611] [navNode]: 未到目标点
1775393995.5697224 [navNode-2] 目标位置:(0.0, 0.0, 0.1)-[A6]-[MCU:False]-[POS:False]
1775393995.5697811 [navNode-2] 当前位置:(-0.0032886089757084846, -0.0020913914777338505, 0.0020089654717594385)
1775393995.6679416 [navNode-2] [INFO] [1775393995.667592104] [navNode]: 状态4：WaitAim--[A6]
1775393995.6684151 [navNode-2] [INFO] [1775393995.668099439] [navNode]: 未到目标点
1775393995.6685112 [navNode-2] 目标位置:(0.0, 0.0, 0.1)-[A6]-[MCU:False]-[POS:False]
1775393995.6685600 [navNode-2] 当前位置:(-0.0032886089757084846, -0.0020913914777338505, 0.0020089654717594385)
1775393995.7681870 [navNode-2] [INFO] [1775393995.767848870] [navNode]: 状态4：WaitAim--[A6]
1775393995.7686698 [navNode-2] [INFO] [1775393995.768482905] [navNode]: 未到目标点
1775393995.7688084 [navNode-2] 目标位置:(0.0, 0.0, 0.1)-[A6]-[MCU:False]-[POS:False]
1775393995.7689009 [navNode-2] 当前位置:(-0.0032886089757084846, -0.0020913914777338505, 0.0020089654717594385)
1775393995.8680117 [navNode-2] [INFO] [1775393995.867590470] [navNode]: 状态4：WaitAim--[A6]
1775393995.8685224 [navNode-2] [INFO] [1775393995.868179380] [navNode]: 未到目标点
1775393995.8686759 [navNode-2] 目标位置:(0.0, 0.0, 0.1)-[A6]-[MCU:False]-[POS:False]
1775393995.8687558 [navNode-2] 当前位置:(-0.0032886089757084846, -0.0020913914777338505, 0.0020089654717594385)
1775393995.9681401 [navNode-2] [INFO] [1775393995.967789260] [navNode]: 状态4：WaitAim--[A6]
1775393995.9686453 [navNode-2] [INFO] [1775393995.968294924] [navNode]: 未到目标点
1775393995.9687593 [navNode-2] 目标位置:(0.0, 0.0, 0.1)-[A6]-[MCU:False]-[POS:False]
1775393995.9688485 [navNode-2] 当前位置:(-0.0032886089757084846, -0.0020913914777338505, 0.0020089654717594385)
1775393996.0681996 [navNode-2] [INFO] [1775393996.067811264] [navNode]: 状态4：WaitAim--[A6]
1775393996.0686650 [navNode-2] [INFO] [1775393996.068403292] [navNode]: 未到目标点
1775393996.0688229 [navNode-2] 目标位置:(0.0, 0.0, 0.1)-[A6]-[MCU:False]-[POS:False]
1775393996.0689425 [navNode-2] 当前位置:(-0.0032886089757084846, -0.0020913914777338505, 0.0020089654717594385)
1775393996.1702647 [navNode-2] [INFO] [1775393996.169897710] [navNode]: 状态4：WaitAim--[A6]
1775393996.1707742 [navNode-2] [INFO] [1775393996.170492408] [navNode]: 未到目标点
1775393996.1708722 [navNode-2] 目标位置:(0.0, 0.0, 0.1)-[A6]-[MCU:False]-[POS:False]
1775393996.1709263 [navNode-2] 当前位置:(-0.0032886089757084846, -0.0020913914777338505, 0.0020089654717594385)
1775393996.2682383 [navNode-2] [INFO] [1775393996.267866454] [navNode]: 状态4：WaitAim--[A6]
1775393996.2686989 [navNode-2] [INFO] [1775393996.268445788] [navNode]: 未到目标点
1775393996.2687910 [navNode-2] 目标位置:(0.0, 0.0, 0.1)-[A6]-[MCU:False]-[POS:False]
1775393996.2688456 [navNode-2] 当前位置:(-0.0032886089757084846, -0.0020913914777338505, 0.0020089654717594385)
1775393996.3685946 [navNode-2] [INFO] [1775393996.368291085] [navNode]: 状态4：WaitAim--[A6]
1775393996.3690848 [navNode-2] [INFO] [1775393996.368764146] [navNode]: 未到目标点
1775393996.3692179 [navNode-2] 目标位置:(0.0, 0.0, 0.1)-[A6]-[MCU:False]-[POS:False]
1775393996.3692780 [navNode-2] 当前位置:(-0.0032886089757084846, -0.0020913914777338505, 0.0020089654717594385)
1775393996.4690816 [navNode-2] [INFO] [1775393996.468626886] [navNode]: 状态4：WaitAim--[A6]
1775393996.4695933 [navNode-2] [INFO] [1775393996.469106287] [navNode]: 未到目标点
1775393996.4697218 [navNode-2] 目标位置:(0.0, 0.0, 0.1)-[A6]-[MCU:False]-[POS:False]
1775393996.4697821 [navNode-2] 当前位置:(-0.0032886089757084846, -0.0020913914777338505, 0.0020089654717594385)
1775393996.5681665 [navNode-2] [INFO] [1775393996.567769225] [navNode]: 状态4：WaitAim--[A6]
1775393996.5686071 [navNode-2] [INFO] [1775393996.568250804] [navNode]: 未到目标点
1775393996.5686855 [navNode-2] 目标位置:(0.0, 0.0, 0.1)-[A6]-[MCU:False]-[POS:False]
1775393996.5687296 [navNode-2] 当前位置:(-0.0032886089757084846, -0.0020913914777338505, 0.0020089654717594385)
1775393996.6689532 [navNode-2] [INFO] [1775393996.668612163] [navNode]: 状态4：WaitAim--[A6]
1775393996.6693254 [navNode-2] [INFO] [1775393996.669055048] [navNode]: 未到目标点
1775393996.6694553 [navNode-2] 目标位置:(0.0, 0.0, 0.1)-[A6]-[MCU:False]-[POS:False]
1775393996.6695144 [navNode-2] 当前位置:(-0.0032886089757084846, -0.0020913914777338505, 0.0020089654717594385)
1775393996.7688062 [navNode-2] [INFO] [1775393996.768453336] [navNode]: 状态4：WaitAim--[A6]
1775393996.7692735 [navNode-2] [INFO] [1775393996.768902169] [navNode]: 未到目标点
1775393996.7693791 [navNode-2] 目标位置:(0.0, 0.0, 0.1)-[A6]-[MCU:False]-[POS:False]
1775393996.7694659 [navNode-2] 当前位置:(-0.0032886089757084846, -0.0020913914777338505, 0.0020089654717594385)
1775393996.8680573 [navNode-2] [INFO] [1775393996.867741477] [navNode]: 状态4：WaitAim--[A6]
1775393996.8684716 [navNode-2] [INFO] [1775393996.868172395] [navNode]: 未到目标点
1775393996.8685782 [navNode-2] 目标位置:(0.0, 0.0, 0.1)-[A6]-[MCU:False]-[POS:False]
1775393996.8686266 [navNode-2] 当前位置:(-0.0032886089757084846, -0.0020913914777338505, 0.0020089654717594385)
1775393996.9677360 [navNode-2] [INFO] [1775393996.967412496] [navNode]: 状态4：WaitAim--[A6]
1775393996.9681323 [navNode-2] [INFO] [1775393996.967831139] [navNode]: 未到目标点
1775393996.9682291 [navNode-2] 目标位置:(0.0, 0.0, 0.1)-[A6]-[MCU:False]-[POS:False]
1775393996.9683158 [navNode-2] 当前位置:(-0.0032886089757084846, -0.0020913914777338505, 0.0020089654717594385)
1775393997.0678446 [navNode-2] [INFO] [1775393997.067284083] [navNode]: 状态4：WaitAim--[A6]
1775393997.0684483 [navNode-2] [INFO] [1775393997.067884988] [navNode]: 未到目标点
1775393997.0685511 [navNode-2] 目标位置:(0.0, 0.0, 0.1)-[A6]-[MCU:False]-[POS:False]
1775393997.0685990 [navNode-2] 当前位置:(-0.0032886089757084846, -0.0020913914777338505, 0.0020089654717594385)
1775393997.1677241 [navNode-2] [INFO] [1775393997.167393000] [navNode]: 状态4：WaitAim--[A6]
1775393997.1681046 [navNode-2] [INFO] [1775393997.167798809] [navNode]: 未到目标点
1775393997.1681712 [navNode-2] 目标位置:(0.0, 0.0, 0.1)-[A6]-[MCU:False]-[POS:False]
1775393997.1682093 [navNode-2] 当前位置:(-0.0032886089757084846, -0.0020913914777338505, 0.0020089654717594385)
1775393997.2677186 [navNode-2] [INFO] [1775393997.267313977] [navNode]: 状态4：WaitAim--[A6]
1775393997.2681129 [navNode-2] [INFO] [1775393997.267951217] [navNode]: 未到目标点
1775393997.2682042 [navNode-2] 目标位置:(0.0, 0.0, 0.1)-[A6]-[MCU:False]-[POS:False]
1775393997.2682834 [navNode-2] 当前位置:(-0.0032886089757084846, -0.0020913914777338505, 0.0020089654717594385)
1775393997.3687713 [navNode-2] [INFO] [1775393997.368320566] [navNode]: 状态4：WaitAim--[A6]
1775393997.3692167 [navNode-2] [INFO] [1775393997.368798579] [navNode]: 未到目标点
1775393997.3693314 [navNode-2] 目标位置:(0.0, 0.0, 0.1)-[A6]-[MCU:False]-[POS:False]
1775393997.3694043 [navNode-2] 当前位置:(-0.0032886089757084846, -0.0020913914777338505, 0.0020089654717594385)
1775393997.4224212 [WARNING] [launch]: user interrupted with ctrl-c (SIGINT)
1775393997.4581997 [INFO] [navNode-2]: process has finished cleanly [pid 29110]
