[0.431s] [34mcolcon[0m [1;30mDEBUG[0m [32mCommand line arguments: ['/usr/bin/colcon', 'build', '--symlink-install'][0m
[0.431s] [34mcolcon[0m [1;30mDEBUG[0m [32mParsed command line arguments: Namespace(allow_overriding=[], ament_cmake_args=None, base_paths=['.'], build_base='build', catkin_cmake_args=None, catkin_skip_building_tests=False, cmake_args=None, cmake_clean_cache=False, cmake_clean_first=False, cmake_force_configure=False, cmake_target=None, cmake_target_skip_unavailable=False, continue_on_error=False, event_handlers=None, executor='parallel', ignore_user_meta=False, install_base='install', log_base=None, log_level=None, main=<bound method BuildVerb.main of <colcon_core.verb.build.BuildVerb object at 0x7f67937f8d30>>, merge_install=False, metas=['./colcon.meta'], mixin=None, mixin_files=None, mixin_verb=('build',), packages_above=None, packages_above_and_dependencies=None, packages_above_depth=None, packages_end=None, packages_ignore=None, packages_ignore_regex=None, packages_select=None, packages_select_build_failed=False, packages_select_by_dep=None, packages_select_regex=None, packages_select_test_failures=False, packages_skip=None, packages_skip_build_finished=False, packages_skip_by_dep=None, packages_skip_regex=None, packages_skip_test_passed=False, packages_skip_up_to=None, packages_start=None, packages_up_to=None, packages_up_to_regex=None, parallel_workers=4, paths=None, symlink_install=True, test_result_base=None, verb_extension=<colcon_core.verb.build.BuildVerb object at 0x7f67937f8d30>, verb_name='build', verb_parser=<colcon_mixin.mixin.mixin_argument.MixinArgumentDecorator object at 0x7f67937ead30>)[0m
[0.624s] [34mcolcon.colcon_core.package_discovery[0m [1;30mLevel 1[0m discover_packages(colcon_meta) check parameters
[0.625s] [34mcolcon.colcon_core.package_discovery[0m [1;30mLevel 1[0m discover_packages(recursive) check parameters
[0.625s] [34mcolcon.colcon_core.package_discovery[0m [1;30mLevel 1[0m discover_packages(ignore) check parameters
[0.625s] [34mcolcon.colcon_core.package_discovery[0m [1;30mLevel 1[0m discover_packages(path) check parameters
[0.625s] [34mcolcon.colcon_core.package_discovery[0m [1;30mLevel 1[0m discover_packages(colcon_meta) discover
[0.625s] [34mcolcon.colcon_core.package_discovery[0m [1;30mLevel 1[0m discover_packages(recursive) discover
[0.625s] [34mcolcon.colcon_core.package_discovery[0m [1;30mINFO[0m Crawling recursively for packages in '/home/focal/Desktop/2024_GroundStation'
[0.625s] [34mcolcon.colcon_core.package_identification[0m [1;30mLevel 1[0m _identify(.) by extensions ['ignore', 'ignore_ament_install']
[0.625s] [34mcolcon.colcon_core.package_identification[0m [1;30mLevel 1[0m _identify(.) by extension 'ignore'
[0.625s] [34mcolcon.colcon_core.package_identification[0m [1;30mLevel 1[0m _identify(.) by extension 'ignore_ament_install'
[0.625s] [34mcolcon.colcon_core.package_identification[0m [1;30mLevel 1[0m _identify(.) by extensions ['colcon_pkg']
[0.625s] [34mcolcon.colcon_core.package_identification[0m [1;30mLevel 1[0m _identify(.) by extension 'colcon_pkg'
[0.625s] [34mcolcon.colcon_core.package_identification[0m [1;30mLevel 1[0m _identify(.) by extensions ['colcon_meta']
[0.625s] [34mcolcon.colcon_core.package_identification[0m [1;30mLevel 1[0m _identify(.) by extension 'colcon_meta'
[0.625s] [34mcolcon.colcon_core.package_identification[0m [1;30mLevel 1[0m _identify(.) by extensions ['ros']
[0.625s] [34mcolcon.colcon_core.package_identification[0m [1;30mLevel 1[0m _identify(.) by extension 'ros'
[0.637s] [34mcolcon.colcon_core.package_identification[0m [1;30mLevel 1[0m _identify(.) by extensions ['cmake', 'python']
[0.637s] [34mcolcon.colcon_core.package_identification[0m [1;30mLevel 1[0m _identify(.) by extension 'cmake'
[0.637s] [34mcolcon.colcon_core.package_identification[0m [1;30mLevel 1[0m _identify(.) by extension 'python'
[0.637s] [34mcolcon.colcon_core.package_identification[0m [1;30mLevel 1[0m _identify(.) by extensions ['python_setup_py']
[0.638s] [34mcolcon.colcon_core.package_identification[0m [1;30mLevel 1[0m _identify(.) by extension 'python_setup_py'
[0.638s] [34mcolcon.colcon_core.package_identification[0m [1;30mLevel 1[0m _identify(build) by extensions ['ignore', 'ignore_ament_install']
[0.638s] [34mcolcon.colcon_core.package_identification[0m [1;30mLevel 1[0m _identify(build) by extension 'ignore'
[0.638s] [34mcolcon.colcon_core.package_identification[0m [1;30mLevel 1[0m _identify(build) ignored
[0.638s] [34mcolcon.colcon_core.package_identification[0m [1;30mLevel 1[0m _identify(install) by extensions ['ignore', 'ignore_ament_install']
[0.638s] [34mcolcon.colcon_core.package_identification[0m [1;30mLevel 1[0m _identify(install) by extension 'ignore'
[0.638s] [34mcolcon.colcon_core.package_identification[0m [1;30mLevel 1[0m _identify(install) ignored
[0.638s] [34mcolcon.colcon_core.package_identification[0m [1;30mLevel 1[0m _identify(log) by extensions ['ignore', 'ignore_ament_install']
[0.638s] [34mcolcon.colcon_core.package_identification[0m [1;30mLevel 1[0m _identify(log) by extension 'ignore'
[0.638s] [34mcolcon.colcon_core.package_identification[0m [1;30mLevel 1[0m _identify(log) ignored
[0.638s] [34mcolcon.colcon_core.package_identification[0m [1;30mLevel 1[0m _identify(run_log) by extensions ['ignore', 'ignore_ament_install']
[0.639s] [34mcolcon.colcon_core.package_identification[0m [1;30mLevel 1[0m _identify(run_log) by extension 'ignore'
[0.639s] [34mcolcon.colcon_core.package_identification[0m [1;30mLevel 1[0m _identify(run_log) by extension 'ignore_ament_install'
[0.639s] [34mcolcon.colcon_core.package_identification[0m [1;30mLevel 1[0m _identify(run_log) by extensions ['colcon_pkg']
[0.639s] [34mcolcon.colcon_core.package_identification[0m [1;30mLevel 1[0m _identify(run_log) by extension 'colcon_pkg'
[0.639s] [34mcolcon.colcon_core.package_identification[0m [1;30mLevel 1[0m _identify(run_log) by extensions ['colcon_meta']
[0.639s] [34mcolcon.colcon_core.package_identification[0m [1;30mLevel 1[0m _identify(run_log) by extension 'colcon_meta'
[0.639s] [34mcolcon.colcon_core.package_identification[0m [1;30mLevel 1[0m _identify(run_log) by extensions ['ros']
[0.639s] [34mcolcon.colcon_core.package_identification[0m [1;30mLevel 1[0m _identify(run_log) by extension 'ros'
[0.639s] [34mcolcon.colcon_core.package_identification[0m [1;30mLevel 1[0m _identify(run_log) by extensions ['cmake', 'python']
[0.639s] [34mcolcon.colcon_core.package_identification[0m [1;30mLevel 1[0m _identify(run_log) by extension 'cmake'
[0.639s] [34mcolcon.colcon_core.package_identification[0m [1;30mLevel 1[0m _identify(run_log) by extension 'python'
[0.639s] [34mcolcon.colcon_core.package_identification[0m [1;30mLevel 1[0m _identify(run_log) by extensions ['python_setup_py']
[0.639s] [34mcolcon.colcon_core.package_identification[0m [1;30mLevel 1[0m _identify(run_log) by extension 'python_setup_py'
[0.640s] [34mcolcon.colcon_core.package_identification[0m [1;30mLevel 1[0m _identify(run_log/2026-03-13-22-24-06-619054-ubuntu-5744) by extensions ['ignore', 'ignore_ament_install']
[0.640s] [34mcolcon.colcon_core.package_identification[0m [1;30mLevel 1[0m _identify(run_log/2026-03-13-22-24-06-619054-ubuntu-5744) by extension 'ignore'
[0.640s] [34mcolcon.colcon_core.package_identification[0m [1;30mLevel 1[0m _identify(run_log/2026-03-13-22-24-06-619054-ubuntu-5744) by extension 'ignore_ament_install'
[0.640s] [34mcolcon.colcon_core.package_identification[0m [1;30mLevel 1[0m _identify(run_log/2026-03-13-22-24-06-619054-ubuntu-5744) by extensions ['colcon_pkg']
[0.640s] [34mcolcon.colcon_core.package_identification[0m [1;30mLevel 1[0m _identify(run_log/2026-03-13-22-24-06-619054-ubuntu-5744) by extension 'colcon_pkg'
[0.640s] [34mcolcon.colcon_core.package_identification[0m [1;30mLevel 1[0m _identify(run_log/2026-03-13-22-24-06-619054-ubuntu-5744) by extensions ['colcon_meta']
[0.640s] [34mcolcon.colcon_core.package_identification[0m [1;30mLevel 1[0m _identify(run_log/2026-03-13-22-24-06-619054-ubuntu-5744) by extension 'colcon_meta'
[0.640s] [34mcolcon.colcon_core.package_identification[0m [1;30mLevel 1[0m _identify(run_log/2026-03-13-22-24-06-619054-ubuntu-5744) by extensions ['ros']
[0.640s] [34mcolcon.colcon_core.package_identification[0m [1;30mLevel 1[0m _identify(run_log/2026-03-13-22-24-06-619054-ubuntu-5744) by extension 'ros'
[0.640s] [34mcolcon.colcon_core.package_identification[0m [1;30mLevel 1[0m _identify(run_log/2026-03-13-22-24-06-619054-ubuntu-5744) by extensions ['cmake', 'python']
[0.640s] [34mcolcon.colcon_core.package_identification[0m [1;30mLevel 1[0m _identify(run_log/2026-03-13-22-24-06-619054-ubuntu-5744) by extension 'cmake'
[0.640s] [34mcolcon.colcon_core.package_identification[0m [1;30mLevel 1[0m _identify(run_log/2026-03-13-22-24-06-619054-ubuntu-5744) by extension 'python'
[0.640s] [34mcolcon.colcon_core.package_identification[0m [1;30mLevel 1[0m _identify(run_log/2026-03-13-22-24-06-619054-ubuntu-5744) by extensions ['python_setup_py']
[0.640s] [34mcolcon.colcon_core.package_identification[0m [1;30mLevel 1[0m _identify(run_log/2026-03-13-22-24-06-619054-ubuntu-5744) by extension 'python_setup_py'
[0.641s] [34mcolcon.colcon_core.package_identification[0m [1;30mLevel 1[0m _identify(run_log/2026-03-13-23-47-32-847804-ubuntu-3463) by extensions ['ignore', 'ignore_ament_install']
[0.641s] [34mcolcon.colcon_core.package_identification[0m [1;30mLevel 1[0m _identify(run_log/2026-03-13-23-47-32-847804-ubuntu-3463) by extension 'ignore'
[0.641s] [34mcolcon.colcon_core.package_identification[0m [1;30mLevel 1[0m _identify(run_log/2026-03-13-23-47-32-847804-ubuntu-3463) by extension 'ignore_ament_install'
[0.641s] [34mcolcon.colcon_core.package_identification[0m [1;30mLevel 1[0m _identify(run_log/2026-03-13-23-47-32-847804-ubuntu-3463) by extensions ['colcon_pkg']
[0.641s] [34mcolcon.colcon_core.package_identification[0m [1;30mLevel 1[0m _identify(run_log/2026-03-13-23-47-32-847804-ubuntu-3463) by extension 'colcon_pkg'
[0.641s] [34mcolcon.colcon_core.package_identification[0m [1;30mLevel 1[0m _identify(run_log/2026-03-13-23-47-32-847804-ubuntu-3463) by extensions ['colcon_meta']
[0.641s] [34mcolcon.colcon_core.package_identification[0m [1;30mLevel 1[0m _identify(run_log/2026-03-13-23-47-32-847804-ubuntu-3463) by extension 'colcon_meta'
[0.641s] [34mcolcon.colcon_core.package_identification[0m [1;30mLevel 1[0m _identify(run_log/2026-03-13-23-47-32-847804-ubuntu-3463) by extensions ['ros']
[0.641s] [34mcolcon.colcon_core.package_identification[0m [1;30mLevel 1[0m _identify(run_log/2026-03-13-23-47-32-847804-ubuntu-3463) by extension 'ros'
[0.641s] [34mcolcon.colcon_core.package_identification[0m [1;30mLevel 1[0m _identify(run_log/2026-03-13-23-47-32-847804-ubuntu-3463) by extensions ['cmake', 'python']
[0.641s] [34mcolcon.colcon_core.package_identification[0m [1;30mLevel 1[0m _identify(run_log/2026-03-13-23-47-32-847804-ubuntu-3463) by extension 'cmake'
[0.641s] [34mcolcon.colcon_core.package_identification[0m [1;30mLevel 1[0m _identify(run_log/2026-03-13-23-47-32-847804-ubuntu-3463) by extension 'python'
[0.641s] [34mcolcon.colcon_core.package_identification[0m [1;30mLevel 1[0m _identify(run_log/2026-03-13-23-47-32-847804-ubuntu-3463) by extensions ['python_setup_py']
[0.642s] [34mcolcon.colcon_core.package_identification[0m [1;30mLevel 1[0m _identify(run_log/2026-03-13-23-47-32-847804-ubuntu-3463) by extension 'python_setup_py'
[0.642s] [34mcolcon.colcon_core.package_identification[0m [1;30mLevel 1[0m _identify(run_log/2026-03-13-23-54-22-000400-ubuntu-4116) by extensions ['ignore', 'ignore_ament_install']
[0.642s] [34mcolcon.colcon_core.package_identification[0m [1;30mLevel 1[0m _identify(run_log/2026-03-13-23-54-22-000400-ubuntu-4116) by extension 'ignore'
[0.642s] [34mcolcon.colcon_core.package_identification[0m [1;30mLevel 1[0m _identify(run_log/2026-03-13-23-54-22-000400-ubuntu-4116) by extension 'ignore_ament_install'
[0.642s] [34mcolcon.colcon_core.package_identification[0m [1;30mLevel 1[0m _identify(run_log/2026-03-13-23-54-22-000400-ubuntu-4116) by extensions ['colcon_pkg']
[0.642s] [34mcolcon.colcon_core.package_identification[0m [1;30mLevel 1[0m _identify(run_log/2026-03-13-23-54-22-000400-ubuntu-4116) by extension 'colcon_pkg'
[0.642s] [34mcolcon.colcon_core.package_identification[0m [1;30mLevel 1[0m _identify(run_log/2026-03-13-23-54-22-000400-ubuntu-4116) by extensions ['colcon_meta']
[0.642s] [34mcolcon.colcon_core.package_identification[0m [1;30mLevel 1[0m _identify(run_log/2026-03-13-23-54-22-000400-ubuntu-4116) by extension 'colcon_meta'
[0.642s] [34mcolcon.colcon_core.package_identification[0m [1;30mLevel 1[0m _identify(run_log/2026-03-13-23-54-22-000400-ubuntu-4116) by extensions ['ros']
[0.642s] [34mcolcon.colcon_core.package_identification[0m [1;30mLevel 1[0m _identify(run_log/2026-03-13-23-54-22-000400-ubuntu-4116) by extension 'ros'
[0.642s] [34mcolcon.colcon_core.package_identification[0m [1;30mLevel 1[0m _identify(run_log/2026-03-13-23-54-22-000400-ubuntu-4116) by extensions ['cmake', 'python']
[0.643s] [34mcolcon.colcon_core.package_identification[0m [1;30mLevel 1[0m _identify(run_log/2026-03-13-23-54-22-000400-ubuntu-4116) by extension 'cmake'
[0.643s] [34mcolcon.colcon_core.package_identification[0m [1;30mLevel 1[0m _identify(run_log/2026-03-13-23-54-22-000400-ubuntu-4116) by extension 'python'
[0.643s] [34mcolcon.colcon_core.package_identification[0m [1;30mLevel 1[0m _identify(run_log/2026-03-13-23-54-22-000400-ubuntu-4116) by extensions ['python_setup_py']
[0.643s] [34mcolcon.colcon_core.package_identification[0m [1;30mLevel 1[0m _identify(run_log/2026-03-13-23-54-22-000400-ubuntu-4116) by extension 'python_setup_py'
[0.643s] [34mcolcon.colcon_core.package_identification[0m [1;30mLevel 1[0m _identify(run_log/2026-03-14-00-18-41-745359-ubuntu-5706) by extensions ['ignore', 'ignore_ament_install']
[0.643s] [34mcolcon.colcon_core.package_identification[0m [1;30mLevel 1[0m _identify(run_log/2026-03-14-00-18-41-745359-ubuntu-5706) by extension 'ignore'
[0.643s] [34mcolcon.colcon_core.package_identification[0m [1;30mLevel 1[0m _identify(run_log/2026-03-14-00-18-41-745359-ubuntu-5706) by extension 'ignore_ament_install'
[0.643s] [34mcolcon.colcon_core.package_identification[0m [1;30mLevel 1[0m _identify(run_log/2026-03-14-00-18-41-745359-ubuntu-5706) by extensions ['colcon_pkg']
[0.643s] [34mcolcon.colcon_core.package_identification[0m [1;30mLevel 1[0m _identify(run_log/2026-03-14-00-18-41-745359-ubuntu-5706) by extension 'colcon_pkg'
[0.643s] [34mcolcon.colcon_core.package_identification[0m [1;30mLevel 1[0m _identify(run_log/2026-03-14-00-18-41-745359-ubuntu-5706) by extensions ['colcon_meta']
[0.643s] [34mcolcon.colcon_core.package_identification[0m [1;30mLevel 1[0m _identify(run_log/2026-03-14-00-18-41-745359-ubuntu-5706) by extension 'colcon_meta'
[0.644s] [34mcolcon.colcon_core.package_identification[0m [1;30mLevel 1[0m _identify(run_log/2026-03-14-00-18-41-745359-ubuntu-5706) by extensions ['ros']
[0.644s] [34mcolcon.colcon_core.package_identification[0m [1;30mLevel 1[0m _identify(run_log/2026-03-14-00-18-41-745359-ubuntu-5706) by extension 'ros'
[0.644s] [34mcolcon.colcon_core.package_identification[0m [1;30mLevel 1[0m _identify(run_log/2026-03-14-00-18-41-745359-ubuntu-5706) by extensions ['cmake', 'python']
[0.644s] [34mcolcon.colcon_core.package_identification[0m [1;30mLevel 1[0m _identify(run_log/2026-03-14-00-18-41-745359-ubuntu-5706) by extension 'cmake'
[0.644s] [34mcolcon.colcon_core.package_identification[0m [1;30mLevel 1[0m _identify(run_log/2026-03-14-00-18-41-745359-ubuntu-5706) by extension 'python'
[0.644s] [34mcolcon.colcon_core.package_identification[0m [1;30mLevel 1[0m _identify(run_log/2026-03-14-00-18-41-745359-ubuntu-5706) by extensions ['python_setup_py']
[0.644s] [34mcolcon.colcon_core.package_identification[0m [1;30mLevel 1[0m _identify(run_log/2026-03-14-00-18-41-745359-ubuntu-5706) by extension 'python_setup_py'
[0.644s] [34mcolcon.colcon_core.package_identification[0m [1;30mLevel 1[0m _identify(run_log/2026-03-14-00-56-33-877379-ubuntu-7082) by extensions ['ignore', 'ignore_ament_install']
[0.644s] [34mcolcon.colcon_core.package_identification[0m [1;30mLevel 1[0m _identify(run_log/2026-03-14-00-56-33-877379-ubuntu-7082) by extension 'ignore'
[0.644s] [34mcolcon.colcon_core.package_identification[0m [1;30mLevel 1[0m _identify(run_log/2026-03-14-00-56-33-877379-ubuntu-7082) by extension 'ignore_ament_install'
[0.644s] [34mcolcon.colcon_core.package_identification[0m [1;30mLevel 1[0m _identify(run_log/2026-03-14-00-56-33-877379-ubuntu-7082) by extensions ['colcon_pkg']
[0.644s] [34mcolcon.colcon_core.package_identification[0m [1;30mLevel 1[0m _identify(run_log/2026-03-14-00-56-33-877379-ubuntu-7082) by extension 'colcon_pkg'
[0.645s] [34mcolcon.colcon_core.package_identification[0m [1;30mLevel 1[0m _identify(run_log/2026-03-14-00-56-33-877379-ubuntu-7082) by extensions ['colcon_meta']
[0.645s] [34mcolcon.colcon_core.package_identification[0m [1;30mLevel 1[0m _identify(run_log/2026-03-14-00-56-33-877379-ubuntu-7082) by extension 'colcon_meta'
[0.645s] [34mcolcon.colcon_core.package_identification[0m [1;30mLevel 1[0m _identify(run_log/2026-03-14-00-56-33-877379-ubuntu-7082) by extensions ['ros']
[0.645s] [34mcolcon.colcon_core.package_identification[0m [1;30mLevel 1[0m _identify(run_log/2026-03-14-00-56-33-877379-ubuntu-7082) by extension 'ros'
[0.645s] [34mcolcon.colcon_core.package_identification[0m [1;30mLevel 1[0m _identify(run_log/2026-03-14-00-56-33-877379-ubuntu-7082) by extensions ['cmake', 'python']
[0.645s] [34mcolcon.colcon_core.package_identification[0m [1;30mLevel 1[0m _identify(run_log/2026-03-14-00-56-33-877379-ubuntu-7082) by extension 'cmake'
[0.645s] [34mcolcon.colcon_core.package_identification[0m [1;30mLevel 1[0m _identify(run_log/2026-03-14-00-56-33-877379-ubuntu-7082) by extension 'python'
[0.645s] [34mcolcon.colcon_core.package_identification[0m [1;30mLevel 1[0m _identify(run_log/2026-03-14-00-56-33-877379-ubuntu-7082) by extensions ['python_setup_py']
[0.645s] [34mcolcon.colcon_core.package_identification[0m [1;30mLevel 1[0m _identify(run_log/2026-03-14-00-56-33-877379-ubuntu-7082) by extension 'python_setup_py'
[0.645s] [34mcolcon.colcon_core.package_identification[0m [1;30mLevel 1[0m _identify(run_log/2026-03-14-00-57-55-305672-ubuntu-7429) by extensions ['ignore', 'ignore_ament_install']
[0.645s] [34mcolcon.colcon_core.package_identification[0m [1;30mLevel 1[0m _identify(run_log/2026-03-14-00-57-55-305672-ubuntu-7429) by extension 'ignore'
[0.645s] [34mcolcon.colcon_core.package_identification[0m [1;30mLevel 1[0m _identify(run_log/2026-03-14-00-57-55-305672-ubuntu-7429) by extension 'ignore_ament_install'
[0.645s] [34mcolcon.colcon_core.package_identification[0m [1;30mLevel 1[0m _identify(run_log/2026-03-14-00-57-55-305672-ubuntu-7429) by extensions ['colcon_pkg']
[0.646s] [34mcolcon.colcon_core.package_identification[0m [1;30mLevel 1[0m _identify(run_log/2026-03-14-00-57-55-305672-ubuntu-7429) by extension 'colcon_pkg'
[0.646s] [34mcolcon.colcon_core.package_identification[0m [1;30mLevel 1[0m _identify(run_log/2026-03-14-00-57-55-305672-ubuntu-7429) by extensions ['colcon_meta']
[0.646s] [34mcolcon.colcon_core.package_identification[0m [1;30mLevel 1[0m _identify(run_log/2026-03-14-00-57-55-305672-ubuntu-7429) by extension 'colcon_meta'
[0.646s] [34mcolcon.colcon_core.package_identification[0m [1;30mLevel 1[0m _identify(run_log/2026-03-14-00-57-55-305672-ubuntu-7429) by extensions ['ros']
[0.646s] [34mcolcon.colcon_core.package_identification[0m [1;30mLevel 1[0m _identify(run_log/2026-03-14-00-57-55-305672-ubuntu-7429) by extension 'ros'
[0.646s] [34mcolcon.colcon_core.package_identification[0m [1;30mLevel 1[0m _identify(run_log/2026-03-14-00-57-55-305672-ubuntu-7429) by extensions ['cmake', 'python']
[0.646s] [34mcolcon.colcon_core.package_identification[0m [1;30mLevel 1[0m _identify(run_log/2026-03-14-00-57-55-305672-ubuntu-7429) by extension 'cmake'
[0.646s] [34mcolcon.colcon_core.package_identification[0m [1;30mLevel 1[0m _identify(run_log/2026-03-14-00-57-55-305672-ubuntu-7429) by extension 'python'
[0.646s] [34mcolcon.colcon_core.package_identification[0m [1;30mLevel 1[0m _identify(run_log/2026-03-14-00-57-55-305672-ubuntu-7429) by extensions ['python_setup_py']
[0.646s] [34mcolcon.colcon_core.package_identification[0m [1;30mLevel 1[0m _identify(run_log/2026-03-14-00-57-55-305672-ubuntu-7429) by extension 'python_setup_py'
[0.646s] [34mcolcon.colcon_core.package_identification[0m [1;30mLevel 1[0m _identify(run_log/2026-03-14-00-58-46-027399-ubuntu-7752) by extensions ['ignore', 'ignore_ament_install']
[0.646s] [34mcolcon.colcon_core.package_identification[0m [1;30mLevel 1[0m _identify(run_log/2026-03-14-00-58-46-027399-ubuntu-7752) by extension 'ignore'
[0.646s] [34mcolcon.colcon_core.package_identification[0m [1;30mLevel 1[0m _identify(run_log/2026-03-14-00-58-46-027399-ubuntu-7752) by extension 'ignore_ament_install'
[0.647s] [34mcolcon.colcon_core.package_identification[0m [1;30mLevel 1[0m _identify(run_log/2026-03-14-00-58-46-027399-ubuntu-7752) by extensions ['colcon_pkg']
[0.647s] [34mcolcon.colcon_core.package_identification[0m [1;30mLevel 1[0m _identify(run_log/2026-03-14-00-58-46-027399-ubuntu-7752) by extension 'colcon_pkg'
[0.647s] [34mcolcon.colcon_core.package_identification[0m [1;30mLevel 1[0m _identify(run_log/2026-03-14-00-58-46-027399-ubuntu-7752) by extensions ['colcon_meta']
[0.647s] [34mcolcon.colcon_core.package_identification[0m [1;30mLevel 1[0m _identify(run_log/2026-03-14-00-58-46-027399-ubuntu-7752) by extension 'colcon_meta'
[0.647s] [34mcolcon.colcon_core.package_identification[0m [1;30mLevel 1[0m _identify(run_log/2026-03-14-00-58-46-027399-ubuntu-7752) by extensions ['ros']
[0.647s] [34mcolcon.colcon_core.package_identification[0m [1;30mLevel 1[0m _identify(run_log/2026-03-14-00-58-46-027399-ubuntu-7752) by extension 'ros'
[0.647s] [34mcolcon.colcon_core.package_identification[0m [1;30mLevel 1[0m _identify(run_log/2026-03-14-00-58-46-027399-ubuntu-7752) by extensions ['cmake', 'python']
[0.647s] [34mcolcon.colcon_core.package_identification[0m [1;30mLevel 1[0m _identify(run_log/2026-03-14-00-58-46-027399-ubuntu-7752) by extension 'cmake'
[0.647s] [34mcolcon.colcon_core.package_identification[0m [1;30mLevel 1[0m _identify(run_log/2026-03-14-00-58-46-027399-ubuntu-7752) by extension 'python'
[0.647s] [34mcolcon.colcon_core.package_identification[0m [1;30mLevel 1[0m _identify(run_log/2026-03-14-00-58-46-027399-ubuntu-7752) by extensions ['python_setup_py']
[0.647s] [34mcolcon.colcon_core.package_identification[0m [1;30mLevel 1[0m _identify(run_log/2026-03-14-00-58-46-027399-ubuntu-7752) by extension 'python_setup_py'
[0.647s] [34mcolcon.colcon_core.package_identification[0m [1;30mLevel 1[0m _identify(run_log/2026-03-14-01-00-18-011248-ubuntu-8121) by extensions ['ignore', 'ignore_ament_install']
[0.647s] [34mcolcon.colcon_core.package_identification[0m [1;30mLevel 1[0m _identify(run_log/2026-03-14-01-00-18-011248-ubuntu-8121) by extension 'ignore'
[0.647s] [34mcolcon.colcon_core.package_identification[0m [1;30mLevel 1[0m _identify(run_log/2026-03-14-01-00-18-011248-ubuntu-8121) by extension 'ignore_ament_install'
[0.647s] [34mcolcon.colcon_core.package_identification[0m [1;30mLevel 1[0m _identify(run_log/2026-03-14-01-00-18-011248-ubuntu-8121) by extensions ['colcon_pkg']
[0.647s] [34mcolcon.colcon_core.package_identification[0m [1;30mLevel 1[0m _identify(run_log/2026-03-14-01-00-18-011248-ubuntu-8121) by extension 'colcon_pkg'
[0.647s] [34mcolcon.colcon_core.package_identification[0m [1;30mLevel 1[0m _identify(run_log/2026-03-14-01-00-18-011248-ubuntu-8121) by extensions ['colcon_meta']
[0.647s] [34mcolcon.colcon_core.package_identification[0m [1;30mLevel 1[0m _identify(run_log/2026-03-14-01-00-18-011248-ubuntu-8121) by extension 'colcon_meta'
[0.647s] [34mcolcon.colcon_core.package_identification[0m [1;30mLevel 1[0m _identify(run_log/2026-03-14-01-00-18-011248-ubuntu-8121) by extensions ['ros']
[0.647s] [34mcolcon.colcon_core.package_identification[0m [1;30mLevel 1[0m _identify(run_log/2026-03-14-01-00-18-011248-ubuntu-8121) by extension 'ros'
[0.647s] [34mcolcon.colcon_core.package_identification[0m [1;30mLevel 1[0m _identify(run_log/2026-03-14-01-00-18-011248-ubuntu-8121) by extensions ['cmake', 'python']
[0.647s] [34mcolcon.colcon_core.package_identification[0m [1;30mLevel 1[0m _identify(run_log/2026-03-14-01-00-18-011248-ubuntu-8121) by extension 'cmake'
[0.647s] [34mcolcon.colcon_core.package_identification[0m [1;30mLevel 1[0m _identify(run_log/2026-03-14-01-00-18-011248-ubuntu-8121) by extension 'python'
[0.647s] [34mcolcon.colcon_core.package_identification[0m [1;30mLevel 1[0m _identify(run_log/2026-03-14-01-00-18-011248-ubuntu-8121) by extensions ['python_setup_py']
[0.647s] [34mcolcon.colcon_core.package_identification[0m [1;30mLevel 1[0m _identify(run_log/2026-03-14-01-00-18-011248-ubuntu-8121) by extension 'python_setup_py'
[0.648s] [34mcolcon.colcon_core.package_identification[0m [1;30mLevel 1[0m _identify(run_log/2026-03-14-01-01-11-288256-ubuntu-8485) by extensions ['ignore', 'ignore_ament_install']
[0.648s] [34mcolcon.colcon_core.package_identification[0m [1;30mLevel 1[0m _identify(run_log/2026-03-14-01-01-11-288256-ubuntu-8485) by extension 'ignore'
[0.648s] [34mcolcon.colcon_core.package_identification[0m [1;30mLevel 1[0m _identify(run_log/2026-03-14-01-01-11-288256-ubuntu-8485) by extension 'ignore_ament_install'
[0.648s] [34mcolcon.colcon_core.package_identification[0m [1;30mLevel 1[0m _identify(run_log/2026-03-14-01-01-11-288256-ubuntu-8485) by extensions ['colcon_pkg']
[0.648s] [34mcolcon.colcon_core.package_identification[0m [1;30mLevel 1[0m _identify(run_log/2026-03-14-01-01-11-288256-ubuntu-8485) by extension 'colcon_pkg'
[0.648s] [34mcolcon.colcon_core.package_identification[0m [1;30mLevel 1[0m _identify(run_log/2026-03-14-01-01-11-288256-ubuntu-8485) by extensions ['colcon_meta']
[0.648s] [34mcolcon.colcon_core.package_identification[0m [1;30mLevel 1[0m _identify(run_log/2026-03-14-01-01-11-288256-ubuntu-8485) by extension 'colcon_meta'
[0.648s] [34mcolcon.colcon_core.package_identification[0m [1;30mLevel 1[0m _identify(run_log/2026-03-14-01-01-11-288256-ubuntu-8485) by extensions ['ros']
[0.648s] [34mcolcon.colcon_core.package_identification[0m [1;30mLevel 1[0m _identify(run_log/2026-03-14-01-01-11-288256-ubuntu-8485) by extension 'ros'
[0.648s] [34mcolcon.colcon_core.package_identification[0m [1;30mLevel 1[0m _identify(run_log/2026-03-14-01-01-11-288256-ubuntu-8485) by extensions ['cmake', 'python']
[0.648s] [34mcolcon.colcon_core.package_identification[0m [1;30mLevel 1[0m _identify(run_log/2026-03-14-01-01-11-288256-ubuntu-8485) by extension 'cmake'
[0.648s] [34mcolcon.colcon_core.package_identification[0m [1;30mLevel 1[0m _identify(run_log/2026-03-14-01-01-11-288256-ubuntu-8485) by extension 'python'
[0.648s] [34mcolcon.colcon_core.package_identification[0m [1;30mLevel 1[0m _identify(run_log/2026-03-14-01-01-11-288256-ubuntu-8485) by extensions ['python_setup_py']
[0.648s] [34mcolcon.colcon_core.package_identification[0m [1;30mLevel 1[0m _identify(run_log/2026-03-14-01-01-11-288256-ubuntu-8485) by extension 'python_setup_py'
[0.649s] [34mcolcon.colcon_core.package_identification[0m [1;30mLevel 1[0m _identify(run_log/2026-03-14-01-01-44-003122-ubuntu-8809) by extensions ['ignore', 'ignore_ament_install']
[0.649s] [34mcolcon.colcon_core.package_identification[0m [1;30mLevel 1[0m _identify(run_log/2026-03-14-01-01-44-003122-ubuntu-8809) by extension 'ignore'
[0.649s] [34mcolcon.colcon_core.package_identification[0m [1;30mLevel 1[0m _identify(run_log/2026-03-14-01-01-44-003122-ubuntu-8809) by extension 'ignore_ament_install'
[0.649s] [34mcolcon.colcon_core.package_identification[0m [1;30mLevel 1[0m _identify(run_log/2026-03-14-01-01-44-003122-ubuntu-8809) by extensions ['colcon_pkg']
[0.649s] [34mcolcon.colcon_core.package_identification[0m [1;30mLevel 1[0m _identify(run_log/2026-03-14-01-01-44-003122-ubuntu-8809) by extension 'colcon_pkg'
[0.649s] [34mcolcon.colcon_core.package_identification[0m [1;30mLevel 1[0m _identify(run_log/2026-03-14-01-01-44-003122-ubuntu-8809) by extensions ['colcon_meta']
[0.649s] [34mcolcon.colcon_core.package_identification[0m [1;30mLevel 1[0m _identify(run_log/2026-03-14-01-01-44-003122-ubuntu-8809) by extension 'colcon_meta'
[0.649s] [34mcolcon.colcon_core.package_identification[0m [1;30mLevel 1[0m _identify(run_log/2026-03-14-01-01-44-003122-ubuntu-8809) by extensions ['ros']
[0.649s] [34mcolcon.colcon_core.package_identification[0m [1;30mLevel 1[0m _identify(run_log/2026-03-14-01-01-44-003122-ubuntu-8809) by extension 'ros'
[0.649s] [34mcolcon.colcon_core.package_identification[0m [1;30mLevel 1[0m _identify(run_log/2026-03-14-01-01-44-003122-ubuntu-8809) by extensions ['cmake', 'python']
[0.649s] [34mcolcon.colcon_core.package_identification[0m [1;30mLevel 1[0m _identify(run_log/2026-03-14-01-01-44-003122-ubuntu-8809) by extension 'cmake'
[0.649s] [34mcolcon.colcon_core.package_identification[0m [1;30mLevel 1[0m _identify(run_log/2026-03-14-01-01-44-003122-ubuntu-8809) by extension 'python'
[0.649s] [34mcolcon.colcon_core.package_identification[0m [1;30mLevel 1[0m _identify(run_log/2026-03-14-01-01-44-003122-ubuntu-8809) by extensions ['python_setup_py']
[0.650s] [34mcolcon.colcon_core.package_identification[0m [1;30mLevel 1[0m _identify(run_log/2026-03-14-01-01-44-003122-ubuntu-8809) by extension 'python_setup_py'
[0.650s] [34mcolcon.colcon_core.package_identification[0m [1;30mLevel 1[0m _identify(run_log/2026-03-14-01-03-02-046523-ubuntu-9210) by extensions ['ignore', 'ignore_ament_install']
[0.650s] [34mcolcon.colcon_core.package_identification[0m [1;30mLevel 1[0m _identify(run_log/2026-03-14-01-03-02-046523-ubuntu-9210) by extension 'ignore'
[0.650s] [34mcolcon.colcon_core.package_identification[0m [1;30mLevel 1[0m _identify(run_log/2026-03-14-01-03-02-046523-ubuntu-9210) by extension 'ignore_ament_install'
[0.650s] [34mcolcon.colcon_core.package_identification[0m [1;30mLevel 1[0m _identify(run_log/2026-03-14-01-03-02-046523-ubuntu-9210) by extensions ['colcon_pkg']
[0.650s] [34mcolcon.colcon_core.package_identification[0m [1;30mLevel 1[0m _identify(run_log/2026-03-14-01-03-02-046523-ubuntu-9210) by extension 'colcon_pkg'
[0.650s] [34mcolcon.colcon_core.package_identification[0m [1;30mLevel 1[0m _identify(run_log/2026-03-14-01-03-02-046523-ubuntu-9210) by extensions ['colcon_meta']
[0.650s] [34mcolcon.colcon_core.package_identification[0m [1;30mLevel 1[0m _identify(run_log/2026-03-14-01-03-02-046523-ubuntu-9210) by extension 'colcon_meta'
[0.650s] [34mcolcon.colcon_core.package_identification[0m [1;30mLevel 1[0m _identify(run_log/2026-03-14-01-03-02-046523-ubuntu-9210) by extensions ['ros']
[0.650s] [34mcolcon.colcon_core.package_identification[0m [1;30mLevel 1[0m _identify(run_log/2026-03-14-01-03-02-046523-ubuntu-9210) by extension 'ros'
[0.650s] [34mcolcon.colcon_core.package_identification[0m [1;30mLevel 1[0m _identify(run_log/2026-03-14-01-03-02-046523-ubuntu-9210) by extensions ['cmake', 'python']
[0.650s] [34mcolcon.colcon_core.package_identification[0m [1;30mLevel 1[0m _identify(run_log/2026-03-14-01-03-02-046523-ubuntu-9210) by extension 'cmake'
[0.650s] [34mcolcon.colcon_core.package_identification[0m [1;30mLevel 1[0m _identify(run_log/2026-03-14-01-03-02-046523-ubuntu-9210) by extension 'python'
[0.651s] [34mcolcon.colcon_core.package_identification[0m [1;30mLevel 1[0m _identify(run_log/2026-03-14-01-03-02-046523-ubuntu-9210) by extensions ['python_setup_py']
[0.651s] [34mcolcon.colcon_core.package_identification[0m [1;30mLevel 1[0m _identify(run_log/2026-03-14-01-03-02-046523-ubuntu-9210) by extension 'python_setup_py'
[0.651s] [34mcolcon.colcon_core.package_identification[0m [1;30mLevel 1[0m _identify(run_log/2026-03-14-01-06-57-127652-ubuntu-9722) by extensions ['ignore', 'ignore_ament_install']
[0.651s] [34mcolcon.colcon_core.package_identification[0m [1;30mLevel 1[0m _identify(run_log/2026-03-14-01-06-57-127652-ubuntu-9722) by extension 'ignore'
[0.651s] [34mcolcon.colcon_core.package_identification[0m [1;30mLevel 1[0m _identify(run_log/2026-03-14-01-06-57-127652-ubuntu-9722) by extension 'ignore_ament_install'
[0.651s] [34mcolcon.colcon_core.package_identification[0m [1;30mLevel 1[0m _identify(run_log/2026-03-14-01-06-57-127652-ubuntu-9722) by extensions ['colcon_pkg']
[0.651s] [34mcolcon.colcon_core.package_identification[0m [1;30mLevel 1[0m _identify(run_log/2026-03-14-01-06-57-127652-ubuntu-9722) by extension 'colcon_pkg'
[0.651s] [34mcolcon.colcon_core.package_identification[0m [1;30mLevel 1[0m _identify(run_log/2026-03-14-01-06-57-127652-ubuntu-9722) by extensions ['colcon_meta']
[0.651s] [34mcolcon.colcon_core.package_identification[0m [1;30mLevel 1[0m _identify(run_log/2026-03-14-01-06-57-127652-ubuntu-9722) by extension 'colcon_meta'
[0.651s] [34mcolcon.colcon_core.package_identification[0m [1;30mLevel 1[0m _identify(run_log/2026-03-14-01-06-57-127652-ubuntu-9722) by extensions ['ros']
[0.651s] [34mcolcon.colcon_core.package_identification[0m [1;30mLevel 1[0m _identify(run_log/2026-03-14-01-06-57-127652-ubuntu-9722) by extension 'ros'
[0.651s] [34mcolcon.colcon_core.package_identification[0m [1;30mLevel 1[0m _identify(run_log/2026-03-14-01-06-57-127652-ubuntu-9722) by extensions ['cmake', 'python']
[0.651s] [34mcolcon.colcon_core.package_identification[0m [1;30mLevel 1[0m _identify(run_log/2026-03-14-01-06-57-127652-ubuntu-9722) by extension 'cmake'
[0.651s] [34mcolcon.colcon_core.package_identification[0m [1;30mLevel 1[0m _identify(run_log/2026-03-14-01-06-57-127652-ubuntu-9722) by extension 'python'
[0.651s] [34mcolcon.colcon_core.package_identification[0m [1;30mLevel 1[0m _identify(run_log/2026-03-14-01-06-57-127652-ubuntu-9722) by extensions ['python_setup_py']
[0.651s] [34mcolcon.colcon_core.package_identification[0m [1;30mLevel 1[0m _identify(run_log/2026-03-14-01-06-57-127652-ubuntu-9722) by extension 'python_setup_py'
[0.652s] [34mcolcon.colcon_core.package_identification[0m [1;30mLevel 1[0m _identify(run_log/2026-03-14-01-07-12-515855-ubuntu-10021) by extensions ['ignore', 'ignore_ament_install']
[0.652s] [34mcolcon.colcon_core.package_identification[0m [1;30mLevel 1[0m _identify(run_log/2026-03-14-01-07-12-515855-ubuntu-10021) by extension 'ignore'
[0.652s] [34mcolcon.colcon_core.package_identification[0m [1;30mLevel 1[0m _identify(run_log/2026-03-14-01-07-12-515855-ubuntu-10021) by extension 'ignore_ament_install'
[0.652s] [34mcolcon.colcon_core.package_identification[0m [1;30mLevel 1[0m _identify(run_log/2026-03-14-01-07-12-515855-ubuntu-10021) by extensions ['colcon_pkg']
[0.652s] [34mcolcon.colcon_core.package_identification[0m [1;30mLevel 1[0m _identify(run_log/2026-03-14-01-07-12-515855-ubuntu-10021) by extension 'colcon_pkg'
[0.652s] [34mcolcon.colcon_core.package_identification[0m [1;30mLevel 1[0m _identify(run_log/2026-03-14-01-07-12-515855-ubuntu-10021) by extensions ['colcon_meta']
[0.652s] [34mcolcon.colcon_core.package_identification[0m [1;30mLevel 1[0m _identify(run_log/2026-03-14-01-07-12-515855-ubuntu-10021) by extension 'colcon_meta'
[0.652s] [34mcolcon.colcon_core.package_identification[0m [1;30mLevel 1[0m _identify(run_log/2026-03-14-01-07-12-515855-ubuntu-10021) by extensions ['ros']
[0.652s] [34mcolcon.colcon_core.package_identification[0m [1;30mLevel 1[0m _identify(run_log/2026-03-14-01-07-12-515855-ubuntu-10021) by extension 'ros'
[0.652s] [34mcolcon.colcon_core.package_identification[0m [1;30mLevel 1[0m _identify(run_log/2026-03-14-01-07-12-515855-ubuntu-10021) by extensions ['cmake', 'python']
[0.652s] [34mcolcon.colcon_core.package_identification[0m [1;30mLevel 1[0m _identify(run_log/2026-03-14-01-07-12-515855-ubuntu-10021) by extension 'cmake'
[0.652s] [34mcolcon.colcon_core.package_identification[0m [1;30mLevel 1[0m _identify(run_log/2026-03-14-01-07-12-515855-ubuntu-10021) by extension 'python'
[0.652s] [34mcolcon.colcon_core.package_identification[0m [1;30mLevel 1[0m _identify(run_log/2026-03-14-01-07-12-515855-ubuntu-10021) by extensions ['python_setup_py']
[0.652s] [34mcolcon.colcon_core.package_identification[0m [1;30mLevel 1[0m _identify(run_log/2026-03-14-01-07-12-515855-ubuntu-10021) by extension 'python_setup_py'
[0.653s] [34mcolcon.colcon_core.package_identification[0m [1;30mLevel 1[0m _identify(run_log/2026-03-14-01-11-26-093395-ubuntu-10682) by extensions ['ignore', 'ignore_ament_install']
[0.653s] [34mcolcon.colcon_core.package_identification[0m [1;30mLevel 1[0m _identify(run_log/2026-03-14-01-11-26-093395-ubuntu-10682) by extension 'ignore'
[0.653s] [34mcolcon.colcon_core.package_identification[0m [1;30mLevel 1[0m _identify(run_log/2026-03-14-01-11-26-093395-ubuntu-10682) by extension 'ignore_ament_install'
[0.653s] [34mcolcon.colcon_core.package_identification[0m [1;30mLevel 1[0m _identify(run_log/2026-03-14-01-11-26-093395-ubuntu-10682) by extensions ['colcon_pkg']
[0.653s] [34mcolcon.colcon_core.package_identification[0m [1;30mLevel 1[0m _identify(run_log/2026-03-14-01-11-26-093395-ubuntu-10682) by extension 'colcon_pkg'
[0.653s] [34mcolcon.colcon_core.package_identification[0m [1;30mLevel 1[0m _identify(run_log/2026-03-14-01-11-26-093395-ubuntu-10682) by extensions ['colcon_meta']
[0.653s] [34mcolcon.colcon_core.package_identification[0m [1;30mLevel 1[0m _identify(run_log/2026-03-14-01-11-26-093395-ubuntu-10682) by extension 'colcon_meta'
[0.653s] [34mcolcon.colcon_core.package_identification[0m [1;30mLevel 1[0m _identify(run_log/2026-03-14-01-11-26-093395-ubuntu-10682) by extensions ['ros']
[0.653s] [34mcolcon.colcon_core.package_identification[0m [1;30mLevel 1[0m _identify(run_log/2026-03-14-01-11-26-093395-ubuntu-10682) by extension 'ros'
[0.653s] [34mcolcon.colcon_core.package_identification[0m [1;30mLevel 1[0m _identify(run_log/2026-03-14-01-11-26-093395-ubuntu-10682) by extensions ['cmake', 'python']
[0.653s] [34mcolcon.colcon_core.package_identification[0m [1;30mLevel 1[0m _identify(run_log/2026-03-14-01-11-26-093395-ubuntu-10682) by extension 'cmake'
[0.653s] [34mcolcon.colcon_core.package_identification[0m [1;30mLevel 1[0m _identify(run_log/2026-03-14-01-11-26-093395-ubuntu-10682) by extension 'python'
[0.653s] [34mcolcon.colcon_core.package_identification[0m [1;30mLevel 1[0m _identify(run_log/2026-03-14-01-11-26-093395-ubuntu-10682) by extensions ['python_setup_py']
[0.653s] [34mcolcon.colcon_core.package_identification[0m [1;30mLevel 1[0m _identify(run_log/2026-03-14-01-11-26-093395-ubuntu-10682) by extension 'python_setup_py'
[0.654s] [34mcolcon.colcon_core.package_identification[0m [1;30mLevel 1[0m _identify(run_log/2026-03-14-01-12-50-818415-ubuntu-11153) by extensions ['ignore', 'ignore_ament_install']
[0.654s] [34mcolcon.colcon_core.package_identification[0m [1;30mLevel 1[0m _identify(run_log/2026-03-14-01-12-50-818415-ubuntu-11153) by extension 'ignore'
[0.654s] [34mcolcon.colcon_core.package_identification[0m [1;30mLevel 1[0m _identify(run_log/2026-03-14-01-12-50-818415-ubuntu-11153) by extension 'ignore_ament_install'
[0.654s] [34mcolcon.colcon_core.package_identification[0m [1;30mLevel 1[0m _identify(run_log/2026-03-14-01-12-50-818415-ubuntu-11153) by extensions ['colcon_pkg']
[0.654s] [34mcolcon.colcon_core.package_identification[0m [1;30mLevel 1[0m _identify(run_log/2026-03-14-01-12-50-818415-ubuntu-11153) by extension 'colcon_pkg'
[0.654s] [34mcolcon.colcon_core.package_identification[0m [1;30mLevel 1[0m _identify(run_log/2026-03-14-01-12-50-818415-ubuntu-11153) by extensions ['colcon_meta']
[0.654s] [34mcolcon.colcon_core.package_identification[0m [1;30mLevel 1[0m _identify(run_log/2026-03-14-01-12-50-818415-ubuntu-11153) by extension 'colcon_meta'
[0.654s] [34mcolcon.colcon_core.package_identification[0m [1;30mLevel 1[0m _identify(run_log/2026-03-14-01-12-50-818415-ubuntu-11153) by extensions ['ros']
[0.654s] [34mcolcon.colcon_core.package_identification[0m [1;30mLevel 1[0m _identify(run_log/2026-03-14-01-12-50-818415-ubuntu-11153) by extension 'ros'
[0.654s] [34mcolcon.colcon_core.package_identification[0m [1;30mLevel 1[0m _identify(run_log/2026-03-14-01-12-50-818415-ubuntu-11153) by extensions ['cmake', 'python']
[0.654s] [34mcolcon.colcon_core.package_identification[0m [1;30mLevel 1[0m _identify(run_log/2026-03-14-01-12-50-818415-ubuntu-11153) by extension 'cmake'
[0.654s] [34mcolcon.colcon_core.package_identification[0m [1;30mLevel 1[0m _identify(run_log/2026-03-14-01-12-50-818415-ubuntu-11153) by extension 'python'
[0.654s] [34mcolcon.colcon_core.package_identification[0m [1;30mLevel 1[0m _identify(run_log/2026-03-14-01-12-50-818415-ubuntu-11153) by extensions ['python_setup_py']
[0.654s] [34mcolcon.colcon_core.package_identification[0m [1;30mLevel 1[0m _identify(run_log/2026-03-14-01-12-50-818415-ubuntu-11153) by extension 'python_setup_py'
[0.654s] [34mcolcon.colcon_core.package_identification[0m [1;30mLevel 1[0m _identify(run_log/2026-03-14-01-13-30-213034-ubuntu-11524) by extensions ['ignore', 'ignore_ament_install']
[0.655s] [34mcolcon.colcon_core.package_identification[0m [1;30mLevel 1[0m _identify(run_log/2026-03-14-01-13-30-213034-ubuntu-11524) by extension 'ignore'
[0.655s] [34mcolcon.colcon_core.package_identification[0m [1;30mLevel 1[0m _identify(run_log/2026-03-14-01-13-30-213034-ubuntu-11524) by extension 'ignore_ament_install'
[0.655s] [34mcolcon.colcon_core.package_identification[0m [1;30mLevel 1[0m _identify(run_log/2026-03-14-01-13-30-213034-ubuntu-11524) by extensions ['colcon_pkg']
[0.655s] [34mcolcon.colcon_core.package_identification[0m [1;30mLevel 1[0m _identify(run_log/2026-03-14-01-13-30-213034-ubuntu-11524) by extension 'colcon_pkg'
[0.655s] [34mcolcon.colcon_core.package_identification[0m [1;30mLevel 1[0m _identify(run_log/2026-03-14-01-13-30-213034-ubuntu-11524) by extensions ['colcon_meta']
[0.655s] [34mcolcon.colcon_core.package_identification[0m [1;30mLevel 1[0m _identify(run_log/2026-03-14-01-13-30-213034-ubuntu-11524) by extension 'colcon_meta'
[0.655s] [34mcolcon.colcon_core.package_identification[0m [1;30mLevel 1[0m _identify(run_log/2026-03-14-01-13-30-213034-ubuntu-11524) by extensions ['ros']
[0.655s] [34mcolcon.colcon_core.package_identification[0m [1;30mLevel 1[0m _identify(run_log/2026-03-14-01-13-30-213034-ubuntu-11524) by extension 'ros'
[0.655s] [34mcolcon.colcon_core.package_identification[0m [1;30mLevel 1[0m _identify(run_log/2026-03-14-01-13-30-213034-ubuntu-11524) by extensions ['cmake', 'python']
[0.655s] [34mcolcon.colcon_core.package_identification[0m [1;30mLevel 1[0m _identify(run_log/2026-03-14-01-13-30-213034-ubuntu-11524) by extension 'cmake'
[0.655s] [34mcolcon.colcon_core.package_identification[0m [1;30mLevel 1[0m _identify(run_log/2026-03-14-01-13-30-213034-ubuntu-11524) by extension 'python'
[0.655s] [34mcolcon.colcon_core.package_identification[0m [1;30mLevel 1[0m _identify(run_log/2026-03-14-01-13-30-213034-ubuntu-11524) by extensions ['python_setup_py']
[0.655s] [34mcolcon.colcon_core.package_identification[0m [1;30mLevel 1[0m _identify(run_log/2026-03-14-01-13-30-213034-ubuntu-11524) by extension 'python_setup_py'
[0.656s] [34mcolcon.colcon_core.package_identification[0m [1;30mLevel 1[0m _identify(run_log/2026-03-14-01-15-58-509978-ubuntu-11999) by extensions ['ignore', 'ignore_ament_install']
[0.656s] [34mcolcon.colcon_core.package_identification[0m [1;30mLevel 1[0m _identify(run_log/2026-03-14-01-15-58-509978-ubuntu-11999) by extension 'ignore'
[0.656s] [34mcolcon.colcon_core.package_identification[0m [1;30mLevel 1[0m _identify(run_log/2026-03-14-01-15-58-509978-ubuntu-11999) by extension 'ignore_ament_install'
[0.656s] [34mcolcon.colcon_core.package_identification[0m [1;30mLevel 1[0m _identify(run_log/2026-03-14-01-15-58-509978-ubuntu-11999) by extensions ['colcon_pkg']
[0.656s] [34mcolcon.colcon_core.package_identification[0m [1;30mLevel 1[0m _identify(run_log/2026-03-14-01-15-58-509978-ubuntu-11999) by extension 'colcon_pkg'
[0.656s] [34mcolcon.colcon_core.package_identification[0m [1;30mLevel 1[0m _identify(run_log/2026-03-14-01-15-58-509978-ubuntu-11999) by extensions ['colcon_meta']
[0.656s] [34mcolcon.colcon_core.package_identification[0m [1;30mLevel 1[0m _identify(run_log/2026-03-14-01-15-58-509978-ubuntu-11999) by extension 'colcon_meta'
[0.656s] [34mcolcon.colcon_core.package_identification[0m [1;30mLevel 1[0m _identify(run_log/2026-03-14-01-15-58-509978-ubuntu-11999) by extensions ['ros']
[0.656s] [34mcolcon.colcon_core.package_identification[0m [1;30mLevel 1[0m _identify(run_log/2026-03-14-01-15-58-509978-ubuntu-11999) by extension 'ros'
[0.656s] [34mcolcon.colcon_core.package_identification[0m [1;30mLevel 1[0m _identify(run_log/2026-03-14-01-15-58-509978-ubuntu-11999) by extensions ['cmake', 'python']
[0.656s] [34mcolcon.colcon_core.package_identification[0m [1;30mLevel 1[0m _identify(run_log/2026-03-14-01-15-58-509978-ubuntu-11999) by extension 'cmake'
[0.656s] [34mcolcon.colcon_core.package_identification[0m [1;30mLevel 1[0m _identify(run_log/2026-03-14-01-15-58-509978-ubuntu-11999) by extension 'python'
[0.656s] [34mcolcon.colcon_core.package_identification[0m [1;30mLevel 1[0m _identify(run_log/2026-03-14-01-15-58-509978-ubuntu-11999) by extensions ['python_setup_py']
[0.656s] [34mcolcon.colcon_core.package_identification[0m [1;30mLevel 1[0m _identify(run_log/2026-03-14-01-15-58-509978-ubuntu-11999) by extension 'python_setup_py'
[0.657s] [34mcolcon.colcon_core.package_identification[0m [1;30mLevel 1[0m _identify(run_log/2026-03-14-01-17-14-428147-ubuntu-12431) by extensions ['ignore', 'ignore_ament_install']
[0.657s] [34mcolcon.colcon_core.package_identification[0m [1;30mLevel 1[0m _identify(run_log/2026-03-14-01-17-14-428147-ubuntu-12431) by extension 'ignore'
[0.657s] [34mcolcon.colcon_core.package_identification[0m [1;30mLevel 1[0m _identify(run_log/2026-03-14-01-17-14-428147-ubuntu-12431) by extension 'ignore_ament_install'
[0.657s] [34mcolcon.colcon_core.package_identification[0m [1;30mLevel 1[0m _identify(run_log/2026-03-14-01-17-14-428147-ubuntu-12431) by extensions ['colcon_pkg']
[0.657s] [34mcolcon.colcon_core.package_identification[0m [1;30mLevel 1[0m _identify(run_log/2026-03-14-01-17-14-428147-ubuntu-12431) by extension 'colcon_pkg'
[0.657s] [34mcolcon.colcon_core.package_identification[0m [1;30mLevel 1[0m _identify(run_log/2026-03-14-01-17-14-428147-ubuntu-12431) by extensions ['colcon_meta']
[0.657s] [34mcolcon.colcon_core.package_identification[0m [1;30mLevel 1[0m _identify(run_log/2026-03-14-01-17-14-428147-ubuntu-12431) by extension 'colcon_meta'
[0.657s] [34mcolcon.colcon_core.package_identification[0m [1;30mLevel 1[0m _identify(run_log/2026-03-14-01-17-14-428147-ubuntu-12431) by extensions ['ros']
[0.657s] [34mcolcon.colcon_core.package_identification[0m [1;30mLevel 1[0m _identify(run_log/2026-03-14-01-17-14-428147-ubuntu-12431) by extension 'ros'
[0.657s] [34mcolcon.colcon_core.package_identification[0m [1;30mLevel 1[0m _identify(run_log/2026-03-14-01-17-14-428147-ubuntu-12431) by extensions ['cmake', 'python']
[0.657s] [34mcolcon.colcon_core.package_identification[0m [1;30mLevel 1[0m _identify(run_log/2026-03-14-01-17-14-428147-ubuntu-12431) by extension 'cmake'
[0.657s] [34mcolcon.colcon_core.package_identification[0m [1;30mLevel 1[0m _identify(run_log/2026-03-14-01-17-14-428147-ubuntu-12431) by extension 'python'
[0.657s] [34mcolcon.colcon_core.package_identification[0m [1;30mLevel 1[0m _identify(run_log/2026-03-14-01-17-14-428147-ubuntu-12431) by extensions ['python_setup_py']
[0.657s] [34mcolcon.colcon_core.package_identification[0m [1;30mLevel 1[0m _identify(run_log/2026-03-14-01-17-14-428147-ubuntu-12431) by extension 'python_setup_py'
[0.658s] [34mcolcon.colcon_core.package_identification[0m [1;30mLevel 1[0m _identify(run_log/2026-03-14-01-19-41-125768-ubuntu-12869) by extensions ['ignore', 'ignore_ament_install']
[0.658s] [34mcolcon.colcon_core.package_identification[0m [1;30mLevel 1[0m _identify(run_log/2026-03-14-01-19-41-125768-ubuntu-12869) by extension 'ignore'
[0.658s] [34mcolcon.colcon_core.package_identification[0m [1;30mLevel 1[0m _identify(run_log/2026-03-14-01-19-41-125768-ubuntu-12869) by extension 'ignore_ament_install'
[0.658s] [34mcolcon.colcon_core.package_identification[0m [1;30mLevel 1[0m _identify(run_log/2026-03-14-01-19-41-125768-ubuntu-12869) by extensions ['colcon_pkg']
[0.658s] [34mcolcon.colcon_core.package_identification[0m [1;30mLevel 1[0m _identify(run_log/2026-03-14-01-19-41-125768-ubuntu-12869) by extension 'colcon_pkg'
[0.658s] [34mcolcon.colcon_core.package_identification[0m [1;30mLevel 1[0m _identify(run_log/2026-03-14-01-19-41-125768-ubuntu-12869) by extensions ['colcon_meta']
[0.658s] [34mcolcon.colcon_core.package_identification[0m [1;30mLevel 1[0m _identify(run_log/2026-03-14-01-19-41-125768-ubuntu-12869) by extension 'colcon_meta'
[0.658s] [34mcolcon.colcon_core.package_identification[0m [1;30mLevel 1[0m _identify(run_log/2026-03-14-01-19-41-125768-ubuntu-12869) by extensions ['ros']
[0.658s] [34mcolcon.colcon_core.package_identification[0m [1;30mLevel 1[0m _identify(run_log/2026-03-14-01-19-41-125768-ubuntu-12869) by extension 'ros'
[0.658s] [34mcolcon.colcon_core.package_identification[0m [1;30mLevel 1[0m _identify(run_log/2026-03-14-01-19-41-125768-ubuntu-12869) by extensions ['cmake', 'python']
[0.658s] [34mcolcon.colcon_core.package_identification[0m [1;30mLevel 1[0m _identify(run_log/2026-03-14-01-19-41-125768-ubuntu-12869) by extension 'cmake'
[0.658s] [34mcolcon.colcon_core.package_identification[0m [1;30mLevel 1[0m _identify(run_log/2026-03-14-01-19-41-125768-ubuntu-12869) by extension 'python'
[0.658s] [34mcolcon.colcon_core.package_identification[0m [1;30mLevel 1[0m _identify(run_log/2026-03-14-01-19-41-125768-ubuntu-12869) by extensions ['python_setup_py']
[0.658s] [34mcolcon.colcon_core.package_identification[0m [1;30mLevel 1[0m _identify(run_log/2026-03-14-01-19-41-125768-ubuntu-12869) by extension 'python_setup_py'
[0.659s] [34mcolcon.colcon_core.package_identification[0m [1;30mLevel 1[0m _identify(run_log/2026-03-14-01-32-48-531978-ubuntu-13486) by extensions ['ignore', 'ignore_ament_install']
[0.659s] [34mcolcon.colcon_core.package_identification[0m [1;30mLevel 1[0m _identify(run_log/2026-03-14-01-32-48-531978-ubuntu-13486) by extension 'ignore'
[0.659s] [34mcolcon.colcon_core.package_identification[0m [1;30mLevel 1[0m _identify(run_log/2026-03-14-01-32-48-531978-ubuntu-13486) by extension 'ignore_ament_install'
[0.659s] [34mcolcon.colcon_core.package_identification[0m [1;30mLevel 1[0m _identify(run_log/2026-03-14-01-32-48-531978-ubuntu-13486) by extensions ['colcon_pkg']
[0.659s] [34mcolcon.colcon_core.package_identification[0m [1;30mLevel 1[0m _identify(run_log/2026-03-14-01-32-48-531978-ubuntu-13486) by extension 'colcon_pkg'
[0.659s] [34mcolcon.colcon_core.package_identification[0m [1;30mLevel 1[0m _identify(run_log/2026-03-14-01-32-48-531978-ubuntu-13486) by extensions ['colcon_meta']
[0.659s] [34mcolcon.colcon_core.package_identification[0m [1;30mLevel 1[0m _identify(run_log/2026-03-14-01-32-48-531978-ubuntu-13486) by extension 'colcon_meta'
[0.659s] [34mcolcon.colcon_core.package_identification[0m [1;30mLevel 1[0m _identify(run_log/2026-03-14-01-32-48-531978-ubuntu-13486) by extensions ['ros']
[0.659s] [34mcolcon.colcon_core.package_identification[0m [1;30mLevel 1[0m _identify(run_log/2026-03-14-01-32-48-531978-ubuntu-13486) by extension 'ros'
[0.659s] [34mcolcon.colcon_core.package_identification[0m [1;30mLevel 1[0m _identify(run_log/2026-03-14-01-32-48-531978-ubuntu-13486) by extensions ['cmake', 'python']
[0.659s] [34mcolcon.colcon_core.package_identification[0m [1;30mLevel 1[0m _identify(run_log/2026-03-14-01-32-48-531978-ubuntu-13486) by extension 'cmake'
[0.659s] [34mcolcon.colcon_core.package_identification[0m [1;30mLevel 1[0m _identify(run_log/2026-03-14-01-32-48-531978-ubuntu-13486) by extension 'python'
[0.659s] [34mcolcon.colcon_core.package_identification[0m [1;30mLevel 1[0m _identify(run_log/2026-03-14-01-32-48-531978-ubuntu-13486) by extensions ['python_setup_py']
[0.659s] [34mcolcon.colcon_core.package_identification[0m [1;30mLevel 1[0m _identify(run_log/2026-03-14-01-32-48-531978-ubuntu-13486) by extension 'python_setup_py'
[0.659s] [34mcolcon.colcon_core.package_identification[0m [1;30mLevel 1[0m _identify(run_log/2026-03-14-01-38-30-434017-ubuntu-14231) by extensions ['ignore', 'ignore_ament_install']
[0.660s] [34mcolcon.colcon_core.package_identification[0m [1;30mLevel 1[0m _identify(run_log/2026-03-14-01-38-30-434017-ubuntu-14231) by extension 'ignore'
[0.660s] [34mcolcon.colcon_core.package_identification[0m [1;30mLevel 1[0m _identify(run_log/2026-03-14-01-38-30-434017-ubuntu-14231) by extension 'ignore_ament_install'
[0.660s] [34mcolcon.colcon_core.package_identification[0m [1;30mLevel 1[0m _identify(run_log/2026-03-14-01-38-30-434017-ubuntu-14231) by extensions ['colcon_pkg']
[0.660s] [34mcolcon.colcon_core.package_identification[0m [1;30mLevel 1[0m _identify(run_log/2026-03-14-01-38-30-434017-ubuntu-14231) by extension 'colcon_pkg'
[0.660s] [34mcolcon.colcon_core.package_identification[0m [1;30mLevel 1[0m _identify(run_log/2026-03-14-01-38-30-434017-ubuntu-14231) by extensions ['colcon_meta']
[0.660s] [34mcolcon.colcon_core.package_identification[0m [1;30mLevel 1[0m _identify(run_log/2026-03-14-01-38-30-434017-ubuntu-14231) by extension 'colcon_meta'
[0.660s] [34mcolcon.colcon_core.package_identification[0m [1;30mLevel 1[0m _identify(run_log/2026-03-14-01-38-30-434017-ubuntu-14231) by extensions ['ros']
[0.660s] [34mcolcon.colcon_core.package_identification[0m [1;30mLevel 1[0m _identify(run_log/2026-03-14-01-38-30-434017-ubuntu-14231) by extension 'ros'
[0.660s] [34mcolcon.colcon_core.package_identification[0m [1;30mLevel 1[0m _identify(run_log/2026-03-14-01-38-30-434017-ubuntu-14231) by extensions ['cmake', 'python']
[0.660s] [34mcolcon.colcon_core.package_identification[0m [1;30mLevel 1[0m _identify(run_log/2026-03-14-01-38-30-434017-ubuntu-14231) by extension 'cmake'
[0.660s] [34mcolcon.colcon_core.package_identification[0m [1;30mLevel 1[0m _identify(run_log/2026-03-14-01-38-30-434017-ubuntu-14231) by extension 'python'
[0.660s] [34mcolcon.colcon_core.package_identification[0m [1;30mLevel 1[0m _identify(run_log/2026-03-14-01-38-30-434017-ubuntu-14231) by extensions ['python_setup_py']
[0.660s] [34mcolcon.colcon_core.package_identification[0m [1;30mLevel 1[0m _identify(run_log/2026-03-14-01-38-30-434017-ubuntu-14231) by extension 'python_setup_py'
[0.660s] [34mcolcon.colcon_core.package_identification[0m [1;30mLevel 1[0m _identify(run_log/2026-03-14-01-39-45-406421-ubuntu-14660) by extensions ['ignore', 'ignore_ament_install']
[0.660s] [34mcolcon.colcon_core.package_identification[0m [1;30mLevel 1[0m _identify(run_log/2026-03-14-01-39-45-406421-ubuntu-14660) by extension 'ignore'
[0.660s] [34mcolcon.colcon_core.package_identification[0m [1;30mLevel 1[0m _identify(run_log/2026-03-14-01-39-45-406421-ubuntu-14660) by extension 'ignore_ament_install'
[0.660s] [34mcolcon.colcon_core.package_identification[0m [1;30mLevel 1[0m _identify(run_log/2026-03-14-01-39-45-406421-ubuntu-14660) by extensions ['colcon_pkg']
[0.660s] [34mcolcon.colcon_core.package_identification[0m [1;30mLevel 1[0m _identify(run_log/2026-03-14-01-39-45-406421-ubuntu-14660) by extension 'colcon_pkg'
[0.660s] [34mcolcon.colcon_core.package_identification[0m [1;30mLevel 1[0m _identify(run_log/2026-03-14-01-39-45-406421-ubuntu-14660) by extensions ['colcon_meta']
[0.660s] [34mcolcon.colcon_core.package_identification[0m [1;30mLevel 1[0m _identify(run_log/2026-03-14-01-39-45-406421-ubuntu-14660) by extension 'colcon_meta'
[0.661s] [34mcolcon.colcon_core.package_identification[0m [1;30mLevel 1[0m _identify(run_log/2026-03-14-01-39-45-406421-ubuntu-14660) by extensions ['ros']
[0.661s] [34mcolcon.colcon_core.package_identification[0m [1;30mLevel 1[0m _identify(run_log/2026-03-14-01-39-45-406421-ubuntu-14660) by extension 'ros'
[0.661s] [34mcolcon.colcon_core.package_identification[0m [1;30mLevel 1[0m _identify(run_log/2026-03-14-01-39-45-406421-ubuntu-14660) by extensions ['cmake', 'python']
[0.661s] [34mcolcon.colcon_core.package_identification[0m [1;30mLevel 1[0m _identify(run_log/2026-03-14-01-39-45-406421-ubuntu-14660) by extension 'cmake'
[0.661s] [34mcolcon.colcon_core.package_identification[0m [1;30mLevel 1[0m _identify(run_log/2026-03-14-01-39-45-406421-ubuntu-14660) by extension 'python'
[0.661s] [34mcolcon.colcon_core.package_identification[0m [1;30mLevel 1[0m _identify(run_log/2026-03-14-01-39-45-406421-ubuntu-14660) by extensions ['python_setup_py']
[0.661s] [34mcolcon.colcon_core.package_identification[0m [1;30mLevel 1[0m _identify(run_log/2026-03-14-01-39-45-406421-ubuntu-14660) by extension 'python_setup_py'
[0.661s] [34mcolcon.colcon_core.package_identification[0m [1;30mLevel 1[0m _identify(run_log/2026-03-14-01-45-09-183122-ubuntu-15195) by extensions ['ignore', 'ignore_ament_install']
[0.661s] [34mcolcon.colcon_core.package_identification[0m [1;30mLevel 1[0m _identify(run_log/2026-03-14-01-45-09-183122-ubuntu-15195) by extension 'ignore'
[0.661s] [34mcolcon.colcon_core.package_identification[0m [1;30mLevel 1[0m _identify(run_log/2026-03-14-01-45-09-183122-ubuntu-15195) by extension 'ignore_ament_install'
[0.661s] [34mcolcon.colcon_core.package_identification[0m [1;30mLevel 1[0m _identify(run_log/2026-03-14-01-45-09-183122-ubuntu-15195) by extensions ['colcon_pkg']
[0.661s] [34mcolcon.colcon_core.package_identification[0m [1;30mLevel 1[0m _identify(run_log/2026-03-14-01-45-09-183122-ubuntu-15195) by extension 'colcon_pkg'
[0.661s] [34mcolcon.colcon_core.package_identification[0m [1;30mLevel 1[0m _identify(run_log/2026-03-14-01-45-09-183122-ubuntu-15195) by extensions ['colcon_meta']
[0.661s] [34mcolcon.colcon_core.package_identification[0m [1;30mLevel 1[0m _identify(run_log/2026-03-14-01-45-09-183122-ubuntu-15195) by extension 'colcon_meta'
[0.661s] [34mcolcon.colcon_core.package_identification[0m [1;30mLevel 1[0m _identify(run_log/2026-03-14-01-45-09-183122-ubuntu-15195) by extensions ['ros']
[0.661s] [34mcolcon.colcon_core.package_identification[0m [1;30mLevel 1[0m _identify(run_log/2026-03-14-01-45-09-183122-ubuntu-15195) by extension 'ros'
[0.661s] [34mcolcon.colcon_core.package_identification[0m [1;30mLevel 1[0m _identify(run_log/2026-03-14-01-45-09-183122-ubuntu-15195) by extensions ['cmake', 'python']
[0.661s] [34mcolcon.colcon_core.package_identification[0m [1;30mLevel 1[0m _identify(run_log/2026-03-14-01-45-09-183122-ubuntu-15195) by extension 'cmake'
[0.661s] [34mcolcon.colcon_core.package_identification[0m [1;30mLevel 1[0m _identify(run_log/2026-03-14-01-45-09-183122-ubuntu-15195) by extension 'python'
[0.662s] [34mcolcon.colcon_core.package_identification[0m [1;30mLevel 1[0m _identify(run_log/2026-03-14-01-45-09-183122-ubuntu-15195) by extensions ['python_setup_py']
[0.662s] [34mcolcon.colcon_core.package_identification[0m [1;30mLevel 1[0m _identify(run_log/2026-03-14-01-45-09-183122-ubuntu-15195) by extension 'python_setup_py'
[0.662s] [34mcolcon.colcon_core.package_identification[0m [1;30mLevel 1[0m _identify(run_log/2026-03-14-01-45-34-891815-ubuntu-15541) by extensions ['ignore', 'ignore_ament_install']
[0.662s] [34mcolcon.colcon_core.package_identification[0m [1;30mLevel 1[0m _identify(run_log/2026-03-14-01-45-34-891815-ubuntu-15541) by extension 'ignore'
[0.662s] [34mcolcon.colcon_core.package_identification[0m [1;30mLevel 1[0m _identify(run_log/2026-03-14-01-45-34-891815-ubuntu-15541) by extension 'ignore_ament_install'
[0.662s] [34mcolcon.colcon_core.package_identification[0m [1;30mLevel 1[0m _identify(run_log/2026-03-14-01-45-34-891815-ubuntu-15541) by extensions ['colcon_pkg']
[0.662s] [34mcolcon.colcon_core.package_identification[0m [1;30mLevel 1[0m _identify(run_log/2026-03-14-01-45-34-891815-ubuntu-15541) by extension 'colcon_pkg'
[0.662s] [34mcolcon.colcon_core.package_identification[0m [1;30mLevel 1[0m _identify(run_log/2026-03-14-01-45-34-891815-ubuntu-15541) by extensions ['colcon_meta']
[0.662s] [34mcolcon.colcon_core.package_identification[0m [1;30mLevel 1[0m _identify(run_log/2026-03-14-01-45-34-891815-ubuntu-15541) by extension 'colcon_meta'
[0.662s] [34mcolcon.colcon_core.package_identification[0m [1;30mLevel 1[0m _identify(run_log/2026-03-14-01-45-34-891815-ubuntu-15541) by extensions ['ros']
[0.662s] [34mcolcon.colcon_core.package_identification[0m [1;30mLevel 1[0m _identify(run_log/2026-03-14-01-45-34-891815-ubuntu-15541) by extension 'ros'
[0.662s] [34mcolcon.colcon_core.package_identification[0m [1;30mLevel 1[0m _identify(run_log/2026-03-14-01-45-34-891815-ubuntu-15541) by extensions ['cmake', 'python']
[0.662s] [34mcolcon.colcon_core.package_identification[0m [1;30mLevel 1[0m _identify(run_log/2026-03-14-01-45-34-891815-ubuntu-15541) by extension 'cmake'
[0.662s] [34mcolcon.colcon_core.package_identification[0m [1;30mLevel 1[0m _identify(run_log/2026-03-14-01-45-34-891815-ubuntu-15541) by extension 'python'
[0.662s] [34mcolcon.colcon_core.package_identification[0m [1;30mLevel 1[0m _identify(run_log/2026-03-14-01-45-34-891815-ubuntu-15541) by extensions ['python_setup_py']
[0.662s] [34mcolcon.colcon_core.package_identification[0m [1;30mLevel 1[0m _identify(run_log/2026-03-14-01-45-34-891815-ubuntu-15541) by extension 'python_setup_py'
[0.663s] [34mcolcon.colcon_core.package_identification[0m [1;30mLevel 1[0m _identify(run_log/2026-03-14-01-46-07-400243-ubuntu-15887) by extensions ['ignore', 'ignore_ament_install']
[0.663s] [34mcolcon.colcon_core.package_identification[0m [1;30mLevel 1[0m _identify(run_log/2026-03-14-01-46-07-400243-ubuntu-15887) by extension 'ignore'
[0.663s] [34mcolcon.colcon_core.package_identification[0m [1;30mLevel 1[0m _identify(run_log/2026-03-14-01-46-07-400243-ubuntu-15887) by extension 'ignore_ament_install'
[0.663s] [34mcolcon.colcon_core.package_identification[0m [1;30mLevel 1[0m _identify(run_log/2026-03-14-01-46-07-400243-ubuntu-15887) by extensions ['colcon_pkg']
[0.663s] [34mcolcon.colcon_core.package_identification[0m [1;30mLevel 1[0m _identify(run_log/2026-03-14-01-46-07-400243-ubuntu-15887) by extension 'colcon_pkg'
[0.663s] [34mcolcon.colcon_core.package_identification[0m [1;30mLevel 1[0m _identify(run_log/2026-03-14-01-46-07-400243-ubuntu-15887) by extensions ['colcon_meta']
[0.663s] [34mcolcon.colcon_core.package_identification[0m [1;30mLevel 1[0m _identify(run_log/2026-03-14-01-46-07-400243-ubuntu-15887) by extension 'colcon_meta'
[0.663s] [34mcolcon.colcon_core.package_identification[0m [1;30mLevel 1[0m _identify(run_log/2026-03-14-01-46-07-400243-ubuntu-15887) by extensions ['ros']
[0.663s] [34mcolcon.colcon_core.package_identification[0m [1;30mLevel 1[0m _identify(run_log/2026-03-14-01-46-07-400243-ubuntu-15887) by extension 'ros'
[0.663s] [34mcolcon.colcon_core.package_identification[0m [1;30mLevel 1[0m _identify(run_log/2026-03-14-01-46-07-400243-ubuntu-15887) by extensions ['cmake', 'python']
[0.663s] [34mcolcon.colcon_core.package_identification[0m [1;30mLevel 1[0m _identify(run_log/2026-03-14-01-46-07-400243-ubuntu-15887) by extension 'cmake'
[0.663s] [34mcolcon.colcon_core.package_identification[0m [1;30mLevel 1[0m _identify(run_log/2026-03-14-01-46-07-400243-ubuntu-15887) by extension 'python'
[0.663s] [34mcolcon.colcon_core.package_identification[0m [1;30mLevel 1[0m _identify(run_log/2026-03-14-01-46-07-400243-ubuntu-15887) by extensions ['python_setup_py']
[0.663s] [34mcolcon.colcon_core.package_identification[0m [1;30mLevel 1[0m _identify(run_log/2026-03-14-01-46-07-400243-ubuntu-15887) by extension 'python_setup_py'
[0.664s] [34mcolcon.colcon_core.package_identification[0m [1;30mLevel 1[0m _identify(run_log/2026-03-14-01-53-03-257675-ubuntu-16365) by extensions ['ignore', 'ignore_ament_install']
[0.664s] [34mcolcon.colcon_core.package_identification[0m [1;30mLevel 1[0m _identify(run_log/2026-03-14-01-53-03-257675-ubuntu-16365) by extension 'ignore'
[0.664s] [34mcolcon.colcon_core.package_identification[0m [1;30mLevel 1[0m _identify(run_log/2026-03-14-01-53-03-257675-ubuntu-16365) by extension 'ignore_ament_install'
[0.664s] [34mcolcon.colcon_core.package_identification[0m [1;30mLevel 1[0m _identify(run_log/2026-03-14-01-53-03-257675-ubuntu-16365) by extensions ['colcon_pkg']
[0.664s] [34mcolcon.colcon_core.package_identification[0m [1;30mLevel 1[0m _identify(run_log/2026-03-14-01-53-03-257675-ubuntu-16365) by extension 'colcon_pkg'
[0.664s] [34mcolcon.colcon_core.package_identification[0m [1;30mLevel 1[0m _identify(run_log/2026-03-14-01-53-03-257675-ubuntu-16365) by extensions ['colcon_meta']
[0.664s] [34mcolcon.colcon_core.package_identification[0m [1;30mLevel 1[0m _identify(run_log/2026-03-14-01-53-03-257675-ubuntu-16365) by extension 'colcon_meta'
[0.664s] [34mcolcon.colcon_core.package_identification[0m [1;30mLevel 1[0m _identify(run_log/2026-03-14-01-53-03-257675-ubuntu-16365) by extensions ['ros']
[0.664s] [34mcolcon.colcon_core.package_identification[0m [1;30mLevel 1[0m _identify(run_log/2026-03-14-01-53-03-257675-ubuntu-16365) by extension 'ros'
[0.664s] [34mcolcon.colcon_core.package_identification[0m [1;30mLevel 1[0m _identify(run_log/2026-03-14-01-53-03-257675-ubuntu-16365) by extensions ['cmake', 'python']
[0.664s] [34mcolcon.colcon_core.package_identification[0m [1;30mLevel 1[0m _identify(run_log/2026-03-14-01-53-03-257675-ubuntu-16365) by extension 'cmake'
[0.664s] [34mcolcon.colcon_core.package_identification[0m [1;30mLevel 1[0m _identify(run_log/2026-03-14-01-53-03-257675-ubuntu-16365) by extension 'python'
[0.664s] [34mcolcon.colcon_core.package_identification[0m [1;30mLevel 1[0m _identify(run_log/2026-03-14-01-53-03-257675-ubuntu-16365) by extensions ['python_setup_py']
[0.664s] [34mcolcon.colcon_core.package_identification[0m [1;30mLevel 1[0m _identify(run_log/2026-03-14-01-53-03-257675-ubuntu-16365) by extension 'python_setup_py'
[0.664s] [34mcolcon.colcon_core.package_identification[0m [1;30mLevel 1[0m _identify(run_log/2026-03-14-02-06-16-456999-ubuntu-17003) by extensions ['ignore', 'ignore_ament_install']
[0.664s] [34mcolcon.colcon_core.package_identification[0m [1;30mLevel 1[0m _identify(run_log/2026-03-14-02-06-16-456999-ubuntu-17003) by extension 'ignore'
[0.665s] [34mcolcon.colcon_core.package_identification[0m [1;30mLevel 1[0m _identify(run_log/2026-03-14-02-06-16-456999-ubuntu-17003) by extension 'ignore_ament_install'
[0.665s] [34mcolcon.colcon_core.package_identification[0m [1;30mLevel 1[0m _identify(run_log/2026-03-14-02-06-16-456999-ubuntu-17003) by extensions ['colcon_pkg']
[0.665s] [34mcolcon.colcon_core.package_identification[0m [1;30mLevel 1[0m _identify(run_log/2026-03-14-02-06-16-456999-ubuntu-17003) by extension 'colcon_pkg'
[0.665s] [34mcolcon.colcon_core.package_identification[0m [1;30mLevel 1[0m _identify(run_log/2026-03-14-02-06-16-456999-ubuntu-17003) by extensions ['colcon_meta']
[0.665s] [34mcolcon.colcon_core.package_identification[0m [1;30mLevel 1[0m _identify(run_log/2026-03-14-02-06-16-456999-ubuntu-17003) by extension 'colcon_meta'
[0.665s] [34mcolcon.colcon_core.package_identification[0m [1;30mLevel 1[0m _identify(run_log/2026-03-14-02-06-16-456999-ubuntu-17003) by extensions ['ros']
[0.665s] [34mcolcon.colcon_core.package_identification[0m [1;30mLevel 1[0m _identify(run_log/2026-03-14-02-06-16-456999-ubuntu-17003) by extension 'ros'
[0.665s] [34mcolcon.colcon_core.package_identification[0m [1;30mLevel 1[0m _identify(run_log/2026-03-14-02-06-16-456999-ubuntu-17003) by extensions ['cmake', 'python']
[0.665s] [34mcolcon.colcon_core.package_identification[0m [1;30mLevel 1[0m _identify(run_log/2026-03-14-02-06-16-456999-ubuntu-17003) by extension 'cmake'
[0.665s] [34mcolcon.colcon_core.package_identification[0m [1;30mLevel 1[0m _identify(run_log/2026-03-14-02-06-16-456999-ubuntu-17003) by extension 'python'
[0.665s] [34mcolcon.colcon_core.package_identification[0m [1;30mLevel 1[0m _identify(run_log/2026-03-14-02-06-16-456999-ubuntu-17003) by extensions ['python_setup_py']
[0.665s] [34mcolcon.colcon_core.package_identification[0m [1;30mLevel 1[0m _identify(run_log/2026-03-14-02-06-16-456999-ubuntu-17003) by extension 'python_setup_py'
[0.665s] [34mcolcon.colcon_core.package_identification[0m [1;30mLevel 1[0m _identify(run_log/2026-03-14-02-10-09-721276-ubuntu-17733) by extensions ['ignore', 'ignore_ament_install']
[0.665s] [34mcolcon.colcon_core.package_identification[0m [1;30mLevel 1[0m _identify(run_log/2026-03-14-02-10-09-721276-ubuntu-17733) by extension 'ignore'
[0.665s] [34mcolcon.colcon_core.package_identification[0m [1;30mLevel 1[0m _identify(run_log/2026-03-14-02-10-09-721276-ubuntu-17733) by extension 'ignore_ament_install'
[0.665s] [34mcolcon.colcon_core.package_identification[0m [1;30mLevel 1[0m _identify(run_log/2026-03-14-02-10-09-721276-ubuntu-17733) by extensions ['colcon_pkg']
[0.665s] [34mcolcon.colcon_core.package_identification[0m [1;30mLevel 1[0m _identify(run_log/2026-03-14-02-10-09-721276-ubuntu-17733) by extension 'colcon_pkg'
[0.665s] [34mcolcon.colcon_core.package_identification[0m [1;30mLevel 1[0m _identify(run_log/2026-03-14-02-10-09-721276-ubuntu-17733) by extensions ['colcon_meta']
[0.665s] [34mcolcon.colcon_core.package_identification[0m [1;30mLevel 1[0m _identify(run_log/2026-03-14-02-10-09-721276-ubuntu-17733) by extension 'colcon_meta'
[0.665s] [34mcolcon.colcon_core.package_identification[0m [1;30mLevel 1[0m _identify(run_log/2026-03-14-02-10-09-721276-ubuntu-17733) by extensions ['ros']
[0.665s] [34mcolcon.colcon_core.package_identification[0m [1;30mLevel 1[0m _identify(run_log/2026-03-14-02-10-09-721276-ubuntu-17733) by extension 'ros'
[0.666s] [34mcolcon.colcon_core.package_identification[0m [1;30mLevel 1[0m _identify(run_log/2026-03-14-02-10-09-721276-ubuntu-17733) by extensions ['cmake', 'python']
[0.666s] [34mcolcon.colcon_core.package_identification[0m [1;30mLevel 1[0m _identify(run_log/2026-03-14-02-10-09-721276-ubuntu-17733) by extension 'cmake'
[0.666s] [34mcolcon.colcon_core.package_identification[0m [1;30mLevel 1[0m _identify(run_log/2026-03-14-02-10-09-721276-ubuntu-17733) by extension 'python'
[0.666s] [34mcolcon.colcon_core.package_identification[0m [1;30mLevel 1[0m _identify(run_log/2026-03-14-02-10-09-721276-ubuntu-17733) by extensions ['python_setup_py']
[0.666s] [34mcolcon.colcon_core.package_identification[0m [1;30mLevel 1[0m _identify(run_log/2026-03-14-02-10-09-721276-ubuntu-17733) by extension 'python_setup_py'
[0.666s] [34mcolcon.colcon_core.package_identification[0m [1;30mLevel 1[0m _identify(run_log/2026-03-14-02-12-59-193253-ubuntu-18186) by extensions ['ignore', 'ignore_ament_install']
[0.666s] [34mcolcon.colcon_core.package_identification[0m [1;30mLevel 1[0m _identify(run_log/2026-03-14-02-12-59-193253-ubuntu-18186) by extension 'ignore'
[0.666s] [34mcolcon.colcon_core.package_identification[0m [1;30mLevel 1[0m _identify(run_log/2026-03-14-02-12-59-193253-ubuntu-18186) by extension 'ignore_ament_install'
[0.666s] [34mcolcon.colcon_core.package_identification[0m [1;30mLevel 1[0m _identify(run_log/2026-03-14-02-12-59-193253-ubuntu-18186) by extensions ['colcon_pkg']
[0.666s] [34mcolcon.colcon_core.package_identification[0m [1;30mLevel 1[0m _identify(run_log/2026-03-14-02-12-59-193253-ubuntu-18186) by extension 'colcon_pkg'
[0.666s] [34mcolcon.colcon_core.package_identification[0m [1;30mLevel 1[0m _identify(run_log/2026-03-14-02-12-59-193253-ubuntu-18186) by extensions ['colcon_meta']
[0.666s] [34mcolcon.colcon_core.package_identification[0m [1;30mLevel 1[0m _identify(run_log/2026-03-14-02-12-59-193253-ubuntu-18186) by extension 'colcon_meta'
[0.666s] [34mcolcon.colcon_core.package_identification[0m [1;30mLevel 1[0m _identify(run_log/2026-03-14-02-12-59-193253-ubuntu-18186) by extensions ['ros']
[0.666s] [34mcolcon.colcon_core.package_identification[0m [1;30mLevel 1[0m _identify(run_log/2026-03-14-02-12-59-193253-ubuntu-18186) by extension 'ros'
[0.666s] [34mcolcon.colcon_core.package_identification[0m [1;30mLevel 1[0m _identify(run_log/2026-03-14-02-12-59-193253-ubuntu-18186) by extensions ['cmake', 'python']
[0.666s] [34mcolcon.colcon_core.package_identification[0m [1;30mLevel 1[0m _identify(run_log/2026-03-14-02-12-59-193253-ubuntu-18186) by extension 'cmake'
[0.666s] [34mcolcon.colcon_core.package_identification[0m [1;30mLevel 1[0m _identify(run_log/2026-03-14-02-12-59-193253-ubuntu-18186) by extension 'python'
[0.667s] [34mcolcon.colcon_core.package_identification[0m [1;30mLevel 1[0m _identify(run_log/2026-03-14-02-12-59-193253-ubuntu-18186) by extensions ['python_setup_py']
[0.667s] [34mcolcon.colcon_core.package_identification[0m [1;30mLevel 1[0m _identify(run_log/2026-03-14-02-12-59-193253-ubuntu-18186) by extension 'python_setup_py'
[0.667s] [34mcolcon.colcon_core.package_identification[0m [1;30mLevel 1[0m _identify(run_log/2026-03-14-02-13-33-098960-ubuntu-18567) by extensions ['ignore', 'ignore_ament_install']
[0.667s] [34mcolcon.colcon_core.package_identification[0m [1;30mLevel 1[0m _identify(run_log/2026-03-14-02-13-33-098960-ubuntu-18567) by extension 'ignore'
[0.667s] [34mcolcon.colcon_core.package_identification[0m [1;30mLevel 1[0m _identify(run_log/2026-03-14-02-13-33-098960-ubuntu-18567) by extension 'ignore_ament_install'
[0.667s] [34mcolcon.colcon_core.package_identification[0m [1;30mLevel 1[0m _identify(run_log/2026-03-14-02-13-33-098960-ubuntu-18567) by extensions ['colcon_pkg']
[0.667s] [34mcolcon.colcon_core.package_identification[0m [1;30mLevel 1[0m _identify(run_log/2026-03-14-02-13-33-098960-ubuntu-18567) by extension 'colcon_pkg'
[0.667s] [34mcolcon.colcon_core.package_identification[0m [1;30mLevel 1[0m _identify(run_log/2026-03-14-02-13-33-098960-ubuntu-18567) by extensions ['colcon_meta']
[0.667s] [34mcolcon.colcon_core.package_identification[0m [1;30mLevel 1[0m _identify(run_log/2026-03-14-02-13-33-098960-ubuntu-18567) by extension 'colcon_meta'
[0.667s] [34mcolcon.colcon_core.package_identification[0m [1;30mLevel 1[0m _identify(run_log/2026-03-14-02-13-33-098960-ubuntu-18567) by extensions ['ros']
[0.667s] [34mcolcon.colcon_core.package_identification[0m [1;30mLevel 1[0m _identify(run_log/2026-03-14-02-13-33-098960-ubuntu-18567) by extension 'ros'
[0.667s] [34mcolcon.colcon_core.package_identification[0m [1;30mLevel 1[0m _identify(run_log/2026-03-14-02-13-33-098960-ubuntu-18567) by extensions ['cmake', 'python']
[0.667s] [34mcolcon.colcon_core.package_identification[0m [1;30mLevel 1[0m _identify(run_log/2026-03-14-02-13-33-098960-ubuntu-18567) by extension 'cmake'
[0.667s] [34mcolcon.colcon_core.package_identification[0m [1;30mLevel 1[0m _identify(run_log/2026-03-14-02-13-33-098960-ubuntu-18567) by extension 'python'
[0.667s] [34mcolcon.colcon_core.package_identification[0m [1;30mLevel 1[0m _identify(run_log/2026-03-14-02-13-33-098960-ubuntu-18567) by extensions ['python_setup_py']
[0.667s] [34mcolcon.colcon_core.package_identification[0m [1;30mLevel 1[0m _identify(run_log/2026-03-14-02-13-33-098960-ubuntu-18567) by extension 'python_setup_py'
[0.668s] [34mcolcon.colcon_core.package_identification[0m [1;30mLevel 1[0m _identify(run_log/2026-03-14-02-14-00-092662-ubuntu-18941) by extensions ['ignore', 'ignore_ament_install']
[0.668s] [34mcolcon.colcon_core.package_identification[0m [1;30mLevel 1[0m _identify(run_log/2026-03-14-02-14-00-092662-ubuntu-18941) by extension 'ignore'
[0.668s] [34mcolcon.colcon_core.package_identification[0m [1;30mLevel 1[0m _identify(run_log/2026-03-14-02-14-00-092662-ubuntu-18941) by extension 'ignore_ament_install'
[0.668s] [34mcolcon.colcon_core.package_identification[0m [1;30mLevel 1[0m _identify(run_log/2026-03-14-02-14-00-092662-ubuntu-18941) by extensions ['colcon_pkg']
[0.668s] [34mcolcon.colcon_core.package_identification[0m [1;30mLevel 1[0m _identify(run_log/2026-03-14-02-14-00-092662-ubuntu-18941) by extension 'colcon_pkg'
[0.668s] [34mcolcon.colcon_core.package_identification[0m [1;30mLevel 1[0m _identify(run_log/2026-03-14-02-14-00-092662-ubuntu-18941) by extensions ['colcon_meta']
[0.668s] [34mcolcon.colcon_core.package_identification[0m [1;30mLevel 1[0m _identify(run_log/2026-03-14-02-14-00-092662-ubuntu-18941) by extension 'colcon_meta'
[0.668s] [34mcolcon.colcon_core.package_identification[0m [1;30mLevel 1[0m _identify(run_log/2026-03-14-02-14-00-092662-ubuntu-18941) by extensions ['ros']
[0.668s] [34mcolcon.colcon_core.package_identification[0m [1;30mLevel 1[0m _identify(run_log/2026-03-14-02-14-00-092662-ubuntu-18941) by extension 'ros'
[0.668s] [34mcolcon.colcon_core.package_identification[0m [1;30mLevel 1[0m _identify(run_log/2026-03-14-02-14-00-092662-ubuntu-18941) by extensions ['cmake', 'python']
[0.668s] [34mcolcon.colcon_core.package_identification[0m [1;30mLevel 1[0m _identify(run_log/2026-03-14-02-14-00-092662-ubuntu-18941) by extension 'cmake'
[0.668s] [34mcolcon.colcon_core.package_identification[0m [1;30mLevel 1[0m _identify(run_log/2026-03-14-02-14-00-092662-ubuntu-18941) by extension 'python'
[0.668s] [34mcolcon.colcon_core.package_identification[0m [1;30mLevel 1[0m _identify(run_log/2026-03-14-02-14-00-092662-ubuntu-18941) by extensions ['python_setup_py']
[0.668s] [34mcolcon.colcon_core.package_identification[0m [1;30mLevel 1[0m _identify(run_log/2026-03-14-02-14-00-092662-ubuntu-18941) by extension 'python_setup_py'
[0.669s] [34mcolcon.colcon_core.package_identification[0m [1;30mLevel 1[0m _identify(run_log/2026-03-14-02-15-18-086462-ubuntu-19367) by extensions ['ignore', 'ignore_ament_install']
[0.669s] [34mcolcon.colcon_core.package_identification[0m [1;30mLevel 1[0m _identify(run_log/2026-03-14-02-15-18-086462-ubuntu-19367) by extension 'ignore'
[0.669s] [34mcolcon.colcon_core.package_identification[0m [1;30mLevel 1[0m _identify(run_log/2026-03-14-02-15-18-086462-ubuntu-19367) by extension 'ignore_ament_install'
[0.669s] [34mcolcon.colcon_core.package_identification[0m [1;30mLevel 1[0m _identify(run_log/2026-03-14-02-15-18-086462-ubuntu-19367) by extensions ['colcon_pkg']
[0.669s] [34mcolcon.colcon_core.package_identification[0m [1;30mLevel 1[0m _identify(run_log/2026-03-14-02-15-18-086462-ubuntu-19367) by extension 'colcon_pkg'
[0.669s] [34mcolcon.colcon_core.package_identification[0m [1;30mLevel 1[0m _identify(run_log/2026-03-14-02-15-18-086462-ubuntu-19367) by extensions ['colcon_meta']
[0.669s] [34mcolcon.colcon_core.package_identification[0m [1;30mLevel 1[0m _identify(run_log/2026-03-14-02-15-18-086462-ubuntu-19367) by extension 'colcon_meta'
[0.669s] [34mcolcon.colcon_core.package_identification[0m [1;30mLevel 1[0m _identify(run_log/2026-03-14-02-15-18-086462-ubuntu-19367) by extensions ['ros']
[0.669s] [34mcolcon.colcon_core.package_identification[0m [1;30mLevel 1[0m _identify(run_log/2026-03-14-02-15-18-086462-ubuntu-19367) by extension 'ros'
[0.669s] [34mcolcon.colcon_core.package_identification[0m [1;30mLevel 1[0m _identify(run_log/2026-03-14-02-15-18-086462-ubuntu-19367) by extensions ['cmake', 'python']
[0.669s] [34mcolcon.colcon_core.package_identification[0m [1;30mLevel 1[0m _identify(run_log/2026-03-14-02-15-18-086462-ubuntu-19367) by extension 'cmake'
[0.669s] [34mcolcon.colcon_core.package_identification[0m [1;30mLevel 1[0m _identify(run_log/2026-03-14-02-15-18-086462-ubuntu-19367) by extension 'python'
[0.669s] [34mcolcon.colcon_core.package_identification[0m [1;30mLevel 1[0m _identify(run_log/2026-03-14-02-15-18-086462-ubuntu-19367) by extensions ['python_setup_py']
[0.669s] [34mcolcon.colcon_core.package_identification[0m [1;30mLevel 1[0m _identify(run_log/2026-03-14-02-15-18-086462-ubuntu-19367) by extension 'python_setup_py'
[0.670s] [34mcolcon.colcon_core.package_identification[0m [1;30mLevel 1[0m _identify(run_log/2026-03-16-05-56-54-389596-ubuntu-4177) by extensions ['ignore', 'ignore_ament_install']
[0.670s] [34mcolcon.colcon_core.package_identification[0m [1;30mLevel 1[0m _identify(run_log/2026-03-16-05-56-54-389596-ubuntu-4177) by extension 'ignore'
[0.670s] [34mcolcon.colcon_core.package_identification[0m [1;30mLevel 1[0m _identify(run_log/2026-03-16-05-56-54-389596-ubuntu-4177) by extension 'ignore_ament_install'
[0.670s] [34mcolcon.colcon_core.package_identification[0m [1;30mLevel 1[0m _identify(run_log/2026-03-16-05-56-54-389596-ubuntu-4177) by extensions ['colcon_pkg']
[0.670s] [34mcolcon.colcon_core.package_identification[0m [1;30mLevel 1[0m _identify(run_log/2026-03-16-05-56-54-389596-ubuntu-4177) by extension 'colcon_pkg'
[0.670s] [34mcolcon.colcon_core.package_identification[0m [1;30mLevel 1[0m _identify(run_log/2026-03-16-05-56-54-389596-ubuntu-4177) by extensions ['colcon_meta']
[0.670s] [34mcolcon.colcon_core.package_identification[0m [1;30mLevel 1[0m _identify(run_log/2026-03-16-05-56-54-389596-ubuntu-4177) by extension 'colcon_meta'
[0.670s] [34mcolcon.colcon_core.package_identification[0m [1;30mLevel 1[0m _identify(run_log/2026-03-16-05-56-54-389596-ubuntu-4177) by extensions ['ros']
[0.670s] [34mcolcon.colcon_core.package_identification[0m [1;30mLevel 1[0m _identify(run_log/2026-03-16-05-56-54-389596-ubuntu-4177) by extension 'ros'
[0.670s] [34mcolcon.colcon_core.package_identification[0m [1;30mLevel 1[0m _identify(run_log/2026-03-16-05-56-54-389596-ubuntu-4177) by extensions ['cmake', 'python']
[0.670s] [34mcolcon.colcon_core.package_identification[0m [1;30mLevel 1[0m _identify(run_log/2026-03-16-05-56-54-389596-ubuntu-4177) by extension 'cmake'
[0.670s] [34mcolcon.colcon_core.package_identification[0m [1;30mLevel 1[0m _identify(run_log/2026-03-16-05-56-54-389596-ubuntu-4177) by extension 'python'
[0.670s] [34mcolcon.colcon_core.package_identification[0m [1;30mLevel 1[0m _identify(run_log/2026-03-16-05-56-54-389596-ubuntu-4177) by extensions ['python_setup_py']
[0.670s] [34mcolcon.colcon_core.package_identification[0m [1;30mLevel 1[0m _identify(run_log/2026-03-16-05-56-54-389596-ubuntu-4177) by extension 'python_setup_py'
[0.671s] [34mcolcon.colcon_core.package_identification[0m [1;30mLevel 1[0m _identify(src) by extensions ['ignore', 'ignore_ament_install']
[0.671s] [34mcolcon.colcon_core.package_identification[0m [1;30mLevel 1[0m _identify(src) by extension 'ignore'
[0.671s] [34mcolcon.colcon_core.package_identification[0m [1;30mLevel 1[0m _identify(src) by extension 'ignore_ament_install'
[0.671s] [34mcolcon.colcon_core.package_identification[0m [1;30mLevel 1[0m _identify(src) by extensions ['colcon_pkg']
[0.671s] [34mcolcon.colcon_core.package_identification[0m [1;30mLevel 1[0m _identify(src) by extension 'colcon_pkg'
[0.671s] [34mcolcon.colcon_core.package_identification[0m [1;30mLevel 1[0m _identify(src) by extensions ['colcon_meta']
[0.671s] [34mcolcon.colcon_core.package_identification[0m [1;30mLevel 1[0m _identify(src) by extension 'colcon_meta'
[0.671s] [34mcolcon.colcon_core.package_identification[0m [1;30mLevel 1[0m _identify(src) by extensions ['ros']
[0.671s] [34mcolcon.colcon_core.package_identification[0m [1;30mLevel 1[0m _identify(src) by extension 'ros'
[0.671s] [34mcolcon.colcon_core.package_identification[0m [1;30mLevel 1[0m _identify(src) by extensions ['cmake', 'python']
[0.671s] [34mcolcon.colcon_core.package_identification[0m [1;30mLevel 1[0m _identify(src) by extension 'cmake'
[0.671s] [34mcolcon.colcon_core.package_identification[0m [1;30mLevel 1[0m _identify(src) by extension 'python'
[0.671s] [34mcolcon.colcon_core.package_identification[0m [1;30mLevel 1[0m _identify(src) by extensions ['python_setup_py']
[0.671s] [34mcolcon.colcon_core.package_identification[0m [1;30mLevel 1[0m _identify(src) by extension 'python_setup_py'
[0.671s] [34mcolcon.colcon_core.package_identification[0m [1;30mLevel 1[0m _identify(src/GroundStation) by extensions ['ignore', 'ignore_ament_install']
[0.671s] [34mcolcon.colcon_core.package_identification[0m [1;30mLevel 1[0m _identify(src/GroundStation) by extension 'ignore'
[0.671s] [34mcolcon.colcon_core.package_identification[0m [1;30mLevel 1[0m _identify(src/GroundStation) by extension 'ignore_ament_install'
[0.671s] [34mcolcon.colcon_core.package_identification[0m [1;30mLevel 1[0m _identify(src/GroundStation) by extensions ['colcon_pkg']
[0.671s] [34mcolcon.colcon_core.package_identification[0m [1;30mLevel 1[0m _identify(src/GroundStation) by extension 'colcon_pkg'
[0.671s] [34mcolcon.colcon_core.package_identification[0m [1;30mLevel 1[0m _identify(src/GroundStation) by extensions ['colcon_meta']
[0.671s] [34mcolcon.colcon_core.package_identification[0m [1;30mLevel 1[0m _identify(src/GroundStation) by extension 'colcon_meta'
[0.671s] [34mcolcon.colcon_core.package_identification[0m [1;30mLevel 1[0m _identify(src/GroundStation) by extensions ['ros']
[0.671s] [34mcolcon.colcon_core.package_identification[0m [1;30mLevel 1[0m _identify(src/GroundStation) by extension 'ros'
[0.676s] [34mcolcon.colcon_core.package_identification[0m [1;30mDEBUG[0m [32mPackage 'src/GroundStation' with type 'ros.ament_python' and name 'GroundStation'[0m
[0.677s] [34mcolcon.colcon_core.package_identification[0m [1;30mLevel 1[0m _identify(src/ros2_pyqt_turtlesim_key) by extensions ['ignore', 'ignore_ament_install']
[0.677s] [34mcolcon.colcon_core.package_identification[0m [1;30mLevel 1[0m _identify(src/ros2_pyqt_turtlesim_key) by extension 'ignore'
[0.677s] [34mcolcon.colcon_core.package_identification[0m [1;30mLevel 1[0m _identify(src/ros2_pyqt_turtlesim_key) by extension 'ignore_ament_install'
[0.677s] [34mcolcon.colcon_core.package_identification[0m [1;30mLevel 1[0m _identify(src/ros2_pyqt_turtlesim_key) by extensions ['colcon_pkg']
[0.677s] [34mcolcon.colcon_core.package_identification[0m [1;30mLevel 1[0m _identify(src/ros2_pyqt_turtlesim_key) by extension 'colcon_pkg'
[0.677s] [34mcolcon.colcon_core.package_identification[0m [1;30mLevel 1[0m _identify(src/ros2_pyqt_turtlesim_key) by extensions ['colcon_meta']
[0.677s] [34mcolcon.colcon_core.package_identification[0m [1;30mLevel 1[0m _identify(src/ros2_pyqt_turtlesim_key) by extension 'colcon_meta'
[0.677s] [34mcolcon.colcon_core.package_identification[0m [1;30mLevel 1[0m _identify(src/ros2_pyqt_turtlesim_key) by extensions ['ros']
[0.677s] [34mcolcon.colcon_core.package_identification[0m [1;30mLevel 1[0m _identify(src/ros2_pyqt_turtlesim_key) by extension 'ros'
[0.678s] [34mcolcon.colcon_core.package_identification[0m [1;30mDEBUG[0m [32mPackage 'src/ros2_pyqt_turtlesim_key' with type 'ros.ament_python' and name 'ros2_pyqt_turtlesim_key'[0m
[0.678s] [34mcolcon.colcon_core.package_identification[0m [1;30mLevel 1[0m _identify(src/uav_car_interfaces) by extensions ['ignore', 'ignore_ament_install']
[0.678s] [34mcolcon.colcon_core.package_identification[0m [1;30mLevel 1[0m _identify(src/uav_car_interfaces) by extension 'ignore'
[0.679s] [34mcolcon.colcon_core.package_identification[0m [1;30mLevel 1[0m _identify(src/uav_car_interfaces) by extension 'ignore_ament_install'
[0.679s] [34mcolcon.colcon_core.package_identification[0m [1;30mLevel 1[0m _identify(src/uav_car_interfaces) by extensions ['colcon_pkg']
[0.679s] [34mcolcon.colcon_core.package_identification[0m [1;30mLevel 1[0m _identify(src/uav_car_interfaces) by extension 'colcon_pkg'
[0.679s] [34mcolcon.colcon_core.package_identification[0m [1;30mLevel 1[0m _identify(src/uav_car_interfaces) by extensions ['colcon_meta']
[0.679s] [34mcolcon.colcon_core.package_identification[0m [1;30mLevel 1[0m _identify(src/uav_car_interfaces) by extension 'colcon_meta'
[0.679s] [34mcolcon.colcon_core.package_identification[0m [1;30mLevel 1[0m _identify(src/uav_car_interfaces) by extensions ['ros']
[0.679s] [34mcolcon.colcon_core.package_identification[0m [1;30mLevel 1[0m _identify(src/uav_car_interfaces) by extension 'ros'
[0.680s] [34mcolcon.colcon_core.package_identification[0m [1;30mDEBUG[0m [32mPackage 'src/uav_car_interfaces' with type 'ros.ament_cmake' and name 'uav_car_interfaces'[0m
[0.680s] [34mcolcon.colcon_core.package_discovery[0m [1;30mLevel 1[0m discover_packages(recursive) using defaults
[0.680s] [34mcolcon.colcon_core.package_discovery[0m [1;30mLevel 1[0m discover_packages(ignore) discover
[0.680s] [34mcolcon.colcon_core.package_discovery[0m [1;30mLevel 1[0m discover_packages(ignore) using defaults
[0.680s] [34mcolcon.colcon_core.package_discovery[0m [1;30mLevel 1[0m discover_packages(path) discover
[0.680s] [34mcolcon.colcon_core.package_discovery[0m [1;30mLevel 1[0m discover_packages(path) using defaults
[0.714s] [34mcolcon.colcon_core.package_discovery[0m [1;30mLevel 1[0m discover_packages(prefix_path) check parameters
[0.715s] [34mcolcon.colcon_core.package_discovery[0m [1;30mLevel 1[0m discover_packages(prefix_path) discover
[0.725s] [34mcolcon.colcon_installed_package_information.package_discovery[0m [1;30mDEBUG[0m [32mFound 256 installed packages in /opt/ros/foxy[0m
[0.726s] [34mcolcon.colcon_core.package_discovery[0m [1;30mLevel 1[0m discover_packages(prefix_path) using defaults
[0.861s] [34mcolcon.colcon_core.verb[0m [1;30mLevel 5[0m set package 'GroundStation' build argument 'cmake_args' from command line to 'None'
[0.861s] [34mcolcon.colcon_core.verb[0m [1;30mLevel 5[0m set package 'GroundStation' build argument 'cmake_target' from command line to 'None'
[0.861s] [34mcolcon.colcon_core.verb[0m [1;30mLevel 5[0m set package 'GroundStation' build argument 'cmake_target_skip_unavailable' from command line to 'False'
[0.861s] [34mcolcon.colcon_core.verb[0m [1;30mLevel 5[0m set package 'GroundStation' build argument 'cmake_clean_cache' from command line to 'False'
[0.861s] [34mcolcon.colcon_core.verb[0m [1;30mLevel 5[0m set package 'GroundStation' build argument 'cmake_clean_first' from command line to 'False'
[0.861s] [34mcolcon.colcon_core.verb[0m [1;30mLevel 5[0m set package 'GroundStation' build argument 'cmake_force_configure' from command line to 'False'
[0.861s] [34mcolcon.colcon_core.verb[0m [1;30mLevel 5[0m set package 'GroundStation' build argument 'ament_cmake_args' from command line to 'None'
[0.861s] [34mcolcon.colcon_core.verb[0m [1;30mLevel 5[0m set package 'GroundStation' build argument 'catkin_cmake_args' from command line to 'None'
[0.861s] [34mcolcon.colcon_core.verb[0m [1;30mLevel 5[0m set package 'GroundStation' build argument 'catkin_skip_building_tests' from command line to 'False'
[0.861s] [34mcolcon.colcon_core.verb[0m [1;30mDEBUG[0m [32mBuilding package 'GroundStation' with the following arguments: {'ament_cmake_args': None, 'build_base': '/home/focal/Desktop/2024_GroundStation/build/GroundStation', 'catkin_cmake_args': None, 'catkin_skip_building_tests': False, 'cmake_args': None, 'cmake_clean_cache': False, 'cmake_clean_first': False, 'cmake_force_configure': False, 'cmake_target': None, 'cmake_target_skip_unavailable': False, 'install_base': '/home/focal/Desktop/2024_GroundStation/install/GroundStation', 'merge_install': False, 'path': '/home/focal/Desktop/2024_GroundStation/src/GroundStation', 'symlink_install': True, 'test_result_base': None}[0m
[0.861s] [34mcolcon.colcon_core.verb[0m [1;30mLevel 5[0m set package 'ros2_pyqt_turtlesim_key' build argument 'cmake_args' from command line to 'None'
[0.861s] [34mcolcon.colcon_core.verb[0m [1;30mLevel 5[0m set package 'ros2_pyqt_turtlesim_key' build argument 'cmake_target' from command line to 'None'
[0.861s] [34mcolcon.colcon_core.verb[0m [1;30mLevel 5[0m set package 'ros2_pyqt_turtlesim_key' build argument 'cmake_target_skip_unavailable' from command line to 'False'
[0.861s] [34mcolcon.colcon_core.verb[0m [1;30mLevel 5[0m set package 'ros2_pyqt_turtlesim_key' build argument 'cmake_clean_cache' from command line to 'False'
[0.861s] [34mcolcon.colcon_core.verb[0m [1;30mLevel 5[0m set package 'ros2_pyqt_turtlesim_key' build argument 'cmake_clean_first' from command line to 'False'
[0.861s] [34mcolcon.colcon_core.verb[0m [1;30mLevel 5[0m set package 'ros2_pyqt_turtlesim_key' build argument 'cmake_force_configure' from command line to 'False'
[0.861s] [34mcolcon.colcon_core.verb[0m [1;30mLevel 5[0m set package 'ros2_pyqt_turtlesim_key' build argument 'ament_cmake_args' from command line to 'None'
[0.862s] [34mcolcon.colcon_core.verb[0m [1;30mLevel 5[0m set package 'ros2_pyqt_turtlesim_key' build argument 'catkin_cmake_args' from command line to 'None'
[0.862s] [34mcolcon.colcon_core.verb[0m [1;30mLevel 5[0m set package 'ros2_pyqt_turtlesim_key' build argument 'catkin_skip_building_tests' from command line to 'False'
[0.862s] [34mcolcon.colcon_core.verb[0m [1;30mDEBUG[0m [32mBuilding package 'ros2_pyqt_turtlesim_key' with the following arguments: {'ament_cmake_args': None, 'build_base': '/home/focal/Desktop/2024_GroundStation/build/ros2_pyqt_turtlesim_key', 'catkin_cmake_args': None, 'catkin_skip_building_tests': False, 'cmake_args': None, 'cmake_clean_cache': False, 'cmake_clean_first': False, 'cmake_force_configure': False, 'cmake_target': None, 'cmake_target_skip_unavailable': False, 'install_base': '/home/focal/Desktop/2024_GroundStation/install/ros2_pyqt_turtlesim_key', 'merge_install': False, 'path': '/home/focal/Desktop/2024_GroundStation/src/ros2_pyqt_turtlesim_key', 'symlink_install': True, 'test_result_base': None}[0m
[0.862s] [34mcolcon.colcon_core.verb[0m [1;30mLevel 5[0m set package 'uav_car_interfaces' build argument 'cmake_args' from command line to 'None'
[0.862s] [34mcolcon.colcon_core.verb[0m [1;30mLevel 5[0m set package 'uav_car_interfaces' build argument 'cmake_target' from command line to 'None'
[0.862s] [34mcolcon.colcon_core.verb[0m [1;30mLevel 5[0m set package 'uav_car_interfaces' build argument 'cmake_target_skip_unavailable' from command line to 'False'
[0.862s] [34mcolcon.colcon_core.verb[0m [1;30mLevel 5[0m set package 'uav_car_interfaces' build argument 'cmake_clean_cache' from command line to 'False'
[0.862s] [34mcolcon.colcon_core.verb[0m [1;30mLevel 5[0m set package 'uav_car_interfaces' build argument 'cmake_clean_first' from command line to 'False'
[0.862s] [34mcolcon.colcon_core.verb[0m [1;30mLevel 5[0m set package 'uav_car_interfaces' build argument 'cmake_force_configure' from command line to 'False'
[0.862s] [34mcolcon.colcon_core.verb[0m [1;30mLevel 5[0m set package 'uav_car_interfaces' build argument 'ament_cmake_args' from command line to 'None'
[0.862s] [34mcolcon.colcon_core.verb[0m [1;30mLevel 5[0m set package 'uav_car_interfaces' build argument 'catkin_cmake_args' from command line to 'None'
[0.862s] [34mcolcon.colcon_core.verb[0m [1;30mLevel 5[0m set package 'uav_car_interfaces' build argument 'catkin_skip_building_tests' from command line to 'False'
[0.862s] [34mcolcon.colcon_core.verb[0m [1;30mDEBUG[0m [32mBuilding package 'uav_car_interfaces' with the following arguments: {'ament_cmake_args': None, 'build_base': '/home/focal/Desktop/2024_GroundStation/build/uav_car_interfaces', 'catkin_cmake_args': None, 'catkin_skip_building_tests': False, 'cmake_args': None, 'cmake_clean_cache': False, 'cmake_clean_first': False, 'cmake_force_configure': False, 'cmake_target': None, 'cmake_target_skip_unavailable': False, 'install_base': '/home/focal/Desktop/2024_GroundStation/install/uav_car_interfaces', 'merge_install': False, 'path': '/home/focal/Desktop/2024_GroundStation/src/uav_car_interfaces', 'symlink_install': True, 'test_result_base': None}[0m
[0.862s] [34mcolcon.colcon_core.executor[0m [1;30mINFO[0m Executing jobs using 'parallel' executor
[0.863s] [34mcolcon.colcon_parallel_executor.executor.parallel[0m [1;30mDEBUG[0m [32mrun_until_complete[0m
[0.863s] [34mcolcon.colcon_ros.task.ament_python.build[0m [1;30mINFO[0m Building ROS package in '/home/focal/Desktop/2024_GroundStation/src/GroundStation' with build type 'ament_python'
[0.864s] [34mcolcon.colcon_core.shell[0m [1;30mLevel 1[0m create_environment_hook('GroundStation', 'ament_prefix_path')
[0.870s] [34mcolcon.colcon_core.plugin_system[0m [1;30mINFO[0m Skipping extension 'colcon_core.shell.bat': Not used on non-Windows systems
[0.870s] [34mcolcon.colcon_core.shell[0m [1;30mINFO[0m Creating environment hook '/home/focal/Desktop/2024_GroundStation/install/GroundStation/share/GroundStation/hook/ament_prefix_path.ps1'
[0.872s] [34mcolcon.colcon_core.shell[0m [1;30mINFO[0m Creating environment descriptor '/home/focal/Desktop/2024_GroundStation/install/GroundStation/share/GroundStation/hook/ament_prefix_path.dsv'
[0.873s] [34mcolcon.colcon_core.shell[0m [1;30mINFO[0m Creating environment hook '/home/focal/Desktop/2024_GroundStation/install/GroundStation/share/GroundStation/hook/ament_prefix_path.sh'
[0.874s] [34mcolcon.colcon_core.shell[0m [1;30mINFO[0m Skip shell extension 'powershell' for command environment: Not usable outside of PowerShell
[0.874s] [34mcolcon.colcon_core.shell[0m [1;30mDEBUG[0m [32mSkip shell extension 'dsv' for command environment[0m
[0.886s] [34mcolcon.colcon_ros.task.ament_python.build[0m [1;30mINFO[0m Building ROS package in '/home/focal/Desktop/2024_GroundStation/src/ros2_pyqt_turtlesim_key' with build type 'ament_python'
[0.887s] [34mcolcon.colcon_core.shell[0m [1;30mLevel 1[0m create_environment_hook('ros2_pyqt_turtlesim_key', 'ament_prefix_path')
[0.887s] [34mcolcon.colcon_core.shell[0m [1;30mINFO[0m Creating environment hook '/home/focal/Desktop/2024_GroundStation/install/ros2_pyqt_turtlesim_key/share/ros2_pyqt_turtlesim_key/hook/ament_prefix_path.ps1'
[0.892s] [34mcolcon.colcon_core.shell[0m [1;30mINFO[0m Creating environment descriptor '/home/focal/Desktop/2024_GroundStation/install/ros2_pyqt_turtlesim_key/share/ros2_pyqt_turtlesim_key/hook/ament_prefix_path.dsv'
[0.892s] [34mcolcon.colcon_core.shell[0m [1;30mINFO[0m Creating environment hook '/home/focal/Desktop/2024_GroundStation/install/ros2_pyqt_turtlesim_key/share/ros2_pyqt_turtlesim_key/hook/ament_prefix_path.sh'
[0.893s] [34mcolcon.colcon_core.shell[0m [1;30mINFO[0m Skip shell extension 'powershell' for command environment: Not usable outside of PowerShell
[0.893s] [34mcolcon.colcon_core.shell[0m [1;30mDEBUG[0m [32mSkip shell extension 'dsv' for command environment[0m
[0.904s] [34mcolcon.colcon_ros.task.ament_cmake.build[0m [1;30mINFO[0m Building ROS package in '/home/focal/Desktop/2024_GroundStation/src/uav_car_interfaces' with build type 'ament_cmake'
[0.904s] [34mcolcon.colcon_cmake.task.cmake.build[0m [1;30mINFO[0m Building CMake package in '/home/focal/Desktop/2024_GroundStation/src/uav_car_interfaces'
[0.905s] [34mcolcon.colcon_core.shell[0m [1;30mINFO[0m Skip shell extension 'powershell' for command environment: Not usable outside of PowerShell
[0.905s] [34mcolcon.colcon_core.shell[0m [1;30mDEBUG[0m [32mSkip shell extension 'dsv' for command environment[0m
[1.189s] [34mcolcon.colcon_core.task.python.build[0m [1;30mINFO[0m Building Python package in '/home/focal/Desktop/2024_GroundStation/src/GroundStation'
[1.190s] [34mcolcon.colcon_core.shell[0m [1;30mINFO[0m Skip shell extension 'powershell' for command environment: Not usable outside of PowerShell
[1.190s] [34mcolcon.colcon_core.shell[0m [1;30mDEBUG[0m [32mSkip shell extension 'dsv' for command environment[0m
[1.416s] [34mcolcon.colcon_core.task.python.build[0m [1;30mINFO[0m Building Python package in '/home/focal/Desktop/2024_GroundStation/src/ros2_pyqt_turtlesim_key'
[1.417s] [34mcolcon.colcon_core.shell[0m [1;30mINFO[0m Skip shell extension 'powershell' for command environment: Not usable outside of PowerShell
[1.417s] [34mcolcon.colcon_core.shell[0m [1;30mDEBUG[0m [32mSkip shell extension 'dsv' for command environment[0m
[1.428s] [34mcolcon.colcon_core.event_handler.log_command[0m [1;30mDEBUG[0m [32mInvoking command in '/home/focal/Desktop/2024_GroundStation/build/uav_car_interfaces': CMAKE_PREFIX_PATH=/opt/ros/foxy /usr/bin/cmake --build /home/focal/Desktop/2024_GroundStation/build/uav_car_interfaces -- -j4 -l4[0m
[2.548s] [34mcolcon.colcon_core.event_handler.log_command[0m [1;30mDEBUG[0m [32mInvoking command in '/home/focal/Desktop/2024_GroundStation/build/GroundStation': PYTHONPATH=/home/focal/Desktop/2024_GroundStation/build/GroundStation/prefix_override:/usr/lib/python3/dist-packages/colcon_core/task/python/colcon_distutils_commands:/home/focal/Desktop/2024_GroundStation/install/GroundStation/lib/python3.8/site-packages:${PYTHONPATH} /usr/bin/python3 -W ignore:setup.py install is deprecated -W ignore:easy_install command is deprecated setup.py develop --editable --build-directory /home/focal/Desktop/2024_GroundStation/build/GroundStation/build --no-deps symlink_data[0m
[2.575s] [34mcolcon.colcon_core.event_handler.log_command[0m [1;30mDEBUG[0m [32mInvoking command in '/home/focal/Desktop/2024_GroundStation/build/ros2_pyqt_turtlesim_key': PYTHONPATH=/home/focal/Desktop/2024_GroundStation/build/ros2_pyqt_turtlesim_key/prefix_override:/usr/lib/python3/dist-packages/colcon_core/task/python/colcon_distutils_commands:/home/focal/Desktop/2024_GroundStation/install/ros2_pyqt_turtlesim_key/lib/python3.8/site-packages:${PYTHONPATH} /usr/bin/python3 -W ignore:setup.py install is deprecated -W ignore:easy_install command is deprecated setup.py develop --editable --build-directory /home/focal/Desktop/2024_GroundStation/build/ros2_pyqt_turtlesim_key/build --no-deps symlink_data[0m
[2.584s] [34mcolcon.colcon_core.event_handler.log_command[0m [1;30mDEBUG[0m [32mInvoked command in '/home/focal/Desktop/2024_GroundStation/build/uav_car_interfaces' returned '0': CMAKE_PREFIX_PATH=/opt/ros/foxy /usr/bin/cmake --build /home/focal/Desktop/2024_GroundStation/build/uav_car_interfaces -- -j4 -l4[0m
[2.649s] [34mcolcon.colcon_core.event_handler.log_command[0m [1;30mDEBUG[0m [32mInvoking command in '/home/focal/Desktop/2024_GroundStation/build/uav_car_interfaces': CMAKE_PREFIX_PATH=/opt/ros/foxy /usr/bin/cmake --install /home/focal/Desktop/2024_GroundStation/build/uav_car_interfaces[0m
[3.053s] [34mcolcon.colcon_core.environment[0m [1;30mLevel 1[0m create_environment_scripts_only(uav_car_interfaces)
[3.054s] [34mcolcon.colcon_core.event_handler.log_command[0m [1;30mDEBUG[0m [32mInvoked command in '/home/focal/Desktop/2024_GroundStation/build/uav_car_interfaces' returned '0': CMAKE_PREFIX_PATH=/opt/ros/foxy /usr/bin/cmake --install /home/focal/Desktop/2024_GroundStation/build/uav_car_interfaces[0m
[3.063s] [34mcolcon.colcon_core.environment[0m [1;30mLevel 1[0m checking '/home/focal/Desktop/2024_GroundStation/install/uav_car_interfaces' for CMake module files
[3.064s] [34mcolcon.colcon_core.environment[0m [1;30mLevel 1[0m checking '/home/focal/Desktop/2024_GroundStation/install/uav_car_interfaces' for CMake config files
[3.072s] [34mcolcon.colcon_core.shell[0m [1;30mLevel 1[0m create_environment_hook('uav_car_interfaces', 'cmake_prefix_path')
[3.073s] [34mcolcon.colcon_core.shell[0m [1;30mINFO[0m Creating environment hook '/home/focal/Desktop/2024_GroundStation/install/uav_car_interfaces/share/uav_car_interfaces/hook/cmake_prefix_path.ps1'
[3.075s] [34mcolcon.colcon_core.shell[0m [1;30mINFO[0m Creating environment descriptor '/home/focal/Desktop/2024_GroundStation/install/uav_car_interfaces/share/uav_car_interfaces/hook/cmake_prefix_path.dsv'
[3.076s] [34mcolcon.colcon_core.shell[0m [1;30mINFO[0m Creating environment hook '/home/focal/Desktop/2024_GroundStation/install/uav_car_interfaces/share/uav_car_interfaces/hook/cmake_prefix_path.sh'
[3.077s] [34mcolcon.colcon_core.environment[0m [1;30mLevel 1[0m checking '/home/focal/Desktop/2024_GroundStation/install/uav_car_interfaces/lib'
[3.078s] [34mcolcon.colcon_core.shell[0m [1;30mLevel 1[0m create_environment_hook('uav_car_interfaces', 'ld_library_path_lib')
[3.078s] [34mcolcon.colcon_core.shell[0m [1;30mINFO[0m Creating environment hook '/home/focal/Desktop/2024_GroundStation/install/uav_car_interfaces/share/uav_car_interfaces/hook/ld_library_path_lib.ps1'
[3.079s] [34mcolcon.colcon_core.shell[0m [1;30mINFO[0m Creating environment descriptor '/home/focal/Desktop/2024_GroundStation/install/uav_car_interfaces/share/uav_car_interfaces/hook/ld_library_path_lib.dsv'
[3.080s] [34mcolcon.colcon_core.shell[0m [1;30mINFO[0m Creating environment hook '/home/focal/Desktop/2024_GroundStation/install/uav_car_interfaces/share/uav_car_interfaces/hook/ld_library_path_lib.sh'
[3.081s] [34mcolcon.colcon_core.environment[0m [1;30mLevel 1[0m checking '/home/focal/Desktop/2024_GroundStation/install/uav_car_interfaces/bin'
[3.081s] [34mcolcon.colcon_core.environment[0m [1;30mLevel 1[0m checking '/home/focal/Desktop/2024_GroundStation/install/uav_car_interfaces/lib/pkgconfig/uav_car_interfaces.pc'
[3.081s] [34mcolcon.colcon_core.environment[0m [1;30mLevel 1[0m checking '/home/focal/Desktop/2024_GroundStation/install/uav_car_interfaces/lib/python3.8/site-packages'
[3.081s] [34mcolcon.colcon_core.shell[0m [1;30mLevel 1[0m create_environment_hook('uav_car_interfaces', 'pythonpath')
[3.082s] [34mcolcon.colcon_core.shell[0m [1;30mINFO[0m Creating environment hook '/home/focal/Desktop/2024_GroundStation/install/uav_car_interfaces/share/uav_car_interfaces/hook/pythonpath.ps1'
[3.087s] [34mcolcon.colcon_core.shell[0m [1;30mINFO[0m Creating environment descriptor '/home/focal/Desktop/2024_GroundStation/install/uav_car_interfaces/share/uav_car_interfaces/hook/pythonpath.dsv'
[3.088s] [34mcolcon.colcon_core.shell[0m [1;30mINFO[0m Creating environment hook '/home/focal/Desktop/2024_GroundStation/install/uav_car_interfaces/share/uav_car_interfaces/hook/pythonpath.sh'
[3.090s] [34mcolcon.colcon_core.environment[0m [1;30mLevel 1[0m checking '/home/focal/Desktop/2024_GroundStation/install/uav_car_interfaces/bin'
[3.090s] [34mcolcon.colcon_core.shell[0m [1;30mINFO[0m Creating package script '/home/focal/Desktop/2024_GroundStation/install/uav_car_interfaces/share/uav_car_interfaces/package.ps1'
[3.094s] [34mcolcon.colcon_core.shell[0m [1;30mINFO[0m Creating package descriptor '/home/focal/Desktop/2024_GroundStation/install/uav_car_interfaces/share/uav_car_interfaces/package.dsv'
[3.105s] [34mcolcon.colcon_core.shell[0m [1;30mINFO[0m Creating package script '/home/focal/Desktop/2024_GroundStation/install/uav_car_interfaces/share/uav_car_interfaces/package.sh'
[3.107s] [34mcolcon.colcon_core.shell[0m [1;30mINFO[0m Creating package script '/home/focal/Desktop/2024_GroundStation/install/uav_car_interfaces/share/uav_car_interfaces/package.bash'
[3.111s] [34mcolcon.colcon_core.shell[0m [1;30mINFO[0m Creating package script '/home/focal/Desktop/2024_GroundStation/install/uav_car_interfaces/share/uav_car_interfaces/package.zsh'
[3.124s] [34mcolcon.colcon_core.environment[0m [1;30mLevel 1[0m create_file_with_runtime_dependencies(/home/focal/Desktop/2024_GroundStation/install/uav_car_interfaces/share/colcon-core/packages/uav_car_interfaces)
[3.127s] [34mcolcon.colcon_core.environment[0m [1;30mLevel 1[0m create_environment_scripts_only(uav_car_interfaces)
[3.127s] [34mcolcon.colcon_core.environment[0m [1;30mLevel 1[0m checking '/home/focal/Desktop/2024_GroundStation/install/uav_car_interfaces' for CMake module files
[3.128s] [34mcolcon.colcon_core.environment[0m [1;30mLevel 1[0m checking '/home/focal/Desktop/2024_GroundStation/install/uav_car_interfaces' for CMake config files
[3.129s] [34mcolcon.colcon_core.shell[0m [1;30mLevel 1[0m create_environment_hook('uav_car_interfaces', 'cmake_prefix_path')
[3.129s] [34mcolcon.colcon_core.shell[0m [1;30mINFO[0m Creating environment hook '/home/focal/Desktop/2024_GroundStation/install/uav_car_interfaces/share/uav_car_interfaces/hook/cmake_prefix_path.ps1'
[3.130s] [34mcolcon.colcon_core.shell[0m [1;30mINFO[0m Creating environment descriptor '/home/focal/Desktop/2024_GroundStation/install/uav_car_interfaces/share/uav_car_interfaces/hook/cmake_prefix_path.dsv'
[3.131s] [34mcolcon.colcon_core.shell[0m [1;30mINFO[0m Creating environment hook '/home/focal/Desktop/2024_GroundStation/install/uav_car_interfaces/share/uav_car_interfaces/hook/cmake_prefix_path.sh'
[3.132s] [34mcolcon.colcon_core.environment[0m [1;30mLevel 1[0m checking '/home/focal/Desktop/2024_GroundStation/install/uav_car_interfaces/lib'
[3.132s] [34mcolcon.colcon_core.shell[0m [1;30mLevel 1[0m create_environment_hook('uav_car_interfaces', 'ld_library_path_lib')
[3.132s] [34mcolcon.colcon_core.shell[0m [1;30mINFO[0m Creating environment hook '/home/focal/Desktop/2024_GroundStation/install/uav_car_interfaces/share/uav_car_interfaces/hook/ld_library_path_lib.ps1'
[3.133s] [34mcolcon.colcon_core.shell[0m [1;30mINFO[0m Creating environment descriptor '/home/focal/Desktop/2024_GroundStation/install/uav_car_interfaces/share/uav_car_interfaces/hook/ld_library_path_lib.dsv'
[3.133s] [34mcolcon.colcon_core.shell[0m [1;30mINFO[0m Creating environment hook '/home/focal/Desktop/2024_GroundStation/install/uav_car_interfaces/share/uav_car_interfaces/hook/ld_library_path_lib.sh'
[3.134s] [34mcolcon.colcon_core.environment[0m [1;30mLevel 1[0m checking '/home/focal/Desktop/2024_GroundStation/install/uav_car_interfaces/bin'
[3.134s] [34mcolcon.colcon_core.environment[0m [1;30mLevel 1[0m checking '/home/focal/Desktop/2024_GroundStation/install/uav_car_interfaces/lib/pkgconfig/uav_car_interfaces.pc'
[3.134s] [34mcolcon.colcon_core.environment[0m [1;30mLevel 1[0m checking '/home/focal/Desktop/2024_GroundStation/install/uav_car_interfaces/lib/python3.8/site-packages'
[3.134s] [34mcolcon.colcon_core.shell[0m [1;30mLevel 1[0m create_environment_hook('uav_car_interfaces', 'pythonpath')
[3.136s] [34mcolcon.colcon_core.shell[0m [1;30mINFO[0m Creating environment hook '/home/focal/Desktop/2024_GroundStation/install/uav_car_interfaces/share/uav_car_interfaces/hook/pythonpath.ps1'
[3.136s] [34mcolcon.colcon_core.shell[0m [1;30mINFO[0m Creating environment descriptor '/home/focal/Desktop/2024_GroundStation/install/uav_car_interfaces/share/uav_car_interfaces/hook/pythonpath.dsv'
[3.137s] [34mcolcon.colcon_core.shell[0m [1;30mINFO[0m Creating environment hook '/home/focal/Desktop/2024_GroundStation/install/uav_car_interfaces/share/uav_car_interfaces/hook/pythonpath.sh'
[3.138s] [34mcolcon.colcon_core.environment[0m [1;30mLevel 1[0m checking '/home/focal/Desktop/2024_GroundStation/install/uav_car_interfaces/bin'
[3.138s] [34mcolcon.colcon_core.shell[0m [1;30mINFO[0m Creating package script '/home/focal/Desktop/2024_GroundStation/install/uav_car_interfaces/share/uav_car_interfaces/package.ps1'
[3.140s] [34mcolcon.colcon_core.shell[0m [1;30mINFO[0m Creating package descriptor '/home/focal/Desktop/2024_GroundStation/install/uav_car_interfaces/share/uav_car_interfaces/package.dsv'
[3.140s] [34mcolcon.colcon_core.shell[0m [1;30mINFO[0m Creating package script '/home/focal/Desktop/2024_GroundStation/install/uav_car_interfaces/share/uav_car_interfaces/package.sh'
[3.141s] [34mcolcon.colcon_core.shell[0m [1;30mINFO[0m Creating package script '/home/focal/Desktop/2024_GroundStation/install/uav_car_interfaces/share/uav_car_interfaces/package.bash'
[3.142s] [34mcolcon.colcon_core.shell[0m [1;30mINFO[0m Creating package script '/home/focal/Desktop/2024_GroundStation/install/uav_car_interfaces/share/uav_car_interfaces/package.zsh'
[3.142s] [34mcolcon.colcon_core.environment[0m [1;30mLevel 1[0m create_file_with_runtime_dependencies(/home/focal/Desktop/2024_GroundStation/install/uav_car_interfaces/share/colcon-core/packages/uav_car_interfaces)
[3.538s] [34mcolcon.colcon_core.shell[0m [1;30mLevel 1[0m create_environment_hook('GroundStation', 'pythonpath_develop')
[3.539s] [34mcolcon.colcon_core.shell[0m [1;30mINFO[0m Creating environment hook '/home/focal/Desktop/2024_GroundStation/build/GroundStation/share/GroundStation/hook/pythonpath_develop.ps1'
[3.540s] [34mcolcon.colcon_core.event_handler.log_command[0m [1;30mDEBUG[0m [32mInvoked command in '/home/focal/Desktop/2024_GroundStation/build/GroundStation' returned '0': PYTHONPATH=/home/focal/Desktop/2024_GroundStation/build/GroundStation/prefix_override:/usr/lib/python3/dist-packages/colcon_core/task/python/colcon_distutils_commands:/home/focal/Desktop/2024_GroundStation/install/GroundStation/lib/python3.8/site-packages:${PYTHONPATH} /usr/bin/python3 -W ignore:setup.py install is deprecated -W ignore:easy_install command is deprecated setup.py develop --editable --build-directory /home/focal/Desktop/2024_GroundStation/build/GroundStation/build --no-deps symlink_data[0m
[3.544s] [34mcolcon.colcon_core.shell[0m [1;30mINFO[0m Creating environment descriptor '/home/focal/Desktop/2024_GroundStation/build/GroundStation/share/GroundStation/hook/pythonpath_develop.dsv'
[3.545s] [34mcolcon.colcon_core.shell[0m [1;30mINFO[0m Creating environment hook '/home/focal/Desktop/2024_GroundStation/build/GroundStation/share/GroundStation/hook/pythonpath_develop.sh'
[3.546s] [34mcolcon.colcon_core.environment[0m [1;30mLevel 1[0m checking '/home/focal/Desktop/2024_GroundStation/install/GroundStation' for CMake module files
[3.546s] [34mcolcon.colcon_core.environment[0m [1;30mLevel 1[0m checking '/home/focal/Desktop/2024_GroundStation/install/GroundStation' for CMake config files
[3.549s] [34mcolcon.colcon_core.environment[0m [1;30mLevel 1[0m checking '/home/focal/Desktop/2024_GroundStation/install/GroundStation/lib'
[3.549s] [34mcolcon.colcon_core.environment[0m [1;30mLevel 1[0m checking '/home/focal/Desktop/2024_GroundStation/install/GroundStation/bin'
[3.549s] [34mcolcon.colcon_core.environment[0m [1;30mLevel 1[0m checking '/home/focal/Desktop/2024_GroundStation/install/GroundStation/lib/pkgconfig/GroundStation.pc'
[3.549s] [34mcolcon.colcon_core.environment[0m [1;30mLevel 1[0m checking '/home/focal/Desktop/2024_GroundStation/install/GroundStation/lib/python3.8/site-packages'
[3.549s] [34mcolcon.colcon_core.shell[0m [1;30mLevel 1[0m create_environment_hook('GroundStation', 'pythonpath')
[3.549s] [34mcolcon.colcon_core.shell[0m [1;30mINFO[0m Creating environment hook '/home/focal/Desktop/2024_GroundStation/install/GroundStation/share/GroundStation/hook/pythonpath.ps1'
[3.550s] [34mcolcon.colcon_core.shell[0m [1;30mINFO[0m Creating environment descriptor '/home/focal/Desktop/2024_GroundStation/install/GroundStation/share/GroundStation/hook/pythonpath.dsv'
[3.551s] [34mcolcon.colcon_core.shell[0m [1;30mINFO[0m Creating environment hook '/home/focal/Desktop/2024_GroundStation/install/GroundStation/share/GroundStation/hook/pythonpath.sh'
[3.552s] [34mcolcon.colcon_core.environment[0m [1;30mLevel 1[0m checking '/home/focal/Desktop/2024_GroundStation/install/GroundStation/bin'
[3.552s] [34mcolcon.colcon_core.environment[0m [1;30mLevel 1[0m create_environment_scripts_only(GroundStation)
[3.552s] [34mcolcon.colcon_core.shell[0m [1;30mINFO[0m Creating package script '/home/focal/Desktop/2024_GroundStation/install/GroundStation/share/GroundStation/package.ps1'
[3.553s] [34mcolcon.colcon_core.shell[0m [1;30mINFO[0m Creating package descriptor '/home/focal/Desktop/2024_GroundStation/install/GroundStation/share/GroundStation/package.dsv'
[3.554s] [34mcolcon.colcon_core.shell[0m [1;30mINFO[0m Creating package script '/home/focal/Desktop/2024_GroundStation/install/GroundStation/share/GroundStation/package.sh'
[3.555s] [34mcolcon.colcon_core.shell[0m [1;30mINFO[0m Creating package script '/home/focal/Desktop/2024_GroundStation/install/GroundStation/share/GroundStation/package.bash'
[3.562s] [34mcolcon.colcon_core.shell[0m [1;30mINFO[0m Creating package script '/home/focal/Desktop/2024_GroundStation/install/GroundStation/share/GroundStation/package.zsh'
[3.562s] [34mcolcon.colcon_core.environment[0m [1;30mLevel 1[0m create_file_with_runtime_dependencies(/home/focal/Desktop/2024_GroundStation/install/GroundStation/share/colcon-core/packages/GroundStation)
[3.566s] [34mcolcon.colcon_core.shell[0m [1;30mLevel 1[0m create_environment_hook('ros2_pyqt_turtlesim_key', 'pythonpath_develop')
[3.566s] [34mcolcon.colcon_core.shell[0m [1;30mINFO[0m Creating environment hook '/home/focal/Desktop/2024_GroundStation/build/ros2_pyqt_turtlesim_key/share/ros2_pyqt_turtlesim_key/hook/pythonpath_develop.ps1'
[3.567s] [34mcolcon.colcon_core.event_handler.log_command[0m [1;30mDEBUG[0m [32mInvoked command in '/home/focal/Desktop/2024_GroundStation/build/ros2_pyqt_turtlesim_key' returned '0': PYTHONPATH=/home/focal/Desktop/2024_GroundStation/build/ros2_pyqt_turtlesim_key/prefix_override:/usr/lib/python3/dist-packages/colcon_core/task/python/colcon_distutils_commands:/home/focal/Desktop/2024_GroundStation/install/ros2_pyqt_turtlesim_key/lib/python3.8/site-packages:${PYTHONPATH} /usr/bin/python3 -W ignore:setup.py install is deprecated -W ignore:easy_install command is deprecated setup.py develop --editable --build-directory /home/focal/Desktop/2024_GroundStation/build/ros2_pyqt_turtlesim_key/build --no-deps symlink_data[0m
[3.571s] [34mcolcon.colcon_core.shell[0m [1;30mINFO[0m Creating environment descriptor '/home/focal/Desktop/2024_GroundStation/build/ros2_pyqt_turtlesim_key/share/ros2_pyqt_turtlesim_key/hook/pythonpath_develop.dsv'
[3.572s] [34mcolcon.colcon_core.shell[0m [1;30mINFO[0m Creating environment hook '/home/focal/Desktop/2024_GroundStation/build/ros2_pyqt_turtlesim_key/share/ros2_pyqt_turtlesim_key/hook/pythonpath_develop.sh'
[3.573s] [34mcolcon.colcon_core.environment[0m [1;30mLevel 1[0m checking '/home/focal/Desktop/2024_GroundStation/install/ros2_pyqt_turtlesim_key' for CMake module files
[3.573s] [34mcolcon.colcon_core.environment[0m [1;30mLevel 1[0m checking '/home/focal/Desktop/2024_GroundStation/install/ros2_pyqt_turtlesim_key' for CMake config files
[3.575s] [34mcolcon.colcon_core.environment[0m [1;30mLevel 1[0m checking '/home/focal/Desktop/2024_GroundStation/install/ros2_pyqt_turtlesim_key/lib'
[3.575s] [34mcolcon.colcon_core.environment[0m [1;30mLevel 1[0m checking '/home/focal/Desktop/2024_GroundStation/install/ros2_pyqt_turtlesim_key/bin'
[3.575s] [34mcolcon.colcon_core.environment[0m [1;30mLevel 1[0m checking '/home/focal/Desktop/2024_GroundStation/install/ros2_pyqt_turtlesim_key/lib/pkgconfig/ros2_pyqt_turtlesim_key.pc'
[3.576s] [34mcolcon.colcon_core.environment[0m [1;30mLevel 1[0m checking '/home/focal/Desktop/2024_GroundStation/install/ros2_pyqt_turtlesim_key/lib/python3.8/site-packages'
[3.576s] [34mcolcon.colcon_core.shell[0m [1;30mLevel 1[0m create_environment_hook('ros2_pyqt_turtlesim_key', 'pythonpath')
[3.576s] [34mcolcon.colcon_core.shell[0m [1;30mINFO[0m Creating environment hook '/home/focal/Desktop/2024_GroundStation/install/ros2_pyqt_turtlesim_key/share/ros2_pyqt_turtlesim_key/hook/pythonpath.ps1'
[3.577s] [34mcolcon.colcon_core.shell[0m [1;30mINFO[0m Creating environment descriptor '/home/focal/Desktop/2024_GroundStation/install/ros2_pyqt_turtlesim_key/share/ros2_pyqt_turtlesim_key/hook/pythonpath.dsv'
[3.577s] [34mcolcon.colcon_core.shell[0m [1;30mINFO[0m Creating environment hook '/home/focal/Desktop/2024_GroundStation/install/ros2_pyqt_turtlesim_key/share/ros2_pyqt_turtlesim_key/hook/pythonpath.sh'
[3.578s] [34mcolcon.colcon_core.environment[0m [1;30mLevel 1[0m checking '/home/focal/Desktop/2024_GroundStation/install/ros2_pyqt_turtlesim_key/bin'
[3.579s] [34mcolcon.colcon_core.environment[0m [1;30mLevel 1[0m create_environment_scripts_only(ros2_pyqt_turtlesim_key)
[3.579s] [34mcolcon.colcon_core.shell[0m [1;30mINFO[0m Creating package script '/home/focal/Desktop/2024_GroundStation/install/ros2_pyqt_turtlesim_key/share/ros2_pyqt_turtlesim_key/package.ps1'
[3.580s] [34mcolcon.colcon_core.shell[0m [1;30mINFO[0m Creating package descriptor '/home/focal/Desktop/2024_GroundStation/install/ros2_pyqt_turtlesim_key/share/ros2_pyqt_turtlesim_key/package.dsv'
[3.581s] [34mcolcon.colcon_core.shell[0m [1;30mINFO[0m Creating package script '/home/focal/Desktop/2024_GroundStation/install/ros2_pyqt_turtlesim_key/share/ros2_pyqt_turtlesim_key/package.sh'
[3.582s] [34mcolcon.colcon_core.shell[0m [1;30mINFO[0m Creating package script '/home/focal/Desktop/2024_GroundStation/install/ros2_pyqt_turtlesim_key/share/ros2_pyqt_turtlesim_key/package.bash'
[3.582s] [34mcolcon.colcon_core.shell[0m [1;30mINFO[0m Creating package script '/home/focal/Desktop/2024_GroundStation/install/ros2_pyqt_turtlesim_key/share/ros2_pyqt_turtlesim_key/package.zsh'
[3.583s] [34mcolcon.colcon_core.environment[0m [1;30mLevel 1[0m create_file_with_runtime_dependencies(/home/focal/Desktop/2024_GroundStation/install/ros2_pyqt_turtlesim_key/share/colcon-core/packages/ros2_pyqt_turtlesim_key)
[3.584s] [34mcolcon.colcon_parallel_executor.executor.parallel[0m [1;30mDEBUG[0m [32mclosing loop[0m
[3.585s] [34mcolcon.colcon_parallel_executor.executor.parallel[0m [1;30mDEBUG[0m [32mloop closed[0m
[3.585s] [34mcolcon.colcon_parallel_executor.executor.parallel[0m [1;30mDEBUG[0m [32mrun_until_complete finished with '0'[0m
[3.585s] [34mcolcon.colcon_core.event_reactor[0m [1;30mDEBUG[0m [32mjoining thread[0m
[3.608s] [34mcolcon.colcon_core.plugin_system[0m [1;30mINFO[0m Skipping extension 'colcon_notification.desktop_notification.terminal_notifier': Not used on non-Darwin systems
[3.608s] [34mcolcon.colcon_core.plugin_system[0m [1;30mINFO[0m Skipping extension 'colcon_notification.desktop_notification.win32': Not used on non-Windows systems
[3.608s] [34mcolcon.colcon_notification.desktop_notification[0m [1;30mINFO[0m Sending desktop notification using 'notify2'
[3.659s] [34mcolcon.colcon_core.event_reactor[0m [1;30mDEBUG[0m [32mjoined thread[0m
[3.660s] [34mcolcon.colcon_core.shell[0m [1;30mINFO[0m Creating prefix script '/home/focal/Desktop/2024_GroundStation/install/local_setup.ps1'
[3.663s] [34mcolcon.colcon_core.shell[0m [1;30mINFO[0m Creating prefix util module '/home/focal/Desktop/2024_GroundStation/install/_local_setup_util_ps1.py'
[3.665s] [34mcolcon.colcon_core.shell[0m [1;30mINFO[0m Creating prefix chain script '/home/focal/Desktop/2024_GroundStation/install/setup.ps1'
[3.668s] [34mcolcon.colcon_core.shell[0m [1;30mINFO[0m Creating prefix script '/home/focal/Desktop/2024_GroundStation/install/local_setup.sh'
[3.670s] [34mcolcon.colcon_core.shell[0m [1;30mINFO[0m Creating prefix util module '/home/focal/Desktop/2024_GroundStation/install/_local_setup_util_sh.py'
[3.671s] [34mcolcon.colcon_core.shell[0m [1;30mINFO[0m Creating prefix chain script '/home/focal/Desktop/2024_GroundStation/install/setup.sh'
[3.674s] [34mcolcon.colcon_core.shell[0m [1;30mINFO[0m Creating prefix script '/home/focal/Desktop/2024_GroundStation/install/local_setup.bash'
[3.677s] [34mcolcon.colcon_core.shell[0m [1;30mINFO[0m Creating prefix chain script '/home/focal/Desktop/2024_GroundStation/install/setup.bash'
[3.680s] [34mcolcon.colcon_core.shell[0m [1;30mINFO[0m Creating prefix script '/home/focal/Desktop/2024_GroundStation/install/local_setup.zsh'
[3.683s] [34mcolcon.colcon_core.shell[0m [1;30mINFO[0m Creating prefix chain script '/home/focal/Desktop/2024_GroundStation/install/setup.zsh'
