[1.055s] [34mcolcon[0m [1;30mDEBUG[0m [32mCommand line arguments: ['/usr/bin/colcon', 'build', '--symlink-install'][0m
[1.055s] [34mcolcon[0m [1;30mDEBUG[0m [32mParsed command line arguments: Namespace(allow_overriding=[], ament_cmake_args=None, base_paths=['.'], build_base='build', catkin_cmake_args=None, catkin_skip_building_tests=False, cmake_args=None, cmake_clean_cache=False, cmake_clean_first=False, cmake_force_configure=False, cmake_target=None, cmake_target_skip_unavailable=False, continue_on_error=False, event_handlers=None, executor='parallel', ignore_user_meta=False, install_base='install', log_base=None, log_level=None, main=<bound method BuildVerb.main of <colcon_core.verb.build.BuildVerb object at 0x7fba56450520>>, merge_install=False, metas=['./colcon.meta'], mixin=None, mixin_files=None, mixin_verb=('build',), packages_above=None, packages_above_and_dependencies=None, packages_above_depth=None, packages_end=None, packages_ignore=None, packages_ignore_regex=None, packages_select=None, packages_select_build_failed=False, packages_select_by_dep=None, packages_select_regex=None, packages_select_test_failures=False, packages_skip=None, packages_skip_build_finished=False, packages_skip_by_dep=None, packages_skip_regex=None, packages_skip_test_passed=False, packages_skip_up_to=None, packages_start=None, packages_up_to=None, packages_up_to_regex=None, parallel_workers=4, paths=None, symlink_install=True, test_result_base=None, verb_extension=<colcon_core.verb.build.BuildVerb object at 0x7fba56450520>, verb_name='build', verb_parser=<colcon_mixin.mixin.mixin_argument.MixinArgumentDecorator object at 0x7fba56430a30>)[0m
[1.375s] [34mcolcon.colcon_core.package_discovery[0m [1;30mLevel 1[0m discover_packages(colcon_meta) check parameters
[1.376s] [34mcolcon.colcon_core.package_discovery[0m [1;30mLevel 1[0m discover_packages(recursive) check parameters
[1.376s] [34mcolcon.colcon_core.package_discovery[0m [1;30mLevel 1[0m discover_packages(ignore) check parameters
[1.376s] [34mcolcon.colcon_core.package_discovery[0m [1;30mLevel 1[0m discover_packages(path) check parameters
[1.376s] [34mcolcon.colcon_core.package_discovery[0m [1;30mLevel 1[0m discover_packages(colcon_meta) discover
[1.376s] [34mcolcon.colcon_core.package_discovery[0m [1;30mLevel 1[0m discover_packages(recursive) discover
[1.376s] [34mcolcon.colcon_core.package_discovery[0m [1;30mINFO[0m Crawling recursively for packages in '/home/focal/Desktop/2024_GroundStation'
[1.376s] [34mcolcon.colcon_core.package_identification[0m [1;30mLevel 1[0m _identify(.) by extensions ['ignore', 'ignore_ament_install']
[1.376s] [34mcolcon.colcon_core.package_identification[0m [1;30mLevel 1[0m _identify(.) by extension 'ignore'
[1.376s] [34mcolcon.colcon_core.package_identification[0m [1;30mLevel 1[0m _identify(.) by extension 'ignore_ament_install'
[1.376s] [34mcolcon.colcon_core.package_identification[0m [1;30mLevel 1[0m _identify(.) by extensions ['colcon_pkg']
[1.376s] [34mcolcon.colcon_core.package_identification[0m [1;30mLevel 1[0m _identify(.) by extension 'colcon_pkg'
[1.376s] [34mcolcon.colcon_core.package_identification[0m [1;30mLevel 1[0m _identify(.) by extensions ['colcon_meta']
[1.376s] [34mcolcon.colcon_core.package_identification[0m [1;30mLevel 1[0m _identify(.) by extension 'colcon_meta'
[1.376s] [34mcolcon.colcon_core.package_identification[0m [1;30mLevel 1[0m _identify(.) by extensions ['ros']
[1.377s] [34mcolcon.colcon_core.package_identification[0m [1;30mLevel 1[0m _identify(.) by extension 'ros'
[1.407s] [34mcolcon.colcon_core.package_identification[0m [1;30mLevel 1[0m _identify(.) by extensions ['cmake', 'python']
[1.407s] [34mcolcon.colcon_core.package_identification[0m [1;30mLevel 1[0m _identify(.) by extension 'cmake'
[1.407s] [34mcolcon.colcon_core.package_identification[0m [1;30mLevel 1[0m _identify(.) by extension 'python'
[1.407s] [34mcolcon.colcon_core.package_identification[0m [1;30mLevel 1[0m _identify(.) by extensions ['python_setup_py']
[1.407s] [34mcolcon.colcon_core.package_identification[0m [1;30mLevel 1[0m _identify(.) by extension 'python_setup_py'
[1.408s] [34mcolcon.colcon_core.package_identification[0m [1;30mLevel 1[0m _identify(build) by extensions ['ignore', 'ignore_ament_install']
[1.408s] [34mcolcon.colcon_core.package_identification[0m [1;30mLevel 1[0m _identify(build) by extension 'ignore'
[1.408s] [34mcolcon.colcon_core.package_identification[0m [1;30mLevel 1[0m _identify(build) ignored
[1.408s] [34mcolcon.colcon_core.package_identification[0m [1;30mLevel 1[0m _identify(install) by extensions ['ignore', 'ignore_ament_install']
[1.408s] [34mcolcon.colcon_core.package_identification[0m [1;30mLevel 1[0m _identify(install) by extension 'ignore'
[1.408s] [34mcolcon.colcon_core.package_identification[0m [1;30mLevel 1[0m _identify(install) ignored
[1.408s] [34mcolcon.colcon_core.package_identification[0m [1;30mLevel 1[0m _identify(log) by extensions ['ignore', 'ignore_ament_install']
[1.408s] [34mcolcon.colcon_core.package_identification[0m [1;30mLevel 1[0m _identify(log) by extension 'ignore'
[1.408s] [34mcolcon.colcon_core.package_identification[0m [1;30mLevel 1[0m _identify(log) ignored
[1.409s] [34mcolcon.colcon_core.package_identification[0m [1;30mLevel 1[0m _identify(run_log) by extensions ['ignore', 'ignore_ament_install']
[1.409s] [34mcolcon.colcon_core.package_identification[0m [1;30mLevel 1[0m _identify(run_log) by extension 'ignore'
[1.409s] [34mcolcon.colcon_core.package_identification[0m [1;30mLevel 1[0m _identify(run_log) by extension 'ignore_ament_install'
[1.409s] [34mcolcon.colcon_core.package_identification[0m [1;30mLevel 1[0m _identify(run_log) by extensions ['colcon_pkg']
[1.409s] [34mcolcon.colcon_core.package_identification[0m [1;30mLevel 1[0m _identify(run_log) by extension 'colcon_pkg'
[1.409s] [34mcolcon.colcon_core.package_identification[0m [1;30mLevel 1[0m _identify(run_log) by extensions ['colcon_meta']
[1.409s] [34mcolcon.colcon_core.package_identification[0m [1;30mLevel 1[0m _identify(run_log) by extension 'colcon_meta'
[1.409s] [34mcolcon.colcon_core.package_identification[0m [1;30mLevel 1[0m _identify(run_log) by extensions ['ros']
[1.409s] [34mcolcon.colcon_core.package_identification[0m [1;30mLevel 1[0m _identify(run_log) by extension 'ros'
[1.409s] [34mcolcon.colcon_core.package_identification[0m [1;30mLevel 1[0m _identify(run_log) by extensions ['cmake', 'python']
[1.409s] [34mcolcon.colcon_core.package_identification[0m [1;30mLevel 1[0m _identify(run_log) by extension 'cmake'
[1.409s] [34mcolcon.colcon_core.package_identification[0m [1;30mLevel 1[0m _identify(run_log) by extension 'python'
[1.409s] [34mcolcon.colcon_core.package_identification[0m [1;30mLevel 1[0m _identify(run_log) by extensions ['python_setup_py']
[1.409s] [34mcolcon.colcon_core.package_identification[0m [1;30mLevel 1[0m _identify(run_log) by extension 'python_setup_py'
[1.410s] [34mcolcon.colcon_core.package_identification[0m [1;30mLevel 1[0m _identify(run_log/2026-03-13-22-24-06-619054-ubuntu-5744) by extensions ['ignore', 'ignore_ament_install']
[1.410s] [34mcolcon.colcon_core.package_identification[0m [1;30mLevel 1[0m _identify(run_log/2026-03-13-22-24-06-619054-ubuntu-5744) by extension 'ignore'
[1.410s] [34mcolcon.colcon_core.package_identification[0m [1;30mLevel 1[0m _identify(run_log/2026-03-13-22-24-06-619054-ubuntu-5744) by extension 'ignore_ament_install'
[1.410s] [34mcolcon.colcon_core.package_identification[0m [1;30mLevel 1[0m _identify(run_log/2026-03-13-22-24-06-619054-ubuntu-5744) by extensions ['colcon_pkg']
[1.410s] [34mcolcon.colcon_core.package_identification[0m [1;30mLevel 1[0m _identify(run_log/2026-03-13-22-24-06-619054-ubuntu-5744) by extension 'colcon_pkg'
[1.410s] [34mcolcon.colcon_core.package_identification[0m [1;30mLevel 1[0m _identify(run_log/2026-03-13-22-24-06-619054-ubuntu-5744) by extensions ['colcon_meta']
[1.410s] [34mcolcon.colcon_core.package_identification[0m [1;30mLevel 1[0m _identify(run_log/2026-03-13-22-24-06-619054-ubuntu-5744) by extension 'colcon_meta'
[1.410s] [34mcolcon.colcon_core.package_identification[0m [1;30mLevel 1[0m _identify(run_log/2026-03-13-22-24-06-619054-ubuntu-5744) by extensions ['ros']
[1.410s] [34mcolcon.colcon_core.package_identification[0m [1;30mLevel 1[0m _identify(run_log/2026-03-13-22-24-06-619054-ubuntu-5744) by extension 'ros'
[1.410s] [34mcolcon.colcon_core.package_identification[0m [1;30mLevel 1[0m _identify(run_log/2026-03-13-22-24-06-619054-ubuntu-5744) by extensions ['cmake', 'python']
[1.410s] [34mcolcon.colcon_core.package_identification[0m [1;30mLevel 1[0m _identify(run_log/2026-03-13-22-24-06-619054-ubuntu-5744) by extension 'cmake'
[1.410s] [34mcolcon.colcon_core.package_identification[0m [1;30mLevel 1[0m _identify(run_log/2026-03-13-22-24-06-619054-ubuntu-5744) by extension 'python'
[1.410s] [34mcolcon.colcon_core.package_identification[0m [1;30mLevel 1[0m _identify(run_log/2026-03-13-22-24-06-619054-ubuntu-5744) by extensions ['python_setup_py']
[1.410s] [34mcolcon.colcon_core.package_identification[0m [1;30mLevel 1[0m _identify(run_log/2026-03-13-22-24-06-619054-ubuntu-5744) by extension 'python_setup_py'
[1.410s] [34mcolcon.colcon_core.package_identification[0m [1;30mLevel 1[0m _identify(run_log/2026-03-13-23-47-32-847804-ubuntu-3463) by extensions ['ignore', 'ignore_ament_install']
[1.410s] [34mcolcon.colcon_core.package_identification[0m [1;30mLevel 1[0m _identify(run_log/2026-03-13-23-47-32-847804-ubuntu-3463) by extension 'ignore'
[1.411s] [34mcolcon.colcon_core.package_identification[0m [1;30mLevel 1[0m _identify(run_log/2026-03-13-23-47-32-847804-ubuntu-3463) by extension 'ignore_ament_install'
[1.411s] [34mcolcon.colcon_core.package_identification[0m [1;30mLevel 1[0m _identify(run_log/2026-03-13-23-47-32-847804-ubuntu-3463) by extensions ['colcon_pkg']
[1.411s] [34mcolcon.colcon_core.package_identification[0m [1;30mLevel 1[0m _identify(run_log/2026-03-13-23-47-32-847804-ubuntu-3463) by extension 'colcon_pkg'
[1.411s] [34mcolcon.colcon_core.package_identification[0m [1;30mLevel 1[0m _identify(run_log/2026-03-13-23-47-32-847804-ubuntu-3463) by extensions ['colcon_meta']
[1.411s] [34mcolcon.colcon_core.package_identification[0m [1;30mLevel 1[0m _identify(run_log/2026-03-13-23-47-32-847804-ubuntu-3463) by extension 'colcon_meta'
[1.411s] [34mcolcon.colcon_core.package_identification[0m [1;30mLevel 1[0m _identify(run_log/2026-03-13-23-47-32-847804-ubuntu-3463) by extensions ['ros']
[1.411s] [34mcolcon.colcon_core.package_identification[0m [1;30mLevel 1[0m _identify(run_log/2026-03-13-23-47-32-847804-ubuntu-3463) by extension 'ros'
[1.411s] [34mcolcon.colcon_core.package_identification[0m [1;30mLevel 1[0m _identify(run_log/2026-03-13-23-47-32-847804-ubuntu-3463) by extensions ['cmake', 'python']
[1.411s] [34mcolcon.colcon_core.package_identification[0m [1;30mLevel 1[0m _identify(run_log/2026-03-13-23-47-32-847804-ubuntu-3463) by extension 'cmake'
[1.411s] [34mcolcon.colcon_core.package_identification[0m [1;30mLevel 1[0m _identify(run_log/2026-03-13-23-47-32-847804-ubuntu-3463) by extension 'python'
[1.411s] [34mcolcon.colcon_core.package_identification[0m [1;30mLevel 1[0m _identify(run_log/2026-03-13-23-47-32-847804-ubuntu-3463) by extensions ['python_setup_py']
[1.411s] [34mcolcon.colcon_core.package_identification[0m [1;30mLevel 1[0m _identify(run_log/2026-03-13-23-47-32-847804-ubuntu-3463) by extension 'python_setup_py'
[1.411s] [34mcolcon.colcon_core.package_identification[0m [1;30mLevel 1[0m _identify(run_log/2026-03-13-23-54-22-000400-ubuntu-4116) by extensions ['ignore', 'ignore_ament_install']
[1.411s] [34mcolcon.colcon_core.package_identification[0m [1;30mLevel 1[0m _identify(run_log/2026-03-13-23-54-22-000400-ubuntu-4116) by extension 'ignore'
[1.411s] [34mcolcon.colcon_core.package_identification[0m [1;30mLevel 1[0m _identify(run_log/2026-03-13-23-54-22-000400-ubuntu-4116) by extension 'ignore_ament_install'
[1.411s] [34mcolcon.colcon_core.package_identification[0m [1;30mLevel 1[0m _identify(run_log/2026-03-13-23-54-22-000400-ubuntu-4116) by extensions ['colcon_pkg']
[1.411s] [34mcolcon.colcon_core.package_identification[0m [1;30mLevel 1[0m _identify(run_log/2026-03-13-23-54-22-000400-ubuntu-4116) by extension 'colcon_pkg'
[1.412s] [34mcolcon.colcon_core.package_identification[0m [1;30mLevel 1[0m _identify(run_log/2026-03-13-23-54-22-000400-ubuntu-4116) by extensions ['colcon_meta']
[1.412s] [34mcolcon.colcon_core.package_identification[0m [1;30mLevel 1[0m _identify(run_log/2026-03-13-23-54-22-000400-ubuntu-4116) by extension 'colcon_meta'
[1.412s] [34mcolcon.colcon_core.package_identification[0m [1;30mLevel 1[0m _identify(run_log/2026-03-13-23-54-22-000400-ubuntu-4116) by extensions ['ros']
[1.412s] [34mcolcon.colcon_core.package_identification[0m [1;30mLevel 1[0m _identify(run_log/2026-03-13-23-54-22-000400-ubuntu-4116) by extension 'ros'
[1.412s] [34mcolcon.colcon_core.package_identification[0m [1;30mLevel 1[0m _identify(run_log/2026-03-13-23-54-22-000400-ubuntu-4116) by extensions ['cmake', 'python']
[1.412s] [34mcolcon.colcon_core.package_identification[0m [1;30mLevel 1[0m _identify(run_log/2026-03-13-23-54-22-000400-ubuntu-4116) by extension 'cmake'
[1.412s] [34mcolcon.colcon_core.package_identification[0m [1;30mLevel 1[0m _identify(run_log/2026-03-13-23-54-22-000400-ubuntu-4116) by extension 'python'
[1.412s] [34mcolcon.colcon_core.package_identification[0m [1;30mLevel 1[0m _identify(run_log/2026-03-13-23-54-22-000400-ubuntu-4116) by extensions ['python_setup_py']
[1.412s] [34mcolcon.colcon_core.package_identification[0m [1;30mLevel 1[0m _identify(run_log/2026-03-13-23-54-22-000400-ubuntu-4116) by extension 'python_setup_py'
[1.412s] [34mcolcon.colcon_core.package_identification[0m [1;30mLevel 1[0m _identify(run_log/2026-03-14-00-18-41-745359-ubuntu-5706) by extensions ['ignore', 'ignore_ament_install']
[1.412s] [34mcolcon.colcon_core.package_identification[0m [1;30mLevel 1[0m _identify(run_log/2026-03-14-00-18-41-745359-ubuntu-5706) by extension 'ignore'
[1.412s] [34mcolcon.colcon_core.package_identification[0m [1;30mLevel 1[0m _identify(run_log/2026-03-14-00-18-41-745359-ubuntu-5706) by extension 'ignore_ament_install'
[1.412s] [34mcolcon.colcon_core.package_identification[0m [1;30mLevel 1[0m _identify(run_log/2026-03-14-00-18-41-745359-ubuntu-5706) by extensions ['colcon_pkg']
[1.412s] [34mcolcon.colcon_core.package_identification[0m [1;30mLevel 1[0m _identify(run_log/2026-03-14-00-18-41-745359-ubuntu-5706) by extension 'colcon_pkg'
[1.413s] [34mcolcon.colcon_core.package_identification[0m [1;30mLevel 1[0m _identify(run_log/2026-03-14-00-18-41-745359-ubuntu-5706) by extensions ['colcon_meta']
[1.413s] [34mcolcon.colcon_core.package_identification[0m [1;30mLevel 1[0m _identify(run_log/2026-03-14-00-18-41-745359-ubuntu-5706) by extension 'colcon_meta'
[1.413s] [34mcolcon.colcon_core.package_identification[0m [1;30mLevel 1[0m _identify(run_log/2026-03-14-00-18-41-745359-ubuntu-5706) by extensions ['ros']
[1.413s] [34mcolcon.colcon_core.package_identification[0m [1;30mLevel 1[0m _identify(run_log/2026-03-14-00-18-41-745359-ubuntu-5706) by extension 'ros'
[1.413s] [34mcolcon.colcon_core.package_identification[0m [1;30mLevel 1[0m _identify(run_log/2026-03-14-00-18-41-745359-ubuntu-5706) by extensions ['cmake', 'python']
[1.413s] [34mcolcon.colcon_core.package_identification[0m [1;30mLevel 1[0m _identify(run_log/2026-03-14-00-18-41-745359-ubuntu-5706) by extension 'cmake'
[1.413s] [34mcolcon.colcon_core.package_identification[0m [1;30mLevel 1[0m _identify(run_log/2026-03-14-00-18-41-745359-ubuntu-5706) by extension 'python'
[1.413s] [34mcolcon.colcon_core.package_identification[0m [1;30mLevel 1[0m _identify(run_log/2026-03-14-00-18-41-745359-ubuntu-5706) by extensions ['python_setup_py']
[1.413s] [34mcolcon.colcon_core.package_identification[0m [1;30mLevel 1[0m _identify(run_log/2026-03-14-00-18-41-745359-ubuntu-5706) by extension 'python_setup_py'
[1.413s] [34mcolcon.colcon_core.package_identification[0m [1;30mLevel 1[0m _identify(run_log/2026-03-14-00-56-33-877379-ubuntu-7082) by extensions ['ignore', 'ignore_ament_install']
[1.413s] [34mcolcon.colcon_core.package_identification[0m [1;30mLevel 1[0m _identify(run_log/2026-03-14-00-56-33-877379-ubuntu-7082) by extension 'ignore'
[1.413s] [34mcolcon.colcon_core.package_identification[0m [1;30mLevel 1[0m _identify(run_log/2026-03-14-00-56-33-877379-ubuntu-7082) by extension 'ignore_ament_install'
[1.413s] [34mcolcon.colcon_core.package_identification[0m [1;30mLevel 1[0m _identify(run_log/2026-03-14-00-56-33-877379-ubuntu-7082) by extensions ['colcon_pkg']
[1.413s] [34mcolcon.colcon_core.package_identification[0m [1;30mLevel 1[0m _identify(run_log/2026-03-14-00-56-33-877379-ubuntu-7082) by extension 'colcon_pkg'
[1.413s] [34mcolcon.colcon_core.package_identification[0m [1;30mLevel 1[0m _identify(run_log/2026-03-14-00-56-33-877379-ubuntu-7082) by extensions ['colcon_meta']
[1.413s] [34mcolcon.colcon_core.package_identification[0m [1;30mLevel 1[0m _identify(run_log/2026-03-14-00-56-33-877379-ubuntu-7082) by extension 'colcon_meta'
[1.414s] [34mcolcon.colcon_core.package_identification[0m [1;30mLevel 1[0m _identify(run_log/2026-03-14-00-56-33-877379-ubuntu-7082) by extensions ['ros']
[1.414s] [34mcolcon.colcon_core.package_identification[0m [1;30mLevel 1[0m _identify(run_log/2026-03-14-00-56-33-877379-ubuntu-7082) by extension 'ros'
[1.414s] [34mcolcon.colcon_core.package_identification[0m [1;30mLevel 1[0m _identify(run_log/2026-03-14-00-56-33-877379-ubuntu-7082) by extensions ['cmake', 'python']
[1.414s] [34mcolcon.colcon_core.package_identification[0m [1;30mLevel 1[0m _identify(run_log/2026-03-14-00-56-33-877379-ubuntu-7082) by extension 'cmake'
[1.414s] [34mcolcon.colcon_core.package_identification[0m [1;30mLevel 1[0m _identify(run_log/2026-03-14-00-56-33-877379-ubuntu-7082) by extension 'python'
[1.414s] [34mcolcon.colcon_core.package_identification[0m [1;30mLevel 1[0m _identify(run_log/2026-03-14-00-56-33-877379-ubuntu-7082) by extensions ['python_setup_py']
[1.414s] [34mcolcon.colcon_core.package_identification[0m [1;30mLevel 1[0m _identify(run_log/2026-03-14-00-56-33-877379-ubuntu-7082) by extension 'python_setup_py'
[1.414s] [34mcolcon.colcon_core.package_identification[0m [1;30mLevel 1[0m _identify(run_log/2026-03-14-00-57-55-305672-ubuntu-7429) by extensions ['ignore', 'ignore_ament_install']
[1.414s] [34mcolcon.colcon_core.package_identification[0m [1;30mLevel 1[0m _identify(run_log/2026-03-14-00-57-55-305672-ubuntu-7429) by extension 'ignore'
[1.414s] [34mcolcon.colcon_core.package_identification[0m [1;30mLevel 1[0m _identify(run_log/2026-03-14-00-57-55-305672-ubuntu-7429) by extension 'ignore_ament_install'
[1.414s] [34mcolcon.colcon_core.package_identification[0m [1;30mLevel 1[0m _identify(run_log/2026-03-14-00-57-55-305672-ubuntu-7429) by extensions ['colcon_pkg']
[1.414s] [34mcolcon.colcon_core.package_identification[0m [1;30mLevel 1[0m _identify(run_log/2026-03-14-00-57-55-305672-ubuntu-7429) by extension 'colcon_pkg'
[1.414s] [34mcolcon.colcon_core.package_identification[0m [1;30mLevel 1[0m _identify(run_log/2026-03-14-00-57-55-305672-ubuntu-7429) by extensions ['colcon_meta']
[1.414s] [34mcolcon.colcon_core.package_identification[0m [1;30mLevel 1[0m _identify(run_log/2026-03-14-00-57-55-305672-ubuntu-7429) by extension 'colcon_meta'
[1.414s] [34mcolcon.colcon_core.package_identification[0m [1;30mLevel 1[0m _identify(run_log/2026-03-14-00-57-55-305672-ubuntu-7429) by extensions ['ros']
[1.414s] [34mcolcon.colcon_core.package_identification[0m [1;30mLevel 1[0m _identify(run_log/2026-03-14-00-57-55-305672-ubuntu-7429) by extension 'ros'
[1.415s] [34mcolcon.colcon_core.package_identification[0m [1;30mLevel 1[0m _identify(run_log/2026-03-14-00-57-55-305672-ubuntu-7429) by extensions ['cmake', 'python']
[1.415s] [34mcolcon.colcon_core.package_identification[0m [1;30mLevel 1[0m _identify(run_log/2026-03-14-00-57-55-305672-ubuntu-7429) by extension 'cmake'
[1.415s] [34mcolcon.colcon_core.package_identification[0m [1;30mLevel 1[0m _identify(run_log/2026-03-14-00-57-55-305672-ubuntu-7429) by extension 'python'
[1.415s] [34mcolcon.colcon_core.package_identification[0m [1;30mLevel 1[0m _identify(run_log/2026-03-14-00-57-55-305672-ubuntu-7429) by extensions ['python_setup_py']
[1.415s] [34mcolcon.colcon_core.package_identification[0m [1;30mLevel 1[0m _identify(run_log/2026-03-14-00-57-55-305672-ubuntu-7429) by extension 'python_setup_py'
[1.415s] [34mcolcon.colcon_core.package_identification[0m [1;30mLevel 1[0m _identify(run_log/2026-03-14-00-58-46-027399-ubuntu-7752) by extensions ['ignore', 'ignore_ament_install']
[1.415s] [34mcolcon.colcon_core.package_identification[0m [1;30mLevel 1[0m _identify(run_log/2026-03-14-00-58-46-027399-ubuntu-7752) by extension 'ignore'
[1.415s] [34mcolcon.colcon_core.package_identification[0m [1;30mLevel 1[0m _identify(run_log/2026-03-14-00-58-46-027399-ubuntu-7752) by extension 'ignore_ament_install'
[1.415s] [34mcolcon.colcon_core.package_identification[0m [1;30mLevel 1[0m _identify(run_log/2026-03-14-00-58-46-027399-ubuntu-7752) by extensions ['colcon_pkg']
[1.415s] [34mcolcon.colcon_core.package_identification[0m [1;30mLevel 1[0m _identify(run_log/2026-03-14-00-58-46-027399-ubuntu-7752) by extension 'colcon_pkg'
[1.415s] [34mcolcon.colcon_core.package_identification[0m [1;30mLevel 1[0m _identify(run_log/2026-03-14-00-58-46-027399-ubuntu-7752) by extensions ['colcon_meta']
[1.415s] [34mcolcon.colcon_core.package_identification[0m [1;30mLevel 1[0m _identify(run_log/2026-03-14-00-58-46-027399-ubuntu-7752) by extension 'colcon_meta'
[1.415s] [34mcolcon.colcon_core.package_identification[0m [1;30mLevel 1[0m _identify(run_log/2026-03-14-00-58-46-027399-ubuntu-7752) by extensions ['ros']
[1.415s] [34mcolcon.colcon_core.package_identification[0m [1;30mLevel 1[0m _identify(run_log/2026-03-14-00-58-46-027399-ubuntu-7752) by extension 'ros'
[1.415s] [34mcolcon.colcon_core.package_identification[0m [1;30mLevel 1[0m _identify(run_log/2026-03-14-00-58-46-027399-ubuntu-7752) by extensions ['cmake', 'python']
[1.415s] [34mcolcon.colcon_core.package_identification[0m [1;30mLevel 1[0m _identify(run_log/2026-03-14-00-58-46-027399-ubuntu-7752) by extension 'cmake'
[1.415s] [34mcolcon.colcon_core.package_identification[0m [1;30mLevel 1[0m _identify(run_log/2026-03-14-00-58-46-027399-ubuntu-7752) by extension 'python'
[1.415s] [34mcolcon.colcon_core.package_identification[0m [1;30mLevel 1[0m _identify(run_log/2026-03-14-00-58-46-027399-ubuntu-7752) by extensions ['python_setup_py']
[1.415s] [34mcolcon.colcon_core.package_identification[0m [1;30mLevel 1[0m _identify(run_log/2026-03-14-00-58-46-027399-ubuntu-7752) by extension 'python_setup_py'
[1.416s] [34mcolcon.colcon_core.package_identification[0m [1;30mLevel 1[0m _identify(run_log/2026-03-14-01-00-18-011248-ubuntu-8121) by extensions ['ignore', 'ignore_ament_install']
[1.416s] [34mcolcon.colcon_core.package_identification[0m [1;30mLevel 1[0m _identify(run_log/2026-03-14-01-00-18-011248-ubuntu-8121) by extension 'ignore'
[1.416s] [34mcolcon.colcon_core.package_identification[0m [1;30mLevel 1[0m _identify(run_log/2026-03-14-01-00-18-011248-ubuntu-8121) by extension 'ignore_ament_install'
[1.416s] [34mcolcon.colcon_core.package_identification[0m [1;30mLevel 1[0m _identify(run_log/2026-03-14-01-00-18-011248-ubuntu-8121) by extensions ['colcon_pkg']
[1.416s] [34mcolcon.colcon_core.package_identification[0m [1;30mLevel 1[0m _identify(run_log/2026-03-14-01-00-18-011248-ubuntu-8121) by extension 'colcon_pkg'
[1.416s] [34mcolcon.colcon_core.package_identification[0m [1;30mLevel 1[0m _identify(run_log/2026-03-14-01-00-18-011248-ubuntu-8121) by extensions ['colcon_meta']
[1.416s] [34mcolcon.colcon_core.package_identification[0m [1;30mLevel 1[0m _identify(run_log/2026-03-14-01-00-18-011248-ubuntu-8121) by extension 'colcon_meta'
[1.416s] [34mcolcon.colcon_core.package_identification[0m [1;30mLevel 1[0m _identify(run_log/2026-03-14-01-00-18-011248-ubuntu-8121) by extensions ['ros']
[1.416s] [34mcolcon.colcon_core.package_identification[0m [1;30mLevel 1[0m _identify(run_log/2026-03-14-01-00-18-011248-ubuntu-8121) by extension 'ros'
[1.416s] [34mcolcon.colcon_core.package_identification[0m [1;30mLevel 1[0m _identify(run_log/2026-03-14-01-00-18-011248-ubuntu-8121) by extensions ['cmake', 'python']
[1.416s] [34mcolcon.colcon_core.package_identification[0m [1;30mLevel 1[0m _identify(run_log/2026-03-14-01-00-18-011248-ubuntu-8121) by extension 'cmake'
[1.416s] [34mcolcon.colcon_core.package_identification[0m [1;30mLevel 1[0m _identify(run_log/2026-03-14-01-00-18-011248-ubuntu-8121) by extension 'python'
[1.416s] [34mcolcon.colcon_core.package_identification[0m [1;30mLevel 1[0m _identify(run_log/2026-03-14-01-00-18-011248-ubuntu-8121) by extensions ['python_setup_py']
[1.416s] [34mcolcon.colcon_core.package_identification[0m [1;30mLevel 1[0m _identify(run_log/2026-03-14-01-00-18-011248-ubuntu-8121) by extension 'python_setup_py'
[1.416s] [34mcolcon.colcon_core.package_identification[0m [1;30mLevel 1[0m _identify(run_log/2026-03-14-01-01-11-288256-ubuntu-8485) by extensions ['ignore', 'ignore_ament_install']
[1.416s] [34mcolcon.colcon_core.package_identification[0m [1;30mLevel 1[0m _identify(run_log/2026-03-14-01-01-11-288256-ubuntu-8485) by extension 'ignore'
[1.417s] [34mcolcon.colcon_core.package_identification[0m [1;30mLevel 1[0m _identify(run_log/2026-03-14-01-01-11-288256-ubuntu-8485) by extension 'ignore_ament_install'
[1.417s] [34mcolcon.colcon_core.package_identification[0m [1;30mLevel 1[0m _identify(run_log/2026-03-14-01-01-11-288256-ubuntu-8485) by extensions ['colcon_pkg']
[1.417s] [34mcolcon.colcon_core.package_identification[0m [1;30mLevel 1[0m _identify(run_log/2026-03-14-01-01-11-288256-ubuntu-8485) by extension 'colcon_pkg'
[1.417s] [34mcolcon.colcon_core.package_identification[0m [1;30mLevel 1[0m _identify(run_log/2026-03-14-01-01-11-288256-ubuntu-8485) by extensions ['colcon_meta']
[1.417s] [34mcolcon.colcon_core.package_identification[0m [1;30mLevel 1[0m _identify(run_log/2026-03-14-01-01-11-288256-ubuntu-8485) by extension 'colcon_meta'
[1.417s] [34mcolcon.colcon_core.package_identification[0m [1;30mLevel 1[0m _identify(run_log/2026-03-14-01-01-11-288256-ubuntu-8485) by extensions ['ros']
[1.417s] [34mcolcon.colcon_core.package_identification[0m [1;30mLevel 1[0m _identify(run_log/2026-03-14-01-01-11-288256-ubuntu-8485) by extension 'ros'
[1.417s] [34mcolcon.colcon_core.package_identification[0m [1;30mLevel 1[0m _identify(run_log/2026-03-14-01-01-11-288256-ubuntu-8485) by extensions ['cmake', 'python']
[1.417s] [34mcolcon.colcon_core.package_identification[0m [1;30mLevel 1[0m _identify(run_log/2026-03-14-01-01-11-288256-ubuntu-8485) by extension 'cmake'
[1.417s] [34mcolcon.colcon_core.package_identification[0m [1;30mLevel 1[0m _identify(run_log/2026-03-14-01-01-11-288256-ubuntu-8485) by extension 'python'
[1.417s] [34mcolcon.colcon_core.package_identification[0m [1;30mLevel 1[0m _identify(run_log/2026-03-14-01-01-11-288256-ubuntu-8485) by extensions ['python_setup_py']
[1.417s] [34mcolcon.colcon_core.package_identification[0m [1;30mLevel 1[0m _identify(run_log/2026-03-14-01-01-11-288256-ubuntu-8485) by extension 'python_setup_py'
[1.417s] [34mcolcon.colcon_core.package_identification[0m [1;30mLevel 1[0m _identify(run_log/2026-03-14-01-01-44-003122-ubuntu-8809) by extensions ['ignore', 'ignore_ament_install']
[1.417s] [34mcolcon.colcon_core.package_identification[0m [1;30mLevel 1[0m _identify(run_log/2026-03-14-01-01-44-003122-ubuntu-8809) by extension 'ignore'
[1.417s] [34mcolcon.colcon_core.package_identification[0m [1;30mLevel 1[0m _identify(run_log/2026-03-14-01-01-44-003122-ubuntu-8809) by extension 'ignore_ament_install'
[1.417s] [34mcolcon.colcon_core.package_identification[0m [1;30mLevel 1[0m _identify(run_log/2026-03-14-01-01-44-003122-ubuntu-8809) by extensions ['colcon_pkg']
[1.417s] [34mcolcon.colcon_core.package_identification[0m [1;30mLevel 1[0m _identify(run_log/2026-03-14-01-01-44-003122-ubuntu-8809) by extension 'colcon_pkg'
[1.417s] [34mcolcon.colcon_core.package_identification[0m [1;30mLevel 1[0m _identify(run_log/2026-03-14-01-01-44-003122-ubuntu-8809) by extensions ['colcon_meta']
[1.417s] [34mcolcon.colcon_core.package_identification[0m [1;30mLevel 1[0m _identify(run_log/2026-03-14-01-01-44-003122-ubuntu-8809) by extension 'colcon_meta'
[1.418s] [34mcolcon.colcon_core.package_identification[0m [1;30mLevel 1[0m _identify(run_log/2026-03-14-01-01-44-003122-ubuntu-8809) by extensions ['ros']
[1.418s] [34mcolcon.colcon_core.package_identification[0m [1;30mLevel 1[0m _identify(run_log/2026-03-14-01-01-44-003122-ubuntu-8809) by extension 'ros'
[1.418s] [34mcolcon.colcon_core.package_identification[0m [1;30mLevel 1[0m _identify(run_log/2026-03-14-01-01-44-003122-ubuntu-8809) by extensions ['cmake', 'python']
[1.418s] [34mcolcon.colcon_core.package_identification[0m [1;30mLevel 1[0m _identify(run_log/2026-03-14-01-01-44-003122-ubuntu-8809) by extension 'cmake'
[1.418s] [34mcolcon.colcon_core.package_identification[0m [1;30mLevel 1[0m _identify(run_log/2026-03-14-01-01-44-003122-ubuntu-8809) by extension 'python'
[1.418s] [34mcolcon.colcon_core.package_identification[0m [1;30mLevel 1[0m _identify(run_log/2026-03-14-01-01-44-003122-ubuntu-8809) by extensions ['python_setup_py']
[1.418s] [34mcolcon.colcon_core.package_identification[0m [1;30mLevel 1[0m _identify(run_log/2026-03-14-01-01-44-003122-ubuntu-8809) by extension 'python_setup_py'
[1.418s] [34mcolcon.colcon_core.package_identification[0m [1;30mLevel 1[0m _identify(run_log/2026-03-14-01-03-02-046523-ubuntu-9210) by extensions ['ignore', 'ignore_ament_install']
[1.418s] [34mcolcon.colcon_core.package_identification[0m [1;30mLevel 1[0m _identify(run_log/2026-03-14-01-03-02-046523-ubuntu-9210) by extension 'ignore'
[1.418s] [34mcolcon.colcon_core.package_identification[0m [1;30mLevel 1[0m _identify(run_log/2026-03-14-01-03-02-046523-ubuntu-9210) by extension 'ignore_ament_install'
[1.418s] [34mcolcon.colcon_core.package_identification[0m [1;30mLevel 1[0m _identify(run_log/2026-03-14-01-03-02-046523-ubuntu-9210) by extensions ['colcon_pkg']
[1.418s] [34mcolcon.colcon_core.package_identification[0m [1;30mLevel 1[0m _identify(run_log/2026-03-14-01-03-02-046523-ubuntu-9210) by extension 'colcon_pkg'
[1.418s] [34mcolcon.colcon_core.package_identification[0m [1;30mLevel 1[0m _identify(run_log/2026-03-14-01-03-02-046523-ubuntu-9210) by extensions ['colcon_meta']
[1.418s] [34mcolcon.colcon_core.package_identification[0m [1;30mLevel 1[0m _identify(run_log/2026-03-14-01-03-02-046523-ubuntu-9210) by extension 'colcon_meta'
[1.418s] [34mcolcon.colcon_core.package_identification[0m [1;30mLevel 1[0m _identify(run_log/2026-03-14-01-03-02-046523-ubuntu-9210) by extensions ['ros']
[1.418s] [34mcolcon.colcon_core.package_identification[0m [1;30mLevel 1[0m _identify(run_log/2026-03-14-01-03-02-046523-ubuntu-9210) by extension 'ros'
[1.418s] [34mcolcon.colcon_core.package_identification[0m [1;30mLevel 1[0m _identify(run_log/2026-03-14-01-03-02-046523-ubuntu-9210) by extensions ['cmake', 'python']
[1.418s] [34mcolcon.colcon_core.package_identification[0m [1;30mLevel 1[0m _identify(run_log/2026-03-14-01-03-02-046523-ubuntu-9210) by extension 'cmake'
[1.418s] [34mcolcon.colcon_core.package_identification[0m [1;30mLevel 1[0m _identify(run_log/2026-03-14-01-03-02-046523-ubuntu-9210) by extension 'python'
[1.419s] [34mcolcon.colcon_core.package_identification[0m [1;30mLevel 1[0m _identify(run_log/2026-03-14-01-03-02-046523-ubuntu-9210) by extensions ['python_setup_py']
[1.419s] [34mcolcon.colcon_core.package_identification[0m [1;30mLevel 1[0m _identify(run_log/2026-03-14-01-03-02-046523-ubuntu-9210) by extension 'python_setup_py'
[1.419s] [34mcolcon.colcon_core.package_identification[0m [1;30mLevel 1[0m _identify(run_log/2026-03-14-01-06-57-127652-ubuntu-9722) by extensions ['ignore', 'ignore_ament_install']
[1.419s] [34mcolcon.colcon_core.package_identification[0m [1;30mLevel 1[0m _identify(run_log/2026-03-14-01-06-57-127652-ubuntu-9722) by extension 'ignore'
[1.419s] [34mcolcon.colcon_core.package_identification[0m [1;30mLevel 1[0m _identify(run_log/2026-03-14-01-06-57-127652-ubuntu-9722) by extension 'ignore_ament_install'
[1.419s] [34mcolcon.colcon_core.package_identification[0m [1;30mLevel 1[0m _identify(run_log/2026-03-14-01-06-57-127652-ubuntu-9722) by extensions ['colcon_pkg']
[1.419s] [34mcolcon.colcon_core.package_identification[0m [1;30mLevel 1[0m _identify(run_log/2026-03-14-01-06-57-127652-ubuntu-9722) by extension 'colcon_pkg'
[1.419s] [34mcolcon.colcon_core.package_identification[0m [1;30mLevel 1[0m _identify(run_log/2026-03-14-01-06-57-127652-ubuntu-9722) by extensions ['colcon_meta']
[1.419s] [34mcolcon.colcon_core.package_identification[0m [1;30mLevel 1[0m _identify(run_log/2026-03-14-01-06-57-127652-ubuntu-9722) by extension 'colcon_meta'
[1.419s] [34mcolcon.colcon_core.package_identification[0m [1;30mLevel 1[0m _identify(run_log/2026-03-14-01-06-57-127652-ubuntu-9722) by extensions ['ros']
[1.419s] [34mcolcon.colcon_core.package_identification[0m [1;30mLevel 1[0m _identify(run_log/2026-03-14-01-06-57-127652-ubuntu-9722) by extension 'ros'
[1.419s] [34mcolcon.colcon_core.package_identification[0m [1;30mLevel 1[0m _identify(run_log/2026-03-14-01-06-57-127652-ubuntu-9722) by extensions ['cmake', 'python']
[1.419s] [34mcolcon.colcon_core.package_identification[0m [1;30mLevel 1[0m _identify(run_log/2026-03-14-01-06-57-127652-ubuntu-9722) by extension 'cmake'
[1.419s] [34mcolcon.colcon_core.package_identification[0m [1;30mLevel 1[0m _identify(run_log/2026-03-14-01-06-57-127652-ubuntu-9722) by extension 'python'
[1.419s] [34mcolcon.colcon_core.package_identification[0m [1;30mLevel 1[0m _identify(run_log/2026-03-14-01-06-57-127652-ubuntu-9722) by extensions ['python_setup_py']
[1.419s] [34mcolcon.colcon_core.package_identification[0m [1;30mLevel 1[0m _identify(run_log/2026-03-14-01-06-57-127652-ubuntu-9722) by extension 'python_setup_py'
[1.420s] [34mcolcon.colcon_core.package_identification[0m [1;30mLevel 1[0m _identify(run_log/2026-03-14-01-07-12-515855-ubuntu-10021) by extensions ['ignore', 'ignore_ament_install']
[1.420s] [34mcolcon.colcon_core.package_identification[0m [1;30mLevel 1[0m _identify(run_log/2026-03-14-01-07-12-515855-ubuntu-10021) by extension 'ignore'
[1.420s] [34mcolcon.colcon_core.package_identification[0m [1;30mLevel 1[0m _identify(run_log/2026-03-14-01-07-12-515855-ubuntu-10021) by extension 'ignore_ament_install'
[1.420s] [34mcolcon.colcon_core.package_identification[0m [1;30mLevel 1[0m _identify(run_log/2026-03-14-01-07-12-515855-ubuntu-10021) by extensions ['colcon_pkg']
[1.420s] [34mcolcon.colcon_core.package_identification[0m [1;30mLevel 1[0m _identify(run_log/2026-03-14-01-07-12-515855-ubuntu-10021) by extension 'colcon_pkg'
[1.420s] [34mcolcon.colcon_core.package_identification[0m [1;30mLevel 1[0m _identify(run_log/2026-03-14-01-07-12-515855-ubuntu-10021) by extensions ['colcon_meta']
[1.420s] [34mcolcon.colcon_core.package_identification[0m [1;30mLevel 1[0m _identify(run_log/2026-03-14-01-07-12-515855-ubuntu-10021) by extension 'colcon_meta'
[1.420s] [34mcolcon.colcon_core.package_identification[0m [1;30mLevel 1[0m _identify(run_log/2026-03-14-01-07-12-515855-ubuntu-10021) by extensions ['ros']
[1.420s] [34mcolcon.colcon_core.package_identification[0m [1;30mLevel 1[0m _identify(run_log/2026-03-14-01-07-12-515855-ubuntu-10021) by extension 'ros'
[1.420s] [34mcolcon.colcon_core.package_identification[0m [1;30mLevel 1[0m _identify(run_log/2026-03-14-01-07-12-515855-ubuntu-10021) by extensions ['cmake', 'python']
[1.420s] [34mcolcon.colcon_core.package_identification[0m [1;30mLevel 1[0m _identify(run_log/2026-03-14-01-07-12-515855-ubuntu-10021) by extension 'cmake'
[1.420s] [34mcolcon.colcon_core.package_identification[0m [1;30mLevel 1[0m _identify(run_log/2026-03-14-01-07-12-515855-ubuntu-10021) by extension 'python'
[1.420s] [34mcolcon.colcon_core.package_identification[0m [1;30mLevel 1[0m _identify(run_log/2026-03-14-01-07-12-515855-ubuntu-10021) by extensions ['python_setup_py']
[1.420s] [34mcolcon.colcon_core.package_identification[0m [1;30mLevel 1[0m _identify(run_log/2026-03-14-01-07-12-515855-ubuntu-10021) by extension 'python_setup_py'
[1.420s] [34mcolcon.colcon_core.package_identification[0m [1;30mLevel 1[0m _identify(run_log/2026-03-14-01-11-26-093395-ubuntu-10682) by extensions ['ignore', 'ignore_ament_install']
[1.420s] [34mcolcon.colcon_core.package_identification[0m [1;30mLevel 1[0m _identify(run_log/2026-03-14-01-11-26-093395-ubuntu-10682) by extension 'ignore'
[1.420s] [34mcolcon.colcon_core.package_identification[0m [1;30mLevel 1[0m _identify(run_log/2026-03-14-01-11-26-093395-ubuntu-10682) by extension 'ignore_ament_install'
[1.420s] [34mcolcon.colcon_core.package_identification[0m [1;30mLevel 1[0m _identify(run_log/2026-03-14-01-11-26-093395-ubuntu-10682) by extensions ['colcon_pkg']
[1.420s] [34mcolcon.colcon_core.package_identification[0m [1;30mLevel 1[0m _identify(run_log/2026-03-14-01-11-26-093395-ubuntu-10682) by extension 'colcon_pkg'
[1.421s] [34mcolcon.colcon_core.package_identification[0m [1;30mLevel 1[0m _identify(run_log/2026-03-14-01-11-26-093395-ubuntu-10682) by extensions ['colcon_meta']
[1.421s] [34mcolcon.colcon_core.package_identification[0m [1;30mLevel 1[0m _identify(run_log/2026-03-14-01-11-26-093395-ubuntu-10682) by extension 'colcon_meta'
[1.421s] [34mcolcon.colcon_core.package_identification[0m [1;30mLevel 1[0m _identify(run_log/2026-03-14-01-11-26-093395-ubuntu-10682) by extensions ['ros']
[1.421s] [34mcolcon.colcon_core.package_identification[0m [1;30mLevel 1[0m _identify(run_log/2026-03-14-01-11-26-093395-ubuntu-10682) by extension 'ros'
[1.421s] [34mcolcon.colcon_core.package_identification[0m [1;30mLevel 1[0m _identify(run_log/2026-03-14-01-11-26-093395-ubuntu-10682) by extensions ['cmake', 'python']
[1.421s] [34mcolcon.colcon_core.package_identification[0m [1;30mLevel 1[0m _identify(run_log/2026-03-14-01-11-26-093395-ubuntu-10682) by extension 'cmake'
[1.421s] [34mcolcon.colcon_core.package_identification[0m [1;30mLevel 1[0m _identify(run_log/2026-03-14-01-11-26-093395-ubuntu-10682) by extension 'python'
[1.421s] [34mcolcon.colcon_core.package_identification[0m [1;30mLevel 1[0m _identify(run_log/2026-03-14-01-11-26-093395-ubuntu-10682) by extensions ['python_setup_py']
[1.421s] [34mcolcon.colcon_core.package_identification[0m [1;30mLevel 1[0m _identify(run_log/2026-03-14-01-11-26-093395-ubuntu-10682) by extension 'python_setup_py'
[1.421s] [34mcolcon.colcon_core.package_identification[0m [1;30mLevel 1[0m _identify(run_log/2026-03-14-01-12-50-818415-ubuntu-11153) by extensions ['ignore', 'ignore_ament_install']
[1.421s] [34mcolcon.colcon_core.package_identification[0m [1;30mLevel 1[0m _identify(run_log/2026-03-14-01-12-50-818415-ubuntu-11153) by extension 'ignore'
[1.421s] [34mcolcon.colcon_core.package_identification[0m [1;30mLevel 1[0m _identify(run_log/2026-03-14-01-12-50-818415-ubuntu-11153) by extension 'ignore_ament_install'
[1.421s] [34mcolcon.colcon_core.package_identification[0m [1;30mLevel 1[0m _identify(run_log/2026-03-14-01-12-50-818415-ubuntu-11153) by extensions ['colcon_pkg']
[1.421s] [34mcolcon.colcon_core.package_identification[0m [1;30mLevel 1[0m _identify(run_log/2026-03-14-01-12-50-818415-ubuntu-11153) by extension 'colcon_pkg'
[1.421s] [34mcolcon.colcon_core.package_identification[0m [1;30mLevel 1[0m _identify(run_log/2026-03-14-01-12-50-818415-ubuntu-11153) by extensions ['colcon_meta']
[1.421s] [34mcolcon.colcon_core.package_identification[0m [1;30mLevel 1[0m _identify(run_log/2026-03-14-01-12-50-818415-ubuntu-11153) by extension 'colcon_meta'
[1.421s] [34mcolcon.colcon_core.package_identification[0m [1;30mLevel 1[0m _identify(run_log/2026-03-14-01-12-50-818415-ubuntu-11153) by extensions ['ros']
[1.421s] [34mcolcon.colcon_core.package_identification[0m [1;30mLevel 1[0m _identify(run_log/2026-03-14-01-12-50-818415-ubuntu-11153) by extension 'ros'
[1.422s] [34mcolcon.colcon_core.package_identification[0m [1;30mLevel 1[0m _identify(run_log/2026-03-14-01-12-50-818415-ubuntu-11153) by extensions ['cmake', 'python']
[1.422s] [34mcolcon.colcon_core.package_identification[0m [1;30mLevel 1[0m _identify(run_log/2026-03-14-01-12-50-818415-ubuntu-11153) by extension 'cmake'
[1.422s] [34mcolcon.colcon_core.package_identification[0m [1;30mLevel 1[0m _identify(run_log/2026-03-14-01-12-50-818415-ubuntu-11153) by extension 'python'
[1.422s] [34mcolcon.colcon_core.package_identification[0m [1;30mLevel 1[0m _identify(run_log/2026-03-14-01-12-50-818415-ubuntu-11153) by extensions ['python_setup_py']
[1.422s] [34mcolcon.colcon_core.package_identification[0m [1;30mLevel 1[0m _identify(run_log/2026-03-14-01-12-50-818415-ubuntu-11153) by extension 'python_setup_py'
[1.422s] [34mcolcon.colcon_core.package_identification[0m [1;30mLevel 1[0m _identify(run_log/2026-03-14-01-13-30-213034-ubuntu-11524) by extensions ['ignore', 'ignore_ament_install']
[1.422s] [34mcolcon.colcon_core.package_identification[0m [1;30mLevel 1[0m _identify(run_log/2026-03-14-01-13-30-213034-ubuntu-11524) by extension 'ignore'
[1.422s] [34mcolcon.colcon_core.package_identification[0m [1;30mLevel 1[0m _identify(run_log/2026-03-14-01-13-30-213034-ubuntu-11524) by extension 'ignore_ament_install'
[1.422s] [34mcolcon.colcon_core.package_identification[0m [1;30mLevel 1[0m _identify(run_log/2026-03-14-01-13-30-213034-ubuntu-11524) by extensions ['colcon_pkg']
[1.422s] [34mcolcon.colcon_core.package_identification[0m [1;30mLevel 1[0m _identify(run_log/2026-03-14-01-13-30-213034-ubuntu-11524) by extension 'colcon_pkg'
[1.422s] [34mcolcon.colcon_core.package_identification[0m [1;30mLevel 1[0m _identify(run_log/2026-03-14-01-13-30-213034-ubuntu-11524) by extensions ['colcon_meta']
[1.422s] [34mcolcon.colcon_core.package_identification[0m [1;30mLevel 1[0m _identify(run_log/2026-03-14-01-13-30-213034-ubuntu-11524) by extension 'colcon_meta'
[1.422s] [34mcolcon.colcon_core.package_identification[0m [1;30mLevel 1[0m _identify(run_log/2026-03-14-01-13-30-213034-ubuntu-11524) by extensions ['ros']
[1.422s] [34mcolcon.colcon_core.package_identification[0m [1;30mLevel 1[0m _identify(run_log/2026-03-14-01-13-30-213034-ubuntu-11524) by extension 'ros'
[1.422s] [34mcolcon.colcon_core.package_identification[0m [1;30mLevel 1[0m _identify(run_log/2026-03-14-01-13-30-213034-ubuntu-11524) by extensions ['cmake', 'python']
[1.422s] [34mcolcon.colcon_core.package_identification[0m [1;30mLevel 1[0m _identify(run_log/2026-03-14-01-13-30-213034-ubuntu-11524) by extension 'cmake'
[1.422s] [34mcolcon.colcon_core.package_identification[0m [1;30mLevel 1[0m _identify(run_log/2026-03-14-01-13-30-213034-ubuntu-11524) by extension 'python'
[1.423s] [34mcolcon.colcon_core.package_identification[0m [1;30mLevel 1[0m _identify(run_log/2026-03-14-01-13-30-213034-ubuntu-11524) by extensions ['python_setup_py']
[1.423s] [34mcolcon.colcon_core.package_identification[0m [1;30mLevel 1[0m _identify(run_log/2026-03-14-01-13-30-213034-ubuntu-11524) by extension 'python_setup_py'
[1.423s] [34mcolcon.colcon_core.package_identification[0m [1;30mLevel 1[0m _identify(run_log/2026-03-14-01-15-58-509978-ubuntu-11999) by extensions ['ignore', 'ignore_ament_install']
[1.423s] [34mcolcon.colcon_core.package_identification[0m [1;30mLevel 1[0m _identify(run_log/2026-03-14-01-15-58-509978-ubuntu-11999) by extension 'ignore'
[1.423s] [34mcolcon.colcon_core.package_identification[0m [1;30mLevel 1[0m _identify(run_log/2026-03-14-01-15-58-509978-ubuntu-11999) by extension 'ignore_ament_install'
[1.423s] [34mcolcon.colcon_core.package_identification[0m [1;30mLevel 1[0m _identify(run_log/2026-03-14-01-15-58-509978-ubuntu-11999) by extensions ['colcon_pkg']
[1.423s] [34mcolcon.colcon_core.package_identification[0m [1;30mLevel 1[0m _identify(run_log/2026-03-14-01-15-58-509978-ubuntu-11999) by extension 'colcon_pkg'
[1.423s] [34mcolcon.colcon_core.package_identification[0m [1;30mLevel 1[0m _identify(run_log/2026-03-14-01-15-58-509978-ubuntu-11999) by extensions ['colcon_meta']
[1.423s] [34mcolcon.colcon_core.package_identification[0m [1;30mLevel 1[0m _identify(run_log/2026-03-14-01-15-58-509978-ubuntu-11999) by extension 'colcon_meta'
[1.423s] [34mcolcon.colcon_core.package_identification[0m [1;30mLevel 1[0m _identify(run_log/2026-03-14-01-15-58-509978-ubuntu-11999) by extensions ['ros']
[1.423s] [34mcolcon.colcon_core.package_identification[0m [1;30mLevel 1[0m _identify(run_log/2026-03-14-01-15-58-509978-ubuntu-11999) by extension 'ros'
[1.423s] [34mcolcon.colcon_core.package_identification[0m [1;30mLevel 1[0m _identify(run_log/2026-03-14-01-15-58-509978-ubuntu-11999) by extensions ['cmake', 'python']
[1.423s] [34mcolcon.colcon_core.package_identification[0m [1;30mLevel 1[0m _identify(run_log/2026-03-14-01-15-58-509978-ubuntu-11999) by extension 'cmake'
[1.423s] [34mcolcon.colcon_core.package_identification[0m [1;30mLevel 1[0m _identify(run_log/2026-03-14-01-15-58-509978-ubuntu-11999) by extension 'python'
[1.423s] [34mcolcon.colcon_core.package_identification[0m [1;30mLevel 1[0m _identify(run_log/2026-03-14-01-15-58-509978-ubuntu-11999) by extensions ['python_setup_py']
[1.423s] [34mcolcon.colcon_core.package_identification[0m [1;30mLevel 1[0m _identify(run_log/2026-03-14-01-15-58-509978-ubuntu-11999) by extension 'python_setup_py'
[1.423s] [34mcolcon.colcon_core.package_identification[0m [1;30mLevel 1[0m _identify(run_log/2026-03-14-01-17-14-428147-ubuntu-12431) by extensions ['ignore', 'ignore_ament_install']
[1.424s] [34mcolcon.colcon_core.package_identification[0m [1;30mLevel 1[0m _identify(run_log/2026-03-14-01-17-14-428147-ubuntu-12431) by extension 'ignore'
[1.424s] [34mcolcon.colcon_core.package_identification[0m [1;30mLevel 1[0m _identify(run_log/2026-03-14-01-17-14-428147-ubuntu-12431) by extension 'ignore_ament_install'
[1.424s] [34mcolcon.colcon_core.package_identification[0m [1;30mLevel 1[0m _identify(run_log/2026-03-14-01-17-14-428147-ubuntu-12431) by extensions ['colcon_pkg']
[1.424s] [34mcolcon.colcon_core.package_identification[0m [1;30mLevel 1[0m _identify(run_log/2026-03-14-01-17-14-428147-ubuntu-12431) by extension 'colcon_pkg'
[1.424s] [34mcolcon.colcon_core.package_identification[0m [1;30mLevel 1[0m _identify(run_log/2026-03-14-01-17-14-428147-ubuntu-12431) by extensions ['colcon_meta']
[1.424s] [34mcolcon.colcon_core.package_identification[0m [1;30mLevel 1[0m _identify(run_log/2026-03-14-01-17-14-428147-ubuntu-12431) by extension 'colcon_meta'
[1.424s] [34mcolcon.colcon_core.package_identification[0m [1;30mLevel 1[0m _identify(run_log/2026-03-14-01-17-14-428147-ubuntu-12431) by extensions ['ros']
[1.424s] [34mcolcon.colcon_core.package_identification[0m [1;30mLevel 1[0m _identify(run_log/2026-03-14-01-17-14-428147-ubuntu-12431) by extension 'ros'
[1.424s] [34mcolcon.colcon_core.package_identification[0m [1;30mLevel 1[0m _identify(run_log/2026-03-14-01-17-14-428147-ubuntu-12431) by extensions ['cmake', 'python']
[1.424s] [34mcolcon.colcon_core.package_identification[0m [1;30mLevel 1[0m _identify(run_log/2026-03-14-01-17-14-428147-ubuntu-12431) by extension 'cmake'
[1.424s] [34mcolcon.colcon_core.package_identification[0m [1;30mLevel 1[0m _identify(run_log/2026-03-14-01-17-14-428147-ubuntu-12431) by extension 'python'
[1.424s] [34mcolcon.colcon_core.package_identification[0m [1;30mLevel 1[0m _identify(run_log/2026-03-14-01-17-14-428147-ubuntu-12431) by extensions ['python_setup_py']
[1.424s] [34mcolcon.colcon_core.package_identification[0m [1;30mLevel 1[0m _identify(run_log/2026-03-14-01-17-14-428147-ubuntu-12431) by extension 'python_setup_py'
[1.424s] [34mcolcon.colcon_core.package_identification[0m [1;30mLevel 1[0m _identify(run_log/2026-03-14-01-19-41-125768-ubuntu-12869) by extensions ['ignore', 'ignore_ament_install']
[1.424s] [34mcolcon.colcon_core.package_identification[0m [1;30mLevel 1[0m _identify(run_log/2026-03-14-01-19-41-125768-ubuntu-12869) by extension 'ignore'
[1.424s] [34mcolcon.colcon_core.package_identification[0m [1;30mLevel 1[0m _identify(run_log/2026-03-14-01-19-41-125768-ubuntu-12869) by extension 'ignore_ament_install'
[1.424s] [34mcolcon.colcon_core.package_identification[0m [1;30mLevel 1[0m _identify(run_log/2026-03-14-01-19-41-125768-ubuntu-12869) by extensions ['colcon_pkg']
[1.425s] [34mcolcon.colcon_core.package_identification[0m [1;30mLevel 1[0m _identify(run_log/2026-03-14-01-19-41-125768-ubuntu-12869) by extension 'colcon_pkg'
[1.425s] [34mcolcon.colcon_core.package_identification[0m [1;30mLevel 1[0m _identify(run_log/2026-03-14-01-19-41-125768-ubuntu-12869) by extensions ['colcon_meta']
[1.425s] [34mcolcon.colcon_core.package_identification[0m [1;30mLevel 1[0m _identify(run_log/2026-03-14-01-19-41-125768-ubuntu-12869) by extension 'colcon_meta'
[1.425s] [34mcolcon.colcon_core.package_identification[0m [1;30mLevel 1[0m _identify(run_log/2026-03-14-01-19-41-125768-ubuntu-12869) by extensions ['ros']
[1.425s] [34mcolcon.colcon_core.package_identification[0m [1;30mLevel 1[0m _identify(run_log/2026-03-14-01-19-41-125768-ubuntu-12869) by extension 'ros'
[1.425s] [34mcolcon.colcon_core.package_identification[0m [1;30mLevel 1[0m _identify(run_log/2026-03-14-01-19-41-125768-ubuntu-12869) by extensions ['cmake', 'python']
[1.425s] [34mcolcon.colcon_core.package_identification[0m [1;30mLevel 1[0m _identify(run_log/2026-03-14-01-19-41-125768-ubuntu-12869) by extension 'cmake'
[1.425s] [34mcolcon.colcon_core.package_identification[0m [1;30mLevel 1[0m _identify(run_log/2026-03-14-01-19-41-125768-ubuntu-12869) by extension 'python'
[1.425s] [34mcolcon.colcon_core.package_identification[0m [1;30mLevel 1[0m _identify(run_log/2026-03-14-01-19-41-125768-ubuntu-12869) by extensions ['python_setup_py']
[1.425s] [34mcolcon.colcon_core.package_identification[0m [1;30mLevel 1[0m _identify(run_log/2026-03-14-01-19-41-125768-ubuntu-12869) by extension 'python_setup_py'
[1.425s] [34mcolcon.colcon_core.package_identification[0m [1;30mLevel 1[0m _identify(run_log/2026-03-14-01-32-48-531978-ubuntu-13486) by extensions ['ignore', 'ignore_ament_install']
[1.425s] [34mcolcon.colcon_core.package_identification[0m [1;30mLevel 1[0m _identify(run_log/2026-03-14-01-32-48-531978-ubuntu-13486) by extension 'ignore'
[1.425s] [34mcolcon.colcon_core.package_identification[0m [1;30mLevel 1[0m _identify(run_log/2026-03-14-01-32-48-531978-ubuntu-13486) by extension 'ignore_ament_install'
[1.425s] [34mcolcon.colcon_core.package_identification[0m [1;30mLevel 1[0m _identify(run_log/2026-03-14-01-32-48-531978-ubuntu-13486) by extensions ['colcon_pkg']
[1.425s] [34mcolcon.colcon_core.package_identification[0m [1;30mLevel 1[0m _identify(run_log/2026-03-14-01-32-48-531978-ubuntu-13486) by extension 'colcon_pkg'
[1.425s] [34mcolcon.colcon_core.package_identification[0m [1;30mLevel 1[0m _identify(run_log/2026-03-14-01-32-48-531978-ubuntu-13486) by extensions ['colcon_meta']
[1.425s] [34mcolcon.colcon_core.package_identification[0m [1;30mLevel 1[0m _identify(run_log/2026-03-14-01-32-48-531978-ubuntu-13486) by extension 'colcon_meta'
[1.425s] [34mcolcon.colcon_core.package_identification[0m [1;30mLevel 1[0m _identify(run_log/2026-03-14-01-32-48-531978-ubuntu-13486) by extensions ['ros']
[1.425s] [34mcolcon.colcon_core.package_identification[0m [1;30mLevel 1[0m _identify(run_log/2026-03-14-01-32-48-531978-ubuntu-13486) by extension 'ros'
[1.426s] [34mcolcon.colcon_core.package_identification[0m [1;30mLevel 1[0m _identify(run_log/2026-03-14-01-32-48-531978-ubuntu-13486) by extensions ['cmake', 'python']
[1.426s] [34mcolcon.colcon_core.package_identification[0m [1;30mLevel 1[0m _identify(run_log/2026-03-14-01-32-48-531978-ubuntu-13486) by extension 'cmake'
[1.426s] [34mcolcon.colcon_core.package_identification[0m [1;30mLevel 1[0m _identify(run_log/2026-03-14-01-32-48-531978-ubuntu-13486) by extension 'python'
[1.426s] [34mcolcon.colcon_core.package_identification[0m [1;30mLevel 1[0m _identify(run_log/2026-03-14-01-32-48-531978-ubuntu-13486) by extensions ['python_setup_py']
[1.426s] [34mcolcon.colcon_core.package_identification[0m [1;30mLevel 1[0m _identify(run_log/2026-03-14-01-32-48-531978-ubuntu-13486) by extension 'python_setup_py'
[1.426s] [34mcolcon.colcon_core.package_identification[0m [1;30mLevel 1[0m _identify(run_log/2026-03-14-01-38-30-434017-ubuntu-14231) by extensions ['ignore', 'ignore_ament_install']
[1.426s] [34mcolcon.colcon_core.package_identification[0m [1;30mLevel 1[0m _identify(run_log/2026-03-14-01-38-30-434017-ubuntu-14231) by extension 'ignore'
[1.426s] [34mcolcon.colcon_core.package_identification[0m [1;30mLevel 1[0m _identify(run_log/2026-03-14-01-38-30-434017-ubuntu-14231) by extension 'ignore_ament_install'
[1.426s] [34mcolcon.colcon_core.package_identification[0m [1;30mLevel 1[0m _identify(run_log/2026-03-14-01-38-30-434017-ubuntu-14231) by extensions ['colcon_pkg']
[1.427s] [34mcolcon.colcon_core.package_identification[0m [1;30mLevel 1[0m _identify(run_log/2026-03-14-01-38-30-434017-ubuntu-14231) by extension 'colcon_pkg'
[1.427s] [34mcolcon.colcon_core.package_identification[0m [1;30mLevel 1[0m _identify(run_log/2026-03-14-01-38-30-434017-ubuntu-14231) by extensions ['colcon_meta']
[1.427s] [34mcolcon.colcon_core.package_identification[0m [1;30mLevel 1[0m _identify(run_log/2026-03-14-01-38-30-434017-ubuntu-14231) by extension 'colcon_meta'
[1.427s] [34mcolcon.colcon_core.package_identification[0m [1;30mLevel 1[0m _identify(run_log/2026-03-14-01-38-30-434017-ubuntu-14231) by extensions ['ros']
[1.427s] [34mcolcon.colcon_core.package_identification[0m [1;30mLevel 1[0m _identify(run_log/2026-03-14-01-38-30-434017-ubuntu-14231) by extension 'ros'
[1.427s] [34mcolcon.colcon_core.package_identification[0m [1;30mLevel 1[0m _identify(run_log/2026-03-14-01-38-30-434017-ubuntu-14231) by extensions ['cmake', 'python']
[1.427s] [34mcolcon.colcon_core.package_identification[0m [1;30mLevel 1[0m _identify(run_log/2026-03-14-01-38-30-434017-ubuntu-14231) by extension 'cmake'
[1.427s] [34mcolcon.colcon_core.package_identification[0m [1;30mLevel 1[0m _identify(run_log/2026-03-14-01-38-30-434017-ubuntu-14231) by extension 'python'
[1.427s] [34mcolcon.colcon_core.package_identification[0m [1;30mLevel 1[0m _identify(run_log/2026-03-14-01-38-30-434017-ubuntu-14231) by extensions ['python_setup_py']
[1.427s] [34mcolcon.colcon_core.package_identification[0m [1;30mLevel 1[0m _identify(run_log/2026-03-14-01-38-30-434017-ubuntu-14231) by extension 'python_setup_py'
[1.427s] [34mcolcon.colcon_core.package_identification[0m [1;30mLevel 1[0m _identify(run_log/2026-03-14-01-39-45-406421-ubuntu-14660) by extensions ['ignore', 'ignore_ament_install']
[1.427s] [34mcolcon.colcon_core.package_identification[0m [1;30mLevel 1[0m _identify(run_log/2026-03-14-01-39-45-406421-ubuntu-14660) by extension 'ignore'
[1.427s] [34mcolcon.colcon_core.package_identification[0m [1;30mLevel 1[0m _identify(run_log/2026-03-14-01-39-45-406421-ubuntu-14660) by extension 'ignore_ament_install'
[1.427s] [34mcolcon.colcon_core.package_identification[0m [1;30mLevel 1[0m _identify(run_log/2026-03-14-01-39-45-406421-ubuntu-14660) by extensions ['colcon_pkg']
[1.427s] [34mcolcon.colcon_core.package_identification[0m [1;30mLevel 1[0m _identify(run_log/2026-03-14-01-39-45-406421-ubuntu-14660) by extension 'colcon_pkg'
[1.427s] [34mcolcon.colcon_core.package_identification[0m [1;30mLevel 1[0m _identify(run_log/2026-03-14-01-39-45-406421-ubuntu-14660) by extensions ['colcon_meta']
[1.427s] [34mcolcon.colcon_core.package_identification[0m [1;30mLevel 1[0m _identify(run_log/2026-03-14-01-39-45-406421-ubuntu-14660) by extension 'colcon_meta'
[1.427s] [34mcolcon.colcon_core.package_identification[0m [1;30mLevel 1[0m _identify(run_log/2026-03-14-01-39-45-406421-ubuntu-14660) by extensions ['ros']
[1.427s] [34mcolcon.colcon_core.package_identification[0m [1;30mLevel 1[0m _identify(run_log/2026-03-14-01-39-45-406421-ubuntu-14660) by extension 'ros'
[1.428s] [34mcolcon.colcon_core.package_identification[0m [1;30mLevel 1[0m _identify(run_log/2026-03-14-01-39-45-406421-ubuntu-14660) by extensions ['cmake', 'python']
[1.428s] [34mcolcon.colcon_core.package_identification[0m [1;30mLevel 1[0m _identify(run_log/2026-03-14-01-39-45-406421-ubuntu-14660) by extension 'cmake'
[1.428s] [34mcolcon.colcon_core.package_identification[0m [1;30mLevel 1[0m _identify(run_log/2026-03-14-01-39-45-406421-ubuntu-14660) by extension 'python'
[1.428s] [34mcolcon.colcon_core.package_identification[0m [1;30mLevel 1[0m _identify(run_log/2026-03-14-01-39-45-406421-ubuntu-14660) by extensions ['python_setup_py']
[1.428s] [34mcolcon.colcon_core.package_identification[0m [1;30mLevel 1[0m _identify(run_log/2026-03-14-01-39-45-406421-ubuntu-14660) by extension 'python_setup_py'
[1.428s] [34mcolcon.colcon_core.package_identification[0m [1;30mLevel 1[0m _identify(run_log/2026-03-14-01-45-09-183122-ubuntu-15195) by extensions ['ignore', 'ignore_ament_install']
[1.428s] [34mcolcon.colcon_core.package_identification[0m [1;30mLevel 1[0m _identify(run_log/2026-03-14-01-45-09-183122-ubuntu-15195) by extension 'ignore'
[1.428s] [34mcolcon.colcon_core.package_identification[0m [1;30mLevel 1[0m _identify(run_log/2026-03-14-01-45-09-183122-ubuntu-15195) by extension 'ignore_ament_install'
[1.428s] [34mcolcon.colcon_core.package_identification[0m [1;30mLevel 1[0m _identify(run_log/2026-03-14-01-45-09-183122-ubuntu-15195) by extensions ['colcon_pkg']
[1.428s] [34mcolcon.colcon_core.package_identification[0m [1;30mLevel 1[0m _identify(run_log/2026-03-14-01-45-09-183122-ubuntu-15195) by extension 'colcon_pkg'
[1.428s] [34mcolcon.colcon_core.package_identification[0m [1;30mLevel 1[0m _identify(run_log/2026-03-14-01-45-09-183122-ubuntu-15195) by extensions ['colcon_meta']
[1.428s] [34mcolcon.colcon_core.package_identification[0m [1;30mLevel 1[0m _identify(run_log/2026-03-14-01-45-09-183122-ubuntu-15195) by extension 'colcon_meta'
[1.428s] [34mcolcon.colcon_core.package_identification[0m [1;30mLevel 1[0m _identify(run_log/2026-03-14-01-45-09-183122-ubuntu-15195) by extensions ['ros']
[1.428s] [34mcolcon.colcon_core.package_identification[0m [1;30mLevel 1[0m _identify(run_log/2026-03-14-01-45-09-183122-ubuntu-15195) by extension 'ros'
[1.429s] [34mcolcon.colcon_core.package_identification[0m [1;30mLevel 1[0m _identify(run_log/2026-03-14-01-45-09-183122-ubuntu-15195) by extensions ['cmake', 'python']
[1.429s] [34mcolcon.colcon_core.package_identification[0m [1;30mLevel 1[0m _identify(run_log/2026-03-14-01-45-09-183122-ubuntu-15195) by extension 'cmake'
[1.429s] [34mcolcon.colcon_core.package_identification[0m [1;30mLevel 1[0m _identify(run_log/2026-03-14-01-45-09-183122-ubuntu-15195) by extension 'python'
[1.429s] [34mcolcon.colcon_core.package_identification[0m [1;30mLevel 1[0m _identify(run_log/2026-03-14-01-45-09-183122-ubuntu-15195) by extensions ['python_setup_py']
[1.429s] [34mcolcon.colcon_core.package_identification[0m [1;30mLevel 1[0m _identify(run_log/2026-03-14-01-45-09-183122-ubuntu-15195) by extension 'python_setup_py'
[1.429s] [34mcolcon.colcon_core.package_identification[0m [1;30mLevel 1[0m _identify(run_log/2026-03-14-01-45-34-891815-ubuntu-15541) by extensions ['ignore', 'ignore_ament_install']
[1.429s] [34mcolcon.colcon_core.package_identification[0m [1;30mLevel 1[0m _identify(run_log/2026-03-14-01-45-34-891815-ubuntu-15541) by extension 'ignore'
[1.429s] [34mcolcon.colcon_core.package_identification[0m [1;30mLevel 1[0m _identify(run_log/2026-03-14-01-45-34-891815-ubuntu-15541) by extension 'ignore_ament_install'
[1.429s] [34mcolcon.colcon_core.package_identification[0m [1;30mLevel 1[0m _identify(run_log/2026-03-14-01-45-34-891815-ubuntu-15541) by extensions ['colcon_pkg']
[1.429s] [34mcolcon.colcon_core.package_identification[0m [1;30mLevel 1[0m _identify(run_log/2026-03-14-01-45-34-891815-ubuntu-15541) by extension 'colcon_pkg'
[1.429s] [34mcolcon.colcon_core.package_identification[0m [1;30mLevel 1[0m _identify(run_log/2026-03-14-01-45-34-891815-ubuntu-15541) by extensions ['colcon_meta']
[1.429s] [34mcolcon.colcon_core.package_identification[0m [1;30mLevel 1[0m _identify(run_log/2026-03-14-01-45-34-891815-ubuntu-15541) by extension 'colcon_meta'
[1.429s] [34mcolcon.colcon_core.package_identification[0m [1;30mLevel 1[0m _identify(run_log/2026-03-14-01-45-34-891815-ubuntu-15541) by extensions ['ros']
[1.429s] [34mcolcon.colcon_core.package_identification[0m [1;30mLevel 1[0m _identify(run_log/2026-03-14-01-45-34-891815-ubuntu-15541) by extension 'ros'
[1.430s] [34mcolcon.colcon_core.package_identification[0m [1;30mLevel 1[0m _identify(run_log/2026-03-14-01-45-34-891815-ubuntu-15541) by extensions ['cmake', 'python']
[1.430s] [34mcolcon.colcon_core.package_identification[0m [1;30mLevel 1[0m _identify(run_log/2026-03-14-01-45-34-891815-ubuntu-15541) by extension 'cmake'
[1.430s] [34mcolcon.colcon_core.package_identification[0m [1;30mLevel 1[0m _identify(run_log/2026-03-14-01-45-34-891815-ubuntu-15541) by extension 'python'
[1.430s] [34mcolcon.colcon_core.package_identification[0m [1;30mLevel 1[0m _identify(run_log/2026-03-14-01-45-34-891815-ubuntu-15541) by extensions ['python_setup_py']
[1.430s] [34mcolcon.colcon_core.package_identification[0m [1;30mLevel 1[0m _identify(run_log/2026-03-14-01-45-34-891815-ubuntu-15541) by extension 'python_setup_py'
[1.430s] [34mcolcon.colcon_core.package_identification[0m [1;30mLevel 1[0m _identify(run_log/2026-03-14-01-46-07-400243-ubuntu-15887) by extensions ['ignore', 'ignore_ament_install']
[1.430s] [34mcolcon.colcon_core.package_identification[0m [1;30mLevel 1[0m _identify(run_log/2026-03-14-01-46-07-400243-ubuntu-15887) by extension 'ignore'
[1.430s] [34mcolcon.colcon_core.package_identification[0m [1;30mLevel 1[0m _identify(run_log/2026-03-14-01-46-07-400243-ubuntu-15887) by extension 'ignore_ament_install'
[1.430s] [34mcolcon.colcon_core.package_identification[0m [1;30mLevel 1[0m _identify(run_log/2026-03-14-01-46-07-400243-ubuntu-15887) by extensions ['colcon_pkg']
[1.430s] [34mcolcon.colcon_core.package_identification[0m [1;30mLevel 1[0m _identify(run_log/2026-03-14-01-46-07-400243-ubuntu-15887) by extension 'colcon_pkg'
[1.430s] [34mcolcon.colcon_core.package_identification[0m [1;30mLevel 1[0m _identify(run_log/2026-03-14-01-46-07-400243-ubuntu-15887) by extensions ['colcon_meta']
[1.430s] [34mcolcon.colcon_core.package_identification[0m [1;30mLevel 1[0m _identify(run_log/2026-03-14-01-46-07-400243-ubuntu-15887) by extension 'colcon_meta'
[1.430s] [34mcolcon.colcon_core.package_identification[0m [1;30mLevel 1[0m _identify(run_log/2026-03-14-01-46-07-400243-ubuntu-15887) by extensions ['ros']
[1.430s] [34mcolcon.colcon_core.package_identification[0m [1;30mLevel 1[0m _identify(run_log/2026-03-14-01-46-07-400243-ubuntu-15887) by extension 'ros'
[1.430s] [34mcolcon.colcon_core.package_identification[0m [1;30mLevel 1[0m _identify(run_log/2026-03-14-01-46-07-400243-ubuntu-15887) by extensions ['cmake', 'python']
[1.430s] [34mcolcon.colcon_core.package_identification[0m [1;30mLevel 1[0m _identify(run_log/2026-03-14-01-46-07-400243-ubuntu-15887) by extension 'cmake'
[1.430s] [34mcolcon.colcon_core.package_identification[0m [1;30mLevel 1[0m _identify(run_log/2026-03-14-01-46-07-400243-ubuntu-15887) by extension 'python'
[1.431s] [34mcolcon.colcon_core.package_identification[0m [1;30mLevel 1[0m _identify(run_log/2026-03-14-01-46-07-400243-ubuntu-15887) by extensions ['python_setup_py']
[1.431s] [34mcolcon.colcon_core.package_identification[0m [1;30mLevel 1[0m _identify(run_log/2026-03-14-01-46-07-400243-ubuntu-15887) by extension 'python_setup_py'
[1.431s] [34mcolcon.colcon_core.package_identification[0m [1;30mLevel 1[0m _identify(run_log/2026-03-14-01-53-03-257675-ubuntu-16365) by extensions ['ignore', 'ignore_ament_install']
[1.431s] [34mcolcon.colcon_core.package_identification[0m [1;30mLevel 1[0m _identify(run_log/2026-03-14-01-53-03-257675-ubuntu-16365) by extension 'ignore'
[1.431s] [34mcolcon.colcon_core.package_identification[0m [1;30mLevel 1[0m _identify(run_log/2026-03-14-01-53-03-257675-ubuntu-16365) by extension 'ignore_ament_install'
[1.431s] [34mcolcon.colcon_core.package_identification[0m [1;30mLevel 1[0m _identify(run_log/2026-03-14-01-53-03-257675-ubuntu-16365) by extensions ['colcon_pkg']
[1.431s] [34mcolcon.colcon_core.package_identification[0m [1;30mLevel 1[0m _identify(run_log/2026-03-14-01-53-03-257675-ubuntu-16365) by extension 'colcon_pkg'
[1.431s] [34mcolcon.colcon_core.package_identification[0m [1;30mLevel 1[0m _identify(run_log/2026-03-14-01-53-03-257675-ubuntu-16365) by extensions ['colcon_meta']
[1.431s] [34mcolcon.colcon_core.package_identification[0m [1;30mLevel 1[0m _identify(run_log/2026-03-14-01-53-03-257675-ubuntu-16365) by extension 'colcon_meta'
[1.431s] [34mcolcon.colcon_core.package_identification[0m [1;30mLevel 1[0m _identify(run_log/2026-03-14-01-53-03-257675-ubuntu-16365) by extensions ['ros']
[1.431s] [34mcolcon.colcon_core.package_identification[0m [1;30mLevel 1[0m _identify(run_log/2026-03-14-01-53-03-257675-ubuntu-16365) by extension 'ros'
[1.431s] [34mcolcon.colcon_core.package_identification[0m [1;30mLevel 1[0m _identify(run_log/2026-03-14-01-53-03-257675-ubuntu-16365) by extensions ['cmake', 'python']
[1.431s] [34mcolcon.colcon_core.package_identification[0m [1;30mLevel 1[0m _identify(run_log/2026-03-14-01-53-03-257675-ubuntu-16365) by extension 'cmake'
[1.431s] [34mcolcon.colcon_core.package_identification[0m [1;30mLevel 1[0m _identify(run_log/2026-03-14-01-53-03-257675-ubuntu-16365) by extension 'python'
[1.431s] [34mcolcon.colcon_core.package_identification[0m [1;30mLevel 1[0m _identify(run_log/2026-03-14-01-53-03-257675-ubuntu-16365) by extensions ['python_setup_py']
[1.431s] [34mcolcon.colcon_core.package_identification[0m [1;30mLevel 1[0m _identify(run_log/2026-03-14-01-53-03-257675-ubuntu-16365) by extension 'python_setup_py'
[1.432s] [34mcolcon.colcon_core.package_identification[0m [1;30mLevel 1[0m _identify(run_log/2026-03-14-02-06-16-456999-ubuntu-17003) by extensions ['ignore', 'ignore_ament_install']
[1.432s] [34mcolcon.colcon_core.package_identification[0m [1;30mLevel 1[0m _identify(run_log/2026-03-14-02-06-16-456999-ubuntu-17003) by extension 'ignore'
[1.432s] [34mcolcon.colcon_core.package_identification[0m [1;30mLevel 1[0m _identify(run_log/2026-03-14-02-06-16-456999-ubuntu-17003) by extension 'ignore_ament_install'
[1.432s] [34mcolcon.colcon_core.package_identification[0m [1;30mLevel 1[0m _identify(run_log/2026-03-14-02-06-16-456999-ubuntu-17003) by extensions ['colcon_pkg']
[1.432s] [34mcolcon.colcon_core.package_identification[0m [1;30mLevel 1[0m _identify(run_log/2026-03-14-02-06-16-456999-ubuntu-17003) by extension 'colcon_pkg'
[1.432s] [34mcolcon.colcon_core.package_identification[0m [1;30mLevel 1[0m _identify(run_log/2026-03-14-02-06-16-456999-ubuntu-17003) by extensions ['colcon_meta']
[1.432s] [34mcolcon.colcon_core.package_identification[0m [1;30mLevel 1[0m _identify(run_log/2026-03-14-02-06-16-456999-ubuntu-17003) by extension 'colcon_meta'
[1.432s] [34mcolcon.colcon_core.package_identification[0m [1;30mLevel 1[0m _identify(run_log/2026-03-14-02-06-16-456999-ubuntu-17003) by extensions ['ros']
[1.432s] [34mcolcon.colcon_core.package_identification[0m [1;30mLevel 1[0m _identify(run_log/2026-03-14-02-06-16-456999-ubuntu-17003) by extension 'ros'
[1.432s] [34mcolcon.colcon_core.package_identification[0m [1;30mLevel 1[0m _identify(run_log/2026-03-14-02-06-16-456999-ubuntu-17003) by extensions ['cmake', 'python']
[1.432s] [34mcolcon.colcon_core.package_identification[0m [1;30mLevel 1[0m _identify(run_log/2026-03-14-02-06-16-456999-ubuntu-17003) by extension 'cmake'
[1.432s] [34mcolcon.colcon_core.package_identification[0m [1;30mLevel 1[0m _identify(run_log/2026-03-14-02-06-16-456999-ubuntu-17003) by extension 'python'
[1.432s] [34mcolcon.colcon_core.package_identification[0m [1;30mLevel 1[0m _identify(run_log/2026-03-14-02-06-16-456999-ubuntu-17003) by extensions ['python_setup_py']
[1.432s] [34mcolcon.colcon_core.package_identification[0m [1;30mLevel 1[0m _identify(run_log/2026-03-14-02-06-16-456999-ubuntu-17003) by extension 'python_setup_py'
[1.432s] [34mcolcon.colcon_core.package_identification[0m [1;30mLevel 1[0m _identify(run_log/2026-03-14-02-10-09-721276-ubuntu-17733) by extensions ['ignore', 'ignore_ament_install']
[1.432s] [34mcolcon.colcon_core.package_identification[0m [1;30mLevel 1[0m _identify(run_log/2026-03-14-02-10-09-721276-ubuntu-17733) by extension 'ignore'
[1.432s] [34mcolcon.colcon_core.package_identification[0m [1;30mLevel 1[0m _identify(run_log/2026-03-14-02-10-09-721276-ubuntu-17733) by extension 'ignore_ament_install'
[1.433s] [34mcolcon.colcon_core.package_identification[0m [1;30mLevel 1[0m _identify(run_log/2026-03-14-02-10-09-721276-ubuntu-17733) by extensions ['colcon_pkg']
[1.433s] [34mcolcon.colcon_core.package_identification[0m [1;30mLevel 1[0m _identify(run_log/2026-03-14-02-10-09-721276-ubuntu-17733) by extension 'colcon_pkg'
[1.433s] [34mcolcon.colcon_core.package_identification[0m [1;30mLevel 1[0m _identify(run_log/2026-03-14-02-10-09-721276-ubuntu-17733) by extensions ['colcon_meta']
[1.433s] [34mcolcon.colcon_core.package_identification[0m [1;30mLevel 1[0m _identify(run_log/2026-03-14-02-10-09-721276-ubuntu-17733) by extension 'colcon_meta'
[1.433s] [34mcolcon.colcon_core.package_identification[0m [1;30mLevel 1[0m _identify(run_log/2026-03-14-02-10-09-721276-ubuntu-17733) by extensions ['ros']
[1.433s] [34mcolcon.colcon_core.package_identification[0m [1;30mLevel 1[0m _identify(run_log/2026-03-14-02-10-09-721276-ubuntu-17733) by extension 'ros'
[1.433s] [34mcolcon.colcon_core.package_identification[0m [1;30mLevel 1[0m _identify(run_log/2026-03-14-02-10-09-721276-ubuntu-17733) by extensions ['cmake', 'python']
[1.433s] [34mcolcon.colcon_core.package_identification[0m [1;30mLevel 1[0m _identify(run_log/2026-03-14-02-10-09-721276-ubuntu-17733) by extension 'cmake'
[1.433s] [34mcolcon.colcon_core.package_identification[0m [1;30mLevel 1[0m _identify(run_log/2026-03-14-02-10-09-721276-ubuntu-17733) by extension 'python'
[1.433s] [34mcolcon.colcon_core.package_identification[0m [1;30mLevel 1[0m _identify(run_log/2026-03-14-02-10-09-721276-ubuntu-17733) by extensions ['python_setup_py']
[1.433s] [34mcolcon.colcon_core.package_identification[0m [1;30mLevel 1[0m _identify(run_log/2026-03-14-02-10-09-721276-ubuntu-17733) by extension 'python_setup_py'
[1.433s] [34mcolcon.colcon_core.package_identification[0m [1;30mLevel 1[0m _identify(run_log/2026-03-14-02-12-59-193253-ubuntu-18186) by extensions ['ignore', 'ignore_ament_install']
[1.433s] [34mcolcon.colcon_core.package_identification[0m [1;30mLevel 1[0m _identify(run_log/2026-03-14-02-12-59-193253-ubuntu-18186) by extension 'ignore'
[1.433s] [34mcolcon.colcon_core.package_identification[0m [1;30mLevel 1[0m _identify(run_log/2026-03-14-02-12-59-193253-ubuntu-18186) by extension 'ignore_ament_install'
[1.433s] [34mcolcon.colcon_core.package_identification[0m [1;30mLevel 1[0m _identify(run_log/2026-03-14-02-12-59-193253-ubuntu-18186) by extensions ['colcon_pkg']
[1.433s] [34mcolcon.colcon_core.package_identification[0m [1;30mLevel 1[0m _identify(run_log/2026-03-14-02-12-59-193253-ubuntu-18186) by extension 'colcon_pkg'
[1.433s] [34mcolcon.colcon_core.package_identification[0m [1;30mLevel 1[0m _identify(run_log/2026-03-14-02-12-59-193253-ubuntu-18186) by extensions ['colcon_meta']
[1.434s] [34mcolcon.colcon_core.package_identification[0m [1;30mLevel 1[0m _identify(run_log/2026-03-14-02-12-59-193253-ubuntu-18186) by extension 'colcon_meta'
[1.434s] [34mcolcon.colcon_core.package_identification[0m [1;30mLevel 1[0m _identify(run_log/2026-03-14-02-12-59-193253-ubuntu-18186) by extensions ['ros']
[1.434s] [34mcolcon.colcon_core.package_identification[0m [1;30mLevel 1[0m _identify(run_log/2026-03-14-02-12-59-193253-ubuntu-18186) by extension 'ros'
[1.434s] [34mcolcon.colcon_core.package_identification[0m [1;30mLevel 1[0m _identify(run_log/2026-03-14-02-12-59-193253-ubuntu-18186) by extensions ['cmake', 'python']
[1.434s] [34mcolcon.colcon_core.package_identification[0m [1;30mLevel 1[0m _identify(run_log/2026-03-14-02-12-59-193253-ubuntu-18186) by extension 'cmake'
[1.434s] [34mcolcon.colcon_core.package_identification[0m [1;30mLevel 1[0m _identify(run_log/2026-03-14-02-12-59-193253-ubuntu-18186) by extension 'python'
[1.434s] [34mcolcon.colcon_core.package_identification[0m [1;30mLevel 1[0m _identify(run_log/2026-03-14-02-12-59-193253-ubuntu-18186) by extensions ['python_setup_py']
[1.434s] [34mcolcon.colcon_core.package_identification[0m [1;30mLevel 1[0m _identify(run_log/2026-03-14-02-12-59-193253-ubuntu-18186) by extension 'python_setup_py'
[1.434s] [34mcolcon.colcon_core.package_identification[0m [1;30mLevel 1[0m _identify(run_log/2026-03-14-02-13-33-098960-ubuntu-18567) by extensions ['ignore', 'ignore_ament_install']
[1.434s] [34mcolcon.colcon_core.package_identification[0m [1;30mLevel 1[0m _identify(run_log/2026-03-14-02-13-33-098960-ubuntu-18567) by extension 'ignore'
[1.434s] [34mcolcon.colcon_core.package_identification[0m [1;30mLevel 1[0m _identify(run_log/2026-03-14-02-13-33-098960-ubuntu-18567) by extension 'ignore_ament_install'
[1.434s] [34mcolcon.colcon_core.package_identification[0m [1;30mLevel 1[0m _identify(run_log/2026-03-14-02-13-33-098960-ubuntu-18567) by extensions ['colcon_pkg']
[1.434s] [34mcolcon.colcon_core.package_identification[0m [1;30mLevel 1[0m _identify(run_log/2026-03-14-02-13-33-098960-ubuntu-18567) by extension 'colcon_pkg'
[1.434s] [34mcolcon.colcon_core.package_identification[0m [1;30mLevel 1[0m _identify(run_log/2026-03-14-02-13-33-098960-ubuntu-18567) by extensions ['colcon_meta']
[1.434s] [34mcolcon.colcon_core.package_identification[0m [1;30mLevel 1[0m _identify(run_log/2026-03-14-02-13-33-098960-ubuntu-18567) by extension 'colcon_meta'
[1.434s] [34mcolcon.colcon_core.package_identification[0m [1;30mLevel 1[0m _identify(run_log/2026-03-14-02-13-33-098960-ubuntu-18567) by extensions ['ros']
[1.434s] [34mcolcon.colcon_core.package_identification[0m [1;30mLevel 1[0m _identify(run_log/2026-03-14-02-13-33-098960-ubuntu-18567) by extension 'ros'
[1.434s] [34mcolcon.colcon_core.package_identification[0m [1;30mLevel 1[0m _identify(run_log/2026-03-14-02-13-33-098960-ubuntu-18567) by extensions ['cmake', 'python']
[1.435s] [34mcolcon.colcon_core.package_identification[0m [1;30mLevel 1[0m _identify(run_log/2026-03-14-02-13-33-098960-ubuntu-18567) by extension 'cmake'
[1.435s] [34mcolcon.colcon_core.package_identification[0m [1;30mLevel 1[0m _identify(run_log/2026-03-14-02-13-33-098960-ubuntu-18567) by extension 'python'
[1.435s] [34mcolcon.colcon_core.package_identification[0m [1;30mLevel 1[0m _identify(run_log/2026-03-14-02-13-33-098960-ubuntu-18567) by extensions ['python_setup_py']
[1.435s] [34mcolcon.colcon_core.package_identification[0m [1;30mLevel 1[0m _identify(run_log/2026-03-14-02-13-33-098960-ubuntu-18567) by extension 'python_setup_py'
[1.435s] [34mcolcon.colcon_core.package_identification[0m [1;30mLevel 1[0m _identify(run_log/2026-03-14-02-14-00-092662-ubuntu-18941) by extensions ['ignore', 'ignore_ament_install']
[1.435s] [34mcolcon.colcon_core.package_identification[0m [1;30mLevel 1[0m _identify(run_log/2026-03-14-02-14-00-092662-ubuntu-18941) by extension 'ignore'
[1.435s] [34mcolcon.colcon_core.package_identification[0m [1;30mLevel 1[0m _identify(run_log/2026-03-14-02-14-00-092662-ubuntu-18941) by extension 'ignore_ament_install'
[1.435s] [34mcolcon.colcon_core.package_identification[0m [1;30mLevel 1[0m _identify(run_log/2026-03-14-02-14-00-092662-ubuntu-18941) by extensions ['colcon_pkg']
[1.435s] [34mcolcon.colcon_core.package_identification[0m [1;30mLevel 1[0m _identify(run_log/2026-03-14-02-14-00-092662-ubuntu-18941) by extension 'colcon_pkg'
[1.435s] [34mcolcon.colcon_core.package_identification[0m [1;30mLevel 1[0m _identify(run_log/2026-03-14-02-14-00-092662-ubuntu-18941) by extensions ['colcon_meta']
[1.435s] [34mcolcon.colcon_core.package_identification[0m [1;30mLevel 1[0m _identify(run_log/2026-03-14-02-14-00-092662-ubuntu-18941) by extension 'colcon_meta'
[1.435s] [34mcolcon.colcon_core.package_identification[0m [1;30mLevel 1[0m _identify(run_log/2026-03-14-02-14-00-092662-ubuntu-18941) by extensions ['ros']
[1.435s] [34mcolcon.colcon_core.package_identification[0m [1;30mLevel 1[0m _identify(run_log/2026-03-14-02-14-00-092662-ubuntu-18941) by extension 'ros'
[1.435s] [34mcolcon.colcon_core.package_identification[0m [1;30mLevel 1[0m _identify(run_log/2026-03-14-02-14-00-092662-ubuntu-18941) by extensions ['cmake', 'python']
[1.435s] [34mcolcon.colcon_core.package_identification[0m [1;30mLevel 1[0m _identify(run_log/2026-03-14-02-14-00-092662-ubuntu-18941) by extension 'cmake'
[1.435s] [34mcolcon.colcon_core.package_identification[0m [1;30mLevel 1[0m _identify(run_log/2026-03-14-02-14-00-092662-ubuntu-18941) by extension 'python'
[1.436s] [34mcolcon.colcon_core.package_identification[0m [1;30mLevel 1[0m _identify(run_log/2026-03-14-02-14-00-092662-ubuntu-18941) by extensions ['python_setup_py']
[1.436s] [34mcolcon.colcon_core.package_identification[0m [1;30mLevel 1[0m _identify(run_log/2026-03-14-02-14-00-092662-ubuntu-18941) by extension 'python_setup_py'
[1.436s] [34mcolcon.colcon_core.package_identification[0m [1;30mLevel 1[0m _identify(run_log/2026-03-14-02-15-18-086462-ubuntu-19367) by extensions ['ignore', 'ignore_ament_install']
[1.436s] [34mcolcon.colcon_core.package_identification[0m [1;30mLevel 1[0m _identify(run_log/2026-03-14-02-15-18-086462-ubuntu-19367) by extension 'ignore'
[1.436s] [34mcolcon.colcon_core.package_identification[0m [1;30mLevel 1[0m _identify(run_log/2026-03-14-02-15-18-086462-ubuntu-19367) by extension 'ignore_ament_install'
[1.436s] [34mcolcon.colcon_core.package_identification[0m [1;30mLevel 1[0m _identify(run_log/2026-03-14-02-15-18-086462-ubuntu-19367) by extensions ['colcon_pkg']
[1.436s] [34mcolcon.colcon_core.package_identification[0m [1;30mLevel 1[0m _identify(run_log/2026-03-14-02-15-18-086462-ubuntu-19367) by extension 'colcon_pkg'
[1.436s] [34mcolcon.colcon_core.package_identification[0m [1;30mLevel 1[0m _identify(run_log/2026-03-14-02-15-18-086462-ubuntu-19367) by extensions ['colcon_meta']
[1.436s] [34mcolcon.colcon_core.package_identification[0m [1;30mLevel 1[0m _identify(run_log/2026-03-14-02-15-18-086462-ubuntu-19367) by extension 'colcon_meta'
[1.436s] [34mcolcon.colcon_core.package_identification[0m [1;30mLevel 1[0m _identify(run_log/2026-03-14-02-15-18-086462-ubuntu-19367) by extensions ['ros']
[1.436s] [34mcolcon.colcon_core.package_identification[0m [1;30mLevel 1[0m _identify(run_log/2026-03-14-02-15-18-086462-ubuntu-19367) by extension 'ros'
[1.436s] [34mcolcon.colcon_core.package_identification[0m [1;30mLevel 1[0m _identify(run_log/2026-03-14-02-15-18-086462-ubuntu-19367) by extensions ['cmake', 'python']
[1.436s] [34mcolcon.colcon_core.package_identification[0m [1;30mLevel 1[0m _identify(run_log/2026-03-14-02-15-18-086462-ubuntu-19367) by extension 'cmake'
[1.436s] [34mcolcon.colcon_core.package_identification[0m [1;30mLevel 1[0m _identify(run_log/2026-03-14-02-15-18-086462-ubuntu-19367) by extension 'python'
[1.436s] [34mcolcon.colcon_core.package_identification[0m [1;30mLevel 1[0m _identify(run_log/2026-03-14-02-15-18-086462-ubuntu-19367) by extensions ['python_setup_py']
[1.436s] [34mcolcon.colcon_core.package_identification[0m [1;30mLevel 1[0m _identify(run_log/2026-03-14-02-15-18-086462-ubuntu-19367) by extension 'python_setup_py'
[1.436s] [34mcolcon.colcon_core.package_identification[0m [1;30mLevel 1[0m _identify(run_log/2026-03-16-05-56-54-389596-ubuntu-4177) by extensions ['ignore', 'ignore_ament_install']
[1.437s] [34mcolcon.colcon_core.package_identification[0m [1;30mLevel 1[0m _identify(run_log/2026-03-16-05-56-54-389596-ubuntu-4177) by extension 'ignore'
[1.437s] [34mcolcon.colcon_core.package_identification[0m [1;30mLevel 1[0m _identify(run_log/2026-03-16-05-56-54-389596-ubuntu-4177) by extension 'ignore_ament_install'
[1.437s] [34mcolcon.colcon_core.package_identification[0m [1;30mLevel 1[0m _identify(run_log/2026-03-16-05-56-54-389596-ubuntu-4177) by extensions ['colcon_pkg']
[1.437s] [34mcolcon.colcon_core.package_identification[0m [1;30mLevel 1[0m _identify(run_log/2026-03-16-05-56-54-389596-ubuntu-4177) by extension 'colcon_pkg'
[1.437s] [34mcolcon.colcon_core.package_identification[0m [1;30mLevel 1[0m _identify(run_log/2026-03-16-05-56-54-389596-ubuntu-4177) by extensions ['colcon_meta']
[1.437s] [34mcolcon.colcon_core.package_identification[0m [1;30mLevel 1[0m _identify(run_log/2026-03-16-05-56-54-389596-ubuntu-4177) by extension 'colcon_meta'
[1.437s] [34mcolcon.colcon_core.package_identification[0m [1;30mLevel 1[0m _identify(run_log/2026-03-16-05-56-54-389596-ubuntu-4177) by extensions ['ros']
[1.437s] [34mcolcon.colcon_core.package_identification[0m [1;30mLevel 1[0m _identify(run_log/2026-03-16-05-56-54-389596-ubuntu-4177) by extension 'ros'
[1.437s] [34mcolcon.colcon_core.package_identification[0m [1;30mLevel 1[0m _identify(run_log/2026-03-16-05-56-54-389596-ubuntu-4177) by extensions ['cmake', 'python']
[1.437s] [34mcolcon.colcon_core.package_identification[0m [1;30mLevel 1[0m _identify(run_log/2026-03-16-05-56-54-389596-ubuntu-4177) by extension 'cmake'
[1.437s] [34mcolcon.colcon_core.package_identification[0m [1;30mLevel 1[0m _identify(run_log/2026-03-16-05-56-54-389596-ubuntu-4177) by extension 'python'
[1.437s] [34mcolcon.colcon_core.package_identification[0m [1;30mLevel 1[0m _identify(run_log/2026-03-16-05-56-54-389596-ubuntu-4177) by extensions ['python_setup_py']
[1.437s] [34mcolcon.colcon_core.package_identification[0m [1;30mLevel 1[0m _identify(run_log/2026-03-16-05-56-54-389596-ubuntu-4177) by extension 'python_setup_py'
[1.437s] [34mcolcon.colcon_core.package_identification[0m [1;30mLevel 1[0m _identify(run_log/2026-03-16-07-24-01-908057-ubuntu-6648) by extensions ['ignore', 'ignore_ament_install']
[1.437s] [34mcolcon.colcon_core.package_identification[0m [1;30mLevel 1[0m _identify(run_log/2026-03-16-07-24-01-908057-ubuntu-6648) by extension 'ignore'
[1.437s] [34mcolcon.colcon_core.package_identification[0m [1;30mLevel 1[0m _identify(run_log/2026-03-16-07-24-01-908057-ubuntu-6648) by extension 'ignore_ament_install'
[1.437s] [34mcolcon.colcon_core.package_identification[0m [1;30mLevel 1[0m _identify(run_log/2026-03-16-07-24-01-908057-ubuntu-6648) by extensions ['colcon_pkg']
[1.437s] [34mcolcon.colcon_core.package_identification[0m [1;30mLevel 1[0m _identify(run_log/2026-03-16-07-24-01-908057-ubuntu-6648) by extension 'colcon_pkg'
[1.438s] [34mcolcon.colcon_core.package_identification[0m [1;30mLevel 1[0m _identify(run_log/2026-03-16-07-24-01-908057-ubuntu-6648) by extensions ['colcon_meta']
[1.438s] [34mcolcon.colcon_core.package_identification[0m [1;30mLevel 1[0m _identify(run_log/2026-03-16-07-24-01-908057-ubuntu-6648) by extension 'colcon_meta'
[1.438s] [34mcolcon.colcon_core.package_identification[0m [1;30mLevel 1[0m _identify(run_log/2026-03-16-07-24-01-908057-ubuntu-6648) by extensions ['ros']
[1.438s] [34mcolcon.colcon_core.package_identification[0m [1;30mLevel 1[0m _identify(run_log/2026-03-16-07-24-01-908057-ubuntu-6648) by extension 'ros'
[1.438s] [34mcolcon.colcon_core.package_identification[0m [1;30mLevel 1[0m _identify(run_log/2026-03-16-07-24-01-908057-ubuntu-6648) by extensions ['cmake', 'python']
[1.438s] [34mcolcon.colcon_core.package_identification[0m [1;30mLevel 1[0m _identify(run_log/2026-03-16-07-24-01-908057-ubuntu-6648) by extension 'cmake'
[1.438s] [34mcolcon.colcon_core.package_identification[0m [1;30mLevel 1[0m _identify(run_log/2026-03-16-07-24-01-908057-ubuntu-6648) by extension 'python'
[1.438s] [34mcolcon.colcon_core.package_identification[0m [1;30mLevel 1[0m _identify(run_log/2026-03-16-07-24-01-908057-ubuntu-6648) by extensions ['python_setup_py']
[1.438s] [34mcolcon.colcon_core.package_identification[0m [1;30mLevel 1[0m _identify(run_log/2026-03-16-07-24-01-908057-ubuntu-6648) by extension 'python_setup_py'
[1.438s] [34mcolcon.colcon_core.package_identification[0m [1;30mLevel 1[0m _identify(run_log/2026-03-16-07-25-17-661965-ubuntu-6859) by extensions ['ignore', 'ignore_ament_install']
[1.438s] [34mcolcon.colcon_core.package_identification[0m [1;30mLevel 1[0m _identify(run_log/2026-03-16-07-25-17-661965-ubuntu-6859) by extension 'ignore'
[1.438s] [34mcolcon.colcon_core.package_identification[0m [1;30mLevel 1[0m _identify(run_log/2026-03-16-07-25-17-661965-ubuntu-6859) by extension 'ignore_ament_install'
[1.438s] [34mcolcon.colcon_core.package_identification[0m [1;30mLevel 1[0m _identify(run_log/2026-03-16-07-25-17-661965-ubuntu-6859) by extensions ['colcon_pkg']
[1.438s] [34mcolcon.colcon_core.package_identification[0m [1;30mLevel 1[0m _identify(run_log/2026-03-16-07-25-17-661965-ubuntu-6859) by extension 'colcon_pkg'
[1.438s] [34mcolcon.colcon_core.package_identification[0m [1;30mLevel 1[0m _identify(run_log/2026-03-16-07-25-17-661965-ubuntu-6859) by extensions ['colcon_meta']
[1.438s] [34mcolcon.colcon_core.package_identification[0m [1;30mLevel 1[0m _identify(run_log/2026-03-16-07-25-17-661965-ubuntu-6859) by extension 'colcon_meta'
[1.438s] [34mcolcon.colcon_core.package_identification[0m [1;30mLevel 1[0m _identify(run_log/2026-03-16-07-25-17-661965-ubuntu-6859) by extensions ['ros']
[1.438s] [34mcolcon.colcon_core.package_identification[0m [1;30mLevel 1[0m _identify(run_log/2026-03-16-07-25-17-661965-ubuntu-6859) by extension 'ros'
[1.439s] [34mcolcon.colcon_core.package_identification[0m [1;30mLevel 1[0m _identify(run_log/2026-03-16-07-25-17-661965-ubuntu-6859) by extensions ['cmake', 'python']
[1.439s] [34mcolcon.colcon_core.package_identification[0m [1;30mLevel 1[0m _identify(run_log/2026-03-16-07-25-17-661965-ubuntu-6859) by extension 'cmake'
[1.439s] [34mcolcon.colcon_core.package_identification[0m [1;30mLevel 1[0m _identify(run_log/2026-03-16-07-25-17-661965-ubuntu-6859) by extension 'python'
[1.439s] [34mcolcon.colcon_core.package_identification[0m [1;30mLevel 1[0m _identify(run_log/2026-03-16-07-25-17-661965-ubuntu-6859) by extensions ['python_setup_py']
[1.439s] [34mcolcon.colcon_core.package_identification[0m [1;30mLevel 1[0m _identify(run_log/2026-03-16-07-25-17-661965-ubuntu-6859) by extension 'python_setup_py'
[1.439s] [34mcolcon.colcon_core.package_identification[0m [1;30mLevel 1[0m _identify(run_log/2026-03-16-07-31-10-379024-ubuntu-7662) by extensions ['ignore', 'ignore_ament_install']
[1.439s] [34mcolcon.colcon_core.package_identification[0m [1;30mLevel 1[0m _identify(run_log/2026-03-16-07-31-10-379024-ubuntu-7662) by extension 'ignore'
[1.439s] [34mcolcon.colcon_core.package_identification[0m [1;30mLevel 1[0m _identify(run_log/2026-03-16-07-31-10-379024-ubuntu-7662) by extension 'ignore_ament_install'
[1.439s] [34mcolcon.colcon_core.package_identification[0m [1;30mLevel 1[0m _identify(run_log/2026-03-16-07-31-10-379024-ubuntu-7662) by extensions ['colcon_pkg']
[1.439s] [34mcolcon.colcon_core.package_identification[0m [1;30mLevel 1[0m _identify(run_log/2026-03-16-07-31-10-379024-ubuntu-7662) by extension 'colcon_pkg'
[1.439s] [34mcolcon.colcon_core.package_identification[0m [1;30mLevel 1[0m _identify(run_log/2026-03-16-07-31-10-379024-ubuntu-7662) by extensions ['colcon_meta']
[1.439s] [34mcolcon.colcon_core.package_identification[0m [1;30mLevel 1[0m _identify(run_log/2026-03-16-07-31-10-379024-ubuntu-7662) by extension 'colcon_meta'
[1.439s] [34mcolcon.colcon_core.package_identification[0m [1;30mLevel 1[0m _identify(run_log/2026-03-16-07-31-10-379024-ubuntu-7662) by extensions ['ros']
[1.439s] [34mcolcon.colcon_core.package_identification[0m [1;30mLevel 1[0m _identify(run_log/2026-03-16-07-31-10-379024-ubuntu-7662) by extension 'ros'
[1.439s] [34mcolcon.colcon_core.package_identification[0m [1;30mLevel 1[0m _identify(run_log/2026-03-16-07-31-10-379024-ubuntu-7662) by extensions ['cmake', 'python']
[1.439s] [34mcolcon.colcon_core.package_identification[0m [1;30mLevel 1[0m _identify(run_log/2026-03-16-07-31-10-379024-ubuntu-7662) by extension 'cmake'
[1.439s] [34mcolcon.colcon_core.package_identification[0m [1;30mLevel 1[0m _identify(run_log/2026-03-16-07-31-10-379024-ubuntu-7662) by extension 'python'
[1.439s] [34mcolcon.colcon_core.package_identification[0m [1;30mLevel 1[0m _identify(run_log/2026-03-16-07-31-10-379024-ubuntu-7662) by extensions ['python_setup_py']
[1.439s] [34mcolcon.colcon_core.package_identification[0m [1;30mLevel 1[0m _identify(run_log/2026-03-16-07-31-10-379024-ubuntu-7662) by extension 'python_setup_py'
[1.440s] [34mcolcon.colcon_core.package_identification[0m [1;30mLevel 1[0m _identify(run_log/2026-03-16-07-58-48-298553-ubuntu-8120) by extensions ['ignore', 'ignore_ament_install']
[1.440s] [34mcolcon.colcon_core.package_identification[0m [1;30mLevel 1[0m _identify(run_log/2026-03-16-07-58-48-298553-ubuntu-8120) by extension 'ignore'
[1.440s] [34mcolcon.colcon_core.package_identification[0m [1;30mLevel 1[0m _identify(run_log/2026-03-16-07-58-48-298553-ubuntu-8120) by extension 'ignore_ament_install'
[1.440s] [34mcolcon.colcon_core.package_identification[0m [1;30mLevel 1[0m _identify(run_log/2026-03-16-07-58-48-298553-ubuntu-8120) by extensions ['colcon_pkg']
[1.440s] [34mcolcon.colcon_core.package_identification[0m [1;30mLevel 1[0m _identify(run_log/2026-03-16-07-58-48-298553-ubuntu-8120) by extension 'colcon_pkg'
[1.440s] [34mcolcon.colcon_core.package_identification[0m [1;30mLevel 1[0m _identify(run_log/2026-03-16-07-58-48-298553-ubuntu-8120) by extensions ['colcon_meta']
[1.440s] [34mcolcon.colcon_core.package_identification[0m [1;30mLevel 1[0m _identify(run_log/2026-03-16-07-58-48-298553-ubuntu-8120) by extension 'colcon_meta'
[1.440s] [34mcolcon.colcon_core.package_identification[0m [1;30mLevel 1[0m _identify(run_log/2026-03-16-07-58-48-298553-ubuntu-8120) by extensions ['ros']
[1.440s] [34mcolcon.colcon_core.package_identification[0m [1;30mLevel 1[0m _identify(run_log/2026-03-16-07-58-48-298553-ubuntu-8120) by extension 'ros'
[1.440s] [34mcolcon.colcon_core.package_identification[0m [1;30mLevel 1[0m _identify(run_log/2026-03-16-07-58-48-298553-ubuntu-8120) by extensions ['cmake', 'python']
[1.440s] [34mcolcon.colcon_core.package_identification[0m [1;30mLevel 1[0m _identify(run_log/2026-03-16-07-58-48-298553-ubuntu-8120) by extension 'cmake'
[1.440s] [34mcolcon.colcon_core.package_identification[0m [1;30mLevel 1[0m _identify(run_log/2026-03-16-07-58-48-298553-ubuntu-8120) by extension 'python'
[1.440s] [34mcolcon.colcon_core.package_identification[0m [1;30mLevel 1[0m _identify(run_log/2026-03-16-07-58-48-298553-ubuntu-8120) by extensions ['python_setup_py']
[1.440s] [34mcolcon.colcon_core.package_identification[0m [1;30mLevel 1[0m _identify(run_log/2026-03-16-07-58-48-298553-ubuntu-8120) by extension 'python_setup_py'
[1.440s] [34mcolcon.colcon_core.package_identification[0m [1;30mLevel 1[0m _identify(run_log/2026-03-16-23-46-07-466104-ubuntu-6423) by extensions ['ignore', 'ignore_ament_install']
[1.442s] [34mcolcon.colcon_core.package_identification[0m [1;30mLevel 1[0m _identify(run_log/2026-03-16-23-46-07-466104-ubuntu-6423) by extension 'ignore'
[1.442s] [34mcolcon.colcon_core.package_identification[0m [1;30mLevel 1[0m _identify(run_log/2026-03-16-23-46-07-466104-ubuntu-6423) by extension 'ignore_ament_install'
[1.442s] [34mcolcon.colcon_core.package_identification[0m [1;30mLevel 1[0m _identify(run_log/2026-03-16-23-46-07-466104-ubuntu-6423) by extensions ['colcon_pkg']
[1.442s] [34mcolcon.colcon_core.package_identification[0m [1;30mLevel 1[0m _identify(run_log/2026-03-16-23-46-07-466104-ubuntu-6423) by extension 'colcon_pkg'
[1.442s] [34mcolcon.colcon_core.package_identification[0m [1;30mLevel 1[0m _identify(run_log/2026-03-16-23-46-07-466104-ubuntu-6423) by extensions ['colcon_meta']
[1.442s] [34mcolcon.colcon_core.package_identification[0m [1;30mLevel 1[0m _identify(run_log/2026-03-16-23-46-07-466104-ubuntu-6423) by extension 'colcon_meta'
[1.442s] [34mcolcon.colcon_core.package_identification[0m [1;30mLevel 1[0m _identify(run_log/2026-03-16-23-46-07-466104-ubuntu-6423) by extensions ['ros']
[1.442s] [34mcolcon.colcon_core.package_identification[0m [1;30mLevel 1[0m _identify(run_log/2026-03-16-23-46-07-466104-ubuntu-6423) by extension 'ros'
[1.442s] [34mcolcon.colcon_core.package_identification[0m [1;30mLevel 1[0m _identify(run_log/2026-03-16-23-46-07-466104-ubuntu-6423) by extensions ['cmake', 'python']
[1.442s] [34mcolcon.colcon_core.package_identification[0m [1;30mLevel 1[0m _identify(run_log/2026-03-16-23-46-07-466104-ubuntu-6423) by extension 'cmake'
[1.442s] [34mcolcon.colcon_core.package_identification[0m [1;30mLevel 1[0m _identify(run_log/2026-03-16-23-46-07-466104-ubuntu-6423) by extension 'python'
[1.442s] [34mcolcon.colcon_core.package_identification[0m [1;30mLevel 1[0m _identify(run_log/2026-03-16-23-46-07-466104-ubuntu-6423) by extensions ['python_setup_py']
[1.442s] [34mcolcon.colcon_core.package_identification[0m [1;30mLevel 1[0m _identify(run_log/2026-03-16-23-46-07-466104-ubuntu-6423) by extension 'python_setup_py'
[1.442s] [34mcolcon.colcon_core.package_identification[0m [1;30mLevel 1[0m _identify(run_log/2026-03-16-23-53-37-123739-ubuntu-6869) by extensions ['ignore', 'ignore_ament_install']
[1.443s] [34mcolcon.colcon_core.package_identification[0m [1;30mLevel 1[0m _identify(run_log/2026-03-16-23-53-37-123739-ubuntu-6869) by extension 'ignore'
[1.443s] [34mcolcon.colcon_core.package_identification[0m [1;30mLevel 1[0m _identify(run_log/2026-03-16-23-53-37-123739-ubuntu-6869) by extension 'ignore_ament_install'
[1.443s] [34mcolcon.colcon_core.package_identification[0m [1;30mLevel 1[0m _identify(run_log/2026-03-16-23-53-37-123739-ubuntu-6869) by extensions ['colcon_pkg']
[1.443s] [34mcolcon.colcon_core.package_identification[0m [1;30mLevel 1[0m _identify(run_log/2026-03-16-23-53-37-123739-ubuntu-6869) by extension 'colcon_pkg'
[1.443s] [34mcolcon.colcon_core.package_identification[0m [1;30mLevel 1[0m _identify(run_log/2026-03-16-23-53-37-123739-ubuntu-6869) by extensions ['colcon_meta']
[1.443s] [34mcolcon.colcon_core.package_identification[0m [1;30mLevel 1[0m _identify(run_log/2026-03-16-23-53-37-123739-ubuntu-6869) by extension 'colcon_meta'
[1.443s] [34mcolcon.colcon_core.package_identification[0m [1;30mLevel 1[0m _identify(run_log/2026-03-16-23-53-37-123739-ubuntu-6869) by extensions ['ros']
[1.443s] [34mcolcon.colcon_core.package_identification[0m [1;30mLevel 1[0m _identify(run_log/2026-03-16-23-53-37-123739-ubuntu-6869) by extension 'ros'
[1.443s] [34mcolcon.colcon_core.package_identification[0m [1;30mLevel 1[0m _identify(run_log/2026-03-16-23-53-37-123739-ubuntu-6869) by extensions ['cmake', 'python']
[1.443s] [34mcolcon.colcon_core.package_identification[0m [1;30mLevel 1[0m _identify(run_log/2026-03-16-23-53-37-123739-ubuntu-6869) by extension 'cmake'
[1.443s] [34mcolcon.colcon_core.package_identification[0m [1;30mLevel 1[0m _identify(run_log/2026-03-16-23-53-37-123739-ubuntu-6869) by extension 'python'
[1.443s] [34mcolcon.colcon_core.package_identification[0m [1;30mLevel 1[0m _identify(run_log/2026-03-16-23-53-37-123739-ubuntu-6869) by extensions ['python_setup_py']
[1.443s] [34mcolcon.colcon_core.package_identification[0m [1;30mLevel 1[0m _identify(run_log/2026-03-16-23-53-37-123739-ubuntu-6869) by extension 'python_setup_py'
[1.443s] [34mcolcon.colcon_core.package_identification[0m [1;30mLevel 1[0m _identify(run_log/2026-03-17-00-58-51-937711-ubuntu-8327) by extensions ['ignore', 'ignore_ament_install']
[1.443s] [34mcolcon.colcon_core.package_identification[0m [1;30mLevel 1[0m _identify(run_log/2026-03-17-00-58-51-937711-ubuntu-8327) by extension 'ignore'
[1.443s] [34mcolcon.colcon_core.package_identification[0m [1;30mLevel 1[0m _identify(run_log/2026-03-17-00-58-51-937711-ubuntu-8327) by extension 'ignore_ament_install'
[1.444s] [34mcolcon.colcon_core.package_identification[0m [1;30mLevel 1[0m _identify(run_log/2026-03-17-00-58-51-937711-ubuntu-8327) by extensions ['colcon_pkg']
[1.444s] [34mcolcon.colcon_core.package_identification[0m [1;30mLevel 1[0m _identify(run_log/2026-03-17-00-58-51-937711-ubuntu-8327) by extension 'colcon_pkg'
[1.444s] [34mcolcon.colcon_core.package_identification[0m [1;30mLevel 1[0m _identify(run_log/2026-03-17-00-58-51-937711-ubuntu-8327) by extensions ['colcon_meta']
[1.444s] [34mcolcon.colcon_core.package_identification[0m [1;30mLevel 1[0m _identify(run_log/2026-03-17-00-58-51-937711-ubuntu-8327) by extension 'colcon_meta'
[1.444s] [34mcolcon.colcon_core.package_identification[0m [1;30mLevel 1[0m _identify(run_log/2026-03-17-00-58-51-937711-ubuntu-8327) by extensions ['ros']
[1.444s] [34mcolcon.colcon_core.package_identification[0m [1;30mLevel 1[0m _identify(run_log/2026-03-17-00-58-51-937711-ubuntu-8327) by extension 'ros'
[1.444s] [34mcolcon.colcon_core.package_identification[0m [1;30mLevel 1[0m _identify(run_log/2026-03-17-00-58-51-937711-ubuntu-8327) by extensions ['cmake', 'python']
[1.444s] [34mcolcon.colcon_core.package_identification[0m [1;30mLevel 1[0m _identify(run_log/2026-03-17-00-58-51-937711-ubuntu-8327) by extension 'cmake'
[1.444s] [34mcolcon.colcon_core.package_identification[0m [1;30mLevel 1[0m _identify(run_log/2026-03-17-00-58-51-937711-ubuntu-8327) by extension 'python'
[1.444s] [34mcolcon.colcon_core.package_identification[0m [1;30mLevel 1[0m _identify(run_log/2026-03-17-00-58-51-937711-ubuntu-8327) by extensions ['python_setup_py']
[1.444s] [34mcolcon.colcon_core.package_identification[0m [1;30mLevel 1[0m _identify(run_log/2026-03-17-00-58-51-937711-ubuntu-8327) by extension 'python_setup_py'
[1.444s] [34mcolcon.colcon_core.package_identification[0m [1;30mLevel 1[0m _identify(run_log/2026-03-17-01-02-02-536444-ubuntu-8725) by extensions ['ignore', 'ignore_ament_install']
[1.444s] [34mcolcon.colcon_core.package_identification[0m [1;30mLevel 1[0m _identify(run_log/2026-03-17-01-02-02-536444-ubuntu-8725) by extension 'ignore'
[1.444s] [34mcolcon.colcon_core.package_identification[0m [1;30mLevel 1[0m _identify(run_log/2026-03-17-01-02-02-536444-ubuntu-8725) by extension 'ignore_ament_install'
[1.444s] [34mcolcon.colcon_core.package_identification[0m [1;30mLevel 1[0m _identify(run_log/2026-03-17-01-02-02-536444-ubuntu-8725) by extensions ['colcon_pkg']
[1.444s] [34mcolcon.colcon_core.package_identification[0m [1;30mLevel 1[0m _identify(run_log/2026-03-17-01-02-02-536444-ubuntu-8725) by extension 'colcon_pkg'
[1.444s] [34mcolcon.colcon_core.package_identification[0m [1;30mLevel 1[0m _identify(run_log/2026-03-17-01-02-02-536444-ubuntu-8725) by extensions ['colcon_meta']
[1.444s] [34mcolcon.colcon_core.package_identification[0m [1;30mLevel 1[0m _identify(run_log/2026-03-17-01-02-02-536444-ubuntu-8725) by extension 'colcon_meta'
[1.444s] [34mcolcon.colcon_core.package_identification[0m [1;30mLevel 1[0m _identify(run_log/2026-03-17-01-02-02-536444-ubuntu-8725) by extensions ['ros']
[1.444s] [34mcolcon.colcon_core.package_identification[0m [1;30mLevel 1[0m _identify(run_log/2026-03-17-01-02-02-536444-ubuntu-8725) by extension 'ros'
[1.445s] [34mcolcon.colcon_core.package_identification[0m [1;30mLevel 1[0m _identify(run_log/2026-03-17-01-02-02-536444-ubuntu-8725) by extensions ['cmake', 'python']
[1.445s] [34mcolcon.colcon_core.package_identification[0m [1;30mLevel 1[0m _identify(run_log/2026-03-17-01-02-02-536444-ubuntu-8725) by extension 'cmake'
[1.445s] [34mcolcon.colcon_core.package_identification[0m [1;30mLevel 1[0m _identify(run_log/2026-03-17-01-02-02-536444-ubuntu-8725) by extension 'python'
[1.445s] [34mcolcon.colcon_core.package_identification[0m [1;30mLevel 1[0m _identify(run_log/2026-03-17-01-02-02-536444-ubuntu-8725) by extensions ['python_setup_py']
[1.445s] [34mcolcon.colcon_core.package_identification[0m [1;30mLevel 1[0m _identify(run_log/2026-03-17-01-02-02-536444-ubuntu-8725) by extension 'python_setup_py'
[1.445s] [34mcolcon.colcon_core.package_identification[0m [1;30mLevel 1[0m _identify(run_log/2026-03-17-05-36-09-120523-ubuntu-4345) by extensions ['ignore', 'ignore_ament_install']
[1.445s] [34mcolcon.colcon_core.package_identification[0m [1;30mLevel 1[0m _identify(run_log/2026-03-17-05-36-09-120523-ubuntu-4345) by extension 'ignore'
[1.445s] [34mcolcon.colcon_core.package_identification[0m [1;30mLevel 1[0m _identify(run_log/2026-03-17-05-36-09-120523-ubuntu-4345) by extension 'ignore_ament_install'
[1.445s] [34mcolcon.colcon_core.package_identification[0m [1;30mLevel 1[0m _identify(run_log/2026-03-17-05-36-09-120523-ubuntu-4345) by extensions ['colcon_pkg']
[1.445s] [34mcolcon.colcon_core.package_identification[0m [1;30mLevel 1[0m _identify(run_log/2026-03-17-05-36-09-120523-ubuntu-4345) by extension 'colcon_pkg'
[1.445s] [34mcolcon.colcon_core.package_identification[0m [1;30mLevel 1[0m _identify(run_log/2026-03-17-05-36-09-120523-ubuntu-4345) by extensions ['colcon_meta']
[1.445s] [34mcolcon.colcon_core.package_identification[0m [1;30mLevel 1[0m _identify(run_log/2026-03-17-05-36-09-120523-ubuntu-4345) by extension 'colcon_meta'
[1.445s] [34mcolcon.colcon_core.package_identification[0m [1;30mLevel 1[0m _identify(run_log/2026-03-17-05-36-09-120523-ubuntu-4345) by extensions ['ros']
[1.445s] [34mcolcon.colcon_core.package_identification[0m [1;30mLevel 1[0m _identify(run_log/2026-03-17-05-36-09-120523-ubuntu-4345) by extension 'ros'
[1.445s] [34mcolcon.colcon_core.package_identification[0m [1;30mLevel 1[0m _identify(run_log/2026-03-17-05-36-09-120523-ubuntu-4345) by extensions ['cmake', 'python']
[1.446s] [34mcolcon.colcon_core.package_identification[0m [1;30mLevel 1[0m _identify(run_log/2026-03-17-05-36-09-120523-ubuntu-4345) by extension 'cmake'
[1.446s] [34mcolcon.colcon_core.package_identification[0m [1;30mLevel 1[0m _identify(run_log/2026-03-17-05-36-09-120523-ubuntu-4345) by extension 'python'
[1.446s] [34mcolcon.colcon_core.package_identification[0m [1;30mLevel 1[0m _identify(run_log/2026-03-17-05-36-09-120523-ubuntu-4345) by extensions ['python_setup_py']
[1.446s] [34mcolcon.colcon_core.package_identification[0m [1;30mLevel 1[0m _identify(run_log/2026-03-17-05-36-09-120523-ubuntu-4345) by extension 'python_setup_py'
[1.446s] [34mcolcon.colcon_core.package_identification[0m [1;30mLevel 1[0m _identify(run_log/2026-03-17-09-11-40-012504-ubuntu-8127) by extensions ['ignore', 'ignore_ament_install']
[1.446s] [34mcolcon.colcon_core.package_identification[0m [1;30mLevel 1[0m _identify(run_log/2026-03-17-09-11-40-012504-ubuntu-8127) by extension 'ignore'
[1.446s] [34mcolcon.colcon_core.package_identification[0m [1;30mLevel 1[0m _identify(run_log/2026-03-17-09-11-40-012504-ubuntu-8127) by extension 'ignore_ament_install'
[1.446s] [34mcolcon.colcon_core.package_identification[0m [1;30mLevel 1[0m _identify(run_log/2026-03-17-09-11-40-012504-ubuntu-8127) by extensions ['colcon_pkg']
[1.446s] [34mcolcon.colcon_core.package_identification[0m [1;30mLevel 1[0m _identify(run_log/2026-03-17-09-11-40-012504-ubuntu-8127) by extension 'colcon_pkg'
[1.446s] [34mcolcon.colcon_core.package_identification[0m [1;30mLevel 1[0m _identify(run_log/2026-03-17-09-11-40-012504-ubuntu-8127) by extensions ['colcon_meta']
[1.446s] [34mcolcon.colcon_core.package_identification[0m [1;30mLevel 1[0m _identify(run_log/2026-03-17-09-11-40-012504-ubuntu-8127) by extension 'colcon_meta'
[1.446s] [34mcolcon.colcon_core.package_identification[0m [1;30mLevel 1[0m _identify(run_log/2026-03-17-09-11-40-012504-ubuntu-8127) by extensions ['ros']
[1.446s] [34mcolcon.colcon_core.package_identification[0m [1;30mLevel 1[0m _identify(run_log/2026-03-17-09-11-40-012504-ubuntu-8127) by extension 'ros'
[1.446s] [34mcolcon.colcon_core.package_identification[0m [1;30mLevel 1[0m _identify(run_log/2026-03-17-09-11-40-012504-ubuntu-8127) by extensions ['cmake', 'python']
[1.446s] [34mcolcon.colcon_core.package_identification[0m [1;30mLevel 1[0m _identify(run_log/2026-03-17-09-11-40-012504-ubuntu-8127) by extension 'cmake'
[1.446s] [34mcolcon.colcon_core.package_identification[0m [1;30mLevel 1[0m _identify(run_log/2026-03-17-09-11-40-012504-ubuntu-8127) by extension 'python'
[1.446s] [34mcolcon.colcon_core.package_identification[0m [1;30mLevel 1[0m _identify(run_log/2026-03-17-09-11-40-012504-ubuntu-8127) by extensions ['python_setup_py']
[1.446s] [34mcolcon.colcon_core.package_identification[0m [1;30mLevel 1[0m _identify(run_log/2026-03-17-09-11-40-012504-ubuntu-8127) by extension 'python_setup_py'
[1.447s] [34mcolcon.colcon_core.package_identification[0m [1;30mLevel 1[0m _identify(run_log/2026-03-18-05-23-49-174873-ubuntu-4119) by extensions ['ignore', 'ignore_ament_install']
[1.447s] [34mcolcon.colcon_core.package_identification[0m [1;30mLevel 1[0m _identify(run_log/2026-03-18-05-23-49-174873-ubuntu-4119) by extension 'ignore'
[1.447s] [34mcolcon.colcon_core.package_identification[0m [1;30mLevel 1[0m _identify(run_log/2026-03-18-05-23-49-174873-ubuntu-4119) by extension 'ignore_ament_install'
[1.447s] [34mcolcon.colcon_core.package_identification[0m [1;30mLevel 1[0m _identify(run_log/2026-03-18-05-23-49-174873-ubuntu-4119) by extensions ['colcon_pkg']
[1.447s] [34mcolcon.colcon_core.package_identification[0m [1;30mLevel 1[0m _identify(run_log/2026-03-18-05-23-49-174873-ubuntu-4119) by extension 'colcon_pkg'
[1.447s] [34mcolcon.colcon_core.package_identification[0m [1;30mLevel 1[0m _identify(run_log/2026-03-18-05-23-49-174873-ubuntu-4119) by extensions ['colcon_meta']
[1.447s] [34mcolcon.colcon_core.package_identification[0m [1;30mLevel 1[0m _identify(run_log/2026-03-18-05-23-49-174873-ubuntu-4119) by extension 'colcon_meta'
[1.447s] [34mcolcon.colcon_core.package_identification[0m [1;30mLevel 1[0m _identify(run_log/2026-03-18-05-23-49-174873-ubuntu-4119) by extensions ['ros']
[1.447s] [34mcolcon.colcon_core.package_identification[0m [1;30mLevel 1[0m _identify(run_log/2026-03-18-05-23-49-174873-ubuntu-4119) by extension 'ros'
[1.447s] [34mcolcon.colcon_core.package_identification[0m [1;30mLevel 1[0m _identify(run_log/2026-03-18-05-23-49-174873-ubuntu-4119) by extensions ['cmake', 'python']
[1.447s] [34mcolcon.colcon_core.package_identification[0m [1;30mLevel 1[0m _identify(run_log/2026-03-18-05-23-49-174873-ubuntu-4119) by extension 'cmake'
[1.447s] [34mcolcon.colcon_core.package_identification[0m [1;30mLevel 1[0m _identify(run_log/2026-03-18-05-23-49-174873-ubuntu-4119) by extension 'python'
[1.447s] [34mcolcon.colcon_core.package_identification[0m [1;30mLevel 1[0m _identify(run_log/2026-03-18-05-23-49-174873-ubuntu-4119) by extensions ['python_setup_py']
[1.447s] [34mcolcon.colcon_core.package_identification[0m [1;30mLevel 1[0m _identify(run_log/2026-03-18-05-23-49-174873-ubuntu-4119) by extension 'python_setup_py'
[1.447s] [34mcolcon.colcon_core.package_identification[0m [1;30mLevel 1[0m _identify(run_log/2026-03-18-06-43-01-499731-ubuntu-6150) by extensions ['ignore', 'ignore_ament_install']
[1.448s] [34mcolcon.colcon_core.package_identification[0m [1;30mLevel 1[0m _identify(run_log/2026-03-18-06-43-01-499731-ubuntu-6150) by extension 'ignore'
[1.448s] [34mcolcon.colcon_core.package_identification[0m [1;30mLevel 1[0m _identify(run_log/2026-03-18-06-43-01-499731-ubuntu-6150) by extension 'ignore_ament_install'
[1.448s] [34mcolcon.colcon_core.package_identification[0m [1;30mLevel 1[0m _identify(run_log/2026-03-18-06-43-01-499731-ubuntu-6150) by extensions ['colcon_pkg']
[1.448s] [34mcolcon.colcon_core.package_identification[0m [1;30mLevel 1[0m _identify(run_log/2026-03-18-06-43-01-499731-ubuntu-6150) by extension 'colcon_pkg'
[1.448s] [34mcolcon.colcon_core.package_identification[0m [1;30mLevel 1[0m _identify(run_log/2026-03-18-06-43-01-499731-ubuntu-6150) by extensions ['colcon_meta']
[1.448s] [34mcolcon.colcon_core.package_identification[0m [1;30mLevel 1[0m _identify(run_log/2026-03-18-06-43-01-499731-ubuntu-6150) by extension 'colcon_meta'
[1.448s] [34mcolcon.colcon_core.package_identification[0m [1;30mLevel 1[0m _identify(run_log/2026-03-18-06-43-01-499731-ubuntu-6150) by extensions ['ros']
[1.448s] [34mcolcon.colcon_core.package_identification[0m [1;30mLevel 1[0m _identify(run_log/2026-03-18-06-43-01-499731-ubuntu-6150) by extension 'ros'
[1.448s] [34mcolcon.colcon_core.package_identification[0m [1;30mLevel 1[0m _identify(run_log/2026-03-18-06-43-01-499731-ubuntu-6150) by extensions ['cmake', 'python']
[1.448s] [34mcolcon.colcon_core.package_identification[0m [1;30mLevel 1[0m _identify(run_log/2026-03-18-06-43-01-499731-ubuntu-6150) by extension 'cmake'
[1.448s] [34mcolcon.colcon_core.package_identification[0m [1;30mLevel 1[0m _identify(run_log/2026-03-18-06-43-01-499731-ubuntu-6150) by extension 'python'
[1.448s] [34mcolcon.colcon_core.package_identification[0m [1;30mLevel 1[0m _identify(run_log/2026-03-18-06-43-01-499731-ubuntu-6150) by extensions ['python_setup_py']
[1.448s] [34mcolcon.colcon_core.package_identification[0m [1;30mLevel 1[0m _identify(run_log/2026-03-18-06-43-01-499731-ubuntu-6150) by extension 'python_setup_py'
[1.448s] [34mcolcon.colcon_core.package_identification[0m [1;30mLevel 1[0m _identify(src) by extensions ['ignore', 'ignore_ament_install']
[1.448s] [34mcolcon.colcon_core.package_identification[0m [1;30mLevel 1[0m _identify(src) by extension 'ignore'
[1.448s] [34mcolcon.colcon_core.package_identification[0m [1;30mLevel 1[0m _identify(src) by extension 'ignore_ament_install'
[1.449s] [34mcolcon.colcon_core.package_identification[0m [1;30mLevel 1[0m _identify(src) by extensions ['colcon_pkg']
[1.449s] [34mcolcon.colcon_core.package_identification[0m [1;30mLevel 1[0m _identify(src) by extension 'colcon_pkg'
[1.449s] [34mcolcon.colcon_core.package_identification[0m [1;30mLevel 1[0m _identify(src) by extensions ['colcon_meta']
[1.449s] [34mcolcon.colcon_core.package_identification[0m [1;30mLevel 1[0m _identify(src) by extension 'colcon_meta'
[1.449s] [34mcolcon.colcon_core.package_identification[0m [1;30mLevel 1[0m _identify(src) by extensions ['ros']
[1.449s] [34mcolcon.colcon_core.package_identification[0m [1;30mLevel 1[0m _identify(src) by extension 'ros'
[1.449s] [34mcolcon.colcon_core.package_identification[0m [1;30mLevel 1[0m _identify(src) by extensions ['cmake', 'python']
[1.449s] [34mcolcon.colcon_core.package_identification[0m [1;30mLevel 1[0m _identify(src) by extension 'cmake'
[1.449s] [34mcolcon.colcon_core.package_identification[0m [1;30mLevel 1[0m _identify(src) by extension 'python'
[1.449s] [34mcolcon.colcon_core.package_identification[0m [1;30mLevel 1[0m _identify(src) by extensions ['python_setup_py']
[1.449s] [34mcolcon.colcon_core.package_identification[0m [1;30mLevel 1[0m _identify(src) by extension 'python_setup_py'
[1.449s] [34mcolcon.colcon_core.package_identification[0m [1;30mLevel 1[0m _identify(src/GroundStation) by extensions ['ignore', 'ignore_ament_install']
[1.449s] [34mcolcon.colcon_core.package_identification[0m [1;30mLevel 1[0m _identify(src/GroundStation) by extension 'ignore'
[1.449s] [34mcolcon.colcon_core.package_identification[0m [1;30mLevel 1[0m _identify(src/GroundStation) by extension 'ignore_ament_install'
[1.449s] [34mcolcon.colcon_core.package_identification[0m [1;30mLevel 1[0m _identify(src/GroundStation) by extensions ['colcon_pkg']
[1.449s] [34mcolcon.colcon_core.package_identification[0m [1;30mLevel 1[0m _identify(src/GroundStation) by extension 'colcon_pkg'
[1.449s] [34mcolcon.colcon_core.package_identification[0m [1;30mLevel 1[0m _identify(src/GroundStation) by extensions ['colcon_meta']
[1.449s] [34mcolcon.colcon_core.package_identification[0m [1;30mLevel 1[0m _identify(src/GroundStation) by extension 'colcon_meta'
[1.449s] [34mcolcon.colcon_core.package_identification[0m [1;30mLevel 1[0m _identify(src/GroundStation) by extensions ['ros']
[1.449s] [34mcolcon.colcon_core.package_identification[0m [1;30mLevel 1[0m _identify(src/GroundStation) by extension 'ros'
[1.455s] [34mcolcon.colcon_core.package_identification[0m [1;30mDEBUG[0m [32mPackage 'src/GroundStation' with type 'ros.ament_python' and name 'GroundStation'[0m
[1.456s] [34mcolcon.colcon_core.package_identification[0m [1;30mLevel 1[0m _identify(src/ros2_pyqt_turtlesim_key) by extensions ['ignore', 'ignore_ament_install']
[1.456s] [34mcolcon.colcon_core.package_identification[0m [1;30mLevel 1[0m _identify(src/ros2_pyqt_turtlesim_key) by extension 'ignore'
[1.456s] [34mcolcon.colcon_core.package_identification[0m [1;30mLevel 1[0m _identify(src/ros2_pyqt_turtlesim_key) by extension 'ignore_ament_install'
[1.456s] [34mcolcon.colcon_core.package_identification[0m [1;30mLevel 1[0m _identify(src/ros2_pyqt_turtlesim_key) by extensions ['colcon_pkg']
[1.456s] [34mcolcon.colcon_core.package_identification[0m [1;30mLevel 1[0m _identify(src/ros2_pyqt_turtlesim_key) by extension 'colcon_pkg'
[1.456s] [34mcolcon.colcon_core.package_identification[0m [1;30mLevel 1[0m _identify(src/ros2_pyqt_turtlesim_key) by extensions ['colcon_meta']
[1.456s] [34mcolcon.colcon_core.package_identification[0m [1;30mLevel 1[0m _identify(src/ros2_pyqt_turtlesim_key) by extension 'colcon_meta'
[1.456s] [34mcolcon.colcon_core.package_identification[0m [1;30mLevel 1[0m _identify(src/ros2_pyqt_turtlesim_key) by extensions ['ros']
[1.456s] [34mcolcon.colcon_core.package_identification[0m [1;30mLevel 1[0m _identify(src/ros2_pyqt_turtlesim_key) by extension 'ros'
[1.458s] [34mcolcon.colcon_core.package_identification[0m [1;30mDEBUG[0m [32mPackage 'src/ros2_pyqt_turtlesim_key' with type 'ros.ament_python' and name 'ros2_pyqt_turtlesim_key'[0m
[1.458s] [34mcolcon.colcon_core.package_identification[0m [1;30mLevel 1[0m _identify(src/uav_car_interfaces) by extensions ['ignore', 'ignore_ament_install']
[1.458s] [34mcolcon.colcon_core.package_identification[0m [1;30mLevel 1[0m _identify(src/uav_car_interfaces) by extension 'ignore'
[1.458s] [34mcolcon.colcon_core.package_identification[0m [1;30mLevel 1[0m _identify(src/uav_car_interfaces) by extension 'ignore_ament_install'
[1.459s] [34mcolcon.colcon_core.package_identification[0m [1;30mLevel 1[0m _identify(src/uav_car_interfaces) by extensions ['colcon_pkg']
[1.459s] [34mcolcon.colcon_core.package_identification[0m [1;30mLevel 1[0m _identify(src/uav_car_interfaces) by extension 'colcon_pkg'
[1.459s] [34mcolcon.colcon_core.package_identification[0m [1;30mLevel 1[0m _identify(src/uav_car_interfaces) by extensions ['colcon_meta']
[1.459s] [34mcolcon.colcon_core.package_identification[0m [1;30mLevel 1[0m _identify(src/uav_car_interfaces) by extension 'colcon_meta'
[1.459s] [34mcolcon.colcon_core.package_identification[0m [1;30mLevel 1[0m _identify(src/uav_car_interfaces) by extensions ['ros']
[1.459s] [34mcolcon.colcon_core.package_identification[0m [1;30mLevel 1[0m _identify(src/uav_car_interfaces) by extension 'ros'
[1.471s] [34mcolcon.colcon_core.package_identification[0m [1;30mDEBUG[0m [32mPackage 'src/uav_car_interfaces' with type 'ros.ament_cmake' and name 'uav_car_interfaces'[0m
[1.471s] [34mcolcon.colcon_core.package_discovery[0m [1;30mLevel 1[0m discover_packages(recursive) using defaults
[1.471s] [34mcolcon.colcon_core.package_discovery[0m [1;30mLevel 1[0m discover_packages(ignore) discover
[1.471s] [34mcolcon.colcon_core.package_discovery[0m [1;30mLevel 1[0m discover_packages(ignore) using defaults
[1.471s] [34mcolcon.colcon_core.package_discovery[0m [1;30mLevel 1[0m discover_packages(path) discover
[1.471s] [34mcolcon.colcon_core.package_discovery[0m [1;30mLevel 1[0m discover_packages(path) using defaults
[1.517s] [34mcolcon.colcon_core.package_discovery[0m [1;30mLevel 1[0m discover_packages(prefix_path) check parameters
[1.518s] [34mcolcon.colcon_core.package_discovery[0m [1;30mLevel 1[0m discover_packages(prefix_path) discover
[1.527s] [34mcolcon.colcon_installed_package_information.package_discovery[0m [1;30mDEBUG[0m [32mFound 256 installed packages in /opt/ros/foxy[0m
[1.531s] [34mcolcon.colcon_core.package_discovery[0m [1;30mLevel 1[0m discover_packages(prefix_path) using defaults
[1.650s] [34mcolcon.colcon_core.verb[0m [1;30mLevel 5[0m set package 'GroundStation' build argument 'cmake_args' from command line to 'None'
[1.650s] [34mcolcon.colcon_core.verb[0m [1;30mLevel 5[0m set package 'GroundStation' build argument 'cmake_target' from command line to 'None'
[1.650s] [34mcolcon.colcon_core.verb[0m [1;30mLevel 5[0m set package 'GroundStation' build argument 'cmake_target_skip_unavailable' from command line to 'False'
[1.650s] [34mcolcon.colcon_core.verb[0m [1;30mLevel 5[0m set package 'GroundStation' build argument 'cmake_clean_cache' from command line to 'False'
[1.650s] [34mcolcon.colcon_core.verb[0m [1;30mLevel 5[0m set package 'GroundStation' build argument 'cmake_clean_first' from command line to 'False'
[1.650s] [34mcolcon.colcon_core.verb[0m [1;30mLevel 5[0m set package 'GroundStation' build argument 'cmake_force_configure' from command line to 'False'
[1.651s] [34mcolcon.colcon_core.verb[0m [1;30mLevel 5[0m set package 'GroundStation' build argument 'ament_cmake_args' from command line to 'None'
[1.651s] [34mcolcon.colcon_core.verb[0m [1;30mLevel 5[0m set package 'GroundStation' build argument 'catkin_cmake_args' from command line to 'None'
[1.651s] [34mcolcon.colcon_core.verb[0m [1;30mLevel 5[0m set package 'GroundStation' build argument 'catkin_skip_building_tests' from command line to 'False'
[1.651s] [34mcolcon.colcon_core.verb[0m [1;30mDEBUG[0m [32mBuilding package 'GroundStation' with the following arguments: {'ament_cmake_args': None, 'build_base': '/home/focal/Desktop/2024_GroundStation/build/GroundStation', 'catkin_cmake_args': None, 'catkin_skip_building_tests': False, 'cmake_args': None, 'cmake_clean_cache': False, 'cmake_clean_first': False, 'cmake_force_configure': False, 'cmake_target': None, 'cmake_target_skip_unavailable': False, 'install_base': '/home/focal/Desktop/2024_GroundStation/install/GroundStation', 'merge_install': False, 'path': '/home/focal/Desktop/2024_GroundStation/src/GroundStation', 'symlink_install': True, 'test_result_base': None}[0m
[1.651s] [34mcolcon.colcon_core.verb[0m [1;30mLevel 5[0m set package 'ros2_pyqt_turtlesim_key' build argument 'cmake_args' from command line to 'None'
[1.651s] [34mcolcon.colcon_core.verb[0m [1;30mLevel 5[0m set package 'ros2_pyqt_turtlesim_key' build argument 'cmake_target' from command line to 'None'
[1.651s] [34mcolcon.colcon_core.verb[0m [1;30mLevel 5[0m set package 'ros2_pyqt_turtlesim_key' build argument 'cmake_target_skip_unavailable' from command line to 'False'
[1.651s] [34mcolcon.colcon_core.verb[0m [1;30mLevel 5[0m set package 'ros2_pyqt_turtlesim_key' build argument 'cmake_clean_cache' from command line to 'False'
[1.651s] [34mcolcon.colcon_core.verb[0m [1;30mLevel 5[0m set package 'ros2_pyqt_turtlesim_key' build argument 'cmake_clean_first' from command line to 'False'
[1.651s] [34mcolcon.colcon_core.verb[0m [1;30mLevel 5[0m set package 'ros2_pyqt_turtlesim_key' build argument 'cmake_force_configure' from command line to 'False'
[1.651s] [34mcolcon.colcon_core.verb[0m [1;30mLevel 5[0m set package 'ros2_pyqt_turtlesim_key' build argument 'ament_cmake_args' from command line to 'None'
[1.651s] [34mcolcon.colcon_core.verb[0m [1;30mLevel 5[0m set package 'ros2_pyqt_turtlesim_key' build argument 'catkin_cmake_args' from command line to 'None'
[1.651s] [34mcolcon.colcon_core.verb[0m [1;30mLevel 5[0m set package 'ros2_pyqt_turtlesim_key' build argument 'catkin_skip_building_tests' from command line to 'False'
[1.651s] [34mcolcon.colcon_core.verb[0m [1;30mDEBUG[0m [32mBuilding package 'ros2_pyqt_turtlesim_key' with the following arguments: {'ament_cmake_args': None, 'build_base': '/home/focal/Desktop/2024_GroundStation/build/ros2_pyqt_turtlesim_key', 'catkin_cmake_args': None, 'catkin_skip_building_tests': False, 'cmake_args': None, 'cmake_clean_cache': False, 'cmake_clean_first': False, 'cmake_force_configure': False, 'cmake_target': None, 'cmake_target_skip_unavailable': False, 'install_base': '/home/focal/Desktop/2024_GroundStation/install/ros2_pyqt_turtlesim_key', 'merge_install': False, 'path': '/home/focal/Desktop/2024_GroundStation/src/ros2_pyqt_turtlesim_key', 'symlink_install': True, 'test_result_base': None}[0m
[1.652s] [34mcolcon.colcon_core.verb[0m [1;30mLevel 5[0m set package 'uav_car_interfaces' build argument 'cmake_args' from command line to 'None'
[1.652s] [34mcolcon.colcon_core.verb[0m [1;30mLevel 5[0m set package 'uav_car_interfaces' build argument 'cmake_target' from command line to 'None'
[1.652s] [34mcolcon.colcon_core.verb[0m [1;30mLevel 5[0m set package 'uav_car_interfaces' build argument 'cmake_target_skip_unavailable' from command line to 'False'
[1.652s] [34mcolcon.colcon_core.verb[0m [1;30mLevel 5[0m set package 'uav_car_interfaces' build argument 'cmake_clean_cache' from command line to 'False'
[1.652s] [34mcolcon.colcon_core.verb[0m [1;30mLevel 5[0m set package 'uav_car_interfaces' build argument 'cmake_clean_first' from command line to 'False'
[1.652s] [34mcolcon.colcon_core.verb[0m [1;30mLevel 5[0m set package 'uav_car_interfaces' build argument 'cmake_force_configure' from command line to 'False'
[1.652s] [34mcolcon.colcon_core.verb[0m [1;30mLevel 5[0m set package 'uav_car_interfaces' build argument 'ament_cmake_args' from command line to 'None'
[1.652s] [34mcolcon.colcon_core.verb[0m [1;30mLevel 5[0m set package 'uav_car_interfaces' build argument 'catkin_cmake_args' from command line to 'None'
[1.652s] [34mcolcon.colcon_core.verb[0m [1;30mLevel 5[0m set package 'uav_car_interfaces' build argument 'catkin_skip_building_tests' from command line to 'False'
[1.652s] [34mcolcon.colcon_core.verb[0m [1;30mDEBUG[0m [32mBuilding package 'uav_car_interfaces' with the following arguments: {'ament_cmake_args': None, 'build_base': '/home/focal/Desktop/2024_GroundStation/build/uav_car_interfaces', 'catkin_cmake_args': None, 'catkin_skip_building_tests': False, 'cmake_args': None, 'cmake_clean_cache': False, 'cmake_clean_first': False, 'cmake_force_configure': False, 'cmake_target': None, 'cmake_target_skip_unavailable': False, 'install_base': '/home/focal/Desktop/2024_GroundStation/install/uav_car_interfaces', 'merge_install': False, 'path': '/home/focal/Desktop/2024_GroundStation/src/uav_car_interfaces', 'symlink_install': True, 'test_result_base': None}[0m
[1.652s] [34mcolcon.colcon_core.executor[0m [1;30mINFO[0m Executing jobs using 'parallel' executor
[1.654s] [34mcolcon.colcon_parallel_executor.executor.parallel[0m [1;30mDEBUG[0m [32mrun_until_complete[0m
[1.655s] [34mcolcon.colcon_ros.task.ament_python.build[0m [1;30mINFO[0m Building ROS package in '/home/focal/Desktop/2024_GroundStation/src/GroundStation' with build type 'ament_python'
[1.655s] [34mcolcon.colcon_core.shell[0m [1;30mLevel 1[0m create_environment_hook('GroundStation', 'ament_prefix_path')
[1.666s] [34mcolcon.colcon_core.plugin_system[0m [1;30mINFO[0m Skipping extension 'colcon_core.shell.bat': Not used on non-Windows systems
[1.667s] [34mcolcon.colcon_core.shell[0m [1;30mINFO[0m Creating environment hook '/home/focal/Desktop/2024_GroundStation/install/GroundStation/share/GroundStation/hook/ament_prefix_path.ps1'
[1.669s] [34mcolcon.colcon_core.shell[0m [1;30mINFO[0m Creating environment descriptor '/home/focal/Desktop/2024_GroundStation/install/GroundStation/share/GroundStation/hook/ament_prefix_path.dsv'
[1.670s] [34mcolcon.colcon_core.shell[0m [1;30mINFO[0m Creating environment hook '/home/focal/Desktop/2024_GroundStation/install/GroundStation/share/GroundStation/hook/ament_prefix_path.sh'
[1.671s] [34mcolcon.colcon_core.shell[0m [1;30mINFO[0m Skip shell extension 'powershell' for command environment: Not usable outside of PowerShell
[1.671s] [34mcolcon.colcon_core.shell[0m [1;30mDEBUG[0m [32mSkip shell extension 'dsv' for command environment[0m
[1.681s] [34mcolcon.colcon_ros.task.ament_python.build[0m [1;30mINFO[0m Building ROS package in '/home/focal/Desktop/2024_GroundStation/src/ros2_pyqt_turtlesim_key' with build type 'ament_python'
[1.682s] [34mcolcon.colcon_core.shell[0m [1;30mLevel 1[0m create_environment_hook('ros2_pyqt_turtlesim_key', 'ament_prefix_path')
[1.682s] [34mcolcon.colcon_core.shell[0m [1;30mINFO[0m Creating environment hook '/home/focal/Desktop/2024_GroundStation/install/ros2_pyqt_turtlesim_key/share/ros2_pyqt_turtlesim_key/hook/ament_prefix_path.ps1'
[1.683s] [34mcolcon.colcon_core.shell[0m [1;30mINFO[0m Creating environment descriptor '/home/focal/Desktop/2024_GroundStation/install/ros2_pyqt_turtlesim_key/share/ros2_pyqt_turtlesim_key/hook/ament_prefix_path.dsv'
[1.684s] [34mcolcon.colcon_core.shell[0m [1;30mINFO[0m Creating environment hook '/home/focal/Desktop/2024_GroundStation/install/ros2_pyqt_turtlesim_key/share/ros2_pyqt_turtlesim_key/hook/ament_prefix_path.sh'
[1.685s] [34mcolcon.colcon_core.shell[0m [1;30mINFO[0m Skip shell extension 'powershell' for command environment: Not usable outside of PowerShell
[1.685s] [34mcolcon.colcon_core.shell[0m [1;30mDEBUG[0m [32mSkip shell extension 'dsv' for command environment[0m
[1.695s] [34mcolcon.colcon_ros.task.ament_cmake.build[0m [1;30mINFO[0m Building ROS package in '/home/focal/Desktop/2024_GroundStation/src/uav_car_interfaces' with build type 'ament_cmake'
[1.696s] [34mcolcon.colcon_cmake.task.cmake.build[0m [1;30mINFO[0m Building CMake package in '/home/focal/Desktop/2024_GroundStation/src/uav_car_interfaces'
[1.697s] [34mcolcon.colcon_core.shell[0m [1;30mINFO[0m Skip shell extension 'powershell' for command environment: Not usable outside of PowerShell
[1.697s] [34mcolcon.colcon_core.shell[0m [1;30mDEBUG[0m [32mSkip shell extension 'dsv' for command environment[0m
[2.168s] [34mcolcon.colcon_core.task.python.build[0m [1;30mINFO[0m Building Python package in '/home/focal/Desktop/2024_GroundStation/src/GroundStation'
[2.169s] [34mcolcon.colcon_core.shell[0m [1;30mINFO[0m Skip shell extension 'powershell' for command environment: Not usable outside of PowerShell
[2.169s] [34mcolcon.colcon_core.shell[0m [1;30mDEBUG[0m [32mSkip shell extension 'dsv' for command environment[0m
[2.506s] [34mcolcon.colcon_core.task.python.build[0m [1;30mINFO[0m Building Python package in '/home/focal/Desktop/2024_GroundStation/src/ros2_pyqt_turtlesim_key'
[2.508s] [34mcolcon.colcon_core.shell[0m [1;30mINFO[0m Skip shell extension 'powershell' for command environment: Not usable outside of PowerShell
[2.508s] [34mcolcon.colcon_core.shell[0m [1;30mDEBUG[0m [32mSkip shell extension 'dsv' for command environment[0m
[2.522s] [34mcolcon.colcon_core.event_handler.log_command[0m [1;30mDEBUG[0m [32mInvoking command in '/home/focal/Desktop/2024_GroundStation/build/uav_car_interfaces': CMAKE_PREFIX_PATH=/opt/ros/foxy /usr/bin/cmake --build /home/focal/Desktop/2024_GroundStation/build/uav_car_interfaces -- -j4 -l4[0m
[4.238s] [34mcolcon.colcon_core.event_handler.log_command[0m [1;30mDEBUG[0m [32mInvoking command in '/home/focal/Desktop/2024_GroundStation/build/ros2_pyqt_turtlesim_key': PYTHONPATH=/home/focal/Desktop/2024_GroundStation/build/ros2_pyqt_turtlesim_key/prefix_override:/usr/lib/python3/dist-packages/colcon_core/task/python/colcon_distutils_commands:/home/focal/Desktop/2024_GroundStation/install/ros2_pyqt_turtlesim_key/lib/python3.8/site-packages:${PYTHONPATH} /usr/bin/python3 -W ignore:setup.py install is deprecated -W ignore:easy_install command is deprecated setup.py develop --editable --build-directory /home/focal/Desktop/2024_GroundStation/build/ros2_pyqt_turtlesim_key/build --no-deps symlink_data[0m
[4.247s] [34mcolcon.colcon_core.event_handler.log_command[0m [1;30mDEBUG[0m [32mInvoking command in '/home/focal/Desktop/2024_GroundStation/build/GroundStation': PYTHONPATH=/home/focal/Desktop/2024_GroundStation/build/GroundStation/prefix_override:/usr/lib/python3/dist-packages/colcon_core/task/python/colcon_distutils_commands:/home/focal/Desktop/2024_GroundStation/install/GroundStation/lib/python3.8/site-packages:${PYTHONPATH} /usr/bin/python3 -W ignore:setup.py install is deprecated -W ignore:easy_install command is deprecated setup.py develop --editable --build-directory /home/focal/Desktop/2024_GroundStation/build/GroundStation/build --no-deps symlink_data[0m
[4.282s] [34mcolcon.colcon_core.event_handler.log_command[0m [1;30mDEBUG[0m [32mInvoked command in '/home/focal/Desktop/2024_GroundStation/build/uav_car_interfaces' returned '0': CMAKE_PREFIX_PATH=/opt/ros/foxy /usr/bin/cmake --build /home/focal/Desktop/2024_GroundStation/build/uav_car_interfaces -- -j4 -l4[0m
[4.325s] [34mcolcon.colcon_core.event_handler.log_command[0m [1;30mDEBUG[0m [32mInvoking command in '/home/focal/Desktop/2024_GroundStation/build/uav_car_interfaces': CMAKE_PREFIX_PATH=/opt/ros/foxy /usr/bin/cmake --install /home/focal/Desktop/2024_GroundStation/build/uav_car_interfaces[0m
[4.639s] [34mcolcon.colcon_core.environment[0m [1;30mLevel 1[0m create_environment_scripts_only(uav_car_interfaces)
[4.641s] [34mcolcon.colcon_core.event_handler.log_command[0m [1;30mDEBUG[0m [32mInvoked command in '/home/focal/Desktop/2024_GroundStation/build/uav_car_interfaces' returned '0': CMAKE_PREFIX_PATH=/opt/ros/foxy /usr/bin/cmake --install /home/focal/Desktop/2024_GroundStation/build/uav_car_interfaces[0m
[4.655s] [34mcolcon.colcon_core.environment[0m [1;30mLevel 1[0m checking '/home/focal/Desktop/2024_GroundStation/install/uav_car_interfaces' for CMake module files
[4.656s] [34mcolcon.colcon_core.environment[0m [1;30mLevel 1[0m checking '/home/focal/Desktop/2024_GroundStation/install/uav_car_interfaces' for CMake config files
[4.657s] [34mcolcon.colcon_core.shell[0m [1;30mLevel 1[0m create_environment_hook('uav_car_interfaces', 'cmake_prefix_path')
[4.657s] [34mcolcon.colcon_core.shell[0m [1;30mINFO[0m Creating environment hook '/home/focal/Desktop/2024_GroundStation/install/uav_car_interfaces/share/uav_car_interfaces/hook/cmake_prefix_path.ps1'
[4.658s] [34mcolcon.colcon_core.shell[0m [1;30mINFO[0m Creating environment descriptor '/home/focal/Desktop/2024_GroundStation/install/uav_car_interfaces/share/uav_car_interfaces/hook/cmake_prefix_path.dsv'
[4.659s] [34mcolcon.colcon_core.shell[0m [1;30mINFO[0m Creating environment hook '/home/focal/Desktop/2024_GroundStation/install/uav_car_interfaces/share/uav_car_interfaces/hook/cmake_prefix_path.sh'
[4.660s] [34mcolcon.colcon_core.environment[0m [1;30mLevel 1[0m checking '/home/focal/Desktop/2024_GroundStation/install/uav_car_interfaces/lib'
[4.660s] [34mcolcon.colcon_core.shell[0m [1;30mLevel 1[0m create_environment_hook('uav_car_interfaces', 'ld_library_path_lib')
[4.661s] [34mcolcon.colcon_core.shell[0m [1;30mINFO[0m Creating environment hook '/home/focal/Desktop/2024_GroundStation/install/uav_car_interfaces/share/uav_car_interfaces/hook/ld_library_path_lib.ps1'
[4.661s] [34mcolcon.colcon_core.shell[0m [1;30mINFO[0m Creating environment descriptor '/home/focal/Desktop/2024_GroundStation/install/uav_car_interfaces/share/uav_car_interfaces/hook/ld_library_path_lib.dsv'
[4.662s] [34mcolcon.colcon_core.shell[0m [1;30mINFO[0m Creating environment hook '/home/focal/Desktop/2024_GroundStation/install/uav_car_interfaces/share/uav_car_interfaces/hook/ld_library_path_lib.sh'
[4.662s] [34mcolcon.colcon_core.environment[0m [1;30mLevel 1[0m checking '/home/focal/Desktop/2024_GroundStation/install/uav_car_interfaces/bin'
[4.662s] [34mcolcon.colcon_core.environment[0m [1;30mLevel 1[0m checking '/home/focal/Desktop/2024_GroundStation/install/uav_car_interfaces/lib/pkgconfig/uav_car_interfaces.pc'
[4.663s] [34mcolcon.colcon_core.environment[0m [1;30mLevel 1[0m checking '/home/focal/Desktop/2024_GroundStation/install/uav_car_interfaces/lib/python3.8/site-packages'
[4.663s] [34mcolcon.colcon_core.shell[0m [1;30mLevel 1[0m create_environment_hook('uav_car_interfaces', 'pythonpath')
[4.663s] [34mcolcon.colcon_core.shell[0m [1;30mINFO[0m Creating environment hook '/home/focal/Desktop/2024_GroundStation/install/uav_car_interfaces/share/uav_car_interfaces/hook/pythonpath.ps1'
[4.664s] [34mcolcon.colcon_core.shell[0m [1;30mINFO[0m Creating environment descriptor '/home/focal/Desktop/2024_GroundStation/install/uav_car_interfaces/share/uav_car_interfaces/hook/pythonpath.dsv'
[4.665s] [34mcolcon.colcon_core.shell[0m [1;30mINFO[0m Creating environment hook '/home/focal/Desktop/2024_GroundStation/install/uav_car_interfaces/share/uav_car_interfaces/hook/pythonpath.sh'
[4.667s] [34mcolcon.colcon_core.environment[0m [1;30mLevel 1[0m checking '/home/focal/Desktop/2024_GroundStation/install/uav_car_interfaces/bin'
[4.667s] [34mcolcon.colcon_core.shell[0m [1;30mINFO[0m Creating package script '/home/focal/Desktop/2024_GroundStation/install/uav_car_interfaces/share/uav_car_interfaces/package.ps1'
[4.669s] [34mcolcon.colcon_core.shell[0m [1;30mINFO[0m Creating package descriptor '/home/focal/Desktop/2024_GroundStation/install/uav_car_interfaces/share/uav_car_interfaces/package.dsv'
[4.681s] [34mcolcon.colcon_core.shell[0m [1;30mINFO[0m Creating package script '/home/focal/Desktop/2024_GroundStation/install/uav_car_interfaces/share/uav_car_interfaces/package.sh'
[4.684s] [34mcolcon.colcon_core.shell[0m [1;30mINFO[0m Creating package script '/home/focal/Desktop/2024_GroundStation/install/uav_car_interfaces/share/uav_car_interfaces/package.bash'
[4.689s] [34mcolcon.colcon_core.shell[0m [1;30mINFO[0m Creating package script '/home/focal/Desktop/2024_GroundStation/install/uav_car_interfaces/share/uav_car_interfaces/package.zsh'
[4.692s] [34mcolcon.colcon_core.environment[0m [1;30mLevel 1[0m create_file_with_runtime_dependencies(/home/focal/Desktop/2024_GroundStation/install/uav_car_interfaces/share/colcon-core/packages/uav_car_interfaces)
[4.694s] [34mcolcon.colcon_core.environment[0m [1;30mLevel 1[0m create_environment_scripts_only(uav_car_interfaces)
[4.695s] [34mcolcon.colcon_core.environment[0m [1;30mLevel 1[0m checking '/home/focal/Desktop/2024_GroundStation/install/uav_car_interfaces' for CMake module files
[4.695s] [34mcolcon.colcon_core.environment[0m [1;30mLevel 1[0m checking '/home/focal/Desktop/2024_GroundStation/install/uav_car_interfaces' for CMake config files
[4.696s] [34mcolcon.colcon_core.shell[0m [1;30mLevel 1[0m create_environment_hook('uav_car_interfaces', 'cmake_prefix_path')
[4.697s] [34mcolcon.colcon_core.shell[0m [1;30mINFO[0m Creating environment hook '/home/focal/Desktop/2024_GroundStation/install/uav_car_interfaces/share/uav_car_interfaces/hook/cmake_prefix_path.ps1'
[4.697s] [34mcolcon.colcon_core.shell[0m [1;30mINFO[0m Creating environment descriptor '/home/focal/Desktop/2024_GroundStation/install/uav_car_interfaces/share/uav_car_interfaces/hook/cmake_prefix_path.dsv'
[4.698s] [34mcolcon.colcon_core.shell[0m [1;30mINFO[0m Creating environment hook '/home/focal/Desktop/2024_GroundStation/install/uav_car_interfaces/share/uav_car_interfaces/hook/cmake_prefix_path.sh'
[4.699s] [34mcolcon.colcon_core.environment[0m [1;30mLevel 1[0m checking '/home/focal/Desktop/2024_GroundStation/install/uav_car_interfaces/lib'
[4.699s] [34mcolcon.colcon_core.shell[0m [1;30mLevel 1[0m create_environment_hook('uav_car_interfaces', 'ld_library_path_lib')
[4.699s] [34mcolcon.colcon_core.shell[0m [1;30mINFO[0m Creating environment hook '/home/focal/Desktop/2024_GroundStation/install/uav_car_interfaces/share/uav_car_interfaces/hook/ld_library_path_lib.ps1'
[4.700s] [34mcolcon.colcon_core.shell[0m [1;30mINFO[0m Creating environment descriptor '/home/focal/Desktop/2024_GroundStation/install/uav_car_interfaces/share/uav_car_interfaces/hook/ld_library_path_lib.dsv'
[4.700s] [34mcolcon.colcon_core.shell[0m [1;30mINFO[0m Creating environment hook '/home/focal/Desktop/2024_GroundStation/install/uav_car_interfaces/share/uav_car_interfaces/hook/ld_library_path_lib.sh'
[4.701s] [34mcolcon.colcon_core.environment[0m [1;30mLevel 1[0m checking '/home/focal/Desktop/2024_GroundStation/install/uav_car_interfaces/bin'
[4.701s] [34mcolcon.colcon_core.environment[0m [1;30mLevel 1[0m checking '/home/focal/Desktop/2024_GroundStation/install/uav_car_interfaces/lib/pkgconfig/uav_car_interfaces.pc'
[4.701s] [34mcolcon.colcon_core.environment[0m [1;30mLevel 1[0m checking '/home/focal/Desktop/2024_GroundStation/install/uav_car_interfaces/lib/python3.8/site-packages'
[4.701s] [34mcolcon.colcon_core.shell[0m [1;30mLevel 1[0m create_environment_hook('uav_car_interfaces', 'pythonpath')
[4.702s] [34mcolcon.colcon_core.shell[0m [1;30mINFO[0m Creating environment hook '/home/focal/Desktop/2024_GroundStation/install/uav_car_interfaces/share/uav_car_interfaces/hook/pythonpath.ps1'
[4.702s] [34mcolcon.colcon_core.shell[0m [1;30mINFO[0m Creating environment descriptor '/home/focal/Desktop/2024_GroundStation/install/uav_car_interfaces/share/uav_car_interfaces/hook/pythonpath.dsv'
[4.703s] [34mcolcon.colcon_core.shell[0m [1;30mINFO[0m Creating environment hook '/home/focal/Desktop/2024_GroundStation/install/uav_car_interfaces/share/uav_car_interfaces/hook/pythonpath.sh'
[4.704s] [34mcolcon.colcon_core.environment[0m [1;30mLevel 1[0m checking '/home/focal/Desktop/2024_GroundStation/install/uav_car_interfaces/bin'
[4.706s] [34mcolcon.colcon_core.shell[0m [1;30mINFO[0m Creating package script '/home/focal/Desktop/2024_GroundStation/install/uav_car_interfaces/share/uav_car_interfaces/package.ps1'
[4.707s] [34mcolcon.colcon_core.shell[0m [1;30mINFO[0m Creating package descriptor '/home/focal/Desktop/2024_GroundStation/install/uav_car_interfaces/share/uav_car_interfaces/package.dsv'
[4.707s] [34mcolcon.colcon_core.shell[0m [1;30mINFO[0m Creating package script '/home/focal/Desktop/2024_GroundStation/install/uav_car_interfaces/share/uav_car_interfaces/package.sh'
[4.708s] [34mcolcon.colcon_core.shell[0m [1;30mINFO[0m Creating package script '/home/focal/Desktop/2024_GroundStation/install/uav_car_interfaces/share/uav_car_interfaces/package.bash'
[4.709s] [34mcolcon.colcon_core.shell[0m [1;30mINFO[0m Creating package script '/home/focal/Desktop/2024_GroundStation/install/uav_car_interfaces/share/uav_car_interfaces/package.zsh'
[4.710s] [34mcolcon.colcon_core.environment[0m [1;30mLevel 1[0m create_file_with_runtime_dependencies(/home/focal/Desktop/2024_GroundStation/install/uav_car_interfaces/share/colcon-core/packages/uav_car_interfaces)
[5.165s] [34mcolcon.colcon_core.shell[0m [1;30mLevel 1[0m create_environment_hook('ros2_pyqt_turtlesim_key', 'pythonpath_develop')
[5.166s] [34mcolcon.colcon_core.shell[0m [1;30mINFO[0m Creating environment hook '/home/focal/Desktop/2024_GroundStation/build/ros2_pyqt_turtlesim_key/share/ros2_pyqt_turtlesim_key/hook/pythonpath_develop.ps1'
[5.167s] [34mcolcon.colcon_core.shell[0m [1;30mINFO[0m Creating environment descriptor '/home/focal/Desktop/2024_GroundStation/build/ros2_pyqt_turtlesim_key/share/ros2_pyqt_turtlesim_key/hook/pythonpath_develop.dsv'
[5.169s] [34mcolcon.colcon_core.shell[0m [1;30mINFO[0m Creating environment hook '/home/focal/Desktop/2024_GroundStation/build/ros2_pyqt_turtlesim_key/share/ros2_pyqt_turtlesim_key/hook/pythonpath_develop.sh'
[5.168s] [34mcolcon.colcon_core.event_handler.log_command[0m [1;30mDEBUG[0m [32mInvoked command in '/home/focal/Desktop/2024_GroundStation/build/ros2_pyqt_turtlesim_key' returned '0': PYTHONPATH=/home/focal/Desktop/2024_GroundStation/build/ros2_pyqt_turtlesim_key/prefix_override:/usr/lib/python3/dist-packages/colcon_core/task/python/colcon_distutils_commands:/home/focal/Desktop/2024_GroundStation/install/ros2_pyqt_turtlesim_key/lib/python3.8/site-packages:${PYTHONPATH} /usr/bin/python3 -W ignore:setup.py install is deprecated -W ignore:easy_install command is deprecated setup.py develop --editable --build-directory /home/focal/Desktop/2024_GroundStation/build/ros2_pyqt_turtlesim_key/build --no-deps symlink_data[0m
[5.172s] [34mcolcon.colcon_core.environment[0m [1;30mLevel 1[0m checking '/home/focal/Desktop/2024_GroundStation/install/ros2_pyqt_turtlesim_key' for CMake module files
[5.174s] [34mcolcon.colcon_core.environment[0m [1;30mLevel 1[0m checking '/home/focal/Desktop/2024_GroundStation/install/ros2_pyqt_turtlesim_key' for CMake config files
[5.175s] [34mcolcon.colcon_core.environment[0m [1;30mLevel 1[0m checking '/home/focal/Desktop/2024_GroundStation/install/ros2_pyqt_turtlesim_key/lib'
[5.175s] [34mcolcon.colcon_core.environment[0m [1;30mLevel 1[0m checking '/home/focal/Desktop/2024_GroundStation/install/ros2_pyqt_turtlesim_key/bin'
[5.175s] [34mcolcon.colcon_core.environment[0m [1;30mLevel 1[0m checking '/home/focal/Desktop/2024_GroundStation/install/ros2_pyqt_turtlesim_key/lib/pkgconfig/ros2_pyqt_turtlesim_key.pc'
[5.176s] [34mcolcon.colcon_core.environment[0m [1;30mLevel 1[0m checking '/home/focal/Desktop/2024_GroundStation/install/ros2_pyqt_turtlesim_key/lib/python3.8/site-packages'
[5.176s] [34mcolcon.colcon_core.shell[0m [1;30mLevel 1[0m create_environment_hook('ros2_pyqt_turtlesim_key', 'pythonpath')
[5.176s] [34mcolcon.colcon_core.shell[0m [1;30mINFO[0m Creating environment hook '/home/focal/Desktop/2024_GroundStation/install/ros2_pyqt_turtlesim_key/share/ros2_pyqt_turtlesim_key/hook/pythonpath.ps1'
[5.177s] [34mcolcon.colcon_core.shell[0m [1;30mINFO[0m Creating environment descriptor '/home/focal/Desktop/2024_GroundStation/install/ros2_pyqt_turtlesim_key/share/ros2_pyqt_turtlesim_key/hook/pythonpath.dsv'
[5.177s] [34mcolcon.colcon_core.shell[0m [1;30mINFO[0m Creating environment hook '/home/focal/Desktop/2024_GroundStation/install/ros2_pyqt_turtlesim_key/share/ros2_pyqt_turtlesim_key/hook/pythonpath.sh'
[5.178s] [34mcolcon.colcon_core.environment[0m [1;30mLevel 1[0m checking '/home/focal/Desktop/2024_GroundStation/install/ros2_pyqt_turtlesim_key/bin'
[5.178s] [34mcolcon.colcon_core.environment[0m [1;30mLevel 1[0m create_environment_scripts_only(ros2_pyqt_turtlesim_key)
[5.179s] [34mcolcon.colcon_core.shell[0m [1;30mINFO[0m Creating package script '/home/focal/Desktop/2024_GroundStation/install/ros2_pyqt_turtlesim_key/share/ros2_pyqt_turtlesim_key/package.ps1'
[5.180s] [34mcolcon.colcon_core.shell[0m [1;30mINFO[0m Creating package descriptor '/home/focal/Desktop/2024_GroundStation/install/ros2_pyqt_turtlesim_key/share/ros2_pyqt_turtlesim_key/package.dsv'
[5.181s] [34mcolcon.colcon_core.shell[0m [1;30mINFO[0m Creating package script '/home/focal/Desktop/2024_GroundStation/install/ros2_pyqt_turtlesim_key/share/ros2_pyqt_turtlesim_key/package.sh'
[5.181s] [34mcolcon.colcon_core.shell[0m [1;30mINFO[0m Creating package script '/home/focal/Desktop/2024_GroundStation/install/ros2_pyqt_turtlesim_key/share/ros2_pyqt_turtlesim_key/package.bash'
[5.182s] [34mcolcon.colcon_core.shell[0m [1;30mINFO[0m Creating package script '/home/focal/Desktop/2024_GroundStation/install/ros2_pyqt_turtlesim_key/share/ros2_pyqt_turtlesim_key/package.zsh'
[5.182s] [34mcolcon.colcon_core.environment[0m [1;30mLevel 1[0m create_file_with_runtime_dependencies(/home/focal/Desktop/2024_GroundStation/install/ros2_pyqt_turtlesim_key/share/colcon-core/packages/ros2_pyqt_turtlesim_key)
[5.270s] [34mcolcon.colcon_core.shell[0m [1;30mLevel 1[0m create_environment_hook('GroundStation', 'pythonpath_develop')
[5.270s] [34mcolcon.colcon_core.event_handler.log_command[0m [1;30mDEBUG[0m [32mInvoked command in '/home/focal/Desktop/2024_GroundStation/build/GroundStation' returned '0': PYTHONPATH=/home/focal/Desktop/2024_GroundStation/build/GroundStation/prefix_override:/usr/lib/python3/dist-packages/colcon_core/task/python/colcon_distutils_commands:/home/focal/Desktop/2024_GroundStation/install/GroundStation/lib/python3.8/site-packages:${PYTHONPATH} /usr/bin/python3 -W ignore:setup.py install is deprecated -W ignore:easy_install command is deprecated setup.py develop --editable --build-directory /home/focal/Desktop/2024_GroundStation/build/GroundStation/build --no-deps symlink_data[0m
[5.270s] [34mcolcon.colcon_core.shell[0m [1;30mINFO[0m Creating environment hook '/home/focal/Desktop/2024_GroundStation/build/GroundStation/share/GroundStation/hook/pythonpath_develop.ps1'
[5.272s] [34mcolcon.colcon_core.shell[0m [1;30mINFO[0m Creating environment descriptor '/home/focal/Desktop/2024_GroundStation/build/GroundStation/share/GroundStation/hook/pythonpath_develop.dsv'
[5.273s] [34mcolcon.colcon_core.shell[0m [1;30mINFO[0m Creating environment hook '/home/focal/Desktop/2024_GroundStation/build/GroundStation/share/GroundStation/hook/pythonpath_develop.sh'
[5.275s] [34mcolcon.colcon_core.environment[0m [1;30mLevel 1[0m checking '/home/focal/Desktop/2024_GroundStation/install/GroundStation' for CMake module files
[5.276s] [34mcolcon.colcon_core.environment[0m [1;30mLevel 1[0m checking '/home/focal/Desktop/2024_GroundStation/install/GroundStation' for CMake config files
[5.276s] [34mcolcon.colcon_core.environment[0m [1;30mLevel 1[0m checking '/home/focal/Desktop/2024_GroundStation/install/GroundStation/lib'
[5.276s] [34mcolcon.colcon_core.environment[0m [1;30mLevel 1[0m checking '/home/focal/Desktop/2024_GroundStation/install/GroundStation/bin'
[5.276s] [34mcolcon.colcon_core.environment[0m [1;30mLevel 1[0m checking '/home/focal/Desktop/2024_GroundStation/install/GroundStation/lib/pkgconfig/GroundStation.pc'
[5.277s] [34mcolcon.colcon_core.environment[0m [1;30mLevel 1[0m checking '/home/focal/Desktop/2024_GroundStation/install/GroundStation/lib/python3.8/site-packages'
[5.277s] [34mcolcon.colcon_core.shell[0m [1;30mLevel 1[0m create_environment_hook('GroundStation', 'pythonpath')
[5.277s] [34mcolcon.colcon_core.shell[0m [1;30mINFO[0m Creating environment hook '/home/focal/Desktop/2024_GroundStation/install/GroundStation/share/GroundStation/hook/pythonpath.ps1'
[5.278s] [34mcolcon.colcon_core.shell[0m [1;30mINFO[0m Creating environment descriptor '/home/focal/Desktop/2024_GroundStation/install/GroundStation/share/GroundStation/hook/pythonpath.dsv'
[5.278s] [34mcolcon.colcon_core.shell[0m [1;30mINFO[0m Creating environment hook '/home/focal/Desktop/2024_GroundStation/install/GroundStation/share/GroundStation/hook/pythonpath.sh'
[5.279s] [34mcolcon.colcon_core.environment[0m [1;30mLevel 1[0m checking '/home/focal/Desktop/2024_GroundStation/install/GroundStation/bin'
[5.280s] [34mcolcon.colcon_core.environment[0m [1;30mLevel 1[0m create_environment_scripts_only(GroundStation)
[5.280s] [34mcolcon.colcon_core.shell[0m [1;30mINFO[0m Creating package script '/home/focal/Desktop/2024_GroundStation/install/GroundStation/share/GroundStation/package.ps1'
[5.281s] [34mcolcon.colcon_core.shell[0m [1;30mINFO[0m Creating package descriptor '/home/focal/Desktop/2024_GroundStation/install/GroundStation/share/GroundStation/package.dsv'
[5.282s] [34mcolcon.colcon_core.shell[0m [1;30mINFO[0m Creating package script '/home/focal/Desktop/2024_GroundStation/install/GroundStation/share/GroundStation/package.sh'
[5.282s] [34mcolcon.colcon_core.shell[0m [1;30mINFO[0m Creating package script '/home/focal/Desktop/2024_GroundStation/install/GroundStation/share/GroundStation/package.bash'
[5.288s] [34mcolcon.colcon_core.shell[0m [1;30mINFO[0m Creating package script '/home/focal/Desktop/2024_GroundStation/install/GroundStation/share/GroundStation/package.zsh'
[5.289s] [34mcolcon.colcon_core.environment[0m [1;30mLevel 1[0m create_file_with_runtime_dependencies(/home/focal/Desktop/2024_GroundStation/install/GroundStation/share/colcon-core/packages/GroundStation)
[5.290s] [34mcolcon.colcon_parallel_executor.executor.parallel[0m [1;30mDEBUG[0m [32mclosing loop[0m
[5.291s] [34mcolcon.colcon_parallel_executor.executor.parallel[0m [1;30mDEBUG[0m [32mloop closed[0m
[5.293s] [34mcolcon.colcon_parallel_executor.executor.parallel[0m [1;30mDEBUG[0m [32mrun_until_complete finished with '0'[0m
[5.293s] [34mcolcon.colcon_core.event_reactor[0m [1;30mDEBUG[0m [32mjoining thread[0m
[5.312s] [34mcolcon.colcon_core.plugin_system[0m [1;30mINFO[0m Skipping extension 'colcon_notification.desktop_notification.terminal_notifier': Not used on non-Darwin systems
[5.313s] [34mcolcon.colcon_core.plugin_system[0m [1;30mINFO[0m Skipping extension 'colcon_notification.desktop_notification.win32': Not used on non-Windows systems
[5.313s] [34mcolcon.colcon_notification.desktop_notification[0m [1;30mINFO[0m Sending desktop notification using 'notify2'
[5.347s] [34mcolcon.colcon_core.event_reactor[0m [1;30mDEBUG[0m [32mjoined thread[0m
[5.348s] [34mcolcon.colcon_core.shell[0m [1;30mINFO[0m Creating prefix script '/home/focal/Desktop/2024_GroundStation/install/local_setup.ps1'
[5.350s] [34mcolcon.colcon_core.shell[0m [1;30mINFO[0m Creating prefix util module '/home/focal/Desktop/2024_GroundStation/install/_local_setup_util_ps1.py'
[5.353s] [34mcolcon.colcon_core.shell[0m [1;30mINFO[0m Creating prefix chain script '/home/focal/Desktop/2024_GroundStation/install/setup.ps1'
[5.356s] [34mcolcon.colcon_core.shell[0m [1;30mINFO[0m Creating prefix script '/home/focal/Desktop/2024_GroundStation/install/local_setup.sh'
[5.358s] [34mcolcon.colcon_core.shell[0m [1;30mINFO[0m Creating prefix util module '/home/focal/Desktop/2024_GroundStation/install/_local_setup_util_sh.py'
[5.359s] [34mcolcon.colcon_core.shell[0m [1;30mINFO[0m Creating prefix chain script '/home/focal/Desktop/2024_GroundStation/install/setup.sh'
[5.361s] [34mcolcon.colcon_core.shell[0m [1;30mINFO[0m Creating prefix script '/home/focal/Desktop/2024_GroundStation/install/local_setup.bash'
[5.362s] [34mcolcon.colcon_core.shell[0m [1;30mINFO[0m Creating prefix chain script '/home/focal/Desktop/2024_GroundStation/install/setup.bash'
[5.364s] [34mcolcon.colcon_core.shell[0m [1;30mINFO[0m Creating prefix script '/home/focal/Desktop/2024_GroundStation/install/local_setup.zsh'
[5.366s] [34mcolcon.colcon_core.shell[0m [1;30mINFO[0m Creating prefix chain script '/home/focal/Desktop/2024_GroundStation/install/setup.zsh'
