1775394496.2864811 [INFO] [launch]: All log files can be found below /home/focal/Desktop/2024_GroundStation/run_log/2026-04-05-06-08-16-282563-ubuntu-31481
1775394496.2868941 [INFO] [launch]: Default logging verbosity is set to INFO
1775394496.3602633 [INFO] [myMain-1]: process started with pid [31483]
1775394496.3605525 [INFO] [navNode-2]: process started with pid [31485]
1775394496.8062158 [navNode-2] [INFO] [1775394496.805800195] [navNode]: paths: [
1775394496.8065393 [navNode-2]   {"x": 0.00, "y": 0.00, "z": 0.00, "label": "TakeOff", "qrcode": "", "label2": ""       , "qrcode2": "" },
1775394496.8066120 [navNode-2]   {"x": 0.00, "y": 0.00, "z": 0.10, "label": "A6"     , "qrcode": "", "label2": ""       , "qrcode2": "" },
1775394496.8066530 [navNode-2]   {"x": 0.00, "y": 0.00, "z": 0.20, "label": "A3"     , "qrcode": "", "label2": ""       , "qrcode2": "" },
1775394496.8067241 [navNode-2]   {"x":-0.25, "y": 1.25, "z": 1.20, "label": "A2"     , "qrcode": "", "label2": ""       , "qrcode2": "" },
1775394496.8067644 [navNode-2]   {"x":-0.25, "y": 1.25, "z": 0.80, "label": "A5"     , "qrcode": "", "label2": ""       , "qrcode2": "" },
1775394496.8068030 [navNode-2]   {"x":-0.25, "y": 1.75, "z": 0.80, "label": "A4"     , "qrcode": "", "label2": ""       , "qrcode2": "" },
1775394496.8068423 [navNode-2]   {"x":-0.25, "y": 1.75, "z": 1.20, "label": "A1"     , "qrcode": "", "label2": ""       , "qrcode2": "" },
1775394496.8068812 [navNode-2]   {"x":-0.25, "y": 2.00, "z": 0.70, "label": "UpSide1", "qrcode": "", "label2": ""       , "qrcode2": "" },
1775394496.8069201 [navNode-2]   {"x": 0.75, "y": 2.00, "z": 0.70, "label": "LandPos", "qrcode": "", "label2": ""       , "qrcode2": "" }
1775394496.8069794 [navNode-2] ]
1775394496.8070347 [navNode-2] 
1775394496.8356204 [navNode-2] [INFO] [1775394496.834898514] [navNode]: 上位机导航节点启动成功
1775394497.4192822 [myMain-1] [INFO] [1775394497.418925164] [Ground]: ros2 node launch success:Ground!
1775394500.1584244 [myMain-1] [INFO] [1775394500.158115830] [Ground]: 发送 scan_all 成功
1775394500.1594210 [navNode-2] [INFO] [1775394500.159230714] [navNode]: 收到来自UI的请求：scan_all
1775394500.1601648 [navNode-2] [WARN] [1775394500.160049794] [navNode]: 任务开始执行scan_all
1775394500.1620688 [myMain-1] [INFO] [1775394500.161922553] [Ground]: scan_all 响应成功 → 回复：scan_all
1775394500.2614818 [navNode-2] [INFO] [1775394500.260913624] [navNode]: 状态1：Takeoff--[TakeOff]
1775394500.2708497 [navNode-2] [INFO] [1775394500.270566497] [navNode]: takeoff 发送成功 → 飞行站已调用：takeoff服务
1775394500.2941275 [myMain-1] [INFO] [1775394500.293752544] [Ground]: MCU2 send back: Takeoffok
1775394500.2950385 [navNode-2] [INFO] [1775394500.294780045] [navNode]: MCU2 send back: Takeoffok
1775394500.3610258 [navNode-2] [INFO] [1775394500.360629229] [navNode]: 状态2：Takeoff_wait--[TakeOff]
1775394500.3613904 [navNode-2] [INFO] [1775394500.361033031] [navNode]: 已到目标点
1775394500.3614774 [navNode-2] 目标位置:TakeOff:(0.0, 0.0, 0.0)-[TakeOff]-[MCU:False]-[POS:True]
1775394500.3615220 [navNode-2] 当前位置:(-0.0010913971345871687, -0.0008931552292779088, -0.0016463622450828552)
1775394500.3615549 [navNode-2] 
1775394500.4620044 [navNode-2] [INFO] [1775394500.461383388] [navNode]: 状态3：SetAim--[TakeOff]
1775394500.4725342 [navNode-2] [INFO] [1775394500.472184928] [navNode]: G+00000+00000+00000 发送成功 → 飞行站已调用：G+00000+00000+00000服务
1775394500.5625472 [navNode-2] [INFO] [1775394500.561258019] [navNode]: 状态4：WaitAim--[TakeOff]
1775394500.5628161 [navNode-2] [INFO] [1775394500.562165168] [navNode]: 已到目标点
1775394500.5628915 [navNode-2] 目标位置:TakeOff:(0.0, 0.0, 0.0)-[TakeOff]-[MCU:False]-[POS:True]
1775394500.5629394 [navNode-2] 当前位置:(-0.0006420269492082298, -0.0005890449974685907, -0.0019148648716509342)
1775394500.5629847 [navNode-2] 
1775394500.6620822 [navNode-2] [INFO] [1775394500.661724832] [navNode]: 状态5：ArriveAim--[TakeOff]
1775394500.7615626 [navNode-2] [INFO] [1775394500.761082463] [navNode]: 状态3：SetAim--[TakeOff]
1775394500.7742615 [navNode-2] [INFO] [1775394500.773830020] [navNode]: G+00000+00000+01000 发送成功 → 飞行站已调用：G+00000+00000+01000服务
1775394500.8610375 [navNode-2] [INFO] [1775394500.860684140] [navNode]: 状态4：WaitAim--[A6]
1775394500.8615568 [navNode-2] [INFO] [1775394500.861217772] [navNode]: 未到目标点
1775394500.8616490 [navNode-2] 目标位置:(0.0, 0.0, 0.1)-[A6]-[MCU:False]-[POS:False]
1775394500.8617032 [navNode-2] 当前位置:(-0.0014905580319464207, -0.0009007297339849174, -0.0014471836620941758)
1775394500.9617133 [navNode-2] [INFO] [1775394500.961342587] [navNode]: 状态4：WaitAim--[A6]
1775394500.9622140 [navNode-2] [INFO] [1775394500.961987054] [navNode]: 未到目标点
1775394500.9623148 [navNode-2] 目标位置:(0.0, 0.0, 0.1)-[A6]-[MCU:False]-[POS:False]
1775394500.9623690 [navNode-2] 当前位置:(-0.001112236874178052, -0.0010464926017448306, -0.0022762964945286512)
1775394501.0614192 [navNode-2] [INFO] [1775394501.061098530] [navNode]: 状态4：WaitAim--[A6]
1775394501.0618484 [navNode-2] [INFO] [1775394501.061593325] [navNode]: 未到目标点
1775394501.0619302 [navNode-2] 目标位置:(0.0, 0.0, 0.1)-[A6]-[MCU:False]-[POS:False]
1775394501.0619791 [navNode-2] 当前位置:(-0.0007190870237536728, -0.0006168590625748038, -0.0024804575368762016)
1775394501.1610277 [navNode-2] [INFO] [1775394501.160675907] [navNode]: 状态4：WaitAim--[A6]
1775394501.1614950 [navNode-2] [INFO] [1775394501.161140100] [navNode]: 未到目标点
1775394501.1615834 [navNode-2] 目标位置:(0.0, 0.0, 0.1)-[A6]-[MCU:False]-[POS:False]
1775394501.1616287 [navNode-2] 当前位置:(-0.0008534686639904976, -0.0006640389328822494, -0.0014429030707105994)
1775394501.2613635 [navNode-2] [INFO] [1775394501.260938991] [navNode]: 状态4：WaitAim--[A6]
1775394501.2618430 [navNode-2] [INFO] [1775394501.261414412] [navNode]: 未到目标点
1775394501.2619634 [navNode-2] 目标位置:(0.0, 0.0, 0.1)-[A6]-[MCU:False]-[POS:False]
1775394501.2620258 [navNode-2] 当前位置:(-0.0012873189989477396, -0.0007557830540463328, -0.001127138501033187)
1775394501.3611045 [navNode-2] [INFO] [1775394501.360688750] [navNode]: 状态4：WaitAim--[A6]
1775394501.3616176 [navNode-2] [INFO] [1775394501.361240637] [navNode]: 未到目标点
1775394501.3617373 [navNode-2] 目标位置:(0.0, 0.0, 0.1)-[A6]-[MCU:False]-[POS:False]
1775394501.3618295 [navNode-2] 当前位置:(-0.0005894097848795354, -0.0006849063793197274, -0.0022232180926948786)
1775394501.4613495 [navNode-2] [INFO] [1775394501.460932486] [navNode]: 状态4：WaitAim--[A6]
1775394501.4617989 [navNode-2] [INFO] [1775394501.461438690] [navNode]: 未到目标点
1775394501.4618788 [navNode-2] 目标位置:(0.0, 0.0, 0.1)-[A6]-[MCU:False]-[POS:False]
1775394501.4619272 [navNode-2] 当前位置:(-0.0014434499898925424, -0.000892697717063129, -0.001303362543694675)
1775394501.5612359 [navNode-2] [INFO] [1775394501.560881779] [navNode]: 状态4：WaitAim--[A6]
1775394501.5617859 [navNode-2] [INFO] [1775394501.561415361] [navNode]: 未到目标点
1775394501.5619223 [navNode-2] 目标位置:(0.0, 0.0, 0.1)-[A6]-[MCU:False]-[POS:False]
1775394501.5619893 [navNode-2] 当前位置:(-0.0012330192839726806, -0.0008047643350437284, -0.0014173450181260705)
1775394501.6616714 [navNode-2] [INFO] [1775394501.661220302] [navNode]: 状态4：WaitAim--[A6]
1775394501.6620698 [navNode-2] [INFO] [1775394501.661834835] [navNode]: 未到目标点
1775394501.6621437 [navNode-2] 目标位置:(0.0, 0.0, 0.1)-[A6]-[MCU:False]-[POS:False]
1775394501.6622057 [navNode-2] 当前位置:(-0.0014241567114368081, -0.0007275795796886086, -0.001126288203522563)
1775394501.7608812 [navNode-2] [INFO] [1775394501.760448318] [navNode]: 状态4：WaitAim--[A6]
1775394501.7613058 [navNode-2] [INFO] [1775394501.760946524] [navNode]: 未到目标点
1775394501.7614062 [navNode-2] 目标位置:(0.0, 0.0, 0.1)-[A6]-[MCU:False]-[POS:False]
1775394501.7614813 [navNode-2] 当前位置:(-0.0015611884882673621, -0.0009938980219885707, -0.001984907314181328)
1775394501.8614523 [navNode-2] [INFO] [1775394501.861056892] [navNode]: 状态4：WaitAim--[A6]
1775394501.8618181 [navNode-2] [INFO] [1775394501.861596821] [navNode]: 未到目标点
1775394501.8618820 [navNode-2] 目标位置:(0.0, 0.0, 0.1)-[A6]-[MCU:False]-[POS:False]
1775394501.8619580 [navNode-2] 当前位置:(-0.0017425910336896777, -0.0010751488152891397, -0.001667201635427773)
1775394501.9609435 [navNode-2] [INFO] [1775394501.960523978] [navNode]: 状态4：WaitAim--[A6]
1775394501.9612834 [navNode-2] [INFO] [1775394501.961006179] [navNode]: 未到目标点
1775394501.9613900 [navNode-2] 目标位置:(0.0, 0.0, 0.1)-[A6]-[MCU:False]-[POS:False]
1775394501.9614408 [navNode-2] 当前位置:(-0.0017812062287703156, -0.0009577965247444808, -0.0012808232568204403)
1775394502.0611682 [navNode-2] [INFO] [1775394502.060738619] [navNode]: 状态4：WaitAim--[A6]
1775394502.0615547 [navNode-2] [INFO] [1775394502.061244453] [navNode]: 未到目标点
1775394502.0616543 [navNode-2] 目标位置:(0.0, 0.0, 0.1)-[A6]-[MCU:False]-[POS:False]
1775394502.0616980 [navNode-2] 当前位置:(-0.0011912633199244738, -0.000868486356921494, -0.0017146631143987179)
1775394502.1609685 [navNode-2] [INFO] [1775394502.160618041] [navNode]: 状态4：WaitAim--[A6]
1775394502.1614101 [navNode-2] [INFO] [1775394502.161101317] [navNode]: 未到目标点
1775394502.1614950 [navNode-2] 目标位置:(0.0, 0.0, 0.1)-[A6]-[MCU:False]-[POS:False]
1775394502.1615381 [navNode-2] 当前位置:(-0.0012460257858037949, -0.0007772514363750815, -0.0012824872974306345)
1775394502.2610652 [navNode-2] [INFO] [1775394502.260345774] [navNode]: 状态4：WaitAim--[A6]
1775394502.2612994 [navNode-2] [INFO] [1775394502.260772704] [navNode]: 未到目标点
1775394502.2613552 [navNode-2] 目标位置:(0.0, 0.0, 0.1)-[A6]-[MCU:False]-[POS:False]
1775394502.2613924 [navNode-2] 当前位置:(-0.0008398314821533859, -0.000745497178286314, -0.0015869084745645523)
1775394502.3614161 [navNode-2] [INFO] [1775394502.361083859] [navNode]: 状态4：WaitAim--[A6]
1775394502.3618224 [navNode-2] [INFO] [1775394502.361529821] [navNode]: 未到目标点
1775394502.3618948 [navNode-2] 目标位置:(0.0, 0.0, 0.1)-[A6]-[MCU:False]-[POS:False]
1775394502.3619375 [navNode-2] 当前位置:(-0.001330942497588694, -0.000782150833401829, -0.0013724700547754765)
1775394502.4613333 [navNode-2] [INFO] [1775394502.460565011] [navNode]: 状态4：WaitAim--[A6]
1775394502.4615891 [navNode-2] [INFO] [1775394502.460965042] [navNode]: 未到目标点
1775394502.4616594 [navNode-2] 目标位置:(0.0, 0.0, 0.1)-[A6]-[MCU:False]-[POS:False]
1775394502.4617133 [navNode-2] 当前位置:(-0.0017185541801154613, -0.001061204238794744, -0.0016962970839813352)
1775394502.5621278 [navNode-2] [INFO] [1775394502.561748959] [navNode]: 状态4：WaitAim--[A6]
1775394502.5625842 [navNode-2] [INFO] [1775394502.562210113] [navNode]: 未到目标点
1775394502.5626767 [navNode-2] 目标位置:(0.0, 0.0, 0.1)-[A6]-[MCU:False]-[POS:False]
1775394502.5627203 [navNode-2] 当前位置:(-0.0011565290624275804, -0.0008875462808646262, -0.0033319054637104273)
1775394502.6609411 [navNode-2] [INFO] [1775394502.660616568] [navNode]: 状态4：WaitAim--[A6]
1775394502.6613929 [navNode-2] [INFO] [1775394502.661059498] [navNode]: 未到目标点
1775394502.6614738 [navNode-2] 目标位置:(0.0, 0.0, 0.1)-[A6]-[MCU:False]-[POS:False]
1775394502.6615155 [navNode-2] 当前位置:(-0.0014549134066328406, -0.0007205073488876224, -0.0007642319542355835)
1775394502.7610595 [navNode-2] [INFO] [1775394502.760699183] [navNode]: 状态4：WaitAim--[A6]
1775394502.7615182 [navNode-2] [INFO] [1775394502.761198582] [navNode]: 未到目标点
1775394502.7616284 [navNode-2] 目标位置:(0.0, 0.0, 0.1)-[A6]-[MCU:False]-[POS:False]
1775394502.7617116 [navNode-2] 当前位置:(-0.0009478314314037561, -0.0007113517494872212, -0.0012709505390375853)
1775394502.8609397 [navNode-2] [INFO] [1775394502.860559696] [navNode]: 状态4：WaitAim--[A6]
1775394502.8613534 [navNode-2] [INFO] [1775394502.861131800] [navNode]: 未到目标点
1775394502.8614430 [navNode-2] 目标位置:(0.0, 0.0, 0.1)-[A6]-[MCU:False]-[POS:False]
1775394502.8615003 [navNode-2] 当前位置:(-0.0008315200684592128, -0.0005639615119434893, -0.001105388393625617)
1775394502.9611290 [navNode-2] [INFO] [1775394502.960711198] [navNode]: 状态4：WaitAim--[A6]
1775394502.9621325 [navNode-2] [INFO] [1775394502.961799650] [navNode]: 未到目标点
1775394502.9622934 [navNode-2] 目标位置:(0.0, 0.0, 0.1)-[A6]-[MCU:False]-[POS:False]
1775394502.9623415 [navNode-2] 当前位置:(-0.001183132641017437, -0.0006436222465708852, -0.00098985165823251)
1775394503.0618482 [navNode-2] [INFO] [1775394503.061446717] [navNode]: 状态4：WaitAim--[A6]
1775394503.0622916 [navNode-2] [INFO] [1775394503.061866825] [navNode]: 未到目标点
1775394503.0623829 [navNode-2] 目标位置:(0.0, 0.0, 0.1)-[A6]-[MCU:False]-[POS:False]
1775394503.0624280 [navNode-2] 当前位置:(-0.0006866814219392836, -0.000671003945171833, -0.0025151302106678486)
1775394503.1615295 [navNode-2] [INFO] [1775394503.161157090] [navNode]: 状态4：WaitAim--[A6]
1775394503.1619878 [navNode-2] [INFO] [1775394503.161650061] [navNode]: 未到目标点
1775394503.1621039 [navNode-2] 目标位置:(0.0, 0.0, 0.1)-[A6]-[MCU:False]-[POS:False]
1775394503.1621602 [navNode-2] 当前位置:(-0.0011281081242486835, -0.0008741826750338078, -0.00138441426679492)
1775394503.2609286 [navNode-2] [INFO] [1775394503.260592862] [navNode]: 状态4：WaitAim--[A6]
1775394503.2613261 [navNode-2] [INFO] [1775394503.261048602] [navNode]: 未到目标点
1775394503.2614386 [navNode-2] 目标位置:(0.0, 0.0, 0.1)-[A6]-[MCU:False]-[POS:False]
1775394503.2614963 [navNode-2] 当前位置:(-0.0011877520009875298, -0.0007954568136483431, -0.001335515291430056)
1775394503.3611820 [navNode-2] [INFO] [1775394503.360724941] [navNode]: 状态4：WaitAim--[A6]
1775394503.3616378 [navNode-2] [INFO] [1775394503.361265786] [navNode]: 未到目标点
1775394503.3617597 [navNode-2] 目标位置:(0.0, 0.0, 0.1)-[A6]-[MCU:False]-[POS:False]
1775394503.3618314 [navNode-2] 当前位置:(-0.000961820303928107, -0.0006706560379825532, -0.0011734983418136835)
1775394503.4608302 [navNode-2] [INFO] [1775394503.460533276] [navNode]: 状态4：WaitAim--[A6]
1775394503.4612467 [navNode-2] [INFO] [1775394503.460978514] [navNode]: 未到目标点
1775394503.4614010 [navNode-2] 目标位置:(0.0, 0.0, 0.1)-[A6]-[MCU:False]-[POS:False]
1775394503.4614654 [navNode-2] 当前位置:(-0.0008241393370553851, -0.000716887996532023, -0.002592985052615404)
1775394503.5614412 [navNode-2] [INFO] [1775394503.561118931] [navNode]: 状态4：WaitAim--[A6]
1775394503.5618033 [navNode-2] [INFO] [1775394503.561565210] [navNode]: 未到目标点
1775394503.5619094 [navNode-2] 目标位置:(0.0, 0.0, 0.1)-[A6]-[MCU:False]-[POS:False]
1775394503.5619576 [navNode-2] 当前位置:(-0.0012307889992371202, -0.0007610165630467236, -0.0010852166451513767)
1775394503.6613758 [navNode-2] [INFO] [1775394503.660611245] [navNode]: 状态4：WaitAim--[A6]
1775394503.6620221 [navNode-2] [INFO] [1775394503.661251506] [navNode]: 未到目标点
1775394503.6621447 [navNode-2] 目标位置:(0.0, 0.0, 0.1)-[A6]-[MCU:False]-[POS:False]
1775394503.6622169 [navNode-2] 当前位置:(-0.0009529598755761981, -0.0006660788785666227, -0.0012638340704143047)
1775394503.7608285 [navNode-2] [INFO] [1775394503.760568632] [navNode]: 状态4：WaitAim--[A6]
1775394503.7618420 [navNode-2] [INFO] [1775394503.761594273] [navNode]: 未到目标点
1775394503.7620051 [navNode-2] 目标位置:(0.0, 0.0, 0.1)-[A6]-[MCU:False]-[POS:False]
1775394503.7620726 [navNode-2] 当前位置:(-0.0009794714860618114, -0.0005206678179092705, -0.000804294366389513)
1775394503.8615646 [navNode-2] [INFO] [1775394503.861185755] [navNode]: 状态4：WaitAim--[A6]
1775394503.8623369 [navNode-2] [INFO] [1775394503.861731168] [navNode]: 未到目标点
1775394503.8624873 [navNode-2] 目标位置:(0.0, 0.0, 0.1)-[A6]-[MCU:False]-[POS:False]
1775394503.8625543 [navNode-2] 当前位置:(-0.001062488998286426, -0.0007629944593645632, -0.0013783368049189448)
1775394503.9614472 [navNode-2] [INFO] [1775394503.960699704] [navNode]: 状态4：WaitAim--[A6]
1775394503.9617395 [navNode-2] [INFO] [1775394503.961090538] [navNode]: 未到目标点
1775394503.9618030 [navNode-2] 目标位置:(0.0, 0.0, 0.1)-[A6]-[MCU:False]-[POS:False]
1775394503.9618404 [navNode-2] 当前位置:(-0.0010237009264528751, -0.0007027199608273804, -0.001179319922812283)
1775394504.0608203 [navNode-2] [INFO] [1775394504.060434097] [navNode]: 状态4：WaitAim--[A6]
1775394504.0611911 [navNode-2] [INFO] [1775394504.060854872] [navNode]: 未到目标点
1775394504.0618644 [navNode-2] 目标位置:(0.0, 0.0, 0.1)-[A6]-[MCU:False]-[POS:False]
1775394504.0619454 [navNode-2] 当前位置:(-0.0012452231021597981, -0.0007489206618629396, -0.0013939670752733946)
1775394504.1617510 [navNode-2] [INFO] [1775394504.161266448] [navNode]: 状态4：WaitAim--[A6]
1775394504.1622281 [navNode-2] [INFO] [1775394504.161810056] [navNode]: 未到目标点
1775394504.1623526 [navNode-2] 目标位置:(0.0, 0.0, 0.1)-[A6]-[MCU:False]-[POS:False]
1775394504.1624324 [navNode-2] 当前位置:(-0.001256858347915113, -0.0007811841205693781, -0.0013215417275205255)
1775394504.2610474 [navNode-2] [INFO] [1775394504.260687021] [navNode]: 状态4：WaitAim--[A6]
1775394504.2614996 [navNode-2] [INFO] [1775394504.261191772] [navNode]: 未到目标点
1775394504.2616117 [navNode-2] 目标位置:(0.0, 0.0, 0.1)-[A6]-[MCU:False]-[POS:False]
1775394504.2616811 [navNode-2] 当前位置:(-0.0012344022979959846, -0.0007854176219552755, -0.0013332554372027516)
1775394504.3612375 [navNode-2] [INFO] [1775394504.360844198] [navNode]: 状态4：WaitAim--[A6]
1775394504.3616788 [navNode-2] [INFO] [1775394504.361333308] [navNode]: 未到目标点
1775394504.3618047 [navNode-2] 目标位置:(0.0, 0.0, 0.1)-[A6]-[MCU:False]-[POS:False]
1775394504.3618755 [navNode-2] 当前位置:(-0.0012121240142732859, -0.0008057547966018319, -0.0013479219051077962)
1775394504.4615035 [navNode-2] [INFO] [1775394504.461110779] [navNode]: 状态4：WaitAim--[A6]
1775394504.4619243 [navNode-2] [INFO] [1775394504.461595414] [navNode]: 未到目标点
1775394504.4620035 [navNode-2] 目标位置:(0.0, 0.0, 0.1)-[A6]-[MCU:False]-[POS:False]
1775394504.4620936 [navNode-2] 当前位置:(-0.00030866838642396033, -0.00040492889820598066, -0.001859485637396574)
1775394504.5607085 [navNode-2] [INFO] [1775394504.560403106] [navNode]: 状态4：WaitAim--[A6]
1775394504.5611272 [navNode-2] [INFO] [1775394504.560808982] [navNode]: 未到目标点
1775394504.5612161 [navNode-2] 目标位置:(0.0, 0.0, 0.1)-[A6]-[MCU:False]-[POS:False]
1775394504.5612793 [navNode-2] 当前位置:(-0.0008624554611742496, -0.0005994850653223693, -0.0008688646485097706)
1775394504.6610665 [navNode-2] [INFO] [1775394504.660724276] [navNode]: 状态4：WaitAim--[A6]
1775394504.6615024 [navNode-2] [INFO] [1775394504.661208830] [navNode]: 未到目标点
1775394504.6615920 [navNode-2] 目标位置:(0.0, 0.0, 0.1)-[A6]-[MCU:False]-[POS:False]
1775394504.6616468 [navNode-2] 当前位置:(-0.0014898150693625212, -0.0008775690221227705, -0.0014161100843921304)
1775394504.7607775 [navNode-2] [INFO] [1775394504.760451888] [navNode]: 状态4：WaitAim--[A6]
1775394504.7612398 [navNode-2] [INFO] [1775394504.760879961] [navNode]: 未到目标点
1775394504.7613750 [navNode-2] 目标位置:(0.0, 0.0, 0.1)-[A6]-[MCU:False]-[POS:False]
1775394504.7614417 [navNode-2] 当前位置:(-0.0014679230516776443, -0.0009135044529102743, -0.0014981047715991735)
1775394504.8607113 [navNode-2] [INFO] [1775394504.860330709] [navNode]: 状态4：WaitAim--[A6]
1775394504.8611896 [navNode-2] [INFO] [1775394504.860720473] [navNode]: 未到目标点
1775394504.8613038 [navNode-2] 目标位置:(0.0, 0.0, 0.1)-[A6]-[MCU:False]-[POS:False]
1775394504.8613651 [navNode-2] 当前位置:(-0.0015682281227782369, -0.0009818649850785732, -0.0015302177052944899)
1775394504.9613292 [navNode-2] [INFO] [1775394504.961006158] [navNode]: 状态4：WaitAim--[A6]
1775394504.9618480 [navNode-2] [INFO] [1775394504.961453133] [navNode]: 未到目标点
1775394504.9619575 [navNode-2] 目标位置:(0.0, 0.0, 0.1)-[A6]-[MCU:False]-[POS:False]
1775394504.9620323 [navNode-2] 当前位置:(-0.0009201573557220399, -0.0009026687475852668, -0.002771347062662244)
1775394505.0610495 [navNode-2] [INFO] [1775394505.060684441] [navNode]: 状态4：WaitAim--[A6]
1775394505.0615723 [navNode-2] [INFO] [1775394505.061219548] [navNode]: 未到目标点
1775394505.0616751 [navNode-2] 目标位置:(0.0, 0.0, 0.1)-[A6]-[MCU:False]-[POS:False]
1775394505.0617287 [navNode-2] 当前位置:(-0.001234146999195218, -0.0009627317194826901, -0.002007236937060952)
1775394505.1619153 [navNode-2] [INFO] [1775394505.161381924] [navNode]: 状态4：WaitAim--[A6]
1775394505.1623363 [navNode-2] [INFO] [1775394505.161895205] [navNode]: 未到目标点
1775394505.1624393 [navNode-2] 目标位置:(0.0, 0.0, 0.1)-[A6]-[MCU:False]-[POS:False]
1775394505.1625266 [navNode-2] 当前位置:(-0.0012399433180689812, -0.000652938848361373, -0.000765738426707685)
1775394505.2608871 [navNode-2] [INFO] [1775394505.260532080] [navNode]: 状态4：WaitAim--[A6]
1775394505.2613204 [navNode-2] [INFO] [1775394505.260975512] [navNode]: 未到目标点
1775394505.2614200 [navNode-2] 目标位置:(0.0, 0.0, 0.1)-[A6]-[MCU:False]-[POS:False]
1775394505.2614882 [navNode-2] 当前位置:(-0.001011960906907916, -0.0006676129996776581, -0.0011966403108090162)
1775394505.3615961 [navNode-2] [INFO] [1775394505.361248167] [navNode]: 状态4：WaitAim--[A6]
1775394505.3619926 [navNode-2] [INFO] [1775394505.361697559] [navNode]: 未到目标点
1775394505.3620760 [navNode-2] 目标位置:(0.0, 0.0, 0.1)-[A6]-[MCU:False]-[POS:False]
1775394505.3621244 [navNode-2] 当前位置:(-0.0012703697429969907, -0.0008110656053759158, -0.001367467804811895)
1775394505.4611278 [navNode-2] [INFO] [1775394505.460405060] [navNode]: 状态4：WaitAim--[A6]
1775394505.4613516 [navNode-2] [INFO] [1775394505.460812472] [navNode]: 未到目标点
1775394505.4614098 [navNode-2] 目标位置:(0.0, 0.0, 0.1)-[A6]-[MCU:False]-[POS:False]
1775394505.4614432 [navNode-2] 当前位置:(-0.0015497630229219794, -0.0009482680470682681, -0.0015403857687488198)
1775394505.5618899 [navNode-2] [INFO] [1775394505.561556384] [navNode]: 状态4：WaitAim--[A6]
1775394505.5623159 [navNode-2] [INFO] [1775394505.562058291] [navNode]: 未到目标点
1775394505.5624390 [navNode-2] 目标位置:(0.0, 0.0, 0.1)-[A6]-[MCU:False]-[POS:False]
1775394505.5624962 [navNode-2] 当前位置:(-0.0017000922234728932, -0.0010111411102116108, -0.0016104878159239888)
1775394505.6612990 [navNode-2] [INFO] [1775394505.660564873] [navNode]: 状态4：WaitAim--[A6]
1775394505.6614823 [navNode-2] [INFO] [1775394505.660948235] [navNode]: 未到目标点
1775394505.6615262 [navNode-2] 目标位置:(0.0, 0.0, 0.1)-[A6]-[MCU:False]-[POS:False]
1775394505.6615605 [navNode-2] 当前位置:(-0.0015762971015647054, -0.00094371079467237, -0.0015751221217215061)
1775394505.7609973 [navNode-2] [INFO] [1775394505.760580464] [navNode]: 状态4：WaitAim--[A6]
1775394505.7614143 [navNode-2] [INFO] [1775394505.761089900] [navNode]: 未到目标点
1775394505.7614923 [navNode-2] 目标位置:(0.0, 0.0, 0.1)-[A6]-[MCU:False]-[POS:False]
1775394505.7615359 [navNode-2] 当前位置:(-0.0015413553919643164, -0.0009720110101625323, -0.001845820341259241)
1775394505.8612137 [navNode-2] [INFO] [1775394505.860810142] [navNode]: 状态4：WaitAim--[A6]
1775394505.8617063 [navNode-2] [INFO] [1775394505.861267629] [navNode]: 未到目标点
1775394505.8618269 [navNode-2] 目标位置:(0.0, 0.0, 0.1)-[A6]-[MCU:False]-[POS:False]
1775394505.8619022 [navNode-2] 当前位置:(-0.0012535919668152928, -0.000824551738332957, -0.0014101970009505749)
1775394505.9608145 [navNode-2] [INFO] [1775394505.960457926] [navNode]: 状态4：WaitAim--[A6]
1775394505.9611838 [navNode-2] [INFO] [1775394505.960914264] [navNode]: 未到目标点
1775394505.9612627 [navNode-2] 目标位置:(0.0, 0.0, 0.1)-[A6]-[MCU:False]-[POS:False]
1775394505.9613032 [navNode-2] 当前位置:(-0.001692706486210227, -0.0009808142203837633, -0.001579698408022523)
1775394506.0611565 [navNode-2] [INFO] [1775394506.060828573] [navNode]: 状态4：WaitAim--[A6]
1775394506.0615685 [navNode-2] [INFO] [1775394506.061282960] [navNode]: 未到目标点
1775394506.0616627 [navNode-2] 目标位置:(0.0, 0.0, 0.1)-[A6]-[MCU:False]-[POS:False]
1775394506.0617163 [navNode-2] 当前位置:(-0.0018105104099959135, -0.0010629582684487104, -0.0016380337765440345)
1775394506.1607375 [navNode-2] [INFO] [1775394506.160364431] [navNode]: 状态4：WaitAim--[A6]
1775394506.1611433 [navNode-2] [INFO] [1775394506.160787156] [navNode]: 未到目标点
1775394506.1612380 [navNode-2] 目标位置:(0.0, 0.0, 0.1)-[A6]-[MCU:False]-[POS:False]
1775394506.1613116 [navNode-2] 当前位置:(-0.0016657746164128184, -0.0010378544684499502, -0.0016868866514414549)
1775394506.2612467 [navNode-2] [INFO] [1775394506.260433370] [navNode]: 状态4：WaitAim--[A6]
1775394506.2615159 [navNode-2] [INFO] [1775394506.260861812] [navNode]: 未到目标点
1775394506.2615831 [navNode-2] 目标位置:(0.0, 0.0, 0.1)-[A6]-[MCU:False]-[POS:False]
1775394506.2616353 [navNode-2] 当前位置:(-0.0012681419029831886, -0.0009980027098208666, -0.0017823738744482398)
1775394506.3609719 [navNode-2] [INFO] [1775394506.360553339] [navNode]: 状态4：WaitAim--[A6]
1775394506.3613844 [navNode-2] [INFO] [1775394506.361015474] [navNode]: 未到目标点
1775394506.3614926 [navNode-2] 目标位置:(0.0, 0.0, 0.1)-[A6]-[MCU:False]-[POS:False]
1775394506.3615663 [navNode-2] 当前位置:(-0.0018945896299555898, -0.0011042252881452441, -0.0016633619088679552)
1775394506.4610145 [navNode-2] [INFO] [1775394506.460244075] [navNode]: 状态4：WaitAim--[A6]
1775394506.4612319 [navNode-2] [INFO] [1775394506.460709078] [navNode]: 未到目标点
1775394506.4613082 [navNode-2] 目标位置:(0.0, 0.0, 0.1)-[A6]-[MCU:False]-[POS:False]
1775394506.4613459 [navNode-2] 当前位置:(-0.00156684301327914, -0.0009878665441647172, -0.0016195287462323904)
1775394506.5606344 [navNode-2] [INFO] [1775394506.560319532] [navNode]: 状态4：WaitAim--[A6]
1775394506.5610178 [navNode-2] [INFO] [1775394506.560723652] [navNode]: 未到目标点
1775394506.5611079 [navNode-2] 目标位置:(0.0, 0.0, 0.1)-[A6]-[MCU:False]-[POS:False]
1775394506.5611577 [navNode-2] 当前位置:(-0.0018007996259257197, -0.0010010246187448502, -0.0013841843465343118)
1775394506.6611812 [navNode-2] [INFO] [1775394506.660810622] [navNode]: 状态4：WaitAim--[A6]
1775394506.6620619 [navNode-2] [INFO] [1775394506.661354913] [navNode]: 未到目标点
1775394506.6622434 [navNode-2] 目标位置:(0.0, 0.0, 0.1)-[A6]-[MCU:False]-[POS:False]
1775394506.6623294 [navNode-2] 当前位置:(-0.0013260898413136601, -0.0009942000033333898, -0.001788138528354466)
1775394506.7610278 [navNode-2] [INFO] [1775394506.760708491] [navNode]: 状态4：WaitAim--[A6]
1775394506.7614305 [navNode-2] [INFO] [1775394506.761138090] [navNode]: 未到目标点
1775394506.7615926 [navNode-2] 目标位置:(0.0, 0.0, 0.1)-[A6]-[MCU:False]-[POS:False]
1775394506.7616973 [navNode-2] 当前位置:(-0.0015962307807058096, -0.0009040864533744752, -0.0016144237015396357)
1775394506.8609858 [navNode-2] [INFO] [1775394506.860422666] [navNode]: 状态4：WaitAim--[A6]
1775394506.8614342 [navNode-2] [INFO] [1775394506.860874838] [navNode]: 未到目标点
1775394506.8615620 [navNode-2] 目标位置:(0.0, 0.0, 0.1)-[A6]-[MCU:False]-[POS:False]
1775394506.8616488 [navNode-2] 当前位置:(-0.0010882474016398191, -0.0007235757657326758, -0.0012794459471479058)
1775394506.9609444 [navNode-2] [INFO] [1775394506.960614490] [navNode]: 状态4：WaitAim--[A6]
1775394506.9613314 [navNode-2] [INFO] [1775394506.961048117] [navNode]: 未到目标点
1775394506.9614580 [navNode-2] 目标位置:(0.0, 0.0, 0.1)-[A6]-[MCU:False]-[POS:False]
1775394506.9615605 [navNode-2] 当前位置:(-0.0009871871443465352, -0.0006307846633717418, -0.0011490938486531377)
1775394507.0608490 [navNode-2] [INFO] [1775394507.060516999] [navNode]: 状态4：WaitAim--[A6]
1775394507.0612721 [navNode-2] [INFO] [1775394507.060950608] [navNode]: 未到目标点
1775394507.0613453 [navNode-2] 目标位置:(0.0, 0.0, 0.1)-[A6]-[MCU:False]-[POS:False]
1775394507.0614071 [navNode-2] 当前位置:(-0.0008833605097606778, -0.0005959998816251755, -0.0010320792207494378)
1775394507.1607296 [navNode-2] [INFO] [1775394507.160441708] [navNode]: 状态4：WaitAim--[A6]
1775394507.1610918 [navNode-2] [INFO] [1775394507.160846937] [navNode]: 未到目标点
1775394507.1611977 [navNode-2] 目标位置:(0.0, 0.0, 0.1)-[A6]-[MCU:False]-[POS:False]
1775394507.1612618 [navNode-2] 当前位置:(-0.0012340967077761889, -0.0007695202948525548, -0.0012698991922661662)
1775394507.2619121 [navNode-2] [INFO] [1775394507.261101981] [navNode]: 状态4：WaitAim--[A6]
1775394507.2625501 [navNode-2] [INFO] [1775394507.261811230] [navNode]: 未到目标点
1775394507.2627144 [navNode-2] 目标位置:(0.0, 0.0, 0.1)-[A6]-[MCU:False]-[POS:False]
1775394507.2627835 [navNode-2] 当前位置:(-0.0015170637052506208, -0.0008426640997640789, -0.00127663544844836)
1775394507.3609204 [navNode-2] [INFO] [1775394507.360624536] [navNode]: 状态4：WaitAim--[A6]
1775394507.3613260 [navNode-2] [INFO] [1775394507.361052363] [navNode]: 未到目标点
1775394507.3614228 [navNode-2] 目标位置:(0.0, 0.0, 0.1)-[A6]-[MCU:False]-[POS:False]
1775394507.3615203 [navNode-2] 当前位置:(-0.0007380459574051201, -0.0006625026580877602, -0.0029654833488166332)
1775394507.4618597 [navNode-2] [INFO] [1775394507.461493042] [navNode]: 状态4：WaitAim--[A6]
1775394507.4622738 [navNode-2] [INFO] [1775394507.461948028] [navNode]: 未到目标点
1775394507.4623821 [navNode-2] 目标位置:(0.0, 0.0, 0.1)-[A6]-[MCU:False]-[POS:False]
1775394507.4624543 [navNode-2] 当前位置:(-0.001977422973141074, -0.0010238350369036198, -0.001037323847413063)
1775394507.5615766 [navNode-2] [INFO] [1775394507.560681084] [navNode]: 状态4：WaitAim--[A6]
1775394507.5618265 [navNode-2] [INFO] [1775394507.561140551] [navNode]: 未到目标点
1775394507.5619268 [navNode-2] 目标位置:(0.0, 0.0, 0.1)-[A6]-[MCU:False]-[POS:False]
1775394507.5619805 [navNode-2] 当前位置:(-0.0014495840296149254, -0.0009149718680419028, -0.0014942459529265761)
1775394507.6607373 [navNode-2] [INFO] [1775394507.660409460] [navNode]: 状态4：WaitAim--[A6]
1775394507.6611135 [navNode-2] [INFO] [1775394507.660842360] [navNode]: 未到目标点
1775394507.6612227 [navNode-2] 目标位置:(0.0, 0.0, 0.1)-[A6]-[MCU:False]-[POS:False]
1775394507.6612992 [navNode-2] 当前位置:(-0.0008527542813681066, -0.0007483286317437887, -0.0015990642132237554)
1775394507.7620337 [navNode-2] [INFO] [1775394507.761299310] [navNode]: 状态4：WaitAim--[A6]
1775394507.7622466 [navNode-2] [INFO] [1775394507.761698825] [navNode]: 未到目标点
1775394507.7623043 [navNode-2] 目标位置:(0.0, 0.0, 0.1)-[A6]-[MCU:False]-[POS:False]
1775394507.7623382 [navNode-2] 当前位置:(-0.0014891884056851268, -0.0008696302538737655, -0.001640654867514968)
1775394507.8612528 [navNode-2] [INFO] [1775394507.860525458] [navNode]: 状态4：WaitAim--[A6]
1775394507.8614461 [navNode-2] [INFO] [1775394507.860957918] [navNode]: 未到目标点
1775394507.8615153 [navNode-2] 目标位置:(0.0, 0.0, 0.1)-[A6]-[MCU:False]-[POS:False]
1775394507.8615561 [navNode-2] 当前位置:(-0.0010059283813461661, -0.000947450113017112, -0.0024045384488999844)
1775394507.9612534 [navNode-2] [INFO] [1775394507.960582909] [navNode]: 状态4：WaitAim--[A6]
1775394507.9614463 [navNode-2] [INFO] [1775394507.960943035] [navNode]: 未到目标点
1775394507.9615052 [navNode-2] 目标位置:(0.0, 0.0, 0.1)-[A6]-[MCU:False]-[POS:False]
1775394507.9615390 [navNode-2] 当前位置:(-0.0005688965902663767, -0.0005365867982618511, -0.0018413240322843194)
1775394508.0610166 [navNode-2] [INFO] [1775394508.060644628] [navNode]: 状态4：WaitAim--[A6]
1775394508.0613527 [navNode-2] [INFO] [1775394508.061050587] [navNode]: 未到目标点
1775394508.0614588 [navNode-2] 目标位置:(0.0, 0.0, 0.1)-[A6]-[MCU:False]-[POS:False]
1775394508.0615270 [navNode-2] 当前位置:(-0.0011953199282288551, -0.0007799893501214683, -0.0011269953101873398)
1775394508.1613617 [navNode-2] [INFO] [1775394508.160614063] [navNode]: 状态4：WaitAim--[A6]
1775394508.1616187 [navNode-2] [INFO] [1775394508.161026878] [navNode]: 未到目标点
1775394508.1617100 [navNode-2] 目标位置:(0.0, 0.0, 0.1)-[A6]-[MCU:False]-[POS:False]
1775394508.1617486 [navNode-2] 当前位置:(-0.00011633430403890088, -0.00048600678564980626, -0.0019124746322631836)
1775394508.2614386 [navNode-2] [INFO] [1775394508.261115252] [navNode]: 状态4：WaitAim--[A6]
1775394508.2618456 [navNode-2] [INFO] [1775394508.261593687] [navNode]: 未到目标点
1775394508.2619519 [navNode-2] 目标位置:(0.0, 0.0, 0.1)-[A6]-[MCU:False]-[POS:False]
1775394508.2620049 [navNode-2] 当前位置:(-0.0010060920612886548, -0.00052068562945351, -0.000576929422095418)
1775394508.3624139 [navNode-2] [INFO] [1775394508.361594775] [navNode]: 状态4：WaitAim--[A6]
1775394508.3626931 [navNode-2] [INFO] [1775394508.362015443] [navNode]: 未到目标点
1775394508.3627989 [navNode-2] 目标位置:(0.0, 0.0, 0.1)-[A6]-[MCU:False]-[POS:False]
1775394508.3628395 [navNode-2] 当前位置:(-0.0011466441210359335, -0.000771627645008266, -0.00132054986897856)
1775394508.4607887 [navNode-2] [INFO] [1775394508.460391415] [navNode]: 状态4：WaitAim--[A6]
1775394508.4611735 [navNode-2] [INFO] [1775394508.460888754] [navNode]: 未到目标点
1775394508.4612706 [navNode-2] 目标位置:(0.0, 0.0, 0.1)-[A6]-[MCU:False]-[POS:False]
1775394508.4613152 [navNode-2] 当前位置:(-0.0008809564751572907, -0.0006472278037108481, -0.0010761779267340899)
1775394508.5614340 [navNode-2] [INFO] [1775394508.560605254] [navNode]: 状态4：WaitAim--[A6]
1775394508.5616760 [navNode-2] [INFO] [1775394508.561056408] [navNode]: 未到目标点
1775394508.5617499 [navNode-2] 目标位置:(0.0, 0.0, 0.1)-[A6]-[MCU:False]-[POS:False]
1775394508.5617864 [navNode-2] 当前位置:(-0.0010228910250589252, -0.0007961482042446733, -0.001512465882115066)
1775394508.6608577 [navNode-2] [INFO] [1775394508.660513416] [navNode]: 状态4：WaitAim--[A6]
1775394508.6617777 [navNode-2] [INFO] [1775394508.661528009] [navNode]: 未到目标点
1775394508.6619461 [navNode-2] 目标位置:(0.0, 0.0, 0.1)-[A6]-[MCU:False]-[POS:False]
1775394508.6620033 [navNode-2] 当前位置:(-0.0013052360154688358, -0.0007950831786729395, -0.001335060689598322)
1775394508.7616358 [navNode-2] [INFO] [1775394508.761298081] [navNode]: 状态4：WaitAim--[A6]
1775394508.7620828 [navNode-2] [INFO] [1775394508.761750149] [navNode]: 未到目标点
1775394508.7621965 [navNode-2] 目标位置:(0.0, 0.0, 0.1)-[A6]-[MCU:False]-[POS:False]
1775394508.7622669 [navNode-2] 当前位置:(-0.0010528735583648086, -0.0007520196377299726, -0.001241787918843329)
1775394508.8610930 [navNode-2] [INFO] [1775394508.860671378] [navNode]: 状态4：WaitAim--[A6]
1775394508.8615146 [navNode-2] [INFO] [1775394508.861112414] [navNode]: 未到目标点
1775394508.8616066 [navNode-2] 目标位置:(0.0, 0.0, 0.1)-[A6]-[MCU:False]-[POS:False]
1775394508.8616714 [navNode-2] 当前位置:(-0.0013141403906047344, -0.0009114809799939394, -0.0017970481421798468)
1775394508.9613276 [navNode-2] [INFO] [1775394508.960539696] [navNode]: 状态4：WaitAim--[A6]
1775394508.9616206 [navNode-2] [INFO] [1775394508.960990222] [navNode]: 未到目标点
1775394508.9617155 [navNode-2] 目标位置:(0.0, 0.0, 0.1)-[A6]-[MCU:False]-[POS:False]
1775394508.9617550 [navNode-2] 当前位置:(-0.001138758729211986, -0.0007342344033531845, -0.0011732034618034959)
1775394509.0614076 [navNode-2] [INFO] [1775394509.060970648] [navNode]: 状态4：WaitAim--[A6]
1775394509.0619671 [navNode-2] [INFO] [1775394509.061588254] [navNode]: 未到目标点
1775394509.0627661 [navNode-2] 目标位置:(0.0, 0.0, 0.1)-[A6]-[MCU:False]-[POS:False]
1775394509.0629766 [navNode-2] 当前位置:(-9.533322008792311e-05, -0.0004321506421547383, -0.0029523861594498158)
1775394509.1611471 [navNode-2] [INFO] [1775394509.160731205] [navNode]: 状态4：WaitAim--[A6]
1775394509.1615350 [navNode-2] [INFO] [1775394509.161237190] [navNode]: 未到目标点
1775394509.1616409 [navNode-2] 目标位置:(0.0, 0.0, 0.1)-[A6]-[MCU:False]-[POS:False]
1775394509.1617613 [navNode-2] 当前位置:(-0.0010998583165928721, -0.0006499832961708307, -0.0007772534736432135)
1775394509.2609560 [navNode-2] [INFO] [1775394509.260690174] [navNode]: 状态4：WaitAim--[A6]
1775394509.2620542 [navNode-2] [INFO] [1775394509.261888337] [navNode]: 未到目标点
1775394509.2621946 [navNode-2] 目标位置:(0.0, 0.0, 0.1)-[A6]-[MCU:False]-[POS:False]
1775394509.2622523 [navNode-2] 当前位置:(-0.0006355306250043213, -0.0007801422034390271, -0.0017164619639515877)
1775394509.3607512 [navNode-2] [INFO] [1775394509.360457087] [navNode]: 状态4：WaitAim--[A6]
1775394509.3611453 [navNode-2] [INFO] [1775394509.360873381] [navNode]: 未到目标点
1775394509.3612394 [navNode-2] 目标位置:(0.0, 0.0, 0.1)-[A6]-[MCU:False]-[POS:False]
1775394509.3613155 [navNode-2] 当前位置:(-0.000978935742750764, -0.0008166378829628229, -0.001367052085697651)
1775394509.4610388 [navNode-2] [INFO] [1775394509.460701313] [navNode]: 状态4：WaitAim--[A6]
1775394509.4621403 [navNode-2] [INFO] [1775394509.461964506] [navNode]: 未到目标点
1775394509.4622736 [navNode-2] 目标位置:(0.0, 0.0, 0.1)-[A6]-[MCU:False]-[POS:False]
1775394509.4623330 [navNode-2] 当前位置:(-0.0013092883164063096, -0.0008304911898449063, -0.001271841349080205)
1775394509.5611582 [navNode-2] [INFO] [1775394509.560706259] [navNode]: 状态4：WaitAim--[A6]
1775394509.5616763 [navNode-2] [INFO] [1775394509.561348669] [navNode]: 未到目标点
1775394509.5618482 [navNode-2] 目标位置:(0.0, 0.0, 0.1)-[A6]-[MCU:False]-[POS:False]
1775394509.5619211 [navNode-2] 当前位置:(-0.0012703973334282637, -0.0009474773542024195, -0.0017232229001820087)
1775394509.6606469 [navNode-2] [INFO] [1775394509.660311439] [navNode]: 状态4：WaitAim--[A6]
1775394509.6610041 [navNode-2] [INFO] [1775394509.660753941] [navNode]: 未到目标点
1775394509.6610761 [navNode-2] 目标位置:(0.0, 0.0, 0.1)-[A6]-[MCU:False]-[POS:False]
1775394509.6611164 [navNode-2] 当前位置:(-0.0014764886582270265, -0.0008714395225979388, -0.0014060047687962651)
1775394509.7613413 [navNode-2] [INFO] [1775394509.760552521] [navNode]: 状态4：WaitAim--[A6]
1775394509.7615790 [navNode-2] [INFO] [1775394509.760998015] [navNode]: 未到目标点
1775394509.7616613 [navNode-2] 目标位置:(0.0, 0.0, 0.1)-[A6]-[MCU:False]-[POS:False]
1775394509.7617133 [navNode-2] 当前位置:(-0.000914742995519191, -0.0009161350899375975, -0.002120569348335266)
1775394509.8613441 [navNode-2] [INFO] [1775394509.860606601] [navNode]: 状态4：WaitAim--[A6]
1775394509.8615758 [navNode-2] [INFO] [1775394509.861019128] [navNode]: 未到目标点
1775394509.8616540 [navNode-2] 目标位置:(0.0, 0.0, 0.1)-[A6]-[MCU:False]-[POS:False]
1775394509.8616903 [navNode-2] 当前位置:(-0.001047935918904841, -0.00064662384102121, -0.0010276086395606399)
1775394509.9618540 [navNode-2] [INFO] [1775394509.961481186] [navNode]: 状态4：WaitAim--[A6]
1775394509.9622455 [navNode-2] [INFO] [1775394509.961957793] [navNode]: 未到目标点
1775394509.9623306 [navNode-2] 目标位置:(0.0, 0.0, 0.1)-[A6]-[MCU:False]-[POS:False]
1775394509.9623985 [navNode-2] 当前位置:(-0.0012111776741221547, -0.0007615666836500168, -0.001319659873843193)
1775394510.0610325 [navNode-2] [INFO] [1775394510.060595548] [navNode]: 状态4：WaitAim--[A6]
1775394510.0614920 [navNode-2] [INFO] [1775394510.061121922] [navNode]: 未到目标点
1775394510.0616105 [navNode-2] 目标位置:(0.0, 0.0, 0.1)-[A6]-[MCU:False]-[POS:False]
1775394510.0616653 [navNode-2] 当前位置:(-0.0011594288516789675, -0.0007245023152790964, -0.0011280215112492442)
1775394510.1608837 [navNode-2] [INFO] [1775394510.160470793] [navNode]: 状态4：WaitAim--[A6]
1775394510.1613388 [navNode-2] [INFO] [1775394510.160961727] [navNode]: 未到目标点
1775394510.1614490 [navNode-2] 目标位置:(0.0, 0.0, 0.1)-[A6]-[MCU:False]-[POS:False]
1775394510.1614976 [navNode-2] 当前位置:(-0.0007336902781389654, -0.0006026239134371281, -0.0010682910215109587)
1775394510.2620878 [navNode-2] [INFO] [1775394510.261738219] [navNode]: 状态4：WaitAim--[A6]
1775394510.2625020 [navNode-2] [INFO] [1775394510.262134661] [navNode]: 未到目标点
1775394510.2625735 [navNode-2] 目标位置:(0.0, 0.0, 0.1)-[A6]-[MCU:False]-[POS:False]
1775394510.2626097 [navNode-2] 当前位置:(-0.00011245101632084697, -0.0003475581470411271, -0.002782131778076291)
1775394510.3613181 [navNode-2] [INFO] [1775394510.360927654] [navNode]: 状态4：WaitAim--[A6]
1775394510.3621778 [navNode-2] [INFO] [1775394510.361457657] [navNode]: 未到目标点
1775394510.3623245 [navNode-2] 目标位置:(0.0, 0.0, 0.1)-[A6]-[MCU:False]-[POS:False]
1775394510.3624156 [navNode-2] 当前位置:(-0.0011390986619517207, -0.0007087159901857376, -0.0008825928089208901)
1775394510.4619296 [navNode-2] [INFO] [1775394510.461595937] [navNode]: 状态4：WaitAim--[A6]
1775394510.4622777 [navNode-2] [INFO] [1775394510.462010446] [navNode]: 未到目标点
1775394510.4623280 [navNode-2] 目标位置:(0.0, 0.0, 0.1)-[A6]-[MCU:False]-[POS:False]
1775394510.4623601 [navNode-2] 当前位置:(-0.001073873951099813, -0.00071683619171381, -0.001168329268693924)
1775394510.5608561 [navNode-2] [INFO] [1775394510.560467473] [navNode]: 状态4：WaitAim--[A6]
1775394510.5613146 [navNode-2] [INFO] [1775394510.560844626] [navNode]: 未到目标点
1775394510.5613976 [navNode-2] 目标位置:(0.0, 0.0, 0.1)-[A6]-[MCU:False]-[POS:False]
1775394510.5614302 [navNode-2] 当前位置:(-0.0011332646245136857, -0.00071636529173702, -0.0012641752837225795)
1775394510.6617095 [navNode-2] [INFO] [1775394510.661251139] [navNode]: 状态4：WaitAim--[A6]
1775394510.6622787 [navNode-2] [INFO] [1775394510.661628619] [navNode]: 未到目标点
1775394510.6624305 [navNode-2] 目标位置:(0.0, 0.0, 0.1)-[A6]-[MCU:False]-[POS:False]
1775394510.6624899 [navNode-2] 当前位置:(-0.0002581604931037873, -0.0004803922201972455, -0.0021066090557724237)
1775394510.7618122 [navNode-2] [INFO] [1775394510.761415224] [navNode]: 状态4：WaitAim--[A6]
1775394510.7622313 [navNode-2] [INFO] [1775394510.761842534] [navNode]: 未到目标点
1775394510.7623127 [navNode-2] 目标位置:(0.0, 0.0, 0.1)-[A6]-[MCU:False]-[POS:False]
1775394510.7623627 [navNode-2] 当前位置:(-0.0013344557955861092, -0.0008025383576750755, -0.0012476628180593252)
1775394510.8615007 [navNode-2] [INFO] [1775394510.861175475] [navNode]: 状态4：WaitAim--[A6]
1775394510.8618639 [navNode-2] [INFO] [1775394510.861607976] [navNode]: 未到目标点
1775394510.8619711 [navNode-2] 目标位置:(0.0, 0.0, 0.1)-[A6]-[MCU:False]-[POS:False]
1775394510.8620389 [navNode-2] 当前位置:(-0.0005830003065057099, -0.0004719272837974131, -0.0009012534283101559)
1775394510.9607985 [navNode-2] [INFO] [1775394510.960396376] [navNode]: 状态4：WaitAim--[A6]
1775394510.9612176 [navNode-2] [INFO] [1775394510.960822904] [navNode]: 未到目标点
1775394510.9613986 [navNode-2] 目标位置:(0.0, 0.0, 0.1)-[A6]-[MCU:False]-[POS:False]
1775394510.9615571 [navNode-2] 当前位置:(-0.001094096340239048, -0.0007111853919923306, -0.0011888270964846015)
1775394511.0608828 [navNode-2] [INFO] [1775394511.060560594] [navNode]: 状态4：WaitAim--[A6]
1775394511.0614476 [navNode-2] [INFO] [1775394511.060988563] [navNode]: 未到目标点
1775394511.0616252 [navNode-2] 目标位置:(0.0, 0.0, 0.1)-[A6]-[MCU:False]-[POS:False]
1775394511.0617232 [navNode-2] 当前位置:(-0.0008276213193312287, -0.0008623824105598032, -0.0018071108497679234)
1775394511.1610525 [navNode-2] [INFO] [1775394511.160714020] [navNode]: 状态4：WaitAim--[A6]
1775394511.1616249 [navNode-2] [INFO] [1775394511.161128902] [navNode]: 未到目标点
1775394511.1617467 [navNode-2] 目标位置:(0.0, 0.0, 0.1)-[A6]-[MCU:False]-[POS:False]
1775394511.1618094 [navNode-2] 当前位置:(-0.0008911463664844632, -0.0006793647771701217, -0.0023719274904578924)
1775394511.2606931 [navNode-2] [INFO] [1775394511.260418588] [navNode]: 状态4：WaitAim--[A6]
1775394511.2619619 [navNode-2] [INFO] [1775394511.261759935] [navNode]: 未到目标点
1775394511.2621307 [navNode-2] 目标位置:(0.0, 0.0, 0.1)-[A6]-[MCU:False]-[POS:False]
1775394511.2621973 [navNode-2] 当前位置:(-0.0014142249710857868, -0.000888466602191329, -0.001269819214940071)
1775394511.3609011 [navNode-2] [INFO] [1775394511.360568742] [navNode]: 状态4：WaitAim--[A6]
1775394511.3612370 [navNode-2] [INFO] [1775394511.360971586] [navNode]: 未到目标点
1775394511.3613322 [navNode-2] 目标位置:(0.0, 0.0, 0.1)-[A6]-[MCU:False]-[POS:False]
1775394511.3615563 [navNode-2] 当前位置:(-0.0016984527464956045, -0.0008641825406812131, -0.0011451545869931579)
1775394511.4608991 [navNode-2] [INFO] [1775394511.460455942] [navNode]: 状态4：WaitAim--[A6]
1775394511.4613614 [navNode-2] [INFO] [1775394511.460943477] [navNode]: 未到目标点
1775394511.4614909 [navNode-2] 目标位置:(0.0, 0.0, 0.1)-[A6]-[MCU:False]-[POS:False]
1775394511.4615498 [navNode-2] 当前位置:(-0.00202541914768517, -0.0010778369614854455, -0.0014995555393397808)
1775394511.5609426 [navNode-2] [INFO] [1775394511.560604816] [navNode]: 状态4：WaitAim--[A6]
1775394511.5614114 [navNode-2] [INFO] [1775394511.561061139] [navNode]: 未到目标点
1775394511.5615406 [navNode-2] 目标位置:(0.0, 0.0, 0.1)-[A6]-[MCU:False]-[POS:False]
1775394511.5616155 [navNode-2] 当前位置:(-0.0017965189181268215, -0.0010236597154289484, -0.001355837914161384)
1775394511.6607828 [navNode-2] [INFO] [1775394511.660445028] [navNode]: 状态4：WaitAim--[A6]
1775394511.6611583 [navNode-2] [INFO] [1775394511.660914950] [navNode]: 未到目标点
1775394511.6613240 [navNode-2] 目标位置:(0.0, 0.0, 0.1)-[A6]-[MCU:False]-[POS:False]
1775394511.6613894 [navNode-2] 当前位置:(-0.0017302294727414846, -0.0010284181917086244, -0.0016334624961018562)
1775394511.7608891 [navNode-2] [INFO] [1775394511.760562965] [navNode]: 状态4：WaitAim--[A6]
1775394511.7613358 [navNode-2] [INFO] [1775394511.760994864] [navNode]: 未到目标点
1775394511.7614405 [navNode-2] 目标位置:(0.0, 0.0, 0.1)-[A6]-[MCU:False]-[POS:False]
1775394511.7615044 [navNode-2] 当前位置:(-0.0019286288879811764, -0.0010429866379126906, -0.0013926097890362144)
1775394511.8611298 [navNode-2] [INFO] [1775394511.860744832] [navNode]: 状态4：WaitAim--[A6]
1775394511.8616164 [navNode-2] [INFO] [1775394511.861220974] [navNode]: 未到目标点
1775394511.8617442 [navNode-2] 目标位置:(0.0, 0.0, 0.1)-[A6]-[MCU:False]-[POS:False]
1775394511.8618174 [navNode-2] 当前位置:(-0.0012547072255983949, -0.0008867787546478212, -0.002118756528943777)
1775394511.9607632 [navNode-2] [INFO] [1775394511.960415347] [navNode]: 状态4：WaitAim--[A6]
1775394511.9612048 [navNode-2] [INFO] [1775394511.960833827] [navNode]: 未到目标点
1775394511.9613073 [navNode-2] 目标位置:(0.0, 0.0, 0.1)-[A6]-[MCU:False]-[POS:False]
1775394511.9613855 [navNode-2] 当前位置:(-0.0019096587784588337, -0.0009343625861220062, -0.0009614184964448214)
1775394512.0612092 [navNode-2] [INFO] [1775394512.060910079] [navNode]: 状态4：WaitAim--[A6]
1775394512.0616345 [navNode-2] [INFO] [1775394512.061315042] [navNode]: 未到目标点
1775394512.0617518 [navNode-2] 目标位置:(0.0, 0.0, 0.1)-[A6]-[MCU:False]-[POS:False]
1775394512.0618014 [navNode-2] 当前位置:(-0.0011844786349684, -0.000829005497507751, -0.0019911066628992558)
1775394512.1610835 [navNode-2] [INFO] [1775394512.160742995] [navNode]: 状态4：WaitAim--[A6]
1775394512.1614990 [navNode-2] [INFO] [1775394512.161137881] [navNode]: 未到目标点
1775394512.1616392 [navNode-2] 目标位置:(0.0, 0.0, 0.1)-[A6]-[MCU:False]-[POS:False]
1775394512.1617293 [navNode-2] 当前位置:(-0.0013289636699482799, -0.0010131529998034239, -0.0016543022356927395)
1775394512.2607865 [navNode-2] [INFO] [1775394512.260424963] [navNode]: 状态4：WaitAim--[A6]
1775394512.2613039 [navNode-2] [INFO] [1775394512.261164692] [navNode]: 未到目标点
1775394512.2615080 [navNode-2] 目标位置:(0.0, 0.0, 0.1)-[A6]-[MCU:False]-[POS:False]
1775394512.2615876 [navNode-2] 当前位置:(-0.0012312293983995914, -0.0007916318136267364, -0.001223019789904356)
1775394512.3608046 [navNode-2] [INFO] [1775394512.360437377] [navNode]: 状态4：WaitAim--[A6]
1775394512.3612764 [navNode-2] [INFO] [1775394512.360889511] [navNode]: 未到目标点
1775394512.3614268 [navNode-2] 目标位置:(0.0, 0.0, 0.1)-[A6]-[MCU:False]-[POS:False]
1775394512.3614855 [navNode-2] 当前位置:(-0.0012747130822390318, -0.0008088317699730396, -0.0012973187258467078)
1775394512.4616065 [navNode-2] [INFO] [1775394512.460974746] [navNode]: 状态4：WaitAim--[A6]
1775394512.4620717 [navNode-2] [INFO] [1775394512.461630563] [navNode]: 未到目标点
1775394512.4622128 [navNode-2] 目标位置:(0.0, 0.0, 0.1)-[A6]-[MCU:False]-[POS:False]
1775394512.4622667 [navNode-2] 当前位置:(-0.001545265200547874, -0.000795840984210372, -0.0011058596428483725)
1775394512.5610352 [navNode-2] [INFO] [1775394512.560671556] [navNode]: 状态4：WaitAim--[A6]
1775394512.5614977 [navNode-2] [INFO] [1775394512.561158265] [navNode]: 未到目标点
1775394512.5615721 [navNode-2] 目标位置:(0.0, 0.0, 0.1)-[A6]-[MCU:False]-[POS:False]
1775394512.5616202 [navNode-2] 当前位置:(-0.0012629234697669744, -0.0009123793570324779, -0.0016800517914816737)
1775394512.6609499 [navNode-2] [INFO] [1775394512.660582825] [navNode]: 状态4：WaitAim--[A6]
1775394512.6613371 [navNode-2] [INFO] [1775394512.661058703] [navNode]: 未到目标点
1775394512.6614099 [navNode-2] 目标位置:(0.0, 0.0, 0.1)-[A6]-[MCU:False]-[POS:False]
1775394512.6614633 [navNode-2] 当前位置:(-0.001414129976183176, -0.0009218929917551577, -0.0014295738656073809)
1775394512.7615821 [navNode-2] [INFO] [1775394512.761000979] [navNode]: 状态4：WaitAim--[A6]
1775394512.7620459 [navNode-2] [INFO] [1775394512.761569314] [navNode]: 未到目标点
1775394512.7621696 [navNode-2] 目标位置:(0.0, 0.0, 0.1)-[A6]-[MCU:False]-[POS:False]
1775394512.7622614 [navNode-2] 当前位置:(-0.001409633201546967, -0.0008200995507650077, -0.0013689328916370869)
1775394512.8611276 [navNode-2] [INFO] [1775394512.860784976] [navNode]: 状态4：WaitAim--[A6]
1775394512.8615272 [navNode-2] [INFO] [1775394512.861248109] [navNode]: 未到目标点
1775394512.8616002 [navNode-2] 目标位置:(0.0, 0.0, 0.1)-[A6]-[MCU:False]-[POS:False]
1775394512.8616889 [navNode-2] 当前位置:(-0.0014588903868570924, -0.0009037934360094368, -0.001464545726776123)
1775394512.9618514 [navNode-2] [INFO] [1775394512.961527945] [navNode]: 状态4：WaitAim--[A6]
1775394512.9623027 [navNode-2] [INFO] [1775394512.961955514] [navNode]: 未到目标点
1775394512.9624391 [navNode-2] 目标位置:(0.0, 0.0, 0.1)-[A6]-[MCU:False]-[POS:False]
1775394512.9624958 [navNode-2] 当前位置:(-0.0016923764487728477, -0.0010660073021426797, -0.001817918848246336)
1775394513.0616271 [navNode-2] [INFO] [1775394513.061260270] [navNode]: 状态4：WaitAim--[A6]
1775394513.0620542 [navNode-2] [INFO] [1775394513.061716139] [navNode]: 未到目标点
1775394513.0621896 [navNode-2] 目标位置:(0.0, 0.0, 0.1)-[A6]-[MCU:False]-[POS:False]
1775394513.0622568 [navNode-2] 当前位置:(-0.001361692906357348, -0.0008814060129225254, -0.001416405662894249)
1775394513.1608379 [navNode-2] [INFO] [1775394513.160468982] [navNode]: 状态4：WaitAim--[A6]
1775394513.1612992 [navNode-2] [INFO] [1775394513.160946305] [navNode]: 未到目标点
1775394513.1614296 [navNode-2] 目标位置:(0.0, 0.0, 0.1)-[A6]-[MCU:False]-[POS:False]
1775394513.1615114 [navNode-2] 当前位置:(-0.0014988143229857087, -0.0008836868801154196, -0.0014313675928860903)
1775394513.2608707 [navNode-2] [INFO] [1775394513.260465818] [navNode]: 状态4：WaitAim--[A6]
1775394513.2612481 [navNode-2] [INFO] [1775394513.260922246] [navNode]: 未到目标点
1775394513.2613547 [navNode-2] 目标位置:(0.0, 0.0, 0.1)-[A6]-[MCU:False]-[POS:False]
1775394513.2614255 [navNode-2] 当前位置:(-0.00164582091383636, -0.0009932115208357573, -0.0016290281200781465)
1775394513.3610518 [navNode-2] [INFO] [1775394513.360651328] [navNode]: 状态4：WaitAim--[A6]
1775394513.3614771 [navNode-2] [INFO] [1775394513.361115126] [navNode]: 未到目标点
1775394513.3615956 [navNode-2] 目标位置:(0.0, 0.0, 0.1)-[A6]-[MCU:False]-[POS:False]
1775394513.3617208 [navNode-2] 当前位置:(-0.0010110167786478996, -0.0008144782623276114, -0.0014903079718351364)
1775394513.4614816 [navNode-2] [INFO] [1775394513.460621548] [navNode]: 状态4：WaitAim--[A6]
1775394513.4617777 [navNode-2] [INFO] [1775394513.461088912] [navNode]: 未到目标点
1775394513.4618447 [navNode-2] 目标位置:(0.0, 0.0, 0.1)-[A6]-[MCU:False]-[POS:False]
1775394513.4618866 [navNode-2] 当前位置:(-0.000676498340908438, -0.0006201592041179538, -0.0023154057562351227)
1775394513.5610332 [navNode-2] [INFO] [1775394513.560688272] [navNode]: 状态4：WaitAim--[A6]
1775394513.5615325 [navNode-2] [INFO] [1775394513.561196848] [navNode]: 未到目标点
1775394513.5616431 [navNode-2] 目标位置:(0.0, 0.0, 0.1)-[A6]-[MCU:False]-[POS:False]
1775394513.5617154 [navNode-2] 当前位置:(-0.0013491102727130055, -0.0008261935436166823, -0.0011242482578381896)
1775394513.6621387 [navNode-2] [INFO] [1775394513.661430522] [navNode]: 状态4：WaitAim--[A6]
1775394513.6623466 [navNode-2] [INFO] [1775394513.661818731] [navNode]: 未到目标点
1775394513.6624169 [navNode-2] 目标位置:(0.0, 0.0, 0.1)-[A6]-[MCU:False]-[POS:False]
1775394513.6624563 [navNode-2] 当前位置:(-0.000872446340508759, -0.0007285285391844809, -0.0014952863566577435)
1775394513.7612543 [navNode-2] [INFO] [1775394513.760849796] [navNode]: 状态4：WaitAim--[A6]
1775394513.7616885 [navNode-2] [INFO] [1775394513.761271974] [navNode]: 未到目标点
1775394513.7618942 [navNode-2] 目标位置:(0.0, 0.0, 0.1)-[A6]-[MCU:False]-[POS:False]
1775394513.7620504 [navNode-2] 当前位置:(-0.0007662179414182901, -0.0006763933342881501, -0.0023544803261756897)
1775394513.8611982 [navNode-2] [INFO] [1775394513.860833446] [navNode]: 状态4：WaitAim--[A6]
1775394513.8617265 [navNode-2] [INFO] [1775394513.861229028] [navNode]: 未到目标点
1775394513.8618774 [navNode-2] 目标位置:(0.0, 0.0, 0.1)-[A6]-[MCU:False]-[POS:False]
1775394513.8619664 [navNode-2] 当前位置:(-0.0011994435917586088, -0.0008985301246866584, -0.001366379321552813)
1775394513.9614599 [navNode-2] [INFO] [1775394513.961095947] [navNode]: 状态4：WaitAim--[A6]
1775394513.9618733 [navNode-2] [INFO] [1775394513.961579098] [navNode]: 未到目标点
1775394513.9619844 [navNode-2] 目标位置:(0.0, 0.0, 0.1)-[A6]-[MCU:False]-[POS:False]
1775394513.9620388 [navNode-2] 当前位置:(-0.0006142599740996957, -0.000556415761820972, -0.003063598880544305)
1775394514.0609207 [navNode-2] [INFO] [1775394514.060566684] [navNode]: 状态4：WaitAim--[A6]
1775394514.0613949 [navNode-2] [INFO] [1775394514.060990967] [navNode]: 未到目标点
1775394514.0617166 [navNode-2] 目标位置:(0.0, 0.0, 0.1)-[A6]-[MCU:False]-[POS:False]
1775394514.0618036 [navNode-2] 当前位置:(-0.0015032810624688864, -0.0009065908961929381, -0.0010290131904184818)
1775394514.1608121 [navNode-2] [INFO] [1775394514.160442885] [navNode]: 状态4：WaitAim--[A6]
1775394514.1612432 [navNode-2] [INFO] [1775394514.160841549] [navNode]: 未到目标点
1775394514.1614010 [navNode-2] 目标位置:(0.0, 0.0, 0.1)-[A6]-[MCU:False]-[POS:False]
1775394514.1614807 [navNode-2] 当前位置:(-0.001077961060218513, -0.0006935570272617042, -0.0011640809243544936)
1775394514.2606573 [navNode-2] [INFO] [1775394514.260301604] [navNode]: 状态4：WaitAim--[A6]
1775394514.2612510 [navNode-2] [INFO] [1775394514.260747831] [navNode]: 未到目标点
1775394514.2614095 [navNode-2] 目标位置:(0.0, 0.0, 0.1)-[A6]-[MCU:False]-[POS:False]
1775394514.2614727 [navNode-2] 当前位置:(-0.0009085675119422376, -0.0007648191531188786, -0.0014667706564068794)
1775394514.3609834 [navNode-2] [INFO] [1775394514.360534809] [navNode]: 状态4：WaitAim--[A6]
1775394514.3615363 [navNode-2] [INFO] [1775394514.361061036] [navNode]: 未到目标点
1775394514.3616431 [navNode-2] 目标位置:(0.0, 0.0, 0.1)-[A6]-[MCU:False]-[POS:False]
1775394514.3616972 [navNode-2] 当前位置:(-0.0012805757578462362, -0.0006970663671381772, -0.0008983975858427584)
1775394514.4608998 [navNode-2] [INFO] [1775394514.460444690] [navNode]: 状态4：WaitAim--[A6]
1775394514.4614270 [navNode-2] [INFO] [1775394514.460858621] [navNode]: 未到目标点
1775394514.4616406 [navNode-2] 目标位置:(0.0, 0.0, 0.1)-[A6]-[MCU:False]-[POS:False]
1775394514.4617295 [navNode-2] 当前位置:(-0.0012402031570672989, -0.0007824128842912614, -0.0013246656162664294)
1775394514.5612731 [navNode-2] [INFO] [1775394514.560933919] [navNode]: 状态4：WaitAim--[A6]
1775394514.5617723 [navNode-2] [INFO] [1775394514.561439606] [navNode]: 未到目标点
1775394514.5619166 [navNode-2] 目标位置:(0.0, 0.0, 0.1)-[A6]-[MCU:False]-[POS:False]
1775394514.5620015 [navNode-2] 当前位置:(-0.0011260067112743855, -0.0009020144934765995, -0.0015506410272791982)
1775394514.6610439 [navNode-2] [INFO] [1775394514.660703835] [navNode]: 状态4：WaitAim--[A6]
1775394514.6615696 [navNode-2] [INFO] [1775394514.661149016] [navNode]: 未到目标点
1775394514.6617634 [navNode-2] 目标位置:(0.0, 0.0, 0.1)-[A6]-[MCU:False]-[POS:False]
1775394514.6618512 [navNode-2] 当前位置:(-0.0013899801997467875, -0.0006844166782684624, -0.000981003395281732)
1775394514.7610645 [navNode-2] [INFO] [1775394514.760729645] [navNode]: 状态4：WaitAim--[A6]
1775394514.7614594 [navNode-2] [INFO] [1775394514.761129451] [navNode]: 未到目标点
1775394514.7615905 [navNode-2] 目标位置:(0.0, 0.0, 0.1)-[A6]-[MCU:False]-[POS:False]
1775394514.7616599 [navNode-2] 当前位置:(-0.00038887461414560676, -0.0006304727285169065, -0.0025555607862770557)
1775394514.8610723 [navNode-2] [INFO] [1775394514.860754383] [navNode]: 状态4：WaitAim--[A6]
1775394514.8614705 [navNode-2] [INFO] [1775394514.861181660] [navNode]: 未到目标点
1775394514.8615916 [navNode-2] 目标位置:(0.0, 0.0, 0.1)-[A6]-[MCU:False]-[POS:False]
1775394514.8616607 [navNode-2] 当前位置:(-0.0013386044884100556, -0.0007684366428293288, -0.000945165753364563)
1775394514.9608166 [navNode-2] [INFO] [1775394514.960489104] [navNode]: 状态4：WaitAim--[A6]
1775394514.9613619 [navNode-2] [INFO] [1775394514.960916327] [navNode]: 未到目标点
1775394514.9615979 [navNode-2] 目标位置:(0.0, 0.0, 0.1)-[A6]-[MCU:False]-[POS:False]
1775394514.9616950 [navNode-2] 当前位置:(-0.0012944239424541593, -0.0004973566974513233, -0.0014202315360307693)
1775394515.0622628 [navNode-2] [INFO] [1775394515.061606942] [navNode]: 状态4：WaitAim--[A6]
1775394515.0629990 [navNode-2] [INFO] [1775394515.062419769] [navNode]: 未到目标点
1775394515.0631735 [navNode-2] 目标位置:(0.0, 0.0, 0.1)-[A6]-[MCU:False]-[POS:False]
1775394515.0632846 [navNode-2] 当前位置:(-0.0009178686304949224, -0.0008052526391111314, -0.0013943989761173725)
1775394515.1613867 [navNode-2] [INFO] [1775394515.160992362] [navNode]: 状态4：WaitAim--[A6]
1775394515.1620045 [navNode-2] [INFO] [1775394515.161522752] [navNode]: 未到目标点
1775394515.1621640 [navNode-2] 目标位置:(0.0, 0.0, 0.1)-[A6]-[MCU:False]-[POS:False]
1775394515.1622217 [navNode-2] 当前位置:(-0.0006602529319934547, -0.0007674262742511928, -0.0016088294796645641)
1775394515.2613566 [navNode-2] [INFO] [1775394515.261059713] [navNode]: 状态4：WaitAim--[A6]
1775394515.2617579 [navNode-2] [INFO] [1775394515.261489287] [navNode]: 未到目标点
1775394515.2618248 [navNode-2] 目标位置:(0.0, 0.0, 0.1)-[A6]-[MCU:False]-[POS:False]
1775394515.2619004 [navNode-2] 当前位置:(-0.00044155557407066226, -0.0004869174736086279, -0.0020546489395201206)
1775394515.3610282 [navNode-2] [INFO] [1775394515.360657648] [navNode]: 状态4：WaitAim--[A6]
1775394515.3615856 [navNode-2] [INFO] [1775394515.361094596] [navNode]: 未到目标点
1775394515.3617215 [navNode-2] 目标位置:(0.0, 0.0, 0.1)-[A6]-[MCU:False]-[POS:False]
1775394515.3617988 [navNode-2] 当前位置:(-0.0012043750612065196, -0.0007288025226444006, -0.0010254103690385818)
1775394515.4610112 [navNode-2] [INFO] [1775394515.460671539] [navNode]: 状态4：WaitAim--[A6]
1775394515.4614174 [navNode-2] [INFO] [1775394515.461105551] [navNode]: 未到目标点
1775394515.4615233 [navNode-2] 目标位置:(0.0, 0.0, 0.1)-[A6]-[MCU:False]-[POS:False]
1775394515.4616034 [navNode-2] 当前位置:(-0.0014351487625390291, -0.0008832755265757442, -0.001425409223884344)
1775394515.5612469 [navNode-2] [INFO] [1775394515.560471863] [navNode]: 状态4：WaitAim--[A6]
1775394515.5615549 [navNode-2] [INFO] [1775394515.560858234] [navNode]: 未到目标点
1775394515.5616760 [navNode-2] 目标位置:(0.0, 0.0, 0.1)-[A6]-[MCU:False]-[POS:False]
1775394515.5617638 [navNode-2] 当前位置:(-0.0015693427994847298, -0.0009666181285865605, -0.00147553242277354)
1775394515.6611638 [navNode-2] [INFO] [1775394515.660849940] [navNode]: 状态4：WaitAim--[A6]
1775394515.6615760 [navNode-2] [INFO] [1775394515.661255526] [navNode]: 未到目标点
1775394515.6616905 [navNode-2] 目标位置:(0.0, 0.0, 0.1)-[A6]-[MCU:False]-[POS:False]
1775394515.6617591 [navNode-2] 当前位置:(-0.0013512630248442292, -0.0008878701482899487, -0.0013477355241775513)
1775394515.7609880 [navNode-2] [INFO] [1775394515.760692069] [navNode]: 状态4：WaitAim--[A6]
1775394515.7623334 [navNode-2] [INFO] [1775394515.762084832] [navNode]: 未到目标点
1775394515.7624648 [navNode-2] 目标位置:(0.0, 0.0, 0.1)-[A6]-[MCU:False]-[POS:False]
1775394515.7625244 [navNode-2] 当前位置:(-0.0012902469607070088, -0.000823437818326056, -0.0013352044625207782)
1775394515.8606892 [navNode-2] [INFO] [1775394515.860404745] [navNode]: 状态4：WaitAim--[A6]
1775394515.8610234 [navNode-2] [INFO] [1775394515.860849621] [navNode]: 未到目标点
1775394515.8611159 [navNode-2] 目标位置:(0.0, 0.0, 0.1)-[A6]-[MCU:False]-[POS:False]
1775394515.8611817 [navNode-2] 当前位置:(-0.0010502721415832639, -0.0005973730003461242, -0.0007755186525173485)
1775394515.9618881 [navNode-2] [INFO] [1775394515.961513641] [navNode]: 状态4：WaitAim--[A6]
1775394515.9623628 [navNode-2] [INFO] [1775394515.962041392] [navNode]: 未到目标点
1775394515.9624877 [navNode-2] 目标位置:(0.0, 0.0, 0.1)-[A6]-[MCU:False]-[POS:False]
1775394515.9625340 [navNode-2] 当前位置:(-0.0009730919264256954, -0.0008134322124533355, -0.0015772434417158365)
1775394516.0615234 [navNode-2] [INFO] [1775394516.061194721] [navNode]: 状态4：WaitAim--[A6]
1775394516.0620368 [navNode-2] [INFO] [1775394516.061723887] [navNode]: 未到目标点
1775394516.0621483 [navNode-2] 目标位置:(0.0, 0.0, 0.1)-[A6]-[MCU:False]-[POS:False]
1775394516.0622029 [navNode-2] 当前位置:(-0.0014985317829996347, -0.0009110431419685483, -0.0014274100540205836)
1775394516.1615982 [navNode-2] [INFO] [1775394516.160757462] [navNode]: 状态4：WaitAim--[A6]
1775394516.1618571 [navNode-2] [INFO] [1775394516.161203700] [navNode]: 未到目标点
1775394516.1619210 [navNode-2] 目标位置:(0.0, 0.0, 0.1)-[A6]-[MCU:False]-[POS:False]
1775394516.1619651 [navNode-2] 当前位置:(-0.0018924360629171133, -0.0009719024528749287, -0.0013385312631726265)
1775394516.2618790 [navNode-2] [INFO] [1775394516.261299103] [navNode]: 状态4：WaitAim--[A6]
1775394516.2627587 [navNode-2] [INFO] [1775394516.262076164] [navNode]: 未到目标点
1775394516.2629519 [navNode-2] 目标位置:(0.0, 0.0, 0.1)-[A6]-[MCU:False]-[POS:False]
1775394516.2630444 [navNode-2] 当前位置:(-0.001782960374839604, -0.0010930749122053385, -0.0017053596675395966)
1775394516.3618224 [navNode-2] [INFO] [1775394516.361108362] [navNode]: 状态4：WaitAim--[A6]
1775394516.3620601 [navNode-2] [INFO] [1775394516.361476186] [navNode]: 未到目标点
1775394516.3621671 [navNode-2] 目标位置:(0.0, 0.0, 0.1)-[A6]-[MCU:False]-[POS:False]
1775394516.3622234 [navNode-2] 当前位置:(-0.001667348900809884, -0.0008668187656439841, -0.0010793586261570454)
1775394516.4613197 [navNode-2] [INFO] [1775394516.460945025] [navNode]: 状态4：WaitAim--[A6]
1775394516.4617815 [navNode-2] [INFO] [1775394516.461348923] [navNode]: 未到目标点
1775394516.4618707 [navNode-2] 目标位置:(0.0, 0.0, 0.1)-[A6]-[MCU:False]-[POS:False]
1775394516.4619310 [navNode-2] 当前位置:(-0.0016176382778212428, -0.0009784261928871274, -0.0015837589744478464)
1775394516.5616722 [navNode-2] [INFO] [1775394516.560936919] [navNode]: 状态4：WaitAim--[A6]
1775394516.5618873 [navNode-2] [INFO] [1775394516.561321534] [navNode]: 未到目标点
1775394516.5619640 [navNode-2] 目标位置:(0.0, 0.0, 0.1)-[A6]-[MCU:False]-[POS:False]
1775394516.5619988 [navNode-2] 当前位置:(-0.001388074946589768, -0.0009829247137531638, -0.002563348738476634)
1775394516.6610382 [navNode-2] [INFO] [1775394516.660724635] [navNode]: 状态4：WaitAim--[A6]
1775394516.6614184 [navNode-2] [INFO] [1775394516.661141840] [navNode]: 未到目标点
1775394516.6615114 [navNode-2] 目标位置:(0.0, 0.0, 0.1)-[A6]-[MCU:False]-[POS:False]
1775394516.6615803 [navNode-2] 当前位置:(-0.0011322444770485163, -0.0008808855200186372, -0.002119745360687375)
1775394516.7614732 [navNode-2] [INFO] [1775394516.761048721] [navNode]: 状态4：WaitAim--[A6]
1775394516.7619851 [navNode-2] [INFO] [1775394516.761521382] [navNode]: 未到目标点
1775394516.7621381 [navNode-2] 目标位置:(0.0, 0.0, 0.1)-[A6]-[MCU:False]-[POS:False]
1775394516.7622254 [navNode-2] 当前位置:(-0.0007543453830294311, -0.0007272678194567561, -0.0030935576651245356)
1775394516.8612459 [navNode-2] [INFO] [1775394516.860917386] [navNode]: 状态4：WaitAim--[A6]
1775394516.8617580 [navNode-2] [INFO] [1775394516.861391237] [navNode]: 未到目标点
1775394516.8619075 [navNode-2] 目标位置:(0.0, 0.0, 0.1)-[A6]-[MCU:False]-[POS:False]
1775394516.8620174 [navNode-2] 当前位置:(-0.0017104919534176588, -0.0009421769645996392, -0.0011782330693677068)
1775394516.9621930 [navNode-2] [INFO] [1775394516.961782921] [navNode]: 状态4：WaitAim--[A6]
1775394516.9626966 [navNode-2] [INFO] [1775394516.962232251] [navNode]: 未到目标点
1775394516.9627941 [navNode-2] 目标位置:(0.0, 0.0, 0.1)-[A6]-[MCU:False]-[POS:False]
1775394516.9628496 [navNode-2] 当前位置:(-0.0010721540311351418, -0.0008468168089166284, -0.0021729704458266497)
1775394517.0616043 [navNode-2] [INFO] [1775394517.061083633] [navNode]: 状态4：WaitAim--[A6]
1775394517.0623736 [navNode-2] [INFO] [1775394517.061559106] [navNode]: 未到目标点
1775394517.0627015 [navNode-2] 目标位置:(0.0, 0.0, 0.1)-[A6]-[MCU:False]-[POS:False]
1775394517.0628240 [navNode-2] 当前位置:(-0.0012914608232676983, -0.0008697544690221548, -0.0017777453176677227)
1775394517.1623120 [navNode-2] [INFO] [1775394517.161806839] [navNode]: 状态4：WaitAim--[A6]
1775394517.1638057 [navNode-2] [INFO] [1775394517.162387524] [navNode]: 未到目标点
1775394517.1640649 [navNode-2] 目标位置:(0.0, 0.0, 0.1)-[A6]-[MCU:False]-[POS:False]
1775394517.1641340 [navNode-2] 当前位置:(-0.0012992022093385458, -0.0008412100723944604, -0.0012159314937889576)
1775394517.2621009 [navNode-2] [INFO] [1775394517.261641340] [navNode]: 状态4：WaitAim--[A6]
1775394517.2636776 [navNode-2] [INFO] [1775394517.263317377] [navNode]: 未到目标点
1775394517.2639012 [navNode-2] 目标位置:(0.0, 0.0, 0.1)-[A6]-[MCU:False]-[POS:False]
1775394517.2639906 [navNode-2] 当前位置:(-0.0011508733732625842, -0.0006820678245276213, -0.0011426166165620089)
1775394517.3621466 [navNode-2] [INFO] [1775394517.361469041] [navNode]: 状态4：WaitAim--[A6]
1775394517.3626337 [navNode-2] [INFO] [1775394517.362417562] [navNode]: 未到目标点
1775394517.3627937 [navNode-2] 目标位置:(0.0, 0.0, 0.1)-[A6]-[MCU:False]-[POS:False]
1775394517.3628609 [navNode-2] 当前位置:(-0.0008239532471634448, -0.0005551261710934341, -0.0009765012073330581)
1775394517.4610426 [navNode-2] [INFO] [1775394517.460758808] [navNode]: 状态4：WaitAim--[A6]
1775394517.4623194 [navNode-2] [INFO] [1775394517.461936464] [navNode]: 未到目标点
1775394517.4625351 [navNode-2] 目标位置:(0.0, 0.0, 0.1)-[A6]-[MCU:False]-[POS:False]
1775394517.4625986 [navNode-2] 当前位置:(-0.0009412295767106116, -0.000759998569265008, -0.0014962474815547466)
1775394517.5621843 [navNode-2] [INFO] [1775394517.561792026] [navNode]: 状态4：WaitAim--[A6]
1775394517.5627229 [navNode-2] [INFO] [1775394517.562341618] [navNode]: 未到目标点
1775394517.5628707 [navNode-2] 目标位置:(0.0, 0.0, 0.1)-[A6]-[MCU:False]-[POS:False]
1775394517.5629606 [navNode-2] 当前位置:(-0.0010947359260171652, -0.0007267397595569491, -0.001827630796469748)
1775394517.6611128 [navNode-2] [INFO] [1775394517.660693431] [navNode]: 状态4：WaitAim--[A6]
1775394517.6619442 [navNode-2] [INFO] [1775394517.661734157] [navNode]: 未到目标点
1775394517.6621094 [navNode-2] 目标位置:(0.0, 0.0, 0.1)-[A6]-[MCU:False]-[POS:False]
1775394517.6622088 [navNode-2] 当前位置:(-0.0009324470302090049, -0.0006819156697019935, -0.001707209157757461)
1775394517.7610815 [navNode-2] [INFO] [1775394517.760641493] [navNode]: 状态4：WaitAim--[A6]
1775394517.7620521 [navNode-2] [INFO] [1775394517.761782225] [navNode]: 未到目标点
1775394517.7622595 [navNode-2] 目标位置:(0.0, 0.0, 0.1)-[A6]-[MCU:False]-[POS:False]
1775394517.7623439 [navNode-2] 当前位置:(-0.0012453235685825348, -0.0009341150289401412, -0.0010971224401146173)
1775394517.8614156 [navNode-2] [INFO] [1775394517.860966192] [navNode]: 状态4：WaitAim--[A6]
1775394517.8627229 [navNode-2] [INFO] [1775394517.861794401] [navNode]: 未到目标点
1775394517.8628244 [navNode-2] 目标位置:(0.0, 0.0, 0.1)-[A6]-[MCU:False]-[POS:False]
1775394517.8628736 [navNode-2] 当前位置:(-0.0008580052526667714, -0.0007094680913724005, -0.0023684485349804163)
1775394517.9621046 [navNode-2] [INFO] [1775394517.961348002] [navNode]: 状态4：WaitAim--[A6]
1775394517.9626098 [navNode-2] [INFO] [1775394517.962447260] [navNode]: 未到目标点
1775394517.9627883 [navNode-2] 目标位置:(0.0, 0.0, 0.1)-[A6]-[MCU:False]-[POS:False]
1775394517.9628603 [navNode-2] 当前位置:(-0.0015748152509331703, -0.0007952030282467604, -0.0009396877139806747)
1775394518.0620160 [navNode-2] [INFO] [1775394518.061670065] [navNode]: 状态4：WaitAim--[A6]
1775394518.0625334 [navNode-2] [INFO] [1775394518.062210517] [navNode]: 未到目标点
1775394518.0626476 [navNode-2] 目标位置:(0.0, 0.0, 0.1)-[A6]-[MCU:False]-[POS:False]
1775394518.0627232 [navNode-2] 当前位置:(-0.0016578328795731068, -0.0008699878817424178, -0.0012097146827727556)
1775394518.1613607 [navNode-2] [INFO] [1775394518.160972642] [navNode]: 状态4：WaitAim--[A6]
1775394518.1617918 [navNode-2] [INFO] [1775394518.161505304] [navNode]: 未到目标点
1775394518.1618783 [navNode-2] 目标位置:(0.0, 0.0, 0.1)-[A6]-[MCU:False]-[POS:False]
1775394518.1619353 [navNode-2] 当前位置:(-0.000594387820456177, -0.0005325709353201091, -0.001671046600677073)
1775394518.2619112 [navNode-2] [INFO] [1775394518.261067959] [navNode]: 状态4：WaitAim--[A6]
1775394518.2628613 [navNode-2] [INFO] [1775394518.262676238] [navNode]: 未到目标点
1775394518.2630227 [navNode-2] 目标位置:(0.0, 0.0, 0.1)-[A6]-[MCU:False]-[POS:False]
1775394518.2630849 [navNode-2] 当前位置:(-0.0014432943426072598, -0.0008905757567845285, -0.0013658162206411362)
1775394518.3614972 [navNode-2] [INFO] [1775394518.361051787] [navNode]: 状态4：WaitAim--[A6]
1775394518.3618839 [navNode-2] [INFO] [1775394518.361550252] [navNode]: 未到目标点
1775394518.3619912 [navNode-2] 目标位置:(0.0, 0.0, 0.1)-[A6]-[MCU:False]-[POS:False]
1775394518.3620427 [navNode-2] 当前位置:(-0.0012062019668519497, -0.0007944006938487291, -0.0012721328530460596)
1775394518.4624224 [navNode-2] [INFO] [1775394518.461790110] [navNode]: 状态4：WaitAim--[A6]
1775394518.4629569 [navNode-2] [INFO] [1775394518.462395988] [navNode]: 未到目标点
1775394518.4630852 [navNode-2] 目标位置:(0.0, 0.0, 0.1)-[A6]-[MCU:False]-[POS:False]
1775394518.4631486 [navNode-2] 当前位置:(-0.0007237811223603785, -0.0007388235535472631, -0.0026347406674176455)
1775394518.5626657 [navNode-2] [INFO] [1775394518.562247236] [navNode]: 状态4：WaitAim--[A6]
1775394518.5631752 [navNode-2] [INFO] [1775394518.562745544] [navNode]: 未到目标点
1775394518.5633085 [navNode-2] 目标位置:(0.0, 0.0, 0.1)-[A6]-[MCU:False]-[POS:False]
1775394518.5633833 [navNode-2] 当前位置:(-0.0018428832991048694, -0.0010084162931889296, -0.0013319009449332952)
1775394518.6609478 [navNode-2] [INFO] [1775394518.660528798] [navNode]: 状态4：WaitAim--[A6]
1775394518.6618576 [navNode-2] [INFO] [1775394518.661309658] [navNode]: 未到目标点
1775394518.6620419 [navNode-2] 目标位置:(0.0, 0.0, 0.1)-[A6]-[MCU:False]-[POS:False]
1775394518.6621280 [navNode-2] 当前位置:(-0.001207523513585329, -0.0007425587391480803, -0.0012418193509802222)
1775394518.7611494 [navNode-2] [INFO] [1775394518.760778274] [navNode]: 状态4：WaitAim--[A6]
1775394518.7622738 [navNode-2] [INFO] [1775394518.761309843] [navNode]: 未到目标点
1775394518.7623594 [navNode-2] 目标位置:(0.0, 0.0, 0.1)-[A6]-[MCU:False]-[POS:False]
1775394518.7624021 [navNode-2] 当前位置:(-0.0013095266185700893, -0.000855127174872905, -0.001347902463749051)
1775394518.8610969 [navNode-2] [INFO] [1775394518.860652061] [navNode]: 状态4：WaitAim--[A6]
1775394518.8615365 [navNode-2] [INFO] [1775394518.861116892] [navNode]: 未到目标点
1775394518.8616400 [navNode-2] 目标位置:(0.0, 0.0, 0.1)-[A6]-[MCU:False]-[POS:False]
1775394518.8616834 [navNode-2] 当前位置:(-0.0013764778850600123, -0.0007275146199390292, -0.0010374924167990685)
1775394518.9608343 [navNode-2] [INFO] [1775394518.960511417] [navNode]: 状态4：WaitAim--[A6]
1775394518.9612467 [navNode-2] [INFO] [1775394518.960934572] [navNode]: 未到目标点
1775394518.9613883 [navNode-2] 目标位置:(0.0, 0.0, 0.1)-[A6]-[MCU:False]-[POS:False]
1775394518.9614859 [navNode-2] 当前位置:(-0.0008105186279863119, -0.0005424366681836545, -0.0018315300112590194)
1775394519.0609846 [navNode-2] [INFO] [1775394519.060675966] [navNode]: 状态4：WaitAim--[A6]
1775394519.0614724 [navNode-2] [INFO] [1775394519.061199290] [navNode]: 未到目标点
1775394519.0618596 [navNode-2] 目标位置:(0.0, 0.0, 0.1)-[A6]-[MCU:False]-[POS:False]
1775394519.0619786 [navNode-2] 当前位置:(-0.0011810865253210068, -0.0006296534556895494, -0.0007430998375639319)
1775394519.1607449 [navNode-2] [INFO] [1775394519.160401144] [navNode]: 状态4：WaitAim--[A6]
1775394519.1611955 [navNode-2] [INFO] [1775394519.161055318] [navNode]: 未到目标点
1775394519.1612997 [navNode-2] 目标位置:(0.0, 0.0, 0.1)-[A6]-[MCU:False]-[POS:False]
1775394519.1613593 [navNode-2] 当前位置:(-3.371465936652385e-05, -0.00045135768596082926, -0.00186402618419379)
1775394519.2614405 [navNode-2] [INFO] [1775394519.261105153] [navNode]: 状态4：WaitAim--[A6]
1775394519.2618768 [navNode-2] [INFO] [1775394519.261557710] [navNode]: 未到目标点
1775394519.2620001 [navNode-2] 目标位置:(0.0, 0.0, 0.1)-[A6]-[MCU:False]-[POS:False]
1775394519.2620530 [navNode-2] 当前位置:(-0.000883104803506285, -0.0006571831181645393, -0.0012596002779901028)
1775394519.3621926 [navNode-2] [INFO] [1775394519.361747731] [navNode]: 状态4：WaitAim--[A6]
1775394519.3629014 [navNode-2] [INFO] [1775394519.362478506] [navNode]: 未到目标点
1775394519.3630807 [navNode-2] 目标位置:(0.0, 0.0, 0.1)-[A6]-[MCU:False]-[POS:False]
1775394519.3631401 [navNode-2] 当前位置:(-0.0009867434855550528, -0.000556103652343154, -0.0006451234803535044)
1775394519.4617114 [navNode-2] [INFO] [1775394519.461127391] [navNode]: 状态4：WaitAim--[A6]
1775394519.4624522 [navNode-2] [INFO] [1775394519.461850835] [navNode]: 未到目标点
1775394519.4627669 [navNode-2] 目标位置:(0.0, 0.0, 0.1)-[A6]-[MCU:False]-[POS:False]
1775394519.4629817 [navNode-2] 当前位置:(-0.0008533872896805406, -0.0006140191690064967, -0.0010725329630076885)
1775394519.5650184 [navNode-2] [INFO] [1775394519.564009689] [navNode]: 状态4：WaitAim--[A6]
1775394519.5679572 [navNode-2] [INFO] [1775394519.567471291] [navNode]: 未到目标点
1775394519.5686870 [navNode-2] 目标位置:(0.0, 0.0, 0.1)-[A6]-[MCU:False]-[POS:False]
1775394519.5689049 [navNode-2] 当前位置:(-0.0009988087695091963, -0.0007103526149876416, -0.0011488825548440218)
1775394519.6624639 [navNode-2] [INFO] [1775394519.661036469] [navNode]: 状态4：WaitAim--[A6]
1775394519.6635780 [navNode-2] [INFO] [1775394519.661730168] [navNode]: 未到目标点
1775394519.6637747 [navNode-2] 目标位置:(0.0, 0.0, 0.1)-[A6]-[MCU:False]-[POS:False]
1775394519.6638794 [navNode-2] 当前位置:(-0.0006652781157754362, -0.00044884427916258574, -0.0008283759234473109)
1775394519.7617841 [navNode-2] [INFO] [1775394519.761322741] [navNode]: 状态4：WaitAim--[A6]
1775394519.7623925 [navNode-2] [INFO] [1775394519.762070256] [navNode]: 未到目标点
1775394519.7625096 [navNode-2] 目标位置:(0.0, 0.0, 0.1)-[A6]-[MCU:False]-[POS:False]
1775394519.7626328 [navNode-2] 当前位置:(-0.0013427675003185868, -0.000698732677847147, -0.0010202369885519147)
1775394519.8622303 [navNode-2] [INFO] [1775394519.861354430] [navNode]: 状态4：WaitAim--[A6]
1775394519.8624797 [navNode-2] [INFO] [1775394519.861828485] [navNode]: 未到目标点
1775394519.8625789 [navNode-2] 目标位置:(0.0, 0.0, 0.1)-[A6]-[MCU:False]-[POS:False]
1775394519.8626587 [navNode-2] 当前位置:(-0.0014879152877256274, -0.0008875572239048779, -0.0014848019927740097)
1775394519.9613767 [navNode-2] [INFO] [1775394519.960952171] [navNode]: 状态4：WaitAim--[A6]
1775394519.9624443 [navNode-2] [INFO] [1775394519.962045316] [navNode]: 未到目标点
1775394519.9628203 [navNode-2] 目标位置:(0.0, 0.0, 0.1)-[A6]-[MCU:False]-[POS:False]
1775394519.9630675 [navNode-2] 当前位置:(-0.0011708724778145552, -0.0009331126930192113, -0.002615787321701646)
1775394520.0630579 [navNode-2] [INFO] [1775394520.061706153] [navNode]: 状态4：WaitAim--[A6]
1775394520.0635900 [navNode-2] [INFO] [1775394520.063190377] [navNode]: 未到目标点
1775394520.0637493 [navNode-2] 目标位置:(0.0, 0.0, 0.1)-[A6]-[MCU:False]-[POS:False]
1775394520.0638332 [navNode-2] 当前位置:(-0.0009376789093948901, -0.0006335483049042523, -0.0015379313845187426)
1775394520.1622391 [navNode-2] [INFO] [1775394520.161126746] [navNode]: 状态4：WaitAim--[A6]
1775394520.1625617 [navNode-2] [INFO] [1775394520.161733033] [navNode]: 未到目标点
1775394520.1627343 [navNode-2] 目标位置:(0.0, 0.0, 0.1)-[A6]-[MCU:False]-[POS:False]
1775394520.1628535 [navNode-2] 当前位置:(-0.0008005981799215078, -0.0007891759742051363, -0.0015001437859609723)
1775394520.2615247 [navNode-2] [INFO] [1775394520.261147478] [navNode]: 状态4：WaitAim--[A6]
1775394520.2620502 [navNode-2] [INFO] [1775394520.261757925] [navNode]: 未到目标点
1775394520.2621477 [navNode-2] 目标位置:(0.0, 0.0, 0.1)-[A6]-[MCU:False]-[POS:False]
1775394520.2622089 [navNode-2] 当前位置:(-0.0010143532417714596, -0.000750575854908675, -0.0022674945648759604)
1775394520.3617504 [navNode-2] [INFO] [1775394520.361334873] [navNode]: 状态4：WaitAim--[A6]
1775394520.3622897 [navNode-2] [INFO] [1775394520.361955609] [navNode]: 未到目标点
1775394520.3624296 [navNode-2] 目标位置:(0.0, 0.0, 0.1)-[A6]-[MCU:False]-[POS:False]
1775394520.3625321 [navNode-2] 当前位置:(-0.0003703341062646359, -0.0003641427028924227, -0.00269791716709733)
1775394520.4625113 [navNode-2] [INFO] [1775394520.461665154] [navNode]: 状态4：WaitAim--[A6]
1775394520.4633918 [navNode-2] [INFO] [1775394520.462774077] [navNode]: 未到目标点
1775394520.4635994 [navNode-2] 目标位置:(0.0, 0.0, 0.1)-[A6]-[MCU:False]-[POS:False]
1775394520.4636862 [navNode-2] 当前位置:(-0.0011984128504991531, -0.0007316197152249515, -0.0007836610893718898)
1775394520.5629978 [navNode-2] [INFO] [1775394520.562371709] [navNode]: 状态4：WaitAim--[A6]
1775394520.5642726 [navNode-2] [INFO] [1775394520.563718221] [navNode]: 未到目标点
1775394520.5645840 [navNode-2] 目标位置:(0.0, 0.0, 0.1)-[A6]-[MCU:False]-[POS:False]
1775394520.5647166 [navNode-2] 当前位置:(-0.0008633902762085199, -0.0007848988752812147, -0.0016338215209543705)
1775394520.6620152 [navNode-2] [INFO] [1775394520.661514124] [navNode]: 状态4：WaitAim--[A6]
1775394520.6627707 [navNode-2] [INFO] [1775394520.662275365] [navNode]: 未到目标点
1775394520.6630352 [navNode-2] 目标位置:(0.0, 0.0, 0.1)-[A6]-[MCU:False]-[POS:False]
1775394520.6631355 [navNode-2] 当前位置:(-0.0010123146930709481, -0.0007764520705677569, -0.001674034632742405)
1775394520.7617345 [navNode-2] [INFO] [1775394520.761156119] [navNode]: 状态4：WaitAim--[A6]
1775394520.7624488 [navNode-2] [INFO] [1775394520.761894695] [navNode]: 未到目标点
1775394520.7627349 [navNode-2] 目标位置:(0.0, 0.0, 0.1)-[A6]-[MCU:False]-[POS:False]
1775394520.7628732 [navNode-2] 当前位置:(-0.0014411680167540908, -0.0010168524459004402, -0.0016035303706303239)
1775394520.8617058 [navNode-2] [INFO] [1775394520.861263382] [navNode]: 状态4：WaitAim--[A6]
1775394520.8622866 [navNode-2] [INFO] [1775394520.861995776] [navNode]: 未到目标点
1775394520.8624647 [navNode-2] 目标位置:(0.0, 0.0, 0.1)-[A6]-[MCU:False]-[POS:False]
1775394520.8625886 [navNode-2] 当前位置:(-0.0017341310158371925, -0.0009770718170329928, -0.0014921552501618862)
1775394520.9611804 [navNode-2] [INFO] [1775394520.960747855] [navNode]: 状态4：WaitAim--[A6]
1775394520.9617660 [navNode-2] [INFO] [1775394520.961414798] [navNode]: 未到目标点
1775394520.9618809 [navNode-2] 目标位置:(0.0, 0.0, 0.1)-[A6]-[MCU:False]-[POS:False]
1775394520.9619467 [navNode-2] 当前位置:(-0.0015002713771536946, -0.0010442908387631178, -0.0018306472338736057)
1775394521.0619671 [navNode-2] [INFO] [1775394521.061553902] [navNode]: 状态4：WaitAim--[A6]
1775394521.0623853 [navNode-2] [INFO] [1775394521.062097393] [navNode]: 未到目标点
1775394521.0625300 [navNode-2] 目标位置:(0.0, 0.0, 0.1)-[A6]-[MCU:False]-[POS:False]
1775394521.0626178 [navNode-2] 当前位置:(-0.0016772061353549361, -0.0009917468996718526, -0.0015078572323545814)
1775394521.1621447 [navNode-2] [INFO] [1775394521.161769701] [navNode]: 状态4：WaitAim--[A6]
1775394521.1626074 [navNode-2] [INFO] [1775394521.162286376] [navNode]: 未到目标点
1775394521.1627650 [navNode-2] 目标位置:(0.0, 0.0, 0.1)-[A6]-[MCU:False]-[POS:False]
1775394521.1628749 [navNode-2] 当前位置:(-0.0014871556777507067, -0.0009291653987020254, -0.0013600023230537772)
1775394521.2613997 [navNode-2] [INFO] [1775394521.260906511] [navNode]: 状态4：WaitAim--[A6]
1775394521.2619240 [navNode-2] [INFO] [1775394521.261479217] [navNode]: 未到目标点
1775394521.2620842 [navNode-2] 目标位置:(0.0, 0.0, 0.1)-[A6]-[MCU:False]-[POS:False]
1775394521.2621560 [navNode-2] 当前位置:(-0.0011586688924580812, -0.0007932807202450931, -0.0014409731375053525)
1775394521.3610721 [navNode-2] [INFO] [1775394521.360690384] [navNode]: 状态4：WaitAim--[A6]
1775394521.3617077 [navNode-2] [INFO] [1775394521.361539893] [navNode]: 未到目标点
1775394521.3618591 [navNode-2] 目标位置:(0.0, 0.0, 0.1)-[A6]-[MCU:False]-[POS:False]
1775394521.3619337 [navNode-2] 当前位置:(-0.0015909337671473622, -0.0009713200852274895, -0.0013855613069608808)
1775394521.4609399 [navNode-2] [INFO] [1775394521.460591703] [navNode]: 状态4：WaitAim--[A6]
1775394521.4613748 [navNode-2] [INFO] [1775394521.461100466] [navNode]: 未到目标点
1775394521.4614544 [navNode-2] 目标位置:(0.0, 0.0, 0.1)-[A6]-[MCU:False]-[POS:False]
1775394521.4615028 [navNode-2] 当前位置:(-0.000852022843901068, -0.0006436087423935533, -0.0021925517357885838)
1775394521.5614128 [navNode-2] [INFO] [1775394521.561039893] [navNode]: 状态4：WaitAim--[A6]
1775394521.5618718 [navNode-2] [INFO] [1775394521.561539830] [navNode]: 未到目标点
1775394521.5619764 [navNode-2] 目标位置:(0.0, 0.0, 0.1)-[A6]-[MCU:False]-[POS:False]
1775394521.5620587 [navNode-2] 当前位置:(-0.0012409370392560959, -0.0007600925164297223, -0.0010202288394793868)
1775394521.6610503 [navNode-2] [INFO] [1775394521.660676867] [navNode]: 状态4：WaitAim--[A6]
1775394521.6614716 [navNode-2] [INFO] [1775394521.661189974] [navNode]: 未到目标点
1775394521.6615787 [navNode-2] 目标位置:(0.0, 0.0, 0.1)-[A6]-[MCU:False]-[POS:False]
1775394521.6616783 [navNode-2] 当前位置:(-0.0018392479978501797, -0.0009655376197770238, -0.0012765966821461916)
1775394521.7615192 [navNode-2] [INFO] [1775394521.761169620] [navNode]: 状态4：WaitAim--[A6]
1775394521.7619693 [navNode-2] [INFO] [1775394521.761677684] [navNode]: 未到目标点
1775394521.7620423 [navNode-2] 目标位置:(0.0, 0.0, 0.1)-[A6]-[MCU:False]-[POS:False]
1775394521.7620859 [navNode-2] 当前位置:(-0.002062759594991803, -0.0010935779428109527, -0.001457719481550157)
1775394521.8609257 [navNode-2] [INFO] [1775394521.860585314] [navNode]: 状态4：WaitAim--[A6]
1775394521.8613234 [navNode-2] [INFO] [1775394521.861065580] [navNode]: 未到目标点
1775394521.8614049 [navNode-2] 目标位置:(0.0, 0.0, 0.1)-[A6]-[MCU:False]-[POS:False]
1775394521.8614502 [navNode-2] 当前位置:(-0.0012972259428352118, -0.0007622022530995309, -0.0013279839185997844)
1775394521.9608085 [navNode-2] [INFO] [1775394521.960452404] [navNode]: 状态4：WaitAim--[A6]
1775394521.9612319 [navNode-2] [INFO] [1775394521.960913735] [navNode]: 未到目标点
1775394521.9613347 [navNode-2] 目标位置:(0.0, 0.0, 0.1)-[A6]-[MCU:False]-[POS:False]
1775394521.9613872 [navNode-2] 当前位置:(-0.0012052194215357304, -0.0007576200878247619, -0.0012429221533238888)
1775394522.0614111 [navNode-2] [INFO] [1775394522.060802792] [navNode]: 状态4：WaitAim--[A6]
1775394522.0619361 [navNode-2] [INFO] [1775394522.061254996] [navNode]: 未到目标点
1775394522.0620472 [navNode-2] 目标位置:(0.0, 0.0, 0.1)-[A6]-[MCU:False]-[POS:False]
1775394522.0620964 [navNode-2] 当前位置:(-0.0012262339005246758, -0.00079461804125458, -0.0012191253481432796)
1775394522.1608872 [navNode-2] [INFO] [1775394522.160564430] [navNode]: 状态4：WaitAim--[A6]
1775394522.1612992 [navNode-2] [INFO] [1775394522.161020251] [navNode]: 未到目标点
1775394522.1614177 [navNode-2] 目标位置:(0.0, 0.0, 0.1)-[A6]-[MCU:False]-[POS:False]
1775394522.1614742 [navNode-2] 当前位置:(-0.001507919398136437, -0.0009008018532767892, -0.0014010296436026692)
1775394522.2609224 [navNode-2] [INFO] [1775394522.260588645] [navNode]: 状态4：WaitAim--[A6]
1775394522.2613666 [navNode-2] [INFO] [1775394522.261022443] [navNode]: 未到目标点
1775394522.2614729 [navNode-2] 目标位置:(0.0, 0.0, 0.1)-[A6]-[MCU:False]-[POS:False]
1775394522.2615232 [navNode-2] 当前位置:(-0.0015500353183597326, -0.0009622357320040464, -0.002158897463232279)
1775394522.3612309 [navNode-2] [INFO] [1775394522.360892096] [navNode]: 状态4：WaitAim--[A6]
1775394522.3616590 [navNode-2] [INFO] [1775394522.361371229] [navNode]: 未到目标点
1775394522.3617752 [navNode-2] 目标位置:(0.0, 0.0, 0.1)-[A6]-[MCU:False]-[POS:False]
1775394522.3618681 [navNode-2] 当前位置:(-0.0018258703639730811, -0.001095010433346033, -0.0014745441731065512)
1775394522.4615180 [navNode-2] [INFO] [1775394522.460836787] [navNode]: 状态4：WaitAim--[A6]
1775394522.4619601 [navNode-2] [INFO] [1775394522.461588932] [navNode]: 未到目标点
1775394522.4620600 [navNode-2] 目标位置:(0.0, 0.0, 0.1)-[A6]-[MCU:False]-[POS:False]
1775394522.4621131 [navNode-2] 当前位置:(-0.001579571166075766, -0.001015128567814827, -0.00145528104621917)
1775394522.5614939 [navNode-2] [INFO] [1775394522.561089737] [navNode]: 状态4：WaitAim--[A6]
1775394522.5618820 [navNode-2] [INFO] [1775394522.561532614] [navNode]: 未到目标点
1775394522.5619988 [navNode-2] 目标位置:(0.0, 0.0, 0.1)-[A6]-[MCU:False]-[POS:False]
1775394522.5620556 [navNode-2] 当前位置:(-0.0010211217449977994, -0.0008378276834264398, -0.001533103408291936)
1775394522.6606331 [navNode-2] [INFO] [1775394522.660233930] [navNode]: 状态4：WaitAim--[A6]
1775394522.6610234 [navNode-2] [INFO] [1775394522.660688757] [navNode]: 未到目标点
1775394522.6611226 [navNode-2] 目标位置:(0.0, 0.0, 0.1)-[A6]-[MCU:False]-[POS:False]
1775394522.6611896 [navNode-2] 当前位置:(-0.0012590675614774227, -0.0007839396712370217, -0.0012065214104950428)
1775394522.7607906 [navNode-2] [INFO] [1775394522.760477445] [navNode]: 状态4：WaitAim--[A6]
1775394522.7611811 [navNode-2] [INFO] [1775394522.760880378] [navNode]: 未到目标点
1775394522.7612519 [navNode-2] 目标位置:(0.0, 0.0, 0.1)-[A6]-[MCU:False]-[POS:False]
1775394522.7612872 [navNode-2] 当前位置:(-0.0011682865442708135, -0.0007418908062390983, -0.0012263004900887609)
1775394522.8613865 [navNode-2] [INFO] [1775394522.861020662] [navNode]: 状态4：WaitAim--[A6]
1775394522.8618073 [navNode-2] [INFO] [1775394522.861436819] [navNode]: 未到目标点
1775394522.8619361 [navNode-2] 目标位置:(0.0, 0.0, 0.1)-[A6]-[MCU:False]-[POS:False]
1775394522.8620031 [navNode-2] 当前位置:(-0.0013902796199545264, -0.0008779477211646736, -0.001309436745941639)
1775394522.9609332 [navNode-2] [INFO] [1775394522.960546318] [navNode]: 状态4：WaitAim--[A6]
1775394522.9614034 [navNode-2] [INFO] [1775394522.961074319] [navNode]: 未到目标点
1775394522.9615116 [navNode-2] 目标位置:(0.0, 0.0, 0.1)-[A6]-[MCU:False]-[POS:False]
1775394522.9615662 [navNode-2] 当前位置:(-0.0010619162349030375, -0.0007082626689225435, -0.0011525320587679744)
1775394523.0613754 [navNode-2] [INFO] [1775394523.060909701] [navNode]: 状态4：WaitAim--[A6]
1775394523.0618384 [navNode-2] [INFO] [1775394523.061723085] [navNode]: 未到目标点
1775394523.0619185 [navNode-2] 目标位置:(0.0, 0.0, 0.1)-[A6]-[MCU:False]-[POS:False]
1775394523.0619593 [navNode-2] 当前位置:(-0.0005708425305783749, -0.0007169845630414784, -0.0024494666140526533)
1775394523.1608930 [navNode-2] [INFO] [1775394523.160500192] [navNode]: 状态4：WaitAim--[A6]
1775394523.1615295 [navNode-2] [INFO] [1775394523.161275343] [navNode]: 未到目标点
1775394523.1616807 [navNode-2] 目标位置:(0.0, 0.0, 0.1)-[A6]-[MCU:False]-[POS:False]
1775394523.1617465 [navNode-2] 当前位置:(-0.0015773745253682137, -0.0007937502232380211, -0.0007731053046882153)
1775394523.2607372 [navNode-2] [INFO] [1775394523.260389687] [navNode]: 状态4：WaitAim--[A6]
1775394523.2613254 [navNode-2] [INFO] [1775394523.260934807] [navNode]: 未到目标点
1775394523.2614450 [navNode-2] 目标位置:(0.0, 0.0, 0.1)-[A6]-[MCU:False]-[POS:False]
1775394523.2615209 [navNode-2] 当前位置:(-0.0014166721375659108, -0.0008581788861192763, -0.001252843183465302)
1775394523.3616612 [navNode-2] [INFO] [1775394523.361265277] [navNode]: 状态4：WaitAim--[A6]
1775394523.3621211 [navNode-2] [INFO] [1775394523.361766809] [navNode]: 未到目标点
1775394523.3622360 [navNode-2] 目标位置:(0.0, 0.0, 0.1)-[A6]-[MCU:False]-[POS:False]
1775394523.3623128 [navNode-2] 当前位置:(-0.0009774049976840615, -0.0007390286773443222, -0.0024417792446911335)
1775394523.4617608 [navNode-2] [INFO] [1775394523.461244975] [navNode]: 状态4：WaitAim--[A6]
1775394523.4622245 [navNode-2] [INFO] [1775394523.461907260] [navNode]: 未到目标点
1775394523.4623611 [navNode-2] 目标位置:(0.0, 0.0, 0.1)-[A6]-[MCU:False]-[POS:False]
1775394523.4624364 [navNode-2] 当前位置:(-0.001317624351941049, -0.0008145319297909737, -0.0014639666769653559)
1775394523.5610800 [navNode-2] [INFO] [1775394523.560692281] [navNode]: 状态4：WaitAim--[A6]
1775394523.5617661 [navNode-2] [INFO] [1775394523.561598234] [navNode]: 未到目标点
1775394523.5619488 [navNode-2] 目标位置:(0.0, 0.0, 0.1)-[A6]-[MCU:False]-[POS:False]
1775394523.5620232 [navNode-2] 当前位置:(-0.0014310120604932308, -0.0008818939095363021, -0.0011953187640756369)
1775394523.6607785 [navNode-2] [INFO] [1775394523.660363825] [navNode]: 状态4：WaitAim--[A6]
1775394523.6612103 [navNode-2] [INFO] [1775394523.660827441] [navNode]: 未到目标点
1775394523.6613312 [navNode-2] 目标位置:(0.0, 0.0, 0.1)-[A6]-[MCU:False]-[POS:False]
1775394523.6613965 [navNode-2] 当前位置:(-0.0012569483369588852, -0.0007978049688972533, -0.0013020260958001018)
1775394523.7611182 [navNode-2] [INFO] [1775394523.760793460] [navNode]: 状态4：WaitAim--[A6]
1775394523.7615087 [navNode-2] [INFO] [1775394523.761234467] [navNode]: 未到目标点
1775394523.7616007 [navNode-2] 目标位置:(0.0, 0.0, 0.1)-[A6]-[MCU:False]-[POS:False]
1775394523.7616446 [navNode-2] 当前位置:(-0.001193357864394784, -0.0007584998966194689, -0.0011867200955748558)
1775394523.8608279 [navNode-2] [INFO] [1775394523.860452286] [navNode]: 状态4：WaitAim--[A6]
1775394523.8612096 [navNode-2] [INFO] [1775394523.860878800] [navNode]: 未到目标点
1775394523.8613009 [navNode-2] 目标位置:(0.0, 0.0, 0.1)-[A6]-[MCU:False]-[POS:False]
1775394523.8613675 [navNode-2] 当前位置:(-0.0009981351904571056, -0.000785046664532274, -0.0014185088220983744)
1775394523.9612386 [navNode-2] [INFO] [1775394523.960840204] [navNode]: 状态4：WaitAim--[A6]
1775394523.9617269 [navNode-2] [INFO] [1775394523.961350308] [navNode]: 未到目标点
1775394523.9618440 [navNode-2] 目标位置:(0.0, 0.0, 0.1)-[A6]-[MCU:False]-[POS:False]
1775394523.9619539 [navNode-2] 当前位置:(-0.0013756899861618876, -0.0008478394593112171, -0.0012806473532691598)
1775394524.0610595 [navNode-2] [INFO] [1775394524.060647358] [navNode]: 状态4：WaitAim--[A6]
1775394524.0615699 [navNode-2] [INFO] [1775394524.061181211] [navNode]: 未到目标点
1775394524.0620580 [navNode-2] 目标位置:(0.0, 0.0, 0.1)-[A6]-[MCU:False]-[POS:False]
1775394524.0622170 [navNode-2] 当前位置:(-0.0012037244159728289, -0.0007899434422142804, -0.0012384752044454217)
1775394524.1609440 [navNode-2] [INFO] [1775394524.160588343] [navNode]: 状态4：WaitAim--[A6]
1775394524.1613936 [navNode-2] [INFO] [1775394524.161049238] [navNode]: 未到目标点
1775394524.1615367 [navNode-2] 目标位置:(0.0, 0.0, 0.1)-[A6]-[MCU:False]-[POS:False]
1775394524.1616406 [navNode-2] 当前位置:(-0.0008963736472651362, -0.0007376809371635318, -0.0013492787256836891)
1775394524.2608318 [navNode-2] [INFO] [1775394524.260482510] [navNode]: 状态4：WaitAim--[A6]
1775394524.2613027 [navNode-2] [INFO] [1775394524.260961402] [navNode]: 未到目标点
1775394524.2614260 [navNode-2] 目标位置:(0.0, 0.0, 0.1)-[A6]-[MCU:False]-[POS:False]
1775394524.2615056 [navNode-2] 当前位置:(-0.0009929360821843147, -0.0005798372440040112, -0.000663367158267647)
1775394524.3612759 [navNode-2] [INFO] [1775394524.360875295] [navNode]: 状态4：WaitAim--[A6]
1775394524.3616912 [navNode-2] [INFO] [1775394524.361425795] [navNode]: 未到目标点
1775394524.3617897 [navNode-2] 目标位置:(0.0, 0.0, 0.1)-[A6]-[MCU:False]-[POS:False]
1775394524.3618512 [navNode-2] 当前位置:(-0.0010296247201040387, -0.0006825279560871422, -0.0010911630233749747)
1775394524.4612255 [navNode-2] [INFO] [1775394524.460830519] [navNode]: 状态4：WaitAim--[A6]
1775394524.4617710 [navNode-2] [INFO] [1775394524.461371934] [navNode]: 未到目标点
1775394524.4618793 [navNode-2] 目标位置:(0.0, 0.0, 0.1)-[A6]-[MCU:False]-[POS:False]
1775394524.4619677 [navNode-2] 当前位置:(-0.0010311705991625786, -0.0006515841232612729, -0.0010865431977435946)
1775394524.5615513 [navNode-2] [INFO] [1775394524.560684074] [navNode]: 状态4：WaitAim--[A6]
1775394524.5617800 [navNode-2] [INFO] [1775394524.561133365] [navNode]: 未到目标点
1775394524.5618410 [navNode-2] 目标位置:(0.0, 0.0, 0.1)-[A6]-[MCU:False]-[POS:False]
1775394524.5618851 [navNode-2] 当前位置:(-0.0012059090659022331, -0.0006559287430718541, -0.0007976734195835888)
1775394524.6613314 [navNode-2] [INFO] [1775394524.660917578] [navNode]: 状态4：WaitAim--[A6]
1775394524.6617198 [navNode-2] [INFO] [1775394524.661373853] [navNode]: 未到目标点
1775394524.6618421 [navNode-2] 目标位置:(0.0, 0.0, 0.1)-[A6]-[MCU:False]-[POS:False]
1775394524.6618991 [navNode-2] 当前位置:(-0.00134172267280519, -0.0008390158764086664, -0.0012432505609467626)
1775394524.7611043 [navNode-2] [INFO] [1775394524.760678260] [navNode]: 状态4：WaitAim--[A6]
1775394524.7614932 [navNode-2] [INFO] [1775394524.761134225] [navNode]: 未到目标点
1775394524.7616067 [navNode-2] 目标位置:(0.0, 0.0, 0.1)-[A6]-[MCU:False]-[POS:False]
1775394524.7616649 [navNode-2] 当前位置:(-0.0009841289138421416, -0.0008034215425141156, -0.002371095586568117)
1775394524.8612959 [navNode-2] [INFO] [1775394524.860565719] [navNode]: 状态4：WaitAim--[A6]
1775394524.8615344 [navNode-2] [INFO] [1775394524.860968486] [navNode]: 未到目标点
1775394524.8616216 [navNode-2] 目标位置:(0.0, 0.0, 0.1)-[A6]-[MCU:False]-[POS:False]
1775394524.8616638 [navNode-2] 当前位置:(-0.0009322782862000167, -0.0006779145332984626, -0.0017224905313923955)
1775394524.9617040 [navNode-2] [INFO] [1775394524.961305837] [navNode]: 状态4：WaitAim--[A6]
1775394524.9621470 [navNode-2] [INFO] [1775394524.961736863] [navNode]: 未到目标点
1775394524.9622655 [navNode-2] 目标位置:(0.0, 0.0, 0.1)-[A6]-[MCU:False]-[POS:False]
1775394524.9623189 [navNode-2] 当前位置:(-0.0011186846531927586, -0.00041758149745874107, -0.0010304654715582728)
1775394525.0621235 [navNode-2] [INFO] [1775394525.061339035] [navNode]: 状态4：WaitAim--[A6]
1775394525.0623565 [navNode-2] [INFO] [1775394525.061752380] [navNode]: 未到目标点
1775394525.0624290 [navNode-2] 目标位置:(0.0, 0.0, 0.1)-[A6]-[MCU:False]-[POS:False]
1775394525.0624704 [navNode-2] 当前位置:(-0.00073887879261747, -0.0005434060585685074, -0.0010637757368385792)
1775394525.1607046 [navNode-2] [INFO] [1775394525.160356560] [navNode]: 状态4：WaitAim--[A6]
1775394525.1611643 [navNode-2] [INFO] [1775394525.161042223] [navNode]: 未到目标点
1775394525.1612515 [navNode-2] 目标位置:(0.0, 0.0, 0.1)-[A6]-[MCU:False]-[POS:False]
1775394525.1612926 [navNode-2] 当前位置:(-0.001024390570819378, -0.000716320239007473, -0.0010605973657220602)
1775394525.2611895 [navNode-2] [INFO] [1775394525.260472869] [navNode]: 状态4：WaitAim--[A6]
1775394525.2614267 [navNode-2] [INFO] [1775394525.260855448] [navNode]: 未到目标点
1775394525.2615063 [navNode-2] 目标位置:(0.0, 0.0, 0.1)-[A6]-[MCU:False]-[POS:False]
1775394525.2615440 [navNode-2] 当前位置:(-0.0009291288442909718, -0.0007680477574467659, -0.0013668289175257087)
1775394525.3615825 [navNode-2] [INFO] [1775394525.361205269] [navNode]: 状态4：WaitAim--[A6]
1775394525.3620245 [navNode-2] [INFO] [1775394525.361709810] [navNode]: 未到目标点
1775394525.3621073 [navNode-2] 目标位置:(0.0, 0.0, 0.1)-[A6]-[MCU:False]-[POS:False]
1775394525.3621638 [navNode-2] 当前位置:(-0.0008235001005232334, -0.0006919754086993635, -0.001336444285698235)
1775394525.4619594 [navNode-2] [INFO] [1775394525.460923353] [navNode]: 状态4：WaitAim--[A6]
1775394525.4621780 [navNode-2] [INFO] [1775394525.461557640] [navNode]: 未到目标点
1775394525.4622462 [navNode-2] 目标位置:(0.0, 0.0, 0.1)-[A6]-[MCU:False]-[POS:False]
1775394525.4622946 [navNode-2] 当前位置:(-0.0012957019498571754, -0.0008074621437117457, -0.0012799118412658572)
1775394525.5623057 [navNode-2] [INFO] [1775394525.561372037] [navNode]: 状态4：WaitAim--[A6]
1775394525.5628839 [navNode-2] [INFO] [1775394525.562182480] [navNode]: 未到目标点
1775394525.5630047 [navNode-2] 目标位置:(0.0, 0.0, 0.1)-[A6]-[MCU:False]-[POS:False]
1775394525.5630598 [navNode-2] 当前位置:(-0.0008772087167017162, -0.0007475276361219585, -0.0014104084111750126)
1775394525.6612525 [navNode-2] [INFO] [1775394525.660428782] [navNode]: 状态4：WaitAim--[A6]
1775394525.6614966 [navNode-2] [INFO] [1775394525.660887205] [navNode]: 未到目标点
1775394525.6615572 [navNode-2] 目标位置:(0.0, 0.0, 0.1)-[A6]-[MCU:False]-[POS:False]
1775394525.6616051 [navNode-2] 当前位置:(-0.00117111683357507, -0.000710340216755867, -0.001134274760261178)
1775394525.7613921 [navNode-2] [INFO] [1775394525.760954786] [navNode]: 状态4：WaitAim--[A6]
1775394525.7619026 [navNode-2] [INFO] [1775394525.761510123] [navNode]: 未到目标点
1775394525.7620277 [navNode-2] 目标位置:(0.0, 0.0, 0.1)-[A6]-[MCU:False]-[POS:False]
1775394525.7621362 [navNode-2] 当前位置:(-0.0010889471741393209, -0.0007277973927557468, -0.0011812426382675767)
1775394525.8611066 [navNode-2] [INFO] [1775394525.860764172] [navNode]: 状态4：WaitAim--[A6]
1775394525.8614986 [navNode-2] [INFO] [1775394525.861216913] [navNode]: 未到目标点
1775394525.8616121 [navNode-2] 目标位置:(0.0, 0.0, 0.1)-[A6]-[MCU:False]-[POS:False]
1775394525.8616917 [navNode-2] 当前位置:(-0.0010724782478064299, -0.00085032096831128, -0.0015413362998515368)
1775394525.9610484 [navNode-2] [INFO] [1775394525.960594304] [navNode]: 状态4：WaitAim--[A6]
1775394525.9615908 [navNode-2] [INFO] [1775394525.961129187] [navNode]: 未到目标点
1775394525.9616883 [navNode-2] 目标位置:(0.0, 0.0, 0.1)-[A6]-[MCU:False]-[POS:False]
1775394525.9617369 [navNode-2] 当前位置:(-0.0005737956962548196, -0.0004771529929712415, -0.0024385591968894005)
1775394526.0612078 [navNode-2] [INFO] [1775394526.060834466] [navNode]: 状态4：WaitAim--[A6]
1775394526.0616324 [navNode-2] [INFO] [1775394526.061382430] [navNode]: 未到目标点
1775394526.0617199 [navNode-2] 目标位置:(0.0, 0.0, 0.1)-[A6]-[MCU:False]-[POS:False]
1775394526.0617638 [navNode-2] 当前位置:(-0.0011510229669511318, -0.0006822334253229201, -0.0016653422499075532)
1775394526.1609943 [navNode-2] [INFO] [1775394526.160651115] [navNode]: 状态4：WaitAim--[A6]
1775394526.1615665 [navNode-2] [INFO] [1775394526.161414231] [navNode]: 未到目标点
1775394526.1616809 [navNode-2] 目标位置:(0.0, 0.0, 0.1)-[A6]-[MCU:False]-[POS:False]
1775394526.1617332 [navNode-2] 当前位置:(-0.0012576697627082467, -0.0007998049259185791, -0.001089127967134118)
1775394526.2607694 [navNode-2] [INFO] [1775394526.260433363] [navNode]: 状态4：WaitAim--[A6]
1775394526.2611270 [navNode-2] [INFO] [1775394526.260870165] [navNode]: 未到目标点
1775394526.2611961 [navNode-2] 目标位置:(0.0, 0.0, 0.1)-[A6]-[MCU:False]-[POS:False]
1775394526.2612376 [navNode-2] 当前位置:(-0.0012148722307756543, -0.0007797734579071403, -0.0013307975605130196)
1775394526.3614459 [navNode-2] [INFO] [1775394526.361033832] [navNode]: 状态4：WaitAim--[A6]
1775394526.3619802 [navNode-2] [INFO] [1775394526.361617277] [navNode]: 未到目标点
1775394526.3621230 [navNode-2] 目标位置:(0.0, 0.0, 0.1)-[A6]-[MCU:False]-[POS:False]
1775394526.3621886 [navNode-2] 当前位置:(-0.0010063510853797197, -0.0006688665016554296, -0.0011407494312152267)
1775394526.4612935 [navNode-2] [INFO] [1775394526.460854777] [navNode]: 状态4：WaitAim--[A6]
1775394526.4618311 [navNode-2] [INFO] [1775394526.461491992] [navNode]: 未到目标点
1775394526.4619982 [navNode-2] 目标位置:(0.0, 0.0, 0.1)-[A6]-[MCU:False]-[POS:False]
1775394526.4620607 [navNode-2] 当前位置:(-0.0006378315738402307, -0.0005604157922789454, -0.00221457052975893)
1775394526.5608394 [navNode-2] [INFO] [1775394526.560491176] [navNode]: 状态4：WaitAim--[A6]
1775394526.5615189 [navNode-2] [INFO] [1775394526.561344131] [navNode]: 未到目标点
1775394526.5616834 [navNode-2] 目标位置:(0.0, 0.0, 0.1)-[A6]-[MCU:False]-[POS:False]
1775394526.5617707 [navNode-2] 当前位置:(-0.0003159591869916767, -0.00044286303455010056, -0.0021521062590181828)
1775394526.6614482 [navNode-2] [INFO] [1775394526.661110407] [navNode]: 状态4：WaitAim--[A6]
1775394526.6626003 [navNode-2] [INFO] [1775394526.662305532] [navNode]: 未到目标点
1775394526.6628451 [navNode-2] 目标位置:(0.0, 0.0, 0.1)-[A6]-[MCU:False]-[POS:False]
1775394526.6629934 [navNode-2] 当前位置:(-0.0012143939966335893, -0.0006313069025054574, -0.0004895788733847439)
1775394526.7612543 [navNode-2] [INFO] [1775394526.760887968] [navNode]: 状态4：WaitAim--[A6]
1775394526.7616942 [navNode-2] [INFO] [1775394526.761375671] [navNode]: 未到目标点
1775394526.7618301 [navNode-2] 目标位置:(0.0, 0.0, 0.1)-[A6]-[MCU:False]-[POS:False]
1775394526.7618918 [navNode-2] 当前位置:(-0.0011208675568923354, -0.0007109302096068859, -0.0011622165329754353)
1775394526.8616414 [navNode-2] [INFO] [1775394526.861270536] [navNode]: 状态4：WaitAim--[A6]
1775394526.8629553 [navNode-2] [INFO] [1775394526.862633075] [navNode]: 未到目标点
1775394526.8631341 [navNode-2] 目标位置:(0.0, 0.0, 0.1)-[A6]-[MCU:False]-[POS:False]
1775394526.8632398 [navNode-2] 当前位置:(-0.0012961773900315166, -0.0007903153891675174, -0.0013173765037208796)
1775394526.9628859 [navNode-2] [INFO] [1775394526.962385113] [navNode]: 状态4：WaitAim--[A6]
1775394526.9638078 [navNode-2] [INFO] [1775394526.963547808] [navNode]: 未到目标点
1775394526.9639561 [navNode-2] 目标位置:(0.0, 0.0, 0.1)-[A6]-[MCU:False]-[POS:False]
1775394526.9640098 [navNode-2] 当前位置:(-0.00155580323189497, -0.0008332944707944989, -0.0012117821024730802)
1775394527.0618403 [navNode-2] [INFO] [1775394527.061455372] [navNode]: 状态4：WaitAim--[A6]
1775394527.0626085 [navNode-2] [INFO] [1775394527.062371994] [navNode]: 未到目标点
1775394527.0627871 [navNode-2] 目标位置:(0.0, 0.0, 0.1)-[A6]-[MCU:False]-[POS:False]
1775394527.0628479 [navNode-2] 当前位置:(-0.0013882211642339826, -0.0009949938394129276, -0.0013701643329113722)
1775394527.1612020 [navNode-2] [INFO] [1775394527.160817705] [navNode]: 状态4：WaitAim--[A6]
1775394527.1617126 [navNode-2] [INFO] [1775394527.161336586] [navNode]: 未到目标点
1775394527.1618457 [navNode-2] 目标位置:(0.0, 0.0, 0.1)-[A6]-[MCU:False]-[POS:False]
1775394527.1619134 [navNode-2] 当前位置:(-0.001471157418563962, -0.0008894191705621779, -0.0014537747483700514)
1775394527.2636878 [navNode-2] [INFO] [1775394527.262407304] [navNode]: 状态4：WaitAim--[A6]
1775394527.2646625 [navNode-2] [INFO] [1775394527.264133867] [navNode]: 未到目标点
1775394527.2648787 [navNode-2] 目标位置:(0.0, 0.0, 0.1)-[A6]-[MCU:False]-[POS:False]
1775394527.2651925 [navNode-2] 当前位置:(-0.0016168373404070735, -0.0009874040260910988, -0.0015074115945026278)
1775394527.3617411 [navNode-2] [INFO] [1775394527.361157790] [navNode]: 状态4：WaitAim--[A6]
1775394527.3623388 [navNode-2] [INFO] [1775394527.362076733] [navNode]: 未到目标点
1775394527.3624835 [navNode-2] 目标位置:(0.0, 0.0, 0.1)-[A6]-[MCU:False]-[POS:False]
1775394527.3625877 [navNode-2] 当前位置:(-0.0011586943874135613, -0.0008681277395226061, -0.001552730449475348)
1775394527.4619579 [navNode-2] [INFO] [1775394527.461541720] [navNode]: 状态4：WaitAim--[A6]
1775394527.4623985 [navNode-2] [INFO] [1775394527.462046194] [navNode]: 未到目标点
1775394527.4624786 [navNode-2] 目标位置:(0.0, 0.0, 0.1)-[A6]-[MCU:False]-[POS:False]
1775394527.4625280 [navNode-2] 当前位置:(-0.000964755134191364, -0.0006809274782426655, -0.0023785189259797335)
1775394527.5622756 [navNode-2] [INFO] [1775394527.561845002] [navNode]: 状态4：WaitAim--[A6]
1775394527.5631092 [navNode-2] [INFO] [1775394527.562910771] [navNode]: 未到目标点
1775394527.5632658 [navNode-2] 目标位置:(0.0, 0.0, 0.1)-[A6]-[MCU:False]-[POS:False]
1775394527.5633309 [navNode-2] 当前位置:(-0.001425464521162212, -0.0009999554604291916, -0.0015284448163583875)
1775394527.6615903 [navNode-2] [INFO] [1775394527.661164673] [navNode]: 状态4：WaitAim--[A6]
1775394527.6620436 [navNode-2] [INFO] [1775394527.661759834] [navNode]: 未到目标点
1775394527.6621366 [navNode-2] 目标位置:(0.0, 0.0, 0.1)-[A6]-[MCU:False]-[POS:False]
1775394527.6625714 [navNode-2] 当前位置:(-0.0013285541208460927, -0.0008083965512923896, -0.0011396720074117184)
1775394527.7626548 [navNode-2] [INFO] [1775394527.762028946] [navNode]: 状态4：WaitAim--[A6]
1775394527.7632987 [navNode-2] [INFO] [1775394527.762851304] [navNode]: 未到目标点
1775394527.7634759 [navNode-2] 目标位置:(0.0, 0.0, 0.1)-[A6]-[MCU:False]-[POS:False]
1775394527.7635901 [navNode-2] 当前位置:(-0.0008524784934706986, -0.000856207509059459, -0.0019014818826690316)
1775394527.8627307 [navNode-2] [INFO] [1775394527.861781458] [navNode]: 状态4：WaitAim--[A6]
1775394527.8633652 [navNode-2] [INFO] [1775394527.863071421] [navNode]: 未到目标点
1775394527.8635440 [navNode-2] 目标位置:(0.0, 0.0, 0.1)-[A6]-[MCU:False]-[POS:False]
1775394527.8636758 [navNode-2] 当前位置:(-0.0012551265535876155, -0.0007141010137274861, -0.0016175988130271435)
1775394527.9608886 [navNode-2] [INFO] [1775394527.960521322] [navNode]: 状态4：WaitAim--[A6]
1775394527.9616556 [navNode-2] [INFO] [1775394527.961019641] [navNode]: 未到目标点
1775394527.9618788 [navNode-2] 目标位置:(0.0, 0.0, 0.1)-[A6]-[MCU:False]-[POS:False]
1775394527.9619687 [navNode-2] 当前位置:(-0.0013164940755814314, -0.000896996003575623, -0.001756756566464901)
1775394528.0616546 [navNode-2] [INFO] [1775394528.061306416] [navNode]: 状态4：WaitAim--[A6]
1775394528.0627933 [navNode-2] [INFO] [1775394528.062403724] [navNode]: 未到目标点
1775394528.0629945 [navNode-2] 目标位置:(0.0, 0.0, 0.1)-[A6]-[MCU:False]-[POS:False]
1775394528.0630705 [navNode-2] 当前位置:(-0.0008683507912792265, -0.0007524698739871383, -0.0013770177029073238)
1775394528.1607254 [navNode-2] [INFO] [1775394528.160397006] [navNode]: 状态4：WaitAim--[A6]
1775394528.1611080 [navNode-2] [INFO] [1775394528.160844834] [navNode]: 未到目标点
1775394528.1611838 [navNode-2] 目标位置:(0.0, 0.0, 0.1)-[A6]-[MCU:False]-[POS:False]
1775394528.1612265 [navNode-2] 当前位置:(-0.0013364700134843588, -0.0008299082983285189, -0.0012652375735342503)
1775394528.2617295 [navNode-2] [INFO] [1775394528.261106884] [navNode]: 状态4：WaitAim--[A6]
1775394528.2621877 [navNode-2] [INFO] [1775394528.261819116] [navNode]: 未到目标点
1775394528.2623162 [navNode-2] 目标位置:(0.0, 0.0, 0.1)-[A6]-[MCU:False]-[POS:False]
1775394528.2623816 [navNode-2] 当前位置:(-0.0006863512098789215, -0.0006317422958090901, -0.0022270013578236103)
1775394528.3618953 [navNode-2] [INFO] [1775394528.361241244] [navNode]: 状态4：WaitAim--[A6]
1775394528.3626256 [navNode-2] [INFO] [1775394528.361965621] [navNode]: 未到目标点
1775394528.3629172 [navNode-2] 目标位置:(0.0, 0.0, 0.1)-[A6]-[MCU:False]-[POS:False]
1775394528.3630397 [navNode-2] 当前位置:(-0.0011477619409561157, -0.0007132756290957332, -0.0009299457306042314)
1775394528.4609830 [navNode-2] [INFO] [1775394528.460628329] [navNode]: 状态4：WaitAim--[A6]
1775394528.4613826 [navNode-2] [INFO] [1775394528.461176058] [navNode]: 未到目标点
1775394528.4614589 [navNode-2] 目标位置:(0.0, 0.0, 0.1)-[A6]-[MCU:False]-[POS:False]
1775394528.4615085 [navNode-2] 当前位置:(-0.0010533449240028858, -0.0006803346914239228, -0.0010890578851103783)
1775394528.5617480 [navNode-2] [INFO] [1775394528.561320319] [navNode]: 状态4：WaitAim--[A6]
1775394528.5622008 [navNode-2] [INFO] [1775394528.561866638] [navNode]: 未到目标点
1775394528.5622790 [navNode-2] 目标位置:(0.0, 0.0, 0.1)-[A6]-[MCU:False]-[POS:False]
1775394528.5623264 [navNode-2] 当前位置:(-0.0015294905751943588, -0.0008269273675978184, -0.0011206952622160316)
1775394528.6611443 [navNode-2] [INFO] [1775394528.660789101] [navNode]: 状态4：WaitAim--[A6]
1775394528.6616158 [navNode-2] [INFO] [1775394528.661293998] [navNode]: 未到目标点
1775394528.6617439 [navNode-2] 目标位置:(0.0, 0.0, 0.1)-[A6]-[MCU:False]-[POS:False]
1775394528.6618109 [navNode-2] 当前位置:(-0.0014994643861427903, -0.0009560614707879722, -0.001461343257687986)
1775394528.7622473 [navNode-2] [INFO] [1775394528.761367708] [navNode]: 状态4：WaitAim--[A6]
1775394528.7625597 [navNode-2] [INFO] [1775394528.761828778] [navNode]: 未到目标点
1775394528.7626438 [navNode-2] 目标位置:(0.0, 0.0, 0.1)-[A6]-[MCU:False]-[POS:False]
1775394528.7627108 [navNode-2] 当前位置:(-0.0016085155075415969, -0.0008683905471116304, -0.0011341174831613898)
1775394528.8631589 [navNode-2] [INFO] [1775394528.862279779] [navNode]: 状态4：WaitAim--[A6]
1775394528.8640668 [navNode-2] [INFO] [1775394528.863016422] [navNode]: 未到目标点
1775394528.8645077 [navNode-2] 目标位置:(0.0, 0.0, 0.1)-[A6]-[MCU:False]-[POS:False]
1775394528.8647523 [navNode-2] 当前位置:(-0.0012827325845137239, -0.0008510986808687449, -0.0013540140353143215)
1775394528.9623737 [navNode-2] [INFO] [1775394528.961880475] [navNode]: 状态4：WaitAim--[A6]
1775394528.9630783 [navNode-2] [INFO] [1775394528.962529115] [navNode]: 未到目标点
1775394528.9633129 [navNode-2] 目标位置:(0.0, 0.0, 0.1)-[A6]-[MCU:False]-[POS:False]
1775394528.9634767 [navNode-2] 当前位置:(-0.0011661611497402191, -0.0006039564032107592, -0.0007793129771016538)
1775394529.0612113 [navNode-2] [INFO] [1775394529.060762137] [navNode]: 状态4：WaitAim--[A6]
1775394529.0616710 [navNode-2] [INFO] [1775394529.061313886] [navNode]: 未到目标点
1775394529.0618148 [navNode-2] 目标位置:(0.0, 0.0, 0.1)-[A6]-[MCU:False]-[POS:False]
1775394529.0618823 [navNode-2] 当前位置:(-0.0006698969518765807, -0.0006400555721484125, -0.0020917754154652357)
1775394529.1610854 [navNode-2] [INFO] [1775394529.160709369] [navNode]: 状态4：WaitAim--[A6]
1775394529.1615748 [navNode-2] [INFO] [1775394529.161180902] [navNode]: 未到目标点
1775394529.1617181 [navNode-2] 目标位置:(0.0, 0.0, 0.1)-[A6]-[MCU:False]-[POS:False]
1775394529.1617789 [navNode-2] 当前位置:(-0.0010597080690786242, -0.0009624828235246241, -0.0017265680944547057)
1775394529.2611110 [navNode-2] [INFO] [1775394529.260757633] [navNode]: 状态4：WaitAim--[A6]
1775394529.2617657 [navNode-2] [INFO] [1775394529.261242679] [navNode]: 未到目标点
1775394529.2618895 [navNode-2] 目标位置:(0.0, 0.0, 0.1)-[A6]-[MCU:False]-[POS:False]
1775394529.2619672 [navNode-2] 当前位置:(-0.0014473871560767293, -0.0008554190280847251, -0.0012175253359600902)
1775394529.3609383 [navNode-2] [INFO] [1775394529.360616607] [navNode]: 状态4：WaitAim--[A6]
1775394529.3614039 [navNode-2] [INFO] [1775394529.361126566] [navNode]: 未到目标点
1775394529.3615444 [navNode-2] 目标位置:(0.0, 0.0, 0.1)-[A6]-[MCU:False]-[POS:False]
1775394529.3616211 [navNode-2] 当前位置:(-0.0016939014894887805, -0.0009171274723485112, -0.0011743432842195034)
1775394529.4628253 [navNode-2] [INFO] [1775394529.461577703] [navNode]: 状态4：WaitAim--[A6]
1775394529.4634259 [navNode-2] [INFO] [1775394529.462202075] [navNode]: 未到目标点
1775394529.4635229 [navNode-2] 目标位置:(0.0, 0.0, 0.1)-[A6]-[MCU:False]-[POS:False]
1775394529.4635720 [navNode-2] 当前位置:(-0.0014705637004226446, -0.0009246115223504603, -0.001425130874849856)
1775394529.5608628 [navNode-2] [INFO] [1775394529.560519028] [navNode]: 状态4：WaitAim--[A6]
1775394529.5613225 [navNode-2] [INFO] [1775394529.561000975] [navNode]: 未到目标点
1775394529.5617967 [navNode-2] 目标位置:(0.0, 0.0, 0.1)-[A6]-[MCU:False]-[POS:False]
1775394529.5620039 [navNode-2] 当前位置:(-0.0012112751137465239, -0.0007861416088417172, -0.0012471986701712012)
1775394529.6609952 [navNode-2] [INFO] [1775394529.660622709] [navNode]: 状态4：WaitAim--[A6]
1775394529.6614225 [navNode-2] [INFO] [1775394529.661124019] [navNode]: 未到目标点
1775394529.6615934 [navNode-2] 目标位置:(0.0, 0.0, 0.1)-[A6]-[MCU:False]-[POS:False]
1775394529.6617022 [navNode-2] 当前位置:(-0.001309255021624267, -0.0007296882104128599, -0.0009210052085109055)
1775394529.7611833 [navNode-2] [INFO] [1775394529.760724942] [navNode]: 状态4：WaitAim--[A6]
1775394529.7619193 [navNode-2] [INFO] [1775394529.761677760] [navNode]: 未到目标点
1775394529.7620966 [navNode-2] 目标位置:(0.0, 0.0, 0.1)-[A6]-[MCU:False]-[POS:False]
1775394529.7621944 [navNode-2] 当前位置:(-0.0009698645444586873, -0.0006652840529568493, -0.001096033025532961)
1775394529.8613987 [navNode-2] [INFO] [1775394529.860963067] [navNode]: 状态4：WaitAim--[A6]
1775394529.8620493 [navNode-2] [INFO] [1775394529.861497435] [navNode]: 未到目标点
1775394529.8622084 [navNode-2] 目标位置:(0.0, 0.0, 0.1)-[A6]-[MCU:False]-[POS:False]
1775394529.8622730 [navNode-2] 当前位置:(-0.0007324873004108667, -0.0006401374703273177, -0.0012264666147530079)
1775394529.9608090 [navNode-2] [INFO] [1775394529.960478798] [navNode]: 状态4：WaitAim--[A6]
1775394529.9615612 [navNode-2] [INFO] [1775394529.960941489] [navNode]: 未到目标点
1775394529.9617631 [navNode-2] 目标位置:(0.0, 0.0, 0.1)-[A6]-[MCU:False]-[POS:False]
1775394529.9618671 [navNode-2] 当前位置:(-0.001144240377470851, -0.000728397979401052, -0.0011441279202699661)
1775394530.0608048 [navNode-2] [INFO] [1775394530.060467258] [navNode]: 状态4：WaitAim--[A6]
1775394530.0613275 [navNode-2] [INFO] [1775394530.060906360] [navNode]: 未到目标点
1775394530.0614760 [navNode-2] 目标位置:(0.0, 0.0, 0.1)-[A6]-[MCU:False]-[POS:False]
1775394530.0615926 [navNode-2] 当前位置:(-0.0012863422743976116, -0.0008416108903475106, -0.0012611703714355826)
1775394530.1606991 [navNode-2] [INFO] [1775394530.160380297] [navNode]: 状态4：WaitAim--[A6]
1775394530.1612518 [navNode-2] [INFO] [1775394530.160798260] [navNode]: 未到目标点
1775394530.1614017 [navNode-2] 目标位置:(0.0, 0.0, 0.1)-[A6]-[MCU:False]-[POS:False]
1775394530.1615136 [navNode-2] 当前位置:(-0.0010421398328617215, -0.0006696100463159382, -0.001111287740059197)
1775394530.2607436 [navNode-2] [INFO] [1775394530.260422758] [navNode]: 状态4：WaitAim--[A6]
1775394530.2612550 [navNode-2] [INFO] [1775394530.260837863] [navNode]: 未到目标点
1775394530.2614436 [navNode-2] 目标位置:(0.0, 0.0, 0.1)-[A6]-[MCU:False]-[POS:False]
1775394530.2615385 [navNode-2] 当前位置:(-0.0010428258683532476, -0.0006761339027434587, -0.001152140204794705)
1775394530.3607790 [navNode-2] [INFO] [1775394530.360399501] [navNode]: 状态4：WaitAim--[A6]
1775394530.3613491 [navNode-2] [INFO] [1775394530.360867440] [navNode]: 未到目标点
1775394530.3615193 [navNode-2] 目标位置:(0.0, 0.0, 0.1)-[A6]-[MCU:False]-[POS:False]
1775394530.3616054 [navNode-2] 当前位置:(-0.0011341114295646548, -0.000741944822948426, -0.0011468558805063367)
1775394530.4611731 [navNode-2] [INFO] [1775394530.460388344] [navNode]: 状态4：WaitAim--[A6]
1775394530.4614427 [navNode-2] [INFO] [1775394530.460808101] [navNode]: 未到目标点
1775394530.4615107 [navNode-2] 目标位置:(0.0, 0.0, 0.1)-[A6]-[MCU:False]-[POS:False]
1775394530.4615743 [navNode-2] 当前位置:(-0.0009591591660864651, -0.0006517007714137435, -0.001136281993240118)
1775394530.5608451 [navNode-2] [INFO] [1775394530.560465900] [navNode]: 状态4：WaitAim--[A6]
1775394530.5612218 [navNode-2] [INFO] [1775394530.560879513] [navNode]: 未到目标点
1775394530.5613415 [navNode-2] 目标位置:(0.0, 0.0, 0.1)-[A6]-[MCU:False]-[POS:False]
1775394530.5614161 [navNode-2] 当前位置:(-0.0012102504260838032, -0.0006649204296991229, -0.0008683308260515332)
1775394530.6612892 [navNode-2] [INFO] [1775394530.660419368] [navNode]: 状态4：WaitAim--[A6]
1775394530.6616077 [navNode-2] [INFO] [1775394530.660872228] [navNode]: 未到目标点
1775394530.6617281 [navNode-2] 目标位置:(0.0, 0.0, 0.1)-[A6]-[MCU:False]-[POS:False]
1775394530.6617875 [navNode-2] 当前位置:(-0.0009634122834540904, -0.0006205540848895907, -0.001042596180923283)
1775394530.7607579 [navNode-2] [INFO] [1775394530.760419513] [navNode]: 状态4：WaitAim--[A6]
1775394530.7613423 [navNode-2] [INFO] [1775394530.761140295] [navNode]: 未到目标点
1775394530.7615731 [navNode-2] 目标位置:(0.0, 0.0, 0.1)-[A6]-[MCU:False]-[POS:False]
1775394530.7616315 [navNode-2] 当前位置:(-0.00024020970158744603, -0.00031271317857317626, -0.00268576480448246)
1775394530.8609447 [navNode-2] [INFO] [1775394530.860616167] [navNode]: 状态4：WaitAim--[A6]
1775394530.8616660 [navNode-2] [INFO] [1775394530.861090066] [navNode]: 未到目标点
1775394530.8618836 [navNode-2] 目标位置:(0.0, 0.0, 0.1)-[A6]-[MCU:False]-[POS:False]
1775394530.8619690 [navNode-2] 当前位置:(-0.0011802718508988619, -0.0006971714901737869, -0.0007305987528525293)
1775394530.9610233 [navNode-2] [INFO] [1775394530.960677010] [navNode]: 状态4：WaitAim--[A6]
1775394530.9616091 [navNode-2] [INFO] [1775394530.961107688] [navNode]: 未到目标点
1775394530.9616945 [navNode-2] 目标位置:(0.0, 0.0, 0.1)-[A6]-[MCU:False]-[POS:False]
1775394530.9617341 [navNode-2] 当前位置:(-0.001084428047761321, -0.0006456883274950087, -0.0009938604198396206)
1775394531.0622523 [navNode-2] [INFO] [1775394531.061892197] [navNode]: 状态4：WaitAim--[A6]
1775394531.0627804 [navNode-2] [INFO] [1775394531.062389439] [navNode]: 未到目标点
1775394531.0629187 [navNode-2] 目标位置:(0.0, 0.0, 0.1)-[A6]-[MCU:False]-[POS:False]
1775394531.0630021 [navNode-2] 当前位置:(-0.0012679656501859426, -0.0008314971928484738, -0.0013681894633919)
1775394531.1610384 [navNode-2] [INFO] [1775394531.160664163] [navNode]: 状态4：WaitAim--[A6]
1775394531.1617162 [navNode-2] [INFO] [1775394531.161171414] [navNode]: 未到目标点
1775394531.1619554 [navNode-2] 目标位置:(0.0, 0.0, 0.1)-[A6]-[MCU:False]-[POS:False]
1775394531.1620972 [navNode-2] 当前位置:(-0.0006267687422223389, -0.0005496165831573308, -0.003114937338978052)
1775394531.2623651 [navNode-2] [INFO] [1775394531.261469225] [navNode]: 状态4：WaitAim--[A6]
1775394531.2626252 [navNode-2] [INFO] [1775394531.261932849] [navNode]: 未到目标点
1775394531.2627480 [navNode-2] 目标位置:(0.0, 0.0, 0.1)-[A6]-[MCU:False]-[POS:False]
1775394531.2628222 [navNode-2] 当前位置:(-0.0011581259313970804, -0.0006975006544962525, -0.0007654327782802284)
1775394531.3611345 [navNode-2] [INFO] [1775394531.360759815] [navNode]: 状态4：WaitAim--[A6]
1775394531.3623888 [navNode-2] [INFO] [1775394531.361350926] [navNode]: 未到目标点
1775394531.3625777 [navNode-2] 目标位置:(0.0, 0.0, 0.1)-[A6]-[MCU:False]-[POS:False]
1775394531.3627112 [navNode-2] 当前位置:(-0.0008841024828143418, -0.00062975799664855, -0.0010690646013244987)
1775394531.4618187 [navNode-2] [INFO] [1775394531.460860885] [navNode]: 状态4：WaitAim--[A6]
1775394531.4623866 [navNode-2] [INFO] [1775394531.461698470] [navNode]: 未到目标点
1775394531.4624782 [navNode-2] 目标位置:(0.0, 0.0, 0.1)-[A6]-[MCU:False]-[POS:False]
1775394531.4625640 [navNode-2] 当前位置:(-0.0011136457324028015, -0.0007810051902197301, -0.0012326581636443734)
1775394531.5614293 [navNode-2] [INFO] [1775394531.561035644] [navNode]: 状态4：WaitAim--[A6]
1775394531.5619135 [navNode-2] [INFO] [1775394531.561567127] [navNode]: 未到目标点
1775394531.5620189 [navNode-2] 目标位置:(0.0, 0.0, 0.1)-[A6]-[MCU:False]-[POS:False]
1775394531.5620718 [navNode-2] 当前位置:(-0.0014266381040215492, -0.0008467238512821496, -0.0013462938368320465)
1775394531.6610804 [navNode-2] [INFO] [1775394531.660736440] [navNode]: 状态4：WaitAim--[A6]
1775394531.6615381 [navNode-2] [INFO] [1775394531.661233071] [navNode]: 未到目标点
1775394531.6616476 [navNode-2] 目标位置:(0.0, 0.0, 0.1)-[A6]-[MCU:False]-[POS:False]
1775394531.6617332 [navNode-2] 当前位置:(-0.000785247830208391, -0.0008006092393770814, -0.0022989585995674133)
1775394531.7617302 [navNode-2] [INFO] [1775394531.761086479] [navNode]: 状态4：WaitAim--[A6]
1775394531.7623029 [navNode-2] [INFO] [1775394531.761710753] [navNode]: 未到目标点
1775394531.7624612 [navNode-2] 目标位置:(0.0, 0.0, 0.1)-[A6]-[MCU:False]-[POS:False]
1775394531.7625489 [navNode-2] 当前位置:(-0.0012935636332258582, -0.000886201742105186, -0.001771499402821064)
1775394531.8612204 [navNode-2] [INFO] [1775394531.860813453] [navNode]: 状态4：WaitAim--[A6]
1775394531.8616917 [navNode-2] [INFO] [1775394531.861291084] [navNode]: 未到目标点
1775394531.8618031 [navNode-2] 目标位置:(0.0, 0.0, 0.1)-[A6]-[MCU:False]-[POS:False]
1775394531.8618815 [navNode-2] 当前位置:(-0.0018628814723342657, -0.0009638377232477069, -0.001110928482376039)
1775394531.9609768 [navNode-2] [INFO] [1775394531.960625212] [navNode]: 状态4：WaitAim--[A6]
1775394531.9614906 [navNode-2] [INFO] [1775394531.961100384] [navNode]: 未到目标点
1775394531.9616141 [navNode-2] 目标位置:(0.0, 0.0, 0.1)-[A6]-[MCU:False]-[POS:False]
1775394531.9616907 [navNode-2] 当前位置:(-0.000735942623578012, -0.0006738174124620855, -0.002253492595627904)
1775394532.0619149 [navNode-2] [INFO] [1775394532.060890787] [navNode]: 状态4：WaitAim--[A6]
1775394532.0625060 [navNode-2] [INFO] [1775394532.061808923] [navNode]: 未到目标点
1775394532.0626366 [navNode-2] 目标位置:(0.0, 0.0, 0.1)-[A6]-[MCU:False]-[POS:False]
1775394532.0627489 [navNode-2] 当前位置:(-0.0007331723463721573, -0.000620409322436899, -0.0018270297441631556)
1775394532.1612587 [navNode-2] [INFO] [1775394532.160876739] [navNode]: 状态4：WaitAim--[A6]
1775394532.1617119 [navNode-2] [INFO] [1775394532.161376572] [navNode]: 未到目标点
1775394532.1618288 [navNode-2] 目标位置:(0.0, 0.0, 0.1)-[A6]-[MCU:False]-[POS:False]
1775394532.1618991 [navNode-2] 当前位置:(-0.0014779746998101473, -0.0009001847356557846, -0.0011577390832826495)
1775394532.2619956 [navNode-2] [INFO] [1775394532.261518870] [navNode]: 状态4：WaitAim--[A6]
1775394532.2627127 [navNode-2] [INFO] [1775394532.262369434] [navNode]: 未到目标点
1775394532.2628915 [navNode-2] 目标位置:(0.0, 0.0, 0.1)-[A6]-[MCU:False]-[POS:False]
1775394532.2629824 [navNode-2] 当前位置:(-0.0014173900708556175, -0.0008938682149164379, -0.0012969296658411622)
1775394532.3616652 [navNode-2] [INFO] [1775394532.361217501] [navNode]: 状态4：WaitAim--[A6]
1775394532.3623164 [navNode-2] [INFO] [1775394532.361812254] [navNode]: 未到目标点
1775394532.3625329 [navNode-2] 目标位置:(0.0, 0.0, 0.1)-[A6]-[MCU:False]-[POS:False]
1775394532.3626425 [navNode-2] 当前位置:(-0.0006023850291967392, -0.0005830550217069685, -0.0025735008530318737)
1775394532.4618783 [navNode-2] [INFO] [1775394532.461479627] [navNode]: 状态4：WaitAim--[A6]
1775394532.4623191 [navNode-2] [INFO] [1775394532.461992888] [navNode]: 未到目标点
1775394532.4624398 [navNode-2] 目标位置:(0.0, 0.0, 0.1)-[A6]-[MCU:False]-[POS:False]
1775394532.4625421 [navNode-2] 当前位置:(-0.0014720142353326082, -0.0007616957300342619, -0.0006799025577493012)
1775394532.5612409 [navNode-2] [INFO] [1775394532.560916572] [navNode]: 状态4：WaitAim--[A6]
1775394532.5616553 [navNode-2] [INFO] [1775394532.561431686] [navNode]: 未到目标点
1775394532.5617545 [navNode-2] 目标位置:(0.0, 0.0, 0.1)-[A6]-[MCU:False]-[POS:False]
1775394532.5618310 [navNode-2] 当前位置:(-0.0011677461443468928, -0.00074850331293419, -0.0012398632243275642)
1775394532.6617191 [navNode-2] [INFO] [1775394532.660927285] [navNode]: 状态4：WaitAim--[A6]
1775394532.6623838 [navNode-2] [INFO] [1775394532.661568483] [navNode]: 未到目标点
1775394532.6625316 [navNode-2] 目标位置:(0.0, 0.0, 0.1)-[A6]-[MCU:False]-[POS:False]
1775394532.6626151 [navNode-2] 当前位置:(-0.0011898359516635537, -0.0007683141157031059, -0.001125497161410749)
1775394532.7610762 [navNode-2] [INFO] [1775394532.760695253] [navNode]: 状态4：WaitAim--[A6]
1775394532.7615335 [navNode-2] [INFO] [1775394532.761155615] [navNode]: 未到目标点
1775394532.7616658 [navNode-2] 目标位置:(0.0, 0.0, 0.1)-[A6]-[MCU:False]-[POS:False]
1775394532.7617357 [navNode-2] 当前位置:(-0.0012356936931610107, -0.0007646243320778012, -0.001235318835824728)
1775394532.8611670 [navNode-2] [INFO] [1775394532.860786934] [navNode]: 状态4：WaitAim--[A6]
1775394532.8616469 [navNode-2] [INFO] [1775394532.861323390] [navNode]: 未到目标点
1775394532.8617716 [navNode-2] 目标位置:(0.0, 0.0, 0.1)-[A6]-[MCU:False]-[POS:False]
1775394532.8618493 [navNode-2] 当前位置:(-0.001743230503052473, -0.0009026480838656425, -0.0011810751166194677)
1775394532.9622626 [navNode-2] [INFO] [1775394532.961858164] [navNode]: 状态4：WaitAim--[A6]
1775394532.9627883 [navNode-2] [INFO] [1775394532.962428982] [navNode]: 未到目标点
1775394532.9628973 [navNode-2] 目标位置:(0.0, 0.0, 0.1)-[A6]-[MCU:False]-[POS:False]
1775394532.9629731 [navNode-2] 当前位置:(-0.00134624307975173, -0.001001683296635747, -0.001664579613134265)
1775394533.0618889 [navNode-2] [INFO] [1775394533.061462444] [navNode]: 状态4：WaitAim--[A6]
1775394533.0624065 [navNode-2] [INFO] [1775394533.062069991] [navNode]: 未到目标点
1775394533.0625200 [navNode-2] 目标位置:(0.0, 0.0, 0.1)-[A6]-[MCU:False]-[POS:False]
1775394533.0625958 [navNode-2] 当前位置:(-0.0018847755854949355, -0.0010934585006907582, -0.0016036510933190584)
1775394533.1614642 [navNode-2] [INFO] [1775394533.161024038] [navNode]: 状态4：WaitAim--[A6]
1775394533.1625018 [navNode-2] [INFO] [1775394533.161552252] [navNode]: 未到目标点
1775394533.1626444 [navNode-2] 目标位置:(0.0, 0.0, 0.1)-[A6]-[MCU:False]-[POS:False]
1775394533.1627238 [navNode-2] 当前位置:(-0.0011841993546113372, -0.0008991206996142864, -0.0029041192028671503)
1775394533.2614224 [navNode-2] [INFO] [1775394533.261007642] [navNode]: 状态4：WaitAim--[A6]
1775394533.2619050 [navNode-2] [INFO] [1775394533.261621996] [navNode]: 未到目标点
1775394533.2620471 [navNode-2] 目标位置:(0.0, 0.0, 0.1)-[A6]-[MCU:False]-[POS:False]
1775394533.2621090 [navNode-2] 当前位置:(-0.0017880373634397984, -0.0010105526307597756, -0.001654938911087811)
1775394533.3615761 [navNode-2] [INFO] [1775394533.361194984] [navNode]: 状态4：WaitAim--[A6]
1775394533.3620455 [navNode-2] [INFO] [1775394533.361713384] [navNode]: 未到目标点
1775394533.3621998 [navNode-2] 目标位置:(0.0, 0.0, 0.1)-[A6]-[MCU:False]-[POS:False]
1775394533.3623168 [navNode-2] 当前位置:(-0.0016531681176275015, -0.0010049996199086308, -0.0013365744380280375)
1775394533.4610062 [navNode-2] [INFO] [1775394533.460613265] [navNode]: 状态4：WaitAim--[A6]
1775394533.4614851 [navNode-2] [INFO] [1775394533.461151198] [navNode]: 未到目标点
1775394533.4616232 [navNode-2] 目标位置:(0.0, 0.0, 0.1)-[A6]-[MCU:False]-[POS:False]
1775394533.4617016 [navNode-2] 当前位置:(-0.001065954682417214, -0.0007510982686653733, -0.0017715411959215999)
1775394533.5609889 [navNode-2] [INFO] [1775394533.560640037] [navNode]: 状态4：WaitAim--[A6]
1775394533.5614002 [navNode-2] [INFO] [1775394533.561118097] [navNode]: 未到目标点
1775394533.5615118 [navNode-2] 目标位置:(0.0, 0.0, 0.1)-[A6]-[MCU:False]-[POS:False]
1775394533.5615618 [navNode-2] 当前位置:(-0.0006252778694033623, -0.0005156100960448384, -0.0022670114412903786)
1775394533.6613476 [navNode-2] [INFO] [1775394533.660955839] [navNode]: 状态4：WaitAim--[A6]
1775394533.6618931 [navNode-2] [INFO] [1775394533.661520709] [navNode]: 未到目标点
1775394533.6620345 [navNode-2] 目标位置:(0.0, 0.0, 0.1)-[A6]-[MCU:False]-[POS:False]
1775394533.6621425 [navNode-2] 当前位置:(-0.0010326222982257605, -0.0009385580196976662, -0.001423969049938023)
1775394533.7614436 [navNode-2] [INFO] [1775394533.761039835] [navNode]: 状态4：WaitAim--[A6]
1775394533.7619119 [navNode-2] [INFO] [1775394533.761606261] [navNode]: 未到目标点
1775394533.7620544 [navNode-2] 目标位置:(0.0, 0.0, 0.1)-[A6]-[MCU:False]-[POS:False]
1775394533.7621152 [navNode-2] 当前位置:(-0.001138851628638804, -0.0007294495590031147, -0.0010341634042561054)
1775394533.8610966 [navNode-2] [INFO] [1775394533.860690434] [navNode]: 状态4：WaitAim--[A6]
1775394533.8616738 [navNode-2] [INFO] [1775394533.861510411] [navNode]: 未到目标点
1775394533.8618081 [navNode-2] 目标位置:(0.0, 0.0, 0.1)-[A6]-[MCU:False]-[POS:False]
1775394533.8618863 [navNode-2] 当前位置:(-0.0011419965885579586, -0.0007463271031156182, -0.0012466886546462774)
1775394533.9611611 [navNode-2] [INFO] [1775394533.960684933] [navNode]: 状态4：WaitAim--[A6]
1775394533.9618840 [navNode-2] [INFO] [1775394533.961144437] [navNode]: 未到目标点
1775394533.9621110 [navNode-2] 目标位置:(0.0, 0.0, 0.1)-[A6]-[MCU:False]-[POS:False]
1775394533.9622219 [navNode-2] 当前位置:(-0.0012076906859874725, -0.0007771081291139126, -0.0011856498895213008)
1775394534.0611143 [navNode-2] [INFO] [1775394534.060741572] [navNode]: 状态4：WaitAim--[A6]
1775394534.0615938 [navNode-2] [INFO] [1775394534.061236638] [navNode]: 未到目标点
1775394534.0617077 [navNode-2] 目标位置:(0.0, 0.0, 0.1)-[A6]-[MCU:False]-[POS:False]
1775394534.0617697 [navNode-2] 当前位置:(-0.0013087621191516519, -0.0006592998979613185, -0.0008458034717477858)
1775394534.1620359 [navNode-2] [INFO] [1775394534.161075890] [navNode]: 状态4：WaitAim--[A6]
1775394534.1622686 [navNode-2] [INFO] [1775394534.161695138] [navNode]: 未到目标点
1775394534.1623371 [navNode-2] 目标位置:(0.0, 0.0, 0.1)-[A6]-[MCU:False]-[POS:False]
1775394534.1623812 [navNode-2] 当前位置:(-0.0009200265049003065, -0.0007691910141147673, -0.0015811400953680277)
1775394534.2607453 [navNode-2] [INFO] [1775394534.260364802] [navNode]: 状态4：WaitAim--[A6]
1775394534.2610872 [navNode-2] [INFO] [1775394534.260804520] [navNode]: 未到目标点
1775394534.2611759 [navNode-2] 目标位置:(0.0, 0.0, 0.1)-[A6]-[MCU:False]-[POS:False]
1775394534.2612259 [navNode-2] 当前位置:(-0.0012097342405468225, -0.0006713212351314723, -0.0007329595973715186)
1775394534.3614788 [navNode-2] [INFO] [1775394534.360707702] [navNode]: 状态4：WaitAim--[A6]
1775394534.3617251 [navNode-2] [INFO] [1775394534.361115749] [navNode]: 未到目标点
1775394534.3617952 [navNode-2] 目标位置:(0.0, 0.0, 0.1)-[A6]-[MCU:False]-[POS:False]
1775394534.3618357 [navNode-2] 当前位置:(-0.0010014756117016077, -0.0006552985869348049, -0.0010866634547710419)
1775394534.4610121 [navNode-2] [INFO] [1775394534.460658946] [navNode]: 状态4：WaitAim--[A6]
1775394534.4614270 [navNode-2] [INFO] [1775394534.461295013] [navNode]: 未到目标点
1775394534.4615037 [navNode-2] 目标位置:(0.0, 0.0, 0.1)-[A6]-[MCU:False]-[POS:False]
1775394534.4615519 [navNode-2] 当前位置:(-0.0007371719693765044, -0.0006325846188701689, -0.0012567866360768676)
1775394534.5611770 [navNode-2] [INFO] [1775394534.560696816] [navNode]: 状态4：WaitAim--[A6]
1775394534.5623384 [navNode-2] [INFO] [1775394534.561232725] [navNode]: 未到目标点
1775394534.5627079 [navNode-2] 目标位置:(0.0, 0.0, 0.1)-[A6]-[MCU:False]-[POS:False]
1775394534.5628176 [navNode-2] 当前位置:(-0.0004477938055060804, -0.000572020304389298, -0.002269183984026313)
1775394534.6610315 [navNode-2] [INFO] [1775394534.660713615] [navNode]: 状态4：WaitAim--[A6]
1775394534.6614718 [navNode-2] [INFO] [1775394534.661168982] [navNode]: 未到目标点
1775394534.6615517 [navNode-2] 目标位置:(0.0, 0.0, 0.1)-[A6]-[MCU:False]-[POS:False]
1775394534.6615942 [navNode-2] 当前位置:(-0.0012278417125344276, -0.0006422636215575039, -0.0010915338061749935)
1775394534.7610404 [navNode-2] [INFO] [1775394534.760705395] [navNode]: 状态4：WaitAim--[A6]
1775394534.7614050 [navNode-2] [INFO] [1775394534.761211247] [navNode]: 未到目标点
1775394534.7614772 [navNode-2] 目标位置:(0.0, 0.0, 0.1)-[A6]-[MCU:False]-[POS:False]
1775394534.7615242 [navNode-2] 当前位置:(-0.0012338913511484861, -0.0008073635981418192, -0.0011381028452888131)
1775394534.8609591 [navNode-2] [INFO] [1775394534.860603047] [navNode]: 状态4：WaitAim--[A6]
1775394534.8617566 [navNode-2] [INFO] [1775394534.861514851] [navNode]: 未到目标点
1775394534.8619244 [navNode-2] 目标位置:(0.0, 0.0, 0.1)-[A6]-[MCU:False]-[POS:False]
1775394534.8619816 [navNode-2] 当前位置:(-0.0011601197766140103, -0.0007508127600885928, -0.0011843832908198237)
1775394534.9615531 [navNode-2] [INFO] [1775394534.960699934] [navNode]: 状态4：WaitAim--[A6]
1775394534.9617829 [navNode-2] [INFO] [1775394534.961147019] [navNode]: 未到目标点
1775394534.9618676 [navNode-2] 目标位置:(0.0, 0.0, 0.1)-[A6]-[MCU:False]-[POS:False]
1775394534.9619193 [navNode-2] 当前位置:(-0.0007236193050630391, -0.0005269225221127272, -0.000894795695785433)
1775394535.0623333 [navNode-2] [INFO] [1775394535.061813091] [navNode]: 状态4：WaitAim--[A6]
1775394535.0630729 [navNode-2] [INFO] [1775394535.062860929] [navNode]: 未到目标点
1775394535.0632827 [navNode-2] 目标位置:(0.0, 0.0, 0.1)-[A6]-[MCU:False]-[POS:False]
1775394535.0634077 [navNode-2] 当前位置:(-0.0007818062440492213, -0.0005375188775360584, -0.0008970576454885304)
1775394535.1619456 [navNode-2] [INFO] [1775394535.161338141] [navNode]: 状态4：WaitAim--[A6]
1775394535.1624579 [navNode-2] [INFO] [1775394535.162185493] [navNode]: 未到目标点
1775394535.1626410 [navNode-2] 目标位置:(0.0, 0.0, 0.1)-[A6]-[MCU:False]-[POS:False]
1775394535.1627512 [navNode-2] 当前位置:(-0.0005817828350700438, -0.0005590501241385937, -0.0011063748970627785)
1775394535.2619298 [navNode-2] [INFO] [1775394535.261307527] [navNode]: 状态4：WaitAim--[A6]
1775394535.2624280 [navNode-2] [INFO] [1775394535.261987221] [navNode]: 未到目标点
1775394535.2625647 [navNode-2] 目标位置:(0.0, 0.0, 0.1)-[A6]-[MCU:False]-[POS:False]
1775394535.2626517 [navNode-2] 当前位置:(-0.001042565330862999, -0.000550327415112406, -0.0006857810658402741)
1775394535.3619003 [navNode-2] [INFO] [1775394535.361563956] [navNode]: 状态4：WaitAim--[A6]
1775394535.3623474 [navNode-2] [INFO] [1775394535.362119932] [navNode]: 未到目标点
1775394535.3624272 [navNode-2] 目标位置:(0.0, 0.0, 0.1)-[A6]-[MCU:False]-[POS:False]
1775394535.3624737 [navNode-2] 当前位置:(-0.001327711041085422, -0.0008149897330440581, -0.0013334237737581134)
1775394535.4608660 [navNode-2] [INFO] [1775394535.460504530] [navNode]: 状态4：WaitAim--[A6]
1775394535.4612696 [navNode-2] [INFO] [1775394535.461023733] [navNode]: 未到目标点
1775394535.4613411 [navNode-2] 目标位置:(0.0, 0.0, 0.1)-[A6]-[MCU:False]-[POS:False]
1775394535.4614182 [navNode-2] 当前位置:(-0.0013353126123547554, -0.0008493292843922973, -0.0013457087334245443)
1775394535.5610921 [navNode-2] [INFO] [1775394535.560721490] [navNode]: 状态4：WaitAim--[A6]
1775394535.5615406 [navNode-2] [INFO] [1775394535.561227304] [navNode]: 未到目标点
1775394535.5616746 [navNode-2] 目标位置:(0.0, 0.0, 0.1)-[A6]-[MCU:False]-[POS:False]
1775394535.5617881 [navNode-2] 当前位置:(-0.0009326299768872559, -0.0007256888202391565, -0.0013299750862643123)
1775394535.6610510 [navNode-2] [INFO] [1775394535.660675358] [navNode]: 状态4：WaitAim--[A6]
1775394535.6615396 [navNode-2] [INFO] [1775394535.661170453] [navNode]: 未到目标点
1775394535.6616688 [navNode-2] 目标位置:(0.0, 0.0, 0.1)-[A6]-[MCU:False]-[POS:False]
1775394535.6617510 [navNode-2] 当前位置:(-0.0009412823128513992, -0.0006351749179884791, -0.0010027459356933832)
1775394535.7612379 [navNode-2] [INFO] [1775394535.760843137] [navNode]: 状态4：WaitAim--[A6]
1775394535.7616615 [navNode-2] [INFO] [1775394535.761364688] [navNode]: 未到目标点
1775394535.7617743 [navNode-2] 目标位置:(0.0, 0.0, 0.1)-[A6]-[MCU:False]-[POS:False]
1775394535.7618461 [navNode-2] 当前位置:(-0.000722631230019033, -0.0007803653716109693, -0.002172354143112898)
1775394535.8607924 [navNode-2] [INFO] [1775394535.860462830] [navNode]: 状态4：WaitAim--[A6]
1775394535.8612802 [navNode-2] [INFO] [1775394535.860948026] [navNode]: 未到目标点
1775394535.8614113 [navNode-2] 目标位置:(0.0, 0.0, 0.1)-[A6]-[MCU:False]-[POS:False]
1775394535.8614905 [navNode-2] 当前位置:(-0.0009264924447052181, -0.0006129003595560789, -0.000984352664090693)
1775394535.9609954 [navNode-2] [INFO] [1775394535.960568639] [navNode]: 状态4：WaitAim--[A6]
1775394535.9614840 [navNode-2] [INFO] [1775394535.961034131] [navNode]: 未到目标点
1775394535.9616218 [navNode-2] 目标位置:(0.0, 0.0, 0.1)-[A6]-[MCU:False]-[POS:False]
1775394535.9616778 [navNode-2] 当前位置:(-0.0011205363553017378, -0.0007063091034069657, -0.0010863619390875101)
1775394536.0610445 [navNode-2] [INFO] [1775394536.060647807] [navNode]: 状态4：WaitAim--[A6]
1775394536.0615282 [navNode-2] [INFO] [1775394536.061157440] [navNode]: 未到目标点
1775394536.0616739 [navNode-2] 目标位置:(0.0, 0.0, 0.1)-[A6]-[MCU:False]-[POS:False]
1775394536.0617545 [navNode-2] 当前位置:(-0.0009385644807480276, -0.0007733175298199058, -0.0012906555784866214)
1775394536.1609063 [navNode-2] [INFO] [1775394536.160554867] [navNode]: 状态4：WaitAim--[A6]
1775394536.1613734 [navNode-2] [INFO] [1775394536.161112817] [navNode]: 未到目标点
1775394536.1614692 [navNode-2] 目标位置:(0.0, 0.0, 0.1)-[A6]-[MCU:False]-[POS:False]
1775394536.1615577 [navNode-2] 当前位置:(-0.0011270219692960382, -0.0008724593208171427, -0.0014723227359354496)
1775394536.2617972 [navNode-2] [INFO] [1775394536.261404092] [navNode]: 状态4：WaitAim--[A6]
1775394536.2622328 [navNode-2] [INFO] [1775394536.262076742] [navNode]: 未到目标点
1775394536.2623115 [navNode-2] 目标位置:(0.0, 0.0, 0.1)-[A6]-[MCU:False]-[POS:False]
1775394536.2623558 [navNode-2] 当前位置:(-0.0012350588804110885, -0.0006521251052618027, -0.0007965905824676156)
1775394536.3610544 [navNode-2] [INFO] [1775394536.360630591] [navNode]: 状态4：WaitAim--[A6]
1775394536.3615880 [navNode-2] [INFO] [1775394536.361205816] [navNode]: 未到目标点
1775394536.3617134 [navNode-2] 目标位置:(0.0, 0.0, 0.1)-[A6]-[MCU:False]-[POS:False]
1775394536.3617783 [navNode-2] 当前位置:(-0.0013763196766376495, -0.0008208639919757843, -0.001299550523981452)
1775394536.4610226 [navNode-2] [INFO] [1775394536.460674981] [navNode]: 状态4：WaitAim--[A6]
1775394536.4614210 [navNode-2] [INFO] [1775394536.461160029] [navNode]: 未到目标点
1775394536.4615257 [navNode-2] 目标位置:(0.0, 0.0, 0.1)-[A6]-[MCU:False]-[POS:False]
1775394536.4615867 [navNode-2] 当前位置:(-0.001338089583441615, -0.0008307984098792076, -0.0012681775260716677)
1775394536.5609727 [navNode-2] [INFO] [1775394536.560658337] [navNode]: 状态4：WaitAim--[A6]
1775394536.5613313 [navNode-2] [INFO] [1775394536.561098256] [navNode]: 未到目标点
1775394536.5613978 [navNode-2] 目标位置:(0.0, 0.0, 0.1)-[A6]-[MCU:False]-[POS:False]
1775394536.5614760 [navNode-2] 当前位置:(-0.0007849708199501038, -0.0006067706854082644, -0.001983432099223137)
1775394536.6623476 [navNode-2] [INFO] [1775394536.661816356] [navNode]: 状态4：WaitAim--[A6]
1775394536.6642141 [navNode-2] [INFO] [1775394536.663103943] [navNode]: 未到目标点
1775394536.6647642 [navNode-2] 目标位置:(0.0, 0.0, 0.1)-[A6]-[MCU:False]-[POS:False]
1775394536.6648967 [navNode-2] 当前位置:(-0.0007485227542929351, -0.0006368625909090042, -0.0014782048529013991)
1775394536.7616143 [navNode-2] [INFO] [1775394536.761173783] [navNode]: 状态4：WaitAim--[A6]
1775394536.7621484 [navNode-2] [INFO] [1775394536.761780402] [navNode]: 未到目标点
1775394536.7622473 [navNode-2] 目标位置:(0.0, 0.0, 0.1)-[A6]-[MCU:False]-[POS:False]
1775394536.7623088 [navNode-2] 当前位置:(-0.0009186729439534247, -0.0006317393272183836, -0.0008134758681990206)
1775394536.8620789 [navNode-2] [INFO] [1775394536.861364540] [navNode]: 状态4：WaitAim--[A6]
1775394536.8626471 [navNode-2] [INFO] [1775394536.861989404] [navNode]: 未到目标点
1775394536.8628407 [navNode-2] 目标位置:(0.0, 0.0, 0.1)-[A6]-[MCU:False]-[POS:False]
1775394536.8629255 [navNode-2] 当前位置:(-0.001052815350703895, -0.0006837064865976572, -0.0011118558468297124)
1775394536.9613607 [navNode-2] [INFO] [1775394536.960936685] [navNode]: 状态4：WaitAim--[A6]
1775394536.9620919 [navNode-2] [INFO] [1775394536.961554882] [navNode]: 未到目标点
1775394536.9622688 [navNode-2] 目标位置:(0.0, 0.0, 0.1)-[A6]-[MCU:False]-[POS:False]
1775394536.9623499 [navNode-2] 当前位置:(-0.0011659025913104415, -0.0007353344699367881, -0.0011102224234491587)
1775394537.0615046 [navNode-2] [INFO] [1775394537.061101312] [navNode]: 状态4：WaitAim--[A6]
1775394537.0619280 [navNode-2] [INFO] [1775394537.061679398] [navNode]: 未到目标点
1775394537.0620201 [navNode-2] 目标位置:(0.0, 0.0, 0.1)-[A6]-[MCU:False]-[POS:False]
1775394537.0620708 [navNode-2] 当前位置:(-0.0014859416987746954, -0.000960121862590313, -0.001420780667103827)
1775394537.1613793 [navNode-2] [INFO] [1775394537.161067334] [navNode]: 状态4：WaitAim--[A6]
1775394537.1624825 [navNode-2] [INFO] [1775394537.162297057] [navNode]: 未到目标点
1775394537.1626930 [navNode-2] 目标位置:(0.0, 0.0, 0.1)-[A6]-[MCU:False]-[POS:False]
1775394537.1627612 [navNode-2] 当前位置:(-0.0012066344497725368, -0.0008036651997826993, -0.0016640475951135159)
1775394537.2617607 [navNode-2] [INFO] [1775394537.260947494] [navNode]: 状态4：WaitAim--[A6]
1775394537.2622197 [navNode-2] [INFO] [1775394537.261613903] [navNode]: 未到目标点
1775394537.2623227 [navNode-2] 目标位置:(0.0, 0.0, 0.1)-[A6]-[MCU:False]-[POS:False]
1775394537.2623758 [navNode-2] 当前位置:(-0.0010044765658676624, -0.0007767945062369108, -0.0021552131511271)
1775394537.3616173 [navNode-2] [INFO] [1775394537.361228274] [navNode]: 状态4：WaitAim--[A6]
1775394537.3620913 [navNode-2] [INFO] [1775394537.361752529] [navNode]: 未到目标点
1775394537.3622420 [navNode-2] 目标位置:(0.0, 0.0, 0.1)-[A6]-[MCU:False]-[POS:False]
1775394537.3623486 [navNode-2] 当前位置:(-0.001105826930142939, -0.0005760983331128955, -0.0007224264554679394)
1775394537.4610393 [navNode-2] [INFO] [1775394537.460683612] [navNode]: 状态4：WaitAim--[A6]
1775394537.4614782 [navNode-2] [INFO] [1775394537.461181202] [navNode]: 未到目标点
1775394537.4616351 [navNode-2] 目标位置:(0.0, 0.0, 0.1)-[A6]-[MCU:False]-[POS:False]
1775394537.4617181 [navNode-2] 当前位置:(-0.0006970675312913954, -0.0006628031842410564, -0.001169700175523758)
1775394537.5610552 [navNode-2] [INFO] [1775394537.560696185] [navNode]: 状态4：WaitAim--[A6]
1775394537.5615187 [navNode-2] [INFO] [1775394537.561190053] [navNode]: 未到目标点
1775394537.5616276 [navNode-2] 目标位置:(0.0, 0.0, 0.1)-[A6]-[MCU:False]-[POS:False]
1775394537.5616996 [navNode-2] 当前位置:(-0.0007825841894373298, -0.0006189522100612521, -0.001992311328649521)
1775394537.6618552 [navNode-2] [INFO] [1775394537.661501255] [navNode]: 状态4：WaitAim--[A6]
1775394537.6622894 [navNode-2] [INFO] [1775394537.662049053] [navNode]: 未到目标点
1775394537.6624105 [navNode-2] 目标位置:(0.0, 0.0, 0.1)-[A6]-[MCU:False]-[POS:False]
1775394537.6624773 [navNode-2] 当前位置:(-0.001684034476056695, -0.0009744768030941486, -0.001238033757545054)
1775394537.7610755 [navNode-2] [INFO] [1775394537.760633620] [navNode]: 状态4：WaitAim--[A6]
1775394537.7616601 [navNode-2] [INFO] [1775394537.761205633] [navNode]: 未到目标点
1775394537.7617698 [navNode-2] 目标位置:(0.0, 0.0, 0.1)-[A6]-[MCU:False]-[POS:False]
1775394537.7618744 [navNode-2] 当前位置:(-0.0015370164765045047, -0.0009621914941817522, -0.001395204453729093)
1775394537.8612175 [navNode-2] [INFO] [1775394537.860847086] [navNode]: 状态4：WaitAim--[A6]
1775394537.8616915 [navNode-2] [INFO] [1775394537.861376943] [navNode]: 未到目标点
1775394537.8618286 [navNode-2] 目标位置:(0.0, 0.0, 0.1)-[A6]-[MCU:False]-[POS:False]
1775394537.8619208 [navNode-2] 当前位置:(-0.001936845830641687, -0.0009930282831192017, -0.001420757849700749)
1775394537.9609714 [navNode-2] [INFO] [1775394537.960588348] [navNode]: 状态4：WaitAim--[A6]
1775394537.9615583 [navNode-2] [INFO] [1775394537.961381567] [navNode]: 未到目标点
1775394537.9616778 [navNode-2] 目标位置:(0.0, 0.0, 0.1)-[A6]-[MCU:False]-[POS:False]
1775394537.9617572 [navNode-2] 当前位置:(-0.0015779518289491534, -0.0009702102397568524, -0.0015531695680692792)
1775394538.0618818 [navNode-2] [INFO] [1775394538.061353651] [navNode]: 状态4：WaitAim--[A6]
1775394538.0624473 [navNode-2] [INFO] [1775394538.061985603] [navNode]: 未到目标点
1775394538.0625751 [navNode-2] 目标位置:(0.0, 0.0, 0.1)-[A6]-[MCU:False]-[POS:False]
1775394538.0626895 [navNode-2] 当前位置:(-0.001169046270661056, -0.0007421548361890018, -0.0012002037838101387)
1775394538.1621342 [navNode-2] [INFO] [1775394538.161741952] [navNode]: 状态4：WaitAim--[A6]
1775394538.1626461 [navNode-2] [INFO] [1775394538.162322265] [navNode]: 未到目标点
1775394538.1628299 [navNode-2] 目标位置:(0.0, 0.0, 0.1)-[A6]-[MCU:False]-[POS:False]
1775394538.1628971 [navNode-2] 当前位置:(-0.0009495752165094018, -0.000685060047544539, -0.0010959138162434101)
1775394538.2612183 [navNode-2] [INFO] [1775394538.260841998] [navNode]: 状态4：WaitAim--[A6]
1775394538.2617025 [navNode-2] [INFO] [1775394538.261382249] [navNode]: 未到目标点
1775394538.2618160 [navNode-2] 目标位置:(0.0, 0.0, 0.1)-[A6]-[MCU:False]-[POS:False]
1775394538.2618678 [navNode-2] 当前位置:(-0.0014614497777074575, -0.0008821833180263638, -0.0013669680338352919)
1775394538.3621435 [navNode-2] [INFO] [1775394538.361293293] [navNode]: 状态4：WaitAim--[A6]
1775394538.3629527 [navNode-2] [INFO] [1775394538.362099898] [navNode]: 未到目标点
1775394538.3630805 [navNode-2] 目标位置:(0.0, 0.0, 0.1)-[A6]-[MCU:False]-[POS:False]
1775394538.3631887 [navNode-2] 当前位置:(-0.0015905607724562287, -0.0011250159004703164, -0.0017578492406755686)
1775394538.4612162 [navNode-2] [INFO] [1775394538.460771828] [navNode]: 状态4：WaitAim--[A6]
1775394538.4617784 [navNode-2] [INFO] [1775394538.461355669] [navNode]: 未到目标点
1775394538.4618683 [navNode-2] 目标位置:(0.0, 0.0, 0.1)-[A6]-[MCU:False]-[POS:False]
1775394538.4619288 [navNode-2] 当前位置:(-0.002147681312635541, -0.0010906176175922155, -0.0012822006829082966)
1775394538.5620947 [navNode-2] [INFO] [1775394538.561233276] [navNode]: 状态4：WaitAim--[A6]
1775394538.5626009 [navNode-2] [INFO] [1775394538.561997623] [navNode]: 未到目标点
1775394538.5627952 [navNode-2] 目标位置:(0.0, 0.0, 0.1)-[A6]-[MCU:False]-[POS:False]
1775394538.5629075 [navNode-2] 当前位置:(-0.0018620975315570831, -0.001274525304324925, -0.002025615656748414)
1775394538.6615651 [navNode-2] [INFO] [1775394538.661196421] [navNode]: 状态4：WaitAim--[A6]
1775394538.6619978 [navNode-2] [INFO] [1775394538.661718390] [navNode]: 未到目标点
1775394538.6621196 [navNode-2] 目标位置:(0.0, 0.0, 0.1)-[A6]-[MCU:False]-[POS:False]
1775394538.6621852 [navNode-2] 当前位置:(-0.001767099485732615, -0.0010402309708297253, -0.0014488992746919394)
1775394538.7618091 [navNode-2] [INFO] [1775394538.761432429] [navNode]: 状态4：WaitAim--[A6]
1775394538.7622967 [navNode-2] [INFO] [1775394538.762088615] [navNode]: 未到目标点
1775394538.7624259 [navNode-2] 目标位置:(0.0, 0.0, 0.1)-[A6]-[MCU:False]-[POS:False]
1775394538.7625182 [navNode-2] 当前位置:(-0.001745087094604969, -0.0010297296103090048, -0.0015419261762872338)
1775394538.8610620 [navNode-2] [INFO] [1775394538.860644010] [navNode]: 状态4：WaitAim--[A6]
1775394538.8625040 [navNode-2] [INFO] [1775394538.861218813] [navNode]: 未到目标点
1775394538.8626056 [navNode-2] 目标位置:(0.0, 0.0, 0.1)-[A6]-[MCU:False]-[POS:False]
1775394538.8626573 [navNode-2] 当前位置:(-0.0006907703937031329, -0.0006615050369873643, -0.002913051052019)
1775394538.9616501 [navNode-2] [INFO] [1775394538.961243819] [navNode]: 状态4：WaitAim--[A6]
1775394538.9621277 [navNode-2] [INFO] [1775394538.961813538] [navNode]: 未到目标点
1775394538.9622555 [navNode-2] 目标位置:(0.0, 0.0, 0.1)-[A6]-[MCU:False]-[POS:False]
1775394538.9623158 [navNode-2] 当前位置:(-0.0019096051109954715, -0.0011146136093884706, -0.0012370258336886764)
1775394539.0616374 [navNode-2] [INFO] [1775394539.060823424] [navNode]: 状态4：WaitAim--[A6]
1775394539.0623484 [navNode-2] [INFO] [1775394539.062043418] [navNode]: 未到目标点
1775394539.0624282 [navNode-2] 目标位置:(0.0, 0.0, 0.1)-[A6]-[MCU:False]-[POS:False]
1775394539.0625114 [navNode-2] 当前位置:(-0.0014039778616279364, -0.0008678091107867658, -0.0014283338095992804)
1775394539.1612582 [navNode-2] [INFO] [1775394539.160902641] [navNode]: 状态4：WaitAim--[A6]
1775394539.1625104 [navNode-2] [INFO] [1775394539.162330924] [navNode]: 未到目标点
1775394539.1626961 [navNode-2] 目标位置:(0.0, 0.0, 0.1)-[A6]-[MCU:False]-[POS:False]
1775394539.1627648 [navNode-2] 当前位置:(-0.000939109013415873, -0.0007727569318376482, -0.0022758226841688156)
1775394539.2617242 [navNode-2] [INFO] [1775394539.261345913] [navNode]: 状态4：WaitAim--[A6]
1775394539.2631633 [navNode-2] [INFO] [1775394539.262899644] [navNode]: 未到目标点
1775394539.2633357 [navNode-2] 目标位置:(0.0, 0.0, 0.1)-[A6]-[MCU:False]-[POS:False]
1775394539.2634015 [navNode-2] 当前位置:(-0.0014008735306560993, -0.000808979501016438, -0.0011447585420683026)
1775394539.3619480 [navNode-2] [INFO] [1775394539.361577282] [navNode]: 状态4：WaitAim--[A6]
1775394539.3624029 [navNode-2] [INFO] [1775394539.362132542] [navNode]: 未到目标点
1775394539.3624902 [navNode-2] 目标位置:(0.0, 0.0, 0.1)-[A6]-[MCU:False]-[POS:False]
1775394539.3625445 [navNode-2] 当前位置:(-0.0015872722724452615, -0.0008115546661429107, -0.0009775379439815879)
1775394539.4618273 [navNode-2] [INFO] [1775394539.461468745] [navNode]: 状态4：WaitAim--[A6]
1775394539.4622769 [navNode-2] [INFO] [1775394539.461957893] [navNode]: 未到目标点
1775394539.4624512 [navNode-2] 目标位置:(0.0, 0.0, 0.1)-[A6]-[MCU:False]-[POS:False]
1775394539.4625371 [navNode-2] 当前位置:(-0.0012376965023577213, -0.0009911583038046956, -0.0017621557926759124)
1775394539.5611191 [navNode-2] [INFO] [1775394539.560764524] [navNode]: 状态4：WaitAim--[A6]
1775394539.5615888 [navNode-2] [INFO] [1775394539.561288967] [navNode]: 未到目标点
1775394539.5618815 [navNode-2] 目标位置:(0.0, 0.0, 0.1)-[A6]-[MCU:False]-[POS:False]
1775394539.5619469 [navNode-2] 当前位置:(-0.0012376965023577213, -0.0009911583038046956, -0.0017621557926759124)
1775394539.6611772 [navNode-2] [INFO] [1775394539.660807624] [navNode]: 状态4：WaitAim--[A6]
1775394539.6616592 [navNode-2] [INFO] [1775394539.661337041] [navNode]: 未到目标点
1775394539.6617768 [navNode-2] 目标位置:(0.0, 0.0, 0.1)-[A6]-[MCU:False]-[POS:False]
1775394539.6618719 [navNode-2] 当前位置:(-0.0012376965023577213, -0.0009911583038046956, -0.0017621557926759124)
1775394539.7613931 [navNode-2] [INFO] [1775394539.761023265] [navNode]: 状态4：WaitAim--[A6]
1775394539.7618616 [navNode-2] [INFO] [1775394539.761588060] [navNode]: 未到目标点
1775394539.7619748 [navNode-2] 目标位置:(0.0, 0.0, 0.1)-[A6]-[MCU:False]-[POS:False]
1775394539.7620468 [navNode-2] 当前位置:(-0.0012376965023577213, -0.0009911583038046956, -0.0017621557926759124)
1775394539.8608170 [navNode-2] [INFO] [1775394539.860503882] [navNode]: 状态4：WaitAim--[A6]
1775394539.8612034 [navNode-2] [INFO] [1775394539.860887085] [navNode]: 未到目标点
1775394539.8613005 [navNode-2] 目标位置:(0.0, 0.0, 0.1)-[A6]-[MCU:False]-[POS:False]
1775394539.8613479 [navNode-2] 当前位置:(-0.0012376965023577213, -0.0009911583038046956, -0.0017621557926759124)
1775394539.9612179 [navNode-2] [INFO] [1775394539.960824995] [navNode]: 状态4：WaitAim--[A6]
1775394539.9617040 [navNode-2] [INFO] [1775394539.961318635] [navNode]: 未到目标点
1775394539.9618285 [navNode-2] 目标位置:(0.0, 0.0, 0.1)-[A6]-[MCU:False]-[POS:False]
1775394539.9619031 [navNode-2] 当前位置:(-0.0012376965023577213, -0.0009911583038046956, -0.0017621557926759124)
1775394540.0607376 [navNode-2] [INFO] [1775394540.060347858] [navNode]: 状态4：WaitAim--[A6]
1775394540.0619452 [navNode-2] [INFO] [1775394540.061652144] [navNode]: 未到目标点
1775394540.0620799 [navNode-2] 目标位置:(0.0, 0.0, 0.1)-[A6]-[MCU:False]-[POS:False]
1775394540.0621419 [navNode-2] 当前位置:(-0.0012376965023577213, -0.0009911583038046956, -0.0017621557926759124)
1775394540.1611221 [navNode-2] [INFO] [1775394540.160778651] [navNode]: 状态4：WaitAim--[A6]
1775394540.1615343 [navNode-2] [INFO] [1775394540.161220548] [navNode]: 未到目标点
1775394540.1616483 [navNode-2] 目标位置:(0.0, 0.0, 0.1)-[A6]-[MCU:False]-[POS:False]
1775394540.1616926 [navNode-2] 当前位置:(-0.0012376965023577213, -0.0009911583038046956, -0.0017621557926759124)
1775394540.2632709 [navNode-2] [INFO] [1775394540.262737607] [navNode]: 状态4：WaitAim--[A6]
1775394540.2639260 [navNode-2] [INFO] [1775394540.263660342] [navNode]: 未到目标点
1775394540.2640135 [navNode-2] 目标位置:(0.0, 0.0, 0.1)-[A6]-[MCU:False]-[POS:False]
1775394540.2640727 [navNode-2] 当前位置:(-0.0012376965023577213, -0.0009911583038046956, -0.0017621557926759124)
1775394540.3608444 [navNode-2] [INFO] [1775394540.360487854] [navNode]: 状态4：WaitAim--[A6]
1775394540.3612056 [navNode-2] [INFO] [1775394540.360909472] [navNode]: 未到目标点
1775394540.3612826 [navNode-2] 目标位置:(0.0, 0.0, 0.1)-[A6]-[MCU:False]-[POS:False]
1775394540.3613274 [navNode-2] 当前位置:(-0.0012376965023577213, -0.0009911583038046956, -0.0017621557926759124)
1775394540.4612632 [navNode-2] [INFO] [1775394540.460660430] [navNode]: 状态4：WaitAim--[A6]
1775394540.4619775 [navNode-2] [INFO] [1775394540.461177976] [navNode]: 未到目标点
1775394540.4622111 [navNode-2] 目标位置:(0.0, 0.0, 0.1)-[A6]-[MCU:False]-[POS:False]
1775394540.4623480 [navNode-2] 当前位置:(-0.0012376965023577213, -0.0009911583038046956, -0.0017621557926759124)
1775394540.5607915 [navNode-2] [INFO] [1775394540.560437687] [navNode]: 状态4：WaitAim--[A6]
1775394540.5611632 [navNode-2] [INFO] [1775394540.560851257] [navNode]: 未到目标点
1775394540.5612407 [navNode-2] 目标位置:(0.0, 0.0, 0.1)-[A6]-[MCU:False]-[POS:False]
1775394540.5612981 [navNode-2] 当前位置:(-0.0012376965023577213, -0.0009911583038046956, -0.0017621557926759124)
1775394540.6609781 [navNode-2] [INFO] [1775394540.660629825] [navNode]: 状态4：WaitAim--[A6]
1775394540.6614218 [navNode-2] [INFO] [1775394540.661087917] [navNode]: 未到目标点
1775394540.6615193 [navNode-2] 目标位置:(0.0, 0.0, 0.1)-[A6]-[MCU:False]-[POS:False]
1775394540.6615877 [navNode-2] 当前位置:(-0.0012376965023577213, -0.0009911583038046956, -0.0017621557926759124)
1775394540.7614923 [navNode-2] [INFO] [1775394540.761148136] [navNode]: 状态4：WaitAim--[A6]
1775394540.7619250 [navNode-2] [INFO] [1775394540.761590961] [navNode]: 未到目标点
1775394540.7620432 [navNode-2] 目标位置:(0.0, 0.0, 0.1)-[A6]-[MCU:False]-[POS:False]
1775394540.7621083 [navNode-2] 当前位置:(-0.0012376965023577213, -0.0009911583038046956, -0.0017621557926759124)
1775394540.8617229 [navNode-2] [INFO] [1775394540.861302703] [navNode]: 状态4：WaitAim--[A6]
1775394540.8621514 [navNode-2] [INFO] [1775394540.861761678] [navNode]: 未到目标点
1775394540.8622684 [navNode-2] 目标位置:(0.0, 0.0, 0.1)-[A6]-[MCU:False]-[POS:False]
1775394540.8623240 [navNode-2] 当前位置:(-0.0012376965023577213, -0.0009911583038046956, -0.0017621557926759124)
1775394540.9610128 [navNode-2] [INFO] [1775394540.960638888] [navNode]: 状态4：WaitAim--[A6]
1775394540.9614887 [navNode-2] [INFO] [1775394540.961252201] [navNode]: 未到目标点
1775394540.9615791 [navNode-2] 目标位置:(0.0, 0.0, 0.1)-[A6]-[MCU:False]-[POS:False]
1775394540.9616420 [navNode-2] 当前位置:(-0.0012376965023577213, -0.0009911583038046956, -0.0017621557926759124)
1775394541.0609291 [navNode-2] [INFO] [1775394541.060647494] [navNode]: 状态4：WaitAim--[A6]
1775394541.0613036 [navNode-2] [INFO] [1775394541.061049381] [navNode]: 未到目标点
1775394541.0614018 [navNode-2] 目标位置:(0.0, 0.0, 0.1)-[A6]-[MCU:False]-[POS:False]
1775394541.0614588 [navNode-2] 当前位置:(-0.0012376965023577213, -0.0009911583038046956, -0.0017621557926759124)
1775394541.1607862 [navNode-2] [INFO] [1775394541.160371707] [navNode]: 状态4：WaitAim--[A6]
1775394541.1611950 [navNode-2] [INFO] [1775394541.160848853] [navNode]: 未到目标点
1775394541.1612964 [navNode-2] 目标位置:(0.0, 0.0, 0.1)-[A6]-[MCU:False]-[POS:False]
1775394541.1613646 [navNode-2] 当前位置:(-0.0012376965023577213, -0.0009911583038046956, -0.0017621557926759124)
1775394541.2609413 [navNode-2] [INFO] [1775394541.260530034] [navNode]: 状态4：WaitAim--[A6]
1775394541.2613306 [navNode-2] [INFO] [1775394541.260940600] [navNode]: 未到目标点
1775394541.2614186 [navNode-2] 目标位置:(0.0, 0.0, 0.1)-[A6]-[MCU:False]-[POS:False]
1775394541.2614615 [navNode-2] 当前位置:(-0.0012376965023577213, -0.0009911583038046956, -0.0017621557926759124)
1775394541.3627741 [navNode-2] [INFO] [1775394541.362014563] [navNode]: 状态4：WaitAim--[A6]
1775394541.3642194 [navNode-2] [INFO] [1775394541.363858375] [navNode]: 未到目标点
1775394541.3644571 [navNode-2] 目标位置:(0.0, 0.0, 0.1)-[A6]-[MCU:False]-[POS:False]
1775394541.3645566 [navNode-2] 当前位置:(-0.0012376965023577213, -0.0009911583038046956, -0.0017621557926759124)
1775394541.4611452 [navNode-2] [INFO] [1775394541.460783771] [navNode]: 状态4：WaitAim--[A6]
1775394541.4614968 [navNode-2] [INFO] [1775394541.461201196] [navNode]: 未到目标点
1775394541.4615886 [navNode-2] 目标位置:(0.0, 0.0, 0.1)-[A6]-[MCU:False]-[POS:False]
1775394541.4616258 [navNode-2] 当前位置:(-0.0012376965023577213, -0.0009911583038046956, -0.0017621557926759124)
1775394541.5608015 [navNode-2] [INFO] [1775394541.560490778] [navNode]: 状态4：WaitAim--[A6]
1775394541.5611682 [navNode-2] [INFO] [1775394541.560951897] [navNode]: 未到目标点
1775394541.5612614 [navNode-2] 目标位置:(0.0, 0.0, 0.1)-[A6]-[MCU:False]-[POS:False]
1775394541.5613055 [navNode-2] 当前位置:(-0.0012376965023577213, -0.0009911583038046956, -0.0017621557926759124)
1775394541.6610157 [navNode-2] [INFO] [1775394541.660602791] [navNode]: 状态4：WaitAim--[A6]
1775394541.6614175 [navNode-2] [INFO] [1775394541.661024740] [navNode]: 未到目标点
1775394541.6614661 [navNode-2] 目标位置:(0.0, 0.0, 0.1)-[A6]-[MCU:False]-[POS:False]
1775394541.6615000 [navNode-2] 当前位置:(-0.0012376965023577213, -0.0009911583038046956, -0.0017621557926759124)
1775394541.7607765 [navNode-2] [INFO] [1775394541.760324415] [navNode]: 状态4：WaitAim--[A6]
1775394541.7611754 [navNode-2] [INFO] [1775394541.760940826] [navNode]: 未到目标点
1775394541.7612531 [navNode-2] 目标位置:(0.0, 0.0, 0.1)-[A6]-[MCU:False]-[POS:False]
1775394541.7613046 [navNode-2] 当前位置:(-0.0012376965023577213, -0.0009911583038046956, -0.0017621557926759124)
1775394541.8631346 [navNode-2] [INFO] [1775394541.862490090] [navNode]: 状态4：WaitAim--[A6]
1775394541.8639522 [navNode-2] [INFO] [1775394541.863574012] [navNode]: 未到目标点
1775394541.8641033 [navNode-2] 目标位置:(0.0, 0.0, 0.1)-[A6]-[MCU:False]-[POS:False]
1775394541.8641984 [navNode-2] 当前位置:(-0.0012376965023577213, -0.0009911583038046956, -0.0017621557926759124)
1775394541.9620037 [navNode-2] [INFO] [1775394541.961377907] [navNode]: 状态4：WaitAim--[A6]
1775394541.9636228 [navNode-2] [INFO] [1775394541.963101390] [navNode]: 未到目标点
1775394541.9639173 [navNode-2] 目标位置:(0.0, 0.0, 0.1)-[A6]-[MCU:False]-[POS:False]
1775394541.9640312 [navNode-2] 当前位置:(-0.0012376965023577213, -0.0009911583038046956, -0.0017621557926759124)
1775394542.0618603 [navNode-2] [INFO] [1775394542.061506874] [navNode]: 状态4：WaitAim--[A6]
1775394542.0622036 [navNode-2] [INFO] [1775394542.062073477] [navNode]: 未到目标点
1775394542.0622630 [navNode-2] 目标位置:(0.0, 0.0, 0.1)-[A6]-[MCU:False]-[POS:False]
1775394542.0622976 [navNode-2] 当前位置:(-0.0012376965023577213, -0.0009911583038046956, -0.0017621557926759124)
1775394542.1619136 [navNode-2] [INFO] [1775394542.161328970] [navNode]: 状态4：WaitAim--[A6]
1775394542.1625519 [navNode-2] [INFO] [1775394542.162176135] [navNode]: 未到目标点
1775394542.1627076 [navNode-2] 目标位置:(0.0, 0.0, 0.1)-[A6]-[MCU:False]-[POS:False]
1775394542.1627741 [navNode-2] 当前位置:(-0.0012376965023577213, -0.0009911583038046956, -0.0017621557926759124)
1775394542.2612135 [navNode-2] [INFO] [1775394542.260816982] [navNode]: 状态4：WaitAim--[A6]
1775394542.2616434 [navNode-2] [INFO] [1775394542.261328785] [navNode]: 未到目标点
1775394542.2617252 [navNode-2] 目标位置:(0.0, 0.0, 0.1)-[A6]-[MCU:False]-[POS:False]
1775394542.2617695 [navNode-2] 当前位置:(-0.0012376965023577213, -0.0009911583038046956, -0.0017621557926759124)
1775394542.3619807 [navNode-2] [INFO] [1775394542.361581059] [navNode]: 状态4：WaitAim--[A6]
1775394542.3622999 [navNode-2] [INFO] [1775394542.362041058] [navNode]: 未到目标点
1775394542.3623562 [navNode-2] 目标位置:(0.0, 0.0, 0.1)-[A6]-[MCU:False]-[POS:False]
1775394542.3623939 [navNode-2] 当前位置:(-0.0012376965023577213, -0.0009911583038046956, -0.0017621557926759124)
1775394542.4615042 [navNode-2] [INFO] [1775394542.461127883] [navNode]: 状态4：WaitAim--[A6]
1775394542.4619553 [navNode-2] [INFO] [1775394542.461590267] [navNode]: 未到目标点
1775394542.4620709 [navNode-2] 目标位置:(0.0, 0.0, 0.1)-[A6]-[MCU:False]-[POS:False]
1775394542.4621422 [navNode-2] 当前位置:(-0.0012376965023577213, -0.0009911583038046956, -0.0017621557926759124)
1775394542.5613453 [navNode-2] [INFO] [1775394542.561015879] [navNode]: 状态4：WaitAim--[A6]
1775394542.5617468 [navNode-2] [INFO] [1775394542.561543033] [navNode]: 未到目标点
1775394542.5618405 [navNode-2] 目标位置:(0.0, 0.0, 0.1)-[A6]-[MCU:False]-[POS:False]
1775394542.5618944 [navNode-2] 当前位置:(-0.0012376965023577213, -0.0009911583038046956, -0.0017621557926759124)
1775394542.6610527 [navNode-2] [INFO] [1775394542.660725762] [navNode]: 状态4：WaitAim--[A6]
1775394542.6614239 [navNode-2] [INFO] [1775394542.661154808] [navNode]: 未到目标点
1775394542.6615107 [navNode-2] 目标位置:(0.0, 0.0, 0.1)-[A6]-[MCU:False]-[POS:False]
1775394542.6615753 [navNode-2] 当前位置:(-0.0012376965023577213, -0.0009911583038046956, -0.0017621557926759124)
1775394542.7612574 [navNode-2] [INFO] [1775394542.760893369] [navNode]: 状态4：WaitAim--[A6]
1775394542.7617540 [navNode-2] [INFO] [1775394542.761385471] [navNode]: 未到目标点
1775394542.7618845 [navNode-2] 目标位置:(0.0, 0.0, 0.1)-[A6]-[MCU:False]-[POS:False]
1775394542.7619390 [navNode-2] 当前位置:(-0.0012376965023577213, -0.0009911583038046956, -0.0017621557926759124)
1775394542.8609805 [navNode-2] [INFO] [1775394542.860650156] [navNode]: 状态4：WaitAim--[A6]
1775394542.8614247 [navNode-2] [INFO] [1775394542.861085492] [navNode]: 未到目标点
1775394542.8615265 [navNode-2] 目标位置:(0.0, 0.0, 0.1)-[A6]-[MCU:False]-[POS:False]
1775394542.8615983 [navNode-2] 当前位置:(-0.0012376965023577213, -0.0009911583038046956, -0.0017621557926759124)
1775394542.9610772 [navNode-2] [INFO] [1775394542.960719267] [navNode]: 状态4：WaitAim--[A6]
1775394542.9615114 [navNode-2] [INFO] [1775394542.961189233] [navNode]: 未到目标点
1775394542.9616141 [navNode-2] 目标位置:(0.0, 0.0, 0.1)-[A6]-[MCU:False]-[POS:False]
1775394542.9616799 [navNode-2] 当前位置:(-0.0012376965023577213, -0.0009911583038046956, -0.0017621557926759124)
1775394543.0635571 [navNode-2] [INFO] [1775394543.062933343] [navNode]: 状态4：WaitAim--[A6]
1775394543.0642045 [navNode-2] [INFO] [1775394543.063733831] [navNode]: 未到目标点
1775394543.0643709 [navNode-2] 目标位置:(0.0, 0.0, 0.1)-[A6]-[MCU:False]-[POS:False]
1775394543.0645013 [navNode-2] 当前位置:(-0.0012376965023577213, -0.0009911583038046956, -0.0017621557926759124)
1775394543.1613128 [navNode-2] [INFO] [1775394543.160994107] [navNode]: 状态4：WaitAim--[A6]
1775394543.1616850 [navNode-2] [INFO] [1775394543.161409578] [navNode]: 未到目标点
1775394543.1617758 [navNode-2] 目标位置:(0.0, 0.0, 0.1)-[A6]-[MCU:False]-[POS:False]
1775394543.1618288 [navNode-2] 当前位置:(-0.0012376965023577213, -0.0009911583038046956, -0.0017621557926759124)
1775394543.2616537 [navNode-2] [INFO] [1775394543.261301119] [navNode]: 状态4：WaitAim--[A6]
1775394543.2620873 [navNode-2] [INFO] [1775394543.261812462] [navNode]: 未到目标点
1775394543.2621820 [navNode-2] 目标位置:(0.0, 0.0, 0.1)-[A6]-[MCU:False]-[POS:False]
1775394543.2622302 [navNode-2] 当前位置:(-0.0012376965023577213, -0.0009911583038046956, -0.0017621557926759124)
1775394543.3613901 [navNode-2] [INFO] [1775394543.361066576] [navNode]: 状态4：WaitAim--[A6]
1775394543.3617940 [navNode-2] [INFO] [1775394543.361546186] [navNode]: 未到目标点
1775394543.3619099 [navNode-2] 目标位置:(0.0, 0.0, 0.1)-[A6]-[MCU:False]-[POS:False]
1775394543.3619728 [navNode-2] 当前位置:(-0.0012376965023577213, -0.0009911583038046956, -0.0017621557926759124)
1775394543.4613237 [navNode-2] [INFO] [1775394543.460985734] [navNode]: 状态4：WaitAim--[A6]
1775394543.4618974 [navNode-2] [INFO] [1775394543.461527892] [navNode]: 未到目标点
1775394543.4620414 [navNode-2] 目标位置:(0.0, 0.0, 0.1)-[A6]-[MCU:False]-[POS:False]
1775394543.4620929 [navNode-2] 当前位置:(-0.0012376965023577213, -0.0009911583038046956, -0.0017621557926759124)
1775394543.5613854 [navNode-2] [INFO] [1775394543.561060066] [navNode]: 状态4：WaitAim--[A6]
1775394543.5618126 [navNode-2] [INFO] [1775394543.561504574] [navNode]: 未到目标点
1775394543.5619111 [navNode-2] 目标位置:(0.0, 0.0, 0.1)-[A6]-[MCU:False]-[POS:False]
1775394543.5620222 [navNode-2] 当前位置:(-0.0012376965023577213, -0.0009911583038046956, -0.0017621557926759124)
1775394543.6613076 [navNode-2] [INFO] [1775394543.660893079] [navNode]: 状态4：WaitAim--[A6]
1775394543.6616776 [navNode-2] [INFO] [1775394543.661424648] [navNode]: 未到目标点
1775394543.6617639 [navNode-2] 目标位置:(0.0, 0.0, 0.1)-[A6]-[MCU:False]-[POS:False]
1775394543.6618094 [navNode-2] 当前位置:(-0.0012376965023577213, -0.0009911583038046956, -0.0017621557926759124)
1775394543.7609165 [navNode-2] [INFO] [1775394543.760582998] [navNode]: 状态4：WaitAim--[A6]
1775394543.7612693 [navNode-2] [INFO] [1775394543.761082670] [navNode]: 未到目标点
1775394543.7613325 [navNode-2] 目标位置:(0.0, 0.0, 0.1)-[A6]-[MCU:False]-[POS:False]
1775394543.7613792 [navNode-2] 当前位置:(-0.0012376965023577213, -0.0009911583038046956, -0.0017621557926759124)
1775394543.8612823 [navNode-2] [INFO] [1775394543.860882714] [navNode]: 状态4：WaitAim--[A6]
1775394543.8616512 [navNode-2] [INFO] [1775394543.861296338] [navNode]: 未到目标点
1775394543.8617306 [navNode-2] 目标位置:(0.0, 0.0, 0.1)-[A6]-[MCU:False]-[POS:False]
1775394543.8617878 [navNode-2] 当前位置:(-0.0012376965023577213, -0.0009911583038046956, -0.0017621557926759124)
1775394543.9613171 [navNode-2] [INFO] [1775394543.960995284] [navNode]: 状态4：WaitAim--[A6]
1775394543.9617290 [navNode-2] [INFO] [1775394543.961428386] [navNode]: 未到目标点
1775394543.9618320 [navNode-2] 目标位置:(0.0, 0.0, 0.1)-[A6]-[MCU:False]-[POS:False]
1775394543.9618747 [navNode-2] 当前位置:(-0.0012376965023577213, -0.0009911583038046956, -0.0017621557926759124)
1775394544.0611684 [navNode-2] [INFO] [1775394544.060835324] [navNode]: 状态4：WaitAim--[A6]
1775394544.0615239 [navNode-2] [INFO] [1775394544.061226265] [navNode]: 未到目标点
1775394544.0616343 [navNode-2] 目标位置:(0.0, 0.0, 0.1)-[A6]-[MCU:False]-[POS:False]
1775394544.0616856 [navNode-2] 当前位置:(-0.0012376965023577213, -0.0009911583038046956, -0.0017621557926759124)
1775394544.1610003 [navNode-2] [INFO] [1775394544.160644631] [navNode]: 状态4：WaitAim--[A6]
1775394544.1613040 [navNode-2] [INFO] [1775394544.161068661] [navNode]: 未到目标点
1775394544.1613643 [navNode-2] 目标位置:(0.0, 0.0, 0.1)-[A6]-[MCU:False]-[POS:False]
1775394544.1613960 [navNode-2] 当前位置:(-0.0012376965023577213, -0.0009911583038046956, -0.0017621557926759124)
1775394544.2634046 [navNode-2] [INFO] [1775394544.262812051] [navNode]: 状态4：WaitAim--[A6]
1775394544.2643137 [navNode-2] [INFO] [1775394544.263867327] [navNode]: 未到目标点
1775394544.2645729 [navNode-2] 目标位置:(0.0, 0.0, 0.1)-[A6]-[MCU:False]-[POS:False]
1775394544.2646532 [navNode-2] 当前位置:(-0.0012376965023577213, -0.0009911583038046956, -0.0017621557926759124)
1775394544.3612506 [navNode-2] [INFO] [1775394544.360973092] [navNode]: 状态4：WaitAim--[A6]
1775394544.3615775 [navNode-2] [INFO] [1775394544.361341986] [navNode]: 未到目标点
1775394544.3616550 [navNode-2] 目标位置:(0.0, 0.0, 0.1)-[A6]-[MCU:False]-[POS:False]
1775394544.3617113 [navNode-2] 当前位置:(-0.0012376965023577213, -0.0009911583038046956, -0.0017621557926759124)
1775394544.4610105 [navNode-2] [INFO] [1775394544.460696873] [navNode]: 状态4：WaitAim--[A6]
1775394544.4613459 [navNode-2] [INFO] [1775394544.461105701] [navNode]: 未到目标点
1775394544.4614453 [navNode-2] 目标位置:(0.0, 0.0, 0.1)-[A6]-[MCU:False]-[POS:False]
1775394544.4614844 [navNode-2] 当前位置:(-0.0012376965023577213, -0.0009911583038046956, -0.0017621557926759124)
1775394544.5610075 [navNode-2] [INFO] [1775394544.560628496] [navNode]: 状态4：WaitAim--[A6]
1775394544.5614190 [navNode-2] [INFO] [1775394544.561060442] [navNode]: 未到目标点
1775394544.5617967 [navNode-2] 目标位置:(0.0, 0.0, 0.1)-[A6]-[MCU:False]-[POS:False]
1775394544.5619025 [navNode-2] 当前位置:(-0.0012376965023577213, -0.0009911583038046956, -0.0017621557926759124)
1775394544.6609662 [navNode-2] [INFO] [1775394544.660634777] [navNode]: 状态4：WaitAim--[A6]
1775394544.6612902 [navNode-2] [INFO] [1775394544.661048597] [navNode]: 未到目标点
1775394544.6613684 [navNode-2] 目标位置:(0.0, 0.0, 0.1)-[A6]-[MCU:False]-[POS:False]
1775394544.6614118 [navNode-2] 当前位置:(-0.0012376965023577213, -0.0009911583038046956, -0.0017621557926759124)
1775394544.7609317 [navNode-2] [INFO] [1775394544.760571141] [navNode]: 状态4：WaitAim--[A6]
1775394544.7612820 [navNode-2] [INFO] [1775394544.760963309] [navNode]: 未到目标点
1775394544.7613595 [navNode-2] 目标位置:(0.0, 0.0, 0.1)-[A6]-[MCU:False]-[POS:False]
1775394544.7614300 [navNode-2] 当前位置:(-0.0012376965023577213, -0.0009911583038046956, -0.0017621557926759124)
1775394544.8609145 [navNode-2] [INFO] [1775394544.860641491] [navNode]: 状态4：WaitAim--[A6]
1775394544.8612521 [navNode-2] [INFO] [1775394544.861030447] [navNode]: 未到目标点
1775394544.8613079 [navNode-2] 目标位置:(0.0, 0.0, 0.1)-[A6]-[MCU:False]-[POS:False]
1775394544.8613420 [navNode-2] 当前位置:(-0.0012376965023577213, -0.0009911583038046956, -0.0017621557926759124)
1775394544.9629295 [navNode-2] [INFO] [1775394544.962451298] [navNode]: 状态4：WaitAim--[A6]
1775394544.9632549 [navNode-2] [INFO] [1775394544.963000556] [navNode]: 未到目标点
1775394544.9633241 [navNode-2] 目标位置:(0.0, 0.0, 0.1)-[A6]-[MCU:False]-[POS:False]
1775394544.9633636 [navNode-2] 当前位置:(-0.0012376965023577213, -0.0009911583038046956, -0.0017621557926759124)
1775394545.0611041 [navNode-2] [INFO] [1775394545.060820420] [navNode]: 状态4：WaitAim--[A6]
1775394545.0614533 [navNode-2] [INFO] [1775394545.061221536] [navNode]: 未到目标点
1775394545.0615363 [navNode-2] 目标位置:(0.0, 0.0, 0.1)-[A6]-[MCU:False]-[POS:False]
1775394545.0615959 [navNode-2] 当前位置:(-0.0012376965023577213, -0.0009911583038046956, -0.0017621557926759124)
1775394545.1635621 [navNode-2] [INFO] [1775394545.162760266] [navNode]: 状态4：WaitAim--[A6]
1775394545.1643126 [navNode-2] [INFO] [1775394545.163935197] [navNode]: 未到目标点
1775394545.1644716 [navNode-2] 目标位置:(0.0, 0.0, 0.1)-[A6]-[MCU:False]-[POS:False]
1775394545.1645548 [navNode-2] 当前位置:(-0.0012376965023577213, -0.0009911583038046956, -0.0017621557926759124)
1775394545.2630019 [navNode-2] [INFO] [1775394545.262489495] [navNode]: 状态4：WaitAim--[A6]
1775394545.2636399 [navNode-2] [INFO] [1775394545.263110995] [navNode]: 未到目标点
1775394545.2638319 [navNode-2] 目标位置:(0.0, 0.0, 0.1)-[A6]-[MCU:False]-[POS:False]
1775394545.2638893 [navNode-2] 当前位置:(-0.0012376965023577213, -0.0009911583038046956, -0.0017621557926759124)
1775394545.3610051 [navNode-2] [INFO] [1775394545.360699371] [navNode]: 状态4：WaitAim--[A6]
1775394545.3613470 [navNode-2] [INFO] [1775394545.361074789] [navNode]: 未到目标点
1775394545.3614426 [navNode-2] 目标位置:(0.0, 0.0, 0.1)-[A6]-[MCU:False]-[POS:False]
1775394545.3615003 [navNode-2] 当前位置:(-0.0012376965023577213, -0.0009911583038046956, -0.0017621557926759124)
1775394545.4608548 [navNode-2] [INFO] [1775394545.460450430] [navNode]: 状态4：WaitAim--[A6]
1775394545.4612658 [navNode-2] [INFO] [1775394545.460865206] [navNode]: 未到目标点
1775394545.4613574 [navNode-2] 目标位置:(0.0, 0.0, 0.1)-[A6]-[MCU:False]-[POS:False]
1775394545.4614007 [navNode-2] 当前位置:(-0.0012376965023577213, -0.0009911583038046956, -0.0017621557926759124)
1775394545.5612504 [navNode-2] [INFO] [1775394545.560975820] [navNode]: 状态4：WaitAim--[A6]
1775394545.5616112 [navNode-2] [INFO] [1775394545.561486863] [navNode]: 未到目标点
1775394545.5616937 [navNode-2] 目标位置:(0.0, 0.0, 0.1)-[A6]-[MCU:False]-[POS:False]
1775394545.5617552 [navNode-2] 当前位置:(-0.0012376965023577213, -0.0009911583038046956, -0.0017621557926759124)
1775394545.6608155 [navNode-2] [INFO] [1775394545.660514057] [navNode]: 状态4：WaitAim--[A6]
1775394545.6611819 [navNode-2] [INFO] [1775394545.660872633] [navNode]: 未到目标点
1775394545.6612556 [navNode-2] 目标位置:(0.0, 0.0, 0.1)-[A6]-[MCU:False]-[POS:False]
1775394545.6612983 [navNode-2] 当前位置:(-0.0012376965023577213, -0.0009911583038046956, -0.0017621557926759124)
1775394545.7608633 [navNode-2] [INFO] [1775394545.760568685] [navNode]: 状态4：WaitAim--[A6]
1775394545.7612107 [navNode-2] [INFO] [1775394545.760984255] [navNode]: 未到目标点
1775394545.7613027 [navNode-2] 目标位置:(0.0, 0.0, 0.1)-[A6]-[MCU:False]-[POS:False]
1775394545.7613468 [navNode-2] 当前位置:(-0.0012376965023577213, -0.0009911583038046956, -0.0017621557926759124)
1775394545.8610046 [navNode-2] [INFO] [1775394545.860720513] [navNode]: 状态4：WaitAim--[A6]
1775394545.8613598 [navNode-2] [INFO] [1775394545.861091536] [navNode]: 未到目标点
1775394545.8614361 [navNode-2] 目标位置:(0.0, 0.0, 0.1)-[A6]-[MCU:False]-[POS:False]
1775394545.8614821 [navNode-2] 当前位置:(-0.0012376965023577213, -0.0009911583038046956, -0.0017621557926759124)
1775394545.9616396 [navNode-2] [INFO] [1775394545.961261241] [navNode]: 状态4：WaitAim--[A6]
1775394545.9619427 [navNode-2] [INFO] [1775394545.961622787] [navNode]: 未到目标点
1775394545.9620249 [navNode-2] 目标位置:(0.0, 0.0, 0.1)-[A6]-[MCU:False]-[POS:False]
1775394545.9621055 [navNode-2] 当前位置:(-0.0012376965023577213, -0.0009911583038046956, -0.0017621557926759124)
1775394546.0623367 [navNode-2] [INFO] [1775394546.061748775] [navNode]: 状态4：WaitAim--[A6]
1775394546.0630441 [navNode-2] [INFO] [1775394546.062511140] [navNode]: 未到目标点
1775394546.0632391 [navNode-2] 目标位置:(0.0, 0.0, 0.1)-[A6]-[MCU:False]-[POS:False]
1775394546.0633588 [navNode-2] 当前位置:(-0.0012376965023577213, -0.0009911583038046956, -0.0017621557926759124)
1775394546.1613469 [navNode-2] [INFO] [1775394546.161045578] [navNode]: 状态4：WaitAim--[A6]
1775394546.1618516 [navNode-2] [INFO] [1775394546.161503300] [navNode]: 未到目标点
1775394546.1620073 [navNode-2] 目标位置:(0.0, 0.0, 0.1)-[A6]-[MCU:False]-[POS:False]
1775394546.1620800 [navNode-2] 当前位置:(-0.0012376965023577213, -0.0009911583038046956, -0.0017621557926759124)
1775394546.2621622 [navNode-2] [INFO] [1775394546.261533097] [navNode]: 状态4：WaitAim--[A6]
1775394546.2626512 [navNode-2] [INFO] [1775394546.262050305] [navNode]: 未到目标点
1775394546.2628248 [navNode-2] 目标位置:(0.0, 0.0, 0.1)-[A6]-[MCU:False]-[POS:False]
1775394546.2628989 [navNode-2] 当前位置:(-0.0012376965023577213, -0.0009911583038046956, -0.0017621557926759124)
1775394546.3623292 [navNode-2] [INFO] [1775394546.361278763] [navNode]: 状态4：WaitAim--[A6]
1775394546.3626294 [navNode-2] [INFO] [1775394546.361846281] [navNode]: 未到目标点
1775394546.3628201 [navNode-2] 目标位置:(0.0, 0.0, 0.1)-[A6]-[MCU:False]-[POS:False]
1775394546.3629289 [navNode-2] 当前位置:(-0.0012376965023577213, -0.0009911583038046956, -0.0017621557926759124)
1775394546.4636018 [navNode-2] [INFO] [1775394546.462909840] [navNode]: 状态4：WaitAim--[A6]
1775394546.4643130 [navNode-2] [INFO] [1775394546.463985817] [navNode]: 未到目标点
1775394546.4644654 [navNode-2] 目标位置:(0.0, 0.0, 0.1)-[A6]-[MCU:False]-[POS:False]
1775394546.4645557 [navNode-2] 当前位置:(-0.0012376965023577213, -0.0009911583038046956, -0.0017621557926759124)
1775394546.5618217 [navNode-2] [INFO] [1775394546.561039551] [navNode]: 状态4：WaitAim--[A6]
1775394546.5620198 [navNode-2] [INFO] [1775394546.561480537] [navNode]: 未到目标点
1775394546.5620830 [navNode-2] 目标位置:(0.0, 0.0, 0.1)-[A6]-[MCU:False]-[POS:False]
1775394546.5621171 [navNode-2] 当前位置:(-0.0012376965023577213, -0.0009911583038046956, -0.0017621557926759124)
1775394546.6609511 [navNode-2] [INFO] [1775394546.660581716] [navNode]: 状态4：WaitAim--[A6]
1775394546.6613271 [navNode-2] [INFO] [1775394546.660961119] [navNode]: 未到目标点
1775394546.6614730 [navNode-2] 目标位置:(0.0, 0.0, 0.1)-[A6]-[MCU:False]-[POS:False]
1775394546.6615436 [navNode-2] 当前位置:(-0.0012376965023577213, -0.0009911583038046956, -0.0017621557926759124)
1775394546.7615817 [navNode-2] [INFO] [1775394546.760912088] [navNode]: 状态4：WaitAim--[A6]
1775394546.7617841 [navNode-2] [INFO] [1775394546.761246204] [navNode]: 未到目标点
1775394546.7618523 [navNode-2] 目标位置:(0.0, 0.0, 0.1)-[A6]-[MCU:False]-[POS:False]
1775394546.7618864 [navNode-2] 当前位置:(-0.0012376965023577213, -0.0009911583038046956, -0.0017621557926759124)
1775394546.8616428 [navNode-2] [INFO] [1775394546.861321754] [navNode]: 状态4：WaitAim--[A6]
1775394546.8619699 [navNode-2] [INFO] [1775394546.861679463] [navNode]: 未到目标点
1775394546.8620362 [navNode-2] 目标位置:(0.0, 0.0, 0.1)-[A6]-[MCU:False]-[POS:False]
1775394546.8621044 [navNode-2] 当前位置:(-0.0012376965023577213, -0.0009911583038046956, -0.0017621557926759124)
1775394546.9620984 [navNode-2] [INFO] [1775394546.961369193] [navNode]: 状态4：WaitAim--[A6]
1775394546.9623535 [navNode-2] [INFO] [1775394546.961744366] [navNode]: 未到目标点
1775394546.9624865 [navNode-2] 目标位置:(0.0, 0.0, 0.1)-[A6]-[MCU:False]-[POS:False]
1775394546.9626439 [navNode-2] 当前位置:(-0.0012376965023577213, -0.0009911583038046956, -0.0017621557926759124)
1775394547.0611215 [navNode-2] [INFO] [1775394547.060666501] [navNode]: 状态4：WaitAim--[A6]
1775394547.0616143 [navNode-2] [INFO] [1775394547.061074460] [navNode]: 未到目标点
1775394547.0617578 [navNode-2] 目标位置:(0.0, 0.0, 0.1)-[A6]-[MCU:False]-[POS:False]
1775394547.0618420 [navNode-2] 当前位置:(-0.0012376965023577213, -0.0009911583038046956, -0.0017621557926759124)
1775394547.1632318 [navNode-2] [INFO] [1775394547.162279699] [navNode]: 状态4：WaitAim--[A6]
1775394547.1638002 [navNode-2] [INFO] [1775394547.163135208] [navNode]: 未到目标点
1775394547.1639886 [navNode-2] 目标位置:(0.0, 0.0, 0.1)-[A6]-[MCU:False]-[POS:False]
1775394547.1640930 [navNode-2] 当前位置:(-0.0012376965023577213, -0.0009911583038046956, -0.0017621557926759124)
1775394547.2633884 [navNode-2] [INFO] [1775394547.262799019] [navNode]: 状态4：WaitAim--[A6]
1775394547.2641246 [navNode-2] [INFO] [1775394547.263873365] [navNode]: 未到目标点
1775394547.2642007 [navNode-2] 目标位置:(0.0, 0.0, 0.1)-[A6]-[MCU:False]-[POS:False]
1775394547.2642374 [navNode-2] 当前位置:(-0.0012376965023577213, -0.0009911583038046956, -0.0017621557926759124)
1775394547.3611488 [navNode-2] [INFO] [1775394547.360825711] [navNode]: 状态4：WaitAim--[A6]
1775394547.3615570 [navNode-2] [INFO] [1775394547.361291036] [navNode]: 未到目标点
1775394547.3616309 [navNode-2] 目标位置:(0.0, 0.0, 0.1)-[A6]-[MCU:False]-[POS:False]
1775394547.3617022 [navNode-2] 当前位置:(-0.0012376965023577213, -0.0009911583038046956, -0.0017621557926759124)
1775394547.4627466 [navNode-2] [INFO] [1775394547.462358396] [navNode]: 状态4：WaitAim--[A6]
1775394547.4631274 [navNode-2] [INFO] [1775394547.462829308] [navNode]: 未到目标点
1775394547.4632211 [navNode-2] 目标位置:(0.0, 0.0, 0.1)-[A6]-[MCU:False]-[POS:False]
1775394547.4632752 [navNode-2] 当前位置:(-0.0012376965023577213, -0.0009911583038046956, -0.0017621557926759124)
1775394547.5632145 [navNode-2] [INFO] [1775394547.562542991] [navNode]: 状态4：WaitAim--[A6]
1775394547.5640788 [navNode-2] [INFO] [1775394547.563509265] [navNode]: 未到目标点
1775394547.5643201 [navNode-2] 目标位置:(0.0, 0.0, 0.1)-[A6]-[MCU:False]-[POS:False]
1775394547.5644727 [navNode-2] 当前位置:(-0.0012376965023577213, -0.0009911583038046956, -0.0017621557926759124)
1775394547.6612351 [navNode-2] [INFO] [1775394547.660849788] [navNode]: 状态4：WaitAim--[A6]
1775394547.6617250 [navNode-2] [INFO] [1775394547.661263343] [navNode]: 未到目标点
1775394547.6618447 [navNode-2] 目标位置:(0.0, 0.0, 0.1)-[A6]-[MCU:False]-[POS:False]
1775394547.6619067 [navNode-2] 当前位置:(-0.0012376965023577213, -0.0009911583038046956, -0.0017621557926759124)
1775394547.7612324 [navNode-2] [INFO] [1775394547.760889166] [navNode]: 状态4：WaitAim--[A6]
1775394547.7616935 [navNode-2] [INFO] [1775394547.761383473] [navNode]: 未到目标点
1775394547.7618117 [navNode-2] 目标位置:(0.0, 0.0, 0.1)-[A6]-[MCU:False]-[POS:False]
1775394547.7618649 [navNode-2] 当前位置:(-0.0012376965023577213, -0.0009911583038046956, -0.0017621557926759124)
1775394547.8610530 [navNode-2] [INFO] [1775394547.860745732] [navNode]: 状态4：WaitAim--[A6]
1775394547.8614388 [navNode-2] [INFO] [1775394547.861152545] [navNode]: 未到目标点
1775394547.8615522 [navNode-2] 目标位置:(0.0, 0.0, 0.1)-[A6]-[MCU:False]-[POS:False]
1775394547.8616178 [navNode-2] 当前位置:(-0.0012376965023577213, -0.0009911583038046956, -0.0017621557926759124)
1775394547.9611139 [navNode-2] [INFO] [1775394547.960628588] [navNode]: 状态4：WaitAim--[A6]
1775394547.9616244 [navNode-2] [INFO] [1775394547.961471838] [navNode]: 未到目标点
1775394547.9617283 [navNode-2] 目标位置:(0.0, 0.0, 0.1)-[A6]-[MCU:False]-[POS:False]
1775394547.9617789 [navNode-2] 当前位置:(-0.0012376965023577213, -0.0009911583038046956, -0.0017621557926759124)
1775394548.0609820 [navNode-2] [INFO] [1775394548.060613267] [navNode]: 状态4：WaitAim--[A6]
1775394548.0614002 [navNode-2] [INFO] [1775394548.061004234] [navNode]: 未到目标点
1775394548.0614948 [navNode-2] 目标位置:(0.0, 0.0, 0.1)-[A6]-[MCU:False]-[POS:False]
1775394548.0615568 [navNode-2] 当前位置:(-0.0012376965023577213, -0.0009911583038046956, -0.0017621557926759124)
1775394548.1611061 [navNode-2] [INFO] [1775394548.160752305] [navNode]: 状态4：WaitAim--[A6]
1775394548.1615047 [navNode-2] [INFO] [1775394548.161247726] [navNode]: 未到目标点
1775394548.1616247 [navNode-2] 目标位置:(0.0, 0.0, 0.1)-[A6]-[MCU:False]-[POS:False]
1775394548.1616845 [navNode-2] 当前位置:(-0.0012376965023577213, -0.0009911583038046956, -0.0017621557926759124)
1775394548.2614734 [navNode-2] [INFO] [1775394548.260970883] [navNode]: 状态4：WaitAim--[A6]
1775394548.2622504 [navNode-2] [INFO] [1775394548.261380931] [navNode]: 未到目标点
1775394548.2624798 [navNode-2] 目标位置:(0.0, 0.0, 0.1)-[A6]-[MCU:False]-[POS:False]
1775394548.2625465 [navNode-2] 当前位置:(-0.0012376965023577213, -0.0009911583038046956, -0.0017621557926759124)
1775394548.3609228 [navNode-2] [INFO] [1775394548.360609362] [navNode]: 状态4：WaitAim--[A6]
1775394548.3612440 [navNode-2] [INFO] [1775394548.360999713] [navNode]: 未到目标点
1775394548.3613305 [navNode-2] 目标位置:(0.0, 0.0, 0.1)-[A6]-[MCU:False]-[POS:False]
1775394548.3613744 [navNode-2] 当前位置:(-0.0012376965023577213, -0.0009911583038046956, -0.0017621557926759124)
1775394548.4612744 [navNode-2] [INFO] [1775394548.460944919] [navNode]: 状态4：WaitAim--[A6]
1775394548.4616764 [navNode-2] [INFO] [1775394548.461372244] [navNode]: 未到目标点
1775394548.4617605 [navNode-2] 目标位置:(0.0, 0.0, 0.1)-[A6]-[MCU:False]-[POS:False]
1775394548.4618094 [navNode-2] 当前位置:(-0.0012376965023577213, -0.0009911583038046956, -0.0017621557926759124)
1775394548.5612481 [navNode-2] [INFO] [1775394548.560895350] [navNode]: 状态4：WaitAim--[A6]
1775394548.5617459 [navNode-2] [INFO] [1775394548.561517655] [navNode]: 未到目标点
1775394548.5618787 [navNode-2] 目标位置:(0.0, 0.0, 0.1)-[A6]-[MCU:False]-[POS:False]
1775394548.5619850 [navNode-2] 当前位置:(-0.0012376965023577213, -0.0009911583038046956, -0.0017621557926759124)
1775394548.6618595 [navNode-2] [INFO] [1775394548.661460958] [navNode]: 状态4：WaitAim--[A6]
1775394548.6622026 [navNode-2] [INFO] [1775394548.661893466] [navNode]: 未到目标点
1775394548.6622887 [navNode-2] 目标位置:(0.0, 0.0, 0.1)-[A6]-[MCU:False]-[POS:False]
1775394548.6623476 [navNode-2] 当前位置:(-0.0012376965023577213, -0.0009911583038046956, -0.0017621557926759124)
1775394548.7610676 [navNode-2] [INFO] [1775394548.760752186] [navNode]: 状态4：WaitAim--[A6]
1775394548.7614608 [navNode-2] [INFO] [1775394548.761194897] [navNode]: 未到目标点
1775394548.7615252 [navNode-2] 目标位置:(0.0, 0.0, 0.1)-[A6]-[MCU:False]-[POS:False]
1775394548.7615592 [navNode-2] 当前位置:(-0.0012376965023577213, -0.0009911583038046956, -0.0017621557926759124)
1775394548.8611498 [navNode-2] [INFO] [1775394548.860828964] [navNode]: 状态4：WaitAim--[A6]
1775394548.8615546 [navNode-2] [INFO] [1775394548.861263916] [navNode]: 未到目标点
1775394548.8617103 [navNode-2] 目标位置:(0.0, 0.0, 0.1)-[A6]-[MCU:False]-[POS:False]
1775394548.8617616 [navNode-2] 当前位置:(-0.0012376965023577213, -0.0009911583038046956, -0.0017621557926759124)
1775394548.9611380 [navNode-2] [INFO] [1775394548.960657416] [navNode]: 状态4：WaitAim--[A6]
1775394548.9616158 [navNode-2] [INFO] [1775394548.961168672] [navNode]: 未到目标点
1775394548.9617274 [navNode-2] 目标位置:(0.0, 0.0, 0.1)-[A6]-[MCU:False]-[POS:False]
1775394548.9617760 [navNode-2] 当前位置:(-0.0012376965023577213, -0.0009911583038046956, -0.0017621557926759124)
1775394549.0619838 [navNode-2] [INFO] [1775394549.061493312] [navNode]: 状态4：WaitAim--[A6]
1775394549.0624568 [navNode-2] [INFO] [1775394549.062114272] [navNode]: 未到目标点
1775394549.0625887 [navNode-2] 目标位置:(0.0, 0.0, 0.1)-[A6]-[MCU:False]-[POS:False]
1775394549.0627129 [navNode-2] 当前位置:(-0.0012376965023577213, -0.0009911583038046956, -0.0017621557926759124)
1775394549.1608300 [navNode-2] [INFO] [1775394549.160515340] [navNode]: 状态4：WaitAim--[A6]
1775394549.1612487 [navNode-2] [INFO] [1775394549.160932573] [navNode]: 未到目标点
1775394549.1613460 [navNode-2] 目标位置:(0.0, 0.0, 0.1)-[A6]-[MCU:False]-[POS:False]
1775394549.1613925 [navNode-2] 当前位置:(-0.0012376965023577213, -0.0009911583038046956, -0.0017621557926759124)
1775394549.2611198 [navNode-2] [INFO] [1775394549.260770812] [navNode]: 状态4：WaitAim--[A6]
1775394549.2615530 [navNode-2] [INFO] [1775394549.261293740] [navNode]: 未到目标点
1775394549.2616324 [navNode-2] 目标位置:(0.0, 0.0, 0.1)-[A6]-[MCU:False]-[POS:False]
1775394549.2616825 [navNode-2] 当前位置:(-0.0012376965023577213, -0.0009911583038046956, -0.0017621557926759124)
1775394549.3611779 [navNode-2] [INFO] [1775394549.360788357] [navNode]: 状态4：WaitAim--[A6]
1775394549.3615623 [navNode-2] [INFO] [1775394549.361277295] [navNode]: 未到目标点
1775394549.3616261 [navNode-2] 目标位置:(0.0, 0.0, 0.1)-[A6]-[MCU:False]-[POS:False]
1775394549.3616638 [navNode-2] 当前位置:(-0.0012376965023577213, -0.0009911583038046956, -0.0017621557926759124)
1775394549.4610982 [navNode-2] [INFO] [1775394549.460709994] [navNode]: 状态4：WaitAim--[A6]
1775394549.4616213 [navNode-2] [INFO] [1775394549.461228936] [navNode]: 未到目标点
1775394549.4617672 [navNode-2] 目标位置:(0.0, 0.0, 0.1)-[A6]-[MCU:False]-[POS:False]
1775394549.4620154 [navNode-2] 当前位置:(-0.0012376965023577213, -0.0009911583038046956, -0.0017621557926759124)
1775394549.5611763 [navNode-2] [INFO] [1775394549.560787505] [navNode]: 状态4：WaitAim--[A6]
1775394549.5616376 [navNode-2] [INFO] [1775394549.561351532] [navNode]: 未到目标点
1775394549.5618708 [navNode-2] 目标位置:(0.0, 0.0, 0.1)-[A6]-[MCU:False]-[POS:False]
1775394549.5619726 [navNode-2] 当前位置:(-0.0012376965023577213, -0.0009911583038046956, -0.0017621557926759124)
1775394549.6610346 [navNode-2] [INFO] [1775394549.660720969] [navNode]: 状态4：WaitAim--[A6]
1775394549.6614232 [navNode-2] [INFO] [1775394549.661142512] [navNode]: 未到目标点
1775394549.6615176 [navNode-2] 目标位置:(0.0, 0.0, 0.1)-[A6]-[MCU:False]-[POS:False]
1775394549.6615644 [navNode-2] 当前位置:(-0.0012376965023577213, -0.0009911583038046956, -0.0017621557926759124)
1775394549.7618349 [navNode-2] [INFO] [1775394549.761505951] [navNode]: 状态4：WaitAim--[A6]
1775394549.7622514 [navNode-2] [INFO] [1775394549.761945164] [navNode]: 未到目标点
1775394549.7623558 [navNode-2] 目标位置:(0.0, 0.0, 0.1)-[A6]-[MCU:False]-[POS:False]
1775394549.7624259 [navNode-2] 当前位置:(-0.0012376965023577213, -0.0009911583038046956, -0.0017621557926759124)
1775394549.8610013 [navNode-2] [INFO] [1775394549.860672343] [navNode]: 状态4：WaitAim--[A6]
1775394549.8614395 [navNode-2] [INFO] [1775394549.861095969] [navNode]: 未到目标点
1775394549.8615470 [navNode-2] 目标位置:(0.0, 0.0, 0.1)-[A6]-[MCU:False]-[POS:False]
1775394549.8616102 [navNode-2] 当前位置:(-0.0012376965023577213, -0.0009911583038046956, -0.0017621557926759124)
1775394549.9609618 [navNode-2] [INFO] [1775394549.960620900] [navNode]: 状态4：WaitAim--[A6]
1775394549.9614217 [navNode-2] [INFO] [1775394549.961165245] [navNode]: 未到目标点
1775394549.9615695 [navNode-2] 目标位置:(0.0, 0.0, 0.1)-[A6]-[MCU:False]-[POS:False]
1775394549.9616301 [navNode-2] 当前位置:(-0.0012376965023577213, -0.0009911583038046956, -0.0017621557926759124)
1775394550.0612736 [navNode-2] [INFO] [1775394550.060860739] [navNode]: 状态4：WaitAim--[A6]
1775394550.0617225 [navNode-2] [INFO] [1775394550.061320071] [navNode]: 未到目标点
1775394550.0618627 [navNode-2] 目标位置:(0.0, 0.0, 0.1)-[A6]-[MCU:False]-[POS:False]
1775394550.0619366 [navNode-2] 当前位置:(-0.0012376965023577213, -0.0009911583038046956, -0.0017621557926759124)
1775394550.1612980 [navNode-2] [INFO] [1775394550.160714382] [navNode]: 状态4：WaitAim--[A6]
1775394550.1618266 [navNode-2] [INFO] [1775394550.161482785] [navNode]: 未到目标点
1775394550.1619494 [navNode-2] 目标位置:(0.0, 0.0, 0.1)-[A6]-[MCU:False]-[POS:False]
1775394550.1620109 [navNode-2] 当前位置:(-0.0012376965023577213, -0.0009911583038046956, -0.0017621557926759124)
1775394550.2609909 [navNode-2] [INFO] [1775394550.260649687] [navNode]: 状态4：WaitAim--[A6]
1775394550.2613280 [navNode-2] [INFO] [1775394550.261050212] [navNode]: 未到目标点
1775394550.2613852 [navNode-2] 目标位置:(0.0, 0.0, 0.1)-[A6]-[MCU:False]-[POS:False]
1775394550.2614219 [navNode-2] 当前位置:(-0.0012376965023577213, -0.0009911583038046956, -0.0017621557926759124)
1775394550.3612821 [navNode-2] [INFO] [1775394550.360904647] [navNode]: 状态4：WaitAim--[A6]
1775394550.3617666 [navNode-2] [INFO] [1775394550.361386892] [navNode]: 未到目标点
1775394550.3618948 [navNode-2] 目标位置:(0.0, 0.0, 0.1)-[A6]-[MCU:False]-[POS:False]
1775394550.3619609 [navNode-2] 当前位置:(-0.0012376965023577213, -0.0009911583038046956, -0.0017621557926759124)
1775394550.4610894 [navNode-2] [INFO] [1775394550.460724686] [navNode]: 状态4：WaitAim--[A6]
1775394550.4615319 [navNode-2] [INFO] [1775394550.461241562] [navNode]: 未到目标点
1775394550.4616580 [navNode-2] 目标位置:(0.0, 0.0, 0.1)-[A6]-[MCU:False]-[POS:False]
1775394550.4617436 [navNode-2] 当前位置:(-0.0012376965023577213, -0.0009911583038046956, -0.0017621557926759124)
1775394550.5612638 [navNode-2] [INFO] [1775394550.560701803] [navNode]: 状态4：WaitAim--[A6]
1775394550.5618174 [navNode-2] [INFO] [1775394550.561474845] [navNode]: 未到目标点
1775394550.5619414 [navNode-2] 目标位置:(0.0, 0.0, 0.1)-[A6]-[MCU:False]-[POS:False]
1775394550.5619988 [navNode-2] 当前位置:(-0.0012376965023577213, -0.0009911583038046956, -0.0017621557926759124)
1775394550.6608751 [navNode-2] [INFO] [1775394550.660525118] [navNode]: 状态4：WaitAim--[A6]
1775394550.6615996 [navNode-2] [INFO] [1775394550.661419480] [navNode]: 未到目标点
1775394550.6617649 [navNode-2] 目标位置:(0.0, 0.0, 0.1)-[A6]-[MCU:False]-[POS:False]
1775394550.6618223 [navNode-2] 当前位置:(-0.0012376965023577213, -0.0009911583038046956, -0.0017621557926759124)
1775394550.7610745 [navNode-2] [INFO] [1775394550.760728932] [navNode]: 状态4：WaitAim--[A6]
1775394550.7614231 [navNode-2] [INFO] [1775394550.761203518] [navNode]: 未到目标点
1775394550.7614887 [navNode-2] 目标位置:(0.0, 0.0, 0.1)-[A6]-[MCU:False]-[POS:False]
1775394550.7615304 [navNode-2] 当前位置:(-0.0012376965023577213, -0.0009911583038046956, -0.0017621557926759124)
1775394550.8618145 [navNode-2] [INFO] [1775394550.861324686] [navNode]: 状态4：WaitAim--[A6]
1775394550.8630393 [navNode-2] [INFO] [1775394550.862634735] [navNode]: 未到目标点
1775394550.8632503 [navNode-2] 目标位置:(0.0, 0.0, 0.1)-[A6]-[MCU:False]-[POS:False]
1775394550.8633347 [navNode-2] 当前位置:(-0.0012376965023577213, -0.0009911583038046956, -0.0017621557926759124)
1775394550.9609244 [navNode-2] [INFO] [1775394550.960548520] [navNode]: 状态4：WaitAim--[A6]
1775394550.9623828 [navNode-2] [INFO] [1775394550.962060765] [navNode]: 未到目标点
1775394550.9625537 [navNode-2] 目标位置:(0.0, 0.0, 0.1)-[A6]-[MCU:False]-[POS:False]
1775394550.9626310 [navNode-2] 当前位置:(-0.0012376965023577213, -0.0009911583038046956, -0.0017621557926759124)
1775394551.0608954 [navNode-2] [INFO] [1775394551.060547419] [navNode]: 状态4：WaitAim--[A6]
1775394551.0613272 [navNode-2] [INFO] [1775394551.061095936] [navNode]: 未到目标点
1775394551.0614126 [navNode-2] 目标位置:(0.0, 0.0, 0.1)-[A6]-[MCU:False]-[POS:False]
1775394551.0614598 [navNode-2] 当前位置:(-0.0012376965023577213, -0.0009911583038046956, -0.0017621557926759124)
1775394551.1621251 [navNode-2] [INFO] [1775394551.161633877] [navNode]: 状态4：WaitAim--[A6]
1775394551.1626387 [navNode-2] [INFO] [1775394551.162384930] [navNode]: 未到目标点
1775394551.1628330 [navNode-2] 目标位置:(0.0, 0.0, 0.1)-[A6]-[MCU:False]-[POS:False]
1775394551.1629012 [navNode-2] 当前位置:(-0.0012376965023577213, -0.0009911583038046956, -0.0017621557926759124)
1775394551.2609630 [navNode-2] [INFO] [1775394551.260570885] [navNode]: 状态4：WaitAim--[A6]
1775394551.2613821 [navNode-2] [INFO] [1775394551.261067308] [navNode]: 未到目标点
1775394551.2614810 [navNode-2] 目标位置:(0.0, 0.0, 0.1)-[A6]-[MCU:False]-[POS:False]
1775394551.2615323 [navNode-2] 当前位置:(-0.0012376965023577213, -0.0009911583038046956, -0.0017621557926759124)
1775394551.3610559 [navNode-2] [INFO] [1775394551.360746978] [navNode]: 状态4：WaitAim--[A6]
1775394551.3614187 [navNode-2] [INFO] [1775394551.361155646] [navNode]: 未到目标点
1775394551.3615339 [navNode-2] 目标位置:(0.0, 0.0, 0.1)-[A6]-[MCU:False]-[POS:False]
1775394551.3615844 [navNode-2] 当前位置:(-0.0012376965023577213, -0.0009911583038046956, -0.0017621557926759124)
1775394551.4609194 [navNode-2] [INFO] [1775394551.460547363] [navNode]: 状态4：WaitAim--[A6]
1775394551.4613340 [navNode-2] [INFO] [1775394551.461231747] [navNode]: 未到目标点
1775394551.4614151 [navNode-2] 目标位置:(0.0, 0.0, 0.1)-[A6]-[MCU:False]-[POS:False]
1775394551.4614596 [navNode-2] 当前位置:(-0.0012376965023577213, -0.0009911583038046956, -0.0017621557926759124)
1775394551.5609679 [navNode-2] [INFO] [1775394551.560567662] [navNode]: 状态4：WaitAim--[A6]
1775394551.5613718 [navNode-2] [INFO] [1775394551.561013276] [navNode]: 未到目标点
1775394551.5614920 [navNode-2] 目标位置:(0.0, 0.0, 0.1)-[A6]-[MCU:False]-[POS:False]
1775394551.5615602 [navNode-2] 当前位置:(-0.0012376965023577213, -0.0009911583038046956, -0.0017621557926759124)
1775394551.6607969 [navNode-2] [INFO] [1775394551.660409331] [navNode]: 状态4：WaitAim--[A6]
1775394551.6611626 [navNode-2] [INFO] [1775394551.660862731] [navNode]: 未到目标点
1775394551.6612482 [navNode-2] 目标位置:(0.0, 0.0, 0.1)-[A6]-[MCU:False]-[POS:False]
1775394551.6612952 [navNode-2] 当前位置:(-0.0012376965023577213, -0.0009911583038046956, -0.0017621557926759124)
1775394551.7610652 [navNode-2] [INFO] [1775394551.760760576] [navNode]: 状态4：WaitAim--[A6]
1775394551.7614310 [navNode-2] [INFO] [1775394551.761147947] [navNode]: 未到目标点
1775394551.7615230 [navNode-2] 目标位置:(0.0, 0.0, 0.1)-[A6]-[MCU:False]-[POS:False]
1775394551.7615824 [navNode-2] 当前位置:(-0.0012376965023577213, -0.0009911583038046956, -0.0017621557926759124)
1775394551.8607757 [navNode-2] [INFO] [1775394551.860438989] [navNode]: 状态4：WaitAim--[A6]
1775394551.8611491 [navNode-2] [INFO] [1775394551.860890069] [navNode]: 未到目标点
1775394551.8612471 [navNode-2] 目标位置:(0.0, 0.0, 0.1)-[A6]-[MCU:False]-[POS:False]
1775394551.8612931 [navNode-2] 当前位置:(-0.0012376965023577213, -0.0009911583038046956, -0.0017621557926759124)
1775394551.9609647 [navNode-2] [INFO] [1775394551.960558408] [navNode]: 状态4：WaitAim--[A6]
1775394551.9614015 [navNode-2] [INFO] [1775394551.960972196] [navNode]: 未到目标点
1775394551.9615002 [navNode-2] 目标位置:(0.0, 0.0, 0.1)-[A6]-[MCU:False]-[POS:False]
1775394551.9615433 [navNode-2] 当前位置:(-0.0012376965023577213, -0.0009911583038046956, -0.0017621557926759124)
1775394552.0609596 [navNode-2] [INFO] [1775394552.060566664] [navNode]: 状态4：WaitAim--[A6]
1775394552.0614681 [navNode-2] [INFO] [1775394552.061184169] [navNode]: 未到目标点
1775394552.0615778 [navNode-2] 目标位置:(0.0, 0.0, 0.1)-[A6]-[MCU:False]-[POS:False]
1775394552.0616293 [navNode-2] 当前位置:(-0.0012376965023577213, -0.0009911583038046956, -0.0017621557926759124)
1775394552.1607051 [navNode-2] [INFO] [1775394552.160373364] [navNode]: 状态4：WaitAim--[A6]
1775394552.1610563 [navNode-2] [INFO] [1775394552.160807583] [navNode]: 未到目标点
1775394552.1611297 [navNode-2] 目标位置:(0.0, 0.0, 0.1)-[A6]-[MCU:False]-[POS:False]
1775394552.1611712 [navNode-2] 当前位置:(-0.0012376965023577213, -0.0009911583038046956, -0.0017621557926759124)
1775394552.2613130 [navNode-2] [INFO] [1775394552.260974392] [navNode]: 状态4：WaitAim--[A6]
1775394552.2617035 [navNode-2] [INFO] [1775394552.261466332] [navNode]: 未到目标点
1775394552.2618127 [navNode-2] 目标位置:(0.0, 0.0, 0.1)-[A6]-[MCU:False]-[POS:False]
1775394552.2618804 [navNode-2] 当前位置:(-0.0012376965023577213, -0.0009911583038046956, -0.0017621557926759124)
1775394552.3608255 [navNode-2] [INFO] [1775394552.360460283] [navNode]: 状态4：WaitAim--[A6]
1775394552.3611326 [navNode-2] [INFO] [1775394552.360875030] [navNode]: 未到目标点
1775394552.3611887 [navNode-2] 目标位置:(0.0, 0.0, 0.1)-[A6]-[MCU:False]-[POS:False]
1775394552.3612239 [navNode-2] 当前位置:(-0.0012376965023577213, -0.0009911583038046956, -0.0017621557926759124)
1775394552.4608536 [navNode-2] [INFO] [1775394552.460542359] [navNode]: 状态4：WaitAim--[A6]
1775394552.4612465 [navNode-2] [INFO] [1775394552.460958717] [navNode]: 未到目标点
1775394552.4613569 [navNode-2] 目标位置:(0.0, 0.0, 0.1)-[A6]-[MCU:False]-[POS:False]
1775394552.4614036 [navNode-2] 当前位置:(-0.0012376965023577213, -0.0009911583038046956, -0.0017621557926759124)
1775394552.5610690 [navNode-2] [INFO] [1775394552.560763027] [navNode]: 状态4：WaitAim--[A6]
1775394552.5614033 [navNode-2] [INFO] [1775394552.561193087] [navNode]: 未到目标点
1775394552.5614901 [navNode-2] 目标位置:(0.0, 0.0, 0.1)-[A6]-[MCU:False]-[POS:False]
1775394552.5615282 [navNode-2] 当前位置:(-0.0012376965023577213, -0.0009911583038046956, -0.0017621557926759124)
1775394552.6608479 [navNode-2] [INFO] [1775394552.660522452] [navNode]: 状态4：WaitAim--[A6]
1775394552.6612339 [navNode-2] [INFO] [1775394552.661005401] [navNode]: 未到目标点
1775394552.6613021 [navNode-2] 目标位置:(0.0, 0.0, 0.1)-[A6]-[MCU:False]-[POS:False]
1775394552.6613407 [navNode-2] 当前位置:(-0.0012376965023577213, -0.0009911583038046956, -0.0017621557926759124)
1775394552.7610080 [navNode-2] [INFO] [1775394552.760628295] [navNode]: 状态4：WaitAim--[A6]
1775394552.7616343 [navNode-2] [INFO] [1775394552.761416352] [navNode]: 未到目标点
1775394552.7617624 [navNode-2] 目标位置:(0.0, 0.0, 0.1)-[A6]-[MCU:False]-[POS:False]
1775394552.7618351 [navNode-2] 当前位置:(-0.0012376965023577213, -0.0009911583038046956, -0.0017621557926759124)
1775394552.8615005 [navNode-2] [INFO] [1775394552.861091708] [navNode]: 状态4：WaitAim--[A6]
1775394552.8619995 [navNode-2] [INFO] [1775394552.861575071] [navNode]: 未到目标点
1775394552.8621173 [navNode-2] 目标位置:(0.0, 0.0, 0.1)-[A6]-[MCU:False]-[POS:False]
1775394552.8621910 [navNode-2] 当前位置:(-0.0012376965023577213, -0.0009911583038046956, -0.0017621557926759124)
1775394552.9609971 [navNode-2] [INFO] [1775394552.960643709] [navNode]: 状态4：WaitAim--[A6]
1775394552.9614437 [navNode-2] [INFO] [1775394552.961330883] [navNode]: 未到目标点
1775394552.9615259 [navNode-2] 目标位置:(0.0, 0.0, 0.1)-[A6]-[MCU:False]-[POS:False]
1775394552.9616008 [navNode-2] 当前位置:(-0.0012376965023577213, -0.0009911583038046956, -0.0017621557926759124)
1775394553.0608571 [navNode-2] [INFO] [1775394553.060543269] [navNode]: 状态4：WaitAim--[A6]
1775394553.0612292 [navNode-2] [INFO] [1775394553.060946644] [navNode]: 未到目标点
1775394553.0613163 [navNode-2] 目标位置:(0.0, 0.0, 0.1)-[A6]-[MCU:False]-[POS:False]
1775394553.0613570 [navNode-2] 当前位置:(-0.0012376965023577213, -0.0009911583038046956, -0.0017621557926759124)
1775394553.1610718 [navNode-2] [INFO] [1775394553.160674926] [navNode]: 状态4：WaitAim--[A6]
1775394553.1614623 [navNode-2] [INFO] [1775394553.161060295] [navNode]: 未到目标点
1775394553.1615255 [navNode-2] 目标位置:(0.0, 0.0, 0.1)-[A6]-[MCU:False]-[POS:False]
1775394553.1615853 [navNode-2] 当前位置:(-0.0012376965023577213, -0.0009911583038046956, -0.0017621557926759124)
1775394553.2609444 [navNode-2] [INFO] [1775394553.260440213] [navNode]: 状态4：WaitAim--[A6]
1775394553.2614882 [navNode-2] [INFO] [1775394553.260990064] [navNode]: 未到目标点
1775394553.2615895 [navNode-2] 目标位置:(0.0, 0.0, 0.1)-[A6]-[MCU:False]-[POS:False]
1775394553.2616420 [navNode-2] 当前位置:(-0.0012376965023577213, -0.0009911583038046956, -0.0017621557926759124)
1775394553.3608637 [navNode-2] [INFO] [1775394553.360538658] [navNode]: 状态4：WaitAim--[A6]
1775394553.3612711 [navNode-2] [INFO] [1775394553.360959588] [navNode]: 未到目标点
1775394553.3613739 [navNode-2] 目标位置:(0.0, 0.0, 0.1)-[A6]-[MCU:False]-[POS:False]
1775394553.3614438 [navNode-2] 当前位置:(-0.0012376965023577213, -0.0009911583038046956, -0.0017621557926759124)
1775394553.4608119 [navNode-2] [INFO] [1775394553.460408253] [navNode]: 状态4：WaitAim--[A6]
1775394553.4612131 [navNode-2] [INFO] [1775394553.461128249] [navNode]: 未到目标点
1775394553.4612982 [navNode-2] 目标位置:(0.0, 0.0, 0.1)-[A6]-[MCU:False]-[POS:False]
1775394553.4613655 [navNode-2] 当前位置:(-0.0012376965023577213, -0.0009911583038046956, -0.0017621557926759124)
1775394553.5609572 [navNode-2] [INFO] [1775394553.560567639] [navNode]: 状态4：WaitAim--[A6]
1775394553.5613050 [navNode-2] [INFO] [1775394553.561160375] [navNode]: 未到目标点
1775394553.5613670 [navNode-2] 目标位置:(0.0, 0.0, 0.1)-[A6]-[MCU:False]-[POS:False]
1775394553.5614109 [navNode-2] 当前位置:(-0.0012376965023577213, -0.0009911583038046956, -0.0017621557926759124)
1775394553.6608200 [navNode-2] [INFO] [1775394553.660491258] [navNode]: 状态4：WaitAim--[A6]
1775394553.6611760 [navNode-2] [INFO] [1775394553.661088575] [navNode]: 未到目标点
1775394553.6612568 [navNode-2] 目标位置:(0.0, 0.0, 0.1)-[A6]-[MCU:False]-[POS:False]
1775394553.6613052 [navNode-2] 当前位置:(-0.0012376965023577213, -0.0009911583038046956, -0.0017621557926759124)
1775394553.7613349 [navNode-2] [INFO] [1775394553.761013759] [navNode]: 状态4：WaitAim--[A6]
1775394553.7616801 [navNode-2] [INFO] [1775394553.761434093] [navNode]: 未到目标点
1775394553.7618122 [navNode-2] 目标位置:(0.0, 0.0, 0.1)-[A6]-[MCU:False]-[POS:False]
1775394553.7618697 [navNode-2] 当前位置:(-0.0012376965023577213, -0.0009911583038046956, -0.0017621557926759124)
1775394553.8608952 [navNode-2] [INFO] [1775394553.860565727] [navNode]: 状态4：WaitAim--[A6]
1775394553.8613191 [navNode-2] [INFO] [1775394553.861081075] [navNode]: 未到目标点
1775394553.8613982 [navNode-2] 目标位置:(0.0, 0.0, 0.1)-[A6]-[MCU:False]-[POS:False]
1775394553.8614726 [navNode-2] 当前位置:(-0.0012376965023577213, -0.0009911583038046956, -0.0017621557926759124)
1775394553.9608927 [navNode-2] [INFO] [1775394553.960530352] [navNode]: 状态4：WaitAim--[A6]
1775394553.9612279 [navNode-2] [INFO] [1775394553.960982428] [navNode]: 未到目标点
1775394553.9612935 [navNode-2] 目标位置:(0.0, 0.0, 0.1)-[A6]-[MCU:False]-[POS:False]
1775394553.9613357 [navNode-2] 当前位置:(-0.0012376965023577213, -0.0009911583038046956, -0.0017621557926759124)
1775394554.0607862 [navNode-2] [INFO] [1775394554.060406789] [navNode]: 状态4：WaitAim--[A6]
1775394554.0611420 [navNode-2] [INFO] [1775394554.060934041] [navNode]: 未到目标点
1775394554.0612051 [navNode-2] 目标位置:(0.0, 0.0, 0.1)-[A6]-[MCU:False]-[POS:False]
1775394554.0612462 [navNode-2] 当前位置:(-0.0012376965023577213, -0.0009911583038046956, -0.0017621557926759124)
1775394554.1609097 [navNode-2] [INFO] [1775394554.160569924] [navNode]: 状态4：WaitAim--[A6]
1775394554.1612897 [navNode-2] [INFO] [1775394554.161034373] [navNode]: 未到目标点
1775394554.1613634 [navNode-2] 目标位置:(0.0, 0.0, 0.1)-[A6]-[MCU:False]-[POS:False]
1775394554.1614037 [navNode-2] 当前位置:(-0.0012376965023577213, -0.0009911583038046956, -0.0017621557926759124)
1775394554.2611048 [navNode-2] [INFO] [1775394554.260764237] [navNode]: 状态4：WaitAim--[A6]
1775394554.2615335 [navNode-2] [INFO] [1775394554.261423827] [navNode]: 未到目标点
1775394554.2616103 [navNode-2] 目标位置:(0.0, 0.0, 0.1)-[A6]-[MCU:False]-[POS:False]
1775394554.2616501 [navNode-2] 当前位置:(-0.0012376965023577213, -0.0009911583038046956, -0.0017621557926759124)
1775394554.3608081 [navNode-2] [INFO] [1775394554.360417436] [navNode]: 状态4：WaitAim--[A6]
1775394554.3611524 [navNode-2] [INFO] [1775394554.360884778] [navNode]: 未到目标点
1775394554.3612149 [navNode-2] 目标位置:(0.0, 0.0, 0.1)-[A6]-[MCU:False]-[POS:False]
1775394554.3613019 [navNode-2] 当前位置:(-0.0012376965023577213, -0.0009911583038046956, -0.0017621557926759124)
1775394554.4611461 [navNode-2] [INFO] [1775394554.460812322] [navNode]: 状态4：WaitAim--[A6]
1775394554.4615462 [navNode-2] [INFO] [1775394554.461327110] [navNode]: 未到目标点
1775394554.4616215 [navNode-2] 目标位置:(0.0, 0.0, 0.1)-[A6]-[MCU:False]-[POS:False]
1775394554.4616616 [navNode-2] 当前位置:(-0.0012376965023577213, -0.0009911583038046956, -0.0017621557926759124)
1775394554.5608721 [navNode-2] [INFO] [1775394554.560483622] [navNode]: 状态4：WaitAim--[A6]
1775394554.5612988 [navNode-2] [INFO] [1775394554.561145009] [navNode]: 未到目标点
1775394554.5615003 [navNode-2] 目标位置:(0.0, 0.0, 0.1)-[A6]-[MCU:False]-[POS:False]
1775394554.5615461 [navNode-2] 当前位置:(-0.0012376965023577213, -0.0009911583038046956, -0.0017621557926759124)
1775394554.6608043 [navNode-2] [INFO] [1775394554.660493084] [navNode]: 状态4：WaitAim--[A6]
1775394554.6611748 [navNode-2] [INFO] [1775394554.660959754] [navNode]: 未到目标点
1775394554.6612723 [navNode-2] 目标位置:(0.0, 0.0, 0.1)-[A6]-[MCU:False]-[POS:False]
1775394554.6613202 [navNode-2] 当前位置:(-0.0012376965023577213, -0.0009911583038046956, -0.0017621557926759124)
1775394554.7611318 [navNode-2] [INFO] [1775394554.760704303] [navNode]: 状态4：WaitAim--[A6]
1775394554.7614481 [navNode-2] [INFO] [1775394554.761166113] [navNode]: 未到目标点
1775394554.7615473 [navNode-2] 目标位置:(0.0, 0.0, 0.1)-[A6]-[MCU:False]-[POS:False]
1775394554.7616198 [navNode-2] 当前位置:(-0.0012376965023577213, -0.0009911583038046956, -0.0017621557926759124)
1775394554.8608468 [navNode-2] [INFO] [1775394554.860485010] [navNode]: 状态4：WaitAim--[A6]
1775394554.8612261 [navNode-2] [INFO] [1775394554.861027573] [navNode]: 未到目标点
1775394554.8613043 [navNode-2] 目标位置:(0.0, 0.0, 0.1)-[A6]-[MCU:False]-[POS:False]
1775394554.8613467 [navNode-2] 当前位置:(-0.0012376965023577213, -0.0009911583038046956, -0.0017621557926759124)
1775394554.9608524 [navNode-2] [INFO] [1775394554.960471667] [navNode]: 状态4：WaitAim--[A6]
1775394554.9612598 [navNode-2] [INFO] [1775394554.960885262] [navNode]: 未到目标点
1775394554.9613600 [navNode-2] 目标位置:(0.0, 0.0, 0.1)-[A6]-[MCU:False]-[POS:False]
1775394554.9614167 [navNode-2] 当前位置:(-0.0012376965023577213, -0.0009911583038046956, -0.0017621557926759124)
1775394555.0626533 [navNode-2] [INFO] [1775394555.061971403] [navNode]: 状态4：WaitAim--[A6]
1775394555.0633869 [navNode-2] [INFO] [1775394555.063220071] [navNode]: 未到目标点
1775394555.0635829 [navNode-2] 目标位置:(0.0, 0.0, 0.1)-[A6]-[MCU:False]-[POS:False]
1775394555.0637026 [navNode-2] 当前位置:(-0.0012376965023577213, -0.0009911583038046956, -0.0017621557926759124)
1775394555.1609783 [navNode-2] [INFO] [1775394555.160617937] [navNode]: 状态4：WaitAim--[A6]
1775394555.1613507 [navNode-2] [INFO] [1775394555.161009260] [navNode]: 未到目标点
1775394555.1614387 [navNode-2] 目标位置:(0.0, 0.0, 0.1)-[A6]-[MCU:False]-[POS:False]
1775394555.1614966 [navNode-2] 当前位置:(-0.0012376965023577213, -0.0009911583038046956, -0.0017621557926759124)
1775394555.2607737 [navNode-2] [INFO] [1775394555.260502970] [navNode]: 状态4：WaitAim--[A6]
1775394555.2611127 [navNode-2] [INFO] [1775394555.260886626] [navNode]: 未到目标点
1775394555.2612031 [navNode-2] 目标位置:(0.0, 0.0, 0.1)-[A6]-[MCU:False]-[POS:False]
1775394555.2612474 [navNode-2] 当前位置:(-0.0012376965023577213, -0.0009911583038046956, -0.0017621557926759124)
1775394555.3612125 [navNode-2] [INFO] [1775394555.360740573] [navNode]: 状态4：WaitAim--[A6]
1775394555.3617628 [navNode-2] [INFO] [1775394555.361377156] [navNode]: 未到目标点
1775394555.3618824 [navNode-2] 目标位置:(0.0, 0.0, 0.1)-[A6]-[MCU:False]-[POS:False]
1775394555.3619463 [navNode-2] 当前位置:(-0.0012376965023577213, -0.0009911583038046956, -0.0017621557926759124)
1775394555.4623437 [navNode-2] [INFO] [1775394555.461769506] [navNode]: 状态4：WaitAim--[A6]
1775394555.4630659 [navNode-2] [INFO] [1775394555.462597965] [navNode]: 未到目标点
1775394555.4633510 [navNode-2] 目标位置:(0.0, 0.0, 0.1)-[A6]-[MCU:False]-[POS:False]
1775394555.4635234 [navNode-2] 当前位置:(-0.0012376965023577213, -0.0009911583038046956, -0.0017621557926759124)
1775394555.5607803 [navNode-2] [INFO] [1775394555.560482931] [navNode]: 状态4：WaitAim--[A6]
1775394555.5611176 [navNode-2] [INFO] [1775394555.560838107] [navNode]: 未到目标点
1775394555.5612187 [navNode-2] 目标位置:(0.0, 0.0, 0.1)-[A6]-[MCU:False]-[POS:False]
1775394555.5612757 [navNode-2] 当前位置:(-0.0012376965023577213, -0.0009911583038046956, -0.0017621557926759124)
1775394555.6607127 [navNode-2] [INFO] [1775394555.660334907] [navNode]: 状态4：WaitAim--[A6]
1775394555.6610866 [navNode-2] [INFO] [1775394555.660893405] [navNode]: 未到目标点
1775394555.6611865 [navNode-2] 目标位置:(0.0, 0.0, 0.1)-[A6]-[MCU:False]-[POS:False]
1775394555.6612439 [navNode-2] 当前位置:(-0.0012376965023577213, -0.0009911583038046956, -0.0017621557926759124)
1775394555.7628300 [navNode-2] [INFO] [1775394555.762167825] [navNode]: 状态4：WaitAim--[A6]
1775394555.7635128 [navNode-2] [INFO] [1775394555.763139076] [navNode]: 未到目标点
1775394555.7636545 [navNode-2] 目标位置:(0.0, 0.0, 0.1)-[A6]-[MCU:False]-[POS:False]
1775394555.7637432 [navNode-2] 当前位置:(-0.0012376965023577213, -0.0009911583038046956, -0.0017621557926759124)
1775394555.8623121 [navNode-2] [INFO] [1775394555.861632225] [navNode]: 状态4：WaitAim--[A6]
1775394555.8631001 [navNode-2] [INFO] [1775394555.862593270] [navNode]: 未到目标点
1775394555.8632901 [navNode-2] 目标位置:(0.0, 0.0, 0.1)-[A6]-[MCU:False]-[POS:False]
1775394555.8634396 [navNode-2] 当前位置:(-0.0012376965023577213, -0.0009911583038046956, -0.0017621557926759124)
1775394555.9610782 [navNode-2] [INFO] [1775394555.960687817] [navNode]: 状态4：WaitAim--[A6]
1775394555.9614143 [navNode-2] [INFO] [1775394555.961084733] [navNode]: 未到目标点
1775394555.9615073 [navNode-2] 目标位置:(0.0, 0.0, 0.1)-[A6]-[MCU:False]-[POS:False]
1775394555.9615500 [navNode-2] 当前位置:(-0.0012376965023577213, -0.0009911583038046956, -0.0017621557926759124)
1775394556.0608690 [navNode-2] [INFO] [1775394556.060564776] [navNode]: 状态4：WaitAim--[A6]
1775394556.0614328 [navNode-2] [INFO] [1775394556.060984322] [navNode]: 未到目标点
1775394556.0616543 [navNode-2] 目标位置:(0.0, 0.0, 0.1)-[A6]-[MCU:False]-[POS:False]
1775394556.0617480 [navNode-2] 当前位置:(-0.0012376965023577213, -0.0009911583038046956, -0.0017621557926759124)
1775394556.1608596 [navNode-2] [INFO] [1775394556.160540084] [navNode]: 状态4：WaitAim--[A6]
1775394556.1612308 [navNode-2] [INFO] [1775394556.160934151] [navNode]: 未到目标点
1775394556.1613390 [navNode-2] 目标位置:(0.0, 0.0, 0.1)-[A6]-[MCU:False]-[POS:False]
1775394556.1613898 [navNode-2] 当前位置:(-0.0012376965023577213, -0.0009911583038046956, -0.0017621557926759124)
1775394556.2606618 [navNode-2] [INFO] [1775394556.260292756] [navNode]: 状态4：WaitAim--[A6]
1775394556.2610443 [navNode-2] [INFO] [1775394556.260674415] [navNode]: 未到目标点
1775394556.2611294 [navNode-2] 目标位置:(0.0, 0.0, 0.1)-[A6]-[MCU:False]-[POS:False]
1775394556.2611697 [navNode-2] 当前位置:(-0.0012376965023577213, -0.0009911583038046956, -0.0017621557926759124)
1775394556.3610640 [navNode-2] [INFO] [1775394556.360683651] [navNode]: 状态4：WaitAim--[A6]
1775394556.3614638 [navNode-2] [INFO] [1775394556.361089017] [navNode]: 未到目标点
1775394556.3615599 [navNode-2] 目标位置:(0.0, 0.0, 0.1)-[A6]-[MCU:False]-[POS:False]
1775394556.3616221 [navNode-2] 当前位置:(-0.0012376965023577213, -0.0009911583038046956, -0.0017621557926759124)
1775394556.4614341 [navNode-2] [INFO] [1775394556.460861754] [navNode]: 状态4：WaitAim--[A6]
1775394556.4620843 [navNode-2] [INFO] [1775394556.461583861] [navNode]: 未到目标点
1775394556.4622672 [navNode-2] 目标位置:(0.0, 0.0, 0.1)-[A6]-[MCU:False]-[POS:False]
1775394556.4623682 [navNode-2] 当前位置:(-0.0012376965023577213, -0.0009911583038046956, -0.0017621557926759124)
1775394556.5614111 [navNode-2] [INFO] [1775394556.560844518] [navNode]: 状态4：WaitAim--[A6]
1775394556.5621815 [navNode-2] [INFO] [1775394556.561281981] [navNode]: 未到目标点
1775394556.5623004 [navNode-2] 目标位置:(0.0, 0.0, 0.1)-[A6]-[MCU:False]-[POS:False]
1775394556.5623450 [navNode-2] 当前位置:(-0.0012376965023577213, -0.0009911583038046956, -0.0017621557926759124)
1775394556.6609108 [navNode-2] [INFO] [1775394556.660523705] [navNode]: 状态4：WaitAim--[A6]
1775394556.6612904 [navNode-2] [INFO] [1775394556.661107207] [navNode]: 未到目标点
1775394556.6613803 [navNode-2] 目标位置:(0.0, 0.0, 0.1)-[A6]-[MCU:False]-[POS:False]
1775394556.6614387 [navNode-2] 当前位置:(-0.0012376965023577213, -0.0009911583038046956, -0.0017621557926759124)
1775394556.7608526 [navNode-2] [INFO] [1775394556.760463299] [navNode]: 状态4：WaitAim--[A6]
1775394556.7612867 [navNode-2] [INFO] [1775394556.760856734] [navNode]: 未到目标点
1775394556.7613897 [navNode-2] 目标位置:(0.0, 0.0, 0.1)-[A6]-[MCU:False]-[POS:False]
1775394556.7614501 [navNode-2] 当前位置:(-0.0012376965023577213, -0.0009911583038046956, -0.0017621557926759124)
1775394556.8608947 [navNode-2] [INFO] [1775394556.860477919] [navNode]: 状态4：WaitAim--[A6]
1775394556.8612602 [navNode-2] [INFO] [1775394556.860906324] [navNode]: 未到目标点
1775394556.8613338 [navNode-2] 目标位置:(0.0, 0.0, 0.1)-[A6]-[MCU:False]-[POS:False]
1775394556.8613927 [navNode-2] 当前位置:(-0.0012376965023577213, -0.0009911583038046956, -0.0017621557926759124)
1775394556.9610913 [navNode-2] [INFO] [1775394556.960663088] [navNode]: 状态4：WaitAim--[A6]
1775394556.9614296 [navNode-2] [INFO] [1775394556.961139574] [navNode]: 未到目标点
1775394556.9614997 [navNode-2] 目标位置:(0.0, 0.0, 0.1)-[A6]-[MCU:False]-[POS:False]
1775394556.9615395 [navNode-2] 当前位置:(-0.0012376965023577213, -0.0009911583038046956, -0.0017621557926759124)
1775394557.0610294 [navNode-2] [INFO] [1775394557.060636142] [navNode]: 状态4：WaitAim--[A6]
1775394557.0615635 [navNode-2] [INFO] [1775394557.061049448] [navNode]: 未到目标点
1775394557.0617259 [navNode-2] 目标位置:(0.0, 0.0, 0.1)-[A6]-[MCU:False]-[POS:False]
1775394557.0618308 [navNode-2] 当前位置:(-0.0012376965023577213, -0.0009911583038046956, -0.0017621557926759124)
1775394557.1629353 [navNode-2] [INFO] [1775394557.162274061] [navNode]: 状态4：WaitAim--[A6]
1775394557.1636553 [navNode-2] [INFO] [1775394557.163317424] [navNode]: 未到目标点
1775394557.1638055 [navNode-2] 目标位置:(0.0, 0.0, 0.1)-[A6]-[MCU:False]-[POS:False]
1775394557.1638970 [navNode-2] 当前位置:(-0.0012376965023577213, -0.0009911583038046956, -0.0017621557926759124)
1775394557.2608030 [navNode-2] [INFO] [1775394557.260428977] [navNode]: 状态4：WaitAim--[A6]
1775394557.2611284 [navNode-2] [INFO] [1775394557.260819134] [navNode]: 未到目标点
1775394557.2612395 [navNode-2] 目标位置:(0.0, 0.0, 0.1)-[A6]-[MCU:False]-[POS:False]
1775394557.2612870 [navNode-2] 当前位置:(-0.0012376965023577213, -0.0009911583038046956, -0.0017621557926759124)
1775394557.3625638 [navNode-2] [INFO] [1775394557.362208778] [navNode]: 状态4：WaitAim--[A6]
1775394557.3629177 [navNode-2] [INFO] [1775394557.362584017] [navNode]: 未到目标点
1775394557.3630121 [navNode-2] 目标位置:(0.0, 0.0, 0.1)-[A6]-[MCU:False]-[POS:False]
1775394557.3630524 [navNode-2] 当前位置:(-0.0012376965023577213, -0.0009911583038046956, -0.0017621557926759124)
1775394557.4609096 [navNode-2] [INFO] [1775394557.460494512] [navNode]: 状态4：WaitAim--[A6]
1775394557.4613113 [navNode-2] [INFO] [1775394557.460983736] [navNode]: 未到目标点
1775394557.4613912 [navNode-2] 目标位置:(0.0, 0.0, 0.1)-[A6]-[MCU:False]-[POS:False]
1775394557.4614317 [navNode-2] 当前位置:(-0.0012376965023577213, -0.0009911583038046956, -0.0017621557926759124)
1775394557.5610313 [navNode-2] [INFO] [1775394557.560710204] [navNode]: 状态4：WaitAim--[A6]
1775394557.5614882 [navNode-2] [INFO] [1775394557.561157092] [navNode]: 未到目标点
1775394557.5615947 [navNode-2] 目标位置:(0.0, 0.0, 0.1)-[A6]-[MCU:False]-[POS:False]
1775394557.5616691 [navNode-2] 当前位置:(-0.0012376965023577213, -0.0009911583038046956, -0.0017621557926759124)
1775394557.6608512 [navNode-2] [INFO] [1775394557.660452324] [navNode]: 状态4：WaitAim--[A6]
1775394557.6613040 [navNode-2] [INFO] [1775394557.661192775] [navNode]: 未到目标点
1775394557.6613925 [navNode-2] 目标位置:(0.0, 0.0, 0.1)-[A6]-[MCU:False]-[POS:False]
1775394557.6614292 [navNode-2] 当前位置:(-0.0012376965023577213, -0.0009911583038046956, -0.0017621557926759124)
1775394557.7614658 [navNode-2] [INFO] [1775394557.761095459] [navNode]: 状态4：WaitAim--[A6]
1775394557.7618299 [navNode-2] [INFO] [1775394557.761568379] [navNode]: 未到目标点
1775394557.7619441 [navNode-2] 目标位置:(0.0, 0.0, 0.1)-[A6]-[MCU:False]-[POS:False]
1775394557.7619958 [navNode-2] 当前位置:(-0.0012376965023577213, -0.0009911583038046956, -0.0017621557926759124)
1775394557.8612182 [navNode-2] [INFO] [1775394557.860897938] [navNode]: 状态4：WaitAim--[A6]
1775394557.8616223 [navNode-2] [INFO] [1775394557.861367953] [navNode]: 未到目标点
1775394557.8616953 [navNode-2] 目标位置:(0.0, 0.0, 0.1)-[A6]-[MCU:False]-[POS:False]
1775394557.8617349 [navNode-2] 当前位置:(-0.0012376965023577213, -0.0009911583038046956, -0.0017621557926759124)
1775394557.9609365 [navNode-2] [INFO] [1775394557.960542601] [navNode]: 状态4：WaitAim--[A6]
1775394557.9612749 [navNode-2] [INFO] [1775394557.960960974] [navNode]: 未到目标点
1775394557.9613297 [navNode-2] 目标位置:(0.0, 0.0, 0.1)-[A6]-[MCU:False]-[POS:False]
1775394557.9613616 [navNode-2] 当前位置:(-0.0012376965023577213, -0.0009911583038046956, -0.0017621557926759124)
1775394558.0607879 [navNode-2] [INFO] [1775394558.060456798] [navNode]: 状态4：WaitAim--[A6]
1775394558.0611818 [navNode-2] [INFO] [1775394558.060915637] [navNode]: 未到目标点
1775394558.0612569 [navNode-2] 目标位置:(0.0, 0.0, 0.1)-[A6]-[MCU:False]-[POS:False]
1775394558.0612934 [navNode-2] 当前位置:(-0.0012376965023577213, -0.0009911583038046956, -0.0017621557926759124)
1775394558.1611345 [navNode-2] [INFO] [1775394558.160760356] [navNode]: 状态4：WaitAim--[A6]
1775394558.1615324 [navNode-2] [INFO] [1775394558.161215950] [navNode]: 未到目标点
1775394558.1615887 [navNode-2] 目标位置:(0.0, 0.0, 0.1)-[A6]-[MCU:False]-[POS:False]
1775394558.1616457 [navNode-2] 当前位置:(-0.0012376965023577213, -0.0009911583038046956, -0.0017621557926759124)
1775394558.2609594 [navNode-2] [INFO] [1775394558.260636288] [navNode]: 状态4：WaitAim--[A6]
1775394558.2613721 [navNode-2] [INFO] [1775394558.261098729] [navNode]: 未到目标点
1775394558.2614498 [navNode-2] 目标位置:(0.0, 0.0, 0.1)-[A6]-[MCU:False]-[POS:False]
1775394558.2614906 [navNode-2] 当前位置:(-0.0012376965023577213, -0.0009911583038046956, -0.0017621557926759124)
1775394558.3610153 [navNode-2] [INFO] [1775394558.360509729] [navNode]: 状态4：WaitAim--[A6]
1775394558.3615732 [navNode-2] [INFO] [1775394558.361100397] [navNode]: 未到目标点
1775394558.3616831 [navNode-2] 目标位置:(0.0, 0.0, 0.1)-[A6]-[MCU:False]-[POS:False]
1775394558.3617475 [navNode-2] 当前位置:(-0.0012376965023577213, -0.0009911583038046956, -0.0017621557926759124)
1775394558.4607832 [navNode-2] [INFO] [1775394558.460439253] [navNode]: 状态4：WaitAim--[A6]
1775394558.4612219 [navNode-2] [INFO] [1775394558.460977618] [navNode]: 未到目标点
1775394558.4613166 [navNode-2] 目标位置:(0.0, 0.0, 0.1)-[A6]-[MCU:False]-[POS:False]
1775394558.4613516 [navNode-2] 当前位置:(-0.0012376965023577213, -0.0009911583038046956, -0.0017621557926759124)
1775394558.5611608 [navNode-2] [INFO] [1775394558.560837503] [navNode]: 状态4：WaitAim--[A6]
1775394558.5615389 [navNode-2] [INFO] [1775394558.561248441] [navNode]: 未到目标点
1775394558.5616262 [navNode-2] 目标位置:(0.0, 0.0, 0.1)-[A6]-[MCU:False]-[POS:False]
1775394558.5617006 [navNode-2] 当前位置:(-0.0012376965023577213, -0.0009911583038046956, -0.0017621557926759124)
1775394558.6608949 [navNode-2] [INFO] [1775394558.660494329] [navNode]: 状态4：WaitAim--[A6]
1775394558.6612957 [navNode-2] [INFO] [1775394558.660961024] [navNode]: 未到目标点
1775394558.6613855 [navNode-2] 目标位置:(0.0, 0.0, 0.1)-[A6]-[MCU:False]-[POS:False]
1775394558.6614566 [navNode-2] 当前位置:(-0.0012376965023577213, -0.0009911583038046956, -0.0017621557926759124)
1775394558.7611549 [navNode-2] [INFO] [1775394558.760853484] [navNode]: 状态4：WaitAim--[A6]
1775394558.7614889 [navNode-2] [INFO] [1775394558.761242024] [navNode]: 未到目标点
1775394558.7615650 [navNode-2] 目标位置:(0.0, 0.0, 0.1)-[A6]-[MCU:False]-[POS:False]
1775394558.7616217 [navNode-2] 当前位置:(-0.0012376965023577213, -0.0009911583038046956, -0.0017621557926759124)
1775394558.8608811 [navNode-2] [INFO] [1775394558.860578367] [navNode]: 状态4：WaitAim--[A6]
1775394558.8612003 [navNode-2] [INFO] [1775394558.860963551] [navNode]: 未到目标点
1775394558.8613522 [navNode-2] 目标位置:(0.0, 0.0, 0.1)-[A6]-[MCU:False]-[POS:False]
1775394558.8614342 [navNode-2] 当前位置:(-0.0012376965023577213, -0.0009911583038046956, -0.0017621557926759124)
1775394558.9609644 [navNode-2] [INFO] [1775394558.960470893] [navNode]: 状态4：WaitAim--[A6]
1775394558.9613414 [navNode-2] [INFO] [1775394558.960971466] [navNode]: 未到目标点
1775394558.9614401 [navNode-2] 目标位置:(0.0, 0.0, 0.1)-[A6]-[MCU:False]-[POS:False]
1775394558.9615030 [navNode-2] 当前位置:(-0.0012376965023577213, -0.0009911583038046956, -0.0017621557926759124)
1775394559.0610223 [navNode-2] [INFO] [1775394559.060660837] [navNode]: 状态4：WaitAim--[A6]
1775394559.0613749 [navNode-2] [INFO] [1775394559.061063765] [navNode]: 未到目标点
1775394559.0614543 [navNode-2] 目标位置:(0.0, 0.0, 0.1)-[A6]-[MCU:False]-[POS:False]
1775394559.0615013 [navNode-2] 当前位置:(-0.0012376965023577213, -0.0009911583038046956, -0.0017621557926759124)
1775394559.1608379 [navNode-2] [INFO] [1775394559.160463379] [navNode]: 状态4：WaitAim--[A6]
1775394559.1612334 [navNode-2] [INFO] [1775394559.160843190] [navNode]: 未到目标点
1775394559.1613259 [navNode-2] 目标位置:(0.0, 0.0, 0.1)-[A6]-[MCU:False]-[POS:False]
1775394559.1613860 [navNode-2] 当前位置:(-0.0012376965023577213, -0.0009911583038046956, -0.0017621557926759124)
1775394559.2608638 [navNode-2] [INFO] [1775394559.260465311] [navNode]: 状态4：WaitAim--[A6]
1775394559.2612059 [navNode-2] [INFO] [1775394559.260935988] [navNode]: 未到目标点
1775394559.2612638 [navNode-2] 目标位置:(0.0, 0.0, 0.1)-[A6]-[MCU:False]-[POS:False]
1775394559.2613003 [navNode-2] 当前位置:(-0.0012376965023577213, -0.0009911583038046956, -0.0017621557926759124)
1775394559.3612540 [navNode-2] [INFO] [1775394559.360949244] [navNode]: 状态4：WaitAim--[A6]
1775394559.3616376 [navNode-2] [INFO] [1775394559.361396866] [navNode]: 未到目标点
1775394559.3617432 [navNode-2] 目标位置:(0.0, 0.0, 0.1)-[A6]-[MCU:False]-[POS:False]
1775394559.3618057 [navNode-2] 当前位置:(-0.0012376965023577213, -0.0009911583038046956, -0.0017621557926759124)
1775394559.4612713 [navNode-2] [INFO] [1775394559.460881799] [navNode]: 状态4：WaitAim--[A6]
1775394559.4617484 [navNode-2] [INFO] [1775394559.461474724] [navNode]: 未到目标点
1775394559.4618795 [navNode-2] 目标位置:(0.0, 0.0, 0.1)-[A6]-[MCU:False]-[POS:False]
1775394559.4619365 [navNode-2] 当前位置:(-0.0012376965023577213, -0.0009911583038046956, -0.0017621557926759124)
1775394559.5611241 [navNode-2] [INFO] [1775394559.560786199] [navNode]: 状态4：WaitAim--[A6]
1775394559.5615742 [navNode-2] [INFO] [1775394559.561292719] [navNode]: 未到目标点
1775394559.5618343 [navNode-2] 目标位置:(0.0, 0.0, 0.1)-[A6]-[MCU:False]-[POS:False]
1775394559.5619001 [navNode-2] 当前位置:(-0.0012376965023577213, -0.0009911583038046956, -0.0017621557926759124)
1775394559.6608269 [navNode-2] [INFO] [1775394559.660468007] [navNode]: 状态4：WaitAim--[A6]
1775394559.6612835 [navNode-2] [INFO] [1775394559.661035409] [navNode]: 未到目标点
1775394559.6613643 [navNode-2] 目标位置:(0.0, 0.0, 0.1)-[A6]-[MCU:False]-[POS:False]
1775394559.6614113 [navNode-2] 当前位置:(-0.0012376965023577213, -0.0009911583038046956, -0.0017621557926759124)
1775394559.7609537 [navNode-2] [INFO] [1775394559.760547265] [navNode]: 状态4：WaitAim--[A6]
1775394559.7613952 [navNode-2] [INFO] [1775394559.761026780] [navNode]: 未到目标点
1775394559.7614894 [navNode-2] 目标位置:(0.0, 0.0, 0.1)-[A6]-[MCU:False]-[POS:False]
1775394559.7615373 [navNode-2] 当前位置:(-0.0012376965023577213, -0.0009911583038046956, -0.0017621557926759124)
1775394559.8611729 [navNode-2] [INFO] [1775394559.860825472] [navNode]: 状态4：WaitAim--[A6]
1775394559.8616455 [navNode-2] [INFO] [1775394559.861353605] [navNode]: 未到目标点
1775394559.8617754 [navNode-2] 目标位置:(0.0, 0.0, 0.1)-[A6]-[MCU:False]-[POS:False]
1775394559.8618319 [navNode-2] 当前位置:(-0.0012376965023577213, -0.0009911583038046956, -0.0017621557926759124)
1775394559.9608049 [navNode-2] [INFO] [1775394559.960444192] [navNode]: 状态4：WaitAim--[A6]
1775394559.9615676 [navNode-2] [INFO] [1775394559.961345939] [navNode]: 未到目标点
1775394559.9617343 [navNode-2] 目标位置:(0.0, 0.0, 0.1)-[A6]-[MCU:False]-[POS:False]
1775394559.9618132 [navNode-2] 当前位置:(-0.0012376965023577213, -0.0009911583038046956, -0.0017621557926759124)
1775394560.0611267 [navNode-2] [INFO] [1775394560.060762681] [navNode]: 状态4：WaitAim--[A6]
1775394560.0615633 [navNode-2] [INFO] [1775394560.061390904] [navNode]: 未到目标点
1775394560.0616500 [navNode-2] 目标位置:(0.0, 0.0, 0.1)-[A6]-[MCU:False]-[POS:False]
1775394560.0617003 [navNode-2] 当前位置:(-0.0012376965023577213, -0.0009911583038046956, -0.0017621557926759124)
1775394560.1610327 [navNode-2] [INFO] [1775394560.160658618] [navNode]: 状态4：WaitAim--[A6]
1775394560.1614087 [navNode-2] [INFO] [1775394560.161144664] [navNode]: 未到目标点
1775394560.1614950 [navNode-2] 目标位置:(0.0, 0.0, 0.1)-[A6]-[MCU:False]-[POS:False]
1775394560.1615415 [navNode-2] 当前位置:(-0.0012376965023577213, -0.0009911583038046956, -0.0017621557926759124)
1775394560.2612798 [navNode-2] [INFO] [1775394560.260882302] [navNode]: 状态4：WaitAim--[A6]
1775394560.2616966 [navNode-2] [INFO] [1775394560.261379634] [navNode]: 未到目标点
1775394560.2618151 [navNode-2] 目标位置:(0.0, 0.0, 0.1)-[A6]-[MCU:False]-[POS:False]
1775394560.2618704 [navNode-2] 当前位置:(-0.0012376965023577213, -0.0009911583038046956, -0.0017621557926759124)
1775394560.3609667 [navNode-2] [INFO] [1775394560.360635036] [navNode]: 状态4：WaitAim--[A6]
1775394560.3613546 [navNode-2] [INFO] [1775394560.361116965] [navNode]: 未到目标点
1775394560.3614352 [navNode-2] 目标位置:(0.0, 0.0, 0.1)-[A6]-[MCU:False]-[POS:False]
1775394560.3614810 [navNode-2] 当前位置:(-0.0012376965023577213, -0.0009911583038046956, -0.0017621557926759124)
1775394560.4608893 [navNode-2] [INFO] [1775394560.460443374] [navNode]: 状态4：WaitAim--[A6]
1775394560.4613810 [navNode-2] [INFO] [1775394560.461204057] [navNode]: 未到目标点
1775394560.4614854 [navNode-2] 目标位置:(0.0, 0.0, 0.1)-[A6]-[MCU:False]-[POS:False]
1775394560.4615378 [navNode-2] 当前位置:(-0.0012376965023577213, -0.0009911583038046956, -0.0017621557926759124)
1775394560.5610487 [navNode-2] [INFO] [1775394560.560688671] [navNode]: 状态4：WaitAim--[A6]
1775394560.5614336 [navNode-2] [INFO] [1775394560.561164009] [navNode]: 未到目标点
1775394560.5615373 [navNode-2] 目标位置:(0.0, 0.0, 0.1)-[A6]-[MCU:False]-[POS:False]
1775394560.5615964 [navNode-2] 当前位置:(-0.0012376965023577213, -0.0009911583038046956, -0.0017621557926759124)
1775394560.6610291 [navNode-2] [INFO] [1775394560.660704083] [navNode]: 状态4：WaitAim--[A6]
1775394560.6614454 [navNode-2] [INFO] [1775394560.661341670] [navNode]: 未到目标点
1775394560.6615608 [navNode-2] 目标位置:(0.0, 0.0, 0.1)-[A6]-[MCU:False]-[POS:False]
1775394560.6616166 [navNode-2] 当前位置:(-0.0012376965023577213, -0.0009911583038046956, -0.0017621557926759124)
1775394560.7611332 [navNode-2] [INFO] [1775394560.760682977] [navNode]: 状态4：WaitAim--[A6]
1775394560.7615204 [navNode-2] [INFO] [1775394560.761131686] [navNode]: 未到目标点
1775394560.7616174 [navNode-2] 目标位置:(0.0, 0.0, 0.1)-[A6]-[MCU:False]-[POS:False]
1775394560.7616606 [navNode-2] 当前位置:(-0.0012376965023577213, -0.0009911583038046956, -0.0017621557926759124)
1775394560.8610678 [navNode-2] [INFO] [1775394560.860746677] [navNode]: 状态4：WaitAim--[A6]
1775394560.8614926 [navNode-2] [INFO] [1775394560.861147271] [navNode]: 未到目标点
1775394560.8615921 [navNode-2] 目标位置:(0.0, 0.0, 0.1)-[A6]-[MCU:False]-[POS:False]
1775394560.8616962 [navNode-2] 当前位置:(-0.0012376965023577213, -0.0009911583038046956, -0.0017621557926759124)
1775394560.9613905 [navNode-2] [INFO] [1775394560.961076196] [navNode]: 状态4：WaitAim--[A6]
1775394560.9617691 [navNode-2] [INFO] [1775394560.961509996] [navNode]: 未到目标点
1775394560.9618626 [navNode-2] 目标位置:(0.0, 0.0, 0.1)-[A6]-[MCU:False]-[POS:False]
1775394560.9619365 [navNode-2] 当前位置:(-0.0012376965023577213, -0.0009911583038046956, -0.0017621557926759124)
1775394561.0621338 [navNode-2] [INFO] [1775394561.061740895] [navNode]: 状态4：WaitAim--[A6]
1775394561.0625360 [navNode-2] [INFO] [1775394561.062163104] [navNode]: 未到目标点
1775394561.0626364 [navNode-2] 目标位置:(0.0, 0.0, 0.1)-[A6]-[MCU:False]-[POS:False]
1775394561.0627165 [navNode-2] 当前位置:(-0.0012376965023577213, -0.0009911583038046956, -0.0017621557926759124)
1775394561.1618328 [navNode-2] [INFO] [1775394561.161403910] [navNode]: 状态4：WaitAim--[A6]
1775394561.1623759 [navNode-2] [INFO] [1775394561.162023632] [navNode]: 未到目标点
1775394561.1625102 [navNode-2] 目标位置:(0.0, 0.0, 0.1)-[A6]-[MCU:False]-[POS:False]
1775394561.1625845 [navNode-2] 当前位置:(-0.0012376965023577213, -0.0009911583038046956, -0.0017621557926759124)
1775394561.2613635 [navNode-2] [INFO] [1775394561.260989754] [navNode]: 状态4：WaitAim--[A6]
1775394561.2618709 [navNode-2] [INFO] [1775394561.261557921] [navNode]: 未到目标点
1775394561.2619982 [navNode-2] 目标位置:(0.0, 0.0, 0.1)-[A6]-[MCU:False]-[POS:False]
1775394561.2620795 [navNode-2] 当前位置:(-0.0012376965023577213, -0.0009911583038046956, -0.0017621557926759124)
1775394561.3613694 [navNode-2] [INFO] [1775394561.360968143] [navNode]: 状态4：WaitAim--[A6]
1775394561.3618548 [navNode-2] [INFO] [1775394561.361409469] [navNode]: 未到目标点
1775394561.3619745 [navNode-2] 目标位置:(0.0, 0.0, 0.1)-[A6]-[MCU:False]-[POS:False]
1775394561.3620384 [navNode-2] 当前位置:(-0.0012376965023577213, -0.0009911583038046956, -0.0017621557926759124)
1775394561.4612253 [navNode-2] [INFO] [1775394561.460822265] [navNode]: 状态4：WaitAim--[A6]
1775394561.4617178 [navNode-2] [INFO] [1775394561.461251928] [navNode]: 未到目标点
1775394561.4618134 [navNode-2] 目标位置:(0.0, 0.0, 0.1)-[A6]-[MCU:False]-[POS:False]
1775394561.4618661 [navNode-2] 当前位置:(-0.0012376965023577213, -0.0009911583038046956, -0.0017621557926759124)
1775394561.5611317 [navNode-2] [INFO] [1775394561.560769995] [navNode]: 状态4：WaitAim--[A6]
1775394561.5615151 [navNode-2] [INFO] [1775394561.561176526] [navNode]: 未到目标点
1775394561.5616126 [navNode-2] 目标位置:(0.0, 0.0, 0.1)-[A6]-[MCU:False]-[POS:False]
1775394561.5616729 [navNode-2] 当前位置:(-0.0012376965023577213, -0.0009911583038046956, -0.0017621557926759124)
1775394561.6620190 [navNode-2] [INFO] [1775394561.661612109] [navNode]: 状态4：WaitAim--[A6]
1775394561.6624038 [navNode-2] [INFO] [1775394561.662130774] [navNode]: 未到目标点
1775394561.6624916 [navNode-2] 目标位置:(0.0, 0.0, 0.1)-[A6]-[MCU:False]-[POS:False]
1775394561.6625402 [navNode-2] 当前位置:(-0.0012376965023577213, -0.0009911583038046956, -0.0017621557926759124)
1775394561.7608821 [navNode-2] [INFO] [1775394561.760547998] [navNode]: 状态4：WaitAim--[A6]
1775394561.7612400 [navNode-2] [INFO] [1775394561.760958856] [navNode]: 未到目标点
1775394561.7613335 [navNode-2] 目标位置:(0.0, 0.0, 0.1)-[A6]-[MCU:False]-[POS:False]
1775394561.7614021 [navNode-2] 当前位置:(-0.0012376965023577213, -0.0009911583038046956, -0.0017621557926759124)
1775394561.8610575 [navNode-2] [INFO] [1775394561.860684023] [navNode]: 状态4：WaitAim--[A6]
1775394561.8614650 [navNode-2] [INFO] [1775394561.861114454] [navNode]: 未到目标点
1775394561.8615918 [navNode-2] 目标位置:(0.0, 0.0, 0.1)-[A6]-[MCU:False]-[POS:False]
1775394561.8616524 [navNode-2] 当前位置:(-0.0012376965023577213, -0.0009911583038046956, -0.0017621557926759124)
1775394561.9612422 [navNode-2] [INFO] [1775394561.960899905] [navNode]: 状态4：WaitAim--[A6]
1775394561.9617066 [navNode-2] [INFO] [1775394561.961426769] [navNode]: 未到目标点
1775394561.9617965 [navNode-2] 目标位置:(0.0, 0.0, 0.1)-[A6]-[MCU:False]-[POS:False]
1775394561.9618425 [navNode-2] 当前位置:(-0.0012376965023577213, -0.0009911583038046956, -0.0017621557926759124)
1775394562.0611322 [navNode-2] [INFO] [1775394562.060828936] [navNode]: 状态4：WaitAim--[A6]
1775394562.0615504 [navNode-2] [INFO] [1775394562.061340304] [navNode]: 未到目标点
1775394562.0616229 [navNode-2] 目标位置:(0.0, 0.0, 0.1)-[A6]-[MCU:False]-[POS:False]
1775394562.0616605 [navNode-2] 当前位置:(-0.0012376965023577213, -0.0009911583038046956, -0.0017621557926759124)
1775394562.1610217 [navNode-2] [INFO] [1775394562.160670228] [navNode]: 状态4：WaitAim--[A6]
1775394562.1614068 [navNode-2] [INFO] [1775394562.161107257] [navNode]: 未到目标点
1775394562.1614745 [navNode-2] 目标位置:(0.0, 0.0, 0.1)-[A6]-[MCU:False]-[POS:False]
1775394562.1615217 [navNode-2] 当前位置:(-0.0012376965023577213, -0.0009911583038046956, -0.0017621557926759124)
1775394562.2611842 [navNode-2] [INFO] [1775394562.260845569] [navNode]: 状态4：WaitAim--[A6]
1775394562.2616241 [navNode-2] [INFO] [1775394562.261343892] [navNode]: 未到目标点
1775394562.2617433 [navNode-2] 目标位置:(0.0, 0.0, 0.1)-[A6]-[MCU:False]-[POS:False]
1775394562.2618113 [navNode-2] 当前位置:(-0.0012376965023577213, -0.0009911583038046956, -0.0017621557926759124)
1775394562.3612332 [navNode-2] [INFO] [1775394562.360866729] [navNode]: 状态4：WaitAim--[A6]
1775394562.3617122 [navNode-2] [INFO] [1775394562.361346309] [navNode]: 未到目标点
1775394562.3618360 [navNode-2] 目标位置:(0.0, 0.0, 0.1)-[A6]-[MCU:False]-[POS:False]
1775394562.3618946 [navNode-2] 当前位置:(-0.0012376965023577213, -0.0009911583038046956, -0.0017621557926759124)
1775394562.4612269 [navNode-2] [INFO] [1775394562.460900539] [navNode]: 状态4：WaitAim--[A6]
1775394562.4616232 [navNode-2] [INFO] [1775394562.461348529] [navNode]: 未到目标点
1775394562.4617090 [navNode-2] 目标位置:(0.0, 0.0, 0.1)-[A6]-[MCU:False]-[POS:False]
1775394562.4617479 [navNode-2] 当前位置:(-0.0012376965023577213, -0.0009911583038046956, -0.0017621557926759124)
1775394562.5618768 [navNode-2] [INFO] [1775394562.561439804] [navNode]: 状态4：WaitAim--[A6]
1775394562.5623965 [navNode-2] [INFO] [1775394562.561919027] [navNode]: 未到目标点
1775394562.5625360 [navNode-2] 目标位置:(0.0, 0.0, 0.1)-[A6]-[MCU:False]-[POS:False]
1775394562.5626383 [navNode-2] 当前位置:(-0.0012376965023577213, -0.0009911583038046956, -0.0017621557926759124)
1775394562.6609728 [navNode-2] [INFO] [1775394562.660602336] [navNode]: 状态4：WaitAim--[A6]
1775394562.6613510 [navNode-2] [INFO] [1775394562.661140452] [navNode]: 未到目标点
1775394562.6614583 [navNode-2] 目标位置:(0.0, 0.0, 0.1)-[A6]-[MCU:False]-[POS:False]
1775394562.6615272 [navNode-2] 当前位置:(-0.0012376965023577213, -0.0009911583038046956, -0.0017621557926759124)
1775394562.7616525 [navNode-2] [INFO] [1775394562.761216775] [navNode]: 状态4：WaitAim--[A6]
1775394562.7622819 [navNode-2] [INFO] [1775394562.761778441] [navNode]: 未到目标点
1775394562.7624938 [navNode-2] 目标位置:(0.0, 0.0, 0.1)-[A6]-[MCU:False]-[POS:False]
1775394562.7625940 [navNode-2] 当前位置:(-0.0012376965023577213, -0.0009911583038046956, -0.0017621557926759124)
1775394562.8618147 [navNode-2] [INFO] [1775394562.861379967] [navNode]: 状态4：WaitAim--[A6]
1775394562.8623650 [navNode-2] [INFO] [1775394562.862003808] [navNode]: 未到目标点
1775394562.8625140 [navNode-2] 目标位置:(0.0, 0.0, 0.1)-[A6]-[MCU:False]-[POS:False]
1775394562.8625872 [navNode-2] 当前位置:(-0.0012376965023577213, -0.0009911583038046956, -0.0017621557926759124)
1775394562.9612455 [navNode-2] [INFO] [1775394562.960914449] [navNode]: 状态4：WaitAim--[A6]
1775394562.9617019 [navNode-2] [INFO] [1775394562.961396675] [navNode]: 未到目标点
1775394562.9618127 [navNode-2] 目标位置:(0.0, 0.0, 0.1)-[A6]-[MCU:False]-[POS:False]
1775394562.9618697 [navNode-2] 当前位置:(-0.0012376965023577213, -0.0009911583038046956, -0.0017621557926759124)
1775394563.0614891 [navNode-2] [INFO] [1775394563.061141934] [navNode]: 状态4：WaitAim--[A6]
1775394563.0618978 [navNode-2] [INFO] [1775394563.061616026] [navNode]: 未到目标点
1775394563.0620077 [navNode-2] 目标位置:(0.0, 0.0, 0.1)-[A6]-[MCU:False]-[POS:False]
1775394563.0621023 [navNode-2] 当前位置:(-0.0012376965023577213, -0.0009911583038046956, -0.0017621557926759124)
1775394563.1612396 [navNode-2] [INFO] [1775394563.160912335] [navNode]: 状态4：WaitAim--[A6]
1775394563.1616800 [navNode-2] [INFO] [1775394563.161352101] [navNode]: 未到目标点
1775394563.1617899 [navNode-2] 目标位置:(0.0, 0.0, 0.1)-[A6]-[MCU:False]-[POS:False]
1775394563.1618865 [navNode-2] 当前位置:(-0.0012376965023577213, -0.0009911583038046956, -0.0017621557926759124)
1775394563.2616885 [navNode-2] [INFO] [1775394563.261144965] [navNode]: 状态4：WaitAim--[A6]
1775394563.2624099 [navNode-2] [INFO] [1775394563.261676938] [navNode]: 未到目标点
1775394563.2626340 [navNode-2] 目标位置:(0.0, 0.0, 0.1)-[A6]-[MCU:False]-[POS:False]
1775394563.2627687 [navNode-2] 当前位置:(-0.0012376965023577213, -0.0009911583038046956, -0.0017621557926759124)
1775394563.3610697 [navNode-2] [INFO] [1775394563.360702696] [navNode]: 状态4：WaitAim--[A6]
1775394563.3614490 [navNode-2] [INFO] [1775394563.361102157] [navNode]: 未到目标点
1775394563.3615563 [navNode-2] 目标位置:(0.0, 0.0, 0.1)-[A6]-[MCU:False]-[POS:False]
1775394563.3616104 [navNode-2] 当前位置:(-0.0012376965023577213, -0.0009911583038046956, -0.0017621557926759124)
1775394563.4610674 [navNode-2] [INFO] [1775394563.460701693] [navNode]: 状态4：WaitAim--[A6]
1775394563.4614234 [navNode-2] [INFO] [1775394563.461196729] [navNode]: 未到目标点
1775394563.4615023 [navNode-2] 目标位置:(0.0, 0.0, 0.1)-[A6]-[MCU:False]-[POS:False]
1775394563.4615622 [navNode-2] 当前位置:(-0.0012376965023577213, -0.0009911583038046956, -0.0017621557926759124)
1775394563.5624456 [navNode-2] [INFO] [1775394563.562058263] [navNode]: 状态4：WaitAim--[A6]
1775394563.5629120 [navNode-2] [INFO] [1775394563.562545981] [navNode]: 未到目标点
1775394563.5630200 [navNode-2] 目标位置:(0.0, 0.0, 0.1)-[A6]-[MCU:False]-[POS:False]
1775394563.5630758 [navNode-2] 当前位置:(-0.0012376965023577213, -0.0009911583038046956, -0.0017621557926759124)
1775394563.6610422 [navNode-2] [INFO] [1775394563.660706312] [navNode]: 状态4：WaitAim--[A6]
1775394563.6614690 [navNode-2] [INFO] [1775394563.661201144] [navNode]: 未到目标点
1775394563.6615448 [navNode-2] 目标位置:(0.0, 0.0, 0.1)-[A6]-[MCU:False]-[POS:False]
1775394563.6615899 [navNode-2] 当前位置:(-0.0012376965023577213, -0.0009911583038046956, -0.0017621557926759124)
1775394563.7613490 [navNode-2] [INFO] [1775394563.761015613] [navNode]: 状态4：WaitAim--[A6]
1775394563.7617655 [navNode-2] [INFO] [1775394563.761495464] [navNode]: 未到目标点
1775394563.7618818 [navNode-2] 目标位置:(0.0, 0.0, 0.1)-[A6]-[MCU:False]-[POS:False]
1775394563.7619472 [navNode-2] 当前位置:(-0.0012376965023577213, -0.0009911583038046956, -0.0017621557926759124)
1775394563.8609662 [navNode-2] [INFO] [1775394563.860577006] [navNode]: 状态4：WaitAim--[A6]
1775394563.8613977 [navNode-2] [INFO] [1775394563.861122238] [navNode]: 未到目标点
1775394563.8615148 [navNode-2] 目标位置:(0.0, 0.0, 0.1)-[A6]-[MCU:False]-[POS:False]
1775394563.8615818 [navNode-2] 当前位置:(-0.0012376965023577213, -0.0009911583038046956, -0.0017621557926759124)
1775394563.9609423 [navNode-2] [INFO] [1775394563.960526580] [navNode]: 状态4：WaitAim--[A6]
1775394563.9613202 [navNode-2] [INFO] [1775394563.960981971] [navNode]: 未到目标点
1775394563.9614077 [navNode-2] 目标位置:(0.0, 0.0, 0.1)-[A6]-[MCU:False]-[POS:False]
1775394563.9614496 [navNode-2] 当前位置:(-0.0012376965023577213, -0.0009911583038046956, -0.0017621557926759124)
1775394564.0612128 [navNode-2] [INFO] [1775394564.060902473] [navNode]: 状态4：WaitAim--[A6]
1775394564.0615494 [navNode-2] [INFO] [1775394564.061402904] [navNode]: 未到目标点
1775394564.0616488 [navNode-2] 目标位置:(0.0, 0.0, 0.1)-[A6]-[MCU:False]-[POS:False]
1775394564.0617192 [navNode-2] 当前位置:(-0.0012376965023577213, -0.0009911583038046956, -0.0017621557926759124)
1775394564.1609654 [navNode-2] [INFO] [1775394564.160642642] [navNode]: 状态4：WaitAim--[A6]
1775394564.1613667 [navNode-2] [INFO] [1775394564.161074920] [navNode]: 未到目标点
1775394564.1614814 [navNode-2] 目标位置:(0.0, 0.0, 0.1)-[A6]-[MCU:False]-[POS:False]
1775394564.1615381 [navNode-2] 当前位置:(-0.0012376965023577213, -0.0009911583038046956, -0.0017621557926759124)
1775394564.2609935 [navNode-2] [INFO] [1775394564.260668819] [navNode]: 状态4：WaitAim--[A6]
1775394564.2613862 [navNode-2] [INFO] [1775394564.261136786] [navNode]: 未到目标点
1775394564.2615061 [navNode-2] 目标位置:(0.0, 0.0, 0.1)-[A6]-[MCU:False]-[POS:False]
1775394564.2615600 [navNode-2] 当前位置:(-0.0012376965023577213, -0.0009911583038046956, -0.0017621557926759124)
1775394564.3613093 [navNode-2] [INFO] [1775394564.360954469] [navNode]: 状态4：WaitAim--[A6]
1775394564.3617363 [navNode-2] [INFO] [1775394564.361449297] [navNode]: 未到目标点
1775394564.3618226 [navNode-2] 目标位置:(0.0, 0.0, 0.1)-[A6]-[MCU:False]-[POS:False]
1775394564.3618712 [navNode-2] 当前位置:(-0.0012376965023577213, -0.0009911583038046956, -0.0017621557926759124)
1775394564.4611490 [navNode-2] [INFO] [1775394564.460868111] [navNode]: 状态4：WaitAim--[A6]
1775394564.4615571 [navNode-2] [INFO] [1775394564.461434457] [navNode]: 未到目标点
1775394564.4616499 [navNode-2] 目标位置:(0.0, 0.0, 0.1)-[A6]-[MCU:False]-[POS:False]
1775394564.4616885 [navNode-2] 当前位置:(-0.0012376965023577213, -0.0009911583038046956, -0.0017621557926759124)
1775394564.5613430 [navNode-2] [INFO] [1775394564.560966725] [navNode]: 状态4：WaitAim--[A6]
1775394564.5619318 [navNode-2] [INFO] [1775394564.561488618] [navNode]: 未到目标点
1775394564.5621386 [navNode-2] 目标位置:(0.0, 0.0, 0.1)-[A6]-[MCU:False]-[POS:False]
1775394564.5621927 [navNode-2] 当前位置:(-0.0012376965023577213, -0.0009911583038046956, -0.0017621557926759124)
1775394564.6611843 [navNode-2] [INFO] [1775394564.660745906] [navNode]: 状态4：WaitAim--[A6]
1775394564.6615591 [navNode-2] [INFO] [1775394564.661304477] [navNode]: 未到目标点
1775394564.6616249 [navNode-2] 目标位置:(0.0, 0.0, 0.1)-[A6]-[MCU:False]-[POS:False]
1775394564.6616635 [navNode-2] 当前位置:(-0.0012376965023577213, -0.0009911583038046956, -0.0017621557926759124)
1775394564.7620661 [navNode-2] [INFO] [1775394564.761612952] [navNode]: 状态4：WaitAim--[A6]
1775394564.7626793 [navNode-2] [INFO] [1775394564.762320414] [navNode]: 未到目标点
1775394564.7628126 [navNode-2] 目标位置:(0.0, 0.0, 0.1)-[A6]-[MCU:False]-[POS:False]
1775394564.7628779 [navNode-2] 当前位置:(-0.0012376965023577213, -0.0009911583038046956, -0.0017621557926759124)
1775394564.8612339 [navNode-2] [INFO] [1775394564.860903028] [navNode]: 状态4：WaitAim--[A6]
1775394564.8616345 [navNode-2] [INFO] [1775394564.861408289] [navNode]: 未到目标点
1775394564.8617089 [navNode-2] 目标位置:(0.0, 0.0, 0.1)-[A6]-[MCU:False]-[POS:False]
1775394564.8617539 [navNode-2] 当前位置:(-0.0012376965023577213, -0.0009911583038046956, -0.0017621557926759124)
1775394564.9610660 [navNode-2] [INFO] [1775394564.960704897] [navNode]: 状态4：WaitAim--[A6]
1775394564.9614861 [navNode-2] [INFO] [1775394564.961168488] [navNode]: 未到目标点
1775394564.9615684 [navNode-2] 目标位置:(0.0, 0.0, 0.1)-[A6]-[MCU:False]-[POS:False]
1775394564.9616153 [navNode-2] 当前位置:(-0.0012376965023577213, -0.0009911583038046956, -0.0017621557926759124)
1775394565.0611730 [navNode-2] [INFO] [1775394565.060785245] [navNode]: 状态4：WaitAim--[A6]
1775394565.0615752 [navNode-2] [INFO] [1775394565.061218239] [navNode]: 未到目标点
1775394565.0616815 [navNode-2] 目标位置:(0.0, 0.0, 0.1)-[A6]-[MCU:False]-[POS:False]
1775394565.0617316 [navNode-2] 当前位置:(-0.0012376965023577213, -0.0009911583038046956, -0.0017621557926759124)
1775394565.1616831 [navNode-2] [INFO] [1775394565.161162045] [navNode]: 状态4：WaitAim--[A6]
1775394565.1621537 [navNode-2] [INFO] [1775394565.161758446] [navNode]: 未到目标点
1775394565.1622684 [navNode-2] 目标位置:(0.0, 0.0, 0.1)-[A6]-[MCU:False]-[POS:False]
1775394565.1623335 [navNode-2] 当前位置:(-0.0012376965023577213, -0.0009911583038046956, -0.0017621557926759124)
1775394565.2608106 [navNode-2] [INFO] [1775394565.260488549] [navNode]: 状态4：WaitAim--[A6]
1775394565.2611642 [navNode-2] [INFO] [1775394565.261029317] [navNode]: 未到目标点
1775394565.2612464 [navNode-2] 目标位置:(0.0, 0.0, 0.1)-[A6]-[MCU:False]-[POS:False]
1775394565.2612967 [navNode-2] 当前位置:(-0.0012376965023577213, -0.0009911583038046956, -0.0017621557926759124)
1775394565.3611436 [navNode-2] [INFO] [1775394565.360736999] [navNode]: 状态4：WaitAim--[A6]
1775394565.3615880 [navNode-2] [INFO] [1775394565.361263601] [navNode]: 未到目标点
1775394565.3616834 [navNode-2] 目标位置:(0.0, 0.0, 0.1)-[A6]-[MCU:False]-[POS:False]
1775394565.3617358 [navNode-2] 当前位置:(-0.0012376965023577213, -0.0009911583038046956, -0.0017621557926759124)
1775394565.4607286 [navNode-2] [INFO] [1775394565.460374149] [navNode]: 状态4：WaitAim--[A6]
1775394565.4612405 [navNode-2] [INFO] [1775394565.460839075] [navNode]: 未到目标点
1775394565.4613304 [navNode-2] 目标位置:(0.0, 0.0, 0.1)-[A6]-[MCU:False]-[POS:False]
1775394565.4613721 [navNode-2] 当前位置:(-0.0012376965023577213, -0.0009911583038046956, -0.0017621557926759124)
1775394565.5612631 [navNode-2] [INFO] [1775394565.560905635] [navNode]: 状态4：WaitAim--[A6]
1775394565.5617316 [navNode-2] [INFO] [1775394565.561385596] [navNode]: 未到目标点
1775394565.5618079 [navNode-2] 目标位置:(0.0, 0.0, 0.1)-[A6]-[MCU:False]-[POS:False]
1775394565.5618501 [navNode-2] 当前位置:(-0.0012376965023577213, -0.0009911583038046956, -0.0017621557926759124)
1775394565.6610429 [navNode-2] [INFO] [1775394565.660666944] [navNode]: 状态4：WaitAim--[A6]
1775394565.6615078 [navNode-2] [INFO] [1775394565.661207453] [navNode]: 未到目标点
1775394565.6616197 [navNode-2] 目标位置:(0.0, 0.0, 0.1)-[A6]-[MCU:False]-[POS:False]
1775394565.6616669 [navNode-2] 当前位置:(-0.0012376965023577213, -0.0009911583038046956, -0.0017621557926759124)
1775394565.7613897 [navNode-2] [INFO] [1775394565.761006253] [navNode]: 状态4：WaitAim--[A6]
1775394565.7618194 [navNode-2] [INFO] [1775394565.761511570] [navNode]: 未到目标点
1775394565.7619402 [navNode-2] 目标位置:(0.0, 0.0, 0.1)-[A6]-[MCU:False]-[POS:False]
1775394565.7620125 [navNode-2] 当前位置:(-0.0012376965023577213, -0.0009911583038046956, -0.0017621557926759124)
1775394565.8615134 [navNode-2] [INFO] [1775394565.861121710] [navNode]: 状态4：WaitAim--[A6]
1775394565.8621938 [navNode-2] [INFO] [1775394565.862039812] [navNode]: 未到目标点
1775394565.8623195 [navNode-2] 目标位置:(0.0, 0.0, 0.1)-[A6]-[MCU:False]-[POS:False]
1775394565.8623855 [navNode-2] 当前位置:(-0.0012376965023577213, -0.0009911583038046956, -0.0017621557926759124)
1775394565.9609110 [navNode-2] [INFO] [1775394565.960473219] [navNode]: 状态4：WaitAim--[A6]
1775394565.9614730 [navNode-2] [INFO] [1775394565.961063600] [navNode]: 未到目标点
1775394565.9616480 [navNode-2] 目标位置:(0.0, 0.0, 0.1)-[A6]-[MCU:False]-[POS:False]
1775394565.9617145 [navNode-2] 当前位置:(-0.0012376965023577213, -0.0009911583038046956, -0.0017621557926759124)
1775394566.0613544 [navNode-2] [INFO] [1775394566.060969663] [navNode]: 状态4：WaitAim--[A6]
1775394566.0618107 [navNode-2] [INFO] [1775394566.061507627] [navNode]: 未到目标点
1775394566.0619121 [navNode-2] 目标位置:(0.0, 0.0, 0.1)-[A6]-[MCU:False]-[POS:False]
1775394566.0619905 [navNode-2] 当前位置:(-0.0012376965023577213, -0.0009911583038046956, -0.0017621557926759124)
1775394566.1614156 [navNode-2] [INFO] [1775394566.161074092] [navNode]: 状态4：WaitAim--[A6]
1775394566.1618176 [navNode-2] [INFO] [1775394566.161538917] [navNode]: 未到目标点
1775394566.1619422 [navNode-2] 目标位置:(0.0, 0.0, 0.1)-[A6]-[MCU:False]-[POS:False]
1775394566.1620233 [navNode-2] 当前位置:(-0.0012376965023577213, -0.0009911583038046956, -0.0017621557926759124)
1775394566.2611721 [navNode-2] [INFO] [1775394566.260815056] [navNode]: 状态4：WaitAim--[A6]
1775394566.2616448 [navNode-2] [INFO] [1775394566.261341297] [navNode]: 未到目标点
1775394566.2617602 [navNode-2] 目标位置:(0.0, 0.0, 0.1)-[A6]-[MCU:False]-[POS:False]
1775394566.2618566 [navNode-2] 当前位置:(-0.0012376965023577213, -0.0009911583038046956, -0.0017621557926759124)
1775394566.3619170 [navNode-2] [INFO] [1775394566.361150655] [navNode]: 状态4：WaitAim--[A6]
1775394566.3629963 [navNode-2] [INFO] [1775394566.361693548] [navNode]: 未到目标点
1775394566.3632574 [navNode-2] 目标位置:(0.0, 0.0, 0.1)-[A6]-[MCU:False]-[POS:False]
1775394566.3634169 [navNode-2] 当前位置:(-0.0012376965023577213, -0.0009911583038046956, -0.0017621557926759124)
1775394566.4609983 [navNode-2] [INFO] [1775394566.460674435] [navNode]: 状态4：WaitAim--[A6]
1775394566.4615338 [navNode-2] [INFO] [1775394566.461177487] [navNode]: 未到目标点
1775394566.4616461 [navNode-2] 目标位置:(0.0, 0.0, 0.1)-[A6]-[MCU:False]-[POS:False]
1775394566.4616983 [navNode-2] 当前位置:(-0.0012376965023577213, -0.0009911583038046956, -0.0017621557926759124)
1775394566.5611560 [navNode-2] [INFO] [1775394566.560754855] [navNode]: 状态4：WaitAim--[A6]
1775394566.5617356 [navNode-2] [INFO] [1775394566.561580523] [navNode]: 未到目标点
1775394566.5618837 [navNode-2] 目标位置:(0.0, 0.0, 0.1)-[A6]-[MCU:False]-[POS:False]
1775394566.5619421 [navNode-2] 当前位置:(-0.0012376965023577213, -0.0009911583038046956, -0.0017621557926759124)
1775394566.6627498 [navNode-2] [INFO] [1775394566.662173895] [navNode]: 状态4：WaitAim--[A6]
1775394566.6635184 [navNode-2] [INFO] [1775394566.663133001] [navNode]: 未到目标点
1775394566.6637135 [navNode-2] 目标位置:(0.0, 0.0, 0.1)-[A6]-[MCU:False]-[POS:False]
1775394566.6638651 [navNode-2] 当前位置:(-0.0012376965023577213, -0.0009911583038046956, -0.0017621557926759124)
1775394566.7611320 [navNode-2] [INFO] [1775394566.760689141] [navNode]: 状态4：WaitAim--[A6]
1775394566.7615557 [navNode-2] [INFO] [1775394566.761166243] [navNode]: 未到目标点
1775394566.7616527 [navNode-2] 目标位置:(0.0, 0.0, 0.1)-[A6]-[MCU:False]-[POS:False]
1775394566.7616980 [navNode-2] 当前位置:(-0.0012376965023577213, -0.0009911583038046956, -0.0017621557926759124)
1775394566.8610189 [navNode-2] [INFO] [1775394566.860651035] [navNode]: 状态4：WaitAim--[A6]
1775394566.8614147 [navNode-2] [INFO] [1775394566.861041909] [navNode]: 未到目标点
1775394566.8614891 [navNode-2] 目标位置:(0.0, 0.0, 0.1)-[A6]-[MCU:False]-[POS:False]
1775394566.8615253 [navNode-2] 当前位置:(-0.0012376965023577213, -0.0009911583038046956, -0.0017621557926759124)
1775394566.9613833 [navNode-2] [INFO] [1775394566.960915020] [navNode]: 状态4：WaitAim--[A6]
1775394566.9618504 [navNode-2] [INFO] [1775394566.961504524] [navNode]: 未到目标点
1775394566.9619758 [navNode-2] 目标位置:(0.0, 0.0, 0.1)-[A6]-[MCU:False]-[POS:False]
1775394566.9620659 [navNode-2] 当前位置:(-0.0012376965023577213, -0.0009911583038046956, -0.0017621557926759124)
1775394567.0638156 [navNode-2] [INFO] [1775394567.063061447] [navNode]: 状态4：WaitAim--[A6]
1775394567.0646372 [navNode-2] [INFO] [1775394567.064199164] [navNode]: 未到目标点
1775394567.0648816 [navNode-2] 目标位置:(0.0, 0.0, 0.1)-[A6]-[MCU:False]-[POS:False]
1775394567.0650666 [navNode-2] 当前位置:(-0.0012376965023577213, -0.0009911583038046956, -0.0017621557926759124)
1775394567.1608496 [navNode-2] [INFO] [1775394567.160472098] [navNode]: 状态4：WaitAim--[A6]
1775394567.1612365 [navNode-2] [INFO] [1775394567.160884796] [navNode]: 未到目标点
1775394567.1613402 [navNode-2] 目标位置:(0.0, 0.0, 0.1)-[A6]-[MCU:False]-[POS:False]
1775394567.1613860 [navNode-2] 当前位置:(-0.0012376965023577213, -0.0009911583038046956, -0.0017621557926759124)
1775394567.2612674 [navNode-2] [INFO] [1775394567.260838941] [navNode]: 状态4：WaitAim--[A6]
1775394567.2616851 [navNode-2] [INFO] [1775394567.261264183] [navNode]: 未到目标点
1775394567.2617812 [navNode-2] 目标位置:(0.0, 0.0, 0.1)-[A6]-[MCU:False]-[POS:False]
1775394567.2618279 [navNode-2] 当前位置:(-0.0012376965023577213, -0.0009911583038046956, -0.0017621557926759124)
1775394567.3608341 [navNode-2] [INFO] [1775394567.360497164] [navNode]: 状态4：WaitAim--[A6]
1775394567.3612428 [navNode-2] [INFO] [1775394567.360945668] [navNode]: 未到目标点
1775394567.3613675 [navNode-2] 目标位置:(0.0, 0.0, 0.1)-[A6]-[MCU:False]-[POS:False]
1775394567.3614142 [navNode-2] 当前位置:(-0.0012376965023577213, -0.0009911583038046956, -0.0017621557926759124)
1775394567.4609239 [navNode-2] [INFO] [1775394567.460498190] [navNode]: 状态4：WaitAim--[A6]
1775394567.4614506 [navNode-2] [INFO] [1775394567.461009800] [navNode]: 未到目标点
1775394567.4615190 [navNode-2] 目标位置:(0.0, 0.0, 0.1)-[A6]-[MCU:False]-[POS:False]
1775394567.4615569 [navNode-2] 当前位置:(-0.0012376965023577213, -0.0009911583038046956, -0.0017621557926759124)
1775394567.5606403 [navNode-2] [INFO] [1775394567.560326831] [navNode]: 状态4：WaitAim--[A6]
1775394567.5610878 [navNode-2] [INFO] [1775394567.560911850] [navNode]: 未到目标点
1775394567.5611527 [navNode-2] 目标位置:(0.0, 0.0, 0.1)-[A6]-[MCU:False]-[POS:False]
1775394567.5611897 [navNode-2] 当前位置:(-0.0012376965023577213, -0.0009911583038046956, -0.0017621557926759124)
1775394567.6610813 [navNode-2] [INFO] [1775394567.660806309] [navNode]: 状态4：WaitAim--[A6]
1775394567.6614115 [navNode-2] [INFO] [1775394567.661163536] [navNode]: 未到目标点
1775394567.6614654 [navNode-2] 目标位置:(0.0, 0.0, 0.1)-[A6]-[MCU:False]-[POS:False]
1775394567.6614997 [navNode-2] 当前位置:(-0.0012376965023577213, -0.0009911583038046956, -0.0017621557926759124)
1775394567.7610686 [navNode-2] [INFO] [1775394567.760691778] [navNode]: 状态4：WaitAim--[A6]
1775394567.7615640 [navNode-2] [INFO] [1775394567.761433999] [navNode]: 未到目标点
1775394567.7617157 [navNode-2] 目标位置:(0.0, 0.0, 0.1)-[A6]-[MCU:False]-[POS:False]
1775394567.7617629 [navNode-2] 当前位置:(-0.0012376965023577213, -0.0009911583038046956, -0.0017621557926759124)
1775394567.8608687 [navNode-2] [INFO] [1775394567.860558970] [navNode]: 状态4：WaitAim--[A6]
1775394567.8612363 [navNode-2] [INFO] [1775394567.860972683] [navNode]: 未到目标点
1775394567.8612983 [navNode-2] 目标位置:(0.0, 0.0, 0.1)-[A6]-[MCU:False]-[POS:False]
1775394567.8613350 [navNode-2] 当前位置:(-0.0012376965023577213, -0.0009911583038046956, -0.0017621557926759124)
1775394567.9611902 [navNode-2] [INFO] [1775394567.960862337] [navNode]: 状态4：WaitAim--[A6]
1775394567.9614983 [navNode-2] [INFO] [1775394567.961291389] [navNode]: 未到目标点
1775394567.9615796 [navNode-2] 目标位置:(0.0, 0.0, 0.1)-[A6]-[MCU:False]-[POS:False]
1775394567.9616251 [navNode-2] 当前位置:(-0.0012376965023577213, -0.0009911583038046956, -0.0017621557926759124)
1775394568.0619435 [navNode-2] [INFO] [1775394568.061416169] [navNode]: 状态4：WaitAim--[A6]
1775394568.0624282 [navNode-2] [INFO] [1775394568.062073983] [navNode]: 未到目标点
1775394568.0625618 [navNode-2] 目标位置:(0.0, 0.0, 0.1)-[A6]-[MCU:False]-[POS:False]
1775394568.0626490 [navNode-2] 当前位置:(-0.0012376965023577213, -0.0009911583038046956, -0.0017621557926759124)
1775394568.1611149 [navNode-2] [INFO] [1775394568.160796724] [navNode]: 状态4：WaitAim--[A6]
1775394568.1614912 [navNode-2] [INFO] [1775394568.161256076] [navNode]: 未到目标点
1775394568.1615887 [navNode-2] 目标位置:(0.0, 0.0, 0.1)-[A6]-[MCU:False]-[POS:False]
1775394568.1616504 [navNode-2] 当前位置:(-0.0012376965023577213, -0.0009911583038046956, -0.0017621557926759124)
1775394568.2609534 [navNode-2] [INFO] [1775394568.260619319] [navNode]: 状态4：WaitAim--[A6]
1775394568.2613151 [navNode-2] [INFO] [1775394568.261037921] [navNode]: 未到目标点
1775394568.2614419 [navNode-2] 目标位置:(0.0, 0.0, 0.1)-[A6]-[MCU:False]-[POS:False]
1775394568.2614894 [navNode-2] 当前位置:(-0.0012376965023577213, -0.0009911583038046956, -0.0017621557926759124)
1775394568.3611016 [navNode-2] [INFO] [1775394568.360757066] [navNode]: 状态4：WaitAim--[A6]
1775394568.3615184 [navNode-2] [INFO] [1775394568.361250003] [navNode]: 未到目标点
1775394568.3616238 [navNode-2] 目标位置:(0.0, 0.0, 0.1)-[A6]-[MCU:False]-[POS:False]
1775394568.3616893 [navNode-2] 当前位置:(-0.0012376965023577213, -0.0009911583038046956, -0.0017621557926759124)
1775394568.4612482 [navNode-2] [INFO] [1775394568.460937202] [navNode]: 状态4：WaitAim--[A6]
1775394568.4616113 [navNode-2] [INFO] [1775394568.461382957] [navNode]: 未到目标点
1775394568.4616992 [navNode-2] 目标位置:(0.0, 0.0, 0.1)-[A6]-[MCU:False]-[POS:False]
1775394568.4617643 [navNode-2] 当前位置:(-0.0012376965023577213, -0.0009911583038046956, -0.0017621557926759124)
1775394568.5620756 [navNode-2] [INFO] [1775394568.561687329] [navNode]: 状态4：WaitAim--[A6]
1775394568.5624547 [navNode-2] [INFO] [1775394568.562152872] [navNode]: 未到目标点
1775394568.5625517 [navNode-2] 目标位置:(0.0, 0.0, 0.1)-[A6]-[MCU:False]-[POS:False]
1775394568.5626006 [navNode-2] 当前位置:(-0.0012376965023577213, -0.0009911583038046956, -0.0017621557926759124)
1775394568.6612487 [navNode-2] [INFO] [1775394568.660810573] [navNode]: 状态4：WaitAim--[A6]
1775394568.6617072 [navNode-2] [INFO] [1775394568.661313733] [navNode]: 未到目标点
1775394568.6618316 [navNode-2] 目标位置:(0.0, 0.0, 0.1)-[A6]-[MCU:False]-[POS:False]
1775394568.6619046 [navNode-2] 当前位置:(-0.0012376965023577213, -0.0009911583038046956, -0.0017621557926759124)
1775394568.7615550 [navNode-2] [INFO] [1775394568.761175751] [navNode]: 状态4：WaitAim--[A6]
1775394568.7620080 [navNode-2] [INFO] [1775394568.761620964] [navNode]: 未到目标点
1775394568.7621164 [navNode-2] 目标位置:(0.0, 0.0, 0.1)-[A6]-[MCU:False]-[POS:False]
1775394568.7622192 [navNode-2] 当前位置:(-0.0012376965023577213, -0.0009911583038046956, -0.0017621557926759124)
1775394568.8610742 [navNode-2] [INFO] [1775394568.860692859] [navNode]: 状态4：WaitAim--[A6]
1775394568.8614995 [navNode-2] [INFO] [1775394568.861084520] [navNode]: 未到目标点
1775394568.8616068 [navNode-2] 目标位置:(0.0, 0.0, 0.1)-[A6]-[MCU:False]-[POS:False]
1775394568.8616633 [navNode-2] 当前位置:(-0.0012376965023577213, -0.0009911583038046956, -0.0017621557926759124)
1775394568.9607954 [navNode-2] [INFO] [1775394568.960366075] [navNode]: 状态4：WaitAim--[A6]
1775394568.9611611 [navNode-2] [INFO] [1775394568.960849343] [navNode]: 未到目标点
1775394568.9612699 [navNode-2] 目标位置:(0.0, 0.0, 0.1)-[A6]-[MCU:False]-[POS:False]
1775394568.9613276 [navNode-2] 当前位置:(-0.0012376965023577213, -0.0009911583038046956, -0.0017621557926759124)
1775394569.0609891 [navNode-2] [INFO] [1775394569.060620903] [navNode]: 状态4：WaitAim--[A6]
1775394569.0613515 [navNode-2] [INFO] [1775394569.060991666] [navNode]: 未到目标点
1775394569.0614412 [navNode-2] 目标位置:(0.0, 0.0, 0.1)-[A6]-[MCU:False]-[POS:False]
1775394569.0615008 [navNode-2] 当前位置:(-0.0012376965023577213, -0.0009911583038046956, -0.0017621557926759124)
1775394569.1610658 [navNode-2] [INFO] [1775394569.160680663] [navNode]: 状态4：WaitAim--[A6]
1775394569.1614544 [navNode-2] [INFO] [1775394569.161114933] [navNode]: 未到目标点
1775394569.1615555 [navNode-2] 目标位置:(0.0, 0.0, 0.1)-[A6]-[MCU:False]-[POS:False]
1775394569.1616211 [navNode-2] 当前位置:(-0.0012376965023577213, -0.0009911583038046956, -0.0017621557926759124)
1775394569.2617347 [navNode-2] [INFO] [1775394569.261355751] [navNode]: 状态4：WaitAim--[A6]
1775394569.2620969 [navNode-2] [INFO] [1775394569.261741487] [navNode]: 未到目标点
1775394569.2621884 [navNode-2] 目标位置:(0.0, 0.0, 0.1)-[A6]-[MCU:False]-[POS:False]
1775394569.2622278 [navNode-2] 当前位置:(-0.0012376965023577213, -0.0009911583038046956, -0.0017621557926759124)
1775394569.3612669 [navNode-2] [INFO] [1775394569.360944364] [navNode]: 状态4：WaitAim--[A6]
1775394569.3617392 [navNode-2] [INFO] [1775394569.361445966] [navNode]: 未到目标点
1775394569.3618953 [navNode-2] 目标位置:(0.0, 0.0, 0.1)-[A6]-[MCU:False]-[POS:False]
1775394569.3619938 [navNode-2] 当前位置:(-0.0012376965023577213, -0.0009911583038046956, -0.0017621557926759124)
1775394569.4619899 [navNode-2] [INFO] [1775394569.461553358] [navNode]: 状态4：WaitAim--[A6]
1775394569.4625099 [navNode-2] [INFO] [1775394569.462267648] [navNode]: 未到目标点
1775394569.4626880 [navNode-2] 目标位置:(0.0, 0.0, 0.1)-[A6]-[MCU:False]-[POS:False]
1775394569.4628122 [navNode-2] 当前位置:(-0.0012376965023577213, -0.0009911583038046956, -0.0017621557926759124)
1775394569.5610807 [navNode-2] [INFO] [1775394569.560711263] [navNode]: 状态4：WaitAim--[A6]
1775394569.5614679 [navNode-2] [INFO] [1775394569.561157259] [navNode]: 未到目标点
1775394569.5619600 [navNode-2] 目标位置:(0.0, 0.0, 0.1)-[A6]-[MCU:False]-[POS:False]
1775394569.5621588 [navNode-2] 当前位置:(-0.0012376965023577213, -0.0009911583038046956, -0.0017621557926759124)
1775394569.6611922 [navNode-2] [INFO] [1775394569.660803298] [navNode]: 状态4：WaitAim--[A6]
1775394569.6615484 [navNode-2] [INFO] [1775394569.661204004] [navNode]: 未到目标点
1775394569.6616523 [navNode-2] 目标位置:(0.0, 0.0, 0.1)-[A6]-[MCU:False]-[POS:False]
1775394569.6617196 [navNode-2] 当前位置:(-0.0012376965023577213, -0.0009911583038046956, -0.0017621557926759124)
1775394569.7607851 [navNode-2] [INFO] [1775394569.760472708] [navNode]: 状态4：WaitAim--[A6]
1775394569.7611170 [navNode-2] [INFO] [1775394569.760908014] [navNode]: 未到目标点
1775394569.7611697 [navNode-2] 目标位置:(0.0, 0.0, 0.1)-[A6]-[MCU:False]-[POS:False]
1775394569.7612038 [navNode-2] 当前位置:(-0.0012376965023577213, -0.0009911583038046956, -0.0017621557926759124)
1775394569.8609726 [navNode-2] [INFO] [1775394569.860683247] [navNode]: 状态4：WaitAim--[A6]
1775394569.8612831 [navNode-2] [INFO] [1775394569.861061602] [navNode]: 未到目标点
1775394569.8613451 [navNode-2] 目标位置:(0.0, 0.0, 0.1)-[A6]-[MCU:False]-[POS:False]
1775394569.8613842 [navNode-2] 当前位置:(-0.0012376965023577213, -0.0009911583038046956, -0.0017621557926759124)
1775394569.9606314 [navNode-2] [INFO] [1775394569.960265992] [navNode]: 状态4：WaitAim--[A6]
1775394569.9609747 [navNode-2] [INFO] [1775394569.960692296] [navNode]: 未到目标点
1775394569.9610872 [navNode-2] 目标位置:(0.0, 0.0, 0.1)-[A6]-[MCU:False]-[POS:False]
1775394569.9611382 [navNode-2] 当前位置:(-0.0012376965023577213, -0.0009911583038046956, -0.0017621557926759124)
1775394570.0624804 [navNode-2] [INFO] [1775394570.061869479] [navNode]: 状态4：WaitAim--[A6]
1775394570.0630915 [navNode-2] [INFO] [1775394570.062837077] [navNode]: 未到目标点
1775394570.0632505 [navNode-2] 目标位置:(0.0, 0.0, 0.1)-[A6]-[MCU:False]-[POS:False]
1775394570.0633314 [navNode-2] 当前位置:(-0.0012376965023577213, -0.0009911583038046956, -0.0017621557926759124)
1775394570.1607788 [navNode-2] [INFO] [1775394570.160417602] [navNode]: 状态4：WaitAim--[A6]
1775394570.1611476 [navNode-2] [INFO] [1775394570.160864715] [navNode]: 未到目标点
1775394570.1612489 [navNode-2] 目标位置:(0.0, 0.0, 0.1)-[A6]-[MCU:False]-[POS:False]
1775394570.1612947 [navNode-2] 当前位置:(-0.0012376965023577213, -0.0009911583038046956, -0.0017621557926759124)
1775394570.2615030 [navNode-2] [INFO] [1775394570.261113548] [navNode]: 状态4：WaitAim--[A6]
1775394570.2619426 [navNode-2] [INFO] [1775394570.261549825] [navNode]: 未到目标点
1775394570.2620425 [navNode-2] 目标位置:(0.0, 0.0, 0.1)-[A6]-[MCU:False]-[POS:False]
1775394570.2620885 [navNode-2] 当前位置:(-0.0012376965023577213, -0.0009911583038046956, -0.0017621557926759124)
1775394570.3607678 [navNode-2] [INFO] [1775394570.360426247] [navNode]: 状态4：WaitAim--[A6]
1775394570.3611665 [navNode-2] [INFO] [1775394570.360927503] [navNode]: 未到目标点
1775394570.3612807 [navNode-2] 目标位置:(0.0, 0.0, 0.1)-[A6]-[MCU:False]-[POS:False]
1775394570.3613327 [navNode-2] 当前位置:(-0.0012376965023577213, -0.0009911583038046956, -0.0017621557926759124)
1775394570.4610276 [navNode-2] [INFO] [1775394570.460660248] [navNode]: 状态4：WaitAim--[A6]
1775394570.4614251 [navNode-2] [INFO] [1775394570.461086231] [navNode]: 未到目标点
1775394570.4615092 [navNode-2] 目标位置:(0.0, 0.0, 0.1)-[A6]-[MCU:False]-[POS:False]
1775394570.4615555 [navNode-2] 当前位置:(-0.0012376965023577213, -0.0009911583038046956, -0.0017621557926759124)
1775394570.5609682 [navNode-2] [INFO] [1775394570.560631647] [navNode]: 状态4：WaitAim--[A6]
1775394570.5614135 [navNode-2] [INFO] [1775394570.561163443] [navNode]: 未到目标点
1775394570.5614908 [navNode-2] 目标位置:(0.0, 0.0, 0.1)-[A6]-[MCU:False]-[POS:False]
1775394570.5615327 [navNode-2] 当前位置:(-0.0012376965023577213, -0.0009911583038046956, -0.0017621557926759124)
1775394570.6610301 [navNode-2] [INFO] [1775394570.660701959] [navNode]: 状态4：WaitAim--[A6]
1775394570.6614661 [navNode-2] [INFO] [1775394570.661128889] [navNode]: 未到目标点
1775394570.6615677 [navNode-2] 目标位置:(0.0, 0.0, 0.1)-[A6]-[MCU:False]-[POS:False]
1775394570.6616743 [navNode-2] 当前位置:(-0.0012376965023577213, -0.0009911583038046956, -0.0017621557926759124)
1775394570.7610247 [navNode-2] [INFO] [1775394570.760627772] [navNode]: 状态4：WaitAim--[A6]
1775394570.7615376 [navNode-2] [INFO] [1775394570.761212850] [navNode]: 未到目标点
1775394570.7616503 [navNode-2] 目标位置:(0.0, 0.0, 0.1)-[A6]-[MCU:False]-[POS:False]
1775394570.7617240 [navNode-2] 当前位置:(-0.0012376965023577213, -0.0009911583038046956, -0.0017621557926759124)
1775394570.8610845 [navNode-2] [INFO] [1775394570.860764778] [navNode]: 状态4：WaitAim--[A6]
1775394570.8614442 [navNode-2] [INFO] [1775394570.861183955] [navNode]: 未到目标点
1775394570.8615153 [navNode-2] 目标位置:(0.0, 0.0, 0.1)-[A6]-[MCU:False]-[POS:False]
1775394570.8615541 [navNode-2] 当前位置:(-0.0012376965023577213, -0.0009911583038046956, -0.0017621557926759124)
1775394570.9612114 [navNode-2] [INFO] [1775394570.960890886] [navNode]: 状态4：WaitAim--[A6]
1775394570.9616423 [navNode-2] [INFO] [1775394570.961407566] [navNode]: 未到目标点
1775394570.9617500 [navNode-2] 目标位置:(0.0, 0.0, 0.1)-[A6]-[MCU:False]-[POS:False]
1775394570.9618096 [navNode-2] 当前位置:(-0.0012376965023577213, -0.0009911583038046956, -0.0017621557926759124)
1775394571.0610509 [navNode-2] [INFO] [1775394571.060745993] [navNode]: 状态4：WaitAim--[A6]
1775394571.0614655 [navNode-2] [INFO] [1775394571.061168990] [navNode]: 未到目标点
1775394571.0615819 [navNode-2] 目标位置:(0.0, 0.0, 0.1)-[A6]-[MCU:False]-[POS:False]
1775394571.0616469 [navNode-2] 当前位置:(-0.0012376965023577213, -0.0009911583038046956, -0.0017621557926759124)
1775394571.1608894 [navNode-2] [INFO] [1775394571.160549913] [navNode]: 状态4：WaitAim--[A6]
1775394571.1612990 [navNode-2] [INFO] [1775394571.160990976] [navNode]: 未到目标点
1775394571.1614096 [navNode-2] 目标位置:(0.0, 0.0, 0.1)-[A6]-[MCU:False]-[POS:False]
1775394571.1614733 [navNode-2] 当前位置:(-0.0012376965023577213, -0.0009911583038046956, -0.0017621557926759124)
1775394571.2609904 [navNode-2] [INFO] [1775394571.260604328] [navNode]: 状态4：WaitAim--[A6]
1775394571.2613790 [navNode-2] [INFO] [1775394571.261002129] [navNode]: 未到目标点
1775394571.2614651 [navNode-2] 目标位置:(0.0, 0.0, 0.1)-[A6]-[MCU:False]-[POS:False]
1775394571.2616911 [navNode-2] 当前位置:(-0.0012376965023577213, -0.0009911583038046956, -0.0017621557926759124)
1775394571.3612270 [navNode-2] [INFO] [1775394571.360595091] [navNode]: 状态4：WaitAim--[A6]
1775394571.3617022 [navNode-2] [INFO] [1775394571.361374114] [navNode]: 未到目标点
1775394571.3618433 [navNode-2] 目标位置:(0.0, 0.0, 0.1)-[A6]-[MCU:False]-[POS:False]
1775394571.3619618 [navNode-2] 当前位置:(-0.0012376965023577213, -0.0009911583038046956, -0.0017621557926759124)
1775394571.4612212 [navNode-2] [INFO] [1775394571.460913401] [navNode]: 状态4：WaitAim--[A6]
1775394571.4616344 [navNode-2] [INFO] [1775394571.461351290] [navNode]: 未到目标点
1775394571.4617059 [navNode-2] 目标位置:(0.0, 0.0, 0.1)-[A6]-[MCU:False]-[POS:False]
1775394571.4617472 [navNode-2] 当前位置:(-0.0012376965023577213, -0.0009911583038046956, -0.0017621557926759124)
1775394571.5609651 [navNode-2] [INFO] [1775394571.560641013] [navNode]: 状态4：WaitAim--[A6]
1775394571.5613441 [navNode-2] [INFO] [1775394571.561104328] [navNode]: 未到目标点
1775394571.5614483 [navNode-2] 目标位置:(0.0, 0.0, 0.1)-[A6]-[MCU:False]-[POS:False]
1775394571.5615304 [navNode-2] 当前位置:(-0.0012376965023577213, -0.0009911583038046956, -0.0017621557926759124)
1775394571.6630712 [navNode-2] [INFO] [1775394571.662498955] [navNode]: 状态4：WaitAim--[A6]
1775394571.6635909 [navNode-2] [INFO] [1775394571.663490773] [navNode]: 未到目标点
1775394571.6636686 [navNode-2] 目标位置:(0.0, 0.0, 0.1)-[A6]-[MCU:False]-[POS:False]
1775394571.6637123 [navNode-2] 当前位置:(-0.0012376965023577213, -0.0009911583038046956, -0.0017621557926759124)
1775394571.7619934 [navNode-2] [INFO] [1775394571.761509919] [navNode]: 状态4：WaitAim--[A6]
1775394571.7628572 [navNode-2] [INFO] [1775394571.762517391] [navNode]: 未到目标点
1775394571.7630570 [navNode-2] 目标位置:(0.0, 0.0, 0.1)-[A6]-[MCU:False]-[POS:False]
1775394571.7631555 [navNode-2] 当前位置:(-0.0012376965023577213, -0.0009911583038046956, -0.0017621557926759124)
1775394571.8613005 [navNode-2] [INFO] [1775394571.860954117] [navNode]: 状态4：WaitAim--[A6]
1775394571.8617241 [navNode-2] [INFO] [1775394571.861447958] [navNode]: 未到目标点
1775394571.8618388 [navNode-2] 目标位置:(0.0, 0.0, 0.1)-[A6]-[MCU:False]-[POS:False]
1775394571.8618920 [navNode-2] 当前位置:(-0.0012376965023577213, -0.0009911583038046956, -0.0017621557926759124)
1775394571.9618182 [navNode-2] [INFO] [1775394571.961403868] [navNode]: 状态4：WaitAim--[A6]
1775394571.9622521 [navNode-2] [INFO] [1775394571.961974486] [navNode]: 未到目标点
1775394571.9623706 [navNode-2] 目标位置:(0.0, 0.0, 0.1)-[A6]-[MCU:False]-[POS:False]
1775394571.9624443 [navNode-2] 当前位置:(-0.0012376965023577213, -0.0009911583038046956, -0.0017621557926759124)
1775394572.0623794 [navNode-2] [INFO] [1775394572.061991771] [navNode]: 状态4：WaitAim--[A6]
1775394572.0627477 [navNode-2] [INFO] [1775394572.062425121] [navNode]: 未到目标点
1775394572.0628421 [navNode-2] 目标位置:(0.0, 0.0, 0.1)-[A6]-[MCU:False]-[POS:False]
1775394572.0628867 [navNode-2] 当前位置:(-0.0012376965023577213, -0.0009911583038046956, -0.0017621557926759124)
1775394572.1614678 [navNode-2] [INFO] [1775394572.161047592] [navNode]: 状态4：WaitAim--[A6]
1775394572.1620073 [navNode-2] [INFO] [1775394572.161552203] [navNode]: 未到目标点
1775394572.1621768 [navNode-2] 目标位置:(0.0, 0.0, 0.1)-[A6]-[MCU:False]-[POS:False]
1775394572.1622384 [navNode-2] 当前位置:(-0.0012376965023577213, -0.0009911583038046956, -0.0017621557926759124)
1775394572.2610822 [navNode-2] [INFO] [1775394572.260732992] [navNode]: 状态4：WaitAim--[A6]
1775394572.2615378 [navNode-2] [INFO] [1775394572.261250615] [navNode]: 未到目标点
1775394572.2616646 [navNode-2] 目标位置:(0.0, 0.0, 0.1)-[A6]-[MCU:False]-[POS:False]
1775394572.2617261 [navNode-2] 当前位置:(-0.0012376965023577213, -0.0009911583038046956, -0.0017621557926759124)
1775394572.3610752 [navNode-2] [INFO] [1775394572.360785709] [navNode]: 状态4：WaitAim--[A6]
1775394572.3614981 [navNode-2] [INFO] [1775394572.361322801] [navNode]: 未到目标点
1775394572.3615749 [navNode-2] 目标位置:(0.0, 0.0, 0.1)-[A6]-[MCU:False]-[POS:False]
1775394572.3616147 [navNode-2] 当前位置:(-0.0012376965023577213, -0.0009911583038046956, -0.0017621557926759124)
1775394572.4618692 [navNode-2] [INFO] [1775394572.461331263] [navNode]: 状态4：WaitAim--[A6]
1775394572.4623055 [navNode-2] [INFO] [1775394572.461753336] [navNode]: 未到目标点
1775394572.4623990 [navNode-2] 目标位置:(0.0, 0.0, 0.1)-[A6]-[MCU:False]-[POS:False]
1775394572.4624476 [navNode-2] 当前位置:(-0.0012376965023577213, -0.0009911583038046956, -0.0017621557926759124)
1775394572.5610447 [navNode-2] [INFO] [1775394572.560737143] [navNode]: 状态4：WaitAim--[A6]
1775394572.5614772 [navNode-2] [INFO] [1775394572.561181468] [navNode]: 未到目标点
1775394572.5616078 [navNode-2] 目标位置:(0.0, 0.0, 0.1)-[A6]-[MCU:False]-[POS:False]
1775394572.5616808 [navNode-2] 当前位置:(-0.0012376965023577213, -0.0009911583038046956, -0.0017621557926759124)
1775394572.6614003 [navNode-2] [INFO] [1775394572.661069897] [navNode]: 状态4：WaitAim--[A6]
1775394572.6618526 [navNode-2] [INFO] [1775394572.661515609] [navNode]: 未到目标点
1775394572.6619666 [navNode-2] 目标位置:(0.0, 0.0, 0.1)-[A6]-[MCU:False]-[POS:False]
1775394572.6620207 [navNode-2] 当前位置:(-0.0012376965023577213, -0.0009911583038046956, -0.0017621557926759124)
1775394572.7610011 [navNode-2] [INFO] [1775394572.760674753] [navNode]: 状态4：WaitAim--[A6]
1775394572.7614279 [navNode-2] [INFO] [1775394572.761105986] [navNode]: 未到目标点
1775394572.7616017 [navNode-2] 目标位置:(0.0, 0.0, 0.1)-[A6]-[MCU:False]-[POS:False]
1775394572.7617252 [navNode-2] 当前位置:(-0.0012376965023577213, -0.0009911583038046956, -0.0017621557926759124)
1775394572.8613307 [navNode-2] [INFO] [1775394572.860768685] [navNode]: 状态4：WaitAim--[A6]
1775394572.8617876 [navNode-2] [INFO] [1775394572.861199683] [navNode]: 未到目标点
1775394572.8618965 [navNode-2] 目标位置:(0.0, 0.0, 0.1)-[A6]-[MCU:False]-[POS:False]
1775394572.8619661 [navNode-2] 当前位置:(-0.0012376965023577213, -0.0009911583038046956, -0.0017621557926759124)
1775394572.9612195 [navNode-2] [INFO] [1775394572.960779351] [navNode]: 状态4：WaitAim--[A6]
1775394572.9616635 [navNode-2] [INFO] [1775394572.961215720] [navNode]: 未到目标点
1775394572.9617734 [navNode-2] 目标位置:(0.0, 0.0, 0.1)-[A6]-[MCU:False]-[POS:False]
1775394572.9618418 [navNode-2] 当前位置:(-0.0012376965023577213, -0.0009911583038046956, -0.0017621557926759124)
1775394573.0610003 [navNode-2] [INFO] [1775394573.060681338] [navNode]: 状态4：WaitAim--[A6]
1775394573.0613639 [navNode-2] [INFO] [1775394573.061084763] [navNode]: 未到目标点
1775394573.0614679 [navNode-2] 目标位置:(0.0, 0.0, 0.1)-[A6]-[MCU:False]-[POS:False]
1775394573.0615363 [navNode-2] 当前位置:(-0.0012376965023577213, -0.0009911583038046956, -0.0017621557926759124)
1775394573.1611249 [navNode-2] [INFO] [1775394573.160574768] [navNode]: 状态4：WaitAim--[A6]
1775394573.1617391 [navNode-2] [INFO] [1775394573.161053462] [navNode]: 未到目标点
1775394573.1618614 [navNode-2] 目标位置:(0.0, 0.0, 0.1)-[A6]-[MCU:False]-[POS:False]
1775394573.1619220 [navNode-2] 当前位置:(-0.0012376965023577213, -0.0009911583038046956, -0.0017621557926759124)
1775394573.2609410 [navNode-2] [INFO] [1775394573.260545973] [navNode]: 状态4：WaitAim--[A6]
1775394573.2613428 [navNode-2] [INFO] [1775394573.261209309] [navNode]: 未到目标点
1775394573.2614689 [navNode-2] 目标位置:(0.0, 0.0, 0.1)-[A6]-[MCU:False]-[POS:False]
1775394573.2616355 [navNode-2] 当前位置:(-0.0012376965023577213, -0.0009911583038046956, -0.0017621557926759124)
1775394573.3616335 [navNode-2] [INFO] [1775394573.361164319] [navNode]: 状态4：WaitAim--[A6]
1775394573.3621821 [navNode-2] [INFO] [1775394573.361744617] [navNode]: 未到目标点
1775394573.3623288 [navNode-2] 目标位置:(0.0, 0.0, 0.1)-[A6]-[MCU:False]-[POS:False]
1775394573.3624220 [navNode-2] 当前位置:(-0.0012376965023577213, -0.0009911583038046956, -0.0017621557926759124)
1775394573.4611394 [navNode-2] [INFO] [1775394573.460819343] [navNode]: 状态4：WaitAim--[A6]
1775394573.4615579 [navNode-2] [INFO] [1775394573.461288289] [navNode]: 未到目标点
1775394573.4616647 [navNode-2] 目标位置:(0.0, 0.0, 0.1)-[A6]-[MCU:False]-[POS:False]
1775394573.4617300 [navNode-2] 当前位置:(-0.0012376965023577213, -0.0009911583038046956, -0.0017621557926759124)
1775394573.5632491 [navNode-2] [INFO] [1775394573.562596052] [navNode]: 状态4：WaitAim--[A6]
1775394573.5637200 [navNode-2] [INFO] [1775394573.563602253] [navNode]: 未到目标点
1775394573.5638282 [navNode-2] 目标位置:(0.0, 0.0, 0.1)-[A6]-[MCU:False]-[POS:False]
1775394573.5638933 [navNode-2] 当前位置:(-0.0012376965023577213, -0.0009911583038046956, -0.0017621557926759124)
1775394573.6611292 [navNode-2] [INFO] [1775394573.660702445] [navNode]: 状态4：WaitAim--[A6]
1775394573.6616001 [navNode-2] [INFO] [1775394573.661234366] [navNode]: 未到目标点
1775394573.6617143 [navNode-2] 目标位置:(0.0, 0.0, 0.1)-[A6]-[MCU:False]-[POS:False]
1775394573.6617954 [navNode-2] 当前位置:(-0.0012376965023577213, -0.0009911583038046956, -0.0017621557926759124)
1775394573.7617042 [navNode-2] [INFO] [1775394573.761310750] [navNode]: 状态4：WaitAim--[A6]
1775394573.7622356 [navNode-2] [INFO] [1775394573.761885937] [navNode]: 未到目标点
1775394573.7623909 [navNode-2] 目标位置:(0.0, 0.0, 0.1)-[A6]-[MCU:False]-[POS:False]
1775394573.7624807 [navNode-2] 当前位置:(-0.0012376965023577213, -0.0009911583038046956, -0.0017621557926759124)
1775394573.8610430 [navNode-2] [INFO] [1775394573.860680111] [navNode]: 状态4：WaitAim--[A6]
1775394573.8614767 [navNode-2] [INFO] [1775394573.861164910] [navNode]: 未到目标点
1775394573.8616235 [navNode-2] 目标位置:(0.0, 0.0, 0.1)-[A6]-[MCU:False]-[POS:False]
1775394573.8617046 [navNode-2] 当前位置:(-0.0012376965023577213, -0.0009911583038046956, -0.0017621557926759124)
1775394573.9614282 [navNode-2] [INFO] [1775394573.961043132] [navNode]: 状态4：WaitAim--[A6]
1775394573.9619570 [navNode-2] [INFO] [1775394573.961611950] [navNode]: 未到目标点
1775394573.9620962 [navNode-2] 目标位置:(0.0, 0.0, 0.1)-[A6]-[MCU:False]-[POS:False]
1775394573.9621813 [navNode-2] 当前位置:(-0.0012376965023577213, -0.0009911583038046956, -0.0017621557926759124)
1775394574.0617037 [navNode-2] [INFO] [1775394574.061377388] [navNode]: 状态4：WaitAim--[A6]
1775394574.0621037 [navNode-2] [INFO] [1775394574.061842033] [navNode]: 未到目标点
1775394574.0622239 [navNode-2] 目标位置:(0.0, 0.0, 0.1)-[A6]-[MCU:False]-[POS:False]
1775394574.0622993 [navNode-2] 当前位置:(-0.0012376965023577213, -0.0009911583038046956, -0.0017621557926759124)
1775394574.1610348 [navNode-2] [INFO] [1775394574.160691832] [navNode]: 状态4：WaitAim--[A6]
1775394574.1614122 [navNode-2] [INFO] [1775394574.161112892] [navNode]: 未到目标点
1775394574.1615405 [navNode-2] 目标位置:(0.0, 0.0, 0.1)-[A6]-[MCU:False]-[POS:False]
1775394574.1615887 [navNode-2] 当前位置:(-0.0012376965023577213, -0.0009911583038046956, -0.0017621557926759124)
1775394574.2611966 [navNode-2] [INFO] [1775394574.260778735] [navNode]: 状态4：WaitAim--[A6]
1775394574.2615213 [navNode-2] [INFO] [1775394574.261184676] [navNode]: 未到目标点
1775394574.2616167 [navNode-2] 目标位置:(0.0, 0.0, 0.1)-[A6]-[MCU:False]-[POS:False]
1775394574.2616630 [navNode-2] 当前位置:(-0.0012376965023577213, -0.0009911583038046956, -0.0017621557926759124)
1775394574.3613281 [navNode-2] [INFO] [1775394574.360945294] [navNode]: 状态4：WaitAim--[A6]
1775394574.3621335 [navNode-2] [INFO] [1775394574.361380659] [navNode]: 未到目标点
1775394574.3624592 [navNode-2] 目标位置:(0.0, 0.0, 0.1)-[A6]-[MCU:False]-[POS:False]
1775394574.3626878 [navNode-2] 当前位置:(-0.0012376965023577213, -0.0009911583038046956, -0.0017621557926759124)
1775394574.4613752 [navNode-2] [INFO] [1775394574.460977275] [navNode]: 状态4：WaitAim--[A6]
1775394574.4621606 [navNode-2] [INFO] [1775394574.461783971] [navNode]: 未到目标点
1775394574.4624205 [navNode-2] 目标位置:(0.0, 0.0, 0.1)-[A6]-[MCU:False]-[POS:False]
1775394574.4625502 [navNode-2] 当前位置:(-0.0012376965023577213, -0.0009911583038046956, -0.0017621557926759124)
1775394574.5621929 [navNode-2] [INFO] [1775394574.561776636] [navNode]: 状态4：WaitAim--[A6]
1775394574.5628848 [navNode-2] [INFO] [1775394574.562505389] [navNode]: 未到目标点
1775394574.5632308 [navNode-2] 目标位置:(0.0, 0.0, 0.1)-[A6]-[MCU:False]-[POS:False]
1775394574.5635333 [navNode-2] 当前位置:(-0.0012376965023577213, -0.0009911583038046956, -0.0017621557926759124)
1775394574.6623635 [navNode-2] [INFO] [1775394574.661855186] [navNode]: 状态4：WaitAim--[A6]
1775394574.6631675 [navNode-2] [INFO] [1775394574.662572373] [navNode]: 未到目标点
1775394574.6633956 [navNode-2] 目标位置:(0.0, 0.0, 0.1)-[A6]-[MCU:False]-[POS:False]
1775394574.6635501 [navNode-2] 当前位置:(-0.0012376965023577213, -0.0009911583038046956, -0.0017621557926759124)
1775394574.7618740 [navNode-2] [INFO] [1775394574.761404268] [navNode]: 状态4：WaitAim--[A6]
1775394574.7624390 [navNode-2] [INFO] [1775394574.762066079] [navNode]: 未到目标点
1775394574.7625897 [navNode-2] 目标位置:(0.0, 0.0, 0.1)-[A6]-[MCU:False]-[POS:False]
1775394574.7627215 [navNode-2] 当前位置:(-0.0012376965023577213, -0.0009911583038046956, -0.0017621557926759124)
1775394574.8620100 [navNode-2] [INFO] [1775394574.861572530] [navNode]: 状态4：WaitAim--[A6]
1775394574.8625088 [navNode-2] [INFO] [1775394574.862168586] [navNode]: 未到目标点
1775394574.8626447 [navNode-2] 目标位置:(0.0, 0.0, 0.1)-[A6]-[MCU:False]-[POS:False]
1775394574.8627319 [navNode-2] 当前位置:(-0.0012376965023577213, -0.0009911583038046956, -0.0017621557926759124)
1775394574.9619236 [navNode-2] [INFO] [1775394574.961352703] [navNode]: 状态4：WaitAim--[A6]
1775394574.9628127 [navNode-2] [INFO] [1775394574.962048567] [navNode]: 未到目标点
1775394574.9631207 [navNode-2] 目标位置:(0.0, 0.0, 0.1)-[A6]-[MCU:False]-[POS:False]
1775394574.9633310 [navNode-2] 当前位置:(-0.0012376965023577213, -0.0009911583038046956, -0.0017621557926759124)
1775394575.0611677 [navNode-2] [INFO] [1775394575.060784498] [navNode]: 状态4：WaitAim--[A6]
1775394575.0615733 [navNode-2] [INFO] [1775394575.061325137] [navNode]: 未到目标点
1775394575.0617011 [navNode-2] 目标位置:(0.0, 0.0, 0.1)-[A6]-[MCU:False]-[POS:False]
1775394575.0617647 [navNode-2] 当前位置:(-0.0012376965023577213, -0.0009911583038046956, -0.0017621557926759124)
1775394575.1611750 [navNode-2] [INFO] [1775394575.160857306] [navNode]: 状态4：WaitAim--[A6]
1775394575.1616013 [navNode-2] [INFO] [1775394575.161296559] [navNode]: 未到目标点
1775394575.1616702 [navNode-2] 目标位置:(0.0, 0.0, 0.1)-[A6]-[MCU:False]-[POS:False]
1775394575.1617205 [navNode-2] 当前位置:(-0.0012376965023577213, -0.0009911583038046956, -0.0017621557926759124)
1775394575.2629321 [navNode-2] [INFO] [1775394575.262514708] [navNode]: 状态4：WaitAim--[A6]
1775394575.2632809 [navNode-2] [INFO] [1775394575.262954794] [navNode]: 未到目标点
1775394575.2633598 [navNode-2] 目标位置:(0.0, 0.0, 0.1)-[A6]-[MCU:False]-[POS:False]
1775394575.2634263 [navNode-2] 当前位置:(-0.0012376965023577213, -0.0009911583038046956, -0.0017621557926759124)
1775394575.3613067 [navNode-2] [INFO] [1775394575.360948274] [navNode]: 状态4：WaitAim--[A6]
1775394575.3617101 [navNode-2] [INFO] [1775394575.361423783] [navNode]: 未到目标点
1775394575.3617785 [navNode-2] 目标位置:(0.0, 0.0, 0.1)-[A6]-[MCU:False]-[POS:False]
1775394575.3618217 [navNode-2] 当前位置:(-0.0012376965023577213, -0.0009911583038046956, -0.0017621557926759124)
1775394575.4614129 [navNode-2] [INFO] [1775394575.460810488] [navNode]: 状态4：WaitAim--[A6]
1775394575.4618683 [navNode-2] [INFO] [1775394575.461255503] [navNode]: 未到目标点
1775394575.4619586 [navNode-2] 目标位置:(0.0, 0.0, 0.1)-[A6]-[MCU:False]-[POS:False]
1775394575.4620013 [navNode-2] 当前位置:(-0.0012376965023577213, -0.0009911583038046956, -0.0017621557926759124)
1775394575.5620673 [navNode-2] [INFO] [1775394575.561675637] [navNode]: 状态4：WaitAim--[A6]
1775394575.5624738 [navNode-2] [INFO] [1775394575.562088864] [navNode]: 未到目标点
1775394575.5625894 [navNode-2] 目标位置:(0.0, 0.0, 0.1)-[A6]-[MCU:False]-[POS:False]
1775394575.5627012 [navNode-2] 当前位置:(-0.0012376965023577213, -0.0009911583038046956, -0.0017621557926759124)
1775394575.6635628 [navNode-2] [INFO] [1775394575.662859248] [navNode]: 状态4：WaitAim--[A6]
1775394575.6644578 [navNode-2] [INFO] [1775394575.664043008] [navNode]: 未到目标点
1775394575.6646426 [navNode-2] 目标位置:(0.0, 0.0, 0.1)-[A6]-[MCU:False]-[POS:False]
1775394575.6647873 [navNode-2] 当前位置:(-0.0012376965023577213, -0.0009911583038046956, -0.0017621557926759124)
1775394575.7608428 [navNode-2] [INFO] [1775394575.760523571] [navNode]: 状态4：WaitAim--[A6]
1775394575.7612002 [navNode-2] [INFO] [1775394575.760902014] [navNode]: 未到目标点
1775394575.7612777 [navNode-2] 目标位置:(0.0, 0.0, 0.1)-[A6]-[MCU:False]-[POS:False]
1775394575.7613370 [navNode-2] 当前位置:(-0.0012376965023577213, -0.0009911583038046956, -0.0017621557926759124)
1775394575.8615463 [navNode-2] [INFO] [1775394575.861053189] [navNode]: 状态4：WaitAim--[A6]
1775394575.8619361 [navNode-2] [INFO] [1775394575.861436584] [navNode]: 未到目标点
1775394575.8620250 [navNode-2] 目标位置:(0.0, 0.0, 0.1)-[A6]-[MCU:False]-[POS:False]
1775394575.8620675 [navNode-2] 当前位置:(-0.0012376965023577213, -0.0009911583038046956, -0.0017621557926759124)
1775394575.9608371 [navNode-2] [INFO] [1775394575.960550180] [navNode]: 状态4：WaitAim--[A6]
1775394575.9611924 [navNode-2] [INFO] [1775394575.960940305] [navNode]: 未到目标点
1775394575.9612691 [navNode-2] 目标位置:(0.0, 0.0, 0.1)-[A6]-[MCU:False]-[POS:False]
1775394575.9613130 [navNode-2] 当前位置:(-0.0012376965023577213, -0.0009911583038046956, -0.0017621557926759124)
1775394576.0611739 [navNode-2] [INFO] [1775394576.060872911] [navNode]: 状态4：WaitAim--[A6]
1775394576.0615335 [navNode-2] [INFO] [1775394576.061255260] [navNode]: 未到目标点
1775394576.0616181 [navNode-2] 目标位置:(0.0, 0.0, 0.1)-[A6]-[MCU:False]-[POS:False]
1775394576.0616643 [navNode-2] 当前位置:(-0.0012376965023577213, -0.0009911583038046956, -0.0017621557926759124)
1775394576.1612198 [navNode-2] [INFO] [1775394576.160817875] [navNode]: 状态4：WaitAim--[A6]
1775394576.1616998 [navNode-2] [INFO] [1775394576.161339736] [navNode]: 未到目标点
1775394576.1618454 [navNode-2] 目标位置:(0.0, 0.0, 0.1)-[A6]-[MCU:False]-[POS:False]
1775394576.1620605 [navNode-2] 当前位置:(-0.0012376965023577213, -0.0009911583038046956, -0.0017621557926759124)
1775394576.2612476 [navNode-2] [INFO] [1775394576.260901921] [navNode]: 状态4：WaitAim--[A6]
1775394576.2616706 [navNode-2] [INFO] [1775394576.261360712] [navNode]: 未到目标点
1775394576.2617691 [navNode-2] 目标位置:(0.0, 0.0, 0.1)-[A6]-[MCU:False]-[POS:False]
1775394576.2618167 [navNode-2] 当前位置:(-0.0012376965023577213, -0.0009911583038046956, -0.0017621557926759124)
1775394576.3612728 [navNode-2] [INFO] [1775394576.360855349] [navNode]: 状态4：WaitAim--[A6]
1775394576.3617704 [navNode-2] [INFO] [1775394576.361363547] [navNode]: 未到目标点
1775394576.3618529 [navNode-2] 目标位置:(0.0, 0.0, 0.1)-[A6]-[MCU:False]-[POS:False]
1775394576.3619330 [navNode-2] 当前位置:(-0.0012376965023577213, -0.0009911583038046956, -0.0017621557926759124)
1775394576.4622209 [navNode-2] [INFO] [1775394576.461864400] [navNode]: 状态4：WaitAim--[A6]
1775394576.4627395 [navNode-2] [INFO] [1775394576.462394155] [navNode]: 未到目标点
1775394576.4628687 [navNode-2] 目标位置:(0.0, 0.0, 0.1)-[A6]-[MCU:False]-[POS:False]
1775394576.4629536 [navNode-2] 当前位置:(-0.0012376965023577213, -0.0009911583038046956, -0.0017621557926759124)
1775394576.5613039 [navNode-2] [INFO] [1775394576.560943953] [navNode]: 状态4：WaitAim--[A6]
1775394576.5617697 [navNode-2] [INFO] [1775394576.561400479] [navNode]: 未到目标点
1775394576.5618954 [navNode-2] 目标位置:(0.0, 0.0, 0.1)-[A6]-[MCU:False]-[POS:False]
1775394576.5619576 [navNode-2] 当前位置:(-0.0012376965023577213, -0.0009911583038046956, -0.0017621557926759124)
1775394576.6610303 [navNode-2] [INFO] [1775394576.660701762] [navNode]: 状态4：WaitAim--[A6]
1775394576.6614535 [navNode-2] [INFO] [1775394576.661134769] [navNode]: 未到目标点
1775394576.6615484 [navNode-2] 目标位置:(0.0, 0.0, 0.1)-[A6]-[MCU:False]-[POS:False]
1775394576.6616244 [navNode-2] 当前位置:(-0.0012376965023577213, -0.0009911583038046956, -0.0017621557926759124)
1775394576.7613409 [navNode-2] [INFO] [1775394576.761003383] [navNode]: 状态4：WaitAim--[A6]
1775394576.7617683 [navNode-2] [INFO] [1775394576.761480677] [navNode]: 未到目标点
1775394576.7618454 [navNode-2] 目标位置:(0.0, 0.0, 0.1)-[A6]-[MCU:False]-[POS:False]
1775394576.7618890 [navNode-2] 当前位置:(-0.0012376965023577213, -0.0009911583038046956, -0.0017621557926759124)
1775394576.8614233 [navNode-2] [INFO] [1775394576.861079796] [navNode]: 状态4：WaitAim--[A6]
1775394576.8618534 [navNode-2] [INFO] [1775394576.861543291] [navNode]: 未到目标点
1775394576.8619614 [navNode-2] 目标位置:(0.0, 0.0, 0.1)-[A6]-[MCU:False]-[POS:False]
1775394576.8620183 [navNode-2] 当前位置:(-0.0012376965023577213, -0.0009911583038046956, -0.0017621557926759124)
1775394576.9611073 [navNode-2] [INFO] [1775394576.960688087] [navNode]: 状态4：WaitAim--[A6]
1775394576.9615328 [navNode-2] [INFO] [1775394576.961153446] [navNode]: 未到目标点
1775394576.9616125 [navNode-2] 目标位置:(0.0, 0.0, 0.1)-[A6]-[MCU:False]-[POS:False]
1775394576.9616575 [navNode-2] 当前位置:(-0.0012376965023577213, -0.0009911583038046956, -0.0017621557926759124)
1775394577.0622547 [navNode-2] [INFO] [1775394577.061920150] [navNode]: 状态4：WaitAim--[A6]
1775394577.0626485 [navNode-2] [INFO] [1775394577.062383015] [navNode]: 未到目标点
1775394577.0627520 [navNode-2] 目标位置:(0.0, 0.0, 0.1)-[A6]-[MCU:False]-[POS:False]
1775394577.0627961 [navNode-2] 当前位置:(-0.0012376965023577213, -0.0009911583038046956, -0.0017621557926759124)
1775394577.1608694 [navNode-2] [INFO] [1775394577.160539002] [navNode]: 状态4：WaitAim--[A6]
1775394577.1612709 [navNode-2] [INFO] [1775394577.160938627] [navNode]: 未到目标点
1775394577.1613765 [navNode-2] 目标位置:(0.0, 0.0, 0.1)-[A6]-[MCU:False]-[POS:False]
1775394577.1614227 [navNode-2] 当前位置:(-0.0012376965023577213, -0.0009911583038046956, -0.0017621557926759124)
1775394577.2609365 [navNode-2] [INFO] [1775394577.260566489] [navNode]: 状态4：WaitAim--[A6]
1775394577.2616739 [navNode-2] [INFO] [1775394577.261493488] [navNode]: 未到目标点
1775394577.2617698 [navNode-2] 目标位置:(0.0, 0.0, 0.1)-[A6]-[MCU:False]-[POS:False]
1775394577.2618175 [navNode-2] 当前位置:(-0.0012376965023577213, -0.0009911583038046956, -0.0017621557926759124)
1775394577.3611257 [navNode-2] [INFO] [1775394577.360804615] [navNode]: 状态4：WaitAim--[A6]
1775394577.3615291 [navNode-2] [INFO] [1775394577.361230133] [navNode]: 未到目标点
1775394577.3616350 [navNode-2] 目标位置:(0.0, 0.0, 0.1)-[A6]-[MCU:False]-[POS:False]
1775394577.3617029 [navNode-2] 当前位置:(-0.0012376965023577213, -0.0009911583038046956, -0.0017621557926759124)
1775394577.4637327 [navNode-2] [INFO] [1775394577.463010063] [navNode]: 状态4：WaitAim--[A6]
1775394577.4643788 [navNode-2] [INFO] [1775394577.464084059] [navNode]: 未到目标点
1775394577.4644582 [navNode-2] 目标位置:(0.0, 0.0, 0.1)-[A6]-[MCU:False]-[POS:False]
1775394577.4645026 [navNode-2] 当前位置:(-0.0012376965023577213, -0.0009911583038046956, -0.0017621557926759124)
1775394577.5634067 [navNode-2] [INFO] [1775394577.562792652] [navNode]: 状态4：WaitAim--[A6]
1775394577.5640674 [navNode-2] [INFO] [1775394577.563763674] [navNode]: 未到目标点
1775394577.5642002 [navNode-2] 目标位置:(0.0, 0.0, 0.1)-[A6]-[MCU:False]-[POS:False]
1775394577.5642879 [navNode-2] 当前位置:(-0.0012376965023577213, -0.0009911583038046956, -0.0017621557926759124)
1775394577.6610587 [navNode-2] [INFO] [1775394577.660755861] [navNode]: 状态4：WaitAim--[A6]
1775394577.6614687 [navNode-2] [INFO] [1775394577.661168027] [navNode]: 未到目标点
1775394577.6615624 [navNode-2] 目标位置:(0.0, 0.0, 0.1)-[A6]-[MCU:False]-[POS:False]
1775394577.6616430 [navNode-2] 当前位置:(-0.0012376965023577213, -0.0009911583038046956, -0.0017621557926759124)
1775394577.7611551 [navNode-2] [INFO] [1775394577.760830394] [navNode]: 状态4：WaitAim--[A6]
1775394577.7615104 [navNode-2] [INFO] [1775394577.761234366] [navNode]: 未到目标点
1775394577.7615860 [navNode-2] 目标位置:(0.0, 0.0, 0.1)-[A6]-[MCU:False]-[POS:False]
1775394577.7616498 [navNode-2] 当前位置:(-0.0012376965023577213, -0.0009911583038046956, -0.0017621557926759124)
1775394577.8608801 [navNode-2] [INFO] [1775394577.860574152] [navNode]: 状态4：WaitAim--[A6]
1775394577.8613167 [navNode-2] [INFO] [1775394577.860958856] [navNode]: 未到目标点
1775394577.8613956 [navNode-2] 目标位置:(0.0, 0.0, 0.1)-[A6]-[MCU:False]-[POS:False]
1775394577.8614311 [navNode-2] 当前位置:(-0.0012376965023577213, -0.0009911583038046956, -0.0017621557926759124)
1775394577.9609749 [navNode-2] [INFO] [1775394577.960494586] [navNode]: 状态4：WaitAim--[A6]
1775394577.9613185 [navNode-2] [INFO] [1775394577.960951071] [navNode]: 未到目标点
1775394577.9613740 [navNode-2] 目标位置:(0.0, 0.0, 0.1)-[A6]-[MCU:False]-[POS:False]
1775394577.9614248 [navNode-2] 当前位置:(-0.0012376965023577213, -0.0009911583038046956, -0.0017621557926759124)
1775394578.0608871 [navNode-2] [INFO] [1775394578.060485637] [navNode]: 状态4：WaitAim--[A6]
1775394578.0612509 [navNode-2] [INFO] [1775394578.060904247] [navNode]: 未到目标点
1775394578.0613427 [navNode-2] 目标位置:(0.0, 0.0, 0.1)-[A6]-[MCU:False]-[POS:False]
1775394578.0613878 [navNode-2] 当前位置:(-0.0012376965023577213, -0.0009911583038046956, -0.0017621557926759124)
1775394578.1608441 [navNode-2] [INFO] [1775394578.160502005] [navNode]: 状态4：WaitAim--[A6]
1775394578.1612096 [navNode-2] [INFO] [1775394578.160895072] [navNode]: 未到目标点
1775394578.1612861 [navNode-2] 目标位置:(0.0, 0.0, 0.1)-[A6]-[MCU:False]-[POS:False]
1775394578.1613247 [navNode-2] 当前位置:(-0.0012376965023577213, -0.0009911583038046956, -0.0017621557926759124)
1775394578.2608953 [navNode-2] [INFO] [1775394578.260588840] [navNode]: 状态4：WaitAim--[A6]
1775394578.2614777 [navNode-2] [INFO] [1775394578.261333179] [navNode]: 未到目标点
1775394578.2615747 [navNode-2] 目标位置:(0.0, 0.0, 0.1)-[A6]-[MCU:False]-[POS:False]
1775394578.2616129 [navNode-2] 当前位置:(-0.0012376965023577213, -0.0009911583038046956, -0.0017621557926759124)
1775394578.3611593 [navNode-2] [INFO] [1775394578.360867006] [navNode]: 状态4：WaitAim--[A6]
1775394578.3615291 [navNode-2] [INFO] [1775394578.361273500] [navNode]: 未到目标点
1775394578.3616295 [navNode-2] 目标位置:(0.0, 0.0, 0.1)-[A6]-[MCU:False]-[POS:False]
1775394578.3616955 [navNode-2] 当前位置:(-0.0012376965023577213, -0.0009911583038046956, -0.0017621557926759124)
1775394578.4608130 [navNode-2] [INFO] [1775394578.460509722] [navNode]: 状态4：WaitAim--[A6]
1775394578.4611726 [navNode-2] [INFO] [1775394578.460918217] [navNode]: 未到目标点
1775394578.4612703 [navNode-2] 目标位置:(0.0, 0.0, 0.1)-[A6]-[MCU:False]-[POS:False]
1775394578.4613326 [navNode-2] 当前位置:(-0.0012376965023577213, -0.0009911583038046956, -0.0017621557926759124)
1775394578.5608361 [navNode-2] [INFO] [1775394578.560517230] [navNode]: 状态4：WaitAim--[A6]
1775394578.5612946 [navNode-2] [INFO] [1775394578.561031626] [navNode]: 未到目标点
1775394578.5613835 [navNode-2] 目标位置:(0.0, 0.0, 0.1)-[A6]-[MCU:False]-[POS:False]
1775394578.5614362 [navNode-2] 当前位置:(-0.0012376965023577213, -0.0009911583038046956, -0.0017621557926759124)
1775394578.6609657 [navNode-2] [INFO] [1775394578.660612426] [navNode]: 状态4：WaitAim--[A6]
1775394578.6613386 [navNode-2] [INFO] [1775394578.661088342] [navNode]: 未到目标点
1775394578.6614234 [navNode-2] 目标位置:(0.0, 0.0, 0.1)-[A6]-[MCU:False]-[POS:False]
1775394578.6614738 [navNode-2] 当前位置:(-0.0012376965023577213, -0.0009911583038046956, -0.0017621557926759124)
1775394578.7611735 [navNode-2] [INFO] [1775394578.760790538] [navNode]: 状态4：WaitAim--[A6]
1775394578.7615790 [navNode-2] [INFO] [1775394578.761187217] [navNode]: 未到目标点
1775394578.7616813 [navNode-2] 目标位置:(0.0, 0.0, 0.1)-[A6]-[MCU:False]-[POS:False]
1775394578.7617290 [navNode-2] 当前位置:(-0.0012376965023577213, -0.0009911583038046956, -0.0017621557926759124)
1775394578.8617859 [navNode-2] [INFO] [1775394578.861390404] [navNode]: 状态4：WaitAim--[A6]
1775394578.8621891 [navNode-2] [INFO] [1775394578.861786368] [navNode]: 未到目标点
1775394578.8622730 [navNode-2] 目标位置:(0.0, 0.0, 0.1)-[A6]-[MCU:False]-[POS:False]
1775394578.8623374 [navNode-2] 当前位置:(-0.0012376965023577213, -0.0009911583038046956, -0.0017621557926759124)
1775394578.9609303 [navNode-2] [INFO] [1775394578.960562874] [navNode]: 状态4：WaitAim--[A6]
1775394578.9613557 [navNode-2] [INFO] [1775394578.960952164] [navNode]: 未到目标点
1775394578.9614480 [navNode-2] 目标位置:(0.0, 0.0, 0.1)-[A6]-[MCU:False]-[POS:False]
1775394578.9615197 [navNode-2] 当前位置:(-0.0012376965023577213, -0.0009911583038046956, -0.0017621557926759124)
1775394579.0609748 [navNode-2] [INFO] [1775394579.060695383] [navNode]: 状态4：WaitAim--[A6]
1775394579.0613191 [navNode-2] [INFO] [1775394579.061064598] [navNode]: 未到目标点
1775394579.0613937 [navNode-2] 目标位置:(0.0, 0.0, 0.1)-[A6]-[MCU:False]-[POS:False]
1775394579.0614305 [navNode-2] 当前位置:(-0.0012376965023577213, -0.0009911583038046956, -0.0017621557926759124)
1775394579.1611195 [navNode-2] [INFO] [1775394579.160730479] [navNode]: 状态4：WaitAim--[A6]
1775394579.1615129 [navNode-2] [INFO] [1775394579.161097393] [navNode]: 未到目标点
1775394579.1616092 [navNode-2] 目标位置:(0.0, 0.0, 0.1)-[A6]-[MCU:False]-[POS:False]
1775394579.1616678 [navNode-2] 当前位置:(-0.0012376965023577213, -0.0009911583038046956, -0.0017621557926759124)
1775394579.2608716 [navNode-2] [INFO] [1775394579.260518545] [navNode]: 状态4：WaitAim--[A6]
1775394579.2612045 [navNode-2] [INFO] [1775394579.260875144] [navNode]: 未到目标点
1775394579.2612655 [navNode-2] 目标位置:(0.0, 0.0, 0.1)-[A6]-[MCU:False]-[POS:False]
1775394579.2612972 [navNode-2] 当前位置:(-0.0012376965023577213, -0.0009911583038046956, -0.0017621557926759124)
1775394579.3635459 [navNode-2] [INFO] [1775394579.362934037] [navNode]: 状态4：WaitAim--[A6]
1775394579.3642716 [navNode-2] [INFO] [1775394579.363945279] [navNode]: 未到目标点
1775394579.3644447 [navNode-2] 目标位置:(0.0, 0.0, 0.1)-[A6]-[MCU:False]-[POS:False]
1775394579.3645501 [navNode-2] 当前位置:(-0.0012376965023577213, -0.0009911583038046956, -0.0017621557926759124)
1775394579.4613926 [navNode-2] [INFO] [1775394579.460868277] [navNode]: 状态4：WaitAim--[A6]
1775394579.4617090 [navNode-2] [INFO] [1775394579.461288947] [navNode]: 未到目标点
1775394579.4617810 [navNode-2] 目标位置:(0.0, 0.0, 0.1)-[A6]-[MCU:False]-[POS:False]
1775394579.4618187 [navNode-2] 当前位置:(-0.0012376965023577213, -0.0009911583038046956, -0.0017621557926759124)
1775394579.5622966 [navNode-2] [INFO] [1775394579.561688901] [navNode]: 状态4：WaitAim--[A6]
1775394579.5629730 [navNode-2] [INFO] [1775394579.562445698] [navNode]: 未到目标点
1775394579.5631425 [navNode-2] 目标位置:(0.0, 0.0, 0.1)-[A6]-[MCU:False]-[POS:False]
1775394579.5639539 [navNode-2] 当前位置:(-0.0012376965023577213, -0.0009911583038046956, -0.0017621557926759124)
1775394579.6609244 [navNode-2] [INFO] [1775394579.660646955] [navNode]: 状态4：WaitAim--[A6]
1775394579.6612227 [navNode-2] [INFO] [1775394579.661010344] [navNode]: 未到目标点
1775394579.6613147 [navNode-2] 目标位置:(0.0, 0.0, 0.1)-[A6]-[MCU:False]-[POS:False]
1775394579.6613576 [navNode-2] 当前位置:(-0.0012376965023577213, -0.0009911583038046956, -0.0017621557926759124)
1775394579.7636354 [navNode-2] [INFO] [1775394579.763291323] [navNode]: 状态4：WaitAim--[A6]
1775394579.7639644 [navNode-2] [INFO] [1775394579.763681497] [navNode]: 未到目标点
1775394579.7640224 [navNode-2] 目标位置:(0.0, 0.0, 0.1)-[A6]-[MCU:False]-[POS:False]
1775394579.7640576 [navNode-2] 当前位置:(-0.0012376965023577213, -0.0009911583038046956, -0.0017621557926759124)
1775394579.8638747 [navNode-2] [INFO] [1775394579.863190880] [navNode]: 状态4：WaitAim--[A6]
1775394579.8644547 [navNode-2] [INFO] [1775394579.864194984] [navNode]: 未到目标点
1775394579.8645837 [navNode-2] 目标位置:(0.0, 0.0, 0.1)-[A6]-[MCU:False]-[POS:False]
1775394579.8646767 [navNode-2] 当前位置:(-0.0012376965023577213, -0.0009911583038046956, -0.0017621557926759124)
1775394579.9609110 [navNode-2] [INFO] [1775394579.960568888] [navNode]: 状态4：WaitAim--[A6]
1775394579.9613101 [navNode-2] [INFO] [1775394579.960976180] [navNode]: 未到目标点
1775394579.9613965 [navNode-2] 目标位置:(0.0, 0.0, 0.1)-[A6]-[MCU:False]-[POS:False]
1775394579.9614356 [navNode-2] 当前位置:(-0.0012376965023577213, -0.0009911583038046956, -0.0017621557926759124)
1775394580.0610628 [navNode-2] [INFO] [1775394580.060690454] [navNode]: 状态4：WaitAim--[A6]
1775394580.0613973 [navNode-2] [INFO] [1775394580.061204124] [navNode]: 未到目标点
1775394580.0614612 [navNode-2] 目标位置:(0.0, 0.0, 0.1)-[A6]-[MCU:False]-[POS:False]
1775394580.0615058 [navNode-2] 当前位置:(-0.0012376965023577213, -0.0009911583038046956, -0.0017621557926759124)
1775394580.1612797 [navNode-2] [INFO] [1775394580.160956017] [navNode]: 状态4：WaitAim--[A6]
1775394580.1617043 [navNode-2] [INFO] [1775394580.161380351] [navNode]: 未到目标点
1775394580.1618392 [navNode-2] 目标位置:(0.0, 0.0, 0.1)-[A6]-[MCU:False]-[POS:False]
1775394580.1619251 [navNode-2] 当前位置:(-0.0012376965023577213, -0.0009911583038046956, -0.0017621557926759124)
1775394580.2612944 [navNode-2] [INFO] [1775394580.260946789] [navNode]: 状态4：WaitAim--[A6]
1775394580.2617493 [navNode-2] [INFO] [1775394580.261628972] [navNode]: 未到目标点
1775394580.2618442 [navNode-2] 目标位置:(0.0, 0.0, 0.1)-[A6]-[MCU:False]-[POS:False]
1775394580.2619381 [navNode-2] 当前位置:(-0.0012376965023577213, -0.0009911583038046956, -0.0017621557926759124)
1775394580.3613968 [navNode-2] [INFO] [1775394580.360942234] [navNode]: 状态4：WaitAim--[A6]
1775394580.3619986 [navNode-2] [INFO] [1775394580.361495375] [navNode]: 未到目标点
1775394580.3621933 [navNode-2] 目标位置:(0.0, 0.0, 0.1)-[A6]-[MCU:False]-[POS:False]
1775394580.3622561 [navNode-2] 当前位置:(-0.0012376965023577213, -0.0009911583038046956, -0.0017621557926759124)
1775394580.4626012 [navNode-2] [INFO] [1775394580.462109505] [navNode]: 状态4：WaitAim--[A6]
1775394580.4633687 [navNode-2] [INFO] [1775394580.463140040] [navNode]: 未到目标点
1775394580.4635644 [navNode-2] 目标位置:(0.0, 0.0, 0.1)-[A6]-[MCU:False]-[POS:False]
1775394580.4636524 [navNode-2] 当前位置:(-0.0012376965023577213, -0.0009911583038046956, -0.0017621557926759124)
1775394580.5615268 [navNode-2] [INFO] [1775394580.561167480] [navNode]: 状态4：WaitAim--[A6]
1775394580.5619819 [navNode-2] [INFO] [1775394580.561658998] [navNode]: 未到目标点
1775394580.5621088 [navNode-2] 目标位置:(0.0, 0.0, 0.1)-[A6]-[MCU:False]-[POS:False]
1775394580.5621865 [navNode-2] 当前位置:(-0.0012376965023577213, -0.0009911583038046956, -0.0017621557926759124)
1775394580.6610358 [navNode-2] [INFO] [1775394580.660686354] [navNode]: 状态4：WaitAim--[A6]
1775394580.6614850 [navNode-2] [INFO] [1775394580.661231325] [navNode]: 未到目标点
1775394580.6615765 [navNode-2] 目标位置:(0.0, 0.0, 0.1)-[A6]-[MCU:False]-[POS:False]
1775394580.6616182 [navNode-2] 当前位置:(-0.0012376965023577213, -0.0009911583038046956, -0.0017621557926759124)
1775394580.7615354 [navNode-2] [INFO] [1775394580.761187719] [navNode]: 状态4：WaitAim--[A6]
1775394580.7618945 [navNode-2] [INFO] [1775394580.761653446] [navNode]: 未到目标点
1775394580.7619562 [navNode-2] 目标位置:(0.0, 0.0, 0.1)-[A6]-[MCU:False]-[POS:False]
1775394580.7619965 [navNode-2] 当前位置:(-0.0012376965023577213, -0.0009911583038046956, -0.0017621557926759124)
1775394580.8611543 [navNode-2] [INFO] [1775394580.860803280] [navNode]: 状态4：WaitAim--[A6]
1775394580.8615737 [navNode-2] [INFO] [1775394580.861310538] [navNode]: 未到目标点
1775394580.8616650 [navNode-2] 目标位置:(0.0, 0.0, 0.1)-[A6]-[MCU:False]-[POS:False]
1775394580.8617380 [navNode-2] 当前位置:(-0.0012376965023577213, -0.0009911583038046956, -0.0017621557926759124)
1775394580.9613173 [navNode-2] [INFO] [1775394580.960927093] [navNode]: 状态4：WaitAim--[A6]
1775394580.9617884 [navNode-2] [INFO] [1775394580.961408879] [navNode]: 未到目标点
1775394580.9619281 [navNode-2] 目标位置:(0.0, 0.0, 0.1)-[A6]-[MCU:False]-[POS:False]
1775394580.9619858 [navNode-2] 当前位置:(-0.0012376965023577213, -0.0009911583038046956, -0.0017621557926759124)
1775394581.0619042 [navNode-2] [INFO] [1775394581.061534741] [navNode]: 状态4：WaitAim--[A6]
1775394581.0623298 [navNode-2] [INFO] [1775394581.062112076] [navNode]: 未到目标点
1775394581.0623922 [navNode-2] 目标位置:(0.0, 0.0, 0.1)-[A6]-[MCU:False]-[POS:False]
1775394581.0624292 [navNode-2] 当前位置:(-0.0012376965023577213, -0.0009911583038046956, -0.0017621557926759124)
1775394581.1611407 [navNode-2] [INFO] [1775394581.160766435] [navNode]: 状态4：WaitAim--[A6]
1775394581.1614809 [navNode-2] [INFO] [1775394581.161170343] [navNode]: 未到目标点
1775394581.1615782 [navNode-2] 目标位置:(0.0, 0.0, 0.1)-[A6]-[MCU:False]-[POS:False]
1775394581.1616292 [navNode-2] 当前位置:(-0.0012376965023577213, -0.0009911583038046956, -0.0017621557926759124)
1775394581.2612553 [navNode-2] [INFO] [1775394581.260867353] [navNode]: 状态4：WaitAim--[A6]
1775394581.2616348 [navNode-2] [INFO] [1775394581.261278815] [navNode]: 未到目标点
1775394581.2616982 [navNode-2] 目标位置:(0.0, 0.0, 0.1)-[A6]-[MCU:False]-[POS:False]
1775394581.2617319 [navNode-2] 当前位置:(-0.0012376965023577213, -0.0009911583038046956, -0.0017621557926759124)
1775394581.3609836 [navNode-2] [INFO] [1775394581.360650759] [navNode]: 状态4：WaitAim--[A6]
1775394581.3613570 [navNode-2] [INFO] [1775394581.361064088] [navNode]: 未到目标点
1775394581.3614564 [navNode-2] 目标位置:(0.0, 0.0, 0.1)-[A6]-[MCU:False]-[POS:False]
1775394581.3615158 [navNode-2] 当前位置:(-0.0012376965023577213, -0.0009911583038046956, -0.0017621557926759124)
1775394581.4610908 [navNode-2] [INFO] [1775394581.460758333] [navNode]: 状态4：WaitAim--[A6]
1775394581.4614944 [navNode-2] [INFO] [1775394581.461221066] [navNode]: 未到目标点
1775394581.4616084 [navNode-2] 目标位置:(0.0, 0.0, 0.1)-[A6]-[MCU:False]-[POS:False]
1775394581.4617083 [navNode-2] 当前位置:(-0.0012376965023577213, -0.0009911583038046956, -0.0017621557926759124)
1775394581.5614986 [navNode-2] [INFO] [1775394581.561179324] [navNode]: 状态4：WaitAim--[A6]
1775394581.5618913 [navNode-2] [INFO] [1775394581.561657836] [navNode]: 未到目标点
1775394581.5619872 [navNode-2] 目标位置:(0.0, 0.0, 0.1)-[A6]-[MCU:False]-[POS:False]
1775394581.5620527 [navNode-2] 当前位置:(-0.0012376965023577213, -0.0009911583038046956, -0.0017621557926759124)
1775394581.6610928 [navNode-2] [INFO] [1775394581.660768998] [navNode]: 状态4：WaitAim--[A6]
1775394581.6615262 [navNode-2] [INFO] [1775394581.661217202] [navNode]: 未到目标点
1775394581.6616464 [navNode-2] 目标位置:(0.0, 0.0, 0.1)-[A6]-[MCU:False]-[POS:False]
1775394581.6617012 [navNode-2] 当前位置:(-0.0012376965023577213, -0.0009911583038046956, -0.0017621557926759124)
1775394581.7613237 [navNode-2] [INFO] [1775394581.761004809] [navNode]: 状态4：WaitAim--[A6]
1775394581.7617342 [navNode-2] [INFO] [1775394581.761462025] [navNode]: 未到目标点
1775394581.7618098 [navNode-2] 目标位置:(0.0, 0.0, 0.1)-[A6]-[MCU:False]-[POS:False]
1775394581.7618496 [navNode-2] 当前位置:(-0.0012376965023577213, -0.0009911583038046956, -0.0017621557926759124)
1775394581.8610685 [navNode-2] [INFO] [1775394581.860688788] [navNode]: 状态4：WaitAim--[A6]
1775394581.8614810 [navNode-2] [INFO] [1775394581.861159096] [navNode]: 未到目标点
1775394581.8615816 [navNode-2] 目标位置:(0.0, 0.0, 0.1)-[A6]-[MCU:False]-[POS:False]
1775394581.8616500 [navNode-2] 当前位置:(-0.0012376965023577213, -0.0009911583038046956, -0.0017621557926759124)
1775394581.9631991 [navNode-2] [INFO] [1775394581.962576445] [navNode]: 状态4：WaitAim--[A6]
1775394581.9638865 [navNode-2] [INFO] [1775394581.963678149] [navNode]: 未到目标点
1775394581.9640546 [navNode-2] 目标位置:(0.0, 0.0, 0.1)-[A6]-[MCU:False]-[POS:False]
1775394581.9641569 [navNode-2] 当前位置:(-0.0012376965023577213, -0.0009911583038046956, -0.0017621557926759124)
1775394582.0610497 [navNode-2] [INFO] [1775394582.060731417] [navNode]: 状态4：WaitAim--[A6]
1775394582.0614157 [navNode-2] [INFO] [1775394582.061190748] [navNode]: 未到目标点
1775394582.0615027 [navNode-2] 目标位置:(0.0, 0.0, 0.1)-[A6]-[MCU:False]-[POS:False]
1775394582.0615509 [navNode-2] 当前位置:(-0.0012376965023577213, -0.0009911583038046956, -0.0017621557926759124)
1775394582.1611707 [navNode-2] [INFO] [1775394582.160819569] [navNode]: 状态4：WaitAim--[A6]
1775394582.1615596 [navNode-2] [INFO] [1775394582.161250136] [navNode]: 未到目标点
1775394582.1617014 [navNode-2] 目标位置:(0.0, 0.0, 0.1)-[A6]-[MCU:False]-[POS:False]
1775394582.1617582 [navNode-2] 当前位置:(-0.0012376965023577213, -0.0009911583038046956, -0.0017621557926759124)
1775394582.2612398 [navNode-2] [INFO] [1775394582.260868404] [navNode]: 状态4：WaitAim--[A6]
1775394582.2616062 [navNode-2] [INFO] [1775394582.261359707] [navNode]: 未到目标点
1775394582.2616649 [navNode-2] 目标位置:(0.0, 0.0, 0.1)-[A6]-[MCU:False]-[POS:False]
1775394582.2617111 [navNode-2] 当前位置:(-0.0012376965023577213, -0.0009911583038046956, -0.0017621557926759124)
1775394582.3610287 [navNode-2] [INFO] [1775394582.360732607] [navNode]: 状态4：WaitAim--[A6]
1775394582.3614399 [navNode-2] [INFO] [1775394582.361149253] [navNode]: 未到目标点
1775394582.3615439 [navNode-2] 目标位置:(0.0, 0.0, 0.1)-[A6]-[MCU:False]-[POS:False]
1775394582.3616107 [navNode-2] 当前位置:(-0.0012376965023577213, -0.0009911583038046956, -0.0017621557926759124)
1775394582.4611092 [navNode-2] [INFO] [1775394582.460769557] [navNode]: 状态4：WaitAim--[A6]
1775394582.4615204 [navNode-2] [INFO] [1775394582.461293098] [navNode]: 未到目标点
1775394582.4615910 [navNode-2] 目标位置:(0.0, 0.0, 0.1)-[A6]-[MCU:False]-[POS:False]
1775394582.4616320 [navNode-2] 当前位置:(-0.0012376965023577213, -0.0009911583038046956, -0.0017621557926759124)
1775394582.5608971 [navNode-2] [INFO] [1775394582.560571990] [navNode]: 状态4：WaitAim--[A6]
1775394582.5612912 [navNode-2] [INFO] [1775394582.561034477] [navNode]: 未到目标点
1775394582.5613966 [navNode-2] 目标位置:(0.0, 0.0, 0.1)-[A6]-[MCU:False]-[POS:False]
1775394582.5614510 [navNode-2] 当前位置:(-0.0012376965023577213, -0.0009911583038046956, -0.0017621557926759124)
1775394582.6616268 [navNode-2] [INFO] [1775394582.661148850] [navNode]: 状态4：WaitAim--[A6]
1775394582.6621869 [navNode-2] [INFO] [1775394582.661947452] [navNode]: 未到目标点
1775394582.6623242 [navNode-2] 目标位置:(0.0, 0.0, 0.1)-[A6]-[MCU:False]-[POS:False]
1775394582.6624110 [navNode-2] 当前位置:(-0.0012376965023577213, -0.0009911583038046956, -0.0017621557926759124)
1775394582.7611139 [navNode-2] [INFO] [1775394582.760747012] [navNode]: 状态4：WaitAim--[A6]
1775394582.7615969 [navNode-2] [INFO] [1775394582.761233969] [navNode]: 未到目标点
1775394582.7617331 [navNode-2] 目标位置:(0.0, 0.0, 0.1)-[A6]-[MCU:False]-[POS:False]
1775394582.7618148 [navNode-2] 当前位置:(-0.0012376965023577213, -0.0009911583038046956, -0.0017621557926759124)
1775394582.8612309 [navNode-2] [INFO] [1775394582.860827571] [navNode]: 状态4：WaitAim--[A6]
1775394582.8617015 [navNode-2] [INFO] [1775394582.861325612] [navNode]: 未到目标点
1775394582.8618379 [navNode-2] 目标位置:(0.0, 0.0, 0.1)-[A6]-[MCU:False]-[POS:False]
1775394582.8619215 [navNode-2] 当前位置:(-0.0012376965023577213, -0.0009911583038046956, -0.0017621557926759124)
1775394582.9612982 [navNode-2] [INFO] [1775394582.960898042] [navNode]: 状态4：WaitAim--[A6]
1775394582.9616735 [navNode-2] [INFO] [1775394582.961427122] [navNode]: 未到目标点
1775394582.9617536 [navNode-2] 目标位置:(0.0, 0.0, 0.1)-[A6]-[MCU:False]-[POS:False]
1775394582.9617951 [navNode-2] 当前位置:(-0.0012376965023577213, -0.0009911583038046956, -0.0017621557926759124)
1775394583.0608423 [navNode-2] [INFO] [1775394583.060422188] [navNode]: 状态4：WaitAim--[A6]
1775394583.0612147 [navNode-2] [INFO] [1775394583.060940214] [navNode]: 未到目标点
1775394583.0612810 [navNode-2] 目标位置:(0.0, 0.0, 0.1)-[A6]-[MCU:False]-[POS:False]
1775394583.0613289 [navNode-2] 当前位置:(-0.0012376965023577213, -0.0009911583038046956, -0.0017621557926759124)
1775394583.1612291 [navNode-2] [INFO] [1775394583.160886275] [navNode]: 状态4：WaitAim--[A6]
1775394583.1615891 [navNode-2] [INFO] [1775394583.161337241] [navNode]: 未到目标点
1775394583.1616547 [navNode-2] 目标位置:(0.0, 0.0, 0.1)-[A6]-[MCU:False]-[POS:False]
1775394583.1616964 [navNode-2] 当前位置:(-0.0012376965023577213, -0.0009911583038046956, -0.0017621557926759124)
1775394583.2607431 [navNode-2] [INFO] [1775394583.260406484] [navNode]: 状态4：WaitAim--[A6]
1775394583.2611563 [navNode-2] [INFO] [1775394583.260917938] [navNode]: 未到目标点
1775394583.2612772 [navNode-2] 目标位置:(0.0, 0.0, 0.1)-[A6]-[MCU:False]-[POS:False]
1775394583.2613320 [navNode-2] 当前位置:(-0.0012376965023577213, -0.0009911583038046956, -0.0017621557926759124)
1775394583.3608279 [navNode-2] [INFO] [1775394583.360520082] [navNode]: 状态4：WaitAim--[A6]
1775394583.3612142 [navNode-2] [INFO] [1775394583.360952846] [navNode]: 未到目标点
1775394583.3612869 [navNode-2] 目标位置:(0.0, 0.0, 0.1)-[A6]-[MCU:False]-[POS:False]
1775394583.3613255 [navNode-2] 当前位置:(-0.0012376965023577213, -0.0009911583038046956, -0.0017621557926759124)
1775394583.4609830 [navNode-2] [INFO] [1775394583.460611335] [navNode]: 状态4：WaitAim--[A6]
1775394583.4614425 [navNode-2] [INFO] [1775394583.461202819] [navNode]: 未到目标点
1775394583.4615371 [navNode-2] 目标位置:(0.0, 0.0, 0.1)-[A6]-[MCU:False]-[POS:False]
1775394583.4616168 [navNode-2] 当前位置:(-0.0012376965023577213, -0.0009911583038046956, -0.0017621557926759124)
1775394583.5609992 [navNode-2] [INFO] [1775394583.560642057] [navNode]: 状态4：WaitAim--[A6]
1775394583.5614264 [navNode-2] [INFO] [1775394583.561124006] [navNode]: 未到目标点
1775394583.5615664 [navNode-2] 目标位置:(0.0, 0.0, 0.1)-[A6]-[MCU:False]-[POS:False]
1775394583.5616317 [navNode-2] 当前位置:(-0.0012376965023577213, -0.0009911583038046956, -0.0017621557926759124)
1775394583.6609075 [navNode-2] [INFO] [1775394583.660474268] [navNode]: 状态4：WaitAim--[A6]
1775394583.6615448 [navNode-2] [INFO] [1775394583.661306246] [navNode]: 未到目标点
1775394583.6616960 [navNode-2] 目标位置:(0.0, 0.0, 0.1)-[A6]-[MCU:False]-[POS:False]
1775394583.6617651 [navNode-2] 当前位置:(-0.0012376965023577213, -0.0009911583038046956, -0.0017621557926759124)
1775394583.7609987 [navNode-2] [INFO] [1775394583.760630440] [navNode]: 状态4：WaitAim--[A6]
1775394583.7613733 [navNode-2] [INFO] [1775394583.761129250] [navNode]: 未到目标点
1775394583.7614849 [navNode-2] 目标位置:(0.0, 0.0, 0.1)-[A6]-[MCU:False]-[POS:False]
1775394583.7615306 [navNode-2] 当前位置:(-0.0012376965023577213, -0.0009911583038046956, -0.0017621557926759124)
1775394583.8627832 [navNode-2] [INFO] [1775394583.862083412] [navNode]: 状态4：WaitAim--[A6]
1775394583.8642409 [navNode-2] [INFO] [1775394583.863772080] [navNode]: 未到目标点
1775394583.8645070 [navNode-2] 目标位置:(0.0, 0.0, 0.1)-[A6]-[MCU:False]-[POS:False]
1775394583.8646352 [navNode-2] 当前位置:(-0.0012376965023577213, -0.0009911583038046956, -0.0017621557926759124)
1775394583.9609516 [navNode-2] [INFO] [1775394583.960456697] [navNode]: 状态4：WaitAim--[A6]
1775394583.9616773 [navNode-2] [INFO] [1775394583.961113458] [navNode]: 未到目标点
1775394583.9617960 [navNode-2] 目标位置:(0.0, 0.0, 0.1)-[A6]-[MCU:False]-[POS:False]
1775394583.9618454 [navNode-2] 当前位置:(-0.0012376965023577213, -0.0009911583038046956, -0.0017621557926759124)
1775394584.0608823 [navNode-2] [INFO] [1775394584.060549395] [navNode]: 状态4：WaitAim--[A6]
1775394584.0613351 [navNode-2] [INFO] [1775394584.061159587] [navNode]: 未到目标点
1775394584.0614614 [navNode-2] 目标位置:(0.0, 0.0, 0.1)-[A6]-[MCU:False]-[POS:False]
1775394584.0615149 [navNode-2] 当前位置:(-0.0012376965023577213, -0.0009911583038046956, -0.0017621557926759124)
1775394584.1610727 [navNode-2] [INFO] [1775394584.160696426] [navNode]: 状态4：WaitAim--[A6]
1775394584.1614099 [navNode-2] [INFO] [1775394584.161138351] [navNode]: 未到目标点
1775394584.1614959 [navNode-2] 目标位置:(0.0, 0.0, 0.1)-[A6]-[MCU:False]-[POS:False]
1775394584.1615386 [navNode-2] 当前位置:(-0.0012376965023577213, -0.0009911583038046956, -0.0017621557926759124)
1775394584.2608299 [navNode-2] [INFO] [1775394584.260481993] [navNode]: 状态4：WaitAim--[A6]
1775394584.2612822 [navNode-2] [INFO] [1775394584.261163573] [navNode]: 未到目标点
1775394584.2613530 [navNode-2] 目标位置:(0.0, 0.0, 0.1)-[A6]-[MCU:False]-[POS:False]
1775394584.2613921 [navNode-2] 当前位置:(-0.0012376965023577213, -0.0009911583038046956, -0.0017621557926759124)
1775394584.3612263 [navNode-2] [INFO] [1775394584.360855969] [navNode]: 状态4：WaitAim--[A6]
1775394584.3616335 [navNode-2] [INFO] [1775394584.361360938] [navNode]: 未到目标点
1775394584.3617561 [navNode-2] 目标位置:(0.0, 0.0, 0.1)-[A6]-[MCU:False]-[POS:False]
1775394584.3618500 [navNode-2] 当前位置:(-0.0012376965023577213, -0.0009911583038046956, -0.0017621557926759124)
1775394584.4609177 [navNode-2] [INFO] [1775394584.460529755] [navNode]: 状态4：WaitAim--[A6]
1775394584.4613459 [navNode-2] [INFO] [1775394584.461007416] [navNode]: 未到目标点
1775394584.4614716 [navNode-2] 目标位置:(0.0, 0.0, 0.1)-[A6]-[MCU:False]-[POS:False]
1775394584.4615400 [navNode-2] 当前位置:(-0.0012376965023577213, -0.0009911583038046956, -0.0017621557926759124)
1775394584.5610797 [navNode-2] [INFO] [1775394584.560774976] [navNode]: 状态4：WaitAim--[A6]
1775394584.5614522 [navNode-2] [INFO] [1775394584.561212313] [navNode]: 未到目标点
1775394584.5615504 [navNode-2] 目标位置:(0.0, 0.0, 0.1)-[A6]-[MCU:False]-[POS:False]
1775394584.5616126 [navNode-2] 当前位置:(-0.0012376965023577213, -0.0009911583038046956, -0.0017621557926759124)
1775394584.6612885 [navNode-2] [INFO] [1775394584.660642554] [navNode]: 状态4：WaitAim--[A6]
1775394584.6619711 [navNode-2] [INFO] [1775394584.661110570] [navNode]: 未到目标点
1775394584.6620870 [navNode-2] 目标位置:(0.0, 0.0, 0.1)-[A6]-[MCU:False]-[POS:False]
1775394584.6621497 [navNode-2] 当前位置:(-0.0012376965023577213, -0.0009911583038046956, -0.0017621557926759124)
1775394584.7610822 [navNode-2] [INFO] [1775394584.760591554] [navNode]: 状态4：WaitAim--[A6]
1775394584.7614620 [navNode-2] [INFO] [1775394584.761010540] [navNode]: 未到目标点
1775394584.7615809 [navNode-2] 目标位置:(0.0, 0.0, 0.1)-[A6]-[MCU:False]-[POS:False]
1775394584.7616587 [navNode-2] 当前位置:(-0.0012376965023577213, -0.0009911583038046956, -0.0017621557926759124)
1775394584.8607030 [navNode-2] [INFO] [1775394584.860373868] [navNode]: 状态4：WaitAim--[A6]
1775394584.8610785 [navNode-2] [INFO] [1775394584.860786915] [navNode]: 未到目标点
1775394584.8612111 [navNode-2] 目标位置:(0.0, 0.0, 0.1)-[A6]-[MCU:False]-[POS:False]
1775394584.8612771 [navNode-2] 当前位置:(-0.0012376965023577213, -0.0009911583038046956, -0.0017621557926759124)
1775394584.9609659 [navNode-2] [INFO] [1775394584.960549901] [navNode]: 状态4：WaitAim--[A6]
1775394584.9613972 [navNode-2] [INFO] [1775394584.961190257] [navNode]: 未到目标点
1775394584.9614937 [navNode-2] 目标位置:(0.0, 0.0, 0.1)-[A6]-[MCU:False]-[POS:False]
1775394584.9615428 [navNode-2] 当前位置:(-0.0012376965023577213, -0.0009911583038046956, -0.0017621557926759124)
1775394585.0609977 [navNode-2] [INFO] [1775394585.060626064] [navNode]: 状态4：WaitAim--[A6]
1775394585.0613885 [navNode-2] [INFO] [1775394585.061296633] [navNode]: 未到目标点
1775394585.0614924 [navNode-2] 目标位置:(0.0, 0.0, 0.1)-[A6]-[MCU:False]-[POS:False]
1775394585.0615442 [navNode-2] 当前位置:(-0.0012376965023577213, -0.0009911583038046956, -0.0017621557926759124)
1775394585.1609921 [navNode-2] [INFO] [1775394585.160675822] [navNode]: 状态4：WaitAim--[A6]
1775394585.1613364 [navNode-2] [INFO] [1775394585.161105580] [navNode]: 未到目标点
1775394585.1614385 [navNode-2] 目标位置:(0.0, 0.0, 0.1)-[A6]-[MCU:False]-[POS:False]
1775394585.1614871 [navNode-2] 当前位置:(-0.0012376965023577213, -0.0009911583038046956, -0.0017621557926759124)
1775394585.2611430 [navNode-2] [INFO] [1775394585.260693219] [navNode]: 状态4：WaitAim--[A6]
1775394585.2617042 [navNode-2] [INFO] [1775394585.261271751] [navNode]: 未到目标点
1775394585.2618823 [navNode-2] 目标位置:(0.0, 0.0, 0.1)-[A6]-[MCU:False]-[POS:False]
1775394585.2619829 [navNode-2] 当前位置:(-0.0012376965023577213, -0.0009911583038046956, -0.0017621557926759124)
1775394585.3613498 [navNode-2] [INFO] [1775394585.360894652] [navNode]: 状态4：WaitAim--[A6]
1775394585.3620954 [navNode-2] [INFO] [1775394585.361808253] [navNode]: 未到目标点
1775394585.3622572 [navNode-2] 目标位置:(0.0, 0.0, 0.1)-[A6]-[MCU:False]-[POS:False]
1775394585.3623154 [navNode-2] 当前位置:(-0.0012376965023577213, -0.0009911583038046956, -0.0017621557926759124)
1775394585.4611299 [navNode-2] [INFO] [1775394585.460709717] [navNode]: 状态4：WaitAim--[A6]
1775394585.4615433 [navNode-2] [INFO] [1775394585.461441063] [navNode]: 未到目标点
1775394585.4616158 [navNode-2] 目标位置:(0.0, 0.0, 0.1)-[A6]-[MCU:False]-[POS:False]
1775394585.4616647 [navNode-2] 当前位置:(-0.0012376965023577213, -0.0009911583038046956, -0.0017621557926759124)
1775394585.5610058 [navNode-2] [INFO] [1775394585.560638141] [navNode]: 状态4：WaitAim--[A6]
1775394585.5613625 [navNode-2] [INFO] [1775394585.561107344] [navNode]: 未到目标点
1775394585.5614321 [navNode-2] 目标位置:(0.0, 0.0, 0.1)-[A6]-[MCU:False]-[POS:False]
1775394585.5614755 [navNode-2] 当前位置:(-0.0012376965023577213, -0.0009911583038046956, -0.0017621557926759124)
1775394585.6607695 [navNode-2] [INFO] [1775394585.660441646] [navNode]: 状态4：WaitAim--[A6]
1775394585.6611676 [navNode-2] [INFO] [1775394585.660891717] [navNode]: 未到目标点
1775394585.6613417 [navNode-2] 目标位置:(0.0, 0.0, 0.1)-[A6]-[MCU:False]-[POS:False]
1775394585.6613991 [navNode-2] 当前位置:(-0.0012376965023577213, -0.0009911583038046956, -0.0017621557926759124)
1775394585.7613633 [navNode-2] [INFO] [1775394585.760977195] [navNode]: 状态4：WaitAim--[A6]
1775394585.7618413 [navNode-2] [INFO] [1775394585.761562604] [navNode]: 未到目标点
1775394585.7619629 [navNode-2] 目标位置:(0.0, 0.0, 0.1)-[A6]-[MCU:False]-[POS:False]
1775394585.7620859 [navNode-2] 当前位置:(-0.0012376965023577213, -0.0009911583038046956, -0.0017621557926759124)
1775394585.8607476 [navNode-2] [INFO] [1775394585.860409625] [navNode]: 状态4：WaitAim--[A6]
1775394585.8610933 [navNode-2] [INFO] [1775394585.860865419] [navNode]: 未到目标点
1775394585.8611565 [navNode-2] 目标位置:(0.0, 0.0, 0.1)-[A6]-[MCU:False]-[POS:False]
1775394585.8611963 [navNode-2] 当前位置:(-0.0012376965023577213, -0.0009911583038046956, -0.0017621557926759124)
1775394585.9609177 [navNode-2] [INFO] [1775394585.960604843] [navNode]: 状态4：WaitAim--[A6]
1775394585.9612570 [navNode-2] [INFO] [1775394585.961038369] [navNode]: 未到目标点
1775394585.9613187 [navNode-2] 目标位置:(0.0, 0.0, 0.1)-[A6]-[MCU:False]-[POS:False]
1775394585.9613593 [navNode-2] 当前位置:(-0.0012376965023577213, -0.0009911583038046956, -0.0017621557926759124)
1775394586.0608542 [navNode-2] [INFO] [1775394586.060508876] [navNode]: 状态4：WaitAim--[A6]
1775394586.0612187 [navNode-2] [INFO] [1775394586.061059776] [navNode]: 未到目标点
1775394586.0612853 [navNode-2] 目标位置:(0.0, 0.0, 0.1)-[A6]-[MCU:False]-[POS:False]
1775394586.0613272 [navNode-2] 当前位置:(-0.0012376965023577213, -0.0009911583038046956, -0.0017621557926759124)
1775394586.1611505 [navNode-2] [INFO] [1775394586.160702358] [navNode]: 状态4：WaitAim--[A6]
1775394586.1614997 [navNode-2] [INFO] [1775394586.161200412] [navNode]: 未到目标点
1775394586.1615584 [navNode-2] 目标位置:(0.0, 0.0, 0.1)-[A6]-[MCU:False]-[POS:False]
1775394586.1615973 [navNode-2] 当前位置:(-0.0012376965023577213, -0.0009911583038046956, -0.0017621557926759124)
1775394586.2618699 [navNode-2] [INFO] [1775394586.261398333] [navNode]: 状态4：WaitAim--[A6]
1775394586.2623949 [navNode-2] [INFO] [1775394586.262001774] [navNode]: 未到目标点
1775394586.2625480 [navNode-2] 目标位置:(0.0, 0.0, 0.1)-[A6]-[MCU:False]-[POS:False]
1775394586.2626233 [navNode-2] 当前位置:(-0.0012376965023577213, -0.0009911583038046956, -0.0017621557926759124)
1775394586.3629847 [navNode-2] [INFO] [1775394586.362340703] [navNode]: 状态4：WaitAim--[A6]
1775394586.3637648 [navNode-2] [INFO] [1775394586.363457692] [navNode]: 未到目标点
1775394586.3639286 [navNode-2] 目标位置:(0.0, 0.0, 0.1)-[A6]-[MCU:False]-[POS:False]
1775394586.3640242 [navNode-2] 当前位置:(-0.0012376965023577213, -0.0009911583038046956, -0.0017621557926759124)
1775394586.4608481 [navNode-2] [INFO] [1775394586.460458274] [navNode]: 状态4：WaitAim--[A6]
1775394586.4613123 [navNode-2] [INFO] [1775394586.460869146] [navNode]: 未到目标点
1775394586.4614129 [navNode-2] 目标位置:(0.0, 0.0, 0.1)-[A6]-[MCU:False]-[POS:False]
1775394586.4614794 [navNode-2] 当前位置:(-0.0012376965023577213, -0.0009911583038046956, -0.0017621557926759124)
1775394586.5618210 [navNode-2] [INFO] [1775394586.561191113] [navNode]: 状态4：WaitAim--[A6]
1775394586.5626152 [navNode-2] [INFO] [1775394586.562291547] [navNode]: 未到目标点
1775394586.5628195 [navNode-2] 目标位置:(0.0, 0.0, 0.1)-[A6]-[MCU:False]-[POS:False]
1775394586.5629470 [navNode-2] 当前位置:(-0.0012376965023577213, -0.0009911583038046956, -0.0017621557926759124)
1775394586.6612303 [navNode-2] [INFO] [1775394586.660764246] [navNode]: 状态4：WaitAim--[A6]
1775394586.6617208 [navNode-2] [INFO] [1775394586.661379894] [navNode]: 未到目标点
1775394586.6618307 [navNode-2] 目标位置:(0.0, 0.0, 0.1)-[A6]-[MCU:False]-[POS:False]
1775394586.6618853 [navNode-2] 当前位置:(-0.0012376965023577213, -0.0009911583038046956, -0.0017621557926759124)
1775394586.7613213 [navNode-2] [INFO] [1775394586.760944697] [navNode]: 状态4：WaitAim--[A6]
1775394586.7616339 [navNode-2] [INFO] [1775394586.761415146] [navNode]: 未到目标点
1775394586.7616858 [navNode-2] 目标位置:(0.0, 0.0, 0.1)-[A6]-[MCU:False]-[POS:False]
1775394586.7617192 [navNode-2] 当前位置:(-0.0012376965023577213, -0.0009911583038046956, -0.0017621557926759124)
1775394586.8606710 [navNode-2] [INFO] [1775394586.860314589] [navNode]: 状态4：WaitAim--[A6]
1775394586.8610168 [navNode-2] [INFO] [1775394586.860703877] [navNode]: 未到目标点
1775394586.8610954 [navNode-2] 目标位置:(0.0, 0.0, 0.1)-[A6]-[MCU:False]-[POS:False]
1775394586.8611324 [navNode-2] 当前位置:(-0.0012376965023577213, -0.0009911583038046956, -0.0017621557926759124)
1775394586.9608102 [navNode-2] [INFO] [1775394586.960454415] [navNode]: 状态4：WaitAim--[A6]
1775394586.9611268 [navNode-2] [INFO] [1775394586.960855172] [navNode]: 未到目标点
1775394586.9612157 [navNode-2] 目标位置:(0.0, 0.0, 0.1)-[A6]-[MCU:False]-[POS:False]
1775394586.9612641 [navNode-2] 当前位置:(-0.0012376965023577213, -0.0009911583038046956, -0.0017621557926759124)
1775394587.0609262 [navNode-2] [INFO] [1775394587.060426651] [navNode]: 状态4：WaitAim--[A6]
1775394587.0613050 [navNode-2] [INFO] [1775394587.061033097] [navNode]: 未到目标点
1775394587.0613708 [navNode-2] 目标位置:(0.0, 0.0, 0.1)-[A6]-[MCU:False]-[POS:False]
1775394587.0614524 [navNode-2] 当前位置:(-0.0012376965023577213, -0.0009911583038046956, -0.0017621557926759124)
1775394587.1610825 [navNode-2] [INFO] [1775394587.160668472] [navNode]: 状态4：WaitAim--[A6]
1775394587.1614778 [navNode-2] [INFO] [1775394587.161152261] [navNode]: 未到目标点
1775394587.1616342 [navNode-2] 目标位置:(0.0, 0.0, 0.1)-[A6]-[MCU:False]-[POS:False]
1775394587.1617050 [navNode-2] 当前位置:(-0.0012376965023577213, -0.0009911583038046956, -0.0017621557926759124)
1775394587.2628107 [navNode-2] [INFO] [1775394587.262282909] [navNode]: 状态4：WaitAim--[A6]
1775394587.2633007 [navNode-2] [INFO] [1775394587.262935099] [navNode]: 未到目标点
1775394587.2633977 [navNode-2] 目标位置:(0.0, 0.0, 0.1)-[A6]-[MCU:False]-[POS:False]
1775394587.2634637 [navNode-2] 当前位置:(-0.0012376965023577213, -0.0009911583038046956, -0.0017621557926759124)
1775394587.3611054 [navNode-2] [INFO] [1775394587.360768353] [navNode]: 状态4：WaitAim--[A6]
1775394587.3614213 [navNode-2] [INFO] [1775394587.361167632] [navNode]: 未到目标点
1775394587.3615017 [navNode-2] 目标位置:(0.0, 0.0, 0.1)-[A6]-[MCU:False]-[POS:False]
1775394587.3615553 [navNode-2] 当前位置:(-0.0012376965023577213, -0.0009911583038046956, -0.0017621557926759124)
1775394587.4608643 [navNode-2] [INFO] [1775394587.460463633] [navNode]: 状态4：WaitAim--[A6]
1775394587.4611840 [navNode-2] [INFO] [1775394587.460876320] [navNode]: 未到目标点
1775394587.4612384 [navNode-2] 目标位置:(0.0, 0.0, 0.1)-[A6]-[MCU:False]-[POS:False]
1775394587.4612722 [navNode-2] 当前位置:(-0.0012376965023577213, -0.0009911583038046956, -0.0017621557926759124)
1775394587.5611293 [navNode-2] [INFO] [1775394587.560801082] [navNode]: 状态4：WaitAim--[A6]
1775394587.5615165 [navNode-2] [INFO] [1775394587.561233431] [navNode]: 未到目标点
1775394587.5615833 [navNode-2] 目标位置:(0.0, 0.0, 0.1)-[A6]-[MCU:False]-[POS:False]
1775394587.5616264 [navNode-2] 当前位置:(-0.0012376965023577213, -0.0009911583038046956, -0.0017621557926759124)
1775394587.6610153 [navNode-2] [INFO] [1775394587.660624536] [navNode]: 状态4：WaitAim--[A6]
1775394587.6615748 [navNode-2] [INFO] [1775394587.661424082] [navNode]: 未到目标点
1775394587.6616771 [navNode-2] 目标位置:(0.0, 0.0, 0.1)-[A6]-[MCU:False]-[POS:False]
1775394587.6617198 [navNode-2] 当前位置:(-0.0012376965023577213, -0.0009911583038046956, -0.0017621557926759124)
1775394587.7610028 [navNode-2] [INFO] [1775394587.760523927] [navNode]: 状态4：WaitAim--[A6]
1775394587.7614331 [navNode-2] [INFO] [1775394587.761180938] [navNode]: 未到目标点
1775394587.7615473 [navNode-2] 目标位置:(0.0, 0.0, 0.1)-[A6]-[MCU:False]-[POS:False]
1775394587.7615898 [navNode-2] 当前位置:(-0.0012376965023577213, -0.0009911583038046956, -0.0017621557926759124)
1775394587.8622468 [navNode-2] [INFO] [1775394587.861649196] [navNode]: 状态4：WaitAim--[A6]
1775394587.8629432 [navNode-2] [INFO] [1775394587.862389349] [navNode]: 未到目标点
1775394587.8631110 [navNode-2] 目标位置:(0.0, 0.0, 0.1)-[A6]-[MCU:False]-[POS:False]
1775394587.8631730 [navNode-2] 当前位置:(-0.0012376965023577213, -0.0009911583038046956, -0.0017621557926759124)
1775394587.9610517 [navNode-2] [INFO] [1775394587.960646438] [navNode]: 状态4：WaitAim--[A6]
1775394587.9614894 [navNode-2] [INFO] [1775394587.961126323] [navNode]: 未到目标点
1775394587.9616280 [navNode-2] 目标位置:(0.0, 0.0, 0.1)-[A6]-[MCU:False]-[POS:False]
1775394587.9616792 [navNode-2] 当前位置:(-0.0012376965023577213, -0.0009911583038046956, -0.0017621557926759124)
1775394588.0614614 [navNode-2] [INFO] [1775394588.061110573] [navNode]: 状态4：WaitAim--[A6]
1775394588.0618074 [navNode-2] [INFO] [1775394588.061481348] [navNode]: 未到目标点
1775394588.0618975 [navNode-2] 目标位置:(0.0, 0.0, 0.1)-[A6]-[MCU:False]-[POS:False]
1775394588.0619392 [navNode-2] 当前位置:(-0.0012376965023577213, -0.0009911583038046956, -0.0017621557926759124)
1775394588.1607790 [navNode-2] [INFO] [1775394588.160425047] [navNode]: 状态4：WaitAim--[A6]
1775394588.1611314 [navNode-2] [INFO] [1775394588.160813277] [navNode]: 未到目标点
1775394588.1612144 [navNode-2] 目标位置:(0.0, 0.0, 0.1)-[A6]-[MCU:False]-[POS:False]
1775394588.1612561 [navNode-2] 当前位置:(-0.0012376965023577213, -0.0009911583038046956, -0.0017621557926759124)
1775394588.2608802 [navNode-2] [INFO] [1775394588.260501005] [navNode]: 状态4：WaitAim--[A6]
1775394588.2612350 [navNode-2] [INFO] [1775394588.260860375] [navNode]: 未到目标点
1775394588.2613192 [navNode-2] 目标位置:(0.0, 0.0, 0.1)-[A6]-[MCU:False]-[POS:False]
1775394588.2613604 [navNode-2] 当前位置:(-0.0012376965023577213, -0.0009911583038046956, -0.0017621557926759124)
1775394588.3608446 [navNode-2] [INFO] [1775394588.360518743] [navNode]: 状态4：WaitAim--[A6]
1775394588.3613322 [navNode-2] [INFO] [1775394588.360970020] [navNode]: 未到目标点
1775394588.3614280 [navNode-2] 目标位置:(0.0, 0.0, 0.1)-[A6]-[MCU:False]-[POS:False]
1775394588.3614655 [navNode-2] 当前位置:(-0.0012376965023577213, -0.0009911583038046956, -0.0017621557926759124)
1775394588.4611647 [navNode-2] [INFO] [1775394588.460866070] [navNode]: 状态4：WaitAim--[A6]
1775394588.4615102 [navNode-2] [INFO] [1775394588.461235784] [navNode]: 未到目标点
1775394588.4615703 [navNode-2] 目标位置:(0.0, 0.0, 0.1)-[A6]-[MCU:False]-[POS:False]
1775394588.4616048 [navNode-2] 当前位置:(-0.0012376965023577213, -0.0009911583038046956, -0.0017621557926759124)
1775394588.5611594 [navNode-2] [INFO] [1775394588.560854659] [navNode]: 状态4：WaitAim--[A6]
1775394588.5615246 [navNode-2] [INFO] [1775394588.561261180] [navNode]: 未到目标点
1775394588.5615809 [navNode-2] 目标位置:(0.0, 0.0, 0.1)-[A6]-[MCU:False]-[POS:False]
1775394588.5616159 [navNode-2] 当前位置:(-0.0012376965023577213, -0.0009911583038046956, -0.0017621557926759124)
1775394588.6613579 [navNode-2] [INFO] [1775394588.660953652] [navNode]: 状态4：WaitAim--[A6]
1775394588.6617181 [navNode-2] [INFO] [1775394588.661363843] [navNode]: 未到目标点
1775394588.6617856 [navNode-2] 目标位置:(0.0, 0.0, 0.1)-[A6]-[MCU:False]-[POS:False]
1775394588.6618211 [navNode-2] 当前位置:(-0.0012376965023577213, -0.0009911583038046956, -0.0017621557926759124)
1775394588.7613623 [navNode-2] [INFO] [1775394588.760969396] [navNode]: 状态4：WaitAim--[A6]
1775394588.7617626 [navNode-2] [INFO] [1775394588.761439546] [navNode]: 未到目标点
1775394588.7618353 [navNode-2] 目标位置:(0.0, 0.0, 0.1)-[A6]-[MCU:False]-[POS:False]
1775394588.7618699 [navNode-2] 当前位置:(-0.0012376965023577213, -0.0009911583038046956, -0.0017621557926759124)
1775394588.8611822 [navNode-2] [INFO] [1775394588.860888358] [navNode]: 状态4：WaitAim--[A6]
1775394588.8615339 [navNode-2] [INFO] [1775394588.861269493] [navNode]: 未到目标点
1775394588.8615959 [navNode-2] 目标位置:(0.0, 0.0, 0.1)-[A6]-[MCU:False]-[POS:False]
1775394588.8616366 [navNode-2] 当前位置:(-0.0012376965023577213, -0.0009911583038046956, -0.0017621557926759124)
1775394588.9615972 [navNode-2] [INFO] [1775394588.961042750] [navNode]: 状态4：WaitAim--[A6]
1775394588.9621863 [navNode-2] [INFO] [1775394588.961731534] [navNode]: 未到目标点
1775394588.9622791 [navNode-2] 目标位置:(0.0, 0.0, 0.1)-[A6]-[MCU:False]-[POS:False]
1775394588.9623258 [navNode-2] 当前位置:(-0.0012376965023577213, -0.0009911583038046956, -0.0017621557926759124)
1775394589.0613973 [navNode-2] [INFO] [1775394589.061029923] [navNode]: 状态4：WaitAim--[A6]
1775394589.0618551 [navNode-2] [INFO] [1775394589.061525932] [navNode]: 未到目标点
1775394589.0619502 [navNode-2] 目标位置:(0.0, 0.0, 0.1)-[A6]-[MCU:False]-[POS:False]
1775394589.0619962 [navNode-2] 当前位置:(-0.0012376965023577213, -0.0009911583038046956, -0.0017621557926759124)
1775394589.1609669 [navNode-2] [INFO] [1775394589.160645438] [navNode]: 状态4：WaitAim--[A6]
1775394589.1613543 [navNode-2] [INFO] [1775394589.161125288] [navNode]: 未到目标点
1775394589.1614275 [navNode-2] 目标位置:(0.0, 0.0, 0.1)-[A6]-[MCU:False]-[POS:False]
1775394589.1614673 [navNode-2] 当前位置:(-0.0012376965023577213, -0.0009911583038046956, -0.0017621557926759124)
1775394589.2610731 [navNode-2] [INFO] [1775394589.260753148] [navNode]: 状态4：WaitAim--[A6]
1775394589.2614555 [navNode-2] [INFO] [1775394589.261159235] [navNode]: 未到目标点
1775394589.2615271 [navNode-2] 目标位置:(0.0, 0.0, 0.1)-[A6]-[MCU:False]-[POS:False]
1775394589.2615657 [navNode-2] 当前位置:(-0.0012376965023577213, -0.0009911583038046956, -0.0017621557926759124)
1775394589.3611908 [navNode-2] [INFO] [1775394589.360729018] [navNode]: 状态4：WaitAim--[A6]
1775394589.3614948 [navNode-2] [INFO] [1775394589.361232536] [navNode]: 未到目标点
1775394589.3615537 [navNode-2] 目标位置:(0.0, 0.0, 0.1)-[A6]-[MCU:False]-[POS:False]
1775394589.3615880 [navNode-2] 当前位置:(-0.0012376965023577213, -0.0009911583038046956, -0.0017621557926759124)
1775394589.4609265 [navNode-2] [INFO] [1775394589.460628806] [navNode]: 状态4：WaitAim--[A6]
1775394589.4613118 [navNode-2] [INFO] [1775394589.461038696] [navNode]: 未到目标点
1775394589.4613800 [navNode-2] 目标位置:(0.0, 0.0, 0.1)-[A6]-[MCU:False]-[POS:False]
1775394589.4614198 [navNode-2] 当前位置:(-0.0012376965023577213, -0.0009911583038046956, -0.0017621557926759124)
1775394589.5610700 [navNode-2] [INFO] [1775394589.560707281] [navNode]: 状态4：WaitAim--[A6]
1775394589.5615473 [navNode-2] [INFO] [1775394589.561240143] [navNode]: 未到目标点
1775394589.5616989 [navNode-2] 目标位置:(0.0, 0.0, 0.1)-[A6]-[MCU:False]-[POS:False]
1775394589.5617824 [navNode-2] 当前位置:(-0.0012376965023577213, -0.0009911583038046956, -0.0017621557926759124)
1775394589.6607454 [navNode-2] [INFO] [1775394589.660419611] [navNode]: 状态4：WaitAim--[A6]
1775394589.6611757 [navNode-2] [INFO] [1775394589.661050116] [navNode]: 未到目标点
1775394589.6613901 [navNode-2] 目标位置:(0.0, 0.0, 0.1)-[A6]-[MCU:False]-[POS:False]
1775394589.6614480 [navNode-2] 当前位置:(-0.0012376965023577213, -0.0009911583038046956, -0.0017621557926759124)
1775394589.7608969 [navNode-2] [INFO] [1775394589.760424838] [navNode]: 状态4：WaitAim--[A6]
1775394589.7612462 [navNode-2] [INFO] [1775394589.760911652] [navNode]: 未到目标点
1775394589.7613144 [navNode-2] 目标位置:(0.0, 0.0, 0.1)-[A6]-[MCU:False]-[POS:False]
1775394589.7613490 [navNode-2] 当前位置:(-0.0012376965023577213, -0.0009911583038046956, -0.0017621557926759124)
1775394589.8615894 [navNode-2] [INFO] [1775394589.861210264] [navNode]: 状态4：WaitAim--[A6]
1775394589.8619626 [navNode-2] [INFO] [1775394589.861722405] [navNode]: 未到目标点
1775394589.8620758 [navNode-2] 目标位置:(0.0, 0.0, 0.1)-[A6]-[MCU:False]-[POS:False]
1775394589.8621407 [navNode-2] 当前位置:(-0.0012376965023577213, -0.0009911583038046956, -0.0017621557926759124)
1775394589.9609346 [navNode-2] [INFO] [1775394589.960543078] [navNode]: 状态4：WaitAim--[A6]
1775394589.9613605 [navNode-2] [INFO] [1775394589.961192157] [navNode]: 未到目标点
1775394589.9614592 [navNode-2] 目标位置:(0.0, 0.0, 0.1)-[A6]-[MCU:False]-[POS:False]
1775394589.9615064 [navNode-2] 当前位置:(-0.0012376965023577213, -0.0009911583038046956, -0.0017621557926759124)
1775394590.0610862 [navNode-2] [INFO] [1775394590.060740651] [navNode]: 状态4：WaitAim--[A6]
1775394590.0614552 [navNode-2] [INFO] [1775394590.061178919] [navNode]: 未到目标点
1775394590.0615306 [navNode-2] 目标位置:(0.0, 0.0, 0.1)-[A6]-[MCU:False]-[POS:False]
1775394590.0615730 [navNode-2] 当前位置:(-0.0012376965023577213, -0.0009911583038046956, -0.0017621557926759124)
1775394590.1611569 [navNode-2] [INFO] [1775394590.160763557] [navNode]: 状态4：WaitAim--[A6]
1775394590.1616426 [navNode-2] [INFO] [1775394590.161421480] [navNode]: 未到目标点
1775394590.1617348 [navNode-2] 目标位置:(0.0, 0.0, 0.1)-[A6]-[MCU:False]-[POS:False]
1775394590.1617856 [navNode-2] 当前位置:(-0.0012376965023577213, -0.0009911583038046956, -0.0017621557926759124)
1775394590.2617202 [navNode-2] [INFO] [1775394590.261346891] [navNode]: 状态4：WaitAim--[A6]
1775394590.2621658 [navNode-2] [INFO] [1775394590.261911608] [navNode]: 未到目标点
1775394590.2622745 [navNode-2] 目标位置:(0.0, 0.0, 0.1)-[A6]-[MCU:False]-[POS:False]
1775394590.2623582 [navNode-2] 当前位置:(-0.0012376965023577213, -0.0009911583038046956, -0.0017621557926759124)
1775394590.3609891 [navNode-2] [INFO] [1775394590.360612991] [navNode]: 状态4：WaitAim--[A6]
1775394590.3615053 [navNode-2] [INFO] [1775394590.361203740] [navNode]: 未到目标点
1775394590.3616414 [navNode-2] 目标位置:(0.0, 0.0, 0.1)-[A6]-[MCU:False]-[POS:False]
1775394590.3617239 [navNode-2] 当前位置:(-0.0012376965023577213, -0.0009911583038046956, -0.0017621557926759124)
1775394590.4611735 [navNode-2] [INFO] [1775394590.460666869] [navNode]: 状态4：WaitAim--[A6]
1775394590.4618690 [navNode-2] [INFO] [1775394590.461301519] [navNode]: 未到目标点
1775394590.4621062 [navNode-2] 目标位置:(0.0, 0.0, 0.1)-[A6]-[MCU:False]-[POS:False]
1775394590.4621868 [navNode-2] 当前位置:(-0.0012376965023577213, -0.0009911583038046956, -0.0017621557926759124)
1775394590.5616124 [navNode-2] [INFO] [1775394590.561138639] [navNode]: 状态4：WaitAim--[A6]
1775394590.5624342 [navNode-2] [INFO] [1775394590.562147826] [navNode]: 未到目标点
1775394590.5626087 [navNode-2] 目标位置:(0.0, 0.0, 0.1)-[A6]-[MCU:False]-[POS:False]
1775394590.5627005 [navNode-2] 当前位置:(-0.0012376965023577213, -0.0009911583038046956, -0.0017621557926759124)
1775394590.6611948 [navNode-2] [INFO] [1775394590.660793443] [navNode]: 状态4：WaitAim--[A6]
1775394590.6616135 [navNode-2] [INFO] [1775394590.661329369] [navNode]: 未到目标点
1775394590.6617835 [navNode-2] 目标位置:(0.0, 0.0, 0.1)-[A6]-[MCU:False]-[POS:False]
1775394590.6618733 [navNode-2] 当前位置:(-0.0012376965023577213, -0.0009911583038046956, -0.0017621557926759124)
1775394590.7618148 [navNode-2] [INFO] [1775394590.761401013] [navNode]: 状态4：WaitAim--[A6]
1775394590.7622778 [navNode-2] [INFO] [1775394590.762128790] [navNode]: 未到目标点
1775394590.7624176 [navNode-2] 目标位置:(0.0, 0.0, 0.1)-[A6]-[MCU:False]-[POS:False]
1775394590.7624795 [navNode-2] 当前位置:(-0.0012376965023577213, -0.0009911583038046956, -0.0017621557926759124)
1775394590.8611059 [navNode-2] [INFO] [1775394590.860718552] [navNode]: 状态4：WaitAim--[A6]
1775394590.8614972 [navNode-2] [INFO] [1775394590.861234861] [navNode]: 未到目标点
1775394590.8616357 [navNode-2] 目标位置:(0.0, 0.0, 0.1)-[A6]-[MCU:False]-[POS:False]
1775394590.8616996 [navNode-2] 当前位置:(-0.0012376965023577213, -0.0009911583038046956, -0.0017621557926759124)
1775394590.9609451 [navNode-2] [INFO] [1775394590.960572998] [navNode]: 状态4：WaitAim--[A6]
1775394590.9616065 [navNode-2] [INFO] [1775394590.961422767] [navNode]: 未到目标点
1775394590.9617736 [navNode-2] 目标位置:(0.0, 0.0, 0.1)-[A6]-[MCU:False]-[POS:False]
1775394590.9618397 [navNode-2] 当前位置:(-0.0012376965023577213, -0.0009911583038046956, -0.0017621557926759124)
1775394591.0617652 [navNode-2] [INFO] [1775394591.061400993] [navNode]: 状态4：WaitAim--[A6]
1775394591.0621538 [navNode-2] [INFO] [1775394591.061938973] [navNode]: 未到目标点
1775394591.0622251 [navNode-2] 目标位置:(0.0, 0.0, 0.1)-[A6]-[MCU:False]-[POS:False]
1775394591.0622711 [navNode-2] 当前位置:(-0.0012376965023577213, -0.0009911583038046956, -0.0017621557926759124)
1775394591.1612091 [navNode-2] [INFO] [1775394591.160763541] [navNode]: 状态4：WaitAim--[A6]
1775394591.1617386 [navNode-2] [INFO] [1775394591.161492999] [navNode]: 未到目标点
1775394591.1619055 [navNode-2] 目标位置:(0.0, 0.0, 0.1)-[A6]-[MCU:False]-[POS:False]
1775394591.1619654 [navNode-2] 当前位置:(-0.0012376965023577213, -0.0009911583038046956, -0.0017621557926759124)
1775394591.2626481 [navNode-2] [INFO] [1775394591.262142765] [navNode]: 状态4：WaitAim--[A6]
1775394591.2635338 [navNode-2] [INFO] [1775394591.263249922] [navNode]: 未到目标点
1775394591.2637212 [navNode-2] 目标位置:(0.0, 0.0, 0.1)-[A6]-[MCU:False]-[POS:False]
1775394591.2638052 [navNode-2] 当前位置:(-0.0012376965023577213, -0.0009911583038046956, -0.0017621557926759124)
1775394591.3613863 [navNode-2] [INFO] [1775394591.360977974] [navNode]: 状态4：WaitAim--[A6]
1775394591.3618791 [navNode-2] [INFO] [1775394591.361574676] [navNode]: 未到目标点
1775394591.3619635 [navNode-2] 目标位置:(0.0, 0.0, 0.1)-[A6]-[MCU:False]-[POS:False]
1775394591.3620133 [navNode-2] 当前位置:(-0.0012376965023577213, -0.0009911583038046956, -0.0017621557926759124)
1775394591.4613965 [navNode-2] [INFO] [1775394591.460970804] [navNode]: 状态4：WaitAim--[A6]
1775394591.4618850 [navNode-2] [INFO] [1775394591.461593441] [navNode]: 未到目标点
1775394591.4619663 [navNode-2] 目标位置:(0.0, 0.0, 0.1)-[A6]-[MCU:False]-[POS:False]
1775394591.4620125 [navNode-2] 当前位置:(-0.0012376965023577213, -0.0009911583038046956, -0.0017621557926759124)
1775394591.5617385 [navNode-2] [INFO] [1775394591.561232614] [navNode]: 状态4：WaitAim--[A6]
1775394591.5622230 [navNode-2] [INFO] [1775394591.562046243] [navNode]: 未到目标点
1775394591.5623159 [navNode-2] 目标位置:(0.0, 0.0, 0.1)-[A6]-[MCU:False]-[POS:False]
1775394591.5623734 [navNode-2] 当前位置:(-0.0012376965023577213, -0.0009911583038046956, -0.0017621557926759124)
1775394591.6611922 [navNode-2] [INFO] [1775394591.660815317] [navNode]: 状态4：WaitAim--[A6]
1775394591.6616645 [navNode-2] [INFO] [1775394591.661350913] [navNode]: 未到目标点
1775394591.6617541 [navNode-2] 目标位置:(0.0, 0.0, 0.1)-[A6]-[MCU:False]-[POS:False]
1775394591.6618028 [navNode-2] 当前位置:(-0.0012376965023577213, -0.0009911583038046956, -0.0017621557926759124)
1775394591.7610371 [navNode-2] [INFO] [1775394591.760660309] [navNode]: 状态4：WaitAim--[A6]
1775394591.7615442 [navNode-2] [INFO] [1775394591.761416976] [navNode]: 未到目标点
1775394591.7616715 [navNode-2] 目标位置:(0.0, 0.0, 0.1)-[A6]-[MCU:False]-[POS:False]
1775394591.7617469 [navNode-2] 当前位置:(-0.0012376965023577213, -0.0009911583038046956, -0.0017621557926759124)
1775394591.8612666 [navNode-2] [INFO] [1775394591.860927956] [navNode]: 状态4：WaitAim--[A6]
1775394591.8616462 [navNode-2] [INFO] [1775394591.861375529] [navNode]: 未到目标点
1775394591.8617587 [navNode-2] 目标位置:(0.0, 0.0, 0.1)-[A6]-[MCU:False]-[POS:False]
1775394591.8618116 [navNode-2] 当前位置:(-0.0012376965023577213, -0.0009911583038046956, -0.0017621557926759124)
1775394591.9608417 [navNode-2] [INFO] [1775394591.960481340] [navNode]: 状态4：WaitAim--[A6]
1775394591.9615042 [navNode-2] [INFO] [1775394591.960975157] [navNode]: 未到目标点
1775394591.9616718 [navNode-2] 目标位置:(0.0, 0.0, 0.1)-[A6]-[MCU:False]-[POS:False]
1775394591.9617553 [navNode-2] 当前位置:(-0.0012376965023577213, -0.0009911583038046956, -0.0017621557926759124)
1775394592.0612407 [navNode-2] [INFO] [1775394592.060872240] [navNode]: 状态4：WaitAim--[A6]
1775394592.0617170 [navNode-2] [INFO] [1775394592.061357984] [navNode]: 未到目标点
1775394592.0618441 [navNode-2] 目标位置:(0.0, 0.0, 0.1)-[A6]-[MCU:False]-[POS:False]
1775394592.0619342 [navNode-2] 当前位置:(-0.0012376965023577213, -0.0009911583038046956, -0.0017621557926759124)
1775394592.1611547 [navNode-2] [INFO] [1775394592.160563517] [navNode]: 状态4：WaitAim--[A6]
1775394592.1617396 [navNode-2] [INFO] [1775394592.161148261] [navNode]: 未到目标点
1775394592.1618991 [navNode-2] 目标位置:(0.0, 0.0, 0.1)-[A6]-[MCU:False]-[POS:False]
1775394592.1620455 [navNode-2] 当前位置:(-0.0012376965023577213, -0.0009911583038046956, -0.0017621557926759124)
1775394592.2614722 [navNode-2] [INFO] [1775394592.261104829] [navNode]: 状态4：WaitAim--[A6]
1775394592.2618504 [navNode-2] [INFO] [1775394592.261578922] [navNode]: 未到目标点
1775394592.2619274 [navNode-2] 目标位置:(0.0, 0.0, 0.1)-[A6]-[MCU:False]-[POS:False]
1775394592.2619689 [navNode-2] 当前位置:(-0.0012376965023577213, -0.0009911583038046956, -0.0017621557926759124)
1775394592.3609536 [navNode-2] [INFO] [1775394592.360537407] [navNode]: 状态4：WaitAim--[A6]
1775394592.3613579 [navNode-2] [INFO] [1775394592.361057034] [navNode]: 未到目标点
1775394592.3614268 [navNode-2] 目标位置:(0.0, 0.0, 0.1)-[A6]-[MCU:False]-[POS:False]
1775394592.3614724 [navNode-2] 当前位置:(-0.0012376965023577213, -0.0009911583038046956, -0.0017621557926759124)
1775394592.4611733 [navNode-2] [INFO] [1775394592.460799130] [navNode]: 状态4：WaitAim--[A6]
1775394592.4616542 [navNode-2] [INFO] [1775394592.461306648] [navNode]: 未到目标点
1775394592.4617734 [navNode-2] 目标位置:(0.0, 0.0, 0.1)-[A6]-[MCU:False]-[POS:False]
1775394592.4618428 [navNode-2] 当前位置:(-0.0012376965023577213, -0.0009911583038046956, -0.0017621557926759124)
1775394592.5613008 [navNode-2] [INFO] [1775394592.560851651] [navNode]: 状态4：WaitAim--[A6]
1775394592.5617709 [navNode-2] [INFO] [1775394592.561396035] [navNode]: 未到目标点
1775394592.5618804 [navNode-2] 目标位置:(0.0, 0.0, 0.1)-[A6]-[MCU:False]-[POS:False]
1775394592.5619376 [navNode-2] 当前位置:(-0.0012376965023577213, -0.0009911583038046956, -0.0017621557926759124)
1775394592.6610401 [navNode-2] [INFO] [1775394592.660688251] [navNode]: 状态4：WaitAim--[A6]
1775394592.6614709 [navNode-2] [INFO] [1775394592.661181425] [navNode]: 未到目标点
1775394592.6616187 [navNode-2] 目标位置:(0.0, 0.0, 0.1)-[A6]-[MCU:False]-[POS:False]
1775394592.6617136 [navNode-2] 当前位置:(-0.0012376965023577213, -0.0009911583038046956, -0.0017621557926759124)
1775394592.7609880 [navNode-2] [INFO] [1775394592.760619467] [navNode]: 状态4：WaitAim--[A6]
1775394592.7614341 [navNode-2] [INFO] [1775394592.761176980] [navNode]: 未到目标点
1775394592.7615418 [navNode-2] 目标位置:(0.0, 0.0, 0.1)-[A6]-[MCU:False]-[POS:False]
1775394592.7616041 [navNode-2] 当前位置:(-0.0012376965023577213, -0.0009911583038046956, -0.0017621557926759124)
1775394592.8609402 [navNode-2] [INFO] [1775394592.860609133] [navNode]: 状态4：WaitAim--[A6]
1775394592.8613551 [navNode-2] [INFO] [1775394592.861064397] [navNode]: 未到目标点
1775394592.8614347 [navNode-2] 目标位置:(0.0, 0.0, 0.1)-[A6]-[MCU:False]-[POS:False]
1775394592.8614793 [navNode-2] 当前位置:(-0.0012376965023577213, -0.0009911583038046956, -0.0017621557926759124)
1775394592.9609196 [navNode-2] [INFO] [1775394592.960565670] [navNode]: 状态4：WaitAim--[A6]
1775394592.9613640 [navNode-2] [INFO] [1775394592.961245023] [navNode]: 未到目标点
1775394592.9614794 [navNode-2] 目标位置:(0.0, 0.0, 0.1)-[A6]-[MCU:False]-[POS:False]
1775394592.9615300 [navNode-2] 当前位置:(-0.0012376965023577213, -0.0009911583038046956, -0.0017621557926759124)
1775394593.0614004 [navNode-2] [INFO] [1775394593.060925616] [navNode]: 状态4：WaitAim--[A6]
1775394593.0618300 [navNode-2] [INFO] [1775394593.061521199] [navNode]: 未到目标点
1775394593.0619264 [navNode-2] 目标位置:(0.0, 0.0, 0.1)-[A6]-[MCU:False]-[POS:False]
1775394593.0619819 [navNode-2] 当前位置:(-0.0012376965023577213, -0.0009911583038046956, -0.0017621557926759124)
1775394593.1612413 [navNode-2] [INFO] [1775394593.160887048] [navNode]: 状态4：WaitAim--[A6]
1775394593.1617723 [navNode-2] [INFO] [1775394593.161540228] [navNode]: 未到目标点
1775394593.1618979 [navNode-2] 目标位置:(0.0, 0.0, 0.1)-[A6]-[MCU:False]-[POS:False]
1775394593.1619768 [navNode-2] 当前位置:(-0.0012376965023577213, -0.0009911583038046956, -0.0017621557926759124)
1775394593.2612431 [navNode-2] [INFO] [1775394593.260885078] [navNode]: 状态4：WaitAim--[A6]
1775394593.2616656 [navNode-2] [INFO] [1775394593.261372328] [navNode]: 未到目标点
1775394593.2617607 [navNode-2] 目标位置:(0.0, 0.0, 0.1)-[A6]-[MCU:False]-[POS:False]
1775394593.2618055 [navNode-2] 当前位置:(-0.0012376965023577213, -0.0009911583038046956, -0.0017621557926759124)
1775394593.3611231 [navNode-2] [INFO] [1775394593.360765069] [navNode]: 状态4：WaitAim--[A6]
1775394593.3615766 [navNode-2] [INFO] [1775394593.361278806] [navNode]: 未到目标点
1775394593.3616951 [navNode-2] 目标位置:(0.0, 0.0, 0.1)-[A6]-[MCU:False]-[POS:False]
1775394593.3617601 [navNode-2] 当前位置:(-0.0012376965023577213, -0.0009911583038046956, -0.0017621557926759124)
1775394593.4610186 [navNode-2] [INFO] [1775394593.460682584] [navNode]: 状态4：WaitAim--[A6]
1775394593.4614215 [navNode-2] [INFO] [1775394593.461140948] [navNode]: 未到目标点
1775394593.4615204 [navNode-2] 目标位置:(0.0, 0.0, 0.1)-[A6]-[MCU:False]-[POS:False]
1775394593.4615915 [navNode-2] 当前位置:(-0.0012376965023577213, -0.0009911583038046956, -0.0017621557926759124)
1775394593.5616581 [navNode-2] [INFO] [1775394593.561220330] [navNode]: 状态4：WaitAim--[A6]
1775394593.5621679 [navNode-2] [INFO] [1775394593.562012049] [navNode]: 未到目标点
1775394593.5622613 [navNode-2] 目标位置:(0.0, 0.0, 0.1)-[A6]-[MCU:False]-[POS:False]
1775394593.5623105 [navNode-2] 当前位置:(-0.0012376965023577213, -0.0009911583038046956, -0.0017621557926759124)
1775394593.6614895 [navNode-2] [INFO] [1775394593.661123799] [navNode]: 状态4：WaitAim--[A6]
1775394593.6623223 [navNode-2] [INFO] [1775394593.661794110] [navNode]: 未到目标点
1775394593.6624870 [navNode-2] 目标位置:(0.0, 0.0, 0.1)-[A6]-[MCU:False]-[POS:False]
1775394593.6625638 [navNode-2] 当前位置:(-0.0012376965023577213, -0.0009911583038046956, -0.0017621557926759124)
1775394593.7609897 [navNode-2] [INFO] [1775394593.760589352] [navNode]: 状态4：WaitAim--[A6]
1775394593.7613566 [navNode-2] [INFO] [1775394593.761134117] [navNode]: 未到目标点
1775394593.7614222 [navNode-2] 目标位置:(0.0, 0.0, 0.1)-[A6]-[MCU:False]-[POS:False]
1775394593.7614651 [navNode-2] 当前位置:(-0.0012376965023577213, -0.0009911583038046956, -0.0017621557926759124)
1775394593.8608172 [navNode-2] [INFO] [1775394593.860498174] [navNode]: 状态4：WaitAim--[A6]
1775394593.8612041 [navNode-2] [INFO] [1775394593.860958126] [navNode]: 未到目标点
1775394593.8612688 [navNode-2] 目标位置:(0.0, 0.0, 0.1)-[A6]-[MCU:False]-[POS:False]
1775394593.8613052 [navNode-2] 当前位置:(-0.0012376965023577213, -0.0009911583038046956, -0.0017621557926759124)
1775394593.9612844 [navNode-2] [INFO] [1775394593.960858571] [navNode]: 状态4：WaitAim--[A6]
1775394593.9617951 [navNode-2] [INFO] [1775394593.961403748] [navNode]: 未到目标点
1775394593.9619277 [navNode-2] 目标位置:(0.0, 0.0, 0.1)-[A6]-[MCU:False]-[POS:False]
1775394593.9619863 [navNode-2] 当前位置:(-0.0012376965023577213, -0.0009911583038046956, -0.0017621557926759124)
1775394594.0609343 [navNode-2] [INFO] [1775394594.060606437] [navNode]: 状态4：WaitAim--[A6]
1775394594.0613477 [navNode-2] [INFO] [1775394594.061031021] [navNode]: 未到目标点
1775394594.0614824 [navNode-2] 目标位置:(0.0, 0.0, 0.1)-[A6]-[MCU:False]-[POS:False]
1775394594.0615382 [navNode-2] 当前位置:(-0.0012376965023577213, -0.0009911583038046956, -0.0017621557926759124)
1775394594.1607358 [navNode-2] [INFO] [1775394594.160349602] [navNode]: 状态4：WaitAim--[A6]
1775394594.1611199 [navNode-2] [INFO] [1775394594.160793786] [navNode]: 未到目标点
1775394594.1612082 [navNode-2] 目标位置:(0.0, 0.0, 0.1)-[A6]-[MCU:False]-[POS:False]
1775394594.1612461 [navNode-2] 当前位置:(-0.0012376965023577213, -0.0009911583038046956, -0.0017621557926759124)
1775394594.2606940 [navNode-2] [INFO] [1775394594.260372722] [navNode]: 状态4：WaitAim--[A6]
1775394594.2611978 [navNode-2] [INFO] [1775394594.261061209] [navNode]: 未到目标点
1775394594.2612898 [navNode-2] 目标位置:(0.0, 0.0, 0.1)-[A6]-[MCU:False]-[POS:False]
1775394594.2613261 [navNode-2] 当前位置:(-0.0012376965023577213, -0.0009911583038046956, -0.0017621557926759124)
1775394594.3608730 [navNode-2] [INFO] [1775394594.360542736] [navNode]: 状态4：WaitAim--[A6]
1775394594.3612103 [navNode-2] [INFO] [1775394594.361020884] [navNode]: 未到目标点
1775394594.3612676 [navNode-2] 目标位置:(0.0, 0.0, 0.1)-[A6]-[MCU:False]-[POS:False]
1775394594.3613031 [navNode-2] 当前位置:(-0.0012376965023577213, -0.0009911583038046956, -0.0017621557926759124)
1775394594.4611301 [navNode-2] [INFO] [1775394594.460748069] [navNode]: 状态4：WaitAim--[A6]
1775394594.4614413 [navNode-2] [INFO] [1775394594.461137299] [navNode]: 未到目标点
1775394594.4615154 [navNode-2] 目标位置:(0.0, 0.0, 0.1)-[A6]-[MCU:False]-[POS:False]
1775394594.4615586 [navNode-2] 当前位置:(-0.0012376965023577213, -0.0009911583038046956, -0.0017621557926759124)
1775394594.5625508 [navNode-2] [INFO] [1775394594.561924855] [navNode]: 状态4：WaitAim--[A6]
1775394594.5634768 [navNode-2] [INFO] [1775394594.563279422] [navNode]: 未到目标点
1775394594.5637248 [navNode-2] 目标位置:(0.0, 0.0, 0.1)-[A6]-[MCU:False]-[POS:False]
1775394594.5639150 [navNode-2] 当前位置:(-0.0012376965023577213, -0.0009911583038046956, -0.0017621557926759124)
1775394594.6609259 [navNode-2] [INFO] [1775394594.660610734] [navNode]: 状态4：WaitAim--[A6]
1775394594.6613941 [navNode-2] [INFO] [1775394594.661037983] [navNode]: 未到目标点
1775394594.6617429 [navNode-2] 目标位置:(0.0, 0.0, 0.1)-[A6]-[MCU:False]-[POS:False]
1775394594.6619163 [navNode-2] 当前位置:(-0.0012376965023577213, -0.0009911583038046956, -0.0017621557926759124)
1775394594.7608631 [navNode-2] [INFO] [1775394594.760557416] [navNode]: 状态4：WaitAim--[A6]
1775394594.7611816 [navNode-2] [INFO] [1775394594.760987422] [navNode]: 未到目标点
1775394594.7612369 [navNode-2] 目标位置:(0.0, 0.0, 0.1)-[A6]-[MCU:False]-[POS:False]
1775394594.7612705 [navNode-2] 当前位置:(-0.0012376965023577213, -0.0009911583038046956, -0.0017621557926759124)
1775394594.8607528 [navNode-2] [INFO] [1775394594.860411795] [navNode]: 状态4：WaitAim--[A6]
1775394594.8612404 [navNode-2] [INFO] [1775394594.861113718] [navNode]: 未到目标点
1775394594.8613219 [navNode-2] 目标位置:(0.0, 0.0, 0.1)-[A6]-[MCU:False]-[POS:False]
1775394594.8613591 [navNode-2] 当前位置:(-0.0012376965023577213, -0.0009911583038046956, -0.0017621557926759124)
1775394594.9608533 [navNode-2] [INFO] [1775394594.960570145] [navNode]: 状态4：WaitAim--[A6]
1775394594.9611773 [navNode-2] [INFO] [1775394594.961102188] [navNode]: 未到目标点
1775394594.9612286 [navNode-2] 目标位置:(0.0, 0.0, 0.1)-[A6]-[MCU:False]-[POS:False]
1775394594.9612641 [navNode-2] 当前位置:(-0.0012376965023577213, -0.0009911583038046956, -0.0017621557926759124)
1775394595.0632188 [navNode-2] [INFO] [1775394595.062437868] [navNode]: 状态4：WaitAim--[A6]
1775394595.0639234 [navNode-2] [INFO] [1775394595.063599780] [navNode]: 未到目标点
1775394595.0640743 [navNode-2] 目标位置:(0.0, 0.0, 0.1)-[A6]-[MCU:False]-[POS:False]
1775394595.0641687 [navNode-2] 当前位置:(-0.0012376965023577213, -0.0009911583038046956, -0.0017621557926759124)
1775394595.1608648 [navNode-2] [INFO] [1775394595.160493367] [navNode]: 状态4：WaitAim--[A6]
1775394595.1612029 [navNode-2] [INFO] [1775394595.160918523] [navNode]: 未到目标点
1775394595.1612990 [navNode-2] 目标位置:(0.0, 0.0, 0.1)-[A6]-[MCU:False]-[POS:False]
1775394595.1613560 [navNode-2] 当前位置:(-0.0012376965023577213, -0.0009911583038046956, -0.0017621557926759124)
1775394595.2609367 [navNode-2] [INFO] [1775394595.260630021] [navNode]: 状态4：WaitAim--[A6]
1775394595.2612767 [navNode-2] [INFO] [1775394595.261012230] [navNode]: 未到目标点
1775394595.2613766 [navNode-2] 目标位置:(0.0, 0.0, 0.1)-[A6]-[MCU:False]-[POS:False]
1775394595.2614167 [navNode-2] 当前位置:(-0.0012376965023577213, -0.0009911583038046956, -0.0017621557926759124)
1775394595.3632479 [navNode-2] [INFO] [1775394595.362649003] [navNode]: 状态4：WaitAim--[A6]
1775394595.3640227 [navNode-2] [INFO] [1775394595.363711389] [navNode]: 未到目标点
1775394595.3642712 [navNode-2] 目标位置:(0.0, 0.0, 0.1)-[A6]-[MCU:False]-[POS:False]
1775394595.3643973 [navNode-2] 当前位置:(-0.0012376965023577213, -0.0009911583038046956, -0.0017621557926759124)
1775394595.4606998 [navNode-2] [INFO] [1775394595.460396735] [navNode]: 状态4：WaitAim--[A6]
1775394595.4610677 [navNode-2] [INFO] [1775394595.460919662] [navNode]: 未到目标点
1775394595.4611313 [navNode-2] 目标位置:(0.0, 0.0, 0.1)-[A6]-[MCU:False]-[POS:False]
1775394595.4611716 [navNode-2] 当前位置:(-0.0012376965023577213, -0.0009911583038046956, -0.0017621557926759124)
1775394595.5612843 [navNode-2] [INFO] [1775394595.560940865] [navNode]: 状态4：WaitAim--[A6]
1775394595.5618737 [navNode-2] [INFO] [1775394595.561745386] [navNode]: 未到目标点
1775394595.5619698 [navNode-2] 目标位置:(0.0, 0.0, 0.1)-[A6]-[MCU:False]-[POS:False]
1775394595.5620182 [navNode-2] 当前位置:(-0.0012376965023577213, -0.0009911583038046956, -0.0017621557926759124)
1775394595.6610787 [navNode-2] [INFO] [1775394595.660670264] [navNode]: 状态4：WaitAim--[A6]
1775394595.6615045 [navNode-2] [INFO] [1775394595.661385540] [navNode]: 未到目标点
1775394595.6615810 [navNode-2] 目标位置:(0.0, 0.0, 0.1)-[A6]-[MCU:False]-[POS:False]
1775394595.6616328 [navNode-2] 当前位置:(-0.0012376965023577213, -0.0009911583038046956, -0.0017621557926759124)
1775394595.7609358 [navNode-2] [INFO] [1775394595.760597887] [navNode]: 状态4：WaitAim--[A6]
1775394595.7613993 [navNode-2] [INFO] [1775394595.761295472] [navNode]: 未到目标点
1775394595.7614765 [navNode-2] 目标位置:(0.0, 0.0, 0.1)-[A6]-[MCU:False]-[POS:False]
1775394595.7615206 [navNode-2] 当前位置:(-0.0012376965023577213, -0.0009911583038046956, -0.0017621557926759124)
1775394595.8611894 [navNode-2] [INFO] [1775394595.860778813] [navNode]: 状态4：WaitAim--[A6]
1775394595.8615098 [navNode-2] [INFO] [1775394595.861201271] [navNode]: 未到目标点
1775394595.8616157 [navNode-2] 目标位置:(0.0, 0.0, 0.1)-[A6]-[MCU:False]-[POS:False]
1775394595.8616645 [navNode-2] 当前位置:(-0.0012376965023577213, -0.0009911583038046956, -0.0017621557926759124)
1775394595.9610779 [navNode-2] [INFO] [1775394595.960681009] [navNode]: 状态4：WaitAim--[A6]
1775394595.9615984 [navNode-2] [INFO] [1775394595.961435082] [navNode]: 未到目标点
1775394595.9617360 [navNode-2] 目标位置:(0.0, 0.0, 0.1)-[A6]-[MCU:False]-[POS:False]
1775394595.9618256 [navNode-2] 当前位置:(-0.0012376965023577213, -0.0009911583038046956, -0.0017621557926759124)
1775394596.0609465 [navNode-2] [INFO] [1775394596.060601370] [navNode]: 状态4：WaitAim--[A6]
1775394596.0612962 [navNode-2] [INFO] [1775394596.061006278] [navNode]: 未到目标点
1775394596.0613790 [navNode-2] 目标位置:(0.0, 0.0, 0.1)-[A6]-[MCU:False]-[POS:False]
1775394596.0614190 [navNode-2] 当前位置:(-0.0012376965023577213, -0.0009911583038046956, -0.0017621557926759124)
1775394596.1629276 [navNode-2] [INFO] [1775394596.162378664] [navNode]: 状态4：WaitAim--[A6]
1775394596.1634176 [navNode-2] [INFO] [1775394596.163117618] [navNode]: 未到目标点
1775394596.1635735 [navNode-2] 目标位置:(0.0, 0.0, 0.1)-[A6]-[MCU:False]-[POS:False]
1775394596.1636577 [navNode-2] 当前位置:(-0.0012376965023577213, -0.0009911583038046956, -0.0017621557926759124)
1775394596.2635636 [navNode-2] [INFO] [1775394596.263049582] [navNode]: 状态4：WaitAim--[A6]
1775394596.2638640 [navNode-2] [INFO] [1775394596.263639783] [navNode]: 未到目标点
1775394596.2639441 [navNode-2] 目标位置:(0.0, 0.0, 0.1)-[A6]-[MCU:False]-[POS:False]
1775394596.2640038 [navNode-2] 当前位置:(-0.0012376965023577213, -0.0009911583038046956, -0.0017621557926759124)
1775394596.3609838 [navNode-2] [INFO] [1775394596.360655907] [navNode]: 状态4：WaitAim--[A6]
1775394596.3613517 [navNode-2] [INFO] [1775394596.361029481] [navNode]: 未到目标点
1775394596.3614128 [navNode-2] 目标位置:(0.0, 0.0, 0.1)-[A6]-[MCU:False]-[POS:False]
1775394596.3614457 [navNode-2] 当前位置:(-0.0012376965023577213, -0.0009911583038046956, -0.0017621557926759124)
1775394596.4632039 [navNode-2] [INFO] [1775394596.462649503] [navNode]: 状态4：WaitAim--[A6]
1775394596.4639168 [navNode-2] [INFO] [1775394596.463530469] [navNode]: 未到目标点
1775394596.4641352 [navNode-2] 目标位置:(0.0, 0.0, 0.1)-[A6]-[MCU:False]-[POS:False]
1775394596.4642422 [navNode-2] 当前位置:(-0.0012376965023577213, -0.0009911583038046956, -0.0017621557926759124)
1775394596.5609338 [navNode-2] [INFO] [1775394596.560584829] [navNode]: 状态4：WaitAim--[A6]
1775394596.5612769 [navNode-2] [INFO] [1775394596.560970124] [navNode]: 未到目标点
1775394596.5613692 [navNode-2] 目标位置:(0.0, 0.0, 0.1)-[A6]-[MCU:False]-[POS:False]
1775394596.5614240 [navNode-2] 当前位置:(-0.0012376965023577213, -0.0009911583038046956, -0.0017621557926759124)
1775394596.6610370 [navNode-2] [INFO] [1775394596.660718113] [navNode]: 状态4：WaitAim--[A6]
1775394596.6614413 [navNode-2] [INFO] [1775394596.661177217] [navNode]: 未到目标点
1775394596.6615577 [navNode-2] 目标位置:(0.0, 0.0, 0.1)-[A6]-[MCU:False]-[POS:False]
1775394596.6616404 [navNode-2] 当前位置:(-0.0012376965023577213, -0.0009911583038046956, -0.0017621557926759124)
1775394596.7629261 [navNode-2] [INFO] [1775394596.762430365] [navNode]: 状态4：WaitAim--[A6]
1775394596.7634726 [navNode-2] [INFO] [1775394596.763096856] [navNode]: 未到目标点
1775394596.7636487 [navNode-2] 目标位置:(0.0, 0.0, 0.1)-[A6]-[MCU:False]-[POS:False]
1775394596.7638123 [navNode-2] 当前位置:(-0.0012376965023577213, -0.0009911583038046956, -0.0017621557926759124)
1775394596.8609197 [navNode-2] [INFO] [1775394596.860592307] [navNode]: 状态4：WaitAim--[A6]
1775394596.8612764 [navNode-2] [INFO] [1775394596.860987487] [navNode]: 未到目标点
1775394596.8613548 [navNode-2] 目标位置:(0.0, 0.0, 0.1)-[A6]-[MCU:False]-[POS:False]
1775394596.8613939 [navNode-2] 当前位置:(-0.0012376965023577213, -0.0009911583038046956, -0.0017621557926759124)
1775394596.9610076 [navNode-2] [INFO] [1775394596.960678657] [navNode]: 状态4：WaitAim--[A6]
1775394596.9616036 [navNode-2] [INFO] [1775394596.961095737] [navNode]: 未到目标点
1775394596.9617343 [navNode-2] 目标位置:(0.0, 0.0, 0.1)-[A6]-[MCU:False]-[POS:False]
1775394596.9617949 [navNode-2] 当前位置:(-0.0012376965023577213, -0.0009911583038046956, -0.0017621557926759124)
1775394597.0610151 [navNode-2] [INFO] [1775394597.060585840] [navNode]: 状态4：WaitAim--[A6]
1775394597.0613501 [navNode-2] [INFO] [1775394597.060989228] [navNode]: 未到目标点
1775394597.0614119 [navNode-2] 目标位置:(0.0, 0.0, 0.1)-[A6]-[MCU:False]-[POS:False]
1775394597.0614576 [navNode-2] 当前位置:(-0.0012376965023577213, -0.0009911583038046956, -0.0017621557926759124)
1775394597.1608040 [navNode-2] [INFO] [1775394597.160516751] [navNode]: 状态4：WaitAim--[A6]
1775394597.1612220 [navNode-2] [INFO] [1775394597.160952382] [navNode]: 未到目标点
1775394597.1613028 [navNode-2] 目标位置:(0.0, 0.0, 0.1)-[A6]-[MCU:False]-[POS:False]
1775394597.1613405 [navNode-2] 当前位置:(-0.0012376965023577213, -0.0009911583038046956, -0.0017621557926759124)
1775394597.2611451 [navNode-2] [INFO] [1775394597.260558795] [navNode]: 状态4：WaitAim--[A6]
1775394597.2615795 [navNode-2] [INFO] [1775394597.261059090] [navNode]: 未到目标点
1775394597.2616837 [navNode-2] 目标位置:(0.0, 0.0, 0.1)-[A6]-[MCU:False]-[POS:False]
1775394597.2617640 [navNode-2] 当前位置:(-0.0012376965023577213, -0.0009911583038046956, -0.0017621557926759124)
1775394597.3611460 [navNode-2] [INFO] [1775394597.360790581] [navNode]: 状态4：WaitAim--[A6]
1775394597.3617237 [navNode-2] [INFO] [1775394597.361293544] [navNode]: 未到目标点
1775394597.3618786 [navNode-2] 目标位置:(0.0, 0.0, 0.1)-[A6]-[MCU:False]-[POS:False]
1775394597.3619294 [navNode-2] 当前位置:(-0.0012376965023577213, -0.0009911583038046956, -0.0017621557926759124)
1775394597.4611073 [navNode-2] [INFO] [1775394597.460705788] [navNode]: 状态4：WaitAim--[A6]
1775394597.4614689 [navNode-2] [INFO] [1775394597.461219465] [navNode]: 未到目标点
1775394597.4615779 [navNode-2] 目标位置:(0.0, 0.0, 0.1)-[A6]-[MCU:False]-[POS:False]
1775394597.4616244 [navNode-2] 当前位置:(-0.0012376965023577213, -0.0009911583038046956, -0.0017621557926759124)
1775394597.5608492 [navNode-2] [INFO] [1775394597.560546967] [navNode]: 状态4：WaitAim--[A6]
1775394597.5611992 [navNode-2] [INFO] [1775394597.561045129] [navNode]: 未到目标点
1775394597.5612586 [navNode-2] 目标位置:(0.0, 0.0, 0.1)-[A6]-[MCU:False]-[POS:False]
1775394597.5613055 [navNode-2] 当前位置:(-0.0012376965023577213, -0.0009911583038046956, -0.0017621557926759124)
1775394597.6609640 [navNode-2] [INFO] [1775394597.660590856] [navNode]: 状态4：WaitAim--[A6]
1775394597.6613803 [navNode-2] [INFO] [1775394597.661119140] [navNode]: 未到目标点
1775394597.6615267 [navNode-2] 目标位置:(0.0, 0.0, 0.1)-[A6]-[MCU:False]-[POS:False]
1775394597.6615808 [navNode-2] 当前位置:(-0.0012376965023577213, -0.0009911583038046956, -0.0017621557926759124)
1775394597.7607749 [navNode-2] [INFO] [1775394597.760425964] [navNode]: 状态4：WaitAim--[A6]
1775394597.7611666 [navNode-2] [INFO] [1775394597.760939255] [navNode]: 未到目标点
1775394597.7612457 [navNode-2] 目标位置:(0.0, 0.0, 0.1)-[A6]-[MCU:False]-[POS:False]
1775394597.7612875 [navNode-2] 当前位置:(-0.0012376965023577213, -0.0009911583038046956, -0.0017621557926759124)
1775394597.8609872 [navNode-2] [INFO] [1775394597.860585830] [navNode]: 状态4：WaitAim--[A6]
1775394597.8613429 [navNode-2] [INFO] [1775394597.861013288] [navNode]: 未到目标点
1775394597.8614492 [navNode-2] 目标位置:(0.0, 0.0, 0.1)-[A6]-[MCU:False]-[POS:False]
1775394597.8614967 [navNode-2] 当前位置:(-0.0012376965023577213, -0.0009911583038046956, -0.0017621557926759124)
1775394597.9608662 [navNode-2] [INFO] [1775394597.960454616] [navNode]: 状态4：WaitAim--[A6]
1775394597.9612658 [navNode-2] [INFO] [1775394597.960990338] [navNode]: 未到目标点
1775394597.9613590 [navNode-2] 目标位置:(0.0, 0.0, 0.1)-[A6]-[MCU:False]-[POS:False]
1775394597.9614007 [navNode-2] 当前位置:(-0.0012376965023577213, -0.0009911583038046956, -0.0017621557926759124)
1775394598.0608788 [navNode-2] [INFO] [1775394598.060509168] [navNode]: 状态4：WaitAim--[A6]
1775394598.0612466 [navNode-2] [INFO] [1775394598.060883840] [navNode]: 未到目标点
1775394598.0613344 [navNode-2] 目标位置:(0.0, 0.0, 0.1)-[A6]-[MCU:False]-[POS:False]
1775394598.0613909 [navNode-2] 当前位置:(-0.0012376965023577213, -0.0009911583038046956, -0.0017621557926759124)
1775394598.1611738 [navNode-2] [INFO] [1775394598.160814918] [navNode]: 状态4：WaitAim--[A6]
1775394598.1615381 [navNode-2] [INFO] [1775394598.161202963] [navNode]: 未到目标点
1775394598.1616204 [navNode-2] 目标位置:(0.0, 0.0, 0.1)-[A6]-[MCU:False]-[POS:False]
1775394598.1616759 [navNode-2] 当前位置:(-0.0012376965023577213, -0.0009911583038046956, -0.0017621557926759124)
1775394598.2608526 [navNode-2] [INFO] [1775394598.260504439] [navNode]: 状态4：WaitAim--[A6]
1775394598.2611911 [navNode-2] [INFO] [1775394598.260908999] [navNode]: 未到目标点
1775394598.2612679 [navNode-2] 目标位置:(0.0, 0.0, 0.1)-[A6]-[MCU:False]-[POS:False]
1775394598.2613068 [navNode-2] 当前位置:(-0.0012376965023577213, -0.0009911583038046956, -0.0017621557926759124)
1775394598.3608339 [navNode-2] [INFO] [1775394598.360462007] [navNode]: 状态4：WaitAim--[A6]
1775394598.3612232 [navNode-2] [INFO] [1775394598.360890525] [navNode]: 未到目标点
1775394598.3613057 [navNode-2] 目标位置:(0.0, 0.0, 0.1)-[A6]-[MCU:False]-[POS:False]
1775394598.3613796 [navNode-2] 当前位置:(-0.0012376965023577213, -0.0009911583038046956, -0.0017621557926759124)
1775394598.4625750 [navNode-2] [INFO] [1775394598.462190353] [navNode]: 状态4：WaitAim--[A6]
1775394598.4629550 [navNode-2] [INFO] [1775394598.462562935] [navNode]: 未到目标点
1775394598.4630494 [navNode-2] 目标位置:(0.0, 0.0, 0.1)-[A6]-[MCU:False]-[POS:False]
1775394598.4630942 [navNode-2] 当前位置:(-0.0012376965023577213, -0.0009911583038046956, -0.0017621557926759124)
1775394598.5610955 [navNode-2] [INFO] [1775394598.560712492] [navNode]: 状态4：WaitAim--[A6]
1775394598.5615599 [navNode-2] [INFO] [1775394598.561263862] [navNode]: 未到目标点
1775394598.5616653 [navNode-2] 目标位置:(0.0, 0.0, 0.1)-[A6]-[MCU:False]-[POS:False]
1775394598.5617118 [navNode-2] 当前位置:(-0.0012376965023577213, -0.0009911583038046956, -0.0017621557926759124)
1775394598.6609995 [navNode-2] [INFO] [1775394598.660641607] [navNode]: 状态4：WaitAim--[A6]
1775394598.6613622 [navNode-2] [INFO] [1775394598.661019512] [navNode]: 未到目标点
1775394598.6614547 [navNode-2] 目标位置:(0.0, 0.0, 0.1)-[A6]-[MCU:False]-[POS:False]
1775394598.6615112 [navNode-2] 当前位置:(-0.0012376965023577213, -0.0009911583038046956, -0.0017621557926759124)
1775394598.7630098 [navNode-2] [INFO] [1775394598.762339169] [navNode]: 状态4：WaitAim--[A6]
1775394598.7643628 [navNode-2] [INFO] [1775394598.763927744] [navNode]: 未到目标点
1775394598.7645695 [navNode-2] 目标位置:(0.0, 0.0, 0.1)-[A6]-[MCU:False]-[POS:False]
1775394598.7646575 [navNode-2] 当前位置:(-0.0012376965023577213, -0.0009911583038046956, -0.0017621557926759124)
1775394598.8609192 [navNode-2] [INFO] [1775394598.860559370] [navNode]: 状态4：WaitAim--[A6]
1775394598.8612351 [navNode-2] [INFO] [1775394598.860944466] [navNode]: 未到目标点
1775394598.8613257 [navNode-2] 目标位置:(0.0, 0.0, 0.1)-[A6]-[MCU:False]-[POS:False]
1775394598.8613825 [navNode-2] 当前位置:(-0.0012376965023577213, -0.0009911583038046956, -0.0017621557926759124)
1775394598.9615448 [navNode-2] [INFO] [1775394598.961207568] [navNode]: 状态4：WaitAim--[A6]
1775394598.9619327 [navNode-2] [INFO] [1775394598.961627684] [navNode]: 未到目标点
1775394598.9620128 [navNode-2] 目标位置:(0.0, 0.0, 0.1)-[A6]-[MCU:False]-[POS:False]
1775394598.9620521 [navNode-2] 当前位置:(-0.0012376965023577213, -0.0009911583038046956, -0.0017621557926759124)
1775394599.0608706 [navNode-2] [INFO] [1775394599.060546678] [navNode]: 状态4：WaitAim--[A6]
1775394599.0612035 [navNode-2] [INFO] [1775394599.060953675] [navNode]: 未到目标点
1775394599.0612929 [navNode-2] 目标位置:(0.0, 0.0, 0.1)-[A6]-[MCU:False]-[POS:False]
1775394599.0613577 [navNode-2] 当前位置:(-0.0012376965023577213, -0.0009911583038046956, -0.0017621557926759124)
1775394599.1639695 [navNode-2] [INFO] [1775394599.163255587] [navNode]: 状态4：WaitAim--[A6]
1775394599.1646805 [navNode-2] [INFO] [1775394599.164286336] [navNode]: 未到目标点
1775394599.1648748 [navNode-2] 目标位置:(0.0, 0.0, 0.1)-[A6]-[MCU:False]-[POS:False]
1775394599.1649828 [navNode-2] 当前位置:(-0.0012376965023577213, -0.0009911583038046956, -0.0017621557926759124)
1775394599.2628505 [navNode-2] [INFO] [1775394599.262422220] [navNode]: 状态4：WaitAim--[A6]
1775394599.2631946 [navNode-2] [INFO] [1775394599.262892491] [navNode]: 未到目标点
1775394599.2632897 [navNode-2] 目标位置:(0.0, 0.0, 0.1)-[A6]-[MCU:False]-[POS:False]
1775394599.2633345 [navNode-2] 当前位置:(-0.0012376965023577213, -0.0009911583038046956, -0.0017621557926759124)
1775394599.3608961 [navNode-2] [INFO] [1775394599.360590068] [navNode]: 状态4：WaitAim--[A6]
1775394599.3612618 [navNode-2] [INFO] [1775394599.361012833] [navNode]: 未到目标点
1775394599.3613243 [navNode-2] 目标位置:(0.0, 0.0, 0.1)-[A6]-[MCU:False]-[POS:False]
1775394599.3613572 [navNode-2] 当前位置:(-0.0012376965023577213, -0.0009911583038046956, -0.0017621557926759124)
1775394599.4609010 [navNode-2] [INFO] [1775394599.460582040] [navNode]: 状态4：WaitAim--[A6]
1775394599.4612203 [navNode-2] [INFO] [1775394599.460969077] [navNode]: 未到目标点
1775394599.4613273 [navNode-2] 目标位置:(0.0, 0.0, 0.1)-[A6]-[MCU:False]-[POS:False]
1775394599.4613883 [navNode-2] 当前位置:(-0.0012376965023577213, -0.0009911583038046956, -0.0017621557926759124)
1775394599.5611088 [navNode-2] [INFO] [1775394599.560673471] [navNode]: 状态4：WaitAim--[A6]
1775394599.5614910 [navNode-2] [INFO] [1775394599.561148489] [navNode]: 未到目标点
1775394599.5615892 [navNode-2] 目标位置:(0.0, 0.0, 0.1)-[A6]-[MCU:False]-[POS:False]
1775394599.5616553 [navNode-2] 当前位置:(-0.0012376965023577213, -0.0009911583038046956, -0.0017621557926759124)
1775394599.6613810 [navNode-2] [INFO] [1775394599.661052754] [navNode]: 状态4：WaitAim--[A6]
1775394599.6618788 [navNode-2] [INFO] [1775394599.661515587] [navNode]: 未到目标点
1775394599.6622355 [navNode-2] 目标位置:(0.0, 0.0, 0.1)-[A6]-[MCU:False]-[POS:False]
1775394599.6623094 [navNode-2] 当前位置:(-0.0012376965023577213, -0.0009911583038046956, -0.0017621557926759124)
1775394599.7614210 [navNode-2] [INFO] [1775394599.761082443] [navNode]: 状态4：WaitAim--[A6]
1775394599.7617605 [navNode-2] [INFO] [1775394599.761492638] [navNode]: 未到目标点
1775394599.7618933 [navNode-2] 目标位置:(0.0, 0.0, 0.1)-[A6]-[MCU:False]-[POS:False]
1775394599.7619607 [navNode-2] 当前位置:(-0.0012376965023577213, -0.0009911583038046956, -0.0017621557926759124)
1775394599.8610101 [navNode-2] [INFO] [1775394599.860637971] [navNode]: 状态4：WaitAim--[A6]
1775394599.8613665 [navNode-2] [INFO] [1775394599.861018656] [navNode]: 未到目标点
1775394599.8614573 [navNode-2] 目标位置:(0.0, 0.0, 0.1)-[A6]-[MCU:False]-[POS:False]
1775394599.8614984 [navNode-2] 当前位置:(-0.0012376965023577213, -0.0009911583038046956, -0.0017621557926759124)
1775394599.9622488 [navNode-2] [INFO] [1775394599.961650428] [navNode]: 状态4：WaitAim--[A6]
1775394599.9629488 [navNode-2] [INFO] [1775394599.962382251] [navNode]: 未到目标点
1775394599.9631653 [navNode-2] 目标位置:(0.0, 0.0, 0.1)-[A6]-[MCU:False]-[POS:False]
1775394599.9632938 [navNode-2] 当前位置:(-0.0012376965023577213, -0.0009911583038046956, -0.0017621557926759124)
1775394600.0610991 [navNode-2] [INFO] [1775394600.060809782] [navNode]: 状态4：WaitAim--[A6]
1775394600.0614743 [navNode-2] [INFO] [1775394600.061210415] [navNode]: 未到目标点
1775394600.0615497 [navNode-2] 目标位置:(0.0, 0.0, 0.1)-[A6]-[MCU:False]-[POS:False]
1775394600.0615926 [navNode-2] 当前位置:(-0.0012376965023577213, -0.0009911583038046956, -0.0017621557926759124)
1775394600.1642647 [navNode-2] [INFO] [1775394600.163537642] [navNode]: 状态4：WaitAim--[A6]
1775394600.1647584 [navNode-2] [INFO] [1775394600.164436711] [navNode]: 未到目标点
1775394600.1649127 [navNode-2] 目标位置:(0.0, 0.0, 0.1)-[A6]-[MCU:False]-[POS:False]
1775394600.1650152 [navNode-2] 当前位置:(-0.0012376965023577213, -0.0009911583038046956, -0.0017621557926759124)
1775394600.2616434 [navNode-2] [INFO] [1775394600.261331218] [navNode]: 状态4：WaitAim--[A6]
1775394600.2619777 [navNode-2] [INFO] [1775394600.261752581] [navNode]: 未到目标点
1775394600.2620351 [navNode-2] 目标位置:(0.0, 0.0, 0.1)-[A6]-[MCU:False]-[POS:False]
1775394600.2620935 [navNode-2] 当前位置:(-0.0012376965023577213, -0.0009911583038046956, -0.0017621557926759124)
1775394600.3610618 [navNode-2] [INFO] [1775394600.360681568] [navNode]: 状态4：WaitAim--[A6]
1775394600.3614111 [navNode-2] [INFO] [1775394600.361089815] [navNode]: 未到目标点
1775394600.3614893 [navNode-2] 目标位置:(0.0, 0.0, 0.1)-[A6]-[MCU:False]-[POS:False]
1775394600.3615458 [navNode-2] 当前位置:(-0.0012376965023577213, -0.0009911583038046956, -0.0017621557926759124)
1775394600.4625175 [navNode-2] [INFO] [1775394600.461945315] [navNode]: 状态4：WaitAim--[A6]
1775394600.4632256 [navNode-2] [INFO] [1775394600.462750266] [navNode]: 未到目标点
1775394600.4633424 [navNode-2] 目标位置:(0.0, 0.0, 0.1)-[A6]-[MCU:False]-[POS:False]
1775394600.4633987 [navNode-2] 当前位置:(-0.0012376965023577213, -0.0009911583038046956, -0.0017621557926759124)
1775394600.5637040 [navNode-2] [INFO] [1775394600.563393805] [navNode]: 状态4：WaitAim--[A6]
1775394600.5640421 [navNode-2] [INFO] [1775394600.563753670] [navNode]: 未到目标点
1775394600.5641358 [navNode-2] 目标位置:(0.0, 0.0, 0.1)-[A6]-[MCU:False]-[POS:False]
1775394600.5641956 [navNode-2] 当前位置:(-0.0012376965023577213, -0.0009911583038046956, -0.0017621557926759124)
1775394600.6645358 [navNode-2] [INFO] [1775394600.663839883] [navNode]: 状态4：WaitAim--[A6]
1775394600.6653228 [navNode-2] [INFO] [1775394600.664997564] [navNode]: 未到目标点
1775394600.6655135 [navNode-2] 目标位置:(0.0, 0.0, 0.1)-[A6]-[MCU:False]-[POS:False]
1775394600.6656241 [navNode-2] 当前位置:(-0.0012376965023577213, -0.0009911583038046956, -0.0017621557926759124)
1775394600.7609191 [navNode-2] [INFO] [1775394600.760627454] [navNode]: 状态4：WaitAim--[A6]
1775394600.7612255 [navNode-2] [INFO] [1775394600.760982259] [navNode]: 未到目标点
1775394600.7613122 [navNode-2] 目标位置:(0.0, 0.0, 0.1)-[A6]-[MCU:False]-[POS:False]
1775394600.7613530 [navNode-2] 当前位置:(-0.0012376965023577213, -0.0009911583038046956, -0.0017621557926759124)
1775394600.8613901 [navNode-2] [INFO] [1775394600.860971845] [navNode]: 状态4：WaitAim--[A6]
1775394600.8617990 [navNode-2] [INFO] [1775394600.861467359] [navNode]: 未到目标点
1775394600.8618670 [navNode-2] 目标位置:(0.0, 0.0, 0.1)-[A6]-[MCU:False]-[POS:False]
1775394600.8619099 [navNode-2] 当前位置:(-0.0012376965023577213, -0.0009911583038046956, -0.0017621557926759124)
1775394600.9624400 [navNode-2] [INFO] [1775394600.961822353] [navNode]: 状态4：WaitAim--[A6]
1775394600.9629681 [navNode-2] [INFO] [1775394600.962598388] [navNode]: 未到目标点
1775394600.9631228 [navNode-2] 目标位置:(0.0, 0.0, 0.1)-[A6]-[MCU:False]-[POS:False]
1775394600.9632142 [navNode-2] 当前位置:(-0.0012376965023577213, -0.0009911583038046956, -0.0017621557926759124)
1775394601.0615375 [navNode-2] [INFO] [1775394601.060749993] [navNode]: 状态4：WaitAim--[A6]
1775394601.0669329 [navNode-2] [INFO] [1775394601.066458748] [navNode]: 未到目标点
1775394601.0673547 [navNode-2] 目标位置:(0.0, 0.0, 0.1)-[A6]-[MCU:False]-[POS:False]
1775394601.0675368 [navNode-2] 当前位置:(-0.0012376965023577213, -0.0009911583038046956, -0.0017621557926759124)
1775394601.1616530 [navNode-2] [INFO] [1775394601.161255131] [navNode]: 状态4：WaitAim--[A6]
1775394601.1621354 [navNode-2] [INFO] [1775394601.161882031] [navNode]: 未到目标点
1775394601.1622369 [navNode-2] 目标位置:(0.0, 0.0, 0.1)-[A6]-[MCU:False]-[POS:False]
1775394601.1622958 [navNode-2] 当前位置:(-0.0012376965023577213, -0.0009911583038046956, -0.0017621557926759124)
1775394601.2612333 [navNode-2] [INFO] [1775394601.260867574] [navNode]: 状态4：WaitAim--[A6]
1775394601.2616408 [navNode-2] [INFO] [1775394601.261335211] [navNode]: 未到目标点
1775394601.2617345 [navNode-2] 目标位置:(0.0, 0.0, 0.1)-[A6]-[MCU:False]-[POS:False]
1775394601.2618029 [navNode-2] 当前位置:(-0.0012376965023577213, -0.0009911583038046956, -0.0017621557926759124)
1775394601.3631275 [navNode-2] [INFO] [1775394601.362705497] [navNode]: 状态4：WaitAim--[A6]
1775394601.3635225 [navNode-2] [INFO] [1775394601.363226940] [navNode]: 未到目标点
1775394601.3636127 [navNode-2] 目标位置:(0.0, 0.0, 0.1)-[A6]-[MCU:False]-[POS:False]
1775394601.3636672 [navNode-2] 当前位置:(-0.0012376965023577213, -0.0009911583038046956, -0.0017621557926759124)
1775394601.4614580 [navNode-2] [INFO] [1775394601.461149545] [navNode]: 状态4：WaitAim--[A6]
1775394601.4618826 [navNode-2] [INFO] [1775394601.461560967] [navNode]: 未到目标点
1775394601.4619801 [navNode-2] 目标位置:(0.0, 0.0, 0.1)-[A6]-[MCU:False]-[POS:False]
1775394601.4620659 [navNode-2] 当前位置:(-0.0012376965023577213, -0.0009911583038046956, -0.0017621557926759124)
1775394601.5617135 [navNode-2] [INFO] [1775394601.561283595] [navNode]: 状态4：WaitAim--[A6]
1775394601.5621233 [navNode-2] [INFO] [1775394601.561828991] [navNode]: 未到目标点
1775394601.5622220 [navNode-2] 目标位置:(0.0, 0.0, 0.1)-[A6]-[MCU:False]-[POS:False]
1775394601.5622680 [navNode-2] 当前位置:(-0.0012376965023577213, -0.0009911583038046956, -0.0017621557926759124)
1775394601.6611900 [navNode-2] [INFO] [1775394601.660804572] [navNode]: 状态4：WaitAim--[A6]
1775394601.6616931 [navNode-2] [INFO] [1775394601.661216905] [navNode]: 未到目标点
1775394601.6618092 [navNode-2] 目标位置:(0.0, 0.0, 0.1)-[A6]-[MCU:False]-[POS:False]
1775394601.6618750 [navNode-2] 当前位置:(-0.0012376965023577213, -0.0009911583038046956, -0.0017621557926759124)
1775394601.7611849 [navNode-2] [INFO] [1775394601.760797173] [navNode]: 状态4：WaitAim--[A6]
1775394601.7615819 [navNode-2] [INFO] [1775394601.761241122] [navNode]: 未到目标点
1775394601.7616673 [navNode-2] 目标位置:(0.0, 0.0, 0.1)-[A6]-[MCU:False]-[POS:False]
1775394601.7617133 [navNode-2] 当前位置:(-0.0012376965023577213, -0.0009911583038046956, -0.0017621557926759124)
1775394601.8624895 [navNode-2] [INFO] [1775394601.861906751] [navNode]: 状态4：WaitAim--[A6]
1775394601.8630860 [navNode-2] [INFO] [1775394601.862708978] [navNode]: 未到目标点
1775394601.8632641 [navNode-2] 目标位置:(0.0, 0.0, 0.1)-[A6]-[MCU:False]-[POS:False]
1775394601.8633785 [navNode-2] 当前位置:(-0.0012376965023577213, -0.0009911583038046956, -0.0017621557926759124)
1775394601.9611106 [navNode-2] [INFO] [1775394601.960743947] [navNode]: 状态4：WaitAim--[A6]
1775394601.9615083 [navNode-2] [INFO] [1775394601.961136329] [navNode]: 未到目标点
1775394601.9616210 [navNode-2] 目标位置:(0.0, 0.0, 0.1)-[A6]-[MCU:False]-[POS:False]
1775394601.9617043 [navNode-2] 当前位置:(-0.0012376965023577213, -0.0009911583038046956, -0.0017621557926759124)
1775394602.0634265 [navNode-2] [INFO] [1775394602.062667898] [navNode]: 状态4：WaitAim--[A6]
1775394602.0642273 [navNode-2] [INFO] [1775394602.063740479] [navNode]: 未到目标点
1775394602.0644960 [navNode-2] 目标位置:(0.0, 0.0, 0.1)-[A6]-[MCU:False]-[POS:False]
1775394602.0647051 [navNode-2] 当前位置:(-0.0012376965023577213, -0.0009911583038046956, -0.0017621557926759124)
1775394602.1609309 [navNode-2] [INFO] [1775394602.160561795] [navNode]: 状态4：WaitAim--[A6]
1775394602.1612844 [navNode-2] [INFO] [1775394602.160966117] [navNode]: 未到目标点
1775394602.1613781 [navNode-2] 目标位置:(0.0, 0.0, 0.1)-[A6]-[MCU:False]-[POS:False]
1775394602.1614237 [navNode-2] 当前位置:(-0.0012376965023577213, -0.0009911583038046956, -0.0017621557926759124)
1775394602.2606869 [navNode-2] [INFO] [1775394602.260312385] [navNode]: 状态4：WaitAim--[A6]
1775394602.2610555 [navNode-2] [INFO] [1775394602.260918632] [navNode]: 未到目标点
1775394602.2611330 [navNode-2] 目标位置:(0.0, 0.0, 0.1)-[A6]-[MCU:False]-[POS:False]
1775394602.2611928 [navNode-2] 当前位置:(-0.0012376965023577213, -0.0009911583038046956, -0.0017621557926759124)
1775394602.3607173 [navNode-2] [INFO] [1775394602.360420128] [navNode]: 状态4：WaitAim--[A6]
1775394602.3610895 [navNode-2] [INFO] [1775394602.361001362] [navNode]: 未到目标点
1775394602.3611844 [navNode-2] 目标位置:(0.0, 0.0, 0.1)-[A6]-[MCU:False]-[POS:False]
1775394602.3612444 [navNode-2] 当前位置:(-0.0012376965023577213, -0.0009911583038046956, -0.0017621557926759124)
1775394602.4633751 [navNode-2] [INFO] [1775394602.462723600] [navNode]: 状态4：WaitAim--[A6]
1775394602.4641852 [navNode-2] [INFO] [1775394602.463849525] [navNode]: 未到目标点
1775394602.4643481 [navNode-2] 目标位置:(0.0, 0.0, 0.1)-[A6]-[MCU:False]-[POS:False]
1775394602.4644542 [navNode-2] 当前位置:(-0.0012376965023577213, -0.0009911583038046956, -0.0017621557926759124)
1775394602.5606780 [navNode-2] [INFO] [1775394602.560311806] [navNode]: 状态4：WaitAim--[A6]
1775394602.5610523 [navNode-2] [INFO] [1775394602.560739985] [navNode]: 未到目标点
1775394602.5611386 [navNode-2] 目标位置:(0.0, 0.0, 0.1)-[A6]-[MCU:False]-[POS:False]
1775394602.5611746 [navNode-2] 当前位置:(-0.0012376965023577213, -0.0009911583038046956, -0.0017621557926759124)
1775394602.6626861 [navNode-2] [INFO] [1775394602.662096752] [navNode]: 状态4：WaitAim--[A6]
1775394602.6632736 [navNode-2] [INFO] [1775394602.662907737] [navNode]: 未到目标点
1775394602.6634557 [navNode-2] 目标位置:(0.0, 0.0, 0.1)-[A6]-[MCU:False]-[POS:False]
1775394602.6635463 [navNode-2] 当前位置:(-0.0012376965023577213, -0.0009911583038046956, -0.0017621557926759124)
1775394602.7611253 [navNode-2] [INFO] [1775394602.760671056] [navNode]: 状态4：WaitAim--[A6]
1775394602.7615540 [navNode-2] [INFO] [1775394602.761248437] [navNode]: 未到目标点
1775394602.7616422 [navNode-2] 目标位置:(0.0, 0.0, 0.1)-[A6]-[MCU:False]-[POS:False]
1775394602.7616868 [navNode-2] 当前位置:(-0.0012376965023577213, -0.0009911583038046956, -0.0017621557926759124)
1775394602.8621051 [navNode-2] [INFO] [1775394602.861739781] [navNode]: 状态4：WaitAim--[A6]
1775394602.8624756 [navNode-2] [INFO] [1775394602.862110918] [navNode]: 未到目标点
1775394602.8625677 [navNode-2] 目标位置:(0.0, 0.0, 0.1)-[A6]-[MCU:False]-[POS:False]
1775394602.8626134 [navNode-2] 当前位置:(-0.0012376965023577213, -0.0009911583038046956, -0.0017621557926759124)
1775394602.9608760 [navNode-2] [INFO] [1775394602.960523446] [navNode]: 状态4：WaitAim--[A6]
1775394602.9612391 [navNode-2] [INFO] [1775394602.960927180] [navNode]: 未到目标点
1775394602.9613204 [navNode-2] 目标位置:(0.0, 0.0, 0.1)-[A6]-[MCU:False]-[POS:False]
1775394602.9613802 [navNode-2] 当前位置:(-0.0012376965023577213, -0.0009911583038046956, -0.0017621557926759124)
1775394603.0608919 [navNode-2] [INFO] [1775394603.060500597] [navNode]: 状态4：WaitAim--[A6]
1775394603.0612562 [navNode-2] [INFO] [1775394603.060884909] [navNode]: 未到目标点
1775394603.0613494 [navNode-2] 目标位置:(0.0, 0.0, 0.1)-[A6]-[MCU:False]-[POS:False]
1775394603.0613949 [navNode-2] 当前位置:(-0.0012376965023577213, -0.0009911583038046956, -0.0017621557926759124)
1775394603.1607890 [navNode-2] [INFO] [1775394603.160375175] [navNode]: 状态4：WaitAim--[A6]
1775394603.1614094 [navNode-2] [INFO] [1775394603.161130363] [navNode]: 未到目标点
1775394603.1615441 [navNode-2] 目标位置:(0.0, 0.0, 0.1)-[A6]-[MCU:False]-[POS:False]
1775394603.1616092 [navNode-2] 当前位置:(-0.0012376965023577213, -0.0009911583038046956, -0.0017621557926759124)
1775394603.2629747 [navNode-2] [INFO] [1775394603.262334969] [navNode]: 状态4：WaitAim--[A6]
1775394603.2637610 [navNode-2] [INFO] [1775394603.263412342] [navNode]: 未到目标点
1775394603.2640228 [navNode-2] 目标位置:(0.0, 0.0, 0.1)-[A6]-[MCU:False]-[POS:False]
1775394603.2641461 [navNode-2] 当前位置:(-0.0012376965023577213, -0.0009911583038046956, -0.0017621557926759124)
1775394603.3607547 [navNode-2] [INFO] [1775394603.360455009] [navNode]: 状态4：WaitAim--[A6]
1775394603.3611164 [navNode-2] [INFO] [1775394603.360949492] [navNode]: 未到目标点
1775394603.3611932 [navNode-2] 目标位置:(0.0, 0.0, 0.1)-[A6]-[MCU:False]-[POS:False]
1775394603.3612514 [navNode-2] 当前位置:(-0.0012376965023577213, -0.0009911583038046956, -0.0017621557926759124)
1775394603.4608157 [navNode-2] [INFO] [1775394603.460495412] [navNode]: 状态4：WaitAim--[A6]
1775394603.4611819 [navNode-2] [INFO] [1775394603.460870953] [navNode]: 未到目标点
1775394603.4612627 [navNode-2] 目标位置:(0.0, 0.0, 0.1)-[A6]-[MCU:False]-[POS:False]
1775394603.4613214 [navNode-2] 当前位置:(-0.0012376965023577213, -0.0009911583038046956, -0.0017621557926759124)
1775394603.5611308 [navNode-2] [INFO] [1775394603.560792101] [navNode]: 状态4：WaitAim--[A6]
1775394603.5615118 [navNode-2] [INFO] [1775394603.561213034] [navNode]: 未到目标点
1775394603.5615933 [navNode-2] 目标位置:(0.0, 0.0, 0.1)-[A6]-[MCU:False]-[POS:False]
1775394603.5616643 [navNode-2] 当前位置:(-0.0012376965023577213, -0.0009911583038046956, -0.0017621557926759124)
1775394603.6611824 [navNode-2] [INFO] [1775394603.660797465] [navNode]: 状态4：WaitAim--[A6]
1775394603.6616058 [navNode-2] [INFO] [1775394603.661199863] [navNode]: 未到目标点
1775394603.6616883 [navNode-2] 目标位置:(0.0, 0.0, 0.1)-[A6]-[MCU:False]-[POS:False]
1775394603.6617780 [navNode-2] 当前位置:(-0.0012376965023577213, -0.0009911583038046956, -0.0017621557926759124)
1775394603.7607727 [navNode-2] [INFO] [1775394603.760432882] [navNode]: 状态4：WaitAim--[A6]
1775394603.7611604 [navNode-2] [INFO] [1775394603.760938569] [navNode]: 未到目标点
1775394603.7612832 [navNode-2] 目标位置:(0.0, 0.0, 0.1)-[A6]-[MCU:False]-[POS:False]
1775394603.7613232 [navNode-2] 当前位置:(-0.0012376965023577213, -0.0009911583038046956, -0.0017621557926759124)
1775394603.8610446 [navNode-2] [INFO] [1775394603.860747145] [navNode]: 状态4：WaitAim--[A6]
1775394603.8614039 [navNode-2] [INFO] [1775394603.861111295] [navNode]: 未到目标点
1775394603.8614953 [navNode-2] 目标位置:(0.0, 0.0, 0.1)-[A6]-[MCU:False]-[POS:False]
1775394603.8615396 [navNode-2] 当前位置:(-0.0012376965023577213, -0.0009911583038046956, -0.0017621557926759124)
1775394603.9610634 [navNode-2] [INFO] [1775394603.960699306] [navNode]: 状态4：WaitAim--[A6]
1775394603.9614303 [navNode-2] [INFO] [1775394603.961093156] [navNode]: 未到目标点
1775394603.9614923 [navNode-2] 目标位置:(0.0, 0.0, 0.1)-[A6]-[MCU:False]-[POS:False]
1775394603.9615505 [navNode-2] 当前位置:(-0.0012376965023577213, -0.0009911583038046956, -0.0017621557926759124)
1775394604.0614746 [navNode-2] [INFO] [1775394604.061168895] [navNode]: 状态4：WaitAim--[A6]
1775394604.0617499 [navNode-2] [INFO] [1775394604.061529147] [navNode]: 未到目标点
1775394604.0618272 [navNode-2] 目标位置:(0.0, 0.0, 0.1)-[A6]-[MCU:False]-[POS:False]
1775394604.0618622 [navNode-2] 当前位置:(-0.0012376965023577213, -0.0009911583038046956, -0.0017621557926759124)
1775394604.1608794 [navNode-2] [INFO] [1775394604.160529615] [navNode]: 状态4：WaitAim--[A6]
1775394604.1612682 [navNode-2] [INFO] [1775394604.160977125] [navNode]: 未到目标点
1775394604.1613665 [navNode-2] 目标位置:(0.0, 0.0, 0.1)-[A6]-[MCU:False]-[POS:False]
1775394604.1614699 [navNode-2] 当前位置:(-0.0012376965023577213, -0.0009911583038046956, -0.0017621557926759124)
1775394604.2609234 [navNode-2] [INFO] [1775394604.260581822] [navNode]: 状态4：WaitAim--[A6]
1775394604.2613084 [navNode-2] [INFO] [1775394604.260992601] [navNode]: 未到目标点
1775394604.2614079 [navNode-2] 目标位置:(0.0, 0.0, 0.1)-[A6]-[MCU:False]-[POS:False]
1775394604.2614553 [navNode-2] 当前位置:(-0.0012376965023577213, -0.0009911583038046956, -0.0017621557926759124)
1775394604.3610084 [navNode-2] [INFO] [1775394604.360665650] [navNode]: 状态4：WaitAim--[A6]
1775394604.3614359 [navNode-2] [INFO] [1775394604.361246401] [navNode]: 未到目标点
1775394604.3615308 [navNode-2] 目标位置:(0.0, 0.0, 0.1)-[A6]-[MCU:False]-[POS:False]
1775394604.3615904 [navNode-2] 当前位置:(-0.0012376965023577213, -0.0009911583038046956, -0.0017621557926759124)
1775394604.4614954 [navNode-2] [INFO] [1775394604.461161528] [navNode]: 状态4：WaitAim--[A6]
1775394604.4618356 [navNode-2] [INFO] [1775394604.461583959] [navNode]: 未到目标点
1775394604.4619417 [navNode-2] 目标位置:(0.0, 0.0, 0.1)-[A6]-[MCU:False]-[POS:False]
1775394604.4619935 [navNode-2] 当前位置:(-0.0012376965023577213, -0.0009911583038046956, -0.0017621557926759124)
1775394604.5608003 [navNode-2] [INFO] [1775394604.560435053] [navNode]: 状态4：WaitAim--[A6]
1775394604.5612445 [navNode-2] [INFO] [1775394604.560884842] [navNode]: 未到目标点
1775394604.5613570 [navNode-2] 目标位置:(0.0, 0.0, 0.1)-[A6]-[MCU:False]-[POS:False]
1775394604.5614269 [navNode-2] 当前位置:(-0.0012376965023577213, -0.0009911583038046956, -0.0017621557926759124)
1775394604.6613781 [navNode-2] [INFO] [1775394604.660981375] [navNode]: 状态4：WaitAim--[A6]
1775394604.6622632 [navNode-2] [INFO] [1775394604.661416640] [navNode]: 未到目标点
1775394604.6623938 [navNode-2] 目标位置:(0.0, 0.0, 0.1)-[A6]-[MCU:False]-[POS:False]
1775394604.6625090 [navNode-2] 当前位置:(-0.0012376965023577213, -0.0009911583038046956, -0.0017621557926759124)
1775394604.7608449 [navNode-2] [INFO] [1775394604.760456212] [navNode]: 状态4：WaitAim--[A6]
1775394604.7612364 [navNode-2] [INFO] [1775394604.760954985] [navNode]: 未到目标点
1775394604.7613478 [navNode-2] 目标位置:(0.0, 0.0, 0.1)-[A6]-[MCU:False]-[POS:False]
1775394604.7613978 [navNode-2] 当前位置:(-0.0012376965023577213, -0.0009911583038046956, -0.0017621557926759124)
1775394604.8610094 [navNode-2] [INFO] [1775394604.860690860] [navNode]: 状态4：WaitAim--[A6]
1775394604.8613868 [navNode-2] [INFO] [1775394604.861139261] [navNode]: 未到目标点
1775394604.8615141 [navNode-2] 目标位置:(0.0, 0.0, 0.1)-[A6]-[MCU:False]-[POS:False]
1775394604.8615623 [navNode-2] 当前位置:(-0.0012376965023577213, -0.0009911583038046956, -0.0017621557926759124)
1775394604.9609056 [navNode-2] [INFO] [1775394604.960574311] [navNode]: 状态4：WaitAim--[A6]
1775394604.9612825 [navNode-2] [INFO] [1775394604.961062723] [navNode]: 未到目标点
1775394604.9613876 [navNode-2] 目标位置:(0.0, 0.0, 0.1)-[A6]-[MCU:False]-[POS:False]
1775394604.9614377 [navNode-2] 当前位置:(-0.0012376965023577213, -0.0009911583038046956, -0.0017621557926759124)
1775394605.0609882 [navNode-2] [INFO] [1775394605.060650154] [navNode]: 状态4：WaitAim--[A6]
1775394605.0613587 [navNode-2] [INFO] [1775394605.061128546] [navNode]: 未到目标点
1775394605.0615261 [navNode-2] 目标位置:(0.0, 0.0, 0.1)-[A6]-[MCU:False]-[POS:False]
1775394605.0615861 [navNode-2] 当前位置:(-0.0012376965023577213, -0.0009911583038046956, -0.0017621557926759124)
1775394605.1610830 [navNode-2] [INFO] [1775394605.160678908] [navNode]: 状态4：WaitAim--[A6]
1775394605.1615939 [navNode-2] [INFO] [1775394605.161263073] [navNode]: 未到目标点
1775394605.1616840 [navNode-2] 目标位置:(0.0, 0.0, 0.1)-[A6]-[MCU:False]-[POS:False]
1775394605.1617856 [navNode-2] 当前位置:(-0.0012376965023577213, -0.0009911583038046956, -0.0017621557926759124)
1775394605.2611527 [navNode-2] [INFO] [1775394605.260789660] [navNode]: 状态4：WaitAim--[A6]
1775394605.2615852 [navNode-2] [INFO] [1775394605.261262067] [navNode]: 未到目标点
1775394605.2616825 [navNode-2] 目标位置:(0.0, 0.0, 0.1)-[A6]-[MCU:False]-[POS:False]
1775394605.2617397 [navNode-2] 当前位置:(-0.0012376965023577213, -0.0009911583038046956, -0.0017621557926759124)
1775394605.3609943 [navNode-2] [INFO] [1775394605.360605902] [navNode]: 状态4：WaitAim--[A6]
1775394605.3613634 [navNode-2] [INFO] [1775394605.361111570] [navNode]: 未到目标点
1775394605.3614507 [navNode-2] 目标位置:(0.0, 0.0, 0.1)-[A6]-[MCU:False]-[POS:False]
1775394605.3615029 [navNode-2] 当前位置:(-0.0012376965023577213, -0.0009911583038046956, -0.0017621557926759124)
1775394605.4614007 [navNode-2] [INFO] [1775394605.461039673] [navNode]: 状态4：WaitAim--[A6]
1775394605.4618270 [navNode-2] [INFO] [1775394605.461472608] [navNode]: 未到目标点
1775394605.4619265 [navNode-2] 目标位置:(0.0, 0.0, 0.1)-[A6]-[MCU:False]-[POS:False]
1775394605.4620001 [navNode-2] 当前位置:(-0.0012376965023577213, -0.0009911583038046956, -0.0017621557926759124)
1775394605.5624533 [navNode-2] [INFO] [1775394605.561737878] [navNode]: 状态4：WaitAim--[A6]
1775394605.5638719 [navNode-2] [INFO] [1775394605.563435351] [navNode]: 未到目标点
1775394605.5639906 [navNode-2] 目标位置:(0.0, 0.0, 0.1)-[A6]-[MCU:False]-[POS:False]
1775394605.5640337 [navNode-2] 当前位置:(-0.0012376965023577213, -0.0009911583038046956, -0.0017621557926759124)
1775394605.6610663 [navNode-2] [INFO] [1775394605.660702254] [navNode]: 状态4：WaitAim--[A6]
1775394605.6615267 [navNode-2] [INFO] [1775394605.661140360] [navNode]: 未到目标点
1775394605.6616740 [navNode-2] 目标位置:(0.0, 0.0, 0.1)-[A6]-[MCU:False]-[POS:False]
1775394605.6617296 [navNode-2] 当前位置:(-0.0012376965023577213, -0.0009911583038046956, -0.0017621557926759124)
1775394605.7612941 [navNode-2] [INFO] [1775394605.760933475] [navNode]: 状态4：WaitAim--[A6]
1775394605.7617221 [navNode-2] [INFO] [1775394605.761434370] [navNode]: 未到目标点
1775394605.7618237 [navNode-2] 目标位置:(0.0, 0.0, 0.1)-[A6]-[MCU:False]-[POS:False]
1775394605.7618823 [navNode-2] 当前位置:(-0.0012376965023577213, -0.0009911583038046956, -0.0017621557926759124)
1775394605.8612514 [navNode-2] [INFO] [1775394605.860922903] [navNode]: 状态4：WaitAim--[A6]
1775394605.8616419 [navNode-2] [INFO] [1775394605.861375968] [navNode]: 未到目标点
1775394605.8617511 [navNode-2] 目标位置:(0.0, 0.0, 0.1)-[A6]-[MCU:False]-[POS:False]
1775394605.8618047 [navNode-2] 当前位置:(-0.0012376965023577213, -0.0009911583038046956, -0.0017621557926759124)
1775394605.9613152 [navNode-2] [INFO] [1775394605.960934639] [navNode]: 状态4：WaitAim--[A6]
1775394605.9619761 [navNode-2] [INFO] [1775394605.961793219] [navNode]: 未到目标点
1775394605.9621217 [navNode-2] 目标位置:(0.0, 0.0, 0.1)-[A6]-[MCU:False]-[POS:False]
1775394605.9621749 [navNode-2] 当前位置:(-0.0012376965023577213, -0.0009911583038046956, -0.0017621557926759124)
1775394606.0613542 [navNode-2] [INFO] [1775394606.060964466] [navNode]: 状态4：WaitAim--[A6]
1775394606.0617549 [navNode-2] [INFO] [1775394606.061490842] [navNode]: 未到目标点
1775394606.0618241 [navNode-2] 目标位置:(0.0, 0.0, 0.1)-[A6]-[MCU:False]-[POS:False]
1775394606.0618680 [navNode-2] 当前位置:(-0.0012376965023577213, -0.0009911583038046956, -0.0017621557926759124)
1775394606.1613266 [navNode-2] [INFO] [1775394606.160966774] [navNode]: 状态4：WaitAim--[A6]
1775394606.1619179 [navNode-2] [INFO] [1775394606.161488376] [navNode]: 未到目标点
1775394606.1620612 [navNode-2] 目标位置:(0.0, 0.0, 0.1)-[A6]-[MCU:False]-[POS:False]
1775394606.1621187 [navNode-2] 当前位置:(-0.0012376965023577213, -0.0009911583038046956, -0.0017621557926759124)
1775394606.2611668 [navNode-2] [INFO] [1775394606.260751645] [navNode]: 状态4：WaitAim--[A6]
1775394606.2615795 [navNode-2] [INFO] [1775394606.261230271] [navNode]: 未到目标点
1775394606.2616990 [navNode-2] 目标位置:(0.0, 0.0, 0.1)-[A6]-[MCU:False]-[POS:False]
1775394606.2617705 [navNode-2] 当前位置:(-0.0012376965023577213, -0.0009911583038046956, -0.0017621557926759124)
1775394606.3613558 [navNode-2] [INFO] [1775394606.361032191] [navNode]: 状态4：WaitAim--[A6]
1775394606.3617649 [navNode-2] [INFO] [1775394606.361468524] [navNode]: 未到目标点
1775394606.3618538 [navNode-2] 目标位置:(0.0, 0.0, 0.1)-[A6]-[MCU:False]-[POS:False]
1775394606.3618963 [navNode-2] 当前位置:(-0.0012376965023577213, -0.0009911583038046956, -0.0017621557926759124)
1775394606.4610400 [navNode-2] [INFO] [1775394606.460669965] [navNode]: 状态4：WaitAim--[A6]
1775394606.4614313 [navNode-2] [INFO] [1775394606.461142906] [navNode]: 未到目标点
1775394606.4615476 [navNode-2] 目标位置:(0.0, 0.0, 0.1)-[A6]-[MCU:False]-[POS:False]
1775394606.4616015 [navNode-2] 当前位置:(-0.0012376965023577213, -0.0009911583038046956, -0.0017621557926759124)
1775394606.5609233 [navNode-2] [INFO] [1775394606.560630849] [navNode]: 状态4：WaitAim--[A6]
1775394606.5613227 [navNode-2] [INFO] [1775394606.561136834] [navNode]: 未到目标点
1775394606.5614200 [navNode-2] 目标位置:(0.0, 0.0, 0.1)-[A6]-[MCU:False]-[POS:False]
1775394606.5614700 [navNode-2] 当前位置:(-0.0012376965023577213, -0.0009911583038046956, -0.0017621557926759124)
1775394606.6615202 [navNode-2] [INFO] [1775394606.661137275] [navNode]: 状态4：WaitAim--[A6]
1775394606.6619582 [navNode-2] [INFO] [1775394606.661613863] [navNode]: 未到目标点
1775394606.6620553 [navNode-2] 目标位置:(0.0, 0.0, 0.1)-[A6]-[MCU:False]-[POS:False]
1775394606.6621187 [navNode-2] 当前位置:(-0.0012376965023577213, -0.0009911583038046956, -0.0017621557926759124)
1775394606.7611933 [navNode-2] [INFO] [1775394606.760821970] [navNode]: 状态4：WaitAim--[A6]
1775394606.7616949 [navNode-2] [INFO] [1775394606.761312500] [navNode]: 未到目标点
1775394606.7617781 [navNode-2] 目标位置:(0.0, 0.0, 0.1)-[A6]-[MCU:False]-[POS:False]
1775394606.7618194 [navNode-2] 当前位置:(-0.0012376965023577213, -0.0009911583038046956, -0.0017621557926759124)
1775394606.8610344 [navNode-2] [INFO] [1775394606.860658869] [navNode]: 状态4：WaitAim--[A6]
1775394606.8614683 [navNode-2] [INFO] [1775394606.861115319] [navNode]: 未到目标点
1775394606.8615892 [navNode-2] 目标位置:(0.0, 0.0, 0.1)-[A6]-[MCU:False]-[POS:False]
1775394606.8616476 [navNode-2] 当前位置:(-0.0012376965023577213, -0.0009911583038046956, -0.0017621557926759124)
1775394606.9616129 [navNode-2] [INFO] [1775394606.961222733] [navNode]: 状态4：WaitAim--[A6]
1775394606.9621091 [navNode-2] [INFO] [1775394606.961724856] [navNode]: 未到目标点
1775394606.9622357 [navNode-2] 目标位置:(0.0, 0.0, 0.1)-[A6]-[MCU:False]-[POS:False]
1775394606.9622958 [navNode-2] 当前位置:(-0.0012376965023577213, -0.0009911583038046956, -0.0017621557926759124)
1775394607.0609608 [navNode-2] [INFO] [1775394607.060610083] [navNode]: 状态4：WaitAim--[A6]
1775394607.0613837 [navNode-2] [INFO] [1775394607.061097770] [navNode]: 未到目标点
1775394607.0614924 [navNode-2] 目标位置:(0.0, 0.0, 0.1)-[A6]-[MCU:False]-[POS:False]
1775394607.0615499 [navNode-2] 当前位置:(-0.0012376965023577213, -0.0009911583038046956, -0.0017621557926759124)
1775394607.1608157 [navNode-2] [INFO] [1775394607.160493392] [navNode]: 状态4：WaitAim--[A6]
1775394607.1612227 [navNode-2] [INFO] [1775394607.160978943] [navNode]: 未到目标点
1775394607.1613302 [navNode-2] 目标位置:(0.0, 0.0, 0.1)-[A6]-[MCU:False]-[POS:False]
1775394607.1614017 [navNode-2] 当前位置:(-0.0012376965023577213, -0.0009911583038046956, -0.0017621557926759124)
1775394607.2609189 [navNode-2] [INFO] [1775394607.260592169] [navNode]: 状态4：WaitAim--[A6]
1775394607.2613075 [navNode-2] [INFO] [1775394607.261038743] [navNode]: 未到目标点
1775394607.2613842 [navNode-2] 目标位置:(0.0, 0.0, 0.1)-[A6]-[MCU:False]-[POS:False]
1775394607.2614243 [navNode-2] 当前位置:(-0.0012376965023577213, -0.0009911583038046956, -0.0017621557926759124)
1775394607.3608778 [navNode-2] [INFO] [1775394607.360487517] [navNode]: 状态4：WaitAim--[A6]
1775394607.3612874 [navNode-2] [INFO] [1775394607.360930758] [navNode]: 未到目标点
1775394607.3613896 [navNode-2] 目标位置:(0.0, 0.0, 0.1)-[A6]-[MCU:False]-[POS:False]
1775394607.3614392 [navNode-2] 当前位置:(-0.0012376965023577213, -0.0009911583038046956, -0.0017621557926759124)
1775394607.4617848 [navNode-2] [INFO] [1775394607.461299942] [navNode]: 状态4：WaitAim--[A6]
1775394607.4623470 [navNode-2] [INFO] [1775394607.461879099] [navNode]: 未到目标点
1775394607.4624979 [navNode-2] 目标位置:(0.0, 0.0, 0.1)-[A6]-[MCU:False]-[POS:False]
1775394607.4625680 [navNode-2] 当前位置:(-0.0012376965023577213, -0.0009911583038046956, -0.0017621557926759124)
1775394607.5613084 [navNode-2] [INFO] [1775394607.560900842] [navNode]: 状态4：WaitAim--[A6]
1775394607.5617898 [navNode-2] [INFO] [1775394607.561581843] [navNode]: 未到目标点
1775394607.5618770 [navNode-2] 目标位置:(0.0, 0.0, 0.1)-[A6]-[MCU:False]-[POS:False]
1775394607.5619349 [navNode-2] 当前位置:(-0.0012376965023577213, -0.0009911583038046956, -0.0017621557926759124)
1775394607.6617594 [navNode-2] [INFO] [1775394607.661334993] [navNode]: 状态4：WaitAim--[A6]
1775394607.6621969 [navNode-2] [INFO] [1775394607.661992935] [navNode]: 未到目标点
1775394607.6622841 [navNode-2] 目标位置:(0.0, 0.0, 0.1)-[A6]-[MCU:False]-[POS:False]
1775394607.6623363 [navNode-2] 当前位置:(-0.0012376965023577213, -0.0009911583038046956, -0.0017621557926759124)
1775394607.7609966 [navNode-2] [INFO] [1775394607.760621344] [navNode]: 状态4：WaitAim--[A6]
1775394607.7614872 [navNode-2] [INFO] [1775394607.761198392] [navNode]: 未到目标点
1775394607.7616391 [navNode-2] 目标位置:(0.0, 0.0, 0.1)-[A6]-[MCU:False]-[POS:False]
1775394607.7616975 [navNode-2] 当前位置:(-0.0012376965023577213, -0.0009911583038046956, -0.0017621557926759124)
1775394607.8611467 [navNode-2] [INFO] [1775394607.860735394] [navNode]: 状态4：WaitAim--[A6]
1775394607.8615167 [navNode-2] [INFO] [1775394607.861150227] [navNode]: 未到目标点
1775394607.8616252 [navNode-2] 目标位置:(0.0, 0.0, 0.1)-[A6]-[MCU:False]-[POS:False]
1775394607.8616738 [navNode-2] 当前位置:(-0.0012376965023577213, -0.0009911583038046956, -0.0017621557926759124)
1775394607.9612410 [navNode-2] [INFO] [1775394607.960909876] [navNode]: 状态4：WaitAim--[A6]
1775394607.9616196 [navNode-2] [INFO] [1775394607.961331176] [navNode]: 未到目标点
1775394607.9616947 [navNode-2] 目标位置:(0.0, 0.0, 0.1)-[A6]-[MCU:False]-[POS:False]
1775394607.9617310 [navNode-2] 当前位置:(-0.0012376965023577213, -0.0009911583038046956, -0.0017621557926759124)
1775394608.0610373 [navNode-2] [INFO] [1775394608.060656391] [navNode]: 状态4：WaitAim--[A6]
1775394608.0613797 [navNode-2] [INFO] [1775394608.061051643] [navNode]: 未到目标点
1775394608.0614576 [navNode-2] 目标位置:(0.0, 0.0, 0.1)-[A6]-[MCU:False]-[POS:False]
1775394608.0614984 [navNode-2] 当前位置:(-0.0012376965023577213, -0.0009911583038046956, -0.0017621557926759124)
1775394608.1606996 [navNode-2] [INFO] [1775394608.160340656] [navNode]: 状态4：WaitAim--[A6]
1775394608.1610544 [navNode-2] [INFO] [1775394608.160729503] [navNode]: 未到目标点
1775394608.1611481 [navNode-2] 目标位置:(0.0, 0.0, 0.1)-[A6]-[MCU:False]-[POS:False]
1775394608.1612070 [navNode-2] 当前位置:(-0.0012376965023577213, -0.0009911583038046956, -0.0017621557926759124)
1775394608.2619112 [navNode-2] [INFO] [1775394608.261558595] [navNode]: 状态4：WaitAim--[A6]
1775394608.2622323 [navNode-2] [INFO] [1775394608.261938786] [navNode]: 未到目标点
1775394608.2623079 [navNode-2] 目标位置:(0.0, 0.0, 0.1)-[A6]-[MCU:False]-[POS:False]
1775394608.2623782 [navNode-2] 当前位置:(-0.0012376965023577213, -0.0009911583038046956, -0.0017621557926759124)
1775394608.3607092 [navNode-2] [INFO] [1775394608.360343896] [navNode]: 状态4：WaitAim--[A6]
1775394608.3610580 [navNode-2] [INFO] [1775394608.360769638] [navNode]: 未到目标点
1775394608.3611526 [navNode-2] 目标位置:(0.0, 0.0, 0.1)-[A6]-[MCU:False]-[POS:False]
1775394608.3612149 [navNode-2] 当前位置:(-0.0012376965023577213, -0.0009911583038046956, -0.0017621557926759124)
1775394608.4608960 [navNode-2] [INFO] [1775394608.460542345] [navNode]: 状态4：WaitAim--[A6]
1775394608.4612529 [navNode-2] [INFO] [1775394608.460927053] [navNode]: 未到目标点
1775394608.4613392 [navNode-2] 目标位置:(0.0, 0.0, 0.1)-[A6]-[MCU:False]-[POS:False]
1775394608.4613791 [navNode-2] 当前位置:(-0.0012376965023577213, -0.0009911583038046956, -0.0017621557926759124)
1775394608.5626361 [navNode-2] [INFO] [1775394608.561872416] [navNode]: 状态4：WaitAim--[A6]
1775394608.5640783 [navNode-2] [INFO] [1775394608.563709438] [navNode]: 未到目标点
1775394608.5644109 [navNode-2] 目标位置:(0.0, 0.0, 0.1)-[A6]-[MCU:False]-[POS:False]
1775394608.5645769 [navNode-2] 当前位置:(-0.0012376965023577213, -0.0009911583038046956, -0.0017621557926759124)
1775394608.6609459 [navNode-2] [INFO] [1775394608.660588309] [navNode]: 状态4：WaitAim--[A6]
1775394608.6612880 [navNode-2] [INFO] [1775394608.660951551] [navNode]: 未到目标点
1775394608.6613832 [navNode-2] 目标位置:(0.0, 0.0, 0.1)-[A6]-[MCU:False]-[POS:False]
1775394608.6614416 [navNode-2] 当前位置:(-0.0012376965023577213, -0.0009911583038046956, -0.0017621557926759124)
1775394608.7609134 [navNode-2] [INFO] [1775394608.760561001] [navNode]: 状态4：WaitAim--[A6]
1775394608.7612603 [navNode-2] [INFO] [1775394608.760926755] [navNode]: 未到目标点
1775394608.7613509 [navNode-2] 目标位置:(0.0, 0.0, 0.1)-[A6]-[MCU:False]-[POS:False]
1775394608.7614086 [navNode-2] 当前位置:(-0.0012376965023577213, -0.0009911583038046956, -0.0017621557926759124)
1775394608.8608069 [navNode-2] [INFO] [1775394608.860517154] [navNode]: 状态4：WaitAim--[A6]
1775394608.8611400 [navNode-2] [INFO] [1775394608.860873126] [navNode]: 未到目标点
1775394608.8611948 [navNode-2] 目标位置:(0.0, 0.0, 0.1)-[A6]-[MCU:False]-[POS:False]
1775394608.8612268 [navNode-2] 当前位置:(-0.0012376965023577213, -0.0009911583038046956, -0.0017621557926759124)
1775394608.9612136 [navNode-2] [INFO] [1775394608.960926367] [navNode]: 状态4：WaitAim--[A6]
1775394608.9616387 [navNode-2] [INFO] [1775394608.961387553] [navNode]: 未到目标点
1775394608.9617186 [navNode-2] 目标位置:(0.0, 0.0, 0.1)-[A6]-[MCU:False]-[POS:False]
1775394608.9618094 [navNode-2] 当前位置:(-0.0012376965023577213, -0.0009911583038046956, -0.0017621557926759124)
1775394609.0609214 [navNode-2] [INFO] [1775394609.060619286] [navNode]: 状态4：WaitAim--[A6]
1775394609.0612423 [navNode-2] [INFO] [1775394609.061021017] [navNode]: 未到目标点
1775394609.0613272 [navNode-2] 目标位置:(0.0, 0.0, 0.1)-[A6]-[MCU:False]-[POS:False]
1775394609.0613725 [navNode-2] 当前位置:(-0.0012376965023577213, -0.0009911583038046956, -0.0017621557926759124)
1775394609.1619458 [navNode-2] [INFO] [1775394609.161390175] [navNode]: 状态4：WaitAim--[A6]
1775394609.1626186 [navNode-2] [INFO] [1775394609.162155211] [navNode]: 未到目标点
1775394609.1627800 [navNode-2] 目标位置:(0.0, 0.0, 0.1)-[A6]-[MCU:False]-[POS:False]
1775394609.1628468 [navNode-2] 当前位置:(-0.0012376965023577213, -0.0009911583038046956, -0.0017621557926759124)
1775394609.2612882 [navNode-2] [INFO] [1775394609.260875928] [navNode]: 状态4：WaitAim--[A6]
1775394609.2617667 [navNode-2] [INFO] [1775394609.261265480] [navNode]: 未到目标点
1775394609.2618730 [navNode-2] 目标位置:(0.0, 0.0, 0.1)-[A6]-[MCU:False]-[POS:False]
1775394609.2619476 [navNode-2] 当前位置:(-0.0012376965023577213, -0.0009911583038046956, -0.0017621557926759124)
1775394609.3637331 [navNode-2] [INFO] [1775394609.363104129] [navNode]: 状态4：WaitAim--[A6]
1775394609.3645010 [navNode-2] [INFO] [1775394609.364155239] [navNode]: 未到目标点
1775394609.3646548 [navNode-2] 目标位置:(0.0, 0.0, 0.1)-[A6]-[MCU:False]-[POS:False]
1775394609.3647530 [navNode-2] 当前位置:(-0.0012376965023577213, -0.0009911583038046956, -0.0017621557926759124)
1775394609.4628258 [navNode-2] [INFO] [1775394609.462114193] [navNode]: 状态4：WaitAim--[A6]
1775394609.4634788 [navNode-2] [INFO] [1775394609.463211214] [navNode]: 未到目标点
1775394609.4636183 [navNode-2] 目标位置:(0.0, 0.0, 0.1)-[A6]-[MCU:False]-[POS:False]
1775394609.4637015 [navNode-2] 当前位置:(-0.0012376965023577213, -0.0009911583038046956, -0.0017621557926759124)
1775394609.5610366 [navNode-2] [INFO] [1775394609.560677267] [navNode]: 状态4：WaitAim--[A6]
1775394609.5613432 [navNode-2] [INFO] [1775394609.561076459] [navNode]: 未到目标点
1775394609.5614364 [navNode-2] 目标位置:(0.0, 0.0, 0.1)-[A6]-[MCU:False]-[POS:False]
1775394609.5614955 [navNode-2] 当前位置:(-0.0012376965023577213, -0.0009911583038046956, -0.0017621557926759124)
1775394609.6608157 [navNode-2] [INFO] [1775394609.660519723] [navNode]: 状态4：WaitAim--[A6]
1775394609.6611578 [navNode-2] [INFO] [1775394609.660896864] [navNode]: 未到目标点
1775394609.6615562 [navNode-2] 目标位置:(0.0, 0.0, 0.1)-[A6]-[MCU:False]-[POS:False]
1775394609.6616499 [navNode-2] 当前位置:(-0.0012376965023577213, -0.0009911583038046956, -0.0017621557926759124)
1775394609.7608993 [navNode-2] [INFO] [1775394609.760553103] [navNode]: 状态4：WaitAim--[A6]
1775394609.7612262 [navNode-2] [INFO] [1775394609.760955728] [navNode]: 未到目标点
1775394609.7613225 [navNode-2] 目标位置:(0.0, 0.0, 0.1)-[A6]-[MCU:False]-[POS:False]
1775394609.7613914 [navNode-2] 当前位置:(-0.0012376965023577213, -0.0009911583038046956, -0.0017621557926759124)
1775394609.8625953 [navNode-2] [INFO] [1775394609.861938528] [navNode]: 状态4：WaitAim--[A6]
1775394609.8635762 [navNode-2] [INFO] [1775394609.863391493] [navNode]: 未到目标点
1775394609.8636582 [navNode-2] 目标位置:(0.0, 0.0, 0.1)-[A6]-[MCU:False]-[POS:False]
1775394609.8636942 [navNode-2] 当前位置:(-0.0012376965023577213, -0.0009911583038046956, -0.0017621557926759124)
1775394609.9617815 [navNode-2] [INFO] [1775394609.961136252] [navNode]: 状态4：WaitAim--[A6]
1775394609.9628961 [navNode-2] [INFO] [1775394609.962559211] [navNode]: 未到目标点
1775394609.9631281 [navNode-2] 目标位置:(0.0, 0.0, 0.1)-[A6]-[MCU:False]-[POS:False]
1775394609.9632909 [navNode-2] 当前位置:(-0.0012376965023577213, -0.0009911583038046956, -0.0017621557926759124)
1775394610.0628629 [navNode-2] [INFO] [1775394610.062199808] [navNode]: 状态4：WaitAim--[A6]
1775394610.0635738 [navNode-2] [INFO] [1775394610.063318006] [navNode]: 未到目标点
1775394610.0637338 [navNode-2] 目标位置:(0.0, 0.0, 0.1)-[A6]-[MCU:False]-[POS:False]
1775394610.0638270 [navNode-2] 当前位置:(-0.0012376965023577213, -0.0009911583038046956, -0.0017621557926759124)
1775394610.1606352 [navNode-2] [INFO] [1775394610.160280705] [navNode]: 状态4：WaitAim--[A6]
1775394610.1609697 [navNode-2] [INFO] [1775394610.160671044] [navNode]: 未到目标点
1775394610.1610470 [navNode-2] 目标位置:(0.0, 0.0, 0.1)-[A6]-[MCU:False]-[POS:False]
1775394610.1611049 [navNode-2] 当前位置:(-0.0012376965023577213, -0.0009911583038046956, -0.0017621557926759124)
1775394610.2612576 [navNode-2] [INFO] [1775394610.260813710] [navNode]: 状态4：WaitAim--[A6]
1775394610.2619827 [navNode-2] [INFO] [1775394610.261394844] [navNode]: 未到目标点
1775394610.2621949 [navNode-2] 目标位置:(0.0, 0.0, 0.1)-[A6]-[MCU:False]-[POS:False]
1775394610.2623303 [navNode-2] 当前位置:(-0.0012376965023577213, -0.0009911583038046956, -0.0017621557926759124)
1775394610.3608968 [navNode-2] [INFO] [1775394610.360501696] [navNode]: 状态4：WaitAim--[A6]
1775394610.3612387 [navNode-2] [INFO] [1775394610.361007895] [navNode]: 未到目标点
1775394610.3612947 [navNode-2] 目标位置:(0.0, 0.0, 0.1)-[A6]-[MCU:False]-[POS:False]
1775394610.3613288 [navNode-2] 当前位置:(-0.0012376965023577213, -0.0009911583038046956, -0.0017621557926759124)
1775394610.4609611 [navNode-2] [INFO] [1775394610.460598764] [navNode]: 状态4：WaitAim--[A6]
1775394610.4613163 [navNode-2] [INFO] [1775394610.460980415] [navNode]: 未到目标点
1775394610.4614127 [navNode-2] 目标位置:(0.0, 0.0, 0.1)-[A6]-[MCU:False]-[POS:False]
1775394610.4614577 [navNode-2] 当前位置:(-0.0012376965023577213, -0.0009911583038046956, -0.0017621557926759124)
1775394610.5627892 [navNode-2] [INFO] [1775394610.561944766] [navNode]: 状态4：WaitAim--[A6]
1775394610.5640872 [navNode-2] [INFO] [1775394610.563715614] [navNode]: 未到目标点
1775394610.5642252 [navNode-2] 目标位置:(0.0, 0.0, 0.1)-[A6]-[MCU:False]-[POS:False]
1775394610.5642691 [navNode-2] 当前位置:(-0.0012376965023577213, -0.0009911583038046956, -0.0017621557926759124)
1775394610.6610665 [navNode-2] [INFO] [1775394610.660758556] [navNode]: 状态4：WaitAim--[A6]
1775394610.6613870 [navNode-2] [INFO] [1775394610.661130434] [navNode]: 未到目标点
1775394610.6614394 [navNode-2] 目标位置:(0.0, 0.0, 0.1)-[A6]-[MCU:False]-[POS:False]
1775394610.6615419 [navNode-2] 当前位置:(-0.0012376965023577213, -0.0009911583038046956, -0.0017621557926759124)
1775394610.7609928 [navNode-2] [INFO] [1775394610.760667729] [navNode]: 状态4：WaitAim--[A6]
1775394610.7613769 [navNode-2] [INFO] [1775394610.761213329] [navNode]: 未到目标点
1775394610.7614355 [navNode-2] 目标位置:(0.0, 0.0, 0.1)-[A6]-[MCU:False]-[POS:False]
1775394610.7614679 [navNode-2] 当前位置:(-0.0012376965023577213, -0.0009911583038046956, -0.0017621557926759124)
1775394610.8608887 [navNode-2] [INFO] [1775394610.860520984] [navNode]: 状态4：WaitAim--[A6]
1775394610.8612247 [navNode-2] [INFO] [1775394610.860950516] [navNode]: 未到目标点
1775394610.8613036 [navNode-2] 目标位置:(0.0, 0.0, 0.1)-[A6]-[MCU:False]-[POS:False]
1775394610.8613575 [navNode-2] 当前位置:(-0.0012376965023577213, -0.0009911583038046956, -0.0017621557926759124)
1775394610.9607723 [navNode-2] [INFO] [1775394610.960419837] [navNode]: 状态4：WaitAim--[A6]
1775394610.9611006 [navNode-2] [INFO] [1775394610.960790357] [navNode]: 未到目标点
1775394610.9611802 [navNode-2] 目标位置:(0.0, 0.0, 0.1)-[A6]-[MCU:False]-[POS:False]
1775394610.9612367 [navNode-2] 当前位置:(-0.0012376965023577213, -0.0009911583038046956, -0.0017621557926759124)
1775394611.0608482 [navNode-2] [INFO] [1775394611.060486457] [navNode]: 状态4：WaitAim--[A6]
1775394611.0611596 [navNode-2] [INFO] [1775394611.060855246] [navNode]: 未到目标点
1775394611.0612345 [navNode-2] 目标位置:(0.0, 0.0, 0.1)-[A6]-[MCU:False]-[POS:False]
1775394611.0612905 [navNode-2] 当前位置:(-0.0012376965023577213, -0.0009911583038046956, -0.0017621557926759124)
1775394611.1607213 [navNode-2] [INFO] [1775394611.160441333] [navNode]: 状态4：WaitAim--[A6]
1775394611.1610625 [navNode-2] [INFO] [1775394611.160891987] [navNode]: 未到目标点
1775394611.1611269 [navNode-2] 目标位置:(0.0, 0.0, 0.1)-[A6]-[MCU:False]-[POS:False]
1775394611.1611631 [navNode-2] 当前位置:(-0.0012376965023577213, -0.0009911583038046956, -0.0017621557926759124)
1775394611.2612040 [navNode-2] [INFO] [1775394611.260754552] [navNode]: 状态4：WaitAim--[A6]
1775394611.2615972 [navNode-2] [INFO] [1775394611.261189487] [navNode]: 未到目标点
1775394611.2617004 [navNode-2] 目标位置:(0.0, 0.0, 0.1)-[A6]-[MCU:False]-[POS:False]
1775394611.2617404 [navNode-2] 当前位置:(-0.0012376965023577213, -0.0009911583038046956, -0.0017621557926759124)
1775394611.3608036 [navNode-2] [INFO] [1775394611.360464397] [navNode]: 状态4：WaitAim--[A6]
1775394611.3612106 [navNode-2] [INFO] [1775394611.360938088] [navNode]: 未到目标点
1775394611.3613048 [navNode-2] 目标位置:(0.0, 0.0, 0.1)-[A6]-[MCU:False]-[POS:False]
1775394611.3613532 [navNode-2] 当前位置:(-0.0012376965023577213, -0.0009911583038046956, -0.0017621557926759124)
1775394611.4610586 [navNode-2] [INFO] [1775394611.460741416] [navNode]: 状态4：WaitAim--[A6]
1775394611.4614127 [navNode-2] [INFO] [1775394611.461165756] [navNode]: 未到目标点
1775394611.4614739 [navNode-2] 目标位置:(0.0, 0.0, 0.1)-[A6]-[MCU:False]-[POS:False]
1775394611.4615140 [navNode-2] 当前位置:(-0.0012376965023577213, -0.0009911583038046956, -0.0017621557926759124)
1775394611.5609579 [navNode-2] [INFO] [1775394611.560558523] [navNode]: 状态4：WaitAim--[A6]
1775394611.5614383 [navNode-2] [INFO] [1775394611.561309083] [navNode]: 未到目标点
1775394611.5615532 [navNode-2] 目标位置:(0.0, 0.0, 0.1)-[A6]-[MCU:False]-[POS:False]
1775394611.5615993 [navNode-2] 当前位置:(-0.0012376965023577213, -0.0009911583038046956, -0.0017621557926759124)
1775394611.6612115 [navNode-2] [INFO] [1775394611.660900842] [navNode]: 状态4：WaitAim--[A6]
1775394611.6616063 [navNode-2] [INFO] [1775394611.661312711] [navNode]: 未到目标点
1775394611.6616955 [navNode-2] 目标位置:(0.0, 0.0, 0.1)-[A6]-[MCU:False]-[POS:False]
1775394611.6617360 [navNode-2] 当前位置:(-0.0012376965023577213, -0.0009911583038046956, -0.0017621557926759124)
1775394611.7609661 [navNode-2] [INFO] [1775394611.760411323] [navNode]: 状态4：WaitAim--[A6]
1775394611.7614326 [navNode-2] [INFO] [1775394611.761003885] [navNode]: 未到目标点
1775394611.7614968 [navNode-2] 目标位置:(0.0, 0.0, 0.1)-[A6]-[MCU:False]-[POS:False]
1775394611.7615380 [navNode-2] 当前位置:(-0.0012376965023577213, -0.0009911583038046956, -0.0017621557926759124)
1775394611.8608189 [navNode-2] [INFO] [1775394611.860475327] [navNode]: 状态4：WaitAim--[A6]
1775394611.8611906 [navNode-2] [INFO] [1775394611.860835500] [navNode]: 未到目标点
1775394611.8612714 [navNode-2] 目标位置:(0.0, 0.0, 0.1)-[A6]-[MCU:False]-[POS:False]
1775394611.8613312 [navNode-2] 当前位置:(-0.0012376965023577213, -0.0009911583038046956, -0.0017621557926759124)
1775394611.9609036 [navNode-2] [INFO] [1775394611.960578433] [navNode]: 状态4：WaitAim--[A6]
1775394611.9612765 [navNode-2] [INFO] [1775394611.961021855] [navNode]: 未到目标点
1775394611.9613454 [navNode-2] 目标位置:(0.0, 0.0, 0.1)-[A6]-[MCU:False]-[POS:False]
1775394611.9613795 [navNode-2] 当前位置:(-0.0012376965023577213, -0.0009911583038046956, -0.0017621557926759124)
1775394612.0607493 [navNode-2] [INFO] [1775394612.060411685] [navNode]: 状态4：WaitAim--[A6]
1775394612.0610652 [navNode-2] [INFO] [1775394612.060822302] [navNode]: 未到目标点
1775394612.0611148 [navNode-2] 目标位置:(0.0, 0.0, 0.1)-[A6]-[MCU:False]-[POS:False]
1775394612.0611460 [navNode-2] 当前位置:(-0.0012376965023577213, -0.0009911583038046956, -0.0017621557926759124)
1775394612.1609840 [navNode-2] [INFO] [1775394612.160649373] [navNode]: 状态4：WaitAim--[A6]
1775394612.1613436 [navNode-2] [INFO] [1775394612.161093027] [navNode]: 未到目标点
1775394612.1614435 [navNode-2] 目标位置:(0.0, 0.0, 0.1)-[A6]-[MCU:False]-[POS:False]
1775394612.1614873 [navNode-2] 当前位置:(-0.0012376965023577213, -0.0009911583038046956, -0.0017621557926759124)
1775394612.2608187 [navNode-2] [INFO] [1775394612.260483146] [navNode]: 状态4：WaitAim--[A6]
1775394612.2612741 [navNode-2] [INFO] [1775394612.261157336] [navNode]: 未到目标点
1775394612.2613831 [navNode-2] 目标位置:(0.0, 0.0, 0.1)-[A6]-[MCU:False]-[POS:False]
1775394612.2614307 [navNode-2] 当前位置:(-0.0012376965023577213, -0.0009911583038046956, -0.0017621557926759124)
1775394612.3613555 [navNode-2] [INFO] [1775394612.361026658] [navNode]: 状态4：WaitAim--[A6]
1775394612.3616767 [navNode-2] [INFO] [1775394612.361472551] [navNode]: 未到目标点
1775394612.3617306 [navNode-2] 目标位置:(0.0, 0.0, 0.1)-[A6]-[MCU:False]-[POS:False]
1775394612.3617656 [navNode-2] 当前位置:(-0.0012376965023577213, -0.0009911583038046956, -0.0017621557926759124)
1775394612.4611475 [navNode-2] [INFO] [1775394612.460766690] [navNode]: 状态4：WaitAim--[A6]
1775394612.4614851 [navNode-2] [INFO] [1775394612.461185194] [navNode]: 未到目标点
1775394612.4615934 [navNode-2] 目标位置:(0.0, 0.0, 0.1)-[A6]-[MCU:False]-[POS:False]
1775394612.4616382 [navNode-2] 当前位置:(-0.0012376965023577213, -0.0009911583038046956, -0.0017621557926759124)
1775394612.5608900 [navNode-2] [INFO] [1775394612.560573755] [navNode]: 状态4：WaitAim--[A6]
1775394612.5612857 [navNode-2] [INFO] [1775394612.561033486] [navNode]: 未到目标点
1775394612.5613782 [navNode-2] 目标位置:(0.0, 0.0, 0.1)-[A6]-[MCU:False]-[POS:False]
1775394612.5614510 [navNode-2] 当前位置:(-0.0012376965023577213, -0.0009911583038046956, -0.0017621557926759124)
1775394612.6606989 [navNode-2] [INFO] [1775394612.660330442] [navNode]: 状态4：WaitAim--[A6]
1775394612.6610672 [navNode-2] [INFO] [1775394612.660727546] [navNode]: 未到目标点
1775394612.6611702 [navNode-2] 目标位置:(0.0, 0.0, 0.1)-[A6]-[MCU:False]-[POS:False]
1775394612.6612339 [navNode-2] 当前位置:(-0.0012376965023577213, -0.0009911583038046956, -0.0017621557926759124)
1775394612.7615342 [navNode-2] [INFO] [1775394612.760868240] [navNode]: 状态4：WaitAim--[A6]
1775394612.7622306 [navNode-2] [INFO] [1775394612.761349387] [navNode]: 未到目标点
1775394612.7623508 [navNode-2] 目标位置:(0.0, 0.0, 0.1)-[A6]-[MCU:False]-[POS:False]
1775394612.7624223 [navNode-2] 当前位置:(-0.0012376965023577213, -0.0009911583038046956, -0.0017621557926759124)
1775394612.8607807 [navNode-2] [INFO] [1775394612.860387699] [navNode]: 状态4：WaitAim--[A6]
1775394612.8612502 [navNode-2] [INFO] [1775394612.860888350] [navNode]: 未到目标点
1775394612.8613806 [navNode-2] 目标位置:(0.0, 0.0, 0.1)-[A6]-[MCU:False]-[POS:False]
1775394612.8614511 [navNode-2] 当前位置:(-0.0012376965023577213, -0.0009911583038046956, -0.0017621557926759124)
1775394612.9614456 [navNode-2] [INFO] [1775394612.960981350] [navNode]: 状态4：WaitAim--[A6]
1775394612.9619195 [navNode-2] [INFO] [1775394612.961525714] [navNode]: 未到目标点
1775394612.9620590 [navNode-2] 目标位置:(0.0, 0.0, 0.1)-[A6]-[MCU:False]-[POS:False]
1775394612.9621460 [navNode-2] 当前位置:(-0.0012376965023577213, -0.0009911583038046956, -0.0017621557926759124)
1775394613.0607557 [navNode-2] [INFO] [1775394613.060372426] [navNode]: 状态4：WaitAim--[A6]
1775394613.0611532 [navNode-2] [INFO] [1775394613.061000672] [navNode]: 未到目标点
1775394613.0612631 [navNode-2] 目标位置:(0.0, 0.0, 0.1)-[A6]-[MCU:False]-[POS:False]
1775394613.0613289 [navNode-2] 当前位置:(-0.0012376965023577213, -0.0009911583038046956, -0.0017621557926759124)
1775394613.1608429 [navNode-2] [INFO] [1775394613.160472051] [navNode]: 状态4：WaitAim--[A6]
1775394613.1612504 [navNode-2] [INFO] [1775394613.161104289] [navNode]: 未到目标点
1775394613.1613510 [navNode-2] 目标位置:(0.0, 0.0, 0.1)-[A6]-[MCU:False]-[POS:False]
1775394613.1614137 [navNode-2] 当前位置:(-0.0012376965023577213, -0.0009911583038046956, -0.0017621557926759124)
1775394613.2610722 [navNode-2] [INFO] [1775394613.260649898] [navNode]: 状态4：WaitAim--[A6]
1775394613.2615185 [navNode-2] [INFO] [1775394613.261106420] [navNode]: 未到目标点
1775394613.2616341 [navNode-2] 目标位置:(0.0, 0.0, 0.1)-[A6]-[MCU:False]-[POS:False]
1775394613.2617054 [navNode-2] 当前位置:(-0.0012376965023577213, -0.0009911583038046956, -0.0017621557926759124)
1775394613.3607965 [navNode-2] [INFO] [1775394613.360466547] [navNode]: 状态4：WaitAim--[A6]
1775394613.3612175 [navNode-2] [INFO] [1775394613.361102651] [navNode]: 未到目标点
1775394613.3613396 [navNode-2] 目标位置:(0.0, 0.0, 0.1)-[A6]-[MCU:False]-[POS:False]
1775394613.3613901 [navNode-2] 当前位置:(-0.0012376965023577213, -0.0009911583038046956, -0.0017621557926759124)
1775394613.4611897 [navNode-2] [INFO] [1775394613.460752525] [navNode]: 状态4：WaitAim--[A6]
1775394613.4617734 [navNode-2] [INFO] [1775394613.461219742] [navNode]: 未到目标点
1775394613.4619195 [navNode-2] 目标位置:(0.0, 0.0, 0.1)-[A6]-[MCU:False]-[POS:False]
1775394613.4619739 [navNode-2] 当前位置:(-0.0012376965023577213, -0.0009911583038046956, -0.0017621557926759124)
1775394613.5610719 [navNode-2] [INFO] [1775394613.560710181] [navNode]: 状态4：WaitAim--[A6]
1775394613.5615067 [navNode-2] [INFO] [1775394613.561394362] [navNode]: 未到目标点
1775394613.5615811 [navNode-2] 目标位置:(0.0, 0.0, 0.1)-[A6]-[MCU:False]-[POS:False]
1775394613.5616231 [navNode-2] 当前位置:(-0.0012376965023577213, -0.0009911583038046956, -0.0017621557926759124)
1775394613.6620080 [navNode-2] [INFO] [1775394613.661488177] [navNode]: 状态4：WaitAim--[A6]
1775394613.6627452 [navNode-2] [INFO] [1775394613.661934478] [navNode]: 未到目标点
1775394613.6628883 [navNode-2] 目标位置:(0.0, 0.0, 0.1)-[A6]-[MCU:False]-[POS:False]
1775394613.6629341 [navNode-2] 当前位置:(-0.0012376965023577213, -0.0009911583038046956, -0.0017621557926759124)
1775394613.7611852 [navNode-2] [INFO] [1775394613.760765010] [navNode]: 状态4：WaitAim--[A6]
1775394613.7616334 [navNode-2] [INFO] [1775394613.761282262] [navNode]: 未到目标点
1775394613.7617190 [navNode-2] 目标位置:(0.0, 0.0, 0.1)-[A6]-[MCU:False]-[POS:False]
1775394613.7617633 [navNode-2] 当前位置:(-0.0012376965023577213, -0.0009911583038046956, -0.0017621557926759124)
1775394613.8612146 [navNode-2] [INFO] [1775394613.860811194] [navNode]: 状态4：WaitAim--[A6]
1775394613.8615544 [navNode-2] [INFO] [1775394613.861276619] [navNode]: 未到目标点
1775394613.8616202 [navNode-2] 目标位置:(0.0, 0.0, 0.1)-[A6]-[MCU:False]-[POS:False]
1775394613.8616614 [navNode-2] 当前位置:(-0.0012376965023577213, -0.0009911583038046956, -0.0017621557926759124)
1775394613.9614289 [navNode-2] [INFO] [1775394613.961038212] [navNode]: 状态4：WaitAim--[A6]
1775394613.9619043 [navNode-2] [INFO] [1775394613.961615727] [navNode]: 未到目标点
1775394613.9619942 [navNode-2] 目标位置:(0.0, 0.0, 0.1)-[A6]-[MCU:False]-[POS:False]
1775394613.9620519 [navNode-2] 当前位置:(-0.0012376965023577213, -0.0009911583038046956, -0.0017621557926759124)
1775394614.0610852 [navNode-2] [INFO] [1775394614.060730740] [navNode]: 状态4：WaitAim--[A6]
1775394614.0614562 [navNode-2] [INFO] [1775394614.061204234] [navNode]: 未到目标点
1775394614.0615335 [navNode-2] 目标位置:(0.0, 0.0, 0.1)-[A6]-[MCU:False]-[POS:False]
1775394614.0615790 [navNode-2] 当前位置:(-0.0012376965023577213, -0.0009911583038046956, -0.0017621557926759124)
1775394614.1611557 [navNode-2] [INFO] [1775394614.160714179] [navNode]: 状态4：WaitAim--[A6]
1775394614.1618528 [navNode-2] [INFO] [1775394614.161360671] [navNode]: 未到目标点
1775394614.1620321 [navNode-2] 目标位置:(0.0, 0.0, 0.1)-[A6]-[MCU:False]-[POS:False]
1775394614.1621222 [navNode-2] 当前位置:(-0.0012376965023577213, -0.0009911583038046956, -0.0017621557926759124)
1775394614.2607944 [navNode-2] [INFO] [1775394614.260414957] [navNode]: 状态4：WaitAim--[A6]
1775394614.2619011 [navNode-2] [INFO] [1775394614.261435965] [navNode]: 未到目标点
1775394614.2622395 [navNode-2] 目标位置:(0.0, 0.0, 0.1)-[A6]-[MCU:False]-[POS:False]
1775394614.2623081 [navNode-2] 当前位置:(-0.0012376965023577213, -0.0009911583038046956, -0.0017621557926759124)
1775394614.3613639 [navNode-2] [INFO] [1775394614.360982771] [navNode]: 状态4：WaitAim--[A6]
1775394614.3617744 [navNode-2] [INFO] [1775394614.361440854] [navNode]: 未到目标点
1775394614.3619153 [navNode-2] 目标位置:(0.0, 0.0, 0.1)-[A6]-[MCU:False]-[POS:False]
1775394614.3619800 [navNode-2] 当前位置:(-0.0012376965023577213, -0.0009911583038046956, -0.0017621557926759124)
1775394614.4609599 [navNode-2] [INFO] [1775394614.460630774] [navNode]: 状态4：WaitAim--[A6]
1775394614.4613464 [navNode-2] [INFO] [1775394614.461005390] [navNode]: 未到目标点
1775394614.4614131 [navNode-2] 目标位置:(0.0, 0.0, 0.1)-[A6]-[MCU:False]-[POS:False]
1775394614.4614530 [navNode-2] 当前位置:(-0.0012376965023577213, -0.0009911583038046956, -0.0017621557926759124)
1775394614.5610547 [navNode-2] [INFO] [1775394614.560727243] [navNode]: 状态4：WaitAim--[A6]
1775394614.5614758 [navNode-2] [INFO] [1775394614.561199566] [navNode]: 未到目标点
1775394614.5616088 [navNode-2] 目标位置:(0.0, 0.0, 0.1)-[A6]-[MCU:False]-[POS:False]
1775394614.5616679 [navNode-2] 当前位置:(-0.0012376965023577213, -0.0009911583038046956, -0.0017621557926759124)
1775394614.6610069 [navNode-2] [INFO] [1775394614.660626382] [navNode]: 状态4：WaitAim--[A6]
1775394614.6614349 [navNode-2] [INFO] [1775394614.661049943] [navNode]: 未到目标点
1775394614.6618891 [navNode-2] 目标位置:(0.0, 0.0, 0.1)-[A6]-[MCU:False]-[POS:False]
1775394614.6620805 [navNode-2] 当前位置:(-0.0012376965023577213, -0.0009911583038046956, -0.0017621557926759124)
1775394614.7609022 [navNode-2] [INFO] [1775394614.760569580] [navNode]: 状态4：WaitAim--[A6]
1775394614.7614305 [navNode-2] [INFO] [1775394614.761283224] [navNode]: 未到目标点
1775394614.7615135 [navNode-2] 目标位置:(0.0, 0.0, 0.1)-[A6]-[MCU:False]-[POS:False]
1775394614.7615700 [navNode-2] 当前位置:(-0.0012376965023577213, -0.0009911583038046956, -0.0017621557926759124)
1775394614.8611779 [navNode-2] [INFO] [1775394614.860800687] [navNode]: 状态4：WaitAim--[A6]
1775394614.8616877 [navNode-2] [INFO] [1775394614.861459534] [navNode]: 未到目标点
1775394614.8617837 [navNode-2] 目标位置:(0.0, 0.0, 0.1)-[A6]-[MCU:False]-[POS:False]
1775394614.8618619 [navNode-2] 当前位置:(-0.0012376965023577213, -0.0009911583038046956, -0.0017621557926759124)
1775394614.9612737 [navNode-2] [INFO] [1775394614.960897259] [navNode]: 状态4：WaitAim--[A6]
1775394614.9617174 [navNode-2] [INFO] [1775394614.961428840] [navNode]: 未到目标点
1775394614.9618568 [navNode-2] 目标位置:(0.0, 0.0, 0.1)-[A6]-[MCU:False]-[POS:False]
1775394614.9619200 [navNode-2] 当前位置:(-0.0012376965023577213, -0.0009911583038046956, -0.0017621557926759124)
1775394615.0612051 [navNode-2] [INFO] [1775394615.060863399] [navNode]: 状态4：WaitAim--[A6]
1775394615.0616677 [navNode-2] [INFO] [1775394615.061324184] [navNode]: 未到目标点
1775394615.0617843 [navNode-2] 目标位置:(0.0, 0.0, 0.1)-[A6]-[MCU:False]-[POS:False]
1775394615.0618510 [navNode-2] 当前位置:(-0.0012376965023577213, -0.0009911583038046956, -0.0017621557926759124)
1775394615.1610842 [navNode-2] [INFO] [1775394615.160675931] [navNode]: 状态4：WaitAim--[A6]
1775394615.1614635 [navNode-2] [INFO] [1775394615.161143089] [navNode]: 未到目标点
1775394615.1615775 [navNode-2] 目标位置:(0.0, 0.0, 0.1)-[A6]-[MCU:False]-[POS:False]
1775394615.1616747 [navNode-2] 当前位置:(-0.0012376965023577213, -0.0009911583038046956, -0.0017621557926759124)
1775394615.2608316 [navNode-2] [INFO] [1775394615.260430135] [navNode]: 状态4：WaitAim--[A6]
1775394615.2611580 [navNode-2] [INFO] [1775394615.260850451] [navNode]: 未到目标点
1775394615.2612123 [navNode-2] 目标位置:(0.0, 0.0, 0.1)-[A6]-[MCU:False]-[POS:False]
1775394615.2612844 [navNode-2] 当前位置:(-0.0012376965023577213, -0.0009911583038046956, -0.0017621557926759124)
1775394615.3613608 [navNode-2] [INFO] [1775394615.360996680] [navNode]: 状态4：WaitAim--[A6]
1775394615.3618014 [navNode-2] [INFO] [1775394615.361428516] [navNode]: 未到目标点
1775394615.3619306 [navNode-2] 目标位置:(0.0, 0.0, 0.1)-[A6]-[MCU:False]-[POS:False]
1775394615.3620036 [navNode-2] 当前位置:(-0.0012376965023577213, -0.0009911583038046956, -0.0017621557926759124)
1775394615.4607496 [navNode-2] [INFO] [1775394615.460421755] [navNode]: 状态4：WaitAim--[A6]
1775394615.4613791 [navNode-2] [INFO] [1775394615.461159199] [navNode]: 未到目标点
1775394615.4615443 [navNode-2] 目标位置:(0.0, 0.0, 0.1)-[A6]-[MCU:False]-[POS:False]
1775394615.4616022 [navNode-2] 当前位置:(-0.0012376965023577213, -0.0009911583038046956, -0.0017621557926759124)
1775394615.5609412 [navNode-2] [INFO] [1775394615.560504993] [navNode]: 状态4：WaitAim--[A6]
1775394615.5613911 [navNode-2] [INFO] [1775394615.560997037] [navNode]: 未到目标点
1775394615.5615077 [navNode-2] 目标位置:(0.0, 0.0, 0.1)-[A6]-[MCU:False]-[POS:False]
1775394615.5615830 [navNode-2] 当前位置:(-0.0012376965023577213, -0.0009911583038046956, -0.0017621557926759124)
1775394615.6630704 [navNode-2] [INFO] [1775394615.662337365] [navNode]: 状态4：WaitAim--[A6]
1775394615.6638196 [navNode-2] [INFO] [1775394615.663377165] [navNode]: 未到目标点
1775394615.6639926 [navNode-2] 目标位置:(0.0, 0.0, 0.1)-[A6]-[MCU:False]-[POS:False]
1775394615.6641378 [navNode-2] 当前位置:(-0.0012376965023577213, -0.0009911583038046956, -0.0017621557926759124)
1775394615.7612195 [navNode-2] [INFO] [1775394615.760858973] [navNode]: 状态4：WaitAim--[A6]
1775394615.7616370 [navNode-2] [INFO] [1775394615.761246525] [navNode]: 未到目标点
1775394615.7617195 [navNode-2] 目标位置:(0.0, 0.0, 0.1)-[A6]-[MCU:False]-[POS:False]
1775394615.7617640 [navNode-2] 当前位置:(-0.0012376965023577213, -0.0009911583038046956, -0.0017621557926759124)
1775394615.8614421 [navNode-2] [INFO] [1775394615.861147254] [navNode]: 状态4：WaitAim--[A6]
1775394615.8617909 [navNode-2] [INFO] [1775394615.861515743] [navNode]: 未到目标点
1775394615.8618712 [navNode-2] 目标位置:(0.0, 0.0, 0.1)-[A6]-[MCU:False]-[POS:False]
1775394615.8619139 [navNode-2] 当前位置:(-0.0012376965023577213, -0.0009911583038046956, -0.0017621557926759124)
1775394615.9610603 [navNode-2] [INFO] [1775394615.960660892] [navNode]: 状态4：WaitAim--[A6]
1775394615.9615078 [navNode-2] [INFO] [1775394615.961182172] [navNode]: 未到目标点
1775394615.9616237 [navNode-2] 目标位置:(0.0, 0.0, 0.1)-[A6]-[MCU:False]-[POS:False]
1775394615.9616787 [navNode-2] 当前位置:(-0.0012376965023577213, -0.0009911583038046956, -0.0017621557926759124)
1775394616.0609667 [navNode-2] [INFO] [1775394616.060632213] [navNode]: 状态4：WaitAim--[A6]
1775394616.0613668 [navNode-2] [INFO] [1775394616.061060457] [navNode]: 未到目标点
1775394616.0614665 [navNode-2] 目标位置:(0.0, 0.0, 0.1)-[A6]-[MCU:False]-[POS:False]
1775394616.0615256 [navNode-2] 当前位置:(-0.0012376965023577213, -0.0009911583038046956, -0.0017621557926759124)
1775394616.1614211 [navNode-2] [INFO] [1775394616.160971834] [navNode]: 状态4：WaitAim--[A6]
1775394616.1617711 [navNode-2] [INFO] [1775394616.161426724] [navNode]: 未到目标点
1775394616.1618655 [navNode-2] 目标位置:(0.0, 0.0, 0.1)-[A6]-[MCU:False]-[POS:False]
1775394616.1619272 [navNode-2] 当前位置:(-0.0012376965023577213, -0.0009911583038046956, -0.0017621557926759124)
1775394616.2611094 [navNode-2] [INFO] [1775394616.260784408] [navNode]: 状态4：WaitAim--[A6]
1775394616.2615645 [navNode-2] [INFO] [1775394616.261216405] [navNode]: 未到目标点
1775394616.2616708 [navNode-2] 目标位置:(0.0, 0.0, 0.1)-[A6]-[MCU:False]-[POS:False]
1775394616.2617362 [navNode-2] 当前位置:(-0.0012376965023577213, -0.0009911583038046956, -0.0017621557926759124)
1775394616.3609254 [navNode-2] [INFO] [1775394616.360530240] [navNode]: 状态4：WaitAim--[A6]
1775394616.3613095 [navNode-2] [INFO] [1775394616.360973109] [navNode]: 未到目标点
1775394616.3614333 [navNode-2] 目标位置:(0.0, 0.0, 0.1)-[A6]-[MCU:False]-[POS:False]
1775394616.3615015 [navNode-2] 当前位置:(-0.0012376965023577213, -0.0009911583038046956, -0.0017621557926759124)
1775394616.4612343 [navNode-2] [INFO] [1775394616.460876870] [navNode]: 状态4：WaitAim--[A6]
1775394616.4616046 [navNode-2] [INFO] [1775394616.461281577] [navNode]: 未到目标点
1775394616.4616957 [navNode-2] 目标位置:(0.0, 0.0, 0.1)-[A6]-[MCU:False]-[POS:False]
1775394616.4617431 [navNode-2] 当前位置:(-0.0012376965023577213, -0.0009911583038046956, -0.0017621557926759124)
1775394616.5610080 [navNode-2] [INFO] [1775394616.560699645] [navNode]: 状态4：WaitAim--[A6]
1775394616.5613680 [navNode-2] [INFO] [1775394616.561111354] [navNode]: 未到目标点
1775394616.5614727 [navNode-2] 目标位置:(0.0, 0.0, 0.1)-[A6]-[MCU:False]-[POS:False]
1775394616.5615368 [navNode-2] 当前位置:(-0.0012376965023577213, -0.0009911583038046956, -0.0017621557926759124)
1775394616.6609743 [navNode-2] [INFO] [1775394616.660631769] [navNode]: 状态4：WaitAim--[A6]
1775394616.6614130 [navNode-2] [INFO] [1775394616.661081262] [navNode]: 未到目标点
1775394616.6615376 [navNode-2] 目标位置:(0.0, 0.0, 0.1)-[A6]-[MCU:False]-[POS:False]
1775394616.6615891 [navNode-2] 当前位置:(-0.0012376965023577213, -0.0009911583038046956, -0.0017621557926759124)
1775394616.7615108 [navNode-2] [INFO] [1775394616.761153191] [navNode]: 状态4：WaitAim--[A6]
1775394616.7619174 [navNode-2] [INFO] [1775394616.761785997] [navNode]: 未到目标点
1775394616.7619913 [navNode-2] 目标位置:(0.0, 0.0, 0.1)-[A6]-[MCU:False]-[POS:False]
1775394616.7620313 [navNode-2] 当前位置:(-0.0012376965023577213, -0.0009911583038046956, -0.0017621557926759124)
1775394616.8611031 [navNode-2] [INFO] [1775394616.860754215] [navNode]: 状态4：WaitAim--[A6]
1775394616.8615029 [navNode-2] [INFO] [1775394616.861200978] [navNode]: 未到目标点
1775394616.8615963 [navNode-2] 目标位置:(0.0, 0.0, 0.1)-[A6]-[MCU:False]-[POS:False]
1775394616.8616643 [navNode-2] 当前位置:(-0.0012376965023577213, -0.0009911583038046956, -0.0017621557926759124)
1775394616.9611728 [navNode-2] [INFO] [1775394616.960845431] [navNode]: 状态4：WaitAim--[A6]
1775394616.9615314 [navNode-2] [INFO] [1775394616.961279748] [navNode]: 未到目标点
1775394616.9615993 [navNode-2] 目标位置:(0.0, 0.0, 0.1)-[A6]-[MCU:False]-[POS:False]
1775394616.9616666 [navNode-2] 当前位置:(-0.0012376965023577213, -0.0009911583038046956, -0.0017621557926759124)
1775394617.0629086 [navNode-2] [INFO] [1775394617.062187526] [navNode]: 状态4：WaitAim--[A6]
1775394617.0635614 [navNode-2] [INFO] [1775394617.063121773] [navNode]: 未到目标点
1775394617.0637305 [navNode-2] 目标位置:(0.0, 0.0, 0.1)-[A6]-[MCU:False]-[POS:False]
1775394617.0638168 [navNode-2] 当前位置:(-0.0012376965023577213, -0.0009911583038046956, -0.0017621557926759124)
1775394617.1612258 [navNode-2] [INFO] [1775394617.160845646] [navNode]: 状态4：WaitAim--[A6]
1775394617.1617002 [navNode-2] [INFO] [1775394617.161381012] [navNode]: 未到目标点
1775394617.1618145 [navNode-2] 目标位置:(0.0, 0.0, 0.1)-[A6]-[MCU:False]-[POS:False]
1775394617.1618943 [navNode-2] 当前位置:(-0.0012376965023577213, -0.0009911583038046956, -0.0017621557926759124)
1775394617.2618508 [navNode-2] [INFO] [1775394617.261444492] [navNode]: 状态4：WaitAim--[A6]
1775394617.2624791 [navNode-2] [INFO] [1775394617.262333976] [navNode]: 未到目标点
1775394617.2625895 [navNode-2] 目标位置:(0.0, 0.0, 0.1)-[A6]-[MCU:False]-[POS:False]
1775394617.2626476 [navNode-2] 当前位置:(-0.0012376965023577213, -0.0009911583038046956, -0.0017621557926759124)
1775394617.3614225 [navNode-2] [INFO] [1775394617.360970549] [navNode]: 状态4：WaitAim--[A6]
1775394617.3618486 [navNode-2] [INFO] [1775394617.361457671] [navNode]: 未到目标点
1775394617.3619764 [navNode-2] 目标位置:(0.0, 0.0, 0.1)-[A6]-[MCU:False]-[POS:False]
1775394617.3620651 [navNode-2] 当前位置:(-0.0012376965023577213, -0.0009911583038046956, -0.0017621557926759124)
1775394617.4616833 [navNode-2] [INFO] [1775394617.461322185] [navNode]: 状态4：WaitAim--[A6]
1775394617.4621160 [navNode-2] [INFO] [1775394617.461832569] [navNode]: 未到目标点
1775394617.4622378 [navNode-2] 目标位置:(0.0, 0.0, 0.1)-[A6]-[MCU:False]-[POS:False]
1775394617.4623346 [navNode-2] 当前位置:(-0.0012376965023577213, -0.0009911583038046956, -0.0017621557926759124)
1775394617.5612967 [navNode-2] [INFO] [1775394617.560925981] [navNode]: 状态4：WaitAim--[A6]
1775394617.5617123 [navNode-2] [INFO] [1775394617.561363811] [navNode]: 未到目标点
1775394617.5618019 [navNode-2] 目标位置:(0.0, 0.0, 0.1)-[A6]-[MCU:False]-[POS:False]
1775394617.5618954 [navNode-2] 当前位置:(-0.0012376965023577213, -0.0009911583038046956, -0.0017621557926759124)
1775394617.6611707 [navNode-2] [INFO] [1775394617.660835586] [navNode]: 状态4：WaitAim--[A6]
1775394617.6615927 [navNode-2] [INFO] [1775394617.661258519] [navNode]: 未到目标点
1775394617.6617153 [navNode-2] 目标位置:(0.0, 0.0, 0.1)-[A6]-[MCU:False]-[POS:False]
1775394617.6617713 [navNode-2] 当前位置:(-0.0012376965023577213, -0.0009911583038046956, -0.0017621557926759124)
1775394617.7614067 [navNode-2] [INFO] [1775394617.761058869] [navNode]: 状态4：WaitAim--[A6]
1775394617.7618508 [navNode-2] [INFO] [1775394617.761547970] [navNode]: 未到目标点
1775394617.7619822 [navNode-2] 目标位置:(0.0, 0.0, 0.1)-[A6]-[MCU:False]-[POS:False]
1775394617.7620587 [navNode-2] 当前位置:(-0.0012376965023577213, -0.0009911583038046956, -0.0017621557926759124)
1775394617.8611379 [navNode-2] [INFO] [1775394617.860843529] [navNode]: 状态4：WaitAim--[A6]
1775394617.8615561 [navNode-2] [INFO] [1775394617.861312629] [navNode]: 未到目标点
1775394617.8616443 [navNode-2] 目标位置:(0.0, 0.0, 0.1)-[A6]-[MCU:False]-[POS:False]
1775394617.8617110 [navNode-2] 当前位置:(-0.0012376965023577213, -0.0009911583038046956, -0.0017621557926759124)
1775394617.9616961 [navNode-2] [INFO] [1775394617.961348257] [navNode]: 状态4：WaitAim--[A6]
1775394617.9621043 [navNode-2] [INFO] [1775394617.961758857] [navNode]: 未到目标点
1775394617.9621925 [navNode-2] 目标位置:(0.0, 0.0, 0.1)-[A6]-[MCU:False]-[POS:False]
1775394617.9622338 [navNode-2] 当前位置:(-0.0012376965023577213, -0.0009911583038046956, -0.0017621557926759124)
1775394618.0610113 [navNode-2] [INFO] [1775394618.060647387] [navNode]: 状态4：WaitAim--[A6]
1775394618.0613968 [navNode-2] [INFO] [1775394618.061051518] [navNode]: 未到目标点
1775394618.0614898 [navNode-2] 目标位置:(0.0, 0.0, 0.1)-[A6]-[MCU:False]-[POS:False]
1775394618.0615351 [navNode-2] 当前位置:(-0.0012376965023577213, -0.0009911583038046956, -0.0017621557926759124)
1775394618.1613662 [navNode-2] [INFO] [1775394618.161029323] [navNode]: 状态4：WaitAim--[A6]
1775394618.1617639 [navNode-2] [INFO] [1775394618.161441352] [navNode]: 未到目标点
1775394618.1618834 [navNode-2] 目标位置:(0.0, 0.0, 0.1)-[A6]-[MCU:False]-[POS:False]
1775394618.1619606 [navNode-2] 当前位置:(-0.0012376965023577213, -0.0009911583038046956, -0.0017621557926759124)
1775394618.2609618 [navNode-2] [INFO] [1775394618.260640804] [navNode]: 状态4：WaitAim--[A6]
1775394618.2613480 [navNode-2] [INFO] [1775394618.261078242] [navNode]: 未到目标点
1775394618.2614572 [navNode-2] 目标位置:(0.0, 0.0, 0.1)-[A6]-[MCU:False]-[POS:False]
1775394618.2615068 [navNode-2] 当前位置:(-0.0012376965023577213, -0.0009911583038046956, -0.0017621557926759124)
1775394618.3610523 [navNode-2] [INFO] [1775394618.360724579] [navNode]: 状态4：WaitAim--[A6]
1775394618.3615551 [navNode-2] [INFO] [1775394618.361171048] [navNode]: 未到目标点
1775394618.3616877 [navNode-2] 目标位置:(0.0, 0.0, 0.1)-[A6]-[MCU:False]-[POS:False]
1775394618.3617368 [navNode-2] 当前位置:(-0.0012376965023577213, -0.0009911583038046956, -0.0017621557926759124)
1775394618.4611032 [navNode-2] [INFO] [1775394618.460705476] [navNode]: 状态4：WaitAim--[A6]
1775394618.4615111 [navNode-2] [INFO] [1775394618.461082960] [navNode]: 未到目标点
1775394618.4616349 [navNode-2] 目标位置:(0.0, 0.0, 0.1)-[A6]-[MCU:False]-[POS:False]
1775394618.4616854 [navNode-2] 当前位置:(-0.0012376965023577213, -0.0009911583038046956, -0.0017621557926759124)
1775394618.5609169 [navNode-2] [INFO] [1775394618.560593166] [navNode]: 状态4：WaitAim--[A6]
1775394618.5612729 [navNode-2] [INFO] [1775394618.561087625] [navNode]: 未到目标点
1775394618.5613611 [navNode-2] 目标位置:(0.0, 0.0, 0.1)-[A6]-[MCU:False]-[POS:False]
1775394618.5614018 [navNode-2] 当前位置:(-0.0012376965023577213, -0.0009911583038046956, -0.0017621557926759124)
1775394618.6614215 [navNode-2] [INFO] [1775394618.661052798] [navNode]: 状态4：WaitAim--[A6]
1775394618.6618156 [navNode-2] [INFO] [1775394618.661512749] [navNode]: 未到目标点
1775394618.6619391 [navNode-2] 目标位置:(0.0, 0.0, 0.1)-[A6]-[MCU:False]-[POS:False]
1775394618.6620021 [navNode-2] 当前位置:(-0.0012376965023577213, -0.0009911583038046956, -0.0017621557926759124)
1775394618.7610757 [navNode-2] [INFO] [1775394618.760748684] [navNode]: 状态4：WaitAim--[A6]
1775394618.7614312 [navNode-2] [INFO] [1775394618.761148676] [navNode]: 未到目标点
1775394618.7614915 [navNode-2] 目标位置:(0.0, 0.0, 0.1)-[A6]-[MCU:False]-[POS:False]
1775394618.7615299 [navNode-2] 当前位置:(-0.0012376965023577213, -0.0009911583038046956, -0.0017621557926759124)
1775394618.8612955 [navNode-2] [INFO] [1775394618.860890776] [navNode]: 状态4：WaitAim--[A6]
1775394618.8616717 [navNode-2] [INFO] [1775394618.861292354] [navNode]: 未到目标点
1775394618.8617561 [navNode-2] 目标位置:(0.0, 0.0, 0.1)-[A6]-[MCU:False]-[POS:False]
1775394618.8618164 [navNode-2] 当前位置:(-0.0012376965023577213, -0.0009911583038046956, -0.0017621557926759124)
1775394618.9611208 [navNode-2] [INFO] [1775394618.960784705] [navNode]: 状态4：WaitAim--[A6]
1775394618.9615591 [navNode-2] [INFO] [1775394618.961309992] [navNode]: 未到目标点
1775394618.9616439 [navNode-2] 目标位置:(0.0, 0.0, 0.1)-[A6]-[MCU:False]-[POS:False]
1775394618.9617035 [navNode-2] 当前位置:(-0.0012376965023577213, -0.0009911583038046956, -0.0017621557926759124)
1775394619.0613778 [navNode-2] [INFO] [1775394619.061031076] [navNode]: 状态4：WaitAim--[A6]
1775394619.0618336 [navNode-2] [INFO] [1775394619.061466643] [navNode]: 未到目标点
1775394619.0619574 [navNode-2] 目标位置:(0.0, 0.0, 0.1)-[A6]-[MCU:False]-[POS:False]
1775394619.0620279 [navNode-2] 当前位置:(-0.0012376965023577213, -0.0009911583038046956, -0.0017621557926759124)
1775394619.1612401 [navNode-2] [INFO] [1775394619.160837234] [navNode]: 状态4：WaitAim--[A6]
1775394619.1617124 [navNode-2] [INFO] [1775394619.161434591] [navNode]: 未到目标点
1775394619.1617994 [navNode-2] 目标位置:(0.0, 0.0, 0.1)-[A6]-[MCU:False]-[POS:False]
1775394619.1618481 [navNode-2] 当前位置:(-0.0012376965023577213, -0.0009911583038046956, -0.0017621557926759124)
1775394619.2615790 [navNode-2] [INFO] [1775394619.261206367] [navNode]: 状态4：WaitAim--[A6]
1775394619.2620378 [navNode-2] [INFO] [1775394619.261680974] [navNode]: 未到目标点
1775394619.2621496 [navNode-2] 目标位置:(0.0, 0.0, 0.1)-[A6]-[MCU:False]-[POS:False]
1775394619.2622147 [navNode-2] 当前位置:(-0.0012376965023577213, -0.0009911583038046956, -0.0017621557926759124)
1775394619.3609169 [navNode-2] [INFO] [1775394619.360545579] [navNode]: 状态4：WaitAim--[A6]
1775394619.3613369 [navNode-2] [INFO] [1775394619.361017253] [navNode]: 未到目标点
1775394619.3614247 [navNode-2] 目标位置:(0.0, 0.0, 0.1)-[A6]-[MCU:False]-[POS:False]
1775394619.3614867 [navNode-2] 当前位置:(-0.0012376965023577213, -0.0009911583038046956, -0.0017621557926759124)
1775394619.4611642 [navNode-2] [INFO] [1775394619.460759451] [navNode]: 状态4：WaitAim--[A6]
1775394619.4614911 [navNode-2] [INFO] [1775394619.461189656] [navNode]: 未到目标点
1775394619.4615858 [navNode-2] 目标位置:(0.0, 0.0, 0.1)-[A6]-[MCU:False]-[POS:False]
1775394619.4616301 [navNode-2] 当前位置:(-0.0012376965023577213, -0.0009911583038046956, -0.0017621557926759124)
1775394619.5607224 [navNode-2] [INFO] [1775394619.560424411] [navNode]: 状态4：WaitAim--[A6]
1775394619.5610957 [navNode-2] [INFO] [1775394619.560799087] [navNode]: 未到目标点
1775394619.5611920 [navNode-2] 目标位置:(0.0, 0.0, 0.1)-[A6]-[MCU:False]-[POS:False]
1775394619.5612371 [navNode-2] 当前位置:(-0.0012376965023577213, -0.0009911583038046956, -0.0017621557926759124)
1775394619.6607256 [navNode-2] [INFO] [1775394619.660401908] [navNode]: 状态4：WaitAim--[A6]
1775394619.6621156 [navNode-2] [INFO] [1775394619.661556364] [navNode]: 未到目标点
1775394619.6624312 [navNode-2] 目标位置:(0.0, 0.0, 0.1)-[A6]-[MCU:False]-[POS:False]
1775394619.6625526 [navNode-2] 当前位置:(-0.0012376965023577213, -0.0009911583038046956, -0.0017621557926759124)
1775394619.7610528 [navNode-2] [INFO] [1775394619.760767005] [navNode]: 状态4：WaitAim--[A6]
1775394619.7614622 [navNode-2] [INFO] [1775394619.761188769] [navNode]: 未到目标点
1775394619.7615716 [navNode-2] 目标位置:(0.0, 0.0, 0.1)-[A6]-[MCU:False]-[POS:False]
1775394619.7616241 [navNode-2] 当前位置:(-0.0012376965023577213, -0.0009911583038046956, -0.0017621557926759124)
1775394619.8609009 [navNode-2] [INFO] [1775394619.860548719] [navNode]: 状态4：WaitAim--[A6]
1775394619.8612669 [navNode-2] [INFO] [1775394619.860924832] [navNode]: 未到目标点
1775394619.8613582 [navNode-2] 目标位置:(0.0, 0.0, 0.1)-[A6]-[MCU:False]-[POS:False]
1775394619.8614032 [navNode-2] 当前位置:(-0.0012376965023577213, -0.0009911583038046956, -0.0017621557926759124)
1775394619.9629247 [navNode-2] [INFO] [1775394619.962320996] [navNode]: 状态4：WaitAim--[A6]
1775394619.9634204 [navNode-2] [INFO] [1775394619.963105467] [navNode]: 未到目标点
1775394619.9635303 [navNode-2] 目标位置:(0.0, 0.0, 0.1)-[A6]-[MCU:False]-[POS:False]
1775394619.9635949 [navNode-2] 当前位置:(-0.0012376965023577213, -0.0009911583038046956, -0.0017621557926759124)
1775394620.0617981 [navNode-2] [INFO] [1775394620.061425217] [navNode]: 状态4：WaitAim--[A6]
1775394620.0621066 [navNode-2] [INFO] [1775394620.061804196] [navNode]: 未到目标点
1775394620.0622025 [navNode-2] 目标位置:(0.0, 0.0, 0.1)-[A6]-[MCU:False]-[POS:False]
1775394620.0622568 [navNode-2] 当前位置:(-0.0012376965023577213, -0.0009911583038046956, -0.0017621557926759124)
1775394620.1610472 [navNode-2] [INFO] [1775394620.160665175] [navNode]: 状态4：WaitAim--[A6]
1775394620.1615188 [navNode-2] [INFO] [1775394620.161080440] [navNode]: 未到目标点
1775394620.1616764 [navNode-2] 目标位置:(0.0, 0.0, 0.1)-[A6]-[MCU:False]-[POS:False]
1775394620.1617348 [navNode-2] 当前位置:(-0.0012376965023577213, -0.0009911583038046956, -0.0017621557926759124)
1775394620.2610052 [navNode-2] [INFO] [1775394620.260634690] [navNode]: 状态4：WaitAim--[A6]
1775394620.2613463 [navNode-2] [INFO] [1775394620.261006622] [navNode]: 未到目标点
1775394620.2614279 [navNode-2] 目标位置:(0.0, 0.0, 0.1)-[A6]-[MCU:False]-[POS:False]
1775394620.2614727 [navNode-2] 当前位置:(-0.0012376965023577213, -0.0009911583038046956, -0.0017621557926759124)
1775394620.3609352 [navNode-2] [INFO] [1775394620.360572684] [navNode]: 状态4：WaitAim--[A6]
1775394620.3612561 [navNode-2] [INFO] [1775394620.360925802] [navNode]: 未到目标点
1775394620.3613379 [navNode-2] 目标位置:(0.0, 0.0, 0.1)-[A6]-[MCU:False]-[POS:False]
1775394620.3613772 [navNode-2] 当前位置:(-0.0012376965023577213, -0.0009911583038046956, -0.0017621557926759124)
1775394620.4611959 [navNode-2] [INFO] [1775394620.460640101] [navNode]: 状态4：WaitAim--[A6]
1775394620.4620488 [navNode-2] [INFO] [1775394620.461064999] [navNode]: 未到目标点
1775394620.4623134 [navNode-2] 目标位置:(0.0, 0.0, 0.1)-[A6]-[MCU:False]-[POS:False]
1775394620.4624321 [navNode-2] 当前位置:(-0.0012376965023577213, -0.0009911583038046956, -0.0017621557926759124)
1775394620.5610745 [navNode-2] [INFO] [1775394620.560715781] [navNode]: 状态4：WaitAim--[A6]
1775394620.5614369 [navNode-2] [INFO] [1775394620.561082441] [navNode]: 未到目标点
1775394620.5615394 [navNode-2] 目标位置:(0.0, 0.0, 0.1)-[A6]-[MCU:False]-[POS:False]
1775394620.5615821 [navNode-2] 当前位置:(-0.0012376965023577213, -0.0009911583038046956, -0.0017621557926759124)
1775394620.6610541 [navNode-2] [INFO] [1775394620.660660867] [navNode]: 状态4：WaitAim--[A6]
1775394620.6614974 [navNode-2] [INFO] [1775394620.661075806] [navNode]: 未到目标点
1775394620.6615901 [navNode-2] 目标位置:(0.0, 0.0, 0.1)-[A6]-[MCU:False]-[POS:False]
1775394620.6616328 [navNode-2] 当前位置:(-0.0012376965023577213, -0.0009911583038046956, -0.0017621557926759124)
1775394620.7634716 [navNode-2] [INFO] [1775394620.762844362] [navNode]: 状态4：WaitAim--[A6]
1775394620.7643161 [navNode-2] [INFO] [1775394620.763838384] [navNode]: 未到目标点
1775394620.7645593 [navNode-2] 目标位置:(0.0, 0.0, 0.1)-[A6]-[MCU:False]-[POS:False]
1775394620.7646294 [navNode-2] 当前位置:(-0.0012376965023577213, -0.0009911583038046956, -0.0017621557926759124)
1775394620.8611760 [navNode-2] [INFO] [1775394620.860866441] [navNode]: 状态4：WaitAim--[A6]
1775394620.8615947 [navNode-2] [INFO] [1775394620.861255367] [navNode]: 未到目标点
1775394620.8616886 [navNode-2] 目标位置:(0.0, 0.0, 0.1)-[A6]-[MCU:False]-[POS:False]
1775394620.8617313 [navNode-2] 当前位置:(-0.0012376965023577213, -0.0009911583038046956, -0.0017621557926759124)
1775394620.9620643 [navNode-2] [INFO] [1775394620.961508590] [navNode]: 状态4：WaitAim--[A6]
1775394620.9627249 [navNode-2] [INFO] [1775394620.961908093] [navNode]: 未到目标点
1775394620.9628193 [navNode-2] 目标位置:(0.0, 0.0, 0.1)-[A6]-[MCU:False]-[POS:False]
1775394620.9628615 [navNode-2] 当前位置:(-0.0012376965023577213, -0.0009911583038046956, -0.0017621557926759124)
1775394621.0608571 [navNode-2] [INFO] [1775394621.060567126] [navNode]: 状态4：WaitAim--[A6]
1775394621.0612035 [navNode-2] [INFO] [1775394621.060948164] [navNode]: 未到目标点
1775394621.0612962 [navNode-2] 目标位置:(0.0, 0.0, 0.1)-[A6]-[MCU:False]-[POS:False]
1775394621.0613706 [navNode-2] 当前位置:(-0.0012376965023577213, -0.0009911583038046956, -0.0017621557926759124)
1775394621.1621602 [navNode-2] [INFO] [1775394621.161645667] [navNode]: 状态4：WaitAim--[A6]
1775394621.1626804 [navNode-2] [INFO] [1775394621.162240555] [navNode]: 未到目标点
1775394621.1627901 [navNode-2] 目标位置:(0.0, 0.0, 0.1)-[A6]-[MCU:False]-[POS:False]
1775394621.1628439 [navNode-2] 当前位置:(-0.0012376965023577213, -0.0009911583038046956, -0.0017621557926759124)
1775394621.2612996 [navNode-2] [INFO] [1775394621.260895624] [navNode]: 状态4：WaitAim--[A6]
1775394621.2617412 [navNode-2] [INFO] [1775394621.261335003] [navNode]: 未到目标点
1775394621.2618504 [navNode-2] 目标位置:(0.0, 0.0, 0.1)-[A6]-[MCU:False]-[POS:False]
1775394621.2619019 [navNode-2] 当前位置:(-0.0012376965023577213, -0.0009911583038046956, -0.0017621557926759124)
1775394621.3613000 [navNode-2] [INFO] [1775394621.360928594] [navNode]: 状态4：WaitAim--[A6]
1775394621.3616517 [navNode-2] [INFO] [1775394621.361312858] [navNode]: 未到目标点
1775394621.3617294 [navNode-2] 目标位置:(0.0, 0.0, 0.1)-[A6]-[MCU:False]-[POS:False]
1775394621.3617871 [navNode-2] 当前位置:(-0.0012376965023577213, -0.0009911583038046956, -0.0017621557926759124)
1775394621.4613900 [navNode-2] [INFO] [1775394621.460955261] [navNode]: 状态4：WaitAim--[A6]
1775394621.4619069 [navNode-2] [INFO] [1775394621.461454989] [navNode]: 未到目标点
1775394621.4619963 [navNode-2] 目标位置:(0.0, 0.0, 0.1)-[A6]-[MCU:False]-[POS:False]
1775394621.4620416 [navNode-2] 当前位置:(-0.0012376965023577213, -0.0009911583038046956, -0.0017621557926759124)
1775394621.5620239 [navNode-2] [INFO] [1775394621.561506661] [navNode]: 状态4：WaitAim--[A6]
1775394621.5624731 [navNode-2] [INFO] [1775394621.562147261] [navNode]: 未到目标点
1775394621.5625527 [navNode-2] 目标位置:(0.0, 0.0, 0.1)-[A6]-[MCU:False]-[POS:False]
1775394621.5626245 [navNode-2] 当前位置:(-0.0012376965023577213, -0.0009911583038046956, -0.0017621557926759124)
1775394621.6615977 [navNode-2] [INFO] [1775394621.661055541] [navNode]: 状态4：WaitAim--[A6]
1775394621.6619661 [navNode-2] [INFO] [1775394621.661686704] [navNode]: 未到目标点
1775394621.6620414 [navNode-2] 目标位置:(0.0, 0.0, 0.1)-[A6]-[MCU:False]-[POS:False]
1775394621.6620774 [navNode-2] 当前位置:(-0.0012376965023577213, -0.0009911583038046956, -0.0017621557926759124)
1775394621.7610769 [navNode-2] [INFO] [1775394621.760728833] [navNode]: 状态4：WaitAim--[A6]
1775394621.7614679 [navNode-2] [INFO] [1775394621.761207275] [navNode]: 未到目标点
1775394621.7615523 [navNode-2] 目标位置:(0.0, 0.0, 0.1)-[A6]-[MCU:False]-[POS:False]
1775394621.7615969 [navNode-2] 当前位置:(-0.0012376965023577213, -0.0009911583038046956, -0.0017621557926759124)
1775394621.8614640 [navNode-2] [INFO] [1775394621.861108586] [navNode]: 状态4：WaitAim--[A6]
1775394621.8618023 [navNode-2] [INFO] [1775394621.861504647] [navNode]: 未到目标点
1775394621.8619010 [navNode-2] 目标位置:(0.0, 0.0, 0.1)-[A6]-[MCU:False]-[POS:False]
1775394621.8619664 [navNode-2] 当前位置:(-0.0012376965023577213, -0.0009911583038046956, -0.0017621557926759124)
1775394621.9610453 [navNode-2] [INFO] [1775394621.960680609] [navNode]: 状态4：WaitAim--[A6]
1775394621.9614253 [navNode-2] [INFO] [1775394621.961071493] [navNode]: 未到目标点
1775394621.9615405 [navNode-2] 目标位置:(0.0, 0.0, 0.1)-[A6]-[MCU:False]-[POS:False]
1775394621.9616249 [navNode-2] 当前位置:(-0.0012376965023577213, -0.0009911583038046956, -0.0017621557926759124)
1775394622.0609641 [navNode-2] [INFO] [1775394622.060616454] [navNode]: 状态4：WaitAim--[A6]
1775394622.0613298 [navNode-2] [INFO] [1775394622.060975238] [navNode]: 未到目标点
1775394622.0614121 [navNode-2] 目标位置:(0.0, 0.0, 0.1)-[A6]-[MCU:False]-[POS:False]
1775394622.0614574 [navNode-2] 当前位置:(-0.0012376965023577213, -0.0009911583038046956, -0.0017621557926759124)
1775394622.1607926 [navNode-2] [INFO] [1775394622.160499001] [navNode]: 状态4：WaitAim--[A6]
1775394622.1611719 [navNode-2] [INFO] [1775394622.160912765] [navNode]: 未到目标点
1775394622.1612387 [navNode-2] 目标位置:(0.0, 0.0, 0.1)-[A6]-[MCU:False]-[POS:False]
1775394622.1613038 [navNode-2] 当前位置:(-0.0012376965023577213, -0.0009911583038046956, -0.0017621557926759124)
1775394622.2611639 [navNode-2] [INFO] [1775394622.260803472] [navNode]: 状态4：WaitAim--[A6]
1775394622.2615266 [navNode-2] [INFO] [1775394622.261170398] [navNode]: 未到目标点
1775394622.2616022 [navNode-2] 目标位置:(0.0, 0.0, 0.1)-[A6]-[MCU:False]-[POS:False]
1775394622.2616596 [navNode-2] 当前位置:(-0.0012376965023577213, -0.0009911583038046956, -0.0017621557926759124)
1775394622.3614669 [navNode-2] [INFO] [1775394622.361108354] [navNode]: 状态4：WaitAim--[A6]
1775394622.3618829 [navNode-2] [INFO] [1775394622.361545998] [navNode]: 未到目标点
1775394622.3619850 [navNode-2] 目标位置:(0.0, 0.0, 0.1)-[A6]-[MCU:False]-[POS:False]
1775394622.3620479 [navNode-2] 当前位置:(-0.0012376965023577213, -0.0009911583038046956, -0.0017621557926759124)
1775394622.4612522 [navNode-2] [INFO] [1775394622.460883051] [navNode]: 状态4：WaitAim--[A6]
1775394622.4618707 [navNode-2] [INFO] [1775394622.461415609] [navNode]: 未到目标点
1775394622.4620039 [navNode-2] 目标位置:(0.0, 0.0, 0.1)-[A6]-[MCU:False]-[POS:False]
1775394622.4620800 [navNode-2] 当前位置:(-0.0012376965023577213, -0.0009911583038046956, -0.0017621557926759124)
1775394622.5610411 [navNode-2] [INFO] [1775394622.560665001] [navNode]: 状态4：WaitAim--[A6]
1775394622.5615072 [navNode-2] [INFO] [1775394622.561150450] [navNode]: 未到目标点
1775394622.5616417 [navNode-2] 目标位置:(0.0, 0.0, 0.1)-[A6]-[MCU:False]-[POS:False]
1775394622.5617104 [navNode-2] 当前位置:(-0.0012376965023577213, -0.0009911583038046956, -0.0017621557926759124)
1775394622.6610725 [navNode-2] [INFO] [1775394622.660698977] [navNode]: 状态4：WaitAim--[A6]
1775394622.6616910 [navNode-2] [INFO] [1775394622.661180305] [navNode]: 未到目标点
1775394622.6619303 [navNode-2] 目标位置:(0.0, 0.0, 0.1)-[A6]-[MCU:False]-[POS:False]
1775394622.6620846 [navNode-2] 当前位置:(-0.0012376965023577213, -0.0009911583038046956, -0.0017621557926759124)
1775394622.7612643 [navNode-2] [INFO] [1775394622.760882384] [navNode]: 状态4：WaitAim--[A6]
1775394622.7617354 [navNode-2] [INFO] [1775394622.761401558] [navNode]: 未到目标点
1775394622.7618630 [navNode-2] 目标位置:(0.0, 0.0, 0.1)-[A6]-[MCU:False]-[POS:False]
1775394622.7619572 [navNode-2] 当前位置:(-0.0012376965023577213, -0.0009911583038046956, -0.0017621557926759124)
1775394622.8616867 [navNode-2] [INFO] [1775394622.861344099] [navNode]: 状态4：WaitAim--[A6]
1775394622.8621635 [navNode-2] [INFO] [1775394622.861848668] [navNode]: 未到目标点
1775394622.8622801 [navNode-2] 目标位置:(0.0, 0.0, 0.1)-[A6]-[MCU:False]-[POS:False]
1775394622.8623631 [navNode-2] 当前位置:(-0.0012376965023577213, -0.0009911583038046956, -0.0017621557926759124)
1775394622.9614716 [navNode-2] [INFO] [1775394622.961047662] [navNode]: 状态4：WaitAim--[A6]
1775394622.9619937 [navNode-2] [INFO] [1775394622.961676954] [navNode]: 未到目标点
1775394622.9621410 [navNode-2] 目标位置:(0.0, 0.0, 0.1)-[A6]-[MCU:False]-[POS:False]
1775394622.9622331 [navNode-2] 当前位置:(-0.0012376965023577213, -0.0009911583038046956, -0.0017621557926759124)
1775394623.0617950 [navNode-2] [INFO] [1775394623.061455905] [navNode]: 状态4：WaitAim--[A6]
1775394623.0622916 [navNode-2] [INFO] [1775394623.061914687] [navNode]: 未到目标点
1775394623.0624306 [navNode-2] 目标位置:(0.0, 0.0, 0.1)-[A6]-[MCU:False]-[POS:False]
1775394623.0624828 [navNode-2] 当前位置:(-0.0012376965023577213, -0.0009911583038046956, -0.0017621557926759124)
1775394623.1611135 [navNode-2] [INFO] [1775394623.160748012] [navNode]: 状态4：WaitAim--[A6]
1775394623.1616080 [navNode-2] [INFO] [1775394623.161278163] [navNode]: 未到目标点
1775394623.1617029 [navNode-2] 目标位置:(0.0, 0.0, 0.1)-[A6]-[MCU:False]-[POS:False]
1775394623.1617515 [navNode-2] 当前位置:(-0.0012376965023577213, -0.0009911583038046956, -0.0017621557926759124)
1775394623.2613032 [navNode-2] [INFO] [1775394623.260990125] [navNode]: 状态4：WaitAim--[A6]
1775394623.2616792 [navNode-2] [INFO] [1775394623.261380989] [navNode]: 未到目标点
1775394623.2617731 [navNode-2] 目标位置:(0.0, 0.0, 0.1)-[A6]-[MCU:False]-[POS:False]
1775394623.2618182 [navNode-2] 当前位置:(-0.0012376965023577213, -0.0009911583038046956, -0.0017621557926759124)
1775394623.3609936 [navNode-2] [INFO] [1775394623.360627477] [navNode]: 状态4：WaitAim--[A6]
1775394623.3613417 [navNode-2] [INFO] [1775394623.361015583] [navNode]: 未到目标点
1775394623.3614357 [navNode-2] 目标位置:(0.0, 0.0, 0.1)-[A6]-[MCU:False]-[POS:False]
1775394623.3614781 [navNode-2] 当前位置:(-0.0012376965023577213, -0.0009911583038046956, -0.0017621557926759124)
1775394623.4631691 [navNode-2] [INFO] [1775394623.462570258] [navNode]: 状态4：WaitAim--[A6]
1775394623.4639463 [navNode-2] [INFO] [1775394623.463682260] [navNode]: 未到目标点
1775394623.4641902 [navNode-2] 目标位置:(0.0, 0.0, 0.1)-[A6]-[MCU:False]-[POS:False]
1775394623.4643023 [navNode-2] 当前位置:(-0.0012376965023577213, -0.0009911583038046956, -0.0017621557926759124)
1775394623.5621164 [navNode-2] [INFO] [1775394623.561659546] [navNode]: 状态4：WaitAim--[A6]
1775394623.5626054 [navNode-2] [INFO] [1775394623.562204050] [navNode]: 未到目标点
1775394623.5627775 [navNode-2] 目标位置:(0.0, 0.0, 0.1)-[A6]-[MCU:False]-[POS:False]
1775394623.5628734 [navNode-2] 当前位置:(-0.0012376965023577213, -0.0009911583038046956, -0.0017621557926759124)
1775394623.6621168 [navNode-2] [INFO] [1775394623.661715686] [navNode]: 状态4：WaitAim--[A6]
1775394623.6625206 [navNode-2] [INFO] [1775394623.662173971] [navNode]: 未到目标点
1775394623.6626246 [navNode-2] 目标位置:(0.0, 0.0, 0.1)-[A6]-[MCU:False]-[POS:False]
1775394623.6627467 [navNode-2] 当前位置:(-0.0012376965023577213, -0.0009911583038046956, -0.0017621557926759124)
1775394623.7615998 [navNode-2] [INFO] [1775394623.761292481] [navNode]: 状态4：WaitAim--[A6]
1775394623.7619843 [navNode-2] [INFO] [1775394623.761745460] [navNode]: 未到目标点
1775394623.7620928 [navNode-2] 目标位置:(0.0, 0.0, 0.1)-[A6]-[MCU:False]-[POS:False]
1775394623.7621448 [navNode-2] 当前位置:(-0.0012376965023577213, -0.0009911583038046956, -0.0017621557926759124)
1775394623.8610921 [navNode-2] [INFO] [1775394623.860750491] [navNode]: 状态4：WaitAim--[A6]
1775394623.8614590 [navNode-2] [INFO] [1775394623.861199042] [navNode]: 未到目标点
1775394623.8615472 [navNode-2] 目标位置:(0.0, 0.0, 0.1)-[A6]-[MCU:False]-[POS:False]
1775394623.8616135 [navNode-2] 当前位置:(-0.0012376965023577213, -0.0009911583038046956, -0.0017621557926759124)
1775394623.9610991 [navNode-2] [INFO] [1775394623.960734344] [navNode]: 状态4：WaitAim--[A6]
1775394623.9614203 [navNode-2] [INFO] [1775394623.961114459] [navNode]: 未到目标点
1775394623.9615064 [navNode-2] 目标位置:(0.0, 0.0, 0.1)-[A6]-[MCU:False]-[POS:False]
1775394623.9615917 [navNode-2] 当前位置:(-0.0012376965023577213, -0.0009911583038046956, -0.0017621557926759124)
1775394624.0612457 [navNode-2] [INFO] [1775394624.060940121] [navNode]: 状态4：WaitAim--[A6]
1775394624.0616043 [navNode-2] [INFO] [1775394624.061345074] [navNode]: 未到目标点
1775394624.0616877 [navNode-2] 目标位置:(0.0, 0.0, 0.1)-[A6]-[MCU:False]-[POS:False]
1775394624.0617373 [navNode-2] 当前位置:(-0.0012376965023577213, -0.0009911583038046956, -0.0017621557926759124)
1775394624.1615427 [navNode-2] [INFO] [1775394624.161181902] [navNode]: 状态4：WaitAim--[A6]
1775394624.1619685 [navNode-2] [INFO] [1775394624.161675884] [navNode]: 未到目标点
1775394624.1621106 [navNode-2] 目标位置:(0.0, 0.0, 0.1)-[A6]-[MCU:False]-[POS:False]
1775394624.1621735 [navNode-2] 当前位置:(-0.0012376965023577213, -0.0009911583038046956, -0.0017621557926759124)
1775394624.2611477 [navNode-2] [INFO] [1775394624.260845470] [navNode]: 状态4：WaitAim--[A6]
1775394624.2615600 [navNode-2] [INFO] [1775394624.261265971] [navNode]: 未到目标点
1775394624.2616534 [navNode-2] 目标位置:(0.0, 0.0, 0.1)-[A6]-[MCU:False]-[POS:False]
1775394624.2617180 [navNode-2] 当前位置:(-0.0012376965023577213, -0.0009911583038046956, -0.0017621557926759124)
1775394624.3610959 [navNode-2] [INFO] [1775394624.360758282] [navNode]: 状态4：WaitAim--[A6]
1775394624.3615036 [navNode-2] [INFO] [1775394624.361172864] [navNode]: 未到目标点
1775394624.3616159 [navNode-2] 目标位置:(0.0, 0.0, 0.1)-[A6]-[MCU:False]-[POS:False]
1775394624.3616672 [navNode-2] 当前位置:(-0.0012376965023577213, -0.0009911583038046956, -0.0017621557926759124)
1775394624.4610350 [navNode-2] [INFO] [1775394624.460650870] [navNode]: 状态4：WaitAim--[A6]
1775394624.4613779 [navNode-2] [INFO] [1775394624.461025931] [navNode]: 未到目标点
1775394624.4614599 [navNode-2] 目标位置:(0.0, 0.0, 0.1)-[A6]-[MCU:False]-[POS:False]
1775394624.4615192 [navNode-2] 当前位置:(-0.0012376965023577213, -0.0009911583038046956, -0.0017621557926759124)
1775394624.5613368 [navNode-2] [INFO] [1775394624.561011875] [navNode]: 状态4：WaitAim--[A6]
1775394624.5617230 [navNode-2] [INFO] [1775394624.561410989] [navNode]: 未到目标点
1775394624.5618014 [navNode-2] 目标位置:(0.0, 0.0, 0.1)-[A6]-[MCU:False]-[POS:False]
1775394624.5618577 [navNode-2] 当前位置:(-0.0012376965023577213, -0.0009911583038046956, -0.0017621557926759124)
1775394624.6609564 [navNode-2] [INFO] [1775394624.660534807] [navNode]: 状态4：WaitAim--[A6]
1775394624.6614127 [navNode-2] [INFO] [1775394624.661110275] [navNode]: 未到目标点
1775394624.6616063 [navNode-2] 目标位置:(0.0, 0.0, 0.1)-[A6]-[MCU:False]-[POS:False]
1775394624.6617074 [navNode-2] 当前位置:(-0.0012376965023577213, -0.0009911583038046956, -0.0017621557926759124)
1775394624.7608013 [navNode-2] [INFO] [1775394624.760496469] [navNode]: 状态4：WaitAim--[A6]
1775394624.7611921 [navNode-2] [INFO] [1775394624.760885955] [navNode]: 未到目标点
1775394624.7613108 [navNode-2] 目标位置:(0.0, 0.0, 0.1)-[A6]-[MCU:False]-[POS:False]
1775394624.7613614 [navNode-2] 当前位置:(-0.0012376965023577213, -0.0009911583038046956, -0.0017621557926759124)
1775394624.8610435 [navNode-2] [INFO] [1775394624.860711131] [navNode]: 状态4：WaitAim--[A6]
1775394624.8614545 [navNode-2] [INFO] [1775394624.861137272] [navNode]: 未到目标点
1775394624.8615506 [navNode-2] 目标位置:(0.0, 0.0, 0.1)-[A6]-[MCU:False]-[POS:False]
1775394624.8616152 [navNode-2] 当前位置:(-0.0012376965023577213, -0.0009911583038046956, -0.0017621557926759124)
1775394624.9609442 [navNode-2] [INFO] [1775394624.960560445] [navNode]: 状态4：WaitAim--[A6]
1775394624.9612920 [navNode-2] [INFO] [1775394624.961009586] [navNode]: 未到目标点
1775394624.9613869 [navNode-2] 目标位置:(0.0, 0.0, 0.1)-[A6]-[MCU:False]-[POS:False]
1775394624.9614608 [navNode-2] 当前位置:(-0.0012376965023577213, -0.0009911583038046956, -0.0017621557926759124)
1775394625.0609066 [navNode-2] [INFO] [1775394625.060545702] [navNode]: 状态4：WaitAim--[A6]
1775394625.0613174 [navNode-2] [INFO] [1775394625.060989975] [navNode]: 未到目标点
1775394625.0613956 [navNode-2] 目标位置:(0.0, 0.0, 0.1)-[A6]-[MCU:False]-[POS:False]
1775394625.0614350 [navNode-2] 当前位置:(-0.0012376965023577213, -0.0009911583038046956, -0.0017621557926759124)
1775394625.1622164 [navNode-2] [INFO] [1775394625.161708282] [navNode]: 状态4：WaitAim--[A6]
1775394625.1628039 [navNode-2] [INFO] [1775394625.162334281] [navNode]: 未到目标点
1775394625.1628876 [navNode-2] 目标位置:(0.0, 0.0, 0.1)-[A6]-[MCU:False]-[POS:False]
1775394625.1629555 [navNode-2] 当前位置:(-0.0012376965023577213, -0.0009911583038046956, -0.0017621557926759124)
1775394625.2609930 [navNode-2] [INFO] [1775394625.260617067] [navNode]: 状态4：WaitAim--[A6]
1775394625.2614434 [navNode-2] [INFO] [1775394625.261087512] [navNode]: 未到目标点
1775394625.2615597 [navNode-2] 目标位置:(0.0, 0.0, 0.1)-[A6]-[MCU:False]-[POS:False]
1775394625.2616129 [navNode-2] 当前位置:(-0.0012376965023577213, -0.0009911583038046956, -0.0017621557926759124)
1775394625.3616819 [navNode-2] [INFO] [1775394625.361345158] [navNode]: 状态4：WaitAim--[A6]
1775394625.3621445 [navNode-2] [INFO] [1775394625.361838771] [navNode]: 未到目标点
1775394625.3622496 [navNode-2] 目标位置:(0.0, 0.0, 0.1)-[A6]-[MCU:False]-[POS:False]
1775394625.3623047 [navNode-2] 当前位置:(-0.0012376965023577213, -0.0009911583038046956, -0.0017621557926759124)
1775394625.4615119 [navNode-2] [INFO] [1775394625.461141781] [navNode]: 状态4：WaitAim--[A6]
1775394625.4619884 [navNode-2] [INFO] [1775394625.461669433] [navNode]: 未到目标点
1775394625.4621384 [navNode-2] 目标位置:(0.0, 0.0, 0.1)-[A6]-[MCU:False]-[POS:False]
1775394625.4622045 [navNode-2] 当前位置:(-0.0012376965023577213, -0.0009911583038046956, -0.0017621557926759124)
1775394625.5610650 [navNode-2] [INFO] [1775394625.560725071] [navNode]: 状态4：WaitAim--[A6]
1775394625.5614884 [navNode-2] [INFO] [1775394625.561177858] [navNode]: 未到目标点
1775394625.5616195 [navNode-2] 目标位置:(0.0, 0.0, 0.1)-[A6]-[MCU:False]-[POS:False]
1775394625.5616963 [navNode-2] 当前位置:(-0.0012376965023577213, -0.0009911583038046956, -0.0017621557926759124)
1775394625.6612258 [navNode-2] [INFO] [1775394625.660882556] [navNode]: 状态4：WaitAim--[A6]
1775394625.6616230 [navNode-2] [INFO] [1775394625.661307242] [navNode]: 未到目标点
1775394625.6617298 [navNode-2] 目标位置:(0.0, 0.0, 0.1)-[A6]-[MCU:False]-[POS:False]
1775394625.6617939 [navNode-2] 当前位置:(-0.0012376965023577213, -0.0009911583038046956, -0.0017621557926759124)
1775394625.7611592 [navNode-2] [INFO] [1775394625.760846425] [navNode]: 状态4：WaitAim--[A6]
1775394625.7615478 [navNode-2] [INFO] [1775394625.761254331] [navNode]: 未到目标点
1775394625.7616642 [navNode-2] 目标位置:(0.0, 0.0, 0.1)-[A6]-[MCU:False]-[POS:False]
1775394625.7617342 [navNode-2] 当前位置:(-0.0012376965023577213, -0.0009911583038046956, -0.0017621557926759124)
1775394625.8617527 [navNode-2] [INFO] [1775394625.861387595] [navNode]: 状态4：WaitAim--[A6]
1775394625.8622479 [navNode-2] [INFO] [1775394625.861907590] [navNode]: 未到目标点
1775394625.8623977 [navNode-2] 目标位置:(0.0, 0.0, 0.1)-[A6]-[MCU:False]-[POS:False]
1775394625.8624918 [navNode-2] 当前位置:(-0.0012376965023577213, -0.0009911583038046956, -0.0017621557926759124)
1775394625.9618948 [navNode-2] [INFO] [1775394625.961554611] [navNode]: 状态4：WaitAim--[A6]
1775394625.9623110 [navNode-2] [INFO] [1775394625.962040707] [navNode]: 未到目标点
1775394625.9624226 [navNode-2] 目标位置:(0.0, 0.0, 0.1)-[A6]-[MCU:False]-[POS:False]
1775394625.9625266 [navNode-2] 当前位置:(-0.0012376965023577213, -0.0009911583038046956, -0.0017621557926759124)
1775394626.0618255 [navNode-2] [INFO] [1775394626.061482501] [navNode]: 状态4：WaitAim--[A6]
1775394626.0623171 [navNode-2] [INFO] [1775394626.062197927] [navNode]: 未到目标点
1775394626.0624256 [navNode-2] 目标位置:(0.0, 0.0, 0.1)-[A6]-[MCU:False]-[POS:False]
1775394626.0624812 [navNode-2] 当前位置:(-0.0012376965023577213, -0.0009911583038046956, -0.0017621557926759124)
1775394626.1614408 [navNode-2] [INFO] [1775394626.161010255] [navNode]: 状态4：WaitAim--[A6]
1775394626.1618237 [navNode-2] [INFO] [1775394626.161456094] [navNode]: 未到目标点
1775394626.1619248 [navNode-2] 目标位置:(0.0, 0.0, 0.1)-[A6]-[MCU:False]-[POS:False]
1775394626.1619747 [navNode-2] 当前位置:(-0.0012376965023577213, -0.0009911583038046956, -0.0017621557926759124)
1775394626.2611043 [navNode-2] [INFO] [1775394626.260795552] [navNode]: 状态4：WaitAim--[A6]
1775394626.2614813 [navNode-2] [INFO] [1775394626.261272487] [navNode]: 未到目标点
1775394626.2615509 [navNode-2] 目标位置:(0.0, 0.0, 0.1)-[A6]-[MCU:False]-[POS:False]
1775394626.2616174 [navNode-2] 当前位置:(-0.0012376965023577213, -0.0009911583038046956, -0.0017621557926759124)
1775394626.3611350 [navNode-2] [INFO] [1775394626.360795908] [navNode]: 状态4：WaitAim--[A6]
1775394626.3615611 [navNode-2] [INFO] [1775394626.361234589] [navNode]: 未到目标点
1775394626.3616738 [navNode-2] 目标位置:(0.0, 0.0, 0.1)-[A6]-[MCU:False]-[POS:False]
1775394626.3617482 [navNode-2] 当前位置:(-0.0012376965023577213, -0.0009911583038046956, -0.0017621557926759124)
1775394626.4610443 [navNode-2] [INFO] [1775394626.460727267] [navNode]: 状态4：WaitAim--[A6]
1775394626.4614196 [navNode-2] [INFO] [1775394626.461156841] [navNode]: 未到目标点
1775394626.4615078 [navNode-2] 目标位置:(0.0, 0.0, 0.1)-[A6]-[MCU:False]-[POS:False]
1775394626.4615512 [navNode-2] 当前位置:(-0.0012376965023577213, -0.0009911583038046956, -0.0017621557926759124)
1775394626.5616055 [navNode-2] [INFO] [1775394626.561178559] [navNode]: 状态4：WaitAim--[A6]
1775394626.5621164 [navNode-2] [INFO] [1775394626.561790160] [navNode]: 未到目标点
1775394626.5622399 [navNode-2] 目标位置:(0.0, 0.0, 0.1)-[A6]-[MCU:False]-[POS:False]
1775394626.5623088 [navNode-2] 当前位置:(-0.0012376965023577213, -0.0009911583038046956, -0.0017621557926759124)
1775394626.6614232 [navNode-2] [INFO] [1775394626.661013339] [navNode]: 状态4：WaitAim--[A6]
1775394626.6618397 [navNode-2] [INFO] [1775394626.661527925] [navNode]: 未到目标点
1775394626.6619701 [navNode-2] 目标位置:(0.0, 0.0, 0.1)-[A6]-[MCU:False]-[POS:False]
1775394626.6620457 [navNode-2] 当前位置:(-0.0012376965023577213, -0.0009911583038046956, -0.0017621557926759124)
1775394626.7613285 [navNode-2] [INFO] [1775394626.760985902] [navNode]: 状态4：WaitAim--[A6]
1775394626.7617240 [navNode-2] [INFO] [1775394626.761484081] [navNode]: 未到目标点
1775394626.7618089 [navNode-2] 目标位置:(0.0, 0.0, 0.1)-[A6]-[MCU:False]-[POS:False]
1775394626.7618549 [navNode-2] 当前位置:(-0.0012376965023577213, -0.0009911583038046956, -0.0017621557926759124)
1775394626.8618639 [navNode-2] [INFO] [1775394626.861484909] [navNode]: 状态4：WaitAim--[A6]
1775394626.8623114 [navNode-2] [INFO] [1775394626.861967623] [navNode]: 未到目标点
1775394626.8624711 [navNode-2] 目标位置:(0.0, 0.0, 0.1)-[A6]-[MCU:False]-[POS:False]
1775394626.8625431 [navNode-2] 当前位置:(-0.0012376965023577213, -0.0009911583038046956, -0.0017621557926759124)
1775394626.9612429 [navNode-2] [INFO] [1775394626.960871045] [navNode]: 状态4：WaitAim--[A6]
1775394626.9616561 [navNode-2] [INFO] [1775394626.961329694] [navNode]: 未到目标点
1775394626.9617567 [navNode-2] 目标位置:(0.0, 0.0, 0.1)-[A6]-[MCU:False]-[POS:False]
1775394626.9618373 [navNode-2] 当前位置:(-0.0012376965023577213, -0.0009911583038046956, -0.0017621557926759124)
1775394627.0610144 [navNode-2] [INFO] [1775394627.060674103] [navNode]: 状态4：WaitAim--[A6]
1775394627.0614169 [navNode-2] [INFO] [1775394627.061126626] [navNode]: 未到目标点
1775394627.0615220 [navNode-2] 目标位置:(0.0, 0.0, 0.1)-[A6]-[MCU:False]-[POS:False]
1775394627.0615733 [navNode-2] 当前位置:(-0.0012376965023577213, -0.0009911583038046956, -0.0017621557926759124)
1775394627.1612504 [navNode-2] [INFO] [1775394627.160877279] [navNode]: 状态4：WaitAim--[A6]
1775394627.1616750 [navNode-2] [INFO] [1775394627.161409339] [navNode]: 未到目标点
1775394627.1617830 [navNode-2] 目标位置:(0.0, 0.0, 0.1)-[A6]-[MCU:False]-[POS:False]
1775394627.1618357 [navNode-2] 当前位置:(-0.0012376965023577213, -0.0009911583038046956, -0.0017621557926759124)
1775394627.2611182 [navNode-2] [INFO] [1775394627.260741480] [navNode]: 状态4：WaitAim--[A6]
1775394627.2615795 [navNode-2] [INFO] [1775394627.261236847] [navNode]: 未到目标点
1775394627.2617369 [navNode-2] 目标位置:(0.0, 0.0, 0.1)-[A6]-[MCU:False]-[POS:False]
1775394627.2617924 [navNode-2] 当前位置:(-0.0012376965023577213, -0.0009911583038046956, -0.0017621557926759124)
1775394627.3610528 [navNode-2] [INFO] [1775394627.360735984] [navNode]: 状态4：WaitAim--[A6]
1775394627.3614507 [navNode-2] [INFO] [1775394627.361160867] [navNode]: 未到目标点
1775394627.3615634 [navNode-2] 目标位置:(0.0, 0.0, 0.1)-[A6]-[MCU:False]-[POS:False]
1775394627.3616176 [navNode-2] 当前位置:(-0.0012376965023577213, -0.0009911583038046956, -0.0017621557926759124)
1775394627.4612355 [navNode-2] [INFO] [1775394627.460809938] [navNode]: 状态4：WaitAim--[A6]
1775394627.4622014 [navNode-2] [INFO] [1775394627.461916602] [navNode]: 未到目标点
1775394627.4623766 [navNode-2] 目标位置:(0.0, 0.0, 0.1)-[A6]-[MCU:False]-[POS:False]
1775394627.4624398 [navNode-2] 当前位置:(-0.0012376965023577213, -0.0009911583038046956, -0.0017621557926759124)
1775394627.5714169 [navNode-2] [INFO] [1775394627.570833626] [navNode]: 状态4：WaitAim--[A6]
1775394627.5722334 [navNode-2] [INFO] [1775394627.571996251] [navNode]: 未到目标点
1775394627.5724163 [navNode-2] 目标位置:(0.0, 0.0, 0.1)-[A6]-[MCU:False]-[POS:False]
1775394627.5724800 [navNode-2] 当前位置:(-0.0012376965023577213, -0.0009911583038046956, -0.0017621557926759124)
1775394627.6629832 [navNode-2] [INFO] [1775394627.662339641] [navNode]: 状态4：WaitAim--[A6]
1775394627.6639314 [navNode-2] [INFO] [1775394627.663653072] [navNode]: 未到目标点
1775394627.6641624 [navNode-2] 目标位置:(0.0, 0.0, 0.1)-[A6]-[MCU:False]-[POS:False]
1775394627.6643434 [navNode-2] 当前位置:(-0.0012376965023577213, -0.0009911583038046956, -0.0017621557926759124)
1775394627.7625268 [navNode-2] [INFO] [1775394627.762007366] [navNode]: 状态4：WaitAim--[A6]
1775394627.7635231 [navNode-2] [INFO] [1775394627.763249099] [navNode]: 未到目标点
1775394627.7637708 [navNode-2] 目标位置:(0.0, 0.0, 0.1)-[A6]-[MCU:False]-[POS:False]
1775394627.7639086 [navNode-2] 当前位置:(-0.0012376965023577213, -0.0009911583038046956, -0.0017621557926759124)
1775394627.8622403 [navNode-2] [INFO] [1775394627.861758819] [navNode]: 状态4：WaitAim--[A6]
1775394627.8632631 [navNode-2] [INFO] [1775394627.862652843] [navNode]: 未到目标点
1775394627.8637826 [navNode-2] 目标位置:(0.0, 0.0, 0.1)-[A6]-[MCU:False]-[POS:False]
1775394627.8640153 [navNode-2] 当前位置:(-0.0012376965023577213, -0.0009911583038046956, -0.0017621557926759124)
1775394627.9622011 [navNode-2] [INFO] [1775394627.961702268] [navNode]: 状态4：WaitAim--[A6]
1775394627.9629016 [navNode-2] [INFO] [1775394627.962571010] [navNode]: 未到目标点
1775394627.9630795 [navNode-2] 目标位置:(0.0, 0.0, 0.1)-[A6]-[MCU:False]-[POS:False]
1775394627.9631836 [navNode-2] 当前位置:(-0.0012376965023577213, -0.0009911583038046956, -0.0017621557926759124)
1775394628.0625658 [navNode-2] [INFO] [1775394628.061588380] [navNode]: 状态4：WaitAim--[A6]
1775394628.0632961 [navNode-2] [INFO] [1775394628.062520630] [navNode]: 未到目标点
1775394628.0635102 [navNode-2] 目标位置:(0.0, 0.0, 0.1)-[A6]-[MCU:False]-[POS:False]
1775394628.0637000 [navNode-2] 当前位置:(-0.0012376965023577213, -0.0009911583038046956, -0.0017621557926759124)
1775394628.1621850 [navNode-2] [INFO] [1775394628.161720973] [navNode]: 状态4：WaitAim--[A6]
1775394628.1628861 [navNode-2] [INFO] [1775394628.162697145] [navNode]: 未到目标点
1775394628.1630628 [navNode-2] 目标位置:(0.0, 0.0, 0.1)-[A6]-[MCU:False]-[POS:False]
1775394628.1631498 [navNode-2] 当前位置:(-0.0012376965023577213, -0.0009911583038046956, -0.0017621557926759124)
1775394628.2619705 [navNode-2] [INFO] [1775394628.261445204] [navNode]: 状态4：WaitAim--[A6]
1775394628.2625318 [navNode-2] [INFO] [1775394628.262285543] [navNode]: 未到目标点
1775394628.2626460 [navNode-2] 目标位置:(0.0, 0.0, 0.1)-[A6]-[MCU:False]-[POS:False]
1775394628.2627294 [navNode-2] 当前位置:(-0.0012376965023577213, -0.0009911583038046956, -0.0017621557926759124)
1775394628.3616323 [navNode-2] [INFO] [1775394628.361256344] [navNode]: 状态4：WaitAim--[A6]
1775394628.3620870 [navNode-2] [INFO] [1775394628.361855448] [navNode]: 未到目标点
1775394628.3621736 [navNode-2] 目标位置:(0.0, 0.0, 0.1)-[A6]-[MCU:False]-[POS:False]
1775394628.3622282 [navNode-2] 当前位置:(-0.0012376965023577213, -0.0009911583038046956, -0.0017621557926759124)
1775394628.4633698 [navNode-2] [INFO] [1775394628.462795127] [navNode]: 状态4：WaitAim--[A6]
1775394628.4642067 [navNode-2] [INFO] [1775394628.463897726] [navNode]: 未到目标点
1775394628.4644263 [navNode-2] 目标位置:(0.0, 0.0, 0.1)-[A6]-[MCU:False]-[POS:False]
1775394628.4645622 [navNode-2] 当前位置:(-0.0012376965023577213, -0.0009911583038046956, -0.0017621557926759124)
1775394628.5614834 [navNode-2] [INFO] [1775394628.561159256] [navNode]: 状态4：WaitAim--[A6]
1775394628.5619471 [navNode-2] [INFO] [1775394628.561637588] [navNode]: 未到目标点
1775394628.5620296 [navNode-2] 目标位置:(0.0, 0.0, 0.1)-[A6]-[MCU:False]-[POS:False]
1775394628.5620751 [navNode-2] 当前位置:(-0.0012376965023577213, -0.0009911583038046956, -0.0017621557926759124)
1775394628.6615698 [navNode-2] [INFO] [1775394628.661265835] [navNode]: 状态4：WaitAim--[A6]
1775394628.6619210 [navNode-2] [INFO] [1775394628.661705129] [navNode]: 未到目标点
1775394628.6620073 [navNode-2] 目标位置:(0.0, 0.0, 0.1)-[A6]-[MCU:False]-[POS:False]
1775394628.6620793 [navNode-2] 当前位置:(-0.0012376965023577213, -0.0009911583038046956, -0.0017621557926759124)
1775394628.7612736 [navNode-2] [INFO] [1775394628.760923839] [navNode]: 状态4：WaitAim--[A6]
1775394628.7616968 [navNode-2] [INFO] [1775394628.761338517] [navNode]: 未到目标点
1775394628.7617996 [navNode-2] 目标位置:(0.0, 0.0, 0.1)-[A6]-[MCU:False]-[POS:False]
1775394628.7618487 [navNode-2] 当前位置:(-0.0012376965023577213, -0.0009911583038046956, -0.0017621557926759124)
1775394628.8611672 [navNode-2] [INFO] [1775394628.860855522] [navNode]: 状态4：WaitAim--[A6]
1775394628.8615274 [navNode-2] [INFO] [1775394628.861350137] [navNode]: 未到目标点
1775394628.8615935 [navNode-2] 目标位置:(0.0, 0.0, 0.1)-[A6]-[MCU:False]-[POS:False]
1775394628.8616378 [navNode-2] 当前位置:(-0.0012376965023577213, -0.0009911583038046956, -0.0017621557926759124)
1775394628.9609947 [navNode-2] [INFO] [1775394628.960624419] [navNode]: 状态4：WaitAim--[A6]
1775394628.9613917 [navNode-2] [INFO] [1775394628.961015784] [navNode]: 未到目标点
1775394628.9614868 [navNode-2] 目标位置:(0.0, 0.0, 0.1)-[A6]-[MCU:False]-[POS:False]
1775394628.9615276 [navNode-2] 当前位置:(-0.0012376965023577213, -0.0009911583038046956, -0.0017621557926759124)
1775394629.0608771 [navNode-2] [INFO] [1775394629.060558514] [navNode]: 状态4：WaitAim--[A6]
1775394629.0612178 [navNode-2] [INFO] [1775394629.060991186] [navNode]: 未到目标点
1775394629.0612893 [navNode-2] 目标位置:(0.0, 0.0, 0.1)-[A6]-[MCU:False]-[POS:False]
1775394629.0613298 [navNode-2] 当前位置:(-0.0012376965023577213, -0.0009911583038046956, -0.0017621557926759124)
1775394629.1612625 [navNode-2] [INFO] [1775394629.160854684] [navNode]: 状态4：WaitAim--[A6]
1775394629.1616869 [navNode-2] [INFO] [1775394629.161262770] [navNode]: 未到目标点
1775394629.1617465 [navNode-2] 目标位置:(0.0, 0.0, 0.1)-[A6]-[MCU:False]-[POS:False]
1775394629.1617813 [navNode-2] 当前位置:(-0.0012376965023577213, -0.0009911583038046956, -0.0017621557926759124)
1775394629.2637122 [navNode-2] [INFO] [1775394629.262983511] [navNode]: 状态4：WaitAim--[A6]
1775394629.2644324 [navNode-2] [INFO] [1775394629.264112450] [navNode]: 未到目标点
1775394629.2645903 [navNode-2] 目标位置:(0.0, 0.0, 0.1)-[A6]-[MCU:False]-[POS:False]
1775394629.2646925 [navNode-2] 当前位置:(-0.0012376965023577213, -0.0009911583038046956, -0.0017621557926759124)
1775394629.3613586 [navNode-2] [INFO] [1775394629.360999881] [navNode]: 状态4：WaitAim--[A6]
1775394629.3617105 [navNode-2] [INFO] [1775394629.361391292] [navNode]: 未到目标点
1775394629.3618014 [navNode-2] 目标位置:(0.0, 0.0, 0.1)-[A6]-[MCU:False]-[POS:False]
1775394629.3618488 [navNode-2] 当前位置:(-0.0012376965023577213, -0.0009911583038046956, -0.0017621557926759124)
1775394629.4619992 [navNode-2] [INFO] [1775394629.461471316] [navNode]: 状态4：WaitAim--[A6]
1775394629.4625394 [navNode-2] [INFO] [1775394629.462173274] [navNode]: 未到目标点
1775394629.4627163 [navNode-2] 目标位置:(0.0, 0.0, 0.1)-[A6]-[MCU:False]-[POS:False]
1775394629.4627945 [navNode-2] 当前位置:(-0.0012376965023577213, -0.0009911583038046956, -0.0017621557926759124)
1775394629.5634403 [navNode-2] [INFO] [1775394629.562900012] [navNode]: 状态4：WaitAim--[A6]
1775394629.5640972 [navNode-2] [INFO] [1775394629.563858063] [navNode]: 未到目标点
1775394629.5642600 [navNode-2] 目标位置:(0.0, 0.0, 0.1)-[A6]-[MCU:False]-[POS:False]
1775394629.5643487 [navNode-2] 当前位置:(-0.0012376965023577213, -0.0009911583038046956, -0.0017621557926759124)
1775394629.6610911 [navNode-2] [INFO] [1775394629.660546706] [navNode]: 状态4：WaitAim--[A6]
1775394629.6617513 [navNode-2] [INFO] [1775394629.661038246] [navNode]: 未到目标点
1775394629.6619797 [navNode-2] 目标位置:(0.0, 0.0, 0.1)-[A6]-[MCU:False]-[POS:False]
1775394629.6620491 [navNode-2] 当前位置:(-0.0012376965023577213, -0.0009911583038046956, -0.0017621557926759124)
1775394629.7609925 [navNode-2] [INFO] [1775394629.760599048] [navNode]: 状态4：WaitAim--[A6]
1775394629.7613499 [navNode-2] [INFO] [1775394629.761032990] [navNode]: 未到目标点
1775394629.7614601 [navNode-2] 目标位置:(0.0, 0.0, 0.1)-[A6]-[MCU:False]-[POS:False]
1775394629.7615261 [navNode-2] 当前位置:(-0.0012376965023577213, -0.0009911583038046956, -0.0017621557926759124)
1775394629.8614221 [navNode-2] [INFO] [1775394629.860953669] [navNode]: 状态4：WaitAim--[A6]
1775394629.8617904 [navNode-2] [INFO] [1775394629.861394878] [navNode]: 未到目标点
1775394629.8618896 [navNode-2] 目标位置:(0.0, 0.0, 0.1)-[A6]-[MCU:False]-[POS:False]
1775394629.8619518 [navNode-2] 当前位置:(-0.0012376965023577213, -0.0009911583038046956, -0.0017621557926759124)
1775394629.9611328 [navNode-2] [INFO] [1775394629.960752393] [navNode]: 状态4：WaitAim--[A6]
1775394629.9615042 [navNode-2] [INFO] [1775394629.961173417] [navNode]: 未到目标点
1775394629.9616156 [navNode-2] 目标位置:(0.0, 0.0, 0.1)-[A6]-[MCU:False]-[POS:False]
1775394629.9616749 [navNode-2] 当前位置:(-0.0012376965023577213, -0.0009911583038046956, -0.0017621557926759124)
1775394630.0611312 [navNode-2] [INFO] [1775394630.060765802] [navNode]: 状态4：WaitAim--[A6]
1775394630.0615077 [navNode-2] [INFO] [1775394630.061149917] [navNode]: 未到目标点
1775394630.0615921 [navNode-2] 目标位置:(0.0, 0.0, 0.1)-[A6]-[MCU:False]-[POS:False]
1775394630.0616865 [navNode-2] 当前位置:(-0.0012376965023577213, -0.0009911583038046956, -0.0017621557926759124)
1775394630.1627641 [navNode-2] [INFO] [1775394630.162219150] [navNode]: 状态4：WaitAim--[A6]
1775394630.1632986 [navNode-2] [INFO] [1775394630.162804817] [navNode]: 未到目标点
1775394630.1634655 [navNode-2] 目标位置:(0.0, 0.0, 0.1)-[A6]-[MCU:False]-[POS:False]
1775394630.1636076 [navNode-2] 当前位置:(-0.0012376965023577213, -0.0009911583038046956, -0.0017621557926759124)
1775394630.2611246 [navNode-2] [INFO] [1775394630.260816220] [navNode]: 状态4：WaitAim--[A6]
1775394630.2614725 [navNode-2] [INFO] [1775394630.261199604] [navNode]: 未到目标点
1775394630.2615461 [navNode-2] 目标位置:(0.0, 0.0, 0.1)-[A6]-[MCU:False]-[POS:False]
1775394630.2615902 [navNode-2] 当前位置:(-0.0012376965023577213, -0.0009911583038046956, -0.0017621557926759124)
1775394630.3609354 [navNode-2] [INFO] [1775394630.360585472] [navNode]: 状态4：WaitAim--[A6]
1775394630.3612516 [navNode-2] [INFO] [1775394630.360950726] [navNode]: 未到目标点
1775394630.3613095 [navNode-2] 目标位置:(0.0, 0.0, 0.1)-[A6]-[MCU:False]-[POS:False]
1775394630.3613439 [navNode-2] 当前位置:(-0.0012376965023577213, -0.0009911583038046956, -0.0017621557926759124)
1775394630.4611418 [navNode-2] [INFO] [1775394630.460870787] [navNode]: 状态4：WaitAim--[A6]
1775394630.4614875 [navNode-2] [INFO] [1775394630.461240663] [navNode]: 未到目标点
1775394630.4615672 [navNode-2] 目标位置:(0.0, 0.0, 0.1)-[A6]-[MCU:False]-[POS:False]
1775394630.4616382 [navNode-2] 当前位置:(-0.0012376965023577213, -0.0009911583038046956, -0.0017621557926759124)
1775394630.5613997 [navNode-2] [INFO] [1775394630.561038592] [navNode]: 状态4：WaitAim--[A6]
1775394630.5617654 [navNode-2] [INFO] [1775394630.561412611] [navNode]: 未到目标点
1775394630.5618553 [navNode-2] 目标位置:(0.0, 0.0, 0.1)-[A6]-[MCU:False]-[POS:False]
1775394630.5619111 [navNode-2] 当前位置:(-0.0012376965023577213, -0.0009911583038046956, -0.0017621557926759124)
1775394630.6631427 [navNode-2] [INFO] [1775394630.662620572] [navNode]: 状态4：WaitAim--[A6]
1775394630.6637161 [navNode-2] [INFO] [1775394630.663474369] [navNode]: 未到目标点
1775394630.6638317 [navNode-2] 目标位置:(0.0, 0.0, 0.1)-[A6]-[MCU:False]-[POS:False]
1775394630.6639082 [navNode-2] 当前位置:(-0.0012376965023577213, -0.0009911583038046956, -0.0017621557926759124)
1775394630.7616217 [navNode-2] [INFO] [1775394630.761318237] [navNode]: 状态4：WaitAim--[A6]
1775394630.7620378 [navNode-2] [INFO] [1775394630.761745747] [navNode]: 未到目标点
1775394630.7621462 [navNode-2] 目标位置:(0.0, 0.0, 0.1)-[A6]-[MCU:False]-[POS:False]
1775394630.7622187 [navNode-2] 当前位置:(-0.0012376965023577213, -0.0009911583038046956, -0.0017621557926759124)
1775394630.8612299 [navNode-2] [INFO] [1775394630.860858568] [navNode]: 状态4：WaitAim--[A6]
1775394630.8615623 [navNode-2] [INFO] [1775394630.861258738] [navNode]: 未到目标点
1775394630.8616648 [navNode-2] 目标位置:(0.0, 0.0, 0.1)-[A6]-[MCU:False]-[POS:False]
1775394630.8617136 [navNode-2] 当前位置:(-0.0012376965023577213, -0.0009911583038046956, -0.0017621557926759124)
1775394630.9631484 [navNode-2] [INFO] [1775394630.962779255] [navNode]: 状态4：WaitAim--[A6]
1775394630.9635024 [navNode-2] [INFO] [1775394630.963154428] [navNode]: 未到目标点
1775394630.9635975 [navNode-2] 目标位置:(0.0, 0.0, 0.1)-[A6]-[MCU:False]-[POS:False]
1775394630.9636531 [navNode-2] 当前位置:(-0.0012376965023577213, -0.0009911583038046956, -0.0017621557926759124)
1775394631.0609524 [navNode-2] [INFO] [1775394631.060591382] [navNode]: 状态4：WaitAim--[A6]
1775394631.0613484 [navNode-2] [INFO] [1775394631.060984421] [navNode]: 未到目标点
1775394631.0614781 [navNode-2] 目标位置:(0.0, 0.0, 0.1)-[A6]-[MCU:False]-[POS:False]
1775394631.0615468 [navNode-2] 当前位置:(-0.0012376965023577213, -0.0009911583038046956, -0.0017621557926759124)
1775394631.1610622 [navNode-2] [INFO] [1775394631.160670242] [navNode]: 状态4：WaitAim--[A6]
1775394631.1614559 [navNode-2] [INFO] [1775394631.161100680] [navNode]: 未到目标点
1775394631.1615543 [navNode-2] 目标位置:(0.0, 0.0, 0.1)-[A6]-[MCU:False]-[POS:False]
1775394631.1616013 [navNode-2] 当前位置:(-0.0012376965023577213, -0.0009911583038046956, -0.0017621557926759124)
1775394631.2612126 [navNode-2] [INFO] [1775394631.260855030] [navNode]: 状态4：WaitAim--[A6]
1775394631.2616014 [navNode-2] [INFO] [1775394631.261246249] [navNode]: 未到目标点
1775394631.2616994 [navNode-2] 目标位置:(0.0, 0.0, 0.1)-[A6]-[MCU:False]-[POS:False]
1775394631.2617447 [navNode-2] 当前位置:(-0.0012376965023577213, -0.0009911583038046956, -0.0017621557926759124)
1775394631.3616850 [navNode-2] [INFO] [1775394631.361353970] [navNode]: 状态4：WaitAim--[A6]
1775394631.3620961 [navNode-2] [INFO] [1775394631.361797255] [navNode]: 未到目标点
1775394631.3622439 [navNode-2] 目标位置:(0.0, 0.0, 0.1)-[A6]-[MCU:False]-[POS:False]
1775394631.3623025 [navNode-2] 当前位置:(-0.0012376965023577213, -0.0009911583038046956, -0.0017621557926759124)
1775394631.4611845 [navNode-2] [INFO] [1775394631.460800624] [navNode]: 状态4：WaitAim--[A6]
1775394631.4615252 [navNode-2] [INFO] [1775394631.461199029] [navNode]: 未到目标点
1775394631.4616098 [navNode-2] 目标位置:(0.0, 0.0, 0.1)-[A6]-[MCU:False]-[POS:False]
1775394631.4616537 [navNode-2] 当前位置:(-0.0012376965023577213, -0.0009911583038046956, -0.0017621557926759124)
1775394631.5609434 [navNode-2] [INFO] [1775394631.560624511] [navNode]: 状态4：WaitAim--[A6]
1775394631.5613627 [navNode-2] [INFO] [1775394631.561036517] [navNode]: 未到目标点
1775394631.5614517 [navNode-2] 目标位置:(0.0, 0.0, 0.1)-[A6]-[MCU:False]-[POS:False]
1775394631.5614929 [navNode-2] 当前位置:(-0.0012376965023577213, -0.0009911583038046956, -0.0017621557926759124)
1775394631.6633415 [navNode-2] [INFO] [1775394631.662555647] [navNode]: 状态4：WaitAim--[A6]
1775394631.6639922 [navNode-2] [INFO] [1775394631.663641614] [navNode]: 未到目标点
1775394631.6641841 [navNode-2] 目标位置:(0.0, 0.0, 0.1)-[A6]-[MCU:False]-[POS:False]
1775394631.6642764 [navNode-2] 当前位置:(-0.0012376965023577213, -0.0009911583038046956, -0.0017621557926759124)
1775394631.7620511 [navNode-2] [INFO] [1775394631.761579221] [navNode]: 状态4：WaitAim--[A6]
1775394631.7625129 [navNode-2] [INFO] [1775394631.762066485] [navNode]: 未到目标点
1775394631.7626014 [navNode-2] 目标位置:(0.0, 0.0, 0.1)-[A6]-[MCU:False]-[POS:False]
1775394631.7627172 [navNode-2] 当前位置:(-0.0012376965023577213, -0.0009911583038046956, -0.0017621557926759124)
1775394631.8615656 [navNode-2] [INFO] [1775394631.861190562] [navNode]: 状态4：WaitAim--[A6]
1775394631.8619902 [navNode-2] [INFO] [1775394631.861698591] [navNode]: 未到目标点
1775394631.8621073 [navNode-2] 目标位置:(0.0, 0.0, 0.1)-[A6]-[MCU:False]-[POS:False]
1775394631.8621793 [navNode-2] 当前位置:(-0.0012376965023577213, -0.0009911583038046956, -0.0017621557926759124)
1775394631.9611068 [navNode-2] [INFO] [1775394631.960784482] [navNode]: 状态4：WaitAim--[A6]
1775394631.9614961 [navNode-2] [INFO] [1775394631.961210812] [navNode]: 未到目标点
1775394631.9615920 [navNode-2] 目标位置:(0.0, 0.0, 0.1)-[A6]-[MCU:False]-[POS:False]
1775394631.9616952 [navNode-2] 当前位置:(-0.0012376965023577213, -0.0009911583038046956, -0.0017621557926759124)
1775394632.0614049 [navNode-2] [INFO] [1775394632.060977970] [navNode]: 状态4：WaitAim--[A6]
1775394632.0618393 [navNode-2] [INFO] [1775394632.061436554] [navNode]: 未到目标点
1775394632.0619602 [navNode-2] 目标位置:(0.0, 0.0, 0.1)-[A6]-[MCU:False]-[POS:False]
1775394632.0620117 [navNode-2] 当前位置:(-0.0012376965023577213, -0.0009911583038046956, -0.0017621557926759124)
1775394632.1610143 [navNode-2] [INFO] [1775394632.160642113] [navNode]: 状态4：WaitAim--[A6]
1775394632.1614203 [navNode-2] [INFO] [1775394632.161066965] [navNode]: 未到目标点
1775394632.1614873 [navNode-2] 目标位置:(0.0, 0.0, 0.1)-[A6]-[MCU:False]-[POS:False]
1775394632.1615231 [navNode-2] 当前位置:(-0.0012376965023577213, -0.0009911583038046956, -0.0017621557926759124)
1775394632.2610509 [navNode-2] [INFO] [1775394632.260756327] [navNode]: 状态4：WaitAim--[A6]
1775394632.2613850 [navNode-2] [INFO] [1775394632.261148948] [navNode]: 未到目标点
1775394632.2614727 [navNode-2] 目标位置:(0.0, 0.0, 0.1)-[A6]-[MCU:False]-[POS:False]
1775394632.2615147 [navNode-2] 当前位置:(-0.0012376965023577213, -0.0009911583038046956, -0.0017621557926759124)
1775394632.3610494 [navNode-2] [INFO] [1775394632.360674182] [navNode]: 状态4：WaitAim--[A6]
1775394632.3613641 [navNode-2] [INFO] [1775394632.361058830] [navNode]: 未到目标点
1775394632.3614647 [navNode-2] 目标位置:(0.0, 0.0, 0.1)-[A6]-[MCU:False]-[POS:False]
1775394632.3615088 [navNode-2] 当前位置:(-0.0012376965023577213, -0.0009911583038046956, -0.0017621557926759124)
1775394632.4610927 [navNode-2] [INFO] [1775394632.460700738] [navNode]: 状态4：WaitAim--[A6]
1775394632.4615269 [navNode-2] [INFO] [1775394632.461164708] [navNode]: 未到目标点
1775394632.4616160 [navNode-2] 目标位置:(0.0, 0.0, 0.1)-[A6]-[MCU:False]-[POS:False]
1775394632.4616685 [navNode-2] 当前位置:(-0.0012376965023577213, -0.0009911583038046956, -0.0017621557926759124)
1775394632.5610299 [navNode-2] [INFO] [1775394632.560705400] [navNode]: 状态4：WaitAim--[A6]
1775394632.5614750 [navNode-2] [INFO] [1775394632.561111419] [navNode]: 未到目标点
1775394632.5615833 [navNode-2] 目标位置:(0.0, 0.0, 0.1)-[A6]-[MCU:False]-[POS:False]
1775394632.5616496 [navNode-2] 当前位置:(-0.0012376965023577213, -0.0009911583038046956, -0.0017621557926759124)
1775394632.6610808 [navNode-2] [INFO] [1775394632.660700957] [navNode]: 状态4：WaitAim--[A6]
1775394632.6615129 [navNode-2] [INFO] [1775394632.661205681] [navNode]: 未到目标点
1775394632.6615903 [navNode-2] 目标位置:(0.0, 0.0, 0.1)-[A6]-[MCU:False]-[POS:False]
1775394632.6616445 [navNode-2] 当前位置:(-0.0012376965023577213, -0.0009911583038046956, -0.0017621557926759124)
1775394632.7641838 [navNode-2] [INFO] [1775394632.761460654] [navNode]: 状态4：WaitAim--[A6]
1775394632.7649436 [navNode-2] [INFO] [1775394632.762003705] [navNode]: 未到目标点
1775394632.7651715 [navNode-2] 目标位置:(0.0, 0.0, 0.1)-[A6]-[MCU:False]-[POS:False]
1775394632.7655420 [navNode-2] 当前位置:(-0.0012376965023577213, -0.0009911583038046956, -0.0017621557926759124)
1775394632.7670548 [INFO] [myMain-1]: process has finished cleanly [pid 31483]
1775394632.8613811 [navNode-2] [INFO] [1775394632.860877454] [navNode]: 状态4：WaitAim--[A6]
1775394632.8631604 [navNode-2] [INFO] [1775394632.861549624] [navNode]: 未到目标点
1775394632.8633530 [navNode-2] 目标位置:(0.0, 0.0, 0.1)-[A6]-[MCU:False]-[POS:False]
1775394632.8634520 [navNode-2] 当前位置:(-0.0012376965023577213, -0.0009911583038046956, -0.0017621557926759124)
1775394632.9616971 [navNode-2] [INFO] [1775394632.961268250] [navNode]: 状态4：WaitAim--[A6]
1775394632.9623911 [navNode-2] [INFO] [1775394632.961788606] [navNode]: 未到目标点
1775394632.9625475 [navNode-2] 目标位置:(0.0, 0.0, 0.1)-[A6]-[MCU:False]-[POS:False]
1775394632.9626148 [navNode-2] 当前位置:(-0.0012376965023577213, -0.0009911583038046956, -0.0017621557926759124)
1775394633.0614512 [navNode-2] [INFO] [1775394633.061046539] [navNode]: 状态4：WaitAim--[A6]
1775394633.0625901 [navNode-2] [INFO] [1775394633.061570895] [navNode]: 未到目标点
1775394633.0627537 [navNode-2] 目标位置:(0.0, 0.0, 0.1)-[A6]-[MCU:False]-[POS:False]
1775394633.0628138 [navNode-2] 当前位置:(-0.0012376965023577213, -0.0009911583038046956, -0.0017621557926759124)
1775394633.1612995 [navNode-2] [INFO] [1775394633.160859783] [navNode]: 状态4：WaitAim--[A6]
1775394633.1620166 [navNode-2] [INFO] [1775394633.161440757] [navNode]: 未到目标点
1775394633.1621859 [navNode-2] 目标位置:(0.0, 0.0, 0.1)-[A6]-[MCU:False]-[POS:False]
1775394633.1622519 [navNode-2] 当前位置:(-0.0012376965023577213, -0.0009911583038046956, -0.0017621557926759124)
1775394633.2620625 [navNode-2] [INFO] [1775394633.260877723] [navNode]: 状态4：WaitAim--[A6]
1775394633.2626092 [navNode-2] [INFO] [1775394633.261397951] [navNode]: 未到目标点
1775394633.2627118 [navNode-2] 目标位置:(0.0, 0.0, 0.1)-[A6]-[MCU:False]-[POS:False]
1775394633.2627635 [navNode-2] 当前位置:(-0.0012376965023577213, -0.0009911583038046956, -0.0017621557926759124)
1775394633.3611674 [navNode-2] [INFO] [1775394633.360782110] [navNode]: 状态4：WaitAim--[A6]
1775394633.3619003 [navNode-2] [INFO] [1775394633.361327145] [navNode]: 未到目标点
1775394633.3620741 [navNode-2] 目标位置:(0.0, 0.0, 0.1)-[A6]-[MCU:False]-[POS:False]
1775394633.3621500 [navNode-2] 当前位置:(-0.0012376965023577213, -0.0009911583038046956, -0.0017621557926759124)
1775394633.4613507 [navNode-2] [INFO] [1775394633.460967121] [navNode]: 状态4：WaitAim--[A6]
1775394633.4623458 [navNode-2] [INFO] [1775394633.461539013] [navNode]: 未到目标点
1775394633.4625216 [navNode-2] 目标位置:(0.0, 0.0, 0.1)-[A6]-[MCU:False]-[POS:False]
1775394633.4626286 [navNode-2] 当前位置:(-0.0012376965023577213, -0.0009911583038046956, -0.0017621557926759124)
1775394633.5613172 [navNode-2] [INFO] [1775394633.560932204] [navNode]: 状态4：WaitAim--[A6]
1775394633.5621712 [navNode-2] [INFO] [1775394633.561446773] [navNode]: 未到目标点
1775394633.5623796 [navNode-2] 目标位置:(0.0, 0.0, 0.1)-[A6]-[MCU:False]-[POS:False]
1775394633.5624511 [navNode-2] 当前位置:(-0.0012376965023577213, -0.0009911583038046956, -0.0017621557926759124)
1775394633.6611454 [navNode-2] [INFO] [1775394633.660796033] [navNode]: 状态4：WaitAim--[A6]
1775394633.6619844 [navNode-2] [INFO] [1775394633.661337372] [navNode]: 未到目标点
1775394633.6621239 [navNode-2] 目标位置:(0.0, 0.0, 0.1)-[A6]-[MCU:False]-[POS:False]
1775394633.6622107 [navNode-2] 当前位置:(-0.0012376965023577213, -0.0009911583038046956, -0.0017621557926759124)
1775394633.7623882 [navNode-2] [INFO] [1775394633.761195366] [navNode]: 状态4：WaitAim--[A6]
1775394633.7629058 [navNode-2] [INFO] [1775394633.762025475] [navNode]: 未到目标点
1775394633.7630260 [navNode-2] 目标位置:(0.0, 0.0, 0.1)-[A6]-[MCU:False]-[POS:False]
1775394633.7631104 [navNode-2] 当前位置:(-0.0012376965023577213, -0.0009911583038046956, -0.0017621557926759124)
1775394633.7650201 [WARNING] [launch]: user interrupted with ctrl-c (SIGINT)
1775394633.8036559 [INFO] [navNode-2]: process has finished cleanly [pid 31485]
