[INFO] [1775394496.805800195] [navNode]: paths: [
  {"x": 0.00, "y": 0.00, "z": 0.00, "label": "TakeOff", "qrcode": "", "label2": ""       , "qrcode2": "" },
  {"x": 0.00, "y": 0.00, "z": 0.10, "label": "A6"     , "qrcode": "", "label2": ""       , "qrcode2": "" },
  {"x": 0.00, "y": 0.00, "z": 0.20, "label": "A3"     , "qrcode": "", "label2": ""       , "qrcode2": "" },
  {"x":-0.25, "y": 1.25, "z": 1.20, "label": "A2"     , "qrcode": "", "label2": ""       , "qrcode2": "" },
  {"x":-0.25, "y": 1.25, "z": 0.80, "label": "A5"     , "qrcode": "", "label2": ""       , "qrcode2": "" },
  {"x":-0.25, "y": 1.75, "z": 0.80, "label": "A4"     , "qrcode": "", "label2": ""       , "qrcode2": "" },
  {"x":-0.25, "y": 1.75, "z": 1.20, "label": "A1"     , "qrcode": "", "label2": ""       , "qrcode2": "" },
  {"x":-0.25, "y": 2.00, "z": 0.70, "label": "UpSide1", "qrcode": "", "label2": ""       , "qrcode2": "" },
  {"x": 0.75, "y": 2.00, "z": 0.70, "label": "LandPos", "qrcode": "", "label2": ""       , "qrcode2": "" }
]

[INFO] [1775394496.834898514] [navNode]: 上位机导航节点启动成功
[INFO] [1775394500.159230714] [navNode]: 收到来自UI的请求：scan_all
[WARN] [1775394500.160049794] [navNode]: 任务开始执行scan_all
[INFO] [1775394500.260913624] [navNode]: 状态1：Takeoff--[TakeOff]
[INFO] [1775394500.270566497] [navNode]: takeoff 发送成功 → 飞行站已调用：takeoff服务
[INFO] [1775394500.294780045] [navNode]: MCU2 send back: Takeoffok
[INFO] [1775394500.360629229] [navNode]: 状态2：Takeoff_wait--[TakeOff]
[INFO] [1775394500.361033031] [navNode]: 已到目标点
目标位置:TakeOff:(0.0, 0.0, 0.0)-[TakeOff]-[MCU:False]-[POS:True]
当前位置:(-0.0010913971345871687, -0.0008931552292779088, -0.0016463622450828552)

[INFO] [1775394500.461383388] [navNode]: 状态3：SetAim--[TakeOff]
[INFO] [1775394500.472184928] [navNode]: G+00000+00000+00000 发送成功 → 飞行站已调用：G+00000+00000+00000服务
[INFO] [1775394500.561258019] [navNode]: 状态4：WaitAim--[TakeOff]
[INFO] [1775394500.562165168] [navNode]: 已到目标点
目标位置:TakeOff:(0.0, 0.0, 0.0)-[TakeOff]-[MCU:False]-[POS:True]
当前位置:(-0.0006420269492082298, -0.0005890449974685907, -0.0019148648716509342)

[INFO] [1775394500.661724832] [navNode]: 状态5：ArriveAim--[TakeOff]
[INFO] [1775394500.761082463] [navNode]: 状态3：SetAim--[TakeOff]
[INFO] [1775394500.773830020] [navNode]: G+00000+00000+01000 发送成功 → 飞行站已调用：G+00000+00000+01000服务
[INFO] [1775394500.860684140] [navNode]: 状态4：WaitAim--[A6]
[INFO] [1775394500.861217772] [navNode]: 未到目标点
目标位置:(0.0, 0.0, 0.1)-[A6]-[MCU:False]-[POS:False]
当前位置:(-0.0014905580319464207, -0.0009007297339849174, -0.0014471836620941758)
[INFO] [1775394500.961342587] [navNode]: 状态4：WaitAim--[A6]
[INFO] [1775394500.961987054] [navNode]: 未到目标点
目标位置:(0.0, 0.0, 0.1)-[A6]-[MCU:False]-[POS:False]
当前位置:(-0.001112236874178052, -0.0010464926017448306, -0.0022762964945286512)
[INFO] [1775394501.061098530] [navNode]: 状态4：WaitAim--[A6]
[INFO] [1775394501.061593325] [navNode]: 未到目标点
目标位置:(0.0, 0.0, 0.1)-[A6]-[MCU:False]-[POS:False]
当前位置:(-0.0007190870237536728, -0.0006168590625748038, -0.0024804575368762016)
[INFO] [1775394501.160675907] [navNode]: 状态4：WaitAim--[A6]
[INFO] [1775394501.161140100] [navNode]: 未到目标点
目标位置:(0.0, 0.0, 0.1)-[A6]-[MCU:False]-[POS:False]
当前位置:(-0.0008534686639904976, -0.0006640389328822494, -0.0014429030707105994)
[INFO] [1775394501.260938991] [navNode]: 状态4：WaitAim--[A6]
[INFO] [1775394501.261414412] [navNode]: 未到目标点
目标位置:(0.0, 0.0, 0.1)-[A6]-[MCU:False]-[POS:False]
当前位置:(-0.0012873189989477396, -0.0007557830540463328, -0.001127138501033187)
[INFO] [1775394501.360688750] [navNode]: 状态4：WaitAim--[A6]
[INFO] [1775394501.361240637] [navNode]: 未到目标点
目标位置:(0.0, 0.0, 0.1)-[A6]-[MCU:False]-[POS:False]
当前位置:(-0.0005894097848795354, -0.0006849063793197274, -0.0022232180926948786)
[INFO] [1775394501.460932486] [navNode]: 状态4：WaitAim--[A6]
[INFO] [1775394501.461438690] [navNode]: 未到目标点
目标位置:(0.0, 0.0, 0.1)-[A6]-[MCU:False]-[POS:False]
当前位置:(-0.0014434499898925424, -0.000892697717063129, -0.001303362543694675)
[INFO] [1775394501.560881779] [navNode]: 状态4：WaitAim--[A6]
[INFO] [1775394501.561415361] [navNode]: 未到目标点
目标位置:(0.0, 0.0, 0.1)-[A6]-[MCU:False]-[POS:False]
当前位置:(-0.0012330192839726806, -0.0008047643350437284, -0.0014173450181260705)
[INFO] [1775394501.661220302] [navNode]: 状态4：WaitAim--[A6]
[INFO] [1775394501.661834835] [navNode]: 未到目标点
目标位置:(0.0, 0.0, 0.1)-[A6]-[MCU:False]-[POS:False]
当前位置:(-0.0014241567114368081, -0.0007275795796886086, -0.001126288203522563)
[INFO] [1775394501.760448318] [navNode]: 状态4：WaitAim--[A6]
[INFO] [1775394501.760946524] [navNode]: 未到目标点
目标位置:(0.0, 0.0, 0.1)-[A6]-[MCU:False]-[POS:False]
当前位置:(-0.0015611884882673621, -0.0009938980219885707, -0.001984907314181328)
[INFO] [1775394501.861056892] [navNode]: 状态4：WaitAim--[A6]
[INFO] [1775394501.861596821] [navNode]: 未到目标点
目标位置:(0.0, 0.0, 0.1)-[A6]-[MCU:False]-[POS:False]
当前位置:(-0.0017425910336896777, -0.0010751488152891397, -0.001667201635427773)
[INFO] [1775394501.960523978] [navNode]: 状态4：WaitAim--[A6]
[INFO] [1775394501.961006179] [navNode]: 未到目标点
目标位置:(0.0, 0.0, 0.1)-[A6]-[MCU:False]-[POS:False]
当前位置:(-0.0017812062287703156, -0.0009577965247444808, -0.0012808232568204403)
[INFO] [1775394502.060738619] [navNode]: 状态4：WaitAim--[A6]
[INFO] [1775394502.061244453] [navNode]: 未到目标点
目标位置:(0.0, 0.0, 0.1)-[A6]-[MCU:False]-[POS:False]
当前位置:(-0.0011912633199244738, -0.000868486356921494, -0.0017146631143987179)
[INFO] [1775394502.160618041] [navNode]: 状态4：WaitAim--[A6]
[INFO] [1775394502.161101317] [navNode]: 未到目标点
目标位置:(0.0, 0.0, 0.1)-[A6]-[MCU:False]-[POS:False]
当前位置:(-0.0012460257858037949, -0.0007772514363750815, -0.0012824872974306345)
[INFO] [1775394502.260345774] [navNode]: 状态4：WaitAim--[A6]
[INFO] [1775394502.260772704] [navNode]: 未到目标点
目标位置:(0.0, 0.0, 0.1)-[A6]-[MCU:False]-[POS:False]
当前位置:(-0.0008398314821533859, -0.000745497178286314, -0.0015869084745645523)
[INFO] [1775394502.361083859] [navNode]: 状态4：WaitAim--[A6]
[INFO] [1775394502.361529821] [navNode]: 未到目标点
目标位置:(0.0, 0.0, 0.1)-[A6]-[MCU:False]-[POS:False]
当前位置:(-0.001330942497588694, -0.000782150833401829, -0.0013724700547754765)
[INFO] [1775394502.460565011] [navNode]: 状态4：WaitAim--[A6]
[INFO] [1775394502.460965042] [navNode]: 未到目标点
目标位置:(0.0, 0.0, 0.1)-[A6]-[MCU:False]-[POS:False]
当前位置:(-0.0017185541801154613, -0.001061204238794744, -0.0016962970839813352)
[INFO] [1775394502.561748959] [navNode]: 状态4：WaitAim--[A6]
[INFO] [1775394502.562210113] [navNode]: 未到目标点
目标位置:(0.0, 0.0, 0.1)-[A6]-[MCU:False]-[POS:False]
当前位置:(-0.0011565290624275804, -0.0008875462808646262, -0.0033319054637104273)
[INFO] [1775394502.660616568] [navNode]: 状态4：WaitAim--[A6]
[INFO] [1775394502.661059498] [navNode]: 未到目标点
目标位置:(0.0, 0.0, 0.1)-[A6]-[MCU:False]-[POS:False]
当前位置:(-0.0014549134066328406, -0.0007205073488876224, -0.0007642319542355835)
[INFO] [1775394502.760699183] [navNode]: 状态4：WaitAim--[A6]
[INFO] [1775394502.761198582] [navNode]: 未到目标点
目标位置:(0.0, 0.0, 0.1)-[A6]-[MCU:False]-[POS:False]
当前位置:(-0.0009478314314037561, -0.0007113517494872212, -0.0012709505390375853)
[INFO] [1775394502.860559696] [navNode]: 状态4：WaitAim--[A6]
[INFO] [1775394502.861131800] [navNode]: 未到目标点
目标位置:(0.0, 0.0, 0.1)-[A6]-[MCU:False]-[POS:False]
当前位置:(-0.0008315200684592128, -0.0005639615119434893, -0.001105388393625617)
[INFO] [1775394502.960711198] [navNode]: 状态4：WaitAim--[A6]
[INFO] [1775394502.961799650] [navNode]: 未到目标点
目标位置:(0.0, 0.0, 0.1)-[A6]-[MCU:False]-[POS:False]
当前位置:(-0.001183132641017437, -0.0006436222465708852, -0.00098985165823251)
[INFO] [1775394503.061446717] [navNode]: 状态4：WaitAim--[A6]
[INFO] [1775394503.061866825] [navNode]: 未到目标点
目标位置:(0.0, 0.0, 0.1)-[A6]-[MCU:False]-[POS:False]
当前位置:(-0.0006866814219392836, -0.000671003945171833, -0.0025151302106678486)
[INFO] [1775394503.161157090] [navNode]: 状态4：WaitAim--[A6]
[INFO] [1775394503.161650061] [navNode]: 未到目标点
目标位置:(0.0, 0.0, 0.1)-[A6]-[MCU:False]-[POS:False]
当前位置:(-0.0011281081242486835, -0.0008741826750338078, -0.00138441426679492)
[INFO] [1775394503.260592862] [navNode]: 状态4：WaitAim--[A6]
[INFO] [1775394503.261048602] [navNode]: 未到目标点
目标位置:(0.0, 0.0, 0.1)-[A6]-[MCU:False]-[POS:False]
当前位置:(-0.0011877520009875298, -0.0007954568136483431, -0.001335515291430056)
[INFO] [1775394503.360724941] [navNode]: 状态4：WaitAim--[A6]
[INFO] [1775394503.361265786] [navNode]: 未到目标点
目标位置:(0.0, 0.0, 0.1)-[A6]-[MCU:False]-[POS:False]
当前位置:(-0.000961820303928107, -0.0006706560379825532, -0.0011734983418136835)
[INFO] [1775394503.460533276] [navNode]: 状态4：WaitAim--[A6]
[INFO] [1775394503.460978514] [navNode]: 未到目标点
目标位置:(0.0, 0.0, 0.1)-[A6]-[MCU:False]-[POS:False]
当前位置:(-0.0008241393370553851, -0.000716887996532023, -0.002592985052615404)
[INFO] [1775394503.561118931] [navNode]: 状态4：WaitAim--[A6]
[INFO] [1775394503.561565210] [navNode]: 未到目标点
目标位置:(0.0, 0.0, 0.1)-[A6]-[MCU:False]-[POS:False]
当前位置:(-0.0012307889992371202, -0.0007610165630467236, -0.0010852166451513767)
[INFO] [1775394503.660611245] [navNode]: 状态4：WaitAim--[A6]
[INFO] [1775394503.661251506] [navNode]: 未到目标点
目标位置:(0.0, 0.0, 0.1)-[A6]-[MCU:False]-[POS:False]
当前位置:(-0.0009529598755761981, -0.0006660788785666227, -0.0012638340704143047)
[INFO] [1775394503.760568632] [navNode]: 状态4：WaitAim--[A6]
[INFO] [1775394503.761594273] [navNode]: 未到目标点
目标位置:(0.0, 0.0, 0.1)-[A6]-[MCU:False]-[POS:False]
当前位置:(-0.0009794714860618114, -0.0005206678179092705, -0.000804294366389513)
[INFO] [1775394503.861185755] [navNode]: 状态4：WaitAim--[A6]
[INFO] [1775394503.861731168] [navNode]: 未到目标点
目标位置:(0.0, 0.0, 0.1)-[A6]-[MCU:False]-[POS:False]
当前位置:(-0.001062488998286426, -0.0007629944593645632, -0.0013783368049189448)
[INFO] [1775394503.960699704] [navNode]: 状态4：WaitAim--[A6]
[INFO] [1775394503.961090538] [navNode]: 未到目标点
目标位置:(0.0, 0.0, 0.1)-[A6]-[MCU:False]-[POS:False]
当前位置:(-0.0010237009264528751, -0.0007027199608273804, -0.001179319922812283)
[INFO] [1775394504.060434097] [navNode]: 状态4：WaitAim--[A6]
[INFO] [1775394504.060854872] [navNode]: 未到目标点
目标位置:(0.0, 0.0, 0.1)-[A6]-[MCU:False]-[POS:False]
当前位置:(-0.0012452231021597981, -0.0007489206618629396, -0.0013939670752733946)
[INFO] [1775394504.161266448] [navNode]: 状态4：WaitAim--[A6]
[INFO] [1775394504.161810056] [navNode]: 未到目标点
目标位置:(0.0, 0.0, 0.1)-[A6]-[MCU:False]-[POS:False]
当前位置:(-0.001256858347915113, -0.0007811841205693781, -0.0013215417275205255)
[INFO] [1775394504.260687021] [navNode]: 状态4：WaitAim--[A6]
[INFO] [1775394504.261191772] [navNode]: 未到目标点
目标位置:(0.0, 0.0, 0.1)-[A6]-[MCU:False]-[POS:False]
当前位置:(-0.0012344022979959846, -0.0007854176219552755, -0.0013332554372027516)
[INFO] [1775394504.360844198] [navNode]: 状态4：WaitAim--[A6]
[INFO] [1775394504.361333308] [navNode]: 未到目标点
目标位置:(0.0, 0.0, 0.1)-[A6]-[MCU:False]-[POS:False]
当前位置:(-0.0012121240142732859, -0.0008057547966018319, -0.0013479219051077962)
[INFO] [1775394504.461110779] [navNode]: 状态4：WaitAim--[A6]
[INFO] [1775394504.461595414] [navNode]: 未到目标点
目标位置:(0.0, 0.0, 0.1)-[A6]-[MCU:False]-[POS:False]
当前位置:(-0.00030866838642396033, -0.00040492889820598066, -0.001859485637396574)
[INFO] [1775394504.560403106] [navNode]: 状态4：WaitAim--[A6]
[INFO] [1775394504.560808982] [navNode]: 未到目标点
目标位置:(0.0, 0.0, 0.1)-[A6]-[MCU:False]-[POS:False]
当前位置:(-0.0008624554611742496, -0.0005994850653223693, -0.0008688646485097706)
[INFO] [1775394504.660724276] [navNode]: 状态4：WaitAim--[A6]
[INFO] [1775394504.661208830] [navNode]: 未到目标点
目标位置:(0.0, 0.0, 0.1)-[A6]-[MCU:False]-[POS:False]
当前位置:(-0.0014898150693625212, -0.0008775690221227705, -0.0014161100843921304)
[INFO] [1775394504.760451888] [navNode]: 状态4：WaitAim--[A6]
[INFO] [1775394504.760879961] [navNode]: 未到目标点
目标位置:(0.0, 0.0, 0.1)-[A6]-[MCU:False]-[POS:False]
当前位置:(-0.0014679230516776443, -0.0009135044529102743, -0.0014981047715991735)
[INFO] [1775394504.860330709] [navNode]: 状态4：WaitAim--[A6]
[INFO] [1775394504.860720473] [navNode]: 未到目标点
目标位置:(0.0, 0.0, 0.1)-[A6]-[MCU:False]-[POS:False]
当前位置:(-0.0015682281227782369, -0.0009818649850785732, -0.0015302177052944899)
[INFO] [1775394504.961006158] [navNode]: 状态4：WaitAim--[A6]
[INFO] [1775394504.961453133] [navNode]: 未到目标点
目标位置:(0.0, 0.0, 0.1)-[A6]-[MCU:False]-[POS:False]
当前位置:(-0.0009201573557220399, -0.0009026687475852668, -0.002771347062662244)
[INFO] [1775394505.060684441] [navNode]: 状态4：WaitAim--[A6]
[INFO] [1775394505.061219548] [navNode]: 未到目标点
目标位置:(0.0, 0.0, 0.1)-[A6]-[MCU:False]-[POS:False]
当前位置:(-0.001234146999195218, -0.0009627317194826901, -0.002007236937060952)
[INFO] [1775394505.161381924] [navNode]: 状态4：WaitAim--[A6]
[INFO] [1775394505.161895205] [navNode]: 未到目标点
目标位置:(0.0, 0.0, 0.1)-[A6]-[MCU:False]-[POS:False]
当前位置:(-0.0012399433180689812, -0.000652938848361373, -0.000765738426707685)
[INFO] [1775394505.260532080] [navNode]: 状态4：WaitAim--[A6]
[INFO] [1775394505.260975512] [navNode]: 未到目标点
目标位置:(0.0, 0.0, 0.1)-[A6]-[MCU:False]-[POS:False]
当前位置:(-0.001011960906907916, -0.0006676129996776581, -0.0011966403108090162)
[INFO] [1775394505.361248167] [navNode]: 状态4：WaitAim--[A6]
[INFO] [1775394505.361697559] [navNode]: 未到目标点
目标位置:(0.0, 0.0, 0.1)-[A6]-[MCU:False]-[POS:False]
当前位置:(-0.0012703697429969907, -0.0008110656053759158, -0.001367467804811895)
[INFO] [1775394505.460405060] [navNode]: 状态4：WaitAim--[A6]
[INFO] [1775394505.460812472] [navNode]: 未到目标点
目标位置:(0.0, 0.0, 0.1)-[A6]-[MCU:False]-[POS:False]
当前位置:(-0.0015497630229219794, -0.0009482680470682681, -0.0015403857687488198)
[INFO] [1775394505.561556384] [navNode]: 状态4：WaitAim--[A6]
[INFO] [1775394505.562058291] [navNode]: 未到目标点
目标位置:(0.0, 0.0, 0.1)-[A6]-[MCU:False]-[POS:False]
当前位置:(-0.0017000922234728932, -0.0010111411102116108, -0.0016104878159239888)
[INFO] [1775394505.660564873] [navNode]: 状态4：WaitAim--[A6]
[INFO] [1775394505.660948235] [navNode]: 未到目标点
目标位置:(0.0, 0.0, 0.1)-[A6]-[MCU:False]-[POS:False]
当前位置:(-0.0015762971015647054, -0.00094371079467237, -0.0015751221217215061)
[INFO] [1775394505.760580464] [navNode]: 状态4：WaitAim--[A6]
[INFO] [1775394505.761089900] [navNode]: 未到目标点
目标位置:(0.0, 0.0, 0.1)-[A6]-[MCU:False]-[POS:False]
当前位置:(-0.0015413553919643164, -0.0009720110101625323, -0.001845820341259241)
[INFO] [1775394505.860810142] [navNode]: 状态4：WaitAim--[A6]
[INFO] [1775394505.861267629] [navNode]: 未到目标点
目标位置:(0.0, 0.0, 0.1)-[A6]-[MCU:False]-[POS:False]
当前位置:(-0.0012535919668152928, -0.000824551738332957, -0.0014101970009505749)
[INFO] [1775394505.960457926] [navNode]: 状态4：WaitAim--[A6]
[INFO] [1775394505.960914264] [navNode]: 未到目标点
目标位置:(0.0, 0.0, 0.1)-[A6]-[MCU:False]-[POS:False]
当前位置:(-0.001692706486210227, -0.0009808142203837633, -0.001579698408022523)
[INFO] [1775394506.060828573] [navNode]: 状态4：WaitAim--[A6]
[INFO] [1775394506.061282960] [navNode]: 未到目标点
目标位置:(0.0, 0.0, 0.1)-[A6]-[MCU:False]-[POS:False]
当前位置:(-0.0018105104099959135, -0.0010629582684487104, -0.0016380337765440345)
[INFO] [1775394506.160364431] [navNode]: 状态4：WaitAim--[A6]
[INFO] [1775394506.160787156] [navNode]: 未到目标点
目标位置:(0.0, 0.0, 0.1)-[A6]-[MCU:False]-[POS:False]
当前位置:(-0.0016657746164128184, -0.0010378544684499502, -0.0016868866514414549)
[INFO] [1775394506.260433370] [navNode]: 状态4：WaitAim--[A6]
[INFO] [1775394506.260861812] [navNode]: 未到目标点
目标位置:(0.0, 0.0, 0.1)-[A6]-[MCU:False]-[POS:False]
当前位置:(-0.0012681419029831886, -0.0009980027098208666, -0.0017823738744482398)
[INFO] [1775394506.360553339] [navNode]: 状态4：WaitAim--[A6]
[INFO] [1775394506.361015474] [navNode]: 未到目标点
目标位置:(0.0, 0.0, 0.1)-[A6]-[MCU:False]-[POS:False]
当前位置:(-0.0018945896299555898, -0.0011042252881452441, -0.0016633619088679552)
[INFO] [1775394506.460244075] [navNode]: 状态4：WaitAim--[A6]
[INFO] [1775394506.460709078] [navNode]: 未到目标点
目标位置:(0.0, 0.0, 0.1)-[A6]-[MCU:False]-[POS:False]
当前位置:(-0.00156684301327914, -0.0009878665441647172, -0.0016195287462323904)
[INFO] [1775394506.560319532] [navNode]: 状态4：WaitAim--[A6]
[INFO] [1775394506.560723652] [navNode]: 未到目标点
目标位置:(0.0, 0.0, 0.1)-[A6]-[MCU:False]-[POS:False]
当前位置:(-0.0018007996259257197, -0.0010010246187448502, -0.0013841843465343118)
[INFO] [1775394506.660810622] [navNode]: 状态4：WaitAim--[A6]
[INFO] [1775394506.661354913] [navNode]: 未到目标点
目标位置:(0.0, 0.0, 0.1)-[A6]-[MCU:False]-[POS:False]
当前位置:(-0.0013260898413136601, -0.0009942000033333898, -0.001788138528354466)
[INFO] [1775394506.760708491] [navNode]: 状态4：WaitAim--[A6]
[INFO] [1775394506.761138090] [navNode]: 未到目标点
目标位置:(0.0, 0.0, 0.1)-[A6]-[MCU:False]-[POS:False]
当前位置:(-0.0015962307807058096, -0.0009040864533744752, -0.0016144237015396357)
[INFO] [1775394506.860422666] [navNode]: 状态4：WaitAim--[A6]
[INFO] [1775394506.860874838] [navNode]: 未到目标点
目标位置:(0.0, 0.0, 0.1)-[A6]-[MCU:False]-[POS:False]
当前位置:(-0.0010882474016398191, -0.0007235757657326758, -0.0012794459471479058)
[INFO] [1775394506.960614490] [navNode]: 状态4：WaitAim--[A6]
[INFO] [1775394506.961048117] [navNode]: 未到目标点
目标位置:(0.0, 0.0, 0.1)-[A6]-[MCU:False]-[POS:False]
当前位置:(-0.0009871871443465352, -0.0006307846633717418, -0.0011490938486531377)
[INFO] [1775394507.060516999] [navNode]: 状态4：WaitAim--[A6]
[INFO] [1775394507.060950608] [navNode]: 未到目标点
目标位置:(0.0, 0.0, 0.1)-[A6]-[MCU:False]-[POS:False]
当前位置:(-0.0008833605097606778, -0.0005959998816251755, -0.0010320792207494378)
[INFO] [1775394507.160441708] [navNode]: 状态4：WaitAim--[A6]
[INFO] [1775394507.160846937] [navNode]: 未到目标点
目标位置:(0.0, 0.0, 0.1)-[A6]-[MCU:False]-[POS:False]
当前位置:(-0.0012340967077761889, -0.0007695202948525548, -0.0012698991922661662)
[INFO] [1775394507.261101981] [navNode]: 状态4：WaitAim--[A6]
[INFO] [1775394507.261811230] [navNode]: 未到目标点
目标位置:(0.0, 0.0, 0.1)-[A6]-[MCU:False]-[POS:False]
当前位置:(-0.0015170637052506208, -0.0008426640997640789, -0.00127663544844836)
[INFO] [1775394507.360624536] [navNode]: 状态4：WaitAim--[A6]
[INFO] [1775394507.361052363] [navNode]: 未到目标点
目标位置:(0.0, 0.0, 0.1)-[A6]-[MCU:False]-[POS:False]
当前位置:(-0.0007380459574051201, -0.0006625026580877602, -0.0029654833488166332)
[INFO] [1775394507.461493042] [navNode]: 状态4：WaitAim--[A6]
[INFO] [1775394507.461948028] [navNode]: 未到目标点
目标位置:(0.0, 0.0, 0.1)-[A6]-[MCU:False]-[POS:False]
当前位置:(-0.001977422973141074, -0.0010238350369036198, -0.001037323847413063)
[INFO] [1775394507.560681084] [navNode]: 状态4：WaitAim--[A6]
[INFO] [1775394507.561140551] [navNode]: 未到目标点
目标位置:(0.0, 0.0, 0.1)-[A6]-[MCU:False]-[POS:False]
当前位置:(-0.0014495840296149254, -0.0009149718680419028, -0.0014942459529265761)
[INFO] [1775394507.660409460] [navNode]: 状态4：WaitAim--[A6]
[INFO] [1775394507.660842360] [navNode]: 未到目标点
目标位置:(0.0, 0.0, 0.1)-[A6]-[MCU:False]-[POS:False]
当前位置:(-0.0008527542813681066, -0.0007483286317437887, -0.0015990642132237554)
[INFO] [1775394507.761299310] [navNode]: 状态4：WaitAim--[A6]
[INFO] [1775394507.761698825] [navNode]: 未到目标点
目标位置:(0.0, 0.0, 0.1)-[A6]-[MCU:False]-[POS:False]
当前位置:(-0.0014891884056851268, -0.0008696302538737655, -0.001640654867514968)
[INFO] [1775394507.860525458] [navNode]: 状态4：WaitAim--[A6]
[INFO] [1775394507.860957918] [navNode]: 未到目标点
目标位置:(0.0, 0.0, 0.1)-[A6]-[MCU:False]-[POS:False]
当前位置:(-0.0010059283813461661, -0.000947450113017112, -0.0024045384488999844)
[INFO] [1775394507.960582909] [navNode]: 状态4：WaitAim--[A6]
[INFO] [1775394507.960943035] [navNode]: 未到目标点
目标位置:(0.0, 0.0, 0.1)-[A6]-[MCU:False]-[POS:False]
当前位置:(-0.0005688965902663767, -0.0005365867982618511, -0.0018413240322843194)
[INFO] [1775394508.060644628] [navNode]: 状态4：WaitAim--[A6]
[INFO] [1775394508.061050587] [navNode]: 未到目标点
目标位置:(0.0, 0.0, 0.1)-[A6]-[MCU:False]-[POS:False]
当前位置:(-0.0011953199282288551, -0.0007799893501214683, -0.0011269953101873398)
[INFO] [1775394508.160614063] [navNode]: 状态4：WaitAim--[A6]
[INFO] [1775394508.161026878] [navNode]: 未到目标点
目标位置:(0.0, 0.0, 0.1)-[A6]-[MCU:False]-[POS:False]
当前位置:(-0.00011633430403890088, -0.00048600678564980626, -0.0019124746322631836)
[INFO] [1775394508.261115252] [navNode]: 状态4：WaitAim--[A6]
[INFO] [1775394508.261593687] [navNode]: 未到目标点
目标位置:(0.0, 0.0, 0.1)-[A6]-[MCU:False]-[POS:False]
当前位置:(-0.0010060920612886548, -0.00052068562945351, -0.000576929422095418)
[INFO] [1775394508.361594775] [navNode]: 状态4：WaitAim--[A6]
[INFO] [1775394508.362015443] [navNode]: 未到目标点
目标位置:(0.0, 0.0, 0.1)-[A6]-[MCU:False]-[POS:False]
当前位置:(-0.0011466441210359335, -0.000771627645008266, -0.00132054986897856)
[INFO] [1775394508.460391415] [navNode]: 状态4：WaitAim--[A6]
[INFO] [1775394508.460888754] [navNode]: 未到目标点
目标位置:(0.0, 0.0, 0.1)-[A6]-[MCU:False]-[POS:False]
当前位置:(-0.0008809564751572907, -0.0006472278037108481, -0.0010761779267340899)
[INFO] [1775394508.560605254] [navNode]: 状态4：WaitAim--[A6]
[INFO] [1775394508.561056408] [navNode]: 未到目标点
目标位置:(0.0, 0.0, 0.1)-[A6]-[MCU:False]-[POS:False]
当前位置:(-0.0010228910250589252, -0.0007961482042446733, -0.001512465882115066)
[INFO] [1775394508.660513416] [navNode]: 状态4：WaitAim--[A6]
[INFO] [1775394508.661528009] [navNode]: 未到目标点
目标位置:(0.0, 0.0, 0.1)-[A6]-[MCU:False]-[POS:False]
当前位置:(-0.0013052360154688358, -0.0007950831786729395, -0.001335060689598322)
[INFO] [1775394508.761298081] [navNode]: 状态4：WaitAim--[A6]
[INFO] [1775394508.761750149] [navNode]: 未到目标点
目标位置:(0.0, 0.0, 0.1)-[A6]-[MCU:False]-[POS:False]
当前位置:(-0.0010528735583648086, -0.0007520196377299726, -0.001241787918843329)
[INFO] [1775394508.860671378] [navNode]: 状态4：WaitAim--[A6]
[INFO] [1775394508.861112414] [navNode]: 未到目标点
目标位置:(0.0, 0.0, 0.1)-[A6]-[MCU:False]-[POS:False]
当前位置:(-0.0013141403906047344, -0.0009114809799939394, -0.0017970481421798468)
[INFO] [1775394508.960539696] [navNode]: 状态4：WaitAim--[A6]
[INFO] [1775394508.960990222] [navNode]: 未到目标点
目标位置:(0.0, 0.0, 0.1)-[A6]-[MCU:False]-[POS:False]
当前位置:(-0.001138758729211986, -0.0007342344033531845, -0.0011732034618034959)
[INFO] [1775394509.060970648] [navNode]: 状态4：WaitAim--[A6]
[INFO] [1775394509.061588254] [navNode]: 未到目标点
目标位置:(0.0, 0.0, 0.1)-[A6]-[MCU:False]-[POS:False]
当前位置:(-9.533322008792311e-05, -0.0004321506421547383, -0.0029523861594498158)
[INFO] [1775394509.160731205] [navNode]: 状态4：WaitAim--[A6]
[INFO] [1775394509.161237190] [navNode]: 未到目标点
目标位置:(0.0, 0.0, 0.1)-[A6]-[MCU:False]-[POS:False]
当前位置:(-0.0010998583165928721, -0.0006499832961708307, -0.0007772534736432135)
[INFO] [1775394509.260690174] [navNode]: 状态4：WaitAim--[A6]
[INFO] [1775394509.261888337] [navNode]: 未到目标点
目标位置:(0.0, 0.0, 0.1)-[A6]-[MCU:False]-[POS:False]
当前位置:(-0.0006355306250043213, -0.0007801422034390271, -0.0017164619639515877)
[INFO] [1775394509.360457087] [navNode]: 状态4：WaitAim--[A6]
[INFO] [1775394509.360873381] [navNode]: 未到目标点
目标位置:(0.0, 0.0, 0.1)-[A6]-[MCU:False]-[POS:False]
当前位置:(-0.000978935742750764, -0.0008166378829628229, -0.001367052085697651)
[INFO] [1775394509.460701313] [navNode]: 状态4：WaitAim--[A6]
[INFO] [1775394509.461964506] [navNode]: 未到目标点
目标位置:(0.0, 0.0, 0.1)-[A6]-[MCU:False]-[POS:False]
当前位置:(-0.0013092883164063096, -0.0008304911898449063, -0.001271841349080205)
[INFO] [1775394509.560706259] [navNode]: 状态4：WaitAim--[A6]
[INFO] [1775394509.561348669] [navNode]: 未到目标点
目标位置:(0.0, 0.0, 0.1)-[A6]-[MCU:False]-[POS:False]
当前位置:(-0.0012703973334282637, -0.0009474773542024195, -0.0017232229001820087)
[INFO] [1775394509.660311439] [navNode]: 状态4：WaitAim--[A6]
[INFO] [1775394509.660753941] [navNode]: 未到目标点
目标位置:(0.0, 0.0, 0.1)-[A6]-[MCU:False]-[POS:False]
当前位置:(-0.0014764886582270265, -0.0008714395225979388, -0.0014060047687962651)
[INFO] [1775394509.760552521] [navNode]: 状态4：WaitAim--[A6]
[INFO] [1775394509.760998015] [navNode]: 未到目标点
目标位置:(0.0, 0.0, 0.1)-[A6]-[MCU:False]-[POS:False]
当前位置:(-0.000914742995519191, -0.0009161350899375975, -0.002120569348335266)
[INFO] [1775394509.860606601] [navNode]: 状态4：WaitAim--[A6]
[INFO] [1775394509.861019128] [navNode]: 未到目标点
目标位置:(0.0, 0.0, 0.1)-[A6]-[MCU:False]-[POS:False]
当前位置:(-0.001047935918904841, -0.00064662384102121, -0.0010276086395606399)
[INFO] [1775394509.961481186] [navNode]: 状态4：WaitAim--[A6]
[INFO] [1775394509.961957793] [navNode]: 未到目标点
目标位置:(0.0, 0.0, 0.1)-[A6]-[MCU:False]-[POS:False]
当前位置:(-0.0012111776741221547, -0.0007615666836500168, -0.001319659873843193)
[INFO] [1775394510.060595548] [navNode]: 状态4：WaitAim--[A6]
[INFO] [1775394510.061121922] [navNode]: 未到目标点
目标位置:(0.0, 0.0, 0.1)-[A6]-[MCU:False]-[POS:False]
当前位置:(-0.0011594288516789675, -0.0007245023152790964, -0.0011280215112492442)
[INFO] [1775394510.160470793] [navNode]: 状态4：WaitAim--[A6]
[INFO] [1775394510.160961727] [navNode]: 未到目标点
目标位置:(0.0, 0.0, 0.1)-[A6]-[MCU:False]-[POS:False]
当前位置:(-0.0007336902781389654, -0.0006026239134371281, -0.0010682910215109587)
[INFO] [1775394510.261738219] [navNode]: 状态4：WaitAim--[A6]
[INFO] [1775394510.262134661] [navNode]: 未到目标点
目标位置:(0.0, 0.0, 0.1)-[A6]-[MCU:False]-[POS:False]
当前位置:(-0.00011245101632084697, -0.0003475581470411271, -0.002782131778076291)
[INFO] [1775394510.360927654] [navNode]: 状态4：WaitAim--[A6]
[INFO] [1775394510.361457657] [navNode]: 未到目标点
目标位置:(0.0, 0.0, 0.1)-[A6]-[MCU:False]-[POS:False]
当前位置:(-0.0011390986619517207, -0.0007087159901857376, -0.0008825928089208901)
[INFO] [1775394510.461595937] [navNode]: 状态4：WaitAim--[A6]
[INFO] [1775394510.462010446] [navNode]: 未到目标点
目标位置:(0.0, 0.0, 0.1)-[A6]-[MCU:False]-[POS:False]
当前位置:(-0.001073873951099813, -0.00071683619171381, -0.001168329268693924)
[INFO] [1775394510.560467473] [navNode]: 状态4：WaitAim--[A6]
[INFO] [1775394510.560844626] [navNode]: 未到目标点
目标位置:(0.0, 0.0, 0.1)-[A6]-[MCU:False]-[POS:False]
当前位置:(-0.0011332646245136857, -0.00071636529173702, -0.0012641752837225795)
[INFO] [1775394510.661251139] [navNode]: 状态4：WaitAim--[A6]
[INFO] [1775394510.661628619] [navNode]: 未到目标点
目标位置:(0.0, 0.0, 0.1)-[A6]-[MCU:False]-[POS:False]
当前位置:(-0.0002581604931037873, -0.0004803922201972455, -0.0021066090557724237)
[INFO] [1775394510.761415224] [navNode]: 状态4：WaitAim--[A6]
[INFO] [1775394510.761842534] [navNode]: 未到目标点
目标位置:(0.0, 0.0, 0.1)-[A6]-[MCU:False]-[POS:False]
当前位置:(-0.0013344557955861092, -0.0008025383576750755, -0.0012476628180593252)
[INFO] [1775394510.861175475] [navNode]: 状态4：WaitAim--[A6]
[INFO] [1775394510.861607976] [navNode]: 未到目标点
目标位置:(0.0, 0.0, 0.1)-[A6]-[MCU:False]-[POS:False]
当前位置:(-0.0005830003065057099, -0.0004719272837974131, -0.0009012534283101559)
[INFO] [1775394510.960396376] [navNode]: 状态4：WaitAim--[A6]
[INFO] [1775394510.960822904] [navNode]: 未到目标点
目标位置:(0.0, 0.0, 0.1)-[A6]-[MCU:False]-[POS:False]
当前位置:(-0.001094096340239048, -0.0007111853919923306, -0.0011888270964846015)
[INFO] [1775394511.060560594] [navNode]: 状态4：WaitAim--[A6]
[INFO] [1775394511.060988563] [navNode]: 未到目标点
目标位置:(0.0, 0.0, 0.1)-[A6]-[MCU:False]-[POS:False]
当前位置:(-0.0008276213193312287, -0.0008623824105598032, -0.0018071108497679234)
[INFO] [1775394511.160714020] [navNode]: 状态4：WaitAim--[A6]
[INFO] [1775394511.161128902] [navNode]: 未到目标点
目标位置:(0.0, 0.0, 0.1)-[A6]-[MCU:False]-[POS:False]
当前位置:(-0.0008911463664844632, -0.0006793647771701217, -0.0023719274904578924)
[INFO] [1775394511.260418588] [navNode]: 状态4：WaitAim--[A6]
[INFO] [1775394511.261759935] [navNode]: 未到目标点
目标位置:(0.0, 0.0, 0.1)-[A6]-[MCU:False]-[POS:False]
当前位置:(-0.0014142249710857868, -0.000888466602191329, -0.001269819214940071)
[INFO] [1775394511.360568742] [navNode]: 状态4：WaitAim--[A6]
[INFO] [1775394511.360971586] [navNode]: 未到目标点
目标位置:(0.0, 0.0, 0.1)-[A6]-[MCU:False]-[POS:False]
当前位置:(-0.0016984527464956045, -0.0008641825406812131, -0.0011451545869931579)
[INFO] [1775394511.460455942] [navNode]: 状态4：WaitAim--[A6]
[INFO] [1775394511.460943477] [navNode]: 未到目标点
目标位置:(0.0, 0.0, 0.1)-[A6]-[MCU:False]-[POS:False]
当前位置:(-0.00202541914768517, -0.0010778369614854455, -0.0014995555393397808)
[INFO] [1775394511.560604816] [navNode]: 状态4：WaitAim--[A6]
[INFO] [1775394511.561061139] [navNode]: 未到目标点
目标位置:(0.0, 0.0, 0.1)-[A6]-[MCU:False]-[POS:False]
当前位置:(-0.0017965189181268215, -0.0010236597154289484, -0.001355837914161384)
[INFO] [1775394511.660445028] [navNode]: 状态4：WaitAim--[A6]
[INFO] [1775394511.660914950] [navNode]: 未到目标点
目标位置:(0.0, 0.0, 0.1)-[A6]-[MCU:False]-[POS:False]
当前位置:(-0.0017302294727414846, -0.0010284181917086244, -0.0016334624961018562)
[INFO] [1775394511.760562965] [navNode]: 状态4：WaitAim--[A6]
[INFO] [1775394511.760994864] [navNode]: 未到目标点
目标位置:(0.0, 0.0, 0.1)-[A6]-[MCU:False]-[POS:False]
当前位置:(-0.0019286288879811764, -0.0010429866379126906, -0.0013926097890362144)
[INFO] [1775394511.860744832] [navNode]: 状态4：WaitAim--[A6]
[INFO] [1775394511.861220974] [navNode]: 未到目标点
目标位置:(0.0, 0.0, 0.1)-[A6]-[MCU:False]-[POS:False]
当前位置:(-0.0012547072255983949, -0.0008867787546478212, -0.002118756528943777)
[INFO] [1775394511.960415347] [navNode]: 状态4：WaitAim--[A6]
[INFO] [1775394511.960833827] [navNode]: 未到目标点
目标位置:(0.0, 0.0, 0.1)-[A6]-[MCU:False]-[POS:False]
当前位置:(-0.0019096587784588337, -0.0009343625861220062, -0.0009614184964448214)
[INFO] [1775394512.060910079] [navNode]: 状态4：WaitAim--[A6]
[INFO] [1775394512.061315042] [navNode]: 未到目标点
目标位置:(0.0, 0.0, 0.1)-[A6]-[MCU:False]-[POS:False]
当前位置:(-0.0011844786349684, -0.000829005497507751, -0.0019911066628992558)
[INFO] [1775394512.160742995] [navNode]: 状态4：WaitAim--[A6]
[INFO] [1775394512.161137881] [navNode]: 未到目标点
目标位置:(0.0, 0.0, 0.1)-[A6]-[MCU:False]-[POS:False]
当前位置:(-0.0013289636699482799, -0.0010131529998034239, -0.0016543022356927395)
[INFO] [1775394512.260424963] [navNode]: 状态4：WaitAim--[A6]
[INFO] [1775394512.261164692] [navNode]: 未到目标点
目标位置:(0.0, 0.0, 0.1)-[A6]-[MCU:False]-[POS:False]
当前位置:(-0.0012312293983995914, -0.0007916318136267364, -0.001223019789904356)
[INFO] [1775394512.360437377] [navNode]: 状态4：WaitAim--[A6]
[INFO] [1775394512.360889511] [navNode]: 未到目标点
目标位置:(0.0, 0.0, 0.1)-[A6]-[MCU:False]-[POS:False]
当前位置:(-0.0012747130822390318, -0.0008088317699730396, -0.0012973187258467078)
[INFO] [1775394512.460974746] [navNode]: 状态4：WaitAim--[A6]
[INFO] [1775394512.461630563] [navNode]: 未到目标点
目标位置:(0.0, 0.0, 0.1)-[A6]-[MCU:False]-[POS:False]
当前位置:(-0.001545265200547874, -0.000795840984210372, -0.0011058596428483725)
[INFO] [1775394512.560671556] [navNode]: 状态4：WaitAim--[A6]
[INFO] [1775394512.561158265] [navNode]: 未到目标点
目标位置:(0.0, 0.0, 0.1)-[A6]-[MCU:False]-[POS:False]
当前位置:(-0.0012629234697669744, -0.0009123793570324779, -0.0016800517914816737)
[INFO] [1775394512.660582825] [navNode]: 状态4：WaitAim--[A6]
[INFO] [1775394512.661058703] [navNode]: 未到目标点
目标位置:(0.0, 0.0, 0.1)-[A6]-[MCU:False]-[POS:False]
当前位置:(-0.001414129976183176, -0.0009218929917551577, -0.0014295738656073809)
[INFO] [1775394512.761000979] [navNode]: 状态4：WaitAim--[A6]
[INFO] [1775394512.761569314] [navNode]: 未到目标点
目标位置:(0.0, 0.0, 0.1)-[A6]-[MCU:False]-[POS:False]
当前位置:(-0.001409633201546967, -0.0008200995507650077, -0.0013689328916370869)
[INFO] [1775394512.860784976] [navNode]: 状态4：WaitAim--[A6]
[INFO] [1775394512.861248109] [navNode]: 未到目标点
目标位置:(0.0, 0.0, 0.1)-[A6]-[MCU:False]-[POS:False]
当前位置:(-0.0014588903868570924, -0.0009037934360094368, -0.001464545726776123)
[INFO] [1775394512.961527945] [navNode]: 状态4：WaitAim--[A6]
[INFO] [1775394512.961955514] [navNode]: 未到目标点
目标位置:(0.0, 0.0, 0.1)-[A6]-[MCU:False]-[POS:False]
当前位置:(-0.0016923764487728477, -0.0010660073021426797, -0.001817918848246336)
[INFO] [1775394513.061260270] [navNode]: 状态4：WaitAim--[A6]
[INFO] [1775394513.061716139] [navNode]: 未到目标点
目标位置:(0.0, 0.0, 0.1)-[A6]-[MCU:False]-[POS:False]
当前位置:(-0.001361692906357348, -0.0008814060129225254, -0.001416405662894249)
[INFO] [1775394513.160468982] [navNode]: 状态4：WaitAim--[A6]
[INFO] [1775394513.160946305] [navNode]: 未到目标点
目标位置:(0.0, 0.0, 0.1)-[A6]-[MCU:False]-[POS:False]
当前位置:(-0.0014988143229857087, -0.0008836868801154196, -0.0014313675928860903)
[INFO] [1775394513.260465818] [navNode]: 状态4：WaitAim--[A6]
[INFO] [1775394513.260922246] [navNode]: 未到目标点
目标位置:(0.0, 0.0, 0.1)-[A6]-[MCU:False]-[POS:False]
当前位置:(-0.00164582091383636, -0.0009932115208357573, -0.0016290281200781465)
[INFO] [1775394513.360651328] [navNode]: 状态4：WaitAim--[A6]
[INFO] [1775394513.361115126] [navNode]: 未到目标点
目标位置:(0.0, 0.0, 0.1)-[A6]-[MCU:False]-[POS:False]
当前位置:(-0.0010110167786478996, -0.0008144782623276114, -0.0014903079718351364)
[INFO] [1775394513.460621548] [navNode]: 状态4：WaitAim--[A6]
[INFO] [1775394513.461088912] [navNode]: 未到目标点
目标位置:(0.0, 0.0, 0.1)-[A6]-[MCU:False]-[POS:False]
当前位置:(-0.000676498340908438, -0.0006201592041179538, -0.0023154057562351227)
[INFO] [1775394513.560688272] [navNode]: 状态4：WaitAim--[A6]
[INFO] [1775394513.561196848] [navNode]: 未到目标点
目标位置:(0.0, 0.0, 0.1)-[A6]-[MCU:False]-[POS:False]
当前位置:(-0.0013491102727130055, -0.0008261935436166823, -0.0011242482578381896)
[INFO] [1775394513.661430522] [navNode]: 状态4：WaitAim--[A6]
[INFO] [1775394513.661818731] [navNode]: 未到目标点
目标位置:(0.0, 0.0, 0.1)-[A6]-[MCU:False]-[POS:False]
当前位置:(-0.000872446340508759, -0.0007285285391844809, -0.0014952863566577435)
[INFO] [1775394513.760849796] [navNode]: 状态4：WaitAim--[A6]
[INFO] [1775394513.761271974] [navNode]: 未到目标点
目标位置:(0.0, 0.0, 0.1)-[A6]-[MCU:False]-[POS:False]
当前位置:(-0.0007662179414182901, -0.0006763933342881501, -0.0023544803261756897)
[INFO] [1775394513.860833446] [navNode]: 状态4：WaitAim--[A6]
[INFO] [1775394513.861229028] [navNode]: 未到目标点
目标位置:(0.0, 0.0, 0.1)-[A6]-[MCU:False]-[POS:False]
当前位置:(-0.0011994435917586088, -0.0008985301246866584, -0.001366379321552813)
[INFO] [1775394513.961095947] [navNode]: 状态4：WaitAim--[A6]
[INFO] [1775394513.961579098] [navNode]: 未到目标点
目标位置:(0.0, 0.0, 0.1)-[A6]-[MCU:False]-[POS:False]
当前位置:(-0.0006142599740996957, -0.000556415761820972, -0.003063598880544305)
[INFO] [1775394514.060566684] [navNode]: 状态4：WaitAim--[A6]
[INFO] [1775394514.060990967] [navNode]: 未到目标点
目标位置:(0.0, 0.0, 0.1)-[A6]-[MCU:False]-[POS:False]
当前位置:(-0.0015032810624688864, -0.0009065908961929381, -0.0010290131904184818)
[INFO] [1775394514.160442885] [navNode]: 状态4：WaitAim--[A6]
[INFO] [1775394514.160841549] [navNode]: 未到目标点
目标位置:(0.0, 0.0, 0.1)-[A6]-[MCU:False]-[POS:False]
当前位置:(-0.001077961060218513, -0.0006935570272617042, -0.0011640809243544936)
[INFO] [1775394514.260301604] [navNode]: 状态4：WaitAim--[A6]
[INFO] [1775394514.260747831] [navNode]: 未到目标点
目标位置:(0.0, 0.0, 0.1)-[A6]-[MCU:False]-[POS:False]
当前位置:(-0.0009085675119422376, -0.0007648191531188786, -0.0014667706564068794)
[INFO] [1775394514.360534809] [navNode]: 状态4：WaitAim--[A6]
[INFO] [1775394514.361061036] [navNode]: 未到目标点
目标位置:(0.0, 0.0, 0.1)-[A6]-[MCU:False]-[POS:False]
当前位置:(-0.0012805757578462362, -0.0006970663671381772, -0.0008983975858427584)
[INFO] [1775394514.460444690] [navNode]: 状态4：WaitAim--[A6]
[INFO] [1775394514.460858621] [navNode]: 未到目标点
目标位置:(0.0, 0.0, 0.1)-[A6]-[MCU:False]-[POS:False]
当前位置:(-0.0012402031570672989, -0.0007824128842912614, -0.0013246656162664294)
[INFO] [1775394514.560933919] [navNode]: 状态4：WaitAim--[A6]
[INFO] [1775394514.561439606] [navNode]: 未到目标点
目标位置:(0.0, 0.0, 0.1)-[A6]-[MCU:False]-[POS:False]
当前位置:(-0.0011260067112743855, -0.0009020144934765995, -0.0015506410272791982)
[INFO] [1775394514.660703835] [navNode]: 状态4：WaitAim--[A6]
[INFO] [1775394514.661149016] [navNode]: 未到目标点
目标位置:(0.0, 0.0, 0.1)-[A6]-[MCU:False]-[POS:False]
当前位置:(-0.0013899801997467875, -0.0006844166782684624, -0.000981003395281732)
[INFO] [1775394514.760729645] [navNode]: 状态4：WaitAim--[A6]
[INFO] [1775394514.761129451] [navNode]: 未到目标点
目标位置:(0.0, 0.0, 0.1)-[A6]-[MCU:False]-[POS:False]
当前位置:(-0.00038887461414560676, -0.0006304727285169065, -0.0025555607862770557)
[INFO] [1775394514.860754383] [navNode]: 状态4：WaitAim--[A6]
[INFO] [1775394514.861181660] [navNode]: 未到目标点
目标位置:(0.0, 0.0, 0.1)-[A6]-[MCU:False]-[POS:False]
当前位置:(-0.0013386044884100556, -0.0007684366428293288, -0.000945165753364563)
[INFO] [1775394514.960489104] [navNode]: 状态4：WaitAim--[A6]
[INFO] [1775394514.960916327] [navNode]: 未到目标点
目标位置:(0.0, 0.0, 0.1)-[A6]-[MCU:False]-[POS:False]
当前位置:(-0.0012944239424541593, -0.0004973566974513233, -0.0014202315360307693)
[INFO] [1775394515.061606942] [navNode]: 状态4：WaitAim--[A6]
[INFO] [1775394515.062419769] [navNode]: 未到目标点
目标位置:(0.0, 0.0, 0.1)-[A6]-[MCU:False]-[POS:False]
当前位置:(-0.0009178686304949224, -0.0008052526391111314, -0.0013943989761173725)
[INFO] [1775394515.160992362] [navNode]: 状态4：WaitAim--[A6]
[INFO] [1775394515.161522752] [navNode]: 未到目标点
目标位置:(0.0, 0.0, 0.1)-[A6]-[MCU:False]-[POS:False]
当前位置:(-0.0006602529319934547, -0.0007674262742511928, -0.0016088294796645641)
[INFO] [1775394515.261059713] [navNode]: 状态4：WaitAim--[A6]
[INFO] [1775394515.261489287] [navNode]: 未到目标点
目标位置:(0.0, 0.0, 0.1)-[A6]-[MCU:False]-[POS:False]
当前位置:(-0.00044155557407066226, -0.0004869174736086279, -0.0020546489395201206)
[INFO] [1775394515.360657648] [navNode]: 状态4：WaitAim--[A6]
[INFO] [1775394515.361094596] [navNode]: 未到目标点
目标位置:(0.0, 0.0, 0.1)-[A6]-[MCU:False]-[POS:False]
当前位置:(-0.0012043750612065196, -0.0007288025226444006, -0.0010254103690385818)
[INFO] [1775394515.460671539] [navNode]: 状态4：WaitAim--[A6]
[INFO] [1775394515.461105551] [navNode]: 未到目标点
目标位置:(0.0, 0.0, 0.1)-[A6]-[MCU:False]-[POS:False]
当前位置:(-0.0014351487625390291, -0.0008832755265757442, -0.001425409223884344)
[INFO] [1775394515.560471863] [navNode]: 状态4：WaitAim--[A6]
[INFO] [1775394515.560858234] [navNode]: 未到目标点
目标位置:(0.0, 0.0, 0.1)-[A6]-[MCU:False]-[POS:False]
当前位置:(-0.0015693427994847298, -0.0009666181285865605, -0.00147553242277354)
[INFO] [1775394515.660849940] [navNode]: 状态4：WaitAim--[A6]
[INFO] [1775394515.661255526] [navNode]: 未到目标点
目标位置:(0.0, 0.0, 0.1)-[A6]-[MCU:False]-[POS:False]
当前位置:(-0.0013512630248442292, -0.0008878701482899487, -0.0013477355241775513)
[INFO] [1775394515.760692069] [navNode]: 状态4：WaitAim--[A6]
[INFO] [1775394515.762084832] [navNode]: 未到目标点
目标位置:(0.0, 0.0, 0.1)-[A6]-[MCU:False]-[POS:False]
当前位置:(-0.0012902469607070088, -0.000823437818326056, -0.0013352044625207782)
[INFO] [1775394515.860404745] [navNode]: 状态4：WaitAim--[A6]
[INFO] [1775394515.860849621] [navNode]: 未到目标点
目标位置:(0.0, 0.0, 0.1)-[A6]-[MCU:False]-[POS:False]
当前位置:(-0.0010502721415832639, -0.0005973730003461242, -0.0007755186525173485)
[INFO] [1775394515.961513641] [navNode]: 状态4：WaitAim--[A6]
[INFO] [1775394515.962041392] [navNode]: 未到目标点
目标位置:(0.0, 0.0, 0.1)-[A6]-[MCU:False]-[POS:False]
当前位置:(-0.0009730919264256954, -0.0008134322124533355, -0.0015772434417158365)
[INFO] [1775394516.061194721] [navNode]: 状态4：WaitAim--[A6]
[INFO] [1775394516.061723887] [navNode]: 未到目标点
目标位置:(0.0, 0.0, 0.1)-[A6]-[MCU:False]-[POS:False]
当前位置:(-0.0014985317829996347, -0.0009110431419685483, -0.0014274100540205836)
[INFO] [1775394516.160757462] [navNode]: 状态4：WaitAim--[A6]
[INFO] [1775394516.161203700] [navNode]: 未到目标点
目标位置:(0.0, 0.0, 0.1)-[A6]-[MCU:False]-[POS:False]
当前位置:(-0.0018924360629171133, -0.0009719024528749287, -0.0013385312631726265)
[INFO] [1775394516.261299103] [navNode]: 状态4：WaitAim--[A6]
[INFO] [1775394516.262076164] [navNode]: 未到目标点
目标位置:(0.0, 0.0, 0.1)-[A6]-[MCU:False]-[POS:False]
当前位置:(-0.001782960374839604, -0.0010930749122053385, -0.0017053596675395966)
[INFO] [1775394516.361108362] [navNode]: 状态4：WaitAim--[A6]
[INFO] [1775394516.361476186] [navNode]: 未到目标点
目标位置:(0.0, 0.0, 0.1)-[A6]-[MCU:False]-[POS:False]
当前位置:(-0.001667348900809884, -0.0008668187656439841, -0.0010793586261570454)
[INFO] [1775394516.460945025] [navNode]: 状态4：WaitAim--[A6]
[INFO] [1775394516.461348923] [navNode]: 未到目标点
目标位置:(0.0, 0.0, 0.1)-[A6]-[MCU:False]-[POS:False]
当前位置:(-0.0016176382778212428, -0.0009784261928871274, -0.0015837589744478464)
[INFO] [1775394516.560936919] [navNode]: 状态4：WaitAim--[A6]
[INFO] [1775394516.561321534] [navNode]: 未到目标点
目标位置:(0.0, 0.0, 0.1)-[A6]-[MCU:False]-[POS:False]
当前位置:(-0.001388074946589768, -0.0009829247137531638, -0.002563348738476634)
[INFO] [1775394516.660724635] [navNode]: 状态4：WaitAim--[A6]
[INFO] [1775394516.661141840] [navNode]: 未到目标点
目标位置:(0.0, 0.0, 0.1)-[A6]-[MCU:False]-[POS:False]
当前位置:(-0.0011322444770485163, -0.0008808855200186372, -0.002119745360687375)
[INFO] [1775394516.761048721] [navNode]: 状态4：WaitAim--[A6]
[INFO] [1775394516.761521382] [navNode]: 未到目标点
目标位置:(0.0, 0.0, 0.1)-[A6]-[MCU:False]-[POS:False]
当前位置:(-0.0007543453830294311, -0.0007272678194567561, -0.0030935576651245356)
[INFO] [1775394516.860917386] [navNode]: 状态4：WaitAim--[A6]
[INFO] [1775394516.861391237] [navNode]: 未到目标点
目标位置:(0.0, 0.0, 0.1)-[A6]-[MCU:False]-[POS:False]
当前位置:(-0.0017104919534176588, -0.0009421769645996392, -0.0011782330693677068)
[INFO] [1775394516.961782921] [navNode]: 状态4：WaitAim--[A6]
[INFO] [1775394516.962232251] [navNode]: 未到目标点
目标位置:(0.0, 0.0, 0.1)-[A6]-[MCU:False]-[POS:False]
当前位置:(-0.0010721540311351418, -0.0008468168089166284, -0.0021729704458266497)
[INFO] [1775394517.061083633] [navNode]: 状态4：WaitAim--[A6]
[INFO] [1775394517.061559106] [navNode]: 未到目标点
目标位置:(0.0, 0.0, 0.1)-[A6]-[MCU:False]-[POS:False]
当前位置:(-0.0012914608232676983, -0.0008697544690221548, -0.0017777453176677227)
[INFO] [1775394517.161806839] [navNode]: 状态4：WaitAim--[A6]
[INFO] [1775394517.162387524] [navNode]: 未到目标点
目标位置:(0.0, 0.0, 0.1)-[A6]-[MCU:False]-[POS:False]
当前位置:(-0.0012992022093385458, -0.0008412100723944604, -0.0012159314937889576)
[INFO] [1775394517.261641340] [navNode]: 状态4：WaitAim--[A6]
[INFO] [1775394517.263317377] [navNode]: 未到目标点
目标位置:(0.0, 0.0, 0.1)-[A6]-[MCU:False]-[POS:False]
当前位置:(-0.0011508733732625842, -0.0006820678245276213, -0.0011426166165620089)
[INFO] [1775394517.361469041] [navNode]: 状态4：WaitAim--[A6]
[INFO] [1775394517.362417562] [navNode]: 未到目标点
目标位置:(0.0, 0.0, 0.1)-[A6]-[MCU:False]-[POS:False]
当前位置:(-0.0008239532471634448, -0.0005551261710934341, -0.0009765012073330581)
[INFO] [1775394517.460758808] [navNode]: 状态4：WaitAim--[A6]
[INFO] [1775394517.461936464] [navNode]: 未到目标点
目标位置:(0.0, 0.0, 0.1)-[A6]-[MCU:False]-[POS:False]
当前位置:(-0.0009412295767106116, -0.000759998569265008, -0.0014962474815547466)
[INFO] [1775394517.561792026] [navNode]: 状态4：WaitAim--[A6]
[INFO] [1775394517.562341618] [navNode]: 未到目标点
目标位置:(0.0, 0.0, 0.1)-[A6]-[MCU:False]-[POS:False]
当前位置:(-0.0010947359260171652, -0.0007267397595569491, -0.001827630796469748)
[INFO] [1775394517.660693431] [navNode]: 状态4：WaitAim--[A6]
[INFO] [1775394517.661734157] [navNode]: 未到目标点
目标位置:(0.0, 0.0, 0.1)-[A6]-[MCU:False]-[POS:False]
当前位置:(-0.0009324470302090049, -0.0006819156697019935, -0.001707209157757461)
[INFO] [1775394517.760641493] [navNode]: 状态4：WaitAim--[A6]
[INFO] [1775394517.761782225] [navNode]: 未到目标点
目标位置:(0.0, 0.0, 0.1)-[A6]-[MCU:False]-[POS:False]
当前位置:(-0.0012453235685825348, -0.0009341150289401412, -0.0010971224401146173)
[INFO] [1775394517.860966192] [navNode]: 状态4：WaitAim--[A6]
[INFO] [1775394517.861794401] [navNode]: 未到目标点
目标位置:(0.0, 0.0, 0.1)-[A6]-[MCU:False]-[POS:False]
当前位置:(-0.0008580052526667714, -0.0007094680913724005, -0.0023684485349804163)
[INFO] [1775394517.961348002] [navNode]: 状态4：WaitAim--[A6]
[INFO] [1775394517.962447260] [navNode]: 未到目标点
目标位置:(0.0, 0.0, 0.1)-[A6]-[MCU:False]-[POS:False]
当前位置:(-0.0015748152509331703, -0.0007952030282467604, -0.0009396877139806747)
[INFO] [1775394518.061670065] [navNode]: 状态4：WaitAim--[A6]
[INFO] [1775394518.062210517] [navNode]: 未到目标点
目标位置:(0.0, 0.0, 0.1)-[A6]-[MCU:False]-[POS:False]
当前位置:(-0.0016578328795731068, -0.0008699878817424178, -0.0012097146827727556)
[INFO] [1775394518.160972642] [navNode]: 状态4：WaitAim--[A6]
[INFO] [1775394518.161505304] [navNode]: 未到目标点
目标位置:(0.0, 0.0, 0.1)-[A6]-[MCU:False]-[POS:False]
当前位置:(-0.000594387820456177, -0.0005325709353201091, -0.001671046600677073)
[INFO] [1775394518.261067959] [navNode]: 状态4：WaitAim--[A6]
[INFO] [1775394518.262676238] [navNode]: 未到目标点
目标位置:(0.0, 0.0, 0.1)-[A6]-[MCU:False]-[POS:False]
当前位置:(-0.0014432943426072598, -0.0008905757567845285, -0.0013658162206411362)
[INFO] [1775394518.361051787] [navNode]: 状态4：WaitAim--[A6]
[INFO] [1775394518.361550252] [navNode]: 未到目标点
目标位置:(0.0, 0.0, 0.1)-[A6]-[MCU:False]-[POS:False]
当前位置:(-0.0012062019668519497, -0.0007944006938487291, -0.0012721328530460596)
[INFO] [1775394518.461790110] [navNode]: 状态4：WaitAim--[A6]
[INFO] [1775394518.462395988] [navNode]: 未到目标点
目标位置:(0.0, 0.0, 0.1)-[A6]-[MCU:False]-[POS:False]
当前位置:(-0.0007237811223603785, -0.0007388235535472631, -0.0026347406674176455)
[INFO] [1775394518.562247236] [navNode]: 状态4：WaitAim--[A6]
[INFO] [1775394518.562745544] [navNode]: 未到目标点
目标位置:(0.0, 0.0, 0.1)-[A6]-[MCU:False]-[POS:False]
当前位置:(-0.0018428832991048694, -0.0010084162931889296, -0.0013319009449332952)
[INFO] [1775394518.660528798] [navNode]: 状态4：WaitAim--[A6]
[INFO] [1775394518.661309658] [navNode]: 未到目标点
目标位置:(0.0, 0.0, 0.1)-[A6]-[MCU:False]-[POS:False]
当前位置:(-0.001207523513585329, -0.0007425587391480803, -0.0012418193509802222)
[INFO] [1775394518.760778274] [navNode]: 状态4：WaitAim--[A6]
[INFO] [1775394518.761309843] [navNode]: 未到目标点
目标位置:(0.0, 0.0, 0.1)-[A6]-[MCU:False]-[POS:False]
当前位置:(-0.0013095266185700893, -0.000855127174872905, -0.001347902463749051)
[INFO] [1775394518.860652061] [navNode]: 状态4：WaitAim--[A6]
[INFO] [1775394518.861116892] [navNode]: 未到目标点
目标位置:(0.0, 0.0, 0.1)-[A6]-[MCU:False]-[POS:False]
当前位置:(-0.0013764778850600123, -0.0007275146199390292, -0.0010374924167990685)
[INFO] [1775394518.960511417] [navNode]: 状态4：WaitAim--[A6]
[INFO] [1775394518.960934572] [navNode]: 未到目标点
目标位置:(0.0, 0.0, 0.1)-[A6]-[MCU:False]-[POS:False]
当前位置:(-0.0008105186279863119, -0.0005424366681836545, -0.0018315300112590194)
[INFO] [1775394519.060675966] [navNode]: 状态4：WaitAim--[A6]
[INFO] [1775394519.061199290] [navNode]: 未到目标点
目标位置:(0.0, 0.0, 0.1)-[A6]-[MCU:False]-[POS:False]
当前位置:(-0.0011810865253210068, -0.0006296534556895494, -0.0007430998375639319)
[INFO] [1775394519.160401144] [navNode]: 状态4：WaitAim--[A6]
[INFO] [1775394519.161055318] [navNode]: 未到目标点
目标位置:(0.0, 0.0, 0.1)-[A6]-[MCU:False]-[POS:False]
当前位置:(-3.371465936652385e-05, -0.00045135768596082926, -0.00186402618419379)
[INFO] [1775394519.261105153] [navNode]: 状态4：WaitAim--[A6]
[INFO] [1775394519.261557710] [navNode]: 未到目标点
目标位置:(0.0, 0.0, 0.1)-[A6]-[MCU:False]-[POS:False]
当前位置:(-0.000883104803506285, -0.0006571831181645393, -0.0012596002779901028)
[INFO] [1775394519.361747731] [navNode]: 状态4：WaitAim--[A6]
[INFO] [1775394519.362478506] [navNode]: 未到目标点
目标位置:(0.0, 0.0, 0.1)-[A6]-[MCU:False]-[POS:False]
当前位置:(-0.0009867434855550528, -0.000556103652343154, -0.0006451234803535044)
[INFO] [1775394519.461127391] [navNode]: 状态4：WaitAim--[A6]
[INFO] [1775394519.461850835] [navNode]: 未到目标点
目标位置:(0.0, 0.0, 0.1)-[A6]-[MCU:False]-[POS:False]
当前位置:(-0.0008533872896805406, -0.0006140191690064967, -0.0010725329630076885)
[INFO] [1775394519.564009689] [navNode]: 状态4：WaitAim--[A6]
[INFO] [1775394519.567471291] [navNode]: 未到目标点
目标位置:(0.0, 0.0, 0.1)-[A6]-[MCU:False]-[POS:False]
当前位置:(-0.0009988087695091963, -0.0007103526149876416, -0.0011488825548440218)
[INFO] [1775394519.661036469] [navNode]: 状态4：WaitAim--[A6]
[INFO] [1775394519.661730168] [navNode]: 未到目标点
目标位置:(0.0, 0.0, 0.1)-[A6]-[MCU:False]-[POS:False]
当前位置:(-0.0006652781157754362, -0.00044884427916258574, -0.0008283759234473109)
[INFO] [1775394519.761322741] [navNode]: 状态4：WaitAim--[A6]
[INFO] [1775394519.762070256] [navNode]: 未到目标点
目标位置:(0.0, 0.0, 0.1)-[A6]-[MCU:False]-[POS:False]
当前位置:(-0.0013427675003185868, -0.000698732677847147, -0.0010202369885519147)
[INFO] [1775394519.861354430] [navNode]: 状态4：WaitAim--[A6]
[INFO] [1775394519.861828485] [navNode]: 未到目标点
目标位置:(0.0, 0.0, 0.1)-[A6]-[MCU:False]-[POS:False]
当前位置:(-0.0014879152877256274, -0.0008875572239048779, -0.0014848019927740097)
[INFO] [1775394519.960952171] [navNode]: 状态4：WaitAim--[A6]
[INFO] [1775394519.962045316] [navNode]: 未到目标点
目标位置:(0.0, 0.0, 0.1)-[A6]-[MCU:False]-[POS:False]
当前位置:(-0.0011708724778145552, -0.0009331126930192113, -0.002615787321701646)
[INFO] [1775394520.061706153] [navNode]: 状态4：WaitAim--[A6]
[INFO] [1775394520.063190377] [navNode]: 未到目标点
目标位置:(0.0, 0.0, 0.1)-[A6]-[MCU:False]-[POS:False]
当前位置:(-0.0009376789093948901, -0.0006335483049042523, -0.0015379313845187426)
[INFO] [1775394520.161126746] [navNode]: 状态4：WaitAim--[A6]
[INFO] [1775394520.161733033] [navNode]: 未到目标点
目标位置:(0.0, 0.0, 0.1)-[A6]-[MCU:False]-[POS:False]
当前位置:(-0.0008005981799215078, -0.0007891759742051363, -0.0015001437859609723)
[INFO] [1775394520.261147478] [navNode]: 状态4：WaitAim--[A6]
[INFO] [1775394520.261757925] [navNode]: 未到目标点
目标位置:(0.0, 0.0, 0.1)-[A6]-[MCU:False]-[POS:False]
当前位置:(-0.0010143532417714596, -0.000750575854908675, -0.0022674945648759604)
[INFO] [1775394520.361334873] [navNode]: 状态4：WaitAim--[A6]
[INFO] [1775394520.361955609] [navNode]: 未到目标点
目标位置:(0.0, 0.0, 0.1)-[A6]-[MCU:False]-[POS:False]
当前位置:(-0.0003703341062646359, -0.0003641427028924227, -0.00269791716709733)
[INFO] [1775394520.461665154] [navNode]: 状态4：WaitAim--[A6]
[INFO] [1775394520.462774077] [navNode]: 未到目标点
目标位置:(0.0, 0.0, 0.1)-[A6]-[MCU:False]-[POS:False]
当前位置:(-0.0011984128504991531, -0.0007316197152249515, -0.0007836610893718898)
[INFO] [1775394520.562371709] [navNode]: 状态4：WaitAim--[A6]
[INFO] [1775394520.563718221] [navNode]: 未到目标点
目标位置:(0.0, 0.0, 0.1)-[A6]-[MCU:False]-[POS:False]
当前位置:(-0.0008633902762085199, -0.0007848988752812147, -0.0016338215209543705)
[INFO] [1775394520.661514124] [navNode]: 状态4：WaitAim--[A6]
[INFO] [1775394520.662275365] [navNode]: 未到目标点
目标位置:(0.0, 0.0, 0.1)-[A6]-[MCU:False]-[POS:False]
当前位置:(-0.0010123146930709481, -0.0007764520705677569, -0.001674034632742405)
[INFO] [1775394520.761156119] [navNode]: 状态4：WaitAim--[A6]
[INFO] [1775394520.761894695] [navNode]: 未到目标点
目标位置:(0.0, 0.0, 0.1)-[A6]-[MCU:False]-[POS:False]
当前位置:(-0.0014411680167540908, -0.0010168524459004402, -0.0016035303706303239)
[INFO] [1775394520.861263382] [navNode]: 状态4：WaitAim--[A6]
[INFO] [1775394520.861995776] [navNode]: 未到目标点
目标位置:(0.0, 0.0, 0.1)-[A6]-[MCU:False]-[POS:False]
当前位置:(-0.0017341310158371925, -0.0009770718170329928, -0.0014921552501618862)
[INFO] [1775394520.960747855] [navNode]: 状态4：WaitAim--[A6]
[INFO] [1775394520.961414798] [navNode]: 未到目标点
目标位置:(0.0, 0.0, 0.1)-[A6]-[MCU:False]-[POS:False]
当前位置:(-0.0015002713771536946, -0.0010442908387631178, -0.0018306472338736057)
[INFO] [1775394521.061553902] [navNode]: 状态4：WaitAim--[A6]
[INFO] [1775394521.062097393] [navNode]: 未到目标点
目标位置:(0.0, 0.0, 0.1)-[A6]-[MCU:False]-[POS:False]
当前位置:(-0.0016772061353549361, -0.0009917468996718526, -0.0015078572323545814)
[INFO] [1775394521.161769701] [navNode]: 状态4：WaitAim--[A6]
[INFO] [1775394521.162286376] [navNode]: 未到目标点
目标位置:(0.0, 0.0, 0.1)-[A6]-[MCU:False]-[POS:False]
当前位置:(-0.0014871556777507067, -0.0009291653987020254, -0.0013600023230537772)
[INFO] [1775394521.260906511] [navNode]: 状态4：WaitAim--[A6]
[INFO] [1775394521.261479217] [navNode]: 未到目标点
目标位置:(0.0, 0.0, 0.1)-[A6]-[MCU:False]-[POS:False]
当前位置:(-0.0011586688924580812, -0.0007932807202450931, -0.0014409731375053525)
[INFO] [1775394521.360690384] [navNode]: 状态4：WaitAim--[A6]
[INFO] [1775394521.361539893] [navNode]: 未到目标点
目标位置:(0.0, 0.0, 0.1)-[A6]-[MCU:False]-[POS:False]
当前位置:(-0.0015909337671473622, -0.0009713200852274895, -0.0013855613069608808)
[INFO] [1775394521.460591703] [navNode]: 状态4：WaitAim--[A6]
[INFO] [1775394521.461100466] [navNode]: 未到目标点
目标位置:(0.0, 0.0, 0.1)-[A6]-[MCU:False]-[POS:False]
当前位置:(-0.000852022843901068, -0.0006436087423935533, -0.0021925517357885838)
[INFO] [1775394521.561039893] [navNode]: 状态4：WaitAim--[A6]
[INFO] [1775394521.561539830] [navNode]: 未到目标点
目标位置:(0.0, 0.0, 0.1)-[A6]-[MCU:False]-[POS:False]
当前位置:(-0.0012409370392560959, -0.0007600925164297223, -0.0010202288394793868)
[INFO] [1775394521.660676867] [navNode]: 状态4：WaitAim--[A6]
[INFO] [1775394521.661189974] [navNode]: 未到目标点
目标位置:(0.0, 0.0, 0.1)-[A6]-[MCU:False]-[POS:False]
当前位置:(-0.0018392479978501797, -0.0009655376197770238, -0.0012765966821461916)
[INFO] [1775394521.761169620] [navNode]: 状态4：WaitAim--[A6]
[INFO] [1775394521.761677684] [navNode]: 未到目标点
目标位置:(0.0, 0.0, 0.1)-[A6]-[MCU:False]-[POS:False]
当前位置:(-0.002062759594991803, -0.0010935779428109527, -0.001457719481550157)
[INFO] [1775394521.860585314] [navNode]: 状态4：WaitAim--[A6]
[INFO] [1775394521.861065580] [navNode]: 未到目标点
目标位置:(0.0, 0.0, 0.1)-[A6]-[MCU:False]-[POS:False]
当前位置:(-0.0012972259428352118, -0.0007622022530995309, -0.0013279839185997844)
[INFO] [1775394521.960452404] [navNode]: 状态4：WaitAim--[A6]
[INFO] [1775394521.960913735] [navNode]: 未到目标点
目标位置:(0.0, 0.0, 0.1)-[A6]-[MCU:False]-[POS:False]
当前位置:(-0.0012052194215357304, -0.0007576200878247619, -0.0012429221533238888)
[INFO] [1775394522.060802792] [navNode]: 状态4：WaitAim--[A6]
[INFO] [1775394522.061254996] [navNode]: 未到目标点
目标位置:(0.0, 0.0, 0.1)-[A6]-[MCU:False]-[POS:False]
当前位置:(-0.0012262339005246758, -0.00079461804125458, -0.0012191253481432796)
[INFO] [1775394522.160564430] [navNode]: 状态4：WaitAim--[A6]
[INFO] [1775394522.161020251] [navNode]: 未到目标点
目标位置:(0.0, 0.0, 0.1)-[A6]-[MCU:False]-[POS:False]
当前位置:(-0.001507919398136437, -0.0009008018532767892, -0.0014010296436026692)
[INFO] [1775394522.260588645] [navNode]: 状态4：WaitAim--[A6]
[INFO] [1775394522.261022443] [navNode]: 未到目标点
目标位置:(0.0, 0.0, 0.1)-[A6]-[MCU:False]-[POS:False]
当前位置:(-0.0015500353183597326, -0.0009622357320040464, -0.002158897463232279)
[INFO] [1775394522.360892096] [navNode]: 状态4：WaitAim--[A6]
[INFO] [1775394522.361371229] [navNode]: 未到目标点
目标位置:(0.0, 0.0, 0.1)-[A6]-[MCU:False]-[POS:False]
当前位置:(-0.0018258703639730811, -0.001095010433346033, -0.0014745441731065512)
[INFO] [1775394522.460836787] [navNode]: 状态4：WaitAim--[A6]
[INFO] [1775394522.461588932] [navNode]: 未到目标点
目标位置:(0.0, 0.0, 0.1)-[A6]-[MCU:False]-[POS:False]
当前位置:(-0.001579571166075766, -0.001015128567814827, -0.00145528104621917)
[INFO] [1775394522.561089737] [navNode]: 状态4：WaitAim--[A6]
[INFO] [1775394522.561532614] [navNode]: 未到目标点
目标位置:(0.0, 0.0, 0.1)-[A6]-[MCU:False]-[POS:False]
当前位置:(-0.0010211217449977994, -0.0008378276834264398, -0.001533103408291936)
[INFO] [1775394522.660233930] [navNode]: 状态4：WaitAim--[A6]
[INFO] [1775394522.660688757] [navNode]: 未到目标点
目标位置:(0.0, 0.0, 0.1)-[A6]-[MCU:False]-[POS:False]
当前位置:(-0.0012590675614774227, -0.0007839396712370217, -0.0012065214104950428)
[INFO] [1775394522.760477445] [navNode]: 状态4：WaitAim--[A6]
[INFO] [1775394522.760880378] [navNode]: 未到目标点
目标位置:(0.0, 0.0, 0.1)-[A6]-[MCU:False]-[POS:False]
当前位置:(-0.0011682865442708135, -0.0007418908062390983, -0.0012263004900887609)
[INFO] [1775394522.861020662] [navNode]: 状态4：WaitAim--[A6]
[INFO] [1775394522.861436819] [navNode]: 未到目标点
目标位置:(0.0, 0.0, 0.1)-[A6]-[MCU:False]-[POS:False]
当前位置:(-0.0013902796199545264, -0.0008779477211646736, -0.001309436745941639)
[INFO] [1775394522.960546318] [navNode]: 状态4：WaitAim--[A6]
[INFO] [1775394522.961074319] [navNode]: 未到目标点
目标位置:(0.0, 0.0, 0.1)-[A6]-[MCU:False]-[POS:False]
当前位置:(-0.0010619162349030375, -0.0007082626689225435, -0.0011525320587679744)
[INFO] [1775394523.060909701] [navNode]: 状态4：WaitAim--[A6]
[INFO] [1775394523.061723085] [navNode]: 未到目标点
目标位置:(0.0, 0.0, 0.1)-[A6]-[MCU:False]-[POS:False]
当前位置:(-0.0005708425305783749, -0.0007169845630414784, -0.0024494666140526533)
[INFO] [1775394523.160500192] [navNode]: 状态4：WaitAim--[A6]
[INFO] [1775394523.161275343] [navNode]: 未到目标点
目标位置:(0.0, 0.0, 0.1)-[A6]-[MCU:False]-[POS:False]
当前位置:(-0.0015773745253682137, -0.0007937502232380211, -0.0007731053046882153)
[INFO] [1775394523.260389687] [navNode]: 状态4：WaitAim--[A6]
[INFO] [1775394523.260934807] [navNode]: 未到目标点
目标位置:(0.0, 0.0, 0.1)-[A6]-[MCU:False]-[POS:False]
当前位置:(-0.0014166721375659108, -0.0008581788861192763, -0.001252843183465302)
[INFO] [1775394523.361265277] [navNode]: 状态4：WaitAim--[A6]
[INFO] [1775394523.361766809] [navNode]: 未到目标点
目标位置:(0.0, 0.0, 0.1)-[A6]-[MCU:False]-[POS:False]
当前位置:(-0.0009774049976840615, -0.0007390286773443222, -0.0024417792446911335)
[INFO] [1775394523.461244975] [navNode]: 状态4：WaitAim--[A6]
[INFO] [1775394523.461907260] [navNode]: 未到目标点
目标位置:(0.0, 0.0, 0.1)-[A6]-[MCU:False]-[POS:False]
当前位置:(-0.001317624351941049, -0.0008145319297909737, -0.0014639666769653559)
[INFO] [1775394523.560692281] [navNode]: 状态4：WaitAim--[A6]
[INFO] [1775394523.561598234] [navNode]: 未到目标点
目标位置:(0.0, 0.0, 0.1)-[A6]-[MCU:False]-[POS:False]
当前位置:(-0.0014310120604932308, -0.0008818939095363021, -0.0011953187640756369)
[INFO] [1775394523.660363825] [navNode]: 状态4：WaitAim--[A6]
[INFO] [1775394523.660827441] [navNode]: 未到目标点
目标位置:(0.0, 0.0, 0.1)-[A6]-[MCU:False]-[POS:False]
当前位置:(-0.0012569483369588852, -0.0007978049688972533, -0.0013020260958001018)
[INFO] [1775394523.760793460] [navNode]: 状态4：WaitAim--[A6]
[INFO] [1775394523.761234467] [navNode]: 未到目标点
目标位置:(0.0, 0.0, 0.1)-[A6]-[MCU:False]-[POS:False]
当前位置:(-0.001193357864394784, -0.0007584998966194689, -0.0011867200955748558)
[INFO] [1775394523.860452286] [navNode]: 状态4：WaitAim--[A6]
[INFO] [1775394523.860878800] [navNode]: 未到目标点
目标位置:(0.0, 0.0, 0.1)-[A6]-[MCU:False]-[POS:False]
当前位置:(-0.0009981351904571056, -0.000785046664532274, -0.0014185088220983744)
[INFO] [1775394523.960840204] [navNode]: 状态4：WaitAim--[A6]
[INFO] [1775394523.961350308] [navNode]: 未到目标点
目标位置:(0.0, 0.0, 0.1)-[A6]-[MCU:False]-[POS:False]
当前位置:(-0.0013756899861618876, -0.0008478394593112171, -0.0012806473532691598)
[INFO] [1775394524.060647358] [navNode]: 状态4：WaitAim--[A6]
[INFO] [1775394524.061181211] [navNode]: 未到目标点
目标位置:(0.0, 0.0, 0.1)-[A6]-[MCU:False]-[POS:False]
当前位置:(-0.0012037244159728289, -0.0007899434422142804, -0.0012384752044454217)
[INFO] [1775394524.160588343] [navNode]: 状态4：WaitAim--[A6]
[INFO] [1775394524.161049238] [navNode]: 未到目标点
目标位置:(0.0, 0.0, 0.1)-[A6]-[MCU:False]-[POS:False]
当前位置:(-0.0008963736472651362, -0.0007376809371635318, -0.0013492787256836891)
[INFO] [1775394524.260482510] [navNode]: 状态4：WaitAim--[A6]
[INFO] [1775394524.260961402] [navNode]: 未到目标点
目标位置:(0.0, 0.0, 0.1)-[A6]-[MCU:False]-[POS:False]
当前位置:(-0.0009929360821843147, -0.0005798372440040112, -0.000663367158267647)
[INFO] [1775394524.360875295] [navNode]: 状态4：WaitAim--[A6]
[INFO] [1775394524.361425795] [navNode]: 未到目标点
目标位置:(0.0, 0.0, 0.1)-[A6]-[MCU:False]-[POS:False]
当前位置:(-0.0010296247201040387, -0.0006825279560871422, -0.0010911630233749747)
[INFO] [1775394524.460830519] [navNode]: 状态4：WaitAim--[A6]
[INFO] [1775394524.461371934] [navNode]: 未到目标点
目标位置:(0.0, 0.0, 0.1)-[A6]-[MCU:False]-[POS:False]
当前位置:(-0.0010311705991625786, -0.0006515841232612729, -0.0010865431977435946)
[INFO] [1775394524.560684074] [navNode]: 状态4：WaitAim--[A6]
[INFO] [1775394524.561133365] [navNode]: 未到目标点
目标位置:(0.0, 0.0, 0.1)-[A6]-[MCU:False]-[POS:False]
当前位置:(-0.0012059090659022331, -0.0006559287430718541, -0.0007976734195835888)
[INFO] [1775394524.660917578] [navNode]: 状态4：WaitAim--[A6]
[INFO] [1775394524.661373853] [navNode]: 未到目标点
目标位置:(0.0, 0.0, 0.1)-[A6]-[MCU:False]-[POS:False]
当前位置:(-0.00134172267280519, -0.0008390158764086664, -0.0012432505609467626)
[INFO] [1775394524.760678260] [navNode]: 状态4：WaitAim--[A6]
[INFO] [1775394524.761134225] [navNode]: 未到目标点
目标位置:(0.0, 0.0, 0.1)-[A6]-[MCU:False]-[POS:False]
当前位置:(-0.0009841289138421416, -0.0008034215425141156, -0.002371095586568117)
[INFO] [1775394524.860565719] [navNode]: 状态4：WaitAim--[A6]
[INFO] [1775394524.860968486] [navNode]: 未到目标点
目标位置:(0.0, 0.0, 0.1)-[A6]-[MCU:False]-[POS:False]
当前位置:(-0.0009322782862000167, -0.0006779145332984626, -0.0017224905313923955)
[INFO] [1775394524.961305837] [navNode]: 状态4：WaitAim--[A6]
[INFO] [1775394524.961736863] [navNode]: 未到目标点
目标位置:(0.0, 0.0, 0.1)-[A6]-[MCU:False]-[POS:False]
当前位置:(-0.0011186846531927586, -0.00041758149745874107, -0.0010304654715582728)
[INFO] [1775394525.061339035] [navNode]: 状态4：WaitAim--[A6]
[INFO] [1775394525.061752380] [navNode]: 未到目标点
目标位置:(0.0, 0.0, 0.1)-[A6]-[MCU:False]-[POS:False]
当前位置:(-0.00073887879261747, -0.0005434060585685074, -0.0010637757368385792)
[INFO] [1775394525.160356560] [navNode]: 状态4：WaitAim--[A6]
[INFO] [1775394525.161042223] [navNode]: 未到目标点
目标位置:(0.0, 0.0, 0.1)-[A6]-[MCU:False]-[POS:False]
当前位置:(-0.001024390570819378, -0.000716320239007473, -0.0010605973657220602)
[INFO] [1775394525.260472869] [navNode]: 状态4：WaitAim--[A6]
[INFO] [1775394525.260855448] [navNode]: 未到目标点
目标位置:(0.0, 0.0, 0.1)-[A6]-[MCU:False]-[POS:False]
当前位置:(-0.0009291288442909718, -0.0007680477574467659, -0.0013668289175257087)
[INFO] [1775394525.361205269] [navNode]: 状态4：WaitAim--[A6]
[INFO] [1775394525.361709810] [navNode]: 未到目标点
目标位置:(0.0, 0.0, 0.1)-[A6]-[MCU:False]-[POS:False]
当前位置:(-0.0008235001005232334, -0.0006919754086993635, -0.001336444285698235)
[INFO] [1775394525.460923353] [navNode]: 状态4：WaitAim--[A6]
[INFO] [1775394525.461557640] [navNode]: 未到目标点
目标位置:(0.0, 0.0, 0.1)-[A6]-[MCU:False]-[POS:False]
当前位置:(-0.0012957019498571754, -0.0008074621437117457, -0.0012799118412658572)
[INFO] [1775394525.561372037] [navNode]: 状态4：WaitAim--[A6]
[INFO] [1775394525.562182480] [navNode]: 未到目标点
目标位置:(0.0, 0.0, 0.1)-[A6]-[MCU:False]-[POS:False]
当前位置:(-0.0008772087167017162, -0.0007475276361219585, -0.0014104084111750126)
[INFO] [1775394525.660428782] [navNode]: 状态4：WaitAim--[A6]
[INFO] [1775394525.660887205] [navNode]: 未到目标点
目标位置:(0.0, 0.0, 0.1)-[A6]-[MCU:False]-[POS:False]
当前位置:(-0.00117111683357507, -0.000710340216755867, -0.001134274760261178)
[INFO] [1775394525.760954786] [navNode]: 状态4：WaitAim--[A6]
[INFO] [1775394525.761510123] [navNode]: 未到目标点
目标位置:(0.0, 0.0, 0.1)-[A6]-[MCU:False]-[POS:False]
当前位置:(-0.0010889471741393209, -0.0007277973927557468, -0.0011812426382675767)
[INFO] [1775394525.860764172] [navNode]: 状态4：WaitAim--[A6]
[INFO] [1775394525.861216913] [navNode]: 未到目标点
目标位置:(0.0, 0.0, 0.1)-[A6]-[MCU:False]-[POS:False]
当前位置:(-0.0010724782478064299, -0.00085032096831128, -0.0015413362998515368)
[INFO] [1775394525.960594304] [navNode]: 状态4：WaitAim--[A6]
[INFO] [1775394525.961129187] [navNode]: 未到目标点
目标位置:(0.0, 0.0, 0.1)-[A6]-[MCU:False]-[POS:False]
当前位置:(-0.0005737956962548196, -0.0004771529929712415, -0.0024385591968894005)
[INFO] [1775394526.060834466] [navNode]: 状态4：WaitAim--[A6]
[INFO] [1775394526.061382430] [navNode]: 未到目标点
目标位置:(0.0, 0.0, 0.1)-[A6]-[MCU:False]-[POS:False]
当前位置:(-0.0011510229669511318, -0.0006822334253229201, -0.0016653422499075532)
[INFO] [1775394526.160651115] [navNode]: 状态4：WaitAim--[A6]
[INFO] [1775394526.161414231] [navNode]: 未到目标点
目标位置:(0.0, 0.0, 0.1)-[A6]-[MCU:False]-[POS:False]
当前位置:(-0.0012576697627082467, -0.0007998049259185791, -0.001089127967134118)
[INFO] [1775394526.260433363] [navNode]: 状态4：WaitAim--[A6]
[INFO] [1775394526.260870165] [navNode]: 未到目标点
目标位置:(0.0, 0.0, 0.1)-[A6]-[MCU:False]-[POS:False]
当前位置:(-0.0012148722307756543, -0.0007797734579071403, -0.0013307975605130196)
[INFO] [1775394526.361033832] [navNode]: 状态4：WaitAim--[A6]
[INFO] [1775394526.361617277] [navNode]: 未到目标点
目标位置:(0.0, 0.0, 0.1)-[A6]-[MCU:False]-[POS:False]
当前位置:(-0.0010063510853797197, -0.0006688665016554296, -0.0011407494312152267)
[INFO] [1775394526.460854777] [navNode]: 状态4：WaitAim--[A6]
[INFO] [1775394526.461491992] [navNode]: 未到目标点
目标位置:(0.0, 0.0, 0.1)-[A6]-[MCU:False]-[POS:False]
当前位置:(-0.0006378315738402307, -0.0005604157922789454, -0.00221457052975893)
[INFO] [1775394526.560491176] [navNode]: 状态4：WaitAim--[A6]
[INFO] [1775394526.561344131] [navNode]: 未到目标点
目标位置:(0.0, 0.0, 0.1)-[A6]-[MCU:False]-[POS:False]
当前位置:(-0.0003159591869916767, -0.00044286303455010056, -0.0021521062590181828)
[INFO] [1775394526.661110407] [navNode]: 状态4：WaitAim--[A6]
[INFO] [1775394526.662305532] [navNode]: 未到目标点
目标位置:(0.0, 0.0, 0.1)-[A6]-[MCU:False]-[POS:False]
当前位置:(-0.0012143939966335893, -0.0006313069025054574, -0.0004895788733847439)
[INFO] [1775394526.760887968] [navNode]: 状态4：WaitAim--[A6]
[INFO] [1775394526.761375671] [navNode]: 未到目标点
目标位置:(0.0, 0.0, 0.1)-[A6]-[MCU:False]-[POS:False]
当前位置:(-0.0011208675568923354, -0.0007109302096068859, -0.0011622165329754353)
[INFO] [1775394526.861270536] [navNode]: 状态4：WaitAim--[A6]
[INFO] [1775394526.862633075] [navNode]: 未到目标点
目标位置:(0.0, 0.0, 0.1)-[A6]-[MCU:False]-[POS:False]
当前位置:(-0.0012961773900315166, -0.0007903153891675174, -0.0013173765037208796)
[INFO] [1775394526.962385113] [navNode]: 状态4：WaitAim--[A6]
[INFO] [1775394526.963547808] [navNode]: 未到目标点
目标位置:(0.0, 0.0, 0.1)-[A6]-[MCU:False]-[POS:False]
当前位置:(-0.00155580323189497, -0.0008332944707944989, -0.0012117821024730802)
[INFO] [1775394527.061455372] [navNode]: 状态4：WaitAim--[A6]
[INFO] [1775394527.062371994] [navNode]: 未到目标点
目标位置:(0.0, 0.0, 0.1)-[A6]-[MCU:False]-[POS:False]
当前位置:(-0.0013882211642339826, -0.0009949938394129276, -0.0013701643329113722)
[INFO] [1775394527.160817705] [navNode]: 状态4：WaitAim--[A6]
[INFO] [1775394527.161336586] [navNode]: 未到目标点
目标位置:(0.0, 0.0, 0.1)-[A6]-[MCU:False]-[POS:False]
当前位置:(-0.001471157418563962, -0.0008894191705621779, -0.0014537747483700514)
[INFO] [1775394527.262407304] [navNode]: 状态4：WaitAim--[A6]
[INFO] [1775394527.264133867] [navNode]: 未到目标点
目标位置:(0.0, 0.0, 0.1)-[A6]-[MCU:False]-[POS:False]
当前位置:(-0.0016168373404070735, -0.0009874040260910988, -0.0015074115945026278)
[INFO] [1775394527.361157790] [navNode]: 状态4：WaitAim--[A6]
[INFO] [1775394527.362076733] [navNode]: 未到目标点
目标位置:(0.0, 0.0, 0.1)-[A6]-[MCU:False]-[POS:False]
当前位置:(-0.0011586943874135613, -0.0008681277395226061, -0.001552730449475348)
[INFO] [1775394527.461541720] [navNode]: 状态4：WaitAim--[A6]
[INFO] [1775394527.462046194] [navNode]: 未到目标点
目标位置:(0.0, 0.0, 0.1)-[A6]-[MCU:False]-[POS:False]
当前位置:(-0.000964755134191364, -0.0006809274782426655, -0.0023785189259797335)
[INFO] [1775394527.561845002] [navNode]: 状态4：WaitAim--[A6]
[INFO] [1775394527.562910771] [navNode]: 未到目标点
目标位置:(0.0, 0.0, 0.1)-[A6]-[MCU:False]-[POS:False]
当前位置:(-0.001425464521162212, -0.0009999554604291916, -0.0015284448163583875)
[INFO] [1775394527.661164673] [navNode]: 状态4：WaitAim--[A6]
[INFO] [1775394527.661759834] [navNode]: 未到目标点
目标位置:(0.0, 0.0, 0.1)-[A6]-[MCU:False]-[POS:False]
当前位置:(-0.0013285541208460927, -0.0008083965512923896, -0.0011396720074117184)
[INFO] [1775394527.762028946] [navNode]: 状态4：WaitAim--[A6]
[INFO] [1775394527.762851304] [navNode]: 未到目标点
目标位置:(0.0, 0.0, 0.1)-[A6]-[MCU:False]-[POS:False]
当前位置:(-0.0008524784934706986, -0.000856207509059459, -0.0019014818826690316)
[INFO] [1775394527.861781458] [navNode]: 状态4：WaitAim--[A6]
[INFO] [1775394527.863071421] [navNode]: 未到目标点
目标位置:(0.0, 0.0, 0.1)-[A6]-[MCU:False]-[POS:False]
当前位置:(-0.0012551265535876155, -0.0007141010137274861, -0.0016175988130271435)
[INFO] [1775394527.960521322] [navNode]: 状态4：WaitAim--[A6]
[INFO] [1775394527.961019641] [navNode]: 未到目标点
目标位置:(0.0, 0.0, 0.1)-[A6]-[MCU:False]-[POS:False]
当前位置:(-0.0013164940755814314, -0.000896996003575623, -0.001756756566464901)
[INFO] [1775394528.061306416] [navNode]: 状态4：WaitAim--[A6]
[INFO] [1775394528.062403724] [navNode]: 未到目标点
目标位置:(0.0, 0.0, 0.1)-[A6]-[MCU:False]-[POS:False]
当前位置:(-0.0008683507912792265, -0.0007524698739871383, -0.0013770177029073238)
[INFO] [1775394528.160397006] [navNode]: 状态4：WaitAim--[A6]
[INFO] [1775394528.160844834] [navNode]: 未到目标点
目标位置:(0.0, 0.0, 0.1)-[A6]-[MCU:False]-[POS:False]
当前位置:(-0.0013364700134843588, -0.0008299082983285189, -0.0012652375735342503)
[INFO] [1775394528.261106884] [navNode]: 状态4：WaitAim--[A6]
[INFO] [1775394528.261819116] [navNode]: 未到目标点
目标位置:(0.0, 0.0, 0.1)-[A6]-[MCU:False]-[POS:False]
当前位置:(-0.0006863512098789215, -0.0006317422958090901, -0.0022270013578236103)
[INFO] [1775394528.361241244] [navNode]: 状态4：WaitAim--[A6]
[INFO] [1775394528.361965621] [navNode]: 未到目标点
目标位置:(0.0, 0.0, 0.1)-[A6]-[MCU:False]-[POS:False]
当前位置:(-0.0011477619409561157, -0.0007132756290957332, -0.0009299457306042314)
[INFO] [1775394528.460628329] [navNode]: 状态4：WaitAim--[A6]
[INFO] [1775394528.461176058] [navNode]: 未到目标点
目标位置:(0.0, 0.0, 0.1)-[A6]-[MCU:False]-[POS:False]
当前位置:(-0.0010533449240028858, -0.0006803346914239228, -0.0010890578851103783)
[INFO] [1775394528.561320319] [navNode]: 状态4：WaitAim--[A6]
[INFO] [1775394528.561866638] [navNode]: 未到目标点
目标位置:(0.0, 0.0, 0.1)-[A6]-[MCU:False]-[POS:False]
当前位置:(-0.0015294905751943588, -0.0008269273675978184, -0.0011206952622160316)
[INFO] [1775394528.660789101] [navNode]: 状态4：WaitAim--[A6]
[INFO] [1775394528.661293998] [navNode]: 未到目标点
目标位置:(0.0, 0.0, 0.1)-[A6]-[MCU:False]-[POS:False]
当前位置:(-0.0014994643861427903, -0.0009560614707879722, -0.001461343257687986)
[INFO] [1775394528.761367708] [navNode]: 状态4：WaitAim--[A6]
[INFO] [1775394528.761828778] [navNode]: 未到目标点
目标位置:(0.0, 0.0, 0.1)-[A6]-[MCU:False]-[POS:False]
当前位置:(-0.0016085155075415969, -0.0008683905471116304, -0.0011341174831613898)
[INFO] [1775394528.862279779] [navNode]: 状态4：WaitAim--[A6]
[INFO] [1775394528.863016422] [navNode]: 未到目标点
目标位置:(0.0, 0.0, 0.1)-[A6]-[MCU:False]-[POS:False]
当前位置:(-0.0012827325845137239, -0.0008510986808687449, -0.0013540140353143215)
[INFO] [1775394528.961880475] [navNode]: 状态4：WaitAim--[A6]
[INFO] [1775394528.962529115] [navNode]: 未到目标点
目标位置:(0.0, 0.0, 0.1)-[A6]-[MCU:False]-[POS:False]
当前位置:(-0.0011661611497402191, -0.0006039564032107592, -0.0007793129771016538)
[INFO] [1775394529.060762137] [navNode]: 状态4：WaitAim--[A6]
[INFO] [1775394529.061313886] [navNode]: 未到目标点
目标位置:(0.0, 0.0, 0.1)-[A6]-[MCU:False]-[POS:False]
当前位置:(-0.0006698969518765807, -0.0006400555721484125, -0.0020917754154652357)
[INFO] [1775394529.160709369] [navNode]: 状态4：WaitAim--[A6]
[INFO] [1775394529.161180902] [navNode]: 未到目标点
目标位置:(0.0, 0.0, 0.1)-[A6]-[MCU:False]-[POS:False]
当前位置:(-0.0010597080690786242, -0.0009624828235246241, -0.0017265680944547057)
[INFO] [1775394529.260757633] [navNode]: 状态4：WaitAim--[A6]
[INFO] [1775394529.261242679] [navNode]: 未到目标点
目标位置:(0.0, 0.0, 0.1)-[A6]-[MCU:False]-[POS:False]
当前位置:(-0.0014473871560767293, -0.0008554190280847251, -0.0012175253359600902)
[INFO] [1775394529.360616607] [navNode]: 状态4：WaitAim--[A6]
[INFO] [1775394529.361126566] [navNode]: 未到目标点
目标位置:(0.0, 0.0, 0.1)-[A6]-[MCU:False]-[POS:False]
当前位置:(-0.0016939014894887805, -0.0009171274723485112, -0.0011743432842195034)
[INFO] [1775394529.461577703] [navNode]: 状态4：WaitAim--[A6]
[INFO] [1775394529.462202075] [navNode]: 未到目标点
目标位置:(0.0, 0.0, 0.1)-[A6]-[MCU:False]-[POS:False]
当前位置:(-0.0014705637004226446, -0.0009246115223504603, -0.001425130874849856)
[INFO] [1775394529.560519028] [navNode]: 状态4：WaitAim--[A6]
[INFO] [1775394529.561000975] [navNode]: 未到目标点
目标位置:(0.0, 0.0, 0.1)-[A6]-[MCU:False]-[POS:False]
当前位置:(-0.0012112751137465239, -0.0007861416088417172, -0.0012471986701712012)
[INFO] [1775394529.660622709] [navNode]: 状态4：WaitAim--[A6]
[INFO] [1775394529.661124019] [navNode]: 未到目标点
目标位置:(0.0, 0.0, 0.1)-[A6]-[MCU:False]-[POS:False]
当前位置:(-0.001309255021624267, -0.0007296882104128599, -0.0009210052085109055)
[INFO] [1775394529.760724942] [navNode]: 状态4：WaitAim--[A6]
[INFO] [1775394529.761677760] [navNode]: 未到目标点
目标位置:(0.0, 0.0, 0.1)-[A6]-[MCU:False]-[POS:False]
当前位置:(-0.0009698645444586873, -0.0006652840529568493, -0.001096033025532961)
[INFO] [1775394529.860963067] [navNode]: 状态4：WaitAim--[A6]
[INFO] [1775394529.861497435] [navNode]: 未到目标点
目标位置:(0.0, 0.0, 0.1)-[A6]-[MCU:False]-[POS:False]
当前位置:(-0.0007324873004108667, -0.0006401374703273177, -0.0012264666147530079)
[INFO] [1775394529.960478798] [navNode]: 状态4：WaitAim--[A6]
[INFO] [1775394529.960941489] [navNode]: 未到目标点
目标位置:(0.0, 0.0, 0.1)-[A6]-[MCU:False]-[POS:False]
当前位置:(-0.001144240377470851, -0.000728397979401052, -0.0011441279202699661)
[INFO] [1775394530.060467258] [navNode]: 状态4：WaitAim--[A6]
[INFO] [1775394530.060906360] [navNode]: 未到目标点
目标位置:(0.0, 0.0, 0.1)-[A6]-[MCU:False]-[POS:False]
当前位置:(-0.0012863422743976116, -0.0008416108903475106, -0.0012611703714355826)
[INFO] [1775394530.160380297] [navNode]: 状态4：WaitAim--[A6]
[INFO] [1775394530.160798260] [navNode]: 未到目标点
目标位置:(0.0, 0.0, 0.1)-[A6]-[MCU:False]-[POS:False]
当前位置:(-0.0010421398328617215, -0.0006696100463159382, -0.001111287740059197)
[INFO] [1775394530.260422758] [navNode]: 状态4：WaitAim--[A6]
[INFO] [1775394530.260837863] [navNode]: 未到目标点
目标位置:(0.0, 0.0, 0.1)-[A6]-[MCU:False]-[POS:False]
当前位置:(-0.0010428258683532476, -0.0006761339027434587, -0.001152140204794705)
[INFO] [1775394530.360399501] [navNode]: 状态4：WaitAim--[A6]
[INFO] [1775394530.360867440] [navNode]: 未到目标点
目标位置:(0.0, 0.0, 0.1)-[A6]-[MCU:False]-[POS:False]
当前位置:(-0.0011341114295646548, -0.000741944822948426, -0.0011468558805063367)
[INFO] [1775394530.460388344] [navNode]: 状态4：WaitAim--[A6]
[INFO] [1775394530.460808101] [navNode]: 未到目标点
目标位置:(0.0, 0.0, 0.1)-[A6]-[MCU:False]-[POS:False]
当前位置:(-0.0009591591660864651, -0.0006517007714137435, -0.001136281993240118)
[INFO] [1775394530.560465900] [navNode]: 状态4：WaitAim--[A6]
[INFO] [1775394530.560879513] [navNode]: 未到目标点
目标位置:(0.0, 0.0, 0.1)-[A6]-[MCU:False]-[POS:False]
当前位置:(-0.0012102504260838032, -0.0006649204296991229, -0.0008683308260515332)
[INFO] [1775394530.660419368] [navNode]: 状态4：WaitAim--[A6]
[INFO] [1775394530.660872228] [navNode]: 未到目标点
目标位置:(0.0, 0.0, 0.1)-[A6]-[MCU:False]-[POS:False]
当前位置:(-0.0009634122834540904, -0.0006205540848895907, -0.001042596180923283)
[INFO] [1775394530.760419513] [navNode]: 状态4：WaitAim--[A6]
[INFO] [1775394530.761140295] [navNode]: 未到目标点
目标位置:(0.0, 0.0, 0.1)-[A6]-[MCU:False]-[POS:False]
当前位置:(-0.00024020970158744603, -0.00031271317857317626, -0.00268576480448246)
[INFO] [1775394530.860616167] [navNode]: 状态4：WaitAim--[A6]
[INFO] [1775394530.861090066] [navNode]: 未到目标点
目标位置:(0.0, 0.0, 0.1)-[A6]-[MCU:False]-[POS:False]
当前位置:(-0.0011802718508988619, -0.0006971714901737869, -0.0007305987528525293)
[INFO] [1775394530.960677010] [navNode]: 状态4：WaitAim--[A6]
[INFO] [1775394530.961107688] [navNode]: 未到目标点
目标位置:(0.0, 0.0, 0.1)-[A6]-[MCU:False]-[POS:False]
当前位置:(-0.001084428047761321, -0.0006456883274950087, -0.0009938604198396206)
[INFO] [1775394531.061892197] [navNode]: 状态4：WaitAim--[A6]
[INFO] [1775394531.062389439] [navNode]: 未到目标点
目标位置:(0.0, 0.0, 0.1)-[A6]-[MCU:False]-[POS:False]
当前位置:(-0.0012679656501859426, -0.0008314971928484738, -0.0013681894633919)
[INFO] [1775394531.160664163] [navNode]: 状态4：WaitAim--[A6]
[INFO] [1775394531.161171414] [navNode]: 未到目标点
目标位置:(0.0, 0.0, 0.1)-[A6]-[MCU:False]-[POS:False]
当前位置:(-0.0006267687422223389, -0.0005496165831573308, -0.003114937338978052)
[INFO] [1775394531.261469225] [navNode]: 状态4：WaitAim--[A6]
[INFO] [1775394531.261932849] [navNode]: 未到目标点
目标位置:(0.0, 0.0, 0.1)-[A6]-[MCU:False]-[POS:False]
当前位置:(-0.0011581259313970804, -0.0006975006544962525, -0.0007654327782802284)
[INFO] [1775394531.360759815] [navNode]: 状态4：WaitAim--[A6]
[INFO] [1775394531.361350926] [navNode]: 未到目标点
目标位置:(0.0, 0.0, 0.1)-[A6]-[MCU:False]-[POS:False]
当前位置:(-0.0008841024828143418, -0.00062975799664855, -0.0010690646013244987)
[INFO] [1775394531.460860885] [navNode]: 状态4：WaitAim--[A6]
[INFO] [1775394531.461698470] [navNode]: 未到目标点
目标位置:(0.0, 0.0, 0.1)-[A6]-[MCU:False]-[POS:False]
当前位置:(-0.0011136457324028015, -0.0007810051902197301, -0.0012326581636443734)
[INFO] [1775394531.561035644] [navNode]: 状态4：WaitAim--[A6]
[INFO] [1775394531.561567127] [navNode]: 未到目标点
目标位置:(0.0, 0.0, 0.1)-[A6]-[MCU:False]-[POS:False]
当前位置:(-0.0014266381040215492, -0.0008467238512821496, -0.0013462938368320465)
[INFO] [1775394531.660736440] [navNode]: 状态4：WaitAim--[A6]
[INFO] [1775394531.661233071] [navNode]: 未到目标点
目标位置:(0.0, 0.0, 0.1)-[A6]-[MCU:False]-[POS:False]
当前位置:(-0.000785247830208391, -0.0008006092393770814, -0.0022989585995674133)
[INFO] [1775394531.761086479] [navNode]: 状态4：WaitAim--[A6]
[INFO] [1775394531.761710753] [navNode]: 未到目标点
目标位置:(0.0, 0.0, 0.1)-[A6]-[MCU:False]-[POS:False]
当前位置:(-0.0012935636332258582, -0.000886201742105186, -0.001771499402821064)
[INFO] [1775394531.860813453] [navNode]: 状态4：WaitAim--[A6]
[INFO] [1775394531.861291084] [navNode]: 未到目标点
目标位置:(0.0, 0.0, 0.1)-[A6]-[MCU:False]-[POS:False]
当前位置:(-0.0018628814723342657, -0.0009638377232477069, -0.001110928482376039)
[INFO] [1775394531.960625212] [navNode]: 状态4：WaitAim--[A6]
[INFO] [1775394531.961100384] [navNode]: 未到目标点
目标位置:(0.0, 0.0, 0.1)-[A6]-[MCU:False]-[POS:False]
当前位置:(-0.000735942623578012, -0.0006738174124620855, -0.002253492595627904)
[INFO] [1775394532.060890787] [navNode]: 状态4：WaitAim--[A6]
[INFO] [1775394532.061808923] [navNode]: 未到目标点
目标位置:(0.0, 0.0, 0.1)-[A6]-[MCU:False]-[POS:False]
当前位置:(-0.0007331723463721573, -0.000620409322436899, -0.0018270297441631556)
[INFO] [1775394532.160876739] [navNode]: 状态4：WaitAim--[A6]
[INFO] [1775394532.161376572] [navNode]: 未到目标点
目标位置:(0.0, 0.0, 0.1)-[A6]-[MCU:False]-[POS:False]
当前位置:(-0.0014779746998101473, -0.0009001847356557846, -0.0011577390832826495)
[INFO] [1775394532.261518870] [navNode]: 状态4：WaitAim--[A6]
[INFO] [1775394532.262369434] [navNode]: 未到目标点
目标位置:(0.0, 0.0, 0.1)-[A6]-[MCU:False]-[POS:False]
当前位置:(-0.0014173900708556175, -0.0008938682149164379, -0.0012969296658411622)
[INFO] [1775394532.361217501] [navNode]: 状态4：WaitAim--[A6]
[INFO] [1775394532.361812254] [navNode]: 未到目标点
目标位置:(0.0, 0.0, 0.1)-[A6]-[MCU:False]-[POS:False]
当前位置:(-0.0006023850291967392, -0.0005830550217069685, -0.0025735008530318737)
[INFO] [1775394532.461479627] [navNode]: 状态4：WaitAim--[A6]
[INFO] [1775394532.461992888] [navNode]: 未到目标点
目标位置:(0.0, 0.0, 0.1)-[A6]-[MCU:False]-[POS:False]
当前位置:(-0.0014720142353326082, -0.0007616957300342619, -0.0006799025577493012)
[INFO] [1775394532.560916572] [navNode]: 状态4：WaitAim--[A6]
[INFO] [1775394532.561431686] [navNode]: 未到目标点
目标位置:(0.0, 0.0, 0.1)-[A6]-[MCU:False]-[POS:False]
当前位置:(-0.0011677461443468928, -0.00074850331293419, -0.0012398632243275642)
[INFO] [1775394532.660927285] [navNode]: 状态4：WaitAim--[A6]
[INFO] [1775394532.661568483] [navNode]: 未到目标点
目标位置:(0.0, 0.0, 0.1)-[A6]-[MCU:False]-[POS:False]
当前位置:(-0.0011898359516635537, -0.0007683141157031059, -0.001125497161410749)
[INFO] [1775394532.760695253] [navNode]: 状态4：WaitAim--[A6]
[INFO] [1775394532.761155615] [navNode]: 未到目标点
目标位置:(0.0, 0.0, 0.1)-[A6]-[MCU:False]-[POS:False]
当前位置:(-0.0012356936931610107, -0.0007646243320778012, -0.001235318835824728)
[INFO] [1775394532.860786934] [navNode]: 状态4：WaitAim--[A6]
[INFO] [1775394532.861323390] [navNode]: 未到目标点
目标位置:(0.0, 0.0, 0.1)-[A6]-[MCU:False]-[POS:False]
当前位置:(-0.001743230503052473, -0.0009026480838656425, -0.0011810751166194677)
[INFO] [1775394532.961858164] [navNode]: 状态4：WaitAim--[A6]
[INFO] [1775394532.962428982] [navNode]: 未到目标点
目标位置:(0.0, 0.0, 0.1)-[A6]-[MCU:False]-[POS:False]
当前位置:(-0.00134624307975173, -0.001001683296635747, -0.001664579613134265)
[INFO] [1775394533.061462444] [navNode]: 状态4：WaitAim--[A6]
[INFO] [1775394533.062069991] [navNode]: 未到目标点
目标位置:(0.0, 0.0, 0.1)-[A6]-[MCU:False]-[POS:False]
当前位置:(-0.0018847755854949355, -0.0010934585006907582, -0.0016036510933190584)
[INFO] [1775394533.161024038] [navNode]: 状态4：WaitAim--[A6]
[INFO] [1775394533.161552252] [navNode]: 未到目标点
目标位置:(0.0, 0.0, 0.1)-[A6]-[MCU:False]-[POS:False]
当前位置:(-0.0011841993546113372, -0.0008991206996142864, -0.0029041192028671503)
[INFO] [1775394533.261007642] [navNode]: 状态4：WaitAim--[A6]
[INFO] [1775394533.261621996] [navNode]: 未到目标点
目标位置:(0.0, 0.0, 0.1)-[A6]-[MCU:False]-[POS:False]
当前位置:(-0.0017880373634397984, -0.0010105526307597756, -0.001654938911087811)
[INFO] [1775394533.361194984] [navNode]: 状态4：WaitAim--[A6]
[INFO] [1775394533.361713384] [navNode]: 未到目标点
目标位置:(0.0, 0.0, 0.1)-[A6]-[MCU:False]-[POS:False]
当前位置:(-0.0016531681176275015, -0.0010049996199086308, -0.0013365744380280375)
[INFO] [1775394533.460613265] [navNode]: 状态4：WaitAim--[A6]
[INFO] [1775394533.461151198] [navNode]: 未到目标点
目标位置:(0.0, 0.0, 0.1)-[A6]-[MCU:False]-[POS:False]
当前位置:(-0.001065954682417214, -0.0007510982686653733, -0.0017715411959215999)
[INFO] [1775394533.560640037] [navNode]: 状态4：WaitAim--[A6]
[INFO] [1775394533.561118097] [navNode]: 未到目标点
目标位置:(0.0, 0.0, 0.1)-[A6]-[MCU:False]-[POS:False]
当前位置:(-0.0006252778694033623, -0.0005156100960448384, -0.0022670114412903786)
[INFO] [1775394533.660955839] [navNode]: 状态4：WaitAim--[A6]
[INFO] [1775394533.661520709] [navNode]: 未到目标点
目标位置:(0.0, 0.0, 0.1)-[A6]-[MCU:False]-[POS:False]
当前位置:(-0.0010326222982257605, -0.0009385580196976662, -0.001423969049938023)
[INFO] [1775394533.761039835] [navNode]: 状态4：WaitAim--[A6]
[INFO] [1775394533.761606261] [navNode]: 未到目标点
目标位置:(0.0, 0.0, 0.1)-[A6]-[MCU:False]-[POS:False]
当前位置:(-0.001138851628638804, -0.0007294495590031147, -0.0010341634042561054)
[INFO] [1775394533.860690434] [navNode]: 状态4：WaitAim--[A6]
[INFO] [1775394533.861510411] [navNode]: 未到目标点
目标位置:(0.0, 0.0, 0.1)-[A6]-[MCU:False]-[POS:False]
当前位置:(-0.0011419965885579586, -0.0007463271031156182, -0.0012466886546462774)
[INFO] [1775394533.960684933] [navNode]: 状态4：WaitAim--[A6]
[INFO] [1775394533.961144437] [navNode]: 未到目标点
目标位置:(0.0, 0.0, 0.1)-[A6]-[MCU:False]-[POS:False]
当前位置:(-0.0012076906859874725, -0.0007771081291139126, -0.0011856498895213008)
[INFO] [1775394534.060741572] [navNode]: 状态4：WaitAim--[A6]
[INFO] [1775394534.061236638] [navNode]: 未到目标点
目标位置:(0.0, 0.0, 0.1)-[A6]-[MCU:False]-[POS:False]
当前位置:(-0.0013087621191516519, -0.0006592998979613185, -0.0008458034717477858)
[INFO] [1775394534.161075890] [navNode]: 状态4：WaitAim--[A6]
[INFO] [1775394534.161695138] [navNode]: 未到目标点
目标位置:(0.0, 0.0, 0.1)-[A6]-[MCU:False]-[POS:False]
当前位置:(-0.0009200265049003065, -0.0007691910141147673, -0.0015811400953680277)
[INFO] [1775394534.260364802] [navNode]: 状态4：WaitAim--[A6]
[INFO] [1775394534.260804520] [navNode]: 未到目标点
目标位置:(0.0, 0.0, 0.1)-[A6]-[MCU:False]-[POS:False]
当前位置:(-0.0012097342405468225, -0.0006713212351314723, -0.0007329595973715186)
[INFO] [1775394534.360707702] [navNode]: 状态4：WaitAim--[A6]
[INFO] [1775394534.361115749] [navNode]: 未到目标点
目标位置:(0.0, 0.0, 0.1)-[A6]-[MCU:False]-[POS:False]
当前位置:(-0.0010014756117016077, -0.0006552985869348049, -0.0010866634547710419)
[INFO] [1775394534.460658946] [navNode]: 状态4：WaitAim--[A6]
[INFO] [1775394534.461295013] [navNode]: 未到目标点
目标位置:(0.0, 0.0, 0.1)-[A6]-[MCU:False]-[POS:False]
当前位置:(-0.0007371719693765044, -0.0006325846188701689, -0.0012567866360768676)
[INFO] [1775394534.560696816] [navNode]: 状态4：WaitAim--[A6]
[INFO] [1775394534.561232725] [navNode]: 未到目标点
目标位置:(0.0, 0.0, 0.1)-[A6]-[MCU:False]-[POS:False]
当前位置:(-0.0004477938055060804, -0.000572020304389298, -0.002269183984026313)
[INFO] [1775394534.660713615] [navNode]: 状态4：WaitAim--[A6]
[INFO] [1775394534.661168982] [navNode]: 未到目标点
目标位置:(0.0, 0.0, 0.1)-[A6]-[MCU:False]-[POS:False]
当前位置:(-0.0012278417125344276, -0.0006422636215575039, -0.0010915338061749935)
[INFO] [1775394534.760705395] [navNode]: 状态4：WaitAim--[A6]
[INFO] [1775394534.761211247] [navNode]: 未到目标点
目标位置:(0.0, 0.0, 0.1)-[A6]-[MCU:False]-[POS:False]
当前位置:(-0.0012338913511484861, -0.0008073635981418192, -0.0011381028452888131)
[INFO] [1775394534.860603047] [navNode]: 状态4：WaitAim--[A6]
[INFO] [1775394534.861514851] [navNode]: 未到目标点
目标位置:(0.0, 0.0, 0.1)-[A6]-[MCU:False]-[POS:False]
当前位置:(-0.0011601197766140103, -0.0007508127600885928, -0.0011843832908198237)
[INFO] [1775394534.960699934] [navNode]: 状态4：WaitAim--[A6]
[INFO] [1775394534.961147019] [navNode]: 未到目标点
目标位置:(0.0, 0.0, 0.1)-[A6]-[MCU:False]-[POS:False]
当前位置:(-0.0007236193050630391, -0.0005269225221127272, -0.000894795695785433)
[INFO] [1775394535.061813091] [navNode]: 状态4：WaitAim--[A6]
[INFO] [1775394535.062860929] [navNode]: 未到目标点
目标位置:(0.0, 0.0, 0.1)-[A6]-[MCU:False]-[POS:False]
当前位置:(-0.0007818062440492213, -0.0005375188775360584, -0.0008970576454885304)
[INFO] [1775394535.161338141] [navNode]: 状态4：WaitAim--[A6]
[INFO] [1775394535.162185493] [navNode]: 未到目标点
目标位置:(0.0, 0.0, 0.1)-[A6]-[MCU:False]-[POS:False]
当前位置:(-0.0005817828350700438, -0.0005590501241385937, -0.0011063748970627785)
[INFO] [1775394535.261307527] [navNode]: 状态4：WaitAim--[A6]
[INFO] [1775394535.261987221] [navNode]: 未到目标点
目标位置:(0.0, 0.0, 0.1)-[A6]-[MCU:False]-[POS:False]
当前位置:(-0.001042565330862999, -0.000550327415112406, -0.0006857810658402741)
[INFO] [1775394535.361563956] [navNode]: 状态4：WaitAim--[A6]
[INFO] [1775394535.362119932] [navNode]: 未到目标点
目标位置:(0.0, 0.0, 0.1)-[A6]-[MCU:False]-[POS:False]
当前位置:(-0.001327711041085422, -0.0008149897330440581, -0.0013334237737581134)
[INFO] [1775394535.460504530] [navNode]: 状态4：WaitAim--[A6]
[INFO] [1775394535.461023733] [navNode]: 未到目标点
目标位置:(0.0, 0.0, 0.1)-[A6]-[MCU:False]-[POS:False]
当前位置:(-0.0013353126123547554, -0.0008493292843922973, -0.0013457087334245443)
[INFO] [1775394535.560721490] [navNode]: 状态4：WaitAim--[A6]
[INFO] [1775394535.561227304] [navNode]: 未到目标点
目标位置:(0.0, 0.0, 0.1)-[A6]-[MCU:False]-[POS:False]
当前位置:(-0.0009326299768872559, -0.0007256888202391565, -0.0013299750862643123)
[INFO] [1775394535.660675358] [navNode]: 状态4：WaitAim--[A6]
[INFO] [1775394535.661170453] [navNode]: 未到目标点
目标位置:(0.0, 0.0, 0.1)-[A6]-[MCU:False]-[POS:False]
当前位置:(-0.0009412823128513992, -0.0006351749179884791, -0.0010027459356933832)
[INFO] [1775394535.760843137] [navNode]: 状态4：WaitAim--[A6]
[INFO] [1775394535.761364688] [navNode]: 未到目标点
目标位置:(0.0, 0.0, 0.1)-[A6]-[MCU:False]-[POS:False]
当前位置:(-0.000722631230019033, -0.0007803653716109693, -0.002172354143112898)
[INFO] [1775394535.860462830] [navNode]: 状态4：WaitAim--[A6]
[INFO] [1775394535.860948026] [navNode]: 未到目标点
目标位置:(0.0, 0.0, 0.1)-[A6]-[MCU:False]-[POS:False]
当前位置:(-0.0009264924447052181, -0.0006129003595560789, -0.000984352664090693)
[INFO] [1775394535.960568639] [navNode]: 状态4：WaitAim--[A6]
[INFO] [1775394535.961034131] [navNode]: 未到目标点
目标位置:(0.0, 0.0, 0.1)-[A6]-[MCU:False]-[POS:False]
当前位置:(-0.0011205363553017378, -0.0007063091034069657, -0.0010863619390875101)
[INFO] [1775394536.060647807] [navNode]: 状态4：WaitAim--[A6]
[INFO] [1775394536.061157440] [navNode]: 未到目标点
目标位置:(0.0, 0.0, 0.1)-[A6]-[MCU:False]-[POS:False]
当前位置:(-0.0009385644807480276, -0.0007733175298199058, -0.0012906555784866214)
[INFO] [1775394536.160554867] [navNode]: 状态4：WaitAim--[A6]
[INFO] [1775394536.161112817] [navNode]: 未到目标点
目标位置:(0.0, 0.0, 0.1)-[A6]-[MCU:False]-[POS:False]
当前位置:(-0.0011270219692960382, -0.0008724593208171427, -0.0014723227359354496)
[INFO] [1775394536.261404092] [navNode]: 状态4：WaitAim--[A6]
[INFO] [1775394536.262076742] [navNode]: 未到目标点
目标位置:(0.0, 0.0, 0.1)-[A6]-[MCU:False]-[POS:False]
当前位置:(-0.0012350588804110885, -0.0006521251052618027, -0.0007965905824676156)
[INFO] [1775394536.360630591] [navNode]: 状态4：WaitAim--[A6]
[INFO] [1775394536.361205816] [navNode]: 未到目标点
目标位置:(0.0, 0.0, 0.1)-[A6]-[MCU:False]-[POS:False]
当前位置:(-0.0013763196766376495, -0.0008208639919757843, -0.001299550523981452)
[INFO] [1775394536.460674981] [navNode]: 状态4：WaitAim--[A6]
[INFO] [1775394536.461160029] [navNode]: 未到目标点
目标位置:(0.0, 0.0, 0.1)-[A6]-[MCU:False]-[POS:False]
当前位置:(-0.001338089583441615, -0.0008307984098792076, -0.0012681775260716677)
[INFO] [1775394536.560658337] [navNode]: 状态4：WaitAim--[A6]
[INFO] [1775394536.561098256] [navNode]: 未到目标点
目标位置:(0.0, 0.0, 0.1)-[A6]-[MCU:False]-[POS:False]
当前位置:(-0.0007849708199501038, -0.0006067706854082644, -0.001983432099223137)
[INFO] [1775394536.661816356] [navNode]: 状态4：WaitAim--[A6]
[INFO] [1775394536.663103943] [navNode]: 未到目标点
目标位置:(0.0, 0.0, 0.1)-[A6]-[MCU:False]-[POS:False]
当前位置:(-0.0007485227542929351, -0.0006368625909090042, -0.0014782048529013991)
[INFO] [1775394536.761173783] [navNode]: 状态4：WaitAim--[A6]
[INFO] [1775394536.761780402] [navNode]: 未到目标点
目标位置:(0.0, 0.0, 0.1)-[A6]-[MCU:False]-[POS:False]
当前位置:(-0.0009186729439534247, -0.0006317393272183836, -0.0008134758681990206)
[INFO] [1775394536.861364540] [navNode]: 状态4：WaitAim--[A6]
[INFO] [1775394536.861989404] [navNode]: 未到目标点
目标位置:(0.0, 0.0, 0.1)-[A6]-[MCU:False]-[POS:False]
当前位置:(-0.001052815350703895, -0.0006837064865976572, -0.0011118558468297124)
[INFO] [1775394536.960936685] [navNode]: 状态4：WaitAim--[A6]
[INFO] [1775394536.961554882] [navNode]: 未到目标点
目标位置:(0.0, 0.0, 0.1)-[A6]-[MCU:False]-[POS:False]
当前位置:(-0.0011659025913104415, -0.0007353344699367881, -0.0011102224234491587)
[INFO] [1775394537.061101312] [navNode]: 状态4：WaitAim--[A6]
[INFO] [1775394537.061679398] [navNode]: 未到目标点
目标位置:(0.0, 0.0, 0.1)-[A6]-[MCU:False]-[POS:False]
当前位置:(-0.0014859416987746954, -0.000960121862590313, -0.001420780667103827)
[INFO] [1775394537.161067334] [navNode]: 状态4：WaitAim--[A6]
[INFO] [1775394537.162297057] [navNode]: 未到目标点
目标位置:(0.0, 0.0, 0.1)-[A6]-[MCU:False]-[POS:False]
当前位置:(-0.0012066344497725368, -0.0008036651997826993, -0.0016640475951135159)
[INFO] [1775394537.260947494] [navNode]: 状态4：WaitAim--[A6]
[INFO] [1775394537.261613903] [navNode]: 未到目标点
目标位置:(0.0, 0.0, 0.1)-[A6]-[MCU:False]-[POS:False]
当前位置:(-0.0010044765658676624, -0.0007767945062369108, -0.0021552131511271)
[INFO] [1775394537.361228274] [navNode]: 状态4：WaitAim--[A6]
[INFO] [1775394537.361752529] [navNode]: 未到目标点
目标位置:(0.0, 0.0, 0.1)-[A6]-[MCU:False]-[POS:False]
当前位置:(-0.001105826930142939, -0.0005760983331128955, -0.0007224264554679394)
[INFO] [1775394537.460683612] [navNode]: 状态4：WaitAim--[A6]
[INFO] [1775394537.461181202] [navNode]: 未到目标点
目标位置:(0.0, 0.0, 0.1)-[A6]-[MCU:False]-[POS:False]
当前位置:(-0.0006970675312913954, -0.0006628031842410564, -0.001169700175523758)
[INFO] [1775394537.560696185] [navNode]: 状态4：WaitAim--[A6]
[INFO] [1775394537.561190053] [navNode]: 未到目标点
目标位置:(0.0, 0.0, 0.1)-[A6]-[MCU:False]-[POS:False]
当前位置:(-0.0007825841894373298, -0.0006189522100612521, -0.001992311328649521)
[INFO] [1775394537.661501255] [navNode]: 状态4：WaitAim--[A6]
[INFO] [1775394537.662049053] [navNode]: 未到目标点
目标位置:(0.0, 0.0, 0.1)-[A6]-[MCU:False]-[POS:False]
当前位置:(-0.001684034476056695, -0.0009744768030941486, -0.001238033757545054)
[INFO] [1775394537.760633620] [navNode]: 状态4：WaitAim--[A6]
[INFO] [1775394537.761205633] [navNode]: 未到目标点
目标位置:(0.0, 0.0, 0.1)-[A6]-[MCU:False]-[POS:False]
当前位置:(-0.0015370164765045047, -0.0009621914941817522, -0.001395204453729093)
[INFO] [1775394537.860847086] [navNode]: 状态4：WaitAim--[A6]
[INFO] [1775394537.861376943] [navNode]: 未到目标点
目标位置:(0.0, 0.0, 0.1)-[A6]-[MCU:False]-[POS:False]
当前位置:(-0.001936845830641687, -0.0009930282831192017, -0.001420757849700749)
[INFO] [1775394537.960588348] [navNode]: 状态4：WaitAim--[A6]
[INFO] [1775394537.961381567] [navNode]: 未到目标点
目标位置:(0.0, 0.0, 0.1)-[A6]-[MCU:False]-[POS:False]
当前位置:(-0.0015779518289491534, -0.0009702102397568524, -0.0015531695680692792)
[INFO] [1775394538.061353651] [navNode]: 状态4：WaitAim--[A6]
[INFO] [1775394538.061985603] [navNode]: 未到目标点
目标位置:(0.0, 0.0, 0.1)-[A6]-[MCU:False]-[POS:False]
当前位置:(-0.001169046270661056, -0.0007421548361890018, -0.0012002037838101387)
[INFO] [1775394538.161741952] [navNode]: 状态4：WaitAim--[A6]
[INFO] [1775394538.162322265] [navNode]: 未到目标点
目标位置:(0.0, 0.0, 0.1)-[A6]-[MCU:False]-[POS:False]
当前位置:(-0.0009495752165094018, -0.000685060047544539, -0.0010959138162434101)
[INFO] [1775394538.260841998] [navNode]: 状态4：WaitAim--[A6]
[INFO] [1775394538.261382249] [navNode]: 未到目标点
目标位置:(0.0, 0.0, 0.1)-[A6]-[MCU:False]-[POS:False]
当前位置:(-0.0014614497777074575, -0.0008821833180263638, -0.0013669680338352919)
[INFO] [1775394538.361293293] [navNode]: 状态4：WaitAim--[A6]
[INFO] [1775394538.362099898] [navNode]: 未到目标点
目标位置:(0.0, 0.0, 0.1)-[A6]-[MCU:False]-[POS:False]
当前位置:(-0.0015905607724562287, -0.0011250159004703164, -0.0017578492406755686)
[INFO] [1775394538.460771828] [navNode]: 状态4：WaitAim--[A6]
[INFO] [1775394538.461355669] [navNode]: 未到目标点
目标位置:(0.0, 0.0, 0.1)-[A6]-[MCU:False]-[POS:False]
当前位置:(-0.002147681312635541, -0.0010906176175922155, -0.0012822006829082966)
[INFO] [1775394538.561233276] [navNode]: 状态4：WaitAim--[A6]
[INFO] [1775394538.561997623] [navNode]: 未到目标点
目标位置:(0.0, 0.0, 0.1)-[A6]-[MCU:False]-[POS:False]
当前位置:(-0.0018620975315570831, -0.001274525304324925, -0.002025615656748414)
[INFO] [1775394538.661196421] [navNode]: 状态4：WaitAim--[A6]
[INFO] [1775394538.661718390] [navNode]: 未到目标点
目标位置:(0.0, 0.0, 0.1)-[A6]-[MCU:False]-[POS:False]
当前位置:(-0.001767099485732615, -0.0010402309708297253, -0.0014488992746919394)
[INFO] [1775394538.761432429] [navNode]: 状态4：WaitAim--[A6]
[INFO] [1775394538.762088615] [navNode]: 未到目标点
目标位置:(0.0, 0.0, 0.1)-[A6]-[MCU:False]-[POS:False]
当前位置:(-0.001745087094604969, -0.0010297296103090048, -0.0015419261762872338)
[INFO] [1775394538.860644010] [navNode]: 状态4：WaitAim--[A6]
[INFO] [1775394538.861218813] [navNode]: 未到目标点
目标位置:(0.0, 0.0, 0.1)-[A6]-[MCU:False]-[POS:False]
当前位置:(-0.0006907703937031329, -0.0006615050369873643, -0.002913051052019)
[INFO] [1775394538.961243819] [navNode]: 状态4：WaitAim--[A6]
[INFO] [1775394538.961813538] [navNode]: 未到目标点
目标位置:(0.0, 0.0, 0.1)-[A6]-[MCU:False]-[POS:False]
当前位置:(-0.0019096051109954715, -0.0011146136093884706, -0.0012370258336886764)
[INFO] [1775394539.060823424] [navNode]: 状态4：WaitAim--[A6]
[INFO] [1775394539.062043418] [navNode]: 未到目标点
目标位置:(0.0, 0.0, 0.1)-[A6]-[MCU:False]-[POS:False]
当前位置:(-0.0014039778616279364, -0.0008678091107867658, -0.0014283338095992804)
[INFO] [1775394539.160902641] [navNode]: 状态4：WaitAim--[A6]
[INFO] [1775394539.162330924] [navNode]: 未到目标点
目标位置:(0.0, 0.0, 0.1)-[A6]-[MCU:False]-[POS:False]
当前位置:(-0.000939109013415873, -0.0007727569318376482, -0.0022758226841688156)
[INFO] [1775394539.261345913] [navNode]: 状态4：WaitAim--[A6]
[INFO] [1775394539.262899644] [navNode]: 未到目标点
目标位置:(0.0, 0.0, 0.1)-[A6]-[MCU:False]-[POS:False]
当前位置:(-0.0014008735306560993, -0.000808979501016438, -0.0011447585420683026)
[INFO] [1775394539.361577282] [navNode]: 状态4：WaitAim--[A6]
[INFO] [1775394539.362132542] [navNode]: 未到目标点
目标位置:(0.0, 0.0, 0.1)-[A6]-[MCU:False]-[POS:False]
当前位置:(-0.0015872722724452615, -0.0008115546661429107, -0.0009775379439815879)
[INFO] [1775394539.461468745] [navNode]: 状态4：WaitAim--[A6]
[INFO] [1775394539.461957893] [navNode]: 未到目标点
目标位置:(0.0, 0.0, 0.1)-[A6]-[MCU:False]-[POS:False]
当前位置:(-0.0012376965023577213, -0.0009911583038046956, -0.0017621557926759124)
[INFO] [1775394539.560764524] [navNode]: 状态4：WaitAim--[A6]
[INFO] [1775394539.561288967] [navNode]: 未到目标点
目标位置:(0.0, 0.0, 0.1)-[A6]-[MCU:False]-[POS:False]
当前位置:(-0.0012376965023577213, -0.0009911583038046956, -0.0017621557926759124)
[INFO] [1775394539.660807624] [navNode]: 状态4：WaitAim--[A6]
[INFO] [1775394539.661337041] [navNode]: 未到目标点
目标位置:(0.0, 0.0, 0.1)-[A6]-[MCU:False]-[POS:False]
当前位置:(-0.0012376965023577213, -0.0009911583038046956, -0.0017621557926759124)
[INFO] [1775394539.761023265] [navNode]: 状态4：WaitAim--[A6]
[INFO] [1775394539.761588060] [navNode]: 未到目标点
目标位置:(0.0, 0.0, 0.1)-[A6]-[MCU:False]-[POS:False]
当前位置:(-0.0012376965023577213, -0.0009911583038046956, -0.0017621557926759124)
[INFO] [1775394539.860503882] [navNode]: 状态4：WaitAim--[A6]
[INFO] [1775394539.860887085] [navNode]: 未到目标点
目标位置:(0.0, 0.0, 0.1)-[A6]-[MCU:False]-[POS:False]
当前位置:(-0.0012376965023577213, -0.0009911583038046956, -0.0017621557926759124)
[INFO] [1775394539.960824995] [navNode]: 状态4：WaitAim--[A6]
[INFO] [1775394539.961318635] [navNode]: 未到目标点
目标位置:(0.0, 0.0, 0.1)-[A6]-[MCU:False]-[POS:False]
当前位置:(-0.0012376965023577213, -0.0009911583038046956, -0.0017621557926759124)
[INFO] [1775394540.060347858] [navNode]: 状态4：WaitAim--[A6]
[INFO] [1775394540.061652144] [navNode]: 未到目标点
目标位置:(0.0, 0.0, 0.1)-[A6]-[MCU:False]-[POS:False]
当前位置:(-0.0012376965023577213, -0.0009911583038046956, -0.0017621557926759124)
[INFO] [1775394540.160778651] [navNode]: 状态4：WaitAim--[A6]
[INFO] [1775394540.161220548] [navNode]: 未到目标点
目标位置:(0.0, 0.0, 0.1)-[A6]-[MCU:False]-[POS:False]
当前位置:(-0.0012376965023577213, -0.0009911583038046956, -0.0017621557926759124)
[INFO] [1775394540.262737607] [navNode]: 状态4：WaitAim--[A6]
[INFO] [1775394540.263660342] [navNode]: 未到目标点
目标位置:(0.0, 0.0, 0.1)-[A6]-[MCU:False]-[POS:False]
当前位置:(-0.0012376965023577213, -0.0009911583038046956, -0.0017621557926759124)
[INFO] [1775394540.360487854] [navNode]: 状态4：WaitAim--[A6]
[INFO] [1775394540.360909472] [navNode]: 未到目标点
目标位置:(0.0, 0.0, 0.1)-[A6]-[MCU:False]-[POS:False]
当前位置:(-0.0012376965023577213, -0.0009911583038046956, -0.0017621557926759124)
[INFO] [1775394540.460660430] [navNode]: 状态4：WaitAim--[A6]
[INFO] [1775394540.461177976] [navNode]: 未到目标点
目标位置:(0.0, 0.0, 0.1)-[A6]-[MCU:False]-[POS:False]
当前位置:(-0.0012376965023577213, -0.0009911583038046956, -0.0017621557926759124)
[INFO] [1775394540.560437687] [navNode]: 状态4：WaitAim--[A6]
[INFO] [1775394540.560851257] [navNode]: 未到目标点
目标位置:(0.0, 0.0, 0.1)-[A6]-[MCU:False]-[POS:False]
当前位置:(-0.0012376965023577213, -0.0009911583038046956, -0.0017621557926759124)
[INFO] [1775394540.660629825] [navNode]: 状态4：WaitAim--[A6]
[INFO] [1775394540.661087917] [navNode]: 未到目标点
目标位置:(0.0, 0.0, 0.1)-[A6]-[MCU:False]-[POS:False]
当前位置:(-0.0012376965023577213, -0.0009911583038046956, -0.0017621557926759124)
[INFO] [1775394540.761148136] [navNode]: 状态4：WaitAim--[A6]
[INFO] [1775394540.761590961] [navNode]: 未到目标点
目标位置:(0.0, 0.0, 0.1)-[A6]-[MCU:False]-[POS:False]
当前位置:(-0.0012376965023577213, -0.0009911583038046956, -0.0017621557926759124)
[INFO] [1775394540.861302703] [navNode]: 状态4：WaitAim--[A6]
[INFO] [1775394540.861761678] [navNode]: 未到目标点
目标位置:(0.0, 0.0, 0.1)-[A6]-[MCU:False]-[POS:False]
当前位置:(-0.0012376965023577213, -0.0009911583038046956, -0.0017621557926759124)
[INFO] [1775394540.960638888] [navNode]: 状态4：WaitAim--[A6]
[INFO] [1775394540.961252201] [navNode]: 未到目标点
目标位置:(0.0, 0.0, 0.1)-[A6]-[MCU:False]-[POS:False]
当前位置:(-0.0012376965023577213, -0.0009911583038046956, -0.0017621557926759124)
[INFO] [1775394541.060647494] [navNode]: 状态4：WaitAim--[A6]
[INFO] [1775394541.061049381] [navNode]: 未到目标点
目标位置:(0.0, 0.0, 0.1)-[A6]-[MCU:False]-[POS:False]
当前位置:(-0.0012376965023577213, -0.0009911583038046956, -0.0017621557926759124)
[INFO] [1775394541.160371707] [navNode]: 状态4：WaitAim--[A6]
[INFO] [1775394541.160848853] [navNode]: 未到目标点
目标位置:(0.0, 0.0, 0.1)-[A6]-[MCU:False]-[POS:False]
当前位置:(-0.0012376965023577213, -0.0009911583038046956, -0.0017621557926759124)
[INFO] [1775394541.260530034] [navNode]: 状态4：WaitAim--[A6]
[INFO] [1775394541.260940600] [navNode]: 未到目标点
目标位置:(0.0, 0.0, 0.1)-[A6]-[MCU:False]-[POS:False]
当前位置:(-0.0012376965023577213, -0.0009911583038046956, -0.0017621557926759124)
[INFO] [1775394541.362014563] [navNode]: 状态4：WaitAim--[A6]
[INFO] [1775394541.363858375] [navNode]: 未到目标点
目标位置:(0.0, 0.0, 0.1)-[A6]-[MCU:False]-[POS:False]
当前位置:(-0.0012376965023577213, -0.0009911583038046956, -0.0017621557926759124)
[INFO] [1775394541.460783771] [navNode]: 状态4：WaitAim--[A6]
[INFO] [1775394541.461201196] [navNode]: 未到目标点
目标位置:(0.0, 0.0, 0.1)-[A6]-[MCU:False]-[POS:False]
当前位置:(-0.0012376965023577213, -0.0009911583038046956, -0.0017621557926759124)
[INFO] [1775394541.560490778] [navNode]: 状态4：WaitAim--[A6]
[INFO] [1775394541.560951897] [navNode]: 未到目标点
目标位置:(0.0, 0.0, 0.1)-[A6]-[MCU:False]-[POS:False]
当前位置:(-0.0012376965023577213, -0.0009911583038046956, -0.0017621557926759124)
[INFO] [1775394541.660602791] [navNode]: 状态4：WaitAim--[A6]
[INFO] [1775394541.661024740] [navNode]: 未到目标点
目标位置:(0.0, 0.0, 0.1)-[A6]-[MCU:False]-[POS:False]
当前位置:(-0.0012376965023577213, -0.0009911583038046956, -0.0017621557926759124)
[INFO] [1775394541.760324415] [navNode]: 状态4：WaitAim--[A6]
[INFO] [1775394541.760940826] [navNode]: 未到目标点
目标位置:(0.0, 0.0, 0.1)-[A6]-[MCU:False]-[POS:False]
当前位置:(-0.0012376965023577213, -0.0009911583038046956, -0.0017621557926759124)
[INFO] [1775394541.862490090] [navNode]: 状态4：WaitAim--[A6]
[INFO] [1775394541.863574012] [navNode]: 未到目标点
目标位置:(0.0, 0.0, 0.1)-[A6]-[MCU:False]-[POS:False]
当前位置:(-0.0012376965023577213, -0.0009911583038046956, -0.0017621557926759124)
[INFO] [1775394541.961377907] [navNode]: 状态4：WaitAim--[A6]
[INFO] [1775394541.963101390] [navNode]: 未到目标点
目标位置:(0.0, 0.0, 0.1)-[A6]-[MCU:False]-[POS:False]
当前位置:(-0.0012376965023577213, -0.0009911583038046956, -0.0017621557926759124)
[INFO] [1775394542.061506874] [navNode]: 状态4：WaitAim--[A6]
[INFO] [1775394542.062073477] [navNode]: 未到目标点
目标位置:(0.0, 0.0, 0.1)-[A6]-[MCU:False]-[POS:False]
当前位置:(-0.0012376965023577213, -0.0009911583038046956, -0.0017621557926759124)
[INFO] [1775394542.161328970] [navNode]: 状态4：WaitAim--[A6]
[INFO] [1775394542.162176135] [navNode]: 未到目标点
目标位置:(0.0, 0.0, 0.1)-[A6]-[MCU:False]-[POS:False]
当前位置:(-0.0012376965023577213, -0.0009911583038046956, -0.0017621557926759124)
[INFO] [1775394542.260816982] [navNode]: 状态4：WaitAim--[A6]
[INFO] [1775394542.261328785] [navNode]: 未到目标点
目标位置:(0.0, 0.0, 0.1)-[A6]-[MCU:False]-[POS:False]
当前位置:(-0.0012376965023577213, -0.0009911583038046956, -0.0017621557926759124)
[INFO] [1775394542.361581059] [navNode]: 状态4：WaitAim--[A6]
[INFO] [1775394542.362041058] [navNode]: 未到目标点
目标位置:(0.0, 0.0, 0.1)-[A6]-[MCU:False]-[POS:False]
当前位置:(-0.0012376965023577213, -0.0009911583038046956, -0.0017621557926759124)
[INFO] [1775394542.461127883] [navNode]: 状态4：WaitAim--[A6]
[INFO] [1775394542.461590267] [navNode]: 未到目标点
目标位置:(0.0, 0.0, 0.1)-[A6]-[MCU:False]-[POS:False]
当前位置:(-0.0012376965023577213, -0.0009911583038046956, -0.0017621557926759124)
[INFO] [1775394542.561015879] [navNode]: 状态4：WaitAim--[A6]
[INFO] [1775394542.561543033] [navNode]: 未到目标点
目标位置:(0.0, 0.0, 0.1)-[A6]-[MCU:False]-[POS:False]
当前位置:(-0.0012376965023577213, -0.0009911583038046956, -0.0017621557926759124)
[INFO] [1775394542.660725762] [navNode]: 状态4：WaitAim--[A6]
[INFO] [1775394542.661154808] [navNode]: 未到目标点
目标位置:(0.0, 0.0, 0.1)-[A6]-[MCU:False]-[POS:False]
当前位置:(-0.0012376965023577213, -0.0009911583038046956, -0.0017621557926759124)
[INFO] [1775394542.760893369] [navNode]: 状态4：WaitAim--[A6]
[INFO] [1775394542.761385471] [navNode]: 未到目标点
目标位置:(0.0, 0.0, 0.1)-[A6]-[MCU:False]-[POS:False]
当前位置:(-0.0012376965023577213, -0.0009911583038046956, -0.0017621557926759124)
[INFO] [1775394542.860650156] [navNode]: 状态4：WaitAim--[A6]
[INFO] [1775394542.861085492] [navNode]: 未到目标点
目标位置:(0.0, 0.0, 0.1)-[A6]-[MCU:False]-[POS:False]
当前位置:(-0.0012376965023577213, -0.0009911583038046956, -0.0017621557926759124)
[INFO] [1775394542.960719267] [navNode]: 状态4：WaitAim--[A6]
[INFO] [1775394542.961189233] [navNode]: 未到目标点
目标位置:(0.0, 0.0, 0.1)-[A6]-[MCU:False]-[POS:False]
当前位置:(-0.0012376965023577213, -0.0009911583038046956, -0.0017621557926759124)
[INFO] [1775394543.062933343] [navNode]: 状态4：WaitAim--[A6]
[INFO] [1775394543.063733831] [navNode]: 未到目标点
目标位置:(0.0, 0.0, 0.1)-[A6]-[MCU:False]-[POS:False]
当前位置:(-0.0012376965023577213, -0.0009911583038046956, -0.0017621557926759124)
[INFO] [1775394543.160994107] [navNode]: 状态4：WaitAim--[A6]
[INFO] [1775394543.161409578] [navNode]: 未到目标点
目标位置:(0.0, 0.0, 0.1)-[A6]-[MCU:False]-[POS:False]
当前位置:(-0.0012376965023577213, -0.0009911583038046956, -0.0017621557926759124)
[INFO] [1775394543.261301119] [navNode]: 状态4：WaitAim--[A6]
[INFO] [1775394543.261812462] [navNode]: 未到目标点
目标位置:(0.0, 0.0, 0.1)-[A6]-[MCU:False]-[POS:False]
当前位置:(-0.0012376965023577213, -0.0009911583038046956, -0.0017621557926759124)
[INFO] [1775394543.361066576] [navNode]: 状态4：WaitAim--[A6]
[INFO] [1775394543.361546186] [navNode]: 未到目标点
目标位置:(0.0, 0.0, 0.1)-[A6]-[MCU:False]-[POS:False]
当前位置:(-0.0012376965023577213, -0.0009911583038046956, -0.0017621557926759124)
[INFO] [1775394543.460985734] [navNode]: 状态4：WaitAim--[A6]
[INFO] [1775394543.461527892] [navNode]: 未到目标点
目标位置:(0.0, 0.0, 0.1)-[A6]-[MCU:False]-[POS:False]
当前位置:(-0.0012376965023577213, -0.0009911583038046956, -0.0017621557926759124)
[INFO] [1775394543.561060066] [navNode]: 状态4：WaitAim--[A6]
[INFO] [1775394543.561504574] [navNode]: 未到目标点
目标位置:(0.0, 0.0, 0.1)-[A6]-[MCU:False]-[POS:False]
当前位置:(-0.0012376965023577213, -0.0009911583038046956, -0.0017621557926759124)
[INFO] [1775394543.660893079] [navNode]: 状态4：WaitAim--[A6]
[INFO] [1775394543.661424648] [navNode]: 未到目标点
目标位置:(0.0, 0.0, 0.1)-[A6]-[MCU:False]-[POS:False]
当前位置:(-0.0012376965023577213, -0.0009911583038046956, -0.0017621557926759124)
[INFO] [1775394543.760582998] [navNode]: 状态4：WaitAim--[A6]
[INFO] [1775394543.761082670] [navNode]: 未到目标点
目标位置:(0.0, 0.0, 0.1)-[A6]-[MCU:False]-[POS:False]
当前位置:(-0.0012376965023577213, -0.0009911583038046956, -0.0017621557926759124)
[INFO] [1775394543.860882714] [navNode]: 状态4：WaitAim--[A6]
[INFO] [1775394543.861296338] [navNode]: 未到目标点
目标位置:(0.0, 0.0, 0.1)-[A6]-[MCU:False]-[POS:False]
当前位置:(-0.0012376965023577213, -0.0009911583038046956, -0.0017621557926759124)
[INFO] [1775394543.960995284] [navNode]: 状态4：WaitAim--[A6]
[INFO] [1775394543.961428386] [navNode]: 未到目标点
目标位置:(0.0, 0.0, 0.1)-[A6]-[MCU:False]-[POS:False]
当前位置:(-0.0012376965023577213, -0.0009911583038046956, -0.0017621557926759124)
[INFO] [1775394544.060835324] [navNode]: 状态4：WaitAim--[A6]
[INFO] [1775394544.061226265] [navNode]: 未到目标点
目标位置:(0.0, 0.0, 0.1)-[A6]-[MCU:False]-[POS:False]
当前位置:(-0.0012376965023577213, -0.0009911583038046956, -0.0017621557926759124)
[INFO] [1775394544.160644631] [navNode]: 状态4：WaitAim--[A6]
[INFO] [1775394544.161068661] [navNode]: 未到目标点
目标位置:(0.0, 0.0, 0.1)-[A6]-[MCU:False]-[POS:False]
当前位置:(-0.0012376965023577213, -0.0009911583038046956, -0.0017621557926759124)
[INFO] [1775394544.262812051] [navNode]: 状态4：WaitAim--[A6]
[INFO] [1775394544.263867327] [navNode]: 未到目标点
目标位置:(0.0, 0.0, 0.1)-[A6]-[MCU:False]-[POS:False]
当前位置:(-0.0012376965023577213, -0.0009911583038046956, -0.0017621557926759124)
[INFO] [1775394544.360973092] [navNode]: 状态4：WaitAim--[A6]
[INFO] [1775394544.361341986] [navNode]: 未到目标点
目标位置:(0.0, 0.0, 0.1)-[A6]-[MCU:False]-[POS:False]
当前位置:(-0.0012376965023577213, -0.0009911583038046956, -0.0017621557926759124)
[INFO] [1775394544.460696873] [navNode]: 状态4：WaitAim--[A6]
[INFO] [1775394544.461105701] [navNode]: 未到目标点
目标位置:(0.0, 0.0, 0.1)-[A6]-[MCU:False]-[POS:False]
当前位置:(-0.0012376965023577213, -0.0009911583038046956, -0.0017621557926759124)
[INFO] [1775394544.560628496] [navNode]: 状态4：WaitAim--[A6]
[INFO] [1775394544.561060442] [navNode]: 未到目标点
目标位置:(0.0, 0.0, 0.1)-[A6]-[MCU:False]-[POS:False]
当前位置:(-0.0012376965023577213, -0.0009911583038046956, -0.0017621557926759124)
[INFO] [1775394544.660634777] [navNode]: 状态4：WaitAim--[A6]
[INFO] [1775394544.661048597] [navNode]: 未到目标点
目标位置:(0.0, 0.0, 0.1)-[A6]-[MCU:False]-[POS:False]
当前位置:(-0.0012376965023577213, -0.0009911583038046956, -0.0017621557926759124)
[INFO] [1775394544.760571141] [navNode]: 状态4：WaitAim--[A6]
[INFO] [1775394544.760963309] [navNode]: 未到目标点
目标位置:(0.0, 0.0, 0.1)-[A6]-[MCU:False]-[POS:False]
当前位置:(-0.0012376965023577213, -0.0009911583038046956, -0.0017621557926759124)
[INFO] [1775394544.860641491] [navNode]: 状态4：WaitAim--[A6]
[INFO] [1775394544.861030447] [navNode]: 未到目标点
目标位置:(0.0, 0.0, 0.1)-[A6]-[MCU:False]-[POS:False]
当前位置:(-0.0012376965023577213, -0.0009911583038046956, -0.0017621557926759124)
[INFO] [1775394544.962451298] [navNode]: 状态4：WaitAim--[A6]
[INFO] [1775394544.963000556] [navNode]: 未到目标点
目标位置:(0.0, 0.0, 0.1)-[A6]-[MCU:False]-[POS:False]
当前位置:(-0.0012376965023577213, -0.0009911583038046956, -0.0017621557926759124)
[INFO] [1775394545.060820420] [navNode]: 状态4：WaitAim--[A6]
[INFO] [1775394545.061221536] [navNode]: 未到目标点
目标位置:(0.0, 0.0, 0.1)-[A6]-[MCU:False]-[POS:False]
当前位置:(-0.0012376965023577213, -0.0009911583038046956, -0.0017621557926759124)
[INFO] [1775394545.162760266] [navNode]: 状态4：WaitAim--[A6]
[INFO] [1775394545.163935197] [navNode]: 未到目标点
目标位置:(0.0, 0.0, 0.1)-[A6]-[MCU:False]-[POS:False]
当前位置:(-0.0012376965023577213, -0.0009911583038046956, -0.0017621557926759124)
[INFO] [1775394545.262489495] [navNode]: 状态4：WaitAim--[A6]
[INFO] [1775394545.263110995] [navNode]: 未到目标点
目标位置:(0.0, 0.0, 0.1)-[A6]-[MCU:False]-[POS:False]
当前位置:(-0.0012376965023577213, -0.0009911583038046956, -0.0017621557926759124)
[INFO] [1775394545.360699371] [navNode]: 状态4：WaitAim--[A6]
[INFO] [1775394545.361074789] [navNode]: 未到目标点
目标位置:(0.0, 0.0, 0.1)-[A6]-[MCU:False]-[POS:False]
当前位置:(-0.0012376965023577213, -0.0009911583038046956, -0.0017621557926759124)
[INFO] [1775394545.460450430] [navNode]: 状态4：WaitAim--[A6]
[INFO] [1775394545.460865206] [navNode]: 未到目标点
目标位置:(0.0, 0.0, 0.1)-[A6]-[MCU:False]-[POS:False]
当前位置:(-0.0012376965023577213, -0.0009911583038046956, -0.0017621557926759124)
[INFO] [1775394545.560975820] [navNode]: 状态4：WaitAim--[A6]
[INFO] [1775394545.561486863] [navNode]: 未到目标点
目标位置:(0.0, 0.0, 0.1)-[A6]-[MCU:False]-[POS:False]
当前位置:(-0.0012376965023577213, -0.0009911583038046956, -0.0017621557926759124)
[INFO] [1775394545.660514057] [navNode]: 状态4：WaitAim--[A6]
[INFO] [1775394545.660872633] [navNode]: 未到目标点
目标位置:(0.0, 0.0, 0.1)-[A6]-[MCU:False]-[POS:False]
当前位置:(-0.0012376965023577213, -0.0009911583038046956, -0.0017621557926759124)
[INFO] [1775394545.760568685] [navNode]: 状态4：WaitAim--[A6]
[INFO] [1775394545.760984255] [navNode]: 未到目标点
目标位置:(0.0, 0.0, 0.1)-[A6]-[MCU:False]-[POS:False]
当前位置:(-0.0012376965023577213, -0.0009911583038046956, -0.0017621557926759124)
[INFO] [1775394545.860720513] [navNode]: 状态4：WaitAim--[A6]
[INFO] [1775394545.861091536] [navNode]: 未到目标点
目标位置:(0.0, 0.0, 0.1)-[A6]-[MCU:False]-[POS:False]
当前位置:(-0.0012376965023577213, -0.0009911583038046956, -0.0017621557926759124)
[INFO] [1775394545.961261241] [navNode]: 状态4：WaitAim--[A6]
[INFO] [1775394545.961622787] [navNode]: 未到目标点
目标位置:(0.0, 0.0, 0.1)-[A6]-[MCU:False]-[POS:False]
当前位置:(-0.0012376965023577213, -0.0009911583038046956, -0.0017621557926759124)
[INFO] [1775394546.061748775] [navNode]: 状态4：WaitAim--[A6]
[INFO] [1775394546.062511140] [navNode]: 未到目标点
目标位置:(0.0, 0.0, 0.1)-[A6]-[MCU:False]-[POS:False]
当前位置:(-0.0012376965023577213, -0.0009911583038046956, -0.0017621557926759124)
[INFO] [1775394546.161045578] [navNode]: 状态4：WaitAim--[A6]
[INFO] [1775394546.161503300] [navNode]: 未到目标点
目标位置:(0.0, 0.0, 0.1)-[A6]-[MCU:False]-[POS:False]
当前位置:(-0.0012376965023577213, -0.0009911583038046956, -0.0017621557926759124)
[INFO] [1775394546.261533097] [navNode]: 状态4：WaitAim--[A6]
[INFO] [1775394546.262050305] [navNode]: 未到目标点
目标位置:(0.0, 0.0, 0.1)-[A6]-[MCU:False]-[POS:False]
当前位置:(-0.0012376965023577213, -0.0009911583038046956, -0.0017621557926759124)
[INFO] [1775394546.361278763] [navNode]: 状态4：WaitAim--[A6]
[INFO] [1775394546.361846281] [navNode]: 未到目标点
目标位置:(0.0, 0.0, 0.1)-[A6]-[MCU:False]-[POS:False]
当前位置:(-0.0012376965023577213, -0.0009911583038046956, -0.0017621557926759124)
[INFO] [1775394546.462909840] [navNode]: 状态4：WaitAim--[A6]
[INFO] [1775394546.463985817] [navNode]: 未到目标点
目标位置:(0.0, 0.0, 0.1)-[A6]-[MCU:False]-[POS:False]
当前位置:(-0.0012376965023577213, -0.0009911583038046956, -0.0017621557926759124)
[INFO] [1775394546.561039551] [navNode]: 状态4：WaitAim--[A6]
[INFO] [1775394546.561480537] [navNode]: 未到目标点
目标位置:(0.0, 0.0, 0.1)-[A6]-[MCU:False]-[POS:False]
当前位置:(-0.0012376965023577213, -0.0009911583038046956, -0.0017621557926759124)
[INFO] [1775394546.660581716] [navNode]: 状态4：WaitAim--[A6]
[INFO] [1775394546.660961119] [navNode]: 未到目标点
目标位置:(0.0, 0.0, 0.1)-[A6]-[MCU:False]-[POS:False]
当前位置:(-0.0012376965023577213, -0.0009911583038046956, -0.0017621557926759124)
[INFO] [1775394546.760912088] [navNode]: 状态4：WaitAim--[A6]
[INFO] [1775394546.761246204] [navNode]: 未到目标点
目标位置:(0.0, 0.0, 0.1)-[A6]-[MCU:False]-[POS:False]
当前位置:(-0.0012376965023577213, -0.0009911583038046956, -0.0017621557926759124)
[INFO] [1775394546.861321754] [navNode]: 状态4：WaitAim--[A6]
[INFO] [1775394546.861679463] [navNode]: 未到目标点
目标位置:(0.0, 0.0, 0.1)-[A6]-[MCU:False]-[POS:False]
当前位置:(-0.0012376965023577213, -0.0009911583038046956, -0.0017621557926759124)
[INFO] [1775394546.961369193] [navNode]: 状态4：WaitAim--[A6]
[INFO] [1775394546.961744366] [navNode]: 未到目标点
目标位置:(0.0, 0.0, 0.1)-[A6]-[MCU:False]-[POS:False]
当前位置:(-0.0012376965023577213, -0.0009911583038046956, -0.0017621557926759124)
[INFO] [1775394547.060666501] [navNode]: 状态4：WaitAim--[A6]
[INFO] [1775394547.061074460] [navNode]: 未到目标点
目标位置:(0.0, 0.0, 0.1)-[A6]-[MCU:False]-[POS:False]
当前位置:(-0.0012376965023577213, -0.0009911583038046956, -0.0017621557926759124)
[INFO] [1775394547.162279699] [navNode]: 状态4：WaitAim--[A6]
[INFO] [1775394547.163135208] [navNode]: 未到目标点
目标位置:(0.0, 0.0, 0.1)-[A6]-[MCU:False]-[POS:False]
当前位置:(-0.0012376965023577213, -0.0009911583038046956, -0.0017621557926759124)
[INFO] [1775394547.262799019] [navNode]: 状态4：WaitAim--[A6]
[INFO] [1775394547.263873365] [navNode]: 未到目标点
目标位置:(0.0, 0.0, 0.1)-[A6]-[MCU:False]-[POS:False]
当前位置:(-0.0012376965023577213, -0.0009911583038046956, -0.0017621557926759124)
[INFO] [1775394547.360825711] [navNode]: 状态4：WaitAim--[A6]
[INFO] [1775394547.361291036] [navNode]: 未到目标点
目标位置:(0.0, 0.0, 0.1)-[A6]-[MCU:False]-[POS:False]
当前位置:(-0.0012376965023577213, -0.0009911583038046956, -0.0017621557926759124)
[INFO] [1775394547.462358396] [navNode]: 状态4：WaitAim--[A6]
[INFO] [1775394547.462829308] [navNode]: 未到目标点
目标位置:(0.0, 0.0, 0.1)-[A6]-[MCU:False]-[POS:False]
当前位置:(-0.0012376965023577213, -0.0009911583038046956, -0.0017621557926759124)
[INFO] [1775394547.562542991] [navNode]: 状态4：WaitAim--[A6]
[INFO] [1775394547.563509265] [navNode]: 未到目标点
目标位置:(0.0, 0.0, 0.1)-[A6]-[MCU:False]-[POS:False]
当前位置:(-0.0012376965023577213, -0.0009911583038046956, -0.0017621557926759124)
[INFO] [1775394547.660849788] [navNode]: 状态4：WaitAim--[A6]
[INFO] [1775394547.661263343] [navNode]: 未到目标点
目标位置:(0.0, 0.0, 0.1)-[A6]-[MCU:False]-[POS:False]
当前位置:(-0.0012376965023577213, -0.0009911583038046956, -0.0017621557926759124)
[INFO] [1775394547.760889166] [navNode]: 状态4：WaitAim--[A6]
[INFO] [1775394547.761383473] [navNode]: 未到目标点
目标位置:(0.0, 0.0, 0.1)-[A6]-[MCU:False]-[POS:False]
当前位置:(-0.0012376965023577213, -0.0009911583038046956, -0.0017621557926759124)
[INFO] [1775394547.860745732] [navNode]: 状态4：WaitAim--[A6]
[INFO] [1775394547.861152545] [navNode]: 未到目标点
目标位置:(0.0, 0.0, 0.1)-[A6]-[MCU:False]-[POS:False]
当前位置:(-0.0012376965023577213, -0.0009911583038046956, -0.0017621557926759124)
[INFO] [1775394547.960628588] [navNode]: 状态4：WaitAim--[A6]
[INFO] [1775394547.961471838] [navNode]: 未到目标点
目标位置:(0.0, 0.0, 0.1)-[A6]-[MCU:False]-[POS:False]
当前位置:(-0.0012376965023577213, -0.0009911583038046956, -0.0017621557926759124)
[INFO] [1775394548.060613267] [navNode]: 状态4：WaitAim--[A6]
[INFO] [1775394548.061004234] [navNode]: 未到目标点
目标位置:(0.0, 0.0, 0.1)-[A6]-[MCU:False]-[POS:False]
当前位置:(-0.0012376965023577213, -0.0009911583038046956, -0.0017621557926759124)
[INFO] [1775394548.160752305] [navNode]: 状态4：WaitAim--[A6]
[INFO] [1775394548.161247726] [navNode]: 未到目标点
目标位置:(0.0, 0.0, 0.1)-[A6]-[MCU:False]-[POS:False]
当前位置:(-0.0012376965023577213, -0.0009911583038046956, -0.0017621557926759124)
[INFO] [1775394548.260970883] [navNode]: 状态4：WaitAim--[A6]
[INFO] [1775394548.261380931] [navNode]: 未到目标点
目标位置:(0.0, 0.0, 0.1)-[A6]-[MCU:False]-[POS:False]
当前位置:(-0.0012376965023577213, -0.0009911583038046956, -0.0017621557926759124)
[INFO] [1775394548.360609362] [navNode]: 状态4：WaitAim--[A6]
[INFO] [1775394548.360999713] [navNode]: 未到目标点
目标位置:(0.0, 0.0, 0.1)-[A6]-[MCU:False]-[POS:False]
当前位置:(-0.0012376965023577213, -0.0009911583038046956, -0.0017621557926759124)
[INFO] [1775394548.460944919] [navNode]: 状态4：WaitAim--[A6]
[INFO] [1775394548.461372244] [navNode]: 未到目标点
目标位置:(0.0, 0.0, 0.1)-[A6]-[MCU:False]-[POS:False]
当前位置:(-0.0012376965023577213, -0.0009911583038046956, -0.0017621557926759124)
[INFO] [1775394548.560895350] [navNode]: 状态4：WaitAim--[A6]
[INFO] [1775394548.561517655] [navNode]: 未到目标点
目标位置:(0.0, 0.0, 0.1)-[A6]-[MCU:False]-[POS:False]
当前位置:(-0.0012376965023577213, -0.0009911583038046956, -0.0017621557926759124)
[INFO] [1775394548.661460958] [navNode]: 状态4：WaitAim--[A6]
[INFO] [1775394548.661893466] [navNode]: 未到目标点
目标位置:(0.0, 0.0, 0.1)-[A6]-[MCU:False]-[POS:False]
当前位置:(-0.0012376965023577213, -0.0009911583038046956, -0.0017621557926759124)
[INFO] [1775394548.760752186] [navNode]: 状态4：WaitAim--[A6]
[INFO] [1775394548.761194897] [navNode]: 未到目标点
目标位置:(0.0, 0.0, 0.1)-[A6]-[MCU:False]-[POS:False]
当前位置:(-0.0012376965023577213, -0.0009911583038046956, -0.0017621557926759124)
[INFO] [1775394548.860828964] [navNode]: 状态4：WaitAim--[A6]
[INFO] [1775394548.861263916] [navNode]: 未到目标点
目标位置:(0.0, 0.0, 0.1)-[A6]-[MCU:False]-[POS:False]
当前位置:(-0.0012376965023577213, -0.0009911583038046956, -0.0017621557926759124)
[INFO] [1775394548.960657416] [navNode]: 状态4：WaitAim--[A6]
[INFO] [1775394548.961168672] [navNode]: 未到目标点
目标位置:(0.0, 0.0, 0.1)-[A6]-[MCU:False]-[POS:False]
当前位置:(-0.0012376965023577213, -0.0009911583038046956, -0.0017621557926759124)
[INFO] [1775394549.061493312] [navNode]: 状态4：WaitAim--[A6]
[INFO] [1775394549.062114272] [navNode]: 未到目标点
目标位置:(0.0, 0.0, 0.1)-[A6]-[MCU:False]-[POS:False]
当前位置:(-0.0012376965023577213, -0.0009911583038046956, -0.0017621557926759124)
[INFO] [1775394549.160515340] [navNode]: 状态4：WaitAim--[A6]
[INFO] [1775394549.160932573] [navNode]: 未到目标点
目标位置:(0.0, 0.0, 0.1)-[A6]-[MCU:False]-[POS:False]
当前位置:(-0.0012376965023577213, -0.0009911583038046956, -0.0017621557926759124)
[INFO] [1775394549.260770812] [navNode]: 状态4：WaitAim--[A6]
[INFO] [1775394549.261293740] [navNode]: 未到目标点
目标位置:(0.0, 0.0, 0.1)-[A6]-[MCU:False]-[POS:False]
当前位置:(-0.0012376965023577213, -0.0009911583038046956, -0.0017621557926759124)
[INFO] [1775394549.360788357] [navNode]: 状态4：WaitAim--[A6]
[INFO] [1775394549.361277295] [navNode]: 未到目标点
目标位置:(0.0, 0.0, 0.1)-[A6]-[MCU:False]-[POS:False]
当前位置:(-0.0012376965023577213, -0.0009911583038046956, -0.0017621557926759124)
[INFO] [1775394549.460709994] [navNode]: 状态4：WaitAim--[A6]
[INFO] [1775394549.461228936] [navNode]: 未到目标点
目标位置:(0.0, 0.0, 0.1)-[A6]-[MCU:False]-[POS:False]
当前位置:(-0.0012376965023577213, -0.0009911583038046956, -0.0017621557926759124)
[INFO] [1775394549.560787505] [navNode]: 状态4：WaitAim--[A6]
[INFO] [1775394549.561351532] [navNode]: 未到目标点
目标位置:(0.0, 0.0, 0.1)-[A6]-[MCU:False]-[POS:False]
当前位置:(-0.0012376965023577213, -0.0009911583038046956, -0.0017621557926759124)
[INFO] [1775394549.660720969] [navNode]: 状态4：WaitAim--[A6]
[INFO] [1775394549.661142512] [navNode]: 未到目标点
目标位置:(0.0, 0.0, 0.1)-[A6]-[MCU:False]-[POS:False]
当前位置:(-0.0012376965023577213, -0.0009911583038046956, -0.0017621557926759124)
[INFO] [1775394549.761505951] [navNode]: 状态4：WaitAim--[A6]
[INFO] [1775394549.761945164] [navNode]: 未到目标点
目标位置:(0.0, 0.0, 0.1)-[A6]-[MCU:False]-[POS:False]
当前位置:(-0.0012376965023577213, -0.0009911583038046956, -0.0017621557926759124)
[INFO] [1775394549.860672343] [navNode]: 状态4：WaitAim--[A6]
[INFO] [1775394549.861095969] [navNode]: 未到目标点
目标位置:(0.0, 0.0, 0.1)-[A6]-[MCU:False]-[POS:False]
当前位置:(-0.0012376965023577213, -0.0009911583038046956, -0.0017621557926759124)
[INFO] [1775394549.960620900] [navNode]: 状态4：WaitAim--[A6]
[INFO] [1775394549.961165245] [navNode]: 未到目标点
目标位置:(0.0, 0.0, 0.1)-[A6]-[MCU:False]-[POS:False]
当前位置:(-0.0012376965023577213, -0.0009911583038046956, -0.0017621557926759124)
[INFO] [1775394550.060860739] [navNode]: 状态4：WaitAim--[A6]
[INFO] [1775394550.061320071] [navNode]: 未到目标点
目标位置:(0.0, 0.0, 0.1)-[A6]-[MCU:False]-[POS:False]
当前位置:(-0.0012376965023577213, -0.0009911583038046956, -0.0017621557926759124)
[INFO] [1775394550.160714382] [navNode]: 状态4：WaitAim--[A6]
[INFO] [1775394550.161482785] [navNode]: 未到目标点
目标位置:(0.0, 0.0, 0.1)-[A6]-[MCU:False]-[POS:False]
当前位置:(-0.0012376965023577213, -0.0009911583038046956, -0.0017621557926759124)
[INFO] [1775394550.260649687] [navNode]: 状态4：WaitAim--[A6]
[INFO] [1775394550.261050212] [navNode]: 未到目标点
目标位置:(0.0, 0.0, 0.1)-[A6]-[MCU:False]-[POS:False]
当前位置:(-0.0012376965023577213, -0.0009911583038046956, -0.0017621557926759124)
[INFO] [1775394550.360904647] [navNode]: 状态4：WaitAim--[A6]
[INFO] [1775394550.361386892] [navNode]: 未到目标点
目标位置:(0.0, 0.0, 0.1)-[A6]-[MCU:False]-[POS:False]
当前位置:(-0.0012376965023577213, -0.0009911583038046956, -0.0017621557926759124)
[INFO] [1775394550.460724686] [navNode]: 状态4：WaitAim--[A6]
[INFO] [1775394550.461241562] [navNode]: 未到目标点
目标位置:(0.0, 0.0, 0.1)-[A6]-[MCU:False]-[POS:False]
当前位置:(-0.0012376965023577213, -0.0009911583038046956, -0.0017621557926759124)
[INFO] [1775394550.560701803] [navNode]: 状态4：WaitAim--[A6]
[INFO] [1775394550.561474845] [navNode]: 未到目标点
目标位置:(0.0, 0.0, 0.1)-[A6]-[MCU:False]-[POS:False]
当前位置:(-0.0012376965023577213, -0.0009911583038046956, -0.0017621557926759124)
[INFO] [1775394550.660525118] [navNode]: 状态4：WaitAim--[A6]
[INFO] [1775394550.661419480] [navNode]: 未到目标点
目标位置:(0.0, 0.0, 0.1)-[A6]-[MCU:False]-[POS:False]
当前位置:(-0.0012376965023577213, -0.0009911583038046956, -0.0017621557926759124)
[INFO] [1775394550.760728932] [navNode]: 状态4：WaitAim--[A6]
[INFO] [1775394550.761203518] [navNode]: 未到目标点
目标位置:(0.0, 0.0, 0.1)-[A6]-[MCU:False]-[POS:False]
当前位置:(-0.0012376965023577213, -0.0009911583038046956, -0.0017621557926759124)
[INFO] [1775394550.861324686] [navNode]: 状态4：WaitAim--[A6]
[INFO] [1775394550.862634735] [navNode]: 未到目标点
目标位置:(0.0, 0.0, 0.1)-[A6]-[MCU:False]-[POS:False]
当前位置:(-0.0012376965023577213, -0.0009911583038046956, -0.0017621557926759124)
[INFO] [1775394550.960548520] [navNode]: 状态4：WaitAim--[A6]
[INFO] [1775394550.962060765] [navNode]: 未到目标点
目标位置:(0.0, 0.0, 0.1)-[A6]-[MCU:False]-[POS:False]
当前位置:(-0.0012376965023577213, -0.0009911583038046956, -0.0017621557926759124)
[INFO] [1775394551.060547419] [navNode]: 状态4：WaitAim--[A6]
[INFO] [1775394551.061095936] [navNode]: 未到目标点
目标位置:(0.0, 0.0, 0.1)-[A6]-[MCU:False]-[POS:False]
当前位置:(-0.0012376965023577213, -0.0009911583038046956, -0.0017621557926759124)
[INFO] [1775394551.161633877] [navNode]: 状态4：WaitAim--[A6]
[INFO] [1775394551.162384930] [navNode]: 未到目标点
目标位置:(0.0, 0.0, 0.1)-[A6]-[MCU:False]-[POS:False]
当前位置:(-0.0012376965023577213, -0.0009911583038046956, -0.0017621557926759124)
[INFO] [1775394551.260570885] [navNode]: 状态4：WaitAim--[A6]
[INFO] [1775394551.261067308] [navNode]: 未到目标点
目标位置:(0.0, 0.0, 0.1)-[A6]-[MCU:False]-[POS:False]
当前位置:(-0.0012376965023577213, -0.0009911583038046956, -0.0017621557926759124)
[INFO] [1775394551.360746978] [navNode]: 状态4：WaitAim--[A6]
[INFO] [1775394551.361155646] [navNode]: 未到目标点
目标位置:(0.0, 0.0, 0.1)-[A6]-[MCU:False]-[POS:False]
当前位置:(-0.0012376965023577213, -0.0009911583038046956, -0.0017621557926759124)
[INFO] [1775394551.460547363] [navNode]: 状态4：WaitAim--[A6]
[INFO] [1775394551.461231747] [navNode]: 未到目标点
目标位置:(0.0, 0.0, 0.1)-[A6]-[MCU:False]-[POS:False]
当前位置:(-0.0012376965023577213, -0.0009911583038046956, -0.0017621557926759124)
[INFO] [1775394551.560567662] [navNode]: 状态4：WaitAim--[A6]
[INFO] [1775394551.561013276] [navNode]: 未到目标点
目标位置:(0.0, 0.0, 0.1)-[A6]-[MCU:False]-[POS:False]
当前位置:(-0.0012376965023577213, -0.0009911583038046956, -0.0017621557926759124)
[INFO] [1775394551.660409331] [navNode]: 状态4：WaitAim--[A6]
[INFO] [1775394551.660862731] [navNode]: 未到目标点
目标位置:(0.0, 0.0, 0.1)-[A6]-[MCU:False]-[POS:False]
当前位置:(-0.0012376965023577213, -0.0009911583038046956, -0.0017621557926759124)
[INFO] [1775394551.760760576] [navNode]: 状态4：WaitAim--[A6]
[INFO] [1775394551.761147947] [navNode]: 未到目标点
目标位置:(0.0, 0.0, 0.1)-[A6]-[MCU:False]-[POS:False]
当前位置:(-0.0012376965023577213, -0.0009911583038046956, -0.0017621557926759124)
[INFO] [1775394551.860438989] [navNode]: 状态4：WaitAim--[A6]
[INFO] [1775394551.860890069] [navNode]: 未到目标点
目标位置:(0.0, 0.0, 0.1)-[A6]-[MCU:False]-[POS:False]
当前位置:(-0.0012376965023577213, -0.0009911583038046956, -0.0017621557926759124)
[INFO] [1775394551.960558408] [navNode]: 状态4：WaitAim--[A6]
[INFO] [1775394551.960972196] [navNode]: 未到目标点
目标位置:(0.0, 0.0, 0.1)-[A6]-[MCU:False]-[POS:False]
当前位置:(-0.0012376965023577213, -0.0009911583038046956, -0.0017621557926759124)
[INFO] [1775394552.060566664] [navNode]: 状态4：WaitAim--[A6]
[INFO] [1775394552.061184169] [navNode]: 未到目标点
目标位置:(0.0, 0.0, 0.1)-[A6]-[MCU:False]-[POS:False]
当前位置:(-0.0012376965023577213, -0.0009911583038046956, -0.0017621557926759124)
[INFO] [1775394552.160373364] [navNode]: 状态4：WaitAim--[A6]
[INFO] [1775394552.160807583] [navNode]: 未到目标点
目标位置:(0.0, 0.0, 0.1)-[A6]-[MCU:False]-[POS:False]
当前位置:(-0.0012376965023577213, -0.0009911583038046956, -0.0017621557926759124)
[INFO] [1775394552.260974392] [navNode]: 状态4：WaitAim--[A6]
[INFO] [1775394552.261466332] [navNode]: 未到目标点
目标位置:(0.0, 0.0, 0.1)-[A6]-[MCU:False]-[POS:False]
当前位置:(-0.0012376965023577213, -0.0009911583038046956, -0.0017621557926759124)
[INFO] [1775394552.360460283] [navNode]: 状态4：WaitAim--[A6]
[INFO] [1775394552.360875030] [navNode]: 未到目标点
目标位置:(0.0, 0.0, 0.1)-[A6]-[MCU:False]-[POS:False]
当前位置:(-0.0012376965023577213, -0.0009911583038046956, -0.0017621557926759124)
[INFO] [1775394552.460542359] [navNode]: 状态4：WaitAim--[A6]
[INFO] [1775394552.460958717] [navNode]: 未到目标点
目标位置:(0.0, 0.0, 0.1)-[A6]-[MCU:False]-[POS:False]
当前位置:(-0.0012376965023577213, -0.0009911583038046956, -0.0017621557926759124)
[INFO] [1775394552.560763027] [navNode]: 状态4：WaitAim--[A6]
[INFO] [1775394552.561193087] [navNode]: 未到目标点
目标位置:(0.0, 0.0, 0.1)-[A6]-[MCU:False]-[POS:False]
当前位置:(-0.0012376965023577213, -0.0009911583038046956, -0.0017621557926759124)
[INFO] [1775394552.660522452] [navNode]: 状态4：WaitAim--[A6]
[INFO] [1775394552.661005401] [navNode]: 未到目标点
目标位置:(0.0, 0.0, 0.1)-[A6]-[MCU:False]-[POS:False]
当前位置:(-0.0012376965023577213, -0.0009911583038046956, -0.0017621557926759124)
[INFO] [1775394552.760628295] [navNode]: 状态4：WaitAim--[A6]
[INFO] [1775394552.761416352] [navNode]: 未到目标点
目标位置:(0.0, 0.0, 0.1)-[A6]-[MCU:False]-[POS:False]
当前位置:(-0.0012376965023577213, -0.0009911583038046956, -0.0017621557926759124)
[INFO] [1775394552.861091708] [navNode]: 状态4：WaitAim--[A6]
[INFO] [1775394552.861575071] [navNode]: 未到目标点
目标位置:(0.0, 0.0, 0.1)-[A6]-[MCU:False]-[POS:False]
当前位置:(-0.0012376965023577213, -0.0009911583038046956, -0.0017621557926759124)
[INFO] [1775394552.960643709] [navNode]: 状态4：WaitAim--[A6]
[INFO] [1775394552.961330883] [navNode]: 未到目标点
目标位置:(0.0, 0.0, 0.1)-[A6]-[MCU:False]-[POS:False]
当前位置:(-0.0012376965023577213, -0.0009911583038046956, -0.0017621557926759124)
[INFO] [1775394553.060543269] [navNode]: 状态4：WaitAim--[A6]
[INFO] [1775394553.060946644] [navNode]: 未到目标点
目标位置:(0.0, 0.0, 0.1)-[A6]-[MCU:False]-[POS:False]
当前位置:(-0.0012376965023577213, -0.0009911583038046956, -0.0017621557926759124)
[INFO] [1775394553.160674926] [navNode]: 状态4：WaitAim--[A6]
[INFO] [1775394553.161060295] [navNode]: 未到目标点
目标位置:(0.0, 0.0, 0.1)-[A6]-[MCU:False]-[POS:False]
当前位置:(-0.0012376965023577213, -0.0009911583038046956, -0.0017621557926759124)
[INFO] [1775394553.260440213] [navNode]: 状态4：WaitAim--[A6]
[INFO] [1775394553.260990064] [navNode]: 未到目标点
目标位置:(0.0, 0.0, 0.1)-[A6]-[MCU:False]-[POS:False]
当前位置:(-0.0012376965023577213, -0.0009911583038046956, -0.0017621557926759124)
[INFO] [1775394553.360538658] [navNode]: 状态4：WaitAim--[A6]
[INFO] [1775394553.360959588] [navNode]: 未到目标点
目标位置:(0.0, 0.0, 0.1)-[A6]-[MCU:False]-[POS:False]
当前位置:(-0.0012376965023577213, -0.0009911583038046956, -0.0017621557926759124)
[INFO] [1775394553.460408253] [navNode]: 状态4：WaitAim--[A6]
[INFO] [1775394553.461128249] [navNode]: 未到目标点
目标位置:(0.0, 0.0, 0.1)-[A6]-[MCU:False]-[POS:False]
当前位置:(-0.0012376965023577213, -0.0009911583038046956, -0.0017621557926759124)
[INFO] [1775394553.560567639] [navNode]: 状态4：WaitAim--[A6]
[INFO] [1775394553.561160375] [navNode]: 未到目标点
目标位置:(0.0, 0.0, 0.1)-[A6]-[MCU:False]-[POS:False]
当前位置:(-0.0012376965023577213, -0.0009911583038046956, -0.0017621557926759124)
[INFO] [1775394553.660491258] [navNode]: 状态4：WaitAim--[A6]
[INFO] [1775394553.661088575] [navNode]: 未到目标点
目标位置:(0.0, 0.0, 0.1)-[A6]-[MCU:False]-[POS:False]
当前位置:(-0.0012376965023577213, -0.0009911583038046956, -0.0017621557926759124)
[INFO] [1775394553.761013759] [navNode]: 状态4：WaitAim--[A6]
[INFO] [1775394553.761434093] [navNode]: 未到目标点
目标位置:(0.0, 0.0, 0.1)-[A6]-[MCU:False]-[POS:False]
当前位置:(-0.0012376965023577213, -0.0009911583038046956, -0.0017621557926759124)
[INFO] [1775394553.860565727] [navNode]: 状态4：WaitAim--[A6]
[INFO] [1775394553.861081075] [navNode]: 未到目标点
目标位置:(0.0, 0.0, 0.1)-[A6]-[MCU:False]-[POS:False]
当前位置:(-0.0012376965023577213, -0.0009911583038046956, -0.0017621557926759124)
[INFO] [1775394553.960530352] [navNode]: 状态4：WaitAim--[A6]
[INFO] [1775394553.960982428] [navNode]: 未到目标点
目标位置:(0.0, 0.0, 0.1)-[A6]-[MCU:False]-[POS:False]
当前位置:(-0.0012376965023577213, -0.0009911583038046956, -0.0017621557926759124)
[INFO] [1775394554.060406789] [navNode]: 状态4：WaitAim--[A6]
[INFO] [1775394554.060934041] [navNode]: 未到目标点
目标位置:(0.0, 0.0, 0.1)-[A6]-[MCU:False]-[POS:False]
当前位置:(-0.0012376965023577213, -0.0009911583038046956, -0.0017621557926759124)
[INFO] [1775394554.160569924] [navNode]: 状态4：WaitAim--[A6]
[INFO] [1775394554.161034373] [navNode]: 未到目标点
目标位置:(0.0, 0.0, 0.1)-[A6]-[MCU:False]-[POS:False]
当前位置:(-0.0012376965023577213, -0.0009911583038046956, -0.0017621557926759124)
[INFO] [1775394554.260764237] [navNode]: 状态4：WaitAim--[A6]
[INFO] [1775394554.261423827] [navNode]: 未到目标点
目标位置:(0.0, 0.0, 0.1)-[A6]-[MCU:False]-[POS:False]
当前位置:(-0.0012376965023577213, -0.0009911583038046956, -0.0017621557926759124)
[INFO] [1775394554.360417436] [navNode]: 状态4：WaitAim--[A6]
[INFO] [1775394554.360884778] [navNode]: 未到目标点
目标位置:(0.0, 0.0, 0.1)-[A6]-[MCU:False]-[POS:False]
当前位置:(-0.0012376965023577213, -0.0009911583038046956, -0.0017621557926759124)
[INFO] [1775394554.460812322] [navNode]: 状态4：WaitAim--[A6]
[INFO] [1775394554.461327110] [navNode]: 未到目标点
目标位置:(0.0, 0.0, 0.1)-[A6]-[MCU:False]-[POS:False]
当前位置:(-0.0012376965023577213, -0.0009911583038046956, -0.0017621557926759124)
[INFO] [1775394554.560483622] [navNode]: 状态4：WaitAim--[A6]
[INFO] [1775394554.561145009] [navNode]: 未到目标点
目标位置:(0.0, 0.0, 0.1)-[A6]-[MCU:False]-[POS:False]
当前位置:(-0.0012376965023577213, -0.0009911583038046956, -0.0017621557926759124)
[INFO] [1775394554.660493084] [navNode]: 状态4：WaitAim--[A6]
[INFO] [1775394554.660959754] [navNode]: 未到目标点
目标位置:(0.0, 0.0, 0.1)-[A6]-[MCU:False]-[POS:False]
当前位置:(-0.0012376965023577213, -0.0009911583038046956, -0.0017621557926759124)
[INFO] [1775394554.760704303] [navNode]: 状态4：WaitAim--[A6]
[INFO] [1775394554.761166113] [navNode]: 未到目标点
目标位置:(0.0, 0.0, 0.1)-[A6]-[MCU:False]-[POS:False]
当前位置:(-0.0012376965023577213, -0.0009911583038046956, -0.0017621557926759124)
[INFO] [1775394554.860485010] [navNode]: 状态4：WaitAim--[A6]
[INFO] [1775394554.861027573] [navNode]: 未到目标点
目标位置:(0.0, 0.0, 0.1)-[A6]-[MCU:False]-[POS:False]
当前位置:(-0.0012376965023577213, -0.0009911583038046956, -0.0017621557926759124)
[INFO] [1775394554.960471667] [navNode]: 状态4：WaitAim--[A6]
[INFO] [1775394554.960885262] [navNode]: 未到目标点
目标位置:(0.0, 0.0, 0.1)-[A6]-[MCU:False]-[POS:False]
当前位置:(-0.0012376965023577213, -0.0009911583038046956, -0.0017621557926759124)
[INFO] [1775394555.061971403] [navNode]: 状态4：WaitAim--[A6]
[INFO] [1775394555.063220071] [navNode]: 未到目标点
目标位置:(0.0, 0.0, 0.1)-[A6]-[MCU:False]-[POS:False]
当前位置:(-0.0012376965023577213, -0.0009911583038046956, -0.0017621557926759124)
[INFO] [1775394555.160617937] [navNode]: 状态4：WaitAim--[A6]
[INFO] [1775394555.161009260] [navNode]: 未到目标点
目标位置:(0.0, 0.0, 0.1)-[A6]-[MCU:False]-[POS:False]
当前位置:(-0.0012376965023577213, -0.0009911583038046956, -0.0017621557926759124)
[INFO] [1775394555.260502970] [navNode]: 状态4：WaitAim--[A6]
[INFO] [1775394555.260886626] [navNode]: 未到目标点
目标位置:(0.0, 0.0, 0.1)-[A6]-[MCU:False]-[POS:False]
当前位置:(-0.0012376965023577213, -0.0009911583038046956, -0.0017621557926759124)
[INFO] [1775394555.360740573] [navNode]: 状态4：WaitAim--[A6]
[INFO] [1775394555.361377156] [navNode]: 未到目标点
目标位置:(0.0, 0.0, 0.1)-[A6]-[MCU:False]-[POS:False]
当前位置:(-0.0012376965023577213, -0.0009911583038046956, -0.0017621557926759124)
[INFO] [1775394555.461769506] [navNode]: 状态4：WaitAim--[A6]
[INFO] [1775394555.462597965] [navNode]: 未到目标点
目标位置:(0.0, 0.0, 0.1)-[A6]-[MCU:False]-[POS:False]
当前位置:(-0.0012376965023577213, -0.0009911583038046956, -0.0017621557926759124)
[INFO] [1775394555.560482931] [navNode]: 状态4：WaitAim--[A6]
[INFO] [1775394555.560838107] [navNode]: 未到目标点
目标位置:(0.0, 0.0, 0.1)-[A6]-[MCU:False]-[POS:False]
当前位置:(-0.0012376965023577213, -0.0009911583038046956, -0.0017621557926759124)
[INFO] [1775394555.660334907] [navNode]: 状态4：WaitAim--[A6]
[INFO] [1775394555.660893405] [navNode]: 未到目标点
目标位置:(0.0, 0.0, 0.1)-[A6]-[MCU:False]-[POS:False]
当前位置:(-0.0012376965023577213, -0.0009911583038046956, -0.0017621557926759124)
[INFO] [1775394555.762167825] [navNode]: 状态4：WaitAim--[A6]
[INFO] [1775394555.763139076] [navNode]: 未到目标点
目标位置:(0.0, 0.0, 0.1)-[A6]-[MCU:False]-[POS:False]
当前位置:(-0.0012376965023577213, -0.0009911583038046956, -0.0017621557926759124)
[INFO] [1775394555.861632225] [navNode]: 状态4：WaitAim--[A6]
[INFO] [1775394555.862593270] [navNode]: 未到目标点
目标位置:(0.0, 0.0, 0.1)-[A6]-[MCU:False]-[POS:False]
当前位置:(-0.0012376965023577213, -0.0009911583038046956, -0.0017621557926759124)
[INFO] [1775394555.960687817] [navNode]: 状态4：WaitAim--[A6]
[INFO] [1775394555.961084733] [navNode]: 未到目标点
目标位置:(0.0, 0.0, 0.1)-[A6]-[MCU:False]-[POS:False]
当前位置:(-0.0012376965023577213, -0.0009911583038046956, -0.0017621557926759124)
[INFO] [1775394556.060564776] [navNode]: 状态4：WaitAim--[A6]
[INFO] [1775394556.060984322] [navNode]: 未到目标点
目标位置:(0.0, 0.0, 0.1)-[A6]-[MCU:False]-[POS:False]
当前位置:(-0.0012376965023577213, -0.0009911583038046956, -0.0017621557926759124)
[INFO] [1775394556.160540084] [navNode]: 状态4：WaitAim--[A6]
[INFO] [1775394556.160934151] [navNode]: 未到目标点
目标位置:(0.0, 0.0, 0.1)-[A6]-[MCU:False]-[POS:False]
当前位置:(-0.0012376965023577213, -0.0009911583038046956, -0.0017621557926759124)
[INFO] [1775394556.260292756] [navNode]: 状态4：WaitAim--[A6]
[INFO] [1775394556.260674415] [navNode]: 未到目标点
目标位置:(0.0, 0.0, 0.1)-[A6]-[MCU:False]-[POS:False]
当前位置:(-0.0012376965023577213, -0.0009911583038046956, -0.0017621557926759124)
[INFO] [1775394556.360683651] [navNode]: 状态4：WaitAim--[A6]
[INFO] [1775394556.361089017] [navNode]: 未到目标点
目标位置:(0.0, 0.0, 0.1)-[A6]-[MCU:False]-[POS:False]
当前位置:(-0.0012376965023577213, -0.0009911583038046956, -0.0017621557926759124)
[INFO] [1775394556.460861754] [navNode]: 状态4：WaitAim--[A6]
[INFO] [1775394556.461583861] [navNode]: 未到目标点
目标位置:(0.0, 0.0, 0.1)-[A6]-[MCU:False]-[POS:False]
当前位置:(-0.0012376965023577213, -0.0009911583038046956, -0.0017621557926759124)
[INFO] [1775394556.560844518] [navNode]: 状态4：WaitAim--[A6]
[INFO] [1775394556.561281981] [navNode]: 未到目标点
目标位置:(0.0, 0.0, 0.1)-[A6]-[MCU:False]-[POS:False]
当前位置:(-0.0012376965023577213, -0.0009911583038046956, -0.0017621557926759124)
[INFO] [1775394556.660523705] [navNode]: 状态4：WaitAim--[A6]
[INFO] [1775394556.661107207] [navNode]: 未到目标点
目标位置:(0.0, 0.0, 0.1)-[A6]-[MCU:False]-[POS:False]
当前位置:(-0.0012376965023577213, -0.0009911583038046956, -0.0017621557926759124)
[INFO] [1775394556.760463299] [navNode]: 状态4：WaitAim--[A6]
[INFO] [1775394556.760856734] [navNode]: 未到目标点
目标位置:(0.0, 0.0, 0.1)-[A6]-[MCU:False]-[POS:False]
当前位置:(-0.0012376965023577213, -0.0009911583038046956, -0.0017621557926759124)
[INFO] [1775394556.860477919] [navNode]: 状态4：WaitAim--[A6]
[INFO] [1775394556.860906324] [navNode]: 未到目标点
目标位置:(0.0, 0.0, 0.1)-[A6]-[MCU:False]-[POS:False]
当前位置:(-0.0012376965023577213, -0.0009911583038046956, -0.0017621557926759124)
[INFO] [1775394556.960663088] [navNode]: 状态4：WaitAim--[A6]
[INFO] [1775394556.961139574] [navNode]: 未到目标点
目标位置:(0.0, 0.0, 0.1)-[A6]-[MCU:False]-[POS:False]
当前位置:(-0.0012376965023577213, -0.0009911583038046956, -0.0017621557926759124)
[INFO] [1775394557.060636142] [navNode]: 状态4：WaitAim--[A6]
[INFO] [1775394557.061049448] [navNode]: 未到目标点
目标位置:(0.0, 0.0, 0.1)-[A6]-[MCU:False]-[POS:False]
当前位置:(-0.0012376965023577213, -0.0009911583038046956, -0.0017621557926759124)
[INFO] [1775394557.162274061] [navNode]: 状态4：WaitAim--[A6]
[INFO] [1775394557.163317424] [navNode]: 未到目标点
目标位置:(0.0, 0.0, 0.1)-[A6]-[MCU:False]-[POS:False]
当前位置:(-0.0012376965023577213, -0.0009911583038046956, -0.0017621557926759124)
[INFO] [1775394557.260428977] [navNode]: 状态4：WaitAim--[A6]
[INFO] [1775394557.260819134] [navNode]: 未到目标点
目标位置:(0.0, 0.0, 0.1)-[A6]-[MCU:False]-[POS:False]
当前位置:(-0.0012376965023577213, -0.0009911583038046956, -0.0017621557926759124)
[INFO] [1775394557.362208778] [navNode]: 状态4：WaitAim--[A6]
[INFO] [1775394557.362584017] [navNode]: 未到目标点
目标位置:(0.0, 0.0, 0.1)-[A6]-[MCU:False]-[POS:False]
当前位置:(-0.0012376965023577213, -0.0009911583038046956, -0.0017621557926759124)
[INFO] [1775394557.460494512] [navNode]: 状态4：WaitAim--[A6]
[INFO] [1775394557.460983736] [navNode]: 未到目标点
目标位置:(0.0, 0.0, 0.1)-[A6]-[MCU:False]-[POS:False]
当前位置:(-0.0012376965023577213, -0.0009911583038046956, -0.0017621557926759124)
[INFO] [1775394557.560710204] [navNode]: 状态4：WaitAim--[A6]
[INFO] [1775394557.561157092] [navNode]: 未到目标点
目标位置:(0.0, 0.0, 0.1)-[A6]-[MCU:False]-[POS:False]
当前位置:(-0.0012376965023577213, -0.0009911583038046956, -0.0017621557926759124)
[INFO] [1775394557.660452324] [navNode]: 状态4：WaitAim--[A6]
[INFO] [1775394557.661192775] [navNode]: 未到目标点
目标位置:(0.0, 0.0, 0.1)-[A6]-[MCU:False]-[POS:False]
当前位置:(-0.0012376965023577213, -0.0009911583038046956, -0.0017621557926759124)
[INFO] [1775394557.761095459] [navNode]: 状态4：WaitAim--[A6]
[INFO] [1775394557.761568379] [navNode]: 未到目标点
目标位置:(0.0, 0.0, 0.1)-[A6]-[MCU:False]-[POS:False]
当前位置:(-0.0012376965023577213, -0.0009911583038046956, -0.0017621557926759124)
[INFO] [1775394557.860897938] [navNode]: 状态4：WaitAim--[A6]
[INFO] [1775394557.861367953] [navNode]: 未到目标点
目标位置:(0.0, 0.0, 0.1)-[A6]-[MCU:False]-[POS:False]
当前位置:(-0.0012376965023577213, -0.0009911583038046956, -0.0017621557926759124)
[INFO] [1775394557.960542601] [navNode]: 状态4：WaitAim--[A6]
[INFO] [1775394557.960960974] [navNode]: 未到目标点
目标位置:(0.0, 0.0, 0.1)-[A6]-[MCU:False]-[POS:False]
当前位置:(-0.0012376965023577213, -0.0009911583038046956, -0.0017621557926759124)
[INFO] [1775394558.060456798] [navNode]: 状态4：WaitAim--[A6]
[INFO] [1775394558.060915637] [navNode]: 未到目标点
目标位置:(0.0, 0.0, 0.1)-[A6]-[MCU:False]-[POS:False]
当前位置:(-0.0012376965023577213, -0.0009911583038046956, -0.0017621557926759124)
[INFO] [1775394558.160760356] [navNode]: 状态4：WaitAim--[A6]
[INFO] [1775394558.161215950] [navNode]: 未到目标点
目标位置:(0.0, 0.0, 0.1)-[A6]-[MCU:False]-[POS:False]
当前位置:(-0.0012376965023577213, -0.0009911583038046956, -0.0017621557926759124)
[INFO] [1775394558.260636288] [navNode]: 状态4：WaitAim--[A6]
[INFO] [1775394558.261098729] [navNode]: 未到目标点
目标位置:(0.0, 0.0, 0.1)-[A6]-[MCU:False]-[POS:False]
当前位置:(-0.0012376965023577213, -0.0009911583038046956, -0.0017621557926759124)
[INFO] [1775394558.360509729] [navNode]: 状态4：WaitAim--[A6]
[INFO] [1775394558.361100397] [navNode]: 未到目标点
目标位置:(0.0, 0.0, 0.1)-[A6]-[MCU:False]-[POS:False]
当前位置:(-0.0012376965023577213, -0.0009911583038046956, -0.0017621557926759124)
[INFO] [1775394558.460439253] [navNode]: 状态4：WaitAim--[A6]
[INFO] [1775394558.460977618] [navNode]: 未到目标点
目标位置:(0.0, 0.0, 0.1)-[A6]-[MCU:False]-[POS:False]
当前位置:(-0.0012376965023577213, -0.0009911583038046956, -0.0017621557926759124)
[INFO] [1775394558.560837503] [navNode]: 状态4：WaitAim--[A6]
[INFO] [1775394558.561248441] [navNode]: 未到目标点
目标位置:(0.0, 0.0, 0.1)-[A6]-[MCU:False]-[POS:False]
当前位置:(-0.0012376965023577213, -0.0009911583038046956, -0.0017621557926759124)
[INFO] [1775394558.660494329] [navNode]: 状态4：WaitAim--[A6]
[INFO] [1775394558.660961024] [navNode]: 未到目标点
目标位置:(0.0, 0.0, 0.1)-[A6]-[MCU:False]-[POS:False]
当前位置:(-0.0012376965023577213, -0.0009911583038046956, -0.0017621557926759124)
[INFO] [1775394558.760853484] [navNode]: 状态4：WaitAim--[A6]
[INFO] [1775394558.761242024] [navNode]: 未到目标点
目标位置:(0.0, 0.0, 0.1)-[A6]-[MCU:False]-[POS:False]
当前位置:(-0.0012376965023577213, -0.0009911583038046956, -0.0017621557926759124)
[INFO] [1775394558.860578367] [navNode]: 状态4：WaitAim--[A6]
[INFO] [1775394558.860963551] [navNode]: 未到目标点
目标位置:(0.0, 0.0, 0.1)-[A6]-[MCU:False]-[POS:False]
当前位置:(-0.0012376965023577213, -0.0009911583038046956, -0.0017621557926759124)
[INFO] [1775394558.960470893] [navNode]: 状态4：WaitAim--[A6]
[INFO] [1775394558.960971466] [navNode]: 未到目标点
目标位置:(0.0, 0.0, 0.1)-[A6]-[MCU:False]-[POS:False]
当前位置:(-0.0012376965023577213, -0.0009911583038046956, -0.0017621557926759124)
[INFO] [1775394559.060660837] [navNode]: 状态4：WaitAim--[A6]
[INFO] [1775394559.061063765] [navNode]: 未到目标点
目标位置:(0.0, 0.0, 0.1)-[A6]-[MCU:False]-[POS:False]
当前位置:(-0.0012376965023577213, -0.0009911583038046956, -0.0017621557926759124)
[INFO] [1775394559.160463379] [navNode]: 状态4：WaitAim--[A6]
[INFO] [1775394559.160843190] [navNode]: 未到目标点
目标位置:(0.0, 0.0, 0.1)-[A6]-[MCU:False]-[POS:False]
当前位置:(-0.0012376965023577213, -0.0009911583038046956, -0.0017621557926759124)
[INFO] [1775394559.260465311] [navNode]: 状态4：WaitAim--[A6]
[INFO] [1775394559.260935988] [navNode]: 未到目标点
目标位置:(0.0, 0.0, 0.1)-[A6]-[MCU:False]-[POS:False]
当前位置:(-0.0012376965023577213, -0.0009911583038046956, -0.0017621557926759124)
[INFO] [1775394559.360949244] [navNode]: 状态4：WaitAim--[A6]
[INFO] [1775394559.361396866] [navNode]: 未到目标点
目标位置:(0.0, 0.0, 0.1)-[A6]-[MCU:False]-[POS:False]
当前位置:(-0.0012376965023577213, -0.0009911583038046956, -0.0017621557926759124)
[INFO] [1775394559.460881799] [navNode]: 状态4：WaitAim--[A6]
[INFO] [1775394559.461474724] [navNode]: 未到目标点
目标位置:(0.0, 0.0, 0.1)-[A6]-[MCU:False]-[POS:False]
当前位置:(-0.0012376965023577213, -0.0009911583038046956, -0.0017621557926759124)
[INFO] [1775394559.560786199] [navNode]: 状态4：WaitAim--[A6]
[INFO] [1775394559.561292719] [navNode]: 未到目标点
目标位置:(0.0, 0.0, 0.1)-[A6]-[MCU:False]-[POS:False]
当前位置:(-0.0012376965023577213, -0.0009911583038046956, -0.0017621557926759124)
[INFO] [1775394559.660468007] [navNode]: 状态4：WaitAim--[A6]
[INFO] [1775394559.661035409] [navNode]: 未到目标点
目标位置:(0.0, 0.0, 0.1)-[A6]-[MCU:False]-[POS:False]
当前位置:(-0.0012376965023577213, -0.0009911583038046956, -0.0017621557926759124)
[INFO] [1775394559.760547265] [navNode]: 状态4：WaitAim--[A6]
[INFO] [1775394559.761026780] [navNode]: 未到目标点
目标位置:(0.0, 0.0, 0.1)-[A6]-[MCU:False]-[POS:False]
当前位置:(-0.0012376965023577213, -0.0009911583038046956, -0.0017621557926759124)
[INFO] [1775394559.860825472] [navNode]: 状态4：WaitAim--[A6]
[INFO] [1775394559.861353605] [navNode]: 未到目标点
目标位置:(0.0, 0.0, 0.1)-[A6]-[MCU:False]-[POS:False]
当前位置:(-0.0012376965023577213, -0.0009911583038046956, -0.0017621557926759124)
[INFO] [1775394559.960444192] [navNode]: 状态4：WaitAim--[A6]
[INFO] [1775394559.961345939] [navNode]: 未到目标点
目标位置:(0.0, 0.0, 0.1)-[A6]-[MCU:False]-[POS:False]
当前位置:(-0.0012376965023577213, -0.0009911583038046956, -0.0017621557926759124)
[INFO] [1775394560.060762681] [navNode]: 状态4：WaitAim--[A6]
[INFO] [1775394560.061390904] [navNode]: 未到目标点
目标位置:(0.0, 0.0, 0.1)-[A6]-[MCU:False]-[POS:False]
当前位置:(-0.0012376965023577213, -0.0009911583038046956, -0.0017621557926759124)
[INFO] [1775394560.160658618] [navNode]: 状态4：WaitAim--[A6]
[INFO] [1775394560.161144664] [navNode]: 未到目标点
目标位置:(0.0, 0.0, 0.1)-[A6]-[MCU:False]-[POS:False]
当前位置:(-0.0012376965023577213, -0.0009911583038046956, -0.0017621557926759124)
[INFO] [1775394560.260882302] [navNode]: 状态4：WaitAim--[A6]
[INFO] [1775394560.261379634] [navNode]: 未到目标点
目标位置:(0.0, 0.0, 0.1)-[A6]-[MCU:False]-[POS:False]
当前位置:(-0.0012376965023577213, -0.0009911583038046956, -0.0017621557926759124)
[INFO] [1775394560.360635036] [navNode]: 状态4：WaitAim--[A6]
[INFO] [1775394560.361116965] [navNode]: 未到目标点
目标位置:(0.0, 0.0, 0.1)-[A6]-[MCU:False]-[POS:False]
当前位置:(-0.0012376965023577213, -0.0009911583038046956, -0.0017621557926759124)
[INFO] [1775394560.460443374] [navNode]: 状态4：WaitAim--[A6]
[INFO] [1775394560.461204057] [navNode]: 未到目标点
目标位置:(0.0, 0.0, 0.1)-[A6]-[MCU:False]-[POS:False]
当前位置:(-0.0012376965023577213, -0.0009911583038046956, -0.0017621557926759124)
[INFO] [1775394560.560688671] [navNode]: 状态4：WaitAim--[A6]
[INFO] [1775394560.561164009] [navNode]: 未到目标点
目标位置:(0.0, 0.0, 0.1)-[A6]-[MCU:False]-[POS:False]
当前位置:(-0.0012376965023577213, -0.0009911583038046956, -0.0017621557926759124)
[INFO] [1775394560.660704083] [navNode]: 状态4：WaitAim--[A6]
[INFO] [1775394560.661341670] [navNode]: 未到目标点
目标位置:(0.0, 0.0, 0.1)-[A6]-[MCU:False]-[POS:False]
当前位置:(-0.0012376965023577213, -0.0009911583038046956, -0.0017621557926759124)
[INFO] [1775394560.760682977] [navNode]: 状态4：WaitAim--[A6]
[INFO] [1775394560.761131686] [navNode]: 未到目标点
目标位置:(0.0, 0.0, 0.1)-[A6]-[MCU:False]-[POS:False]
当前位置:(-0.0012376965023577213, -0.0009911583038046956, -0.0017621557926759124)
[INFO] [1775394560.860746677] [navNode]: 状态4：WaitAim--[A6]
[INFO] [1775394560.861147271] [navNode]: 未到目标点
目标位置:(0.0, 0.0, 0.1)-[A6]-[MCU:False]-[POS:False]
当前位置:(-0.0012376965023577213, -0.0009911583038046956, -0.0017621557926759124)
[INFO] [1775394560.961076196] [navNode]: 状态4：WaitAim--[A6]
[INFO] [1775394560.961509996] [navNode]: 未到目标点
目标位置:(0.0, 0.0, 0.1)-[A6]-[MCU:False]-[POS:False]
当前位置:(-0.0012376965023577213, -0.0009911583038046956, -0.0017621557926759124)
[INFO] [1775394561.061740895] [navNode]: 状态4：WaitAim--[A6]
[INFO] [1775394561.062163104] [navNode]: 未到目标点
目标位置:(0.0, 0.0, 0.1)-[A6]-[MCU:False]-[POS:False]
当前位置:(-0.0012376965023577213, -0.0009911583038046956, -0.0017621557926759124)
[INFO] [1775394561.161403910] [navNode]: 状态4：WaitAim--[A6]
[INFO] [1775394561.162023632] [navNode]: 未到目标点
目标位置:(0.0, 0.0, 0.1)-[A6]-[MCU:False]-[POS:False]
当前位置:(-0.0012376965023577213, -0.0009911583038046956, -0.0017621557926759124)
[INFO] [1775394561.260989754] [navNode]: 状态4：WaitAim--[A6]
[INFO] [1775394561.261557921] [navNode]: 未到目标点
目标位置:(0.0, 0.0, 0.1)-[A6]-[MCU:False]-[POS:False]
当前位置:(-0.0012376965023577213, -0.0009911583038046956, -0.0017621557926759124)
[INFO] [1775394561.360968143] [navNode]: 状态4：WaitAim--[A6]
[INFO] [1775394561.361409469] [navNode]: 未到目标点
目标位置:(0.0, 0.0, 0.1)-[A6]-[MCU:False]-[POS:False]
当前位置:(-0.0012376965023577213, -0.0009911583038046956, -0.0017621557926759124)
[INFO] [1775394561.460822265] [navNode]: 状态4：WaitAim--[A6]
[INFO] [1775394561.461251928] [navNode]: 未到目标点
目标位置:(0.0, 0.0, 0.1)-[A6]-[MCU:False]-[POS:False]
当前位置:(-0.0012376965023577213, -0.0009911583038046956, -0.0017621557926759124)
[INFO] [1775394561.560769995] [navNode]: 状态4：WaitAim--[A6]
[INFO] [1775394561.561176526] [navNode]: 未到目标点
目标位置:(0.0, 0.0, 0.1)-[A6]-[MCU:False]-[POS:False]
当前位置:(-0.0012376965023577213, -0.0009911583038046956, -0.0017621557926759124)
[INFO] [1775394561.661612109] [navNode]: 状态4：WaitAim--[A6]
[INFO] [1775394561.662130774] [navNode]: 未到目标点
目标位置:(0.0, 0.0, 0.1)-[A6]-[MCU:False]-[POS:False]
当前位置:(-0.0012376965023577213, -0.0009911583038046956, -0.0017621557926759124)
[INFO] [1775394561.760547998] [navNode]: 状态4：WaitAim--[A6]
[INFO] [1775394561.760958856] [navNode]: 未到目标点
目标位置:(0.0, 0.0, 0.1)-[A6]-[MCU:False]-[POS:False]
当前位置:(-0.0012376965023577213, -0.0009911583038046956, -0.0017621557926759124)
[INFO] [1775394561.860684023] [navNode]: 状态4：WaitAim--[A6]
[INFO] [1775394561.861114454] [navNode]: 未到目标点
目标位置:(0.0, 0.0, 0.1)-[A6]-[MCU:False]-[POS:False]
当前位置:(-0.0012376965023577213, -0.0009911583038046956, -0.0017621557926759124)
[INFO] [1775394561.960899905] [navNode]: 状态4：WaitAim--[A6]
[INFO] [1775394561.961426769] [navNode]: 未到目标点
目标位置:(0.0, 0.0, 0.1)-[A6]-[MCU:False]-[POS:False]
当前位置:(-0.0012376965023577213, -0.0009911583038046956, -0.0017621557926759124)
[INFO] [1775394562.060828936] [navNode]: 状态4：WaitAim--[A6]
[INFO] [1775394562.061340304] [navNode]: 未到目标点
目标位置:(0.0, 0.0, 0.1)-[A6]-[MCU:False]-[POS:False]
当前位置:(-0.0012376965023577213, -0.0009911583038046956, -0.0017621557926759124)
[INFO] [1775394562.160670228] [navNode]: 状态4：WaitAim--[A6]
[INFO] [1775394562.161107257] [navNode]: 未到目标点
目标位置:(0.0, 0.0, 0.1)-[A6]-[MCU:False]-[POS:False]
当前位置:(-0.0012376965023577213, -0.0009911583038046956, -0.0017621557926759124)
[INFO] [1775394562.260845569] [navNode]: 状态4：WaitAim--[A6]
[INFO] [1775394562.261343892] [navNode]: 未到目标点
目标位置:(0.0, 0.0, 0.1)-[A6]-[MCU:False]-[POS:False]
当前位置:(-0.0012376965023577213, -0.0009911583038046956, -0.0017621557926759124)
[INFO] [1775394562.360866729] [navNode]: 状态4：WaitAim--[A6]
[INFO] [1775394562.361346309] [navNode]: 未到目标点
目标位置:(0.0, 0.0, 0.1)-[A6]-[MCU:False]-[POS:False]
当前位置:(-0.0012376965023577213, -0.0009911583038046956, -0.0017621557926759124)
[INFO] [1775394562.460900539] [navNode]: 状态4：WaitAim--[A6]
[INFO] [1775394562.461348529] [navNode]: 未到目标点
目标位置:(0.0, 0.0, 0.1)-[A6]-[MCU:False]-[POS:False]
当前位置:(-0.0012376965023577213, -0.0009911583038046956, -0.0017621557926759124)
[INFO] [1775394562.561439804] [navNode]: 状态4：WaitAim--[A6]
[INFO] [1775394562.561919027] [navNode]: 未到目标点
目标位置:(0.0, 0.0, 0.1)-[A6]-[MCU:False]-[POS:False]
当前位置:(-0.0012376965023577213, -0.0009911583038046956, -0.0017621557926759124)
[INFO] [1775394562.660602336] [navNode]: 状态4：WaitAim--[A6]
[INFO] [1775394562.661140452] [navNode]: 未到目标点
目标位置:(0.0, 0.0, 0.1)-[A6]-[MCU:False]-[POS:False]
当前位置:(-0.0012376965023577213, -0.0009911583038046956, -0.0017621557926759124)
[INFO] [1775394562.761216775] [navNode]: 状态4：WaitAim--[A6]
[INFO] [1775394562.761778441] [navNode]: 未到目标点
目标位置:(0.0, 0.0, 0.1)-[A6]-[MCU:False]-[POS:False]
当前位置:(-0.0012376965023577213, -0.0009911583038046956, -0.0017621557926759124)
[INFO] [1775394562.861379967] [navNode]: 状态4：WaitAim--[A6]
[INFO] [1775394562.862003808] [navNode]: 未到目标点
目标位置:(0.0, 0.0, 0.1)-[A6]-[MCU:False]-[POS:False]
当前位置:(-0.0012376965023577213, -0.0009911583038046956, -0.0017621557926759124)
[INFO] [1775394562.960914449] [navNode]: 状态4：WaitAim--[A6]
[INFO] [1775394562.961396675] [navNode]: 未到目标点
目标位置:(0.0, 0.0, 0.1)-[A6]-[MCU:False]-[POS:False]
当前位置:(-0.0012376965023577213, -0.0009911583038046956, -0.0017621557926759124)
[INFO] [1775394563.061141934] [navNode]: 状态4：WaitAim--[A6]
[INFO] [1775394563.061616026] [navNode]: 未到目标点
目标位置:(0.0, 0.0, 0.1)-[A6]-[MCU:False]-[POS:False]
当前位置:(-0.0012376965023577213, -0.0009911583038046956, -0.0017621557926759124)
[INFO] [1775394563.160912335] [navNode]: 状态4：WaitAim--[A6]
[INFO] [1775394563.161352101] [navNode]: 未到目标点
目标位置:(0.0, 0.0, 0.1)-[A6]-[MCU:False]-[POS:False]
当前位置:(-0.0012376965023577213, -0.0009911583038046956, -0.0017621557926759124)
[INFO] [1775394563.261144965] [navNode]: 状态4：WaitAim--[A6]
[INFO] [1775394563.261676938] [navNode]: 未到目标点
目标位置:(0.0, 0.0, 0.1)-[A6]-[MCU:False]-[POS:False]
当前位置:(-0.0012376965023577213, -0.0009911583038046956, -0.0017621557926759124)
[INFO] [1775394563.360702696] [navNode]: 状态4：WaitAim--[A6]
[INFO] [1775394563.361102157] [navNode]: 未到目标点
目标位置:(0.0, 0.0, 0.1)-[A6]-[MCU:False]-[POS:False]
当前位置:(-0.0012376965023577213, -0.0009911583038046956, -0.0017621557926759124)
[INFO] [1775394563.460701693] [navNode]: 状态4：WaitAim--[A6]
[INFO] [1775394563.461196729] [navNode]: 未到目标点
目标位置:(0.0, 0.0, 0.1)-[A6]-[MCU:False]-[POS:False]
当前位置:(-0.0012376965023577213, -0.0009911583038046956, -0.0017621557926759124)
[INFO] [1775394563.562058263] [navNode]: 状态4：WaitAim--[A6]
[INFO] [1775394563.562545981] [navNode]: 未到目标点
目标位置:(0.0, 0.0, 0.1)-[A6]-[MCU:False]-[POS:False]
当前位置:(-0.0012376965023577213, -0.0009911583038046956, -0.0017621557926759124)
[INFO] [1775394563.660706312] [navNode]: 状态4：WaitAim--[A6]
[INFO] [1775394563.661201144] [navNode]: 未到目标点
目标位置:(0.0, 0.0, 0.1)-[A6]-[MCU:False]-[POS:False]
当前位置:(-0.0012376965023577213, -0.0009911583038046956, -0.0017621557926759124)
[INFO] [1775394563.761015613] [navNode]: 状态4：WaitAim--[A6]
[INFO] [1775394563.761495464] [navNode]: 未到目标点
目标位置:(0.0, 0.0, 0.1)-[A6]-[MCU:False]-[POS:False]
当前位置:(-0.0012376965023577213, -0.0009911583038046956, -0.0017621557926759124)
[INFO] [1775394563.860577006] [navNode]: 状态4：WaitAim--[A6]
[INFO] [1775394563.861122238] [navNode]: 未到目标点
目标位置:(0.0, 0.0, 0.1)-[A6]-[MCU:False]-[POS:False]
当前位置:(-0.0012376965023577213, -0.0009911583038046956, -0.0017621557926759124)
[INFO] [1775394563.960526580] [navNode]: 状态4：WaitAim--[A6]
[INFO] [1775394563.960981971] [navNode]: 未到目标点
目标位置:(0.0, 0.0, 0.1)-[A6]-[MCU:False]-[POS:False]
当前位置:(-0.0012376965023577213, -0.0009911583038046956, -0.0017621557926759124)
[INFO] [1775394564.060902473] [navNode]: 状态4：WaitAim--[A6]
[INFO] [1775394564.061402904] [navNode]: 未到目标点
目标位置:(0.0, 0.0, 0.1)-[A6]-[MCU:False]-[POS:False]
当前位置:(-0.0012376965023577213, -0.0009911583038046956, -0.0017621557926759124)
[INFO] [1775394564.160642642] [navNode]: 状态4：WaitAim--[A6]
[INFO] [1775394564.161074920] [navNode]: 未到目标点
目标位置:(0.0, 0.0, 0.1)-[A6]-[MCU:False]-[POS:False]
当前位置:(-0.0012376965023577213, -0.0009911583038046956, -0.0017621557926759124)
[INFO] [1775394564.260668819] [navNode]: 状态4：WaitAim--[A6]
[INFO] [1775394564.261136786] [navNode]: 未到目标点
目标位置:(0.0, 0.0, 0.1)-[A6]-[MCU:False]-[POS:False]
当前位置:(-0.0012376965023577213, -0.0009911583038046956, -0.0017621557926759124)
[INFO] [1775394564.360954469] [navNode]: 状态4：WaitAim--[A6]
[INFO] [1775394564.361449297] [navNode]: 未到目标点
目标位置:(0.0, 0.0, 0.1)-[A6]-[MCU:False]-[POS:False]
当前位置:(-0.0012376965023577213, -0.0009911583038046956, -0.0017621557926759124)
[INFO] [1775394564.460868111] [navNode]: 状态4：WaitAim--[A6]
[INFO] [1775394564.461434457] [navNode]: 未到目标点
目标位置:(0.0, 0.0, 0.1)-[A6]-[MCU:False]-[POS:False]
当前位置:(-0.0012376965023577213, -0.0009911583038046956, -0.0017621557926759124)
[INFO] [1775394564.560966725] [navNode]: 状态4：WaitAim--[A6]
[INFO] [1775394564.561488618] [navNode]: 未到目标点
目标位置:(0.0, 0.0, 0.1)-[A6]-[MCU:False]-[POS:False]
当前位置:(-0.0012376965023577213, -0.0009911583038046956, -0.0017621557926759124)
[INFO] [1775394564.660745906] [navNode]: 状态4：WaitAim--[A6]
[INFO] [1775394564.661304477] [navNode]: 未到目标点
目标位置:(0.0, 0.0, 0.1)-[A6]-[MCU:False]-[POS:False]
当前位置:(-0.0012376965023577213, -0.0009911583038046956, -0.0017621557926759124)
[INFO] [1775394564.761612952] [navNode]: 状态4：WaitAim--[A6]
[INFO] [1775394564.762320414] [navNode]: 未到目标点
目标位置:(0.0, 0.0, 0.1)-[A6]-[MCU:False]-[POS:False]
当前位置:(-0.0012376965023577213, -0.0009911583038046956, -0.0017621557926759124)
[INFO] [1775394564.860903028] [navNode]: 状态4：WaitAim--[A6]
[INFO] [1775394564.861408289] [navNode]: 未到目标点
目标位置:(0.0, 0.0, 0.1)-[A6]-[MCU:False]-[POS:False]
当前位置:(-0.0012376965023577213, -0.0009911583038046956, -0.0017621557926759124)
[INFO] [1775394564.960704897] [navNode]: 状态4：WaitAim--[A6]
[INFO] [1775394564.961168488] [navNode]: 未到目标点
目标位置:(0.0, 0.0, 0.1)-[A6]-[MCU:False]-[POS:False]
当前位置:(-0.0012376965023577213, -0.0009911583038046956, -0.0017621557926759124)
[INFO] [1775394565.060785245] [navNode]: 状态4：WaitAim--[A6]
[INFO] [1775394565.061218239] [navNode]: 未到目标点
目标位置:(0.0, 0.0, 0.1)-[A6]-[MCU:False]-[POS:False]
当前位置:(-0.0012376965023577213, -0.0009911583038046956, -0.0017621557926759124)
[INFO] [1775394565.161162045] [navNode]: 状态4：WaitAim--[A6]
[INFO] [1775394565.161758446] [navNode]: 未到目标点
目标位置:(0.0, 0.0, 0.1)-[A6]-[MCU:False]-[POS:False]
当前位置:(-0.0012376965023577213, -0.0009911583038046956, -0.0017621557926759124)
[INFO] [1775394565.260488549] [navNode]: 状态4：WaitAim--[A6]
[INFO] [1775394565.261029317] [navNode]: 未到目标点
目标位置:(0.0, 0.0, 0.1)-[A6]-[MCU:False]-[POS:False]
当前位置:(-0.0012376965023577213, -0.0009911583038046956, -0.0017621557926759124)
[INFO] [1775394565.360736999] [navNode]: 状态4：WaitAim--[A6]
[INFO] [1775394565.361263601] [navNode]: 未到目标点
目标位置:(0.0, 0.0, 0.1)-[A6]-[MCU:False]-[POS:False]
当前位置:(-0.0012376965023577213, -0.0009911583038046956, -0.0017621557926759124)
[INFO] [1775394565.460374149] [navNode]: 状态4：WaitAim--[A6]
[INFO] [1775394565.460839075] [navNode]: 未到目标点
目标位置:(0.0, 0.0, 0.1)-[A6]-[MCU:False]-[POS:False]
当前位置:(-0.0012376965023577213, -0.0009911583038046956, -0.0017621557926759124)
[INFO] [1775394565.560905635] [navNode]: 状态4：WaitAim--[A6]
[INFO] [1775394565.561385596] [navNode]: 未到目标点
目标位置:(0.0, 0.0, 0.1)-[A6]-[MCU:False]-[POS:False]
当前位置:(-0.0012376965023577213, -0.0009911583038046956, -0.0017621557926759124)
[INFO] [1775394565.660666944] [navNode]: 状态4：WaitAim--[A6]
[INFO] [1775394565.661207453] [navNode]: 未到目标点
目标位置:(0.0, 0.0, 0.1)-[A6]-[MCU:False]-[POS:False]
当前位置:(-0.0012376965023577213, -0.0009911583038046956, -0.0017621557926759124)
[INFO] [1775394565.761006253] [navNode]: 状态4：WaitAim--[A6]
[INFO] [1775394565.761511570] [navNode]: 未到目标点
目标位置:(0.0, 0.0, 0.1)-[A6]-[MCU:False]-[POS:False]
当前位置:(-0.0012376965023577213, -0.0009911583038046956, -0.0017621557926759124)
[INFO] [1775394565.861121710] [navNode]: 状态4：WaitAim--[A6]
[INFO] [1775394565.862039812] [navNode]: 未到目标点
目标位置:(0.0, 0.0, 0.1)-[A6]-[MCU:False]-[POS:False]
当前位置:(-0.0012376965023577213, -0.0009911583038046956, -0.0017621557926759124)
[INFO] [1775394565.960473219] [navNode]: 状态4：WaitAim--[A6]
[INFO] [1775394565.961063600] [navNode]: 未到目标点
目标位置:(0.0, 0.0, 0.1)-[A6]-[MCU:False]-[POS:False]
当前位置:(-0.0012376965023577213, -0.0009911583038046956, -0.0017621557926759124)
[INFO] [1775394566.060969663] [navNode]: 状态4：WaitAim--[A6]
[INFO] [1775394566.061507627] [navNode]: 未到目标点
目标位置:(0.0, 0.0, 0.1)-[A6]-[MCU:False]-[POS:False]
当前位置:(-0.0012376965023577213, -0.0009911583038046956, -0.0017621557926759124)
[INFO] [1775394566.161074092] [navNode]: 状态4：WaitAim--[A6]
[INFO] [1775394566.161538917] [navNode]: 未到目标点
目标位置:(0.0, 0.0, 0.1)-[A6]-[MCU:False]-[POS:False]
当前位置:(-0.0012376965023577213, -0.0009911583038046956, -0.0017621557926759124)
[INFO] [1775394566.260815056] [navNode]: 状态4：WaitAim--[A6]
[INFO] [1775394566.261341297] [navNode]: 未到目标点
目标位置:(0.0, 0.0, 0.1)-[A6]-[MCU:False]-[POS:False]
当前位置:(-0.0012376965023577213, -0.0009911583038046956, -0.0017621557926759124)
[INFO] [1775394566.361150655] [navNode]: 状态4：WaitAim--[A6]
[INFO] [1775394566.361693548] [navNode]: 未到目标点
目标位置:(0.0, 0.0, 0.1)-[A6]-[MCU:False]-[POS:False]
当前位置:(-0.0012376965023577213, -0.0009911583038046956, -0.0017621557926759124)
[INFO] [1775394566.460674435] [navNode]: 状态4：WaitAim--[A6]
[INFO] [1775394566.461177487] [navNode]: 未到目标点
目标位置:(0.0, 0.0, 0.1)-[A6]-[MCU:False]-[POS:False]
当前位置:(-0.0012376965023577213, -0.0009911583038046956, -0.0017621557926759124)
[INFO] [1775394566.560754855] [navNode]: 状态4：WaitAim--[A6]
[INFO] [1775394566.561580523] [navNode]: 未到目标点
目标位置:(0.0, 0.0, 0.1)-[A6]-[MCU:False]-[POS:False]
当前位置:(-0.0012376965023577213, -0.0009911583038046956, -0.0017621557926759124)
[INFO] [1775394566.662173895] [navNode]: 状态4：WaitAim--[A6]
[INFO] [1775394566.663133001] [navNode]: 未到目标点
目标位置:(0.0, 0.0, 0.1)-[A6]-[MCU:False]-[POS:False]
当前位置:(-0.0012376965023577213, -0.0009911583038046956, -0.0017621557926759124)
[INFO] [1775394566.760689141] [navNode]: 状态4：WaitAim--[A6]
[INFO] [1775394566.761166243] [navNode]: 未到目标点
目标位置:(0.0, 0.0, 0.1)-[A6]-[MCU:False]-[POS:False]
当前位置:(-0.0012376965023577213, -0.0009911583038046956, -0.0017621557926759124)
[INFO] [1775394566.860651035] [navNode]: 状态4：WaitAim--[A6]
[INFO] [1775394566.861041909] [navNode]: 未到目标点
目标位置:(0.0, 0.0, 0.1)-[A6]-[MCU:False]-[POS:False]
当前位置:(-0.0012376965023577213, -0.0009911583038046956, -0.0017621557926759124)
[INFO] [1775394566.960915020] [navNode]: 状态4：WaitAim--[A6]
[INFO] [1775394566.961504524] [navNode]: 未到目标点
目标位置:(0.0, 0.0, 0.1)-[A6]-[MCU:False]-[POS:False]
当前位置:(-0.0012376965023577213, -0.0009911583038046956, -0.0017621557926759124)
[INFO] [1775394567.063061447] [navNode]: 状态4：WaitAim--[A6]
[INFO] [1775394567.064199164] [navNode]: 未到目标点
目标位置:(0.0, 0.0, 0.1)-[A6]-[MCU:False]-[POS:False]
当前位置:(-0.0012376965023577213, -0.0009911583038046956, -0.0017621557926759124)
[INFO] [1775394567.160472098] [navNode]: 状态4：WaitAim--[A6]
[INFO] [1775394567.160884796] [navNode]: 未到目标点
目标位置:(0.0, 0.0, 0.1)-[A6]-[MCU:False]-[POS:False]
当前位置:(-0.0012376965023577213, -0.0009911583038046956, -0.0017621557926759124)
[INFO] [1775394567.260838941] [navNode]: 状态4：WaitAim--[A6]
[INFO] [1775394567.261264183] [navNode]: 未到目标点
目标位置:(0.0, 0.0, 0.1)-[A6]-[MCU:False]-[POS:False]
当前位置:(-0.0012376965023577213, -0.0009911583038046956, -0.0017621557926759124)
[INFO] [1775394567.360497164] [navNode]: 状态4：WaitAim--[A6]
[INFO] [1775394567.360945668] [navNode]: 未到目标点
目标位置:(0.0, 0.0, 0.1)-[A6]-[MCU:False]-[POS:False]
当前位置:(-0.0012376965023577213, -0.0009911583038046956, -0.0017621557926759124)
[INFO] [1775394567.460498190] [navNode]: 状态4：WaitAim--[A6]
[INFO] [1775394567.461009800] [navNode]: 未到目标点
目标位置:(0.0, 0.0, 0.1)-[A6]-[MCU:False]-[POS:False]
当前位置:(-0.0012376965023577213, -0.0009911583038046956, -0.0017621557926759124)
[INFO] [1775394567.560326831] [navNode]: 状态4：WaitAim--[A6]
[INFO] [1775394567.560911850] [navNode]: 未到目标点
目标位置:(0.0, 0.0, 0.1)-[A6]-[MCU:False]-[POS:False]
当前位置:(-0.0012376965023577213, -0.0009911583038046956, -0.0017621557926759124)
[INFO] [1775394567.660806309] [navNode]: 状态4：WaitAim--[A6]
[INFO] [1775394567.661163536] [navNode]: 未到目标点
目标位置:(0.0, 0.0, 0.1)-[A6]-[MCU:False]-[POS:False]
当前位置:(-0.0012376965023577213, -0.0009911583038046956, -0.0017621557926759124)
[INFO] [1775394567.760691778] [navNode]: 状态4：WaitAim--[A6]
[INFO] [1775394567.761433999] [navNode]: 未到目标点
目标位置:(0.0, 0.0, 0.1)-[A6]-[MCU:False]-[POS:False]
当前位置:(-0.0012376965023577213, -0.0009911583038046956, -0.0017621557926759124)
[INFO] [1775394567.860558970] [navNode]: 状态4：WaitAim--[A6]
[INFO] [1775394567.860972683] [navNode]: 未到目标点
目标位置:(0.0, 0.0, 0.1)-[A6]-[MCU:False]-[POS:False]
当前位置:(-0.0012376965023577213, -0.0009911583038046956, -0.0017621557926759124)
[INFO] [1775394567.960862337] [navNode]: 状态4：WaitAim--[A6]
[INFO] [1775394567.961291389] [navNode]: 未到目标点
目标位置:(0.0, 0.0, 0.1)-[A6]-[MCU:False]-[POS:False]
当前位置:(-0.0012376965023577213, -0.0009911583038046956, -0.0017621557926759124)
[INFO] [1775394568.061416169] [navNode]: 状态4：WaitAim--[A6]
[INFO] [1775394568.062073983] [navNode]: 未到目标点
目标位置:(0.0, 0.0, 0.1)-[A6]-[MCU:False]-[POS:False]
当前位置:(-0.0012376965023577213, -0.0009911583038046956, -0.0017621557926759124)
[INFO] [1775394568.160796724] [navNode]: 状态4：WaitAim--[A6]
[INFO] [1775394568.161256076] [navNode]: 未到目标点
目标位置:(0.0, 0.0, 0.1)-[A6]-[MCU:False]-[POS:False]
当前位置:(-0.0012376965023577213, -0.0009911583038046956, -0.0017621557926759124)
[INFO] [1775394568.260619319] [navNode]: 状态4：WaitAim--[A6]
[INFO] [1775394568.261037921] [navNode]: 未到目标点
目标位置:(0.0, 0.0, 0.1)-[A6]-[MCU:False]-[POS:False]
当前位置:(-0.0012376965023577213, -0.0009911583038046956, -0.0017621557926759124)
[INFO] [1775394568.360757066] [navNode]: 状态4：WaitAim--[A6]
[INFO] [1775394568.361250003] [navNode]: 未到目标点
目标位置:(0.0, 0.0, 0.1)-[A6]-[MCU:False]-[POS:False]
当前位置:(-0.0012376965023577213, -0.0009911583038046956, -0.0017621557926759124)
[INFO] [1775394568.460937202] [navNode]: 状态4：WaitAim--[A6]
[INFO] [1775394568.461382957] [navNode]: 未到目标点
目标位置:(0.0, 0.0, 0.1)-[A6]-[MCU:False]-[POS:False]
当前位置:(-0.0012376965023577213, -0.0009911583038046956, -0.0017621557926759124)
[INFO] [1775394568.561687329] [navNode]: 状态4：WaitAim--[A6]
[INFO] [1775394568.562152872] [navNode]: 未到目标点
目标位置:(0.0, 0.0, 0.1)-[A6]-[MCU:False]-[POS:False]
当前位置:(-0.0012376965023577213, -0.0009911583038046956, -0.0017621557926759124)
[INFO] [1775394568.660810573] [navNode]: 状态4：WaitAim--[A6]
[INFO] [1775394568.661313733] [navNode]: 未到目标点
目标位置:(0.0, 0.0, 0.1)-[A6]-[MCU:False]-[POS:False]
当前位置:(-0.0012376965023577213, -0.0009911583038046956, -0.0017621557926759124)
[INFO] [1775394568.761175751] [navNode]: 状态4：WaitAim--[A6]
[INFO] [1775394568.761620964] [navNode]: 未到目标点
目标位置:(0.0, 0.0, 0.1)-[A6]-[MCU:False]-[POS:False]
当前位置:(-0.0012376965023577213, -0.0009911583038046956, -0.0017621557926759124)
[INFO] [1775394568.860692859] [navNode]: 状态4：WaitAim--[A6]
[INFO] [1775394568.861084520] [navNode]: 未到目标点
目标位置:(0.0, 0.0, 0.1)-[A6]-[MCU:False]-[POS:False]
当前位置:(-0.0012376965023577213, -0.0009911583038046956, -0.0017621557926759124)
[INFO] [1775394568.960366075] [navNode]: 状态4：WaitAim--[A6]
[INFO] [1775394568.960849343] [navNode]: 未到目标点
目标位置:(0.0, 0.0, 0.1)-[A6]-[MCU:False]-[POS:False]
当前位置:(-0.0012376965023577213, -0.0009911583038046956, -0.0017621557926759124)
[INFO] [1775394569.060620903] [navNode]: 状态4：WaitAim--[A6]
[INFO] [1775394569.060991666] [navNode]: 未到目标点
目标位置:(0.0, 0.0, 0.1)-[A6]-[MCU:False]-[POS:False]
当前位置:(-0.0012376965023577213, -0.0009911583038046956, -0.0017621557926759124)
[INFO] [1775394569.160680663] [navNode]: 状态4：WaitAim--[A6]
[INFO] [1775394569.161114933] [navNode]: 未到目标点
目标位置:(0.0, 0.0, 0.1)-[A6]-[MCU:False]-[POS:False]
当前位置:(-0.0012376965023577213, -0.0009911583038046956, -0.0017621557926759124)
[INFO] [1775394569.261355751] [navNode]: 状态4：WaitAim--[A6]
[INFO] [1775394569.261741487] [navNode]: 未到目标点
目标位置:(0.0, 0.0, 0.1)-[A6]-[MCU:False]-[POS:False]
当前位置:(-0.0012376965023577213, -0.0009911583038046956, -0.0017621557926759124)
[INFO] [1775394569.360944364] [navNode]: 状态4：WaitAim--[A6]
[INFO] [1775394569.361445966] [navNode]: 未到目标点
目标位置:(0.0, 0.0, 0.1)-[A6]-[MCU:False]-[POS:False]
当前位置:(-0.0012376965023577213, -0.0009911583038046956, -0.0017621557926759124)
[INFO] [1775394569.461553358] [navNode]: 状态4：WaitAim--[A6]
[INFO] [1775394569.462267648] [navNode]: 未到目标点
目标位置:(0.0, 0.0, 0.1)-[A6]-[MCU:False]-[POS:False]
当前位置:(-0.0012376965023577213, -0.0009911583038046956, -0.0017621557926759124)
[INFO] [1775394569.560711263] [navNode]: 状态4：WaitAim--[A6]
[INFO] [1775394569.561157259] [navNode]: 未到目标点
目标位置:(0.0, 0.0, 0.1)-[A6]-[MCU:False]-[POS:False]
当前位置:(-0.0012376965023577213, -0.0009911583038046956, -0.0017621557926759124)
[INFO] [1775394569.660803298] [navNode]: 状态4：WaitAim--[A6]
[INFO] [1775394569.661204004] [navNode]: 未到目标点
目标位置:(0.0, 0.0, 0.1)-[A6]-[MCU:False]-[POS:False]
当前位置:(-0.0012376965023577213, -0.0009911583038046956, -0.0017621557926759124)
[INFO] [1775394569.760472708] [navNode]: 状态4：WaitAim--[A6]
[INFO] [1775394569.760908014] [navNode]: 未到目标点
目标位置:(0.0, 0.0, 0.1)-[A6]-[MCU:False]-[POS:False]
当前位置:(-0.0012376965023577213, -0.0009911583038046956, -0.0017621557926759124)
[INFO] [1775394569.860683247] [navNode]: 状态4：WaitAim--[A6]
[INFO] [1775394569.861061602] [navNode]: 未到目标点
目标位置:(0.0, 0.0, 0.1)-[A6]-[MCU:False]-[POS:False]
当前位置:(-0.0012376965023577213, -0.0009911583038046956, -0.0017621557926759124)
[INFO] [1775394569.960265992] [navNode]: 状态4：WaitAim--[A6]
[INFO] [1775394569.960692296] [navNode]: 未到目标点
目标位置:(0.0, 0.0, 0.1)-[A6]-[MCU:False]-[POS:False]
当前位置:(-0.0012376965023577213, -0.0009911583038046956, -0.0017621557926759124)
[INFO] [1775394570.061869479] [navNode]: 状态4：WaitAim--[A6]
[INFO] [1775394570.062837077] [navNode]: 未到目标点
目标位置:(0.0, 0.0, 0.1)-[A6]-[MCU:False]-[POS:False]
当前位置:(-0.0012376965023577213, -0.0009911583038046956, -0.0017621557926759124)
[INFO] [1775394570.160417602] [navNode]: 状态4：WaitAim--[A6]
[INFO] [1775394570.160864715] [navNode]: 未到目标点
目标位置:(0.0, 0.0, 0.1)-[A6]-[MCU:False]-[POS:False]
当前位置:(-0.0012376965023577213, -0.0009911583038046956, -0.0017621557926759124)
[INFO] [1775394570.261113548] [navNode]: 状态4：WaitAim--[A6]
[INFO] [1775394570.261549825] [navNode]: 未到目标点
目标位置:(0.0, 0.0, 0.1)-[A6]-[MCU:False]-[POS:False]
当前位置:(-0.0012376965023577213, -0.0009911583038046956, -0.0017621557926759124)
[INFO] [1775394570.360426247] [navNode]: 状态4：WaitAim--[A6]
[INFO] [1775394570.360927503] [navNode]: 未到目标点
目标位置:(0.0, 0.0, 0.1)-[A6]-[MCU:False]-[POS:False]
当前位置:(-0.0012376965023577213, -0.0009911583038046956, -0.0017621557926759124)
[INFO] [1775394570.460660248] [navNode]: 状态4：WaitAim--[A6]
[INFO] [1775394570.461086231] [navNode]: 未到目标点
目标位置:(0.0, 0.0, 0.1)-[A6]-[MCU:False]-[POS:False]
当前位置:(-0.0012376965023577213, -0.0009911583038046956, -0.0017621557926759124)
[INFO] [1775394570.560631647] [navNode]: 状态4：WaitAim--[A6]
[INFO] [1775394570.561163443] [navNode]: 未到目标点
目标位置:(0.0, 0.0, 0.1)-[A6]-[MCU:False]-[POS:False]
当前位置:(-0.0012376965023577213, -0.0009911583038046956, -0.0017621557926759124)
[INFO] [1775394570.660701959] [navNode]: 状态4：WaitAim--[A6]
[INFO] [1775394570.661128889] [navNode]: 未到目标点
目标位置:(0.0, 0.0, 0.1)-[A6]-[MCU:False]-[POS:False]
当前位置:(-0.0012376965023577213, -0.0009911583038046956, -0.0017621557926759124)
[INFO] [1775394570.760627772] [navNode]: 状态4：WaitAim--[A6]
[INFO] [1775394570.761212850] [navNode]: 未到目标点
目标位置:(0.0, 0.0, 0.1)-[A6]-[MCU:False]-[POS:False]
当前位置:(-0.0012376965023577213, -0.0009911583038046956, -0.0017621557926759124)
[INFO] [1775394570.860764778] [navNode]: 状态4：WaitAim--[A6]
[INFO] [1775394570.861183955] [navNode]: 未到目标点
目标位置:(0.0, 0.0, 0.1)-[A6]-[MCU:False]-[POS:False]
当前位置:(-0.0012376965023577213, -0.0009911583038046956, -0.0017621557926759124)
[INFO] [1775394570.960890886] [navNode]: 状态4：WaitAim--[A6]
[INFO] [1775394570.961407566] [navNode]: 未到目标点
目标位置:(0.0, 0.0, 0.1)-[A6]-[MCU:False]-[POS:False]
当前位置:(-0.0012376965023577213, -0.0009911583038046956, -0.0017621557926759124)
[INFO] [1775394571.060745993] [navNode]: 状态4：WaitAim--[A6]
[INFO] [1775394571.061168990] [navNode]: 未到目标点
目标位置:(0.0, 0.0, 0.1)-[A6]-[MCU:False]-[POS:False]
当前位置:(-0.0012376965023577213, -0.0009911583038046956, -0.0017621557926759124)
[INFO] [1775394571.160549913] [navNode]: 状态4：WaitAim--[A6]
[INFO] [1775394571.160990976] [navNode]: 未到目标点
目标位置:(0.0, 0.0, 0.1)-[A6]-[MCU:False]-[POS:False]
当前位置:(-0.0012376965023577213, -0.0009911583038046956, -0.0017621557926759124)
[INFO] [1775394571.260604328] [navNode]: 状态4：WaitAim--[A6]
[INFO] [1775394571.261002129] [navNode]: 未到目标点
目标位置:(0.0, 0.0, 0.1)-[A6]-[MCU:False]-[POS:False]
当前位置:(-0.0012376965023577213, -0.0009911583038046956, -0.0017621557926759124)
[INFO] [1775394571.360595091] [navNode]: 状态4：WaitAim--[A6]
[INFO] [1775394571.361374114] [navNode]: 未到目标点
目标位置:(0.0, 0.0, 0.1)-[A6]-[MCU:False]-[POS:False]
当前位置:(-0.0012376965023577213, -0.0009911583038046956, -0.0017621557926759124)
[INFO] [1775394571.460913401] [navNode]: 状态4：WaitAim--[A6]
[INFO] [1775394571.461351290] [navNode]: 未到目标点
目标位置:(0.0, 0.0, 0.1)-[A6]-[MCU:False]-[POS:False]
当前位置:(-0.0012376965023577213, -0.0009911583038046956, -0.0017621557926759124)
[INFO] [1775394571.560641013] [navNode]: 状态4：WaitAim--[A6]
[INFO] [1775394571.561104328] [navNode]: 未到目标点
目标位置:(0.0, 0.0, 0.1)-[A6]-[MCU:False]-[POS:False]
当前位置:(-0.0012376965023577213, -0.0009911583038046956, -0.0017621557926759124)
[INFO] [1775394571.662498955] [navNode]: 状态4：WaitAim--[A6]
[INFO] [1775394571.663490773] [navNode]: 未到目标点
目标位置:(0.0, 0.0, 0.1)-[A6]-[MCU:False]-[POS:False]
当前位置:(-0.0012376965023577213, -0.0009911583038046956, -0.0017621557926759124)
[INFO] [1775394571.761509919] [navNode]: 状态4：WaitAim--[A6]
[INFO] [1775394571.762517391] [navNode]: 未到目标点
目标位置:(0.0, 0.0, 0.1)-[A6]-[MCU:False]-[POS:False]
当前位置:(-0.0012376965023577213, -0.0009911583038046956, -0.0017621557926759124)
[INFO] [1775394571.860954117] [navNode]: 状态4：WaitAim--[A6]
[INFO] [1775394571.861447958] [navNode]: 未到目标点
目标位置:(0.0, 0.0, 0.1)-[A6]-[MCU:False]-[POS:False]
当前位置:(-0.0012376965023577213, -0.0009911583038046956, -0.0017621557926759124)
[INFO] [1775394571.961403868] [navNode]: 状态4：WaitAim--[A6]
[INFO] [1775394571.961974486] [navNode]: 未到目标点
目标位置:(0.0, 0.0, 0.1)-[A6]-[MCU:False]-[POS:False]
当前位置:(-0.0012376965023577213, -0.0009911583038046956, -0.0017621557926759124)
[INFO] [1775394572.061991771] [navNode]: 状态4：WaitAim--[A6]
[INFO] [1775394572.062425121] [navNode]: 未到目标点
目标位置:(0.0, 0.0, 0.1)-[A6]-[MCU:False]-[POS:False]
当前位置:(-0.0012376965023577213, -0.0009911583038046956, -0.0017621557926759124)
[INFO] [1775394572.161047592] [navNode]: 状态4：WaitAim--[A6]
[INFO] [1775394572.161552203] [navNode]: 未到目标点
目标位置:(0.0, 0.0, 0.1)-[A6]-[MCU:False]-[POS:False]
当前位置:(-0.0012376965023577213, -0.0009911583038046956, -0.0017621557926759124)
[INFO] [1775394572.260732992] [navNode]: 状态4：WaitAim--[A6]
[INFO] [1775394572.261250615] [navNode]: 未到目标点
目标位置:(0.0, 0.0, 0.1)-[A6]-[MCU:False]-[POS:False]
当前位置:(-0.0012376965023577213, -0.0009911583038046956, -0.0017621557926759124)
[INFO] [1775394572.360785709] [navNode]: 状态4：WaitAim--[A6]
[INFO] [1775394572.361322801] [navNode]: 未到目标点
目标位置:(0.0, 0.0, 0.1)-[A6]-[MCU:False]-[POS:False]
当前位置:(-0.0012376965023577213, -0.0009911583038046956, -0.0017621557926759124)
[INFO] [1775394572.461331263] [navNode]: 状态4：WaitAim--[A6]
[INFO] [1775394572.461753336] [navNode]: 未到目标点
目标位置:(0.0, 0.0, 0.1)-[A6]-[MCU:False]-[POS:False]
当前位置:(-0.0012376965023577213, -0.0009911583038046956, -0.0017621557926759124)
[INFO] [1775394572.560737143] [navNode]: 状态4：WaitAim--[A6]
[INFO] [1775394572.561181468] [navNode]: 未到目标点
目标位置:(0.0, 0.0, 0.1)-[A6]-[MCU:False]-[POS:False]
当前位置:(-0.0012376965023577213, -0.0009911583038046956, -0.0017621557926759124)
[INFO] [1775394572.661069897] [navNode]: 状态4：WaitAim--[A6]
[INFO] [1775394572.661515609] [navNode]: 未到目标点
目标位置:(0.0, 0.0, 0.1)-[A6]-[MCU:False]-[POS:False]
当前位置:(-0.0012376965023577213, -0.0009911583038046956, -0.0017621557926759124)
[INFO] [1775394572.760674753] [navNode]: 状态4：WaitAim--[A6]
[INFO] [1775394572.761105986] [navNode]: 未到目标点
目标位置:(0.0, 0.0, 0.1)-[A6]-[MCU:False]-[POS:False]
当前位置:(-0.0012376965023577213, -0.0009911583038046956, -0.0017621557926759124)
[INFO] [1775394572.860768685] [navNode]: 状态4：WaitAim--[A6]
[INFO] [1775394572.861199683] [navNode]: 未到目标点
目标位置:(0.0, 0.0, 0.1)-[A6]-[MCU:False]-[POS:False]
当前位置:(-0.0012376965023577213, -0.0009911583038046956, -0.0017621557926759124)
[INFO] [1775394572.960779351] [navNode]: 状态4：WaitAim--[A6]
[INFO] [1775394572.961215720] [navNode]: 未到目标点
目标位置:(0.0, 0.0, 0.1)-[A6]-[MCU:False]-[POS:False]
当前位置:(-0.0012376965023577213, -0.0009911583038046956, -0.0017621557926759124)
[INFO] [1775394573.060681338] [navNode]: 状态4：WaitAim--[A6]
[INFO] [1775394573.061084763] [navNode]: 未到目标点
目标位置:(0.0, 0.0, 0.1)-[A6]-[MCU:False]-[POS:False]
当前位置:(-0.0012376965023577213, -0.0009911583038046956, -0.0017621557926759124)
[INFO] [1775394573.160574768] [navNode]: 状态4：WaitAim--[A6]
[INFO] [1775394573.161053462] [navNode]: 未到目标点
目标位置:(0.0, 0.0, 0.1)-[A6]-[MCU:False]-[POS:False]
当前位置:(-0.0012376965023577213, -0.0009911583038046956, -0.0017621557926759124)
[INFO] [1775394573.260545973] [navNode]: 状态4：WaitAim--[A6]
[INFO] [1775394573.261209309] [navNode]: 未到目标点
目标位置:(0.0, 0.0, 0.1)-[A6]-[MCU:False]-[POS:False]
当前位置:(-0.0012376965023577213, -0.0009911583038046956, -0.0017621557926759124)
[INFO] [1775394573.361164319] [navNode]: 状态4：WaitAim--[A6]
[INFO] [1775394573.361744617] [navNode]: 未到目标点
目标位置:(0.0, 0.0, 0.1)-[A6]-[MCU:False]-[POS:False]
当前位置:(-0.0012376965023577213, -0.0009911583038046956, -0.0017621557926759124)
[INFO] [1775394573.460819343] [navNode]: 状态4：WaitAim--[A6]
[INFO] [1775394573.461288289] [navNode]: 未到目标点
目标位置:(0.0, 0.0, 0.1)-[A6]-[MCU:False]-[POS:False]
当前位置:(-0.0012376965023577213, -0.0009911583038046956, -0.0017621557926759124)
[INFO] [1775394573.562596052] [navNode]: 状态4：WaitAim--[A6]
[INFO] [1775394573.563602253] [navNode]: 未到目标点
目标位置:(0.0, 0.0, 0.1)-[A6]-[MCU:False]-[POS:False]
当前位置:(-0.0012376965023577213, -0.0009911583038046956, -0.0017621557926759124)
[INFO] [1775394573.660702445] [navNode]: 状态4：WaitAim--[A6]
[INFO] [1775394573.661234366] [navNode]: 未到目标点
目标位置:(0.0, 0.0, 0.1)-[A6]-[MCU:False]-[POS:False]
当前位置:(-0.0012376965023577213, -0.0009911583038046956, -0.0017621557926759124)
[INFO] [1775394573.761310750] [navNode]: 状态4：WaitAim--[A6]
[INFO] [1775394573.761885937] [navNode]: 未到目标点
目标位置:(0.0, 0.0, 0.1)-[A6]-[MCU:False]-[POS:False]
当前位置:(-0.0012376965023577213, -0.0009911583038046956, -0.0017621557926759124)
[INFO] [1775394573.860680111] [navNode]: 状态4：WaitAim--[A6]
[INFO] [1775394573.861164910] [navNode]: 未到目标点
目标位置:(0.0, 0.0, 0.1)-[A6]-[MCU:False]-[POS:False]
当前位置:(-0.0012376965023577213, -0.0009911583038046956, -0.0017621557926759124)
[INFO] [1775394573.961043132] [navNode]: 状态4：WaitAim--[A6]
[INFO] [1775394573.961611950] [navNode]: 未到目标点
目标位置:(0.0, 0.0, 0.1)-[A6]-[MCU:False]-[POS:False]
当前位置:(-0.0012376965023577213, -0.0009911583038046956, -0.0017621557926759124)
[INFO] [1775394574.061377388] [navNode]: 状态4：WaitAim--[A6]
[INFO] [1775394574.061842033] [navNode]: 未到目标点
目标位置:(0.0, 0.0, 0.1)-[A6]-[MCU:False]-[POS:False]
当前位置:(-0.0012376965023577213, -0.0009911583038046956, -0.0017621557926759124)
[INFO] [1775394574.160691832] [navNode]: 状态4：WaitAim--[A6]
[INFO] [1775394574.161112892] [navNode]: 未到目标点
目标位置:(0.0, 0.0, 0.1)-[A6]-[MCU:False]-[POS:False]
当前位置:(-0.0012376965023577213, -0.0009911583038046956, -0.0017621557926759124)
[INFO] [1775394574.260778735] [navNode]: 状态4：WaitAim--[A6]
[INFO] [1775394574.261184676] [navNode]: 未到目标点
目标位置:(0.0, 0.0, 0.1)-[A6]-[MCU:False]-[POS:False]
当前位置:(-0.0012376965023577213, -0.0009911583038046956, -0.0017621557926759124)
[INFO] [1775394574.360945294] [navNode]: 状态4：WaitAim--[A6]
[INFO] [1775394574.361380659] [navNode]: 未到目标点
目标位置:(0.0, 0.0, 0.1)-[A6]-[MCU:False]-[POS:False]
当前位置:(-0.0012376965023577213, -0.0009911583038046956, -0.0017621557926759124)
[INFO] [1775394574.460977275] [navNode]: 状态4：WaitAim--[A6]
[INFO] [1775394574.461783971] [navNode]: 未到目标点
目标位置:(0.0, 0.0, 0.1)-[A6]-[MCU:False]-[POS:False]
当前位置:(-0.0012376965023577213, -0.0009911583038046956, -0.0017621557926759124)
[INFO] [1775394574.561776636] [navNode]: 状态4：WaitAim--[A6]
[INFO] [1775394574.562505389] [navNode]: 未到目标点
目标位置:(0.0, 0.0, 0.1)-[A6]-[MCU:False]-[POS:False]
当前位置:(-0.0012376965023577213, -0.0009911583038046956, -0.0017621557926759124)
[INFO] [1775394574.661855186] [navNode]: 状态4：WaitAim--[A6]
[INFO] [1775394574.662572373] [navNode]: 未到目标点
目标位置:(0.0, 0.0, 0.1)-[A6]-[MCU:False]-[POS:False]
当前位置:(-0.0012376965023577213, -0.0009911583038046956, -0.0017621557926759124)
[INFO] [1775394574.761404268] [navNode]: 状态4：WaitAim--[A6]
[INFO] [1775394574.762066079] [navNode]: 未到目标点
目标位置:(0.0, 0.0, 0.1)-[A6]-[MCU:False]-[POS:False]
当前位置:(-0.0012376965023577213, -0.0009911583038046956, -0.0017621557926759124)
[INFO] [1775394574.861572530] [navNode]: 状态4：WaitAim--[A6]
[INFO] [1775394574.862168586] [navNode]: 未到目标点
目标位置:(0.0, 0.0, 0.1)-[A6]-[MCU:False]-[POS:False]
当前位置:(-0.0012376965023577213, -0.0009911583038046956, -0.0017621557926759124)
[INFO] [1775394574.961352703] [navNode]: 状态4：WaitAim--[A6]
[INFO] [1775394574.962048567] [navNode]: 未到目标点
目标位置:(0.0, 0.0, 0.1)-[A6]-[MCU:False]-[POS:False]
当前位置:(-0.0012376965023577213, -0.0009911583038046956, -0.0017621557926759124)
[INFO] [1775394575.060784498] [navNode]: 状态4：WaitAim--[A6]
[INFO] [1775394575.061325137] [navNode]: 未到目标点
目标位置:(0.0, 0.0, 0.1)-[A6]-[MCU:False]-[POS:False]
当前位置:(-0.0012376965023577213, -0.0009911583038046956, -0.0017621557926759124)
[INFO] [1775394575.160857306] [navNode]: 状态4：WaitAim--[A6]
[INFO] [1775394575.161296559] [navNode]: 未到目标点
目标位置:(0.0, 0.0, 0.1)-[A6]-[MCU:False]-[POS:False]
当前位置:(-0.0012376965023577213, -0.0009911583038046956, -0.0017621557926759124)
[INFO] [1775394575.262514708] [navNode]: 状态4：WaitAim--[A6]
[INFO] [1775394575.262954794] [navNode]: 未到目标点
目标位置:(0.0, 0.0, 0.1)-[A6]-[MCU:False]-[POS:False]
当前位置:(-0.0012376965023577213, -0.0009911583038046956, -0.0017621557926759124)
[INFO] [1775394575.360948274] [navNode]: 状态4：WaitAim--[A6]
[INFO] [1775394575.361423783] [navNode]: 未到目标点
目标位置:(0.0, 0.0, 0.1)-[A6]-[MCU:False]-[POS:False]
当前位置:(-0.0012376965023577213, -0.0009911583038046956, -0.0017621557926759124)
[INFO] [1775394575.460810488] [navNode]: 状态4：WaitAim--[A6]
[INFO] [1775394575.461255503] [navNode]: 未到目标点
目标位置:(0.0, 0.0, 0.1)-[A6]-[MCU:False]-[POS:False]
当前位置:(-0.0012376965023577213, -0.0009911583038046956, -0.0017621557926759124)
[INFO] [1775394575.561675637] [navNode]: 状态4：WaitAim--[A6]
[INFO] [1775394575.562088864] [navNode]: 未到目标点
目标位置:(0.0, 0.0, 0.1)-[A6]-[MCU:False]-[POS:False]
当前位置:(-0.0012376965023577213, -0.0009911583038046956, -0.0017621557926759124)
[INFO] [1775394575.662859248] [navNode]: 状态4：WaitAim--[A6]
[INFO] [1775394575.664043008] [navNode]: 未到目标点
目标位置:(0.0, 0.0, 0.1)-[A6]-[MCU:False]-[POS:False]
当前位置:(-0.0012376965023577213, -0.0009911583038046956, -0.0017621557926759124)
[INFO] [1775394575.760523571] [navNode]: 状态4：WaitAim--[A6]
[INFO] [1775394575.760902014] [navNode]: 未到目标点
目标位置:(0.0, 0.0, 0.1)-[A6]-[MCU:False]-[POS:False]
当前位置:(-0.0012376965023577213, -0.0009911583038046956, -0.0017621557926759124)
[INFO] [1775394575.861053189] [navNode]: 状态4：WaitAim--[A6]
[INFO] [1775394575.861436584] [navNode]: 未到目标点
目标位置:(0.0, 0.0, 0.1)-[A6]-[MCU:False]-[POS:False]
当前位置:(-0.0012376965023577213, -0.0009911583038046956, -0.0017621557926759124)
[INFO] [1775394575.960550180] [navNode]: 状态4：WaitAim--[A6]
[INFO] [1775394575.960940305] [navNode]: 未到目标点
目标位置:(0.0, 0.0, 0.1)-[A6]-[MCU:False]-[POS:False]
当前位置:(-0.0012376965023577213, -0.0009911583038046956, -0.0017621557926759124)
[INFO] [1775394576.060872911] [navNode]: 状态4：WaitAim--[A6]
[INFO] [1775394576.061255260] [navNode]: 未到目标点
目标位置:(0.0, 0.0, 0.1)-[A6]-[MCU:False]-[POS:False]
当前位置:(-0.0012376965023577213, -0.0009911583038046956, -0.0017621557926759124)
[INFO] [1775394576.160817875] [navNode]: 状态4：WaitAim--[A6]
[INFO] [1775394576.161339736] [navNode]: 未到目标点
目标位置:(0.0, 0.0, 0.1)-[A6]-[MCU:False]-[POS:False]
当前位置:(-0.0012376965023577213, -0.0009911583038046956, -0.0017621557926759124)
[INFO] [1775394576.260901921] [navNode]: 状态4：WaitAim--[A6]
[INFO] [1775394576.261360712] [navNode]: 未到目标点
目标位置:(0.0, 0.0, 0.1)-[A6]-[MCU:False]-[POS:False]
当前位置:(-0.0012376965023577213, -0.0009911583038046956, -0.0017621557926759124)
[INFO] [1775394576.360855349] [navNode]: 状态4：WaitAim--[A6]
[INFO] [1775394576.361363547] [navNode]: 未到目标点
目标位置:(0.0, 0.0, 0.1)-[A6]-[MCU:False]-[POS:False]
当前位置:(-0.0012376965023577213, -0.0009911583038046956, -0.0017621557926759124)
[INFO] [1775394576.461864400] [navNode]: 状态4：WaitAim--[A6]
[INFO] [1775394576.462394155] [navNode]: 未到目标点
目标位置:(0.0, 0.0, 0.1)-[A6]-[MCU:False]-[POS:False]
当前位置:(-0.0012376965023577213, -0.0009911583038046956, -0.0017621557926759124)
[INFO] [1775394576.560943953] [navNode]: 状态4：WaitAim--[A6]
[INFO] [1775394576.561400479] [navNode]: 未到目标点
目标位置:(0.0, 0.0, 0.1)-[A6]-[MCU:False]-[POS:False]
当前位置:(-0.0012376965023577213, -0.0009911583038046956, -0.0017621557926759124)
[INFO] [1775394576.660701762] [navNode]: 状态4：WaitAim--[A6]
[INFO] [1775394576.661134769] [navNode]: 未到目标点
目标位置:(0.0, 0.0, 0.1)-[A6]-[MCU:False]-[POS:False]
当前位置:(-0.0012376965023577213, -0.0009911583038046956, -0.0017621557926759124)
[INFO] [1775394576.761003383] [navNode]: 状态4：WaitAim--[A6]
[INFO] [1775394576.761480677] [navNode]: 未到目标点
目标位置:(0.0, 0.0, 0.1)-[A6]-[MCU:False]-[POS:False]
当前位置:(-0.0012376965023577213, -0.0009911583038046956, -0.0017621557926759124)
[INFO] [1775394576.861079796] [navNode]: 状态4：WaitAim--[A6]
[INFO] [1775394576.861543291] [navNode]: 未到目标点
目标位置:(0.0, 0.0, 0.1)-[A6]-[MCU:False]-[POS:False]
当前位置:(-0.0012376965023577213, -0.0009911583038046956, -0.0017621557926759124)
[INFO] [1775394576.960688087] [navNode]: 状态4：WaitAim--[A6]
[INFO] [1775394576.961153446] [navNode]: 未到目标点
目标位置:(0.0, 0.0, 0.1)-[A6]-[MCU:False]-[POS:False]
当前位置:(-0.0012376965023577213, -0.0009911583038046956, -0.0017621557926759124)
[INFO] [1775394577.061920150] [navNode]: 状态4：WaitAim--[A6]
[INFO] [1775394577.062383015] [navNode]: 未到目标点
目标位置:(0.0, 0.0, 0.1)-[A6]-[MCU:False]-[POS:False]
当前位置:(-0.0012376965023577213, -0.0009911583038046956, -0.0017621557926759124)
[INFO] [1775394577.160539002] [navNode]: 状态4：WaitAim--[A6]
[INFO] [1775394577.160938627] [navNode]: 未到目标点
目标位置:(0.0, 0.0, 0.1)-[A6]-[MCU:False]-[POS:False]
当前位置:(-0.0012376965023577213, -0.0009911583038046956, -0.0017621557926759124)
[INFO] [1775394577.260566489] [navNode]: 状态4：WaitAim--[A6]
[INFO] [1775394577.261493488] [navNode]: 未到目标点
目标位置:(0.0, 0.0, 0.1)-[A6]-[MCU:False]-[POS:False]
当前位置:(-0.0012376965023577213, -0.0009911583038046956, -0.0017621557926759124)
[INFO] [1775394577.360804615] [navNode]: 状态4：WaitAim--[A6]
[INFO] [1775394577.361230133] [navNode]: 未到目标点
目标位置:(0.0, 0.0, 0.1)-[A6]-[MCU:False]-[POS:False]
当前位置:(-0.0012376965023577213, -0.0009911583038046956, -0.0017621557926759124)
[INFO] [1775394577.463010063] [navNode]: 状态4：WaitAim--[A6]
[INFO] [1775394577.464084059] [navNode]: 未到目标点
目标位置:(0.0, 0.0, 0.1)-[A6]-[MCU:False]-[POS:False]
当前位置:(-0.0012376965023577213, -0.0009911583038046956, -0.0017621557926759124)
[INFO] [1775394577.562792652] [navNode]: 状态4：WaitAim--[A6]
[INFO] [1775394577.563763674] [navNode]: 未到目标点
目标位置:(0.0, 0.0, 0.1)-[A6]-[MCU:False]-[POS:False]
当前位置:(-0.0012376965023577213, -0.0009911583038046956, -0.0017621557926759124)
[INFO] [1775394577.660755861] [navNode]: 状态4：WaitAim--[A6]
[INFO] [1775394577.661168027] [navNode]: 未到目标点
目标位置:(0.0, 0.0, 0.1)-[A6]-[MCU:False]-[POS:False]
当前位置:(-0.0012376965023577213, -0.0009911583038046956, -0.0017621557926759124)
[INFO] [1775394577.760830394] [navNode]: 状态4：WaitAim--[A6]
[INFO] [1775394577.761234366] [navNode]: 未到目标点
目标位置:(0.0, 0.0, 0.1)-[A6]-[MCU:False]-[POS:False]
当前位置:(-0.0012376965023577213, -0.0009911583038046956, -0.0017621557926759124)
[INFO] [1775394577.860574152] [navNode]: 状态4：WaitAim--[A6]
[INFO] [1775394577.860958856] [navNode]: 未到目标点
目标位置:(0.0, 0.0, 0.1)-[A6]-[MCU:False]-[POS:False]
当前位置:(-0.0012376965023577213, -0.0009911583038046956, -0.0017621557926759124)
[INFO] [1775394577.960494586] [navNode]: 状态4：WaitAim--[A6]
[INFO] [1775394577.960951071] [navNode]: 未到目标点
目标位置:(0.0, 0.0, 0.1)-[A6]-[MCU:False]-[POS:False]
当前位置:(-0.0012376965023577213, -0.0009911583038046956, -0.0017621557926759124)
[INFO] [1775394578.060485637] [navNode]: 状态4：WaitAim--[A6]
[INFO] [1775394578.060904247] [navNode]: 未到目标点
目标位置:(0.0, 0.0, 0.1)-[A6]-[MCU:False]-[POS:False]
当前位置:(-0.0012376965023577213, -0.0009911583038046956, -0.0017621557926759124)
[INFO] [1775394578.160502005] [navNode]: 状态4：WaitAim--[A6]
[INFO] [1775394578.160895072] [navNode]: 未到目标点
目标位置:(0.0, 0.0, 0.1)-[A6]-[MCU:False]-[POS:False]
当前位置:(-0.0012376965023577213, -0.0009911583038046956, -0.0017621557926759124)
[INFO] [1775394578.260588840] [navNode]: 状态4：WaitAim--[A6]
[INFO] [1775394578.261333179] [navNode]: 未到目标点
目标位置:(0.0, 0.0, 0.1)-[A6]-[MCU:False]-[POS:False]
当前位置:(-0.0012376965023577213, -0.0009911583038046956, -0.0017621557926759124)
[INFO] [1775394578.360867006] [navNode]: 状态4：WaitAim--[A6]
[INFO] [1775394578.361273500] [navNode]: 未到目标点
目标位置:(0.0, 0.0, 0.1)-[A6]-[MCU:False]-[POS:False]
当前位置:(-0.0012376965023577213, -0.0009911583038046956, -0.0017621557926759124)
[INFO] [1775394578.460509722] [navNode]: 状态4：WaitAim--[A6]
[INFO] [1775394578.460918217] [navNode]: 未到目标点
目标位置:(0.0, 0.0, 0.1)-[A6]-[MCU:False]-[POS:False]
当前位置:(-0.0012376965023577213, -0.0009911583038046956, -0.0017621557926759124)
[INFO] [1775394578.560517230] [navNode]: 状态4：WaitAim--[A6]
[INFO] [1775394578.561031626] [navNode]: 未到目标点
目标位置:(0.0, 0.0, 0.1)-[A6]-[MCU:False]-[POS:False]
当前位置:(-0.0012376965023577213, -0.0009911583038046956, -0.0017621557926759124)
[INFO] [1775394578.660612426] [navNode]: 状态4：WaitAim--[A6]
[INFO] [1775394578.661088342] [navNode]: 未到目标点
目标位置:(0.0, 0.0, 0.1)-[A6]-[MCU:False]-[POS:False]
当前位置:(-0.0012376965023577213, -0.0009911583038046956, -0.0017621557926759124)
[INFO] [1775394578.760790538] [navNode]: 状态4：WaitAim--[A6]
[INFO] [1775394578.761187217] [navNode]: 未到目标点
目标位置:(0.0, 0.0, 0.1)-[A6]-[MCU:False]-[POS:False]
当前位置:(-0.0012376965023577213, -0.0009911583038046956, -0.0017621557926759124)
[INFO] [1775394578.861390404] [navNode]: 状态4：WaitAim--[A6]
[INFO] [1775394578.861786368] [navNode]: 未到目标点
目标位置:(0.0, 0.0, 0.1)-[A6]-[MCU:False]-[POS:False]
当前位置:(-0.0012376965023577213, -0.0009911583038046956, -0.0017621557926759124)
[INFO] [1775394578.960562874] [navNode]: 状态4：WaitAim--[A6]
[INFO] [1775394578.960952164] [navNode]: 未到目标点
目标位置:(0.0, 0.0, 0.1)-[A6]-[MCU:False]-[POS:False]
当前位置:(-0.0012376965023577213, -0.0009911583038046956, -0.0017621557926759124)
[INFO] [1775394579.060695383] [navNode]: 状态4：WaitAim--[A6]
[INFO] [1775394579.061064598] [navNode]: 未到目标点
目标位置:(0.0, 0.0, 0.1)-[A6]-[MCU:False]-[POS:False]
当前位置:(-0.0012376965023577213, -0.0009911583038046956, -0.0017621557926759124)
[INFO] [1775394579.160730479] [navNode]: 状态4：WaitAim--[A6]
[INFO] [1775394579.161097393] [navNode]: 未到目标点
目标位置:(0.0, 0.0, 0.1)-[A6]-[MCU:False]-[POS:False]
当前位置:(-0.0012376965023577213, -0.0009911583038046956, -0.0017621557926759124)
[INFO] [1775394579.260518545] [navNode]: 状态4：WaitAim--[A6]
[INFO] [1775394579.260875144] [navNode]: 未到目标点
目标位置:(0.0, 0.0, 0.1)-[A6]-[MCU:False]-[POS:False]
当前位置:(-0.0012376965023577213, -0.0009911583038046956, -0.0017621557926759124)
[INFO] [1775394579.362934037] [navNode]: 状态4：WaitAim--[A6]
[INFO] [1775394579.363945279] [navNode]: 未到目标点
目标位置:(0.0, 0.0, 0.1)-[A6]-[MCU:False]-[POS:False]
当前位置:(-0.0012376965023577213, -0.0009911583038046956, -0.0017621557926759124)
[INFO] [1775394579.460868277] [navNode]: 状态4：WaitAim--[A6]
[INFO] [1775394579.461288947] [navNode]: 未到目标点
目标位置:(0.0, 0.0, 0.1)-[A6]-[MCU:False]-[POS:False]
当前位置:(-0.0012376965023577213, -0.0009911583038046956, -0.0017621557926759124)
[INFO] [1775394579.561688901] [navNode]: 状态4：WaitAim--[A6]
[INFO] [1775394579.562445698] [navNode]: 未到目标点
目标位置:(0.0, 0.0, 0.1)-[A6]-[MCU:False]-[POS:False]
当前位置:(-0.0012376965023577213, -0.0009911583038046956, -0.0017621557926759124)
[INFO] [1775394579.660646955] [navNode]: 状态4：WaitAim--[A6]
[INFO] [1775394579.661010344] [navNode]: 未到目标点
目标位置:(0.0, 0.0, 0.1)-[A6]-[MCU:False]-[POS:False]
当前位置:(-0.0012376965023577213, -0.0009911583038046956, -0.0017621557926759124)
[INFO] [1775394579.763291323] [navNode]: 状态4：WaitAim--[A6]
[INFO] [1775394579.763681497] [navNode]: 未到目标点
目标位置:(0.0, 0.0, 0.1)-[A6]-[MCU:False]-[POS:False]
当前位置:(-0.0012376965023577213, -0.0009911583038046956, -0.0017621557926759124)
[INFO] [1775394579.863190880] [navNode]: 状态4：WaitAim--[A6]
[INFO] [1775394579.864194984] [navNode]: 未到目标点
目标位置:(0.0, 0.0, 0.1)-[A6]-[MCU:False]-[POS:False]
当前位置:(-0.0012376965023577213, -0.0009911583038046956, -0.0017621557926759124)
[INFO] [1775394579.960568888] [navNode]: 状态4：WaitAim--[A6]
[INFO] [1775394579.960976180] [navNode]: 未到目标点
目标位置:(0.0, 0.0, 0.1)-[A6]-[MCU:False]-[POS:False]
当前位置:(-0.0012376965023577213, -0.0009911583038046956, -0.0017621557926759124)
[INFO] [1775394580.060690454] [navNode]: 状态4：WaitAim--[A6]
[INFO] [1775394580.061204124] [navNode]: 未到目标点
目标位置:(0.0, 0.0, 0.1)-[A6]-[MCU:False]-[POS:False]
当前位置:(-0.0012376965023577213, -0.0009911583038046956, -0.0017621557926759124)
[INFO] [1775394580.160956017] [navNode]: 状态4：WaitAim--[A6]
[INFO] [1775394580.161380351] [navNode]: 未到目标点
目标位置:(0.0, 0.0, 0.1)-[A6]-[MCU:False]-[POS:False]
当前位置:(-0.0012376965023577213, -0.0009911583038046956, -0.0017621557926759124)
[INFO] [1775394580.260946789] [navNode]: 状态4：WaitAim--[A6]
[INFO] [1775394580.261628972] [navNode]: 未到目标点
目标位置:(0.0, 0.0, 0.1)-[A6]-[MCU:False]-[POS:False]
当前位置:(-0.0012376965023577213, -0.0009911583038046956, -0.0017621557926759124)
[INFO] [1775394580.360942234] [navNode]: 状态4：WaitAim--[A6]
[INFO] [1775394580.361495375] [navNode]: 未到目标点
目标位置:(0.0, 0.0, 0.1)-[A6]-[MCU:False]-[POS:False]
当前位置:(-0.0012376965023577213, -0.0009911583038046956, -0.0017621557926759124)
[INFO] [1775394580.462109505] [navNode]: 状态4：WaitAim--[A6]
[INFO] [1775394580.463140040] [navNode]: 未到目标点
目标位置:(0.0, 0.0, 0.1)-[A6]-[MCU:False]-[POS:False]
当前位置:(-0.0012376965023577213, -0.0009911583038046956, -0.0017621557926759124)
[INFO] [1775394580.561167480] [navNode]: 状态4：WaitAim--[A6]
[INFO] [1775394580.561658998] [navNode]: 未到目标点
目标位置:(0.0, 0.0, 0.1)-[A6]-[MCU:False]-[POS:False]
当前位置:(-0.0012376965023577213, -0.0009911583038046956, -0.0017621557926759124)
[INFO] [1775394580.660686354] [navNode]: 状态4：WaitAim--[A6]
[INFO] [1775394580.661231325] [navNode]: 未到目标点
目标位置:(0.0, 0.0, 0.1)-[A6]-[MCU:False]-[POS:False]
当前位置:(-0.0012376965023577213, -0.0009911583038046956, -0.0017621557926759124)
[INFO] [1775394580.761187719] [navNode]: 状态4：WaitAim--[A6]
[INFO] [1775394580.761653446] [navNode]: 未到目标点
目标位置:(0.0, 0.0, 0.1)-[A6]-[MCU:False]-[POS:False]
当前位置:(-0.0012376965023577213, -0.0009911583038046956, -0.0017621557926759124)
[INFO] [1775394580.860803280] [navNode]: 状态4：WaitAim--[A6]
[INFO] [1775394580.861310538] [navNode]: 未到目标点
目标位置:(0.0, 0.0, 0.1)-[A6]-[MCU:False]-[POS:False]
当前位置:(-0.0012376965023577213, -0.0009911583038046956, -0.0017621557926759124)
[INFO] [1775394580.960927093] [navNode]: 状态4：WaitAim--[A6]
[INFO] [1775394580.961408879] [navNode]: 未到目标点
目标位置:(0.0, 0.0, 0.1)-[A6]-[MCU:False]-[POS:False]
当前位置:(-0.0012376965023577213, -0.0009911583038046956, -0.0017621557926759124)
[INFO] [1775394581.061534741] [navNode]: 状态4：WaitAim--[A6]
[INFO] [1775394581.062112076] [navNode]: 未到目标点
目标位置:(0.0, 0.0, 0.1)-[A6]-[MCU:False]-[POS:False]
当前位置:(-0.0012376965023577213, -0.0009911583038046956, -0.0017621557926759124)
[INFO] [1775394581.160766435] [navNode]: 状态4：WaitAim--[A6]
[INFO] [1775394581.161170343] [navNode]: 未到目标点
目标位置:(0.0, 0.0, 0.1)-[A6]-[MCU:False]-[POS:False]
当前位置:(-0.0012376965023577213, -0.0009911583038046956, -0.0017621557926759124)
[INFO] [1775394581.260867353] [navNode]: 状态4：WaitAim--[A6]
[INFO] [1775394581.261278815] [navNode]: 未到目标点
目标位置:(0.0, 0.0, 0.1)-[A6]-[MCU:False]-[POS:False]
当前位置:(-0.0012376965023577213, -0.0009911583038046956, -0.0017621557926759124)
[INFO] [1775394581.360650759] [navNode]: 状态4：WaitAim--[A6]
[INFO] [1775394581.361064088] [navNode]: 未到目标点
目标位置:(0.0, 0.0, 0.1)-[A6]-[MCU:False]-[POS:False]
当前位置:(-0.0012376965023577213, -0.0009911583038046956, -0.0017621557926759124)
[INFO] [1775394581.460758333] [navNode]: 状态4：WaitAim--[A6]
[INFO] [1775394581.461221066] [navNode]: 未到目标点
目标位置:(0.0, 0.0, 0.1)-[A6]-[MCU:False]-[POS:False]
当前位置:(-0.0012376965023577213, -0.0009911583038046956, -0.0017621557926759124)
[INFO] [1775394581.561179324] [navNode]: 状态4：WaitAim--[A6]
[INFO] [1775394581.561657836] [navNode]: 未到目标点
目标位置:(0.0, 0.0, 0.1)-[A6]-[MCU:False]-[POS:False]
当前位置:(-0.0012376965023577213, -0.0009911583038046956, -0.0017621557926759124)
[INFO] [1775394581.660768998] [navNode]: 状态4：WaitAim--[A6]
[INFO] [1775394581.661217202] [navNode]: 未到目标点
目标位置:(0.0, 0.0, 0.1)-[A6]-[MCU:False]-[POS:False]
当前位置:(-0.0012376965023577213, -0.0009911583038046956, -0.0017621557926759124)
[INFO] [1775394581.761004809] [navNode]: 状态4：WaitAim--[A6]
[INFO] [1775394581.761462025] [navNode]: 未到目标点
目标位置:(0.0, 0.0, 0.1)-[A6]-[MCU:False]-[POS:False]
当前位置:(-0.0012376965023577213, -0.0009911583038046956, -0.0017621557926759124)
[INFO] [1775394581.860688788] [navNode]: 状态4：WaitAim--[A6]
[INFO] [1775394581.861159096] [navNode]: 未到目标点
目标位置:(0.0, 0.0, 0.1)-[A6]-[MCU:False]-[POS:False]
当前位置:(-0.0012376965023577213, -0.0009911583038046956, -0.0017621557926759124)
[INFO] [1775394581.962576445] [navNode]: 状态4：WaitAim--[A6]
[INFO] [1775394581.963678149] [navNode]: 未到目标点
目标位置:(0.0, 0.0, 0.1)-[A6]-[MCU:False]-[POS:False]
当前位置:(-0.0012376965023577213, -0.0009911583038046956, -0.0017621557926759124)
[INFO] [1775394582.060731417] [navNode]: 状态4：WaitAim--[A6]
[INFO] [1775394582.061190748] [navNode]: 未到目标点
目标位置:(0.0, 0.0, 0.1)-[A6]-[MCU:False]-[POS:False]
当前位置:(-0.0012376965023577213, -0.0009911583038046956, -0.0017621557926759124)
[INFO] [1775394582.160819569] [navNode]: 状态4：WaitAim--[A6]
[INFO] [1775394582.161250136] [navNode]: 未到目标点
目标位置:(0.0, 0.0, 0.1)-[A6]-[MCU:False]-[POS:False]
当前位置:(-0.0012376965023577213, -0.0009911583038046956, -0.0017621557926759124)
[INFO] [1775394582.260868404] [navNode]: 状态4：WaitAim--[A6]
[INFO] [1775394582.261359707] [navNode]: 未到目标点
目标位置:(0.0, 0.0, 0.1)-[A6]-[MCU:False]-[POS:False]
当前位置:(-0.0012376965023577213, -0.0009911583038046956, -0.0017621557926759124)
[INFO] [1775394582.360732607] [navNode]: 状态4：WaitAim--[A6]
[INFO] [1775394582.361149253] [navNode]: 未到目标点
目标位置:(0.0, 0.0, 0.1)-[A6]-[MCU:False]-[POS:False]
当前位置:(-0.0012376965023577213, -0.0009911583038046956, -0.0017621557926759124)
[INFO] [1775394582.460769557] [navNode]: 状态4：WaitAim--[A6]
[INFO] [1775394582.461293098] [navNode]: 未到目标点
目标位置:(0.0, 0.0, 0.1)-[A6]-[MCU:False]-[POS:False]
当前位置:(-0.0012376965023577213, -0.0009911583038046956, -0.0017621557926759124)
[INFO] [1775394582.560571990] [navNode]: 状态4：WaitAim--[A6]
[INFO] [1775394582.561034477] [navNode]: 未到目标点
目标位置:(0.0, 0.0, 0.1)-[A6]-[MCU:False]-[POS:False]
当前位置:(-0.0012376965023577213, -0.0009911583038046956, -0.0017621557926759124)
[INFO] [1775394582.661148850] [navNode]: 状态4：WaitAim--[A6]
[INFO] [1775394582.661947452] [navNode]: 未到目标点
目标位置:(0.0, 0.0, 0.1)-[A6]-[MCU:False]-[POS:False]
当前位置:(-0.0012376965023577213, -0.0009911583038046956, -0.0017621557926759124)
[INFO] [1775394582.760747012] [navNode]: 状态4：WaitAim--[A6]
[INFO] [1775394582.761233969] [navNode]: 未到目标点
目标位置:(0.0, 0.0, 0.1)-[A6]-[MCU:False]-[POS:False]
当前位置:(-0.0012376965023577213, -0.0009911583038046956, -0.0017621557926759124)
[INFO] [1775394582.860827571] [navNode]: 状态4：WaitAim--[A6]
[INFO] [1775394582.861325612] [navNode]: 未到目标点
目标位置:(0.0, 0.0, 0.1)-[A6]-[MCU:False]-[POS:False]
当前位置:(-0.0012376965023577213, -0.0009911583038046956, -0.0017621557926759124)
[INFO] [1775394582.960898042] [navNode]: 状态4：WaitAim--[A6]
[INFO] [1775394582.961427122] [navNode]: 未到目标点
目标位置:(0.0, 0.0, 0.1)-[A6]-[MCU:False]-[POS:False]
当前位置:(-0.0012376965023577213, -0.0009911583038046956, -0.0017621557926759124)
[INFO] [1775394583.060422188] [navNode]: 状态4：WaitAim--[A6]
[INFO] [1775394583.060940214] [navNode]: 未到目标点
目标位置:(0.0, 0.0, 0.1)-[A6]-[MCU:False]-[POS:False]
当前位置:(-0.0012376965023577213, -0.0009911583038046956, -0.0017621557926759124)
[INFO] [1775394583.160886275] [navNode]: 状态4：WaitAim--[A6]
[INFO] [1775394583.161337241] [navNode]: 未到目标点
目标位置:(0.0, 0.0, 0.1)-[A6]-[MCU:False]-[POS:False]
当前位置:(-0.0012376965023577213, -0.0009911583038046956, -0.0017621557926759124)
[INFO] [1775394583.260406484] [navNode]: 状态4：WaitAim--[A6]
[INFO] [1775394583.260917938] [navNode]: 未到目标点
目标位置:(0.0, 0.0, 0.1)-[A6]-[MCU:False]-[POS:False]
当前位置:(-0.0012376965023577213, -0.0009911583038046956, -0.0017621557926759124)
[INFO] [1775394583.360520082] [navNode]: 状态4：WaitAim--[A6]
[INFO] [1775394583.360952846] [navNode]: 未到目标点
目标位置:(0.0, 0.0, 0.1)-[A6]-[MCU:False]-[POS:False]
当前位置:(-0.0012376965023577213, -0.0009911583038046956, -0.0017621557926759124)
[INFO] [1775394583.460611335] [navNode]: 状态4：WaitAim--[A6]
[INFO] [1775394583.461202819] [navNode]: 未到目标点
目标位置:(0.0, 0.0, 0.1)-[A6]-[MCU:False]-[POS:False]
当前位置:(-0.0012376965023577213, -0.0009911583038046956, -0.0017621557926759124)
[INFO] [1775394583.560642057] [navNode]: 状态4：WaitAim--[A6]
[INFO] [1775394583.561124006] [navNode]: 未到目标点
目标位置:(0.0, 0.0, 0.1)-[A6]-[MCU:False]-[POS:False]
当前位置:(-0.0012376965023577213, -0.0009911583038046956, -0.0017621557926759124)
[INFO] [1775394583.660474268] [navNode]: 状态4：WaitAim--[A6]
[INFO] [1775394583.661306246] [navNode]: 未到目标点
目标位置:(0.0, 0.0, 0.1)-[A6]-[MCU:False]-[POS:False]
当前位置:(-0.0012376965023577213, -0.0009911583038046956, -0.0017621557926759124)
[INFO] [1775394583.760630440] [navNode]: 状态4：WaitAim--[A6]
[INFO] [1775394583.761129250] [navNode]: 未到目标点
目标位置:(0.0, 0.0, 0.1)-[A6]-[MCU:False]-[POS:False]
当前位置:(-0.0012376965023577213, -0.0009911583038046956, -0.0017621557926759124)
[INFO] [1775394583.862083412] [navNode]: 状态4：WaitAim--[A6]
[INFO] [1775394583.863772080] [navNode]: 未到目标点
目标位置:(0.0, 0.0, 0.1)-[A6]-[MCU:False]-[POS:False]
当前位置:(-0.0012376965023577213, -0.0009911583038046956, -0.0017621557926759124)
[INFO] [1775394583.960456697] [navNode]: 状态4：WaitAim--[A6]
[INFO] [1775394583.961113458] [navNode]: 未到目标点
目标位置:(0.0, 0.0, 0.1)-[A6]-[MCU:False]-[POS:False]
当前位置:(-0.0012376965023577213, -0.0009911583038046956, -0.0017621557926759124)
[INFO] [1775394584.060549395] [navNode]: 状态4：WaitAim--[A6]
[INFO] [1775394584.061159587] [navNode]: 未到目标点
目标位置:(0.0, 0.0, 0.1)-[A6]-[MCU:False]-[POS:False]
当前位置:(-0.0012376965023577213, -0.0009911583038046956, -0.0017621557926759124)
[INFO] [1775394584.160696426] [navNode]: 状态4：WaitAim--[A6]
[INFO] [1775394584.161138351] [navNode]: 未到目标点
目标位置:(0.0, 0.0, 0.1)-[A6]-[MCU:False]-[POS:False]
当前位置:(-0.0012376965023577213, -0.0009911583038046956, -0.0017621557926759124)
[INFO] [1775394584.260481993] [navNode]: 状态4：WaitAim--[A6]
[INFO] [1775394584.261163573] [navNode]: 未到目标点
目标位置:(0.0, 0.0, 0.1)-[A6]-[MCU:False]-[POS:False]
当前位置:(-0.0012376965023577213, -0.0009911583038046956, -0.0017621557926759124)
[INFO] [1775394584.360855969] [navNode]: 状态4：WaitAim--[A6]
[INFO] [1775394584.361360938] [navNode]: 未到目标点
目标位置:(0.0, 0.0, 0.1)-[A6]-[MCU:False]-[POS:False]
当前位置:(-0.0012376965023577213, -0.0009911583038046956, -0.0017621557926759124)
[INFO] [1775394584.460529755] [navNode]: 状态4：WaitAim--[A6]
[INFO] [1775394584.461007416] [navNode]: 未到目标点
目标位置:(0.0, 0.0, 0.1)-[A6]-[MCU:False]-[POS:False]
当前位置:(-0.0012376965023577213, -0.0009911583038046956, -0.0017621557926759124)
[INFO] [1775394584.560774976] [navNode]: 状态4：WaitAim--[A6]
[INFO] [1775394584.561212313] [navNode]: 未到目标点
目标位置:(0.0, 0.0, 0.1)-[A6]-[MCU:False]-[POS:False]
当前位置:(-0.0012376965023577213, -0.0009911583038046956, -0.0017621557926759124)
[INFO] [1775394584.660642554] [navNode]: 状态4：WaitAim--[A6]
[INFO] [1775394584.661110570] [navNode]: 未到目标点
目标位置:(0.0, 0.0, 0.1)-[A6]-[MCU:False]-[POS:False]
当前位置:(-0.0012376965023577213, -0.0009911583038046956, -0.0017621557926759124)
[INFO] [1775394584.760591554] [navNode]: 状态4：WaitAim--[A6]
[INFO] [1775394584.761010540] [navNode]: 未到目标点
目标位置:(0.0, 0.0, 0.1)-[A6]-[MCU:False]-[POS:False]
当前位置:(-0.0012376965023577213, -0.0009911583038046956, -0.0017621557926759124)
[INFO] [1775394584.860373868] [navNode]: 状态4：WaitAim--[A6]
[INFO] [1775394584.860786915] [navNode]: 未到目标点
目标位置:(0.0, 0.0, 0.1)-[A6]-[MCU:False]-[POS:False]
当前位置:(-0.0012376965023577213, -0.0009911583038046956, -0.0017621557926759124)
[INFO] [1775394584.960549901] [navNode]: 状态4：WaitAim--[A6]
[INFO] [1775394584.961190257] [navNode]: 未到目标点
目标位置:(0.0, 0.0, 0.1)-[A6]-[MCU:False]-[POS:False]
当前位置:(-0.0012376965023577213, -0.0009911583038046956, -0.0017621557926759124)
[INFO] [1775394585.060626064] [navNode]: 状态4：WaitAim--[A6]
[INFO] [1775394585.061296633] [navNode]: 未到目标点
目标位置:(0.0, 0.0, 0.1)-[A6]-[MCU:False]-[POS:False]
当前位置:(-0.0012376965023577213, -0.0009911583038046956, -0.0017621557926759124)
[INFO] [1775394585.160675822] [navNode]: 状态4：WaitAim--[A6]
[INFO] [1775394585.161105580] [navNode]: 未到目标点
目标位置:(0.0, 0.0, 0.1)-[A6]-[MCU:False]-[POS:False]
当前位置:(-0.0012376965023577213, -0.0009911583038046956, -0.0017621557926759124)
[INFO] [1775394585.260693219] [navNode]: 状态4：WaitAim--[A6]
[INFO] [1775394585.261271751] [navNode]: 未到目标点
目标位置:(0.0, 0.0, 0.1)-[A6]-[MCU:False]-[POS:False]
当前位置:(-0.0012376965023577213, -0.0009911583038046956, -0.0017621557926759124)
[INFO] [1775394585.360894652] [navNode]: 状态4：WaitAim--[A6]
[INFO] [1775394585.361808253] [navNode]: 未到目标点
目标位置:(0.0, 0.0, 0.1)-[A6]-[MCU:False]-[POS:False]
当前位置:(-0.0012376965023577213, -0.0009911583038046956, -0.0017621557926759124)
[INFO] [1775394585.460709717] [navNode]: 状态4：WaitAim--[A6]
[INFO] [1775394585.461441063] [navNode]: 未到目标点
目标位置:(0.0, 0.0, 0.1)-[A6]-[MCU:False]-[POS:False]
当前位置:(-0.0012376965023577213, -0.0009911583038046956, -0.0017621557926759124)
[INFO] [1775394585.560638141] [navNode]: 状态4：WaitAim--[A6]
[INFO] [1775394585.561107344] [navNode]: 未到目标点
目标位置:(0.0, 0.0, 0.1)-[A6]-[MCU:False]-[POS:False]
当前位置:(-0.0012376965023577213, -0.0009911583038046956, -0.0017621557926759124)
[INFO] [1775394585.660441646] [navNode]: 状态4：WaitAim--[A6]
[INFO] [1775394585.660891717] [navNode]: 未到目标点
目标位置:(0.0, 0.0, 0.1)-[A6]-[MCU:False]-[POS:False]
当前位置:(-0.0012376965023577213, -0.0009911583038046956, -0.0017621557926759124)
[INFO] [1775394585.760977195] [navNode]: 状态4：WaitAim--[A6]
[INFO] [1775394585.761562604] [navNode]: 未到目标点
目标位置:(0.0, 0.0, 0.1)-[A6]-[MCU:False]-[POS:False]
当前位置:(-0.0012376965023577213, -0.0009911583038046956, -0.0017621557926759124)
[INFO] [1775394585.860409625] [navNode]: 状态4：WaitAim--[A6]
[INFO] [1775394585.860865419] [navNode]: 未到目标点
目标位置:(0.0, 0.0, 0.1)-[A6]-[MCU:False]-[POS:False]
当前位置:(-0.0012376965023577213, -0.0009911583038046956, -0.0017621557926759124)
[INFO] [1775394585.960604843] [navNode]: 状态4：WaitAim--[A6]
[INFO] [1775394585.961038369] [navNode]: 未到目标点
目标位置:(0.0, 0.0, 0.1)-[A6]-[MCU:False]-[POS:False]
当前位置:(-0.0012376965023577213, -0.0009911583038046956, -0.0017621557926759124)
[INFO] [1775394586.060508876] [navNode]: 状态4：WaitAim--[A6]
[INFO] [1775394586.061059776] [navNode]: 未到目标点
目标位置:(0.0, 0.0, 0.1)-[A6]-[MCU:False]-[POS:False]
当前位置:(-0.0012376965023577213, -0.0009911583038046956, -0.0017621557926759124)
[INFO] [1775394586.160702358] [navNode]: 状态4：WaitAim--[A6]
[INFO] [1775394586.161200412] [navNode]: 未到目标点
目标位置:(0.0, 0.0, 0.1)-[A6]-[MCU:False]-[POS:False]
当前位置:(-0.0012376965023577213, -0.0009911583038046956, -0.0017621557926759124)
[INFO] [1775394586.261398333] [navNode]: 状态4：WaitAim--[A6]
[INFO] [1775394586.262001774] [navNode]: 未到目标点
目标位置:(0.0, 0.0, 0.1)-[A6]-[MCU:False]-[POS:False]
当前位置:(-0.0012376965023577213, -0.0009911583038046956, -0.0017621557926759124)
[INFO] [1775394586.362340703] [navNode]: 状态4：WaitAim--[A6]
[INFO] [1775394586.363457692] [navNode]: 未到目标点
目标位置:(0.0, 0.0, 0.1)-[A6]-[MCU:False]-[POS:False]
当前位置:(-0.0012376965023577213, -0.0009911583038046956, -0.0017621557926759124)
[INFO] [1775394586.460458274] [navNode]: 状态4：WaitAim--[A6]
[INFO] [1775394586.460869146] [navNode]: 未到目标点
目标位置:(0.0, 0.0, 0.1)-[A6]-[MCU:False]-[POS:False]
当前位置:(-0.0012376965023577213, -0.0009911583038046956, -0.0017621557926759124)
[INFO] [1775394586.561191113] [navNode]: 状态4：WaitAim--[A6]
[INFO] [1775394586.562291547] [navNode]: 未到目标点
目标位置:(0.0, 0.0, 0.1)-[A6]-[MCU:False]-[POS:False]
当前位置:(-0.0012376965023577213, -0.0009911583038046956, -0.0017621557926759124)
[INFO] [1775394586.660764246] [navNode]: 状态4：WaitAim--[A6]
[INFO] [1775394586.661379894] [navNode]: 未到目标点
目标位置:(0.0, 0.0, 0.1)-[A6]-[MCU:False]-[POS:False]
当前位置:(-0.0012376965023577213, -0.0009911583038046956, -0.0017621557926759124)
[INFO] [1775394586.760944697] [navNode]: 状态4：WaitAim--[A6]
[INFO] [1775394586.761415146] [navNode]: 未到目标点
目标位置:(0.0, 0.0, 0.1)-[A6]-[MCU:False]-[POS:False]
当前位置:(-0.0012376965023577213, -0.0009911583038046956, -0.0017621557926759124)
[INFO] [1775394586.860314589] [navNode]: 状态4：WaitAim--[A6]
[INFO] [1775394586.860703877] [navNode]: 未到目标点
目标位置:(0.0, 0.0, 0.1)-[A6]-[MCU:False]-[POS:False]
当前位置:(-0.0012376965023577213, -0.0009911583038046956, -0.0017621557926759124)
[INFO] [1775394586.960454415] [navNode]: 状态4：WaitAim--[A6]
[INFO] [1775394586.960855172] [navNode]: 未到目标点
目标位置:(0.0, 0.0, 0.1)-[A6]-[MCU:False]-[POS:False]
当前位置:(-0.0012376965023577213, -0.0009911583038046956, -0.0017621557926759124)
[INFO] [1775394587.060426651] [navNode]: 状态4：WaitAim--[A6]
[INFO] [1775394587.061033097] [navNode]: 未到目标点
目标位置:(0.0, 0.0, 0.1)-[A6]-[MCU:False]-[POS:False]
当前位置:(-0.0012376965023577213, -0.0009911583038046956, -0.0017621557926759124)
[INFO] [1775394587.160668472] [navNode]: 状态4：WaitAim--[A6]
[INFO] [1775394587.161152261] [navNode]: 未到目标点
目标位置:(0.0, 0.0, 0.1)-[A6]-[MCU:False]-[POS:False]
当前位置:(-0.0012376965023577213, -0.0009911583038046956, -0.0017621557926759124)
[INFO] [1775394587.262282909] [navNode]: 状态4：WaitAim--[A6]
[INFO] [1775394587.262935099] [navNode]: 未到目标点
目标位置:(0.0, 0.0, 0.1)-[A6]-[MCU:False]-[POS:False]
当前位置:(-0.0012376965023577213, -0.0009911583038046956, -0.0017621557926759124)
[INFO] [1775394587.360768353] [navNode]: 状态4：WaitAim--[A6]
[INFO] [1775394587.361167632] [navNode]: 未到目标点
目标位置:(0.0, 0.0, 0.1)-[A6]-[MCU:False]-[POS:False]
当前位置:(-0.0012376965023577213, -0.0009911583038046956, -0.0017621557926759124)
[INFO] [1775394587.460463633] [navNode]: 状态4：WaitAim--[A6]
[INFO] [1775394587.460876320] [navNode]: 未到目标点
目标位置:(0.0, 0.0, 0.1)-[A6]-[MCU:False]-[POS:False]
当前位置:(-0.0012376965023577213, -0.0009911583038046956, -0.0017621557926759124)
[INFO] [1775394587.560801082] [navNode]: 状态4：WaitAim--[A6]
[INFO] [1775394587.561233431] [navNode]: 未到目标点
目标位置:(0.0, 0.0, 0.1)-[A6]-[MCU:False]-[POS:False]
当前位置:(-0.0012376965023577213, -0.0009911583038046956, -0.0017621557926759124)
[INFO] [1775394587.660624536] [navNode]: 状态4：WaitAim--[A6]
[INFO] [1775394587.661424082] [navNode]: 未到目标点
目标位置:(0.0, 0.0, 0.1)-[A6]-[MCU:False]-[POS:False]
当前位置:(-0.0012376965023577213, -0.0009911583038046956, -0.0017621557926759124)
[INFO] [1775394587.760523927] [navNode]: 状态4：WaitAim--[A6]
[INFO] [1775394587.761180938] [navNode]: 未到目标点
目标位置:(0.0, 0.0, 0.1)-[A6]-[MCU:False]-[POS:False]
当前位置:(-0.0012376965023577213, -0.0009911583038046956, -0.0017621557926759124)
[INFO] [1775394587.861649196] [navNode]: 状态4：WaitAim--[A6]
[INFO] [1775394587.862389349] [navNode]: 未到目标点
目标位置:(0.0, 0.0, 0.1)-[A6]-[MCU:False]-[POS:False]
当前位置:(-0.0012376965023577213, -0.0009911583038046956, -0.0017621557926759124)
[INFO] [1775394587.960646438] [navNode]: 状态4：WaitAim--[A6]
[INFO] [1775394587.961126323] [navNode]: 未到目标点
目标位置:(0.0, 0.0, 0.1)-[A6]-[MCU:False]-[POS:False]
当前位置:(-0.0012376965023577213, -0.0009911583038046956, -0.0017621557926759124)
[INFO] [1775394588.061110573] [navNode]: 状态4：WaitAim--[A6]
[INFO] [1775394588.061481348] [navNode]: 未到目标点
目标位置:(0.0, 0.0, 0.1)-[A6]-[MCU:False]-[POS:False]
当前位置:(-0.0012376965023577213, -0.0009911583038046956, -0.0017621557926759124)
[INFO] [1775394588.160425047] [navNode]: 状态4：WaitAim--[A6]
[INFO] [1775394588.160813277] [navNode]: 未到目标点
目标位置:(0.0, 0.0, 0.1)-[A6]-[MCU:False]-[POS:False]
当前位置:(-0.0012376965023577213, -0.0009911583038046956, -0.0017621557926759124)
[INFO] [1775394588.260501005] [navNode]: 状态4：WaitAim--[A6]
[INFO] [1775394588.260860375] [navNode]: 未到目标点
目标位置:(0.0, 0.0, 0.1)-[A6]-[MCU:False]-[POS:False]
当前位置:(-0.0012376965023577213, -0.0009911583038046956, -0.0017621557926759124)
[INFO] [1775394588.360518743] [navNode]: 状态4：WaitAim--[A6]
[INFO] [1775394588.360970020] [navNode]: 未到目标点
目标位置:(0.0, 0.0, 0.1)-[A6]-[MCU:False]-[POS:False]
当前位置:(-0.0012376965023577213, -0.0009911583038046956, -0.0017621557926759124)
[INFO] [1775394588.460866070] [navNode]: 状态4：WaitAim--[A6]
[INFO] [1775394588.461235784] [navNode]: 未到目标点
目标位置:(0.0, 0.0, 0.1)-[A6]-[MCU:False]-[POS:False]
当前位置:(-0.0012376965023577213, -0.0009911583038046956, -0.0017621557926759124)
[INFO] [1775394588.560854659] [navNode]: 状态4：WaitAim--[A6]
[INFO] [1775394588.561261180] [navNode]: 未到目标点
目标位置:(0.0, 0.0, 0.1)-[A6]-[MCU:False]-[POS:False]
当前位置:(-0.0012376965023577213, -0.0009911583038046956, -0.0017621557926759124)
[INFO] [1775394588.660953652] [navNode]: 状态4：WaitAim--[A6]
[INFO] [1775394588.661363843] [navNode]: 未到目标点
目标位置:(0.0, 0.0, 0.1)-[A6]-[MCU:False]-[POS:False]
当前位置:(-0.0012376965023577213, -0.0009911583038046956, -0.0017621557926759124)
[INFO] [1775394588.760969396] [navNode]: 状态4：WaitAim--[A6]
[INFO] [1775394588.761439546] [navNode]: 未到目标点
目标位置:(0.0, 0.0, 0.1)-[A6]-[MCU:False]-[POS:False]
当前位置:(-0.0012376965023577213, -0.0009911583038046956, -0.0017621557926759124)
[INFO] [1775394588.860888358] [navNode]: 状态4：WaitAim--[A6]
[INFO] [1775394588.861269493] [navNode]: 未到目标点
目标位置:(0.0, 0.0, 0.1)-[A6]-[MCU:False]-[POS:False]
当前位置:(-0.0012376965023577213, -0.0009911583038046956, -0.0017621557926759124)
[INFO] [1775394588.961042750] [navNode]: 状态4：WaitAim--[A6]
[INFO] [1775394588.961731534] [navNode]: 未到目标点
目标位置:(0.0, 0.0, 0.1)-[A6]-[MCU:False]-[POS:False]
当前位置:(-0.0012376965023577213, -0.0009911583038046956, -0.0017621557926759124)
[INFO] [1775394589.061029923] [navNode]: 状态4：WaitAim--[A6]
[INFO] [1775394589.061525932] [navNode]: 未到目标点
目标位置:(0.0, 0.0, 0.1)-[A6]-[MCU:False]-[POS:False]
当前位置:(-0.0012376965023577213, -0.0009911583038046956, -0.0017621557926759124)
[INFO] [1775394589.160645438] [navNode]: 状态4：WaitAim--[A6]
[INFO] [1775394589.161125288] [navNode]: 未到目标点
目标位置:(0.0, 0.0, 0.1)-[A6]-[MCU:False]-[POS:False]
当前位置:(-0.0012376965023577213, -0.0009911583038046956, -0.0017621557926759124)
[INFO] [1775394589.260753148] [navNode]: 状态4：WaitAim--[A6]
[INFO] [1775394589.261159235] [navNode]: 未到目标点
目标位置:(0.0, 0.0, 0.1)-[A6]-[MCU:False]-[POS:False]
当前位置:(-0.0012376965023577213, -0.0009911583038046956, -0.0017621557926759124)
[INFO] [1775394589.360729018] [navNode]: 状态4：WaitAim--[A6]
[INFO] [1775394589.361232536] [navNode]: 未到目标点
目标位置:(0.0, 0.0, 0.1)-[A6]-[MCU:False]-[POS:False]
当前位置:(-0.0012376965023577213, -0.0009911583038046956, -0.0017621557926759124)
[INFO] [1775394589.460628806] [navNode]: 状态4：WaitAim--[A6]
[INFO] [1775394589.461038696] [navNode]: 未到目标点
目标位置:(0.0, 0.0, 0.1)-[A6]-[MCU:False]-[POS:False]
当前位置:(-0.0012376965023577213, -0.0009911583038046956, -0.0017621557926759124)
[INFO] [1775394589.560707281] [navNode]: 状态4：WaitAim--[A6]
[INFO] [1775394589.561240143] [navNode]: 未到目标点
目标位置:(0.0, 0.0, 0.1)-[A6]-[MCU:False]-[POS:False]
当前位置:(-0.0012376965023577213, -0.0009911583038046956, -0.0017621557926759124)
[INFO] [1775394589.660419611] [navNode]: 状态4：WaitAim--[A6]
[INFO] [1775394589.661050116] [navNode]: 未到目标点
目标位置:(0.0, 0.0, 0.1)-[A6]-[MCU:False]-[POS:False]
当前位置:(-0.0012376965023577213, -0.0009911583038046956, -0.0017621557926759124)
[INFO] [1775394589.760424838] [navNode]: 状态4：WaitAim--[A6]
[INFO] [1775394589.760911652] [navNode]: 未到目标点
目标位置:(0.0, 0.0, 0.1)-[A6]-[MCU:False]-[POS:False]
当前位置:(-0.0012376965023577213, -0.0009911583038046956, -0.0017621557926759124)
[INFO] [1775394589.861210264] [navNode]: 状态4：WaitAim--[A6]
[INFO] [1775394589.861722405] [navNode]: 未到目标点
目标位置:(0.0, 0.0, 0.1)-[A6]-[MCU:False]-[POS:False]
当前位置:(-0.0012376965023577213, -0.0009911583038046956, -0.0017621557926759124)
[INFO] [1775394589.960543078] [navNode]: 状态4：WaitAim--[A6]
[INFO] [1775394589.961192157] [navNode]: 未到目标点
目标位置:(0.0, 0.0, 0.1)-[A6]-[MCU:False]-[POS:False]
当前位置:(-0.0012376965023577213, -0.0009911583038046956, -0.0017621557926759124)
[INFO] [1775394590.060740651] [navNode]: 状态4：WaitAim--[A6]
[INFO] [1775394590.061178919] [navNode]: 未到目标点
目标位置:(0.0, 0.0, 0.1)-[A6]-[MCU:False]-[POS:False]
当前位置:(-0.0012376965023577213, -0.0009911583038046956, -0.0017621557926759124)
[INFO] [1775394590.160763557] [navNode]: 状态4：WaitAim--[A6]
[INFO] [1775394590.161421480] [navNode]: 未到目标点
目标位置:(0.0, 0.0, 0.1)-[A6]-[MCU:False]-[POS:False]
当前位置:(-0.0012376965023577213, -0.0009911583038046956, -0.0017621557926759124)
[INFO] [1775394590.261346891] [navNode]: 状态4：WaitAim--[A6]
[INFO] [1775394590.261911608] [navNode]: 未到目标点
目标位置:(0.0, 0.0, 0.1)-[A6]-[MCU:False]-[POS:False]
当前位置:(-0.0012376965023577213, -0.0009911583038046956, -0.0017621557926759124)
[INFO] [1775394590.360612991] [navNode]: 状态4：WaitAim--[A6]
[INFO] [1775394590.361203740] [navNode]: 未到目标点
目标位置:(0.0, 0.0, 0.1)-[A6]-[MCU:False]-[POS:False]
当前位置:(-0.0012376965023577213, -0.0009911583038046956, -0.0017621557926759124)
[INFO] [1775394590.460666869] [navNode]: 状态4：WaitAim--[A6]
[INFO] [1775394590.461301519] [navNode]: 未到目标点
目标位置:(0.0, 0.0, 0.1)-[A6]-[MCU:False]-[POS:False]
当前位置:(-0.0012376965023577213, -0.0009911583038046956, -0.0017621557926759124)
[INFO] [1775394590.561138639] [navNode]: 状态4：WaitAim--[A6]
[INFO] [1775394590.562147826] [navNode]: 未到目标点
目标位置:(0.0, 0.0, 0.1)-[A6]-[MCU:False]-[POS:False]
当前位置:(-0.0012376965023577213, -0.0009911583038046956, -0.0017621557926759124)
[INFO] [1775394590.660793443] [navNode]: 状态4：WaitAim--[A6]
[INFO] [1775394590.661329369] [navNode]: 未到目标点
目标位置:(0.0, 0.0, 0.1)-[A6]-[MCU:False]-[POS:False]
当前位置:(-0.0012376965023577213, -0.0009911583038046956, -0.0017621557926759124)
[INFO] [1775394590.761401013] [navNode]: 状态4：WaitAim--[A6]
[INFO] [1775394590.762128790] [navNode]: 未到目标点
目标位置:(0.0, 0.0, 0.1)-[A6]-[MCU:False]-[POS:False]
当前位置:(-0.0012376965023577213, -0.0009911583038046956, -0.0017621557926759124)
[INFO] [1775394590.860718552] [navNode]: 状态4：WaitAim--[A6]
[INFO] [1775394590.861234861] [navNode]: 未到目标点
目标位置:(0.0, 0.0, 0.1)-[A6]-[MCU:False]-[POS:False]
当前位置:(-0.0012376965023577213, -0.0009911583038046956, -0.0017621557926759124)
[INFO] [1775394590.960572998] [navNode]: 状态4：WaitAim--[A6]
[INFO] [1775394590.961422767] [navNode]: 未到目标点
目标位置:(0.0, 0.0, 0.1)-[A6]-[MCU:False]-[POS:False]
当前位置:(-0.0012376965023577213, -0.0009911583038046956, -0.0017621557926759124)
[INFO] [1775394591.061400993] [navNode]: 状态4：WaitAim--[A6]
[INFO] [1775394591.061938973] [navNode]: 未到目标点
目标位置:(0.0, 0.0, 0.1)-[A6]-[MCU:False]-[POS:False]
当前位置:(-0.0012376965023577213, -0.0009911583038046956, -0.0017621557926759124)
[INFO] [1775394591.160763541] [navNode]: 状态4：WaitAim--[A6]
[INFO] [1775394591.161492999] [navNode]: 未到目标点
目标位置:(0.0, 0.0, 0.1)-[A6]-[MCU:False]-[POS:False]
当前位置:(-0.0012376965023577213, -0.0009911583038046956, -0.0017621557926759124)
[INFO] [1775394591.262142765] [navNode]: 状态4：WaitAim--[A6]
[INFO] [1775394591.263249922] [navNode]: 未到目标点
目标位置:(0.0, 0.0, 0.1)-[A6]-[MCU:False]-[POS:False]
当前位置:(-0.0012376965023577213, -0.0009911583038046956, -0.0017621557926759124)
[INFO] [1775394591.360977974] [navNode]: 状态4：WaitAim--[A6]
[INFO] [1775394591.361574676] [navNode]: 未到目标点
目标位置:(0.0, 0.0, 0.1)-[A6]-[MCU:False]-[POS:False]
当前位置:(-0.0012376965023577213, -0.0009911583038046956, -0.0017621557926759124)
[INFO] [1775394591.460970804] [navNode]: 状态4：WaitAim--[A6]
[INFO] [1775394591.461593441] [navNode]: 未到目标点
目标位置:(0.0, 0.0, 0.1)-[A6]-[MCU:False]-[POS:False]
当前位置:(-0.0012376965023577213, -0.0009911583038046956, -0.0017621557926759124)
[INFO] [1775394591.561232614] [navNode]: 状态4：WaitAim--[A6]
[INFO] [1775394591.562046243] [navNode]: 未到目标点
目标位置:(0.0, 0.0, 0.1)-[A6]-[MCU:False]-[POS:False]
当前位置:(-0.0012376965023577213, -0.0009911583038046956, -0.0017621557926759124)
[INFO] [1775394591.660815317] [navNode]: 状态4：WaitAim--[A6]
[INFO] [1775394591.661350913] [navNode]: 未到目标点
目标位置:(0.0, 0.0, 0.1)-[A6]-[MCU:False]-[POS:False]
当前位置:(-0.0012376965023577213, -0.0009911583038046956, -0.0017621557926759124)
[INFO] [1775394591.760660309] [navNode]: 状态4：WaitAim--[A6]
[INFO] [1775394591.761416976] [navNode]: 未到目标点
目标位置:(0.0, 0.0, 0.1)-[A6]-[MCU:False]-[POS:False]
当前位置:(-0.0012376965023577213, -0.0009911583038046956, -0.0017621557926759124)
[INFO] [1775394591.860927956] [navNode]: 状态4：WaitAim--[A6]
[INFO] [1775394591.861375529] [navNode]: 未到目标点
目标位置:(0.0, 0.0, 0.1)-[A6]-[MCU:False]-[POS:False]
当前位置:(-0.0012376965023577213, -0.0009911583038046956, -0.0017621557926759124)
[INFO] [1775394591.960481340] [navNode]: 状态4：WaitAim--[A6]
[INFO] [1775394591.960975157] [navNode]: 未到目标点
目标位置:(0.0, 0.0, 0.1)-[A6]-[MCU:False]-[POS:False]
当前位置:(-0.0012376965023577213, -0.0009911583038046956, -0.0017621557926759124)
[INFO] [1775394592.060872240] [navNode]: 状态4：WaitAim--[A6]
[INFO] [1775394592.061357984] [navNode]: 未到目标点
目标位置:(0.0, 0.0, 0.1)-[A6]-[MCU:False]-[POS:False]
当前位置:(-0.0012376965023577213, -0.0009911583038046956, -0.0017621557926759124)
[INFO] [1775394592.160563517] [navNode]: 状态4：WaitAim--[A6]
[INFO] [1775394592.161148261] [navNode]: 未到目标点
目标位置:(0.0, 0.0, 0.1)-[A6]-[MCU:False]-[POS:False]
当前位置:(-0.0012376965023577213, -0.0009911583038046956, -0.0017621557926759124)
[INFO] [1775394592.261104829] [navNode]: 状态4：WaitAim--[A6]
[INFO] [1775394592.261578922] [navNode]: 未到目标点
目标位置:(0.0, 0.0, 0.1)-[A6]-[MCU:False]-[POS:False]
当前位置:(-0.0012376965023577213, -0.0009911583038046956, -0.0017621557926759124)
[INFO] [1775394592.360537407] [navNode]: 状态4：WaitAim--[A6]
[INFO] [1775394592.361057034] [navNode]: 未到目标点
目标位置:(0.0, 0.0, 0.1)-[A6]-[MCU:False]-[POS:False]
当前位置:(-0.0012376965023577213, -0.0009911583038046956, -0.0017621557926759124)
[INFO] [1775394592.460799130] [navNode]: 状态4：WaitAim--[A6]
[INFO] [1775394592.461306648] [navNode]: 未到目标点
目标位置:(0.0, 0.0, 0.1)-[A6]-[MCU:False]-[POS:False]
当前位置:(-0.0012376965023577213, -0.0009911583038046956, -0.0017621557926759124)
[INFO] [1775394592.560851651] [navNode]: 状态4：WaitAim--[A6]
[INFO] [1775394592.561396035] [navNode]: 未到目标点
目标位置:(0.0, 0.0, 0.1)-[A6]-[MCU:False]-[POS:False]
当前位置:(-0.0012376965023577213, -0.0009911583038046956, -0.0017621557926759124)
[INFO] [1775394592.660688251] [navNode]: 状态4：WaitAim--[A6]
[INFO] [1775394592.661181425] [navNode]: 未到目标点
目标位置:(0.0, 0.0, 0.1)-[A6]-[MCU:False]-[POS:False]
当前位置:(-0.0012376965023577213, -0.0009911583038046956, -0.0017621557926759124)
[INFO] [1775394592.760619467] [navNode]: 状态4：WaitAim--[A6]
[INFO] [1775394592.761176980] [navNode]: 未到目标点
目标位置:(0.0, 0.0, 0.1)-[A6]-[MCU:False]-[POS:False]
当前位置:(-0.0012376965023577213, -0.0009911583038046956, -0.0017621557926759124)
[INFO] [1775394592.860609133] [navNode]: 状态4：WaitAim--[A6]
[INFO] [1775394592.861064397] [navNode]: 未到目标点
目标位置:(0.0, 0.0, 0.1)-[A6]-[MCU:False]-[POS:False]
当前位置:(-0.0012376965023577213, -0.0009911583038046956, -0.0017621557926759124)
[INFO] [1775394592.960565670] [navNode]: 状态4：WaitAim--[A6]
[INFO] [1775394592.961245023] [navNode]: 未到目标点
目标位置:(0.0, 0.0, 0.1)-[A6]-[MCU:False]-[POS:False]
当前位置:(-0.0012376965023577213, -0.0009911583038046956, -0.0017621557926759124)
[INFO] [1775394593.060925616] [navNode]: 状态4：WaitAim--[A6]
[INFO] [1775394593.061521199] [navNode]: 未到目标点
目标位置:(0.0, 0.0, 0.1)-[A6]-[MCU:False]-[POS:False]
当前位置:(-0.0012376965023577213, -0.0009911583038046956, -0.0017621557926759124)
[INFO] [1775394593.160887048] [navNode]: 状态4：WaitAim--[A6]
[INFO] [1775394593.161540228] [navNode]: 未到目标点
目标位置:(0.0, 0.0, 0.1)-[A6]-[MCU:False]-[POS:False]
当前位置:(-0.0012376965023577213, -0.0009911583038046956, -0.0017621557926759124)
[INFO] [1775394593.260885078] [navNode]: 状态4：WaitAim--[A6]
[INFO] [1775394593.261372328] [navNode]: 未到目标点
目标位置:(0.0, 0.0, 0.1)-[A6]-[MCU:False]-[POS:False]
当前位置:(-0.0012376965023577213, -0.0009911583038046956, -0.0017621557926759124)
[INFO] [1775394593.360765069] [navNode]: 状态4：WaitAim--[A6]
[INFO] [1775394593.361278806] [navNode]: 未到目标点
目标位置:(0.0, 0.0, 0.1)-[A6]-[MCU:False]-[POS:False]
当前位置:(-0.0012376965023577213, -0.0009911583038046956, -0.0017621557926759124)
[INFO] [1775394593.460682584] [navNode]: 状态4：WaitAim--[A6]
[INFO] [1775394593.461140948] [navNode]: 未到目标点
目标位置:(0.0, 0.0, 0.1)-[A6]-[MCU:False]-[POS:False]
当前位置:(-0.0012376965023577213, -0.0009911583038046956, -0.0017621557926759124)
[INFO] [1775394593.561220330] [navNode]: 状态4：WaitAim--[A6]
[INFO] [1775394593.562012049] [navNode]: 未到目标点
目标位置:(0.0, 0.0, 0.1)-[A6]-[MCU:False]-[POS:False]
当前位置:(-0.0012376965023577213, -0.0009911583038046956, -0.0017621557926759124)
[INFO] [1775394593.661123799] [navNode]: 状态4：WaitAim--[A6]
[INFO] [1775394593.661794110] [navNode]: 未到目标点
目标位置:(0.0, 0.0, 0.1)-[A6]-[MCU:False]-[POS:False]
当前位置:(-0.0012376965023577213, -0.0009911583038046956, -0.0017621557926759124)
[INFO] [1775394593.760589352] [navNode]: 状态4：WaitAim--[A6]
[INFO] [1775394593.761134117] [navNode]: 未到目标点
目标位置:(0.0, 0.0, 0.1)-[A6]-[MCU:False]-[POS:False]
当前位置:(-0.0012376965023577213, -0.0009911583038046956, -0.0017621557926759124)
[INFO] [1775394593.860498174] [navNode]: 状态4：WaitAim--[A6]
[INFO] [1775394593.860958126] [navNode]: 未到目标点
目标位置:(0.0, 0.0, 0.1)-[A6]-[MCU:False]-[POS:False]
当前位置:(-0.0012376965023577213, -0.0009911583038046956, -0.0017621557926759124)
[INFO] [1775394593.960858571] [navNode]: 状态4：WaitAim--[A6]
[INFO] [1775394593.961403748] [navNode]: 未到目标点
目标位置:(0.0, 0.0, 0.1)-[A6]-[MCU:False]-[POS:False]
当前位置:(-0.0012376965023577213, -0.0009911583038046956, -0.0017621557926759124)
[INFO] [1775394594.060606437] [navNode]: 状态4：WaitAim--[A6]
[INFO] [1775394594.061031021] [navNode]: 未到目标点
目标位置:(0.0, 0.0, 0.1)-[A6]-[MCU:False]-[POS:False]
当前位置:(-0.0012376965023577213, -0.0009911583038046956, -0.0017621557926759124)
[INFO] [1775394594.160349602] [navNode]: 状态4：WaitAim--[A6]
[INFO] [1775394594.160793786] [navNode]: 未到目标点
目标位置:(0.0, 0.0, 0.1)-[A6]-[MCU:False]-[POS:False]
当前位置:(-0.0012376965023577213, -0.0009911583038046956, -0.0017621557926759124)
[INFO] [1775394594.260372722] [navNode]: 状态4：WaitAim--[A6]
[INFO] [1775394594.261061209] [navNode]: 未到目标点
目标位置:(0.0, 0.0, 0.1)-[A6]-[MCU:False]-[POS:False]
当前位置:(-0.0012376965023577213, -0.0009911583038046956, -0.0017621557926759124)
[INFO] [1775394594.360542736] [navNode]: 状态4：WaitAim--[A6]
[INFO] [1775394594.361020884] [navNode]: 未到目标点
目标位置:(0.0, 0.0, 0.1)-[A6]-[MCU:False]-[POS:False]
当前位置:(-0.0012376965023577213, -0.0009911583038046956, -0.0017621557926759124)
[INFO] [1775394594.460748069] [navNode]: 状态4：WaitAim--[A6]
[INFO] [1775394594.461137299] [navNode]: 未到目标点
目标位置:(0.0, 0.0, 0.1)-[A6]-[MCU:False]-[POS:False]
当前位置:(-0.0012376965023577213, -0.0009911583038046956, -0.0017621557926759124)
[INFO] [1775394594.561924855] [navNode]: 状态4：WaitAim--[A6]
[INFO] [1775394594.563279422] [navNode]: 未到目标点
目标位置:(0.0, 0.0, 0.1)-[A6]-[MCU:False]-[POS:False]
当前位置:(-0.0012376965023577213, -0.0009911583038046956, -0.0017621557926759124)
[INFO] [1775394594.660610734] [navNode]: 状态4：WaitAim--[A6]
[INFO] [1775394594.661037983] [navNode]: 未到目标点
目标位置:(0.0, 0.0, 0.1)-[A6]-[MCU:False]-[POS:False]
当前位置:(-0.0012376965023577213, -0.0009911583038046956, -0.0017621557926759124)
[INFO] [1775394594.760557416] [navNode]: 状态4：WaitAim--[A6]
[INFO] [1775394594.760987422] [navNode]: 未到目标点
目标位置:(0.0, 0.0, 0.1)-[A6]-[MCU:False]-[POS:False]
当前位置:(-0.0012376965023577213, -0.0009911583038046956, -0.0017621557926759124)
[INFO] [1775394594.860411795] [navNode]: 状态4：WaitAim--[A6]
[INFO] [1775394594.861113718] [navNode]: 未到目标点
目标位置:(0.0, 0.0, 0.1)-[A6]-[MCU:False]-[POS:False]
当前位置:(-0.0012376965023577213, -0.0009911583038046956, -0.0017621557926759124)
[INFO] [1775394594.960570145] [navNode]: 状态4：WaitAim--[A6]
[INFO] [1775394594.961102188] [navNode]: 未到目标点
目标位置:(0.0, 0.0, 0.1)-[A6]-[MCU:False]-[POS:False]
当前位置:(-0.0012376965023577213, -0.0009911583038046956, -0.0017621557926759124)
[INFO] [1775394595.062437868] [navNode]: 状态4：WaitAim--[A6]
[INFO] [1775394595.063599780] [navNode]: 未到目标点
目标位置:(0.0, 0.0, 0.1)-[A6]-[MCU:False]-[POS:False]
当前位置:(-0.0012376965023577213, -0.0009911583038046956, -0.0017621557926759124)
[INFO] [1775394595.160493367] [navNode]: 状态4：WaitAim--[A6]
[INFO] [1775394595.160918523] [navNode]: 未到目标点
目标位置:(0.0, 0.0, 0.1)-[A6]-[MCU:False]-[POS:False]
当前位置:(-0.0012376965023577213, -0.0009911583038046956, -0.0017621557926759124)
[INFO] [1775394595.260630021] [navNode]: 状态4：WaitAim--[A6]
[INFO] [1775394595.261012230] [navNode]: 未到目标点
目标位置:(0.0, 0.0, 0.1)-[A6]-[MCU:False]-[POS:False]
当前位置:(-0.0012376965023577213, -0.0009911583038046956, -0.0017621557926759124)
[INFO] [1775394595.362649003] [navNode]: 状态4：WaitAim--[A6]
[INFO] [1775394595.363711389] [navNode]: 未到目标点
目标位置:(0.0, 0.0, 0.1)-[A6]-[MCU:False]-[POS:False]
当前位置:(-0.0012376965023577213, -0.0009911583038046956, -0.0017621557926759124)
[INFO] [1775394595.460396735] [navNode]: 状态4：WaitAim--[A6]
[INFO] [1775394595.460919662] [navNode]: 未到目标点
目标位置:(0.0, 0.0, 0.1)-[A6]-[MCU:False]-[POS:False]
当前位置:(-0.0012376965023577213, -0.0009911583038046956, -0.0017621557926759124)
[INFO] [1775394595.560940865] [navNode]: 状态4：WaitAim--[A6]
[INFO] [1775394595.561745386] [navNode]: 未到目标点
目标位置:(0.0, 0.0, 0.1)-[A6]-[MCU:False]-[POS:False]
当前位置:(-0.0012376965023577213, -0.0009911583038046956, -0.0017621557926759124)
[INFO] [1775394595.660670264] [navNode]: 状态4：WaitAim--[A6]
[INFO] [1775394595.661385540] [navNode]: 未到目标点
目标位置:(0.0, 0.0, 0.1)-[A6]-[MCU:False]-[POS:False]
当前位置:(-0.0012376965023577213, -0.0009911583038046956, -0.0017621557926759124)
[INFO] [1775394595.760597887] [navNode]: 状态4：WaitAim--[A6]
[INFO] [1775394595.761295472] [navNode]: 未到目标点
目标位置:(0.0, 0.0, 0.1)-[A6]-[MCU:False]-[POS:False]
当前位置:(-0.0012376965023577213, -0.0009911583038046956, -0.0017621557926759124)
[INFO] [1775394595.860778813] [navNode]: 状态4：WaitAim--[A6]
[INFO] [1775394595.861201271] [navNode]: 未到目标点
目标位置:(0.0, 0.0, 0.1)-[A6]-[MCU:False]-[POS:False]
当前位置:(-0.0012376965023577213, -0.0009911583038046956, -0.0017621557926759124)
[INFO] [1775394595.960681009] [navNode]: 状态4：WaitAim--[A6]
[INFO] [1775394595.961435082] [navNode]: 未到目标点
目标位置:(0.0, 0.0, 0.1)-[A6]-[MCU:False]-[POS:False]
当前位置:(-0.0012376965023577213, -0.0009911583038046956, -0.0017621557926759124)
[INFO] [1775394596.060601370] [navNode]: 状态4：WaitAim--[A6]
[INFO] [1775394596.061006278] [navNode]: 未到目标点
目标位置:(0.0, 0.0, 0.1)-[A6]-[MCU:False]-[POS:False]
当前位置:(-0.0012376965023577213, -0.0009911583038046956, -0.0017621557926759124)
[INFO] [1775394596.162378664] [navNode]: 状态4：WaitAim--[A6]
[INFO] [1775394596.163117618] [navNode]: 未到目标点
目标位置:(0.0, 0.0, 0.1)-[A6]-[MCU:False]-[POS:False]
当前位置:(-0.0012376965023577213, -0.0009911583038046956, -0.0017621557926759124)
[INFO] [1775394596.263049582] [navNode]: 状态4：WaitAim--[A6]
[INFO] [1775394596.263639783] [navNode]: 未到目标点
目标位置:(0.0, 0.0, 0.1)-[A6]-[MCU:False]-[POS:False]
当前位置:(-0.0012376965023577213, -0.0009911583038046956, -0.0017621557926759124)
[INFO] [1775394596.360655907] [navNode]: 状态4：WaitAim--[A6]
[INFO] [1775394596.361029481] [navNode]: 未到目标点
目标位置:(0.0, 0.0, 0.1)-[A6]-[MCU:False]-[POS:False]
当前位置:(-0.0012376965023577213, -0.0009911583038046956, -0.0017621557926759124)
[INFO] [1775394596.462649503] [navNode]: 状态4：WaitAim--[A6]
[INFO] [1775394596.463530469] [navNode]: 未到目标点
目标位置:(0.0, 0.0, 0.1)-[A6]-[MCU:False]-[POS:False]
当前位置:(-0.0012376965023577213, -0.0009911583038046956, -0.0017621557926759124)
[INFO] [1775394596.560584829] [navNode]: 状态4：WaitAim--[A6]
[INFO] [1775394596.560970124] [navNode]: 未到目标点
目标位置:(0.0, 0.0, 0.1)-[A6]-[MCU:False]-[POS:False]
当前位置:(-0.0012376965023577213, -0.0009911583038046956, -0.0017621557926759124)
[INFO] [1775394596.660718113] [navNode]: 状态4：WaitAim--[A6]
[INFO] [1775394596.661177217] [navNode]: 未到目标点
目标位置:(0.0, 0.0, 0.1)-[A6]-[MCU:False]-[POS:False]
当前位置:(-0.0012376965023577213, -0.0009911583038046956, -0.0017621557926759124)
[INFO] [1775394596.762430365] [navNode]: 状态4：WaitAim--[A6]
[INFO] [1775394596.763096856] [navNode]: 未到目标点
目标位置:(0.0, 0.0, 0.1)-[A6]-[MCU:False]-[POS:False]
当前位置:(-0.0012376965023577213, -0.0009911583038046956, -0.0017621557926759124)
[INFO] [1775394596.860592307] [navNode]: 状态4：WaitAim--[A6]
[INFO] [1775394596.860987487] [navNode]: 未到目标点
目标位置:(0.0, 0.0, 0.1)-[A6]-[MCU:False]-[POS:False]
当前位置:(-0.0012376965023577213, -0.0009911583038046956, -0.0017621557926759124)
[INFO] [1775394596.960678657] [navNode]: 状态4：WaitAim--[A6]
[INFO] [1775394596.961095737] [navNode]: 未到目标点
目标位置:(0.0, 0.0, 0.1)-[A6]-[MCU:False]-[POS:False]
当前位置:(-0.0012376965023577213, -0.0009911583038046956, -0.0017621557926759124)
[INFO] [1775394597.060585840] [navNode]: 状态4：WaitAim--[A6]
[INFO] [1775394597.060989228] [navNode]: 未到目标点
目标位置:(0.0, 0.0, 0.1)-[A6]-[MCU:False]-[POS:False]
当前位置:(-0.0012376965023577213, -0.0009911583038046956, -0.0017621557926759124)
[INFO] [1775394597.160516751] [navNode]: 状态4：WaitAim--[A6]
[INFO] [1775394597.160952382] [navNode]: 未到目标点
目标位置:(0.0, 0.0, 0.1)-[A6]-[MCU:False]-[POS:False]
当前位置:(-0.0012376965023577213, -0.0009911583038046956, -0.0017621557926759124)
[INFO] [1775394597.260558795] [navNode]: 状态4：WaitAim--[A6]
[INFO] [1775394597.261059090] [navNode]: 未到目标点
目标位置:(0.0, 0.0, 0.1)-[A6]-[MCU:False]-[POS:False]
当前位置:(-0.0012376965023577213, -0.0009911583038046956, -0.0017621557926759124)
[INFO] [1775394597.360790581] [navNode]: 状态4：WaitAim--[A6]
[INFO] [1775394597.361293544] [navNode]: 未到目标点
目标位置:(0.0, 0.0, 0.1)-[A6]-[MCU:False]-[POS:False]
当前位置:(-0.0012376965023577213, -0.0009911583038046956, -0.0017621557926759124)
[INFO] [1775394597.460705788] [navNode]: 状态4：WaitAim--[A6]
[INFO] [1775394597.461219465] [navNode]: 未到目标点
目标位置:(0.0, 0.0, 0.1)-[A6]-[MCU:False]-[POS:False]
当前位置:(-0.0012376965023577213, -0.0009911583038046956, -0.0017621557926759124)
[INFO] [1775394597.560546967] [navNode]: 状态4：WaitAim--[A6]
[INFO] [1775394597.561045129] [navNode]: 未到目标点
目标位置:(0.0, 0.0, 0.1)-[A6]-[MCU:False]-[POS:False]
当前位置:(-0.0012376965023577213, -0.0009911583038046956, -0.0017621557926759124)
[INFO] [1775394597.660590856] [navNode]: 状态4：WaitAim--[A6]
[INFO] [1775394597.661119140] [navNode]: 未到目标点
目标位置:(0.0, 0.0, 0.1)-[A6]-[MCU:False]-[POS:False]
当前位置:(-0.0012376965023577213, -0.0009911583038046956, -0.0017621557926759124)
[INFO] [1775394597.760425964] [navNode]: 状态4：WaitAim--[A6]
[INFO] [1775394597.760939255] [navNode]: 未到目标点
目标位置:(0.0, 0.0, 0.1)-[A6]-[MCU:False]-[POS:False]
当前位置:(-0.0012376965023577213, -0.0009911583038046956, -0.0017621557926759124)
[INFO] [1775394597.860585830] [navNode]: 状态4：WaitAim--[A6]
[INFO] [1775394597.861013288] [navNode]: 未到目标点
目标位置:(0.0, 0.0, 0.1)-[A6]-[MCU:False]-[POS:False]
当前位置:(-0.0012376965023577213, -0.0009911583038046956, -0.0017621557926759124)
[INFO] [1775394597.960454616] [navNode]: 状态4：WaitAim--[A6]
[INFO] [1775394597.960990338] [navNode]: 未到目标点
目标位置:(0.0, 0.0, 0.1)-[A6]-[MCU:False]-[POS:False]
当前位置:(-0.0012376965023577213, -0.0009911583038046956, -0.0017621557926759124)
[INFO] [1775394598.060509168] [navNode]: 状态4：WaitAim--[A6]
[INFO] [1775394598.060883840] [navNode]: 未到目标点
目标位置:(0.0, 0.0, 0.1)-[A6]-[MCU:False]-[POS:False]
当前位置:(-0.0012376965023577213, -0.0009911583038046956, -0.0017621557926759124)
[INFO] [1775394598.160814918] [navNode]: 状态4：WaitAim--[A6]
[INFO] [1775394598.161202963] [navNode]: 未到目标点
目标位置:(0.0, 0.0, 0.1)-[A6]-[MCU:False]-[POS:False]
当前位置:(-0.0012376965023577213, -0.0009911583038046956, -0.0017621557926759124)
[INFO] [1775394598.260504439] [navNode]: 状态4：WaitAim--[A6]
[INFO] [1775394598.260908999] [navNode]: 未到目标点
目标位置:(0.0, 0.0, 0.1)-[A6]-[MCU:False]-[POS:False]
当前位置:(-0.0012376965023577213, -0.0009911583038046956, -0.0017621557926759124)
[INFO] [1775394598.360462007] [navNode]: 状态4：WaitAim--[A6]
[INFO] [1775394598.360890525] [navNode]: 未到目标点
目标位置:(0.0, 0.0, 0.1)-[A6]-[MCU:False]-[POS:False]
当前位置:(-0.0012376965023577213, -0.0009911583038046956, -0.0017621557926759124)
[INFO] [1775394598.462190353] [navNode]: 状态4：WaitAim--[A6]
[INFO] [1775394598.462562935] [navNode]: 未到目标点
目标位置:(0.0, 0.0, 0.1)-[A6]-[MCU:False]-[POS:False]
当前位置:(-0.0012376965023577213, -0.0009911583038046956, -0.0017621557926759124)
[INFO] [1775394598.560712492] [navNode]: 状态4：WaitAim--[A6]
[INFO] [1775394598.561263862] [navNode]: 未到目标点
目标位置:(0.0, 0.0, 0.1)-[A6]-[MCU:False]-[POS:False]
当前位置:(-0.0012376965023577213, -0.0009911583038046956, -0.0017621557926759124)
[INFO] [1775394598.660641607] [navNode]: 状态4：WaitAim--[A6]
[INFO] [1775394598.661019512] [navNode]: 未到目标点
目标位置:(0.0, 0.0, 0.1)-[A6]-[MCU:False]-[POS:False]
当前位置:(-0.0012376965023577213, -0.0009911583038046956, -0.0017621557926759124)
[INFO] [1775394598.762339169] [navNode]: 状态4：WaitAim--[A6]
[INFO] [1775394598.763927744] [navNode]: 未到目标点
目标位置:(0.0, 0.0, 0.1)-[A6]-[MCU:False]-[POS:False]
当前位置:(-0.0012376965023577213, -0.0009911583038046956, -0.0017621557926759124)
[INFO] [1775394598.860559370] [navNode]: 状态4：WaitAim--[A6]
[INFO] [1775394598.860944466] [navNode]: 未到目标点
目标位置:(0.0, 0.0, 0.1)-[A6]-[MCU:False]-[POS:False]
当前位置:(-0.0012376965023577213, -0.0009911583038046956, -0.0017621557926759124)
[INFO] [1775394598.961207568] [navNode]: 状态4：WaitAim--[A6]
[INFO] [1775394598.961627684] [navNode]: 未到目标点
目标位置:(0.0, 0.0, 0.1)-[A6]-[MCU:False]-[POS:False]
当前位置:(-0.0012376965023577213, -0.0009911583038046956, -0.0017621557926759124)
[INFO] [1775394599.060546678] [navNode]: 状态4：WaitAim--[A6]
[INFO] [1775394599.060953675] [navNode]: 未到目标点
目标位置:(0.0, 0.0, 0.1)-[A6]-[MCU:False]-[POS:False]
当前位置:(-0.0012376965023577213, -0.0009911583038046956, -0.0017621557926759124)
[INFO] [1775394599.163255587] [navNode]: 状态4：WaitAim--[A6]
[INFO] [1775394599.164286336] [navNode]: 未到目标点
目标位置:(0.0, 0.0, 0.1)-[A6]-[MCU:False]-[POS:False]
当前位置:(-0.0012376965023577213, -0.0009911583038046956, -0.0017621557926759124)
[INFO] [1775394599.262422220] [navNode]: 状态4：WaitAim--[A6]
[INFO] [1775394599.262892491] [navNode]: 未到目标点
目标位置:(0.0, 0.0, 0.1)-[A6]-[MCU:False]-[POS:False]
当前位置:(-0.0012376965023577213, -0.0009911583038046956, -0.0017621557926759124)
[INFO] [1775394599.360590068] [navNode]: 状态4：WaitAim--[A6]
[INFO] [1775394599.361012833] [navNode]: 未到目标点
目标位置:(0.0, 0.0, 0.1)-[A6]-[MCU:False]-[POS:False]
当前位置:(-0.0012376965023577213, -0.0009911583038046956, -0.0017621557926759124)
[INFO] [1775394599.460582040] [navNode]: 状态4：WaitAim--[A6]
[INFO] [1775394599.460969077] [navNode]: 未到目标点
目标位置:(0.0, 0.0, 0.1)-[A6]-[MCU:False]-[POS:False]
当前位置:(-0.0012376965023577213, -0.0009911583038046956, -0.0017621557926759124)
[INFO] [1775394599.560673471] [navNode]: 状态4：WaitAim--[A6]
[INFO] [1775394599.561148489] [navNode]: 未到目标点
目标位置:(0.0, 0.0, 0.1)-[A6]-[MCU:False]-[POS:False]
当前位置:(-0.0012376965023577213, -0.0009911583038046956, -0.0017621557926759124)
[INFO] [1775394599.661052754] [navNode]: 状态4：WaitAim--[A6]
[INFO] [1775394599.661515587] [navNode]: 未到目标点
目标位置:(0.0, 0.0, 0.1)-[A6]-[MCU:False]-[POS:False]
当前位置:(-0.0012376965023577213, -0.0009911583038046956, -0.0017621557926759124)
[INFO] [1775394599.761082443] [navNode]: 状态4：WaitAim--[A6]
[INFO] [1775394599.761492638] [navNode]: 未到目标点
目标位置:(0.0, 0.0, 0.1)-[A6]-[MCU:False]-[POS:False]
当前位置:(-0.0012376965023577213, -0.0009911583038046956, -0.0017621557926759124)
[INFO] [1775394599.860637971] [navNode]: 状态4：WaitAim--[A6]
[INFO] [1775394599.861018656] [navNode]: 未到目标点
目标位置:(0.0, 0.0, 0.1)-[A6]-[MCU:False]-[POS:False]
当前位置:(-0.0012376965023577213, -0.0009911583038046956, -0.0017621557926759124)
[INFO] [1775394599.961650428] [navNode]: 状态4：WaitAim--[A6]
[INFO] [1775394599.962382251] [navNode]: 未到目标点
目标位置:(0.0, 0.0, 0.1)-[A6]-[MCU:False]-[POS:False]
当前位置:(-0.0012376965023577213, -0.0009911583038046956, -0.0017621557926759124)
[INFO] [1775394600.060809782] [navNode]: 状态4：WaitAim--[A6]
[INFO] [1775394600.061210415] [navNode]: 未到目标点
目标位置:(0.0, 0.0, 0.1)-[A6]-[MCU:False]-[POS:False]
当前位置:(-0.0012376965023577213, -0.0009911583038046956, -0.0017621557926759124)
[INFO] [1775394600.163537642] [navNode]: 状态4：WaitAim--[A6]
[INFO] [1775394600.164436711] [navNode]: 未到目标点
目标位置:(0.0, 0.0, 0.1)-[A6]-[MCU:False]-[POS:False]
当前位置:(-0.0012376965023577213, -0.0009911583038046956, -0.0017621557926759124)
[INFO] [1775394600.261331218] [navNode]: 状态4：WaitAim--[A6]
[INFO] [1775394600.261752581] [navNode]: 未到目标点
目标位置:(0.0, 0.0, 0.1)-[A6]-[MCU:False]-[POS:False]
当前位置:(-0.0012376965023577213, -0.0009911583038046956, -0.0017621557926759124)
[INFO] [1775394600.360681568] [navNode]: 状态4：WaitAim--[A6]
[INFO] [1775394600.361089815] [navNode]: 未到目标点
目标位置:(0.0, 0.0, 0.1)-[A6]-[MCU:False]-[POS:False]
当前位置:(-0.0012376965023577213, -0.0009911583038046956, -0.0017621557926759124)
[INFO] [1775394600.461945315] [navNode]: 状态4：WaitAim--[A6]
[INFO] [1775394600.462750266] [navNode]: 未到目标点
目标位置:(0.0, 0.0, 0.1)-[A6]-[MCU:False]-[POS:False]
当前位置:(-0.0012376965023577213, -0.0009911583038046956, -0.0017621557926759124)
[INFO] [1775394600.563393805] [navNode]: 状态4：WaitAim--[A6]
[INFO] [1775394600.563753670] [navNode]: 未到目标点
目标位置:(0.0, 0.0, 0.1)-[A6]-[MCU:False]-[POS:False]
当前位置:(-0.0012376965023577213, -0.0009911583038046956, -0.0017621557926759124)
[INFO] [1775394600.663839883] [navNode]: 状态4：WaitAim--[A6]
[INFO] [1775394600.664997564] [navNode]: 未到目标点
目标位置:(0.0, 0.0, 0.1)-[A6]-[MCU:False]-[POS:False]
当前位置:(-0.0012376965023577213, -0.0009911583038046956, -0.0017621557926759124)
[INFO] [1775394600.760627454] [navNode]: 状态4：WaitAim--[A6]
[INFO] [1775394600.760982259] [navNode]: 未到目标点
目标位置:(0.0, 0.0, 0.1)-[A6]-[MCU:False]-[POS:False]
当前位置:(-0.0012376965023577213, -0.0009911583038046956, -0.0017621557926759124)
[INFO] [1775394600.860971845] [navNode]: 状态4：WaitAim--[A6]
[INFO] [1775394600.861467359] [navNode]: 未到目标点
目标位置:(0.0, 0.0, 0.1)-[A6]-[MCU:False]-[POS:False]
当前位置:(-0.0012376965023577213, -0.0009911583038046956, -0.0017621557926759124)
[INFO] [1775394600.961822353] [navNode]: 状态4：WaitAim--[A6]
[INFO] [1775394600.962598388] [navNode]: 未到目标点
目标位置:(0.0, 0.0, 0.1)-[A6]-[MCU:False]-[POS:False]
当前位置:(-0.0012376965023577213, -0.0009911583038046956, -0.0017621557926759124)
[INFO] [1775394601.060749993] [navNode]: 状态4：WaitAim--[A6]
[INFO] [1775394601.066458748] [navNode]: 未到目标点
目标位置:(0.0, 0.0, 0.1)-[A6]-[MCU:False]-[POS:False]
当前位置:(-0.0012376965023577213, -0.0009911583038046956, -0.0017621557926759124)
[INFO] [1775394601.161255131] [navNode]: 状态4：WaitAim--[A6]
[INFO] [1775394601.161882031] [navNode]: 未到目标点
目标位置:(0.0, 0.0, 0.1)-[A6]-[MCU:False]-[POS:False]
当前位置:(-0.0012376965023577213, -0.0009911583038046956, -0.0017621557926759124)
[INFO] [1775394601.260867574] [navNode]: 状态4：WaitAim--[A6]
[INFO] [1775394601.261335211] [navNode]: 未到目标点
目标位置:(0.0, 0.0, 0.1)-[A6]-[MCU:False]-[POS:False]
当前位置:(-0.0012376965023577213, -0.0009911583038046956, -0.0017621557926759124)
[INFO] [1775394601.362705497] [navNode]: 状态4：WaitAim--[A6]
[INFO] [1775394601.363226940] [navNode]: 未到目标点
目标位置:(0.0, 0.0, 0.1)-[A6]-[MCU:False]-[POS:False]
当前位置:(-0.0012376965023577213, -0.0009911583038046956, -0.0017621557926759124)
[INFO] [1775394601.461149545] [navNode]: 状态4：WaitAim--[A6]
[INFO] [1775394601.461560967] [navNode]: 未到目标点
目标位置:(0.0, 0.0, 0.1)-[A6]-[MCU:False]-[POS:False]
当前位置:(-0.0012376965023577213, -0.0009911583038046956, -0.0017621557926759124)
[INFO] [1775394601.561283595] [navNode]: 状态4：WaitAim--[A6]
[INFO] [1775394601.561828991] [navNode]: 未到目标点
目标位置:(0.0, 0.0, 0.1)-[A6]-[MCU:False]-[POS:False]
当前位置:(-0.0012376965023577213, -0.0009911583038046956, -0.0017621557926759124)
[INFO] [1775394601.660804572] [navNode]: 状态4：WaitAim--[A6]
[INFO] [1775394601.661216905] [navNode]: 未到目标点
目标位置:(0.0, 0.0, 0.1)-[A6]-[MCU:False]-[POS:False]
当前位置:(-0.0012376965023577213, -0.0009911583038046956, -0.0017621557926759124)
[INFO] [1775394601.760797173] [navNode]: 状态4：WaitAim--[A6]
[INFO] [1775394601.761241122] [navNode]: 未到目标点
目标位置:(0.0, 0.0, 0.1)-[A6]-[MCU:False]-[POS:False]
当前位置:(-0.0012376965023577213, -0.0009911583038046956, -0.0017621557926759124)
[INFO] [1775394601.861906751] [navNode]: 状态4：WaitAim--[A6]
[INFO] [1775394601.862708978] [navNode]: 未到目标点
目标位置:(0.0, 0.0, 0.1)-[A6]-[MCU:False]-[POS:False]
当前位置:(-0.0012376965023577213, -0.0009911583038046956, -0.0017621557926759124)
[INFO] [1775394601.960743947] [navNode]: 状态4：WaitAim--[A6]
[INFO] [1775394601.961136329] [navNode]: 未到目标点
目标位置:(0.0, 0.0, 0.1)-[A6]-[MCU:False]-[POS:False]
当前位置:(-0.0012376965023577213, -0.0009911583038046956, -0.0017621557926759124)
[INFO] [1775394602.062667898] [navNode]: 状态4：WaitAim--[A6]
[INFO] [1775394602.063740479] [navNode]: 未到目标点
目标位置:(0.0, 0.0, 0.1)-[A6]-[MCU:False]-[POS:False]
当前位置:(-0.0012376965023577213, -0.0009911583038046956, -0.0017621557926759124)
[INFO] [1775394602.160561795] [navNode]: 状态4：WaitAim--[A6]
[INFO] [1775394602.160966117] [navNode]: 未到目标点
目标位置:(0.0, 0.0, 0.1)-[A6]-[MCU:False]-[POS:False]
当前位置:(-0.0012376965023577213, -0.0009911583038046956, -0.0017621557926759124)
[INFO] [1775394602.260312385] [navNode]: 状态4：WaitAim--[A6]
[INFO] [1775394602.260918632] [navNode]: 未到目标点
目标位置:(0.0, 0.0, 0.1)-[A6]-[MCU:False]-[POS:False]
当前位置:(-0.0012376965023577213, -0.0009911583038046956, -0.0017621557926759124)
[INFO] [1775394602.360420128] [navNode]: 状态4：WaitAim--[A6]
[INFO] [1775394602.361001362] [navNode]: 未到目标点
目标位置:(0.0, 0.0, 0.1)-[A6]-[MCU:False]-[POS:False]
当前位置:(-0.0012376965023577213, -0.0009911583038046956, -0.0017621557926759124)
[INFO] [1775394602.462723600] [navNode]: 状态4：WaitAim--[A6]
[INFO] [1775394602.463849525] [navNode]: 未到目标点
目标位置:(0.0, 0.0, 0.1)-[A6]-[MCU:False]-[POS:False]
当前位置:(-0.0012376965023577213, -0.0009911583038046956, -0.0017621557926759124)
[INFO] [1775394602.560311806] [navNode]: 状态4：WaitAim--[A6]
[INFO] [1775394602.560739985] [navNode]: 未到目标点
目标位置:(0.0, 0.0, 0.1)-[A6]-[MCU:False]-[POS:False]
当前位置:(-0.0012376965023577213, -0.0009911583038046956, -0.0017621557926759124)
[INFO] [1775394602.662096752] [navNode]: 状态4：WaitAim--[A6]
[INFO] [1775394602.662907737] [navNode]: 未到目标点
目标位置:(0.0, 0.0, 0.1)-[A6]-[MCU:False]-[POS:False]
当前位置:(-0.0012376965023577213, -0.0009911583038046956, -0.0017621557926759124)
[INFO] [1775394602.760671056] [navNode]: 状态4：WaitAim--[A6]
[INFO] [1775394602.761248437] [navNode]: 未到目标点
目标位置:(0.0, 0.0, 0.1)-[A6]-[MCU:False]-[POS:False]
当前位置:(-0.0012376965023577213, -0.0009911583038046956, -0.0017621557926759124)
[INFO] [1775394602.861739781] [navNode]: 状态4：WaitAim--[A6]
[INFO] [1775394602.862110918] [navNode]: 未到目标点
目标位置:(0.0, 0.0, 0.1)-[A6]-[MCU:False]-[POS:False]
当前位置:(-0.0012376965023577213, -0.0009911583038046956, -0.0017621557926759124)
[INFO] [1775394602.960523446] [navNode]: 状态4：WaitAim--[A6]
[INFO] [1775394602.960927180] [navNode]: 未到目标点
目标位置:(0.0, 0.0, 0.1)-[A6]-[MCU:False]-[POS:False]
当前位置:(-0.0012376965023577213, -0.0009911583038046956, -0.0017621557926759124)
[INFO] [1775394603.060500597] [navNode]: 状态4：WaitAim--[A6]
[INFO] [1775394603.060884909] [navNode]: 未到目标点
目标位置:(0.0, 0.0, 0.1)-[A6]-[MCU:False]-[POS:False]
当前位置:(-0.0012376965023577213, -0.0009911583038046956, -0.0017621557926759124)
[INFO] [1775394603.160375175] [navNode]: 状态4：WaitAim--[A6]
[INFO] [1775394603.161130363] [navNode]: 未到目标点
目标位置:(0.0, 0.0, 0.1)-[A6]-[MCU:False]-[POS:False]
当前位置:(-0.0012376965023577213, -0.0009911583038046956, -0.0017621557926759124)
[INFO] [1775394603.262334969] [navNode]: 状态4：WaitAim--[A6]
[INFO] [1775394603.263412342] [navNode]: 未到目标点
目标位置:(0.0, 0.0, 0.1)-[A6]-[MCU:False]-[POS:False]
当前位置:(-0.0012376965023577213, -0.0009911583038046956, -0.0017621557926759124)
[INFO] [1775394603.360455009] [navNode]: 状态4：WaitAim--[A6]
[INFO] [1775394603.360949492] [navNode]: 未到目标点
目标位置:(0.0, 0.0, 0.1)-[A6]-[MCU:False]-[POS:False]
当前位置:(-0.0012376965023577213, -0.0009911583038046956, -0.0017621557926759124)
[INFO] [1775394603.460495412] [navNode]: 状态4：WaitAim--[A6]
[INFO] [1775394603.460870953] [navNode]: 未到目标点
目标位置:(0.0, 0.0, 0.1)-[A6]-[MCU:False]-[POS:False]
当前位置:(-0.0012376965023577213, -0.0009911583038046956, -0.0017621557926759124)
[INFO] [1775394603.560792101] [navNode]: 状态4：WaitAim--[A6]
[INFO] [1775394603.561213034] [navNode]: 未到目标点
目标位置:(0.0, 0.0, 0.1)-[A6]-[MCU:False]-[POS:False]
当前位置:(-0.0012376965023577213, -0.0009911583038046956, -0.0017621557926759124)
[INFO] [1775394603.660797465] [navNode]: 状态4：WaitAim--[A6]
[INFO] [1775394603.661199863] [navNode]: 未到目标点
目标位置:(0.0, 0.0, 0.1)-[A6]-[MCU:False]-[POS:False]
当前位置:(-0.0012376965023577213, -0.0009911583038046956, -0.0017621557926759124)
[INFO] [1775394603.760432882] [navNode]: 状态4：WaitAim--[A6]
[INFO] [1775394603.760938569] [navNode]: 未到目标点
目标位置:(0.0, 0.0, 0.1)-[A6]-[MCU:False]-[POS:False]
当前位置:(-0.0012376965023577213, -0.0009911583038046956, -0.0017621557926759124)
[INFO] [1775394603.860747145] [navNode]: 状态4：WaitAim--[A6]
[INFO] [1775394603.861111295] [navNode]: 未到目标点
目标位置:(0.0, 0.0, 0.1)-[A6]-[MCU:False]-[POS:False]
当前位置:(-0.0012376965023577213, -0.0009911583038046956, -0.0017621557926759124)
[INFO] [1775394603.960699306] [navNode]: 状态4：WaitAim--[A6]
[INFO] [1775394603.961093156] [navNode]: 未到目标点
目标位置:(0.0, 0.0, 0.1)-[A6]-[MCU:False]-[POS:False]
当前位置:(-0.0012376965023577213, -0.0009911583038046956, -0.0017621557926759124)
[INFO] [1775394604.061168895] [navNode]: 状态4：WaitAim--[A6]
[INFO] [1775394604.061529147] [navNode]: 未到目标点
目标位置:(0.0, 0.0, 0.1)-[A6]-[MCU:False]-[POS:False]
当前位置:(-0.0012376965023577213, -0.0009911583038046956, -0.0017621557926759124)
[INFO] [1775394604.160529615] [navNode]: 状态4：WaitAim--[A6]
[INFO] [1775394604.160977125] [navNode]: 未到目标点
目标位置:(0.0, 0.0, 0.1)-[A6]-[MCU:False]-[POS:False]
当前位置:(-0.0012376965023577213, -0.0009911583038046956, -0.0017621557926759124)
[INFO] [1775394604.260581822] [navNode]: 状态4：WaitAim--[A6]
[INFO] [1775394604.260992601] [navNode]: 未到目标点
目标位置:(0.0, 0.0, 0.1)-[A6]-[MCU:False]-[POS:False]
当前位置:(-0.0012376965023577213, -0.0009911583038046956, -0.0017621557926759124)
[INFO] [1775394604.360665650] [navNode]: 状态4：WaitAim--[A6]
[INFO] [1775394604.361246401] [navNode]: 未到目标点
目标位置:(0.0, 0.0, 0.1)-[A6]-[MCU:False]-[POS:False]
当前位置:(-0.0012376965023577213, -0.0009911583038046956, -0.0017621557926759124)
[INFO] [1775394604.461161528] [navNode]: 状态4：WaitAim--[A6]
[INFO] [1775394604.461583959] [navNode]: 未到目标点
目标位置:(0.0, 0.0, 0.1)-[A6]-[MCU:False]-[POS:False]
当前位置:(-0.0012376965023577213, -0.0009911583038046956, -0.0017621557926759124)
[INFO] [1775394604.560435053] [navNode]: 状态4：WaitAim--[A6]
[INFO] [1775394604.560884842] [navNode]: 未到目标点
目标位置:(0.0, 0.0, 0.1)-[A6]-[MCU:False]-[POS:False]
当前位置:(-0.0012376965023577213, -0.0009911583038046956, -0.0017621557926759124)
[INFO] [1775394604.660981375] [navNode]: 状态4：WaitAim--[A6]
[INFO] [1775394604.661416640] [navNode]: 未到目标点
目标位置:(0.0, 0.0, 0.1)-[A6]-[MCU:False]-[POS:False]
当前位置:(-0.0012376965023577213, -0.0009911583038046956, -0.0017621557926759124)
[INFO] [1775394604.760456212] [navNode]: 状态4：WaitAim--[A6]
[INFO] [1775394604.760954985] [navNode]: 未到目标点
目标位置:(0.0, 0.0, 0.1)-[A6]-[MCU:False]-[POS:False]
当前位置:(-0.0012376965023577213, -0.0009911583038046956, -0.0017621557926759124)
[INFO] [1775394604.860690860] [navNode]: 状态4：WaitAim--[A6]
[INFO] [1775394604.861139261] [navNode]: 未到目标点
目标位置:(0.0, 0.0, 0.1)-[A6]-[MCU:False]-[POS:False]
当前位置:(-0.0012376965023577213, -0.0009911583038046956, -0.0017621557926759124)
[INFO] [1775394604.960574311] [navNode]: 状态4：WaitAim--[A6]
[INFO] [1775394604.961062723] [navNode]: 未到目标点
目标位置:(0.0, 0.0, 0.1)-[A6]-[MCU:False]-[POS:False]
当前位置:(-0.0012376965023577213, -0.0009911583038046956, -0.0017621557926759124)
[INFO] [1775394605.060650154] [navNode]: 状态4：WaitAim--[A6]
[INFO] [1775394605.061128546] [navNode]: 未到目标点
目标位置:(0.0, 0.0, 0.1)-[A6]-[MCU:False]-[POS:False]
当前位置:(-0.0012376965023577213, -0.0009911583038046956, -0.0017621557926759124)
[INFO] [1775394605.160678908] [navNode]: 状态4：WaitAim--[A6]
[INFO] [1775394605.161263073] [navNode]: 未到目标点
目标位置:(0.0, 0.0, 0.1)-[A6]-[MCU:False]-[POS:False]
当前位置:(-0.0012376965023577213, -0.0009911583038046956, -0.0017621557926759124)
[INFO] [1775394605.260789660] [navNode]: 状态4：WaitAim--[A6]
[INFO] [1775394605.261262067] [navNode]: 未到目标点
目标位置:(0.0, 0.0, 0.1)-[A6]-[MCU:False]-[POS:False]
当前位置:(-0.0012376965023577213, -0.0009911583038046956, -0.0017621557926759124)
[INFO] [1775394605.360605902] [navNode]: 状态4：WaitAim--[A6]
[INFO] [1775394605.361111570] [navNode]: 未到目标点
目标位置:(0.0, 0.0, 0.1)-[A6]-[MCU:False]-[POS:False]
当前位置:(-0.0012376965023577213, -0.0009911583038046956, -0.0017621557926759124)
[INFO] [1775394605.461039673] [navNode]: 状态4：WaitAim--[A6]
[INFO] [1775394605.461472608] [navNode]: 未到目标点
目标位置:(0.0, 0.0, 0.1)-[A6]-[MCU:False]-[POS:False]
当前位置:(-0.0012376965023577213, -0.0009911583038046956, -0.0017621557926759124)
[INFO] [1775394605.561737878] [navNode]: 状态4：WaitAim--[A6]
[INFO] [1775394605.563435351] [navNode]: 未到目标点
目标位置:(0.0, 0.0, 0.1)-[A6]-[MCU:False]-[POS:False]
当前位置:(-0.0012376965023577213, -0.0009911583038046956, -0.0017621557926759124)
[INFO] [1775394605.660702254] [navNode]: 状态4：WaitAim--[A6]
[INFO] [1775394605.661140360] [navNode]: 未到目标点
目标位置:(0.0, 0.0, 0.1)-[A6]-[MCU:False]-[POS:False]
当前位置:(-0.0012376965023577213, -0.0009911583038046956, -0.0017621557926759124)
[INFO] [1775394605.760933475] [navNode]: 状态4：WaitAim--[A6]
[INFO] [1775394605.761434370] [navNode]: 未到目标点
目标位置:(0.0, 0.0, 0.1)-[A6]-[MCU:False]-[POS:False]
当前位置:(-0.0012376965023577213, -0.0009911583038046956, -0.0017621557926759124)
[INFO] [1775394605.860922903] [navNode]: 状态4：WaitAim--[A6]
[INFO] [1775394605.861375968] [navNode]: 未到目标点
目标位置:(0.0, 0.0, 0.1)-[A6]-[MCU:False]-[POS:False]
当前位置:(-0.0012376965023577213, -0.0009911583038046956, -0.0017621557926759124)
[INFO] [1775394605.960934639] [navNode]: 状态4：WaitAim--[A6]
[INFO] [1775394605.961793219] [navNode]: 未到目标点
目标位置:(0.0, 0.0, 0.1)-[A6]-[MCU:False]-[POS:False]
当前位置:(-0.0012376965023577213, -0.0009911583038046956, -0.0017621557926759124)
[INFO] [1775394606.060964466] [navNode]: 状态4：WaitAim--[A6]
[INFO] [1775394606.061490842] [navNode]: 未到目标点
目标位置:(0.0, 0.0, 0.1)-[A6]-[MCU:False]-[POS:False]
当前位置:(-0.0012376965023577213, -0.0009911583038046956, -0.0017621557926759124)
[INFO] [1775394606.160966774] [navNode]: 状态4：WaitAim--[A6]
[INFO] [1775394606.161488376] [navNode]: 未到目标点
目标位置:(0.0, 0.0, 0.1)-[A6]-[MCU:False]-[POS:False]
当前位置:(-0.0012376965023577213, -0.0009911583038046956, -0.0017621557926759124)
[INFO] [1775394606.260751645] [navNode]: 状态4：WaitAim--[A6]
[INFO] [1775394606.261230271] [navNode]: 未到目标点
目标位置:(0.0, 0.0, 0.1)-[A6]-[MCU:False]-[POS:False]
当前位置:(-0.0012376965023577213, -0.0009911583038046956, -0.0017621557926759124)
[INFO] [1775394606.361032191] [navNode]: 状态4：WaitAim--[A6]
[INFO] [1775394606.361468524] [navNode]: 未到目标点
目标位置:(0.0, 0.0, 0.1)-[A6]-[MCU:False]-[POS:False]
当前位置:(-0.0012376965023577213, -0.0009911583038046956, -0.0017621557926759124)
[INFO] [1775394606.460669965] [navNode]: 状态4：WaitAim--[A6]
[INFO] [1775394606.461142906] [navNode]: 未到目标点
目标位置:(0.0, 0.0, 0.1)-[A6]-[MCU:False]-[POS:False]
当前位置:(-0.0012376965023577213, -0.0009911583038046956, -0.0017621557926759124)
[INFO] [1775394606.560630849] [navNode]: 状态4：WaitAim--[A6]
[INFO] [1775394606.561136834] [navNode]: 未到目标点
目标位置:(0.0, 0.0, 0.1)-[A6]-[MCU:False]-[POS:False]
当前位置:(-0.0012376965023577213, -0.0009911583038046956, -0.0017621557926759124)
[INFO] [1775394606.661137275] [navNode]: 状态4：WaitAim--[A6]
[INFO] [1775394606.661613863] [navNode]: 未到目标点
目标位置:(0.0, 0.0, 0.1)-[A6]-[MCU:False]-[POS:False]
当前位置:(-0.0012376965023577213, -0.0009911583038046956, -0.0017621557926759124)
[INFO] [1775394606.760821970] [navNode]: 状态4：WaitAim--[A6]
[INFO] [1775394606.761312500] [navNode]: 未到目标点
目标位置:(0.0, 0.0, 0.1)-[A6]-[MCU:False]-[POS:False]
当前位置:(-0.0012376965023577213, -0.0009911583038046956, -0.0017621557926759124)
[INFO] [1775394606.860658869] [navNode]: 状态4：WaitAim--[A6]
[INFO] [1775394606.861115319] [navNode]: 未到目标点
目标位置:(0.0, 0.0, 0.1)-[A6]-[MCU:False]-[POS:False]
当前位置:(-0.0012376965023577213, -0.0009911583038046956, -0.0017621557926759124)
[INFO] [1775394606.961222733] [navNode]: 状态4：WaitAim--[A6]
[INFO] [1775394606.961724856] [navNode]: 未到目标点
目标位置:(0.0, 0.0, 0.1)-[A6]-[MCU:False]-[POS:False]
当前位置:(-0.0012376965023577213, -0.0009911583038046956, -0.0017621557926759124)
[INFO] [1775394607.060610083] [navNode]: 状态4：WaitAim--[A6]
[INFO] [1775394607.061097770] [navNode]: 未到目标点
目标位置:(0.0, 0.0, 0.1)-[A6]-[MCU:False]-[POS:False]
当前位置:(-0.0012376965023577213, -0.0009911583038046956, -0.0017621557926759124)
[INFO] [1775394607.160493392] [navNode]: 状态4：WaitAim--[A6]
[INFO] [1775394607.160978943] [navNode]: 未到目标点
目标位置:(0.0, 0.0, 0.1)-[A6]-[MCU:False]-[POS:False]
当前位置:(-0.0012376965023577213, -0.0009911583038046956, -0.0017621557926759124)
[INFO] [1775394607.260592169] [navNode]: 状态4：WaitAim--[A6]
[INFO] [1775394607.261038743] [navNode]: 未到目标点
目标位置:(0.0, 0.0, 0.1)-[A6]-[MCU:False]-[POS:False]
当前位置:(-0.0012376965023577213, -0.0009911583038046956, -0.0017621557926759124)
[INFO] [1775394607.360487517] [navNode]: 状态4：WaitAim--[A6]
[INFO] [1775394607.360930758] [navNode]: 未到目标点
目标位置:(0.0, 0.0, 0.1)-[A6]-[MCU:False]-[POS:False]
当前位置:(-0.0012376965023577213, -0.0009911583038046956, -0.0017621557926759124)
[INFO] [1775394607.461299942] [navNode]: 状态4：WaitAim--[A6]
[INFO] [1775394607.461879099] [navNode]: 未到目标点
目标位置:(0.0, 0.0, 0.1)-[A6]-[MCU:False]-[POS:False]
当前位置:(-0.0012376965023577213, -0.0009911583038046956, -0.0017621557926759124)
[INFO] [1775394607.560900842] [navNode]: 状态4：WaitAim--[A6]
[INFO] [1775394607.561581843] [navNode]: 未到目标点
目标位置:(0.0, 0.0, 0.1)-[A6]-[MCU:False]-[POS:False]
当前位置:(-0.0012376965023577213, -0.0009911583038046956, -0.0017621557926759124)
[INFO] [1775394607.661334993] [navNode]: 状态4：WaitAim--[A6]
[INFO] [1775394607.661992935] [navNode]: 未到目标点
目标位置:(0.0, 0.0, 0.1)-[A6]-[MCU:False]-[POS:False]
当前位置:(-0.0012376965023577213, -0.0009911583038046956, -0.0017621557926759124)
[INFO] [1775394607.760621344] [navNode]: 状态4：WaitAim--[A6]
[INFO] [1775394607.761198392] [navNode]: 未到目标点
目标位置:(0.0, 0.0, 0.1)-[A6]-[MCU:False]-[POS:False]
当前位置:(-0.0012376965023577213, -0.0009911583038046956, -0.0017621557926759124)
[INFO] [1775394607.860735394] [navNode]: 状态4：WaitAim--[A6]
[INFO] [1775394607.861150227] [navNode]: 未到目标点
目标位置:(0.0, 0.0, 0.1)-[A6]-[MCU:False]-[POS:False]
当前位置:(-0.0012376965023577213, -0.0009911583038046956, -0.0017621557926759124)
[INFO] [1775394607.960909876] [navNode]: 状态4：WaitAim--[A6]
[INFO] [1775394607.961331176] [navNode]: 未到目标点
目标位置:(0.0, 0.0, 0.1)-[A6]-[MCU:False]-[POS:False]
当前位置:(-0.0012376965023577213, -0.0009911583038046956, -0.0017621557926759124)
[INFO] [1775394608.060656391] [navNode]: 状态4：WaitAim--[A6]
[INFO] [1775394608.061051643] [navNode]: 未到目标点
目标位置:(0.0, 0.0, 0.1)-[A6]-[MCU:False]-[POS:False]
当前位置:(-0.0012376965023577213, -0.0009911583038046956, -0.0017621557926759124)
[INFO] [1775394608.160340656] [navNode]: 状态4：WaitAim--[A6]
[INFO] [1775394608.160729503] [navNode]: 未到目标点
目标位置:(0.0, 0.0, 0.1)-[A6]-[MCU:False]-[POS:False]
当前位置:(-0.0012376965023577213, -0.0009911583038046956, -0.0017621557926759124)
[INFO] [1775394608.261558595] [navNode]: 状态4：WaitAim--[A6]
[INFO] [1775394608.261938786] [navNode]: 未到目标点
目标位置:(0.0, 0.0, 0.1)-[A6]-[MCU:False]-[POS:False]
当前位置:(-0.0012376965023577213, -0.0009911583038046956, -0.0017621557926759124)
[INFO] [1775394608.360343896] [navNode]: 状态4：WaitAim--[A6]
[INFO] [1775394608.360769638] [navNode]: 未到目标点
目标位置:(0.0, 0.0, 0.1)-[A6]-[MCU:False]-[POS:False]
当前位置:(-0.0012376965023577213, -0.0009911583038046956, -0.0017621557926759124)
[INFO] [1775394608.460542345] [navNode]: 状态4：WaitAim--[A6]
[INFO] [1775394608.460927053] [navNode]: 未到目标点
目标位置:(0.0, 0.0, 0.1)-[A6]-[MCU:False]-[POS:False]
当前位置:(-0.0012376965023577213, -0.0009911583038046956, -0.0017621557926759124)
[INFO] [1775394608.561872416] [navNode]: 状态4：WaitAim--[A6]
[INFO] [1775394608.563709438] [navNode]: 未到目标点
目标位置:(0.0, 0.0, 0.1)-[A6]-[MCU:False]-[POS:False]
当前位置:(-0.0012376965023577213, -0.0009911583038046956, -0.0017621557926759124)
[INFO] [1775394608.660588309] [navNode]: 状态4：WaitAim--[A6]
[INFO] [1775394608.660951551] [navNode]: 未到目标点
目标位置:(0.0, 0.0, 0.1)-[A6]-[MCU:False]-[POS:False]
当前位置:(-0.0012376965023577213, -0.0009911583038046956, -0.0017621557926759124)
[INFO] [1775394608.760561001] [navNode]: 状态4：WaitAim--[A6]
[INFO] [1775394608.760926755] [navNode]: 未到目标点
目标位置:(0.0, 0.0, 0.1)-[A6]-[MCU:False]-[POS:False]
当前位置:(-0.0012376965023577213, -0.0009911583038046956, -0.0017621557926759124)
[INFO] [1775394608.860517154] [navNode]: 状态4：WaitAim--[A6]
[INFO] [1775394608.860873126] [navNode]: 未到目标点
目标位置:(0.0, 0.0, 0.1)-[A6]-[MCU:False]-[POS:False]
当前位置:(-0.0012376965023577213, -0.0009911583038046956, -0.0017621557926759124)
[INFO] [1775394608.960926367] [navNode]: 状态4：WaitAim--[A6]
[INFO] [1775394608.961387553] [navNode]: 未到目标点
目标位置:(0.0, 0.0, 0.1)-[A6]-[MCU:False]-[POS:False]
当前位置:(-0.0012376965023577213, -0.0009911583038046956, -0.0017621557926759124)
[INFO] [1775394609.060619286] [navNode]: 状态4：WaitAim--[A6]
[INFO] [1775394609.061021017] [navNode]: 未到目标点
目标位置:(0.0, 0.0, 0.1)-[A6]-[MCU:False]-[POS:False]
当前位置:(-0.0012376965023577213, -0.0009911583038046956, -0.0017621557926759124)
[INFO] [1775394609.161390175] [navNode]: 状态4：WaitAim--[A6]
[INFO] [1775394609.162155211] [navNode]: 未到目标点
目标位置:(0.0, 0.0, 0.1)-[A6]-[MCU:False]-[POS:False]
当前位置:(-0.0012376965023577213, -0.0009911583038046956, -0.0017621557926759124)
[INFO] [1775394609.260875928] [navNode]: 状态4：WaitAim--[A6]
[INFO] [1775394609.261265480] [navNode]: 未到目标点
目标位置:(0.0, 0.0, 0.1)-[A6]-[MCU:False]-[POS:False]
当前位置:(-0.0012376965023577213, -0.0009911583038046956, -0.0017621557926759124)
[INFO] [1775394609.363104129] [navNode]: 状态4：WaitAim--[A6]
[INFO] [1775394609.364155239] [navNode]: 未到目标点
目标位置:(0.0, 0.0, 0.1)-[A6]-[MCU:False]-[POS:False]
当前位置:(-0.0012376965023577213, -0.0009911583038046956, -0.0017621557926759124)
[INFO] [1775394609.462114193] [navNode]: 状态4：WaitAim--[A6]
[INFO] [1775394609.463211214] [navNode]: 未到目标点
目标位置:(0.0, 0.0, 0.1)-[A6]-[MCU:False]-[POS:False]
当前位置:(-0.0012376965023577213, -0.0009911583038046956, -0.0017621557926759124)
[INFO] [1775394609.560677267] [navNode]: 状态4：WaitAim--[A6]
[INFO] [1775394609.561076459] [navNode]: 未到目标点
目标位置:(0.0, 0.0, 0.1)-[A6]-[MCU:False]-[POS:False]
当前位置:(-0.0012376965023577213, -0.0009911583038046956, -0.0017621557926759124)
[INFO] [1775394609.660519723] [navNode]: 状态4：WaitAim--[A6]
[INFO] [1775394609.660896864] [navNode]: 未到目标点
目标位置:(0.0, 0.0, 0.1)-[A6]-[MCU:False]-[POS:False]
当前位置:(-0.0012376965023577213, -0.0009911583038046956, -0.0017621557926759124)
[INFO] [1775394609.760553103] [navNode]: 状态4：WaitAim--[A6]
[INFO] [1775394609.760955728] [navNode]: 未到目标点
目标位置:(0.0, 0.0, 0.1)-[A6]-[MCU:False]-[POS:False]
当前位置:(-0.0012376965023577213, -0.0009911583038046956, -0.0017621557926759124)
[INFO] [1775394609.861938528] [navNode]: 状态4：WaitAim--[A6]
[INFO] [1775394609.863391493] [navNode]: 未到目标点
目标位置:(0.0, 0.0, 0.1)-[A6]-[MCU:False]-[POS:False]
当前位置:(-0.0012376965023577213, -0.0009911583038046956, -0.0017621557926759124)
[INFO] [1775394609.961136252] [navNode]: 状态4：WaitAim--[A6]
[INFO] [1775394609.962559211] [navNode]: 未到目标点
目标位置:(0.0, 0.0, 0.1)-[A6]-[MCU:False]-[POS:False]
当前位置:(-0.0012376965023577213, -0.0009911583038046956, -0.0017621557926759124)
[INFO] [1775394610.062199808] [navNode]: 状态4：WaitAim--[A6]
[INFO] [1775394610.063318006] [navNode]: 未到目标点
目标位置:(0.0, 0.0, 0.1)-[A6]-[MCU:False]-[POS:False]
当前位置:(-0.0012376965023577213, -0.0009911583038046956, -0.0017621557926759124)
[INFO] [1775394610.160280705] [navNode]: 状态4：WaitAim--[A6]
[INFO] [1775394610.160671044] [navNode]: 未到目标点
目标位置:(0.0, 0.0, 0.1)-[A6]-[MCU:False]-[POS:False]
当前位置:(-0.0012376965023577213, -0.0009911583038046956, -0.0017621557926759124)
[INFO] [1775394610.260813710] [navNode]: 状态4：WaitAim--[A6]
[INFO] [1775394610.261394844] [navNode]: 未到目标点
目标位置:(0.0, 0.0, 0.1)-[A6]-[MCU:False]-[POS:False]
当前位置:(-0.0012376965023577213, -0.0009911583038046956, -0.0017621557926759124)
[INFO] [1775394610.360501696] [navNode]: 状态4：WaitAim--[A6]
[INFO] [1775394610.361007895] [navNode]: 未到目标点
目标位置:(0.0, 0.0, 0.1)-[A6]-[MCU:False]-[POS:False]
当前位置:(-0.0012376965023577213, -0.0009911583038046956, -0.0017621557926759124)
[INFO] [1775394610.460598764] [navNode]: 状态4：WaitAim--[A6]
[INFO] [1775394610.460980415] [navNode]: 未到目标点
目标位置:(0.0, 0.0, 0.1)-[A6]-[MCU:False]-[POS:False]
当前位置:(-0.0012376965023577213, -0.0009911583038046956, -0.0017621557926759124)
[INFO] [1775394610.561944766] [navNode]: 状态4：WaitAim--[A6]
[INFO] [1775394610.563715614] [navNode]: 未到目标点
目标位置:(0.0, 0.0, 0.1)-[A6]-[MCU:False]-[POS:False]
当前位置:(-0.0012376965023577213, -0.0009911583038046956, -0.0017621557926759124)
[INFO] [1775394610.660758556] [navNode]: 状态4：WaitAim--[A6]
[INFO] [1775394610.661130434] [navNode]: 未到目标点
目标位置:(0.0, 0.0, 0.1)-[A6]-[MCU:False]-[POS:False]
当前位置:(-0.0012376965023577213, -0.0009911583038046956, -0.0017621557926759124)
[INFO] [1775394610.760667729] [navNode]: 状态4：WaitAim--[A6]
[INFO] [1775394610.761213329] [navNode]: 未到目标点
目标位置:(0.0, 0.0, 0.1)-[A6]-[MCU:False]-[POS:False]
当前位置:(-0.0012376965023577213, -0.0009911583038046956, -0.0017621557926759124)
[INFO] [1775394610.860520984] [navNode]: 状态4：WaitAim--[A6]
[INFO] [1775394610.860950516] [navNode]: 未到目标点
目标位置:(0.0, 0.0, 0.1)-[A6]-[MCU:False]-[POS:False]
当前位置:(-0.0012376965023577213, -0.0009911583038046956, -0.0017621557926759124)
[INFO] [1775394610.960419837] [navNode]: 状态4：WaitAim--[A6]
[INFO] [1775394610.960790357] [navNode]: 未到目标点
目标位置:(0.0, 0.0, 0.1)-[A6]-[MCU:False]-[POS:False]
当前位置:(-0.0012376965023577213, -0.0009911583038046956, -0.0017621557926759124)
[INFO] [1775394611.060486457] [navNode]: 状态4：WaitAim--[A6]
[INFO] [1775394611.060855246] [navNode]: 未到目标点
目标位置:(0.0, 0.0, 0.1)-[A6]-[MCU:False]-[POS:False]
当前位置:(-0.0012376965023577213, -0.0009911583038046956, -0.0017621557926759124)
[INFO] [1775394611.160441333] [navNode]: 状态4：WaitAim--[A6]
[INFO] [1775394611.160891987] [navNode]: 未到目标点
目标位置:(0.0, 0.0, 0.1)-[A6]-[MCU:False]-[POS:False]
当前位置:(-0.0012376965023577213, -0.0009911583038046956, -0.0017621557926759124)
[INFO] [1775394611.260754552] [navNode]: 状态4：WaitAim--[A6]
[INFO] [1775394611.261189487] [navNode]: 未到目标点
目标位置:(0.0, 0.0, 0.1)-[A6]-[MCU:False]-[POS:False]
当前位置:(-0.0012376965023577213, -0.0009911583038046956, -0.0017621557926759124)
[INFO] [1775394611.360464397] [navNode]: 状态4：WaitAim--[A6]
[INFO] [1775394611.360938088] [navNode]: 未到目标点
目标位置:(0.0, 0.0, 0.1)-[A6]-[MCU:False]-[POS:False]
当前位置:(-0.0012376965023577213, -0.0009911583038046956, -0.0017621557926759124)
[INFO] [1775394611.460741416] [navNode]: 状态4：WaitAim--[A6]
[INFO] [1775394611.461165756] [navNode]: 未到目标点
目标位置:(0.0, 0.0, 0.1)-[A6]-[MCU:False]-[POS:False]
当前位置:(-0.0012376965023577213, -0.0009911583038046956, -0.0017621557926759124)
[INFO] [1775394611.560558523] [navNode]: 状态4：WaitAim--[A6]
[INFO] [1775394611.561309083] [navNode]: 未到目标点
目标位置:(0.0, 0.0, 0.1)-[A6]-[MCU:False]-[POS:False]
当前位置:(-0.0012376965023577213, -0.0009911583038046956, -0.0017621557926759124)
[INFO] [1775394611.660900842] [navNode]: 状态4：WaitAim--[A6]
[INFO] [1775394611.661312711] [navNode]: 未到目标点
目标位置:(0.0, 0.0, 0.1)-[A6]-[MCU:False]-[POS:False]
当前位置:(-0.0012376965023577213, -0.0009911583038046956, -0.0017621557926759124)
[INFO] [1775394611.760411323] [navNode]: 状态4：WaitAim--[A6]
[INFO] [1775394611.761003885] [navNode]: 未到目标点
目标位置:(0.0, 0.0, 0.1)-[A6]-[MCU:False]-[POS:False]
当前位置:(-0.0012376965023577213, -0.0009911583038046956, -0.0017621557926759124)
[INFO] [1775394611.860475327] [navNode]: 状态4：WaitAim--[A6]
[INFO] [1775394611.860835500] [navNode]: 未到目标点
目标位置:(0.0, 0.0, 0.1)-[A6]-[MCU:False]-[POS:False]
当前位置:(-0.0012376965023577213, -0.0009911583038046956, -0.0017621557926759124)
[INFO] [1775394611.960578433] [navNode]: 状态4：WaitAim--[A6]
[INFO] [1775394611.961021855] [navNode]: 未到目标点
目标位置:(0.0, 0.0, 0.1)-[A6]-[MCU:False]-[POS:False]
当前位置:(-0.0012376965023577213, -0.0009911583038046956, -0.0017621557926759124)
[INFO] [1775394612.060411685] [navNode]: 状态4：WaitAim--[A6]
[INFO] [1775394612.060822302] [navNode]: 未到目标点
目标位置:(0.0, 0.0, 0.1)-[A6]-[MCU:False]-[POS:False]
当前位置:(-0.0012376965023577213, -0.0009911583038046956, -0.0017621557926759124)
[INFO] [1775394612.160649373] [navNode]: 状态4：WaitAim--[A6]
[INFO] [1775394612.161093027] [navNode]: 未到目标点
目标位置:(0.0, 0.0, 0.1)-[A6]-[MCU:False]-[POS:False]
当前位置:(-0.0012376965023577213, -0.0009911583038046956, -0.0017621557926759124)
[INFO] [1775394612.260483146] [navNode]: 状态4：WaitAim--[A6]
[INFO] [1775394612.261157336] [navNode]: 未到目标点
目标位置:(0.0, 0.0, 0.1)-[A6]-[MCU:False]-[POS:False]
当前位置:(-0.0012376965023577213, -0.0009911583038046956, -0.0017621557926759124)
[INFO] [1775394612.361026658] [navNode]: 状态4：WaitAim--[A6]
[INFO] [1775394612.361472551] [navNode]: 未到目标点
目标位置:(0.0, 0.0, 0.1)-[A6]-[MCU:False]-[POS:False]
当前位置:(-0.0012376965023577213, -0.0009911583038046956, -0.0017621557926759124)
[INFO] [1775394612.460766690] [navNode]: 状态4：WaitAim--[A6]
[INFO] [1775394612.461185194] [navNode]: 未到目标点
目标位置:(0.0, 0.0, 0.1)-[A6]-[MCU:False]-[POS:False]
当前位置:(-0.0012376965023577213, -0.0009911583038046956, -0.0017621557926759124)
[INFO] [1775394612.560573755] [navNode]: 状态4：WaitAim--[A6]
[INFO] [1775394612.561033486] [navNode]: 未到目标点
目标位置:(0.0, 0.0, 0.1)-[A6]-[MCU:False]-[POS:False]
当前位置:(-0.0012376965023577213, -0.0009911583038046956, -0.0017621557926759124)
[INFO] [1775394612.660330442] [navNode]: 状态4：WaitAim--[A6]
[INFO] [1775394612.660727546] [navNode]: 未到目标点
目标位置:(0.0, 0.0, 0.1)-[A6]-[MCU:False]-[POS:False]
当前位置:(-0.0012376965023577213, -0.0009911583038046956, -0.0017621557926759124)
[INFO] [1775394612.760868240] [navNode]: 状态4：WaitAim--[A6]
[INFO] [1775394612.761349387] [navNode]: 未到目标点
目标位置:(0.0, 0.0, 0.1)-[A6]-[MCU:False]-[POS:False]
当前位置:(-0.0012376965023577213, -0.0009911583038046956, -0.0017621557926759124)
[INFO] [1775394612.860387699] [navNode]: 状态4：WaitAim--[A6]
[INFO] [1775394612.860888350] [navNode]: 未到目标点
目标位置:(0.0, 0.0, 0.1)-[A6]-[MCU:False]-[POS:False]
当前位置:(-0.0012376965023577213, -0.0009911583038046956, -0.0017621557926759124)
[INFO] [1775394612.960981350] [navNode]: 状态4：WaitAim--[A6]
[INFO] [1775394612.961525714] [navNode]: 未到目标点
目标位置:(0.0, 0.0, 0.1)-[A6]-[MCU:False]-[POS:False]
当前位置:(-0.0012376965023577213, -0.0009911583038046956, -0.0017621557926759124)
[INFO] [1775394613.060372426] [navNode]: 状态4：WaitAim--[A6]
[INFO] [1775394613.061000672] [navNode]: 未到目标点
目标位置:(0.0, 0.0, 0.1)-[A6]-[MCU:False]-[POS:False]
当前位置:(-0.0012376965023577213, -0.0009911583038046956, -0.0017621557926759124)
[INFO] [1775394613.160472051] [navNode]: 状态4：WaitAim--[A6]
[INFO] [1775394613.161104289] [navNode]: 未到目标点
目标位置:(0.0, 0.0, 0.1)-[A6]-[MCU:False]-[POS:False]
当前位置:(-0.0012376965023577213, -0.0009911583038046956, -0.0017621557926759124)
[INFO] [1775394613.260649898] [navNode]: 状态4：WaitAim--[A6]
[INFO] [1775394613.261106420] [navNode]: 未到目标点
目标位置:(0.0, 0.0, 0.1)-[A6]-[MCU:False]-[POS:False]
当前位置:(-0.0012376965023577213, -0.0009911583038046956, -0.0017621557926759124)
[INFO] [1775394613.360466547] [navNode]: 状态4：WaitAim--[A6]
[INFO] [1775394613.361102651] [navNode]: 未到目标点
目标位置:(0.0, 0.0, 0.1)-[A6]-[MCU:False]-[POS:False]
当前位置:(-0.0012376965023577213, -0.0009911583038046956, -0.0017621557926759124)
[INFO] [1775394613.460752525] [navNode]: 状态4：WaitAim--[A6]
[INFO] [1775394613.461219742] [navNode]: 未到目标点
目标位置:(0.0, 0.0, 0.1)-[A6]-[MCU:False]-[POS:False]
当前位置:(-0.0012376965023577213, -0.0009911583038046956, -0.0017621557926759124)
[INFO] [1775394613.560710181] [navNode]: 状态4：WaitAim--[A6]
[INFO] [1775394613.561394362] [navNode]: 未到目标点
目标位置:(0.0, 0.0, 0.1)-[A6]-[MCU:False]-[POS:False]
当前位置:(-0.0012376965023577213, -0.0009911583038046956, -0.0017621557926759124)
[INFO] [1775394613.661488177] [navNode]: 状态4：WaitAim--[A6]
[INFO] [1775394613.661934478] [navNode]: 未到目标点
目标位置:(0.0, 0.0, 0.1)-[A6]-[MCU:False]-[POS:False]
当前位置:(-0.0012376965023577213, -0.0009911583038046956, -0.0017621557926759124)
[INFO] [1775394613.760765010] [navNode]: 状态4：WaitAim--[A6]
[INFO] [1775394613.761282262] [navNode]: 未到目标点
目标位置:(0.0, 0.0, 0.1)-[A6]-[MCU:False]-[POS:False]
当前位置:(-0.0012376965023577213, -0.0009911583038046956, -0.0017621557926759124)
[INFO] [1775394613.860811194] [navNode]: 状态4：WaitAim--[A6]
[INFO] [1775394613.861276619] [navNode]: 未到目标点
目标位置:(0.0, 0.0, 0.1)-[A6]-[MCU:False]-[POS:False]
当前位置:(-0.0012376965023577213, -0.0009911583038046956, -0.0017621557926759124)
[INFO] [1775394613.961038212] [navNode]: 状态4：WaitAim--[A6]
[INFO] [1775394613.961615727] [navNode]: 未到目标点
目标位置:(0.0, 0.0, 0.1)-[A6]-[MCU:False]-[POS:False]
当前位置:(-0.0012376965023577213, -0.0009911583038046956, -0.0017621557926759124)
[INFO] [1775394614.060730740] [navNode]: 状态4：WaitAim--[A6]
[INFO] [1775394614.061204234] [navNode]: 未到目标点
目标位置:(0.0, 0.0, 0.1)-[A6]-[MCU:False]-[POS:False]
当前位置:(-0.0012376965023577213, -0.0009911583038046956, -0.0017621557926759124)
[INFO] [1775394614.160714179] [navNode]: 状态4：WaitAim--[A6]
[INFO] [1775394614.161360671] [navNode]: 未到目标点
目标位置:(0.0, 0.0, 0.1)-[A6]-[MCU:False]-[POS:False]
当前位置:(-0.0012376965023577213, -0.0009911583038046956, -0.0017621557926759124)
[INFO] [1775394614.260414957] [navNode]: 状态4：WaitAim--[A6]
[INFO] [1775394614.261435965] [navNode]: 未到目标点
目标位置:(0.0, 0.0, 0.1)-[A6]-[MCU:False]-[POS:False]
当前位置:(-0.0012376965023577213, -0.0009911583038046956, -0.0017621557926759124)
[INFO] [1775394614.360982771] [navNode]: 状态4：WaitAim--[A6]
[INFO] [1775394614.361440854] [navNode]: 未到目标点
目标位置:(0.0, 0.0, 0.1)-[A6]-[MCU:False]-[POS:False]
当前位置:(-0.0012376965023577213, -0.0009911583038046956, -0.0017621557926759124)
[INFO] [1775394614.460630774] [navNode]: 状态4：WaitAim--[A6]
[INFO] [1775394614.461005390] [navNode]: 未到目标点
目标位置:(0.0, 0.0, 0.1)-[A6]-[MCU:False]-[POS:False]
当前位置:(-0.0012376965023577213, -0.0009911583038046956, -0.0017621557926759124)
[INFO] [1775394614.560727243] [navNode]: 状态4：WaitAim--[A6]
[INFO] [1775394614.561199566] [navNode]: 未到目标点
目标位置:(0.0, 0.0, 0.1)-[A6]-[MCU:False]-[POS:False]
当前位置:(-0.0012376965023577213, -0.0009911583038046956, -0.0017621557926759124)
[INFO] [1775394614.660626382] [navNode]: 状态4：WaitAim--[A6]
[INFO] [1775394614.661049943] [navNode]: 未到目标点
目标位置:(0.0, 0.0, 0.1)-[A6]-[MCU:False]-[POS:False]
当前位置:(-0.0012376965023577213, -0.0009911583038046956, -0.0017621557926759124)
[INFO] [1775394614.760569580] [navNode]: 状态4：WaitAim--[A6]
[INFO] [1775394614.761283224] [navNode]: 未到目标点
目标位置:(0.0, 0.0, 0.1)-[A6]-[MCU:False]-[POS:False]
当前位置:(-0.0012376965023577213, -0.0009911583038046956, -0.0017621557926759124)
[INFO] [1775394614.860800687] [navNode]: 状态4：WaitAim--[A6]
[INFO] [1775394614.861459534] [navNode]: 未到目标点
目标位置:(0.0, 0.0, 0.1)-[A6]-[MCU:False]-[POS:False]
当前位置:(-0.0012376965023577213, -0.0009911583038046956, -0.0017621557926759124)
[INFO] [1775394614.960897259] [navNode]: 状态4：WaitAim--[A6]
[INFO] [1775394614.961428840] [navNode]: 未到目标点
目标位置:(0.0, 0.0, 0.1)-[A6]-[MCU:False]-[POS:False]
当前位置:(-0.0012376965023577213, -0.0009911583038046956, -0.0017621557926759124)
[INFO] [1775394615.060863399] [navNode]: 状态4：WaitAim--[A6]
[INFO] [1775394615.061324184] [navNode]: 未到目标点
目标位置:(0.0, 0.0, 0.1)-[A6]-[MCU:False]-[POS:False]
当前位置:(-0.0012376965023577213, -0.0009911583038046956, -0.0017621557926759124)
[INFO] [1775394615.160675931] [navNode]: 状态4：WaitAim--[A6]
[INFO] [1775394615.161143089] [navNode]: 未到目标点
目标位置:(0.0, 0.0, 0.1)-[A6]-[MCU:False]-[POS:False]
当前位置:(-0.0012376965023577213, -0.0009911583038046956, -0.0017621557926759124)
[INFO] [1775394615.260430135] [navNode]: 状态4：WaitAim--[A6]
[INFO] [1775394615.260850451] [navNode]: 未到目标点
目标位置:(0.0, 0.0, 0.1)-[A6]-[MCU:False]-[POS:False]
当前位置:(-0.0012376965023577213, -0.0009911583038046956, -0.0017621557926759124)
[INFO] [1775394615.360996680] [navNode]: 状态4：WaitAim--[A6]
[INFO] [1775394615.361428516] [navNode]: 未到目标点
目标位置:(0.0, 0.0, 0.1)-[A6]-[MCU:False]-[POS:False]
当前位置:(-0.0012376965023577213, -0.0009911583038046956, -0.0017621557926759124)
[INFO] [1775394615.460421755] [navNode]: 状态4：WaitAim--[A6]
[INFO] [1775394615.461159199] [navNode]: 未到目标点
目标位置:(0.0, 0.0, 0.1)-[A6]-[MCU:False]-[POS:False]
当前位置:(-0.0012376965023577213, -0.0009911583038046956, -0.0017621557926759124)
[INFO] [1775394615.560504993] [navNode]: 状态4：WaitAim--[A6]
[INFO] [1775394615.560997037] [navNode]: 未到目标点
目标位置:(0.0, 0.0, 0.1)-[A6]-[MCU:False]-[POS:False]
当前位置:(-0.0012376965023577213, -0.0009911583038046956, -0.0017621557926759124)
[INFO] [1775394615.662337365] [navNode]: 状态4：WaitAim--[A6]
[INFO] [1775394615.663377165] [navNode]: 未到目标点
目标位置:(0.0, 0.0, 0.1)-[A6]-[MCU:False]-[POS:False]
当前位置:(-0.0012376965023577213, -0.0009911583038046956, -0.0017621557926759124)
[INFO] [1775394615.760858973] [navNode]: 状态4：WaitAim--[A6]
[INFO] [1775394615.761246525] [navNode]: 未到目标点
目标位置:(0.0, 0.0, 0.1)-[A6]-[MCU:False]-[POS:False]
当前位置:(-0.0012376965023577213, -0.0009911583038046956, -0.0017621557926759124)
[INFO] [1775394615.861147254] [navNode]: 状态4：WaitAim--[A6]
[INFO] [1775394615.861515743] [navNode]: 未到目标点
目标位置:(0.0, 0.0, 0.1)-[A6]-[MCU:False]-[POS:False]
当前位置:(-0.0012376965023577213, -0.0009911583038046956, -0.0017621557926759124)
[INFO] [1775394615.960660892] [navNode]: 状态4：WaitAim--[A6]
[INFO] [1775394615.961182172] [navNode]: 未到目标点
目标位置:(0.0, 0.0, 0.1)-[A6]-[MCU:False]-[POS:False]
当前位置:(-0.0012376965023577213, -0.0009911583038046956, -0.0017621557926759124)
[INFO] [1775394616.060632213] [navNode]: 状态4：WaitAim--[A6]
[INFO] [1775394616.061060457] [navNode]: 未到目标点
目标位置:(0.0, 0.0, 0.1)-[A6]-[MCU:False]-[POS:False]
当前位置:(-0.0012376965023577213, -0.0009911583038046956, -0.0017621557926759124)
[INFO] [1775394616.160971834] [navNode]: 状态4：WaitAim--[A6]
[INFO] [1775394616.161426724] [navNode]: 未到目标点
目标位置:(0.0, 0.0, 0.1)-[A6]-[MCU:False]-[POS:False]
当前位置:(-0.0012376965023577213, -0.0009911583038046956, -0.0017621557926759124)
[INFO] [1775394616.260784408] [navNode]: 状态4：WaitAim--[A6]
[INFO] [1775394616.261216405] [navNode]: 未到目标点
目标位置:(0.0, 0.0, 0.1)-[A6]-[MCU:False]-[POS:False]
当前位置:(-0.0012376965023577213, -0.0009911583038046956, -0.0017621557926759124)
[INFO] [1775394616.360530240] [navNode]: 状态4：WaitAim--[A6]
[INFO] [1775394616.360973109] [navNode]: 未到目标点
目标位置:(0.0, 0.0, 0.1)-[A6]-[MCU:False]-[POS:False]
当前位置:(-0.0012376965023577213, -0.0009911583038046956, -0.0017621557926759124)
[INFO] [1775394616.460876870] [navNode]: 状态4：WaitAim--[A6]
[INFO] [1775394616.461281577] [navNode]: 未到目标点
目标位置:(0.0, 0.0, 0.1)-[A6]-[MCU:False]-[POS:False]
当前位置:(-0.0012376965023577213, -0.0009911583038046956, -0.0017621557926759124)
[INFO] [1775394616.560699645] [navNode]: 状态4：WaitAim--[A6]
[INFO] [1775394616.561111354] [navNode]: 未到目标点
目标位置:(0.0, 0.0, 0.1)-[A6]-[MCU:False]-[POS:False]
当前位置:(-0.0012376965023577213, -0.0009911583038046956, -0.0017621557926759124)
[INFO] [1775394616.660631769] [navNode]: 状态4：WaitAim--[A6]
[INFO] [1775394616.661081262] [navNode]: 未到目标点
目标位置:(0.0, 0.0, 0.1)-[A6]-[MCU:False]-[POS:False]
当前位置:(-0.0012376965023577213, -0.0009911583038046956, -0.0017621557926759124)
[INFO] [1775394616.761153191] [navNode]: 状态4：WaitAim--[A6]
[INFO] [1775394616.761785997] [navNode]: 未到目标点
目标位置:(0.0, 0.0, 0.1)-[A6]-[MCU:False]-[POS:False]
当前位置:(-0.0012376965023577213, -0.0009911583038046956, -0.0017621557926759124)
[INFO] [1775394616.860754215] [navNode]: 状态4：WaitAim--[A6]
[INFO] [1775394616.861200978] [navNode]: 未到目标点
目标位置:(0.0, 0.0, 0.1)-[A6]-[MCU:False]-[POS:False]
当前位置:(-0.0012376965023577213, -0.0009911583038046956, -0.0017621557926759124)
[INFO] [1775394616.960845431] [navNode]: 状态4：WaitAim--[A6]
[INFO] [1775394616.961279748] [navNode]: 未到目标点
目标位置:(0.0, 0.0, 0.1)-[A6]-[MCU:False]-[POS:False]
当前位置:(-0.0012376965023577213, -0.0009911583038046956, -0.0017621557926759124)
[INFO] [1775394617.062187526] [navNode]: 状态4：WaitAim--[A6]
[INFO] [1775394617.063121773] [navNode]: 未到目标点
目标位置:(0.0, 0.0, 0.1)-[A6]-[MCU:False]-[POS:False]
当前位置:(-0.0012376965023577213, -0.0009911583038046956, -0.0017621557926759124)
[INFO] [1775394617.160845646] [navNode]: 状态4：WaitAim--[A6]
[INFO] [1775394617.161381012] [navNode]: 未到目标点
目标位置:(0.0, 0.0, 0.1)-[A6]-[MCU:False]-[POS:False]
当前位置:(-0.0012376965023577213, -0.0009911583038046956, -0.0017621557926759124)
[INFO] [1775394617.261444492] [navNode]: 状态4：WaitAim--[A6]
[INFO] [1775394617.262333976] [navNode]: 未到目标点
目标位置:(0.0, 0.0, 0.1)-[A6]-[MCU:False]-[POS:False]
当前位置:(-0.0012376965023577213, -0.0009911583038046956, -0.0017621557926759124)
[INFO] [1775394617.360970549] [navNode]: 状态4：WaitAim--[A6]
[INFO] [1775394617.361457671] [navNode]: 未到目标点
目标位置:(0.0, 0.0, 0.1)-[A6]-[MCU:False]-[POS:False]
当前位置:(-0.0012376965023577213, -0.0009911583038046956, -0.0017621557926759124)
[INFO] [1775394617.461322185] [navNode]: 状态4：WaitAim--[A6]
[INFO] [1775394617.461832569] [navNode]: 未到目标点
目标位置:(0.0, 0.0, 0.1)-[A6]-[MCU:False]-[POS:False]
当前位置:(-0.0012376965023577213, -0.0009911583038046956, -0.0017621557926759124)
[INFO] [1775394617.560925981] [navNode]: 状态4：WaitAim--[A6]
[INFO] [1775394617.561363811] [navNode]: 未到目标点
目标位置:(0.0, 0.0, 0.1)-[A6]-[MCU:False]-[POS:False]
当前位置:(-0.0012376965023577213, -0.0009911583038046956, -0.0017621557926759124)
[INFO] [1775394617.660835586] [navNode]: 状态4：WaitAim--[A6]
[INFO] [1775394617.661258519] [navNode]: 未到目标点
目标位置:(0.0, 0.0, 0.1)-[A6]-[MCU:False]-[POS:False]
当前位置:(-0.0012376965023577213, -0.0009911583038046956, -0.0017621557926759124)
[INFO] [1775394617.761058869] [navNode]: 状态4：WaitAim--[A6]
[INFO] [1775394617.761547970] [navNode]: 未到目标点
目标位置:(0.0, 0.0, 0.1)-[A6]-[MCU:False]-[POS:False]
当前位置:(-0.0012376965023577213, -0.0009911583038046956, -0.0017621557926759124)
[INFO] [1775394617.860843529] [navNode]: 状态4：WaitAim--[A6]
[INFO] [1775394617.861312629] [navNode]: 未到目标点
目标位置:(0.0, 0.0, 0.1)-[A6]-[MCU:False]-[POS:False]
当前位置:(-0.0012376965023577213, -0.0009911583038046956, -0.0017621557926759124)
[INFO] [1775394617.961348257] [navNode]: 状态4：WaitAim--[A6]
[INFO] [1775394617.961758857] [navNode]: 未到目标点
目标位置:(0.0, 0.0, 0.1)-[A6]-[MCU:False]-[POS:False]
当前位置:(-0.0012376965023577213, -0.0009911583038046956, -0.0017621557926759124)
[INFO] [1775394618.060647387] [navNode]: 状态4：WaitAim--[A6]
[INFO] [1775394618.061051518] [navNode]: 未到目标点
目标位置:(0.0, 0.0, 0.1)-[A6]-[MCU:False]-[POS:False]
当前位置:(-0.0012376965023577213, -0.0009911583038046956, -0.0017621557926759124)
[INFO] [1775394618.161029323] [navNode]: 状态4：WaitAim--[A6]
[INFO] [1775394618.161441352] [navNode]: 未到目标点
目标位置:(0.0, 0.0, 0.1)-[A6]-[MCU:False]-[POS:False]
当前位置:(-0.0012376965023577213, -0.0009911583038046956, -0.0017621557926759124)
[INFO] [1775394618.260640804] [navNode]: 状态4：WaitAim--[A6]
[INFO] [1775394618.261078242] [navNode]: 未到目标点
目标位置:(0.0, 0.0, 0.1)-[A6]-[MCU:False]-[POS:False]
当前位置:(-0.0012376965023577213, -0.0009911583038046956, -0.0017621557926759124)
[INFO] [1775394618.360724579] [navNode]: 状态4：WaitAim--[A6]
[INFO] [1775394618.361171048] [navNode]: 未到目标点
目标位置:(0.0, 0.0, 0.1)-[A6]-[MCU:False]-[POS:False]
当前位置:(-0.0012376965023577213, -0.0009911583038046956, -0.0017621557926759124)
[INFO] [1775394618.460705476] [navNode]: 状态4：WaitAim--[A6]
[INFO] [1775394618.461082960] [navNode]: 未到目标点
目标位置:(0.0, 0.0, 0.1)-[A6]-[MCU:False]-[POS:False]
当前位置:(-0.0012376965023577213, -0.0009911583038046956, -0.0017621557926759124)
[INFO] [1775394618.560593166] [navNode]: 状态4：WaitAim--[A6]
[INFO] [1775394618.561087625] [navNode]: 未到目标点
目标位置:(0.0, 0.0, 0.1)-[A6]-[MCU:False]-[POS:False]
当前位置:(-0.0012376965023577213, -0.0009911583038046956, -0.0017621557926759124)
[INFO] [1775394618.661052798] [navNode]: 状态4：WaitAim--[A6]
[INFO] [1775394618.661512749] [navNode]: 未到目标点
目标位置:(0.0, 0.0, 0.1)-[A6]-[MCU:False]-[POS:False]
当前位置:(-0.0012376965023577213, -0.0009911583038046956, -0.0017621557926759124)
[INFO] [1775394618.760748684] [navNode]: 状态4：WaitAim--[A6]
[INFO] [1775394618.761148676] [navNode]: 未到目标点
目标位置:(0.0, 0.0, 0.1)-[A6]-[MCU:False]-[POS:False]
当前位置:(-0.0012376965023577213, -0.0009911583038046956, -0.0017621557926759124)
[INFO] [1775394618.860890776] [navNode]: 状态4：WaitAim--[A6]
[INFO] [1775394618.861292354] [navNode]: 未到目标点
目标位置:(0.0, 0.0, 0.1)-[A6]-[MCU:False]-[POS:False]
当前位置:(-0.0012376965023577213, -0.0009911583038046956, -0.0017621557926759124)
[INFO] [1775394618.960784705] [navNode]: 状态4：WaitAim--[A6]
[INFO] [1775394618.961309992] [navNode]: 未到目标点
目标位置:(0.0, 0.0, 0.1)-[A6]-[MCU:False]-[POS:False]
当前位置:(-0.0012376965023577213, -0.0009911583038046956, -0.0017621557926759124)
[INFO] [1775394619.061031076] [navNode]: 状态4：WaitAim--[A6]
[INFO] [1775394619.061466643] [navNode]: 未到目标点
目标位置:(0.0, 0.0, 0.1)-[A6]-[MCU:False]-[POS:False]
当前位置:(-0.0012376965023577213, -0.0009911583038046956, -0.0017621557926759124)
[INFO] [1775394619.160837234] [navNode]: 状态4：WaitAim--[A6]
[INFO] [1775394619.161434591] [navNode]: 未到目标点
目标位置:(0.0, 0.0, 0.1)-[A6]-[MCU:False]-[POS:False]
当前位置:(-0.0012376965023577213, -0.0009911583038046956, -0.0017621557926759124)
[INFO] [1775394619.261206367] [navNode]: 状态4：WaitAim--[A6]
[INFO] [1775394619.261680974] [navNode]: 未到目标点
目标位置:(0.0, 0.0, 0.1)-[A6]-[MCU:False]-[POS:False]
当前位置:(-0.0012376965023577213, -0.0009911583038046956, -0.0017621557926759124)
[INFO] [1775394619.360545579] [navNode]: 状态4：WaitAim--[A6]
[INFO] [1775394619.361017253] [navNode]: 未到目标点
目标位置:(0.0, 0.0, 0.1)-[A6]-[MCU:False]-[POS:False]
当前位置:(-0.0012376965023577213, -0.0009911583038046956, -0.0017621557926759124)
[INFO] [1775394619.460759451] [navNode]: 状态4：WaitAim--[A6]
[INFO] [1775394619.461189656] [navNode]: 未到目标点
目标位置:(0.0, 0.0, 0.1)-[A6]-[MCU:False]-[POS:False]
当前位置:(-0.0012376965023577213, -0.0009911583038046956, -0.0017621557926759124)
[INFO] [1775394619.560424411] [navNode]: 状态4：WaitAim--[A6]
[INFO] [1775394619.560799087] [navNode]: 未到目标点
目标位置:(0.0, 0.0, 0.1)-[A6]-[MCU:False]-[POS:False]
当前位置:(-0.0012376965023577213, -0.0009911583038046956, -0.0017621557926759124)
[INFO] [1775394619.660401908] [navNode]: 状态4：WaitAim--[A6]
[INFO] [1775394619.661556364] [navNode]: 未到目标点
目标位置:(0.0, 0.0, 0.1)-[A6]-[MCU:False]-[POS:False]
当前位置:(-0.0012376965023577213, -0.0009911583038046956, -0.0017621557926759124)
[INFO] [1775394619.760767005] [navNode]: 状态4：WaitAim--[A6]
[INFO] [1775394619.761188769] [navNode]: 未到目标点
目标位置:(0.0, 0.0, 0.1)-[A6]-[MCU:False]-[POS:False]
当前位置:(-0.0012376965023577213, -0.0009911583038046956, -0.0017621557926759124)
[INFO] [1775394619.860548719] [navNode]: 状态4：WaitAim--[A6]
[INFO] [1775394619.860924832] [navNode]: 未到目标点
目标位置:(0.0, 0.0, 0.1)-[A6]-[MCU:False]-[POS:False]
当前位置:(-0.0012376965023577213, -0.0009911583038046956, -0.0017621557926759124)
[INFO] [1775394619.962320996] [navNode]: 状态4：WaitAim--[A6]
[INFO] [1775394619.963105467] [navNode]: 未到目标点
目标位置:(0.0, 0.0, 0.1)-[A6]-[MCU:False]-[POS:False]
当前位置:(-0.0012376965023577213, -0.0009911583038046956, -0.0017621557926759124)
[INFO] [1775394620.061425217] [navNode]: 状态4：WaitAim--[A6]
[INFO] [1775394620.061804196] [navNode]: 未到目标点
目标位置:(0.0, 0.0, 0.1)-[A6]-[MCU:False]-[POS:False]
当前位置:(-0.0012376965023577213, -0.0009911583038046956, -0.0017621557926759124)
[INFO] [1775394620.160665175] [navNode]: 状态4：WaitAim--[A6]
[INFO] [1775394620.161080440] [navNode]: 未到目标点
目标位置:(0.0, 0.0, 0.1)-[A6]-[MCU:False]-[POS:False]
当前位置:(-0.0012376965023577213, -0.0009911583038046956, -0.0017621557926759124)
[INFO] [1775394620.260634690] [navNode]: 状态4：WaitAim--[A6]
[INFO] [1775394620.261006622] [navNode]: 未到目标点
目标位置:(0.0, 0.0, 0.1)-[A6]-[MCU:False]-[POS:False]
当前位置:(-0.0012376965023577213, -0.0009911583038046956, -0.0017621557926759124)
[INFO] [1775394620.360572684] [navNode]: 状态4：WaitAim--[A6]
[INFO] [1775394620.360925802] [navNode]: 未到目标点
目标位置:(0.0, 0.0, 0.1)-[A6]-[MCU:False]-[POS:False]
当前位置:(-0.0012376965023577213, -0.0009911583038046956, -0.0017621557926759124)
[INFO] [1775394620.460640101] [navNode]: 状态4：WaitAim--[A6]
[INFO] [1775394620.461064999] [navNode]: 未到目标点
目标位置:(0.0, 0.0, 0.1)-[A6]-[MCU:False]-[POS:False]
当前位置:(-0.0012376965023577213, -0.0009911583038046956, -0.0017621557926759124)
[INFO] [1775394620.560715781] [navNode]: 状态4：WaitAim--[A6]
[INFO] [1775394620.561082441] [navNode]: 未到目标点
目标位置:(0.0, 0.0, 0.1)-[A6]-[MCU:False]-[POS:False]
当前位置:(-0.0012376965023577213, -0.0009911583038046956, -0.0017621557926759124)
[INFO] [1775394620.660660867] [navNode]: 状态4：WaitAim--[A6]
[INFO] [1775394620.661075806] [navNode]: 未到目标点
目标位置:(0.0, 0.0, 0.1)-[A6]-[MCU:False]-[POS:False]
当前位置:(-0.0012376965023577213, -0.0009911583038046956, -0.0017621557926759124)
[INFO] [1775394620.762844362] [navNode]: 状态4：WaitAim--[A6]
[INFO] [1775394620.763838384] [navNode]: 未到目标点
目标位置:(0.0, 0.0, 0.1)-[A6]-[MCU:False]-[POS:False]
当前位置:(-0.0012376965023577213, -0.0009911583038046956, -0.0017621557926759124)
[INFO] [1775394620.860866441] [navNode]: 状态4：WaitAim--[A6]
[INFO] [1775394620.861255367] [navNode]: 未到目标点
目标位置:(0.0, 0.0, 0.1)-[A6]-[MCU:False]-[POS:False]
当前位置:(-0.0012376965023577213, -0.0009911583038046956, -0.0017621557926759124)
[INFO] [1775394620.961508590] [navNode]: 状态4：WaitAim--[A6]
[INFO] [1775394620.961908093] [navNode]: 未到目标点
目标位置:(0.0, 0.0, 0.1)-[A6]-[MCU:False]-[POS:False]
当前位置:(-0.0012376965023577213, -0.0009911583038046956, -0.0017621557926759124)
[INFO] [1775394621.060567126] [navNode]: 状态4：WaitAim--[A6]
[INFO] [1775394621.060948164] [navNode]: 未到目标点
目标位置:(0.0, 0.0, 0.1)-[A6]-[MCU:False]-[POS:False]
当前位置:(-0.0012376965023577213, -0.0009911583038046956, -0.0017621557926759124)
[INFO] [1775394621.161645667] [navNode]: 状态4：WaitAim--[A6]
[INFO] [1775394621.162240555] [navNode]: 未到目标点
目标位置:(0.0, 0.0, 0.1)-[A6]-[MCU:False]-[POS:False]
当前位置:(-0.0012376965023577213, -0.0009911583038046956, -0.0017621557926759124)
[INFO] [1775394621.260895624] [navNode]: 状态4：WaitAim--[A6]
[INFO] [1775394621.261335003] [navNode]: 未到目标点
目标位置:(0.0, 0.0, 0.1)-[A6]-[MCU:False]-[POS:False]
当前位置:(-0.0012376965023577213, -0.0009911583038046956, -0.0017621557926759124)
[INFO] [1775394621.360928594] [navNode]: 状态4：WaitAim--[A6]
[INFO] [1775394621.361312858] [navNode]: 未到目标点
目标位置:(0.0, 0.0, 0.1)-[A6]-[MCU:False]-[POS:False]
当前位置:(-0.0012376965023577213, -0.0009911583038046956, -0.0017621557926759124)
[INFO] [1775394621.460955261] [navNode]: 状态4：WaitAim--[A6]
[INFO] [1775394621.461454989] [navNode]: 未到目标点
目标位置:(0.0, 0.0, 0.1)-[A6]-[MCU:False]-[POS:False]
当前位置:(-0.0012376965023577213, -0.0009911583038046956, -0.0017621557926759124)
[INFO] [1775394621.561506661] [navNode]: 状态4：WaitAim--[A6]
[INFO] [1775394621.562147261] [navNode]: 未到目标点
目标位置:(0.0, 0.0, 0.1)-[A6]-[MCU:False]-[POS:False]
当前位置:(-0.0012376965023577213, -0.0009911583038046956, -0.0017621557926759124)
[INFO] [1775394621.661055541] [navNode]: 状态4：WaitAim--[A6]
[INFO] [1775394621.661686704] [navNode]: 未到目标点
目标位置:(0.0, 0.0, 0.1)-[A6]-[MCU:False]-[POS:False]
当前位置:(-0.0012376965023577213, -0.0009911583038046956, -0.0017621557926759124)
[INFO] [1775394621.760728833] [navNode]: 状态4：WaitAim--[A6]
[INFO] [1775394621.761207275] [navNode]: 未到目标点
目标位置:(0.0, 0.0, 0.1)-[A6]-[MCU:False]-[POS:False]
当前位置:(-0.0012376965023577213, -0.0009911583038046956, -0.0017621557926759124)
[INFO] [1775394621.861108586] [navNode]: 状态4：WaitAim--[A6]
[INFO] [1775394621.861504647] [navNode]: 未到目标点
目标位置:(0.0, 0.0, 0.1)-[A6]-[MCU:False]-[POS:False]
当前位置:(-0.0012376965023577213, -0.0009911583038046956, -0.0017621557926759124)
[INFO] [1775394621.960680609] [navNode]: 状态4：WaitAim--[A6]
[INFO] [1775394621.961071493] [navNode]: 未到目标点
目标位置:(0.0, 0.0, 0.1)-[A6]-[MCU:False]-[POS:False]
当前位置:(-0.0012376965023577213, -0.0009911583038046956, -0.0017621557926759124)
[INFO] [1775394622.060616454] [navNode]: 状态4：WaitAim--[A6]
[INFO] [1775394622.060975238] [navNode]: 未到目标点
目标位置:(0.0, 0.0, 0.1)-[A6]-[MCU:False]-[POS:False]
当前位置:(-0.0012376965023577213, -0.0009911583038046956, -0.0017621557926759124)
[INFO] [1775394622.160499001] [navNode]: 状态4：WaitAim--[A6]
[INFO] [1775394622.160912765] [navNode]: 未到目标点
目标位置:(0.0, 0.0, 0.1)-[A6]-[MCU:False]-[POS:False]
当前位置:(-0.0012376965023577213, -0.0009911583038046956, -0.0017621557926759124)
[INFO] [1775394622.260803472] [navNode]: 状态4：WaitAim--[A6]
[INFO] [1775394622.261170398] [navNode]: 未到目标点
目标位置:(0.0, 0.0, 0.1)-[A6]-[MCU:False]-[POS:False]
当前位置:(-0.0012376965023577213, -0.0009911583038046956, -0.0017621557926759124)
[INFO] [1775394622.361108354] [navNode]: 状态4：WaitAim--[A6]
[INFO] [1775394622.361545998] [navNode]: 未到目标点
目标位置:(0.0, 0.0, 0.1)-[A6]-[MCU:False]-[POS:False]
当前位置:(-0.0012376965023577213, -0.0009911583038046956, -0.0017621557926759124)
[INFO] [1775394622.460883051] [navNode]: 状态4：WaitAim--[A6]
[INFO] [1775394622.461415609] [navNode]: 未到目标点
目标位置:(0.0, 0.0, 0.1)-[A6]-[MCU:False]-[POS:False]
当前位置:(-0.0012376965023577213, -0.0009911583038046956, -0.0017621557926759124)
[INFO] [1775394622.560665001] [navNode]: 状态4：WaitAim--[A6]
[INFO] [1775394622.561150450] [navNode]: 未到目标点
目标位置:(0.0, 0.0, 0.1)-[A6]-[MCU:False]-[POS:False]
当前位置:(-0.0012376965023577213, -0.0009911583038046956, -0.0017621557926759124)
[INFO] [1775394622.660698977] [navNode]: 状态4：WaitAim--[A6]
[INFO] [1775394622.661180305] [navNode]: 未到目标点
目标位置:(0.0, 0.0, 0.1)-[A6]-[MCU:False]-[POS:False]
当前位置:(-0.0012376965023577213, -0.0009911583038046956, -0.0017621557926759124)
[INFO] [1775394622.760882384] [navNode]: 状态4：WaitAim--[A6]
[INFO] [1775394622.761401558] [navNode]: 未到目标点
目标位置:(0.0, 0.0, 0.1)-[A6]-[MCU:False]-[POS:False]
当前位置:(-0.0012376965023577213, -0.0009911583038046956, -0.0017621557926759124)
[INFO] [1775394622.861344099] [navNode]: 状态4：WaitAim--[A6]
[INFO] [1775394622.861848668] [navNode]: 未到目标点
目标位置:(0.0, 0.0, 0.1)-[A6]-[MCU:False]-[POS:False]
当前位置:(-0.0012376965023577213, -0.0009911583038046956, -0.0017621557926759124)
[INFO] [1775394622.961047662] [navNode]: 状态4：WaitAim--[A6]
[INFO] [1775394622.961676954] [navNode]: 未到目标点
目标位置:(0.0, 0.0, 0.1)-[A6]-[MCU:False]-[POS:False]
当前位置:(-0.0012376965023577213, -0.0009911583038046956, -0.0017621557926759124)
[INFO] [1775394623.061455905] [navNode]: 状态4：WaitAim--[A6]
[INFO] [1775394623.061914687] [navNode]: 未到目标点
目标位置:(0.0, 0.0, 0.1)-[A6]-[MCU:False]-[POS:False]
当前位置:(-0.0012376965023577213, -0.0009911583038046956, -0.0017621557926759124)
[INFO] [1775394623.160748012] [navNode]: 状态4：WaitAim--[A6]
[INFO] [1775394623.161278163] [navNode]: 未到目标点
目标位置:(0.0, 0.0, 0.1)-[A6]-[MCU:False]-[POS:False]
当前位置:(-0.0012376965023577213, -0.0009911583038046956, -0.0017621557926759124)
[INFO] [1775394623.260990125] [navNode]: 状态4：WaitAim--[A6]
[INFO] [1775394623.261380989] [navNode]: 未到目标点
目标位置:(0.0, 0.0, 0.1)-[A6]-[MCU:False]-[POS:False]
当前位置:(-0.0012376965023577213, -0.0009911583038046956, -0.0017621557926759124)
[INFO] [1775394623.360627477] [navNode]: 状态4：WaitAim--[A6]
[INFO] [1775394623.361015583] [navNode]: 未到目标点
目标位置:(0.0, 0.0, 0.1)-[A6]-[MCU:False]-[POS:False]
当前位置:(-0.0012376965023577213, -0.0009911583038046956, -0.0017621557926759124)
[INFO] [1775394623.462570258] [navNode]: 状态4：WaitAim--[A6]
[INFO] [1775394623.463682260] [navNode]: 未到目标点
目标位置:(0.0, 0.0, 0.1)-[A6]-[MCU:False]-[POS:False]
当前位置:(-0.0012376965023577213, -0.0009911583038046956, -0.0017621557926759124)
[INFO] [1775394623.561659546] [navNode]: 状态4：WaitAim--[A6]
[INFO] [1775394623.562204050] [navNode]: 未到目标点
目标位置:(0.0, 0.0, 0.1)-[A6]-[MCU:False]-[POS:False]
当前位置:(-0.0012376965023577213, -0.0009911583038046956, -0.0017621557926759124)
[INFO] [1775394623.661715686] [navNode]: 状态4：WaitAim--[A6]
[INFO] [1775394623.662173971] [navNode]: 未到目标点
目标位置:(0.0, 0.0, 0.1)-[A6]-[MCU:False]-[POS:False]
当前位置:(-0.0012376965023577213, -0.0009911583038046956, -0.0017621557926759124)
[INFO] [1775394623.761292481] [navNode]: 状态4：WaitAim--[A6]
[INFO] [1775394623.761745460] [navNode]: 未到目标点
目标位置:(0.0, 0.0, 0.1)-[A6]-[MCU:False]-[POS:False]
当前位置:(-0.0012376965023577213, -0.0009911583038046956, -0.0017621557926759124)
[INFO] [1775394623.860750491] [navNode]: 状态4：WaitAim--[A6]
[INFO] [1775394623.861199042] [navNode]: 未到目标点
目标位置:(0.0, 0.0, 0.1)-[A6]-[MCU:False]-[POS:False]
当前位置:(-0.0012376965023577213, -0.0009911583038046956, -0.0017621557926759124)
[INFO] [1775394623.960734344] [navNode]: 状态4：WaitAim--[A6]
[INFO] [1775394623.961114459] [navNode]: 未到目标点
目标位置:(0.0, 0.0, 0.1)-[A6]-[MCU:False]-[POS:False]
当前位置:(-0.0012376965023577213, -0.0009911583038046956, -0.0017621557926759124)
[INFO] [1775394624.060940121] [navNode]: 状态4：WaitAim--[A6]
[INFO] [1775394624.061345074] [navNode]: 未到目标点
目标位置:(0.0, 0.0, 0.1)-[A6]-[MCU:False]-[POS:False]
当前位置:(-0.0012376965023577213, -0.0009911583038046956, -0.0017621557926759124)
[INFO] [1775394624.161181902] [navNode]: 状态4：WaitAim--[A6]
[INFO] [1775394624.161675884] [navNode]: 未到目标点
目标位置:(0.0, 0.0, 0.1)-[A6]-[MCU:False]-[POS:False]
当前位置:(-0.0012376965023577213, -0.0009911583038046956, -0.0017621557926759124)
[INFO] [1775394624.260845470] [navNode]: 状态4：WaitAim--[A6]
[INFO] [1775394624.261265971] [navNode]: 未到目标点
目标位置:(0.0, 0.0, 0.1)-[A6]-[MCU:False]-[POS:False]
当前位置:(-0.0012376965023577213, -0.0009911583038046956, -0.0017621557926759124)
[INFO] [1775394624.360758282] [navNode]: 状态4：WaitAim--[A6]
[INFO] [1775394624.361172864] [navNode]: 未到目标点
目标位置:(0.0, 0.0, 0.1)-[A6]-[MCU:False]-[POS:False]
当前位置:(-0.0012376965023577213, -0.0009911583038046956, -0.0017621557926759124)
[INFO] [1775394624.460650870] [navNode]: 状态4：WaitAim--[A6]
[INFO] [1775394624.461025931] [navNode]: 未到目标点
目标位置:(0.0, 0.0, 0.1)-[A6]-[MCU:False]-[POS:False]
当前位置:(-0.0012376965023577213, -0.0009911583038046956, -0.0017621557926759124)
[INFO] [1775394624.561011875] [navNode]: 状态4：WaitAim--[A6]
[INFO] [1775394624.561410989] [navNode]: 未到目标点
目标位置:(0.0, 0.0, 0.1)-[A6]-[MCU:False]-[POS:False]
当前位置:(-0.0012376965023577213, -0.0009911583038046956, -0.0017621557926759124)
[INFO] [1775394624.660534807] [navNode]: 状态4：WaitAim--[A6]
[INFO] [1775394624.661110275] [navNode]: 未到目标点
目标位置:(0.0, 0.0, 0.1)-[A6]-[MCU:False]-[POS:False]
当前位置:(-0.0012376965023577213, -0.0009911583038046956, -0.0017621557926759124)
[INFO] [1775394624.760496469] [navNode]: 状态4：WaitAim--[A6]
[INFO] [1775394624.760885955] [navNode]: 未到目标点
目标位置:(0.0, 0.0, 0.1)-[A6]-[MCU:False]-[POS:False]
当前位置:(-0.0012376965023577213, -0.0009911583038046956, -0.0017621557926759124)
[INFO] [1775394624.860711131] [navNode]: 状态4：WaitAim--[A6]
[INFO] [1775394624.861137272] [navNode]: 未到目标点
目标位置:(0.0, 0.0, 0.1)-[A6]-[MCU:False]-[POS:False]
当前位置:(-0.0012376965023577213, -0.0009911583038046956, -0.0017621557926759124)
[INFO] [1775394624.960560445] [navNode]: 状态4：WaitAim--[A6]
[INFO] [1775394624.961009586] [navNode]: 未到目标点
目标位置:(0.0, 0.0, 0.1)-[A6]-[MCU:False]-[POS:False]
当前位置:(-0.0012376965023577213, -0.0009911583038046956, -0.0017621557926759124)
[INFO] [1775394625.060545702] [navNode]: 状态4：WaitAim--[A6]
[INFO] [1775394625.060989975] [navNode]: 未到目标点
目标位置:(0.0, 0.0, 0.1)-[A6]-[MCU:False]-[POS:False]
当前位置:(-0.0012376965023577213, -0.0009911583038046956, -0.0017621557926759124)
[INFO] [1775394625.161708282] [navNode]: 状态4：WaitAim--[A6]
[INFO] [1775394625.162334281] [navNode]: 未到目标点
目标位置:(0.0, 0.0, 0.1)-[A6]-[MCU:False]-[POS:False]
当前位置:(-0.0012376965023577213, -0.0009911583038046956, -0.0017621557926759124)
[INFO] [1775394625.260617067] [navNode]: 状态4：WaitAim--[A6]
[INFO] [1775394625.261087512] [navNode]: 未到目标点
目标位置:(0.0, 0.0, 0.1)-[A6]-[MCU:False]-[POS:False]
当前位置:(-0.0012376965023577213, -0.0009911583038046956, -0.0017621557926759124)
[INFO] [1775394625.361345158] [navNode]: 状态4：WaitAim--[A6]
[INFO] [1775394625.361838771] [navNode]: 未到目标点
目标位置:(0.0, 0.0, 0.1)-[A6]-[MCU:False]-[POS:False]
当前位置:(-0.0012376965023577213, -0.0009911583038046956, -0.0017621557926759124)
[INFO] [1775394625.461141781] [navNode]: 状态4：WaitAim--[A6]
[INFO] [1775394625.461669433] [navNode]: 未到目标点
目标位置:(0.0, 0.0, 0.1)-[A6]-[MCU:False]-[POS:False]
当前位置:(-0.0012376965023577213, -0.0009911583038046956, -0.0017621557926759124)
[INFO] [1775394625.560725071] [navNode]: 状态4：WaitAim--[A6]
[INFO] [1775394625.561177858] [navNode]: 未到目标点
目标位置:(0.0, 0.0, 0.1)-[A6]-[MCU:False]-[POS:False]
当前位置:(-0.0012376965023577213, -0.0009911583038046956, -0.0017621557926759124)
[INFO] [1775394625.660882556] [navNode]: 状态4：WaitAim--[A6]
[INFO] [1775394625.661307242] [navNode]: 未到目标点
目标位置:(0.0, 0.0, 0.1)-[A6]-[MCU:False]-[POS:False]
当前位置:(-0.0012376965023577213, -0.0009911583038046956, -0.0017621557926759124)
[INFO] [1775394625.760846425] [navNode]: 状态4：WaitAim--[A6]
[INFO] [1775394625.761254331] [navNode]: 未到目标点
目标位置:(0.0, 0.0, 0.1)-[A6]-[MCU:False]-[POS:False]
当前位置:(-0.0012376965023577213, -0.0009911583038046956, -0.0017621557926759124)
[INFO] [1775394625.861387595] [navNode]: 状态4：WaitAim--[A6]
[INFO] [1775394625.861907590] [navNode]: 未到目标点
目标位置:(0.0, 0.0, 0.1)-[A6]-[MCU:False]-[POS:False]
当前位置:(-0.0012376965023577213, -0.0009911583038046956, -0.0017621557926759124)
[INFO] [1775394625.961554611] [navNode]: 状态4：WaitAim--[A6]
[INFO] [1775394625.962040707] [navNode]: 未到目标点
目标位置:(0.0, 0.0, 0.1)-[A6]-[MCU:False]-[POS:False]
当前位置:(-0.0012376965023577213, -0.0009911583038046956, -0.0017621557926759124)
[INFO] [1775394626.061482501] [navNode]: 状态4：WaitAim--[A6]
[INFO] [1775394626.062197927] [navNode]: 未到目标点
目标位置:(0.0, 0.0, 0.1)-[A6]-[MCU:False]-[POS:False]
当前位置:(-0.0012376965023577213, -0.0009911583038046956, -0.0017621557926759124)
[INFO] [1775394626.161010255] [navNode]: 状态4：WaitAim--[A6]
[INFO] [1775394626.161456094] [navNode]: 未到目标点
目标位置:(0.0, 0.0, 0.1)-[A6]-[MCU:False]-[POS:False]
当前位置:(-0.0012376965023577213, -0.0009911583038046956, -0.0017621557926759124)
[INFO] [1775394626.260795552] [navNode]: 状态4：WaitAim--[A6]
[INFO] [1775394626.261272487] [navNode]: 未到目标点
目标位置:(0.0, 0.0, 0.1)-[A6]-[MCU:False]-[POS:False]
当前位置:(-0.0012376965023577213, -0.0009911583038046956, -0.0017621557926759124)
[INFO] [1775394626.360795908] [navNode]: 状态4：WaitAim--[A6]
[INFO] [1775394626.361234589] [navNode]: 未到目标点
目标位置:(0.0, 0.0, 0.1)-[A6]-[MCU:False]-[POS:False]
当前位置:(-0.0012376965023577213, -0.0009911583038046956, -0.0017621557926759124)
[INFO] [1775394626.460727267] [navNode]: 状态4：WaitAim--[A6]
[INFO] [1775394626.461156841] [navNode]: 未到目标点
目标位置:(0.0, 0.0, 0.1)-[A6]-[MCU:False]-[POS:False]
当前位置:(-0.0012376965023577213, -0.0009911583038046956, -0.0017621557926759124)
[INFO] [1775394626.561178559] [navNode]: 状态4：WaitAim--[A6]
[INFO] [1775394626.561790160] [navNode]: 未到目标点
目标位置:(0.0, 0.0, 0.1)-[A6]-[MCU:False]-[POS:False]
当前位置:(-0.0012376965023577213, -0.0009911583038046956, -0.0017621557926759124)
[INFO] [1775394626.661013339] [navNode]: 状态4：WaitAim--[A6]
[INFO] [1775394626.661527925] [navNode]: 未到目标点
目标位置:(0.0, 0.0, 0.1)-[A6]-[MCU:False]-[POS:False]
当前位置:(-0.0012376965023577213, -0.0009911583038046956, -0.0017621557926759124)
[INFO] [1775394626.760985902] [navNode]: 状态4：WaitAim--[A6]
[INFO] [1775394626.761484081] [navNode]: 未到目标点
目标位置:(0.0, 0.0, 0.1)-[A6]-[MCU:False]-[POS:False]
当前位置:(-0.0012376965023577213, -0.0009911583038046956, -0.0017621557926759124)
[INFO] [1775394626.861484909] [navNode]: 状态4：WaitAim--[A6]
[INFO] [1775394626.861967623] [navNode]: 未到目标点
目标位置:(0.0, 0.0, 0.1)-[A6]-[MCU:False]-[POS:False]
当前位置:(-0.0012376965023577213, -0.0009911583038046956, -0.0017621557926759124)
[INFO] [1775394626.960871045] [navNode]: 状态4：WaitAim--[A6]
[INFO] [1775394626.961329694] [navNode]: 未到目标点
目标位置:(0.0, 0.0, 0.1)-[A6]-[MCU:False]-[POS:False]
当前位置:(-0.0012376965023577213, -0.0009911583038046956, -0.0017621557926759124)
[INFO] [1775394627.060674103] [navNode]: 状态4：WaitAim--[A6]
[INFO] [1775394627.061126626] [navNode]: 未到目标点
目标位置:(0.0, 0.0, 0.1)-[A6]-[MCU:False]-[POS:False]
当前位置:(-0.0012376965023577213, -0.0009911583038046956, -0.0017621557926759124)
[INFO] [1775394627.160877279] [navNode]: 状态4：WaitAim--[A6]
[INFO] [1775394627.161409339] [navNode]: 未到目标点
目标位置:(0.0, 0.0, 0.1)-[A6]-[MCU:False]-[POS:False]
当前位置:(-0.0012376965023577213, -0.0009911583038046956, -0.0017621557926759124)
[INFO] [1775394627.260741480] [navNode]: 状态4：WaitAim--[A6]
[INFO] [1775394627.261236847] [navNode]: 未到目标点
目标位置:(0.0, 0.0, 0.1)-[A6]-[MCU:False]-[POS:False]
当前位置:(-0.0012376965023577213, -0.0009911583038046956, -0.0017621557926759124)
[INFO] [1775394627.360735984] [navNode]: 状态4：WaitAim--[A6]
[INFO] [1775394627.361160867] [navNode]: 未到目标点
目标位置:(0.0, 0.0, 0.1)-[A6]-[MCU:False]-[POS:False]
当前位置:(-0.0012376965023577213, -0.0009911583038046956, -0.0017621557926759124)
[INFO] [1775394627.460809938] [navNode]: 状态4：WaitAim--[A6]
[INFO] [1775394627.461916602] [navNode]: 未到目标点
目标位置:(0.0, 0.0, 0.1)-[A6]-[MCU:False]-[POS:False]
当前位置:(-0.0012376965023577213, -0.0009911583038046956, -0.0017621557926759124)
[INFO] [1775394627.570833626] [navNode]: 状态4：WaitAim--[A6]
[INFO] [1775394627.571996251] [navNode]: 未到目标点
目标位置:(0.0, 0.0, 0.1)-[A6]-[MCU:False]-[POS:False]
当前位置:(-0.0012376965023577213, -0.0009911583038046956, -0.0017621557926759124)
[INFO] [1775394627.662339641] [navNode]: 状态4：WaitAim--[A6]
[INFO] [1775394627.663653072] [navNode]: 未到目标点
目标位置:(0.0, 0.0, 0.1)-[A6]-[MCU:False]-[POS:False]
当前位置:(-0.0012376965023577213, -0.0009911583038046956, -0.0017621557926759124)
[INFO] [1775394627.762007366] [navNode]: 状态4：WaitAim--[A6]
[INFO] [1775394627.763249099] [navNode]: 未到目标点
目标位置:(0.0, 0.0, 0.1)-[A6]-[MCU:False]-[POS:False]
当前位置:(-0.0012376965023577213, -0.0009911583038046956, -0.0017621557926759124)
[INFO] [1775394627.861758819] [navNode]: 状态4：WaitAim--[A6]
[INFO] [1775394627.862652843] [navNode]: 未到目标点
目标位置:(0.0, 0.0, 0.1)-[A6]-[MCU:False]-[POS:False]
当前位置:(-0.0012376965023577213, -0.0009911583038046956, -0.0017621557926759124)
[INFO] [1775394627.961702268] [navNode]: 状态4：WaitAim--[A6]
[INFO] [1775394627.962571010] [navNode]: 未到目标点
目标位置:(0.0, 0.0, 0.1)-[A6]-[MCU:False]-[POS:False]
当前位置:(-0.0012376965023577213, -0.0009911583038046956, -0.0017621557926759124)
[INFO] [1775394628.061588380] [navNode]: 状态4：WaitAim--[A6]
[INFO] [1775394628.062520630] [navNode]: 未到目标点
目标位置:(0.0, 0.0, 0.1)-[A6]-[MCU:False]-[POS:False]
当前位置:(-0.0012376965023577213, -0.0009911583038046956, -0.0017621557926759124)
[INFO] [1775394628.161720973] [navNode]: 状态4：WaitAim--[A6]
[INFO] [1775394628.162697145] [navNode]: 未到目标点
目标位置:(0.0, 0.0, 0.1)-[A6]-[MCU:False]-[POS:False]
当前位置:(-0.0012376965023577213, -0.0009911583038046956, -0.0017621557926759124)
[INFO] [1775394628.261445204] [navNode]: 状态4：WaitAim--[A6]
[INFO] [1775394628.262285543] [navNode]: 未到目标点
目标位置:(0.0, 0.0, 0.1)-[A6]-[MCU:False]-[POS:False]
当前位置:(-0.0012376965023577213, -0.0009911583038046956, -0.0017621557926759124)
[INFO] [1775394628.361256344] [navNode]: 状态4：WaitAim--[A6]
[INFO] [1775394628.361855448] [navNode]: 未到目标点
目标位置:(0.0, 0.0, 0.1)-[A6]-[MCU:False]-[POS:False]
当前位置:(-0.0012376965023577213, -0.0009911583038046956, -0.0017621557926759124)
[INFO] [1775394628.462795127] [navNode]: 状态4：WaitAim--[A6]
[INFO] [1775394628.463897726] [navNode]: 未到目标点
目标位置:(0.0, 0.0, 0.1)-[A6]-[MCU:False]-[POS:False]
当前位置:(-0.0012376965023577213, -0.0009911583038046956, -0.0017621557926759124)
[INFO] [1775394628.561159256] [navNode]: 状态4：WaitAim--[A6]
[INFO] [1775394628.561637588] [navNode]: 未到目标点
目标位置:(0.0, 0.0, 0.1)-[A6]-[MCU:False]-[POS:False]
当前位置:(-0.0012376965023577213, -0.0009911583038046956, -0.0017621557926759124)
[INFO] [1775394628.661265835] [navNode]: 状态4：WaitAim--[A6]
[INFO] [1775394628.661705129] [navNode]: 未到目标点
目标位置:(0.0, 0.0, 0.1)-[A6]-[MCU:False]-[POS:False]
当前位置:(-0.0012376965023577213, -0.0009911583038046956, -0.0017621557926759124)
[INFO] [1775394628.760923839] [navNode]: 状态4：WaitAim--[A6]
[INFO] [1775394628.761338517] [navNode]: 未到目标点
目标位置:(0.0, 0.0, 0.1)-[A6]-[MCU:False]-[POS:False]
当前位置:(-0.0012376965023577213, -0.0009911583038046956, -0.0017621557926759124)
[INFO] [1775394628.860855522] [navNode]: 状态4：WaitAim--[A6]
[INFO] [1775394628.861350137] [navNode]: 未到目标点
目标位置:(0.0, 0.0, 0.1)-[A6]-[MCU:False]-[POS:False]
当前位置:(-0.0012376965023577213, -0.0009911583038046956, -0.0017621557926759124)
[INFO] [1775394628.960624419] [navNode]: 状态4：WaitAim--[A6]
[INFO] [1775394628.961015784] [navNode]: 未到目标点
目标位置:(0.0, 0.0, 0.1)-[A6]-[MCU:False]-[POS:False]
当前位置:(-0.0012376965023577213, -0.0009911583038046956, -0.0017621557926759124)
[INFO] [1775394629.060558514] [navNode]: 状态4：WaitAim--[A6]
[INFO] [1775394629.060991186] [navNode]: 未到目标点
目标位置:(0.0, 0.0, 0.1)-[A6]-[MCU:False]-[POS:False]
当前位置:(-0.0012376965023577213, -0.0009911583038046956, -0.0017621557926759124)
[INFO] [1775394629.160854684] [navNode]: 状态4：WaitAim--[A6]
[INFO] [1775394629.161262770] [navNode]: 未到目标点
目标位置:(0.0, 0.0, 0.1)-[A6]-[MCU:False]-[POS:False]
当前位置:(-0.0012376965023577213, -0.0009911583038046956, -0.0017621557926759124)
[INFO] [1775394629.262983511] [navNode]: 状态4：WaitAim--[A6]
[INFO] [1775394629.264112450] [navNode]: 未到目标点
目标位置:(0.0, 0.0, 0.1)-[A6]-[MCU:False]-[POS:False]
当前位置:(-0.0012376965023577213, -0.0009911583038046956, -0.0017621557926759124)
[INFO] [1775394629.360999881] [navNode]: 状态4：WaitAim--[A6]
[INFO] [1775394629.361391292] [navNode]: 未到目标点
目标位置:(0.0, 0.0, 0.1)-[A6]-[MCU:False]-[POS:False]
当前位置:(-0.0012376965023577213, -0.0009911583038046956, -0.0017621557926759124)
[INFO] [1775394629.461471316] [navNode]: 状态4：WaitAim--[A6]
[INFO] [1775394629.462173274] [navNode]: 未到目标点
目标位置:(0.0, 0.0, 0.1)-[A6]-[MCU:False]-[POS:False]
当前位置:(-0.0012376965023577213, -0.0009911583038046956, -0.0017621557926759124)
[INFO] [1775394629.562900012] [navNode]: 状态4：WaitAim--[A6]
[INFO] [1775394629.563858063] [navNode]: 未到目标点
目标位置:(0.0, 0.0, 0.1)-[A6]-[MCU:False]-[POS:False]
当前位置:(-0.0012376965023577213, -0.0009911583038046956, -0.0017621557926759124)
[INFO] [1775394629.660546706] [navNode]: 状态4：WaitAim--[A6]
[INFO] [1775394629.661038246] [navNode]: 未到目标点
目标位置:(0.0, 0.0, 0.1)-[A6]-[MCU:False]-[POS:False]
当前位置:(-0.0012376965023577213, -0.0009911583038046956, -0.0017621557926759124)
[INFO] [1775394629.760599048] [navNode]: 状态4：WaitAim--[A6]
[INFO] [1775394629.761032990] [navNode]: 未到目标点
目标位置:(0.0, 0.0, 0.1)-[A6]-[MCU:False]-[POS:False]
当前位置:(-0.0012376965023577213, -0.0009911583038046956, -0.0017621557926759124)
[INFO] [1775394629.860953669] [navNode]: 状态4：WaitAim--[A6]
[INFO] [1775394629.861394878] [navNode]: 未到目标点
目标位置:(0.0, 0.0, 0.1)-[A6]-[MCU:False]-[POS:False]
当前位置:(-0.0012376965023577213, -0.0009911583038046956, -0.0017621557926759124)
[INFO] [1775394629.960752393] [navNode]: 状态4：WaitAim--[A6]
[INFO] [1775394629.961173417] [navNode]: 未到目标点
目标位置:(0.0, 0.0, 0.1)-[A6]-[MCU:False]-[POS:False]
当前位置:(-0.0012376965023577213, -0.0009911583038046956, -0.0017621557926759124)
[INFO] [1775394630.060765802] [navNode]: 状态4：WaitAim--[A6]
[INFO] [1775394630.061149917] [navNode]: 未到目标点
目标位置:(0.0, 0.0, 0.1)-[A6]-[MCU:False]-[POS:False]
当前位置:(-0.0012376965023577213, -0.0009911583038046956, -0.0017621557926759124)
[INFO] [1775394630.162219150] [navNode]: 状态4：WaitAim--[A6]
[INFO] [1775394630.162804817] [navNode]: 未到目标点
目标位置:(0.0, 0.0, 0.1)-[A6]-[MCU:False]-[POS:False]
当前位置:(-0.0012376965023577213, -0.0009911583038046956, -0.0017621557926759124)
[INFO] [1775394630.260816220] [navNode]: 状态4：WaitAim--[A6]
[INFO] [1775394630.261199604] [navNode]: 未到目标点
目标位置:(0.0, 0.0, 0.1)-[A6]-[MCU:False]-[POS:False]
当前位置:(-0.0012376965023577213, -0.0009911583038046956, -0.0017621557926759124)
[INFO] [1775394630.360585472] [navNode]: 状态4：WaitAim--[A6]
[INFO] [1775394630.360950726] [navNode]: 未到目标点
目标位置:(0.0, 0.0, 0.1)-[A6]-[MCU:False]-[POS:False]
当前位置:(-0.0012376965023577213, -0.0009911583038046956, -0.0017621557926759124)
[INFO] [1775394630.460870787] [navNode]: 状态4：WaitAim--[A6]
[INFO] [1775394630.461240663] [navNode]: 未到目标点
目标位置:(0.0, 0.0, 0.1)-[A6]-[MCU:False]-[POS:False]
当前位置:(-0.0012376965023577213, -0.0009911583038046956, -0.0017621557926759124)
[INFO] [1775394630.561038592] [navNode]: 状态4：WaitAim--[A6]
[INFO] [1775394630.561412611] [navNode]: 未到目标点
目标位置:(0.0, 0.0, 0.1)-[A6]-[MCU:False]-[POS:False]
当前位置:(-0.0012376965023577213, -0.0009911583038046956, -0.0017621557926759124)
[INFO] [1775394630.662620572] [navNode]: 状态4：WaitAim--[A6]
[INFO] [1775394630.663474369] [navNode]: 未到目标点
目标位置:(0.0, 0.0, 0.1)-[A6]-[MCU:False]-[POS:False]
当前位置:(-0.0012376965023577213, -0.0009911583038046956, -0.0017621557926759124)
[INFO] [1775394630.761318237] [navNode]: 状态4：WaitAim--[A6]
[INFO] [1775394630.761745747] [navNode]: 未到目标点
目标位置:(0.0, 0.0, 0.1)-[A6]-[MCU:False]-[POS:False]
当前位置:(-0.0012376965023577213, -0.0009911583038046956, -0.0017621557926759124)
[INFO] [1775394630.860858568] [navNode]: 状态4：WaitAim--[A6]
[INFO] [1775394630.861258738] [navNode]: 未到目标点
目标位置:(0.0, 0.0, 0.1)-[A6]-[MCU:False]-[POS:False]
当前位置:(-0.0012376965023577213, -0.0009911583038046956, -0.0017621557926759124)
[INFO] [1775394630.962779255] [navNode]: 状态4：WaitAim--[A6]
[INFO] [1775394630.963154428] [navNode]: 未到目标点
目标位置:(0.0, 0.0, 0.1)-[A6]-[MCU:False]-[POS:False]
当前位置:(-0.0012376965023577213, -0.0009911583038046956, -0.0017621557926759124)
[INFO] [1775394631.060591382] [navNode]: 状态4：WaitAim--[A6]
[INFO] [1775394631.060984421] [navNode]: 未到目标点
目标位置:(0.0, 0.0, 0.1)-[A6]-[MCU:False]-[POS:False]
当前位置:(-0.0012376965023577213, -0.0009911583038046956, -0.0017621557926759124)
[INFO] [1775394631.160670242] [navNode]: 状态4：WaitAim--[A6]
[INFO] [1775394631.161100680] [navNode]: 未到目标点
目标位置:(0.0, 0.0, 0.1)-[A6]-[MCU:False]-[POS:False]
当前位置:(-0.0012376965023577213, -0.0009911583038046956, -0.0017621557926759124)
[INFO] [1775394631.260855030] [navNode]: 状态4：WaitAim--[A6]
[INFO] [1775394631.261246249] [navNode]: 未到目标点
目标位置:(0.0, 0.0, 0.1)-[A6]-[MCU:False]-[POS:False]
当前位置:(-0.0012376965023577213, -0.0009911583038046956, -0.0017621557926759124)
[INFO] [1775394631.361353970] [navNode]: 状态4：WaitAim--[A6]
[INFO] [1775394631.361797255] [navNode]: 未到目标点
目标位置:(0.0, 0.0, 0.1)-[A6]-[MCU:False]-[POS:False]
当前位置:(-0.0012376965023577213, -0.0009911583038046956, -0.0017621557926759124)
[INFO] [1775394631.460800624] [navNode]: 状态4：WaitAim--[A6]
[INFO] [1775394631.461199029] [navNode]: 未到目标点
目标位置:(0.0, 0.0, 0.1)-[A6]-[MCU:False]-[POS:False]
当前位置:(-0.0012376965023577213, -0.0009911583038046956, -0.0017621557926759124)
[INFO] [1775394631.560624511] [navNode]: 状态4：WaitAim--[A6]
[INFO] [1775394631.561036517] [navNode]: 未到目标点
目标位置:(0.0, 0.0, 0.1)-[A6]-[MCU:False]-[POS:False]
当前位置:(-0.0012376965023577213, -0.0009911583038046956, -0.0017621557926759124)
[INFO] [1775394631.662555647] [navNode]: 状态4：WaitAim--[A6]
[INFO] [1775394631.663641614] [navNode]: 未到目标点
目标位置:(0.0, 0.0, 0.1)-[A6]-[MCU:False]-[POS:False]
当前位置:(-0.0012376965023577213, -0.0009911583038046956, -0.0017621557926759124)
[INFO] [1775394631.761579221] [navNode]: 状态4：WaitAim--[A6]
[INFO] [1775394631.762066485] [navNode]: 未到目标点
目标位置:(0.0, 0.0, 0.1)-[A6]-[MCU:False]-[POS:False]
当前位置:(-0.0012376965023577213, -0.0009911583038046956, -0.0017621557926759124)
[INFO] [1775394631.861190562] [navNode]: 状态4：WaitAim--[A6]
[INFO] [1775394631.861698591] [navNode]: 未到目标点
目标位置:(0.0, 0.0, 0.1)-[A6]-[MCU:False]-[POS:False]
当前位置:(-0.0012376965023577213, -0.0009911583038046956, -0.0017621557926759124)
[INFO] [1775394631.960784482] [navNode]: 状态4：WaitAim--[A6]
[INFO] [1775394631.961210812] [navNode]: 未到目标点
目标位置:(0.0, 0.0, 0.1)-[A6]-[MCU:False]-[POS:False]
当前位置:(-0.0012376965023577213, -0.0009911583038046956, -0.0017621557926759124)
[INFO] [1775394632.060977970] [navNode]: 状态4：WaitAim--[A6]
[INFO] [1775394632.061436554] [navNode]: 未到目标点
目标位置:(0.0, 0.0, 0.1)-[A6]-[MCU:False]-[POS:False]
当前位置:(-0.0012376965023577213, -0.0009911583038046956, -0.0017621557926759124)
[INFO] [1775394632.160642113] [navNode]: 状态4：WaitAim--[A6]
[INFO] [1775394632.161066965] [navNode]: 未到目标点
目标位置:(0.0, 0.0, 0.1)-[A6]-[MCU:False]-[POS:False]
当前位置:(-0.0012376965023577213, -0.0009911583038046956, -0.0017621557926759124)
[INFO] [1775394632.260756327] [navNode]: 状态4：WaitAim--[A6]
[INFO] [1775394632.261148948] [navNode]: 未到目标点
目标位置:(0.0, 0.0, 0.1)-[A6]-[MCU:False]-[POS:False]
当前位置:(-0.0012376965023577213, -0.0009911583038046956, -0.0017621557926759124)
[INFO] [1775394632.360674182] [navNode]: 状态4：WaitAim--[A6]
[INFO] [1775394632.361058830] [navNode]: 未到目标点
目标位置:(0.0, 0.0, 0.1)-[A6]-[MCU:False]-[POS:False]
当前位置:(-0.0012376965023577213, -0.0009911583038046956, -0.0017621557926759124)
[INFO] [1775394632.460700738] [navNode]: 状态4：WaitAim--[A6]
[INFO] [1775394632.461164708] [navNode]: 未到目标点
目标位置:(0.0, 0.0, 0.1)-[A6]-[MCU:False]-[POS:False]
当前位置:(-0.0012376965023577213, -0.0009911583038046956, -0.0017621557926759124)
[INFO] [1775394632.560705400] [navNode]: 状态4：WaitAim--[A6]
[INFO] [1775394632.561111419] [navNode]: 未到目标点
目标位置:(0.0, 0.0, 0.1)-[A6]-[MCU:False]-[POS:False]
当前位置:(-0.0012376965023577213, -0.0009911583038046956, -0.0017621557926759124)
[INFO] [1775394632.660700957] [navNode]: 状态4：WaitAim--[A6]
[INFO] [1775394632.661205681] [navNode]: 未到目标点
目标位置:(0.0, 0.0, 0.1)-[A6]-[MCU:False]-[POS:False]
当前位置:(-0.0012376965023577213, -0.0009911583038046956, -0.0017621557926759124)
[INFO] [1775394632.761460654] [navNode]: 状态4：WaitAim--[A6]
[INFO] [1775394632.762003705] [navNode]: 未到目标点
目标位置:(0.0, 0.0, 0.1)-[A6]-[MCU:False]-[POS:False]
当前位置:(-0.0012376965023577213, -0.0009911583038046956, -0.0017621557926759124)
[INFO] [1775394632.860877454] [navNode]: 状态4：WaitAim--[A6]
[INFO] [1775394632.861549624] [navNode]: 未到目标点
目标位置:(0.0, 0.0, 0.1)-[A6]-[MCU:False]-[POS:False]
当前位置:(-0.0012376965023577213, -0.0009911583038046956, -0.0017621557926759124)
[INFO] [1775394632.961268250] [navNode]: 状态4：WaitAim--[A6]
[INFO] [1775394632.961788606] [navNode]: 未到目标点
目标位置:(0.0, 0.0, 0.1)-[A6]-[MCU:False]-[POS:False]
当前位置:(-0.0012376965023577213, -0.0009911583038046956, -0.0017621557926759124)
[INFO] [1775394633.061046539] [navNode]: 状态4：WaitAim--[A6]
[INFO] [1775394633.061570895] [navNode]: 未到目标点
目标位置:(0.0, 0.0, 0.1)-[A6]-[MCU:False]-[POS:False]
当前位置:(-0.0012376965023577213, -0.0009911583038046956, -0.0017621557926759124)
[INFO] [1775394633.160859783] [navNode]: 状态4：WaitAim--[A6]
[INFO] [1775394633.161440757] [navNode]: 未到目标点
目标位置:(0.0, 0.0, 0.1)-[A6]-[MCU:False]-[POS:False]
当前位置:(-0.0012376965023577213, -0.0009911583038046956, -0.0017621557926759124)
[INFO] [1775394633.260877723] [navNode]: 状态4：WaitAim--[A6]
[INFO] [1775394633.261397951] [navNode]: 未到目标点
目标位置:(0.0, 0.0, 0.1)-[A6]-[MCU:False]-[POS:False]
当前位置:(-0.0012376965023577213, -0.0009911583038046956, -0.0017621557926759124)
[INFO] [1775394633.360782110] [navNode]: 状态4：WaitAim--[A6]
[INFO] [1775394633.361327145] [navNode]: 未到目标点
目标位置:(0.0, 0.0, 0.1)-[A6]-[MCU:False]-[POS:False]
当前位置:(-0.0012376965023577213, -0.0009911583038046956, -0.0017621557926759124)
[INFO] [1775394633.460967121] [navNode]: 状态4：WaitAim--[A6]
[INFO] [1775394633.461539013] [navNode]: 未到目标点
目标位置:(0.0, 0.0, 0.1)-[A6]-[MCU:False]-[POS:False]
当前位置:(-0.0012376965023577213, -0.0009911583038046956, -0.0017621557926759124)
[INFO] [1775394633.560932204] [navNode]: 状态4：WaitAim--[A6]
[INFO] [1775394633.561446773] [navNode]: 未到目标点
目标位置:(0.0, 0.0, 0.1)-[A6]-[MCU:False]-[POS:False]
当前位置:(-0.0012376965023577213, -0.0009911583038046956, -0.0017621557926759124)
[INFO] [1775394633.660796033] [navNode]: 状态4：WaitAim--[A6]
[INFO] [1775394633.661337372] [navNode]: 未到目标点
目标位置:(0.0, 0.0, 0.1)-[A6]-[MCU:False]-[POS:False]
当前位置:(-0.0012376965023577213, -0.0009911583038046956, -0.0017621557926759124)
[INFO] [1775394633.761195366] [navNode]: 状态4：WaitAim--[A6]
[INFO] [1775394633.762025475] [navNode]: 未到目标点
目标位置:(0.0, 0.0, 0.1)-[A6]-[MCU:False]-[POS:False]
当前位置:(-0.0012376965023577213, -0.0009911583038046956, -0.0017621557926759124)
