[INFO] [1775393922.244591719] [navNode]: paths: [
  {"x": 0.00, "y": 0.00, "z": 0.00, "label": "TakeOff", "qrcode": "", "label2": ""       , "qrcode2": "" },
  {"x": 0.00, "y": 0.00, "z": 0.10, "label": "A6"     , "qrcode": "", "label2": ""       , "qrcode2": "" },
  {"x": 0.00, "y": 0.00, "z": 0.20, "label": "A3"     , "qrcode": "", "label2": ""       , "qrcode2": "" },
  {"x":-0.25, "y": 1.25, "z": 1.20, "label": "A2"     , "qrcode": "", "label2": ""       , "qrcode2": "" },
  {"x":-0.25, "y": 1.25, "z": 0.80, "label": "A5"     , "qrcode": "", "label2": ""       , "qrcode2": "" },
  {"x":-0.25, "y": 1.75, "z": 0.80, "label": "A4"     , "qrcode": "", "label2": ""       , "qrcode2": "" },
  {"x":-0.25, "y": 1.75, "z": 1.20, "label": "A1"     , "qrcode": "", "label2": ""       , "qrcode2": "" },
  {"x":-0.25, "y": 2.00, "z": 0.70, "label": "UpSide1", "qrcode": "", "label2": ""       , "qrcode2": "" },
  {"x": 0.75, "y": 2.00, "z": 0.70, "label": "LandPos", "qrcode": "", "label2": ""       , "qrcode2": "" }
]

[INFO] [1775393922.262415159] [navNode]: 上位机导航节点启动成功
[INFO] [1775393926.266091500] [navNode]: 收到来自UI的请求：scan_all
[WARN] [1775393926.266630061] [navNode]: 任务开始执行scan_all
[INFO] [1775393926.368020134] [navNode]: 状态1：Takeoff--[TakeOff]
[INFO] [1775393926.382162043] [navNode]: takeoff 发送成功 → 飞行站已调用：takeoff服务
[INFO] [1775393926.401742153] [navNode]: MCU2 send back: Takeoffok
[INFO] [1775393926.467350294] [navNode]: 状态2：Takeoff_wait--[TakeOff]
[INFO] [1775393926.467801423] [navNode]: 已到目标点
目标位置:TakeOff:(0.0, 0.0, 0.0)-[TakeOff]-[MCU:False]-[POS:True]
当前位置:(-0.0033023948781192303, -0.0019478369504213333, 0.0015850330237299204)

[INFO] [1775393926.567171794] [navNode]: 状态3：SetAim--[TakeOff]
[INFO] [1775393926.667036228] [navNode]: 状态4：WaitAim--[TakeOff]
[INFO] [1775393926.667918747] [navNode]: 已到目标点
目标位置:TakeOff:(0.0, 0.0, 0.0)-[TakeOff]-[MCU:False]-[POS:True]
当前位置:(-0.0029407429974526167, -0.0020209960639476776, 0.002296529244631529)

[INFO] [1775393926.767302879] [navNode]: 状态5：ArriveAim--[TakeOff]
[INFO] [1775393926.867032482] [navNode]: 状态3：SetAim--[TakeOff]
[ERROR] [1775393927.117887024] [navNode]: 发送 G+00000+00000+01000 失败: ROS2 服务 [ControlService] 未启动或超时
[INFO] [1775393927.118849393] [navNode]: 状态4：WaitAim--[A6]
[INFO] [1775393927.119207101] [navNode]: 未到目标点
目标位置:(0.0, 0.0, 0.1)-[A6]-[MCU:False]-[POS:False]
当前位置:(-0.0031204363331198692, -0.0015578182647004724, 0.0013048723340034485)
[INFO] [1775393927.167278769] [navNode]: 状态4：WaitAim--[A6]
[INFO] [1775393927.167666643] [navNode]: 未到目标点
目标位置:(0.0, 0.0, 0.1)-[A6]-[MCU:False]-[POS:False]
当前位置:(-0.0035982916597276926, -0.0015048031928017735, 0.0015844932058826089)
[INFO] [1775393927.267181732] [navNode]: 状态4：WaitAim--[A6]
[INFO] [1775393927.267589967] [navNode]: 未到目标点
目标位置:(0.0, 0.0, 0.1)-[A6]-[MCU:False]-[POS:False]
当前位置:(-0.003549471963196993, -0.0017917018849402666, 0.001739641185849905)
[INFO] [1775393927.367681030] [navNode]: 状态4：WaitAim--[A6]
[INFO] [1775393927.368090830] [navNode]: 未到目标点
目标位置:(0.0, 0.0, 0.1)-[A6]-[MCU:False]-[POS:False]
当前位置:(-0.0033588663209229708, -0.0016774955438449979, 0.002277438063174486)
[INFO] [1775393927.467224423] [navNode]: 状态4：WaitAim--[A6]
[INFO] [1775393927.468647516] [navNode]: 未到目标点
目标位置:(0.0, 0.0, 0.1)-[A6]-[MCU:False]-[POS:False]
当前位置:(-0.0034556931350380182, -0.0016720496350899339, 0.001932049635797739)
[INFO] [1775393927.567446905] [navNode]: 状态4：WaitAim--[A6]
[INFO] [1775393927.568306681] [navNode]: 未到目标点
目标位置:(0.0, 0.0, 0.1)-[A6]-[MCU:False]-[POS:False]
当前位置:(-0.0034770581405609846, -0.0014001430245116353, 0.0021018721163272858)
[INFO] [1775393927.667829677] [navNode]: 状态4：WaitAim--[A6]
[INFO] [1775393927.668449571] [navNode]: 未到目标点
目标位置:(0.0, 0.0, 0.1)-[A6]-[MCU:False]-[POS:False]
当前位置:(-0.003908139653503895, -0.0015483757015317678, 0.0013054399751126766)
[INFO] [1775393927.767496322] [navNode]: 状态4：WaitAim--[A6]
[INFO] [1775393927.768118657] [navNode]: 未到目标点
目标位置:(0.0, 0.0, 0.1)-[A6]-[MCU:False]-[POS:False]
当前位置:(-0.003537324257194996, -0.0016204052371904254, 0.0007660251576453447)
[INFO] [1775393927.867512473] [navNode]: 状态4：WaitAim--[A6]
[INFO] [1775393927.868138496] [navNode]: 未到目标点
目标位置:(0.0, 0.0, 0.1)-[A6]-[MCU:False]-[POS:False]
当前位置:(-0.003482428379356861, -0.001981254667043686, 0.002019912702962756)
[INFO] [1775393927.967817243] [navNode]: 状态4：WaitAim--[A6]
[INFO] [1775393927.968397837] [navNode]: 未到目标点
目标位置:(0.0, 0.0, 0.1)-[A6]-[MCU:False]-[POS:False]
当前位置:(-0.0023195974063128233, -0.001245532650500536, 0.000696000293828547)
[INFO] [1775393928.067704350] [navNode]: 状态4：WaitAim--[A6]
[INFO] [1775393928.068252862] [navNode]: 未到目标点
目标位置:(0.0, 0.0, 0.1)-[A6]-[MCU:False]-[POS:False]
当前位置:(-0.004526963923126459, -0.001940205693244934, 0.002245713956654072)
[INFO] [1775393928.167529401] [navNode]: 状态4：WaitAim--[A6]
[INFO] [1775393928.168030046] [navNode]: 未到目标点
目标位置:(0.0, 0.0, 0.1)-[A6]-[MCU:False]-[POS:False]
当前位置:(-0.0033970538061112165, -0.001921188086271286, 0.0015576124424114823)
[INFO] [1775393928.267669678] [navNode]: 状态4：WaitAim--[A6]
[INFO] [1775393928.268198149] [navNode]: 未到目标点
目标位置:(0.0, 0.0, 0.1)-[A6]-[MCU:False]-[POS:False]
当前位置:(-0.003739894600585103, -0.0019229782046750188, 0.0010380370076745749)
[INFO] [1775393928.367696947] [navNode]: 状态4：WaitAim--[A6]
[INFO] [1775393928.368202171] [navNode]: 未到目标点
目标位置:(0.0, 0.0, 0.1)-[A6]-[MCU:False]-[POS:False]
当前位置:(-0.0035986138973385096, -0.00198665214702487, 0.0011852473253384233)
[INFO] [1775393928.467733685] [navNode]: 状态4：WaitAim--[A6]
[INFO] [1775393928.468293825] [navNode]: 未到目标点
目标位置:(0.0, 0.0, 0.1)-[A6]-[MCU:False]-[POS:False]
当前位置:(-0.003954938147217035, -0.0017825571121647954, 0.0018755089258775115)
[INFO] [1775393928.567622548] [navNode]: 状态4：WaitAim--[A6]
[INFO] [1775393928.568186427] [navNode]: 未到目标点
目标位置:(0.0, 0.0, 0.1)-[A6]-[MCU:False]-[POS:False]
当前位置:(-0.0041038948111236095, -0.0019046872621402144, 0.001927869045175612)
[INFO] [1775393928.667411048] [navNode]: 状态4：WaitAim--[A6]
[INFO] [1775393928.667863253] [navNode]: 未到目标点
目标位置:(0.0, 0.0, 0.1)-[A6]-[MCU:False]-[POS:False]
当前位置:(-0.004106341861188412, -0.0019894603174179792, 0.0022284872829914093)
[INFO] [1775393928.767340485] [navNode]: 状态4：WaitAim--[A6]
[INFO] [1775393928.767819361] [navNode]: 未到目标点
目标位置:(0.0, 0.0, 0.1)-[A6]-[MCU:False]-[POS:False]
当前位置:(-0.0034353984519839287, -0.002127390820533037, 0.0016860906034708023)
[INFO] [1775393928.867472101] [navNode]: 状态4：WaitAim--[A6]
[INFO] [1775393928.867899449] [navNode]: 未到目标点
目标位置:(0.0, 0.0, 0.1)-[A6]-[MCU:False]-[POS:False]
当前位置:(-0.0035499182995408773, -0.0017706569051370025, 0.000848997151479125)
[INFO] [1775393928.967668242] [navNode]: 状态4：WaitAim--[A6]
[INFO] [1775393928.968205317] [navNode]: 未到目标点
目标位置:(0.0, 0.0, 0.1)-[A6]-[MCU:False]-[POS:False]
当前位置:(-0.004057248588651419, -0.0019038096070289612, 0.0012076786952093244)
[INFO] [1775393929.067424765] [navNode]: 状态4：WaitAim--[A6]
[INFO] [1775393929.067881516] [navNode]: 未到目标点
目标位置:(0.0, 0.0, 0.1)-[A6]-[MCU:False]-[POS:False]
当前位置:(-0.003670790698379278, -0.001927487552165985, 0.00105506950058043)
[INFO] [1775393929.167944326] [navNode]: 状态4：WaitAim--[A6]
[INFO] [1775393929.168414045] [navNode]: 未到目标点
目标位置:(0.0, 0.0, 0.1)-[A6]-[MCU:False]-[POS:False]
当前位置:(-0.004214856773614883, -0.002070764312520623, 0.001400156645104289)
[INFO] [1775393929.267331754] [navNode]: 状态4：WaitAim--[A6]
[INFO] [1775393929.267848494] [navNode]: 未到目标点
目标位置:(0.0, 0.0, 0.1)-[A6]-[MCU:False]-[POS:False]
当前位置:(-0.003014586167410016, -0.0020680793095380068, 0.0013810101663693786)
[INFO] [1775393929.367477383] [navNode]: 状态4：WaitAim--[A6]
[INFO] [1775393929.367881820] [navNode]: 未到目标点
目标位置:(0.0, 0.0, 0.1)-[A6]-[MCU:False]-[POS:False]
当前位置:(-0.004182766657322645, -0.0019542197696864605, 0.0021999638993293047)
[INFO] [1775393929.467170030] [navNode]: 状态4：WaitAim--[A6]
[INFO] [1775393929.467594795] [navNode]: 未到目标点
目标位置:(0.0, 0.0, 0.1)-[A6]-[MCU:False]-[POS:False]
当前位置:(-0.0031169140711426735, -0.0018302438547834754, -0.00016404129564762115)
[INFO] [1775393929.567333950] [navNode]: 状态4：WaitAim--[A6]
[INFO] [1775393929.567784515] [navNode]: 未到目标点
目标位置:(0.0, 0.0, 0.1)-[A6]-[MCU:False]-[POS:False]
当前位置:(-0.0038107349537312984, -0.0017199103021994233, 0.001475239871069789)
[INFO] [1775393929.667734783] [navNode]: 状态4：WaitAim--[A6]
[INFO] [1775393929.668247748] [navNode]: 未到目标点
目标位置:(0.0, 0.0, 0.1)-[A6]-[MCU:False]-[POS:False]
当前位置:(-0.003705196315422654, -0.0023803976364433765, 0.0024731606245040894)
[INFO] [1775393929.767854774] [navNode]: 状态4：WaitAim--[A6]
[INFO] [1775393929.768336280] [navNode]: 未到目标点
目标位置:(0.0, 0.0, 0.1)-[A6]-[MCU:False]-[POS:False]
当前位置:(-0.003109817858785391, -0.0023362869396805763, 0.0017693854169920087)
[INFO] [1775393929.867328530] [navNode]: 状态4：WaitAim--[A6]
[INFO] [1775393929.867824804] [navNode]: 未到目标点
目标位置:(0.0, 0.0, 0.1)-[A6]-[MCU:False]-[POS:False]
当前位置:(-0.0031818998977541924, -0.0015637580072507262, 0.0010157532524317503)
[INFO] [1775393929.967675724] [navNode]: 状态4：WaitAim--[A6]
[INFO] [1775393929.968163460] [navNode]: 未到目标点
目标位置:(0.0, 0.0, 0.1)-[A6]-[MCU:False]-[POS:False]
当前位置:(-0.0024062618613243103, -0.0010664198780432343, 0.0007556297932751477)
[INFO] [1775393930.067783894] [navNode]: 状态4：WaitAim--[A6]
[INFO] [1775393930.068355497] [navNode]: 未到目标点
目标位置:(0.0, 0.0, 0.1)-[A6]-[MCU:False]-[POS:False]
当前位置:(-0.00428672693669796, -0.002058203797787428, 0.0023041495587676764)
[INFO] [1775393930.168345361] [navNode]: 状态4：WaitAim--[A6]
[INFO] [1775393930.169313656] [navNode]: 未到目标点
目标位置:(0.0, 0.0, 0.1)-[A6]-[MCU:False]-[POS:False]
当前位置:(-0.0034560784697532654, -0.0021018905099481344, 0.0012835175730288029)
[INFO] [1775393930.267821626] [navNode]: 状态4：WaitAim--[A6]
[INFO] [1775393930.268640466] [navNode]: 未到目标点
目标位置:(0.0, 0.0, 0.1)-[A6]-[MCU:False]-[POS:False]
当前位置:(-0.0036979750730097294, -0.001862189034000039, 0.0016400907188653946)
[INFO] [1775393930.367178151] [navNode]: 状态4：WaitAim--[A6]
[INFO] [1775393930.367588342] [navNode]: 未到目标点
目标位置:(0.0, 0.0, 0.1)-[A6]-[MCU:False]-[POS:False]
当前位置:(-0.0041480958461761475, -0.0020477971993386745, 0.0017009875737130642)
[INFO] [1775393930.467445057] [navNode]: 状态4：WaitAim--[A6]
[INFO] [1775393930.467928103] [navNode]: 未到目标点
目标位置:(0.0, 0.0, 0.1)-[A6]-[MCU:False]-[POS:False]
当前位置:(-0.0037851007655262947, -0.0018546493956819177, 0.0018894504755735397)
[INFO] [1775393930.567491166] [navNode]: 状态4：WaitAim--[A6]
[INFO] [1775393930.567911945] [navNode]: 未到目标点
目标位置:(0.0, 0.0, 0.1)-[A6]-[MCU:False]-[POS:False]
当前位置:(-0.003697043750435114, -0.0022436126600950956, 0.0022522008512169123)
[INFO] [1775393930.667265943] [navNode]: 状态4：WaitAim--[A6]
[INFO] [1775393930.667652970] [navNode]: 未到目标点
目标位置:(0.0, 0.0, 0.1)-[A6]-[MCU:False]-[POS:False]
当前位置:(-0.0036783472169190645, -0.0019552430603653193, 0.0017732590204104781)
[INFO] [1775393930.767259751] [navNode]: 状态4：WaitAim--[A6]
[INFO] [1775393930.767707168] [navNode]: 未到目标点
目标位置:(0.0, 0.0, 0.1)-[A6]-[MCU:False]-[POS:False]
当前位置:(-0.003433312987908721, -0.0019641448743641376, 0.0021937768906354904)
[INFO] [1775393930.867453410] [navNode]: 状态4：WaitAim--[A6]
[INFO] [1775393930.867917611] [navNode]: 未到目标点
目标位置:(0.0, 0.0, 0.1)-[A6]-[MCU:False]-[POS:False]
当前位置:(-0.003836249001324177, -0.002232380211353302, 0.0017215755069628358)
[INFO] [1775393930.967183069] [navNode]: 状态4：WaitAim--[A6]
[INFO] [1775393930.967625117] [navNode]: 未到目标点
目标位置:(0.0, 0.0, 0.1)-[A6]-[MCU:False]-[POS:False]
当前位置:(-0.003331087762489915, -0.0018438738770782948, 0.0020280114840716124)
[INFO] [1775393931.067449835] [navNode]: 状态4：WaitAim--[A6]
[INFO] [1775393931.067946563] [navNode]: 未到目标点
目标位置:(0.0, 0.0, 0.1)-[A6]-[MCU:False]-[POS:False]
当前位置:(-0.003815373871475458, -0.002112460322678089, 0.0021722805686295033)
[INFO] [1775393931.167339266] [navNode]: 状态4：WaitAim--[A6]
[INFO] [1775393931.167802125] [navNode]: 未到目标点
目标位置:(0.0, 0.0, 0.1)-[A6]-[MCU:False]-[POS:False]
当前位置:(-0.003909666556864977, -0.0021358421072363853, 0.0014943118439987302)
[INFO] [1775393931.267121288] [navNode]: 状态4：WaitAim--[A6]
[INFO] [1775393931.267503912] [navNode]: 未到目标点
目标位置:(0.0, 0.0, 0.1)-[A6]-[MCU:False]-[POS:False]
当前位置:(-0.004181691445410252, -0.0023139449767768383, 0.002045077970251441)
[INFO] [1775393931.367898753] [navNode]: 状态4：WaitAim--[A6]
[INFO] [1775393931.368537755] [navNode]: 未到目标点
目标位置:(0.0, 0.0, 0.1)-[A6]-[MCU:False]-[POS:False]
当前位置:(-0.004023715388029814, -0.0019846372306346893, 0.00207613711245358)
[INFO] [1775393931.467304268] [navNode]: 状态4：WaitAim--[A6]
[INFO] [1775393931.467706973] [navNode]: 未到目标点
目标位置:(0.0, 0.0, 0.1)-[A6]-[MCU:False]-[POS:False]
当前位置:(-0.0034460946917533875, -0.0018801401602104306, 0.0019523759838193655)
[INFO] [1775393931.567554794] [navNode]: 状态4：WaitAim--[A6]
[INFO] [1775393931.568073447] [navNode]: 未到目标点
目标位置:(0.0, 0.0, 0.1)-[A6]-[MCU:False]-[POS:False]
当前位置:(-0.003160338383167982, -0.0014308608369901776, 0.0009542321204207838)
[INFO] [1775393931.667327318] [navNode]: 状态4：WaitAim--[A6]
[INFO] [1775393931.667792250] [navNode]: 未到目标点
目标位置:(0.0, 0.0, 0.1)-[A6]-[MCU:False]-[POS:False]
当前位置:(-0.0034959507174789906, -0.0015938212163746357, 0.002401854144409299)
[INFO] [1775393931.766971827] [navNode]: 状态4：WaitAim--[A6]
[INFO] [1775393931.767354072] [navNode]: 未到目标点
目标位置:(0.0, 0.0, 0.1)-[A6]-[MCU:False]-[POS:False]
当前位置:(-0.0031462963670492172, -0.002059891587123275, 0.0017875361954793334)
[INFO] [1775393931.867180900] [navNode]: 状态4：WaitAim--[A6]
[INFO] [1775393931.867590449] [navNode]: 未到目标点
目标位置:(0.0, 0.0, 0.1)-[A6]-[MCU:False]-[POS:False]
当前位置:(-0.003546303603798151, -0.0018804677529260516, 0.002151516731828451)
[INFO] [1775393931.967400072] [navNode]: 状态4：WaitAim--[A6]
[INFO] [1775393931.967951342] [navNode]: 未到目标点
目标位置:(0.0, 0.0, 0.1)-[A6]-[MCU:False]-[POS:False]
当前位置:(-0.003319279057905078, -0.001834510243497789, 0.0020650308579206467)
[INFO] [1775393932.067412239] [navNode]: 状态4：WaitAim--[A6]
[INFO] [1775393932.067923147] [navNode]: 未到目标点
目标位置:(0.0, 0.0, 0.1)-[A6]-[MCU:False]-[POS:False]
当前位置:(-0.0021896352991461754, -0.0011891131289303303, 0.0008659909944981337)
[INFO] [1775393932.167382075] [navNode]: 状态4：WaitAim--[A6]
[INFO] [1775393932.167832769] [navNode]: 未到目标点
目标位置:(0.0, 0.0, 0.1)-[A6]-[MCU:False]-[POS:False]
当前位置:(-0.0023202886804938316, -0.0011747570242732763, 0.00010601514804875478)
[INFO] [1775393932.267488854] [navNode]: 状态4：WaitAim--[A6]
[INFO] [1775393932.268042016] [navNode]: 未到目标点
目标位置:(0.0, 0.0, 0.1)-[A6]-[MCU:False]-[POS:False]
当前位置:(-0.002892838092520833, -0.0015600700862705708, 0.0007543832180090249)
[INFO] [1775393932.367434627] [navNode]: 状态4：WaitAim--[A6]
[INFO] [1775393932.367993172] [navNode]: 未到目标点
目标位置:(0.0, 0.0, 0.1)-[A6]-[MCU:False]-[POS:False]
当前位置:(-0.0022607885766774416, -0.0016905595548450947, 0.0012334896018728614)
[INFO] [1775393932.467769264] [navNode]: 状态4：WaitAim--[A6]
[INFO] [1775393932.469123786] [navNode]: 未到目标点
目标位置:(0.0, 0.0, 0.1)-[A6]-[MCU:False]-[POS:False]
当前位置:(-0.0031822200398892164, -0.001637516194023192, 0.0022100331261754036)
[INFO] [1775393932.567402345] [navNode]: 状态4：WaitAim--[A6]
[INFO] [1775393932.567856481] [navNode]: 未到目标点
目标位置:(0.0, 0.0, 0.1)-[A6]-[MCU:False]-[POS:False]
当前位置:(-0.002972834976390004, -0.0016612745821475983, 0.002303049201145768)
[INFO] [1775393932.667536605] [navNode]: 状态4：WaitAim--[A6]
[INFO] [1775393932.668136881] [navNode]: 未到目标点
目标位置:(0.0, 0.0, 0.1)-[A6]-[MCU:False]-[POS:False]
当前位置:(-0.0030465589370578527, -0.0012159351026639342, 0.002707534236833453)
[INFO] [1775393932.767388751] [navNode]: 状态4：WaitAim--[A6]
[INFO] [1775393932.767957332] [navNode]: 未到目标点
目标位置:(0.0, 0.0, 0.1)-[A6]-[MCU:False]-[POS:False]
当前位置:(-0.00343072647228837, -0.0019503423245623708, 0.0025073157157748938)
[INFO] [1775393932.867421352] [navNode]: 状态4：WaitAim--[A6]
[INFO] [1775393932.867918588] [navNode]: 未到目标点
目标位置:(0.0, 0.0, 0.1)-[A6]-[MCU:False]-[POS:False]
当前位置:(-0.0038340247701853514, -0.001803118153475225, 0.0020495690405368805)
[INFO] [1775393932.967788351] [navNode]: 状态4：WaitAim--[A6]
[INFO] [1775393932.968238022] [navNode]: 未到目标点
目标位置:(0.0, 0.0, 0.1)-[A6]-[MCU:False]-[POS:False]
当前位置:(-0.003490347182378173, -0.0018239585915580392, 0.001959487097337842)
[INFO] [1775393933.067470149] [navNode]: 状态4：WaitAim--[A6]
[INFO] [1775393933.067933668] [navNode]: 未到目标点
目标位置:(0.0, 0.0, 0.1)-[A6]-[MCU:False]-[POS:False]
当前位置:(-0.003358293790370226, -0.0019288090988993645, 0.001595572684891522)
[INFO] [1775393933.167150419] [navNode]: 状态4：WaitAim--[A6]
[INFO] [1775393933.167562634] [navNode]: 未到目标点
目标位置:(0.0, 0.0, 0.1)-[A6]-[MCU:False]-[POS:False]
当前位置:(-0.0030827964656054974, -0.0017579366685822606, 0.002675494644790888)
[INFO] [1775393933.267445330] [navNode]: 状态4：WaitAim--[A6]
[INFO] [1775393933.267885305] [navNode]: 未到目标点
目标位置:(0.0, 0.0, 0.1)-[A6]-[MCU:False]-[POS:False]
当前位置:(-0.0030406711157411337, -0.0017439211951568723, 0.0021667894907295704)
[INFO] [1775393933.367435879] [navNode]: 状态4：WaitAim--[A6]
[INFO] [1775393933.367891330] [navNode]: 未到目标点
目标位置:(0.0, 0.0, 0.1)-[A6]-[MCU:False]-[POS:False]
当前位置:(-0.003934146836400032, -0.001722761313430965, 0.0016585099510848522)
[INFO] [1775393933.467300299] [navNode]: 状态4：WaitAim--[A6]
[INFO] [1775393933.467763120] [navNode]: 未到目标点
目标位置:(0.0, 0.0, 0.1)-[A6]-[MCU:False]-[POS:False]
当前位置:(-0.003657730994746089, -0.0017981146229431033, 0.0020598359405994415)
[INFO] [1775393933.567597511] [navNode]: 状态4：WaitAim--[A6]
[INFO] [1775393933.568031408] [navNode]: 未到目标点
目标位置:(0.0, 0.0, 0.1)-[A6]-[MCU:False]-[POS:False]
当前位置:(-0.0032537532970309258, -0.0013105670223012567, 0.0007284323219209909)
[INFO] [1775393933.667244538] [navNode]: 状态4：WaitAim--[A6]
[INFO] [1775393933.667719233] [navNode]: 未到目标点
目标位置:(0.0, 0.0, 0.1)-[A6]-[MCU:False]-[POS:False]
当前位置:(-0.0036578152794390917, -0.0014640496810898185, 0.0012698547216132283)
[INFO] [1775393933.767506152] [navNode]: 状态4：WaitAim--[A6]
[INFO] [1775393933.767952116] [navNode]: 未到目标点
目标位置:(0.0, 0.0, 0.1)-[A6]-[MCU:False]-[POS:False]
当前位置:(-0.0033183603081852198, -0.0018010432831943035, 0.0023644501343369484)
[INFO] [1775393933.867366640] [navNode]: 状态4：WaitAim--[A6]
[INFO] [1775393933.867999111] [navNode]: 未到目标点
目标位置:(0.0, 0.0, 0.1)-[A6]-[MCU:False]-[POS:False]
当前位置:(-0.003087094286456704, -0.0016683629946783185, 0.002344690030440688)
[INFO] [1775393933.967495516] [navNode]: 状态4：WaitAim--[A6]
[INFO] [1775393933.967953373] [navNode]: 未到目标点
目标位置:(0.0, 0.0, 0.1)-[A6]-[MCU:False]-[POS:False]
当前位置:(-0.003167061135172844, -0.0016318202251568437, 0.0009319569217041135)
[INFO] [1775393934.067618324] [navNode]: 状态4：WaitAim--[A6]
[INFO] [1775393934.068287368] [navNode]: 未到目标点
目标位置:(0.0, 0.0, 0.1)-[A6]-[MCU:False]-[POS:False]
当前位置:(-0.0034880840685218573, -0.0018251406727358699, 0.0012957797152921557)
[INFO] [1775393934.167793186] [navNode]: 状态4：WaitAim--[A6]
[INFO] [1775393934.168380880] [navNode]: 未到目标点
目标位置:(0.0, 0.0, 0.1)-[A6]-[MCU:False]-[POS:False]
当前位置:(-0.00363358436152339, -0.0019300970016047359, 0.002358614467084408)
[INFO] [1775393934.267613737] [navNode]: 状态4：WaitAim--[A6]
[INFO] [1775393934.268191719] [navNode]: 未到目标点
目标位置:(0.0, 0.0, 0.1)-[A6]-[MCU:False]-[POS:False]
当前位置:(-0.003425929229706526, -0.0018525341292843223, 0.0006802536081522703)
[INFO] [1775393934.368404058] [navNode]: 状态4：WaitAim--[A6]
[INFO] [1775393934.368916734] [navNode]: 未到目标点
目标位置:(0.0, 0.0, 0.1)-[A6]-[MCU:False]-[POS:False]
当前位置:(-0.0031728290487080812, -0.0017745583318173885, 0.0015994840068742633)
[INFO] [1775393934.467420408] [navNode]: 状态4：WaitAim--[A6]
[INFO] [1775393934.467896447] [navNode]: 未到目标点
目标位置:(0.0, 0.0, 0.1)-[A6]-[MCU:False]-[POS:False]
当前位置:(-0.0030001995619386435, -0.001333313644863665, 0.0018175638979300857)
[INFO] [1775393934.567799724] [navNode]: 状态4：WaitAim--[A6]
[INFO] [1775393934.568310924] [navNode]: 未到目标点
目标位置:(0.0, 0.0, 0.1)-[A6]-[MCU:False]-[POS:False]
当前位置:(-0.002418431220576167, -0.0010865700896829367, 0.00038976766518317163)
[INFO] [1775393934.667654453] [navNode]: 状态4：WaitAim--[A6]
[INFO] [1775393934.668117044] [navNode]: 未到目标点
目标位置:(0.0, 0.0, 0.1)-[A6]-[MCU:False]-[POS:False]
当前位置:(-0.004502736032009125, -0.0022109183482825756, 0.001838266965933144)
[INFO] [1775393934.768233226] [navNode]: 状态4：WaitAim--[A6]
[INFO] [1775393934.768669759] [navNode]: 未到目标点
目标位置:(0.0, 0.0, 0.1)-[A6]-[MCU:False]-[POS:False]
当前位置:(-0.004310245160013437, -0.002113521797582507, 0.0020432344172149897)
[INFO] [1775393934.867888365] [navNode]: 状态4：WaitAim--[A6]
[INFO] [1775393934.868366020] [navNode]: 未到目标点
目标位置:(0.0, 0.0, 0.1)-[A6]-[MCU:False]-[POS:False]
当前位置:(-0.0033784809056669474, -0.0019858244340866804, 0.0016899018082767725)
[INFO] [1775393934.967541056] [navNode]: 状态4：WaitAim--[A6]
[INFO] [1775393934.968012866] [navNode]: 未到目标点
目标位置:(0.0, 0.0, 0.1)-[A6]-[MCU:False]-[POS:False]
当前位置:(-0.004005993250757456, -0.002015391830354929, 0.0007220438565127552)
[INFO] [1775393935.067821690] [navNode]: 状态4：WaitAim--[A6]
[INFO] [1775393935.068508951] [navNode]: 未到目标点
目标位置:(0.0, 0.0, 0.1)-[A6]-[MCU:False]-[POS:False]
当前位置:(-0.0032610553316771984, -0.0012949195224791765, 0.0004463560471776873)
[INFO] [1775393935.167269482] [navNode]: 状态4：WaitAim--[A6]
[INFO] [1775393935.167676955] [navNode]: 未到目标点
目标位置:(0.0, 0.0, 0.1)-[A6]-[MCU:False]-[POS:False]
当前位置:(-0.003692120546475053, -0.002294406294822693, 0.0019974675960838795)
[INFO] [1775393935.268372968] [navNode]: 状态4：WaitAim--[A6]
[INFO] [1775393935.269319343] [navNode]: 未到目标点
目标位置:(0.0, 0.0, 0.1)-[A6]-[MCU:False]-[POS:False]
当前位置:(-0.003433210775256157, -0.0018649359699338675, 0.0009180830675177276)
[INFO] [1775393935.367930412] [navNode]: 状态4：WaitAim--[A6]
[INFO] [1775393935.368353023] [navNode]: 未到目标点
目标位置:(0.0, 0.0, 0.1)-[A6]-[MCU:False]-[POS:False]
当前位置:(-0.004584594164043665, -0.0020560696721076965, 0.002233863575384021)
[INFO] [1775393935.467562714] [navNode]: 状态4：WaitAim--[A6]
[INFO] [1775393935.468068943] [navNode]: 未到目标点
目标位置:(0.0, 0.0, 0.1)-[A6]-[MCU:False]-[POS:False]
当前位置:(-0.003652106039226055, -0.002127300249412656, 0.0027278410270810127)
[INFO] [1775393935.567576089] [navNode]: 状态4：WaitAim--[A6]
[INFO] [1775393935.567987037] [navNode]: 未到目标点
目标位置:(0.0, 0.0, 0.1)-[A6]-[MCU:False]-[POS:False]
当前位置:(-0.003443195018917322, -0.0019498079782351851, 0.0018407508032396436)
[INFO] [1775393935.668199957] [navNode]: 状态4：WaitAim--[A6]
[INFO] [1775393935.668683782] [navNode]: 未到目标点
目标位置:(0.0, 0.0, 0.1)-[A6]-[MCU:False]-[POS:False]
当前位置:(-0.0034129677806049585, -0.0019445777870714664, 0.0017083431594073772)
[INFO] [1775393935.767333914] [navNode]: 状态4：WaitAim--[A6]
[INFO] [1775393935.767742688] [navNode]: 未到目标点
目标位置:(0.0, 0.0, 0.1)-[A6]-[MCU:False]-[POS:False]
当前位置:(-0.002713951049372554, -0.0014976831153035164, 0.0004315359692554921)
[INFO] [1775393935.867144573] [navNode]: 状态4：WaitAim--[A6]
[INFO] [1775393935.867562115] [navNode]: 未到目标点
目标位置:(0.0, 0.0, 0.1)-[A6]-[MCU:False]-[POS:False]
当前位置:(-0.003901691874489188, -0.0018986789509654045, 0.0026540954131633043)
[INFO] [1775393935.967898784] [navNode]: 状态4：WaitAim--[A6]
[INFO] [1775393935.968580110] [navNode]: 未到目标点
目标位置:(0.0, 0.0, 0.1)-[A6]-[MCU:False]-[POS:False]
当前位置:(-0.003791629569604993, -0.00223354110494256, 0.00017541644047014415)
[INFO] [1775393936.067672056] [navNode]: 状态4：WaitAim--[A6]
[INFO] [1775393936.068131905] [navNode]: 未到目标点
目标位置:(0.0, 0.0, 0.1)-[A6]-[MCU:False]-[POS:False]
当前位置:(-0.0029679974541068077, -0.0013334614923223853, 0.0006962108891457319)
[INFO] [1775393936.168036880] [navNode]: 状态4：WaitAim--[A6]
[INFO] [1775393936.168705937] [navNode]: 未到目标点
目标位置:(0.0, 0.0, 0.1)-[A6]-[MCU:False]-[POS:False]
当前位置:(-0.0034304619766771793, -0.001363989314995706, 0.0027289721183478832)
[INFO] [1775393936.267277167] [navNode]: 状态4：WaitAim--[A6]
[INFO] [1775393936.267701095] [navNode]: 未到目标点
目标位置:(0.0, 0.0, 0.1)-[A6]-[MCU:False]-[POS:False]
当前位置:(-0.0027831762563437223, -0.001852839719504118, 0.002212211722508073)
[INFO] [1775393936.368264088] [navNode]: 状态4：WaitAim--[A6]
[INFO] [1775393936.368685623] [navNode]: 未到目标点
目标位置:(0.0, 0.0, 0.1)-[A6]-[MCU:False]-[POS:False]
当前位置:(-0.004077816382050514, -0.0018901937874034047, 0.0011353825684636831)
[INFO] [1775393936.467641152] [navNode]: 状态4：WaitAim--[A6]
[INFO] [1775393936.468100981] [navNode]: 未到目标点
目标位置:(0.0, 0.0, 0.1)-[A6]-[MCU:False]-[POS:False]
当前位置:(-0.0031083538196980953, -0.0017491749022156, 6.638946797465906e-05)
[INFO] [1775393936.567797921] [navNode]: 状态4：WaitAim--[A6]
[INFO] [1775393936.568349633] [navNode]: 未到目标点
目标位置:(0.0, 0.0, 0.1)-[A6]-[MCU:False]-[POS:False]
当前位置:(-0.0032051631715148687, -0.001891284016892314, 0.0024316832423210144)
[INFO] [1775393936.668089630] [navNode]: 状态4：WaitAim--[A6]
[INFO] [1775393936.668927608] [navNode]: 未到目标点
目标位置:(0.0, 0.0, 0.1)-[A6]-[MCU:False]-[POS:False]
当前位置:(-0.003434395184740424, -0.0018312440952286124, 0.002401510486379266)
[INFO] [1775393936.767486306] [navNode]: 状态4：WaitAim--[A6]
[INFO] [1775393936.767930906] [navNode]: 未到目标点
目标位置:(0.0, 0.0, 0.1)-[A6]-[MCU:False]-[POS:False]
当前位置:(-0.0026740729808807373, -0.0016070877900347114, 0.0006876771803945303)
[INFO] [1775393936.867401062] [navNode]: 状态4：WaitAim--[A6]
[INFO] [1775393936.867829640] [navNode]: 未到目标点
目标位置:(0.0, 0.0, 0.1)-[A6]-[MCU:False]-[POS:False]
当前位置:(-0.0029433213640004396, -0.0014232172397896647, 0.0015892150113359094)
[INFO] [1775393936.967537309] [navNode]: 状态4：WaitAim--[A6]
[INFO] [1775393936.968005133] [navNode]: 未到目标点
目标位置:(0.0, 0.0, 0.1)-[A6]-[MCU:False]-[POS:False]
当前位置:(-0.001944978372193873, -0.00116362189874053, 0.0026009371504187584)
[INFO] [1775393937.067403400] [navNode]: 状态4：WaitAim--[A6]
[INFO] [1775393937.067820882] [navNode]: 未到目标点
目标位置:(0.0, 0.0, 0.1)-[A6]-[MCU:False]-[POS:False]
当前位置:(-0.002792817074805498, -0.0014258454320952296, 0.002346605062484741)
[INFO] [1775393937.167524999] [navNode]: 状态4：WaitAim--[A6]
[INFO] [1775393937.168247434] [navNode]: 未到目标点
目标位置:(0.0, 0.0, 0.1)-[A6]-[MCU:False]-[POS:False]
当前位置:(-0.003146540140733123, -0.0012963381595909595, 0.0014651409583166242)
[INFO] [1775393937.267225444] [navNode]: 状态4：WaitAim--[A6]
[INFO] [1775393937.267631445] [navNode]: 未到目标点
目标位置:(0.0, 0.0, 0.1)-[A6]-[MCU:False]-[POS:False]
当前位置:(-0.003432787023484707, -0.001385382958687842, 0.0023380585480481386)
[INFO] [1775393937.368377201] [navNode]: 状态4：WaitAim--[A6]
[INFO] [1775393937.368970000] [navNode]: 未到目标点
目标位置:(0.0, 0.0, 0.1)-[A6]-[MCU:False]-[POS:False]
当前位置:(-0.003132795449346304, -0.001987776719033718, 0.0020962634589523077)
[INFO] [1775393937.467876386] [navNode]: 状态4：WaitAim--[A6]
[INFO] [1775393937.468390630] [navNode]: 未到目标点
目标位置:(0.0, 0.0, 0.1)-[A6]-[MCU:False]-[POS:False]
当前位置:(-0.0032891312148422003, -0.0017304755747318268, 0.001116667757742107)
[INFO] [1775393937.567547007] [navNode]: 状态4：WaitAim--[A6]
[INFO] [1775393937.568726779] [navNode]: 未到目标点
目标位置:(0.0, 0.0, 0.1)-[A6]-[MCU:False]-[POS:False]
当前位置:(-0.003159640124067664, -0.0013178454246371984, 0.0017643652390688658)
[INFO] [1775393937.667472076] [navNode]: 状态4：WaitAim--[A6]
[INFO] [1775393937.667938501] [navNode]: 未到目标点
目标位置:(0.0, 0.0, 0.1)-[A6]-[MCU:False]-[POS:False]
当前位置:(-0.002789340680465102, -0.0012522711185738444, 0.0023423684760928154)
[INFO] [1775393937.768068212] [navNode]: 状态4：WaitAim--[A6]
[INFO] [1775393937.768486174] [navNode]: 未到目标点
目标位置:(0.0, 0.0, 0.1)-[A6]-[MCU:False]-[POS:False]
当前位置:(-0.002698807744309306, -0.0011801532236859202, 0.0010902490466833115)
[INFO] [1775393937.867502672] [navNode]: 状态4：WaitAim--[A6]
[INFO] [1775393937.867944384] [navNode]: 未到目标点
目标位置:(0.0, 0.0, 0.1)-[A6]-[MCU:False]-[POS:False]
当前位置:(-0.0036821698304265738, -0.001764459302648902, 0.0021080849692225456)
[INFO] [1775393937.967373562] [navNode]: 状态4：WaitAim--[A6]
[INFO] [1775393937.967731871] [navNode]: 未到目标点
目标位置:(0.0, 0.0, 0.1)-[A6]-[MCU:False]-[POS:False]
当前位置:(-0.003886864986270666, -0.0019207019358873367, 0.0021064290776848793)
[INFO] [1775393938.067443822] [navNode]: 状态4：WaitAim--[A6]
[INFO] [1775393938.068606848] [navNode]: 未到目标点
目标位置:(0.0, 0.0, 0.1)-[A6]-[MCU:False]-[POS:False]
当前位置:(-0.0033671183045953512, -0.0018244971288368106, 0.0016315795946866274)
[INFO] [1775393938.167606059] [navNode]: 状态4：WaitAim--[A6]
[INFO] [1775393938.168134207] [navNode]: 未到目标点
目标位置:(0.0, 0.0, 0.1)-[A6]-[MCU:False]-[POS:False]
当前位置:(-0.003285227809101343, -0.0016502812504768372, 0.0008581176516599953)
[INFO] [1775393938.267486933] [navNode]: 状态4：WaitAim--[A6]
[INFO] [1775393938.268789866] [navNode]: 未到目标点
目标位置:(0.0, 0.0, 0.1)-[A6]-[MCU:False]-[POS:False]
当前位置:(-0.002327391179278493, -0.0008994403760880232, 3.3130515930679394e-07)
[INFO] [1775393938.367048644] [navNode]: 状态4：WaitAim--[A6]
[INFO] [1775393938.367480961] [navNode]: 未到目标点
目标位置:(0.0, 0.0, 0.1)-[A6]-[MCU:False]-[POS:False]
当前位置:(-0.004228251054883003, -0.0016371911624446511, 0.0019051650306209922)
[INFO] [1775393938.467984738] [navNode]: 状态4：WaitAim--[A6]
[INFO] [1775393938.468416234] [navNode]: 未到目标点
目标位置:(0.0, 0.0, 0.1)-[A6]-[MCU:False]-[POS:False]
当前位置:(-0.0032371433917433023, -0.0018408214673399925, 0.002126808976754546)
[INFO] [1775393938.567354955] [navNode]: 状态4：WaitAim--[A6]
[INFO] [1775393938.567834681] [navNode]: 未到目标点
目标位置:(0.0, 0.0, 0.1)-[A6]-[MCU:False]-[POS:False]
当前位置:(-0.0028298862744122744, -0.00152651930693537, 0.002030655974522233)
[INFO] [1775393938.667676215] [navNode]: 状态4：WaitAim--[A6]
[INFO] [1775393938.668131733] [navNode]: 未到目标点
目标位置:(0.0, 0.0, 0.1)-[A6]-[MCU:False]-[POS:False]
当前位置:(-0.0019100882345810533, -0.000983358477242291, 0.0013878631871193647)
[INFO] [1775393938.767330573] [navNode]: 状态4：WaitAim--[A6]
[INFO] [1775393938.767822256] [navNode]: 未到目标点
目标位置:(0.0, 0.0, 0.1)-[A6]-[MCU:False]-[POS:False]
当前位置:(-0.0031320187263190746, -0.0017403396777808666, 0.001328665646724403)
[INFO] [1775393938.867523197] [navNode]: 状态4：WaitAim--[A6]
[INFO] [1775393938.867999890] [navNode]: 未到目标点
目标位置:(0.0, 0.0, 0.1)-[A6]-[MCU:False]-[POS:False]
当前位置:(-0.00353508279658854, -0.0016733544180169702, 0.002352392068132758)
[INFO] [1775393938.967076486] [navNode]: 状态4：WaitAim--[A6]
[INFO] [1775393938.967511882] [navNode]: 未到目标点
目标位置:(0.0, 0.0, 0.1)-[A6]-[MCU:False]-[POS:False]
当前位置:(-0.00258560199290514, -0.0012583187781274319, 0.001139134052209556)
[INFO] [1775393939.067449843] [navNode]: 状态4：WaitAim--[A6]
[INFO] [1775393939.067928239] [navNode]: 未到目标点
目标位置:(0.0, 0.0, 0.1)-[A6]-[MCU:False]-[POS:False]
当前位置:(-0.0036950097419321537, -0.001818660064600408, 0.0020762598142027855)
[INFO] [1775393939.167385606] [navNode]: 状态4：WaitAim--[A6]
[INFO] [1775393939.167850691] [navNode]: 未到目标点
目标位置:(0.0, 0.0, 0.1)-[A6]-[MCU:False]-[POS:False]
当前位置:(-0.0034886475186794996, -0.0017499879468232393, 0.0022040505427867174)
[INFO] [1775393939.267729344] [navNode]: 状态4：WaitAim--[A6]
[INFO] [1775393939.268179219] [navNode]: 未到目标点
目标位置:(0.0, 0.0, 0.1)-[A6]-[MCU:False]-[POS:False]
当前位置:(-0.0033330556470900774, -0.002033827593550086, 0.001416076091118157)
[INFO] [1775393939.367508088] [navNode]: 状态4：WaitAim--[A6]
[INFO] [1775393939.368060047] [navNode]: 未到目标点
目标位置:(0.0, 0.0, 0.1)-[A6]-[MCU:False]-[POS:False]
当前位置:(-0.003850106615573168, -0.0018162609776481986, 0.0009032301604747772)
[INFO] [1775393939.467610199] [navNode]: 状态4：WaitAim--[A6]
[INFO] [1775393939.468126411] [navNode]: 未到目标点
目标位置:(0.0, 0.0, 0.1)-[A6]-[MCU:False]-[POS:False]
当前位置:(-0.0029574879445135593, -0.0012856116518378258, 0.00119918177369982)
[INFO] [1775393939.567279835] [navNode]: 状态4：WaitAim--[A6]
[INFO] [1775393939.567662529] [navNode]: 未到目标点
目标位置:(0.0, 0.0, 0.1)-[A6]-[MCU:False]-[POS:False]
当前位置:(-0.003369665704667568, -0.0015999964671209455, 0.0019411081448197365)
[INFO] [1775393939.667569932] [navNode]: 状态4：WaitAim--[A6]
[INFO] [1775393939.668005072] [navNode]: 未到目标点
目标位置:(0.0, 0.0, 0.1)-[A6]-[MCU:False]-[POS:False]
当前位置:(-0.0037948826793581247, -0.0020148211624473333, 0.001741741900332272)
[INFO] [1775393939.767259566] [navNode]: 状态4：WaitAim--[A6]
[INFO] [1775393939.767649350] [navNode]: 未到目标点
目标位置:(0.0, 0.0, 0.1)-[A6]-[MCU:False]-[POS:False]
当前位置:(-0.003934233449399471, -0.002095363801345229, 0.001446882844902575)
[INFO] [1775393939.867759405] [navNode]: 状态4：WaitAim--[A6]
[INFO] [1775393939.868212900] [navNode]: 未到目标点
目标位置:(0.0, 0.0, 0.1)-[A6]-[MCU:False]-[POS:False]
当前位置:(-0.003221465740352869, -0.001609872211702168, 0.0017376395408064127)
[INFO] [1775393939.967247824] [navNode]: 状态4：WaitAim--[A6]
[INFO] [1775393939.967696511] [navNode]: 未到目标点
目标位置:(0.0, 0.0, 0.1)-[A6]-[MCU:False]-[POS:False]
当前位置:(-0.0037556143943220377, -0.0018610530532896519, 0.0013304605381563306)
[INFO] [1775393940.068500502] [navNode]: 状态4：WaitAim--[A6]
[INFO] [1775393940.068971426] [navNode]: 未到目标点
目标位置:(0.0, 0.0, 0.1)-[A6]-[MCU:False]-[POS:False]
当前位置:(-0.003861406585201621, -0.0019237279193475842, 0.0010421505430713296)
[INFO] [1775393940.167668203] [navNode]: 状态4：WaitAim--[A6]
[INFO] [1775393940.168172157] [navNode]: 未到目标点
目标位置:(0.0, 0.0, 0.1)-[A6]-[MCU:False]-[POS:False]
当前位置:(-0.0037995825987309217, -0.002247329568490386, 0.002329848241060972)
[INFO] [1775393940.267458290] [navNode]: 状态4：WaitAim--[A6]
[INFO] [1775393940.267928061] [navNode]: 未到目标点
目标位置:(0.0, 0.0, 0.1)-[A6]-[MCU:False]-[POS:False]
当前位置:(-0.003804133040830493, -0.0021332523319870234, 0.002520720474421978)
[INFO] [1775393940.367737350] [navNode]: 状态4：WaitAim--[A6]
[INFO] [1775393940.368217030] [navNode]: 未到目标点
目标位置:(0.0, 0.0, 0.1)-[A6]-[MCU:False]-[POS:False]
当前位置:(-0.002854824997484684, -0.0016826119972392917, -0.000461447867564857)
[INFO] [1775393940.467731428] [navNode]: 状态4：WaitAim--[A6]
[INFO] [1775393940.468261910] [navNode]: 未到目标点
目标位置:(0.0, 0.0, 0.1)-[A6]-[MCU:False]-[POS:False]
当前位置:(-0.004091958049684763, -0.001526523381471634, 0.0019269384210929275)
[INFO] [1775393940.567619279] [navNode]: 状态4：WaitAim--[A6]
[INFO] [1775393940.568271468] [navNode]: 未到目标点
目标位置:(0.0, 0.0, 0.1)-[A6]-[MCU:False]-[POS:False]
当前位置:(-0.0029742273036390543, -0.0015593190910294652, 0.0016121144872158766)
[INFO] [1775393940.667660590] [navNode]: 状态4：WaitAim--[A6]
[INFO] [1775393940.668291028] [navNode]: 未到目标点
目标位置:(0.0, 0.0, 0.1)-[A6]-[MCU:False]-[POS:False]
当前位置:(-0.003123512025922537, -0.001557716983370483, 0.0005901044351048768)
[INFO] [1775393940.768415991] [navNode]: 状态4：WaitAim--[A6]
[INFO] [1775393940.769065790] [navNode]: 未到目标点
目标位置:(0.0, 0.0, 0.1)-[A6]-[MCU:False]-[POS:False]
当前位置:(-0.0032699876464903355, -0.001893219887278974, 0.0015169918769970536)
[INFO] [1775393940.867901669] [navNode]: 状态4：WaitAim--[A6]
[INFO] [1775393940.868528615] [navNode]: 未到目标点
目标位置:(0.0, 0.0, 0.1)-[A6]-[MCU:False]-[POS:False]
当前位置:(-0.0027451671194285154, -0.0012582311173900962, 0.0006598134059458971)
[INFO] [1775393940.967677311] [navNode]: 状态4：WaitAim--[A6]
[INFO] [1775393940.968173058] [navNode]: 未到目标点
目标位置:(0.0, 0.0, 0.1)-[A6]-[MCU:False]-[POS:False]
当前位置:(-0.004241665359586477, -0.0027465017046779394, 0.0022512960713356733)
[INFO] [1775393941.068011890] [navNode]: 状态4：WaitAim--[A6]
[INFO] [1775393941.068491139] [navNode]: 未到目标点
目标位置:(0.0, 0.0, 0.1)-[A6]-[MCU:False]-[POS:False]
当前位置:(-0.002866283757612109, -0.0013148103607818484, 0.0005256092990748584)
[INFO] [1775393941.167784313] [navNode]: 状态4：WaitAim--[A6]
[INFO] [1775393941.168318690] [navNode]: 未到目标点
目标位置:(0.0, 0.0, 0.1)-[A6]-[MCU:False]-[POS:False]
当前位置:(-0.0022125416435301304, -0.001317363465204835, 0.00019853698904626071)
[INFO] [1775393941.267104284] [navNode]: 状态4：WaitAim--[A6]
[INFO] [1775393941.267552223] [navNode]: 未到目标点
目标位置:(0.0, 0.0, 0.1)-[A6]-[MCU:False]-[POS:False]
当前位置:(-0.0033963839523494244, -0.0014749829424545169, 0.0012418243568390608)
[INFO] [1775393941.367607463] [navNode]: 状态4：WaitAim--[A6]
[INFO] [1775393941.368071617] [navNode]: 未到目标点
目标位置:(0.0, 0.0, 0.1)-[A6]-[MCU:False]-[POS:False]
当前位置:(-0.0038293576799333096, -0.0020861895754933357, 0.0023442429956048727)
[INFO] [1775393941.467161205] [navNode]: 状态4：WaitAim--[A6]
[INFO] [1775393941.467821471] [navNode]: 未到目标点
目标位置:(0.0, 0.0, 0.1)-[A6]-[MCU:False]-[POS:False]
当前位置:(-0.0029700074810534716, -0.0018132339464500546, 0.0013173853512853384)
[INFO] [1775393941.568048475] [navNode]: 状态4：WaitAim--[A6]
[INFO] [1775393941.568740595] [navNode]: 未到目标点
目标位置:(0.0, 0.0, 0.1)-[A6]-[MCU:False]-[POS:False]
当前位置:(-0.0031546251848340034, -0.001835535396821797, 0.001524220802821219)
[INFO] [1775393941.667520598] [navNode]: 状态4：WaitAim--[A6]
[INFO] [1775393941.668055124] [navNode]: 未到目标点
目标位置:(0.0, 0.0, 0.1)-[A6]-[MCU:False]-[POS:False]
当前位置:(-0.0033223021309822798, -0.00192607706412673, 0.0025350425858050585)
[INFO] [1775393941.767762279] [navNode]: 状态4：WaitAim--[A6]
[INFO] [1775393941.769050941] [navNode]: 未到目标点
目标位置:(0.0, 0.0, 0.1)-[A6]-[MCU:False]-[POS:False]
当前位置:(-0.004047779832035303, -0.0023616363760083914, 0.0025546967517584562)
[INFO] [1775393941.867581507] [navNode]: 状态4：WaitAim--[A6]
[INFO] [1775393941.868044888] [navNode]: 未到目标点
目标位置:(0.0, 0.0, 0.1)-[A6]-[MCU:False]-[POS:False]
当前位置:(-0.0036714368034154177, -0.001717367093078792, 0.0007653870270587504)
[INFO] [1775393941.967500267] [navNode]: 状态4：WaitAim--[A6]
[INFO] [1775393941.967961022] [navNode]: 未到目标点
目标位置:(0.0, 0.0, 0.1)-[A6]-[MCU:False]-[POS:False]
当前位置:(-0.0038302207831293344, -0.001789618982002139, 0.002156726084649563)
[INFO] [1775393942.068020886] [navNode]: 状态4：WaitAim--[A6]
[INFO] [1775393942.068515439] [navNode]: 未到目标点
目标位置:(0.0, 0.0, 0.1)-[A6]-[MCU:False]-[POS:False]
当前位置:(-0.004272883757948875, -0.0020183061715215445, 0.0023233946412801743)
[INFO] [1775393942.167272653] [navNode]: 状态4：WaitAim--[A6]
[INFO] [1775393942.167987761] [navNode]: 未到目标点
目标位置:(0.0, 0.0, 0.1)-[A6]-[MCU:False]-[POS:False]
当前位置:(-0.0030759533401578665, -0.0017604527529329062, 0.0003060698218178004)
[INFO] [1775393942.267131202] [navNode]: 状态4：WaitAim--[A6]
[INFO] [1775393942.267710885] [navNode]: 未到目标点
目标位置:(0.0, 0.0, 0.1)-[A6]-[MCU:False]-[POS:False]
当前位置:(-0.0037878446746617556, -0.002179478295147419, 0.0016757426783442497)
[INFO] [1775393942.367482362] [navNode]: 状态4：WaitAim--[A6]
[INFO] [1775393942.367939190] [navNode]: 未到目标点
目标位置:(0.0, 0.0, 0.1)-[A6]-[MCU:False]-[POS:False]
当前位置:(-0.004001609981060028, -0.002276667160913348, 0.001332839485257864)
[INFO] [1775393942.467642505] [navNode]: 状态4：WaitAim--[A6]
[INFO] [1775393942.468059663] [navNode]: 未到目标点
目标位置:(0.0, 0.0, 0.1)-[A6]-[MCU:False]-[POS:False]
当前位置:(-0.004104231018573046, -0.002816419582813978, 0.0017827795818448067)
[INFO] [1775393942.568017548] [navNode]: 状态4：WaitAim--[A6]
[INFO] [1775393942.568587938] [navNode]: 未到目标点
目标位置:(0.0, 0.0, 0.1)-[A6]-[MCU:False]-[POS:False]
当前位置:(-0.003525438951328397, -0.0018986031645908952, 0.002760052913799882)
[INFO] [1775393942.668011062] [navNode]: 状态4：WaitAim--[A6]
[INFO] [1775393942.668537500] [navNode]: 未到目标点
目标位置:(0.0, 0.0, 0.1)-[A6]-[MCU:False]-[POS:False]
当前位置:(-0.002906101057305932, -0.0016010458348318934, 0.0011306818341836333)
[INFO] [1775393942.768057354] [navNode]: 状态4：WaitAim--[A6]
[INFO] [1775393942.768605261] [navNode]: 未到目标点
目标位置:(0.0, 0.0, 0.1)-[A6]-[MCU:False]-[POS:False]
当前位置:(-0.003606310812756419, -0.0018636868335306644, 0.0017709400271996856)
[INFO] [1775393942.867512237] [navNode]: 状态4：WaitAim--[A6]
[INFO] [1775393942.868047379] [navNode]: 未到目标点
目标位置:(0.0, 0.0, 0.1)-[A6]-[MCU:False]-[POS:False]
当前位置:(-0.0029523323755711317, -0.002312340075150132, 0.002053756732493639)
[INFO] [1775393942.967486019] [navNode]: 状态4：WaitAim--[A6]
[INFO] [1775393942.968564782] [navNode]: 未到目标点
目标位置:(0.0, 0.0, 0.1)-[A6]-[MCU:False]-[POS:False]
当前位置:(-0.002017338527366519, -0.0009383040014654398, 0.0004723998426925391)
[INFO] [1775393943.068184544] [navNode]: 状态4：WaitAim--[A6]
[INFO] [1775393943.068751732] [navNode]: 未到目标点
目标位置:(0.0, 0.0, 0.1)-[A6]-[MCU:False]-[POS:False]
当前位置:(-0.0021164841018617153, -0.0009648167178966105, 0.0011971358908340335)
[INFO] [1775393943.167723990] [navNode]: 状态4：WaitAim--[A6]
[INFO] [1775393943.168304598] [navNode]: 未到目标点
目标位置:(0.0, 0.0, 0.1)-[A6]-[MCU:False]-[POS:False]
当前位置:(-0.0023432837333530188, -0.0012331826146692038, 0.0020070839673280716)
[INFO] [1775393943.267640367] [navNode]: 状态4：WaitAim--[A6]
[INFO] [1775393943.268132102] [navNode]: 未到目标点
目标位置:(0.0, 0.0, 0.1)-[A6]-[MCU:False]-[POS:False]
当前位置:(-0.0034574822057038546, -0.0016918485052883625, 0.002835012273862958)
[INFO] [1775393943.367467003] [navNode]: 状态4：WaitAim--[A6]
[INFO] [1775393943.367927780] [navNode]: 未到目标点
目标位置:(0.0, 0.0, 0.1)-[A6]-[MCU:False]-[POS:False]
当前位置:(-0.002479302231222391, -0.0014324954245239496, 0.0022664449643343687)
[INFO] [1775393943.467543456] [navNode]: 状态4：WaitAim--[A6]
[INFO] [1775393943.468031271] [navNode]: 未到目标点
目标位置:(0.0, 0.0, 0.1)-[A6]-[MCU:False]-[POS:False]
当前位置:(-0.0017841545632109046, -0.0008486838778480887, 0.00134203617926687)
[INFO] [1775393943.567783162] [navNode]: 状态4：WaitAim--[A6]
[INFO] [1775393943.568930574] [navNode]: 未到目标点
目标位置:(0.0, 0.0, 0.1)-[A6]-[MCU:False]-[POS:False]
当前位置:(-0.0029441993683576584, -0.0012829533079639077, 0.0014308367390185595)
[INFO] [1775393943.667704998] [navNode]: 状态4：WaitAim--[A6]
[INFO] [1775393943.668220229] [navNode]: 未到目标点
目标位置:(0.0, 0.0, 0.1)-[A6]-[MCU:False]-[POS:False]
当前位置:(-0.002845275215804577, -0.0011841952800750732, 0.0009607310639694333)
[INFO] [1775393943.768308257] [navNode]: 状态4：WaitAim--[A6]
[INFO] [1775393943.769189867] [navNode]: 未到目标点
目标位置:(0.0, 0.0, 0.1)-[A6]-[MCU:False]-[POS:False]
当前位置:(-0.003092105034738779, -0.0014620156725868583, 0.002054878743365407)
[INFO] [1775393943.867505727] [navNode]: 状态4：WaitAim--[A6]
[INFO] [1775393943.868190476] [navNode]: 未到目标点
目标位置:(0.0, 0.0, 0.1)-[A6]-[MCU:False]-[POS:False]
当前位置:(-0.003787409979850054, -0.0017909329617395997, 0.002333019394427538)
[INFO] [1775393943.967294216] [navNode]: 状态4：WaitAim--[A6]
[INFO] [1775393943.967738187] [navNode]: 未到目标点
目标位置:(0.0, 0.0, 0.1)-[A6]-[MCU:False]-[POS:False]
当前位置:(-0.0034021595492959023, -0.00220386846922338, 0.002753885928541422)
[INFO] [1775393944.067305700] [navNode]: 状态4：WaitAim--[A6]
[INFO] [1775393944.067792953] [navNode]: 未到目标点
目标位置:(0.0, 0.0, 0.1)-[A6]-[MCU:False]-[POS:False]
当前位置:(-0.003118503373116255, -0.0018492620438337326, 0.0023229660000652075)
[INFO] [1775393944.167357069] [navNode]: 状态4：WaitAim--[A6]
[INFO] [1775393944.167800090] [navNode]: 未到目标点
目标位置:(0.0, 0.0, 0.1)-[A6]-[MCU:False]-[POS:False]
当前位置:(-0.0034771086648106575, -0.001892652129754424, 0.0026508301962167025)
[INFO] [1775393944.267374690] [navNode]: 状态4：WaitAim--[A6]
[INFO] [1775393944.267924465] [navNode]: 未到目标点
目标位置:(0.0, 0.0, 0.1)-[A6]-[MCU:False]-[POS:False]
当前位置:(-0.003789749462157488, -0.0016951949801295996, 0.0020729387179017067)
[INFO] [1775393944.367709709] [navNode]: 状态4：WaitAim--[A6]
[INFO] [1775393944.368174689] [navNode]: 未到目标点
目标位置:(0.0, 0.0, 0.1)-[A6]-[MCU:False]-[POS:False]
当前位置:(-0.002997896634042263, -0.0016699866391718388, 0.0006995101575739682)
[INFO] [1775393944.467462381] [navNode]: 状态4：WaitAim--[A6]
[INFO] [1775393944.467870325] [navNode]: 未到目标点
目标位置:(0.0, 0.0, 0.1)-[A6]-[MCU:False]-[POS:False]
当前位置:(-0.0034044329077005386, -0.0018143715569749475, 0.0007300326251424849)
[INFO] [1775393944.567380503] [navNode]: 状态4：WaitAim--[A6]
[INFO] [1775393944.567864479] [navNode]: 未到目标点
目标位置:(0.0, 0.0, 0.1)-[A6]-[MCU:False]-[POS:False]
当前位置:(-0.0035010105930268764, -0.0016986496048048139, 0.00116358429659158)
[INFO] [1775393944.667343272] [navNode]: 状态4：WaitAim--[A6]
[INFO] [1775393944.667798324] [navNode]: 未到目标点
目标位置:(0.0, 0.0, 0.1)-[A6]-[MCU:False]-[POS:False]
当前位置:(-0.00342820817604661, -0.0016961797373369336, 0.0014627005439251661)
[INFO] [1775393944.767503229] [navNode]: 状态4：WaitAim--[A6]
[INFO] [1775393944.767988197] [navNode]: 未到目标点
目标位置:(0.0, 0.0, 0.1)-[A6]-[MCU:False]-[POS:False]
当前位置:(-0.003495767479762435, -0.0018235286697745323, 0.0026808956172317266)
[INFO] [1775393944.867415272] [navNode]: 状态4：WaitAim--[A6]
[INFO] [1775393944.867895913] [navNode]: 未到目标点
目标位置:(0.0, 0.0, 0.1)-[A6]-[MCU:False]-[POS:False]
当前位置:(-0.003310578176751733, -0.0015898671699687839, 0.0019864304922521114)
[INFO] [1775393944.967370753] [navNode]: 状态4：WaitAim--[A6]
[INFO] [1775393944.967804560] [navNode]: 未到目标点
目标位置:(0.0, 0.0, 0.1)-[A6]-[MCU:False]-[POS:False]
当前位置:(-0.00331847439520061, -0.002301372354850173, 0.0018596644513309002)
[INFO] [1775393945.067333959] [navNode]: 状态4：WaitAim--[A6]
[INFO] [1775393945.067761600] [navNode]: 未到目标点
目标位置:(0.0, 0.0, 0.1)-[A6]-[MCU:False]-[POS:False]
当前位置:(-0.002914163749665022, -0.0014741403283551335, 0.0025304071605205536)
[INFO] [1775393945.167848832] [navNode]: 状态4：WaitAim--[A6]
[INFO] [1775393945.168319058] [navNode]: 未到目标点
目标位置:(0.0, 0.0, 0.1)-[A6]-[MCU:False]-[POS:False]
当前位置:(-0.002364321146160364, -0.0011007196735590696, 0.0018947361968457699)
[INFO] [1775393945.267225664] [navNode]: 状态4：WaitAim--[A6]
[INFO] [1775393945.267666788] [navNode]: 未到目标点
目标位置:(0.0, 0.0, 0.1)-[A6]-[MCU:False]-[POS:False]
当前位置:(-0.0030192420817911625, -0.0011801861692219973, 0.0018956770654767752)
[INFO] [1775393945.367555795] [navNode]: 状态4：WaitAim--[A6]
[INFO] [1775393945.368725537] [navNode]: 未到目标点
目标位置:(0.0, 0.0, 0.1)-[A6]-[MCU:False]-[POS:False]
当前位置:(-0.0038248130585998297, -0.0018313357140868902, 0.002598435152322054)
[INFO] [1775393945.468476484] [navNode]: 状态4：WaitAim--[A6]
[INFO] [1775393945.468984897] [navNode]: 未到目标点
目标位置:(0.0, 0.0, 0.1)-[A6]-[MCU:False]-[POS:False]
当前位置:(-0.0034881411120295525, -0.0016318871639668941, 0.0019075482850894332)
[INFO] [1775393945.567305351] [navNode]: 状态4：WaitAim--[A6]
[INFO] [1775393945.568028521] [navNode]: 未到目标点
目标位置:(0.0, 0.0, 0.1)-[A6]-[MCU:False]-[POS:False]
当前位置:(-0.0031194898765534163, -0.0020939421374350786, 0.0009115043794736266)
[INFO] [1775393945.667682635] [navNode]: 状态4：WaitAim--[A6]
[INFO] [1775393945.668194349] [navNode]: 未到目标点
目标位置:(0.0, 0.0, 0.1)-[A6]-[MCU:False]-[POS:False]
当前位置:(-0.0038792984560132027, -0.0021027224138379097, 0.0019995812326669693)
[INFO] [1775393945.767545552] [navNode]: 状态4：WaitAim--[A6]
[INFO] [1775393945.767997302] [navNode]: 未到目标点
目标位置:(0.0, 0.0, 0.1)-[A6]-[MCU:False]-[POS:False]
当前位置:(-0.003582744160667062, -0.0016440668841823936, 0.0010950323194265366)
[INFO] [1775393945.867507864] [navNode]: 状态4：WaitAim--[A6]
[INFO] [1775393945.868015938] [navNode]: 未到目标点
目标位置:(0.0, 0.0, 0.1)-[A6]-[MCU:False]-[POS:False]
当前位置:(-0.0035137776285409927, -0.0018566871294751763, 0.002287262352183461)
[INFO] [1775393945.967654134] [navNode]: 状态4：WaitAim--[A6]
[INFO] [1775393945.968117193] [navNode]: 未到目标点
目标位置:(0.0, 0.0, 0.1)-[A6]-[MCU:False]-[POS:False]
当前位置:(-0.0037383476737886667, -0.0019544335082173347, 0.002745610661804676)
[INFO] [1775393946.067797331] [navNode]: 状态4：WaitAim--[A6]
[INFO] [1775393946.068983962] [navNode]: 未到目标点
目标位置:(0.0, 0.0, 0.1)-[A6]-[MCU:False]-[POS:False]
当前位置:(-0.002705555409193039, -0.0013999552465975285, 0.0009608388063497841)
[INFO] [1775393946.167743018] [navNode]: 状态4：WaitAim--[A6]
[INFO] [1775393946.168237022] [navNode]: 未到目标点
目标位置:(0.0, 0.0, 0.1)-[A6]-[MCU:False]-[POS:False]
当前位置:(-0.00398585619404912, -0.0017379134660586715, 0.0024802701082080603)
[INFO] [1775393946.267269177] [navNode]: 状态4：WaitAim--[A6]
[INFO] [1775393946.267705457] [navNode]: 未到目标点
目标位置:(0.0, 0.0, 0.1)-[A6]-[MCU:False]-[POS:False]
当前位置:(-0.0035270038060843945, -0.0020996364764869213, 0.00250091846100986)
[INFO] [1775393946.367506382] [navNode]: 状态4：WaitAim--[A6]
[INFO] [1775393946.368044960] [navNode]: 未到目标点
目标位置:(0.0, 0.0, 0.1)-[A6]-[MCU:False]-[POS:False]
当前位置:(-0.0032088549342006445, -0.0018611964769661427, 0.0014837253838777542)
[INFO] [1775393946.467636350] [navNode]: 状态4：WaitAim--[A6]
[INFO] [1775393946.468130526] [navNode]: 未到目标点
目标位置:(0.0, 0.0, 0.1)-[A6]-[MCU:False]-[POS:False]
当前位置:(-0.003947788849473, -0.0017659832956269383, 0.0020385533571243286)
[INFO] [1775393946.567434387] [navNode]: 状态4：WaitAim--[A6]
[INFO] [1775393946.567911150] [navNode]: 未到目标点
目标位置:(0.0, 0.0, 0.1)-[A6]-[MCU:False]-[POS:False]
当前位置:(-0.004016304388642311, -0.002657657489180565, 0.0016777818091213703)
[INFO] [1775393946.668353878] [navNode]: 状态4：WaitAim--[A6]
[INFO] [1775393946.668845699] [navNode]: 未到目标点
目标位置:(0.0, 0.0, 0.1)-[A6]-[MCU:False]-[POS:False]
当前位置:(-0.004540675785392523, -0.002490535145625472, 0.0024995519779622555)
[INFO] [1775393946.767283860] [navNode]: 状态4：WaitAim--[A6]
[INFO] [1775393946.767735394] [navNode]: 未到目标点
目标位置:(0.0, 0.0, 0.1)-[A6]-[MCU:False]-[POS:False]
当前位置:(-0.002908062655478716, -0.0018920846050605178, 0.0005546915344893932)
[INFO] [1775393946.868166058] [navNode]: 状态4：WaitAim--[A6]
[INFO] [1775393946.868779994] [navNode]: 未到目标点
目标位置:(0.0, 0.0, 0.1)-[A6]-[MCU:False]-[POS:False]
当前位置:(-0.0037803107406944036, -0.0025179702788591385, 0.0018628445686772466)
[INFO] [1775393946.967254797] [navNode]: 状态4：WaitAim--[A6]
[INFO] [1775393946.967716712] [navNode]: 未到目标点
目标位置:(0.0, 0.0, 0.1)-[A6]-[MCU:False]-[POS:False]
当前位置:(-0.00320603814907372, -0.0018475261749699712, 0.0011783811496570706)
[INFO] [1775393947.067970054] [navNode]: 状态4：WaitAim--[A6]
[INFO] [1775393947.068551408] [navNode]: 未到目标点
目标位置:(0.0, 0.0, 0.1)-[A6]-[MCU:False]-[POS:False]
当前位置:(-0.0025687390007078648, -0.0018329876475036144, 0.0027087791822850704)
[INFO] [1775393947.167340569] [navNode]: 状态4：WaitAim--[A6]
[INFO] [1775393947.167849752] [navNode]: 未到目标点
目标位置:(0.0, 0.0, 0.1)-[A6]-[MCU:False]-[POS:False]
当前位置:(-0.003186918795108795, -0.0015263815876096487, 0.0014504665741696954)
[INFO] [1775393947.267509615] [navNode]: 状态4：WaitAim--[A6]
[INFO] [1775393947.268018587] [navNode]: 未到目标点
目标位置:(0.0, 0.0, 0.1)-[A6]-[MCU:False]-[POS:False]
当前位置:(-0.004101673606783152, -0.0026506998110562563, 0.0012784685241058469)
[INFO] [1775393947.368145023] [navNode]: 状态4：WaitAim--[A6]
[INFO] [1775393947.368714094] [navNode]: 未到目标点
目标位置:(0.0, 0.0, 0.1)-[A6]-[MCU:False]-[POS:False]
当前位置:(-0.00394583772867918, -0.0014606009935960174, 0.002135944552719593)
[INFO] [1775393947.467425476] [navNode]: 状态4：WaitAim--[A6]
[INFO] [1775393947.468019646] [navNode]: 未到目标点
目标位置:(0.0, 0.0, 0.1)-[A6]-[MCU:False]-[POS:False]
当前位置:(-0.004086335655301809, -0.0021937822457402945, 0.0026575203519314528)
[INFO] [1775393947.567537405] [navNode]: 状态4：WaitAim--[A6]
[INFO] [1775393947.568056178] [navNode]: 未到目标点
目标位置:(0.0, 0.0, 0.1)-[A6]-[MCU:False]-[POS:False]
当前位置:(-0.0030888414476066828, -0.0018133091507479548, 0.0015018299454823136)
[INFO] [1775393947.667486694] [navNode]: 状态4：WaitAim--[A6]
[INFO] [1775393947.668012859] [navNode]: 未到目标点
目标位置:(0.0, 0.0, 0.1)-[A6]-[MCU:False]-[POS:False]
当前位置:(-0.0032092055771499872, -0.0019011400872841477, 0.001468503731302917)
[INFO] [1775393947.767462118] [navNode]: 状态4：WaitAim--[A6]
[INFO] [1775393947.767924687] [navNode]: 未到目标点
目标位置:(0.0, 0.0, 0.1)-[A6]-[MCU:False]-[POS:False]
当前位置:(-0.00378976296633482, -0.0023894805926829576, 0.0020992958452552557)
[INFO] [1775393947.867249106] [navNode]: 状态4：WaitAim--[A6]
[INFO] [1775393947.867741611] [navNode]: 未到目标点
目标位置:(0.0, 0.0, 0.1)-[A6]-[MCU:False]-[POS:False]
当前位置:(-0.0038418162148445845, -0.0022346442565321922, 0.0016443257918581367)
[INFO] [1775393947.967197786] [navNode]: 状态4：WaitAim--[A6]
[INFO] [1775393947.967636012] [navNode]: 未到目标点
目标位置:(0.0, 0.0, 0.1)-[A6]-[MCU:False]-[POS:False]
当前位置:(-0.0030731309670954943, -0.002140481723472476, 0.0009788386523723602)
[INFO] [1775393948.067433447] [navNode]: 状态4：WaitAim--[A6]
[INFO] [1775393948.067893569] [navNode]: 未到目标点
目标位置:(0.0, 0.0, 0.1)-[A6]-[MCU:False]-[POS:False]
当前位置:(-0.0035053419414907694, -0.002079036785289645, 0.0024458097759634256)
[INFO] [1775393948.167701900] [navNode]: 状态4：WaitAim--[A6]
[INFO] [1775393948.168142867] [navNode]: 未到目标点
目标位置:(0.0, 0.0, 0.1)-[A6]-[MCU:False]-[POS:False]
当前位置:(-0.0032443348318338394, -0.0017074034549295902, 0.0024563006591051817)
[INFO] [1775393948.267971908] [navNode]: 状态4：WaitAim--[A6]
[INFO] [1775393948.268617938] [navNode]: 未到目标点
目标位置:(0.0, 0.0, 0.1)-[A6]-[MCU:False]-[POS:False]
当前位置:(-0.003547320142388344, -0.0022870004177093506, 0.0023206821642816067)
[INFO] [1775393948.367463555] [navNode]: 状态4：WaitAim--[A6]
[INFO] [1775393948.367921620] [navNode]: 未到目标点
目标位置:(0.0, 0.0, 0.1)-[A6]-[MCU:False]-[POS:False]
当前位置:(-0.0029709693044424057, -0.0014188484055921435, 0.001129791489802301)
[INFO] [1775393948.467618082] [navNode]: 状态4：WaitAim--[A6]
[INFO] [1775393948.468157596] [navNode]: 未到目标点
目标位置:(0.0, 0.0, 0.1)-[A6]-[MCU:False]-[POS:False]
当前位置:(-0.0035399224143475294, -0.0015719920629635453, 0.0017375838942825794)
[INFO] [1775393948.567467451] [navNode]: 状态4：WaitAim--[A6]
[INFO] [1775393948.567938792] [navNode]: 未到目标点
目标位置:(0.0, 0.0, 0.1)-[A6]-[MCU:False]-[POS:False]
当前位置:(-0.0028752810321748257, -0.0022234050557017326, 0.0009361790725961328)
[INFO] [1775393948.667552617] [navNode]: 状态4：WaitAim--[A6]
[INFO] [1775393948.668008937] [navNode]: 未到目标点
目标位置:(0.0, 0.0, 0.1)-[A6]-[MCU:False]-[POS:False]
当前位置:(-0.0029111967887729406, -0.0015608563553541899, 0.0022234905045479536)
[INFO] [1775393948.767414376] [navNode]: 状态4：WaitAim--[A6]
[INFO] [1775393948.767936041] [navNode]: 未到目标点
目标位置:(0.0, 0.0, 0.1)-[A6]-[MCU:False]-[POS:False]
当前位置:(-0.0034090681001544, -0.0021762263495475054, 0.0017892735777422786)
[INFO] [1775393948.867988855] [navNode]: 状态4：WaitAim--[A6]
[INFO] [1775393948.868425445] [navNode]: 未到目标点
目标位置:(0.0, 0.0, 0.1)-[A6]-[MCU:False]-[POS:False]
当前位置:(-0.003652560291811824, -0.0016708277398720384, 0.002103839535266161)
[INFO] [1775393948.967487295] [navNode]: 状态4：WaitAim--[A6]
[INFO] [1775393948.967912405] [navNode]: 未到目标点
目标位置:(0.0, 0.0, 0.1)-[A6]-[MCU:False]-[POS:False]
当前位置:(-0.0033103313762694597, -0.002157281618565321, 0.0020682928152382374)
[INFO] [1775393949.067420901] [navNode]: 状态4：WaitAim--[A6]
[INFO] [1775393949.067876792] [navNode]: 未到目标点
目标位置:(0.0, 0.0, 0.1)-[A6]-[MCU:False]-[POS:False]
当前位置:(-0.0033746748231351376, -0.001972517464309931, 0.001528847380541265)
[INFO] [1775393949.167475050] [navNode]: 状态4：WaitAim--[A6]
[INFO] [1775393949.168015263] [navNode]: 未到目标点
目标位置:(0.0, 0.0, 0.1)-[A6]-[MCU:False]-[POS:False]
当前位置:(-0.00280175288207829, -0.0018899793503805995, 0.0007751155062578619)
[INFO] [1775393949.267454656] [navNode]: 状态4：WaitAim--[A6]
[INFO] [1775393949.267929893] [navNode]: 未到目标点
目标位置:(0.0, 0.0, 0.1)-[A6]-[MCU:False]-[POS:False]
当前位置:(-0.003286728635430336, -0.0015178491594269872, 0.001647965982556343)
[INFO] [1775393949.367452915] [navNode]: 状态4：WaitAim--[A6]
[INFO] [1775393949.367920336] [navNode]: 未到目标点
目标位置:(0.0, 0.0, 0.1)-[A6]-[MCU:False]-[POS:False]
当前位置:(-0.0032901617232710123, -0.0020597856491804123, 0.0019264344591647387)
[INFO] [1775393949.467409302] [navNode]: 状态4：WaitAim--[A6]
[INFO] [1775393949.467888392] [navNode]: 未到目标点
目标位置:(0.0, 0.0, 0.1)-[A6]-[MCU:False]-[POS:False]
当前位置:(-0.0035180426202714443, -0.0019750797655433416, 0.002844742266461253)
[INFO] [1775393949.567447210] [navNode]: 状态4：WaitAim--[A6]
[INFO] [1775393949.567921178] [navNode]: 未到目标点
目标位置:(0.0, 0.0, 0.1)-[A6]-[MCU:False]-[POS:False]
当前位置:(-0.0037633515894412994, -0.0022525209933519363, 0.0024912154767662287)
[INFO] [1775393949.667540304] [navNode]: 状态4：WaitAim--[A6]
[INFO] [1775393949.668006828] [navNode]: 未到目标点
目标位置:(0.0, 0.0, 0.1)-[A6]-[MCU:False]-[POS:False]
当前位置:(-0.0037930519320070744, -0.0017747357487678528, 0.0023204453755170107)
[INFO] [1775393949.767771259] [navNode]: 状态4：WaitAim--[A6]
[INFO] [1775393949.768467032] [navNode]: 未到目标点
目标位置:(0.0, 0.0, 0.1)-[A6]-[MCU:False]-[POS:False]
当前位置:(-0.0045411791652441025, -0.0023766665253788233, 0.002527601318433881)
[INFO] [1775393949.867371743] [navNode]: 状态4：WaitAim--[A6]
[INFO] [1775393949.867834926] [navNode]: 未到目标点
目标位置:(0.0, 0.0, 0.1)-[A6]-[MCU:False]-[POS:False]
当前位置:(-0.0030102995224297047, -0.0021624453365802765, 0.0011344735976308584)
[INFO] [1775393949.967441479] [navNode]: 状态4：WaitAim--[A6]
[INFO] [1775393949.967971574] [navNode]: 未到目标点
目标位置:(0.0, 0.0, 0.1)-[A6]-[MCU:False]-[POS:False]
当前位置:(-0.003448310773819685, -0.001598027884028852, 0.002235309686511755)
[INFO] [1775393950.067294048] [navNode]: 状态4：WaitAim--[A6]
[INFO] [1775393950.067735856] [navNode]: 未到目标点
目标位置:(0.0, 0.0, 0.1)-[A6]-[MCU:False]-[POS:False]
当前位置:(-0.0026517268270254135, -0.0015366371953859925, 0.0005733969155699015)
[INFO] [1775393950.167705297] [navNode]: 状态4：WaitAim--[A6]
[INFO] [1775393950.168154386] [navNode]: 未到目标点
目标位置:(0.0, 0.0, 0.1)-[A6]-[MCU:False]-[POS:False]
当前位置:(-0.004149474669247866, -0.0023378347977995872, 0.0019295334350317717)
[INFO] [1775393950.267826506] [navNode]: 状态4：WaitAim--[A6]
[INFO] [1775393950.268350270] [navNode]: 未到目标点
目标位置:(0.0, 0.0, 0.1)-[A6]-[MCU:False]-[POS:False]
当前位置:(-0.0038434413727372885, -0.001931804115884006, 0.0023635157849639654)
[INFO] [1775393950.367772337] [navNode]: 状态4：WaitAim--[A6]
[INFO] [1775393950.368319277] [navNode]: 未到目标点
目标位置:(0.0, 0.0, 0.1)-[A6]-[MCU:False]-[POS:False]
当前位置:(-0.0036679203622043133, -0.0017346645472571254, 0.0022162492386996746)
[INFO] [1775393950.467909718] [navNode]: 状态4：WaitAim--[A6]
[INFO] [1775393950.468325292] [navNode]: 未到目标点
目标位置:(0.0, 0.0, 0.1)-[A6]-[MCU:False]-[POS:False]
当前位置:(-0.0033330509904772043, -0.0017668071668595076, 0.0023707859218120575)
[INFO] [1775393950.567452671] [navNode]: 状态4：WaitAim--[A6]
[INFO] [1775393950.568012913] [navNode]: 未到目标点
目标位置:(0.0, 0.0, 0.1)-[A6]-[MCU:False]-[POS:False]
当前位置:(-0.0033067669719457626, -0.001804436556994915, 0.0019413919653743505)
[INFO] [1775393950.667547486] [navNode]: 状态4：WaitAim--[A6]
[INFO] [1775393950.668069973] [navNode]: 未到目标点
目标位置:(0.0, 0.0, 0.1)-[A6]-[MCU:False]-[POS:False]
当前位置:(-0.0030830400064587593, -0.0015135041903704405, 0.001660561771132052)
[INFO] [1775393950.767636084] [navNode]: 状态4：WaitAim--[A6]
[INFO] [1775393950.768215174] [navNode]: 未到目标点
目标位置:(0.0, 0.0, 0.1)-[A6]-[MCU:False]-[POS:False]
当前位置:(-0.0033621718175709248, -0.0018675029277801514, 0.000730128784198314)
[INFO] [1775393950.867460489] [navNode]: 状态4：WaitAim--[A6]
[INFO] [1775393950.868012202] [navNode]: 未到目标点
目标位置:(0.0, 0.0, 0.1)-[A6]-[MCU:False]-[POS:False]
当前位置:(-0.003984358627349138, -0.002334393560886383, 0.002407220657914877)
[INFO] [1775393950.967622391] [navNode]: 状态4：WaitAim--[A6]
[INFO] [1775393950.968120536] [navNode]: 未到目标点
目标位置:(0.0, 0.0, 0.1)-[A6]-[MCU:False]-[POS:False]
当前位置:(-0.002961035817861557, -0.001738873077556491, 0.0006620643544010818)
[INFO] [1775393951.067320983] [navNode]: 状态4：WaitAim--[A6]
[INFO] [1775393951.067764500] [navNode]: 未到目标点
目标位置:(0.0, 0.0, 0.1)-[A6]-[MCU:False]-[POS:False]
当前位置:(-0.004138769581913948, -0.0023242628667503595, 0.00214254017919302)
[INFO] [1775393951.168346187] [navNode]: 状态4：WaitAim--[A6]
[INFO] [1775393951.168818381] [navNode]: 未到目标点
目标位置:(0.0, 0.0, 0.1)-[A6]-[MCU:False]-[POS:False]
当前位置:(-0.0037761679850518703, -0.00240602670237422, 0.001124251983128488)
[INFO] [1775393951.267332970] [navNode]: 状态4：WaitAim--[A6]
[INFO] [1775393951.267783909] [navNode]: 未到目标点
目标位置:(0.0, 0.0, 0.1)-[A6]-[MCU:False]-[POS:False]
当前位置:(-0.003972714301198721, -0.0022247766610234976, 0.0021958763245493174)
[INFO] [1775393951.367587690] [navNode]: 状态4：WaitAim--[A6]
[INFO] [1775393951.368018304] [navNode]: 未到目标点
目标位置:(0.0, 0.0, 0.1)-[A6]-[MCU:False]-[POS:False]
当前位置:(-0.003690446726977825, -0.0021950744558125734, 0.0014759969199076295)
[INFO] [1775393951.467443076] [navNode]: 状态4：WaitAim--[A6]
[INFO] [1775393951.467923773] [navNode]: 未到目标点
目标位置:(0.0, 0.0, 0.1)-[A6]-[MCU:False]-[POS:False]
当前位置:(-0.003439922584220767, -0.002167130121961236, 0.0017000262159854174)
[INFO] [1775393951.567425252] [navNode]: 状态4：WaitAim--[A6]
[INFO] [1775393951.568116782] [navNode]: 未到目标点
目标位置:(0.0, 0.0, 0.1)-[A6]-[MCU:False]-[POS:False]
当前位置:(-0.003494245931506157, -0.0018669520504772663, 0.0015730850864201784)
[INFO] [1775393951.667376542] [navNode]: 状态4：WaitAim--[A6]
[INFO] [1775393951.667848712] [navNode]: 未到目标点
目标位置:(0.0, 0.0, 0.1)-[A6]-[MCU:False]-[POS:False]
当前位置:(-0.00362377124838531, -0.0024884676095098257, 0.0010060705244541168)
[INFO] [1775393951.767592331] [navNode]: 状态4：WaitAim--[A6]
[INFO] [1775393951.768071535] [navNode]: 未到目标点
目标位置:(0.0, 0.0, 0.1)-[A6]-[MCU:False]-[POS:False]
当前位置:(-0.0042330119758844376, -0.002443440956994891, 0.0015483112074434757)
[INFO] [1775393951.867317263] [navNode]: 状态4：WaitAim--[A6]
[INFO] [1775393951.867887953] [navNode]: 未到目标点
目标位置:(0.0, 0.0, 0.1)-[A6]-[MCU:False]-[POS:False]
当前位置:(-0.0034502455964684486, -0.0020631493534892797, 0.0009911726228892803)
[INFO] [1775393951.967462990] [navNode]: 状态4：WaitAim--[A6]
[INFO] [1775393951.968047989] [navNode]: 未到目标点
目标位置:(0.0, 0.0, 0.1)-[A6]-[MCU:False]-[POS:False]
当前位置:(-0.0043238308280706406, -0.0027313700411468744, 0.0020385582465678453)
[INFO] [1775393952.067492572] [navNode]: 状态4：WaitAim--[A6]
[INFO] [1775393952.068037715] [navNode]: 未到目标点
目标位置:(0.0, 0.0, 0.1)-[A6]-[MCU:False]-[POS:False]
当前位置:(-0.004824095871299505, -0.002589211566373706, 0.0020714292768388987)
[INFO] [1775393952.167676296] [navNode]: 状态4：WaitAim--[A6]
[INFO] [1775393952.168128129] [navNode]: 未到目标点
目标位置:(0.0, 0.0, 0.1)-[A6]-[MCU:False]-[POS:False]
当前位置:(-0.0036721937358379364, -0.001965910429134965, 0.002547148847952485)
[INFO] [1775393952.267728772] [navNode]: 状态4：WaitAim--[A6]
[INFO] [1775393952.268260406] [navNode]: 未到目标点
目标位置:(0.0, 0.0, 0.1)-[A6]-[MCU:False]-[POS:False]
当前位置:(-0.002778974361717701, -0.0016351458616554737, 0.0002747827966231853)
[INFO] [1775393952.367228470] [navNode]: 状态4：WaitAim--[A6]
[INFO] [1775393952.367700451] [navNode]: 未到目标点
目标位置:(0.0, 0.0, 0.1)-[A6]-[MCU:False]-[POS:False]
当前位置:(-0.00377180939540267, -0.002549340482801199, 0.0016875689616426826)
[INFO] [1775393952.467304379] [navNode]: 状态4：WaitAim--[A6]
[INFO] [1775393952.467781306] [navNode]: 未到目标点
目标位置:(0.0, 0.0, 0.1)-[A6]-[MCU:False]-[POS:False]
当前位置:(-0.0033739975187927485, -0.0020124076399952173, 0.002872635843232274)
[INFO] [1775393952.568100802] [navNode]: 状态4：WaitAim--[A6]
[INFO] [1775393952.568566140] [navNode]: 未到目标点
目标位置:(0.0, 0.0, 0.1)-[A6]-[MCU:False]-[POS:False]
当前位置:(-0.0029889061115682125, -0.0018066300544887781, 0.0008689334499649704)
[INFO] [1775393952.667376594] [navNode]: 状态4：WaitAim--[A6]
[INFO] [1775393952.667868854] [navNode]: 未到目标点
目标位置:(0.0, 0.0, 0.1)-[A6]-[MCU:False]-[POS:False]
当前位置:(-0.0032914879266172647, -0.00209740805439651, 0.001294466550461948)
[INFO] [1775393952.767393722] [navNode]: 状态4：WaitAim--[A6]
[INFO] [1775393952.767919560] [navNode]: 未到目标点
目标位置:(0.0, 0.0, 0.1)-[A6]-[MCU:False]-[POS:False]
当前位置:(-0.0029839910566806793, -0.0021650975104421377, 0.0010254406370222569)
[INFO] [1775393952.867251946] [navNode]: 状态4：WaitAim--[A6]
[INFO] [1775393952.867705507] [navNode]: 未到目标点
目标位置:(0.0, 0.0, 0.1)-[A6]-[MCU:False]-[POS:False]
当前位置:(-0.002211037091910839, -0.0008024816634133458, 0.0013394039124250412)
[INFO] [1775393952.968604016] [navNode]: 状态4：WaitAim--[A6]
[INFO] [1775393952.969138481] [navNode]: 未到目标点
目标位置:(0.0, 0.0, 0.1)-[A6]-[MCU:False]-[POS:False]
当前位置:(-0.0024328995496034622, -0.0014002135721966624, 0.0021719851065427065)
[INFO] [1775393953.067674252] [navNode]: 状态4：WaitAim--[A6]
[INFO] [1775393953.068184803] [navNode]: 未到目标点
目标位置:(0.0, 0.0, 0.1)-[A6]-[MCU:False]-[POS:False]
当前位置:(-0.00314745563082397, -0.0018047954654321074, 0.002378308679908514)
[INFO] [1775393953.167715589] [navNode]: 状态4：WaitAim--[A6]
[INFO] [1775393953.168210648] [navNode]: 未到目标点
目标位置:(0.0, 0.0, 0.1)-[A6]-[MCU:False]-[POS:False]
当前位置:(-0.0037716550286859274, -0.0024239730555564165, 0.002655324526131153)
[INFO] [1775393953.267401148] [navNode]: 状态4：WaitAim--[A6]
[INFO] [1775393953.267877983] [navNode]: 未到目标点
目标位置:(0.0, 0.0, 0.1)-[A6]-[MCU:False]-[POS:False]
当前位置:(-0.0033158082515001297, -0.0016604610718786716, 0.002267510863021016)
[INFO] [1775393953.368471481] [navNode]: 状态4：WaitAim--[A6]
[INFO] [1775393953.368864265] [navNode]: 未到目标点
目标位置:(0.0, 0.0, 0.1)-[A6]-[MCU:False]-[POS:False]
当前位置:(-0.003834039205685258, -0.001983553869649768, 0.001876114634796977)
[INFO] [1775393953.467286959] [navNode]: 状态4：WaitAim--[A6]
[INFO] [1775393953.467938932] [navNode]: 未到目标点
目标位置:(0.0, 0.0, 0.1)-[A6]-[MCU:False]-[POS:False]
当前位置:(-0.002908770926296711, -0.0015129911480471492, 0.0014968628529459238)
[INFO] [1775393953.567249712] [navNode]: 状态4：WaitAim--[A6]
[INFO] [1775393953.567679651] [navNode]: 未到目标点
目标位置:(0.0, 0.0, 0.1)-[A6]-[MCU:False]-[POS:False]
当前位置:(-0.0030465915333479643, -0.0019266399322077632, 0.0016835188725963235)
[INFO] [1775393953.667431427] [navNode]: 状态4：WaitAim--[A6]
[INFO] [1775393953.667910035] [navNode]: 未到目标点
目标位置:(0.0, 0.0, 0.1)-[A6]-[MCU:False]-[POS:False]
当前位置:(-0.003394466359168291, -0.0015657164622098207, 0.0013013128191232681)
[INFO] [1775393953.767446076] [navNode]: 状态4：WaitAim--[A6]
[INFO] [1775393953.767978440] [navNode]: 未到目标点
目标位置:(0.0, 0.0, 0.1)-[A6]-[MCU:False]-[POS:False]
当前位置:(-0.0036892881616950035, -0.0018325158162042499, 0.002609038492664695)
[INFO] [1775393953.867448033] [navNode]: 状态4：WaitAim--[A6]
[INFO] [1775393953.867861842] [navNode]: 未到目标点
目标位置:(0.0, 0.0, 0.1)-[A6]-[MCU:False]-[POS:False]
当前位置:(-0.003941350616514683, -0.0025395378470420837, 0.0015220341738313437)
[INFO] [1775393953.967463403] [navNode]: 状态4：WaitAim--[A6]
[INFO] [1775393953.968384650] [navNode]: 未到目标点
目标位置:(0.0, 0.0, 0.1)-[A6]-[MCU:False]-[POS:False]
当前位置:(-0.003092764178290963, -0.0018576100701466203, 0.0026735421270132065)
[INFO] [1775393954.067231801] [navNode]: 状态4：WaitAim--[A6]
[INFO] [1775393954.067672624] [navNode]: 未到目标点
目标位置:(0.0, 0.0, 0.1)-[A6]-[MCU:False]-[POS:False]
当前位置:(-0.002783730858936906, -0.0015105556230992079, 0.0002999107528012246)
[INFO] [1775393954.167963868] [navNode]: 状态4：WaitAim--[A6]
[INFO] [1775393954.168432027] [navNode]: 未到目标点
目标位置:(0.0, 0.0, 0.1)-[A6]-[MCU:False]-[POS:False]
当前位置:(-0.00341815035790205, -0.0014811790315434337, 0.002791943959891796)
[INFO] [1775393954.267264015] [navNode]: 状态4：WaitAim--[A6]
[INFO] [1775393954.267694439] [navNode]: 未到目标点
目标位置:(0.0, 0.0, 0.1)-[A6]-[MCU:False]-[POS:False]
当前位置:(-0.0035265088081359863, -0.0022244637366384268, 0.0030623930506408215)
[INFO] [1775393954.367536204] [navNode]: 状态4：WaitAim--[A6]
[INFO] [1775393954.368034704] [navNode]: 未到目标点
目标位置:(0.0, 0.0, 0.1)-[A6]-[MCU:False]-[POS:False]
当前位置:(-0.003637498477473855, -0.001891307532787323, 0.0007399709429591894)
[INFO] [1775393954.467218587] [navNode]: 状态4：WaitAim--[A6]
[INFO] [1775393954.467649910] [navNode]: 未到目标点
目标位置:(0.0, 0.0, 0.1)-[A6]-[MCU:False]-[POS:False]
当前位置:(-0.003828147891908884, -0.0018677635816857219, 0.0021239821799099445)
[INFO] [1775393954.567552834] [navNode]: 状态4：WaitAim--[A6]
[INFO] [1775393954.568044028] [navNode]: 未到目标点
目标位置:(0.0, 0.0, 0.1)-[A6]-[MCU:False]-[POS:False]
当前位置:(-0.0031574878375977278, -0.0021202112548053265, 0.0014589724596589804)
[INFO] [1775393954.667252277] [navNode]: 状态4：WaitAim--[A6]
[INFO] [1775393954.667718756] [navNode]: 未到目标点
目标位置:(0.0, 0.0, 0.1)-[A6]-[MCU:False]-[POS:False]
当前位置:(-0.0036268432158976793, -0.0019552879966795444, 0.002273579128086567)
[INFO] [1775393954.767489025] [navNode]: 状态4：WaitAim--[A6]
[INFO] [1775393954.767984041] [navNode]: 未到目标点
目标位置:(0.0, 0.0, 0.1)-[A6]-[MCU:False]-[POS:False]
当前位置:(-0.0033722755033522844, -0.0022057488095015287, 0.0003582369536161423)
[INFO] [1775393954.867426423] [navNode]: 状态4：WaitAim--[A6]
[INFO] [1775393954.867890076] [navNode]: 未到目标点
目标位置:(0.0, 0.0, 0.1)-[A6]-[MCU:False]-[POS:False]
当前位置:(-0.003532436676323414, -0.0022894691210240126, 0.0008846150594763458)
[INFO] [1775393954.967693985] [navNode]: 状态4：WaitAim--[A6]
[INFO] [1775393954.968145725] [navNode]: 未到目标点
目标位置:(0.0, 0.0, 0.1)-[A6]-[MCU:False]-[POS:False]
当前位置:(-0.004227393306791782, -0.0024313696194440126, 0.0024218063335865736)
[INFO] [1775393955.067589602] [navNode]: 状态4：WaitAim--[A6]
[INFO] [1775393955.068085510] [navNode]: 未到目标点
目标位置:(0.0, 0.0, 0.1)-[A6]-[MCU:False]-[POS:False]
当前位置:(-0.004666827153414488, -0.0024746262934058905, 0.0022565945982933044)
[INFO] [1775393955.167507610] [navNode]: 状态4：WaitAim--[A6]
[INFO] [1775393955.168053774] [navNode]: 未到目标点
目标位置:(0.0, 0.0, 0.1)-[A6]-[MCU:False]-[POS:False]
当前位置:(-0.002791732782498002, -0.0011102260323241353, 0.0007043072837404907)
[INFO] [1775393955.267778040] [navNode]: 状态4：WaitAim--[A6]
[INFO] [1775393955.268303806] [navNode]: 未到目标点
目标位置:(0.0, 0.0, 0.1)-[A6]-[MCU:False]-[POS:False]
当前位置:(-0.003870645072311163, -0.002237748121842742, 0.0017579497070983052)
[INFO] [1775393955.367241674] [navNode]: 状态4：WaitAim--[A6]
[INFO] [1775393955.367687048] [navNode]: 未到目标点
目标位置:(0.0, 0.0, 0.1)-[A6]-[MCU:False]-[POS:False]
当前位置:(-0.003758457489311695, -0.002221124479547143, 0.000986871076747775)
[INFO] [1775393955.467389715] [navNode]: 状态4：WaitAim--[A6]
[INFO] [1775393955.467813924] [navNode]: 未到目标点
目标位置:(0.0, 0.0, 0.1)-[A6]-[MCU:False]-[POS:False]
当前位置:(-0.004218084271997213, -0.0019315971294417977, 0.002657592296600342)
[INFO] [1775393955.567296090] [navNode]: 状态4：WaitAim--[A6]
[INFO] [1775393955.568683495] [navNode]: 未到目标点
目标位置:(0.0, 0.0, 0.1)-[A6]-[MCU:False]-[POS:False]
当前位置:(-0.003512293566018343, -0.002497180365025997, 0.0022528418339788914)
[INFO] [1775393955.667408517] [navNode]: 状态4：WaitAim--[A6]
[INFO] [1775393955.667799851] [navNode]: 未到目标点
目标位置:(0.0, 0.0, 0.1)-[A6]-[MCU:False]-[POS:False]
当前位置:(-0.003990524914115667, -0.002252784790471196, 0.0023499280214309692)
[INFO] [1775393955.768136948] [navNode]: 状态4：WaitAim--[A6]
[INFO] [1775393955.768554139] [navNode]: 未到目标点
目标位置:(0.0, 0.0, 0.1)-[A6]-[MCU:False]-[POS:False]
当前位置:(-0.004295213147997856, -0.002523482544347644, 0.002665723906829953)
[INFO] [1775393955.867721438] [navNode]: 状态4：WaitAim--[A6]
[INFO] [1775393955.868165006] [navNode]: 未到目标点
目标位置:(0.0, 0.0, 0.1)-[A6]-[MCU:False]-[POS:False]
当前位置:(-0.00453832745552063, -0.00243117637000978, 0.002025400521233678)
[INFO] [1775393955.967567832] [navNode]: 状态4：WaitAim--[A6]
[INFO] [1775393955.968095817] [navNode]: 未到目标点
目标位置:(0.0, 0.0, 0.1)-[A6]-[MCU:False]-[POS:False]
当前位置:(-0.0037919417954981327, -0.00252756685949862, 0.0012448867782950401)
[INFO] [1775393956.068711775] [navNode]: 状态4：WaitAim--[A6]
[INFO] [1775393956.069208470] [navNode]: 未到目标点
目标位置:(0.0, 0.0, 0.1)-[A6]-[MCU:False]-[POS:False]
当前位置:(-0.004101954400539398, -0.002228901255875826, 0.001676192507147789)
[INFO] [1775393956.167401101] [navNode]: 状态4：WaitAim--[A6]
[INFO] [1775393956.167945630] [navNode]: 未到目标点
目标位置:(0.0, 0.0, 0.1)-[A6]-[MCU:False]-[POS:False]
当前位置:(-0.004123996943235397, -0.002251483267173171, 0.0025515160523355007)
[INFO] [1775393956.267673092] [navNode]: 状态4：WaitAim--[A6]
[INFO] [1775393956.268151734] [navNode]: 未到目标点
目标位置:(0.0, 0.0, 0.1)-[A6]-[MCU:False]-[POS:False]
当前位置:(-0.00375542975962162, -0.0024876687675714493, 0.0019472205312922597)
[INFO] [1775393956.367309847] [navNode]: 状态4：WaitAim--[A6]
[INFO] [1775393956.368024471] [navNode]: 未到目标点
目标位置:(0.0, 0.0, 0.1)-[A6]-[MCU:False]-[POS:False]
当前位置:(-0.004310053773224354, -0.002339293248951435, 0.002110851462930441)
[INFO] [1775393956.467528095] [navNode]: 状态4：WaitAim--[A6]
[INFO] [1775393956.467986658] [navNode]: 未到目标点
目标位置:(0.0, 0.0, 0.1)-[A6]-[MCU:False]-[POS:False]
当前位置:(-0.004461731296032667, -0.002660548547282815, 0.001956993481144309)
[INFO] [1775393956.567404214] [navNode]: 状态4：WaitAim--[A6]
[INFO] [1775393956.568596204] [navNode]: 未到目标点
目标位置:(0.0, 0.0, 0.1)-[A6]-[MCU:False]-[POS:False]
当前位置:(-0.004840734414756298, -0.0025975380558520555, 0.001992051722481847)
[INFO] [1775393956.667540342] [navNode]: 状态4：WaitAim--[A6]
[INFO] [1775393956.667978986] [navNode]: 未到目标点
目标位置:(0.0, 0.0, 0.1)-[A6]-[MCU:False]-[POS:False]
当前位置:(-0.0042020296677947044, -0.0021703592501580715, 0.0022139502689242363)
[INFO] [1775393956.767751397] [navNode]: 状态4：WaitAim--[A6]
[INFO] [1775393956.768235691] [navNode]: 未到目标点
目标位置:(0.0, 0.0, 0.1)-[A6]-[MCU:False]-[POS:False]
当前位置:(-0.004519598092883825, -0.002592926612123847, 0.0017021738458424807)
[INFO] [1775393956.867347555] [navNode]: 状态4：WaitAim--[A6]
[INFO] [1775393956.868441780] [navNode]: 未到目标点
目标位置:(0.0, 0.0, 0.1)-[A6]-[MCU:False]-[POS:False]
当前位置:(-0.0039712791331112385, -0.002637305064126849, 0.0024122789036482573)
[INFO] [1775393956.967614792] [navNode]: 状态4：WaitAim--[A6]
[INFO] [1775393956.968039421] [navNode]: 未到目标点
目标位置:(0.0, 0.0, 0.1)-[A6]-[MCU:False]-[POS:False]
当前位置:(-0.0030937478877604008, -0.001959041226655245, 0.0025149791035801172)
[INFO] [1775393957.067281224] [navNode]: 状态4：WaitAim--[A6]
[INFO] [1775393957.067981057] [navNode]: 未到目标点
目标位置:(0.0, 0.0, 0.1)-[A6]-[MCU:False]-[POS:False]
当前位置:(-0.0039788829162716866, -0.0023332801647484303, 0.002471239771693945)
[INFO] [1775393957.167641641] [navNode]: 状态4：WaitAim--[A6]
[INFO] [1775393957.168134955] [navNode]: 未到目标点
目标位置:(0.0, 0.0, 0.1)-[A6]-[MCU:False]-[POS:False]
当前位置:(-0.004583675879985094, -0.002134897978976369, 0.0017281030304729939)
[INFO] [1775393957.267182815] [navNode]: 状态4：WaitAim--[A6]
[INFO] [1775393957.267630437] [navNode]: 未到目标点
目标位置:(0.0, 0.0, 0.1)-[A6]-[MCU:False]-[POS:False]
当前位置:(-0.004004773683845997, -0.0022391024976968765, 0.002101824851706624)
[INFO] [1775393957.367568545] [navNode]: 状态4：WaitAim--[A6]
[INFO] [1775393957.368097156] [navNode]: 未到目标点
目标位置:(0.0, 0.0, 0.1)-[A6]-[MCU:False]-[POS:False]
当前位置:(-0.0038555527571588755, -0.002102580852806568, 0.0020769492257386446)
[INFO] [1775393957.467270228] [navNode]: 状态4：WaitAim--[A6]
[INFO] [1775393957.467765391] [navNode]: 未到目标点
目标位置:(0.0, 0.0, 0.1)-[A6]-[MCU:False]-[POS:False]
当前位置:(-0.0036140235606580973, -0.002143286634236574, 0.0024675962049514055)
[INFO] [1775393957.567253805] [navNode]: 状态4：WaitAim--[A6]
[INFO] [1775393957.567682346] [navNode]: 未到目标点
目标位置:(0.0, 0.0, 0.1)-[A6]-[MCU:False]-[POS:False]
当前位置:(-0.0031244803685694933, -0.002485735574737191, 0.002379052573814988)
[INFO] [1775393957.667303738] [navNode]: 状态4：WaitAim--[A6]
[INFO] [1775393957.667789929] [navNode]: 未到目标点
目标位置:(0.0, 0.0, 0.1)-[A6]-[MCU:False]-[POS:False]
当前位置:(-0.0034727132879197598, -0.0020875304471701384, 0.0022829652298241854)
[INFO] [1775393957.767973140] [navNode]: 状态4：WaitAim--[A6]
[INFO] [1775393957.768416238] [navNode]: 未到目标点
目标位置:(0.0, 0.0, 0.1)-[A6]-[MCU:False]-[POS:False]
当前位置:(-0.003286781720817089, -0.0017053188057616353, 0.0028530173003673553)
[INFO] [1775393957.867380479] [navNode]: 状态4：WaitAim--[A6]
[INFO] [1775393957.867776275] [navNode]: 未到目标点
目标位置:(0.0, 0.0, 0.1)-[A6]-[MCU:False]-[POS:False]
当前位置:(-0.0038172160275280476, -0.0024014159571379423, 0.0018250133143737912)
[INFO] [1775393957.968940894] [navNode]: 状态4：WaitAim--[A6]
[INFO] [1775393957.970085965] [navNode]: 未到目标点
目标位置:(0.0, 0.0, 0.1)-[A6]-[MCU:False]-[POS:False]
当前位置:(-0.004031899385154247, -0.002185783116146922, 0.0018982348265126348)
[INFO] [1775393958.067922940] [navNode]: 状态4：WaitAim--[A6]
[INFO] [1775393958.068547128] [navNode]: 未到目标点
目标位置:(0.0, 0.0, 0.1)-[A6]-[MCU:False]-[POS:False]
当前位置:(-0.0031553793232887983, -0.0021108819637447596, 0.001189473201520741)
[INFO] [1775393958.167804656] [navNode]: 状态4：WaitAim--[A6]
[INFO] [1775393958.169058040] [navNode]: 未到目标点
目标位置:(0.0, 0.0, 0.1)-[A6]-[MCU:False]-[POS:False]
当前位置:(-0.0034651171881705523, -0.0019882130436599255, 0.0010208201128989458)
[INFO] [1775393958.268021734] [navNode]: 状态4：WaitAim--[A6]
[INFO] [1775393958.268542467] [navNode]: 未到目标点
目标位置:(0.0, 0.0, 0.1)-[A6]-[MCU:False]-[POS:False]
当前位置:(-0.004260247573256493, -0.002401148434728384, 0.001975597580894828)
[INFO] [1775393958.368206016] [navNode]: 状态4：WaitAim--[A6]
[INFO] [1775393958.368715147] [navNode]: 未到目标点
目标位置:(0.0, 0.0, 0.1)-[A6]-[MCU:False]-[POS:False]
当前位置:(-0.0034342403523623943, -0.0024020373821258545, 0.002358806785196066)
[INFO] [1775393958.467579292] [navNode]: 状态4：WaitAim--[A6]
[INFO] [1775393958.468050808] [navNode]: 未到目标点
目标位置:(0.0, 0.0, 0.1)-[A6]-[MCU:False]-[POS:False]
当前位置:(-0.0033255871385335922, -0.0015803746646270156, 0.0022566691040992737)
[INFO] [1775393958.567969332] [navNode]: 状态4：WaitAim--[A6]
[INFO] [1775393958.568568950] [navNode]: 未到目标点
目标位置:(0.0, 0.0, 0.1)-[A6]-[MCU:False]-[POS:False]
当前位置:(-0.0030182995833456516, -0.0013650722103193402, 0.002548174001276493)
[INFO] [1775393958.668189776] [navNode]: 状态4：WaitAim--[A6]
[INFO] [1775393958.668774346] [navNode]: 未到目标点
目标位置:(0.0, 0.0, 0.1)-[A6]-[MCU:False]-[POS:False]
当前位置:(-0.0018858211115002632, -0.001163949491456151, 0.001158538507297635)
[INFO] [1775393958.767382157] [navNode]: 状态4：WaitAim--[A6]
[INFO] [1775393958.768196281] [navNode]: 未到目标点
目标位置:(0.0, 0.0, 0.1)-[A6]-[MCU:False]-[POS:False]
当前位置:(-0.003366846591234207, -0.001976737752556801, 0.002204929245635867)
[INFO] [1775393958.867440030] [navNode]: 状态4：WaitAim--[A6]
[INFO] [1775393958.868315147] [navNode]: 未到目标点
目标位置:(0.0, 0.0, 0.1)-[A6]-[MCU:False]-[POS:False]
当前位置:(-0.003093097824603319, -0.0017131711356341839, 0.002002995926886797)
[INFO] [1775393958.967399154] [navNode]: 状态4：WaitAim--[A6]
[INFO] [1775393958.967902843] [navNode]: 未到目标点
目标位置:(0.0, 0.0, 0.1)-[A6]-[MCU:False]-[POS:False]
当前位置:(-0.003460035426542163, -0.0019880260806530714, 0.002506652846932411)
[INFO] [1775393959.067646692] [navNode]: 状态4：WaitAim--[A6]
[INFO] [1775393959.068128776] [navNode]: 未到目标点
目标位置:(0.0, 0.0, 0.1)-[A6]-[MCU:False]-[POS:False]
当前位置:(-0.003969929646700621, -0.002129122382029891, 0.0021905223838984966)
[INFO] [1775393959.167398023] [navNode]: 状态4：WaitAim--[A6]
[INFO] [1775393959.167859671] [navNode]: 未到目标点
目标位置:(0.0, 0.0, 0.1)-[A6]-[MCU:False]-[POS:False]
当前位置:(-0.004188654012978077, -0.002115041483193636, 0.0014659016160294414)
[INFO] [1775393959.267322710] [navNode]: 状态4：WaitAim--[A6]
[INFO] [1775393959.267926620] [navNode]: 未到目标点
目标位置:(0.0, 0.0, 0.1)-[A6]-[MCU:False]-[POS:False]
当前位置:(-0.0033568739891052246, -0.0017488562734797597, 0.0019386429339647293)
[INFO] [1775393959.367314669] [navNode]: 状态4：WaitAim--[A6]
[INFO] [1775393959.367796837] [navNode]: 未到目标点
目标位置:(0.0, 0.0, 0.1)-[A6]-[MCU:False]-[POS:False]
当前位置:(-0.002837687497958541, -0.0019417486619204283, 0.00232610572129488)
[INFO] [1775393959.467608337] [navNode]: 状态4：WaitAim--[A6]
[INFO] [1775393959.468075464] [navNode]: 未到目标点
目标位置:(0.0, 0.0, 0.1)-[A6]-[MCU:False]-[POS:False]
当前位置:(-0.003266791580244899, -0.0017902447143569589, 0.0029752347618341446)
[INFO] [1775393959.567776076] [navNode]: 状态4：WaitAim--[A6]
[INFO] [1775393959.568475128] [navNode]: 未到目标点
目标位置:(0.0, 0.0, 0.1)-[A6]-[MCU:False]-[POS:False]
当前位置:(-0.0035774358548223972, -0.002202549483627081, 0.0025192603934556246)
[INFO] [1775393959.667453254] [navNode]: 状态4：WaitAim--[A6]
[INFO] [1775393959.667938813] [navNode]: 未到目标点
目标位置:(0.0, 0.0, 0.1)-[A6]-[MCU:False]-[POS:False]
当前位置:(-0.0035662022419273853, -0.0024111128877848387, 0.00318889319896698)
[INFO] [1775393959.767155525] [navNode]: 状态4：WaitAim--[A6]
[INFO] [1775393959.767614935] [navNode]: 未到目标点
目标位置:(0.0, 0.0, 0.1)-[A6]-[MCU:False]-[POS:False]
当前位置:(-0.0018999656895175576, -0.0007301124860532582, 0.0010053737787529826)
[INFO] [1775393959.867414334] [navNode]: 状态4：WaitAim--[A6]
[INFO] [1775393959.867855428] [navNode]: 未到目标点
目标位置:(0.0, 0.0, 0.1)-[A6]-[MCU:False]-[POS:False]
当前位置:(-0.0032944942358881235, -0.0020858037751168013, 0.0020120320841670036)
[INFO] [1775393959.967616788] [navNode]: 状态4：WaitAim--[A6]
[INFO] [1775393959.968080660] [navNode]: 未到目标点
目标位置:(0.0, 0.0, 0.1)-[A6]-[MCU:False]-[POS:False]
当前位置:(-0.003120322246104479, -0.0016421859618276358, 0.0016992177115753293)
[INFO] [1775393960.068002788] [navNode]: 状态4：WaitAim--[A6]
[INFO] [1775393960.068544527] [navNode]: 未到目标点
目标位置:(0.0, 0.0, 0.1)-[A6]-[MCU:False]-[POS:False]
当前位置:(-0.0034147014375776052, -0.002204792108386755, 0.002681948011741042)
[INFO] [1775393960.167671013] [navNode]: 状态4：WaitAim--[A6]
[INFO] [1775393960.168186255] [navNode]: 未到目标点
目标位置:(0.0, 0.0, 0.1)-[A6]-[MCU:False]-[POS:False]
当前位置:(-0.0036765907425433397, -0.0018493375973775983, 0.0024753676261752844)
[INFO] [1775393960.267556976] [navNode]: 状态4：WaitAim--[A6]
[INFO] [1775393960.268004771] [navNode]: 未到目标点
目标位置:(0.0, 0.0, 0.1)-[A6]-[MCU:False]-[POS:False]
当前位置:(-0.0033666957169771194, -0.0019851792603731155, 0.0020761226769536734)
[INFO] [1775393960.367432569] [navNode]: 状态4：WaitAim--[A6]
[INFO] [1775393960.368172883] [navNode]: 未到目标点
目标位置:(0.0, 0.0, 0.1)-[A6]-[MCU:False]-[POS:False]
当前位置:(-0.003183395368978381, -0.001538529060781002, 0.001766183995641768)
[INFO] [1775393960.467330276] [navNode]: 状态4：WaitAim--[A6]
[INFO] [1775393960.468420536] [navNode]: 未到目标点
目标位置:(0.0, 0.0, 0.1)-[A6]-[MCU:False]-[POS:False]
当前位置:(-0.0040226103737950325, -0.002144850790500641, 0.002277846448123455)
[INFO] [1775393960.567270759] [navNode]: 状态4：WaitAim--[A6]
[INFO] [1775393960.567963025] [navNode]: 未到目标点
目标位置:(0.0, 0.0, 0.1)-[A6]-[MCU:False]-[POS:False]
当前位置:(-0.00360740814357996, -0.0023024706169962883, 0.002985105849802494)
[INFO] [1775393960.667452179] [navNode]: 状态4：WaitAim--[A6]
[INFO] [1775393960.667895021] [navNode]: 未到目标点
目标位置:(0.0, 0.0, 0.1)-[A6]-[MCU:False]-[POS:False]
当前位置:(-0.0027835830114781857, -0.0016006268560886383, 0.000549643358681351)
[INFO] [1775393960.767388960] [navNode]: 状态4：WaitAim--[A6]
[INFO] [1775393960.767844343] [navNode]: 未到目标点
目标位置:(0.0, 0.0, 0.1)-[A6]-[MCU:False]-[POS:False]
当前位置:(-0.0034218146465718746, -0.0018510172376409173, 0.0010071222204715014)
[INFO] [1775393960.868068346] [navNode]: 状态4：WaitAim--[A6]
[INFO] [1775393960.868504527] [navNode]: 未到目标点
目标位置:(0.0, 0.0, 0.1)-[A6]-[MCU:False]-[POS:False]
当前位置:(-0.003965779673308134, -0.002509703394025564, 0.0018044208409264684)
[INFO] [1775393960.967663682] [navNode]: 状态4：WaitAim--[A6]
[INFO] [1775393960.968151430] [navNode]: 未到目标点
目标位置:(0.0, 0.0, 0.1)-[A6]-[MCU:False]-[POS:False]
当前位置:(-0.004065814893692732, -0.0024984334595501423, 0.0026728257071226835)
[INFO] [1775393961.067683059] [navNode]: 状态4：WaitAim--[A6]
[INFO] [1775393961.068173394] [navNode]: 未到目标点
目标位置:(0.0, 0.0, 0.1)-[A6]-[MCU:False]-[POS:False]
当前位置:(-0.004254178609699011, -0.0025989448186010122, 0.0022508203983306885)
[INFO] [1775393961.167266437] [navNode]: 状态4：WaitAim--[A6]
[INFO] [1775393961.167861159] [navNode]: 未到目标点
目标位置:(0.0, 0.0, 0.1)-[A6]-[MCU:False]-[POS:False]
当前位置:(-0.004054345656186342, -0.0022399816662073135, 0.0025429916568100452)
[INFO] [1775393961.267754100] [navNode]: 状态4：WaitAim--[A6]
[INFO] [1775393961.268192119] [navNode]: 未到目标点
目标位置:(0.0, 0.0, 0.1)-[A6]-[MCU:False]-[POS:False]
当前位置:(-0.0036930087953805923, -0.002330730902031064, 0.0020646138582378626)
[INFO] [1775393961.367312283] [navNode]: 状态4：WaitAim--[A6]
[INFO] [1775393961.367769449] [navNode]: 未到目标点
目标位置:(0.0, 0.0, 0.1)-[A6]-[MCU:False]-[POS:False]
当前位置:(-0.004150331486016512, -0.0022522015497088432, 0.0018262012163177133)
[INFO] [1775393961.467088269] [navNode]: 状态4：WaitAim--[A6]
[INFO] [1775393961.467510011] [navNode]: 未到目标点
目标位置:(0.0, 0.0, 0.1)-[A6]-[MCU:False]-[POS:False]
当前位置:(-0.0043716635555028915, -0.0024445794988423586, 0.0022727579344063997)
[INFO] [1775393961.567249420] [navNode]: 状态4：WaitAim--[A6]
[INFO] [1775393961.567639005] [navNode]: 未到目标点
目标位置:(0.0, 0.0, 0.1)-[A6]-[MCU:False]-[POS:False]
当前位置:(-0.004677846562117338, -0.002441846067085862, 0.0018117293948307633)
[INFO] [1775393961.667471847] [navNode]: 状态4：WaitAim--[A6]
[INFO] [1775393961.667889995] [navNode]: 未到目标点
目标位置:(0.0, 0.0, 0.1)-[A6]-[MCU:False]-[POS:False]
当前位置:(-0.0036843835841864347, -0.002323429100215435, 0.002518015680834651)
[INFO] [1775393961.767934396] [navNode]: 状态4：WaitAim--[A6]
[INFO] [1775393961.768425477] [navNode]: 未到目标点
目标位置:(0.0, 0.0, 0.1)-[A6]-[MCU:False]-[POS:False]
当前位置:(-0.003094593295827508, -0.0020387908443808556, 0.0017894497141242027)
[INFO] [1775393961.868089835] [navNode]: 状态4：WaitAim--[A6]
[INFO] [1775393961.868572695] [navNode]: 未到目标点
目标位置:(0.0, 0.0, 0.1)-[A6]-[MCU:False]-[POS:False]
当前位置:(-0.004108676686882973, -0.0025720689445734024, 0.002376964082941413)
[INFO] [1775393961.967397296] [navNode]: 状态4：WaitAim--[A6]
[INFO] [1775393961.967854363] [navNode]: 未到目标点
目标位置:(0.0, 0.0, 0.1)-[A6]-[MCU:False]-[POS:False]
当前位置:(-0.0036528524942696095, -0.002642584266141057, 0.0018151872791349888)
[INFO] [1775393962.067221131] [navNode]: 状态4：WaitAim--[A6]
[INFO] [1775393962.067879172] [navNode]: 未到目标点
目标位置:(0.0, 0.0, 0.1)-[A6]-[MCU:False]-[POS:False]
当前位置:(-0.003585346508771181, -0.0022126242984086275, 0.0022567284759134054)
[INFO] [1775393962.167472004] [navNode]: 状态4：WaitAim--[A6]
[INFO] [1775393962.167913902] [navNode]: 未到目标点
目标位置:(0.0, 0.0, 0.1)-[A6]-[MCU:False]-[POS:False]
当前位置:(-0.00396919809281826, -0.002401673700660467, 0.0025660069659352303)
[INFO] [1775393962.267433077] [navNode]: 状态4：WaitAim--[A6]
[INFO] [1775393962.267965644] [navNode]: 未到目标点
目标位置:(0.0, 0.0, 0.1)-[A6]-[MCU:False]-[POS:False]
当前位置:(-0.003076320979744196, -0.002194121712818742, 0.0018517979187890887)
[INFO] [1775393962.367559262] [navNode]: 状态4：WaitAim--[A6]
[INFO] [1775393962.368036343] [navNode]: 未到目标点
目标位置:(0.0, 0.0, 0.1)-[A6]-[MCU:False]-[POS:False]
当前位置:(-0.0036553910467773676, -0.0019418096635490656, 0.001704580383375287)
[INFO] [1775393962.468073847] [navNode]: 状态4：WaitAim--[A6]
[INFO] [1775393962.468515143] [navNode]: 未到目标点
目标位置:(0.0, 0.0, 0.1)-[A6]-[MCU:False]-[POS:False]
当前位置:(-0.004156208131462336, -0.0024725068360567093, 0.0023777817841619253)
[INFO] [1775393962.568284738] [navNode]: 状态4：WaitAim--[A6]
[INFO] [1775393962.568800855] [navNode]: 未到目标点
目标位置:(0.0, 0.0, 0.1)-[A6]-[MCU:False]-[POS:False]
当前位置:(-0.00415425980463624, -0.0022405728232115507, 0.0014792473521083593)
[INFO] [1775393962.667612055] [navNode]: 状态4：WaitAim--[A6]
[INFO] [1775393962.668079140] [navNode]: 未到目标点
目标位置:(0.0, 0.0, 0.1)-[A6]-[MCU:False]-[POS:False]
当前位置:(-0.0044557866640388966, -0.0026499058585613966, 0.0016648729797452688)
[INFO] [1775393962.767566865] [navNode]: 状态4：WaitAim--[A6]
[INFO] [1775393962.768021005] [navNode]: 未到目标点
目标位置:(0.0, 0.0, 0.1)-[A6]-[MCU:False]-[POS:False]
当前位置:(-0.004324555397033691, -0.0025113674346357584, 0.0010477685136720538)
[INFO] [1775393962.867225675] [navNode]: 状态4：WaitAim--[A6]
[INFO] [1775393962.867963281] [navNode]: 未到目标点
目标位置:(0.0, 0.0, 0.1)-[A6]-[MCU:False]-[POS:False]
当前位置:(-0.004397938959300518, -0.002476508729159832, 0.002426875988021493)
[INFO] [1775393962.967581977] [navNode]: 状态4：WaitAim--[A6]
[INFO] [1775393962.968046798] [navNode]: 未到目标点
目标位置:(0.0, 0.0, 0.1)-[A6]-[MCU:False]-[POS:False]
当前位置:(-0.0035174572840332985, -0.0014297538436949253, 0.0028226946014910936)
[INFO] [1775393963.067568060] [navNode]: 状态4：WaitAim--[A6]
[INFO] [1775393963.068101940] [navNode]: 未到目标点
目标位置:(0.0, 0.0, 0.1)-[A6]-[MCU:False]-[POS:False]
当前位置:(-0.003649686696007848, -0.0020839234348386526, 0.002315130550414324)
[INFO] [1775393963.167458410] [navNode]: 状态4：WaitAim--[A6]
[INFO] [1775393963.167842530] [navNode]: 未到目标点
目标位置:(0.0, 0.0, 0.1)-[A6]-[MCU:False]-[POS:False]
当前位置:(-0.003451259108260274, -0.0019617509096860886, 0.002390216337516904)
[INFO] [1775393963.267366506] [navNode]: 状态4：WaitAim--[A6]
[INFO] [1775393963.267871157] [navNode]: 未到目标点
目标位置:(0.0, 0.0, 0.1)-[A6]-[MCU:False]-[POS:False]
当前位置:(-0.0033504245802760124, -0.001678324188105762, 0.002228257479146123)
[INFO] [1775393963.367295491] [navNode]: 状态4：WaitAim--[A6]
[INFO] [1775393963.367760774] [navNode]: 未到目标点
目标位置:(0.0, 0.0, 0.1)-[A6]-[MCU:False]-[POS:False]
当前位置:(-0.0028730432968586683, -0.002153160749003291, 0.0004135596682317555)
[INFO] [1775393963.467560665] [navNode]: 状态4：WaitAim--[A6]
[INFO] [1775393963.467997494] [navNode]: 未到目标点
目标位置:(0.0, 0.0, 0.1)-[A6]-[MCU:False]-[POS:False]
当前位置:(-0.003962848335504532, -0.0021959340665489435, 0.0028718016110360622)
[INFO] [1775393963.567281894] [navNode]: 状态4：WaitAim--[A6]
[INFO] [1775393963.567755057] [navNode]: 未到目标点
目标位置:(0.0, 0.0, 0.1)-[A6]-[MCU:False]-[POS:False]
当前位置:(-0.0034926380030810833, -0.00209813192486763, 0.0019399403827264905)
[INFO] [1775393963.667403959] [navNode]: 状态4：WaitAim--[A6]
[INFO] [1775393963.667857834] [navNode]: 未到目标点
目标位置:(0.0, 0.0, 0.1)-[A6]-[MCU:False]-[POS:False]
当前位置:(-0.0036455995868891478, -0.0021418530959635973, 0.0023880971129983664)
[INFO] [1775393963.767349858] [navNode]: 状态4：WaitAim--[A6]
[INFO] [1775393963.767807655] [navNode]: 未到目标点
目标位置:(0.0, 0.0, 0.1)-[A6]-[MCU:False]-[POS:False]
当前位置:(-0.0038801769260317087, -0.0019836348947137594, 0.001257265917956829)
[INFO] [1775393963.867576437] [navNode]: 状态4：WaitAim--[A6]
[INFO] [1775393963.868011312] [navNode]: 未到目标点
目标位置:(0.0, 0.0, 0.1)-[A6]-[MCU:False]-[POS:False]
当前位置:(-0.003801006590947509, -0.0020940941758453846, 0.002391848945990205)
[INFO] [1775393963.967252228] [navNode]: 状态4：WaitAim--[A6]
[INFO] [1775393963.967933566] [navNode]: 未到目标点
目标位置:(0.0, 0.0, 0.1)-[A6]-[MCU:False]-[POS:False]
当前位置:(-0.0034755789674818516, -0.0020310445688664913, 0.0005692816339433193)
[INFO] [1775393964.067744573] [navNode]: 状态4：WaitAim--[A6]
[INFO] [1775393964.068182176] [navNode]: 未到目标点
目标位置:(0.0, 0.0, 0.1)-[A6]-[MCU:False]-[POS:False]
当前位置:(-0.004155143164098263, -0.0025626537390053272, 0.002380608581006527)
[INFO] [1775393964.167099778] [navNode]: 状态4：WaitAim--[A6]
[INFO] [1775393964.167728375] [navNode]: 未到目标点
目标位置:(0.0, 0.0, 0.1)-[A6]-[MCU:False]-[POS:False]
当前位置:(-0.004143072292208672, -0.0020898848306387663, 0.0027731347363442183)
[INFO] [1775393964.267786661] [navNode]: 状态4：WaitAim--[A6]
[INFO] [1775393964.268393847] [navNode]: 未到目标点
目标位置:(0.0, 0.0, 0.1)-[A6]-[MCU:False]-[POS:False]
当前位置:(-0.003794074058532715, -0.0021560899913311005, 0.0014953943900763988)
[INFO] [1775393964.367377498] [navNode]: 状态4：WaitAim--[A6]
[INFO] [1775393964.367848154] [navNode]: 未到目标点
目标位置:(0.0, 0.0, 0.1)-[A6]-[MCU:False]-[POS:False]
当前位置:(-0.00371413491666317, -0.0023626997135579586, 0.0014527111779898405)
[INFO] [1775393964.467267420] [navNode]: 状态4：WaitAim--[A6]
[INFO] [1775393964.467677082] [navNode]: 未到目标点
目标位置:(0.0, 0.0, 0.1)-[A6]-[MCU:False]-[POS:False]
当前位置:(-0.004176630172878504, -0.0025309077464044094, 0.002475614659488201)
[INFO] [1775393964.567225504] [navNode]: 状态4：WaitAim--[A6]
[INFO] [1775393964.567964998] [navNode]: 未到目标点
目标位置:(0.0, 0.0, 0.1)-[A6]-[MCU:False]-[POS:False]
当前位置:(-0.004036979284137487, -0.0024982604663819075, 0.0018287941347807646)
[INFO] [1775393964.667370000] [navNode]: 状态4：WaitAim--[A6]
[INFO] [1775393964.667850310] [navNode]: 未到目标点
目标位置:(0.0, 0.0, 0.1)-[A6]-[MCU:False]-[POS:False]
当前位置:(-0.0034489165991544724, -0.0025607035495340824, 0.0024523702450096607)
[INFO] [1775393964.767985294] [navNode]: 状态4：WaitAim--[A6]
[INFO] [1775393964.768445161] [navNode]: 未到目标点
目标位置:(0.0, 0.0, 0.1)-[A6]-[MCU:False]-[POS:False]
当前位置:(-0.004113160539418459, -0.0019489290425553918, 0.002045008586719632)
[INFO] [1775393964.867310602] [navNode]: 状态4：WaitAim--[A6]
[INFO] [1775393964.867748697] [navNode]: 未到目标点
目标位置:(0.0, 0.0, 0.1)-[A6]-[MCU:False]-[POS:False]
当前位置:(-0.0036664537619799376, -0.0018984515918418765, 0.002426458289846778)
[INFO] [1775393964.967718643] [navNode]: 状态4：WaitAim--[A6]
[INFO] [1775393964.968183120] [navNode]: 未到目标点
目标位置:(0.0, 0.0, 0.1)-[A6]-[MCU:False]-[POS:False]
当前位置:(-0.0036911575589329004, -0.0022559105418622494, 0.0015685328980907798)
[INFO] [1775393965.068212698] [navNode]: 状态4：WaitAim--[A6]
[INFO] [1775393965.068669233] [navNode]: 未到目标点
目标位置:(0.0, 0.0, 0.1)-[A6]-[MCU:False]-[POS:False]
当前位置:(-0.003937146160751581, -0.002504047006368637, 0.002289211144670844)
[INFO] [1775393965.167351559] [navNode]: 状态4：WaitAim--[A6]
[INFO] [1775393965.167972814] [navNode]: 未到目标点
目标位置:(0.0, 0.0, 0.1)-[A6]-[MCU:False]-[POS:False]
当前位置:(-0.0038197324611246586, -0.0023116448428481817, 0.0020045978017151356)
[INFO] [1775393965.267585976] [navNode]: 状态4：WaitAim--[A6]
[INFO] [1775393965.268099539] [navNode]: 未到目标点
目标位置:(0.0, 0.0, 0.1)-[A6]-[MCU:False]-[POS:False]
当前位置:(-0.004152573179453611, -0.002533226041123271, 0.002436402253806591)
[INFO] [1775393965.367608838] [navNode]: 状态4：WaitAim--[A6]
[INFO] [1775393965.368092963] [navNode]: 未到目标点
目标位置:(0.0, 0.0, 0.1)-[A6]-[MCU:False]-[POS:False]
当前位置:(-0.003140630666166544, -0.002542133443057537, 0.0012237165356054902)
[INFO] [1775393965.467238227] [navNode]: 状态4：WaitAim--[A6]
[INFO] [1775393965.467852963] [navNode]: 未到目标点
目标位置:(0.0, 0.0, 0.1)-[A6]-[MCU:False]-[POS:False]
当前位置:(-0.0036156962160021067, -0.0018179097678512335, 0.0014077150262892246)
[INFO] [1775393965.567848625] [navNode]: 状态4：WaitAim--[A6]
[INFO] [1775393965.568302838] [navNode]: 未到目标点
目标位置:(0.0, 0.0, 0.1)-[A6]-[MCU:False]-[POS:False]
当前位置:(-0.0033291552681475878, -0.001561492565087974, 0.0027621304616332054)
[INFO] [1775393965.667360420] [navNode]: 状态4：WaitAim--[A6]
[INFO] [1775393965.667835296] [navNode]: 未到目标点
目标位置:(0.0, 0.0, 0.1)-[A6]-[MCU:False]-[POS:False]
当前位置:(-0.003982377238571644, -0.002014078898355365, 0.0029348726384341717)
[INFO] [1775393965.767549645] [navNode]: 状态4：WaitAim--[A6]
[INFO] [1775393965.767989751] [navNode]: 未到目标点
目标位置:(0.0, 0.0, 0.1)-[A6]-[MCU:False]-[POS:False]
当前位置:(-0.0037730711046606302, -0.002526865340769291, 0.002365648280829191)
[INFO] [1775393965.868323555] [navNode]: 状态4：WaitAim--[A6]
[INFO] [1775393965.868798567] [navNode]: 未到目标点
目标位置:(0.0, 0.0, 0.1)-[A6]-[MCU:False]-[POS:False]
当前位置:(-0.0033433015923947096, -0.0020011626183986664, 0.00153138127643615)
[INFO] [1775393965.967496120] [navNode]: 状态4：WaitAim--[A6]
[INFO] [1775393965.967942792] [navNode]: 未到目标点
目标位置:(0.0, 0.0, 0.1)-[A6]-[MCU:False]-[POS:False]
当前位置:(-0.0030970382504165173, -0.0017040151869878173, 0.001499223057180643)
[INFO] [1775393966.067510359] [navNode]: 状态4：WaitAim--[A6]
[INFO] [1775393966.067981745] [navNode]: 未到目标点
目标位置:(0.0, 0.0, 0.1)-[A6]-[MCU:False]-[POS:False]
当前位置:(-0.003529171459376812, -0.0021894320379942656, 0.0028438211884349585)
[INFO] [1775393966.167576503] [navNode]: 状态4：WaitAim--[A6]
[INFO] [1775393966.168038800] [navNode]: 未到目标点
目标位置:(0.0, 0.0, 0.1)-[A6]-[MCU:False]-[POS:False]
当前位置:(-0.003806391265243292, -0.0025272388011217117, 0.002150867832824588)
[INFO] [1775393966.267631752] [navNode]: 状态4：WaitAim--[A6]
[INFO] [1775393966.268141717] [navNode]: 未到目标点
目标位置:(0.0, 0.0, 0.1)-[A6]-[MCU:False]-[POS:False]
当前位置:(-0.004372688010334969, -0.0022258502431213856, 0.0024200917687267065)
[INFO] [1775393966.367626698] [navNode]: 状态4：WaitAim--[A6]
[INFO] [1775393966.368116694] [navNode]: 未到目标点
目标位置:(0.0, 0.0, 0.1)-[A6]-[MCU:False]-[POS:False]
当前位置:(-0.003593937959522009, -0.0024829928297549486, 0.0007859519682824612)
[INFO] [1775393966.467414670] [navNode]: 状态4：WaitAim--[A6]
[INFO] [1775393966.468530328] [navNode]: 未到目标点
目标位置:(0.0, 0.0, 0.1)-[A6]-[MCU:False]-[POS:False]
当前位置:(-0.003307709703221917, -0.002264433540403843, 0.001229084562510252)
[INFO] [1775393966.567268519] [navNode]: 状态4：WaitAim--[A6]
[INFO] [1775393966.567819843] [navNode]: 未到目标点
目标位置:(0.0, 0.0, 0.1)-[A6]-[MCU:False]-[POS:False]
当前位置:(-0.004415785428136587, -0.002755973022431135, 0.002612794516608119)
[INFO] [1775393966.667346541] [navNode]: 状态4：WaitAim--[A6]
[INFO] [1775393966.667811109] [navNode]: 未到目标点
目标位置:(0.0, 0.0, 0.1)-[A6]-[MCU:False]-[POS:False]
当前位置:(-0.0039047272875905037, -0.002638216596096754, 0.0025861887261271477)
[INFO] [1775393966.767347147] [navNode]: 状态4：WaitAim--[A6]
[INFO] [1775393966.767826621] [navNode]: 未到目标点
目标位置:(0.0, 0.0, 0.1)-[A6]-[MCU:False]-[POS:False]
当前位置:(-0.004199686925858259, -0.0025041168555617332, 0.001633977983146906)
[INFO] [1775393966.867217144] [navNode]: 状态4：WaitAim--[A6]
[INFO] [1775393966.867643641] [navNode]: 未到目标点
目标位置:(0.0, 0.0, 0.1)-[A6]-[MCU:False]-[POS:False]
当前位置:(-0.003817808348685503, -0.0025471888948231936, 0.0011987360194325447)
[INFO] [1775393966.967303630] [navNode]: 状态4：WaitAim--[A6]
[INFO] [1775393966.967768841] [navNode]: 未到目标点
目标位置:(0.0, 0.0, 0.1)-[A6]-[MCU:False]-[POS:False]
当前位置:(-0.004517342429608107, -0.002870371099561453, 0.00126584991812706)
[INFO] [1775393967.067239808] [navNode]: 状态4：WaitAim--[A6]
[INFO] [1775393967.067707910] [navNode]: 未到目标点
目标位置:(0.0, 0.0, 0.1)-[A6]-[MCU:False]-[POS:False]
当前位置:(-0.004040614701807499, -0.0025307091418653727, 0.0015197743196040392)
[INFO] [1775393967.167796647] [navNode]: 状态4：WaitAim--[A6]
[INFO] [1775393967.168244341] [navNode]: 未到目标点
目标位置:(0.0, 0.0, 0.1)-[A6]-[MCU:False]-[POS:False]
当前位置:(-0.004340323619544506, -0.002598837949335575, 0.0022585010156035423)
[INFO] [1775393967.267512941] [navNode]: 状态4：WaitAim--[A6]
[INFO] [1775393967.267978523] [navNode]: 未到目标点
目标位置:(0.0, 0.0, 0.1)-[A6]-[MCU:False]-[POS:False]
当前位置:(-0.004096056334674358, -0.0023566996678709984, 0.002927333116531372)
[INFO] [1775393967.367067959] [navNode]: 状态4：WaitAim--[A6]
[INFO] [1775393967.367487449] [navNode]: 未到目标点
目标位置:(0.0, 0.0, 0.1)-[A6]-[MCU:False]-[POS:False]
当前位置:(-0.004158854018896818, -0.002445637946948409, 0.002792022190988064)
[INFO] [1775393967.467423218] [navNode]: 状态4：WaitAim--[A6]
[INFO] [1775393967.467890059] [navNode]: 未到目标点
目标位置:(0.0, 0.0, 0.1)-[A6]-[MCU:False]-[POS:False]
当前位置:(-0.004247946664690971, -0.002167335245758295, 0.0024239919148385525)
[INFO] [1775393967.567347191] [navNode]: 状态4：WaitAim--[A6]
[INFO] [1775393967.567869744] [navNode]: 未到目标点
目标位置:(0.0, 0.0, 0.1)-[A6]-[MCU:False]-[POS:False]
当前位置:(-0.0034855944104492664, -0.0023318221792578697, 0.0019889497198164463)
[INFO] [1775393967.667291626] [navNode]: 状态4：WaitAim--[A6]
[INFO] [1775393967.667734044] [navNode]: 未到目标点
目标位置:(0.0, 0.0, 0.1)-[A6]-[MCU:False]-[POS:False]
当前位置:(-0.004589897580444813, -0.0024616180453449488, 0.002251973142847419)
[INFO] [1775393967.767404744] [navNode]: 状态4：WaitAim--[A6]
[INFO] [1775393967.767854316] [navNode]: 未到目标点
目标位置:(0.0, 0.0, 0.1)-[A6]-[MCU:False]-[POS:False]
当前位置:(-0.003727464471012354, -0.0019912682473659515, 0.0012112563708797097)
[INFO] [1775393967.867097922] [navNode]: 状态4：WaitAim--[A6]
[INFO] [1775393967.867581758] [navNode]: 未到目标点
目标位置:(0.0, 0.0, 0.1)-[A6]-[MCU:False]-[POS:False]
当前位置:(-0.003935706801712513, -0.0023059004452079535, 0.002186485333368182)
[INFO] [1775393967.967884946] [navNode]: 状态4：WaitAim--[A6]
[INFO] [1775393967.968862323] [navNode]: 未到目标点
目标位置:(0.0, 0.0, 0.1)-[A6]-[MCU:False]-[POS:False]
当前位置:(-0.004043202381581068, -0.0022620975505560637, 0.0022152119781821966)
[INFO] [1775393968.067344626] [navNode]: 状态4：WaitAim--[A6]
[INFO] [1775393968.068383216] [navNode]: 未到目标点
目标位置:(0.0, 0.0, 0.1)-[A6]-[MCU:False]-[POS:False]
当前位置:(-0.00456494465470314, -0.002284449292346835, 0.0019580330699682236)
[INFO] [1775393968.167583965] [navNode]: 状态4：WaitAim--[A6]
[INFO] [1775393968.168104104] [navNode]: 未到目标点
目标位置:(0.0, 0.0, 0.1)-[A6]-[MCU:False]-[POS:False]
当前位置:(-0.0044121877290308475, -0.0023941800463944674, 0.002067059511318803)
[INFO] [1775393968.267650524] [navNode]: 状态4：WaitAim--[A6]
[INFO] [1775393968.268092948] [navNode]: 未到目标点
目标位置:(0.0, 0.0, 0.1)-[A6]-[MCU:False]-[POS:False]
当前位置:(-0.004228990059345961, -0.0024143250193446875, 0.0025895643047988415)
[INFO] [1775393968.367437073] [navNode]: 状态4：WaitAim--[A6]
[INFO] [1775393968.367936152] [navNode]: 未到目标点
目标位置:(0.0, 0.0, 0.1)-[A6]-[MCU:False]-[POS:False]
当前位置:(-0.0036696915049105883, -0.002372998744249344, 0.0022804448381066322)
[INFO] [1775393968.467708862] [navNode]: 状态4：WaitAim--[A6]
[INFO] [1775393968.468193241] [navNode]: 未到目标点
目标位置:(0.0, 0.0, 0.1)-[A6]-[MCU:False]-[POS:False]
当前位置:(-0.003382596652954817, -0.002164178527891636, 0.002192907501012087)
[INFO] [1775393968.567693838] [navNode]: 状态4：WaitAim--[A6]
[INFO] [1775393968.568113019] [navNode]: 未到目标点
目标位置:(0.0, 0.0, 0.1)-[A6]-[MCU:False]-[POS:False]
当前位置:(-0.004098152741789818, -0.0021268250420689583, 0.002135134069249034)
[INFO] [1775393968.667338186] [navNode]: 状态4：WaitAim--[A6]
[INFO] [1775393968.667777281] [navNode]: 未到目标点
目标位置:(0.0, 0.0, 0.1)-[A6]-[MCU:False]-[POS:False]
当前位置:(-0.0038819594774395227, -0.0024891679640859365, 0.0020601386204361916)
[INFO] [1775393968.767288951] [navNode]: 状态4：WaitAim--[A6]
[INFO] [1775393968.767730172] [navNode]: 未到目标点
目标位置:(0.0, 0.0, 0.1)-[A6]-[MCU:False]-[POS:False]
当前位置:(-0.004577369894832373, -0.002761977259069681, 0.002429411979392171)
[INFO] [1775393968.867227968] [navNode]: 状态4：WaitAim--[A6]
[INFO] [1775393968.867657620] [navNode]: 未到目标点
目标位置:(0.0, 0.0, 0.1)-[A6]-[MCU:False]-[POS:False]
当前位置:(-0.004462823271751404, -0.002758047543466091, 0.0020367244724184275)
[INFO] [1775393968.967295339] [navNode]: 状态4：WaitAim--[A6]
[INFO] [1775393968.967745116] [navNode]: 未到目标点
目标位置:(0.0, 0.0, 0.1)-[A6]-[MCU:False]-[POS:False]
当前位置:(-0.0038018778432160616, -0.0024965088814496994, 0.002568280790001154)
[INFO] [1775393969.067418745] [navNode]: 状态4：WaitAim--[A6]
[INFO] [1775393969.067942003] [navNode]: 未到目标点
目标位置:(0.0, 0.0, 0.1)-[A6]-[MCU:False]-[POS:False]
当前位置:(-0.004195149056613445, -0.002241568174213171, 0.001394194201566279)
[INFO] [1775393969.167697009] [navNode]: 状态4：WaitAim--[A6]
[INFO] [1775393969.168266596] [navNode]: 未到目标点
目标位置:(0.0, 0.0, 0.1)-[A6]-[MCU:False]-[POS:False]
当前位置:(-0.0040899887681007385, -0.00256419088691473, 0.002311762422323227)
[INFO] [1775393969.268033633] [navNode]: 状态4：WaitAim--[A6]
[INFO] [1775393969.268515930] [navNode]: 未到目标点
目标位置:(0.0, 0.0, 0.1)-[A6]-[MCU:False]-[POS:False]
当前位置:(-0.004088820423930883, -0.0027824288699775934, 0.002559451386332512)
[INFO] [1775393969.367473371] [navNode]: 状态4：WaitAim--[A6]
[INFO] [1775393969.367932970] [navNode]: 未到目标点
目标位置:(0.0, 0.0, 0.1)-[A6]-[MCU:False]-[POS:False]
当前位置:(-0.0047590178437530994, -0.0026118673849850893, 0.0026332319248467684)
[INFO] [1775393969.467801089] [navNode]: 状态4：WaitAim--[A6]
[INFO] [1775393969.468246183] [navNode]: 未到目标点
目标位置:(0.0, 0.0, 0.1)-[A6]-[MCU:False]-[POS:False]
当前位置:(-0.004092586226761341, -0.002453018445521593, 0.002207760699093342)
[INFO] [1775393969.567530353] [navNode]: 状态4：WaitAim--[A6]
[INFO] [1775393969.567949233] [navNode]: 未到目标点
目标位置:(0.0, 0.0, 0.1)-[A6]-[MCU:False]-[POS:False]
当前位置:(-0.003007275750860572, -0.0024832121562212706, 0.0015698799397796392)
[INFO] [1775393969.667606241] [navNode]: 状态4：WaitAim--[A6]
[INFO] [1775393969.668030706] [navNode]: 未到目标点
目标位置:(0.0, 0.0, 0.1)-[A6]-[MCU:False]-[POS:False]
当前位置:(-0.0031754709780216217, -0.0018688339041545987, 0.0018361964030191302)
[INFO] [1775393969.767467658] [navNode]: 状态4：WaitAim--[A6]
[INFO] [1775393969.767904822] [navNode]: 未到目标点
目标位置:(0.0, 0.0, 0.1)-[A6]-[MCU:False]-[POS:False]
当前位置:(-0.0031369030475616455, -0.0024886825121939182, 0.002359915291890502)
[INFO] [1775393969.867486189] [navNode]: 状态4：WaitAim--[A6]
[INFO] [1775393969.867954195] [navNode]: 未到目标点
目标位置:(0.0, 0.0, 0.1)-[A6]-[MCU:False]-[POS:False]
当前位置:(-0.003620194038376212, -0.0014497970696538687, 0.0026436778716742992)
[INFO] [1775393969.968284545] [navNode]: 状态4：WaitAim--[A6]
[INFO] [1775393969.968834940] [navNode]: 未到目标点
目标位置:(0.0, 0.0, 0.1)-[A6]-[MCU:False]-[POS:False]
当前位置:(-0.004027687944471836, -0.0019246460869908333, 0.002661010017618537)
[INFO] [1775393970.067920241] [navNode]: 状态4：WaitAim--[A6]
[INFO] [1775393970.068412894] [navNode]: 未到目标点
目标位置:(0.0, 0.0, 0.1)-[A6]-[MCU:False]-[POS:False]
当前位置:(-0.003572608809918165, -0.002032108837738633, 0.002689158311113715)
[INFO] [1775393970.167803484] [navNode]: 状态4：WaitAim--[A6]
[INFO] [1775393970.168353827] [navNode]: 未到目标点
目标位置:(0.0, 0.0, 0.1)-[A6]-[MCU:False]-[POS:False]
当前位置:(-0.002807763870805502, -0.0023507606238126755, 0.0019368455978110433)
[INFO] [1775393970.267750410] [navNode]: 状态4：WaitAim--[A6]
[INFO] [1775393970.268336780] [navNode]: 未到目标点
目标位置:(0.0, 0.0, 0.1)-[A6]-[MCU:False]-[POS:False]
当前位置:(-0.00258898688480258, -0.0016101626679301262, 0.0005994195234961808)
[INFO] [1775393970.367902704] [navNode]: 状态4：WaitAim--[A6]
[INFO] [1775393970.369206185] [navNode]: 未到目标点
目标位置:(0.0, 0.0, 0.1)-[A6]-[MCU:False]-[POS:False]
当前位置:(-0.0042610871605575085, -0.0019523383816704154, 0.0025173223111778498)
[INFO] [1775393970.467770670] [navNode]: 状态4：WaitAim--[A6]
[INFO] [1775393970.468329458] [navNode]: 未到目标点
目标位置:(0.0, 0.0, 0.1)-[A6]-[MCU:False]-[POS:False]
当前位置:(-0.0032298965379595757, -0.002148078056052327, 0.0011078092502430081)
[INFO] [1775393970.568474125] [navNode]: 状态4：WaitAim--[A6]
[INFO] [1775393970.568984775] [navNode]: 未到目标点
目标位置:(0.0, 0.0, 0.1)-[A6]-[MCU:False]-[POS:False]
当前位置:(-0.004461858421564102, -0.0026757726445794106, 0.0022387157659977674)
[INFO] [1775393970.667479745] [navNode]: 状态4：WaitAim--[A6]
[INFO] [1775393970.667946012] [navNode]: 未到目标点
目标位置:(0.0, 0.0, 0.1)-[A6]-[MCU:False]-[POS:False]
当前位置:(-0.004788069054484367, -0.0026535061188042164, 0.0014358763583004475)
[INFO] [1775393970.767610831] [navNode]: 状态4：WaitAim--[A6]
[INFO] [1775393970.768060378] [navNode]: 未到目标点
目标位置:(0.0, 0.0, 0.1)-[A6]-[MCU:False]-[POS:False]
当前位置:(-0.003950207028537989, -0.0025042681954801083, 0.0023163261357694864)
[INFO] [1775393970.868186410] [navNode]: 状态4：WaitAim--[A6]
[INFO] [1775393970.868646843] [navNode]: 未到目标点
目标位置:(0.0, 0.0, 0.1)-[A6]-[MCU:False]-[POS:False]
当前位置:(-0.0036894814111292362, -0.0025837665889412165, 0.001459157676436007)
[INFO] [1775393970.967669306] [navNode]: 状态4：WaitAim--[A6]
[INFO] [1775393970.968162443] [navNode]: 未到目标点
目标位置:(0.0, 0.0, 0.1)-[A6]-[MCU:False]-[POS:False]
当前位置:(-0.0043932367116212845, -0.002156632486730814, 0.0012934815604239702)
[INFO] [1775393971.067051345] [navNode]: 状态4：WaitAim--[A6]
[INFO] [1775393971.067595614] [navNode]: 未到目标点
目标位置:(0.0, 0.0, 0.1)-[A6]-[MCU:False]-[POS:False]
当前位置:(-0.003541252575814724, -0.002264463109895587, 0.0021246306132525206)
[INFO] [1775393971.167408955] [navNode]: 状态4：WaitAim--[A6]
[INFO] [1775393971.167796422] [navNode]: 未到目标点
目标位置:(0.0, 0.0, 0.1)-[A6]-[MCU:False]-[POS:False]
当前位置:(-0.003352651372551918, -0.0021347152069211006, 0.0016094822203740478)
[INFO] [1775393971.267870598] [navNode]: 状态4：WaitAim--[A6]
[INFO] [1775393971.268318872] [navNode]: 未到目标点
目标位置:(0.0, 0.0, 0.1)-[A6]-[MCU:False]-[POS:False]
当前位置:(-0.003625648794695735, -0.0019548095297068357, 0.0020013293251395226)
[INFO] [1775393971.367658624] [navNode]: 状态4：WaitAim--[A6]
[INFO] [1775393971.368116989] [navNode]: 未到目标点
目标位置:(0.0, 0.0, 0.1)-[A6]-[MCU:False]-[POS:False]
当前位置:(-0.0042000869289040565, -0.002583508612588048, 0.002338337479159236)
[INFO] [1775393971.467292397] [navNode]: 状态4：WaitAim--[A6]
[INFO] [1775393971.467741482] [navNode]: 未到目标点
目标位置:(0.0, 0.0, 0.1)-[A6]-[MCU:False]-[POS:False]
当前位置:(-0.003847358049824834, -0.0020274417474865913, 0.0025490750558674335)
[INFO] [1775393971.567801265] [navNode]: 状态4：WaitAim--[A6]
[INFO] [1775393971.568272153] [navNode]: 未到目标点
目标位置:(0.0, 0.0, 0.1)-[A6]-[MCU:False]-[POS:False]
当前位置:(-0.003653690218925476, -0.0021575791761279106, 0.0026649057399481535)
[INFO] [1775393971.667659095] [navNode]: 状态4：WaitAim--[A6]
[INFO] [1775393971.668159677] [navNode]: 未到目标点
目标位置:(0.0, 0.0, 0.1)-[A6]-[MCU:False]-[POS:False]
当前位置:(-0.004496882203966379, -0.002244924660772085, 0.002103181555867195)
[INFO] [1775393971.767452855] [navNode]: 状态4：WaitAim--[A6]
[INFO] [1775393971.767941761] [navNode]: 未到目标点
目标位置:(0.0, 0.0, 0.1)-[A6]-[MCU:False]-[POS:False]
当前位置:(-0.00395994121208787, -0.0026084647979587317, 0.002010832540690899)
[INFO] [1775393971.868004189] [navNode]: 状态4：WaitAim--[A6]
[INFO] [1775393971.868420613] [navNode]: 未到目标点
目标位置:(0.0, 0.0, 0.1)-[A6]-[MCU:False]-[POS:False]
当前位置:(-0.004248927813023329, -0.00243783975020051, 0.0020119769033044577)
[INFO] [1775393971.967616762] [navNode]: 状态4：WaitAim--[A6]
[INFO] [1775393971.968127645] [navNode]: 未到目标点
目标位置:(0.0, 0.0, 0.1)-[A6]-[MCU:False]-[POS:False]
当前位置:(-0.003987269476056099, -0.0026492862962186337, 0.0023109379690140486)
[INFO] [1775393972.067419600] [navNode]: 状态4：WaitAim--[A6]
[INFO] [1775393972.067880889] [navNode]: 未到目标点
目标位置:(0.0, 0.0, 0.1)-[A6]-[MCU:False]-[POS:False]
当前位置:(-0.0033849410247057676, -0.002357523189857602, 0.0021313102915883064)
[INFO] [1775393972.168383084] [navNode]: 状态4：WaitAim--[A6]
[INFO] [1775393972.168811745] [navNode]: 未到目标点
目标位置:(0.0, 0.0, 0.1)-[A6]-[MCU:False]-[POS:False]
当前位置:(-0.0035486165434122086, -0.002103547565639019, 0.0016876407898962498)
[INFO] [1775393972.267450477] [navNode]: 状态4：WaitAim--[A6]
[INFO] [1775393972.267888441] [navNode]: 未到目标点
目标位置:(0.0, 0.0, 0.1)-[A6]-[MCU:False]-[POS:False]
当前位置:(-0.0040109651163220406, -0.001948381308466196, 0.0010686734458431602)
[INFO] [1775393972.368307650] [navNode]: 状态4：WaitAim--[A6]
[INFO] [1775393972.368762228] [navNode]: 未到目标点
目标位置:(0.0, 0.0, 0.1)-[A6]-[MCU:False]-[POS:False]
当前位置:(-0.004282824695110321, -0.0026952740736305714, 0.0030248065013438463)
[INFO] [1775393972.467190783] [navNode]: 状态4：WaitAim--[A6]
[INFO] [1775393972.467576152] [navNode]: 未到目标点
目标位置:(0.0, 0.0, 0.1)-[A6]-[MCU:False]-[POS:False]
当前位置:(-0.0040151625871658325, -0.002772192470729351, 0.0031506060622632504)
[INFO] [1775393972.567370584] [navNode]: 状态4：WaitAim--[A6]
[INFO] [1775393972.567781593] [navNode]: 未到目标点
目标位置:(0.0, 0.0, 0.1)-[A6]-[MCU:False]-[POS:False]
当前位置:(-0.0036857968661934137, -0.0024430970661342144, 0.0022244553547352552)
[INFO] [1775393972.667230567] [navNode]: 状态4：WaitAim--[A6]
[INFO] [1775393972.667600171] [navNode]: 未到目标点
目标位置:(0.0, 0.0, 0.1)-[A6]-[MCU:False]-[POS:False]
当前位置:(-0.004267098847776651, -0.002301640808582306, 0.0023388455156236887)
[INFO] [1775393972.767323175] [navNode]: 状态4：WaitAim--[A6]
[INFO] [1775393972.767756896] [navNode]: 未到目标点
目标位置:(0.0, 0.0, 0.1)-[A6]-[MCU:False]-[POS:False]
当前位置:(-0.004326027352362871, -0.002308029681444168, 0.002652551280334592)
[INFO] [1775393972.867350792] [navNode]: 状态4：WaitAim--[A6]
[INFO] [1775393972.867775146] [navNode]: 未到目标点
目标位置:(0.0, 0.0, 0.1)-[A6]-[MCU:False]-[POS:False]
当前位置:(-0.00355282099917531, -0.002037279075011611, 0.0016543284291401505)
[INFO] [1775393972.968334028] [navNode]: 状态4：WaitAim--[A6]
[INFO] [1775393972.968998230] [navNode]: 未到目标点
目标位置:(0.0, 0.0, 0.1)-[A6]-[MCU:False]-[POS:False]
当前位置:(-0.0038893430028110743, -0.002215550746768713, 0.0019864735659211874)
[INFO] [1775393973.067284544] [navNode]: 状态4：WaitAim--[A6]
[INFO] [1775393973.067735697] [navNode]: 未到目标点
目标位置:(0.0, 0.0, 0.1)-[A6]-[MCU:False]-[POS:False]
当前位置:(-0.003781217848882079, -0.002212134888395667, 0.002336610807105899)
[INFO] [1775393973.167333805] [navNode]: 状态4：WaitAim--[A6]
[INFO] [1775393973.167777449] [navNode]: 未到目标点
目标位置:(0.0, 0.0, 0.1)-[A6]-[MCU:False]-[POS:False]
当前位置:(-0.003861234523355961, -0.002331934403628111, 0.0026012174785137177)
[INFO] [1775393973.267455058] [navNode]: 状态4：WaitAim--[A6]
[INFO] [1775393973.267925092] [navNode]: 未到目标点
目标位置:(0.0, 0.0, 0.1)-[A6]-[MCU:False]-[POS:False]
当前位置:(-0.004256583750247955, -0.002169039798900485, 0.002045660512521863)
[INFO] [1775393973.367407992] [navNode]: 状态4：WaitAim--[A6]
[INFO] [1775393973.367915900] [navNode]: 未到目标点
目标位置:(0.0, 0.0, 0.1)-[A6]-[MCU:False]-[POS:False]
当前位置:(-0.0041844286024570465, -0.00267581082880497, 0.002261923858895898)
[INFO] [1775393973.467370656] [navNode]: 状态4：WaitAim--[A6]
[INFO] [1775393973.467920839] [navNode]: 未到目标点
目标位置:(0.0, 0.0, 0.1)-[A6]-[MCU:False]-[POS:False]
当前位置:(-0.004261725582182407, -0.0025136752519756556, 0.0023574389051645994)
[INFO] [1775393973.568204579] [navNode]: 状态4：WaitAim--[A6]
[INFO] [1775393973.568863313] [navNode]: 未到目标点
目标位置:(0.0, 0.0, 0.1)-[A6]-[MCU:False]-[POS:False]
当前位置:(-0.0038645390886813402, -0.002198705216869712, 0.0016291990177705884)
[INFO] [1775393973.667610076] [navNode]: 状态4：WaitAim--[A6]
[INFO] [1775393973.668145696] [navNode]: 未到目标点
目标位置:(0.0, 0.0, 0.1)-[A6]-[MCU:False]-[POS:False]
当前位置:(-0.003970548044890165, -0.0019967590924352407, 0.002680770820006728)
[INFO] [1775393973.768030629] [navNode]: 状态4：WaitAim--[A6]
[INFO] [1775393973.768491957] [navNode]: 未到目标点
目标位置:(0.0, 0.0, 0.1)-[A6]-[MCU:False]-[POS:False]
当前位置:(-0.0041575864888727665, -0.0023739065509289503, 0.002466160338371992)
[INFO] [1775393973.867204554] [navNode]: 状态4：WaitAim--[A6]
[INFO] [1775393973.867796984] [navNode]: 未到目标点
目标位置:(0.0, 0.0, 0.1)-[A6]-[MCU:False]-[POS:False]
当前位置:(-0.0038331940304487944, -0.002322364831343293, 0.0026245862245559692)
[INFO] [1775393973.967375353] [navNode]: 状态4：WaitAim--[A6]
[INFO] [1775393973.967789283] [navNode]: 未到目标点
目标位置:(0.0, 0.0, 0.1)-[A6]-[MCU:False]-[POS:False]
当前位置:(-0.004290277604013681, -0.0019759610295295715, 0.0022542010992765427)
[INFO] [1775393974.068052883] [navNode]: 状态4：WaitAim--[A6]
[INFO] [1775393974.068800373] [navNode]: 未到目标点
目标位置:(0.0, 0.0, 0.1)-[A6]-[MCU:False]-[POS:False]
当前位置:(-0.0029014344327151775, -0.0016181680839508772, 0.0007352496613748372)
[INFO] [1775393974.167743811] [navNode]: 状态4：WaitAim--[A6]
[INFO] [1775393974.168194704] [navNode]: 未到目标点
目标位置:(0.0, 0.0, 0.1)-[A6]-[MCU:False]-[POS:False]
当前位置:(-0.003917635418474674, -0.0022217840887606144, 0.0024756339844316244)
[INFO] [1775393974.267920175] [navNode]: 状态4：WaitAim--[A6]
[INFO] [1775393974.268461962] [navNode]: 未到目标点
目标位置:(0.0, 0.0, 0.1)-[A6]-[MCU:False]-[POS:False]
当前位置:(-0.003889848245307803, -0.0023903269320726395, 0.0021353240590542555)
[INFO] [1775393974.367511019] [navNode]: 状态4：WaitAim--[A6]
[INFO] [1775393974.367956779] [navNode]: 未到目标点
目标位置:(0.0, 0.0, 0.1)-[A6]-[MCU:False]-[POS:False]
当前位置:(-0.003954178187996149, -0.0022426461800932884, 0.00231558782979846)
[INFO] [1775393974.467573732] [navNode]: 状态4：WaitAim--[A6]
[INFO] [1775393974.468022372] [navNode]: 未到目标点
目标位置:(0.0, 0.0, 0.1)-[A6]-[MCU:False]-[POS:False]
当前位置:(-0.0035104681737720966, -0.002049496164545417, 0.0013377636205404997)
[INFO] [1775393974.567777866] [navNode]: 状态4：WaitAim--[A6]
[INFO] [1775393974.568343029] [navNode]: 未到目标点
目标位置:(0.0, 0.0, 0.1)-[A6]-[MCU:False]-[POS:False]
当前位置:(-0.0033203689381480217, -0.0020074923522770405, 0.0015665669925510883)
[INFO] [1775393974.667511265] [navNode]: 状态4：WaitAim--[A6]
[INFO] [1775393974.667955473] [navNode]: 未到目标点
目标位置:(0.0, 0.0, 0.1)-[A6]-[MCU:False]-[POS:False]
当前位置:(-0.003777064848691225, -0.002293187426403165, 0.0030432362109422684)
[INFO] [1775393974.767593620] [navNode]: 状态4：WaitAim--[A6]
[INFO] [1775393974.768081227] [navNode]: 未到目标点
目标位置:(0.0, 0.0, 0.1)-[A6]-[MCU:False]-[POS:False]
当前位置:(-0.004239355679601431, -0.002636393066495657, 0.003112680045887828)
[INFO] [1775393974.867283642] [navNode]: 状态4：WaitAim--[A6]
[INFO] [1775393974.868432232] [navNode]: 未到目标点
目标位置:(0.0, 0.0, 0.1)-[A6]-[MCU:False]-[POS:False]
当前位置:(-0.003978771157562733, -0.0023669633083045483, 0.00154650560580194)
[INFO] [1775393974.968113920] [navNode]: 状态4：WaitAim--[A6]
[INFO] [1775393974.968772482] [navNode]: 未到目标点
目标位置:(0.0, 0.0, 0.1)-[A6]-[MCU:False]-[POS:False]
当前位置:(-0.003995521925389767, -0.002689408604055643, 0.002638215431943536)
[INFO] [1775393975.067619428] [navNode]: 状态4：WaitAim--[A6]
[INFO] [1775393975.068073473] [navNode]: 未到目标点
目标位置:(0.0, 0.0, 0.1)-[A6]-[MCU:False]-[POS:False]
当前位置:(-0.0037274700589478016, -0.002150233369320631, 0.0016146865673363209)
[INFO] [1775393975.168062617] [navNode]: 状态4：WaitAim--[A6]
[INFO] [1775393975.168521498] [navNode]: 未到目标点
目标位置:(0.0, 0.0, 0.1)-[A6]-[MCU:False]-[POS:False]
当前位置:(-0.003979944158345461, -0.0028242715634405613, 0.002011858858168125)
[INFO] [1775393975.268344286] [navNode]: 状态4：WaitAim--[A6]
[INFO] [1775393975.268776886] [navNode]: 未到目标点
目标位置:(0.0, 0.0, 0.1)-[A6]-[MCU:False]-[POS:False]
当前位置:(-0.0032447432167828083, -0.0022295687813311815, 0.0018918506102636456)
[INFO] [1775393975.367692769] [navNode]: 状态4：WaitAim--[A6]
[INFO] [1775393975.368150012] [navNode]: 未到目标点
目标位置:(0.0, 0.0, 0.1)-[A6]-[MCU:False]-[POS:False]
当前位置:(-0.003765737172216177, -0.002526824828237295, 0.002735926304012537)
[INFO] [1775393975.467642145] [navNode]: 状态4：WaitAim--[A6]
[INFO] [1775393975.468115830] [navNode]: 未到目标点
目标位置:(0.0, 0.0, 0.1)-[A6]-[MCU:False]-[POS:False]
当前位置:(-0.00410818075761199, -0.0022280937992036343, 0.0024792079348117113)
[INFO] [1775393975.568506685] [navNode]: 状态4：WaitAim--[A6]
[INFO] [1775393975.568932935] [navNode]: 未到目标点
目标位置:(0.0, 0.0, 0.1)-[A6]-[MCU:False]-[POS:False]
当前位置:(-0.0036407005973160267, -0.0023294202983379364, 0.0022748387418687344)
[INFO] [1775393975.667539681] [navNode]: 状态4：WaitAim--[A6]
[INFO] [1775393975.668011946] [navNode]: 未到目标点
目标位置:(0.0, 0.0, 0.1)-[A6]-[MCU:False]-[POS:False]
当前位置:(-0.0033060095738619566, -0.0024962532334029675, 0.0021587880328297615)
[INFO] [1775393975.767306915] [navNode]: 状态4：WaitAim--[A6]
[INFO] [1775393975.767755467] [navNode]: 未到目标点
目标位置:(0.0, 0.0, 0.1)-[A6]-[MCU:False]-[POS:False]
当前位置:(-0.003450667019933462, -0.0023874484468251467, 0.0018617629539221525)
[INFO] [1775393975.867439079] [navNode]: 状态4：WaitAim--[A6]
[INFO] [1775393975.867973866] [navNode]: 未到目标点
目标位置:(0.0, 0.0, 0.1)-[A6]-[MCU:False]-[POS:False]
当前位置:(-0.0030507759656757116, -0.0019220412941649556, 0.0008503065328113735)
[INFO] [1775393975.967566632] [navNode]: 状态4：WaitAim--[A6]
[INFO] [1775393975.968031981] [navNode]: 未到目标点
目标位置:(0.0, 0.0, 0.1)-[A6]-[MCU:False]-[POS:False]
当前位置:(-0.0042283860966563225, -0.0022628025617450476, 0.002630251692607999)
[INFO] [1775393976.067669093] [navNode]: 状态4：WaitAim--[A6]
[INFO] [1775393976.068219438] [navNode]: 未到目标点
目标位置:(0.0, 0.0, 0.1)-[A6]-[MCU:False]-[POS:False]
当前位置:(-0.0041416119784116745, -0.0024968604557216167, 0.001978421350941062)
[INFO] [1775393976.168103634] [navNode]: 状态4：WaitAim--[A6]
[INFO] [1775393976.168571307] [navNode]: 未到目标点
目标位置:(0.0, 0.0, 0.1)-[A6]-[MCU:False]-[POS:False]
当前位置:(-0.0037548134569078684, -0.0022054670844227076, 0.002566517097875476)
[INFO] [1775393976.267562626] [navNode]: 状态4：WaitAim--[A6]
[INFO] [1775393976.268031103] [navNode]: 未到目标点
目标位置:(0.0, 0.0, 0.1)-[A6]-[MCU:False]-[POS:False]
当前位置:(-0.003722832538187504, -0.002100996905937791, 0.0017068280139937997)
[INFO] [1775393976.367156892] [navNode]: 状态4：WaitAim--[A6]
[INFO] [1775393976.367591471] [navNode]: 未到目标点
目标位置:(0.0, 0.0, 0.1)-[A6]-[MCU:False]-[POS:False]
当前位置:(-0.0036100554279983044, -0.00225473172031343, 0.002846302231773734)
[INFO] [1775393976.467686345] [navNode]: 状态4：WaitAim--[A6]
[INFO] [1775393976.468145302] [navNode]: 未到目标点
目标位置:(0.0, 0.0, 0.1)-[A6]-[MCU:False]-[POS:False]
当前位置:(-0.0028063193894922733, -0.0018292191671207547, 0.0005879186792299151)
[INFO] [1775393976.567520222] [navNode]: 状态4：WaitAim--[A6]
[INFO] [1775393976.567974229] [navNode]: 未到目标点
目标位置:(0.0, 0.0, 0.1)-[A6]-[MCU:False]-[POS:False]
当前位置:(-0.003967450466006994, -0.0024950646329671144, 0.002266763709485531)
[INFO] [1775393976.667435912] [navNode]: 状态4：WaitAim--[A6]
[INFO] [1775393976.667938077] [navNode]: 未到目标点
目标位置:(0.0, 0.0, 0.1)-[A6]-[MCU:False]-[POS:False]
当前位置:(-0.004109199624508619, -0.002698258962482214, 0.0028579619247466326)
[INFO] [1775393976.767441885] [navNode]: 状态4：WaitAim--[A6]
[INFO] [1775393976.767879792] [navNode]: 未到目标点
目标位置:(0.0, 0.0, 0.1)-[A6]-[MCU:False]-[POS:False]
当前位置:(-0.004350738134235144, -0.002519379137083888, 0.0020877020433545113)
[INFO] [1775393976.867974475] [navNode]: 状态4：WaitAim--[A6]
[INFO] [1775393976.868483827] [navNode]: 未到目标点
目标位置:(0.0, 0.0, 0.1)-[A6]-[MCU:False]-[POS:False]
当前位置:(-0.003194074146449566, -0.0017356971511617303, 0.0010011610575020313)
[INFO] [1775393976.967861237] [navNode]: 状态4：WaitAim--[A6]
[INFO] [1775393976.968329837] [navNode]: 未到目标点
目标位置:(0.0, 0.0, 0.1)-[A6]-[MCU:False]-[POS:False]
当前位置:(-0.0040359171107411385, -0.0025416514836251736, 0.0017286009388044477)
[INFO] [1775393977.067482964] [navNode]: 状态4：WaitAim--[A6]
[INFO] [1775393977.068004596] [navNode]: 未到目标点
目标位置:(0.0, 0.0, 0.1)-[A6]-[MCU:False]-[POS:False]
当前位置:(-0.00378888170234859, -0.0021283896639943123, 0.0019068567780777812)
[INFO] [1775393977.167612023] [navNode]: 状态4：WaitAim--[A6]
[INFO] [1775393977.168052746] [navNode]: 未到目标点
目标位置:(0.0, 0.0, 0.1)-[A6]-[MCU:False]-[POS:False]
当前位置:(-0.004707819782197475, -0.0024784160777926445, 0.002776151290163398)
[INFO] [1775393977.267403542] [navNode]: 状态4：WaitAim--[A6]
[INFO] [1775393977.267837109] [navNode]: 未到目标点
目标位置:(0.0, 0.0, 0.1)-[A6]-[MCU:False]-[POS:False]
当前位置:(-0.005117993801832199, -0.002680607372894883, 0.002637261524796486)
[INFO] [1775393977.367363120] [navNode]: 状态4：WaitAim--[A6]
[INFO] [1775393977.367807596] [navNode]: 未到目标点
目标位置:(0.0, 0.0, 0.1)-[A6]-[MCU:False]-[POS:False]
当前位置:(-0.003405851311981678, -0.0020606564357876778, 0.0012961027678102255)
[INFO] [1775393977.467214552] [navNode]: 状态4：WaitAim--[A6]
[INFO] [1775393977.467607140] [navNode]: 未到目标点
目标位置:(0.0, 0.0, 0.1)-[A6]-[MCU:False]-[POS:False]
当前位置:(-0.0038684546016156673, -0.0019162647658959031, 0.002052814932540059)
[INFO] [1775393977.567789959] [navNode]: 状态4：WaitAim--[A6]
[INFO] [1775393977.568499310] [navNode]: 未到目标点
目标位置:(0.0, 0.0, 0.1)-[A6]-[MCU:False]-[POS:False]
当前位置:(-0.0045221345499157906, -0.002403285587206483, 0.002468494465574622)
[INFO] [1775393977.667723016] [navNode]: 状态4：WaitAim--[A6]
[INFO] [1775393977.668214941] [navNode]: 未到目标点
目标位置:(0.0, 0.0, 0.1)-[A6]-[MCU:False]-[POS:False]
当前位置:(-0.004201900213956833, -0.002660186728462577, 0.002088390989229083)
[INFO] [1775393977.767984077] [navNode]: 状态4：WaitAim--[A6]
[INFO] [1775393977.768533128] [navNode]: 未到目标点
目标位置:(0.0, 0.0, 0.1)-[A6]-[MCU:False]-[POS:False]
当前位置:(-0.004130075220018625, -0.0027442281134426594, 0.002307864837348461)
[INFO] [1775393977.867466545] [navNode]: 状态4：WaitAim--[A6]
[INFO] [1775393977.867924704] [navNode]: 未到目标点
目标位置:(0.0, 0.0, 0.1)-[A6]-[MCU:False]-[POS:False]
当前位置:(-0.004124026745557785, -0.0022029548417776823, 0.002495821099728346)
[INFO] [1775393977.967365982] [navNode]: 状态4：WaitAim--[A6]
[INFO] [1775393977.967891910] [navNode]: 未到目标点
目标位置:(0.0, 0.0, 0.1)-[A6]-[MCU:False]-[POS:False]
当前位置:(-0.004297283478081226, -0.0022345776669681072, 0.0015012009534984827)
[INFO] [1775393978.067457349] [navNode]: 状态4：WaitAim--[A6]
[INFO] [1775393978.067939979] [navNode]: 未到目标点
目标位置:(0.0, 0.0, 0.1)-[A6]-[MCU:False]-[POS:False]
当前位置:(-0.0036864865105599165, -0.002573545090854168, 0.002148749539628625)
[INFO] [1775393978.167651986] [navNode]: 状态4：WaitAim--[A6]
[INFO] [1775393978.168251460] [navNode]: 未到目标点
目标位置:(0.0, 0.0, 0.1)-[A6]-[MCU:False]-[POS:False]
当前位置:(-0.004068461712449789, -0.002504851436242461, 0.001529443426989019)
[INFO] [1775393978.268307678] [navNode]: 状态4：WaitAim--[A6]
[INFO] [1775393978.268797877] [navNode]: 未到目标点
目标位置:(0.0, 0.0, 0.1)-[A6]-[MCU:False]-[POS:False]
当前位置:(-0.004558739718049765, -0.002627623500302434, 0.002194532658904791)
[INFO] [1775393978.367467298] [navNode]: 状态4：WaitAim--[A6]
[INFO] [1775393978.368037101] [navNode]: 未到目标点
目标位置:(0.0, 0.0, 0.1)-[A6]-[MCU:False]-[POS:False]
当前位置:(-0.003982123918831348, -0.0029149516485631466, 0.002618466503918171)
[INFO] [1775393978.467756784] [navNode]: 状态4：WaitAim--[A6]
[INFO] [1775393978.468250992] [navNode]: 未到目标点
目标位置:(0.0, 0.0, 0.1)-[A6]-[MCU:False]-[POS:False]
当前位置:(-0.0038844263181090355, -0.0023492323234677315, 0.0025157290510833263)
[INFO] [1775393978.567728774] [navNode]: 状态4：WaitAim--[A6]
[INFO] [1775393978.568206233] [navNode]: 未到目标点
目标位置:(0.0, 0.0, 0.1)-[A6]-[MCU:False]-[POS:False]
当前位置:(-0.003413574304431677, -0.002160466741770506, 0.0015658970223739743)
[INFO] [1775393978.667247864] [navNode]: 状态4：WaitAim--[A6]
[INFO] [1775393978.667792290] [navNode]: 未到目标点
目标位置:(0.0, 0.0, 0.1)-[A6]-[MCU:False]-[POS:False]
当前位置:(-0.002999997930601239, -0.0017615363467484713, 0.0016217472730204463)
[INFO] [1775393978.767677098] [navNode]: 状态4：WaitAim--[A6]
[INFO] [1775393978.768127736] [navNode]: 未到目标点
目标位置:(0.0, 0.0, 0.1)-[A6]-[MCU:False]-[POS:False]
当前位置:(-0.0039108213968575, -0.0020487525034695864, 0.0025705969892442226)
[INFO] [1775393978.867298986] [navNode]: 状态4：WaitAim--[A6]
[INFO] [1775393978.867818490] [navNode]: 未到目标点
目标位置:(0.0, 0.0, 0.1)-[A6]-[MCU:False]-[POS:False]
当前位置:(-0.004349641036242247, -0.0023122152779251337, 0.0024091587401926517)
[INFO] [1775393978.967321220] [navNode]: 状态4：WaitAim--[A6]
[INFO] [1775393978.968090057] [navNode]: 未到目标点
目标位置:(0.0, 0.0, 0.1)-[A6]-[MCU:False]-[POS:False]
当前位置:(-0.004033052362501621, -0.002439268631860614, 0.002304136287420988)
[INFO] [1775393979.067724507] [navNode]: 状态4：WaitAim--[A6]
[INFO] [1775393979.068190842] [navNode]: 未到目标点
目标位置:(0.0, 0.0, 0.1)-[A6]-[MCU:False]-[POS:False]
当前位置:(-0.0036114552058279514, -0.0021594406571239233, 0.002567252842709422)
[INFO] [1775393979.167663123] [navNode]: 状态4：WaitAim--[A6]
[INFO] [1775393979.168182011] [navNode]: 未到目标点
目标位置:(0.0, 0.0, 0.1)-[A6]-[MCU:False]-[POS:False]
当前位置:(-0.003260592231526971, -0.001717885839752853, 0.0014806455001235008)
[INFO] [1775393979.267491595] [navNode]: 状态4：WaitAim--[A6]
[INFO] [1775393979.267912717] [navNode]: 未到目标点
目标位置:(0.0, 0.0, 0.1)-[A6]-[MCU:False]-[POS:False]
当前位置:(-0.004102990496903658, -0.0021671014837920666, 0.0028202212415635586)
[INFO] [1775393979.367438460] [navNode]: 状态4：WaitAim--[A6]
[INFO] [1775393979.367888817] [navNode]: 未到目标点
目标位置:(0.0, 0.0, 0.1)-[A6]-[MCU:False]-[POS:False]
当前位置:(-0.004245519172400236, -0.002465300029143691, 0.002693832153454423)
[INFO] [1775393979.467474747] [navNode]: 状态4：WaitAim--[A6]
[INFO] [1775393979.467927731] [navNode]: 未到目标点
目标位置:(0.0, 0.0, 0.1)-[A6]-[MCU:False]-[POS:False]
当前位置:(-0.0038245338946580887, -0.0021267326083034277, 0.0012436644174158573)
[INFO] [1775393979.567515478] [navNode]: 状态4：WaitAim--[A6]
[INFO] [1775393979.568023696] [navNode]: 未到目标点
目标位置:(0.0, 0.0, 0.1)-[A6]-[MCU:False]-[POS:False]
当前位置:(-0.0033758196514099836, -0.0023484649136662483, 0.0020231036469340324)
[INFO] [1775393979.667537319] [navNode]: 状态4：WaitAim--[A6]
[INFO] [1775393979.668013255] [navNode]: 未到目标点
目标位置:(0.0, 0.0, 0.1)-[A6]-[MCU:False]-[POS:False]
当前位置:(-0.003947798628360033, -0.002337539801374078, 0.00290305120870471)
[INFO] [1775393979.767599464] [navNode]: 状态4：WaitAim--[A6]
[INFO] [1775393979.768101478] [navNode]: 未到目标点
目标位置:(0.0, 0.0, 0.1)-[A6]-[MCU:False]-[POS:False]
当前位置:(-0.0025565130636096, -0.0018137519946321845, 0.0010272085200995207)
[INFO] [1775393979.867242701] [navNode]: 状态4：WaitAim--[A6]
[INFO] [1775393979.867693059] [navNode]: 未到目标点
目标位置:(0.0, 0.0, 0.1)-[A6]-[MCU:False]-[POS:False]
当前位置:(-0.0033494632225483656, -0.002166991587728262, 0.0026826616376638412)
[INFO] [1775393979.967440231] [navNode]: 状态4：WaitAim--[A6]
[INFO] [1775393979.967886087] [navNode]: 未到目标点
目标位置:(0.0, 0.0, 0.1)-[A6]-[MCU:False]-[POS:False]
当前位置:(-0.003739413572475314, -0.0018602366326376796, 0.0020992557983845472)
[INFO] [1775393980.067277459] [navNode]: 状态4：WaitAim--[A6]
[INFO] [1775393980.067740564] [navNode]: 未到目标点
目标位置:(0.0, 0.0, 0.1)-[A6]-[MCU:False]-[POS:False]
当前位置:(-0.0034082066267728806, -0.002073633251711726, 0.002243593567982316)
[INFO] [1775393980.167275573] [navNode]: 状态4：WaitAim--[A6]
[INFO] [1775393980.167734330] [navNode]: 未到目标点
目标位置:(0.0, 0.0, 0.1)-[A6]-[MCU:False]-[POS:False]
当前位置:(-0.004495928529649973, -0.0023095738142728806, 0.0027176595758646727)
[INFO] [1775393980.267267078] [navNode]: 状态4：WaitAim--[A6]
[INFO] [1775393980.267951394] [navNode]: 未到目标点
目标位置:(0.0, 0.0, 0.1)-[A6]-[MCU:False]-[POS:False]
当前位置:(-0.0037043930497020483, -0.00243930472061038, 0.0016562853707000613)
[INFO] [1775393980.367624975] [navNode]: 状态4：WaitAim--[A6]
[INFO] [1775393980.368110303] [navNode]: 未到目标点
目标位置:(0.0, 0.0, 0.1)-[A6]-[MCU:False]-[POS:False]
当前位置:(-0.003367495024576783, -0.002435989212244749, 0.0023132546339184046)
[INFO] [1775393980.467575379] [navNode]: 状态4：WaitAim--[A6]
[INFO] [1775393980.468024375] [navNode]: 未到目标点
目标位置:(0.0, 0.0, 0.1)-[A6]-[MCU:False]-[POS:False]
当前位置:(-0.003657473949715495, -0.0021337110083550215, 0.0023885578848421574)
[INFO] [1775393980.567617085] [navNode]: 状态4：WaitAim--[A6]
[INFO] [1775393980.568087129] [navNode]: 未到目标点
目标位置:(0.0, 0.0, 0.1)-[A6]-[MCU:False]-[POS:False]
当前位置:(-0.0035449443385004997, -0.0018135110149160028, 0.001693953643552959)
[INFO] [1775393980.667778003] [navNode]: 状态4：WaitAim--[A6]
[INFO] [1775393980.668330880] [navNode]: 未到目标点
目标位置:(0.0, 0.0, 0.1)-[A6]-[MCU:False]-[POS:False]
当前位置:(-0.004298844840377569, -0.002130138920620084, 0.0019827401265501976)
[INFO] [1775393980.767630046] [navNode]: 状态4：WaitAim--[A6]
[INFO] [1775393980.768133537] [navNode]: 未到目标点
目标位置:(0.0, 0.0, 0.1)-[A6]-[MCU:False]-[POS:False]
当前位置:(-0.003287872765213251, -0.001934393891133368, 0.0006064891931600869)
[INFO] [1775393980.868026359] [navNode]: 状态4：WaitAim--[A6]
[INFO] [1775393980.868546355] [navNode]: 未到目标点
目标位置:(0.0, 0.0, 0.1)-[A6]-[MCU:False]-[POS:False]
当前位置:(-0.0042956117540597916, -0.0020687172655016184, 0.0024885558523237705)
[INFO] [1775393980.967366376] [navNode]: 状态4：WaitAim--[A6]
[INFO] [1775393980.967847211] [navNode]: 未到目标点
目标位置:(0.0, 0.0, 0.1)-[A6]-[MCU:False]-[POS:False]
当前位置:(-0.003687519347295165, -0.0026935716159641743, 0.0029930341988801956)
[INFO] [1775393981.067906256] [navNode]: 状态4：WaitAim--[A6]
[INFO] [1775393981.068686751] [navNode]: 未到目标点
目标位置:(0.0, 0.0, 0.1)-[A6]-[MCU:False]-[POS:False]
当前位置:(-0.004354453179985285, -0.002252673264592886, 0.0017711753025650978)
[INFO] [1775393981.167528055] [navNode]: 状态4：WaitAim--[A6]
[INFO] [1775393981.167987320] [navNode]: 未到目标点
目标位置:(0.0, 0.0, 0.1)-[A6]-[MCU:False]-[POS:False]
当前位置:(-0.004284979309886694, -0.0025015692226588726, 0.0025207705330103636)
[INFO] [1775393981.267617794] [navNode]: 状态4：WaitAim--[A6]
[INFO] [1775393981.268078256] [navNode]: 未到目标点
目标位置:(0.0, 0.0, 0.1)-[A6]-[MCU:False]-[POS:False]
当前位置:(-0.004166247323155403, -0.002616527024656534, 0.00030390589381568134)
[INFO] [1775393981.367819401] [navNode]: 状态4：WaitAim--[A6]
[INFO] [1775393981.368198315] [navNode]: 未到目标点
目标位置:(0.0, 0.0, 0.1)-[A6]-[MCU:False]-[POS:False]
当前位置:(-0.004214594606310129, -0.0025400950107723475, 0.002485256176441908)
[INFO] [1775393981.467601194] [navNode]: 状态4：WaitAim--[A6]
[INFO] [1775393981.468076577] [navNode]: 未到目标点
目标位置:(0.0, 0.0, 0.1)-[A6]-[MCU:False]-[POS:False]
当前位置:(-0.0031719477847218513, -0.0021977031137794256, 0.002056761644780636)
[INFO] [1775393981.567373893] [navNode]: 状态4：WaitAim--[A6]
[INFO] [1775393981.567811852] [navNode]: 未到目标点
目标位置:(0.0, 0.0, 0.1)-[A6]-[MCU:False]-[POS:False]
当前位置:(-0.003061484545469284, -0.001757619553245604, 0.0014862894313409925)
[INFO] [1775393981.668099060] [navNode]: 状态4：WaitAim--[A6]
[INFO] [1775393981.668684130] [navNode]: 未到目标点
目标位置:(0.0, 0.0, 0.1)-[A6]-[MCU:False]-[POS:False]
当前位置:(-0.003231824841350317, -0.0019488767720758915, 0.0015807877061888576)
[INFO] [1775393981.767718971] [navNode]: 状态4：WaitAim--[A6]
[INFO] [1775393981.768941377] [navNode]: 未到目标点
目标位置:(0.0, 0.0, 0.1)-[A6]-[MCU:False]-[POS:False]
当前位置:(-0.004619319457560778, -0.002423007506877184, 0.002477438421919942)
[INFO] [1775393981.867386283] [navNode]: 状态4：WaitAim--[A6]
[INFO] [1775393981.867825481] [navNode]: 未到目标点
目标位置:(0.0, 0.0, 0.1)-[A6]-[MCU:False]-[POS:False]
当前位置:(-0.00330567779019475, -0.0018750173039734364, 0.002243245020508766)
[INFO] [1775393981.967524182] [navNode]: 状态4：WaitAim--[A6]
[INFO] [1775393981.967964434] [navNode]: 未到目标点
目标位置:(0.0, 0.0, 0.1)-[A6]-[MCU:False]-[POS:False]
当前位置:(-0.00367230037227273, -0.001964895986020565, 0.000811467703897506)
[INFO] [1775393982.067251531] [navNode]: 状态4：WaitAim--[A6]
[INFO] [1775393982.067971289] [navNode]: 未到目标点
目标位置:(0.0, 0.0, 0.1)-[A6]-[MCU:False]-[POS:False]
当前位置:(-0.004292283207178116, -0.0024437031242996454, 0.0020836321637034416)
[INFO] [1775393982.167716642] [navNode]: 状态4：WaitAim--[A6]
[INFO] [1775393982.169123325] [navNode]: 未到目标点
目标位置:(0.0, 0.0, 0.1)-[A6]-[MCU:False]-[POS:False]
当前位置:(-0.0033173912670463324, -0.001732171862386167, 0.0010367501527071)
[INFO] [1775393982.267728556] [navNode]: 状态4：WaitAim--[A6]
[INFO] [1775393982.268253756] [navNode]: 未到目标点
目标位置:(0.0, 0.0, 0.1)-[A6]-[MCU:False]-[POS:False]
当前位置:(-0.0035805506631731987, -0.0020816437900066376, 0.002342458115890622)
[INFO] [1775393982.367450994] [navNode]: 状态4：WaitAim--[A6]
[INFO] [1775393982.368561172] [navNode]: 未到目标点
目标位置:(0.0, 0.0, 0.1)-[A6]-[MCU:False]-[POS:False]
当前位置:(-0.0038607243914157152, -0.002361877588555217, 0.0029608733020722866)
[INFO] [1775393982.467149238] [navNode]: 状态4：WaitAim--[A6]
[INFO] [1775393982.467570229] [navNode]: 未到目标点
目标位置:(0.0, 0.0, 0.1)-[A6]-[MCU:False]-[POS:False]
当前位置:(-0.0039167096838355064, -0.0024536761920899153, 0.002160673262551427)
[INFO] [1775393982.567607476] [navNode]: 状态4：WaitAim--[A6]
[INFO] [1775393982.568065426] [navNode]: 未到目标点
目标位置:(0.0, 0.0, 0.1)-[A6]-[MCU:False]-[POS:False]
当前位置:(-0.004389354493469, -0.0023437654599547386, 0.00226895185187459)
[INFO] [1775393982.667525931] [navNode]: 状态4：WaitAim--[A6]
[INFO] [1775393982.667951861] [navNode]: 未到目标点
目标位置:(0.0, 0.0, 0.1)-[A6]-[MCU:False]-[POS:False]
当前位置:(-0.005447095725685358, -0.003139694221317768, 0.001634896150790155)
[INFO] [1775393982.767639717] [navNode]: 状态4：WaitAim--[A6]
[INFO] [1775393982.768136144] [navNode]: 未到目标点
目标位置:(0.0, 0.0, 0.1)-[A6]-[MCU:False]-[POS:False]
当前位置:(-0.004246402066200972, -0.0025596031919121742, 0.002204594202339649)
[INFO] [1775393982.867269784] [navNode]: 状态4：WaitAim--[A6]
[INFO] [1775393982.867720526] [navNode]: 未到目标点
目标位置:(0.0, 0.0, 0.1)-[A6]-[MCU:False]-[POS:False]
当前位置:(-0.004144540522247553, -0.0026508469600230455, 0.0022967515978962183)
[INFO] [1775393982.967359466] [navNode]: 状态4：WaitAim--[A6]
[INFO] [1775393982.967843723] [navNode]: 未到目标点
目标位置:(0.0, 0.0, 0.1)-[A6]-[MCU:False]-[POS:False]
当前位置:(-0.0045782760716974735, -0.0026619613636285067, 0.001909151440486312)
[INFO] [1775393983.067712544] [navNode]: 状态4：WaitAim--[A6]
[INFO] [1775393983.068356846] [navNode]: 未到目标点
目标位置:(0.0, 0.0, 0.1)-[A6]-[MCU:False]-[POS:False]
当前位置:(-0.003418316598981619, -0.002053963951766491, 0.0005350433639250696)
[INFO] [1775393983.167719208] [navNode]: 状态4：WaitAim--[A6]
[INFO] [1775393983.168215630] [navNode]: 未到目标点
目标位置:(0.0, 0.0, 0.1)-[A6]-[MCU:False]-[POS:False]
当前位置:(-0.004033696372061968, -0.0025380386505275965, 0.0016389880329370499)
[INFO] [1775393983.268122945] [navNode]: 状态4：WaitAim--[A6]
[INFO] [1775393983.268665628] [navNode]: 未到目标点
目标位置:(0.0, 0.0, 0.1)-[A6]-[MCU:False]-[POS:False]
当前位置:(-0.004493487998843193, -0.0025956742465496063, 0.0025219349190592766)
[INFO] [1775393983.367895507] [navNode]: 状态4：WaitAim--[A6]
[INFO] [1775393983.368399764] [navNode]: 未到目标点
目标位置:(0.0, 0.0, 0.1)-[A6]-[MCU:False]-[POS:False]
当前位置:(-0.004144975915551186, -0.0025332148652523756, 0.0016554377507418394)
[INFO] [1775393983.467200217] [navNode]: 状态4：WaitAim--[A6]
[INFO] [1775393983.467608314] [navNode]: 未到目标点
目标位置:(0.0, 0.0, 0.1)-[A6]-[MCU:False]-[POS:False]
当前位置:(-0.003733405377715826, -0.00231370166875422, 0.0011896942742168903)
[INFO] [1775393983.567387468] [navNode]: 状态4：WaitAim--[A6]
[INFO] [1775393983.567882351] [navNode]: 未到目标点
目标位置:(0.0, 0.0, 0.1)-[A6]-[MCU:False]-[POS:False]
当前位置:(-0.0038205967284739017, -0.002561256056651473, 0.0026219699066132307)
[INFO] [1775393983.667268278] [navNode]: 状态4：WaitAim--[A6]
[INFO] [1775393983.667710316] [navNode]: 未到目标点
目标位置:(0.0, 0.0, 0.1)-[A6]-[MCU:False]-[POS:False]
当前位置:(-0.004535002633929253, -0.002935234224423766, 0.0018503491301089525)
[INFO] [1775393983.767517517] [navNode]: 状态4：WaitAim--[A6]
[INFO] [1775393983.768040247] [navNode]: 未到目标点
目标位置:(0.0, 0.0, 0.1)-[A6]-[MCU:False]-[POS:False]
当前位置:(-0.003867918625473976, -0.0027094269171357155, 0.0022316493559628725)
[INFO] [1775393983.867706905] [navNode]: 状态4：WaitAim--[A6]
[INFO] [1775393983.868129623] [navNode]: 未到目标点
目标位置:(0.0, 0.0, 0.1)-[A6]-[MCU:False]-[POS:False]
当前位置:(-0.004189357161521912, -0.0025665792636573315, 0.002459660405293107)
[INFO] [1775393983.967507352] [navNode]: 状态4：WaitAim--[A6]
[INFO] [1775393983.967927173] [navNode]: 未到目标点
目标位置:(0.0, 0.0, 0.1)-[A6]-[MCU:False]-[POS:False]
当前位置:(-0.00401389179751277, -0.0025393743999302387, 0.002467273734509945)
[INFO] [1775393984.068554226] [navNode]: 状态4：WaitAim--[A6]
[INFO] [1775393984.069155122] [navNode]: 未到目标点
目标位置:(0.0, 0.0, 0.1)-[A6]-[MCU:False]-[POS:False]
当前位置:(-0.0044819968752563, -0.0027788151055574417, 0.002000171225517988)
[INFO] [1775393984.167796613] [navNode]: 状态4：WaitAim--[A6]
[INFO] [1775393984.168478085] [navNode]: 未到目标点
目标位置:(0.0, 0.0, 0.1)-[A6]-[MCU:False]-[POS:False]
当前位置:(-0.004315268713980913, -0.002778120804578066, 0.002296298276633024)
[INFO] [1775393984.267682355] [navNode]: 状态4：WaitAim--[A6]
[INFO] [1775393984.268182292] [navNode]: 未到目标点
目标位置:(0.0, 0.0, 0.1)-[A6]-[MCU:False]-[POS:False]
当前位置:(-0.003893070388585329, -0.0024322771932929754, 0.002715861424803734)
[INFO] [1775393984.367492882] [navNode]: 状态4：WaitAim--[A6]
[INFO] [1775393984.368035434] [navNode]: 未到目标点
目标位置:(0.0, 0.0, 0.1)-[A6]-[MCU:False]-[POS:False]
当前位置:(-0.003464890643954277, -0.0025021976325660944, 0.00242990767583251)
[INFO] [1775393984.467674481] [navNode]: 状态4：WaitAim--[A6]
[INFO] [1775393984.468166218] [navNode]: 未到目标点
目标位置:(0.0, 0.0, 0.1)-[A6]-[MCU:False]-[POS:False]
当前位置:(-0.004211712162941694, -0.0021232946310192347, 0.0024518633726984262)
[INFO] [1775393984.567656683] [navNode]: 状态4：WaitAim--[A6]
[INFO] [1775393984.568125024] [navNode]: 未到目标点
目标位置:(0.0, 0.0, 0.1)-[A6]-[MCU:False]-[POS:False]
当前位置:(-0.0037147521506994963, -0.002476698951795697, 0.0025544462259858847)
[INFO] [1775393984.667490739] [navNode]: 状态4：WaitAim--[A6]
[INFO] [1775393984.668055336] [navNode]: 未到目标点
目标位置:(0.0, 0.0, 0.1)-[A6]-[MCU:False]-[POS:False]
当前位置:(-0.0034143058583140373, -0.0019343708408996463, 0.0016152653843164444)
[INFO] [1775393984.767852597] [navNode]: 状态4：WaitAim--[A6]
[INFO] [1775393984.768383705] [navNode]: 未到目标点
目标位置:(0.0, 0.0, 0.1)-[A6]-[MCU:False]-[POS:False]
当前位置:(-0.004080660175532103, -0.002269912511110306, 0.0019594982732087374)
[INFO] [1775393984.867580125] [navNode]: 状态4：WaitAim--[A6]
[INFO] [1775393984.868124645] [navNode]: 未到目标点
目标位置:(0.0, 0.0, 0.1)-[A6]-[MCU:False]-[POS:False]
当前位置:(-0.004973534494638443, -0.002769787795841694, 0.0025720263365656137)
[INFO] [1775393984.967536336] [navNode]: 状态4：WaitAim--[A6]
[INFO] [1775393984.968113990] [navNode]: 未到目标点
目标位置:(0.0, 0.0, 0.1)-[A6]-[MCU:False]-[POS:False]
当前位置:(-0.0038840784691274166, -0.0024721829686313868, 0.0026710520032793283)
[INFO] [1775393985.067447688] [navNode]: 状态4：WaitAim--[A6]
[INFO] [1775393985.067996379] [navNode]: 未到目标点
目标位置:(0.0, 0.0, 0.1)-[A6]-[MCU:False]-[POS:False]
当前位置:(-0.0037819594144821167, -0.0021546543575823307, 0.0027606955263763666)
[INFO] [1775393985.167623145] [navNode]: 状态4：WaitAim--[A6]
[INFO] [1775393985.169150728] [navNode]: 未到目标点
目标位置:(0.0, 0.0, 0.1)-[A6]-[MCU:False]-[POS:False]
当前位置:(-0.0032473911996930838, -0.001920451526530087, 0.002998074283823371)
[INFO] [1775393985.267385140] [navNode]: 状态4：WaitAim--[A6]
[INFO] [1775393985.267938186] [navNode]: 未到目标点
目标位置:(0.0, 0.0, 0.1)-[A6]-[MCU:False]-[POS:False]
当前位置:(-0.0034832514356821775, -0.0018747755093500018, 0.002488862257450819)
[INFO] [1775393985.367293368] [navNode]: 状态4：WaitAim--[A6]
[INFO] [1775393985.368447107] [navNode]: 未到目标点
目标位置:(0.0, 0.0, 0.1)-[A6]-[MCU:False]-[POS:False]
当前位置:(-0.003103681141510606, -0.001597063965164125, 0.001530944835394621)
[INFO] [1775393985.467342539] [navNode]: 状态4：WaitAim--[A6]
[INFO] [1775393985.467792430] [navNode]: 未到目标点
目标位置:(0.0, 0.0, 0.1)-[A6]-[MCU:False]-[POS:False]
当前位置:(-0.004040380008518696, -0.002598147140815854, 0.0020392588339746)
[INFO] [1775393985.567209649] [navNode]: 状态4：WaitAim--[A6]
[INFO] [1775393985.567600420] [navNode]: 未到目标点
目标位置:(0.0, 0.0, 0.1)-[A6]-[MCU:False]-[POS:False]
当前位置:(-0.0034857115242630243, -0.0025111068971455097, 0.002342195250093937)
[INFO] [1775393985.667483273] [navNode]: 状态4：WaitAim--[A6]
[INFO] [1775393985.667861960] [navNode]: 未到目标点
目标位置:(0.0, 0.0, 0.1)-[A6]-[MCU:False]-[POS:False]
当前位置:(-0.003347866702824831, -0.001955804182216525, 0.001753993215970695)
[INFO] [1775393985.767407787] [navNode]: 状态4：WaitAim--[A6]
[INFO] [1775393985.767790769] [navNode]: 未到目标点
目标位置:(0.0, 0.0, 0.1)-[A6]-[MCU:False]-[POS:False]
当前位置:(-0.003159035462886095, -0.0018587131053209305, 0.0018846356542780995)
[INFO] [1775393985.867152029] [navNode]: 状态4：WaitAim--[A6]
[INFO] [1775393985.867548539] [navNode]: 未到目标点
目标位置:(0.0, 0.0, 0.1)-[A6]-[MCU:False]-[POS:False]
当前位置:(-0.0030016833916306496, -0.0019120259676128626, 0.0014987041940912604)
[INFO] [1775393985.967457960] [navNode]: 状态4：WaitAim--[A6]
[INFO] [1775393985.967916492] [navNode]: 未到目标点
目标位置:(0.0, 0.0, 0.1)-[A6]-[MCU:False]-[POS:False]
当前位置:(-0.004034438636153936, -0.0022351425141096115, 0.002489495789632201)
[INFO] [1775393986.067677583] [navNode]: 状态4：WaitAim--[A6]
[INFO] [1775393986.068188134] [navNode]: 未到目标点
目标位置:(0.0, 0.0, 0.1)-[A6]-[MCU:False]-[POS:False]
当前位置:(-0.0038436013273894787, -0.0027474022936075926, 0.002308350522071123)
[INFO] [1775393986.167766501] [navNode]: 状态4：WaitAim--[A6]
[INFO] [1775393986.168204575] [navNode]: 未到目标点
目标位置:(0.0, 0.0, 0.1)-[A6]-[MCU:False]-[POS:False]
当前位置:(-0.004713298752903938, -0.0024986136704683304, 0.0024993568658828735)
[INFO] [1775393986.267843082] [navNode]: 状态4：WaitAim--[A6]
[INFO] [1775393986.268312993] [navNode]: 未到目标点
目标位置:(0.0, 0.0, 0.1)-[A6]-[MCU:False]-[POS:False]
当前位置:(-0.003745811292901635, -0.002033701166510582, 0.0011332371504977345)
[INFO] [1775393986.367610359] [navNode]: 状态4：WaitAim--[A6]
[INFO] [1775393986.368080821] [navNode]: 未到目标点
目标位置:(0.0, 0.0, 0.1)-[A6]-[MCU:False]-[POS:False]
当前位置:(-0.0034323979634791613, -0.0022512825671583414, 0.002385159721598029)
[INFO] [1775393986.467486788] [navNode]: 状态4：WaitAim--[A6]
[INFO] [1775393986.467994030] [navNode]: 未到目标点
目标位置:(0.0, 0.0, 0.1)-[A6]-[MCU:False]-[POS:False]
当前位置:(-0.003214797005057335, -0.0017507041338831186, 0.0006800079718232155)
[INFO] [1775393986.567387934] [navNode]: 状态4：WaitAim--[A6]
[INFO] [1775393986.567897093] [navNode]: 未到目标点
目标位置:(0.0, 0.0, 0.1)-[A6]-[MCU:False]-[POS:False]
当前位置:(-0.004366985056549311, -0.002692586276680231, 0.002292218152433634)
[INFO] [1775393986.667248318] [navNode]: 状态4：WaitAim--[A6]
[INFO] [1775393986.667735573] [navNode]: 未到目标点
目标位置:(0.0, 0.0, 0.1)-[A6]-[MCU:False]-[POS:False]
当前位置:(-0.00370617862790823, -0.0021716703195124865, 0.0015451712533831596)
[INFO] [1775393986.767412594] [navNode]: 状态4：WaitAim--[A6]
[INFO] [1775393986.767848541] [navNode]: 未到目标点
目标位置:(0.0, 0.0, 0.1)-[A6]-[MCU:False]-[POS:False]
当前位置:(-0.004041890613734722, -0.0024448400363326073, 0.0025891303084790707)
[INFO] [1775393986.868355125] [navNode]: 状态4：WaitAim--[A6]
[INFO] [1775393986.868883621] [navNode]: 未到目标点
目标位置:(0.0, 0.0, 0.1)-[A6]-[MCU:False]-[POS:False]
当前位置:(-0.0032886089757084846, -0.0020913914777338505, 0.0020089654717594385)
[INFO] [1775393986.967540454] [navNode]: 状态4：WaitAim--[A6]
[INFO] [1775393986.967979363] [navNode]: 未到目标点
目标位置:(0.0, 0.0, 0.1)-[A6]-[MCU:False]-[POS:False]
当前位置:(-0.0032886089757084846, -0.0020913914777338505, 0.0020089654717594385)
[INFO] [1775393987.067623602] [navNode]: 状态4：WaitAim--[A6]
[INFO] [1775393987.068098961] [navNode]: 未到目标点
目标位置:(0.0, 0.0, 0.1)-[A6]-[MCU:False]-[POS:False]
当前位置:(-0.0032886089757084846, -0.0020913914777338505, 0.0020089654717594385)
[INFO] [1775393987.167472983] [navNode]: 状态4：WaitAim--[A6]
[INFO] [1775393987.167880103] [navNode]: 未到目标点
目标位置:(0.0, 0.0, 0.1)-[A6]-[MCU:False]-[POS:False]
当前位置:(-0.0032886089757084846, -0.0020913914777338505, 0.0020089654717594385)
[INFO] [1775393987.267913311] [navNode]: 状态4：WaitAim--[A6]
[INFO] [1775393987.268328219] [navNode]: 未到目标点
目标位置:(0.0, 0.0, 0.1)-[A6]-[MCU:False]-[POS:False]
当前位置:(-0.0032886089757084846, -0.0020913914777338505, 0.0020089654717594385)
[INFO] [1775393987.367275952] [navNode]: 状态4：WaitAim--[A6]
[INFO] [1775393987.367689523] [navNode]: 未到目标点
目标位置:(0.0, 0.0, 0.1)-[A6]-[MCU:False]-[POS:False]
当前位置:(-0.0032886089757084846, -0.0020913914777338505, 0.0020089654717594385)
[INFO] [1775393987.468093436] [navNode]: 状态4：WaitAim--[A6]
[INFO] [1775393987.468482285] [navNode]: 未到目标点
目标位置:(0.0, 0.0, 0.1)-[A6]-[MCU:False]-[POS:False]
当前位置:(-0.0032886089757084846, -0.0020913914777338505, 0.0020089654717594385)
[INFO] [1775393987.567486104] [navNode]: 状态4：WaitAim--[A6]
[INFO] [1775393987.568061178] [navNode]: 未到目标点
目标位置:(0.0, 0.0, 0.1)-[A6]-[MCU:False]-[POS:False]
当前位置:(-0.0032886089757084846, -0.0020913914777338505, 0.0020089654717594385)
[INFO] [1775393987.667687676] [navNode]: 状态4：WaitAim--[A6]
[INFO] [1775393987.668197003] [navNode]: 未到目标点
目标位置:(0.0, 0.0, 0.1)-[A6]-[MCU:False]-[POS:False]
当前位置:(-0.0032886089757084846, -0.0020913914777338505, 0.0020089654717594385)
[INFO] [1775393987.767666612] [navNode]: 状态4：WaitAim--[A6]
[INFO] [1775393987.768157229] [navNode]: 未到目标点
目标位置:(0.0, 0.0, 0.1)-[A6]-[MCU:False]-[POS:False]
当前位置:(-0.0032886089757084846, -0.0020913914777338505, 0.0020089654717594385)
[INFO] [1775393987.867466111] [navNode]: 状态4：WaitAim--[A6]
[INFO] [1775393987.867918186] [navNode]: 未到目标点
目标位置:(0.0, 0.0, 0.1)-[A6]-[MCU:False]-[POS:False]
当前位置:(-0.0032886089757084846, -0.0020913914777338505, 0.0020089654717594385)
[INFO] [1775393987.967392469] [navNode]: 状态4：WaitAim--[A6]
[INFO] [1775393987.967829364] [navNode]: 未到目标点
目标位置:(0.0, 0.0, 0.1)-[A6]-[MCU:False]-[POS:False]
当前位置:(-0.0032886089757084846, -0.0020913914777338505, 0.0020089654717594385)
[INFO] [1775393988.067270532] [navNode]: 状态4：WaitAim--[A6]
[INFO] [1775393988.067686140] [navNode]: 未到目标点
目标位置:(0.0, 0.0, 0.1)-[A6]-[MCU:False]-[POS:False]
当前位置:(-0.0032886089757084846, -0.0020913914777338505, 0.0020089654717594385)
[INFO] [1775393988.169024112] [navNode]: 状态4：WaitAim--[A6]
[INFO] [1775393988.169842563] [navNode]: 未到目标点
目标位置:(0.0, 0.0, 0.1)-[A6]-[MCU:False]-[POS:False]
当前位置:(-0.0032886089757084846, -0.0020913914777338505, 0.0020089654717594385)
[INFO] [1775393988.267319822] [navNode]: 状态4：WaitAim--[A6]
[INFO] [1775393988.267745949] [navNode]: 未到目标点
目标位置:(0.0, 0.0, 0.1)-[A6]-[MCU:False]-[POS:False]
当前位置:(-0.0032886089757084846, -0.0020913914777338505, 0.0020089654717594385)
[INFO] [1775393988.367288909] [navNode]: 状态4：WaitAim--[A6]
[INFO] [1775393988.367726575] [navNode]: 未到目标点
目标位置:(0.0, 0.0, 0.1)-[A6]-[MCU:False]-[POS:False]
当前位置:(-0.0032886089757084846, -0.0020913914777338505, 0.0020089654717594385)
[INFO] [1775393988.468502571] [navNode]: 状态4：WaitAim--[A6]
[INFO] [1775393988.469340256] [navNode]: 未到目标点
目标位置:(0.0, 0.0, 0.1)-[A6]-[MCU:False]-[POS:False]
当前位置:(-0.0032886089757084846, -0.0020913914777338505, 0.0020089654717594385)
[INFO] [1775393988.567608137] [navNode]: 状态4：WaitAim--[A6]
[INFO] [1775393988.568113204] [navNode]: 未到目标点
目标位置:(0.0, 0.0, 0.1)-[A6]-[MCU:False]-[POS:False]
当前位置:(-0.0032886089757084846, -0.0020913914777338505, 0.0020089654717594385)
[INFO] [1775393988.667500520] [navNode]: 状态4：WaitAim--[A6]
[INFO] [1775393988.667928332] [navNode]: 未到目标点
目标位置:(0.0, 0.0, 0.1)-[A6]-[MCU:False]-[POS:False]
当前位置:(-0.0032886089757084846, -0.0020913914777338505, 0.0020089654717594385)
[INFO] [1775393988.767402174] [navNode]: 状态4：WaitAim--[A6]
[INFO] [1775393988.767865941] [navNode]: 未到目标点
目标位置:(0.0, 0.0, 0.1)-[A6]-[MCU:False]-[POS:False]
当前位置:(-0.0032886089757084846, -0.0020913914777338505, 0.0020089654717594385)
[INFO] [1775393988.867511141] [navNode]: 状态4：WaitAim--[A6]
[INFO] [1775393988.867875825] [navNode]: 未到目标点
目标位置:(0.0, 0.0, 0.1)-[A6]-[MCU:False]-[POS:False]
当前位置:(-0.0032886089757084846, -0.0020913914777338505, 0.0020089654717594385)
[INFO] [1775393988.967189877] [navNode]: 状态4：WaitAim--[A6]
[INFO] [1775393988.967664820] [navNode]: 未到目标点
目标位置:(0.0, 0.0, 0.1)-[A6]-[MCU:False]-[POS:False]
当前位置:(-0.0032886089757084846, -0.0020913914777338505, 0.0020089654717594385)
[INFO] [1775393989.067631217] [navNode]: 状态4：WaitAim--[A6]
[INFO] [1775393989.068000986] [navNode]: 未到目标点
目标位置:(0.0, 0.0, 0.1)-[A6]-[MCU:False]-[POS:False]
当前位置:(-0.0032886089757084846, -0.0020913914777338505, 0.0020089654717594385)
[INFO] [1775393989.167516707] [navNode]: 状态4：WaitAim--[A6]
[INFO] [1775393989.167933926] [navNode]: 未到目标点
目标位置:(0.0, 0.0, 0.1)-[A6]-[MCU:False]-[POS:False]
当前位置:(-0.0032886089757084846, -0.0020913914777338505, 0.0020089654717594385)
[INFO] [1775393989.267636436] [navNode]: 状态4：WaitAim--[A6]
[INFO] [1775393989.268035567] [navNode]: 未到目标点
目标位置:(0.0, 0.0, 0.1)-[A6]-[MCU:False]-[POS:False]
当前位置:(-0.0032886089757084846, -0.0020913914777338505, 0.0020089654717594385)
[INFO] [1775393989.368159134] [navNode]: 状态4：WaitAim--[A6]
[INFO] [1775393989.368512776] [navNode]: 未到目标点
目标位置:(0.0, 0.0, 0.1)-[A6]-[MCU:False]-[POS:False]
当前位置:(-0.0032886089757084846, -0.0020913914777338505, 0.0020089654717594385)
[INFO] [1775393989.467903187] [navNode]: 状态4：WaitAim--[A6]
[INFO] [1775393989.468298226] [navNode]: 未到目标点
目标位置:(0.0, 0.0, 0.1)-[A6]-[MCU:False]-[POS:False]
当前位置:(-0.0032886089757084846, -0.0020913914777338505, 0.0020089654717594385)
[INFO] [1775393989.567784760] [navNode]: 状态4：WaitAim--[A6]
[INFO] [1775393989.568177341] [navNode]: 未到目标点
目标位置:(0.0, 0.0, 0.1)-[A6]-[MCU:False]-[POS:False]
当前位置:(-0.0032886089757084846, -0.0020913914777338505, 0.0020089654717594385)
[INFO] [1775393989.667357649] [navNode]: 状态4：WaitAim--[A6]
[INFO] [1775393989.667770057] [navNode]: 未到目标点
目标位置:(0.0, 0.0, 0.1)-[A6]-[MCU:False]-[POS:False]
当前位置:(-0.0032886089757084846, -0.0020913914777338505, 0.0020089654717594385)
[INFO] [1775393989.767511990] [navNode]: 状态4：WaitAim--[A6]
[INFO] [1775393989.767907670] [navNode]: 未到目标点
目标位置:(0.0, 0.0, 0.1)-[A6]-[MCU:False]-[POS:False]
当前位置:(-0.0032886089757084846, -0.0020913914777338505, 0.0020089654717594385)
[INFO] [1775393989.870189157] [navNode]: 状态4：WaitAim--[A6]
[INFO] [1775393989.871248350] [navNode]: 未到目标点
目标位置:(0.0, 0.0, 0.1)-[A6]-[MCU:False]-[POS:False]
当前位置:(-0.0032886089757084846, -0.0020913914777338505, 0.0020089654717594385)
[INFO] [1775393989.968438892] [navNode]: 状态4：WaitAim--[A6]
[INFO] [1775393989.968792657] [navNode]: 未到目标点
目标位置:(0.0, 0.0, 0.1)-[A6]-[MCU:False]-[POS:False]
当前位置:(-0.0032886089757084846, -0.0020913914777338505, 0.0020089654717594385)
[INFO] [1775393990.069573752] [navNode]: 状态4：WaitAim--[A6]
[INFO] [1775393990.069938477] [navNode]: 未到目标点
目标位置:(0.0, 0.0, 0.1)-[A6]-[MCU:False]-[POS:False]
当前位置:(-0.0032886089757084846, -0.0020913914777338505, 0.0020089654717594385)
[INFO] [1775393990.168079539] [navNode]: 状态4：WaitAim--[A6]
[INFO] [1775393990.168432288] [navNode]: 未到目标点
目标位置:(0.0, 0.0, 0.1)-[A6]-[MCU:False]-[POS:False]
当前位置:(-0.0032886089757084846, -0.0020913914777338505, 0.0020089654717594385)
[INFO] [1775393990.267476418] [navNode]: 状态4：WaitAim--[A6]
[INFO] [1775393990.267851536] [navNode]: 未到目标点
目标位置:(0.0, 0.0, 0.1)-[A6]-[MCU:False]-[POS:False]
当前位置:(-0.0032886089757084846, -0.0020913914777338505, 0.0020089654717594385)
[INFO] [1775393990.367279742] [navNode]: 状态4：WaitAim--[A6]
[INFO] [1775393990.367612807] [navNode]: 未到目标点
目标位置:(0.0, 0.0, 0.1)-[A6]-[MCU:False]-[POS:False]
当前位置:(-0.0032886089757084846, -0.0020913914777338505, 0.0020089654717594385)
[INFO] [1775393990.467384558] [navNode]: 状态4：WaitAim--[A6]
[INFO] [1775393990.467781516] [navNode]: 未到目标点
目标位置:(0.0, 0.0, 0.1)-[A6]-[MCU:False]-[POS:False]
当前位置:(-0.0032886089757084846, -0.0020913914777338505, 0.0020089654717594385)
[INFO] [1775393990.567398369] [navNode]: 状态4：WaitAim--[A6]
[INFO] [1775393990.567760448] [navNode]: 未到目标点
目标位置:(0.0, 0.0, 0.1)-[A6]-[MCU:False]-[POS:False]
当前位置:(-0.0032886089757084846, -0.0020913914777338505, 0.0020089654717594385)
[INFO] [1775393990.667625764] [navNode]: 状态4：WaitAim--[A6]
[INFO] [1775393990.667990786] [navNode]: 未到目标点
目标位置:(0.0, 0.0, 0.1)-[A6]-[MCU:False]-[POS:False]
当前位置:(-0.0032886089757084846, -0.0020913914777338505, 0.0020089654717594385)
[INFO] [1775393990.767442321] [navNode]: 状态4：WaitAim--[A6]
[INFO] [1775393990.767829955] [navNode]: 未到目标点
目标位置:(0.0, 0.0, 0.1)-[A6]-[MCU:False]-[POS:False]
当前位置:(-0.0032886089757084846, -0.0020913914777338505, 0.0020089654717594385)
[INFO] [1775393990.868094779] [navNode]: 状态4：WaitAim--[A6]
[INFO] [1775393990.868566876] [navNode]: 未到目标点
目标位置:(0.0, 0.0, 0.1)-[A6]-[MCU:False]-[POS:False]
当前位置:(-0.0032886089757084846, -0.0020913914777338505, 0.0020089654717594385)
[INFO] [1775393990.967761348] [navNode]: 状态4：WaitAim--[A6]
[INFO] [1775393990.968259345] [navNode]: 未到目标点
目标位置:(0.0, 0.0, 0.1)-[A6]-[MCU:False]-[POS:False]
当前位置:(-0.0032886089757084846, -0.0020913914777338505, 0.0020089654717594385)
[INFO] [1775393991.067782257] [navNode]: 状态4：WaitAim--[A6]
[INFO] [1775393991.068201115] [navNode]: 未到目标点
目标位置:(0.0, 0.0, 0.1)-[A6]-[MCU:False]-[POS:False]
当前位置:(-0.0032886089757084846, -0.0020913914777338505, 0.0020089654717594385)
[INFO] [1775393991.167660937] [navNode]: 状态4：WaitAim--[A6]
[INFO] [1775393991.168116895] [navNode]: 未到目标点
目标位置:(0.0, 0.0, 0.1)-[A6]-[MCU:False]-[POS:False]
当前位置:(-0.0032886089757084846, -0.0020913914777338505, 0.0020089654717594385)
[INFO] [1775393991.267720232] [navNode]: 状态4：WaitAim--[A6]
[INFO] [1775393991.268149946] [navNode]: 未到目标点
目标位置:(0.0, 0.0, 0.1)-[A6]-[MCU:False]-[POS:False]
当前位置:(-0.0032886089757084846, -0.0020913914777338505, 0.0020089654717594385)
[INFO] [1775393991.367677888] [navNode]: 状态4：WaitAim--[A6]
[INFO] [1775393991.368110078] [navNode]: 未到目标点
目标位置:(0.0, 0.0, 0.1)-[A6]-[MCU:False]-[POS:False]
当前位置:(-0.0032886089757084846, -0.0020913914777338505, 0.0020089654717594385)
[INFO] [1775393991.467384715] [navNode]: 状态4：WaitAim--[A6]
[INFO] [1775393991.467877532] [navNode]: 未到目标点
目标位置:(0.0, 0.0, 0.1)-[A6]-[MCU:False]-[POS:False]
当前位置:(-0.0032886089757084846, -0.0020913914777338505, 0.0020089654717594385)
[INFO] [1775393991.567959560] [navNode]: 状态4：WaitAim--[A6]
[INFO] [1775393991.568431192] [navNode]: 未到目标点
目标位置:(0.0, 0.0, 0.1)-[A6]-[MCU:False]-[POS:False]
当前位置:(-0.0032886089757084846, -0.0020913914777338505, 0.0020089654717594385)
[INFO] [1775393991.667448525] [navNode]: 状态4：WaitAim--[A6]
[INFO] [1775393991.667862034] [navNode]: 未到目标点
目标位置:(0.0, 0.0, 0.1)-[A6]-[MCU:False]-[POS:False]
当前位置:(-0.0032886089757084846, -0.0020913914777338505, 0.0020089654717594385)
[INFO] [1775393991.768609966] [navNode]: 状态4：WaitAim--[A6]
[INFO] [1775393991.769055055] [navNode]: 未到目标点
目标位置:(0.0, 0.0, 0.1)-[A6]-[MCU:False]-[POS:False]
当前位置:(-0.0032886089757084846, -0.0020913914777338505, 0.0020089654717594385)
[INFO] [1775393991.867538931] [navNode]: 状态4：WaitAim--[A6]
[INFO] [1775393991.867905770] [navNode]: 未到目标点
目标位置:(0.0, 0.0, 0.1)-[A6]-[MCU:False]-[POS:False]
当前位置:(-0.0032886089757084846, -0.0020913914777338505, 0.0020089654717594385)
[INFO] [1775393991.970562218] [navNode]: 状态4：WaitAim--[A6]
[INFO] [1775393991.970982629] [navNode]: 未到目标点
目标位置:(0.0, 0.0, 0.1)-[A6]-[MCU:False]-[POS:False]
当前位置:(-0.0032886089757084846, -0.0020913914777338505, 0.0020089654717594385)
[INFO] [1775393992.067443806] [navNode]: 状态4：WaitAim--[A6]
[INFO] [1775393992.067831573] [navNode]: 未到目标点
目标位置:(0.0, 0.0, 0.1)-[A6]-[MCU:False]-[POS:False]
当前位置:(-0.0032886089757084846, -0.0020913914777338505, 0.0020089654717594385)
[INFO] [1775393992.167484196] [navNode]: 状态4：WaitAim--[A6]
[INFO] [1775393992.167856772] [navNode]: 未到目标点
目标位置:(0.0, 0.0, 0.1)-[A6]-[MCU:False]-[POS:False]
当前位置:(-0.0032886089757084846, -0.0020913914777338505, 0.0020089654717594385)
[INFO] [1775393992.267494225] [navNode]: 状态4：WaitAim--[A6]
[INFO] [1775393992.267900935] [navNode]: 未到目标点
目标位置:(0.0, 0.0, 0.1)-[A6]-[MCU:False]-[POS:False]
当前位置:(-0.0032886089757084846, -0.0020913914777338505, 0.0020089654717594385)
[INFO] [1775393992.370151860] [navNode]: 状态4：WaitAim--[A6]
[INFO] [1775393992.371368939] [navNode]: 未到目标点
目标位置:(0.0, 0.0, 0.1)-[A6]-[MCU:False]-[POS:False]
当前位置:(-0.0032886089757084846, -0.0020913914777338505, 0.0020089654717594385)
[INFO] [1775393992.467558444] [navNode]: 状态4：WaitAim--[A6]
[INFO] [1775393992.467930341] [navNode]: 未到目标点
目标位置:(0.0, 0.0, 0.1)-[A6]-[MCU:False]-[POS:False]
当前位置:(-0.0032886089757084846, -0.0020913914777338505, 0.0020089654717594385)
[INFO] [1775393992.568838405] [navNode]: 状态4：WaitAim--[A6]
[INFO] [1775393992.569877869] [navNode]: 未到目标点
目标位置:(0.0, 0.0, 0.1)-[A6]-[MCU:False]-[POS:False]
当前位置:(-0.0032886089757084846, -0.0020913914777338505, 0.0020089654717594385)
[INFO] [1775393992.667655990] [navNode]: 状态4：WaitAim--[A6]
[INFO] [1775393992.668041631] [navNode]: 未到目标点
目标位置:(0.0, 0.0, 0.1)-[A6]-[MCU:False]-[POS:False]
当前位置:(-0.0032886089757084846, -0.0020913914777338505, 0.0020089654717594385)
[INFO] [1775393992.767537464] [navNode]: 状态4：WaitAim--[A6]
[INFO] [1775393992.768000903] [navNode]: 未到目标点
目标位置:(0.0, 0.0, 0.1)-[A6]-[MCU:False]-[POS:False]
当前位置:(-0.0032886089757084846, -0.0020913914777338505, 0.0020089654717594385)
[INFO] [1775393992.867420537] [navNode]: 状态4：WaitAim--[A6]
[INFO] [1775393992.867791645] [navNode]: 未到目标点
目标位置:(0.0, 0.0, 0.1)-[A6]-[MCU:False]-[POS:False]
当前位置:(-0.0032886089757084846, -0.0020913914777338505, 0.0020089654717594385)
[INFO] [1775393992.967402539] [navNode]: 状态4：WaitAim--[A6]
[INFO] [1775393992.967838985] [navNode]: 未到目标点
目标位置:(0.0, 0.0, 0.1)-[A6]-[MCU:False]-[POS:False]
当前位置:(-0.0032886089757084846, -0.0020913914777338505, 0.0020089654717594385)
[INFO] [1775393993.067631391] [navNode]: 状态4：WaitAim--[A6]
[INFO] [1775393993.068164902] [navNode]: 未到目标点
目标位置:(0.0, 0.0, 0.1)-[A6]-[MCU:False]-[POS:False]
当前位置:(-0.0032886089757084846, -0.0020913914777338505, 0.0020089654717594385)
[INFO] [1775393993.167754480] [navNode]: 状态4：WaitAim--[A6]
[INFO] [1775393993.168228687] [navNode]: 未到目标点
目标位置:(0.0, 0.0, 0.1)-[A6]-[MCU:False]-[POS:False]
当前位置:(-0.0032886089757084846, -0.0020913914777338505, 0.0020089654717594385)
[INFO] [1775393993.267356880] [navNode]: 状态4：WaitAim--[A6]
[INFO] [1775393993.267771258] [navNode]: 未到目标点
目标位置:(0.0, 0.0, 0.1)-[A6]-[MCU:False]-[POS:False]
当前位置:(-0.0032886089757084846, -0.0020913914777338505, 0.0020089654717594385)
[INFO] [1775393993.367534804] [navNode]: 状态4：WaitAim--[A6]
[INFO] [1775393993.367964075] [navNode]: 未到目标点
目标位置:(0.0, 0.0, 0.1)-[A6]-[MCU:False]-[POS:False]
当前位置:(-0.0032886089757084846, -0.0020913914777338505, 0.0020089654717594385)
[INFO] [1775393993.467604800] [navNode]: 状态4：WaitAim--[A6]
[INFO] [1775393993.467981414] [navNode]: 未到目标点
目标位置:(0.0, 0.0, 0.1)-[A6]-[MCU:False]-[POS:False]
当前位置:(-0.0032886089757084846, -0.0020913914777338505, 0.0020089654717594385)
[INFO] [1775393993.567556245] [navNode]: 状态4：WaitAim--[A6]
[INFO] [1775393993.567959274] [navNode]: 未到目标点
目标位置:(0.0, 0.0, 0.1)-[A6]-[MCU:False]-[POS:False]
当前位置:(-0.0032886089757084846, -0.0020913914777338505, 0.0020089654717594385)
[INFO] [1775393993.667725688] [navNode]: 状态4：WaitAim--[A6]
[INFO] [1775393993.668103247] [navNode]: 未到目标点
目标位置:(0.0, 0.0, 0.1)-[A6]-[MCU:False]-[POS:False]
当前位置:(-0.0032886089757084846, -0.0020913914777338505, 0.0020089654717594385)
[INFO] [1775393993.767513970] [navNode]: 状态4：WaitAim--[A6]
[INFO] [1775393993.767925160] [navNode]: 未到目标点
目标位置:(0.0, 0.0, 0.1)-[A6]-[MCU:False]-[POS:False]
当前位置:(-0.0032886089757084846, -0.0020913914777338505, 0.0020089654717594385)
[INFO] [1775393993.869763303] [navNode]: 状态4：WaitAim--[A6]
[INFO] [1775393993.870905803] [navNode]: 未到目标点
目标位置:(0.0, 0.0, 0.1)-[A6]-[MCU:False]-[POS:False]
当前位置:(-0.0032886089757084846, -0.0020913914777338505, 0.0020089654717594385)
[INFO] [1775393993.967661490] [navNode]: 状态4：WaitAim--[A6]
[INFO] [1775393993.968113535] [navNode]: 未到目标点
目标位置:(0.0, 0.0, 0.1)-[A6]-[MCU:False]-[POS:False]
当前位置:(-0.0032886089757084846, -0.0020913914777338505, 0.0020089654717594385)
[INFO] [1775393994.070345977] [navNode]: 状态4：WaitAim--[A6]
[INFO] [1775393994.071312998] [navNode]: 未到目标点
目标位置:(0.0, 0.0, 0.1)-[A6]-[MCU:False]-[POS:False]
当前位置:(-0.0032886089757084846, -0.0020913914777338505, 0.0020089654717594385)
[INFO] [1775393994.167631861] [navNode]: 状态4：WaitAim--[A6]
[INFO] [1775393994.168126029] [navNode]: 未到目标点
目标位置:(0.0, 0.0, 0.1)-[A6]-[MCU:False]-[POS:False]
当前位置:(-0.0032886089757084846, -0.0020913914777338505, 0.0020089654717594385)
[INFO] [1775393994.267643097] [navNode]: 状态4：WaitAim--[A6]
[INFO] [1775393994.268121197] [navNode]: 未到目标点
目标位置:(0.0, 0.0, 0.1)-[A6]-[MCU:False]-[POS:False]
当前位置:(-0.0032886089757084846, -0.0020913914777338505, 0.0020089654717594385)
[INFO] [1775393994.367888443] [navNode]: 状态4：WaitAim--[A6]
[INFO] [1775393994.368334680] [navNode]: 未到目标点
目标位置:(0.0, 0.0, 0.1)-[A6]-[MCU:False]-[POS:False]
当前位置:(-0.0032886089757084846, -0.0020913914777338505, 0.0020089654717594385)
[INFO] [1775393994.467296506] [navNode]: 状态4：WaitAim--[A6]
[INFO] [1775393994.468016352] [navNode]: 未到目标点
目标位置:(0.0, 0.0, 0.1)-[A6]-[MCU:False]-[POS:False]
当前位置:(-0.0032886089757084846, -0.0020913914777338505, 0.0020089654717594385)
[INFO] [1775393994.567163730] [navNode]: 状态4：WaitAim--[A6]
[INFO] [1775393994.567766537] [navNode]: 未到目标点
目标位置:(0.0, 0.0, 0.1)-[A6]-[MCU:False]-[POS:False]
当前位置:(-0.0032886089757084846, -0.0020913914777338505, 0.0020089654717594385)
[INFO] [1775393994.668390308] [navNode]: 状态4：WaitAim--[A6]
[INFO] [1775393994.669141401] [navNode]: 未到目标点
目标位置:(0.0, 0.0, 0.1)-[A6]-[MCU:False]-[POS:False]
当前位置:(-0.0032886089757084846, -0.0020913914777338505, 0.0020089654717594385)
[INFO] [1775393994.767321146] [navNode]: 状态4：WaitAim--[A6]
[INFO] [1775393994.767836824] [navNode]: 未到目标点
目标位置:(0.0, 0.0, 0.1)-[A6]-[MCU:False]-[POS:False]
当前位置:(-0.0032886089757084846, -0.0020913914777338505, 0.0020089654717594385)
[INFO] [1775393994.868012618] [navNode]: 状态4：WaitAim--[A6]
[INFO] [1775393994.868473275] [navNode]: 未到目标点
目标位置:(0.0, 0.0, 0.1)-[A6]-[MCU:False]-[POS:False]
当前位置:(-0.0032886089757084846, -0.0020913914777338505, 0.0020089654717594385)
[INFO] [1775393994.968665689] [navNode]: 状态4：WaitAim--[A6]
[INFO] [1775393994.969629014] [navNode]: 未到目标点
目标位置:(0.0, 0.0, 0.1)-[A6]-[MCU:False]-[POS:False]
当前位置:(-0.0032886089757084846, -0.0020913914777338505, 0.0020089654717594385)
[INFO] [1775393995.069127358] [navNode]: 状态4：WaitAim--[A6]
[INFO] [1775393995.070217065] [navNode]: 未到目标点
目标位置:(0.0, 0.0, 0.1)-[A6]-[MCU:False]-[POS:False]
当前位置:(-0.0032886089757084846, -0.0020913914777338505, 0.0020089654717594385)
[INFO] [1775393995.168394709] [navNode]: 状态4：WaitAim--[A6]
[INFO] [1775393995.168935538] [navNode]: 未到目标点
目标位置:(0.0, 0.0, 0.1)-[A6]-[MCU:False]-[POS:False]
当前位置:(-0.0032886089757084846, -0.0020913914777338505, 0.0020089654717594385)
[INFO] [1775393995.267524366] [navNode]: 状态4：WaitAim--[A6]
[INFO] [1775393995.268096432] [navNode]: 未到目标点
目标位置:(0.0, 0.0, 0.1)-[A6]-[MCU:False]-[POS:False]
当前位置:(-0.0032886089757084846, -0.0020913914777338505, 0.0020089654717594385)
[INFO] [1775393995.368005864] [navNode]: 状态4：WaitAim--[A6]
[INFO] [1775393995.368613378] [navNode]: 未到目标点
目标位置:(0.0, 0.0, 0.1)-[A6]-[MCU:False]-[POS:False]
当前位置:(-0.0032886089757084846, -0.0020913914777338505, 0.0020089654717594385)
[INFO] [1775393995.468804686] [navNode]: 状态4：WaitAim--[A6]
[INFO] [1775393995.469353475] [navNode]: 未到目标点
目标位置:(0.0, 0.0, 0.1)-[A6]-[MCU:False]-[POS:False]
当前位置:(-0.0032886089757084846, -0.0020913914777338505, 0.0020089654717594385)
[INFO] [1775393995.568018361] [navNode]: 状态4：WaitAim--[A6]
[INFO] [1775393995.568729611] [navNode]: 未到目标点
目标位置:(0.0, 0.0, 0.1)-[A6]-[MCU:False]-[POS:False]
当前位置:(-0.0032886089757084846, -0.0020913914777338505, 0.0020089654717594385)
[INFO] [1775393995.667592104] [navNode]: 状态4：WaitAim--[A6]
[INFO] [1775393995.668099439] [navNode]: 未到目标点
目标位置:(0.0, 0.0, 0.1)-[A6]-[MCU:False]-[POS:False]
当前位置:(-0.0032886089757084846, -0.0020913914777338505, 0.0020089654717594385)
[INFO] [1775393995.767848870] [navNode]: 状态4：WaitAim--[A6]
[INFO] [1775393995.768482905] [navNode]: 未到目标点
目标位置:(0.0, 0.0, 0.1)-[A6]-[MCU:False]-[POS:False]
当前位置:(-0.0032886089757084846, -0.0020913914777338505, 0.0020089654717594385)
[INFO] [1775393995.867590470] [navNode]: 状态4：WaitAim--[A6]
[INFO] [1775393995.868179380] [navNode]: 未到目标点
目标位置:(0.0, 0.0, 0.1)-[A6]-[MCU:False]-[POS:False]
当前位置:(-0.0032886089757084846, -0.0020913914777338505, 0.0020089654717594385)
[INFO] [1775393995.967789260] [navNode]: 状态4：WaitAim--[A6]
[INFO] [1775393995.968294924] [navNode]: 未到目标点
目标位置:(0.0, 0.0, 0.1)-[A6]-[MCU:False]-[POS:False]
当前位置:(-0.0032886089757084846, -0.0020913914777338505, 0.0020089654717594385)
[INFO] [1775393996.067811264] [navNode]: 状态4：WaitAim--[A6]
[INFO] [1775393996.068403292] [navNode]: 未到目标点
目标位置:(0.0, 0.0, 0.1)-[A6]-[MCU:False]-[POS:False]
当前位置:(-0.0032886089757084846, -0.0020913914777338505, 0.0020089654717594385)
[INFO] [1775393996.169897710] [navNode]: 状态4：WaitAim--[A6]
[INFO] [1775393996.170492408] [navNode]: 未到目标点
目标位置:(0.0, 0.0, 0.1)-[A6]-[MCU:False]-[POS:False]
当前位置:(-0.0032886089757084846, -0.0020913914777338505, 0.0020089654717594385)
[INFO] [1775393996.267866454] [navNode]: 状态4：WaitAim--[A6]
[INFO] [1775393996.268445788] [navNode]: 未到目标点
目标位置:(0.0, 0.0, 0.1)-[A6]-[MCU:False]-[POS:False]
当前位置:(-0.0032886089757084846, -0.0020913914777338505, 0.0020089654717594385)
[INFO] [1775393996.368291085] [navNode]: 状态4：WaitAim--[A6]
[INFO] [1775393996.368764146] [navNode]: 未到目标点
目标位置:(0.0, 0.0, 0.1)-[A6]-[MCU:False]-[POS:False]
当前位置:(-0.0032886089757084846, -0.0020913914777338505, 0.0020089654717594385)
[INFO] [1775393996.468626886] [navNode]: 状态4：WaitAim--[A6]
[INFO] [1775393996.469106287] [navNode]: 未到目标点
目标位置:(0.0, 0.0, 0.1)-[A6]-[MCU:False]-[POS:False]
当前位置:(-0.0032886089757084846, -0.0020913914777338505, 0.0020089654717594385)
[INFO] [1775393996.567769225] [navNode]: 状态4：WaitAim--[A6]
[INFO] [1775393996.568250804] [navNode]: 未到目标点
目标位置:(0.0, 0.0, 0.1)-[A6]-[MCU:False]-[POS:False]
当前位置:(-0.0032886089757084846, -0.0020913914777338505, 0.0020089654717594385)
[INFO] [1775393996.668612163] [navNode]: 状态4：WaitAim--[A6]
[INFO] [1775393996.669055048] [navNode]: 未到目标点
目标位置:(0.0, 0.0, 0.1)-[A6]-[MCU:False]-[POS:False]
当前位置:(-0.0032886089757084846, -0.0020913914777338505, 0.0020089654717594385)
[INFO] [1775393996.768453336] [navNode]: 状态4：WaitAim--[A6]
[INFO] [1775393996.768902169] [navNode]: 未到目标点
目标位置:(0.0, 0.0, 0.1)-[A6]-[MCU:False]-[POS:False]
当前位置:(-0.0032886089757084846, -0.0020913914777338505, 0.0020089654717594385)
[INFO] [1775393996.867741477] [navNode]: 状态4：WaitAim--[A6]
[INFO] [1775393996.868172395] [navNode]: 未到目标点
目标位置:(0.0, 0.0, 0.1)-[A6]-[MCU:False]-[POS:False]
当前位置:(-0.0032886089757084846, -0.0020913914777338505, 0.0020089654717594385)
[INFO] [1775393996.967412496] [navNode]: 状态4：WaitAim--[A6]
[INFO] [1775393996.967831139] [navNode]: 未到目标点
目标位置:(0.0, 0.0, 0.1)-[A6]-[MCU:False]-[POS:False]
当前位置:(-0.0032886089757084846, -0.0020913914777338505, 0.0020089654717594385)
[INFO] [1775393997.067284083] [navNode]: 状态4：WaitAim--[A6]
[INFO] [1775393997.067884988] [navNode]: 未到目标点
目标位置:(0.0, 0.0, 0.1)-[A6]-[MCU:False]-[POS:False]
当前位置:(-0.0032886089757084846, -0.0020913914777338505, 0.0020089654717594385)
[INFO] [1775393997.167393000] [navNode]: 状态4：WaitAim--[A6]
[INFO] [1775393997.167798809] [navNode]: 未到目标点
目标位置:(0.0, 0.0, 0.1)-[A6]-[MCU:False]-[POS:False]
当前位置:(-0.0032886089757084846, -0.0020913914777338505, 0.0020089654717594385)
[INFO] [1775393997.267313977] [navNode]: 状态4：WaitAim--[A6]
[INFO] [1775393997.267951217] [navNode]: 未到目标点
目标位置:(0.0, 0.0, 0.1)-[A6]-[MCU:False]-[POS:False]
当前位置:(-0.0032886089757084846, -0.0020913914777338505, 0.0020089654717594385)
[INFO] [1775393997.368320566] [navNode]: 状态4：WaitAim--[A6]
[INFO] [1775393997.368798579] [navNode]: 未到目标点
目标位置:(0.0, 0.0, 0.1)-[A6]-[MCU:False]-[POS:False]
当前位置:(-0.0032886089757084846, -0.0020913914777338505, 0.0020089654717594385)
