[INFO] [1775389992.562970683] [navNode]: paths: [
  {"x": 0.00, "y": 0.00, "z": 0.00, "label": "TakeOff", "qrcode": "", "label2": ""       , "qrcode2": "" },
  {"x": 0.00, "y": 0.00, "z": 0.70, "label": "TakeOff", "qrcode": "", "label2": ""       , "qrcode2": "" },
  {"x":-0.25, "y": 0.75, "z": 0.80, "label": "A6"     , "qrcode": "", "label2": ""       , "qrcode2": "" },
  {"x":-0.25, "y": 0.75, "z": 1.20, "label": "A3"     , "qrcode": "", "label2": ""       , "qrcode2": "" },
  {"x":-0.25, "y": 1.25, "z": 1.20, "label": "A2"     , "qrcode": "", "label2": ""       , "qrcode2": "" },
  {"x":-0.25, "y": 1.25, "z": 0.80, "label": "A5"     , "qrcode": "", "label2": ""       , "qrcode2": "" },
  {"x":-0.25, "y": 1.75, "z": 0.80, "label": "A4"     , "qrcode": "", "label2": ""       , "qrcode2": "" },
  {"x":-0.25, "y": 1.75, "z": 1.20, "label": "A1"     , "qrcode": "", "label2": ""       , "qrcode2": "" },
  {"x":-0.25, "y": 2.00, "z": 0.70, "label": "UpSide1", "qrcode": "", "label2": ""       , "qrcode2": "" },
  {"x": 0.75, "y": 2.00, "z": 0.70, "label": "LandPos", "qrcode": "", "label2": ""       , "qrcode2": "" }
]

[INFO] [1775389992.570629300] [navNode]: 上位机导航节点启动成功
[WARN] [1775389992.571098175] [navNode]: 任务开始执行
[INFO] [1775389992.671908443] [navNode]: 状态1：Takeoff--[TakeOff]
[INFO] [1775389992.684323468] [navNode]: takeoff 发送成功 → 飞行站已调用：takeoff服务
[INFO] [1775389992.773142370] [navNode]: 状态2：Takeoff_wait--[TakeOff]
[INFO] [1775389992.774091268] [navNode]: 已到目标点
目标位置:TakeOff:(0.0, 0.0, 0.0)-[TakeOff]-[MCU:False]-[POS:True]
当前位置:(-0.0003294245107099414, -7.660757546545938e-05, -0.0004333980323281139)

[INFO] [1775389992.871829886] [navNode]: 状态3：SetAim--[TakeOff]
[INFO] [1775389992.971920274] [navNode]: 状态4：WaitAim--[TakeOff]
[INFO] [1775389992.973129844] [navNode]: 已到目标点
目标位置:TakeOff:(0.0, 0.0, 0.0)-[TakeOff]-[MCU:False]-[POS:True]
当前位置:(1.5533296391367912e-05, 7.456056482624263e-05, -0.00035747274523600936)

[INFO] [1775389993.072374595] [navNode]: 状态5：ArriveAim--[TakeOff]
[INFO] [1775389993.172318831] [navNode]: 状态3：SetAim--[TakeOff]
[ERROR] [1775389993.423961748] [navNode]: 发送 G+00000+00000+07000 失败: ROS2 服务 [ControlService] 未启动或超时
[INFO] [1775389993.426012691] [navNode]: 状态4：WaitAim--[TakeOff]
[INFO] [1775389993.426404940] [navNode]: 未到目标点
目标位置:(0.0, 0.0, 0.7)-[TakeOff]-[MCU:False]-[POS:False]
当前位置:(6.455625407397747e-05, -2.1521051166928373e-05, -0.00018096246640197933)
[INFO] [1775389993.471773549] [navNode]: 状态4：WaitAim--[TakeOff]
[INFO] [1775389993.472719613] [navNode]: 未到目标点
目标位置:(0.0, 0.0, 0.7)-[TakeOff]-[MCU:False]-[POS:False]
当前位置:(6.752989429514855e-05, 3.136554005322978e-05, -0.00022180900850798935)
[INFO] [1775389993.571765176] [navNode]: 状态4：WaitAim--[TakeOff]
[INFO] [1775389993.572265210] [navNode]: 未到目标点
目标位置:(0.0, 0.0, 0.7)-[TakeOff]-[MCU:False]-[POS:False]
当前位置:(0.00016765011241659522, 1.5122324839467183e-05, -0.00014229114458430558)
[INFO] [1775389993.672370523] [navNode]: 状态4：WaitAim--[TakeOff]
[INFO] [1775389993.674514671] [navNode]: 未到目标点
目标位置:(0.0, 0.0, 0.7)-[TakeOff]-[MCU:False]-[POS:False]
当前位置:(-0.0002338221820537001, -3.2208914490183815e-05, -0.00048812609747983515)
[INFO] [1775389993.772151764] [navNode]: 状态4：WaitAim--[TakeOff]
[INFO] [1775389993.772651256] [navNode]: 未到目标点
目标位置:(0.0, 0.0, 0.7)-[TakeOff]-[MCU:False]-[POS:False]
当前位置:(5.641162351821549e-05, -3.760471008718014e-05, -0.00036516226828098297)
[INFO] [1775389993.871878985] [navNode]: 状态4：WaitAim--[TakeOff]
[INFO] [1775389993.872370610] [navNode]: 未到目标点
目标位置:(0.0, 0.0, 0.7)-[TakeOff]-[MCU:False]-[POS:False]
当前位置:(7.609223393956199e-05, 2.8384725737851113e-05, -0.00025673353229649365)
[INFO] [1775389993.971918144] [navNode]: 状态4：WaitAim--[TakeOff]
[INFO] [1775389993.972437803] [navNode]: 未到目标点
目标位置:(0.0, 0.0, 0.7)-[TakeOff]-[MCU:False]-[POS:False]
当前位置:(-1.1980327144556213e-05, -2.0683088223449886e-05, -8.71917000040412e-05)
[INFO] [1775389994.071908136] [navNode]: 状态4：WaitAim--[TakeOff]
[INFO] [1775389994.072411434] [navNode]: 未到目标点
目标位置:(0.0, 0.0, 0.7)-[TakeOff]-[MCU:False]-[POS:False]
当前位置:(-4.959449142916128e-05, -0.00011297413584543392, -0.0005490005132742226)
[INFO] [1775389994.172168213] [navNode]: 状态4：WaitAim--[TakeOff]
[INFO] [1775389994.172659728] [navNode]: 未到目标点
目标位置:(0.0, 0.0, 0.7)-[TakeOff]-[MCU:False]-[POS:False]
当前位置:(2.6936872018268332e-05, 2.9932798497611657e-05, -0.0001612291525816545)
[INFO] [1775389994.271566745] [navNode]: 状态4：WaitAim--[TakeOff]
[INFO] [1775389994.271982362] [navNode]: 未到目标点
目标位置:(0.0, 0.0, 0.7)-[TakeOff]-[MCU:False]-[POS:False]
当前位置:(-5.340361167327501e-05, 6.112671599112218e-06, -0.0003493915719445795)
[INFO] [1775389994.371713766] [navNode]: 状态4：WaitAim--[TakeOff]
[INFO] [1775389994.372347085] [navNode]: 未到目标点
目标位置:(0.0, 0.0, 0.7)-[TakeOff]-[MCU:False]-[POS:False]
当前位置:(-8.472070476273075e-05, 1.0997530807799194e-05, -0.00022516924946103245)
[INFO] [1775389994.471851453] [navNode]: 状态4：WaitAim--[TakeOff]
[INFO] [1775389994.472350532] [navNode]: 未到目标点
目标位置:(0.0, 0.0, 0.7)-[TakeOff]-[MCU:False]-[POS:False]
当前位置:(-6.046416092431173e-05, -8.51509776111925e-06, -0.0004206017474643886)
[INFO] [1775389994.571889358] [navNode]: 状态4：WaitAim--[TakeOff]
[INFO] [1775389994.572386762] [navNode]: 未到目标点
目标位置:(0.0, 0.0, 0.7)-[TakeOff]-[MCU:False]-[POS:False]
当前位置:(0.00026732636615633965, 0.0001577873481437564, -5.53421450604219e-05)
[INFO] [1775389994.671774486] [navNode]: 状态4：WaitAim--[TakeOff]
[INFO] [1775389994.672263020] [navNode]: 未到目标点
目标位置:(0.0, 0.0, 0.7)-[TakeOff]-[MCU:False]-[POS:False]
当前位置:(0.00020483930711634457, 0.0002007830626098439, -0.00024273381859529763)
[INFO] [1775389994.772031266] [navNode]: 状态4：WaitAim--[TakeOff]
[INFO] [1775389994.772542991] [navNode]: 未到目标点
目标位置:(0.0, 0.0, 0.7)-[TakeOff]-[MCU:False]-[POS:False]
当前位置:(-1.5592264389852062e-05, -7.976296183187515e-05, -0.0002240524481749162)
[INFO] [1775389994.871744612] [navNode]: 状态4：WaitAim--[TakeOff]
[INFO] [1775389994.872186486] [navNode]: 未到目标点
目标位置:(0.0, 0.0, 0.7)-[TakeOff]-[MCU:False]-[POS:False]
当前位置:(-0.00011213932157261297, -3.037259193661157e-05, -0.00044679269194602966)
[INFO] [1775389994.972125850] [navNode]: 状态4：WaitAim--[TakeOff]
[INFO] [1775389994.972771577] [navNode]: 未到目标点
目标位置:(0.0, 0.0, 0.7)-[TakeOff]-[MCU:False]-[POS:False]
当前位置:(-5.2289677114458755e-05, 2.3396747565129772e-05, -0.0002444020356051624)
[INFO] [1775389995.072529404] [navNode]: 状态4：WaitAim--[TakeOff]
[INFO] [1775389995.073532241] [navNode]: 未到目标点
目标位置:(0.0, 0.0, 0.7)-[TakeOff]-[MCU:False]-[POS:False]
当前位置:(-4.79452901345212e-05, -1.8239465134683996e-05, -0.0002985775063280016)
[INFO] [1775389995.171895420] [navNode]: 状态4：WaitAim--[TakeOff]
[INFO] [1775389995.172367666] [navNode]: 未到目标点
目标位置:(0.0, 0.0, 0.7)-[TakeOff]-[MCU:False]-[POS:False]
当前位置:(-0.00011311851994832978, -0.0001496437325840816, -0.0002812056918628514)
[INFO] [1775389995.273152600] [navNode]: 状态4：WaitAim--[TakeOff]
[INFO] [1775389995.273773441] [navNode]: 未到目标点
目标位置:(0.0, 0.0, 0.7)-[TakeOff]-[MCU:False]-[POS:False]
当前位置:(-4.874953083344735e-05, -5.3172512707533315e-05, -0.00033693379373289645)
[INFO] [1775389995.373302763] [navNode]: 状态4：WaitAim--[TakeOff]
[INFO] [1775389995.374041796] [navNode]: 未到目标点
目标位置:(0.0, 0.0, 0.7)-[TakeOff]-[MCU:False]-[POS:False]
当前位置:(7.523359090555459e-05, -6.168069376144558e-05, -0.0003297766379546374)
[INFO] [1775389995.472739364] [navNode]: 状态4：WaitAim--[TakeOff]
[INFO] [1775389995.473258168] [navNode]: 未到目标点
目标位置:(0.0, 0.0, 0.7)-[TakeOff]-[MCU:False]-[POS:False]
当前位置:(-0.0002608366485219449, -9.212752775056288e-05, -0.0003856637340504676)
[INFO] [1775389995.571626210] [navNode]: 状态4：WaitAim--[TakeOff]
[INFO] [1775389995.572034307] [navNode]: 未到目标点
目标位置:(0.0, 0.0, 0.7)-[TakeOff]-[MCU:False]-[POS:False]
当前位置:(5.491522460943088e-05, 2.4821425540721975e-05, -0.00027748587308451533)
[INFO] [1775389995.672073304] [navNode]: 状态4：WaitAim--[TakeOff]
[INFO] [1775389995.672737868] [navNode]: 未到目标点
目标位置:(0.0, 0.0, 0.7)-[TakeOff]-[MCU:False]-[POS:False]
当前位置:(-7.777008431730792e-05, -6.801354902563617e-05, -0.00033969481592066586)
[INFO] [1775389995.771666325] [navNode]: 状态4：WaitAim--[TakeOff]
[INFO] [1775389995.772087460] [navNode]: 未到目标点
目标位置:(0.0, 0.0, 0.7)-[TakeOff]-[MCU:False]-[POS:False]
当前位置:(-0.00019711839559022337, -0.00016098818741738796, -0.00038639188278466463)
[INFO] [1775389995.871786388] [navNode]: 状态4：WaitAim--[TakeOff]
[INFO] [1775389995.872193061] [navNode]: 未到目标点
目标位置:(0.0, 0.0, 0.7)-[TakeOff]-[MCU:False]-[POS:False]
当前位置:(-0.00015051773516461253, -0.00013786017370875925, -0.00037061411421746016)
[INFO] [1775389995.971716132] [navNode]: 状态4：WaitAim--[TakeOff]
[INFO] [1775389995.972175567] [navNode]: 未到目标点
目标位置:(0.0, 0.0, 0.7)-[TakeOff]-[MCU:False]-[POS:False]
当前位置:(0.0002646992215886712, 0.00023323233472183347, -9.417707769898698e-05)
[INFO] [1775389996.072537688] [navNode]: 状态4：WaitAim--[TakeOff]
[INFO] [1775389996.073069029] [navNode]: 未到目标点
目标位置:(0.0, 0.0, 0.7)-[TakeOff]-[MCU:False]-[POS:False]
当前位置:(-0.00021541821479331702, -5.0476082833483815e-05, -0.00038601915002800524)
[INFO] [1775389996.171726111] [navNode]: 状态4：WaitAim--[TakeOff]
[INFO] [1775389996.172302197] [navNode]: 未到目标点
目标位置:(0.0, 0.0, 0.7)-[TakeOff]-[MCU:False]-[POS:False]
当前位置:(-7.713321792834904e-06, 5.2091345423832536e-05, -0.00025730032939463854)
[INFO] [1775389996.272023352] [navNode]: 状态4：WaitAim--[TakeOff]
[INFO] [1775389996.272729941] [navNode]: 未到目标点
目标位置:(0.0, 0.0, 0.7)-[TakeOff]-[MCU:False]-[POS:False]
当前位置:(-3.0467594115179963e-05, -1.9348606656421907e-05, -0.0002647978544700891)
[INFO] [1775389996.372306787] [navNode]: 状态4：WaitAim--[TakeOff]
[INFO] [1775389996.372825942] [navNode]: 未到目标点
目标位置:(0.0, 0.0, 0.7)-[TakeOff]-[MCU:False]-[POS:False]
当前位置:(-0.0002360696526011452, -2.251831210742239e-05, -0.0003552861453499645)
[INFO] [1775389996.472040262] [navNode]: 状态4：WaitAim--[TakeOff]
[INFO] [1775389996.472651212] [navNode]: 未到目标点
目标位置:(0.0, 0.0, 0.7)-[TakeOff]-[MCU:False]-[POS:False]
当前位置:(-0.0001559996308060363, -5.1344984967727214e-05, -0.00034226756542921066)
[INFO] [1775389996.571902307] [navNode]: 状态4：WaitAim--[TakeOff]
[INFO] [1775389996.572391414] [navNode]: 未到目标点
目标位置:(0.0, 0.0, 0.7)-[TakeOff]-[MCU:False]-[POS:False]
当前位置:(1.1651763088593725e-05, -6.666863191640005e-05, -0.0002944979351013899)
[INFO] [1775389996.672147682] [navNode]: 状态4：WaitAim--[TakeOff]
[INFO] [1775389996.672659327] [navNode]: 未到目标点
目标位置:(0.0, 0.0, 0.7)-[TakeOff]-[MCU:False]-[POS:False]
当前位置:(-5.448066076496616e-05, -3.1737431527290028e-06, -0.0002960890415124595)
[INFO] [1775389996.771826413] [navNode]: 状态4：WaitAim--[TakeOff]
[INFO] [1775389996.772349133] [navNode]: 未到目标点
目标位置:(0.0, 0.0, 0.7)-[TakeOff]-[MCU:False]-[POS:False]
当前位置:(6.0712769482051954e-05, -6.145366205601022e-05, -0.00018827991152647883)
[INFO] [1775389996.871812344] [navNode]: 状态4：WaitAim--[TakeOff]
[INFO] [1775389996.872289576] [navNode]: 未到目标点
目标位置:(0.0, 0.0, 0.7)-[TakeOff]-[MCU:False]-[POS:False]
当前位置:(-3.376909808139317e-05, -7.840540638426319e-05, -0.00036746778641827404)
[INFO] [1775389996.972008838] [navNode]: 状态4：WaitAim--[TakeOff]
[INFO] [1775389996.972570479] [navNode]: 未到目标点
目标位置:(0.0, 0.0, 0.7)-[TakeOff]-[MCU:False]-[POS:False]
当前位置:(2.1197509340709075e-05, 1.1352522051311098e-05, -0.0002803458773996681)
[INFO] [1775389997.072645406] [navNode]: 状态4：WaitAim--[TakeOff]
[INFO] [1775389997.073137985] [navNode]: 未到目标点
目标位置:(0.0, 0.0, 0.7)-[TakeOff]-[MCU:False]-[POS:False]
当前位置:(-0.0001408887910656631, -0.00010804704652400687, -0.0003938831214327365)
[INFO] [1775389997.171780405] [navNode]: 状态4：WaitAim--[TakeOff]
[INFO] [1775389997.172264900] [navNode]: 未到目标点
目标位置:(0.0, 0.0, 0.7)-[TakeOff]-[MCU:False]-[POS:False]
当前位置:(-0.00010323578317184001, -3.432300218264572e-05, -0.000162446332979016)
[INFO] [1775389997.272308501] [navNode]: 状态4：WaitAim--[TakeOff]
[INFO] [1775389997.272895829] [navNode]: 未到目标点
目标位置:(0.0, 0.0, 0.7)-[TakeOff]-[MCU:False]-[POS:False]
当前位置:(-9.686762496130541e-05, -5.8431112847756594e-05, -0.00027607506490312517)
[INFO] [1775389997.372016000] [navNode]: 状态4：WaitAim--[TakeOff]
[INFO] [1775389997.372596940] [navNode]: 未到目标点
目标位置:(0.0, 0.0, 0.7)-[TakeOff]-[MCU:False]-[POS:False]
当前位置:(4.1074697946896777e-05, -1.6599069567746483e-05, -0.00025469798129051924)
[INFO] [1775389997.471990548] [navNode]: 状态4：WaitAim--[TakeOff]
[INFO] [1775389997.472755589] [navNode]: 未到目标点
目标位置:(0.0, 0.0, 0.7)-[TakeOff]-[MCU:False]-[POS:False]
当前位置:(-0.00017597805708646774, -6.03701155341696e-05, -0.00017622229643166065)
[INFO] [1775389997.571809223] [navNode]: 状态4：WaitAim--[TakeOff]
[INFO] [1775389997.572285829] [navNode]: 未到目标点
目标位置:(0.0, 0.0, 0.7)-[TakeOff]-[MCU:False]-[POS:False]
当前位置:(-4.5060045522404835e-05, 6.315384553090553e-07, -0.00016015756409615278)
[INFO] [1775389997.672149053] [navNode]: 状态4：WaitAim--[TakeOff]
[INFO] [1775389997.672836496] [navNode]: 未到目标点
目标位置:(0.0, 0.0, 0.7)-[TakeOff]-[MCU:False]-[POS:False]
当前位置:(-0.00014729694521520287, -8.92772659426555e-05, -0.000393795024137944)
[INFO] [1775389997.771851602] [navNode]: 状态4：WaitAim--[TakeOff]
[INFO] [1775389997.772621846] [navNode]: 未到目标点
目标位置:(0.0, 0.0, 0.7)-[TakeOff]-[MCU:False]-[POS:False]
当前位置:(1.885754318209365e-05, -2.4717997803236358e-05, -0.00022605230333283544)
[INFO] [1775389997.871807880] [navNode]: 状态4：WaitAim--[TakeOff]
[INFO] [1775389997.872337370] [navNode]: 未到目标点
目标位置:(0.0, 0.0, 0.7)-[TakeOff]-[MCU:False]-[POS:False]
当前位置:(3.697716601891443e-05, 0.00010248432954540476, -0.00010831959662027657)
[INFO] [1775389997.971810995] [navNode]: 状态4：WaitAim--[TakeOff]
[INFO] [1775389997.972277514] [navNode]: 未到目标点
目标位置:(0.0, 0.0, 0.7)-[TakeOff]-[MCU:False]-[POS:False]
当前位置:(-0.00011447397992014885, -4.303660898585804e-05, -0.00011946674203500152)
[INFO] [1775389998.071811375] [navNode]: 状态4：WaitAim--[TakeOff]
[INFO] [1775389998.072285598] [navNode]: 未到目标点
目标位置:(0.0, 0.0, 0.7)-[TakeOff]-[MCU:False]-[POS:False]
当前位置:(0.00021908173221163452, 8.998039265861735e-05, -0.00011489749886095524)
[INFO] [1775389998.172024617] [navNode]: 状态4：WaitAim--[TakeOff]
[INFO] [1775389998.172452956] [navNode]: 未到目标点
目标位置:(0.0, 0.0, 0.7)-[TakeOff]-[MCU:False]-[POS:False]
当前位置:(-0.00022537448967341334, -0.0001500685466453433, -0.00037419452564790845)
[INFO] [1775389998.271788839] [navNode]: 状态4：WaitAim--[TakeOff]
[INFO] [1775389998.272255343] [navNode]: 未到目标点
目标位置:(0.0, 0.0, 0.7)-[TakeOff]-[MCU:False]-[POS:False]
当前位置:(-1.436057391401846e-05, -4.3105163058498874e-05, -0.0002712660643737763)
[INFO] [1775389998.371964261] [navNode]: 状态4：WaitAim--[TakeOff]
[INFO] [1775389998.372457309] [navNode]: 未到目标点
目标位置:(0.0, 0.0, 0.7)-[TakeOff]-[MCU:False]-[POS:False]
当前位置:(0.00010163602564716712, 7.063538214424625e-05, -0.00023079301172401756)
[INFO] [1775389998.471775063] [navNode]: 状态4：WaitAim--[TakeOff]
[INFO] [1775389998.472283002] [navNode]: 未到目标点
目标位置:(0.0, 0.0, 0.7)-[TakeOff]-[MCU:False]-[POS:False]
当前位置:(0.00017677430878393352, 6.7284403485246e-05, -0.00027866908931173384)
[INFO] [1775389998.571960052] [navNode]: 状态4：WaitAim--[TakeOff]
[INFO] [1775389998.572488010] [navNode]: 未到目标点
目标位置:(0.0, 0.0, 0.7)-[TakeOff]-[MCU:False]-[POS:False]
当前位置:(1.8033160813502036e-05, 3.6103032471146435e-05, -0.0001325096091022715)
[INFO] [1775389998.672010693] [navNode]: 状态4：WaitAim--[TakeOff]
[INFO] [1775389998.672623895] [navNode]: 未到目标点
目标位置:(0.0, 0.0, 0.7)-[TakeOff]-[MCU:False]-[POS:False]
当前位置:(1.0706667126214597e-05, -1.2115140634705313e-05, -0.0003735518839675933)
[INFO] [1775389998.771994332] [navNode]: 状态4：WaitAim--[TakeOff]
[INFO] [1775389998.772470394] [navNode]: 未到目标点
目标位置:(0.0, 0.0, 0.7)-[TakeOff]-[MCU:False]-[POS:False]
当前位置:(-8.450878522126004e-05, -7.127153367036954e-05, -0.00022797523706685752)
[INFO] [1775389998.871889628] [navNode]: 状态4：WaitAim--[TakeOff]
[INFO] [1775389998.872355459] [navNode]: 未到目标点
目标位置:(0.0, 0.0, 0.7)-[TakeOff]-[MCU:False]-[POS:False]
当前位置:(-0.00018191109120380133, -3.222507075406611e-05, -0.00031601678347215056)
[INFO] [1775389998.971773445] [navNode]: 状态4：WaitAim--[TakeOff]
[INFO] [1775389998.972271259] [navNode]: 未到目标点
目标位置:(0.0, 0.0, 0.7)-[TakeOff]-[MCU:False]-[POS:False]
当前位置:(-5.995804167469032e-05, 4.678056029661093e-06, -0.00014976173406466842)
[INFO] [1775389999.072347347] [navNode]: 状态4：WaitAim--[TakeOff]
[INFO] [1775389999.073429593] [navNode]: 未到目标点
目标位置:(0.0, 0.0, 0.7)-[TakeOff]-[MCU:False]-[POS:False]
当前位置:(-6.006065814290196e-05, -0.00011326243838993832, -0.00021199595357757062)
[INFO] [1775389999.172685258] [navNode]: 状态4：WaitAim--[TakeOff]
[INFO] [1775389999.173238665] [navNode]: 未到目标点
目标位置:(0.0, 0.0, 0.7)-[TakeOff]-[MCU:False]-[POS:False]
当前位置:(0.00012835634697694331, -1.3697453141503502e-05, -0.00011305422231089324)
[INFO] [1775389999.271971471] [navNode]: 状态4：WaitAim--[TakeOff]
[INFO] [1775389999.272589462] [navNode]: 未到目标点
目标位置:(0.0, 0.0, 0.7)-[TakeOff]-[MCU:False]-[POS:False]
当前位置:(0.0003892327658832073, 0.00010897226457018405, -0.00015112331311684102)
[INFO] [1775389999.372071695] [navNode]: 状态4：WaitAim--[TakeOff]
[INFO] [1775389999.372663944] [navNode]: 未到目标点
目标位置:(0.0, 0.0, 0.7)-[TakeOff]-[MCU:False]-[POS:False]
当前位置:(-0.00014566299796570092, 4.432598507264629e-05, -0.0002322658838238567)
[INFO] [1775389999.472258738] [navNode]: 状态4：WaitAim--[TakeOff]
[INFO] [1775389999.472851872] [navNode]: 未到目标点
目标位置:(0.0, 0.0, 0.7)-[TakeOff]-[MCU:False]-[POS:False]
当前位置:(-6.132700218586251e-05, 1.994949343497865e-05, -0.00032746666693128645)
[INFO] [1775389999.572011546] [navNode]: 状态4：WaitAim--[TakeOff]
[INFO] [1775389999.572519262] [navNode]: 未到目标点
目标位置:(0.0, 0.0, 0.7)-[TakeOff]-[MCU:False]-[POS:False]
当前位置:(-9.353001928502636e-07, -6.628154551435728e-06, -0.0001991784229176119)
[INFO] [1775389999.671761089] [navNode]: 状态4：WaitAim--[TakeOff]
[INFO] [1775389999.672207546] [navNode]: 未到目标点
目标位置:(0.0, 0.0, 0.7)-[TakeOff]-[MCU:False]-[POS:False]
当前位置:(8.890256140148267e-05, 0.00010581886454019696, -0.0001884038356365636)
[INFO] [1775389999.772104662] [navNode]: 状态4：WaitAim--[TakeOff]
[INFO] [1775389999.772642096] [navNode]: 未到目标点
目标位置:(0.0, 0.0, 0.7)-[TakeOff]-[MCU:False]-[POS:False]
当前位置:(-0.00012872782826889306, -2.458469862176571e-05, -0.00034157687332481146)
[INFO] [1775389999.872089126] [navNode]: 状态4：WaitAim--[TakeOff]
[INFO] [1775389999.872632790] [navNode]: 未到目标点
目标位置:(0.0, 0.0, 0.7)-[TakeOff]-[MCU:False]-[POS:False]
当前位置:(-9.308001608587801e-05, -5.568479173234664e-05, -0.00017333662253804505)
[INFO] [1775389999.971899305] [navNode]: 状态4：WaitAim--[TakeOff]
[INFO] [1775389999.972984024] [navNode]: 未到目标点
目标位置:(0.0, 0.0, 0.7)-[TakeOff]-[MCU:False]-[POS:False]
当前位置:(-5.240509199211374e-05, -7.595871284138411e-05, -0.00022571152658201754)
[INFO] [1775390000.072703692] [navNode]: 状态4：WaitAim--[TakeOff]
[INFO] [1775390000.073147479] [navNode]: 未到目标点
目标位置:(0.0, 0.0, 0.7)-[TakeOff]-[MCU:False]-[POS:False]
当前位置:(0.0003795297525357455, 0.00019284967856947333, -0.00010178297816310078)
[INFO] [1775390000.172079412] [navNode]: 状态4：WaitAim--[TakeOff]
[INFO] [1775390000.172793653] [navNode]: 未到目标点
目标位置:(0.0, 0.0, 0.7)-[TakeOff]-[MCU:False]-[POS:False]
当前位置:(-0.00015731259190943092, -0.00015137709851842374, -0.0002307049580849707)
[INFO] [1775390000.272558409] [navNode]: 状态4：WaitAim--[TakeOff]
[INFO] [1775390000.273138015] [navNode]: 未到目标点
目标位置:(0.0, 0.0, 0.7)-[TakeOff]-[MCU:False]-[POS:False]
当前位置:(-0.00010076820035465062, -6.25300090177916e-05, -0.00013615089119412005)
[INFO] [1775390000.371946516] [navNode]: 状态4：WaitAim--[TakeOff]
[INFO] [1775390000.372433154] [navNode]: 未到目标点
目标位置:(0.0, 0.0, 0.7)-[TakeOff]-[MCU:False]-[POS:False]
当前位置:(-4.525356780504808e-05, 5.347537808120251e-06, -0.0002023460401687771)
[INFO] [1775390000.472493301] [navNode]: 状态4：WaitAim--[TakeOff]
[INFO] [1775390000.473038192] [navNode]: 未到目标点
目标位置:(0.0, 0.0, 0.7)-[TakeOff]-[MCU:False]-[POS:False]
当前位置:(-8.091836934909225e-05, -0.00011674655979732051, -0.0003768131136894226)
[INFO] [1775390000.573206571] [navNode]: 状态4：WaitAim--[TakeOff]
[INFO] [1775390000.573694479] [navNode]: 未到目标点
目标位置:(0.0, 0.0, 0.7)-[TakeOff]-[MCU:False]-[POS:False]
当前位置:(-2.948470319097396e-05, 7.336402632063255e-05, -0.000253489677561447)
[INFO] [1775390000.671904163] [navNode]: 状态4：WaitAim--[TakeOff]
[INFO] [1775390000.672433460] [navNode]: 未到目标点
目标位置:(0.0, 0.0, 0.7)-[TakeOff]-[MCU:False]-[POS:False]
当前位置:(0.00012847644393332303, 2.11702827073168e-05, -0.0001707434857962653)
[INFO] [1775390000.771919838] [navNode]: 状态4：WaitAim--[TakeOff]
[INFO] [1775390000.772426030] [navNode]: 未到目标点
目标位置:(0.0, 0.0, 0.7)-[TakeOff]-[MCU:False]-[POS:False]
当前位置:(-0.00011694114073179662, -7.928640843601897e-05, -0.00042725433013401926)
[INFO] [1775390000.871781247] [navNode]: 状态4：WaitAim--[TakeOff]
[INFO] [1775390000.872255645] [navNode]: 未到目标点
目标位置:(0.0, 0.0, 0.7)-[TakeOff]-[MCU:False]-[POS:False]
当前位置:(0.0004407546075526625, 0.00020841116202063859, -5.3120325901545584e-05)
[INFO] [1775390000.972601667] [navNode]: 状态4：WaitAim--[TakeOff]
[INFO] [1775390000.973083733] [navNode]: 未到目标点
目标位置:(0.0, 0.0, 0.7)-[TakeOff]-[MCU:False]-[POS:False]
当前位置:(-0.00012642850924748927, -0.00017114159709308296, -0.0003788336180150509)
[INFO] [1775390001.072493754] [navNode]: 状态4：WaitAim--[TakeOff]
[INFO] [1775390001.073304876] [navNode]: 未到目标点
目标位置:(0.0, 0.0, 0.7)-[TakeOff]-[MCU:False]-[POS:False]
当前位置:(5.102286013425328e-05, 1.6900607079151087e-05, -0.00011242583423154429)
[INFO] [1775390001.172251600] [navNode]: 状态4：WaitAim--[TakeOff]
[INFO] [1775390001.172839536] [navNode]: 未到目标点
目标位置:(0.0, 0.0, 0.7)-[TakeOff]-[MCU:False]-[POS:False]
当前位置:(-0.00012857536785304546, -4.480964707909152e-05, -0.0002553795638959855)
[INFO] [1775390001.272068145] [navNode]: 状态4：WaitAim--[TakeOff]
[INFO] [1775390001.272654918] [navNode]: 未到目标点
目标位置:(0.0, 0.0, 0.7)-[TakeOff]-[MCU:False]-[POS:False]
当前位置:(0.00016057677567005157, 6.009414209984243e-05, -0.00016093564045149833)
[INFO] [1775390001.372183819] [navNode]: 状态4：WaitAim--[TakeOff]
[INFO] [1775390001.372753271] [navNode]: 未到目标点
目标位置:(0.0, 0.0, 0.7)-[TakeOff]-[MCU:False]-[POS:False]
当前位置:(8.980703569250181e-05, 7.476742030121386e-05, -0.0002423356199869886)
[INFO] [1775390001.472879545] [navNode]: 状态4：WaitAim--[TakeOff]
[INFO] [1775390001.473712385] [navNode]: 未到目标点
目标位置:(0.0, 0.0, 0.7)-[TakeOff]-[MCU:False]-[POS:False]
当前位置:(-6.969036621740088e-05, -5.298007818055339e-05, -0.0003658891946543008)
[INFO] [1775390001.571805196] [navNode]: 状态4：WaitAim--[TakeOff]
[INFO] [1775390001.572282933] [navNode]: 未到目标点
目标位置:(0.0, 0.0, 0.7)-[TakeOff]-[MCU:False]-[POS:False]
当前位置:(9.389808838022873e-05, -5.2730474635609426e-06, -0.0002337069163331762)
[INFO] [1775390001.671876424] [navNode]: 状态4：WaitAim--[TakeOff]
[INFO] [1775390001.672476811] [navNode]: 未到目标点
目标位置:(0.0, 0.0, 0.7)-[TakeOff]-[MCU:False]-[POS:False]
当前位置:(-6.02025720581878e-05, -9.961659816326573e-05, -0.0002253623679280281)
[INFO] [1775390001.771883167] [navNode]: 状态4：WaitAim--[TakeOff]
[INFO] [1775390001.772507422] [navNode]: 未到目标点
目标位置:(0.0, 0.0, 0.7)-[TakeOff]-[MCU:False]-[POS:False]
当前位置:(8.87699134182185e-05, 8.446339779766276e-05, -0.00024261341604869813)
[INFO] [1775390001.872042531] [navNode]: 状态4：WaitAim--[TakeOff]
[INFO] [1775390001.872640968] [navNode]: 未到目标点
目标位置:(0.0, 0.0, 0.7)-[TakeOff]-[MCU:False]-[POS:False]
当前位置:(-6.1026468756608665e-05, -5.464798960019834e-06, -0.00025371284573338926)
[INFO] [1775390001.972338611] [navNode]: 状态4：WaitAim--[TakeOff]
[INFO] [1775390001.973086159] [navNode]: 未到目标点
目标位置:(0.0, 0.0, 0.7)-[TakeOff]-[MCU:False]-[POS:False]
当前位置:(-8.788281411398202e-05, -2.5556626496836543e-05, -0.00015220722707454115)
[INFO] [1775390002.072386071] [navNode]: 状态4：WaitAim--[TakeOff]
[INFO] [1775390002.073005915] [navNode]: 未到目标点
目标位置:(0.0, 0.0, 0.7)-[TakeOff]-[MCU:False]-[POS:False]
当前位置:(-6.317177758319303e-05, -1.3006002518523019e-05, -0.00014987256145104766)
[INFO] [1775390002.172274638] [navNode]: 状态4：WaitAim--[TakeOff]
[INFO] [1775390002.172834327] [navNode]: 未到目标点
目标位置:(0.0, 0.0, 0.7)-[TakeOff]-[MCU:False]-[POS:False]
当前位置:(1.5065036677697208e-05, 2.137866431439761e-05, -0.00018953048856928945)
[INFO] [1775390002.272731026] [navNode]: 状态4：WaitAim--[TakeOff]
[INFO] [1775390002.275006546] [navNode]: 未到目标点
目标位置:(0.0, 0.0, 0.7)-[TakeOff]-[MCU:False]-[POS:False]
当前位置:(-5.207616413827054e-05, -3.0904539016773924e-05, -0.00016513861191924661)
[INFO] [1775390002.373023112] [navNode]: 状态4：WaitAim--[TakeOff]
[INFO] [1775390002.373750274] [navNode]: 未到目标点
目标位置:(0.0, 0.0, 0.7)-[TakeOff]-[MCU:False]-[POS:False]
当前位置:(8.379895734833553e-05, 9.921262244461104e-05, -0.00020080673857592046)
[INFO] [1775390002.471963436] [navNode]: 状态4：WaitAim--[TakeOff]
[INFO] [1775390002.472529751] [navNode]: 未到目标点
目标位置:(0.0, 0.0, 0.7)-[TakeOff]-[MCU:False]-[POS:False]
当前位置:(-0.00016497785691171885, -0.00015480202273465693, -0.00018508255016058683)
[INFO] [1775390002.572343776] [navNode]: 状态4：WaitAim--[TakeOff]
[INFO] [1775390002.572886846] [navNode]: 未到目标点
目标位置:(0.0, 0.0, 0.7)-[TakeOff]-[MCU:False]-[POS:False]
当前位置:(-4.929480201099068e-05, -7.699211710132658e-05, -0.0003556647279765457)
[INFO] [1775390002.672196044] [navNode]: 状态4：WaitAim--[TakeOff]
[INFO] [1775390002.672691537] [navNode]: 未到目标点
目标位置:(0.0, 0.0, 0.7)-[TakeOff]-[MCU:False]-[POS:False]
当前位置:(-7.740082946838811e-05, -4.72146384709049e-05, -0.0002471776679158211)
[INFO] [1775390002.772230586] [navNode]: 状态4：WaitAim--[TakeOff]
[INFO] [1775390002.772967761] [navNode]: 未到目标点
目标位置:(0.0, 0.0, 0.7)-[TakeOff]-[MCU:False]-[POS:False]
当前位置:(-5.457596853375435e-05, -1.9990382497780956e-05, -0.0002937707176897675)
[INFO] [1775390002.873422934] [navNode]: 状态4：WaitAim--[TakeOff]
[INFO] [1775390002.873944665] [navNode]: 未到目标点
目标位置:(0.0, 0.0, 0.7)-[TakeOff]-[MCU:False]-[POS:False]
当前位置:(-2.8497477615019307e-05, -6.148475949885324e-05, -0.0002898159436881542)
[INFO] [1775390002.972329024] [navNode]: 状态4：WaitAim--[TakeOff]
[INFO] [1775390002.972795693] [navNode]: 未到目标点
目标位置:(0.0, 0.0, 0.7)-[TakeOff]-[MCU:False]-[POS:False]
当前位置:(7.873217327869497e-06, 9.230056457454339e-05, -0.0003587295941542834)
[INFO] [1775390003.071648454] [navNode]: 状态4：WaitAim--[TakeOff]
[INFO] [1775390003.072159827] [navNode]: 未到目标点
目标位置:(0.0, 0.0, 0.7)-[TakeOff]-[MCU:False]-[POS:False]
当前位置:(4.595482096192427e-06, -7.297865067812381e-06, -0.0001701775472611189)
[INFO] [1775390003.171670810] [navNode]: 状态4：WaitAim--[TakeOff]
[INFO] [1775390003.172106861] [navNode]: 未到目标点
目标位置:(0.0, 0.0, 0.7)-[TakeOff]-[MCU:False]-[POS:False]
当前位置:(2.5469804313615896e-05, -4.586122668115422e-05, -0.00018125365022569895)
[INFO] [1775390003.271769264] [navNode]: 状态4：WaitAim--[TakeOff]
[INFO] [1775390003.272259577] [navNode]: 未到目标点
目标位置:(0.0, 0.0, 0.7)-[TakeOff]-[MCU:False]-[POS:False]
当前位置:(4.791875107912347e-05, 1.0792837201734073e-05, -0.00021035611280240119)
[INFO] [1775390003.372541391] [navNode]: 状态4：WaitAim--[TakeOff]
[INFO] [1775390003.373388710] [navNode]: 未到目标点
目标位置:(0.0, 0.0, 0.7)-[TakeOff]-[MCU:False]-[POS:False]
当前位置:(2.4265629690489732e-05, -3.819183257292025e-05, -0.00035653793020173907)
[INFO] [1775390003.473247341] [navNode]: 状态4：WaitAim--[TakeOff]
[INFO] [1775390003.473960425] [navNode]: 未到目标点
目标位置:(0.0, 0.0, 0.7)-[TakeOff]-[MCU:False]-[POS:False]
当前位置:(0.00016046718519646674, 0.00013536597543861717, -0.00014551864296663553)
[INFO] [1775390003.572092721] [navNode]: 状态4：WaitAim--[TakeOff]
[INFO] [1775390003.573522707] [navNode]: 未到目标点
目标位置:(0.0, 0.0, 0.7)-[TakeOff]-[MCU:False]-[POS:False]
当前位置:(-0.0002528754703234881, -0.00011927746527362615, -0.0003607381077017635)
[INFO] [1775390003.672051051] [navNode]: 状态4：WaitAim--[TakeOff]
[INFO] [1775390003.672674087] [navNode]: 未到目标点
目标位置:(0.0, 0.0, 0.7)-[TakeOff]-[MCU:False]-[POS:False]
当前位置:(0.00011574752716114745, 5.0211991037940606e-05, -0.00022529601119458675)
[INFO] [1775390003.772239231] [navNode]: 状态4：WaitAim--[TakeOff]
[INFO] [1775390003.772767186] [navNode]: 未到目标点
目标位置:(0.0, 0.0, 0.7)-[TakeOff]-[MCU:False]-[POS:False]
当前位置:(0.00014628525241278112, -1.803515260689892e-05, -0.00029233525856398046)
[INFO] [1775390003.872380240] [navNode]: 状态4：WaitAim--[TakeOff]
[INFO] [1775390003.872908071] [navNode]: 未到目标点
目标位置:(0.0, 0.0, 0.7)-[TakeOff]-[MCU:False]-[POS:False]
当前位置:(-9.143641364062205e-05, -4.45748919446487e-05, -0.0002535650855861604)
[INFO] [1775390003.972349758] [navNode]: 状态4：WaitAim--[TakeOff]
[INFO] [1775390003.972807006] [navNode]: 未到目标点
目标位置:(0.0, 0.0, 0.7)-[TakeOff]-[MCU:False]-[POS:False]
当前位置:(-0.000187441983143799, -2.6729534511105157e-05, -0.00019023513596039265)
[INFO] [1775390004.071959395] [navNode]: 状态4：WaitAim--[TakeOff]
[INFO] [1775390004.072565598] [navNode]: 未到目标点
目标位置:(0.0, 0.0, 0.7)-[TakeOff]-[MCU:False]-[POS:False]
当前位置:(0.0001345395139651373, -2.194482112827245e-05, -2.9288845325936563e-05)
[INFO] [1775390004.172461473] [navNode]: 状态4：WaitAim--[TakeOff]
[INFO] [1775390004.173190269] [navNode]: 未到目标点
目标位置:(0.0, 0.0, 0.7)-[TakeOff]-[MCU:False]-[POS:False]
当前位置:(-9.166828385787085e-05, 1.4285688848758582e-05, -8.01889254944399e-05)
[INFO] [1775390004.271811734] [navNode]: 状态4：WaitAim--[TakeOff]
[INFO] [1775390004.272223080] [navNode]: 未到目标点
目标位置:(0.0, 0.0, 0.7)-[TakeOff]-[MCU:False]-[POS:False]
当前位置:(-0.00010411752737127244, -2.006496833928395e-05, -0.00023122597485780716)
[INFO] [1775390004.372678771] [navNode]: 状态4：WaitAim--[TakeOff]
[INFO] [1775390004.373180525] [navNode]: 未到目标点
目标位置:(0.0, 0.0, 0.7)-[TakeOff]-[MCU:False]-[POS:False]
当前位置:(-7.327640196308494e-05, -5.9445894294185564e-05, -9.961665637092665e-05)
[INFO] [1775390004.473189620] [navNode]: 状态4：WaitAim--[TakeOff]
[INFO] [1775390004.473626907] [navNode]: 未到目标点
目标位置:(0.0, 0.0, 0.7)-[TakeOff]-[MCU:False]-[POS:False]
当前位置:(-3.8813519495306537e-05, -5.743818837800063e-05, -0.000212056576856412)
[INFO] [1775390004.571897422] [navNode]: 状态4：WaitAim--[TakeOff]
[INFO] [1775390004.572402363] [navNode]: 未到目标点
目标位置:(0.0, 0.0, 0.7)-[TakeOff]-[MCU:False]-[POS:False]
当前位置:(-9.312501788372174e-05, -7.516759069403633e-05, -0.00023803258955013007)
[INFO] [1775390004.672791994] [navNode]: 状态4：WaitAim--[TakeOff]
[INFO] [1775390004.673459151] [navNode]: 未到目标点
目标位置:(0.0, 0.0, 0.7)-[TakeOff]-[MCU:False]-[POS:False]
当前位置:(5.201788735575974e-05, 4.186309524811804e-05, -0.00027248775586485863)
[INFO] [1775390004.772904619] [navNode]: 状态4：WaitAim--[TakeOff]
[INFO] [1775390004.773450649] [navNode]: 未到目标点
目标位置:(0.0, 0.0, 0.7)-[TakeOff]-[MCU:False]-[POS:False]
当前位置:(-8.359248022316024e-05, -6.786696030758321e-05, -0.00019525818061083555)
[INFO] [1775390004.872278968] [navNode]: 状态4：WaitAim--[TakeOff]
[INFO] [1775390004.872754161] [navNode]: 未到目标点
目标位置:(0.0, 0.0, 0.7)-[TakeOff]-[MCU:False]-[POS:False]
当前位置:(1.3209771168476436e-05, 8.164413884514943e-05, -0.00024468087940476835)
[INFO] [1775390004.971847193] [navNode]: 状态4：WaitAim--[TakeOff]
[INFO] [1775390004.972349145] [navNode]: 未到目标点
目标位置:(0.0, 0.0, 0.7)-[TakeOff]-[MCU:False]-[POS:False]
当前位置:(0.00010865407239180058, 2.487359415681567e-05, -0.00016677465464454144)
[INFO] [1775390005.071707904] [navNode]: 状态4：WaitAim--[TakeOff]
[INFO] [1775390005.072330435] [navNode]: 未到目标点
目标位置:(0.0, 0.0, 0.7)-[TakeOff]-[MCU:False]-[POS:False]
当前位置:(3.6945926694897935e-05, -2.9138682293705642e-05, -0.00021212970023043454)
[INFO] [1775390005.171878221] [navNode]: 状态4：WaitAim--[TakeOff]
[INFO] [1775390005.172400436] [navNode]: 未到目标点
目标位置:(0.0, 0.0, 0.7)-[TakeOff]-[MCU:False]-[POS:False]
当前位置:(-7.116525375749916e-05, -4.584622729453258e-05, -0.00033614312997087836)
[INFO] [1775390005.271902798] [navNode]: 状态4：WaitAim--[TakeOff]
[INFO] [1775390005.272409817] [navNode]: 未到目标点
目标位置:(0.0, 0.0, 0.7)-[TakeOff]-[MCU:False]-[POS:False]
当前位置:(-0.00020258013682905585, -4.966598498867825e-05, -0.00042561005102470517)
[INFO] [1775390005.371600840] [navNode]: 状态4：WaitAim--[TakeOff]
[INFO] [1775390005.372047072] [navNode]: 未到目标点
目标位置:(0.0, 0.0, 0.7)-[TakeOff]-[MCU:False]-[POS:False]
当前位置:(-0.00012748397421091795, 2.3472650354960933e-05, -0.00019979281933046877)
[INFO] [1775390005.472636552] [navNode]: 状态4：WaitAim--[TakeOff]
[INFO] [1775390005.473189149] [navNode]: 未到目标点
目标位置:(0.0, 0.0, 0.7)-[TakeOff]-[MCU:False]-[POS:False]
当前位置:(-0.00013350823428481817, 6.685290281893685e-05, -6.002654481562786e-05)
[INFO] [1775390005.572393451] [navNode]: 状态4：WaitAim--[TakeOff]
[INFO] [1775390005.573186536] [navNode]: 未到目标点
目标位置:(0.0, 0.0, 0.7)-[TakeOff]-[MCU:False]-[POS:False]
当前位置:(-2.1339677914511412e-05, -5.809870708617382e-05, -0.00031575586763210595)
[INFO] [1775390005.671894569] [navNode]: 状态4：WaitAim--[TakeOff]
[INFO] [1775390005.672426108] [navNode]: 未到目标点
目标位置:(0.0, 0.0, 0.7)-[TakeOff]-[MCU:False]-[POS:False]
当前位置:(-8.729627006687224e-05, -3.5812074202112854e-05, -0.00022829372028354555)
[INFO] [1775390005.772114034] [navNode]: 状态4：WaitAim--[TakeOff]
[INFO] [1775390005.772640734] [navNode]: 未到目标点
目标位置:(0.0, 0.0, 0.7)-[TakeOff]-[MCU:False]-[POS:False]
当前位置:(-0.0001366592914564535, -4.052896110806614e-05, -0.0001304593897657469)
[INFO] [1775390005.872558138] [navNode]: 状态4：WaitAim--[TakeOff]
[INFO] [1775390005.873091548] [navNode]: 未到目标点
目标位置:(0.0, 0.0, 0.7)-[TakeOff]-[MCU:False]-[POS:False]
当前位置:(-0.0002244013303425163, -0.00010182501137023792, -0.00020238749857526273)
[INFO] [1775390005.971973981] [navNode]: 状态4：WaitAim--[TakeOff]
[INFO] [1775390005.972722048] [navNode]: 未到目标点
目标位置:(0.0, 0.0, 0.7)-[TakeOff]-[MCU:False]-[POS:False]
当前位置:(7.993145118234679e-05, 1.3300331147547695e-06, -0.00026546133449301124)
[INFO] [1775390006.071945384] [navNode]: 状态4：WaitAim--[TakeOff]
[INFO] [1775390006.072454055] [navNode]: 未到目标点
目标位置:(0.0, 0.0, 0.7)-[TakeOff]-[MCU:False]-[POS:False]
当前位置:(-0.00016771395166870207, -5.723819413105957e-05, -0.00017651602684054524)
[INFO] [1775390006.171777582] [navNode]: 状态4：WaitAim--[TakeOff]
[INFO] [1775390006.172314266] [navNode]: 未到目标点
目标位置:(0.0, 0.0, 0.7)-[TakeOff]-[MCU:False]-[POS:False]
当前位置:(0.00010943011147901416, -1.2639642591238953e-05, -9.752658661454916e-05)
[INFO] [1775390006.271857713] [navNode]: 状态4：WaitAim--[TakeOff]
[INFO] [1775390006.272348186] [navNode]: 未到目标点
目标位置:(0.0, 0.0, 0.7)-[TakeOff]-[MCU:False]-[POS:False]
当前位置:(-0.0003184885426890105, -8.949751645559445e-05, -0.0002599596627987921)
[INFO] [1775390006.371861492] [navNode]: 状态4：WaitAim--[TakeOff]
[INFO] [1775390006.372311625] [navNode]: 未到目标点
目标位置:(0.0, 0.0, 0.7)-[TakeOff]-[MCU:False]-[POS:False]
当前位置:(5.4858583098393865e-06, 1.255386359844124e-05, -0.00016407093789894134)
[INFO] [1775390006.472380568] [navNode]: 状态4：WaitAim--[TakeOff]
[INFO] [1775390006.472919388] [navNode]: 未到目标点
目标位置:(0.0, 0.0, 0.7)-[TakeOff]-[MCU:False]-[POS:False]
当前位置:(-1.431650343874935e-05, 3.274812115705572e-05, -0.00036360457306727767)
[INFO] [1775390006.571742247] [navNode]: 状态4：WaitAim--[TakeOff]
[INFO] [1775390006.572492914] [navNode]: 未到目标点
目标位置:(0.0, 0.0, 0.7)-[TakeOff]-[MCU:False]-[POS:False]
当前位置:(-2.3721811885479838e-05, -7.695558451814577e-05, -0.0001904229720821604)
[INFO] [1775390006.672028334] [navNode]: 状态4：WaitAim--[TakeOff]
[INFO] [1775390006.672569108] [navNode]: 未到目标点
目标位置:(0.0, 0.0, 0.7)-[TakeOff]-[MCU:False]-[POS:False]
当前位置:(-1.2720869563054293e-05, -2.8864402338513173e-05, -0.00026097949012182653)
[INFO] [1775390006.773252315] [navNode]: 状态4：WaitAim--[TakeOff]
[INFO] [1775390006.773848726] [navNode]: 未到目标点
目标位置:(0.0, 0.0, 0.7)-[TakeOff]-[MCU:False]-[POS:False]
当前位置:(-8.245065691880882e-05, -8.314588922075927e-05, -0.0002260339679196477)
[INFO] [1775390006.872387721] [navNode]: 状态4：WaitAim--[TakeOff]
[INFO] [1775390006.873140120] [navNode]: 未到目标点
目标位置:(0.0, 0.0, 0.7)-[TakeOff]-[MCU:False]-[POS:False]
当前位置:(4.456807437236421e-05, 1.2605194569914602e-05, -0.00014127949543762952)
[INFO] [1775390006.972293648] [navNode]: 状态4：WaitAim--[TakeOff]
[INFO] [1775390006.972810129] [navNode]: 未到目标点
目标位置:(0.0, 0.0, 0.7)-[TakeOff]-[MCU:False]-[POS:False]
当前位置:(0.00018005090532824397, 0.0001791975082596764, -4.061965591972694e-05)
[INFO] [1775390007.072294318] [navNode]: 状态4：WaitAim--[TakeOff]
[INFO] [1775390007.072828533] [navNode]: 未到目标点
目标位置:(0.0, 0.0, 0.7)-[TakeOff]-[MCU:False]-[POS:False]
当前位置:(-0.00013226838200353086, -9.330717148259282e-05, -7.969704165589064e-05)
[INFO] [1775390007.172766796] [navNode]: 状态4：WaitAim--[TakeOff]
[INFO] [1775390007.173249785] [navNode]: 未到目标点
目标位置:(0.0, 0.0, 0.7)-[TakeOff]-[MCU:False]-[POS:False]
当前位置:(2.7543925170903094e-05, -8.7948159489315e-05, -0.00017138870316557586)
[INFO] [1775390007.272235021] [navNode]: 状态4：WaitAim--[TakeOff]
[INFO] [1775390007.272869889] [navNode]: 未到目标点
目标位置:(0.0, 0.0, 0.7)-[TakeOff]-[MCU:False]-[POS:False]
当前位置:(-4.282971713109873e-05, -3.5087352443952113e-05, -0.0002387033891864121)
[INFO] [1775390007.372352590] [navNode]: 状态4：WaitAim--[TakeOff]
[INFO] [1775390007.372874389] [navNode]: 未到目标点
目标位置:(0.0, 0.0, 0.7)-[TakeOff]-[MCU:False]-[POS:False]
当前位置:(2.706408304220531e-05, -7.571061723865569e-05, -0.00012568029342219234)
[INFO] [1775390007.472066416] [navNode]: 状态4：WaitAim--[TakeOff]
[INFO] [1775390007.472584016] [navNode]: 未到目标点
目标位置:(0.0, 0.0, 0.7)-[TakeOff]-[MCU:False]-[POS:False]
当前位置:(-0.0001198028985527344, -6.876060069771484e-05, -0.0001707464543869719)
[INFO] [1775390007.572457335] [navNode]: 状态4：WaitAim--[TakeOff]
[INFO] [1775390007.573273895] [navNode]: 未到目标点
目标位置:(0.0, 0.0, 0.7)-[TakeOff]-[MCU:False]-[POS:False]
当前位置:(-5.000050805392675e-05, -1.210739355883561e-05, -0.00021947786444798112)
[INFO] [1775390007.672240642] [navNode]: 状态4：WaitAim--[TakeOff]
[INFO] [1775390007.672775600] [navNode]: 未到目标点
目标位置:(0.0, 0.0, 0.7)-[TakeOff]-[MCU:False]-[POS:False]
当前位置:(0.00011341903154971078, -5.2294031775090843e-05, -0.00012984512432012707)
[INFO] [1775390007.772202589] [navNode]: 状态4：WaitAim--[TakeOff]
[INFO] [1775390007.772835548] [navNode]: 未到目标点
目标位置:(0.0, 0.0, 0.7)-[TakeOff]-[MCU:False]-[POS:False]
当前位置:(-4.566772986436263e-05, -5.013083864469081e-05, -0.0002566809125710279)
[INFO] [1775390007.872208072] [navNode]: 状态4：WaitAim--[TakeOff]
[INFO] [1775390007.872776600] [navNode]: 未到目标点
目标位置:(0.0, 0.0, 0.7)-[TakeOff]-[MCU:False]-[POS:False]
当前位置:(-4.264974995749071e-05, -4.2566483898554e-05, -0.000190563005162403)
[INFO] [1775390007.972943195] [navNode]: 状态4：WaitAim--[TakeOff]
[INFO] [1775390007.973462079] [navNode]: 未到目标点
目标位置:(0.0, 0.0, 0.7)-[TakeOff]-[MCU:False]-[POS:False]
当前位置:(-0.00017213130195159465, -0.00011369260755600408, -0.00012710598821286112)
[INFO] [1775390008.072034831] [navNode]: 状态4：WaitAim--[TakeOff]
[INFO] [1775390008.072544540] [navNode]: 未到目标点
目标位置:(0.0, 0.0, 0.7)-[TakeOff]-[MCU:False]-[POS:False]
当前位置:(-5.488274109666236e-05, -6.27371555310674e-05, -0.0001154092387878336)
[INFO] [1775390008.172289617] [navNode]: 状态4：WaitAim--[TakeOff]
[INFO] [1775390008.172884352] [navNode]: 未到目标点
目标位置:(0.0, 0.0, 0.7)-[TakeOff]-[MCU:False]-[POS:False]
当前位置:(-3.550107794580981e-05, 4.122703830944374e-05, -0.00013998265785630792)
[INFO] [1775390008.271803329] [navNode]: 状态4：WaitAim--[TakeOff]
[INFO] [1775390008.272304543] [navNode]: 未到目标点
目标位置:(0.0, 0.0, 0.7)-[TakeOff]-[MCU:False]-[POS:False]
当前位置:(1.1935531802009791e-05, 2.7571801183512434e-05, -0.0002593205135781318)
[INFO] [1775390008.372352997] [navNode]: 状态4：WaitAim--[TakeOff]
[INFO] [1775390008.372842183] [navNode]: 未到目标点
目标位置:(0.0, 0.0, 0.7)-[TakeOff]-[MCU:False]-[POS:False]
当前位置:(-4.6542274503735825e-05, -6.781845149816945e-05, -0.0004000310436822474)
[INFO] [1775390008.472602304] [navNode]: 状态4：WaitAim--[TakeOff]
[INFO] [1775390008.473011898] [navNode]: 未到目标点
目标位置:(0.0, 0.0, 0.7)-[TakeOff]-[MCU:False]-[POS:False]
当前位置:(-6.213714368641376e-05, -8.065290785452817e-06, -0.00016690527263563126)
[INFO] [1775390008.571836733] [navNode]: 状态4：WaitAim--[TakeOff]
[INFO] [1775390008.572699116] [navNode]: 未到目标点
目标位置:(0.0, 0.0, 0.7)-[TakeOff]-[MCU:False]-[POS:False]
当前位置:(-0.00010028534597950056, -2.6293077098671347e-05, -0.00021477734844665974)
[INFO] [1775390008.671859237] [navNode]: 状态4：WaitAim--[TakeOff]
[INFO] [1775390008.672373331] [navNode]: 未到目标点
目标位置:(0.0, 0.0, 0.7)-[TakeOff]-[MCU:False]-[POS:False]
当前位置:(-0.0001767364447005093, -1.1899322089448106e-05, -0.00021168911189306527)
[INFO] [1775390008.772140225] [navNode]: 状态4：WaitAim--[TakeOff]
[INFO] [1775390008.774115773] [navNode]: 未到目标点
目标位置:(0.0, 0.0, 0.7)-[TakeOff]-[MCU:False]-[POS:False]
当前位置:(9.795032383408397e-05, -5.109289850224741e-05, -0.00021914592070970684)
[INFO] [1775390008.872855113] [navNode]: 状态4：WaitAim--[TakeOff]
[INFO] [1775390008.873299818] [navNode]: 未到目标点
目标位置:(0.0, 0.0, 0.7)-[TakeOff]-[MCU:False]-[POS:False]
当前位置:(1.2157319360994734e-05, -4.737767449114472e-05, -0.0001494982570875436)
[INFO] [1775390008.971848257] [navNode]: 状态4：WaitAim--[TakeOff]
[INFO] [1775390008.972358087] [navNode]: 未到目标点
目标位置:(0.0, 0.0, 0.7)-[TakeOff]-[MCU:False]-[POS:False]
当前位置:(3.374673178768717e-05, 3.4821910958271474e-05, -0.00020610698265954852)
[INFO] [1775390009.071832171] [navNode]: 状态4：WaitAim--[TakeOff]
[INFO] [1775390009.072229240] [navNode]: 未到目标点
目标位置:(0.0, 0.0, 0.7)-[TakeOff]-[MCU:False]-[POS:False]
当前位置:(-8.006222742551472e-06, -8.369017450604588e-05, -0.0003191448049619794)
[INFO] [1775390009.171650995] [navNode]: 状态4：WaitAim--[TakeOff]
[INFO] [1775390009.172229373] [navNode]: 未到目标点
目标位置:(0.0, 0.0, 0.7)-[TakeOff]-[MCU:False]-[POS:False]
当前位置:(-3.0692910513607785e-05, -2.6992041966877878e-05, -0.00016526717809028924)
[INFO] [1775390009.272098868] [navNode]: 状态4：WaitAim--[TakeOff]
[INFO] [1775390009.272562051] [navNode]: 未到目标点
目标位置:(0.0, 0.0, 0.7)-[TakeOff]-[MCU:False]-[POS:False]
当前位置:(-7.808348891558126e-05, -3.7886354675720213e-07, -0.00018141375039704144)
[INFO] [1775390009.371620290] [navNode]: 状态4：WaitAim--[TakeOff]
[INFO] [1775390009.372232906] [navNode]: 未到目标点
目标位置:(0.0, 0.0, 0.7)-[TakeOff]-[MCU:False]-[POS:False]
当前位置:(3.882050350512145e-06, -2.2088197511038743e-05, -0.00024385568394791335)
[INFO] [1775390009.471784804] [navNode]: 状态4：WaitAim--[TakeOff]
[INFO] [1775390009.472239350] [navNode]: 未到目标点
目标位置:(0.0, 0.0, 0.7)-[TakeOff]-[MCU:False]-[POS:False]
当前位置:(-0.00022289589105639607, -2.246135591121856e-05, -0.00019629158487077802)
[INFO] [1775390009.572011503] [navNode]: 状态4：WaitAim--[TakeOff]
[INFO] [1775390009.572451736] [navNode]: 未到目标点
目标位置:(0.0, 0.0, 0.7)-[TakeOff]-[MCU:False]-[POS:False]
当前位置:(-9.318612865172327e-05, -2.5736251700436696e-05, -0.00015924220497254282)
[INFO] [1775390009.672794824] [navNode]: 状态4：WaitAim--[TakeOff]
[INFO] [1775390009.673236570] [navNode]: 未到目标点
目标位置:(0.0, 0.0, 0.7)-[TakeOff]-[MCU:False]-[POS:False]
当前位置:(0.0003530598769430071, 0.00020705506904050708, -2.0349327314761467e-05)
[INFO] [1775390009.771581092] [navNode]: 状态4：WaitAim--[TakeOff]
[INFO] [1775390009.772283420] [navNode]: 未到目标点
目标位置:(0.0, 0.0, 0.7)-[TakeOff]-[MCU:False]-[POS:False]
当前位置:(-9.975927241612226e-05, -7.440036279149354e-05, -0.00017765475786291063)
[INFO] [1775390009.871695017] [navNode]: 状态4：WaitAim--[TakeOff]
[INFO] [1775390009.872120473] [navNode]: 未到目标点
目标位置:(0.0, 0.0, 0.7)-[TakeOff]-[MCU:False]-[POS:False]
当前位置:(0.0001497764023952186, 7.221032137749717e-05, -7.753257523290813e-05)
[INFO] [1775390009.971531316] [navNode]: 状态4：WaitAim--[TakeOff]
[INFO] [1775390009.971955050] [navNode]: 未到目标点
目标位置:(0.0, 0.0, 0.7)-[TakeOff]-[MCU:False]-[POS:False]
当前位置:(3.121117060800316e-06, -3.259820368839428e-05, -0.00023171397333499044)
[INFO] [1775390010.071710995] [navNode]: 状态4：WaitAim--[TakeOff]
[INFO] [1775390010.072129808] [navNode]: 未到目标点
目标位置:(0.0, 0.0, 0.7)-[TakeOff]-[MCU:False]-[POS:False]
当前位置:(-2.613098331494257e-05, -7.080785144353285e-05, -0.0001933963649207726)
[INFO] [1775390010.171739350] [navNode]: 状态4：WaitAim--[TakeOff]
[INFO] [1775390010.172222988] [navNode]: 未到目标点
目标位置:(0.0, 0.0, 0.7)-[TakeOff]-[MCU:False]-[POS:False]
当前位置:(9.732192847877741e-05, -6.66538335281075e-06, -0.00030997593421489)
[INFO] [1775390010.271705692] [navNode]: 状态4：WaitAim--[TakeOff]
[INFO] [1775390010.272183879] [navNode]: 未到目标点
目标位置:(0.0, 0.0, 0.7)-[TakeOff]-[MCU:False]-[POS:False]
当前位置:(-6.05719251325354e-05, -2.7928745112149045e-05, -0.0001466075045755133)
[INFO] [1775390010.372154388] [navNode]: 状态4：WaitAim--[TakeOff]
[INFO] [1775390010.372551774] [navNode]: 未到目标点
目标位置:(0.0, 0.0, 0.7)-[TakeOff]-[MCU:False]-[POS:False]
当前位置:(-0.00025484434445388615, -6.922463944647461e-05, -0.0002630505186971277)
[INFO] [1775390010.472790927] [navNode]: 状态4：WaitAim--[TakeOff]
[INFO] [1775390010.473213685] [navNode]: 未到目标点
目标位置:(0.0, 0.0, 0.7)-[TakeOff]-[MCU:False]-[POS:False]
当前位置:(2.8430101792764617e-06, 9.697945642983541e-06, -0.00025372326490469277)
[INFO] [1775390010.573176895] [navNode]: 状态4：WaitAim--[TakeOff]
[INFO] [1775390010.573579031] [navNode]: 未到目标点
目标位置:(0.0, 0.0, 0.7)-[TakeOff]-[MCU:False]-[POS:False]
当前位置:(-0.00012698421778623015, -1.3040127669228241e-05, -0.0001532253372715786)
[INFO] [1775390010.673155934] [navNode]: 状态4：WaitAim--[TakeOff]
[INFO] [1775390010.673569871] [navNode]: 未到目标点
目标位置:(0.0, 0.0, 0.7)-[TakeOff]-[MCU:False]-[POS:False]
当前位置:(0.00023254814732354134, 0.00021003810979891568, -0.00019267127208877355)
[INFO] [1775390010.772237214] [navNode]: 状态4：WaitAim--[TakeOff]
[INFO] [1775390010.772662359] [navNode]: 未到目标点
目标位置:(0.0, 0.0, 0.7)-[TakeOff]-[MCU:False]-[POS:False]
当前位置:(-4.637961683329195e-05, -8.356287253263872e-07, -8.810379222268239e-05)
[INFO] [1775390010.872693939] [navNode]: 状态4：WaitAim--[TakeOff]
[INFO] [1775390010.873131266] [navNode]: 未到目标点
目标位置:(0.0, 0.0, 0.7)-[TakeOff]-[MCU:False]-[POS:False]
当前位置:(0.0002792141167446971, 0.00017163653683383018, -0.00010673014912754297)
[INFO] [1775390010.972302032] [navNode]: 状态4：WaitAim--[TakeOff]
[INFO] [1775390010.972731460] [navNode]: 未到目标点
目标位置:(0.0, 0.0, 0.7)-[TakeOff]-[MCU:False]-[POS:False]
当前位置:(6.217689224286005e-05, -7.343340257648379e-05, -0.00019441984477452934)
[INFO] [1775390011.071518247] [navNode]: 状态4：WaitAim--[TakeOff]
[INFO] [1775390011.071948277] [navNode]: 未到目标点
目标位置:(0.0, 0.0, 0.7)-[TakeOff]-[MCU:False]-[POS:False]
当前位置:(-0.000253793055890128, -0.00017332209972664714, -0.00018353582709096372)
[INFO] [1775390011.172227334] [navNode]: 状态4：WaitAim--[TakeOff]
[INFO] [1775390011.172669292] [navNode]: 未到目标点
目标位置:(0.0, 0.0, 0.7)-[TakeOff]-[MCU:False]-[POS:False]
当前位置:(0.00023067132860887796, 0.00010639826359692961, -4.122970858588815e-05)
[INFO] [1775390011.272094672] [navNode]: 状态4：WaitAim--[TakeOff]
[INFO] [1775390011.272794094] [navNode]: 未到目标点
目标位置:(0.0, 0.0, 0.7)-[TakeOff]-[MCU:False]-[POS:False]
当前位置:(0.000344029744155705, 0.00019305608293507248, -0.0001783026527846232)
[INFO] [1775390011.372304578] [navNode]: 状态4：WaitAim--[TakeOff]
[INFO] [1775390011.372740933] [navNode]: 未到目标点
目标位置:(0.0, 0.0, 0.7)-[TakeOff]-[MCU:False]-[POS:False]
当前位置:(8.696928853169084e-05, -2.986871186294593e-05, -0.00012329280434641987)
[INFO] [1775390011.472387620] [navNode]: 状态4：WaitAim--[TakeOff]
[INFO] [1775390011.473125145] [navNode]: 未到目标点
目标位置:(0.0, 0.0, 0.7)-[TakeOff]-[MCU:False]-[POS:False]
当前位置:(5.722397690988146e-05, 3.154075238853693e-05, 8.124186570057645e-05)
[INFO] [1775390011.572137326] [navNode]: 状态4：WaitAim--[TakeOff]
[INFO] [1775390011.572870274] [navNode]: 未到目标点
目标位置:(0.0, 0.0, 0.7)-[TakeOff]-[MCU:False]-[POS:False]
当前位置:(-2.4752393073868006e-05, 3.4189988582511432e-06, -5.9354762925067917e-05)
[INFO] [1775390011.672347037] [navNode]: 状态4：WaitAim--[TakeOff]
[INFO] [1775390011.672823598] [navNode]: 未到目标点
目标位置:(0.0, 0.0, 0.7)-[TakeOff]-[MCU:False]-[POS:False]
当前位置:(-7.730461220489815e-05, -2.9054610422463156e-05, -0.00021380673570092767)
[INFO] [1775390011.771904254] [navNode]: 状态4：WaitAim--[TakeOff]
[INFO] [1775390011.772445737] [navNode]: 未到目标点
目标位置:(0.0, 0.0, 0.7)-[TakeOff]-[MCU:False]-[POS:False]
当前位置:(4.5956403482705355e-05, -7.481170177925378e-05, -6.864410534035414e-05)
[INFO] [1775390011.872271383] [navNode]: 状态4：WaitAim--[TakeOff]
[INFO] [1775390011.872762752] [navNode]: 未到目标点
目标位置:(0.0, 0.0, 0.7)-[TakeOff]-[MCU:False]-[POS:False]
当前位置:(-0.00030638265889137983, -9.201226203003898e-05, -0.00011021091631846502)
[INFO] [1775390011.971641082] [navNode]: 状态4：WaitAim--[TakeOff]
[INFO] [1775390011.972171286] [navNode]: 未到目标点
目标位置:(0.0, 0.0, 0.7)-[TakeOff]-[MCU:False]-[POS:False]
当前位置:(0.0002611483505461365, 0.00012808444444090128, -7.61970950406976e-05)
[INFO] [1775390012.072710785] [navNode]: 状态4：WaitAim--[TakeOff]
[INFO] [1775390012.073168392] [navNode]: 未到目标点
目标位置:(0.0, 0.0, 0.7)-[TakeOff]-[MCU:False]-[POS:False]
当前位置:(-0.00017634982941672206, -0.00026101263938471675, -0.00022677122615277767)
[INFO] [1775390012.172534708] [navNode]: 状态4：WaitAim--[TakeOff]
[INFO] [1775390012.173010651] [navNode]: 未到目标点
目标位置:(0.0, 0.0, 0.7)-[TakeOff]-[MCU:False]-[POS:False]
当前位置:(-7.08610750734806e-05, -7.520544750150293e-05, -0.00021853260113857687)
[INFO] [1775390012.271697807] [navNode]: 状态4：WaitAim--[TakeOff]
[INFO] [1775390012.272209727] [navNode]: 未到目标点
目标位置:(0.0, 0.0, 0.7)-[TakeOff]-[MCU:False]-[POS:False]
当前位置:(0.0002931572962552309, -5.1179951697122306e-05, -0.0002247542724944651)
[INFO] [1775390012.372764965] [navNode]: 状态4：WaitAim--[TakeOff]
[INFO] [1775390012.373583397] [navNode]: 未到目标点
目标位置:(0.0, 0.0, 0.7)-[TakeOff]-[MCU:False]-[POS:False]
当前位置:(-0.0001221788115799427, -6.123814091552049e-05, -0.0002515771775506437)
[INFO] [1775390012.471668627] [navNode]: 状态4：WaitAim--[TakeOff]
[INFO] [1775390012.472202027] [navNode]: 未到目标点
目标位置:(0.0, 0.0, 0.7)-[TakeOff]-[MCU:False]-[POS:False]
当前位置:(0.00012131189578212798, -3.9386533899232745e-05, -0.00018577867012936622)
[INFO] [1775390012.572601885] [navNode]: 状态4：WaitAim--[TakeOff]
[INFO] [1775390012.573024204] [navNode]: 未到目标点
目标位置:(0.0, 0.0, 0.7)-[TakeOff]-[MCU:False]-[POS:False]
当前位置:(0.0001371190883219242, -1.7123650195571827e-06, -0.00011213377001695335)
[INFO] [1775390012.672294513] [navNode]: 状态4：WaitAim--[TakeOff]
[INFO] [1775390012.673569399] [navNode]: 未到目标点
目标位置:(0.0, 0.0, 0.7)-[TakeOff]-[MCU:False]-[POS:False]
当前位置:(-0.00016754228272475302, -4.831731985177612e-06, -0.00016090620192699134)
[INFO] [1775390012.772165724] [navNode]: 状态4：WaitAim--[TakeOff]
[INFO] [1775390012.772628532] [navNode]: 未到目标点
目标位置:(0.0, 0.0, 0.7)-[TakeOff]-[MCU:False]-[POS:False]
当前位置:(-0.00013413792476058006, -4.900612839264795e-05, -0.0002630014205351472)
[INFO] [1775390012.872752267] [navNode]: 状态4：WaitAim--[TakeOff]
[INFO] [1775390012.873205749] [navNode]: 未到目标点
目标位置:(0.0, 0.0, 0.7)-[TakeOff]-[MCU:False]-[POS:False]
当前位置:(-0.00012829256593249738, -7.170933531597257e-05, -0.00026845329557545483)
[INFO] [1775390012.972936444] [navNode]: 状态4：WaitAim--[TakeOff]
[INFO] [1775390012.973495254] [navNode]: 未到目标点
目标位置:(0.0, 0.0, 0.7)-[TakeOff]-[MCU:False]-[POS:False]
当前位置:(0.0004554415645543486, 0.00014150772767607123, -0.00017003070388454944)
[INFO] [1775390013.072292069] [navNode]: 状态4：WaitAim--[TakeOff]
[INFO] [1775390013.072738655] [navNode]: 未到目标点
目标位置:(0.0, 0.0, 0.7)-[TakeOff]-[MCU:False]-[POS:False]
当前位置:(0.0001889990089694038, 0.00021368642046581954, -2.8715588996419683e-05)
[INFO] [1775390013.172866543] [navNode]: 状态4：WaitAim--[TakeOff]
[INFO] [1775390013.173311344] [navNode]: 未到目标点
目标位置:(0.0, 0.0, 0.7)-[TakeOff]-[MCU:False]-[POS:False]
当前位置:(-0.0004894988378509879, -8.018599328352138e-05, -0.00026847879053093493)
[INFO] [1775390013.272854630] [navNode]: 状态4：WaitAim--[TakeOff]
[INFO] [1775390013.273340663] [navNode]: 未到目标点
目标位置:(0.0, 0.0, 0.7)-[TakeOff]-[MCU:False]-[POS:False]
当前位置:(0.00061740109231323, 0.00024240747734438628, -6.039910658728331e-05)
[INFO] [1775390013.372588606] [navNode]: 状态4：WaitAim--[TakeOff]
[INFO] [1775390013.373946923] [navNode]: 未到目标点
目标位置:(0.0, 0.0, 0.7)-[TakeOff]-[MCU:False]-[POS:False]
当前位置:(-0.00033970142249017954, -7.544881373178214e-05, -0.0003352274070493877)
[INFO] [1775390013.471676158] [navNode]: 状态4：WaitAim--[TakeOff]
[INFO] [1775390013.472091511] [navNode]: 未到目标点
目标位置:(0.0, 0.0, 0.7)-[TakeOff]-[MCU:False]-[POS:False]
当前位置:(0.00029742575134150684, 3.868923522531986e-05, -0.00016366050112992525)
[INFO] [1775390013.572025504] [navNode]: 状态4：WaitAim--[TakeOff]
[INFO] [1775390013.572514023] [navNode]: 未到目标点
目标位置:(0.0, 0.0, 0.7)-[TakeOff]-[MCU:False]-[POS:False]
当前位置:(7.551747694378719e-05, -5.032537228544243e-05, -0.0002744726662058383)
[INFO] [1775390013.672191213] [navNode]: 状态4：WaitAim--[TakeOff]
[INFO] [1775390013.672674718] [navNode]: 未到目标点
目标位置:(0.0, 0.0, 0.7)-[TakeOff]-[MCU:False]-[POS:False]
当前位置:(-4.239594272803515e-05, -6.056176425772719e-05, -0.00017039261001627892)
[INFO] [1775390013.771866498] [navNode]: 状态4：WaitAim--[TakeOff]
[INFO] [1775390013.772366053] [navNode]: 未到目标点
目标位置:(0.0, 0.0, 0.7)-[TakeOff]-[MCU:False]-[POS:False]
当前位置:(-6.358410610118881e-05, -2.447167571517639e-05, -0.00029279888258315623)
[INFO] [1775390013.872909069] [navNode]: 状态4：WaitAim--[TakeOff]
[INFO] [1775390013.873337770] [navNode]: 未到目标点
目标位置:(0.0, 0.0, 0.7)-[TakeOff]-[MCU:False]-[POS:False]
当前位置:(-0.00024681087234057486, 0.00014650588855147362, -0.00023415175382979214)
[INFO] [1775390013.971902686] [navNode]: 状态4：WaitAim--[TakeOff]
[INFO] [1775390013.972404555] [navNode]: 未到目标点
目标位置:(0.0, 0.0, 0.7)-[TakeOff]-[MCU:False]-[POS:False]
当前位置:(-0.00022721989080309868, -2.3670112568652257e-05, -0.00014873639156576246)
[INFO] [1775390014.071996466] [navNode]: 状态4：WaitAim--[TakeOff]
[INFO] [1775390014.072804457] [navNode]: 未到目标点
目标位置:(0.0, 0.0, 0.7)-[TakeOff]-[MCU:False]-[POS:False]
当前位置:(0.0002553495578467846, 0.00015801623521838337, -0.0001169454408227466)
[INFO] [1775390014.171666338] [navNode]: 状态4：WaitAim--[TakeOff]
[INFO] [1775390014.172169373] [navNode]: 未到目标点
目标位置:(0.0, 0.0, 0.7)-[TakeOff]-[MCU:False]-[POS:False]
当前位置:(-0.00040101719787344337, -2.763520024018362e-05, -0.00032918277429416776)
[INFO] [1775390014.272183150] [navNode]: 状态4：WaitAim--[TakeOff]
[INFO] [1775390014.272576559] [navNode]: 未到目标点
目标位置:(0.0, 0.0, 0.7)-[TakeOff]-[MCU:False]-[POS:False]
当前位置:(-3.0653958674520254e-05, 7.731859659543261e-05, -0.00016983273962978274)
[INFO] [1775390014.372698472] [navNode]: 状态4：WaitAim--[TakeOff]
[INFO] [1775390014.373198402] [navNode]: 未到目标点
目标位置:(0.0, 0.0, 0.7)-[TakeOff]-[MCU:False]-[POS:False]
当前位置:(-0.0004539753426797688, -7.394851127173752e-05, -0.00028954370645806193)
[INFO] [1775390014.473275013] [navNode]: 状态4：WaitAim--[TakeOff]
[INFO] [1775390014.473928150] [navNode]: 未到目标点
目标位置:(0.0, 0.0, 0.7)-[TakeOff]-[MCU:False]-[POS:False]
当前位置:(0.00016321679868269712, 8.0528472608421e-05, -1.0667272363207303e-05)
[INFO] [1775390014.571895994] [navNode]: 状态4：WaitAim--[TakeOff]
[INFO] [1775390014.572358264] [navNode]: 未到目标点
目标位置:(0.0, 0.0, 0.7)-[TakeOff]-[MCU:False]-[POS:False]
当前位置:(8.269577665487304e-05, 3.094842759310268e-05, -8.760468335822225e-05)
[INFO] [1775390014.672193540] [navNode]: 状态4：WaitAim--[TakeOff]
[INFO] [1775390014.672632670] [navNode]: 未到目标点
目标位置:(0.0, 0.0, 0.7)-[TakeOff]-[MCU:False]-[POS:False]
当前位置:(0.0005669827223755419, 0.0004822700284421444, 2.9896729756728746e-05)
[INFO] [1775390014.771836043] [navNode]: 状态4：WaitAim--[TakeOff]
[INFO] [1775390014.772247032] [navNode]: 未到目标点
目标位置:(0.0, 0.0, 0.7)-[TakeOff]-[MCU:False]-[POS:False]
当前位置:(-0.0002972343936562538, 0.00014095408550929278, -0.00013314533862285316)
[INFO] [1775390014.873271030] [navNode]: 状态4：WaitAim--[TakeOff]
[INFO] [1775390014.873758681] [navNode]: 未到目标点
目标位置:(0.0, 0.0, 0.7)-[TakeOff]-[MCU:False]-[POS:False]
当前位置:(0.0009333255584351718, 0.0010528251295909286, 0.0008299637120217085)
[INFO] [1775390014.972561975] [navNode]: 状态4：WaitAim--[TakeOff]
[INFO] [1775390014.973092591] [navNode]: 未到目标点
目标位置:(0.0, 0.0, 0.7)-[TakeOff]-[MCU:False]-[POS:False]
当前位置:(-0.002054391195997596, 0.006259214133024216, 0.004969642031937838)
[INFO] [1775390015.072999462] [navNode]: 状态4：WaitAim--[TakeOff]
[INFO] [1775390015.073511715] [navNode]: 未到目标点
目标位置:(0.0, 0.0, 0.7)-[TakeOff]-[MCU:False]-[POS:False]
当前位置:(-0.004842020571231842, 0.01821594499051571, 0.020632809028029442)
[INFO] [1775390015.172818026] [navNode]: 状态4：WaitAim--[TakeOff]
[INFO] [1775390015.173634617] [navNode]: 未到目标点
目标位置:(0.0, 0.0, 0.7)-[TakeOff]-[MCU:False]-[POS:False]
当前位置:(-0.0036552888341248035, 0.022048762068152428, 0.03219763562083244)
[INFO] [1775390015.272015758] [navNode]: 状态4：WaitAim--[TakeOff]
[INFO] [1775390015.272511711] [navNode]: 未到目标点
目标位置:(0.0, 0.0, 0.7)-[TakeOff]-[MCU:False]-[POS:False]
当前位置:(0.005724428687244654, 0.01731765642762184, 0.03897308558225632)
[INFO] [1775390015.372212925] [navNode]: 状态4：WaitAim--[TakeOff]
[INFO] [1775390015.372761438] [navNode]: 未到目标点
目标位置:(0.0, 0.0, 0.7)-[TakeOff]-[MCU:False]-[POS:False]
当前位置:(0.01281354296952486, 0.01158094685524702, 0.044116534292697906)
[INFO] [1775390015.471877522] [navNode]: 状态4：WaitAim--[TakeOff]
[INFO] [1775390015.472354950] [navNode]: 未到目标点
目标位置:(0.0, 0.0, 0.7)-[TakeOff]-[MCU:False]-[POS:False]
当前位置:(0.01076508779078722, 0.012824195437133312, 0.05313185974955559)
[INFO] [1775390015.572478478] [navNode]: 状态4：WaitAim--[TakeOff]
[INFO] [1775390015.573006806] [navNode]: 未到目标点
目标位置:(0.0, 0.0, 0.7)-[TakeOff]-[MCU:False]-[POS:False]
当前位置:(0.008515194058418274, 0.012909870594739914, 0.06744590401649475)
[INFO] [1775390015.671744276] [navNode]: 状态4：WaitAim--[TakeOff]
[INFO] [1775390015.672148161] [navNode]: 未到目标点
目标位置:(0.0, 0.0, 0.7)-[TakeOff]-[MCU:False]-[POS:False]
当前位置:(0.004327565431594849, 0.01022343896329403, 0.08633076399564743)
[INFO] [1775390015.772716952] [navNode]: 状态4：WaitAim--[TakeOff]
[INFO] [1775390015.773149790] [navNode]: 未到目标点
目标位置:(0.0, 0.0, 0.7)-[TakeOff]-[MCU:False]-[POS:False]
当前位置:(0.003923663403838873, 0.0038573909550905228, 0.10887642204761505)
[INFO] [1775390015.873275950] [navNode]: 状态4：WaitAim--[TakeOff]
[INFO] [1775390015.873707432] [navNode]: 未到目标点
目标位置:(0.0, 0.0, 0.7)-[TakeOff]-[MCU:False]-[POS:False]
当前位置:(0.001485762419179082, 0.0023270989768207073, 0.1325819343328476)
[INFO] [1775390015.971772360] [navNode]: 状态4：WaitAim--[TakeOff]
[INFO] [1775390015.972238406] [navNode]: 未到目标点
目标位置:(0.0, 0.0, 0.7)-[TakeOff]-[MCU:False]-[POS:False]
当前位置:(-0.0020237592980265617, 0.005447336006909609, 0.15625151991844177)
[INFO] [1775390016.072235991] [navNode]: 状态4：WaitAim--[TakeOff]
[INFO] [1775390016.072680685] [navNode]: 未到目标点
目标位置:(0.0, 0.0, 0.7)-[TakeOff]-[MCU:False]-[POS:False]
当前位置:(-0.004758466500788927, 0.009818358346819878, 0.17611759901046753)
[INFO] [1775390016.172466566] [navNode]: 状态4：WaitAim--[TakeOff]
[INFO] [1775390016.172934866] [navNode]: 未到目标点
目标位置:(0.0, 0.0, 0.7)-[TakeOff]-[MCU:False]-[POS:False]
当前位置:(-0.007862931117415428, 0.006705362815409899, 0.1997939795255661)
[INFO] [1775390016.272348762] [navNode]: 状态4：WaitAim--[TakeOff]
[INFO] [1775390016.272791432] [navNode]: 未到目标点
目标位置:(0.0, 0.0, 0.7)-[TakeOff]-[MCU:False]-[POS:False]
当前位置:(-0.01166999526321888, -0.0019465346122160554, 0.22352491319179535)
[INFO] [1775390016.374120102] [navNode]: 状态4：WaitAim--[TakeOff]
[INFO] [1775390016.374578097] [navNode]: 未到目标点
目标位置:(0.0, 0.0, 0.7)-[TakeOff]-[MCU:False]-[POS:False]
当前位置:(-0.015383647754788399, -0.009718311950564384, 0.2480354905128479)
[INFO] [1775390016.471927555] [navNode]: 状态4：WaitAim--[TakeOff]
[INFO] [1775390016.472432966] [navNode]: 未到目标点
目标位置:(0.0, 0.0, 0.7)-[TakeOff]-[MCU:False]-[POS:False]
当前位置:(-0.022051002830266953, -0.01458747684955597, 0.2740252614021301)
[INFO] [1775390016.572465177] [navNode]: 状态4：WaitAim--[TakeOff]
[INFO] [1775390016.572926149] [navNode]: 未到目标点
目标位置:(0.0, 0.0, 0.7)-[TakeOff]-[MCU:False]-[POS:False]
当前位置:(-0.02746831625699997, -0.015697497874498367, 0.2976963520050049)
[INFO] [1775390016.672060632] [navNode]: 状态4：WaitAim--[TakeOff]
[INFO] [1775390016.672520867] [navNode]: 未到目标点
目标位置:(0.0, 0.0, 0.7)-[TakeOff]-[MCU:False]-[POS:False]
当前位置:(-0.027646485716104507, -0.017952319234609604, 0.3270854651927948)
[INFO] [1775390016.772660782] [navNode]: 状态4：WaitAim--[TakeOff]
[INFO] [1775390016.773354548] [navNode]: 未到目标点
目标位置:(0.0, 0.0, 0.7)-[TakeOff]-[MCU:False]-[POS:False]
当前位置:(-0.02626669406890869, -0.024690378457307816, 0.35182133316993713)
[INFO] [1775390016.872773230] [navNode]: 状态4：WaitAim--[TakeOff]
[INFO] [1775390016.873145395] [navNode]: 未到目标点
目标位置:(0.0, 0.0, 0.7)-[TakeOff]-[MCU:False]-[POS:False]
当前位置:(-0.029136724770069122, -0.03665873780846596, 0.37291449308395386)
[INFO] [1775390016.972147544] [navNode]: 状态4：WaitAim--[TakeOff]
[INFO] [1775390016.972967990] [navNode]: 未到目标点
目标位置:(0.0, 0.0, 0.7)-[TakeOff]-[MCU:False]-[POS:False]
当前位置:(-0.030809009447693825, -0.046488936990499496, 0.39554905891418457)
[INFO] [1775390017.072037606] [navNode]: 状态4：WaitAim--[TakeOff]
[INFO] [1775390017.073155381] [navNode]: 未到目标点
目标位置:(0.0, 0.0, 0.7)-[TakeOff]-[MCU:False]-[POS:False]
当前位置:(-0.02848488837480545, -0.051684293895959854, 0.41633033752441406)
[INFO] [1775390017.171940097] [navNode]: 状态4：WaitAim--[TakeOff]
[INFO] [1775390017.172328392] [navNode]: 未到目标点
目标位置:(0.0, 0.0, 0.7)-[TakeOff]-[MCU:False]-[POS:False]
当前位置:(-0.02165110781788826, -0.05479346215724945, 0.4363221228122711)
[INFO] [1775390017.271699144] [navNode]: 状态4：WaitAim--[TakeOff]
[INFO] [1775390017.272148366] [navNode]: 未到目标点
目标位置:(0.0, 0.0, 0.7)-[TakeOff]-[MCU:False]-[POS:False]
当前位置:(-0.016217129305005074, -0.05970899015665054, 0.4523570239543915)
[INFO] [1775390017.371969329] [navNode]: 状态4：WaitAim--[TakeOff]
[INFO] [1775390017.372464028] [navNode]: 未到目标点
目标位置:(0.0, 0.0, 0.7)-[TakeOff]-[MCU:False]-[POS:False]
当前位置:(-0.013465745374560356, -0.0640254095196724, 0.46918436884880066)
[INFO] [1775390017.472737202] [navNode]: 状态4：WaitAim--[TakeOff]
[INFO] [1775390017.473369989] [navNode]: 未到目标点
目标位置:(0.0, 0.0, 0.7)-[TakeOff]-[MCU:False]-[POS:False]
当前位置:(-0.01216434221714735, -0.06700214743614197, 0.4875263273715973)
[INFO] [1775390017.571998616] [navNode]: 状态4：WaitAim--[TakeOff]
[INFO] [1775390017.572445587] [navNode]: 未到目标点
目标位置:(0.0, 0.0, 0.7)-[TakeOff]-[MCU:False]-[POS:False]
当前位置:(-0.012459666468203068, -0.0715610682964325, 0.5037876963615417)
[INFO] [1775390017.671948153] [navNode]: 状态4：WaitAim--[TakeOff]
[INFO] [1775390017.672350122] [navNode]: 未到目标点
目标位置:(0.0, 0.0, 0.7)-[TakeOff]-[MCU:False]-[POS:False]
当前位置:(-0.015335015021264553, -0.0761282742023468, 0.5188432931900024)
[INFO] [1775390017.771659267] [navNode]: 状态4：WaitAim--[TakeOff]
[INFO] [1775390017.772138606] [navNode]: 未到目标点
目标位置:(0.0, 0.0, 0.7)-[TakeOff]-[MCU:False]-[POS:False]
当前位置:(-0.018057113513350487, -0.08451340347528458, 0.5361347198486328)
[INFO] [1775390017.871865579] [navNode]: 状态4：WaitAim--[TakeOff]
[INFO] [1775390017.872290011] [navNode]: 未到目标点
目标位置:(0.0, 0.0, 0.7)-[TakeOff]-[MCU:False]-[POS:False]
当前位置:(-0.018307220190763474, -0.09553089737892151, 0.5544978380203247)
[INFO] [1775390017.972052848] [navNode]: 状态4：WaitAim--[TakeOff]
[INFO] [1775390017.972532308] [navNode]: 未到目标点
目标位置:(0.0, 0.0, 0.7)-[TakeOff]-[MCU:False]-[POS:False]
当前位置:(-0.01672200858592987, -0.1086924746632576, 0.5712704062461853)
[INFO] [1775390018.071826387] [navNode]: 状态4：WaitAim--[TakeOff]
[INFO] [1775390018.072333444] [navNode]: 未到目标点
目标位置:(0.0, 0.0, 0.7)-[TakeOff]-[MCU:False]-[POS:False]
当前位置:(-0.012374217621982098, -0.11830340325832367, 0.5917972326278687)
[INFO] [1775390018.172439729] [navNode]: 状态4：WaitAim--[TakeOff]
[INFO] [1775390018.172989106] [navNode]: 未到目标点
目标位置:(0.0, 0.0, 0.7)-[TakeOff]-[MCU:False]-[POS:False]
当前位置:(-0.008471999317407608, -0.12450483441352844, 0.6050258874893188)
[INFO] [1775390018.272028731] [navNode]: 状态4：WaitAim--[TakeOff]
[INFO] [1775390018.272772864] [navNode]: 未到目标点
目标位置:(0.0, 0.0, 0.7)-[TakeOff]-[MCU:False]-[POS:False]
当前位置:(-0.00709375599399209, -0.1307019740343094, 0.6143248081207275)
[INFO] [1775390018.372237780] [navNode]: 状态4：WaitAim--[TakeOff]
[INFO] [1775390018.372721339] [navNode]: 未到目标点
目标位置:(0.0, 0.0, 0.7)-[TakeOff]-[MCU:False]-[POS:False]
当前位置:(-0.007754899095743895, -0.13429632782936096, 0.6229883432388306)
[INFO] [1775390018.471568366] [navNode]: 状态4：WaitAim--[TakeOff]
[INFO] [1775390018.472096125] [navNode]: 未到目标点
目标位置:(0.0, 0.0, 0.7)-[TakeOff]-[MCU:False]-[POS:False]
当前位置:(-0.009658699855208397, -0.14049768447875977, 0.6281139254570007)
[INFO] [1775390018.572299537] [navNode]: 状态4：WaitAim--[TakeOff]
[INFO] [1775390018.572705392] [navNode]: 未到目标点
目标位置:(0.0, 0.0, 0.7)-[TakeOff]-[MCU:False]-[POS:False]
当前位置:(-0.009082533419132233, -0.14633984863758087, 0.6326466798782349)
[INFO] [1775390018.672336084] [navNode]: 状态4：WaitAim--[TakeOff]
[INFO] [1775390018.673037217] [navNode]: 未到目标点
目标位置:(0.0, 0.0, 0.7)-[TakeOff]-[MCU:False]-[POS:False]
当前位置:(-0.006011979188770056, -0.15162475407123566, 0.6381247639656067)
[INFO] [1775390018.771660338] [navNode]: 状态4：WaitAim--[TakeOff]
[INFO] [1775390018.772093376] [navNode]: 未到目标点
目标位置:(0.0, 0.0, 0.7)-[TakeOff]-[MCU:False]-[POS:False]
当前位置:(-0.006264708004891872, -0.15541161596775055, 0.6432512998580933)
[INFO] [1775390018.871815172] [navNode]: 状态4：WaitAim--[TakeOff]
[INFO] [1775390018.872241745] [navNode]: 未到目标点
目标位置:(0.0, 0.0, 0.7)-[TakeOff]-[MCU:False]-[POS:False]
当前位置:(-0.009698841720819473, -0.15750467777252197, 0.6493610143661499)
[INFO] [1775390018.972566942] [navNode]: 状态4：WaitAim--[TakeOff]
[INFO] [1775390018.973146476] [navNode]: 未到目标点
目标位置:(0.0, 0.0, 0.7)-[TakeOff]-[MCU:False]-[POS:False]
当前位置:(-0.012108939699828625, -0.1587243378162384, 0.652301549911499)
[INFO] [1775390019.072526703] [navNode]: 状态4：WaitAim--[TakeOff]
[INFO] [1775390019.073405881] [navNode]: 未到目标点
目标位置:(0.0, 0.0, 0.7)-[TakeOff]-[MCU:False]-[POS:False]
当前位置:(-0.01090060081332922, -0.1571822166442871, 0.6566379070281982)
[INFO] [1775390019.172091324] [navNode]: 状态4：WaitAim--[TakeOff]
[INFO] [1775390019.172534919] [navNode]: 未到目标点
目标位置:(0.0, 0.0, 0.7)-[TakeOff]-[MCU:False]-[POS:False]
当前位置:(-0.009337975643575191, -0.1598503738641739, 0.659485399723053)
[INFO] [1775390019.272090035] [navNode]: 状态4：WaitAim--[TakeOff]
[INFO] [1775390019.272561398] [navNode]: 未到目标点
目标位置:(0.0, 0.0, 0.7)-[TakeOff]-[MCU:False]-[POS:False]
当前位置:(-0.012784007005393505, -0.16630716621875763, 0.6615834832191467)
[INFO] [1775390019.372523560] [navNode]: 状态4：WaitAim--[TakeOff]
[INFO] [1775390019.372953597] [navNode]: 未到目标点
目标位置:(0.0, 0.0, 0.7)-[TakeOff]-[MCU:False]-[POS:False]
当前位置:(-0.017241450026631355, -0.17499278485774994, 0.663520872592926)
[INFO] [1775390019.472053651] [navNode]: 状态4：WaitAim--[TakeOff]
[INFO] [1775390019.472753149] [navNode]: 未到目标点
目标位置:(0.0, 0.0, 0.7)-[TakeOff]-[MCU:False]-[POS:False]
当前位置:(-0.020434487611055374, -0.182037815451622, 0.6685603857040405)
[INFO] [1775390019.571635673] [navNode]: 状态4：WaitAim--[TakeOff]
[INFO] [1775390019.572074577] [navNode]: 未到目标点
目标位置:(0.0, 0.0, 0.7)-[TakeOff]-[MCU:False]-[POS:False]
当前位置:(-0.021645817905664444, -0.18741293251514435, 0.674698531627655)
[INFO] [1775390019.672429503] [navNode]: 状态4：WaitAim--[TakeOff]
[INFO] [1775390019.672869716] [navNode]: 未到目标点
目标位置:(0.0, 0.0, 0.7)-[TakeOff]-[MCU:False]-[POS:False]
当前位置:(-0.023258481174707413, -0.1924588978290558, 0.6826080083847046)
[INFO] [1775390019.771869999] [navNode]: 状态4：WaitAim--[TakeOff]
[INFO] [1775390019.772281477] [navNode]: 未到目标点
目标位置:(0.0, 0.0, 0.7)-[TakeOff]-[MCU:False]-[POS:False]
当前位置:(-0.023666199296712875, -0.198091059923172, 0.6856652498245239)
[INFO] [1775390019.871793761] [navNode]: 状态4：WaitAim--[TakeOff]
[INFO] [1775390019.872480218] [navNode]: 未到目标点
目标位置:(0.0, 0.0, 0.7)-[TakeOff]-[MCU:False]-[POS:False]
当前位置:(-0.021616794168949127, -0.20351922512054443, 0.6892431974411011)
[INFO] [1775390019.971652012] [navNode]: 状态4：WaitAim--[TakeOff]
[INFO] [1775390019.972065961] [navNode]: 未到目标点
目标位置:(0.0, 0.0, 0.7)-[TakeOff]-[MCU:False]-[POS:False]
当前位置:(-0.018450845032930374, -0.20514652132987976, 0.6939219236373901)
[INFO] [1775390020.071941699] [navNode]: 状态4：WaitAim--[TakeOff]
[INFO] [1775390020.072396318] [navNode]: 未到目标点
目标位置:(0.0, 0.0, 0.7)-[TakeOff]-[MCU:False]-[POS:False]
当前位置:(-0.020137615501880646, -0.20948506891727448, 0.699840247631073)
[INFO] [1775390020.172270634] [navNode]: 状态4：WaitAim--[TakeOff]
[INFO] [1775390020.172682613] [navNode]: 未到目标点
目标位置:(0.0, 0.0, 0.7)-[TakeOff]-[MCU:False]-[POS:False]
当前位置:(-0.024521537125110626, -0.21541662514209747, 0.7036038041114807)
[INFO] [1775390020.271896037] [navNode]: 状态4：WaitAim--[TakeOff]
[INFO] [1775390020.272331278] [navNode]: 未到目标点
目标位置:(0.0, 0.0, 0.7)-[TakeOff]-[MCU:False]-[POS:False]
当前位置:(-0.02742849662899971, -0.22037185728549957, 0.707564115524292)
[INFO] [1775390020.372110289] [navNode]: 状态4：WaitAim--[TakeOff]
[INFO] [1775390020.372578871] [navNode]: 未到目标点
目标位置:(0.0, 0.0, 0.7)-[TakeOff]-[MCU:False]-[POS:False]
当前位置:(-0.027980158105492592, -0.224753737449646, 0.7094959020614624)
[INFO] [1775390020.471803179] [navNode]: 状态4：WaitAim--[TakeOff]
[INFO] [1775390020.472382645] [navNode]: 未到目标点
目标位置:(0.0, 0.0, 0.7)-[TakeOff]-[MCU:False]-[POS:False]
当前位置:(-0.028166046366095543, -0.22578765451908112, 0.7130451798439026)
[INFO] [1775390020.572442624] [navNode]: 状态4：WaitAim--[TakeOff]
[INFO] [1775390020.572887382] [navNode]: 未到目标点
目标位置:(0.0, 0.0, 0.7)-[TakeOff]-[MCU:False]-[POS:False]
当前位置:(-0.02743866853415966, -0.22627653181552887, 0.7136112451553345)
[INFO] [1775390020.671557916] [navNode]: 状态4：WaitAim--[TakeOff]
[INFO] [1775390020.671947240] [navNode]: 未到目标点
目标位置:(0.0, 0.0, 0.7)-[TakeOff]-[MCU:False]-[POS:False]
当前位置:(-0.028208432719111443, -0.22762924432754517, 0.7129549980163574)
[INFO] [1775390020.771802220] [navNode]: 状态4：WaitAim--[TakeOff]
[INFO] [1775390020.772198783] [navNode]: 未到目标点
目标位置:(0.0, 0.0, 0.7)-[TakeOff]-[MCU:False]-[POS:False]
当前位置:(-0.024804141372442245, -0.2270706593990326, 0.7120669484138489)
[INFO] [1775390020.871798549] [navNode]: 状态4：WaitAim--[TakeOff]
[INFO] [1775390020.872505879] [navNode]: 未到目标点
目标位置:(0.0, 0.0, 0.7)-[TakeOff]-[MCU:False]-[POS:False]
当前位置:(-0.02188870869576931, -0.22553592920303345, 0.7069297432899475)
[INFO] [1775390020.972824554] [navNode]: 状态4：WaitAim--[TakeOff]
[INFO] [1775390020.973848549] [navNode]: 未到目标点
目标位置:(0.0, 0.0, 0.7)-[TakeOff]-[MCU:False]-[POS:False]
当前位置:(-0.017183328047394753, -0.22365014255046844, 0.7046131491661072)
[INFO] [1775390021.072220260] [navNode]: 状态4：WaitAim--[TakeOff]
[INFO] [1775390021.072760082] [navNode]: 未到目标点
目标位置:(0.0, 0.0, 0.7)-[TakeOff]-[MCU:False]-[POS:False]
当前位置:(-0.014426344074308872, -0.22228705883026123, 0.7020841836929321)
[INFO] [1775390021.171821121] [navNode]: 状态4：WaitAim--[TakeOff]
[INFO] [1775390021.172498412] [navNode]: 未到目标点
目标位置:(0.0, 0.0, 0.7)-[TakeOff]-[MCU:False]-[POS:False]
当前位置:(-0.014215190894901752, -0.22134163975715637, 0.7009049654006958)
[INFO] [1775390021.272172883] [navNode]: 状态4：WaitAim--[TakeOff]
[INFO] [1775390021.272632264] [navNode]: 未到目标点
目标位置:(0.0, 0.0, 0.7)-[TakeOff]-[MCU:False]-[POS:False]
当前位置:(-0.014378724619746208, -0.22069184482097626, 0.6997876763343811)
[INFO] [1775390021.371704063] [navNode]: 状态4：WaitAim--[TakeOff]
[INFO] [1775390021.372164304] [navNode]: 未到目标点
目标位置:(0.0, 0.0, 0.7)-[TakeOff]-[MCU:False]-[POS:False]
当前位置:(-0.015116088092327118, -0.2232343554496765, 0.6990960240364075)
[INFO] [1775390021.471890389] [navNode]: 状态4：WaitAim--[TakeOff]
[INFO] [1775390021.472341846] [navNode]: 未到目标点
目标位置:(0.0, 0.0, 0.7)-[TakeOff]-[MCU:False]-[POS:False]
当前位置:(-0.013978667557239532, -0.22427429258823395, 0.6970986723899841)
[INFO] [1775390021.571747958] [navNode]: 状态4：WaitAim--[TakeOff]
[INFO] [1775390021.572179384] [navNode]: 未到目标点
目标位置:(0.0, 0.0, 0.7)-[TakeOff]-[MCU:False]-[POS:False]
当前位置:(-0.011754506267607212, -0.22563736140727997, 0.6965349316596985)
[INFO] [1775390021.672069322] [navNode]: 状态4：WaitAim--[TakeOff]
[INFO] [1775390021.672516417] [navNode]: 未到目标点
目标位置:(0.0, 0.0, 0.7)-[TakeOff]-[MCU:False]-[POS:False]
当前位置:(-0.011200645007193089, -0.22650247812271118, 0.6954929232597351)
[INFO] [1775390021.771903310] [navNode]: 状态4：WaitAim--[TakeOff]
[INFO] [1775390021.772575864] [navNode]: 未到目标点
目标位置:(0.0, 0.0, 0.7)-[TakeOff]-[MCU:False]-[POS:False]
当前位置:(-0.011321034282445908, -0.2285897135734558, 0.6945269107818604)
[INFO] [1775390021.871731952] [navNode]: 状态4：WaitAim--[TakeOff]
[INFO] [1775390021.872192465] [navNode]: 未到目标点
目标位置:(0.0, 0.0, 0.7)-[TakeOff]-[MCU:False]-[POS:False]
当前位置:(-0.010860717855393887, -0.22911085188388824, 0.6941903829574585)
[INFO] [1775390021.971695665] [navNode]: 状态4：WaitAim--[TakeOff]
[INFO] [1775390021.972794522] [navNode]: 未到目标点
目标位置:(0.0, 0.0, 0.7)-[TakeOff]-[MCU:False]-[POS:False]
当前位置:(-0.00986840296536684, -0.23086144030094147, 0.6929020285606384)
[INFO] [1775390022.071633606] [navNode]: 状态4：WaitAim--[TakeOff]
[INFO] [1775390022.072040216] [navNode]: 未到目标点
目标位置:(0.0, 0.0, 0.7)-[TakeOff]-[MCU:False]-[POS:False]
当前位置:(-0.008633583784103394, -0.23072125017642975, 0.6915806531906128)
[INFO] [1775390022.171892696] [navNode]: 状态4：WaitAim--[TakeOff]
[INFO] [1775390022.172331984] [navNode]: 未到目标点
目标位置:(0.0, 0.0, 0.7)-[TakeOff]-[MCU:False]-[POS:False]
当前位置:(-0.005150571931153536, -0.23160505294799805, 0.6916587352752686)
[INFO] [1775390022.271755095] [navNode]: 状态4：WaitAim--[TakeOff]
[INFO] [1775390022.272479468] [navNode]: 未到目标点
目标位置:(0.0, 0.0, 0.7)-[TakeOff]-[MCU:False]-[POS:False]
当前位置:(-0.0022981937509030104, -0.2319350689649582, 0.6889854073524475)
[INFO] [1775390022.372102971] [navNode]: 状态4：WaitAim--[TakeOff]
[INFO] [1775390022.372578340] [navNode]: 未到目标点
目标位置:(0.0, 0.0, 0.7)-[TakeOff]-[MCU:False]-[POS:False]
当前位置:(-0.00027668182156048715, -0.23048432171344757, 0.6863815188407898)
[INFO] [1775390022.471851267] [navNode]: 状态4：WaitAim--[TakeOff]
[INFO] [1775390022.472326331] [navNode]: 未到目标点
目标位置:(0.0, 0.0, 0.7)-[TakeOff]-[MCU:False]-[POS:False]
当前位置:(0.0012703633401542902, -0.22798192501068115, 0.6851131319999695)
[INFO] [1775390022.571675655] [navNode]: 状态4：WaitAim--[TakeOff]
[INFO] [1775390022.572356015] [navNode]: 未到目标点
目标位置:(0.0, 0.0, 0.7)-[TakeOff]-[MCU:False]-[POS:False]
当前位置:(0.0030379206873476505, -0.2235533446073532, 0.6835863590240479)
[INFO] [1775390022.672335855] [navNode]: 状态4：WaitAim--[TakeOff]
[INFO] [1775390022.672802757] [navNode]: 未到目标点
目标位置:(0.0, 0.0, 0.7)-[TakeOff]-[MCU:False]-[POS:False]
当前位置:(0.008463900536298752, -0.2185504287481308, 0.6810539364814758)
[INFO] [1775390022.771939141] [navNode]: 状态4：WaitAim--[TakeOff]
[INFO] [1775390022.772327038] [navNode]: 未到目标点
目标位置:(0.0, 0.0, 0.7)-[TakeOff]-[MCU:False]-[POS:False]
当前位置:(0.01428969856351614, -0.2129100263118744, 0.676233172416687)
[INFO] [1775390022.871535747] [navNode]: 状态4：WaitAim--[TakeOff]
[INFO] [1775390022.872116910] [navNode]: 未到目标点
目标位置:(0.0, 0.0, 0.7)-[TakeOff]-[MCU:False]-[POS:False]
当前位置:(0.02143651247024536, -0.20465904474258423, 0.6682913899421692)
[INFO] [1775390022.971924768] [navNode]: 状态4：WaitAim--[TakeOff]
[INFO] [1775390022.972364541] [navNode]: 未到目标点
目标位置:(0.0, 0.0, 0.7)-[TakeOff]-[MCU:False]-[POS:False]
当前位置:(0.02921147271990776, -0.19443556666374207, 0.6629139184951782)
[INFO] [1775390023.071830506] [navNode]: 状态4：WaitAim--[TakeOff]
[INFO] [1775390023.072282665] [navNode]: 未到目标点
目标位置:(0.0, 0.0, 0.7)-[TakeOff]-[MCU:False]-[POS:False]
当前位置:(0.038224201649427414, -0.18125250935554504, 0.655860424041748)
[INFO] [1775390023.171857987] [navNode]: 状态4：WaitAim--[TakeOff]
[INFO] [1775390023.172322883] [navNode]: 未到目标点
目标位置:(0.0, 0.0, 0.7)-[TakeOff]-[MCU:False]-[POS:False]
当前位置:(0.04709174856543541, -0.16838650405406952, 0.649541974067688)
[INFO] [1775390023.272169304] [navNode]: 状态4：WaitAim--[TakeOff]
[INFO] [1775390023.272607885] [navNode]: 未到目标点
目标位置:(0.0, 0.0, 0.7)-[TakeOff]-[MCU:False]-[POS:False]
当前位置:(0.05700623616576195, -0.15653014183044434, 0.6402588486671448)
[INFO] [1775390023.372227581] [navNode]: 状态4：WaitAim--[TakeOff]
[INFO] [1775390023.372702520] [navNode]: 未到目标点
目标位置:(0.0, 0.0, 0.7)-[TakeOff]-[MCU:False]-[POS:False]
当前位置:(0.0662996917963028, -0.14526687562465668, 0.633923351764679)
[INFO] [1775390023.472496232] [navNode]: 状态4：WaitAim--[TakeOff]
[INFO] [1775390023.473764020] [navNode]: 未到目标点
目标位置:(0.0, 0.0, 0.7)-[TakeOff]-[MCU:False]-[POS:False]
当前位置:(0.06709804385900497, -0.1350860893726349, 0.6307132840156555)
[INFO] [1775390023.572350732] [navNode]: 状态4：WaitAim--[TakeOff]
[INFO] [1775390023.572924835] [navNode]: 未到目标点
目标位置:(0.0, 0.0, 0.7)-[TakeOff]-[MCU:False]-[POS:False]
当前位置:(0.06514331698417664, -0.1259710043668747, 0.6299899816513062)
[INFO] [1775390023.672373536] [navNode]: 状态4：WaitAim--[TakeOff]
[INFO] [1775390023.672880007] [navNode]: 未到目标点
目标位置:(0.0, 0.0, 0.7)-[TakeOff]-[MCU:False]-[POS:False]
当前位置:(0.06170371547341347, -0.11832208931446075, 0.6311740279197693)
[INFO] [1775390023.772144994] [navNode]: 状态4：WaitAim--[TakeOff]
[INFO] [1775390023.772606461] [navNode]: 未到目标点
目标位置:(0.0, 0.0, 0.7)-[TakeOff]-[MCU:False]-[POS:False]
当前位置:(0.06167905405163765, -0.10996174812316895, 0.6304040551185608)
[INFO] [1775390023.871865413] [navNode]: 状态4：WaitAim--[TakeOff]
[INFO] [1775390023.872340022] [navNode]: 未到目标点
目标位置:(0.0, 0.0, 0.7)-[TakeOff]-[MCU:False]-[POS:False]
当前位置:(0.06446873396635056, -0.10266049951314926, 0.6262009143829346)
[INFO] [1775390023.971900997] [navNode]: 状态4：WaitAim--[TakeOff]
[INFO] [1775390023.972314345] [navNode]: 未到目标点
目标位置:(0.0, 0.0, 0.7)-[TakeOff]-[MCU:False]-[POS:False]
当前位置:(0.06807000935077667, -0.09651181101799011, 0.6197031736373901)
[INFO] [1775390024.071951442] [navNode]: 状态4：WaitAim--[TakeOff]
[INFO] [1775390024.072353412] [navNode]: 未到目标点
目标位置:(0.0, 0.0, 0.7)-[TakeOff]-[MCU:False]-[POS:False]
当前位置:(0.07108137756586075, -0.09047742933034897, 0.6125332117080688)
[INFO] [1775390024.172047816] [navNode]: 状态4：WaitAim--[TakeOff]
[INFO] [1775390024.172484269] [navNode]: 未到目标点
目标位置:(0.0, 0.0, 0.7)-[TakeOff]-[MCU:False]-[POS:False]
当前位置:(0.07330285012722015, -0.08146031945943832, 0.6065370440483093)
[INFO] [1775390024.272005965] [navNode]: 状态4：WaitAim--[TakeOff]
[INFO] [1775390024.272723378] [navNode]: 未到目标点
目标位置:(0.0, 0.0, 0.7)-[TakeOff]-[MCU:False]-[POS:False]
当前位置:(0.07448510825634003, -0.06888263672590256, 0.601102352142334)
[INFO] [1775390024.371979517] [navNode]: 状态4：WaitAim--[TakeOff]
[INFO] [1775390024.372490682] [navNode]: 未到目标点
目标位置:(0.0, 0.0, 0.7)-[TakeOff]-[MCU:False]-[POS:False]
当前位置:(0.07480692863464355, -0.05689975991845131, 0.5950015783309937)
[INFO] [1775390024.472017318] [navNode]: 状态4：WaitAim--[TakeOff]
[INFO] [1775390024.472476046] [navNode]: 未到目标点
目标位置:(0.0, 0.0, 0.7)-[TakeOff]-[MCU:False]-[POS:False]
当前位置:(0.0752187967300415, -0.04479562118649483, 0.5873539447784424)
[INFO] [1775390024.572313626] [navNode]: 状态4：WaitAim--[TakeOff]
[INFO] [1775390024.572763616] [navNode]: 未到目标点
目标位置:(0.0, 0.0, 0.7)-[TakeOff]-[MCU:False]-[POS:False]
当前位置:(0.07732268422842026, -0.03232327103614807, 0.5809282660484314)
[INFO] [1775390024.671677843] [navNode]: 状态4：WaitAim--[TakeOff]
[INFO] [1775390024.672094271] [navNode]: 未到目标点
目标位置:(0.0, 0.0, 0.7)-[TakeOff]-[MCU:False]-[POS:False]
当前位置:(0.07945986092090607, -0.018481818959116936, 0.5741651654243469)
[INFO] [1775390024.771712852] [navNode]: 状态4：WaitAim--[TakeOff]
[INFO] [1775390024.772449062] [navNode]: 未到目标点
目标位置:(0.0, 0.0, 0.7)-[TakeOff]-[MCU:False]-[POS:False]
当前位置:(0.07965962588787079, -0.006216201465576887, 0.5699824094772339)
[INFO] [1775390024.872049465] [navNode]: 状态4：WaitAim--[TakeOff]
[INFO] [1775390024.872566860] [navNode]: 未到目标点
目标位置:(0.0, 0.0, 0.7)-[TakeOff]-[MCU:False]-[POS:False]
当前位置:(0.07828301936388016, 0.0004813545383512974, 0.5681412220001221)
[INFO] [1775390024.972250797] [navNode]: 状态4：WaitAim--[TakeOff]
[INFO] [1775390024.972834810] [navNode]: 未到目标点
目标位置:(0.0, 0.0, 0.7)-[TakeOff]-[MCU:False]-[POS:False]
当前位置:(0.07682332396507263, 0.0018157552694901824, 0.5671736598014832)
[INFO] [1775390025.071906094] [navNode]: 状态4：WaitAim--[TakeOff]
[INFO] [1775390025.072709333] [navNode]: 未到目标点
目标位置:(0.0, 0.0, 0.7)-[TakeOff]-[MCU:False]-[POS:False]
当前位置:(0.07248379290103912, -0.0006912254611961544, 0.5670379996299744)
[INFO] [1775390025.172495913] [navNode]: 状态4：WaitAim--[TakeOff]
[INFO] [1775390025.173102749] [navNode]: 未到目标点
目标位置:(0.0, 0.0, 0.7)-[TakeOff]-[MCU:False]-[POS:False]
当前位置:(0.06924399733543396, -0.0035665296018123627, 0.5672304630279541)
[INFO] [1775390025.271883001] [navNode]: 状态4：WaitAim--[TakeOff]
[INFO] [1775390025.272714036] [navNode]: 未到目标点
目标位置:(0.0, 0.0, 0.7)-[TakeOff]-[MCU:False]-[POS:False]
当前位置:(0.06852961331605911, -0.004948974121361971, 0.5686236023902893)
[INFO] [1775390025.371584592] [navNode]: 状态4：WaitAim--[TakeOff]
[INFO] [1775390025.372068008] [navNode]: 未到目标点
目标位置:(0.0, 0.0, 0.7)-[TakeOff]-[MCU:False]-[POS:False]
当前位置:(0.06848379224538803, -0.0049477554857730865, 0.5694573521614075)
[INFO] [1775390025.471963539] [navNode]: 状态4：WaitAim--[TakeOff]
[INFO] [1775390025.472362750] [navNode]: 未到目标点
目标位置:(0.0, 0.0, 0.7)-[TakeOff]-[MCU:False]-[POS:False]
当前位置:(0.06845100969076157, -0.007560801692306995, 0.5688278079032898)
[INFO] [1775390025.571825116] [navNode]: 状态4：WaitAim--[TakeOff]
[INFO] [1775390025.572272948] [navNode]: 未到目标点
目标位置:(0.0, 0.0, 0.7)-[TakeOff]-[MCU:False]-[POS:False]
当前位置:(0.06892149150371552, -0.011195461265742779, 0.5692322850227356)
[INFO] [1775390025.671530887] [navNode]: 状态4：WaitAim--[TakeOff]
[INFO] [1775390025.672198004] [navNode]: 未到目标点
目标位置:(0.0, 0.0, 0.7)-[TakeOff]-[MCU:False]-[POS:False]
当前位置:(0.06994407624006271, -0.014585573226213455, 0.5682001709938049)
[INFO] [1775390025.772478872] [navNode]: 状态4：WaitAim--[TakeOff]
[INFO] [1775390025.772861620] [navNode]: 未到目标点
目标位置:(0.0, 0.0, 0.7)-[TakeOff]-[MCU:False]-[POS:False]
当前位置:(0.07078910619020462, -0.016235806047916412, 0.5656653642654419)
[INFO] [1775390025.872289485] [navNode]: 状态4：WaitAim--[TakeOff]
[INFO] [1775390025.872800228] [navNode]: 未到目标点
目标位置:(0.0, 0.0, 0.7)-[TakeOff]-[MCU:False]-[POS:False]
当前位置:(0.07322634756565094, -0.019084488973021507, 0.5651893615722656)
[INFO] [1775390025.971566327] [navNode]: 状态4：WaitAim--[TakeOff]
[INFO] [1775390025.972078179] [navNode]: 未到目标点
目标位置:(0.0, 0.0, 0.7)-[TakeOff]-[MCU:False]-[POS:False]
当前位置:(0.07380612939596176, -0.02070077508687973, 0.5647817850112915)
[INFO] [1775390026.071821606] [navNode]: 状态4：WaitAim--[TakeOff]
[INFO] [1775390026.072236608] [navNode]: 未到目标点
目标位置:(0.0, 0.0, 0.7)-[TakeOff]-[MCU:False]-[POS:False]
当前位置:(0.07285244762897491, -0.02474377490580082, 0.5641212463378906)
[INFO] [1775390026.171732836] [navNode]: 状态4：WaitAim--[TakeOff]
[INFO] [1775390026.172165568] [navNode]: 未到目标点
目标位置:(0.0, 0.0, 0.7)-[TakeOff]-[MCU:False]-[POS:False]
当前位置:(0.07377120852470398, -0.029884954914450645, 0.5649388432502747)
[INFO] [1775390026.272351077] [navNode]: 状态4：WaitAim--[TakeOff]
[INFO] [1775390026.272836686] [navNode]: 未到目标点
目标位置:(0.0, 0.0, 0.7)-[TakeOff]-[MCU:False]-[POS:False]
当前位置:(0.07459098100662231, -0.0323961041867733, 0.5645771026611328)
[INFO] [1775390026.371761298] [navNode]: 状态4：WaitAim--[TakeOff]
[INFO] [1775390026.373143794] [navNode]: 未到目标点
目标位置:(0.0, 0.0, 0.7)-[TakeOff]-[MCU:False]-[POS:False]
当前位置:(0.07381116598844528, -0.03530724719166756, 0.5661888718605042)
[INFO] [1775390026.472260800] [navNode]: 状态4：WaitAim--[TakeOff]
[INFO] [1775390026.472783394] [navNode]: 未到目标点
目标位置:(0.0, 0.0, 0.7)-[TakeOff]-[MCU:False]-[POS:False]
当前位置:(0.07241348922252655, -0.037075404077768326, 0.5667579770088196)
[INFO] [1775390026.572114155] [navNode]: 状态4：WaitAim--[TakeOff]
[INFO] [1775390026.572871801] [navNode]: 未到目标点
目标位置:(0.0, 0.0, 0.7)-[TakeOff]-[MCU:False]-[POS:False]
当前位置:(0.07073681801557541, -0.03795338422060013, 0.5668847560882568)
[INFO] [1775390026.672520708] [navNode]: 状态4：WaitAim--[TakeOff]
[INFO] [1775390026.673191927] [navNode]: 未到目标点
目标位置:(0.0, 0.0, 0.7)-[TakeOff]-[MCU:False]-[POS:False]
当前位置:(0.07140417397022247, -0.04094737768173218, 0.5651481747627258)
[INFO] [1775390026.773531118] [navNode]: 状态4：WaitAim--[TakeOff]
[INFO] [1775390026.774070794] [navNode]: 未到目标点
目标位置:(0.0, 0.0, 0.7)-[TakeOff]-[MCU:False]-[POS:False]
当前位置:(0.0731777623295784, -0.04377610981464386, 0.5647696256637573)
[INFO] [1775390026.871751848] [navNode]: 状态4：WaitAim--[TakeOff]
[INFO] [1775390026.872213035] [navNode]: 未到目标点
目标位置:(0.0, 0.0, 0.7)-[TakeOff]-[MCU:False]-[POS:False]
当前位置:(0.07273387163877487, -0.046438731253147125, 0.5632091760635376)
[INFO] [1775390026.971718266] [navNode]: 状态4：WaitAim--[TakeOff]
[INFO] [1775390026.972134979] [navNode]: 未到目标点
目标位置:(0.0, 0.0, 0.7)-[TakeOff]-[MCU:False]-[POS:False]
当前位置:(0.07218490540981293, -0.05018729344010353, 0.5631221532821655)
[INFO] [1775390027.072171432] [navNode]: 状态4：WaitAim--[TakeOff]
[INFO] [1775390027.072672609] [navNode]: 未到目标点
目标位置:(0.0, 0.0, 0.7)-[TakeOff]-[MCU:False]-[POS:False]
当前位置:(0.07115873694419861, -0.052436016499996185, 0.5631123781204224)
[INFO] [1775390027.171880761] [navNode]: 状态4：WaitAim--[TakeOff]
[INFO] [1775390027.172966206] [navNode]: 未到目标点
目标位置:(0.0, 0.0, 0.7)-[TakeOff]-[MCU:False]-[POS:False]
当前位置:(0.0687594786286354, -0.05537557601928711, 0.5640514492988586)
[INFO] [1775390027.271706495] [navNode]: 状态4：WaitAim--[TakeOff]
[INFO] [1775390027.272141873] [navNode]: 未到目标点
目标位置:(0.0, 0.0, 0.7)-[TakeOff]-[MCU:False]-[POS:False]
当前位置:(0.06658681482076645, -0.058410678058862686, 0.5653102993965149)
[INFO] [1775390027.372000130] [navNode]: 状态4：WaitAim--[TakeOff]
[INFO] [1775390027.372419321] [navNode]: 未到目标点
目标位置:(0.0, 0.0, 0.7)-[TakeOff]-[MCU:False]-[POS:False]
当前位置:(0.06572090089321136, -0.06312224268913269, 0.5657885074615479)
[INFO] [1775390027.472505525] [navNode]: 状态4：WaitAim--[TakeOff]
[INFO] [1775390027.473828081] [navNode]: 未到目标点
目标位置:(0.0, 0.0, 0.7)-[TakeOff]-[MCU:False]-[POS:False]
当前位置:(0.06564860790967941, -0.06649640202522278, 0.5645501017570496)
[INFO] [1775390027.571902918] [navNode]: 状态4：WaitAim--[TakeOff]
[INFO] [1775390027.572457391] [navNode]: 未到目标点
目标位置:(0.0, 0.0, 0.7)-[TakeOff]-[MCU:False]-[POS:False]
当前位置:(0.06688962876796722, -0.07059682905673981, 0.5636509656906128)
[INFO] [1775390027.672525879] [navNode]: 状态4：WaitAim--[TakeOff]
[INFO] [1775390027.673072723] [navNode]: 未到目标点
目标位置:(0.0, 0.0, 0.7)-[TakeOff]-[MCU:False]-[POS:False]
当前位置:(0.06739623844623566, -0.07253240048885345, 0.5639180541038513)
[INFO] [1775390027.772849150] [navNode]: 状态4：WaitAim--[TakeOff]
[INFO] [1775390027.773444306] [navNode]: 未到目标点
目标位置:(0.0, 0.0, 0.7)-[TakeOff]-[MCU:False]-[POS:False]
当前位置:(0.0668608695268631, -0.0721697211265564, 0.563737154006958)
[INFO] [1775390027.872209484] [navNode]: 状态4：WaitAim--[TakeOff]
[INFO] [1775390027.872707852] [navNode]: 未到目标点
目标位置:(0.0, 0.0, 0.7)-[TakeOff]-[MCU:False]-[POS:False]
当前位置:(0.06715700030326843, -0.07375646382570267, 0.5637906193733215)
[INFO] [1775390027.971790117] [navNode]: 状态4：WaitAim--[TakeOff]
[INFO] [1775390027.972225945] [navNode]: 未到目标点
目标位置:(0.0, 0.0, 0.7)-[TakeOff]-[MCU:False]-[POS:False]
当前位置:(0.06687033921480179, -0.07474948465824127, 0.5635588765144348)
[INFO] [1775390028.072378004] [navNode]: 状态4：WaitAim--[TakeOff]
[INFO] [1775390028.072981983] [navNode]: 未到目标点
目标位置:(0.0, 0.0, 0.7)-[TakeOff]-[MCU:False]-[POS:False]
当前位置:(0.06677626073360443, -0.07461032271385193, 0.5635227560997009)
[INFO] [1775390028.172142225] [navNode]: 状态4：WaitAim--[TakeOff]
[INFO] [1775390028.172630269] [navNode]: 未到目标点
目标位置:(0.0, 0.0, 0.7)-[TakeOff]-[MCU:False]-[POS:False]
当前位置:(0.06903956085443497, -0.07373476028442383, 0.5616671442985535)
[INFO] [1775390028.272200736] [navNode]: 状态4：WaitAim--[TakeOff]
[INFO] [1775390028.272704409] [navNode]: 未到目标点
目标位置:(0.0, 0.0, 0.7)-[TakeOff]-[MCU:False]-[POS:False]
当前位置:(0.07462678849697113, -0.07366008311510086, 0.5580620765686035)
[INFO] [1775390028.371869679] [navNode]: 状态4：WaitAim--[TakeOff]
[INFO] [1775390028.372343260] [navNode]: 未到目标点
目标位置:(0.0, 0.0, 0.7)-[TakeOff]-[MCU:False]-[POS:False]
当前位置:(0.08305482566356659, -0.07418083399534225, 0.5543287992477417)
[INFO] [1775390028.471984115] [navNode]: 状态4：WaitAim--[TakeOff]
[INFO] [1775390028.472472589] [navNode]: 未到目标点
目标位置:(0.0, 0.0, 0.7)-[TakeOff]-[MCU:False]-[POS:False]
当前位置:(0.08876240253448486, -0.0757603794336319, 0.5523353815078735)
[INFO] [1775390028.571947598] [navNode]: 状态4：WaitAim--[TakeOff]
[INFO] [1775390028.572384348] [navNode]: 未到目标点
目标位置:(0.0, 0.0, 0.7)-[TakeOff]-[MCU:False]-[POS:False]
当前位置:(0.09283147752285004, -0.0767936110496521, 0.5501224398612976)
[INFO] [1775390028.671864110] [navNode]: 状态4：WaitAim--[TakeOff]
[INFO] [1775390028.672378640] [navNode]: 未到目标点
目标位置:(0.0, 0.0, 0.7)-[TakeOff]-[MCU:False]-[POS:False]
当前位置:(0.09582322090864182, -0.07588930428028107, 0.5484793782234192)
[INFO] [1775390028.772461473] [navNode]: 状态4：WaitAim--[TakeOff]
[INFO] [1775390028.772967567] [navNode]: 未到目标点
目标位置:(0.0, 0.0, 0.7)-[TakeOff]-[MCU:False]-[POS:False]
当前位置:(0.1003410667181015, -0.07485613971948624, 0.5481570363044739)
[INFO] [1775390028.872140946] [navNode]: 状态4：WaitAim--[TakeOff]
[INFO] [1775390028.872825653] [navNode]: 未到目标点
目标位置:(0.0, 0.0, 0.7)-[TakeOff]-[MCU:False]-[POS:False]
当前位置:(0.10100769251585007, -0.0763033926486969, 0.5483713746070862)
[INFO] [1775390028.971778740] [navNode]: 状态4：WaitAim--[TakeOff]
[INFO] [1775390028.972233431] [navNode]: 未到目标点
目标位置:(0.0, 0.0, 0.7)-[TakeOff]-[MCU:False]-[POS:False]
当前位置:(0.09683384001255035, -0.07975456118583679, 0.5461493730545044)
[INFO] [1775390029.072360370] [navNode]: 状态4：WaitAim--[TakeOff]
[INFO] [1775390029.072853863] [navNode]: 未到目标点
目标位置:(0.0, 0.0, 0.7)-[TakeOff]-[MCU:False]-[POS:False]
当前位置:(0.09072230011224747, -0.08207636326551437, 0.5441615581512451)
[INFO] [1775390029.172390204] [navNode]: 状态4：WaitAim--[TakeOff]
[INFO] [1775390029.172798289] [navNode]: 未到目标点
目标位置:(0.0, 0.0, 0.7)-[TakeOff]-[MCU:False]-[POS:False]
当前位置:(0.08566457778215408, -0.08069197833538055, 0.5444160103797913)
[INFO] [1775390029.271963544] [navNode]: 状态4：WaitAim--[TakeOff]
[INFO] [1775390029.272474031] [navNode]: 未到目标点
目标位置:(0.0, 0.0, 0.7)-[TakeOff]-[MCU:False]-[POS:False]
当前位置:(0.07945071160793304, -0.0796155110001564, 0.5437448024749756)
[INFO] [1775390029.371828008] [navNode]: 状态4：WaitAim--[TakeOff]
[INFO] [1775390029.372273247] [navNode]: 未到目标点
目标位置:(0.0, 0.0, 0.7)-[TakeOff]-[MCU:False]-[POS:False]
当前位置:(0.07338258624076843, -0.07853470742702484, 0.5443053245544434)
[INFO] [1775390029.472070010] [navNode]: 状态4：WaitAim--[TakeOff]
[INFO] [1775390029.472520088] [navNode]: 未到目标点
目标位置:(0.0, 0.0, 0.7)-[TakeOff]-[MCU:False]-[POS:False]
当前位置:(0.06752091646194458, -0.0770861878991127, 0.5460807681083679)
[INFO] [1775390029.571864422] [navNode]: 状态4：WaitAim--[TakeOff]
[INFO] [1775390029.572536545] [navNode]: 未到目标点
目标位置:(0.0, 0.0, 0.7)-[TakeOff]-[MCU:False]-[POS:False]
当前位置:(0.057825859636068344, -0.07471846789121628, 0.5479289889335632)
[INFO] [1775390029.672097911] [navNode]: 状态4：WaitAim--[TakeOff]
[INFO] [1775390029.672585478] [navNode]: 未到目标点
目标位置:(0.0, 0.0, 0.7)-[TakeOff]-[MCU:False]-[POS:False]
当前位置:(0.04800783842802048, -0.07250961661338806, 0.5498836040496826)
[INFO] [1775390029.772256875] [navNode]: 状态4：WaitAim--[TakeOff]
[INFO] [1775390029.773153167] [navNode]: 未到目标点
目标位置:(0.0, 0.0, 0.7)-[TakeOff]-[MCU:False]-[POS:False]
当前位置:(0.04356821998953819, -0.07194124907255173, 0.5488991737365723)
[INFO] [1775390029.872652614] [navNode]: 状态4：WaitAim--[TakeOff]
[INFO] [1775390029.873236058] [navNode]: 未到目标点
目标位置:(0.0, 0.0, 0.7)-[TakeOff]-[MCU:False]-[POS:False]
当前位置:(0.04100998863577843, -0.07065357267856598, 0.5466201305389404)
[INFO] [1775390029.972995747] [navNode]: 状态4：WaitAim--[TakeOff]
[INFO] [1775390029.973634078] [navNode]: 未到目标点
目标位置:(0.0, 0.0, 0.7)-[TakeOff]-[MCU:False]-[POS:False]
当前位置:(0.03555136173963547, -0.06887900829315186, 0.5459743738174438)
[INFO] [1775390030.072124687] [navNode]: 状态4：WaitAim--[TakeOff]
[INFO] [1775390030.072611597] [navNode]: 未到目标点
目标位置:(0.0, 0.0, 0.7)-[TakeOff]-[MCU:False]-[POS:False]
当前位置:(0.030224693939089775, -0.06801176071166992, 0.5476996302604675)
[INFO] [1775390030.172194279] [navNode]: 状态4：WaitAim--[TakeOff]
[INFO] [1775390030.172660249] [navNode]: 未到目标点
目标位置:(0.0, 0.0, 0.7)-[TakeOff]-[MCU:False]-[POS:False]
当前位置:(0.02489561401307583, -0.06467541307210922, 0.5538038015365601)
[INFO] [1775390030.271963762] [navNode]: 状态4：WaitAim--[TakeOff]
[INFO] [1775390030.272393323] [navNode]: 未到目标点
目标位置:(0.0, 0.0, 0.7)-[TakeOff]-[MCU:False]-[POS:False]
当前位置:(0.02111257053911686, -0.0644647404551506, 0.563065230846405)
[INFO] [1775390030.372136190] [navNode]: 状态4：WaitAim--[TakeOff]
[INFO] [1775390030.372607572] [navNode]: 未到目标点
目标位置:(0.0, 0.0, 0.7)-[TakeOff]-[MCU:False]-[POS:False]
当前位置:(0.014977637678384781, -0.06962702423334122, 0.5706003904342651)
[INFO] [1775390030.471702770] [navNode]: 状态4：WaitAim--[TakeOff]
[INFO] [1775390030.472100107] [navNode]: 未到目标点
目标位置:(0.0, 0.0, 0.7)-[TakeOff]-[MCU:False]-[POS:False]
当前位置:(0.00863725133240223, -0.07612237334251404, 0.5785196423530579)
[INFO] [1775390030.572447720] [navNode]: 状态4：WaitAim--[TakeOff]
[INFO] [1775390030.572889585] [navNode]: 未到目标点
目标位置:(0.0, 0.0, 0.7)-[TakeOff]-[MCU:False]-[POS:False]
当前位置:(0.004650300834327936, -0.0820547416806221, 0.5864647030830383)
[INFO] [1775390030.672167287] [navNode]: 状态4：WaitAim--[TakeOff]
[INFO] [1775390030.672655558] [navNode]: 未到目标点
目标位置:(0.0, 0.0, 0.7)-[TakeOff]-[MCU:False]-[POS:False]
当前位置:(-3.109090175712481e-05, -0.08773524314165115, 0.5953245162963867)
[INFO] [1775390030.772166902] [navNode]: 状态4：WaitAim--[TakeOff]
[INFO] [1775390030.772638972] [navNode]: 未到目标点
目标位置:(0.0, 0.0, 0.7)-[TakeOff]-[MCU:False]-[POS:False]
当前位置:(-0.004483298398554325, -0.09551799297332764, 0.6024351119995117)
[INFO] [1775390030.871776354] [navNode]: 状态4：WaitAim--[TakeOff]
[INFO] [1775390030.872694032] [navNode]: 未到目标点
目标位置:(0.0, 0.0, 0.7)-[TakeOff]-[MCU:False]-[POS:False]
当前位置:(-0.0076455166563391685, -0.10175088793039322, 0.6064683198928833)
[INFO] [1775390030.972291611] [navNode]: 状态4：WaitAim--[TakeOff]
[INFO] [1775390030.972768419] [navNode]: 未到目标点
目标位置:(0.0, 0.0, 0.7)-[TakeOff]-[MCU:False]-[POS:False]
当前位置:(-0.010390941053628922, -0.10698124021291733, 0.6045204997062683)
[INFO] [1775390031.072339108] [navNode]: 状态4：WaitAim--[TakeOff]
[INFO] [1775390031.072907940] [navNode]: 未到目标点
目标位置:(0.0, 0.0, 0.7)-[TakeOff]-[MCU:False]-[POS:False]
当前位置:(-0.014725593850016594, -0.10920964181423187, 0.5932150483131409)
[INFO] [1775390031.172212090] [navNode]: 状态4：WaitAim--[TakeOff]
[INFO] [1775390031.172727228] [navNode]: 未到目标点
目标位置:(0.0, 0.0, 0.7)-[TakeOff]-[MCU:False]-[POS:False]
当前位置:(-0.016523495316505432, -0.11343873292207718, 0.5756209492683411)
[INFO] [1775390031.272254431] [navNode]: 状态4：WaitAim--[TakeOff]
[INFO] [1775390031.272843052] [navNode]: 未到目标点
目标位置:(0.0, 0.0, 0.7)-[TakeOff]-[MCU:False]-[POS:False]
当前位置:(-0.02155616506934166, -0.1167227029800415, 0.548262894153595)
[INFO] [1775390031.372233353] [navNode]: 状态4：WaitAim--[TakeOff]
[INFO] [1775390031.372780455] [navNode]: 未到目标点
目标位置:(0.0, 0.0, 0.7)-[TakeOff]-[MCU:False]-[POS:False]
当前位置:(-0.032316744327545166, -0.1124580055475235, 0.5146297812461853)
[INFO] [1775390031.472225776] [navNode]: 状态4：WaitAim--[TakeOff]
[INFO] [1775390031.472729977] [navNode]: 未到目标点
目标位置:(0.0, 0.0, 0.7)-[TakeOff]-[MCU:False]-[POS:False]
当前位置:(-0.045241959393024445, -0.10402825474739075, 0.47963374853134155)
[INFO] [1775390031.572023148] [navNode]: 状态4：WaitAim--[TakeOff]
[INFO] [1775390031.572472514] [navNode]: 未到目标点
目标位置:(0.0, 0.0, 0.7)-[TakeOff]-[MCU:False]-[POS:False]
当前位置:(-0.059147510677576065, -0.09484539926052094, 0.44160377979278564)
[INFO] [1775390031.672189359] [navNode]: 状态4：WaitAim--[TakeOff]
[INFO] [1775390031.673008333] [navNode]: 未到目标点
目标位置:(0.0, 0.0, 0.7)-[TakeOff]-[MCU:False]-[POS:False]
当前位置:(-0.07115723937749863, -0.09201917797327042, 0.4027905762195587)
[INFO] [1775390031.772245661] [navNode]: 状态4：WaitAim--[TakeOff]
[INFO] [1775390031.773788305] [navNode]: 未到目标点
目标位置:(0.0, 0.0, 0.7)-[TakeOff]-[MCU:False]-[POS:False]
当前位置:(-0.08125752210617065, -0.08868300169706345, 0.36224833130836487)
[INFO] [1775390031.872019373] [navNode]: 状态4：WaitAim--[TakeOff]
[INFO] [1775390031.872474716] [navNode]: 未到目标点
目标位置:(0.0, 0.0, 0.7)-[TakeOff]-[MCU:False]-[POS:False]
当前位置:(-0.08663192391395569, -0.08041506260633469, 0.31737226247787476)
[INFO] [1775390031.971969046] [navNode]: 状态4：WaitAim--[TakeOff]
[INFO] [1775390031.972390238] [navNode]: 未到目标点
目标位置:(0.0, 0.0, 0.7)-[TakeOff]-[MCU:False]-[POS:False]
当前位置:(-0.07740765064954758, -0.06738993525505066, 0.2696983516216278)
[INFO] [1775390032.071862732] [navNode]: 状态4：WaitAim--[TakeOff]
[INFO] [1775390032.072509047] [navNode]: 未到目标点
目标位置:(0.0, 0.0, 0.7)-[TakeOff]-[MCU:False]-[POS:False]
当前位置:(-0.06053214147686958, -0.04427642002701759, 0.22105772793293)
[INFO] [1775390032.172395072] [navNode]: 状态4：WaitAim--[TakeOff]
[INFO] [1775390032.172831567] [navNode]: 未到目标点
目标位置:(0.0, 0.0, 0.7)-[TakeOff]-[MCU:False]-[POS:False]
当前位置:(-0.0442204624414444, -0.01956726424396038, 0.17834462225437164)
[INFO] [1775390032.272497431] [navNode]: 状态4：WaitAim--[TakeOff]
[INFO] [1775390032.272965311] [navNode]: 未到目标点
目标位置:(0.0, 0.0, 0.7)-[TakeOff]-[MCU:False]-[POS:False]
当前位置:(-0.03616991266608238, -0.004847937263548374, 0.1397401988506317)
[INFO] [1775390032.372218806] [navNode]: 状态4：WaitAim--[TakeOff]
[INFO] [1775390032.372684142] [navNode]: 未到目标点
目标位置:(0.0, 0.0, 0.7)-[TakeOff]-[MCU:False]-[POS:False]
当前位置:(-0.03764575719833374, -0.0005244124913588166, 0.10466065257787704)
[INFO] [1775390032.472048748] [navNode]: 状态4：WaitAim--[TakeOff]
[INFO] [1775390032.472525434] [navNode]: 未到目标点
目标位置:(0.0, 0.0, 0.7)-[TakeOff]-[MCU:False]-[POS:False]
当前位置:(-0.040683865547180176, 0.0049939146265387535, 0.07451222091913223)
[INFO] [1775390032.573062074] [navNode]: 状态4：WaitAim--[TakeOff]
[INFO] [1775390032.573700577] [navNode]: 未到目标点
目标位置:(0.0, 0.0, 0.7)-[TakeOff]-[MCU:False]-[POS:False]
当前位置:(-0.032186128199100494, 0.0016923247603699565, 0.05388791859149933)
[INFO] [1775390032.672536948] [navNode]: 状态4：WaitAim--[TakeOff]
[INFO] [1775390032.673132689] [navNode]: 未到目标点
目标位置:(0.0, 0.0, 0.7)-[TakeOff]-[MCU:False]-[POS:False]
当前位置:(-0.028342586010694504, 0.0007873750291764736, 0.039056189358234406)
[INFO] [1775390032.772189145] [navNode]: 状态4：WaitAim--[TakeOff]
[INFO] [1775390032.772712462] [navNode]: 未到目标点
目标位置:(0.0, 0.0, 0.7)-[TakeOff]-[MCU:False]-[POS:False]
当前位置:(-0.02352425828576088, 0.005326339974999428, 0.0317353680729866)
[INFO] [1775390032.872653169] [navNode]: 状态4：WaitAim--[TakeOff]
[INFO] [1775390032.873119717] [navNode]: 未到目标点
目标位置:(0.0, 0.0, 0.7)-[TakeOff]-[MCU:False]-[POS:False]
当前位置:(-0.021200835704803467, 0.0114418501034379, 0.028932083398103714)
[INFO] [1775390032.971830033] [navNode]: 状态4：WaitAim--[TakeOff]
[INFO] [1775390032.972225615] [navNode]: 未到目标点
目标位置:(0.0, 0.0, 0.7)-[TakeOff]-[MCU:False]-[POS:False]
当前位置:(-0.020625196397304535, 0.010331962257623672, 0.022625256329774857)
[INFO] [1775390033.071862058] [navNode]: 状态4：WaitAim--[TakeOff]
[INFO] [1775390033.072533645] [navNode]: 未到目标点
目标位置:(0.0, 0.0, 0.7)-[TakeOff]-[MCU:False]-[POS:False]
当前位置:(-0.018850436434149742, -0.0013586386339738965, 0.013550244271755219)
[INFO] [1775390033.171736363] [navNode]: 状态4：WaitAim--[TakeOff]
[INFO] [1775390033.172428961] [navNode]: 未到目标点
目标位置:(0.0, 0.0, 0.7)-[TakeOff]-[MCU:False]-[POS:False]
当前位置:(-0.01967022381722927, -0.007228339556604624, 0.007551455404609442)
[INFO] [1775390033.271787638] [navNode]: 状态4：WaitAim--[TakeOff]
[INFO] [1775390033.272438316] [navNode]: 未到目标点
目标位置:(0.0, 0.0, 0.7)-[TakeOff]-[MCU:False]-[POS:False]
当前位置:(-0.01802951656281948, 0.004495746921747923, 0.006579351611435413)
[INFO] [1775390033.371952489] [navNode]: 状态4：WaitAim--[TakeOff]
[INFO] [1775390033.372347428] [navNode]: 未到目标点
目标位置:(0.0, 0.0, 0.7)-[TakeOff]-[MCU:False]-[POS:False]
当前位置:(-0.020230500027537346, 0.005819633137434721, 0.007470607291907072)
[INFO] [1775390033.471814808] [navNode]: 状态4：WaitAim--[TakeOff]
[INFO] [1775390033.472303978] [navNode]: 未到目标点
目标位置:(0.0, 0.0, 0.7)-[TakeOff]-[MCU:False]-[POS:False]
当前位置:(-0.015023726038634777, 0.005534847732633352, 0.007242022082209587)
[INFO] [1775390033.571772464] [navNode]: 状态4：WaitAim--[TakeOff]
[INFO] [1775390033.572194473] [navNode]: 未到目标点
目标位置:(0.0, 0.0, 0.7)-[TakeOff]-[MCU:False]-[POS:False]
当前位置:(-0.014660370536148548, 0.0073248520493507385, 0.006984339561313391)
[INFO] [1775390033.671881808] [navNode]: 状态4：WaitAim--[TakeOff]
[INFO] [1775390033.672737828] [navNode]: 未到目标点
目标位置:(0.0, 0.0, 0.7)-[TakeOff]-[MCU:False]-[POS:False]
当前位置:(-0.013652995228767395, 0.007870959118008614, 0.006685210391879082)
[INFO] [1775390033.772222742] [navNode]: 状态4：WaitAim--[TakeOff]
[INFO] [1775390033.772794543] [navNode]: 未到目标点
目标位置:(0.0, 0.0, 0.7)-[TakeOff]-[MCU:False]-[POS:False]
当前位置:(-0.013458465225994587, 0.00767004257068038, 0.00481651583686471)
[INFO] [1775390033.871905073] [navNode]: 状态4：WaitAim--[TakeOff]
[INFO] [1775390033.872709471] [navNode]: 未到目标点
目标位置:(0.0, 0.0, 0.7)-[TakeOff]-[MCU:False]-[POS:False]
当前位置:(-0.012876739725470543, 0.0069284625351428986, 0.005232019349932671)
[INFO] [1775390033.971895367] [navNode]: 状态4：WaitAim--[TakeOff]
[INFO] [1775390033.972375943] [navNode]: 未到目标点
目标位置:(0.0, 0.0, 0.7)-[TakeOff]-[MCU:False]-[POS:False]
当前位置:(-0.012455745600163937, 0.007419356610625982, 0.005775001365691423)
[INFO] [1775390034.071771146] [navNode]: 状态4：WaitAim--[TakeOff]
[INFO] [1775390034.072196845] [navNode]: 未到目标点
目标位置:(0.0, 0.0, 0.7)-[TakeOff]-[MCU:False]-[POS:False]
当前位置:(-0.011904727667570114, 0.007636611815541983, 0.004604081157594919)
[INFO] [1775390034.171801091] [navNode]: 状态4：WaitAim--[TakeOff]
[INFO] [1775390034.172221131] [navNode]: 未到目标点
目标位置:(0.0, 0.0, 0.7)-[TakeOff]-[MCU:False]-[POS:False]
当前位置:(-0.012152870185673237, 0.007814244367182255, 0.004718040116131306)
[INFO] [1775390034.272475351] [navNode]: 状态4：WaitAim--[TakeOff]
[INFO] [1775390034.272976378] [navNode]: 未到目标点
目标位置:(0.0, 0.0, 0.7)-[TakeOff]-[MCU:False]-[POS:False]
当前位置:(-0.011640944518148899, 0.007836929522454739, 0.0034708725288510323)
[INFO] [1775390034.371855722] [navNode]: 状态4：WaitAim--[TakeOff]
[INFO] [1775390034.372317712] [navNode]: 未到目标点
目标位置:(0.0, 0.0, 0.7)-[TakeOff]-[MCU:False]-[POS:False]
当前位置:(-0.01168607547879219, 0.007074070628732443, 0.0039177327416837215)
[INFO] [1775390034.472922533] [navNode]: 状态4：WaitAim--[TakeOff]
[INFO] [1775390034.473583428] [navNode]: 未到目标点
目标位置:(0.0, 0.0, 0.7)-[TakeOff]-[MCU:False]-[POS:False]
当前位置:(-0.011938085779547691, 0.006804187316447496, 0.004185431636869907)
[INFO] [1775390034.571581476] [navNode]: 状态4：WaitAim--[TakeOff]
[INFO] [1775390034.572229569] [navNode]: 未到目标点
目标位置:(0.0, 0.0, 0.7)-[TakeOff]-[MCU:False]-[POS:False]
当前位置:(-0.011799541302025318, 0.006082959473133087, 0.004517635330557823)
[INFO] [1775390034.671690776] [navNode]: 状态4：WaitAim--[TakeOff]
[INFO] [1775390034.672373865] [navNode]: 未到目标点
目标位置:(0.0, 0.0, 0.7)-[TakeOff]-[MCU:False]-[POS:False]
当前位置:(-0.011844647116959095, 0.006329243537038565, 0.00377518218010664)
[INFO] [1775390034.771554247] [navNode]: 状态4：WaitAim--[TakeOff]
[INFO] [1775390034.771936614] [navNode]: 未到目标点
目标位置:(0.0, 0.0, 0.7)-[TakeOff]-[MCU:False]-[POS:False]
当前位置:(-0.01176316849887371, 0.006393164396286011, 0.004290107171982527)
[INFO] [1775390034.872341421] [navNode]: 状态4：WaitAim--[TakeOff]
[INFO] [1775390034.872753227] [navNode]: 未到目标点
目标位置:(0.0, 0.0, 0.7)-[TakeOff]-[MCU:False]-[POS:False]
当前位置:(-0.011761636473238468, 0.006995405536144972, 0.004159136675298214)
[INFO] [1775390034.971526662] [navNode]: 状态4：WaitAim--[TakeOff]
[INFO] [1775390034.971927060] [navNode]: 未到目标点
目标位置:(0.0, 0.0, 0.7)-[TakeOff]-[MCU:False]-[POS:False]
当前位置:(-0.012095783837139606, 0.006694401148706675, 0.003626694204285741)
[INFO] [1775390035.071777048] [navNode]: 状态4：WaitAim--[TakeOff]
[INFO] [1775390035.072232115] [navNode]: 未到目标点
目标位置:(0.0, 0.0, 0.7)-[TakeOff]-[MCU:False]-[POS:False]
当前位置:(-0.012045210227370262, 0.006670225411653519, 0.0031039526220411062)
[INFO] [1775390035.171937981] [navNode]: 状态4：WaitAim--[TakeOff]
[INFO] [1775390035.172423085] [navNode]: 未到目标点
目标位置:(0.0, 0.0, 0.7)-[TakeOff]-[MCU:False]-[POS:False]
当前位置:(-0.012220876291394234, 0.005779680795967579, 0.00276741455309093)
[INFO] [1775390035.271510771] [navNode]: 状态4：WaitAim--[TakeOff]
[INFO] [1775390035.271954999] [navNode]: 未到目标点
目标位置:(0.0, 0.0, 0.7)-[TakeOff]-[MCU:False]-[POS:False]
当前位置:(-0.011890743859112263, 0.005228359717875719, 0.0024211460258811712)
[INFO] [1775390035.372756493] [navNode]: 状态4：WaitAim--[TakeOff]
[INFO] [1775390035.373551436] [navNode]: 未到目标点
目标位置:(0.0, 0.0, 0.7)-[TakeOff]-[MCU:False]-[POS:False]
当前位置:(-0.012338775210082531, 0.006065958179533482, 0.002520808717235923)
[INFO] [1775390035.471603922] [navNode]: 状态4：WaitAim--[TakeOff]
[INFO] [1775390035.472288065] [navNode]: 未到目标点
目标位置:(0.0, 0.0, 0.7)-[TakeOff]-[MCU:False]-[POS:False]
当前位置:(-0.012671712785959244, 0.005825430154800415, 0.003786260262131691)
[INFO] [1775390035.572057214] [navNode]: 状态4：WaitAim--[TakeOff]
[INFO] [1775390035.572501322] [navNode]: 未到目标点
目标位置:(0.0, 0.0, 0.7)-[TakeOff]-[MCU:False]-[POS:False]
当前位置:(-0.013430824503302574, 0.005882688798010349, 0.0032350856345146894)
[INFO] [1775390035.671914989] [navNode]: 状态4：WaitAim--[TakeOff]
[INFO] [1775390035.672489276] [navNode]: 未到目标点
目标位置:(0.0, 0.0, 0.7)-[TakeOff]-[MCU:False]-[POS:False]
当前位置:(-0.013506198301911354, 0.006249185651540756, 0.0031494838185608387)
[INFO] [1775390035.771981791] [navNode]: 状态4：WaitAim--[TakeOff]
[INFO] [1775390035.772460336] [navNode]: 未到目标点
目标位置:(0.0, 0.0, 0.7)-[TakeOff]-[MCU:False]-[POS:False]
当前位置:(-0.013115951791405678, 0.005013834219425917, 0.0020767932292073965)
[INFO] [1775390035.872174105] [navNode]: 状态4：WaitAim--[TakeOff]
[INFO] [1775390035.872683282] [navNode]: 未到目标点
目标位置:(0.0, 0.0, 0.7)-[TakeOff]-[MCU:False]-[POS:False]
当前位置:(-0.013247832655906677, 0.005574521608650684, 0.001554005197249353)
[INFO] [1775390035.972525605] [navNode]: 状态4：WaitAim--[TakeOff]
[INFO] [1775390035.973018163] [navNode]: 未到目标点
目标位置:(0.0, 0.0, 0.7)-[TakeOff]-[MCU:False]-[POS:False]
当前位置:(-0.012753885239362717, 0.005571709480136633, 0.0014213061658665538)
[INFO] [1775390036.071889313] [navNode]: 状态4：WaitAim--[TakeOff]
[INFO] [1775390036.072456421] [navNode]: 未到目标点
目标位置:(0.0, 0.0, 0.7)-[TakeOff]-[MCU:False]-[POS:False]
当前位置:(-0.01355905644595623, 0.005741261411458254, 0.0015568091766908765)
[INFO] [1775390036.172228755] [navNode]: 状态4：WaitAim--[TakeOff]
[INFO] [1775390036.172782018] [navNode]: 未到目标点
目标位置:(0.0, 0.0, 0.7)-[TakeOff]-[MCU:False]-[POS:False]
当前位置:(-0.013607207685709, 0.005124248564243317, 0.001938370056450367)
[INFO] [1775390036.271698200] [navNode]: 状态4：WaitAim--[TakeOff]
[INFO] [1775390036.272086698] [navNode]: 未到目标点
目标位置:(0.0, 0.0, 0.7)-[TakeOff]-[MCU:False]-[POS:False]
当前位置:(-0.013372980989515781, 0.004709410481154919, 0.0026076934300363064)
[INFO] [1775390036.372507270] [navNode]: 状态4：WaitAim--[TakeOff]
[INFO] [1775390036.372969616] [navNode]: 未到目标点
目标位置:(0.0, 0.0, 0.7)-[TakeOff]-[MCU:False]-[POS:False]
当前位置:(-0.013160781934857368, 0.005787396337836981, 0.0032279412262141705)
[INFO] [1775390036.472046594] [navNode]: 状态4：WaitAim--[TakeOff]
[INFO] [1775390036.472461016] [navNode]: 未到目标点
目标位置:(0.0, 0.0, 0.7)-[TakeOff]-[MCU:False]-[POS:False]
当前位置:(-0.01326482929289341, 0.005018241237848997, 0.0020653659012168646)
[INFO] [1775390036.572019218] [navNode]: 状态4：WaitAim--[TakeOff]
[INFO] [1775390036.572475612] [navNode]: 未到目标点
目标位置:(0.0, 0.0, 0.7)-[TakeOff]-[MCU:False]-[POS:False]
当前位置:(-0.013430715538561344, 0.005025127436965704, 0.0025775686372071505)
[INFO] [1775390036.672040343] [navNode]: 状态4：WaitAim--[TakeOff]
[INFO] [1775390036.672530798] [navNode]: 未到目标点
目标位置:(0.0, 0.0, 0.7)-[TakeOff]-[MCU:False]-[POS:False]
当前位置:(-0.013253177516162395, 0.005185340065509081, 0.0024654041044414043)
[INFO] [1775390036.772250643] [navNode]: 状态4：WaitAim--[TakeOff]
[INFO] [1775390036.772825942] [navNode]: 未到目标点
目标位置:(0.0, 0.0, 0.7)-[TakeOff]-[MCU:False]-[POS:False]
当前位置:(-0.01327553391456604, 0.0049795787781476974, 0.0024574599228799343)
[INFO] [1775390036.872118804] [navNode]: 状态4：WaitAim--[TakeOff]
[INFO] [1775390036.872543182] [navNode]: 未到目标点
目标位置:(0.0, 0.0, 0.7)-[TakeOff]-[MCU:False]-[POS:False]
当前位置:(-0.013569644652307034, 0.004025185480713844, 0.002060861559584737)
[INFO] [1775390036.972113771] [navNode]: 状态4：WaitAim--[TakeOff]
[INFO] [1775390036.972564392] [navNode]: 未到目标点
目标位置:(0.0, 0.0, 0.7)-[TakeOff]-[MCU:False]-[POS:False]
当前位置:(-0.013476070016622543, 0.004384578671306372, 0.0018240390345454216)
[INFO] [1775390037.071959921] [navNode]: 状态4：WaitAim--[TakeOff]
[INFO] [1775390037.073158521] [navNode]: 未到目标点
目标位置:(0.0, 0.0, 0.7)-[TakeOff]-[MCU:False]-[POS:False]
当前位置:(-0.01336257066577673, 0.004908342380076647, 0.0017722586635500193)
