[INFO] [1775398060.830826159] [navNode]: paths: [
  {"x": 0.00, "y": 0.00, "z": 0.70, "label": "TakeOff", "qrcode": "", "label2": ""       , "qrcode2": "" },
  {"x":-0.25, "y": 0.75, "z": 0.80, "label": "A6"     , "qrcode": "", "label2": ""       , "qrcode2": "" },
  {"x":-0.25, "y": 0.75, "z": 1.20, "label": "A3"     , "qrcode": "", "label2": ""       , "qrcode2": "" },
  {"x":-0.25, "y": 1.25, "z": 1.20, "label": "A2"     , "qrcode": "", "label2": ""       , "qrcode2": "" },
  {"x":-0.25, "y": 1.25, "z": 0.80, "label": "A5"     , "qrcode": "", "label2": ""       , "qrcode2": "" },
  {"x":-0.25, "y": 1.75, "z": 0.80, "label": "A4"     , "qrcode": "", "label2": ""       , "qrcode2": "" },
  {"x":-0.25, "y": 1.75, "z": 1.20, "label": "A1"     , "qrcode": "", "label2": ""       , "qrcode2": "" },
  {"x":-0.25, "y": 2.00, "z": 0.70, "label": "UpSide1", "qrcode": "", "label2": ""       , "qrcode2": "" },
  {"x": 0.75, "y": 2.00, "z": 0.70, "label": "LandPos", "qrcode": "", "label2": ""       , "qrcode2": "" }
]

[INFO] [1775398060.837926791] [navNode]: 上位机导航节点启动成功
[INFO] [1775398189.512686230] [navNode]: 收到来自UI的请求：scan_all
[WARN] [1775398189.513724561] [navNode]: 任务开始执行scan_all
[INFO] [1775398189.613791862] [navNode]: 状态1：Takeoff--[TakeOff]
[INFO] [1775398189.623516091] [navNode]: takeoff 发送成功 → 飞行站已调用：takeoff服务
[INFO] [1775398189.645250388] [navNode]: MCU2 send back: Takeoffok
[INFO] [1775398189.715344164] [navNode]: 状态2：Takeoff_wait--[TakeOff]
[INFO] [1775398189.716030609] [navNode]: 未到目标点
目标位置:(0.0, 0.0, 0.7)-[TakeOff]-[MCU:False]-[POS:False]
当前位置:(-0.0019445057259872556, 0.0024634525179862976, 0.001013805391266942)
[INFO] [1775398189.813704616] [navNode]: 状态2：Takeoff_wait--[TakeOff]
[INFO] [1775398189.814988394] [navNode]: 未到目标点
目标位置:(0.0, 0.0, 0.7)-[TakeOff]-[MCU:False]-[POS:False]
当前位置:(-0.0015696331392973661, 0.0010779674630612135, 0.0009763948037289083)
[INFO] [1775398189.914812294] [navNode]: 状态2：Takeoff_wait--[TakeOff]
[INFO] [1775398189.915556232] [navNode]: 未到目标点
目标位置:(0.0, 0.0, 0.7)-[TakeOff]-[MCU:False]-[POS:False]
当前位置:(-0.001724914531223476, 0.0015792191261425614, 0.001160161686129868)
[INFO] [1775398190.014383558] [navNode]: 状态2：Takeoff_wait--[TakeOff]
[INFO] [1775398190.014744209] [navNode]: 未到目标点
目标位置:(0.0, 0.0, 0.7)-[TakeOff]-[MCU:False]-[POS:False]
当前位置:(-0.0017279975581914186, 0.0017962738638743758, 0.001300807693041861)
[INFO] [1775398190.113931438] [navNode]: 状态2：Takeoff_wait--[TakeOff]
[INFO] [1775398190.114285917] [navNode]: 未到目标点
目标位置:(0.0, 0.0, 0.7)-[TakeOff]-[MCU:False]-[POS:False]
当前位置:(-0.001840136363171041, 0.0019204964628443122, 0.0013119715731590986)
[INFO] [1775398190.214350752] [navNode]: 状态2：Takeoff_wait--[TakeOff]
[INFO] [1775398190.214774774] [navNode]: 未到目标点
目标位置:(0.0, 0.0, 0.7)-[TakeOff]-[MCU:False]-[POS:False]
当前位置:(-0.0020686748903244734, 0.0025677739176899195, 0.0016024799551814795)
[INFO] [1775398190.314588017] [navNode]: 状态2：Takeoff_wait--[TakeOff]
[INFO] [1775398190.315010321] [navNode]: 未到目标点
目标位置:(0.0, 0.0, 0.7)-[TakeOff]-[MCU:False]-[POS:False]
当前位置:(-0.0020670429803431034, 0.002135059330612421, 0.001071216189302504)
[INFO] [1775398190.415640329] [navNode]: 状态2：Takeoff_wait--[TakeOff]
[INFO] [1775398190.416265327] [navNode]: 未到目标点
目标位置:(0.0, 0.0, 0.7)-[TakeOff]-[MCU:False]-[POS:False]
当前位置:(-0.0019330567447468638, 0.0018905597971752286, 0.0012383504072204232)
[INFO] [1775398190.515432584] [navNode]: 状态2：Takeoff_wait--[TakeOff]
[INFO] [1775398190.515998209] [navNode]: 未到目标点
目标位置:(0.0, 0.0, 0.7)-[TakeOff]-[MCU:False]-[POS:False]
当前位置:(-0.001848620711825788, 0.002297519939020276, 0.0013904881197959185)
[INFO] [1775398190.613595016] [navNode]: 状态2：Takeoff_wait--[TakeOff]
[INFO] [1775398190.613960592] [navNode]: 未到目标点
目标位置:(0.0, 0.0, 0.7)-[TakeOff]-[MCU:False]-[POS:False]
当前位置:(-0.0018703467212617397, 0.0017558307154104114, 0.0012176943710073829)
[INFO] [1775398190.714175761] [navNode]: 状态2：Takeoff_wait--[TakeOff]
[INFO] [1775398190.714556262] [navNode]: 未到目标点
目标位置:(0.0, 0.0, 0.7)-[TakeOff]-[MCU:False]-[POS:False]
当前位置:(-0.0018219253979623318, 0.001599657814949751, 0.0016027209348976612)
[INFO] [1775398190.814505477] [navNode]: 状态2：Takeoff_wait--[TakeOff]
[INFO] [1775398190.815439679] [navNode]: 未到目标点
目标位置:(0.0, 0.0, 0.7)-[TakeOff]-[MCU:False]-[POS:False]
当前位置:(-0.0021082302555441856, 0.0018742800457403064, 0.0009078043513000011)
[INFO] [1775398190.914110862] [navNode]: 状态2：Takeoff_wait--[TakeOff]
[INFO] [1775398190.915458745] [navNode]: 未到目标点
目标位置:(0.0, 0.0, 0.7)-[TakeOff]-[MCU:False]-[POS:False]
当前位置:(-0.0024037626571953297, 0.0027608489617705345, 0.001136935781687498)
[INFO] [1775398191.013819554] [navNode]: 状态2：Takeoff_wait--[TakeOff]
[INFO] [1775398191.014214040] [navNode]: 未到目标点
目标位置:(0.0, 0.0, 0.7)-[TakeOff]-[MCU:False]-[POS:False]
当前位置:(-0.0020418160129338503, 0.0021503607276827097, 0.001756389974616468)
[INFO] [1775398191.118530784] [navNode]: 状态2：Takeoff_wait--[TakeOff]
[INFO] [1775398191.119678187] [navNode]: 未到目标点
目标位置:(0.0, 0.0, 0.7)-[TakeOff]-[MCU:False]-[POS:False]
当前位置:(-0.001814802992157638, 0.002143467077985406, 0.0012259127106517553)
[INFO] [1775398191.213707743] [navNode]: 状态2：Takeoff_wait--[TakeOff]
[INFO] [1775398191.214176992] [navNode]: 未到目标点
目标位置:(0.0, 0.0, 0.7)-[TakeOff]-[MCU:False]-[POS:False]
当前位置:(-0.0020600659772753716, 0.0018684774404391646, 0.0014210434164851904)
[INFO] [1775398191.315407085] [navNode]: 状态2：Takeoff_wait--[TakeOff]
[INFO] [1775398191.316019296] [navNode]: 未到目标点
目标位置:(0.0, 0.0, 0.7)-[TakeOff]-[MCU:False]-[POS:False]
当前位置:(-0.0019461313495412469, 0.002068674424663186, 0.0011168922064825892)
[INFO] [1775398191.413681555] [navNode]: 状态2：Takeoff_wait--[TakeOff]
[INFO] [1775398191.414021682] [navNode]: 未到目标点
目标位置:(0.0, 0.0, 0.7)-[TakeOff]-[MCU:False]-[POS:False]
当前位置:(-0.001923430128954351, 0.001580313197337091, 0.0006260522059164941)
[INFO] [1775398191.514193727] [navNode]: 状态2：Takeoff_wait--[TakeOff]
[INFO] [1775398191.514552301] [navNode]: 未到目标点
目标位置:(0.0, 0.0, 0.7)-[TakeOff]-[MCU:False]-[POS:False]
当前位置:(-0.0020779725164175034, 0.0017125298036262393, 0.0008736398885957897)
[INFO] [1775398191.614222500] [navNode]: 状态2：Takeoff_wait--[TakeOff]
[INFO] [1775398191.614638385] [navNode]: 未到目标点
目标位置:(0.0, 0.0, 0.7)-[TakeOff]-[MCU:False]-[POS:False]
当前位置:(-0.002007265342399478, 0.0015766879078000784, 0.0015772812766954303)
[INFO] [1775398191.716051612] [navNode]: 状态2：Takeoff_wait--[TakeOff]
[INFO] [1775398191.716483820] [navNode]: 未到目标点
目标位置:(0.0, 0.0, 0.7)-[TakeOff]-[MCU:False]-[POS:False]
当前位置:(-0.00208501354791224, 0.0023886740673333406, 0.0016248015454038978)
[INFO] [1775398191.814297339] [navNode]: 状态2：Takeoff_wait--[TakeOff]
[INFO] [1775398191.814726182] [navNode]: 未到目标点
目标位置:(0.0, 0.0, 0.7)-[TakeOff]-[MCU:False]-[POS:False]
当前位置:(-0.002296274062246084, 0.0022949499543756247, 0.0004767943173646927)
[INFO] [1775398191.914969781] [navNode]: 状态2：Takeoff_wait--[TakeOff]
[INFO] [1775398191.915335750] [navNode]: 未到目标点
目标位置:(0.0, 0.0, 0.7)-[TakeOff]-[MCU:False]-[POS:False]
当前位置:(-0.0023952170740813017, 0.002266670810058713, 0.0006618017214350402)
[INFO] [1775398192.015578082] [navNode]: 状态2：Takeoff_wait--[TakeOff]
[INFO] [1775398192.015961077] [navNode]: 未到目标点
目标位置:(0.0, 0.0, 0.7)-[TakeOff]-[MCU:False]-[POS:False]
当前位置:(-0.002077211393043399, 0.002624026732519269, 0.001596698653884232)
[INFO] [1775398192.113725574] [navNode]: 状态2：Takeoff_wait--[TakeOff]
[INFO] [1775398192.114904705] [navNode]: 未到目标点
目标位置:(0.0, 0.0, 0.7)-[TakeOff]-[MCU:False]-[POS:False]
当前位置:(-0.0019874917343258858, 0.002255078637972474, 0.0016584362601861358)
[INFO] [1775398192.214408116] [navNode]: 状态2：Takeoff_wait--[TakeOff]
[INFO] [1775398192.214815566] [navNode]: 未到目标点
目标位置:(0.0, 0.0, 0.7)-[TakeOff]-[MCU:False]-[POS:False]
当前位置:(-0.002061642473563552, 0.0020098239183425903, 0.0018879423150792718)
[INFO] [1775398192.315800481] [navNode]: 状态2：Takeoff_wait--[TakeOff]
[INFO] [1775398192.316175638] [navNode]: 未到目标点
目标位置:(0.0, 0.0, 0.7)-[TakeOff]-[MCU:False]-[POS:False]
当前位置:(-0.0021366120781749487, 0.0015248047420755029, 0.0015190234407782555)
[INFO] [1775398192.415127601] [navNode]: 状态2：Takeoff_wait--[TakeOff]
[INFO] [1775398192.416625798] [navNode]: 未到目标点
目标位置:(0.0, 0.0, 0.7)-[TakeOff]-[MCU:False]-[POS:False]
当前位置:(-0.0022218332160264254, 0.002161217387765646, 0.0012788475723937154)
[INFO] [1775398192.513938161] [navNode]: 状态2：Takeoff_wait--[TakeOff]
[INFO] [1775398192.514396262] [navNode]: 未到目标点
目标位置:(0.0, 0.0, 0.7)-[TakeOff]-[MCU:False]-[POS:False]
当前位置:(-0.002353519666939974, 0.002415729919448495, 0.0012734531192108989)
[INFO] [1775398192.614809469] [navNode]: 状态2：Takeoff_wait--[TakeOff]
[INFO] [1775398192.615142219] [navNode]: 未到目标点
目标位置:(0.0, 0.0, 0.7)-[TakeOff]-[MCU:False]-[POS:False]
当前位置:(-0.0025906916707754135, 0.002165298443287611, 0.0002702940837480128)
[INFO] [1775398192.714452900] [navNode]: 状态2：Takeoff_wait--[TakeOff]
[INFO] [1775398192.715124425] [navNode]: 未到目标点
目标位置:(0.0, 0.0, 0.7)-[TakeOff]-[MCU:False]-[POS:False]
当前位置:(-0.002208546968176961, 0.0020268030930310488, 0.0014560195850208402)
[INFO] [1775398192.815921977] [navNode]: 状态2：Takeoff_wait--[TakeOff]
[INFO] [1775398192.816328741] [navNode]: 未到目标点
目标位置:(0.0, 0.0, 0.7)-[TakeOff]-[MCU:False]-[POS:False]
当前位置:(-0.0023126117885112762, 0.0021769481245428324, 0.001456128666177392)
[INFO] [1775398192.914364677] [navNode]: 状态2：Takeoff_wait--[TakeOff]
[INFO] [1775398192.915436983] [navNode]: 未到目标点
目标位置:(0.0, 0.0, 0.7)-[TakeOff]-[MCU:False]-[POS:False]
当前位置:(-0.0025166315026581287, 0.0017520496621727943, -0.0007038042531348765)
[INFO] [1775398193.014657554] [navNode]: 状态2：Takeoff_wait--[TakeOff]
[INFO] [1775398193.015517989] [navNode]: 未到目标点
目标位置:(0.0, 0.0, 0.7)-[TakeOff]-[MCU:False]-[POS:False]
当前位置:(-0.0022097991313785315, 0.0014313219580799341, 0.0008907074225135148)
[INFO] [1775398193.114204750] [navNode]: 状态2：Takeoff_wait--[TakeOff]
[INFO] [1775398193.114613507] [navNode]: 未到目标点
目标位置:(0.0, 0.0, 0.7)-[TakeOff]-[MCU:False]-[POS:False]
当前位置:(-0.0033060209825634956, 0.0005972866201773286, -0.002279609441757202)
[INFO] [1775398193.213841440] [navNode]: 状态2：Takeoff_wait--[TakeOff]
[INFO] [1775398193.214207423] [navNode]: 未到目标点
目标位置:(0.0, 0.0, 0.7)-[TakeOff]-[MCU:False]-[POS:False]
当前位置:(-0.004003699403256178, 0.0021387820597738028, 0.0018591248663142323)
[INFO] [1775398193.314774161] [navNode]: 状态2：Takeoff_wait--[TakeOff]
[INFO] [1775398193.315148481] [navNode]: 未到目标点
目标位置:(0.0, 0.0, 0.7)-[TakeOff]-[MCU:False]-[POS:False]
当前位置:(-0.002492821542546153, -0.002230399753898382, 0.0014698745217174292)
[INFO] [1775398193.416149058] [navNode]: 状态2：Takeoff_wait--[TakeOff]
[INFO] [1775398193.416792832] [navNode]: 未到目标点
目标位置:(0.0, 0.0, 0.7)-[TakeOff]-[MCU:False]-[POS:False]
当前位置:(-0.0003594369045458734, 0.00026944110868498683, 0.00044509986764751375)
[INFO] [1775398193.514088402] [navNode]: 状态2：Takeoff_wait--[TakeOff]
[INFO] [1775398193.514894782] [navNode]: 未到目标点
目标位置:(0.0, 0.0, 0.7)-[TakeOff]-[MCU:False]-[POS:False]
当前位置:(-0.000704823702108115, 0.005070625804364681, 0.0019015499856323004)
[INFO] [1775398193.614295530] [navNode]: 状态2：Takeoff_wait--[TakeOff]
[INFO] [1775398193.614696167] [navNode]: 未到目标点
目标位置:(0.0, 0.0, 0.7)-[TakeOff]-[MCU:False]-[POS:False]
当前位置:(-0.00014520173135679215, 0.006971702910959721, -0.0012115174904465675)
[INFO] [1775398193.713780199] [navNode]: 状态2：Takeoff_wait--[TakeOff]
[INFO] [1775398193.714174844] [navNode]: 未到目标点
目标位置:(0.0, 0.0, 0.7)-[TakeOff]-[MCU:False]-[POS:False]
当前位置:(-0.0004902398795820773, 0.02665613777935505, 0.01026618666946888)
[INFO] [1775398193.814773663] [navNode]: 状态2：Takeoff_wait--[TakeOff]
[INFO] [1775398193.815150611] [navNode]: 未到目标点
目标位置:(0.0, 0.0, 0.7)-[TakeOff]-[MCU:False]-[POS:False]
当前位置:(-0.002187308855354786, 0.039645250886678696, 0.024089818820357323)
[INFO] [1775398193.915853862] [navNode]: 状态2：Takeoff_wait--[TakeOff]
[INFO] [1775398193.916229665] [navNode]: 未到目标点
目标位置:(0.0, 0.0, 0.7)-[TakeOff]-[MCU:False]-[POS:False]
当前位置:(-0.0016250198241323233, 0.05105546861886978, 0.036890409886837006)
[INFO] [1775398194.016191823] [navNode]: 状态2：Takeoff_wait--[TakeOff]
[INFO] [1775398194.016829925] [navNode]: 未到目标点
目标位置:(0.0, 0.0, 0.7)-[TakeOff]-[MCU:False]-[POS:False]
当前位置:(-0.0003133876307401806, 0.07406042516231537, 0.06385673582553864)
[INFO] [1775398194.114610358] [navNode]: 状态2：Takeoff_wait--[TakeOff]
[INFO] [1775398194.114987610] [navNode]: 未到目标点
目标位置:(0.0, 0.0, 0.7)-[TakeOff]-[MCU:False]-[POS:False]
当前位置:(-0.00044768810039386153, 0.09921172261238098, 0.08982689678668976)
[INFO] [1775398194.214194599] [navNode]: 状态2：Takeoff_wait--[TakeOff]
[INFO] [1775398194.215758642] [navNode]: 未到目标点
目标位置:(0.0, 0.0, 0.7)-[TakeOff]-[MCU:False]-[POS:False]
当前位置:(-0.00018721551168709993, 0.11213643103837967, 0.1096692755818367)
[INFO] [1775398194.314910962] [navNode]: 状态2：Takeoff_wait--[TakeOff]
[INFO] [1775398194.315322076] [navNode]: 未到目标点
目标位置:(0.0, 0.0, 0.7)-[TakeOff]-[MCU:False]-[POS:False]
当前位置:(0.005585867911577225, 0.14363053441047668, 0.1514931172132492)
[INFO] [1775398194.415010810] [navNode]: 状态2：Takeoff_wait--[TakeOff]
[INFO] [1775398194.415719566] [navNode]: 未到目标点
目标位置:(0.0, 0.0, 0.7)-[TakeOff]-[MCU:False]-[POS:False]
当前位置:(0.00986539013683796, 0.15470917522907257, 0.18140430748462677)
[INFO] [1775398194.514252349] [navNode]: 状态2：Takeoff_wait--[TakeOff]
[INFO] [1775398194.514609439] [navNode]: 未到目标点
目标位置:(0.0, 0.0, 0.7)-[TakeOff]-[MCU:False]-[POS:False]
当前位置:(0.015148811042308807, 0.15978126227855682, 0.21149514615535736)
[INFO] [1775398194.615288803] [navNode]: 状态2：Takeoff_wait--[TakeOff]
[INFO] [1775398194.615732617] [navNode]: 未到目标点
目标位置:(0.0, 0.0, 0.7)-[TakeOff]-[MCU:False]-[POS:False]
当前位置:(0.022672511637210846, 0.17916461825370789, 0.24398916959762573)
[INFO] [1775398194.714549206] [navNode]: 状态2：Takeoff_wait--[TakeOff]
[INFO] [1775398194.714911698] [navNode]: 未到目标点
目标位置:(0.0, 0.0, 0.7)-[TakeOff]-[MCU:False]-[POS:False]
当前位置:(0.028177456930279732, 0.17740607261657715, 0.26517942547798157)
[INFO] [1775398194.817137260] [navNode]: 状态2：Takeoff_wait--[TakeOff]
[INFO] [1775398194.817860418] [navNode]: 未到目标点
目标位置:(0.0, 0.0, 0.7)-[TakeOff]-[MCU:False]-[POS:False]
当前位置:(0.031912267208099365, 0.16298478841781616, 0.286237895488739)
[INFO] [1775398194.914747972] [navNode]: 状态2：Takeoff_wait--[TakeOff]
[INFO] [1775398194.915130075] [navNode]: 未到目标点
目标位置:(0.0, 0.0, 0.7)-[TakeOff]-[MCU:False]-[POS:False]
当前位置:(0.037847258150577545, 0.15131434798240662, 0.3024349510669708)
[INFO] [1775398195.014177215] [navNode]: 状态2：Takeoff_wait--[TakeOff]
[INFO] [1775398195.014551578] [navNode]: 未到目标点
目标位置:(0.0, 0.0, 0.7)-[TakeOff]-[MCU:False]-[POS:False]
当前位置:(0.04325004294514656, 0.14972740411758423, 0.3300949037075043)
[INFO] [1775398195.114291845] [navNode]: 状态2：Takeoff_wait--[TakeOff]
[INFO] [1775398195.114855341] [navNode]: 未到目标点
目标位置:(0.0, 0.0, 0.7)-[TakeOff]-[MCU:False]-[POS:False]
当前位置:(0.04705856740474701, 0.15326575934886932, 0.351798415184021)
[INFO] [1775398195.215359615] [navNode]: 状态2：Takeoff_wait--[TakeOff]
[INFO] [1775398195.216057822] [navNode]: 未到目标点
目标位置:(0.0, 0.0, 0.7)-[TakeOff]-[MCU:False]-[POS:False]
当前位置:(0.051175493746995926, 0.1482870727777481, 0.38087016344070435)
[INFO] [1775398195.313855151] [navNode]: 状态2：Takeoff_wait--[TakeOff]
[INFO] [1775398195.315370958] [navNode]: 未到目标点
目标位置:(0.0, 0.0, 0.7)-[TakeOff]-[MCU:False]-[POS:False]
当前位置:(0.05350273847579956, 0.14596383273601532, 0.41436606645584106)
[INFO] [1775398195.415961509] [navNode]: 状态2：Takeoff_wait--[TakeOff]
[INFO] [1775398195.416388932] [navNode]: 未到目标点
目标位置:(0.0, 0.0, 0.7)-[TakeOff]-[MCU:False]-[POS:False]
当前位置:(0.05537330359220505, 0.1366051584482193, 0.44721555709838867)
[INFO] [1775398195.514952616] [navNode]: 状态2：Takeoff_wait--[TakeOff]
[INFO] [1775398195.515391228] [navNode]: 未到目标点
目标位置:(0.0, 0.0, 0.7)-[TakeOff]-[MCU:False]-[POS:False]
当前位置:(0.05858800187706947, 0.13418108224868774, 0.4753607511520386)
[INFO] [1775398195.613892273] [navNode]: 状态2：Takeoff_wait--[TakeOff]
[INFO] [1775398195.614253374] [navNode]: 未到目标点
目标位置:(0.0, 0.0, 0.7)-[TakeOff]-[MCU:False]-[POS:False]
当前位置:(0.0605461560189724, 0.13872908055782318, 0.5026364922523499)
[INFO] [1775398195.714043585] [navNode]: 状态2：Takeoff_wait--[TakeOff]
[INFO] [1775398195.715970431] [navNode]: 未到目标点
目标位置:(0.0, 0.0, 0.7)-[TakeOff]-[MCU:False]-[POS:False]
当前位置:(0.06307435780763626, 0.13771970570087433, 0.521172046661377)
[INFO] [1775398195.814611161] [navNode]: 状态2：Takeoff_wait--[TakeOff]
[INFO] [1775398195.815085905] [navNode]: 未到目标点
目标位置:(0.0, 0.0, 0.7)-[TakeOff]-[MCU:False]-[POS:False]
当前位置:(0.06349820643663406, 0.13026747107505798, 0.5418755412101746)
[INFO] [1775398195.914288794] [navNode]: 状态2：Takeoff_wait--[TakeOff]
[INFO] [1775398195.914793550] [navNode]: 未到目标点
目标位置:(0.0, 0.0, 0.7)-[TakeOff]-[MCU:False]-[POS:False]
当前位置:(0.06554047018289566, 0.13220727443695068, 0.5565264821052551)
[INFO] [1775398196.014034198] [navNode]: 状态2：Takeoff_wait--[TakeOff]
[INFO] [1775398196.014986445] [navNode]: 未到目标点
目标位置:(0.0, 0.0, 0.7)-[TakeOff]-[MCU:False]-[POS:False]
当前位置:(0.06992118805646896, 0.1381506323814392, 0.5670733451843262)
[INFO] [1775398196.114327411] [navNode]: 状态2：Takeoff_wait--[TakeOff]
[INFO] [1775398196.115351192] [navNode]: 未到目标点
目标位置:(0.0, 0.0, 0.7)-[TakeOff]-[MCU:False]-[POS:False]
当前位置:(0.07158143073320389, 0.13172107934951782, 0.5725919604301453)
[INFO] [1775398196.214776169] [navNode]: 状态2：Takeoff_wait--[TakeOff]
[INFO] [1775398196.215213635] [navNode]: 未到目标点
目标位置:(0.0, 0.0, 0.7)-[TakeOff]-[MCU:False]-[POS:False]
当前位置:(0.07380026578903198, 0.12843932211399078, 0.5783237814903259)
[INFO] [1775398196.314144622] [navNode]: 状态2：Takeoff_wait--[TakeOff]
[INFO] [1775398196.314617822] [navNode]: 未到目标点
目标位置:(0.0, 0.0, 0.7)-[TakeOff]-[MCU:False]-[POS:False]
当前位置:(0.07679402828216553, 0.13351799547672272, 0.5780538320541382)
[INFO] [1775398196.414204281] [navNode]: 状态2：Takeoff_wait--[TakeOff]
[INFO] [1775398196.415382619] [navNode]: 未到目标点
目标位置:(0.0, 0.0, 0.7)-[TakeOff]-[MCU:False]-[POS:False]
当前位置:(0.07889152318239212, 0.13241706788539886, 0.5806685090065002)
[INFO] [1775398196.514230397] [navNode]: 状态2：Takeoff_wait--[TakeOff]
[INFO] [1775398196.514709216] [navNode]: 未到目标点
目标位置:(0.0, 0.0, 0.7)-[TakeOff]-[MCU:False]-[POS:False]
当前位置:(0.08273081481456757, 0.13316470384597778, 0.5841354727745056)
[INFO] [1775398196.614685850] [navNode]: 状态2：Takeoff_wait--[TakeOff]
[INFO] [1775398196.615155963] [navNode]: 未到目标点
目标位置:(0.0, 0.0, 0.7)-[TakeOff]-[MCU:False]-[POS:False]
当前位置:(0.08293496072292328, 0.1240362748503685, 0.5838452577590942)
[INFO] [1775398196.715527618] [navNode]: 状态2：Takeoff_wait--[TakeOff]
[INFO] [1775398196.716235191] [navNode]: 未到目标点
目标位置:(0.0, 0.0, 0.7)-[TakeOff]-[MCU:False]-[POS:False]
当前位置:(0.08605671674013138, 0.12831832468509674, 0.5831172466278076)
[INFO] [1775398196.814497322] [navNode]: 状态2：Takeoff_wait--[TakeOff]
[INFO] [1775398196.815021893] [navNode]: 未到目标点
目标位置:(0.0, 0.0, 0.7)-[TakeOff]-[MCU:False]-[POS:False]
当前位置:(0.0863882303237915, 0.1242811381816864, 0.5831247568130493)
[INFO] [1775398196.913754988] [navNode]: 状态2：Takeoff_wait--[TakeOff]
[INFO] [1775398196.914158897] [navNode]: 未到目标点
目标位置:(0.0, 0.0, 0.7)-[TakeOff]-[MCU:False]-[POS:False]
当前位置:(0.08735743910074234, 0.11895693093538284, 0.5836115479469299)
[INFO] [1775398197.015020517] [navNode]: 状态2：Takeoff_wait--[TakeOff]
[INFO] [1775398197.016004671] [navNode]: 未到目标点
目标位置:(0.0, 0.0, 0.7)-[TakeOff]-[MCU:False]-[POS:False]
当前位置:(0.08912251144647598, 0.12505222856998444, 0.5801423192024231)
[INFO] [1775398197.114829461] [navNode]: 状态2：Takeoff_wait--[TakeOff]
[INFO] [1775398197.115300761] [navNode]: 未到目标点
目标位置:(0.0, 0.0, 0.7)-[TakeOff]-[MCU:False]-[POS:False]
当前位置:(0.09004909545183182, 0.12285757064819336, 0.5854639410972595)
[INFO] [1775398197.214587294] [navNode]: 状态2：Takeoff_wait--[TakeOff]
[INFO] [1775398197.215029229] [navNode]: 未到目标点
目标位置:(0.0, 0.0, 0.7)-[TakeOff]-[MCU:False]-[POS:False]
当前位置:(0.08949671685695648, 0.1155313104391098, 0.5842008590698242)
[INFO] [1775398197.314169292] [navNode]: 状态2：Takeoff_wait--[TakeOff]
[INFO] [1775398197.314610900] [navNode]: 未到目标点
目标位置:(0.0, 0.0, 0.7)-[TakeOff]-[MCU:False]-[POS:False]
当前位置:(0.08884677290916443, 0.10069028288125992, 0.5860064029693604)
[INFO] [1775398197.414526449] [navNode]: 状态2：Takeoff_wait--[TakeOff]
[INFO] [1775398197.417272727] [navNode]: 未到目标点
目标位置:(0.0, 0.0, 0.7)-[TakeOff]-[MCU:False]-[POS:False]
当前位置:(0.08947739005088806, 0.10160716623067856, 0.5842199325561523)
[INFO] [1775398197.513903864] [navNode]: 状态2：Takeoff_wait--[TakeOff]
[INFO] [1775398197.515023013] [navNode]: 未到目标点
目标位置:(0.0, 0.0, 0.7)-[TakeOff]-[MCU:False]-[POS:False]
当前位置:(0.09159572422504425, 0.10741081088781357, 0.5886608958244324)
[INFO] [1775398197.615674932] [navNode]: 状态2：Takeoff_wait--[TakeOff]
[INFO] [1775398197.616050122] [navNode]: 未到目标点
目标位置:(0.0, 0.0, 0.7)-[TakeOff]-[MCU:False]-[POS:False]
当前位置:(0.09043669700622559, 0.10356570780277252, 0.5931793451309204)
[INFO] [1775398197.714921947] [navNode]: 状态2：Takeoff_wait--[TakeOff]
[INFO] [1775398197.716201984] [navNode]: 未到目标点
目标位置:(0.0, 0.0, 0.7)-[TakeOff]-[MCU:False]-[POS:False]
当前位置:(0.0901506170630455, 0.10686582326889038, 0.5927619338035583)
[INFO] [1775398197.814740126] [navNode]: 状态2：Takeoff_wait--[TakeOff]
[INFO] [1775398197.816701750] [navNode]: 未到目标点
目标位置:(0.0, 0.0, 0.7)-[TakeOff]-[MCU:False]-[POS:False]
当前位置:(0.09015178680419922, 0.10300493240356445, 0.5979319214820862)
[INFO] [1775398197.913810029] [navNode]: 状态2：Takeoff_wait--[TakeOff]
[INFO] [1775398197.915491482] [navNode]: 未到目标点
目标位置:(0.0, 0.0, 0.7)-[TakeOff]-[MCU:False]-[POS:False]
当前位置:(0.08912542462348938, 0.10126250237226486, 0.6038379073143005)
[INFO] [1775398198.014489239] [navNode]: 状态2：Takeoff_wait--[TakeOff]
[INFO] [1775398198.016558294] [navNode]: 未到目标点
目标位置:(0.0, 0.0, 0.7)-[TakeOff]-[MCU:False]-[POS:False]
当前位置:(0.08662029355764389, 0.09898518025875092, 0.6076438426971436)
[INFO] [1775398198.114496492] [navNode]: 状态2：Takeoff_wait--[TakeOff]
[INFO] [1775398198.115278149] [navNode]: 未到目标点
目标位置:(0.0, 0.0, 0.7)-[TakeOff]-[MCU:False]-[POS:False]
当前位置:(0.08587201684713364, 0.09537405520677567, 0.6091121435165405)
[INFO] [1775398198.215054028] [navNode]: 状态2：Takeoff_wait--[TakeOff]
[INFO] [1775398198.215558924] [navNode]: 未到目标点
目标位置:(0.0, 0.0, 0.7)-[TakeOff]-[MCU:False]-[POS:False]
当前位置:(0.0854138731956482, 0.09516549110412598, 0.6149842739105225)
[INFO] [1775398198.314470044] [navNode]: 状态2：Takeoff_wait--[TakeOff]
[INFO] [1775398198.315842490] [navNode]: 未到目标点
目标位置:(0.0, 0.0, 0.7)-[TakeOff]-[MCU:False]-[POS:False]
当前位置:(0.0833737850189209, 0.08999752253293991, 0.6197222471237183)
[INFO] [1775398198.414283531] [navNode]: 状态2：Takeoff_wait--[TakeOff]
[INFO] [1775398198.416112689] [navNode]: 未到目标点
目标位置:(0.0, 0.0, 0.7)-[TakeOff]-[MCU:False]-[POS:False]
当前位置:(0.08301359415054321, 0.08827140182256699, 0.6229493021965027)
[INFO] [1775398198.514049977] [navNode]: 状态2：Takeoff_wait--[TakeOff]
[INFO] [1775398198.514424576] [navNode]: 未到目标点
目标位置:(0.0, 0.0, 0.7)-[TakeOff]-[MCU:False]-[POS:False]
当前位置:(0.0797993540763855, 0.09130427986383438, 0.6244685649871826)
[INFO] [1775398198.614138503] [navNode]: 状态2：Takeoff_wait--[TakeOff]
[INFO] [1775398198.614632631] [navNode]: 未到目标点
目标位置:(0.0, 0.0, 0.7)-[TakeOff]-[MCU:False]-[POS:False]
当前位置:(0.07819541543722153, 0.09024808555841446, 0.6273562908172607)
[INFO] [1775398198.715730147] [navNode]: 状态2：Takeoff_wait--[TakeOff]
[INFO] [1775398198.716157141] [navNode]: 未到目标点
目标位置:(0.0, 0.0, 0.7)-[TakeOff]-[MCU:False]-[POS:False]
当前位置:(0.0772605836391449, 0.09056887775659561, 0.6337199807167053)
[INFO] [1775398198.814052414] [navNode]: 状态2：Takeoff_wait--[TakeOff]
[INFO] [1775398198.814471289] [navNode]: 未到目标点
目标位置:(0.0, 0.0, 0.7)-[TakeOff]-[MCU:False]-[POS:False]
当前位置:(0.07731970399618149, 0.09837166965007782, 0.6372126340866089)
[INFO] [1775398198.914213615] [navNode]: 状态2：Takeoff_wait--[TakeOff]
[INFO] [1775398198.914631662] [navNode]: 未到目标点
目标位置:(0.0, 0.0, 0.7)-[TakeOff]-[MCU:False]-[POS:False]
当前位置:(0.07611612230539322, 0.09097903966903687, 0.6335118412971497)
[INFO] [1775398199.015749575] [navNode]: 状态2：Takeoff_wait--[TakeOff]
[INFO] [1775398199.016137326] [navNode]: 未到目标点
目标位置:(0.0, 0.0, 0.7)-[TakeOff]-[MCU:False]-[POS:False]
当前位置:(0.07415879517793655, 0.08756331354379654, 0.6422960162162781)
[INFO] [1775398199.114036138] [navNode]: 状态2：Takeoff_wait--[TakeOff]
[INFO] [1775398199.114536225] [navNode]: 未到目标点
目标位置:(0.0, 0.0, 0.7)-[TakeOff]-[MCU:False]-[POS:False]
当前位置:(0.07159897685050964, 0.08396800607442856, 0.6470966339111328)
[INFO] [1775398199.214273782] [navNode]: 状态2：Takeoff_wait--[TakeOff]
[INFO] [1775398199.214653068] [navNode]: 未到目标点
目标位置:(0.0, 0.0, 0.7)-[TakeOff]-[MCU:False]-[POS:False]
当前位置:(0.06902582198381424, 0.08517365902662277, 0.6464359164237976)
[INFO] [1775398199.316109534] [navNode]: 状态2：Takeoff_wait--[TakeOff]
[INFO] [1775398199.316633014] [navNode]: 未到目标点
目标位置:(0.0, 0.0, 0.7)-[TakeOff]-[MCU:False]-[POS:False]
当前位置:(0.06780190020799637, 0.08457519114017487, 0.6533663272857666)
[INFO] [1775398199.413994452] [navNode]: 状态2：Takeoff_wait--[TakeOff]
[INFO] [1775398199.414444119] [navNode]: 未到目标点
目标位置:(0.0, 0.0, 0.7)-[TakeOff]-[MCU:False]-[POS:False]
当前位置:(0.06586512923240662, 0.07937788963317871, 0.6548898816108704)
[INFO] [1775398199.514286924] [navNode]: 状态2：Takeoff_wait--[TakeOff]
[INFO] [1775398199.515346408] [navNode]: 未到目标点
目标位置:(0.0, 0.0, 0.7)-[TakeOff]-[MCU:False]-[POS:False]
当前位置:(0.06477773189544678, 0.07973120361566544, 0.6568812727928162)
[INFO] [1775398199.614502989] [navNode]: 状态2：Takeoff_wait--[TakeOff]
[INFO] [1775398199.615278635] [navNode]: 未到目标点
目标位置:(0.0, 0.0, 0.7)-[TakeOff]-[MCU:False]-[POS:False]
当前位置:(0.061573244631290436, 0.07184531539678574, 0.6585169434547424)
[INFO] [1775398199.715280340] [navNode]: 状态2：Takeoff_wait--[TakeOff]
[INFO] [1775398199.715753427] [navNode]: 未到目标点
目标位置:(0.0, 0.0, 0.7)-[TakeOff]-[MCU:False]-[POS:False]
当前位置:(0.05929138883948326, 0.07244013994932175, 0.6602299213409424)
[INFO] [1775398199.756218123] [navNode]: MCU2 send back: Gdone*
[INFO] [1775398199.756615909] [navNode]: mcu:已到目标点-[TakeOff]
[INFO] [1775398199.814250495] [navNode]: 状态2：Takeoff_wait--[TakeOff]
[INFO] [1775398199.814775984] [navNode]: 已到目标点
目标位置:TakeOff:(0.0, 0.0, 0.7)-[TakeOff]-[MCU:True]-[POS:False]
当前位置:(0.057398151606321335, 0.07140402495861053, 0.6623592972755432)

[INFO] [1775398199.915747425] [navNode]: 状态3：SetAim--[TakeOff]
[INFO] [1775398199.927932670] [navNode]: G+00000+00000+07000 发送成功 → 飞行站已调用：G+00000+00000+07000服务
[INFO] [1775398199.955524775] [navNode]: MCU2 send back: +00000+00000+07000
[INFO] [1775398200.017069605] [navNode]: 状态4：WaitAim--[TakeOff]
[INFO] [1775398200.017587748] [navNode]: 未到目标点
目标位置:(0.0, 0.0, 0.7)-[TakeOff]-[MCU:False]-[POS:False]
当前位置:(0.055047087371349335, 0.06771130859851837, 0.6615610718727112)
[INFO] [1775398200.039090617] [navNode]: MCU2 send back: Gdoing*
[INFO] [1775398200.114749530] [navNode]: 状态4：WaitAim--[TakeOff]
[INFO] [1775398200.115295696] [navNode]: 未到目标点
目标位置:(0.0, 0.0, 0.7)-[TakeOff]-[MCU:False]-[POS:False]
当前位置:(0.05272330343723297, 0.06531324237585068, 0.6622286438941956)
[INFO] [1775398200.156763648] [navNode]: MCU2 send back: Gdoing*
[INFO] [1775398200.214831917] [navNode]: 状态4：WaitAim--[TakeOff]
[INFO] [1775398200.215338395] [navNode]: 未到目标点
目标位置:(0.0, 0.0, 0.7)-[TakeOff]-[MCU:False]-[POS:False]
当前位置:(0.051306962966918945, 0.06779874861240387, 0.6632003784179688)
[INFO] [1775398200.277253408] [navNode]: MCU2 send back: Gdoing*
[INFO] [1775398200.314077293] [navNode]: 状态4：WaitAim--[TakeOff]
[INFO] [1775398200.314584259] [navNode]: 未到目标点
目标位置:(0.0, 0.0, 0.7)-[TakeOff]-[MCU:False]-[POS:False]
当前位置:(0.0504806824028492, 0.06653426587581635, 0.6650829911231995)
[INFO] [1775398200.398065282] [navNode]: MCU2 send back: Gdoing*
[INFO] [1775398200.414537482] [navNode]: 状态4：WaitAim--[TakeOff]
[INFO] [1775398200.415002636] [navNode]: 未到目标点
目标位置:(0.0, 0.0, 0.7)-[TakeOff]-[MCU:False]-[POS:False]
当前位置:(0.04833723604679108, 0.06184465438127518, 0.6634066104888916)
[INFO] [1775398200.514386375] [navNode]: 状态4：WaitAim--[TakeOff]
[INFO] [1775398200.514858981] [navNode]: 未到目标点
目标位置:(0.0, 0.0, 0.7)-[TakeOff]-[MCU:False]-[POS:False]
当前位置:(0.04684954881668091, 0.059480585157871246, 0.6650527119636536)
[INFO] [1775398200.517115100] [navNode]: MCU2 send back: Gdoing*
[INFO] [1775398200.614637412] [navNode]: 状态4：WaitAim--[TakeOff]
[INFO] [1775398200.615111699] [navNode]: 未到目标点
目标位置:(0.0, 0.0, 0.7)-[TakeOff]-[MCU:False]-[POS:False]
当前位置:(0.04692621901631355, 0.05679290369153023, 0.6654137969017029)
[INFO] [1775398200.637347637] [navNode]: MCU2 send back: Gdoing*
[INFO] [1775398200.714562032] [navNode]: 状态4：WaitAim--[TakeOff]
[INFO] [1775398200.715137236] [navNode]: 未到目标点
目标位置:(0.0, 0.0, 0.7)-[TakeOff]-[MCU:False]-[POS:False]
当前位置:(0.046785131096839905, 0.05618172138929367, 0.6655385494232178)
[INFO] [1775398200.756750594] [navNode]: MCU2 send back: Gdoing*
[INFO] [1775398200.814984973] [navNode]: 状态4：WaitAim--[TakeOff]
[INFO] [1775398200.815565784] [navNode]: 未到目标点
目标位置:(0.0, 0.0, 0.7)-[TakeOff]-[MCU:False]-[POS:False]
当前位置:(0.04513660445809364, 0.055734556168317795, 0.6667754650115967)
[INFO] [1775398200.880010573] [navNode]: MCU2 send back: Gdoing*
[INFO] [1775398200.914080291] [navNode]: 状态4：WaitAim--[TakeOff]
[INFO] [1775398200.914650598] [navNode]: 未到目标点
目标位置:(0.0, 0.0, 0.7)-[TakeOff]-[MCU:False]-[POS:False]
当前位置:(0.04365949705243111, 0.05497024580836296, 0.6685099005699158)
[INFO] [1775398200.998240524] [navNode]: MCU2 send back: Gdoing*
[INFO] [1775398201.014189920] [navNode]: 状态4：WaitAim--[TakeOff]
[INFO] [1775398201.014754794] [navNode]: 未到目标点
目标位置:(0.0, 0.0, 0.7)-[TakeOff]-[MCU:False]-[POS:False]
当前位置:(0.042566992342472076, 0.054619815200567245, 0.6703515648841858)
[INFO] [1775398201.114843539] [navNode]: 状态4：WaitAim--[TakeOff]
[INFO] [1775398201.115256089] [navNode]: 未到目标点
目标位置:(0.0, 0.0, 0.7)-[TakeOff]-[MCU:False]-[POS:False]
当前位置:(0.04222380369901657, 0.051143743097782135, 0.6686784625053406)
[INFO] [1775398201.118020974] [navNode]: MCU2 send back: Gdoing*
[INFO] [1775398201.213768036] [navNode]: 状态4：WaitAim--[TakeOff]
[INFO] [1775398201.214175854] [navNode]: 未到目标点
目标位置:(0.0, 0.0, 0.7)-[TakeOff]-[MCU:False]-[POS:False]
当前位置:(0.04040921851992607, 0.050335995852947235, 0.6690531373023987)
[INFO] [1775398201.238318660] [navNode]: MCU2 send back: Gdoing*
[INFO] [1775398201.315745913] [navNode]: 状态4：WaitAim--[TakeOff]
[INFO] [1775398201.316388874] [navNode]: 未到目标点
目标位置:(0.0, 0.0, 0.7)-[TakeOff]-[MCU:False]-[POS:False]
当前位置:(0.03885074704885483, 0.05062735453248024, 0.6697336435317993)
[INFO] [1775398201.358427888] [navNode]: MCU2 send back: Gdone*
[INFO] [1775398201.358868147] [navNode]: mcu:已到目标点-[TakeOff]
[INFO] [1775398201.416072226] [navNode]: 状态4：WaitAim--[TakeOff]
[INFO] [1775398201.416569953] [navNode]: 已到目标点
目标位置:TakeOff:(0.0, 0.0, 0.7)-[TakeOff]-[MCU:True]-[POS:True]
当前位置:(0.03681328892707825, 0.04872431978583336, 0.6707394123077393)

[INFO] [1775398201.514466343] [navNode]: 状态5：ArriveAim--[TakeOff]
[INFO] [1775398201.615538331] [navNode]: 状态3：SetAim--[TakeOff]
[INFO] [1775398201.628723212] [navNode]: G-02500+07500+08000 发送成功 → 飞行站已调用：G-02500+07500+08000服务
[INFO] [1775398201.655613445] [navNode]: MCU2 send back: -02500+07500+08000
[INFO] [1775398201.714282780] [navNode]: 状态4：WaitAim--[A6]
[INFO] [1775398201.714740083] [navNode]: 未到目标点
目标位置:(-0.25, 0.75, 0.8)-[A6]-[MCU:False]-[POS:False]
当前位置:(0.03324338048696518, 0.04499882832169533, 0.6734039783477783)
[INFO] [1775398201.738726096] [navNode]: MCU2 send back: Gdoing*
[INFO] [1775398201.814808961] [navNode]: 状态4：WaitAim--[A6]
[INFO] [1775398201.815319607] [navNode]: 未到目标点
目标位置:(-0.25, 0.75, 0.8)-[A6]-[MCU:False]-[POS:False]
当前位置:(0.030823705717921257, 0.043618474155664444, 0.6703570485115051)
[INFO] [1775398201.859627743] [navNode]: MCU2 send back: Gdoing*
[INFO] [1775398201.914383287] [navNode]: 状态4：WaitAim--[A6]
[INFO] [1775398201.914926036] [navNode]: 未到目标点
目标位置:(-0.25, 0.75, 0.8)-[A6]-[MCU:False]-[POS:False]
当前位置:(0.02709539607167244, 0.047267209738492966, 0.6744484305381775)
[INFO] [1775398201.980162071] [navNode]: MCU2 send back: Gdoing*
[INFO] [1775398202.013937807] [navNode]: 状态4：WaitAim--[A6]
[INFO] [1775398202.014387768] [navNode]: 未到目标点
目标位置:(-0.25, 0.75, 0.8)-[A6]-[MCU:False]-[POS:False]
当前位置:(0.023401793092489243, 0.050899580121040344, 0.6824777722358704)
[INFO] [1775398202.101193101] [navNode]: MCU2 send back: Gdoing*
[INFO] [1775398202.114478376] [navNode]: 状态4：WaitAim--[A6]
[INFO] [1775398202.115023414] [navNode]: 未到目标点
目标位置:(-0.25, 0.75, 0.8)-[A6]-[MCU:False]-[POS:False]
当前位置:(0.018870778381824493, 0.05281655117869377, 0.6892077326774597)
[INFO] [1775398202.214151936] [navNode]: 状态4：WaitAim--[A6]
[INFO] [1775398202.214656383] [navNode]: 未到目标点
目标位置:(-0.25, 0.75, 0.8)-[A6]-[MCU:False]-[POS:False]
当前位置:(0.0100331399589777, 0.06189236044883728, 0.697353720664978)
[INFO] [1775398202.221039411] [navNode]: MCU2 send back: Gdoing*
[INFO] [1775398202.313912687] [navNode]: 状态4：WaitAim--[A6]
[INFO] [1775398202.314403970] [navNode]: 未到目标点
目标位置:(-0.25, 0.75, 0.8)-[A6]-[MCU:False]-[POS:False]
当前位置:(-0.0009508936200290918, 0.07638287544250488, 0.7043052315711975)
[INFO] [1775398202.339606355] [navNode]: MCU2 send back: Gdoing*
[INFO] [1775398202.414611088] [navNode]: 状态4：WaitAim--[A6]
[INFO] [1775398202.415205230] [navNode]: 未到目标点
目标位置:(-0.25, 0.75, 0.8)-[A6]-[MCU:False]-[POS:False]
当前位置:(-0.01195081789046526, 0.08766253292560577, 0.7110803127288818)
[INFO] [1775398202.460002119] [navNode]: MCU2 send back: Gdoing*
[INFO] [1775398202.513669062] [navNode]: 状态4：WaitAim--[A6]
[INFO] [1775398202.514184148] [navNode]: 未到目标点
目标位置:(-0.25, 0.75, 0.8)-[A6]-[MCU:False]-[POS:False]
当前位置:(-0.029342977330088615, 0.11369232088327408, 0.7218629121780396)
[INFO] [1775398202.581450140] [navNode]: MCU2 send back: Gdoing*
[INFO] [1775398202.613761692] [navNode]: 状态4：WaitAim--[A6]
[INFO] [1775398202.614292397] [navNode]: 未到目标点
目标位置:(-0.25, 0.75, 0.8)-[A6]-[MCU:False]-[POS:False]
当前位置:(-0.04649748653173447, 0.13034385442733765, 0.7284077405929565)
[INFO] [1775398202.701942078] [navNode]: MCU2 send back: Gdoing*
[INFO] [1775398202.714984295] [navNode]: 状态4：WaitAim--[A6]
[INFO] [1775398202.715679531] [navNode]: 未到目标点
目标位置:(-0.25, 0.75, 0.8)-[A6]-[MCU:False]-[POS:False]
当前位置:(-0.06337215006351471, 0.15142221748828888, 0.7345358729362488)
[INFO] [1775398202.814322517] [navNode]: 状态4：WaitAim--[A6]
[INFO] [1775398202.814908781] [navNode]: 未到目标点
目标位置:(-0.25, 0.75, 0.8)-[A6]-[MCU:False]-[POS:False]
当前位置:(-0.08038406819105148, 0.17589765787124634, 0.7408542037010193)
[INFO] [1775398202.821181784] [navNode]: MCU2 send back: Gdoing*
[INFO] [1775398202.914406764] [navNode]: 状态4：WaitAim--[A6]
[INFO] [1775398202.916057924] [navNode]: 未到目标点
目标位置:(-0.25, 0.75, 0.8)-[A6]-[MCU:False]-[POS:False]
当前位置:(-0.09533875435590744, 0.19645565748214722, 0.7447678446769714)
[INFO] [1775398202.940017358] [navNode]: MCU2 send back: Gdoing*
[INFO] [1775398203.013987239] [navNode]: 状态4：WaitAim--[A6]
[INFO] [1775398203.014446558] [navNode]: 未到目标点
目标位置:(-0.25, 0.75, 0.8)-[A6]-[MCU:False]-[POS:False]
当前位置:(-0.11087306588888168, 0.22267821431159973, 0.7482680678367615)
[INFO] [1775398203.060500637] [navNode]: MCU2 send back: Gdoing*
[INFO] [1775398203.114267324] [navNode]: 状态4：WaitAim--[A6]
[INFO] [1775398203.114805933] [navNode]: 未到目标点
目标位置:(-0.25, 0.75, 0.8)-[A6]-[MCU:False]-[POS:False]
当前位置:(-0.12750554084777832, 0.2449314296245575, 0.7535619139671326)
[INFO] [1775398203.183733934] [navNode]: MCU2 send back: Gdoing*
[INFO] [1775398203.215393114] [navNode]: 状态4：WaitAim--[A6]
[INFO] [1775398203.215899816] [navNode]: 未到目标点
目标位置:(-0.25, 0.75, 0.8)-[A6]-[MCU:False]-[POS:False]
当前位置:(-0.14143352210521698, 0.2654847502708435, 0.7585387825965881)
[INFO] [1775398203.302134010] [navNode]: MCU2 send back: Gdoing*
[INFO] [1775398203.314105520] [navNode]: 状态4：WaitAim--[A6]
[INFO] [1775398203.314603169] [navNode]: 未到目标点
目标位置:(-0.25, 0.75, 0.8)-[A6]-[MCU:False]-[POS:False]
当前位置:(-0.1555006057024002, 0.2840801775455475, 0.7611050009727478)
[INFO] [1775398203.414253704] [navNode]: 状态4：WaitAim--[A6]
[INFO] [1775398203.414698227] [navNode]: 未到目标点
目标位置:(-0.25, 0.75, 0.8)-[A6]-[MCU:False]-[POS:False]
当前位置:(-0.167131245136261, 0.3093377649784088, 0.7649538516998291)
[INFO] [1775398203.422086926] [navNode]: MCU2 send back: Gdoing*
[INFO] [1775398203.514325701] [navNode]: 状态4：WaitAim--[A6]
[INFO] [1775398203.514941630] [navNode]: 未到目标点
目标位置:(-0.25, 0.75, 0.8)-[A6]-[MCU:False]-[POS:False]
当前位置:(-0.1781543344259262, 0.33365631103515625, 0.7682832479476929)
[INFO] [1775398203.542651763] [navNode]: MCU2 send back: Gdoing*
[INFO] [1775398203.614319370] [navNode]: 状态4：WaitAim--[A6]
[INFO] [1775398203.615606195] [navNode]: 未到目标点
目标位置:(-0.25, 0.75, 0.8)-[A6]-[MCU:False]-[POS:False]
当前位置:(-0.18546874821186066, 0.3557588458061218, 0.764010488986969)
[INFO] [1775398203.661847645] [navNode]: MCU2 send back: Gdoing*
[INFO] [1775398203.714407117] [navNode]: 状态4：WaitAim--[A6]
[INFO] [1775398203.714883214] [navNode]: 未到目标点
目标位置:(-0.25, 0.75, 0.8)-[A6]-[MCU:False]-[POS:False]
当前位置:(-0.19698436558246613, 0.385990172624588, 0.7664719223976135)
[INFO] [1775398203.782164395] [navNode]: MCU2 send back: Gdoing*
[INFO] [1775398203.814782717] [navNode]: 状态4：WaitAim--[A6]
[INFO] [1775398203.815350810] [navNode]: 未到目标点
目标位置:(-0.25, 0.75, 0.8)-[A6]-[MCU:False]-[POS:False]
当前位置:(-0.20460696518421173, 0.41287899017333984, 0.768045961856842)
[INFO] [1775398203.902040634] [navNode]: MCU2 send back: Gdoing*
[INFO] [1775398203.914329148] [navNode]: 状态4：WaitAim--[A6]
[INFO] [1775398203.914833301] [navNode]: 未到目标点
目标位置:(-0.25, 0.75, 0.8)-[A6]-[MCU:False]-[POS:False]
当前位置:(-0.21096888184547424, 0.44127771258354187, 0.7694487571716309)
[INFO] [1775398204.014144026] [navNode]: 状态4：WaitAim--[A6]
[INFO] [1775398204.014614914] [navNode]: 未到目标点
目标位置:(-0.25, 0.75, 0.8)-[A6]-[MCU:False]-[POS:False]
当前位置:(-0.21622885763645172, 0.454224556684494, 0.7681682705879211)
[INFO] [1775398204.023466996] [navNode]: MCU2 send back: Gdoing*
[INFO] [1775398204.114383306] [navNode]: 状态4：WaitAim--[A6]
[INFO] [1775398204.114878382] [navNode]: 未到目标点
目标位置:(-0.25, 0.75, 0.8)-[A6]-[MCU:False]-[POS:False]
当前位置:(-0.2215505689382553, 0.4952636659145355, 0.7690024375915527)
[INFO] [1775398204.143021284] [navNode]: MCU2 send back: Gdoing*
[INFO] [1775398204.214321731] [navNode]: 状态4：WaitAim--[A6]
[INFO] [1775398204.214878702] [navNode]: 未到目标点
目标位置:(-0.25, 0.75, 0.8)-[A6]-[MCU:False]-[POS:False]
当前位置:(-0.22644516825675964, 0.516932487487793, 0.7695602178573608)
[INFO] [1775398204.263249159] [navNode]: MCU2 send back: Gdoing*
[INFO] [1775398204.315171151] [navNode]: 状态4：WaitAim--[A6]
[INFO] [1775398204.315767449] [navNode]: 未到目标点
目标位置:(-0.25, 0.75, 0.8)-[A6]-[MCU:False]-[POS:False]
当前位置:(-0.2287389039993286, 0.5428594946861267, 0.7698439955711365)
[INFO] [1775398204.383994819] [navNode]: MCU2 send back: Gdoing*
[INFO] [1775398204.413963734] [navNode]: 状态4：WaitAim--[A6]
[INFO] [1775398204.414417987] [navNode]: 未到目标点
目标位置:(-0.25, 0.75, 0.8)-[A6]-[MCU:False]-[POS:False]
当前位置:(-0.23332291841506958, 0.5710518956184387, 0.7691696882247925)
[INFO] [1775398204.503396112] [navNode]: MCU2 send back: Gdoing*
[INFO] [1775398204.514432751] [navNode]: 状态4：WaitAim--[A6]
[INFO] [1775398204.514919132] [navNode]: 未到目标点
目标位置:(-0.25, 0.75, 0.8)-[A6]-[MCU:False]-[POS:False]
当前位置:(-0.23753194510936737, 0.5979298949241638, 0.7698750495910645)
[INFO] [1775398204.614290548] [navNode]: 状态4：WaitAim--[A6]
[INFO] [1775398204.614831956] [navNode]: 未到目标点
目标位置:(-0.25, 0.75, 0.8)-[A6]-[MCU:False]-[POS:False]
当前位置:(-0.2404129058122635, 0.6239921450614929, 0.7705379724502563)
[INFO] [1775398204.625065128] [navNode]: MCU2 send back: Gdoing*
[INFO] [1775398204.714402425] [navNode]: 状态4：WaitAim--[A6]
[INFO] [1775398204.714905620] [navNode]: 未到目标点
目标位置:(-0.25, 0.75, 0.8)-[A6]-[MCU:False]-[POS:False]
当前位置:(-0.2423839569091797, 0.6537797451019287, 0.770740807056427)
[INFO] [1775398204.745016176] [navNode]: MCU2 send back: Gdoing*
[INFO] [1775398204.814521390] [navNode]: 状态4：WaitAim--[A6]
[INFO] [1775398204.815066738] [navNode]: 未到目标点
目标位置:(-0.25, 0.75, 0.8)-[A6]-[MCU:False]-[POS:False]
当前位置:(-0.24307453632354736, 0.6820065379142761, 0.7678213715553284)
[INFO] [1775398204.865775490] [navNode]: MCU2 send back: Gdone*
[INFO] [1775398204.866450799] [navNode]: mcu:已到目标点-[A6]
[INFO] [1775398204.868415293] [navNode]: MCU2 send back: Gdone*
[INFO] [1775398204.869058936] [navNode]: mcu:已到目标点-[A6]
[INFO] [1775398204.915448971] [navNode]: 状态4：WaitAim--[A6]
[INFO] [1775398204.916269177] [navNode]: 已到目标点
目标位置:A6:(-0.25, 0.75, 0.8)-[A6]-[MCU:True]-[POS:True]
当前位置:(-0.24410560727119446, 0.7084320783615112, 0.7655074596405029)

[INFO] [1775398205.014142820] [navNode]: 状态5：ArriveAim--[A6]
[INFO] [1775398205.113866073] [navNode]: 状态6：Delay--[A6]
[INFO] [1775398205.214443235] [navNode]: 状态6：Delay--[A6]
[INFO] [1775398205.313902744] [navNode]: 状态6：Delay--[A6]
[INFO] [1775398205.414349466] [navNode]: 状态6：Delay--[A6]
[INFO] [1775398205.514025341] [navNode]: 状态6：Delay--[A6]
[INFO] [1775398205.614357157] [navNode]: 状态6：Delay--[A6]
[INFO] [1775398205.715196741] [navNode]: 状态6：Delay--[A6]
[INFO] [1775398205.814454903] [navNode]: 状态6：Delay--[A6]
[INFO] [1775398205.885688365] [navNode]: MCU2 send back: Gdone*
[INFO] [1775398205.886094115] [navNode]: mcu:已到目标点-[A6]
[INFO] [1775398205.913870162] [navNode]: 状态6：Delay--[A6]
[INFO] [1775398206.014367597] [navNode]: 状态6：Delay--[A6]
[INFO] [1775398206.114420939] [navNode]: 状态6：Delay--[A6]
[INFO] [1775398206.213790344] [navNode]: 状态6：Delay--[A6]
[INFO] [1775398206.314886212] [navNode]: 状态6：Delay--[A6]
[INFO] [1775398206.414954774] [navNode]: 状态6：Delay--[A6]
[INFO] [1775398206.514190281] [navNode]: 状态6：Delay--[A6]
[INFO] [1775398206.613873330] [navNode]: 状态6：Delay--[A6]
[INFO] [1775398206.713888792] [navNode]: 状态6：Delay--[A6]
[INFO] [1775398206.814010980] [navNode]: 状态6：Delay--[A6]
[INFO] [1775398206.905719537] [navNode]: MCU2 send back: Gdone*
[INFO] [1775398206.906334224] [navNode]: mcu:已到目标点-[A6]
[INFO] [1775398206.914060539] [navNode]: 状态6：Delay--[A6]
[INFO] [1775398207.014481063] [navNode]: 状态6：Delay--[A6]
[INFO] [1775398207.113649097] [navNode]: 状态6：Delay--[A6]
[INFO] [1775398207.115154691] [navNode]: 延时结束,QR识别结果:前，后
[INFO] [1775398207.214063874] [navNode]: 状态6：Delay--[A6]
[INFO] [1775398207.313561928] [navNode]: 状态3：SetAim--[A6]
[INFO] [1775398207.338753551] [navNode]: G-02500+07500+12000 发送成功 → 飞行站已调用：G-02500+07500+12000服务
[INFO] [1775398207.365148870] [navNode]: MCU2 send back: -02500+07500+12000
[INFO] [1775398207.413976413] [navNode]: 状态4：WaitAim--[A3]
[INFO] [1775398207.414504088] [navNode]: 未到目标点
目标位置:(-0.25, 0.75, 1.2)-[A3]-[MCU:False]-[POS:False]
当前位置:(-0.24217301607131958, 0.8354294300079346, 0.7599892616271973)
[INFO] [1775398207.446914753] [navNode]: MCU2 send back: Gdoing*
[INFO] [1775398207.514474206] [navNode]: 状态4：WaitAim--[A3]
[INFO] [1775398207.514993568] [navNode]: 未到目标点
目标位置:(-0.25, 0.75, 1.2)-[A3]-[MCU:False]-[POS:False]
当前位置:(-0.24206285178661346, 0.8373268246650696, 0.7609761357307434)
[INFO] [1775398207.567684373] [navNode]: MCU2 send back: Gdoing*
[INFO] [1775398207.614595481] [navNode]: 状态4：WaitAim--[A3]
[INFO] [1775398207.615112750] [navNode]: 未到目标点
目标位置:(-0.25, 0.75, 1.2)-[A3]-[MCU:False]-[POS:False]
当前位置:(-0.2440212517976761, 0.8346777558326721, 0.7638709545135498)
[INFO] [1775398207.688463396] [navNode]: MCU2 send back: Gdoing*
[INFO] [1775398207.713883298] [navNode]: 状态4：WaitAim--[A3]
[INFO] [1775398207.714328618] [navNode]: 未到目标点
目标位置:(-0.25, 0.75, 1.2)-[A3]-[MCU:False]-[POS:False]
当前位置:(-0.24484418332576752, 0.8252847194671631, 0.7758527398109436)
[INFO] [1775398207.808773542] [navNode]: MCU2 send back: Gdoing*
[INFO] [1775398207.814311947] [navNode]: 状态4：WaitAim--[A3]
[INFO] [1775398207.814801959] [navNode]: 未到目标点
目标位置:(-0.25, 0.75, 1.2)-[A3]-[MCU:False]-[POS:False]
当前位置:(-0.24441669881343842, 0.8218868970870972, 0.7924993634223938)
[INFO] [1775398207.914945961] [navNode]: 状态4：WaitAim--[A3]
[INFO] [1775398207.916278334] [navNode]: 未到目标点
目标位置:(-0.25, 0.75, 1.2)-[A3]-[MCU:False]-[POS:False]
当前位置:(-0.24437297880649567, 0.8204671740531921, 0.8083271384239197)
[INFO] [1775398207.930322416] [navNode]: MCU2 send back: Gdoing*
[INFO] [1775398208.015129155] [navNode]: 状态4：WaitAim--[A3]
[INFO] [1775398208.015655027] [navNode]: 未到目标点
目标位置:(-0.25, 0.75, 1.2)-[A3]-[MCU:False]-[POS:False]
当前位置:(-0.24415704607963562, 0.8159124851226807, 0.825980007648468)
[INFO] [1775398208.048610767] [navNode]: MCU2 send back: Gdoing*
[INFO] [1775398208.114214764] [navNode]: 状态4：WaitAim--[A3]
[INFO] [1775398208.114784524] [navNode]: 未到目标点
目标位置:(-0.25, 0.75, 1.2)-[A3]-[MCU:False]-[POS:False]
当前位置:(-0.24213729798793793, 0.8151935338973999, 0.8459068536758423)
[INFO] [1775398208.168892534] [navNode]: MCU2 send back: Gdoing*
[INFO] [1775398208.214568679] [navNode]: 状态4：WaitAim--[A3]
[INFO] [1775398208.215064827] [navNode]: 未到目标点
目标位置:(-0.25, 0.75, 1.2)-[A3]-[MCU:False]-[POS:False]
当前位置:(-0.24264337122440338, 0.8119470477104187, 0.8643720149993896)
[INFO] [1775398208.289848361] [navNode]: MCU2 send back: Gdoing*
[INFO] [1775398208.314128065] [navNode]: 状态4：WaitAim--[A3]
[INFO] [1775398208.314619002] [navNode]: 未到目标点
目标位置:(-0.25, 0.75, 1.2)-[A3]-[MCU:False]-[POS:False]
当前位置:(-0.24057377874851227, 0.8107787370681763, 0.8868148922920227)
[INFO] [1775398208.409034101] [navNode]: MCU2 send back: Gdoing*
[INFO] [1775398208.414627507] [navNode]: 状态4：WaitAim--[A3]
[INFO] [1775398208.415215472] [navNode]: 未到目标点
目标位置:(-0.25, 0.75, 1.2)-[A3]-[MCU:False]-[POS:False]
当前位置:(-0.2384442836046219, 0.8056319952011108, 0.9078155159950256)
[INFO] [1775398208.514475988] [navNode]: 状态4：WaitAim--[A3]
[INFO] [1775398208.515069652] [navNode]: 未到目标点
目标位置:(-0.25, 0.75, 1.2)-[A3]-[MCU:False]-[POS:False]
当前位置:(-0.23901405930519104, 0.8020365238189697, 0.9290224313735962)
[INFO] [1775398208.529442391] [navNode]: MCU2 send back: Gdoing*
[INFO] [1775398208.614355438] [navNode]: 状态4：WaitAim--[A3]
[INFO] [1775398208.615397973] [navNode]: 未到目标点
目标位置:(-0.25, 0.75, 1.2)-[A3]-[MCU:False]-[POS:False]
当前位置:(-0.2385854721069336, 0.7991998791694641, 0.9501135945320129)
[INFO] [1775398208.649738118] [navNode]: MCU2 send back: Gdoing*
[INFO] [1775398208.714939721] [navNode]: 状态4：WaitAim--[A3]
[INFO] [1775398208.715531133] [navNode]: 未到目标点
目标位置:(-0.25, 0.75, 1.2)-[A3]-[MCU:False]-[POS:False]
当前位置:(-0.23851703107357025, 0.7969245910644531, 0.9716101288795471)
[INFO] [1775398208.771184470] [navNode]: MCU2 send back: Gdoing*
[INFO] [1775398208.815247326] [navNode]: 状态4：WaitAim--[A3]
[INFO] [1775398208.815848165] [navNode]: 未到目标点
目标位置:(-0.25, 0.75, 1.2)-[A3]-[MCU:False]-[POS:False]
当前位置:(-0.237578347325325, 0.7944717407226562, 0.9921920299530029)
[INFO] [1775398208.891162094] [navNode]: MCU2 send back: Gdoing*
[INFO] [1775398208.913662463] [navNode]: 状态4：WaitAim--[A3]
[INFO] [1775398208.914155844] [navNode]: 未到目标点
目标位置:(-0.25, 0.75, 1.2)-[A3]-[MCU:False]-[POS:False]
当前位置:(-0.2355303019285202, 0.7959913015365601, 1.013403058052063)
[INFO] [1775398209.012069160] [navNode]: MCU2 send back: Gdoing*
[INFO] [1775398209.014513529] [navNode]: 状态4：WaitAim--[A3]
[INFO] [1775398209.015105146] [navNode]: 未到目标点
目标位置:(-0.25, 0.75, 1.2)-[A3]-[MCU:False]-[POS:False]
当前位置:(-0.23417170345783234, 0.7947441339492798, 1.0309280157089233)
[INFO] [1775398209.114656523] [navNode]: 状态4：WaitAim--[A3]
[INFO] [1775398209.115116620] [navNode]: 未到目标点
目标位置:(-0.25, 0.75, 1.2)-[A3]-[MCU:False]-[POS:False]
当前位置:(-0.23344621062278748, 0.7932794690132141, 1.0487614870071411)
[INFO] [1775398209.130510721] [navNode]: MCU2 send back: Gdoing*
[INFO] [1775398209.214570723] [navNode]: 状态4：WaitAim--[A3]
[INFO] [1775398209.215938665] [navNode]: 未到目标点
目标位置:(-0.25, 0.75, 1.2)-[A3]-[MCU:False]-[POS:False]
当前位置:(-0.23541569709777832, 0.7893738150596619, 1.057016372680664)
[INFO] [1775398209.251506381] [navNode]: MCU2 send back: Gdoing*
[INFO] [1775398209.314690511] [navNode]: 状态4：WaitAim--[A3]
[INFO] [1775398209.315141591] [navNode]: 未到目标点
目标位置:(-0.25, 0.75, 1.2)-[A3]-[MCU:False]-[POS:False]
当前位置:(-0.2335687279701233, 0.790515124797821, 1.0773154497146606)
[INFO] [1775398209.370868035] [navNode]: MCU2 send back: Gdoing*
[INFO] [1775398209.414808225] [navNode]: 状态4：WaitAim--[A3]
[INFO] [1775398209.415318886] [navNode]: 未到目标点
目标位置:(-0.25, 0.75, 1.2)-[A3]-[MCU:False]-[POS:False]
当前位置:(-0.2345076948404312, 0.7889958620071411, 1.0907753705978394)
[INFO] [1775398209.490712449] [navNode]: MCU2 send back: Gdoing*
[INFO] [1775398209.515607868] [navNode]: 状态4：WaitAim--[A3]
[INFO] [1775398209.516082693] [navNode]: 未到目标点
目标位置:(-0.25, 0.75, 1.2)-[A3]-[MCU:False]-[POS:False]
当前位置:(-0.2348785698413849, 0.7864133715629578, 1.096899151802063)
[INFO] [1775398209.612257180] [navNode]: MCU2 send back: Gdoing*
[INFO] [1775398209.615372708] [navNode]: 状态4：WaitAim--[A3]
[INFO] [1775398209.615867919] [navNode]: 未到目标点
目标位置:(-0.25, 0.75, 1.2)-[A3]-[MCU:False]-[POS:False]
当前位置:(-0.23321232199668884, 0.7846657037734985, 1.111639380455017)
[INFO] [1775398209.715111851] [navNode]: 状态4：WaitAim--[A3]
[INFO] [1775398209.715600974] [navNode]: 未到目标点
目标位置:(-0.25, 0.75, 1.2)-[A3]-[MCU:False]-[POS:False]
当前位置:(-0.23192615807056427, 0.7860831022262573, 1.1174499988555908)
[INFO] [1775398209.731736980] [navNode]: MCU2 send back: Gdoing*
[INFO] [1775398209.815520217] [navNode]: 状态4：WaitAim--[A3]
[INFO] [1775398209.816029928] [navNode]: 未到目标点
目标位置:(-0.25, 0.75, 1.2)-[A3]-[MCU:False]-[POS:False]
当前位置:(-0.23008248209953308, 0.7824345231056213, 1.1241700649261475)
[INFO] [1775398209.851066281] [navNode]: MCU2 send back: Gdoing*
[INFO] [1775398209.913793287] [navNode]: 状态4：WaitAim--[A3]
[INFO] [1775398209.914283875] [navNode]: 未到目标点
目标位置:(-0.25, 0.75, 1.2)-[A3]-[MCU:False]-[POS:False]
当前位置:(-0.22768527269363403, 0.7834581732749939, 1.1321161985397339)
[INFO] [1775398209.972635868] [navNode]: MCU2 send back: Gdoing*
[INFO] [1775398210.014913146] [navNode]: 状态4：WaitAim--[A3]
[INFO] [1775398210.015360559] [navNode]: 未到目标点
目标位置:(-0.25, 0.75, 1.2)-[A3]-[MCU:False]-[POS:False]
当前位置:(-0.22849780321121216, 0.7813034653663635, 1.1362909078598022)
[INFO] [1775398210.092185376] [navNode]: MCU2 send back: Gdoing*
[INFO] [1775398210.113983580] [navNode]: 状态4：WaitAim--[A3]
[INFO] [1775398210.114771945] [navNode]: 未到目标点
目标位置:(-0.25, 0.75, 1.2)-[A3]-[MCU:False]-[POS:False]
当前位置:(-0.22900298237800598, 0.7825143933296204, 1.1387081146240234)
[INFO] [1775398210.212910593] [navNode]: MCU2 send back: Gdone*
[INFO] [1775398210.213894642] [navNode]: mcu:已到目标点-[A3]
[INFO] [1775398210.214861800] [navNode]: 状态4：WaitAim--[A3]
[INFO] [1775398210.215291957] [navNode]: 已到目标点
目标位置:A3:(-0.25, 0.75, 1.2)-[A3]-[MCU:True]-[POS:False]
当前位置:(-0.22713324427604675, 0.7816810607910156, 1.143092155456543)

[INFO] [1775398210.314297914] [navNode]: 状态5：ArriveAim--[A3]
[INFO] [1775398210.413691683] [navNode]: 状态6：Delay--[A3]
[INFO] [1775398210.514180740] [navNode]: 状态6：Delay--[A3]
[INFO] [1775398210.615748760] [navNode]: 状态6：Delay--[A3]
[INFO] [1775398210.714171862] [navNode]: 状态6：Delay--[A3]
[INFO] [1775398210.813963066] [navNode]: 状态6：Delay--[A3]
[INFO] [1775398210.914118919] [navNode]: 状态6：Delay--[A3]
[INFO] [1775398210.997767856] [navNode]: MCU2 send back: Gdone*
[INFO] [1775398210.998147130] [navNode]: mcu:已到目标点-[A3]
[INFO] [1775398211.014716492] [navNode]: 状态6：Delay--[A3]
[INFO] [1775398211.114097717] [navNode]: 状态6：Delay--[A3]
[INFO] [1775398211.214324029] [navNode]: 状态6：Delay--[A3]
[INFO] [1775398211.314081922] [navNode]: 状态6：Delay--[A3]
[INFO] [1775398211.414891574] [navNode]: 状态6：Delay--[A3]
[INFO] [1775398211.514002468] [navNode]: 状态6：Delay--[A3]
[INFO] [1775398211.613859373] [navNode]: 状态6：Delay--[A3]
[INFO] [1775398211.714294111] [navNode]: 状态6：Delay--[A3]
[INFO] [1775398211.813706252] [navNode]: 状态6：Delay--[A3]
[INFO] [1775398211.913695414] [navNode]: 状态6：Delay--[A3]
[INFO] [1775398212.014393416] [navNode]: MCU2 send back: Gdone*
[INFO] [1775398212.014937384] [navNode]: mcu:已到目标点-[A3]
[INFO] [1775398212.016137276] [navNode]: 状态6：Delay--[A3]
[INFO] [1775398212.113936991] [navNode]: 状态6：Delay--[A3]
[INFO] [1775398212.213508452] [navNode]: 状态6：Delay--[A3]
[INFO] [1775398212.314168415] [navNode]: 状态6：Delay--[A3]
[INFO] [1775398212.414080555] [navNode]: 状态6：Delay--[A3]
[INFO] [1775398212.415791125] [navNode]: 延时结束,QR识别结果:前，后
[INFO] [1775398212.515016282] [navNode]: 状态6：Delay--[A3]
[INFO] [1775398212.614753399] [navNode]: 状态3：SetAim--[A3]
[INFO] [1775398212.628485549] [navNode]: G-02500+12500+12000 发送成功 → 飞行站已调用：G-02500+12500+12000服务
[INFO] [1775398212.655871785] [navNode]: MCU2 send back: -02500+12500+12000
[INFO] [1775398212.713757899] [navNode]: 状态4：WaitAim--[A2]
[INFO] [1775398212.714221380] [navNode]: 未到目标点
目标位置:(-0.25, 1.25, 1.2)-[A2]-[MCU:False]-[POS:False]
当前位置:(-0.22035913169384003, 0.7803395390510559, 1.1636871099472046)
[INFO] [1775398212.735890507] [navNode]: MCU2 send back: Gdoing*
[INFO] [1775398212.815178906] [navNode]: 状态4：WaitAim--[A2]
[INFO] [1775398212.815636930] [navNode]: 未到目标点
目标位置:(-0.25, 1.25, 1.2)-[A2]-[MCU:False]-[POS:False]
当前位置:(-0.22054895758628845, 0.7779695987701416, 1.1626602411270142)
[INFO] [1775398212.856150004] [navNode]: MCU2 send back: Gdoing*
[INFO] [1775398212.914990904] [navNode]: 状态4：WaitAim--[A2]
[INFO] [1775398212.915723454] [navNode]: 未到目标点
目标位置:(-0.25, 1.25, 1.2)-[A2]-[MCU:False]-[POS:False]
当前位置:(-0.21942569315433502, 0.7828611135482788, 1.165808081626892)
[INFO] [1775398212.975507257] [navNode]: MCU2 send back: Gdoing*
[INFO] [1775398213.014638813] [navNode]: 状态4：WaitAim--[A2]
[INFO] [1775398213.015136032] [navNode]: 未到目标点
目标位置:(-0.25, 1.25, 1.2)-[A2]-[MCU:False]-[POS:False]
当前位置:(-0.22125230729579926, 0.7800301313400269, 1.1678498983383179)
[INFO] [1775398213.095998209] [navNode]: MCU2 send back: Gdoing*
[INFO] [1775398213.114016917] [navNode]: 状态4：WaitAim--[A2]
[INFO] [1775398213.114794677] [navNode]: 未到目标点
目标位置:(-0.25, 1.25, 1.2)-[A2]-[MCU:False]-[POS:False]
当前位置:(-0.22208018600940704, 0.7798614501953125, 1.1685022115707397)
[INFO] [1775398213.214321003] [navNode]: 状态4：WaitAim--[A2]
[INFO] [1775398213.214844032] [navNode]: 未到目标点
目标位置:(-0.25, 1.25, 1.2)-[A2]-[MCU:False]-[POS:False]
当前位置:(-0.22106552124023438, 0.7868428230285645, 1.1675065755844116)
[INFO] [1775398213.218065738] [navNode]: MCU2 send back: Gdoing*
[INFO] [1775398213.314474609] [navNode]: 状态4：WaitAim--[A2]
[INFO] [1775398213.315123889] [navNode]: 未到目标点
目标位置:(-0.25, 1.25, 1.2)-[A2]-[MCU:False]-[POS:False]
当前位置:(-0.22030235826969147, 0.7957955002784729, 1.1693332195281982)
[INFO] [1775398213.335579540] [navNode]: MCU2 send back: Gdoing*
[INFO] [1775398213.415127104] [navNode]: 状态4：WaitAim--[A2]
[INFO] [1775398213.415639255] [navNode]: 未到目标点
目标位置:(-0.25, 1.25, 1.2)-[A2]-[MCU:False]-[POS:False]
当前位置:(-0.2215605527162552, 0.8035885691642761, 1.1673388481140137)
[INFO] [1775398213.455366383] [navNode]: MCU2 send back: Gdoing*
[INFO] [1775398213.514104412] [navNode]: 状态4：WaitAim--[A2]
[INFO] [1775398213.514593324] [navNode]: 未到目标点
目标位置:(-0.25, 1.25, 1.2)-[A2]-[MCU:False]-[POS:False]
当前位置:(-0.22318467497825623, 0.8247655630111694, 1.1691542863845825)
[INFO] [1775398213.576244767] [navNode]: MCU2 send back: Gdoing*
[INFO] [1775398213.615239338] [navNode]: 状态4：WaitAim--[A2]
[INFO] [1775398213.615727336] [navNode]: 未到目标点
目标位置:(-0.25, 1.25, 1.2)-[A2]-[MCU:False]-[POS:False]
当前位置:(-0.2237667739391327, 0.8382850885391235, 1.1728358268737793)
[INFO] [1775398213.696961389] [navNode]: MCU2 send back: Gdoing*
[INFO] [1775398213.714264820] [navNode]: 状态4：WaitAim--[A2]
[INFO] [1775398213.714873683] [navNode]: 未到目标点
目标位置:(-0.25, 1.25, 1.2)-[A2]-[MCU:False]-[POS:False]
当前位置:(-0.22502833604812622, 0.8510597348213196, 1.1701626777648926)
[INFO] [1775398213.815295321] [navNode]: 状态4：WaitAim--[A2]
[INFO] [1775398213.815833265] [navNode]: 未到目标点
目标位置:(-0.25, 1.25, 1.2)-[A2]-[MCU:False]-[POS:False]
当前位置:(-0.22686010599136353, 0.8708330392837524, 1.1738600730895996)
[INFO] [1775398213.818964824] [navNode]: MCU2 send back: Gdoing*
[INFO] [1775398213.915035982] [navNode]: 状态4：WaitAim--[A2]
[INFO] [1775398213.915477254] [navNode]: 未到目标点
目标位置:(-0.25, 1.25, 1.2)-[A2]-[MCU:False]-[POS:False]
当前位置:(-0.22659701108932495, 0.8885858654975891, 1.1749356985092163)
[INFO] [1775398213.935893630] [navNode]: MCU2 send back: Gdoing*
[INFO] [1775398214.014839738] [navNode]: 状态4：WaitAim--[A2]
[INFO] [1775398214.015277936] [navNode]: 未到目标点
目标位置:(-0.25, 1.25, 1.2)-[A2]-[MCU:False]-[POS:False]
当前位置:(-0.2281026989221573, 0.9060946106910706, 1.173036813735962)
[INFO] [1775398214.057905129] [navNode]: MCU2 send back: Gdoing*
[INFO] [1775398214.115090986] [navNode]: 状态4：WaitAim--[A2]
[INFO] [1775398214.115544182] [navNode]: 未到目标点
目标位置:(-0.25, 1.25, 1.2)-[A2]-[MCU:False]-[POS:False]
当前位置:(-0.22799687087535858, 0.9277205467224121, 1.1724998950958252)
[INFO] [1775398214.178296405] [navNode]: MCU2 send back: Gdoing*
[INFO] [1775398214.213703632] [navNode]: 状态4：WaitAim--[A2]
[INFO] [1775398214.214197399] [navNode]: 未到目标点
目标位置:(-0.25, 1.25, 1.2)-[A2]-[MCU:False]-[POS:False]
当前位置:(-0.22749492526054382, 0.9474950432777405, 1.171144723892212)
[INFO] [1775398214.299103952] [navNode]: MCU2 send back: Gdoing*
[INFO] [1775398214.314907306] [navNode]: 状态4：WaitAim--[A2]
[INFO] [1775398214.315399239] [navNode]: 未到目标点
目标位置:(-0.25, 1.25, 1.2)-[A2]-[MCU:False]-[POS:False]
当前位置:(-0.22800900042057037, 0.9623209834098816, 1.1747102737426758)
[INFO] [1775398214.413832106] [navNode]: 状态4：WaitAim--[A2]
[INFO] [1775398214.414341830] [navNode]: 未到目标点
目标位置:(-0.25, 1.25, 1.2)-[A2]-[MCU:False]-[POS:False]
当前位置:(-0.22910109162330627, 0.977189302444458, 1.1725834608078003)
[INFO] [1775398214.418019787] [navNode]: MCU2 send back: Gdoing*
[INFO] [1775398214.514137609] [navNode]: 状态4：WaitAim--[A2]
[INFO] [1775398214.514907306] [navNode]: 未到目标点
目标位置:(-0.25, 1.25, 1.2)-[A2]-[MCU:False]-[POS:False]
当前位置:(-0.23038055002689362, 0.9885256886482239, 1.1722966432571411)
[INFO] [1775398214.538202525] [navNode]: MCU2 send back: Gdoing*
[INFO] [1775398214.614131393] [navNode]: 状态4：WaitAim--[A2]
[INFO] [1775398214.614597860] [navNode]: 未到目标点
目标位置:(-0.25, 1.25, 1.2)-[A2]-[MCU:False]-[POS:False]
当前位置:(-0.22896228730678558, 1.0190672874450684, 1.1738988161087036)
[INFO] [1775398214.659698480] [navNode]: MCU2 send back: Gdoing*
[INFO] [1775398214.713952937] [navNode]: 状态4：WaitAim--[A2]
[INFO] [1775398214.714506469] [navNode]: 未到目标点
目标位置:(-0.25, 1.25, 1.2)-[A2]-[MCU:False]-[POS:False]
当前位置:(-0.22868166863918304, 1.035658836364746, 1.1742702722549438)
[INFO] [1775398214.777247207] [navNode]: MCU2 send back: Gdoing*
[INFO] [1775398214.814308931] [navNode]: 状态4：WaitAim--[A2]
[INFO] [1775398214.814866258] [navNode]: 未到目标点
目标位置:(-0.25, 1.25, 1.2)-[A2]-[MCU:False]-[POS:False]
当前位置:(-0.22780297696590424, 1.058645486831665, 1.1742699146270752)
[INFO] [1775398214.899318797] [navNode]: MCU2 send back: Gdoing*
[INFO] [1775398214.915019547] [navNode]: 状态4：WaitAim--[A2]
[INFO] [1775398214.915517502] [navNode]: 未到目标点
目标位置:(-0.25, 1.25, 1.2)-[A2]-[MCU:False]-[POS:False]
当前位置:(-0.22718970477581024, 1.0805671215057373, 1.1718093156814575)
[INFO] [1775398215.013872801] [navNode]: 状态4：WaitAim--[A2]
[INFO] [1775398215.014349155] [navNode]: 未到目标点
目标位置:(-0.25, 1.25, 1.2)-[A2]-[MCU:False]-[POS:False]
当前位置:(-0.22761090099811554, 1.0974966287612915, 1.1715894937515259)
[INFO] [1775398215.018622986] [navNode]: MCU2 send back: Gdoing*
[INFO] [1775398215.114535050] [navNode]: 状态4：WaitAim--[A2]
[INFO] [1775398215.115364852] [navNode]: 未到目标点
目标位置:(-0.25, 1.25, 1.2)-[A2]-[MCU:False]-[POS:False]
当前位置:(-0.22713090479373932, 1.1107280254364014, 1.1727508306503296)
[INFO] [1775398215.138846336] [navNode]: MCU2 send back: Gdoing*
[INFO] [1775398215.214959627] [navNode]: 状态4：WaitAim--[A2]
[INFO] [1775398215.215503445] [navNode]: 未到目标点
目标位置:(-0.25, 1.25, 1.2)-[A2]-[MCU:False]-[POS:False]
当前位置:(-0.2286047488451004, 1.1309266090393066, 1.1737533807754517)
[INFO] [1775398215.261177527] [navNode]: MCU2 send back: Gdoing*
[INFO] [1775398215.313915083] [navNode]: 状态4：WaitAim--[A2]
[INFO] [1775398215.314396258] [navNode]: 未到目标点
目标位置:(-0.25, 1.25, 1.2)-[A2]-[MCU:False]-[POS:False]
当前位置:(-0.2283509522676468, 1.1443688869476318, 1.1742401123046875)
[INFO] [1775398215.380856887] [navNode]: MCU2 send back: Gdoing*
[INFO] [1775398215.414376964] [navNode]: 状态4：WaitAim--[A2]
[INFO] [1775398215.414934044] [navNode]: 未到目标点
目标位置:(-0.25, 1.25, 1.2)-[A2]-[MCU:False]-[POS:False]
当前位置:(-0.22883741557598114, 1.154038906097412, 1.1700005531311035)
[INFO] [1775398215.501259254] [navNode]: MCU2 send back: Gdoing*
[INFO] [1775398215.515475190] [navNode]: 状态4：WaitAim--[A2]
[INFO] [1775398215.516179635] [navNode]: 未到目标点
目标位置:(-0.25, 1.25, 1.2)-[A2]-[MCU:False]-[POS:False]
当前位置:(-0.22884590923786163, 1.1688700914382935, 1.1738996505737305)
[INFO] [1775398215.615278050] [navNode]: 状态4：WaitAim--[A2]
[INFO] [1775398215.615871213] [navNode]: 未到目标点
目标位置:(-0.25, 1.25, 1.2)-[A2]-[MCU:False]-[POS:False]
当前位置:(-0.23022469878196716, 1.1824895143508911, 1.1732404232025146)
[INFO] [1775398215.619306774] [navNode]: MCU2 send back: Gdone*
[INFO] [1775398215.621017666] [navNode]: mcu:已到目标点-[A2]
[INFO] [1775398215.713929722] [navNode]: 状态4：WaitAim--[A2]
[INFO] [1775398215.714357346] [navNode]: 已到目标点
目标位置:A2:(-0.25, 1.25, 1.2)-[A2]-[MCU:True]-[POS:False]
当前位置:(-0.22914084792137146, 1.1944457292556763, 1.1680904626846313)

[INFO] [1775398215.814687889] [navNode]: 状态5：ArriveAim--[A2]
[INFO] [1775398215.913866598] [navNode]: 状态6：Delay--[A2]
[INFO] [1775398216.015612518] [navNode]: 状态6：Delay--[A2]
[INFO] [1775398216.099639511] [navNode]: MCU2 send back: Gdone*
[INFO] [1775398216.100048250] [navNode]: mcu:已到目标点-[A2]
[INFO] [1775398216.113818099] [navNode]: 状态6：Delay--[A2]
[INFO] [1775398216.214299252] [navNode]: 状态6：Delay--[A2]
[INFO] [1775398216.314142899] [navNode]: 状态6：Delay--[A2]
[INFO] [1775398216.414337698] [navNode]: 状态6：Delay--[A2]
[INFO] [1775398216.513894031] [navNode]: 状态6：Delay--[A2]
[INFO] [1775398216.614199692] [navNode]: 状态6：Delay--[A2]
[INFO] [1775398216.714074173] [navNode]: 状态6：Delay--[A2]
[INFO] [1775398216.814222666] [navNode]: 状态6：Delay--[A2]
[INFO] [1775398216.914724519] [navNode]: 状态6：Delay--[A2]
[INFO] [1775398217.014251002] [navNode]: 状态6：Delay--[A2]
[INFO] [1775398217.114735597] [navNode]: 状态6：Delay--[A2]
[INFO] [1775398217.121004450] [navNode]: MCU2 send back: Gdone*
[INFO] [1775398217.121332026] [navNode]: mcu:已到目标点-[A2]
[INFO] [1775398217.214609970] [navNode]: 状态6：Delay--[A2]
[INFO] [1775398217.313989542] [navNode]: 状态6：Delay--[A2]
[INFO] [1775398217.414552825] [navNode]: 状态6：Delay--[A2]
[INFO] [1775398217.514206519] [navNode]: 状态6：Delay--[A2]
[INFO] [1775398217.613671970] [navNode]: 状态6：Delay--[A2]
[INFO] [1775398217.713771494] [navNode]: 状态6：Delay--[A2]
[INFO] [1775398217.813884174] [navNode]: 状态6：Delay--[A2]
[INFO] [1775398217.913930213] [navNode]: 状态6：Delay--[A2]
[INFO] [1775398217.914821831] [navNode]: 延时结束,QR识别结果:前，后
[INFO] [1775398218.015071136] [navNode]: 状态6：Delay--[A2]
[INFO] [1775398218.114307909] [navNode]: 状态3：SetAim--[A2]
[INFO] [1775398218.125463607] [navNode]: G-02500+12500+08000 发送成功 → 飞行站已调用：G-02500+12500+08000服务
[INFO] [1775398218.154756660] [navNode]: MCU2 send back: -02500+12500+08000
[INFO] [1775398218.214313812] [navNode]: 状态4：WaitAim--[A5]
[INFO] [1775398218.215101801] [navNode]: 未到目标点
目标位置:(-0.25, 1.25, 0.8)-[A5]-[MCU:False]-[POS:False]
当前位置:(-0.2353605479001999, 1.2844316959381104, 1.1630221605300903)
[INFO] [1775398218.241820386] [navNode]: MCU2 send back: Gdoing*
[INFO] [1775398218.315746019] [navNode]: 状态4：WaitAim--[A5]
[INFO] [1775398218.316320985] [navNode]: 未到目标点
目标位置:(-0.25, 1.25, 0.8)-[A5]-[MCU:False]-[POS:False]
当前位置:(-0.23822003602981567, 1.2825077772140503, 1.15779709815979)
[INFO] [1775398218.362499826] [navNode]: MCU2 send back: Gdoing*
[INFO] [1775398218.414392980] [navNode]: 状态4：WaitAim--[A5]
[INFO] [1775398218.414956329] [navNode]: 未到目标点
目标位置:(-0.25, 1.25, 0.8)-[A5]-[MCU:False]-[POS:False]
当前位置:(-0.23977762460708618, 1.2825735807418823, 1.1524337530136108)
[INFO] [1775398218.483846735] [navNode]: MCU2 send back: Gdoing*
[INFO] [1775398218.515691779] [navNode]: 状态4：WaitAim--[A5]
[INFO] [1775398218.516198636] [navNode]: 未到目标点
目标位置:(-0.25, 1.25, 0.8)-[A5]-[MCU:False]-[POS:False]
当前位置:(-0.23958498239517212, 1.2772635221481323, 1.1386698484420776)
[INFO] [1775398218.603388292] [navNode]: MCU2 send back: Gdoing*
[INFO] [1775398218.614509776] [navNode]: 状态4：WaitAim--[A5]
[INFO] [1775398218.614972484] [navNode]: 未到目标点
目标位置:(-0.25, 1.25, 0.8)-[A5]-[MCU:False]-[POS:False]
当前位置:(-0.2401648908853531, 1.2761776447296143, 1.1224437952041626)
[INFO] [1775398218.714236037] [navNode]: 状态4：WaitAim--[A5]
[INFO] [1775398218.714791881] [navNode]: 未到目标点
目标位置:(-0.25, 1.25, 0.8)-[A5]-[MCU:False]-[POS:False]
当前位置:(-0.23883973062038422, 1.2813202142715454, 1.106134295463562)
[INFO] [1775398218.723488513] [navNode]: MCU2 send back: Gdoing*
[INFO] [1775398218.813946728] [navNode]: 状态4：WaitAim--[A5]
[INFO] [1775398218.814460164] [navNode]: 未到目标点
目标位置:(-0.25, 1.25, 0.8)-[A5]-[MCU:False]-[POS:False]
当前位置:(-0.24056243896484375, 1.2762172222137451, 1.072944164276123)
[INFO] [1775398218.842410915] [navNode]: MCU2 send back: Gdoing*
[INFO] [1775398218.914229215] [navNode]: 状态4：WaitAim--[A5]
[INFO] [1775398218.914761503] [navNode]: 未到目标点
目标位置:(-0.25, 1.25, 0.8)-[A5]-[MCU:False]-[POS:False]
当前位置:(-0.24132969975471497, 1.2746963500976562, 1.0504212379455566)
[INFO] [1775398218.963051316] [navNode]: MCU2 send back: Gdoing*
[INFO] [1775398219.014332377] [navNode]: 状态4：WaitAim--[A5]
[INFO] [1775398219.015067739] [navNode]: 未到目标点
目标位置:(-0.25, 1.25, 0.8)-[A5]-[MCU:False]-[POS:False]
当前位置:(-0.24235664308071136, 1.273263692855835, 1.0196373462677002)
[INFO] [1775398219.086412317] [navNode]: MCU2 send back: Gdoing*
[INFO] [1775398219.114100407] [navNode]: 状态4：WaitAim--[A5]
[INFO] [1775398219.114564044] [navNode]: 未到目标点
目标位置:(-0.25, 1.25, 0.8)-[A5]-[MCU:False]-[POS:False]
当前位置:(-0.24395127594470978, 1.2699179649353027, 0.9980377554893494)
[INFO] [1775398219.204840595] [navNode]: MCU2 send back: Gdoing*
[INFO] [1775398219.214630424] [navNode]: 状态4：WaitAim--[A5]
[INFO] [1775398219.215194201] [navNode]: 未到目标点
目标位置:(-0.25, 1.25, 0.8)-[A5]-[MCU:False]-[POS:False]
当前位置:(-0.24655452370643616, 1.2682713270187378, 0.9618262052536011)
[INFO] [1775398219.314759854] [navNode]: 状态4：WaitAim--[A5]
[INFO] [1775398219.315512317] [navNode]: 未到目标点
目标位置:(-0.25, 1.25, 0.8)-[A5]-[MCU:False]-[POS:False]
当前位置:(-0.24814586341381073, 1.2675169706344604, 0.9340032339096069)
[INFO] [1775398219.323734162] [navNode]: MCU2 send back: Gdoing*
[INFO] [1775398219.414195703] [navNode]: 状态4：WaitAim--[A5]
[INFO] [1775398219.415058102] [navNode]: 未到目标点
目标位置:(-0.25, 1.25, 0.8)-[A5]-[MCU:False]-[POS:False]
当前位置:(-0.24861550331115723, 1.265849232673645, 0.9172728657722473)
[INFO] [1775398219.443451667] [navNode]: MCU2 send back: Gdoing*
[INFO] [1775398219.514017302] [navNode]: 状态4：WaitAim--[A5]
[INFO] [1775398219.514539538] [navNode]: 未到目标点
目标位置:(-0.25, 1.25, 0.8)-[A5]-[MCU:False]-[POS:False]
当前位置:(-0.24778631329536438, 1.2659132480621338, 0.8931782245635986)
[INFO] [1775398219.564164705] [navNode]: MCU2 send back: Gdoing*
[INFO] [1775398219.614414157] [navNode]: 状态4：WaitAim--[A5]
[INFO] [1775398219.615463912] [navNode]: 未到目标点
目标位置:(-0.25, 1.25, 0.8)-[A5]-[MCU:False]-[POS:False]
当前位置:(-0.24670517444610596, 1.261544108390808, 0.8763763308525085)
[INFO] [1775398219.683755755] [navNode]: MCU2 send back: Gdone*
[INFO] [1775398219.685237992] [navNode]: mcu:已到目标点-[A5]
[INFO] [1775398219.714828362] [navNode]: 状态4：WaitAim--[A5]
[INFO] [1775398219.715289445] [navNode]: 已到目标点
目标位置:A5:(-0.25, 1.25, 0.8)-[A5]-[MCU:True]-[POS:False]
当前位置:(-0.24716702103614807, 1.263538122177124, 0.8594799637794495)

[INFO] [1775398219.815234604] [navNode]: 状态5：ArriveAim--[A5]
[INFO] [1775398219.913592233] [navNode]: 状态6：Delay--[A5]
[INFO] [1775398220.014973077] [navNode]: 状态6：Delay--[A5]
[INFO] [1775398220.114963650] [navNode]: 状态6：Delay--[A5]
[INFO] [1775398220.185677234] [navNode]: MCU2 send back: Gdone*
[INFO] [1775398220.186064171] [navNode]: mcu:已到目标点-[A5]
[INFO] [1775398220.213919505] [navNode]: 状态6：Delay--[A5]
[INFO] [1775398220.314500400] [navNode]: 状态6：Delay--[A5]
[INFO] [1775398220.414870987] [navNode]: 状态6：Delay--[A5]
[INFO] [1775398220.514082855] [navNode]: 状态6：Delay--[A5]
[INFO] [1775398220.614441734] [navNode]: 状态6：Delay--[A5]
[INFO] [1775398220.715069382] [navNode]: 状态6：Delay--[A5]
[INFO] [1775398220.814874941] [navNode]: 状态6：Delay--[A5]
[INFO] [1775398220.914546884] [navNode]: 状态6：Delay--[A5]
[INFO] [1775398221.014979480] [navNode]: 状态6：Delay--[A5]
[INFO] [1775398221.113581500] [navNode]: 状态6：Delay--[A5]
[INFO] [1775398221.206585584] [navNode]: MCU2 send back: Gdone*
[INFO] [1775398221.206991545] [navNode]: mcu:已到目标点-[A5]
[INFO] [1775398221.213673616] [navNode]: 状态6：Delay--[A5]
[INFO] [1775398221.314264643] [navNode]: 状态6：Delay--[A5]
[INFO] [1775398221.414172121] [navNode]: 状态6：Delay--[A5]
[INFO] [1775398221.514204186] [navNode]: 状态6：Delay--[A5]
[INFO] [1775398221.614030165] [navNode]: 状态6：Delay--[A5]
[INFO] [1775398221.713823124] [navNode]: 状态6：Delay--[A5]
[INFO] [1775398221.814051758] [navNode]: 状态6：Delay--[A5]
[INFO] [1775398221.914780262] [navNode]: 状态6：Delay--[A5]
[INFO] [1775398221.915804472] [navNode]: 延时结束,QR识别结果:前，后
[INFO] [1775398222.014210383] [navNode]: 状态6：Delay--[A5]
[INFO] [1775398222.115044170] [navNode]: 状态3：SetAim--[A5]
[INFO] [1775398222.127937205] [navNode]: G-02500+17500+08000 发送成功 → 飞行站已调用：G-02500+17500+08000服务
[INFO] [1775398222.156214510] [navNode]: MCU2 send back: -02500+17500+08000
[INFO] [1775398222.214220931] [navNode]: 状态4：WaitAim--[A4]
[INFO] [1775398222.214813221] [navNode]: 未到目标点
目标位置:(-0.25, 1.75, 0.8)-[A4]-[MCU:False]-[POS:False]
当前位置:(-0.25020864605903625, 1.235518217086792, 0.7640762329101562)
[INFO] [1775398222.247118797] [navNode]: MCU2 send back: Gdoing*
[INFO] [1775398222.315239197] [navNode]: 状态4：WaitAim--[A4]
[INFO] [1775398222.315972138] [navNode]: 未到目标点
目标位置:(-0.25, 1.75, 0.8)-[A4]-[MCU:False]-[POS:False]
当前位置:(-0.2497267872095108, 1.2378689050674438, 0.7626806497573853)
[INFO] [1775398222.366647817] [navNode]: MCU2 send back: Gdoing*
[INFO] [1775398222.414357599] [navNode]: 状态4：WaitAim--[A4]
[INFO] [1775398222.414875883] [navNode]: 未到目标点
目标位置:(-0.25, 1.75, 0.8)-[A4]-[MCU:False]-[POS:False]
当前位置:(-0.2521752715110779, 1.2372244596481323, 0.7572730779647827)
[INFO] [1775398222.487712144] [navNode]: MCU2 send back: Gdoing*
[INFO] [1775398222.515048020] [navNode]: 状态4：WaitAim--[A4]
[INFO] [1775398222.515565228] [navNode]: 未到目标点
目标位置:(-0.25, 1.75, 0.8)-[A4]-[MCU:False]-[POS:False]
当前位置:(-0.2522238492965698, 1.2474849224090576, 0.7582264542579651)
[INFO] [1775398222.607281265] [navNode]: MCU2 send back: Gdoing*
[INFO] [1775398222.614392823] [navNode]: 状态4：WaitAim--[A4]
[INFO] [1775398222.614871539] [navNode]: 未到目标点
目标位置:(-0.25, 1.75, 0.8)-[A4]-[MCU:False]-[POS:False]
当前位置:(-0.24919191002845764, 1.2607324123382568, 0.7532097697257996)
[INFO] [1775398222.714592245] [navNode]: 状态4：WaitAim--[A4]
[INFO] [1775398222.714992132] [navNode]: 未到目标点
目标位置:(-0.25, 1.75, 0.8)-[A4]-[MCU:False]-[POS:False]
当前位置:(-0.25122785568237305, 1.2508009672164917, 0.7494034171104431)
[INFO] [1775398222.727729139] [navNode]: MCU2 send back: Gdoing*
[INFO] [1775398222.814731594] [navNode]: 状态4：WaitAim--[A4]
[INFO] [1775398222.815183623] [navNode]: 未到目标点
目标位置:(-0.25, 1.75, 0.8)-[A4]-[MCU:False]-[POS:False]
当前位置:(-0.25221478939056396, 1.2719231843948364, 0.7528057098388672)
[INFO] [1775398222.849156396] [navNode]: MCU2 send back: Gdoing*
[INFO] [1775398222.915012226] [navNode]: 状态4：WaitAim--[A4]
[INFO] [1775398222.915652092] [navNode]: 未到目标点
目标位置:(-0.25, 1.75, 0.8)-[A4]-[MCU:False]-[POS:False]
当前位置:(-0.24877658486366272, 1.2911587953567505, 0.7490162253379822)
[INFO] [1775398222.969174160] [navNode]: MCU2 send back: Gdoing*
[INFO] [1775398223.015983252] [navNode]: 状态4：WaitAim--[A4]
[INFO] [1775398223.016486742] [navNode]: 未到目标点
目标位置:(-0.25, 1.75, 0.8)-[A4]-[MCU:False]-[POS:False]
当前位置:(-0.24860839545726776, 1.2971338033676147, 0.7478243708610535)
[INFO] [1775398223.088033077] [navNode]: MCU2 send back: Gdoing*
[INFO] [1775398223.115081874] [navNode]: 状态4：WaitAim--[A4]
[INFO] [1775398223.116282954] [navNode]: 未到目标点
目标位置:(-0.25, 1.75, 0.8)-[A4]-[MCU:False]-[POS:False]
当前位置:(-0.25073227286338806, 1.315315842628479, 0.7544777393341064)
[INFO] [1775398223.210114607] [navNode]: MCU2 send back: Gdoing*
[INFO] [1775398223.215125737] [navNode]: 状态4：WaitAim--[A4]
[INFO] [1775398223.215786953] [navNode]: 未到目标点
目标位置:(-0.25, 1.75, 0.8)-[A4]-[MCU:False]-[POS:False]
当前位置:(-0.2489592730998993, 1.3548444509506226, 0.7558985948562622)
[INFO] [1775398223.315860736] [navNode]: 状态4：WaitAim--[A4]
[INFO] [1775398223.316410900] [navNode]: 未到目标点
目标位置:(-0.25, 1.75, 0.8)-[A4]-[MCU:False]-[POS:False]
当前位置:(-0.24713696539402008, 1.372875690460205, 0.755961000919342)
[INFO] [1775398223.330165711] [navNode]: MCU2 send back: Gdoing*
[INFO] [1775398223.415089982] [navNode]: 状态4：WaitAim--[A4]
[INFO] [1775398223.415543873] [navNode]: 未到目标点
目标位置:(-0.25, 1.75, 0.8)-[A4]-[MCU:False]-[POS:False]
当前位置:(-0.24715447425842285, 1.3719419240951538, 0.7442860007286072)
[INFO] [1775398223.449664220] [navNode]: MCU2 send back: Gdoing*
[INFO] [1775398223.514237647] [navNode]: 状态4：WaitAim--[A4]
[INFO] [1775398223.514775763] [navNode]: 未到目标点
目标位置:(-0.25, 1.75, 0.8)-[A4]-[MCU:False]-[POS:False]
当前位置:(-0.2488066852092743, 1.3798187971115112, 0.7446940541267395)
[INFO] [1775398223.570290862] [navNode]: MCU2 send back: Gdoing*
[INFO] [1775398223.614308095] [navNode]: 状态4：WaitAim--[A4]
[INFO] [1775398223.614851659] [navNode]: 未到目标点
目标位置:(-0.25, 1.75, 0.8)-[A4]-[MCU:False]-[POS:False]
当前位置:(-0.2491808533668518, 1.3997722864151, 0.742672324180603)
[INFO] [1775398223.689036242] [navNode]: MCU2 send back: Gdoing*
[INFO] [1775398223.714301830] [navNode]: 状态4：WaitAim--[A4]
[INFO] [1775398223.714796908] [navNode]: 未到目标点
目标位置:(-0.25, 1.75, 0.8)-[A4]-[MCU:False]-[POS:False]
当前位置:(-0.24776683747768402, 1.4228190183639526, 0.7414557337760925)
[INFO] [1775398223.810391005] [navNode]: MCU2 send back: Gdoing*
[INFO] [1775398223.813966975] [navNode]: 状态4：WaitAim--[A4]
[INFO] [1775398223.814415055] [navNode]: 未到目标点
目标位置:(-0.25, 1.75, 0.8)-[A4]-[MCU:False]-[POS:False]
当前位置:(-0.24121472239494324, 1.4546834230422974, 0.7424287796020508)
[INFO] [1775398223.914338532] [navNode]: 状态4：WaitAim--[A4]
[INFO] [1775398223.914736447] [navNode]: 未到目标点
目标位置:(-0.25, 1.75, 0.8)-[A4]-[MCU:False]-[POS:False]
当前位置:(-0.24532996118068695, 1.4524359703063965, 0.7329467535018921)
[INFO] [1775398223.929786017] [navNode]: MCU2 send back: Gdoing*
[INFO] [1775398224.014155923] [navNode]: 状态4：WaitAim--[A4]
[INFO] [1775398224.014646855] [navNode]: 未到目标点
目标位置:(-0.25, 1.75, 0.8)-[A4]-[MCU:False]-[POS:False]
当前位置:(-0.24458211660385132, 1.4733633995056152, 0.734731912612915)
[INFO] [1775398224.050209675] [navNode]: MCU2 send back: Gdoing*
[INFO] [1775398224.114852234] [navNode]: 状态4：WaitAim--[A4]
[INFO] [1775398224.115569850] [navNode]: 未到目标点
目标位置:(-0.25, 1.75, 0.8)-[A4]-[MCU:False]-[POS:False]
当前位置:(-0.23986922204494476, 1.529478907585144, 0.7380757331848145)
[INFO] [1775398224.170156798] [navNode]: MCU2 send back: Gdoing*
[INFO] [1775398224.214114835] [navNode]: 状态4：WaitAim--[A4]
[INFO] [1775398224.214560160] [navNode]: 未到目标点
目标位置:(-0.25, 1.75, 0.8)-[A4]-[MCU:False]-[POS:False]
当前位置:(-0.23754200339317322, 1.5511815547943115, 0.7305776476860046)
[INFO] [1775398224.293995946] [navNode]: MCU2 send back: Gdoing*
[INFO] [1775398224.314808146] [navNode]: 状态4：WaitAim--[A4]
[INFO] [1775398224.315240494] [navNode]: 未到目标点
目标位置:(-0.25, 1.75, 0.8)-[A4]-[MCU:False]-[POS:False]
当前位置:(-0.2428158074617386, 1.5351536273956299, 0.7232670187950134)
[INFO] [1775398224.410164162] [navNode]: MCU2 send back: Gdoing*
[INFO] [1775398224.415831919] [navNode]: 状态4：WaitAim--[A4]
[INFO] [1775398224.416415284] [navNode]: 未到目标点
目标位置:(-0.25, 1.75, 0.8)-[A4]-[MCU:False]-[POS:False]
当前位置:(-0.24487371742725372, 1.5736958980560303, 0.7232911586761475)
[INFO] [1775398224.514003665] [navNode]: 状态4：WaitAim--[A4]
[INFO] [1775398224.514466223] [navNode]: 未到目标点
目标位置:(-0.25, 1.75, 0.8)-[A4]-[MCU:False]-[POS:False]
当前位置:(-0.2434653639793396, 1.5972135066986084, 0.7221575975418091)
[INFO] [1775398224.531022158] [navNode]: MCU2 send back: Gdoing*
[INFO] [1775398224.613757294] [navNode]: 状态4：WaitAim--[A4]
[INFO] [1775398224.614319562] [navNode]: 未到目标点
目标位置:(-0.25, 1.75, 0.8)-[A4]-[MCU:False]-[POS:False]
当前位置:(-0.24454084038734436, 1.5973751544952393, 0.7130224704742432)
[INFO] [1775398224.650544348] [navNode]: MCU2 send back: Gdoing*
[INFO] [1775398224.713975542] [navNode]: 状态4：WaitAim--[A4]
[INFO] [1775398224.714459593] [navNode]: 未到目标点
目标位置:(-0.25, 1.75, 0.8)-[A4]-[MCU:False]-[POS:False]
当前位置:(-0.2457350641489029, 1.6230136156082153, 0.711508572101593)
[INFO] [1775398224.771563360] [navNode]: MCU2 send back: Gdoing*
[INFO] [1775398224.814246848] [navNode]: 状态4：WaitAim--[A4]
[INFO] [1775398224.814722508] [navNode]: 未到目标点
目标位置:(-0.25, 1.75, 0.8)-[A4]-[MCU:False]-[POS:False]
当前位置:(-0.24142925441265106, 1.6740719079971313, 0.7199671268463135)
[INFO] [1775398224.892825507] [navNode]: MCU2 send back: Gdoing*
[INFO] [1775398224.914947461] [navNode]: 状态4：WaitAim--[A4]
[INFO] [1775398224.915809619] [navNode]: 未到目标点
目标位置:(-0.25, 1.75, 0.8)-[A4]-[MCU:False]-[POS:False]
当前位置:(-0.23804625868797302, 1.7020142078399658, 0.7202596068382263)
[INFO] [1775398225.012024183] [navNode]: MCU2 send back: Gdoing*
[INFO] [1775398225.014149316] [navNode]: 状态4：WaitAim--[A4]
[INFO] [1775398225.014755680] [navNode]: 未到目标点
目标位置:(-0.25, 1.75, 0.8)-[A4]-[MCU:False]-[POS:False]
当前位置:(-0.24065521359443665, 1.7010210752487183, 0.7090858817100525)
[INFO] [1775398225.114408157] [navNode]: 状态4：WaitAim--[A4]
[INFO] [1775398225.114856840] [navNode]: 未到目标点
目标位置:(-0.25, 1.75, 0.8)-[A4]-[MCU:False]-[POS:False]
当前位置:(-0.24028973281383514, 1.716707706451416, 0.7070009708404541)
[INFO] [1775398225.133705708] [navNode]: MCU2 send back: Gdoing*
[INFO] [1775398225.215837866] [navNode]: 状态4：WaitAim--[A4]
[INFO] [1775398225.216405914] [navNode]: 未到目标点
目标位置:(-0.25, 1.75, 0.8)-[A4]-[MCU:False]-[POS:False]
当前位置:(-0.23640266060829163, 1.7387999296188354, 0.7097280621528625)
[INFO] [1775398225.253607176] [navNode]: MCU2 send back: Gdoing*
[INFO] [1775398225.314188294] [navNode]: 状态4：WaitAim--[A4]
[INFO] [1775398225.314683914] [navNode]: 未到目标点
目标位置:(-0.25, 1.75, 0.8)-[A4]-[MCU:False]-[POS:False]
当前位置:(-0.23811905086040497, 1.738402009010315, 0.7011471390724182)
[INFO] [1775398225.374330843] [navNode]: MCU2 send back: Gdoing*
[INFO] [1775398225.414361842] [navNode]: 状态4：WaitAim--[A4]
[INFO] [1775398225.414842222] [navNode]: 未到目标点
目标位置:(-0.25, 1.75, 0.8)-[A4]-[MCU:False]-[POS:False]
当前位置:(-0.23827624320983887, 1.744364857673645, 0.7057687044143677)
[INFO] [1775398225.494099951] [navNode]: MCU2 send back: Gdoing*
[INFO] [1775398225.514245433] [navNode]: 状态4：WaitAim--[A4]
[INFO] [1775398225.514782399] [navNode]: 未到目标点
目标位置:(-0.25, 1.75, 0.8)-[A4]-[MCU:False]-[POS:False]
当前位置:(-0.23632360994815826, 1.7721819877624512, 0.7067532539367676)
[INFO] [1775398225.614590435] [navNode]: MCU2 send back: Gdoing*
[INFO] [1775398225.615839647] [navNode]: 状态4：WaitAim--[A4]
[INFO] [1775398225.616266881] [navNode]: 未到目标点
目标位置:(-0.25, 1.75, 0.8)-[A4]-[MCU:False]-[POS:False]
当前位置:(-0.23199772834777832, 1.7933440208435059, 0.7097609043121338)
[INFO] [1775398225.714227991] [navNode]: 状态4：WaitAim--[A4]
[INFO] [1775398225.714676008] [navNode]: 未到目标点
目标位置:(-0.25, 1.75, 0.8)-[A4]-[MCU:False]-[POS:False]
当前位置:(-0.2298935502767563, 1.802795648574829, 0.7113420963287354)
[INFO] [1775398225.734252985] [navNode]: MCU2 send back: Gdoing*
[INFO] [1775398225.814574399] [navNode]: 状态4：WaitAim--[A4]
[INFO] [1775398225.815091079] [navNode]: 未到目标点
目标位置:(-0.25, 1.75, 0.8)-[A4]-[MCU:False]-[POS:False]
当前位置:(-0.22948108613491058, 1.8008005619049072, 0.711439847946167)
[INFO] [1775398225.854236253] [navNode]: MCU2 send back: Gdoing*
[INFO] [1775398225.914634057] [navNode]: 状态4：WaitAim--[A4]
[INFO] [1775398225.915142014] [navNode]: 未到目标点
目标位置:(-0.25, 1.75, 0.8)-[A4]-[MCU:False]-[POS:False]
当前位置:(-0.23094983398914337, 1.802013635635376, 0.7082464694976807)
[INFO] [1775398225.975493939] [navNode]: MCU2 send back: Gdoing*
[INFO] [1775398226.014055650] [navNode]: 状态4：WaitAim--[A4]
[INFO] [1775398226.014766943] [navNode]: 未到目标点
目标位置:(-0.25, 1.75, 0.8)-[A4]-[MCU:False]-[POS:False]
当前位置:(-0.23199839890003204, 1.806751012802124, 0.7117980122566223)
[INFO] [1775398226.096167682] [navNode]: MCU2 send back: Gdoing*
[INFO] [1775398226.114392054] [navNode]: 状态4：WaitAim--[A4]
[INFO] [1775398226.114877060] [navNode]: 未到目标点
目标位置:(-0.25, 1.75, 0.8)-[A4]-[MCU:False]-[POS:False]
当前位置:(-0.23383353650569916, 1.8042103052139282, 0.7094831466674805)
[INFO] [1775398226.214781824] [navNode]: 状态4：WaitAim--[A4]
[INFO] [1775398226.215249038] [navNode]: 未到目标点
目标位置:(-0.25, 1.75, 0.8)-[A4]-[MCU:False]-[POS:False]
当前位置:(-0.23453180491924286, 1.7996439933776855, 0.7121670246124268)
[INFO] [1775398226.219625464] [navNode]: MCU2 send back: Gdoing*
[INFO] [1775398226.313718251] [navNode]: 状态4：WaitAim--[A4]
[INFO] [1775398226.314153474] [navNode]: 未到目标点
目标位置:(-0.25, 1.75, 0.8)-[A4]-[MCU:False]-[POS:False]
当前位置:(-0.2357005774974823, 1.7974064350128174, 0.7126460075378418)
[INFO] [1775398226.335987664] [navNode]: MCU2 send back: Gdoing*
[INFO] [1775398226.415181402] [navNode]: 状态4：WaitAim--[A4]
[INFO] [1775398226.415694988] [navNode]: 未到目标点
目标位置:(-0.25, 1.75, 0.8)-[A4]-[MCU:False]-[POS:False]
当前位置:(-0.23495221138000488, 1.7962268590927124, 0.715639591217041)
[INFO] [1775398226.456653036] [navNode]: MCU2 send back: Gdoing*
[INFO] [1775398226.514821768] [navNode]: 状态4：WaitAim--[A4]
[INFO] [1775398226.515387338] [navNode]: 未到目标点
目标位置:(-0.25, 1.75, 0.8)-[A4]-[MCU:False]-[POS:False]
当前位置:(-0.23391522467136383, 1.7996811866760254, 0.720664381980896)
[INFO] [1775398226.579510832] [navNode]: MCU2 send back: Gdoing*
[INFO] [1775398226.614030415] [navNode]: 状态4：WaitAim--[A4]
[INFO] [1775398226.614535595] [navNode]: 未到目标点
目标位置:(-0.25, 1.75, 0.8)-[A4]-[MCU:False]-[POS:False]
当前位置:(-0.23342299461364746, 1.8006923198699951, 0.7257788181304932)
[INFO] [1775398226.697512299] [navNode]: MCU2 send back: Gdoing*
[INFO] [1775398226.714595188] [navNode]: 状态4：WaitAim--[A4]
[INFO] [1775398226.715151361] [navNode]: 未到目标点
目标位置:(-0.25, 1.75, 0.8)-[A4]-[MCU:False]-[POS:False]
当前位置:(-0.2329798936843872, 1.798271894454956, 0.7324818968772888)
[INFO] [1775398226.814628648] [navNode]: 状态4：WaitAim--[A4]
[INFO] [1775398226.815183333] [navNode]: 未到目标点
目标位置:(-0.25, 1.75, 0.8)-[A4]-[MCU:False]-[POS:False]
当前位置:(-0.23173551261425018, 1.7987120151519775, 0.7373818755149841)
[INFO] [1775398226.817353566] [navNode]: MCU2 send back: Gdoing*
[INFO] [1775398226.914592133] [navNode]: 状态4：WaitAim--[A4]
[INFO] [1775398226.915143341] [navNode]: 未到目标点
目标位置:(-0.25, 1.75, 0.8)-[A4]-[MCU:False]-[POS:False]
当前位置:(-0.2319067120552063, 1.8014702796936035, 0.742760419845581)
[INFO] [1775398226.937389306] [navNode]: MCU2 send back: Gdoing*
[INFO] [1775398227.015622199] [navNode]: 状态4：WaitAim--[A4]
[INFO] [1775398227.016182484] [navNode]: 未到目标点
目标位置:(-0.25, 1.75, 0.8)-[A4]-[MCU:False]-[POS:False]
当前位置:(-0.23009616136550903, 1.8005502223968506, 0.7526281476020813)
[INFO] [1775398227.059434603] [navNode]: MCU2 send back: Gdoing*
[INFO] [1775398227.113813669] [navNode]: 状态4：WaitAim--[A4]
[INFO] [1775398227.114269694] [navNode]: 未到目标点
目标位置:(-0.25, 1.75, 0.8)-[A4]-[MCU:False]-[POS:False]
当前位置:(-0.2274266630411148, 1.801300287246704, 0.7622231841087341)
[INFO] [1775398227.177219304] [navNode]: MCU2 send back: Gdone*
[INFO] [1775398227.177659312] [navNode]: mcu:已到目标点-[A4]
[INFO] [1775398227.214201297] [navNode]: 状态4：WaitAim--[A4]
[INFO] [1775398227.214745215] [navNode]: 已到目标点
目标位置:A4:(-0.25, 1.75, 0.8)-[A4]-[MCU:True]-[POS:False]
当前位置:(-0.2273901104927063, 1.8054735660552979, 0.7669342756271362)

[INFO] [1775398227.314024604] [navNode]: 状态5：ArriveAim--[A4]
[INFO] [1775398227.336905975] [navNode]: MCU2 send back: Gdone*
[INFO] [1775398227.337374212] [navNode]: mcu:已到目标点-[A4]
[INFO] [1775398227.414908977] [navNode]: 状态6：Delay--[A4]
[INFO] [1775398227.514038447] [navNode]: 状态6：Delay--[A4]
[INFO] [1775398227.614373670] [navNode]: 状态6：Delay--[A4]
[INFO] [1775398227.713830431] [navNode]: 状态6：Delay--[A4]
[INFO] [1775398227.814643051] [navNode]: 状态6：Delay--[A4]
[INFO] [1775398227.914710188] [navNode]: 状态6：Delay--[A4]
[INFO] [1775398228.014450400] [navNode]: 状态6：Delay--[A4]
[INFO] [1775398228.113516555] [navNode]: 状态6：Delay--[A4]
[INFO] [1775398228.213939471] [navNode]: 状态6：Delay--[A4]
[INFO] [1775398228.314015030] [navNode]: 状态6：Delay--[A4]
[INFO] [1775398228.358899268] [navNode]: MCU2 send back: Gdone*
[INFO] [1775398228.359303523] [navNode]: mcu:已到目标点-[A4]
[INFO] [1775398228.414085507] [navNode]: 状态6：Delay--[A4]
[INFO] [1775398228.514142396] [navNode]: 状态6：Delay--[A4]
[INFO] [1775398228.614755892] [navNode]: 状态6：Delay--[A4]
[INFO] [1775398228.715439647] [navNode]: 状态6：Delay--[A4]
[INFO] [1775398228.814761615] [navNode]: 状态6：Delay--[A4]
[INFO] [1775398228.914502074] [navNode]: 状态6：Delay--[A4]
[INFO] [1775398229.014897214] [navNode]: 状态6：Delay--[A4]
[INFO] [1775398229.113673722] [navNode]: 状态6：Delay--[A4]
[INFO] [1775398229.214728306] [navNode]: 状态6：Delay--[A4]
[INFO] [1775398229.313985824] [navNode]: 状态6：Delay--[A4]
[INFO] [1775398229.379485733] [navNode]: MCU2 send back: Gdone*
[INFO] [1775398229.379939338] [navNode]: mcu:已到目标点-[A4]
[INFO] [1775398229.413787761] [navNode]: 状态6：Delay--[A4]
[INFO] [1775398229.415940465] [navNode]: 延时结束,QR识别结果:前，后
[INFO] [1775398229.514253482] [navNode]: 状态6：Delay--[A4]
[INFO] [1775398229.614412304] [navNode]: 状态3：SetAim--[A4]
[INFO] [1775398229.629155671] [navNode]: G-02500+17500+12000 发送成功 → 飞行站已调用：G-02500+17500+12000服务
[INFO] [1775398229.656310684] [navNode]: MCU2 send back: -02500+17500+12000
[INFO] [1775398229.714358670] [navNode]: 状态4：WaitAim--[A1]
[INFO] [1775398229.714888654] [navNode]: 未到目标点
目标位置:(-0.25, 1.75, 1.2)-[A1]-[MCU:False]-[POS:False]
当前位置:(-0.23821838200092316, 1.8075284957885742, 0.8653680682182312)
[INFO] [1775398229.739693907] [navNode]: MCU2 send back: Gdoing*
[INFO] [1775398229.814550375] [navNode]: 状态4：WaitAim--[A1]
[INFO] [1775398229.815045348] [navNode]: 未到目标点
目标位置:(-0.25, 1.75, 1.2)-[A1]-[MCU:False]-[POS:False]
当前位置:(-0.2434287965297699, 1.8003721237182617, 0.8614246845245361)
[INFO] [1775398229.859644631] [navNode]: MCU2 send back: Gdoing*
[INFO] [1775398229.913816708] [navNode]: 状态4：WaitAim--[A1]
[INFO] [1775398229.914315372] [navNode]: 未到目标点
目标位置:(-0.25, 1.75, 1.2)-[A1]-[MCU:False]-[POS:False]
当前位置:(-0.2469300627708435, 1.7884750366210938, 0.8662243485450745)
[INFO] [1775398229.980721852] [navNode]: MCU2 send back: Gdoing*
[INFO] [1775398230.013728850] [navNode]: 状态4：WaitAim--[A1]
[INFO] [1775398230.014259670] [navNode]: 未到目标点
目标位置:(-0.25, 1.75, 1.2)-[A1]-[MCU:False]-[POS:False]
当前位置:(-0.2505039870738983, 1.7891563177108765, 0.8837020993232727)
[INFO] [1775398230.101107197] [navNode]: MCU2 send back: Gdoing*
[INFO] [1775398230.114210268] [navNode]: 状态4：WaitAim--[A1]
[INFO] [1775398230.114844875] [navNode]: 未到目标点
目标位置:(-0.25, 1.75, 1.2)-[A1]-[MCU:False]-[POS:False]
当前位置:(-0.25371772050857544, 1.7855892181396484, 0.9016602039337158)
[INFO] [1775398230.215869580] [navNode]: 状态4：WaitAim--[A1]
[INFO] [1775398230.216436190] [navNode]: 未到目标点
目标位置:(-0.25, 1.75, 1.2)-[A1]-[MCU:False]-[POS:False]
当前位置:(-0.2561574876308441, 1.7835196256637573, 0.9263579249382019)
[INFO] [1775398230.220887658] [navNode]: MCU2 send back: Gdoing*
[INFO] [1775398230.315118001] [navNode]: 状态4：WaitAim--[A1]
[INFO] [1775398230.315638961] [navNode]: 未到目标点
目标位置:(-0.25, 1.75, 1.2)-[A1]-[MCU:False]-[POS:False]
当前位置:(-0.2603215277194977, 1.7708868980407715, 0.950526773929596)
[INFO] [1775398230.340445416] [navNode]: MCU2 send back: Gdoing*
[INFO] [1775398230.414220624] [navNode]: 状态4：WaitAim--[A1]
[INFO] [1775398230.414751969] [navNode]: 未到目标点
目标位置:(-0.25, 1.75, 1.2)-[A1]-[MCU:False]-[POS:False]
当前位置:(-0.2625580430030823, 1.7797207832336426, 0.9813501834869385)
[INFO] [1775398230.461716723] [navNode]: MCU2 send back: Gdoing*
[INFO] [1775398230.514964633] [navNode]: 状态4：WaitAim--[A1]
[INFO] [1775398230.515444394] [navNode]: 未到目标点
目标位置:(-0.25, 1.75, 1.2)-[A1]-[MCU:False]-[POS:False]
当前位置:(-0.26520243287086487, 1.7752472162246704, 1.0094705820083618)
[INFO] [1775398230.583276583] [navNode]: MCU2 send back: Gdoing*
[INFO] [1775398230.614159073] [navNode]: 状态4：WaitAim--[A1]
[INFO] [1775398230.614637139] [navNode]: 未到目标点
目标位置:(-0.25, 1.75, 1.2)-[A1]-[MCU:False]-[POS:False]
当前位置:(-0.26796290278434753, 1.7760863304138184, 1.039126992225647)
[INFO] [1775398230.701748402] [navNode]: MCU2 send back: Gdoing*
[INFO] [1775398230.713968079] [navNode]: 状态4：WaitAim--[A1]
[INFO] [1775398230.714432459] [navNode]: 未到目标点
目标位置:(-0.25, 1.75, 1.2)-[A1]-[MCU:False]-[POS:False]
当前位置:(-0.26962822675704956, 1.7621616125106812, 1.0625627040863037)
[INFO] [1775398230.815141077] [navNode]: 状态4：WaitAim--[A1]
[INFO] [1775398230.815621149] [navNode]: 未到目标点
目标位置:(-0.25, 1.75, 1.2)-[A1]-[MCU:False]-[POS:False]
当前位置:(-0.272249698638916, 1.7561264038085938, 1.0827388763427734)
[INFO] [1775398230.823410558] [navNode]: MCU2 send back: Gdoing*
[INFO] [1775398230.914116726] [navNode]: 状态4：WaitAim--[A1]
[INFO] [1775398230.914882851] [navNode]: 未到目标点
目标位置:(-0.25, 1.75, 1.2)-[A1]-[MCU:False]-[POS:False]
当前位置:(-0.27231478691101074, 1.754320740699768, 1.102782130241394)
[INFO] [1775398230.941504611] [navNode]: MCU2 send back: Gdoing*
[INFO] [1775398231.014934749] [navNode]: 状态4：WaitAim--[A1]
[INFO] [1775398231.015715007] [navNode]: 未到目标点
目标位置:(-0.25, 1.75, 1.2)-[A1]-[MCU:False]-[POS:False]
当前位置:(-0.27361515164375305, 1.7493678331375122, 1.1197242736816406)
[INFO] [1775398231.062001190] [navNode]: MCU2 send back: Gdoing*
[INFO] [1775398231.113985578] [navNode]: 状态4：WaitAim--[A1]
[INFO] [1775398231.114460309] [navNode]: 未到目标点
目标位置:(-0.25, 1.75, 1.2)-[A1]-[MCU:False]-[POS:False]
当前位置:(-0.27387145161628723, 1.7409682273864746, 1.135345220565796)
[INFO] [1775398231.186261943] [navNode]: MCU2 send back: Gdone*
[INFO] [1775398231.186786055] [navNode]: mcu:已到目标点-[A1]
[INFO] [1775398231.214590721] [navNode]: 状态4：WaitAim--[A1]
[INFO] [1775398231.215285565] [navNode]: 已到目标点
目标位置:A1:(-0.25, 1.75, 1.2)-[A1]-[MCU:True]-[POS:False]
当前位置:(-0.27249425649642944, 1.7394368648529053, 1.1476472616195679)

[INFO] [1775398231.315059216] [navNode]: 状态5：ArriveAim--[A1]
[INFO] [1775398231.414110864] [navNode]: 状态6：Delay--[A1]
[INFO] [1775398231.421672542] [navNode]: MCU2 send back: Gdone*
[INFO] [1775398231.422164782] [navNode]: mcu:已到目标点-[A1]
[INFO] [1775398231.514388961] [navNode]: 状态6：Delay--[A1]
[INFO] [1775398231.613809244] [navNode]: 状态6：Delay--[A1]
[INFO] [1775398231.713765288] [navNode]: 状态6：Delay--[A1]
[INFO] [1775398231.814005461] [navNode]: 状态6：Delay--[A1]
[INFO] [1775398231.915066060] [navNode]: 状态6：Delay--[A1]
[INFO] [1775398232.014900942] [navNode]: 状态6：Delay--[A1]
[INFO] [1775398232.114503909] [navNode]: 状态6：Delay--[A1]
[INFO] [1775398232.214488540] [navNode]: 状态6：Delay--[A1]
[INFO] [1775398232.313802415] [navNode]: 状态6：Delay--[A1]
[INFO] [1775398232.414352430] [navNode]: 状态6：Delay--[A1]
[INFO] [1775398232.443374793] [navNode]: MCU2 send back: Gdone*
[INFO] [1775398232.443729336] [navNode]: mcu:已到目标点-[A1]
[INFO] [1775398232.514107004] [navNode]: 状态6：Delay--[A1]
[INFO] [1775398232.613981485] [navNode]: 状态6：Delay--[A1]
[INFO] [1775398232.715573923] [navNode]: 状态6：Delay--[A1]
[INFO] [1775398232.813776512] [navNode]: 状态6：Delay--[A1]
[INFO] [1775398232.915548574] [navNode]: 状态6：Delay--[A1]
[INFO] [1775398233.014310768] [navNode]: 状态6：Delay--[A1]
[INFO] [1775398233.114009566] [navNode]: 状态6：Delay--[A1]
[INFO] [1775398233.213979309] [navNode]: 状态6：Delay--[A1]
[INFO] [1775398233.313767751] [navNode]: 状态6：Delay--[A1]
[INFO] [1775398233.414205610] [navNode]: 状态6：Delay--[A1]
[INFO] [1775398233.415279533] [navNode]: 延时结束,QR识别结果:前，后
[INFO] [1775398233.464658876] [navNode]: MCU2 send back: Gdone*
[INFO] [1775398233.465102958] [navNode]: mcu:已到目标点-[A1]
[INFO] [1775398233.514859772] [navNode]: 状态6：Delay--[A1]
[INFO] [1775398233.613680278] [navNode]: 状态3：SetAim--[A1]
[INFO] [1775398233.624286577] [navNode]: G-02500+20000+07000 发送成功 → 飞行站已调用：G-02500+20000+07000服务
[INFO] [1775398233.652422201] [navNode]: MCU2 send back: -02500+20000+07000
[INFO] [1775398233.715869786] [navNode]: 状态4：WaitAim--[UpSide1]
[INFO] [1775398233.716725246] [navNode]: 未到目标点
目标位置:(-0.25, 2.0, 0.7)-[UpSide1]-[MCU:False]-[POS:False]
当前位置:(-0.2591911256313324, 1.7382997274398804, 1.2338101863861084)
[INFO] [1775398233.745327564] [navNode]: MCU2 send back: Gdoing*
[INFO] [1775398233.816134024] [navNode]: 状态4：WaitAim--[UpSide1]
[INFO] [1775398233.816714344] [navNode]: 未到目标点
目标位置:(-0.25, 2.0, 0.7)-[UpSide1]-[MCU:False]-[POS:False]
当前位置:(-0.2570059895515442, 1.7400181293487549, 1.2347928285598755)
[INFO] [1775398233.866357563] [navNode]: MCU2 send back: Gdoing*
[INFO] [1775398233.914872021] [navNode]: 状态4：WaitAim--[UpSide1]
[INFO] [1775398233.915419736] [navNode]: 未到目标点
目标位置:(-0.25, 2.0, 0.7)-[UpSide1]-[MCU:False]-[POS:False]
当前位置:(-0.2565116584300995, 1.7542784214019775, 1.2341504096984863)
[INFO] [1775398233.986003626] [navNode]: MCU2 send back: Gdoing*
[INFO] [1775398234.014682212] [navNode]: 状态4：WaitAim--[UpSide1]
[INFO] [1775398234.015197280] [navNode]: 未到目标点
目标位置:(-0.25, 2.0, 0.7)-[UpSide1]-[MCU:False]-[POS:False]
当前位置:(-0.2551587224006653, 1.7548563480377197, 1.2233141660690308)
[INFO] [1775398234.104928314] [navNode]: MCU2 send back: Gdoing*
[INFO] [1775398234.113886942] [navNode]: 状态4：WaitAim--[UpSide1]
[INFO] [1775398234.115105329] [navNode]: 未到目标点
目标位置:(-0.25, 2.0, 0.7)-[UpSide1]-[MCU:False]-[POS:False]
当前位置:(-0.2543012499809265, 1.763399362564087, 1.2119104862213135)
[INFO] [1775398234.214276554] [navNode]: 状态4：WaitAim--[UpSide1]
[INFO] [1775398234.214851315] [navNode]: 未到目标点
目标位置:(-0.25, 2.0, 0.7)-[UpSide1]-[MCU:False]-[POS:False]
当前位置:(-0.2550598978996277, 1.7665091753005981, 1.1958389282226562)
[INFO] [1775398234.225021378] [navNode]: MCU2 send back: Gdoing*
[INFO] [1775398234.314646828] [navNode]: 状态4：WaitAim--[UpSide1]
[INFO] [1775398234.315336580] [navNode]: 未到目标点
目标位置:(-0.25, 2.0, 0.7)-[UpSide1]-[MCU:False]-[POS:False]
当前位置:(-0.2555302083492279, 1.7872964143753052, 1.1782429218292236)
[INFO] [1775398234.346230312] [navNode]: MCU2 send back: Gdoing*
[INFO] [1775398234.413853552] [navNode]: 状态4：WaitAim--[UpSide1]
[INFO] [1775398234.414347651] [navNode]: 未到目标点
目标位置:(-0.25, 2.0, 0.7)-[UpSide1]-[MCU:False]-[POS:False]
当前位置:(-0.25664791464805603, 1.7995580434799194, 1.16409170627594)
[INFO] [1775398234.466284801] [navNode]: MCU2 send back: Gdoing*
[INFO] [1775398234.513848312] [navNode]: 状态4：WaitAim--[UpSide1]
[INFO] [1775398234.514390997] [navNode]: 未到目标点
目标位置:(-0.25, 2.0, 0.7)-[UpSide1]-[MCU:False]-[POS:False]
当前位置:(-0.25821906328201294, 1.8220516443252563, 1.146854043006897)
[INFO] [1775398234.587770942] [navNode]: MCU2 send back: Gdoing*
[INFO] [1775398234.615137029] [navNode]: 状态4：WaitAim--[UpSide1]
[INFO] [1775398234.615669667] [navNode]: 未到目标点
目标位置:(-0.25, 2.0, 0.7)-[UpSide1]-[MCU:False]-[POS:False]
当前位置:(-0.2588196098804474, 1.8363361358642578, 1.130886197090149)
[INFO] [1775398234.707141436] [navNode]: MCU2 send back: Gdoing*
[INFO] [1775398234.714445556] [navNode]: 状态4：WaitAim--[UpSide1]
[INFO] [1775398234.714942587] [navNode]: 未到目标点
目标位置:(-0.25, 2.0, 0.7)-[UpSide1]-[MCU:False]-[POS:False]
当前位置:(-0.25843751430511475, 1.857372522354126, 1.1105337142944336)
[INFO] [1775398234.814436386] [navNode]: 状态4：WaitAim--[UpSide1]
[INFO] [1775398234.814901535] [navNode]: 未到目标点
目标位置:(-0.25, 2.0, 0.7)-[UpSide1]-[MCU:False]-[POS:False]
当前位置:(-0.2585775554180145, 1.8775345087051392, 1.0913106203079224)
[INFO] [1775398234.825809294] [navNode]: MCU2 send back: Gdoing*
[INFO] [1775398234.914918756] [navNode]: 状态4：WaitAim--[UpSide1]
[INFO] [1775398234.915422520] [navNode]: 未到目标点
目标位置:(-0.25, 2.0, 0.7)-[UpSide1]-[MCU:False]-[POS:False]
当前位置:(-0.2593272924423218, 1.8844631910324097, 1.0736267566680908)
[INFO] [1775398234.946055481] [navNode]: MCU2 send back: Gdoing*
[INFO] [1775398235.013929425] [navNode]: 状态4：WaitAim--[UpSide1]
[INFO] [1775398235.014522940] [navNode]: 未到目标点
目标位置:(-0.25, 2.0, 0.7)-[UpSide1]-[MCU:False]-[POS:False]
当前位置:(-0.25939786434173584, 1.9104909896850586, 1.0576586723327637)
[INFO] [1775398235.066118006] [navNode]: MCU2 send back: Gdoing*
[INFO] [1775398235.114204216] [navNode]: 状态4：WaitAim--[UpSide1]
[INFO] [1775398235.114707312] [navNode]: 未到目标点
目标位置:(-0.25, 2.0, 0.7)-[UpSide1]-[MCU:False]-[POS:False]
当前位置:(-0.26314130425453186, 1.9144842624664307, 1.040474534034729)
[INFO] [1775398235.186249986] [navNode]: MCU2 send back: Gdoing*
[INFO] [1775398235.214036773] [navNode]: 状态4：WaitAim--[UpSide1]
[INFO] [1775398235.214489880] [navNode]: 未到目标点
目标位置:(-0.25, 2.0, 0.7)-[UpSide1]-[MCU:False]-[POS:False]
当前位置:(-0.26445674896240234, 1.9303600788116455, 1.0209431648254395)
[INFO] [1775398235.306943730] [navNode]: MCU2 send back: Gdoing*
[INFO] [1775398235.314323887] [navNode]: 状态4：WaitAim--[UpSide1]
[INFO] [1775398235.314829067] [navNode]: 未到目标点
目标位置:(-0.25, 2.0, 0.7)-[UpSide1]-[MCU:False]-[POS:False]
当前位置:(-0.2674769461154938, 1.9387158155441284, 1.0028815269470215)
[INFO] [1775398235.415293806] [navNode]: 状态4：WaitAim--[UpSide1]
[INFO] [1775398235.415821412] [navNode]: 未到目标点
目标位置:(-0.25, 2.0, 0.7)-[UpSide1]-[MCU:False]-[POS:False]
当前位置:(-0.2692679762840271, 1.9468282461166382, 0.9866068959236145)
[INFO] [1775398235.425941967] [navNode]: MCU2 send back: Gdoing*
[INFO] [1775398235.513895084] [navNode]: 状态4：WaitAim--[UpSide1]
[INFO] [1775398235.514360626] [navNode]: 未到目标点
目标位置:(-0.25, 2.0, 0.7)-[UpSide1]-[MCU:False]-[POS:False]
当前位置:(-0.2715524733066559, 1.9616365432739258, 0.9676958322525024)
[INFO] [1775398235.547608105] [navNode]: MCU2 send back: Gdoing*
[INFO] [1775398235.614415769] [navNode]: 状态4：WaitAim--[UpSide1]
[INFO] [1775398235.614962475] [navNode]: 未到目标点
目标位置:(-0.25, 2.0, 0.7)-[UpSide1]-[MCU:False]-[POS:False]
当前位置:(-0.27125200629234314, 1.965623378753662, 0.9537326693534851)
[INFO] [1775398235.667387527] [navNode]: MCU2 send back: Gdoing*
[INFO] [1775398235.714434409] [navNode]: 状态4：WaitAim--[UpSide1]
[INFO] [1775398235.714929989] [navNode]: 未到目标点
目标位置:(-0.25, 2.0, 0.7)-[UpSide1]-[MCU:False]-[POS:False]
当前位置:(-0.2744769752025604, 1.9715920686721802, 0.9321236610412598)
[INFO] [1775398235.787447934] [navNode]: MCU2 send back: Gdoing*
[INFO] [1775398235.813970351] [navNode]: 状态4：WaitAim--[UpSide1]
[INFO] [1775398235.814481299] [navNode]: 未到目标点
目标位置:(-0.25, 2.0, 0.7)-[UpSide1]-[MCU:False]-[POS:False]
当前位置:(-0.2759953439235687, 1.9801665544509888, 0.9131081104278564)
[INFO] [1775398235.910433168] [navNode]: MCU2 send back: Gdoing*
[INFO] [1775398235.913671136] [navNode]: 状态4：WaitAim--[UpSide1]
[INFO] [1775398235.914268516] [navNode]: 未到目标点
目标位置:(-0.25, 2.0, 0.7)-[UpSide1]-[MCU:False]-[POS:False]
当前位置:(-0.2744322121143341, 1.9900741577148438, 0.8964865803718567)
[INFO] [1775398236.014532642] [navNode]: 状态4：WaitAim--[UpSide1]
[INFO] [1775398236.015039463] [navNode]: 未到目标点
目标位置:(-0.25, 2.0, 0.7)-[UpSide1]-[MCU:False]-[POS:False]
当前位置:(-0.2740076780319214, 1.9907656908035278, 0.8823105692863464)
[INFO] [1775398236.029340634] [navNode]: MCU2 send back: Gdoing*
[INFO] [1775398236.114799621] [navNode]: 状态4：WaitAim--[UpSide1]
[INFO] [1775398236.115287401] [navNode]: 未到目标点
目标位置:(-0.25, 2.0, 0.7)-[UpSide1]-[MCU:False]-[POS:False]
当前位置:(-0.2739280164241791, 1.9924169778823853, 0.8670352101325989)
[INFO] [1775398236.148071214] [navNode]: MCU2 send back: Gdoing*
[INFO] [1775398236.213994498] [navNode]: 状态4：WaitAim--[UpSide1]
[INFO] [1775398236.214996963] [navNode]: 未到目标点
目标位置:(-0.25, 2.0, 0.7)-[UpSide1]-[MCU:False]-[POS:False]
当前位置:(-0.27255547046661377, 2.000718832015991, 0.8549471497535706)
[INFO] [1775398236.267901503] [navNode]: MCU2 send back: Gdoing*
[INFO] [1775398236.314143244] [navNode]: 状态4：WaitAim--[UpSide1]
[INFO] [1775398236.314634337] [navNode]: 未到目标点
目标位置:(-0.25, 2.0, 0.7)-[UpSide1]-[MCU:False]-[POS:False]
当前位置:(-0.27316638827323914, 2.0030956268310547, 0.8445753455162048)
[INFO] [1775398236.390456063] [navNode]: MCU2 send back: Gdoing*
[INFO] [1775398236.415678642] [navNode]: 状态4：WaitAim--[UpSide1]
[INFO] [1775398236.416332462] [navNode]: 未到目标点
目标位置:(-0.25, 2.0, 0.7)-[UpSide1]-[MCU:False]-[POS:False]
当前位置:(-0.27372440695762634, 1.9983034133911133, 0.8335520625114441)
[INFO] [1775398236.509270646] [navNode]: MCU2 send back: Gdoing*
[INFO] [1775398236.514075071] [navNode]: 状态4：WaitAim--[UpSide1]
[INFO] [1775398236.514572519] [navNode]: 未到目标点
目标位置:(-0.25, 2.0, 0.7)-[UpSide1]-[MCU:False]-[POS:False]
当前位置:(-0.27242395281791687, 2.000248908996582, 0.8284580111503601)
[INFO] [1775398236.614941037] [navNode]: 状态4：WaitAim--[UpSide1]
[INFO] [1775398236.615464303] [navNode]: 未到目标点
目标位置:(-0.25, 2.0, 0.7)-[UpSide1]-[MCU:False]-[POS:False]
当前位置:(-0.273042768239975, 2.0056211948394775, 0.8169209957122803)
[INFO] [1775398236.629683388] [navNode]: MCU2 send back: Gdoing*
[INFO] [1775398236.715205088] [navNode]: 状态4：WaitAim--[UpSide1]
[INFO] [1775398236.715724297] [navNode]: 未到目标点
目标位置:(-0.25, 2.0, 0.7)-[UpSide1]-[MCU:False]-[POS:False]
当前位置:(-0.271870493888855, 2.0094919204711914, 0.8105323910713196)
[INFO] [1775398236.755927620] [navNode]: MCU2 send back: Gdoing*
[INFO] [1775398236.814346971] [navNode]: 状态4：WaitAim--[UpSide1]
[INFO] [1775398236.814898047] [navNode]: 未到目标点
目标位置:(-0.25, 2.0, 0.7)-[UpSide1]-[MCU:False]-[POS:False]
当前位置:(-0.2719617187976837, 2.0112054347991943, 0.8048042058944702)
[INFO] [1775398236.871991962] [navNode]: MCU2 send back: Gdoing*
[INFO] [1775398236.914463229] [navNode]: 状态4：WaitAim--[UpSide1]
[INFO] [1775398236.915212223] [navNode]: 未到目标点
目标位置:(-0.25, 2.0, 0.7)-[UpSide1]-[MCU:False]-[POS:False]
当前位置:(-0.2708924114704132, 2.012301206588745, 0.8006633520126343)
[INFO] [1775398236.991551917] [navNode]: MCU2 send back: Gdoing*
[INFO] [1775398237.014557541] [navNode]: 状态4：WaitAim--[UpSide1]
[INFO] [1775398237.015424469] [navNode]: 未到目标点
目标位置:(-0.25, 2.0, 0.7)-[UpSide1]-[MCU:False]-[POS:False]
当前位置:(-0.26975294947624207, 2.0146219730377197, 0.7959873676300049)
[INFO] [1775398237.111039923] [navNode]: MCU2 send back: Gdoing*
[INFO] [1775398237.114550732] [navNode]: 状态4：WaitAim--[UpSide1]
[INFO] [1775398237.115081528] [navNode]: 未到目标点
目标位置:(-0.25, 2.0, 0.7)-[UpSide1]-[MCU:False]-[POS:False]
当前位置:(-0.2673507332801819, 2.0250182151794434, 0.7945423126220703)
[INFO] [1775398237.213887478] [navNode]: 状态4：WaitAim--[UpSide1]
[INFO] [1775398237.214379557] [navNode]: 未到目标点
目标位置:(-0.25, 2.0, 0.7)-[UpSide1]-[MCU:False]-[POS:False]
当前位置:(-0.26406726241111755, 2.0313174724578857, 0.7929600477218628)
[INFO] [1775398237.232499370] [navNode]: MCU2 send back: Gdoing*
[INFO] [1775398237.314453985] [navNode]: 状态4：WaitAim--[UpSide1]
[INFO] [1775398237.315433549] [navNode]: 未到目标点
目标位置:(-0.25, 2.0, 0.7)-[UpSide1]-[MCU:False]-[POS:False]
当前位置:(-0.2621217668056488, 2.0275075435638428, 0.7876487374305725)
[INFO] [1775398237.353502952] [navNode]: MCU2 send back: Gdoing*
[INFO] [1775398237.415780710] [navNode]: 状态4：WaitAim--[UpSide1]
[INFO] [1775398237.416422238] [navNode]: 未到目标点
目标位置:(-0.25, 2.0, 0.7)-[UpSide1]-[MCU:False]-[POS:False]
当前位置:(-0.2579275667667389, 2.0346505641937256, 0.7836203575134277)
[INFO] [1775398237.472408810] [navNode]: MCU2 send back: Gdoing*
[INFO] [1775398237.514645926] [navNode]: 状态4：WaitAim--[UpSide1]
[INFO] [1775398237.515096471] [navNode]: 未到目标点
目标位置:(-0.25, 2.0, 0.7)-[UpSide1]-[MCU:False]-[POS:False]
当前位置:(-0.2547609806060791, 2.0343618392944336, 0.7799079418182373)
[INFO] [1775398237.591378691] [navNode]: MCU2 send back: Gdoing*
[INFO] [1775398237.613575771] [navNode]: 状态4：WaitAim--[UpSide1]
[INFO] [1775398237.614337822] [navNode]: 未到目标点
目标位置:(-0.25, 2.0, 0.7)-[UpSide1]-[MCU:False]-[POS:False]
当前位置:(-0.2524915337562561, 2.0378856658935547, 0.774955689907074)
[INFO] [1775398237.713933502] [navNode]: MCU2 send back: Gdoing*
[INFO] [1775398237.715852687] [navNode]: 状态4：WaitAim--[UpSide1]
[INFO] [1775398237.716273960] [navNode]: 未到目标点
目标位置:(-0.25, 2.0, 0.7)-[UpSide1]-[MCU:False]-[POS:False]
当前位置:(-0.2510879933834076, 2.0328938961029053, 0.7741300463676453)
[INFO] [1775398237.813548202] [navNode]: 状态4：WaitAim--[UpSide1]
[INFO] [1775398237.814246624] [navNode]: 未到目标点
目标位置:(-0.25, 2.0, 0.7)-[UpSide1]-[MCU:False]-[POS:False]
当前位置:(-0.24949197471141815, 2.0294718742370605, 0.7736068964004517)
[INFO] [1775398237.832053603] [navNode]: MCU2 send back: Gdoing*
[INFO] [1775398237.915361277] [navNode]: 状态4：WaitAim--[UpSide1]
[INFO] [1775398237.915821154] [navNode]: 未到目标点
目标位置:(-0.25, 2.0, 0.7)-[UpSide1]-[MCU:False]-[POS:False]
当前位置:(-0.24756577610969543, 2.028275966644287, 0.766994297504425)
[INFO] [1775398237.952891135] [navNode]: MCU2 send back: Gdoing*
[INFO] [1775398238.014174865] [navNode]: 状态4：WaitAim--[UpSide1]
[INFO] [1775398238.014738116] [navNode]: 未到目标点
目标位置:(-0.25, 2.0, 0.7)-[UpSide1]-[MCU:False]-[POS:False]
当前位置:(-0.2448214590549469, 2.026312828063965, 0.7604527473449707)
[INFO] [1775398238.073217788] [navNode]: MCU2 send back: Gdone*
[INFO] [1775398238.073671592] [navNode]: mcu:已到目标点-[UpSide1]
[INFO] [1775398238.114902940] [navNode]: 状态4：WaitAim--[UpSide1]
[INFO] [1775398238.115898050] [navNode]: 已到目标点
目标位置:UpSide1:(-0.25, 2.0, 0.7)-[UpSide1]-[MCU:True]-[POS:False]
当前位置:(-0.24259348213672638, 2.023780345916748, 0.7594513297080994)

[INFO] [1775398238.214193536] [navNode]: 状态5：ArriveAim--[UpSide1]
[INFO] [1775398238.313927555] [navNode]: 状态3：SetAim--[UpSide1]
[INFO] [1775398238.323309938] [navNode]: normalLand 发送成功 → 飞行站已调用：normalLand服务
[INFO] [1775398238.346508338] [navNode]: MCU2 send back: normalLandok
[INFO] [1775398238.414595694] [navNode]: 状态7：Land--[降落开始]
[INFO] [1775398238.415155649] [navNode]: 未到目标点
目标位置:(0.75, 2.0, 0.7)-[LandPos]-[MCU:False]-[POS:False]
当前位置:(-0.24447426199913025, 2.007941961288452, 0.7476929426193237)
[INFO] [1775398238.514513910] [navNode]: 状态7：Land--[降落开始]
[INFO] [1775398238.515006339] [navNode]: 未到目标点
目标位置:(0.75, 2.0, 0.7)-[LandPos]-[MCU:False]-[POS:False]
当前位置:(-0.2439880520105362, 2.004913091659546, 0.7374939918518066)
[INFO] [1775398238.613761139] [navNode]: 状态7：Land--[降落开始]
[INFO] [1775398238.614358112] [navNode]: 未到目标点
目标位置:(0.75, 2.0, 0.7)-[LandPos]-[MCU:False]-[POS:False]
当前位置:(-0.24549727141857147, 2.00296688079834, 0.7022687196731567)
[INFO] [1775398238.713669644] [navNode]: 状态7：Land--[降落开始]
[INFO] [1775398238.714154244] [navNode]: 未到目标点
目标位置:(0.75, 2.0, 0.7)-[LandPos]-[MCU:False]-[POS:False]
当前位置:(-0.24492795765399933, 2.0052943229675293, 0.665598452091217)
[INFO] [1775398238.813707009] [navNode]: 状态7：Land--[降落开始]
[INFO] [1775398238.814376390] [navNode]: 未到目标点
目标位置:(0.75, 2.0, 0.7)-[LandPos]-[MCU:False]-[POS:False]
当前位置:(-0.24517770111560822, 2.002692222595215, 0.620117723941803)
[INFO] [1775398238.914090551] [navNode]: 状态7：Land--[降落开始]
[INFO] [1775398238.914517124] [navNode]: 未到目标点
目标位置:(0.75, 2.0, 0.7)-[LandPos]-[MCU:False]-[POS:False]
当前位置:(-0.24560993909835815, 2.002830743789673, 0.5694555640220642)
[INFO] [1775398239.014163846] [navNode]: 状态7：Land--[降落开始]
[INFO] [1775398239.015105680] [navNode]: 未到目标点
目标位置:(0.75, 2.0, 0.7)-[LandPos]-[MCU:False]-[POS:False]
当前位置:(-0.24706140160560608, 2.0029594898223877, 0.5271536707878113)
[INFO] [1775398239.114632698] [navNode]: 状态7：Land--[降落开始]
[INFO] [1775398239.115149143] [navNode]: 未到目标点
目标位置:(0.75, 2.0, 0.7)-[LandPos]-[MCU:False]-[POS:False]
当前位置:(-0.24862141907215118, 2.0043468475341797, 0.46191784739494324)
[INFO] [1775398239.214185916] [navNode]: 状态7：Land--[降落开始]
[INFO] [1775398239.214641134] [navNode]: 未到目标点
目标位置:(0.75, 2.0, 0.7)-[LandPos]-[MCU:False]-[POS:False]
当前位置:(-0.25191253423690796, 2.004074811935425, 0.406393438577652)
[INFO] [1775398239.313919826] [navNode]: 状态7：Land--[降落开始]
[INFO] [1775398239.314329803] [navNode]: 未到目标点
目标位置:(0.75, 2.0, 0.7)-[LandPos]-[MCU:False]-[POS:False]
当前位置:(-0.25420689582824707, 2.006258964538574, 0.3530212640762329)
[INFO] [1775398239.414604356] [navNode]: 状态7：Land--[降落开始]
[INFO] [1775398239.415322096] [navNode]: 未到目标点
目标位置:(0.75, 2.0, 0.7)-[LandPos]-[MCU:False]-[POS:False]
当前位置:(-0.2549983561038971, 2.0085322856903076, 0.2997382879257202)
[INFO] [1775398239.514619570] [navNode]: 状态7：Land--[降落开始]
[INFO] [1775398239.515057849] [navNode]: 未到目标点
目标位置:(0.75, 2.0, 0.7)-[LandPos]-[MCU:False]-[POS:False]
当前位置:(-0.2572987973690033, 2.0052449703216553, 0.24357923865318298)
[INFO] [1775398239.613418500] [navNode]: 状态7：Land--[降落开始]
[INFO] [1775398239.613807533] [navNode]: 未到目标点
目标位置:(0.75, 2.0, 0.7)-[LandPos]-[MCU:False]-[POS:False]
当前位置:(-0.2594602108001709, 2.0085384845733643, 0.19419331848621368)
[INFO] [1775398239.714228011] [navNode]: 状态7：Land--[降落开始]
[INFO] [1775398239.714619894] [navNode]: 未到目标点
目标位置:(0.75, 2.0, 0.7)-[LandPos]-[MCU:False]-[POS:False]
当前位置:(-0.261840283870697, 2.0055365562438965, 0.14619436860084534)
[INFO] [1775398239.814224290] [navNode]: 状态7：Land--[降落开始]
[INFO] [1775398239.814685888] [navNode]: 未到目标点
目标位置:(0.75, 2.0, 0.7)-[LandPos]-[MCU:False]-[POS:False]
当前位置:(-0.2621272802352905, 2.0125417709350586, 0.1013469323515892)
[INFO] [1775398239.914435329] [navNode]: 状态7：Land--[降落开始]
[INFO] [1775398239.914895630] [navNode]: 未到目标点
目标位置:(0.75, 2.0, 0.7)-[LandPos]-[MCU:False]-[POS:False]
当前位置:(-0.26454249024391174, 2.012498378753662, 0.061578720808029175)
[INFO] [1775398240.014048157] [navNode]: 状态7：Land--[降落开始]
[INFO] [1775398240.014444585] [navNode]: 未到目标点
目标位置:(0.75, 2.0, 0.7)-[LandPos]-[MCU:False]-[POS:False]
当前位置:(-0.2657463848590851, 1.9976582527160645, 0.03774771839380264)
[INFO] [1775398240.115279172] [navNode]: 状态7：Land--[降落开始]
[INFO] [1775398240.115704247] [navNode]: 未到目标点
目标位置:(0.75, 2.0, 0.7)-[LandPos]-[MCU:False]-[POS:False]
当前位置:(-0.2658034563064575, 2.0123953819274902, 0.02365751378238201)
[INFO] [1775398240.214517166] [navNode]: 状态7：Land--[降落开始]
[INFO] [1775398240.215247257] [navNode]: 未到目标点
目标位置:(0.75, 2.0, 0.7)-[LandPos]-[MCU:False]-[POS:False]
当前位置:(-0.26769283413887024, 2.020252227783203, 0.02639821544289589)
[INFO] [1775398240.313962145] [navNode]: 状态7：Land--[降落开始]
[INFO] [1775398240.314384092] [navNode]: 未到目标点
目标位置:(0.75, 2.0, 0.7)-[LandPos]-[MCU:False]-[POS:False]
当前位置:(-0.271156907081604, 2.01523494720459, 0.032314233481884)
[INFO] [1775398240.414127006] [navNode]: 状态7：Land--[降落开始]
[INFO] [1775398240.414555704] [navNode]: 未到目标点
目标位置:(0.75, 2.0, 0.7)-[LandPos]-[MCU:False]-[POS:False]
当前位置:(-0.26809975504875183, 2.0144355297088623, 0.0411338247358799)
[INFO] [1775398240.514450373] [navNode]: 状态7：Land--[降落开始]
[INFO] [1775398240.514940245] [navNode]: 未到目标点
目标位置:(0.75, 2.0, 0.7)-[LandPos]-[MCU:False]-[POS:False]
当前位置:(-0.2698214054107666, 2.0111405849456787, 0.04852110892534256)
[INFO] [1775398240.614396455] [navNode]: 状态7：Land--[降落开始]
[INFO] [1775398240.614889196] [navNode]: 未到目标点
目标位置:(0.75, 2.0, 0.7)-[LandPos]-[MCU:False]-[POS:False]
当前位置:(-0.26927873492240906, 2.0127196311950684, 0.047660890966653824)
[INFO] [1775398240.713828778] [navNode]: 状态7：Land--[降落开始]
[INFO] [1775398240.714243931] [navNode]: 未到目标点
目标位置:(0.75, 2.0, 0.7)-[LandPos]-[MCU:False]-[POS:False]
当前位置:(-0.26705455780029297, 2.0156896114349365, 0.04600898176431656)
[INFO] [1775398240.814769846] [navNode]: 状态7：Land--[降落开始]
[INFO] [1775398240.815285506] [navNode]: 未到目标点
目标位置:(0.75, 2.0, 0.7)-[LandPos]-[MCU:False]-[POS:False]
当前位置:(-0.2677905857563019, 2.017411470413208, 0.04828258976340294)
[INFO] [1775398240.914284709] [navNode]: 状态7：Land--[降落开始]
[INFO] [1775398240.914750261] [navNode]: 未到目标点
目标位置:(0.75, 2.0, 0.7)-[LandPos]-[MCU:False]-[POS:False]
当前位置:(-0.26770633459091187, 2.0169007778167725, 0.04832840338349342)
[INFO] [1775398241.014225984] [navNode]: 状态7：Land--[降落开始]
[INFO] [1775398241.014753735] [navNode]: 未到目标点
目标位置:(0.75, 2.0, 0.7)-[LandPos]-[MCU:False]-[POS:False]
当前位置:(-0.26964566111564636, 2.017404317855835, 0.04581623896956444)
[INFO] [1775398241.114001461] [navNode]: 状态7：Land--[降落开始]
[INFO] [1775398241.114408372] [navNode]: 未到目标点
目标位置:(0.75, 2.0, 0.7)-[LandPos]-[MCU:False]-[POS:False]
当前位置:(-0.271011084318161, 2.0168967247009277, 0.044912587851285934)
[INFO] [1775398241.214056363] [navNode]: 状态7：Land--[降落开始]
[INFO] [1775398241.214478317] [navNode]: 未到目标点
目标位置:(0.75, 2.0, 0.7)-[LandPos]-[MCU:False]-[POS:False]
当前位置:(-0.26951465010643005, 2.0165910720825195, 0.043403737246990204)
[INFO] [1775398241.313697081] [navNode]: 状态7：Land--[降落开始]
[INFO] [1775398241.314202176] [navNode]: 未到目标点
目标位置:(0.75, 2.0, 0.7)-[LandPos]-[MCU:False]-[POS:False]
当前位置:(-0.26876047253608704, 2.0179286003112793, 0.042936958372592926)
[INFO] [1775398241.413848516] [navNode]: 状态7：Land--[降落开始]
[INFO] [1775398241.414274081] [navNode]: 未到目标点
目标位置:(0.75, 2.0, 0.7)-[LandPos]-[MCU:False]-[POS:False]
当前位置:(-0.26874813437461853, 2.0175223350524902, 0.04504390060901642)
[INFO] [1775398241.514236100] [navNode]: 状态7：Land--[降落开始]
[INFO] [1775398241.514744484] [navNode]: 未到目标点
目标位置:(0.75, 2.0, 0.7)-[LandPos]-[MCU:False]-[POS:False]
当前位置:(-0.2685863673686981, 2.0176219940185547, 0.04315550625324249)
[INFO] [1775398241.614286951] [navNode]: 状态7：Land--[降落开始]
[INFO] [1775398241.614886078] [navNode]: 未到目标点
目标位置:(0.75, 2.0, 0.7)-[LandPos]-[MCU:False]-[POS:False]
当前位置:(-0.2691418528556824, 2.01713490486145, 0.043462082743644714)
[INFO] [1775398241.714977743] [navNode]: 状态7：Land--[降落开始]
[INFO] [1775398241.715454195] [navNode]: 未到目标点
目标位置:(0.75, 2.0, 0.7)-[LandPos]-[MCU:False]-[POS:False]
当前位置:(-0.2700178027153015, 2.015712022781372, 0.04656803980469704)
[INFO] [1775398241.815135052] [navNode]: 状态7：Land--[降落开始]
[INFO] [1775398241.815601461] [navNode]: 未到目标点
目标位置:(0.75, 2.0, 0.7)-[LandPos]-[MCU:False]-[POS:False]
当前位置:(-0.2704477608203888, 2.016434907913208, 0.04329562187194824)
[INFO] [1775398241.914342640] [navNode]: 状态7：Land--[降落开始]
[INFO] [1775398241.914827663] [navNode]: 未到目标点
目标位置:(0.75, 2.0, 0.7)-[LandPos]-[MCU:False]-[POS:False]
当前位置:(-0.2687634229660034, 2.0172863006591797, 0.04079360514879227)
[INFO] [1775398242.014373472] [navNode]: 状态7：Land--[降落开始]
[INFO] [1775398242.015166383] [navNode]: 未到目标点
目标位置:(0.75, 2.0, 0.7)-[LandPos]-[MCU:False]-[POS:False]
当前位置:(-0.2693968117237091, 2.0189292430877686, 0.040387969464063644)
[INFO] [1775398242.114724433] [navNode]: 状态7：Land--[降落开始]
[INFO] [1775398242.115161478] [navNode]: 未到目标点
目标位置:(0.75, 2.0, 0.7)-[LandPos]-[MCU:False]-[POS:False]
当前位置:(-0.26846110820770264, 2.0189177989959717, 0.0413825623691082)
[INFO] [1775398242.213990067] [navNode]: 状态7：Land--[降落开始]
[INFO] [1775398242.214510489] [navNode]: 未到目标点
目标位置:(0.75, 2.0, 0.7)-[LandPos]-[MCU:False]-[POS:False]
当前位置:(-0.2682380974292755, 2.0169034004211426, 0.0414283350110054)
[INFO] [1775398242.314332525] [navNode]: 状态7：Land--[降落开始]
[INFO] [1775398242.314823818] [navNode]: 未到目标点
目标位置:(0.75, 2.0, 0.7)-[LandPos]-[MCU:False]-[POS:False]
当前位置:(-0.26790523529052734, 2.0173754692077637, 0.04181305691599846)
[INFO] [1775398242.413939489] [navNode]: 状态7：Land--[降落开始]
[INFO] [1775398242.414397262] [navNode]: 未到目标点
目标位置:(0.75, 2.0, 0.7)-[LandPos]-[MCU:False]-[POS:False]
当前位置:(-0.26736682653427124, 2.01850962638855, 0.04358258470892906)
[INFO] [1775398242.513896419] [navNode]: 状态7：Land--[降落开始]
[INFO] [1775398242.514360263] [navNode]: 未到目标点
目标位置:(0.75, 2.0, 0.7)-[LandPos]-[MCU:False]-[POS:False]
当前位置:(-0.2674793601036072, 2.0176143646240234, 0.04017486050724983)
[INFO] [1775398242.614862240] [navNode]: 状态7：Land--[降落开始]
[INFO] [1775398242.615253735] [navNode]: 未到目标点
目标位置:(0.75, 2.0, 0.7)-[LandPos]-[MCU:False]-[POS:False]
当前位置:(-0.2668427526950836, 2.0186424255371094, 0.03977757692337036)
[INFO] [1775398242.714430449] [navNode]: 状态7：Land--[降落开始]
[INFO] [1775398242.715016670] [navNode]: 未到目标点
目标位置:(0.75, 2.0, 0.7)-[LandPos]-[MCU:False]-[POS:False]
当前位置:(-0.26748141646385193, 2.019273519515991, 0.0391986109316349)
[INFO] [1775398242.814321311] [navNode]: 状态7：Land--[降落开始]
[INFO] [1775398242.814867479] [navNode]: 未到目标点
目标位置:(0.75, 2.0, 0.7)-[LandPos]-[MCU:False]-[POS:False]
当前位置:(-0.2672649323940277, 2.0186688899993896, 0.03950957953929901)
[INFO] [1775398242.914608339] [navNode]: 状态7：Land--[降落开始]
[INFO] [1775398242.915160469] [navNode]: 未到目标点
目标位置:(0.75, 2.0, 0.7)-[LandPos]-[MCU:False]-[POS:False]
当前位置:(-0.26611974835395813, 2.0192081928253174, 0.03950280696153641)
[INFO] [1775398242.997783038] [navNode]: MCU2 send back: Gdone*
[INFO] [1775398242.998205375] [navNode]: mcu:已到目标点-[LandPos]
[INFO] [1775398243.013628562] [navNode]: 状态7：Land--[降落开始]
[INFO] [1775398243.014021884] [navNode]: 已到目标点
目标位置:LandPos:(0.75, 2.0, 0.7)-[LandPos]-[MCU:True]-[POS:False]
当前位置:(-0.26584818959236145, 2.0184268951416016, 0.04112222418189049)

[INFO] [1775398243.113923338] [navNode]: 状态8：End--[任务结束]
[INFO] [1775398450.816126624] [navNode]: 收到来自UI的请求：shutdown-navNode
[WARN] [1775398450.817017561] [navNode]: navNodeshutdown-navNode
