[INFO] [1775392157.684875228] [navNode]: paths: [
  {"x": 0.00, "y": 0.00, "z": 0.70, "label": "TakeOff", "qrcode": "", "label2": ""       , "qrcode2": "" },
  {"x":-0.25, "y": 0.75, "z": 0.80, "label": "A6"     , "qrcode": "", "label2": ""       , "qrcode2": "" },
  {"x":-0.25, "y": 0.75, "z": 1.20, "label": "A3"     , "qrcode": "", "label2": ""       , "qrcode2": "" },
  {"x":-0.25, "y": 1.25, "z": 1.20, "label": "A2"     , "qrcode": "", "label2": ""       , "qrcode2": "" },
  {"x":-0.25, "y": 1.25, "z": 0.80, "label": "A5"     , "qrcode": "", "label2": ""       , "qrcode2": "" },
  {"x":-0.25, "y": 1.75, "z": 0.80, "label": "A4"     , "qrcode": "", "label2": ""       , "qrcode2": "" },
  {"x":-0.25, "y": 1.75, "z": 1.20, "label": "A1"     , "qrcode": "", "label2": ""       , "qrcode2": "" },
  {"x":-0.25, "y": 2.00, "z": 0.70, "label": "UpSide1", "qrcode": "", "label2": ""       , "qrcode2": "" },
  {"x": 0.75, "y": 2.00, "z": 0.70, "label": "LandPos", "qrcode": "", "label2": ""       , "qrcode2": "" }
]

[INFO] [1775392157.691662364] [navNode]: 上位机导航节点启动成功
[INFO] [1775392163.973692371] [navNode]: 收到来自UI的请求：scan_all
[WARN] [1775392163.974777489] [navNode]: 任务开始执行scan_all
[INFO] [1775392164.075211694] [navNode]: 状态1：Takeoff--[TakeOff]
[INFO] [1775392164.085967966] [navNode]: takeoff 发送成功 → 飞行站已调用：takeoff服务
[INFO] [1775392164.111076419] [navNode]: MCU2 send back: Takeoffok
[INFO] [1775392164.174853911] [navNode]: 状态2：Takeoff_wait--[TakeOff]
[INFO] [1775392164.175250950] [navNode]: 未到目标点
目标位置:(0.0, 0.0, 0.7)-[TakeOff]-[MCU:False]-[POS:False]
当前位置:(0.006959236226975918, 0.004800949711352587, 0.000535466882865876)
[INFO] [1775392164.274950601] [navNode]: 状态2：Takeoff_wait--[TakeOff]
[INFO] [1775392164.275382475] [navNode]: 未到目标点
目标位置:(0.0, 0.0, 0.7)-[TakeOff]-[MCU:False]-[POS:False]
当前位置:(0.006695296615362167, 0.004873366095125675, 0.000584644905757159)
[INFO] [1775392164.375165938] [navNode]: 状态2：Takeoff_wait--[TakeOff]
[INFO] [1775392164.375573686] [navNode]: 未到目标点
目标位置:(0.0, 0.0, 0.7)-[TakeOff]-[MCU:False]-[POS:False]
当前位置:(0.00655021658167243, 0.004345605615526438, 0.0006459757569245994)
[INFO] [1775392164.474994722] [navNode]: 状态2：Takeoff_wait--[TakeOff]
[INFO] [1775392164.475404109] [navNode]: 未到目标点
目标位置:(0.0, 0.0, 0.7)-[TakeOff]-[MCU:False]-[POS:False]
当前位置:(0.00662850309163332, 0.004623993765562773, 0.0007750799413770437)
[INFO] [1775392164.575068332] [navNode]: 状态2：Takeoff_wait--[TakeOff]
[INFO] [1775392164.575454117] [navNode]: 未到目标点
目标位置:(0.0, 0.0, 0.7)-[TakeOff]-[MCU:False]-[POS:False]
当前位置:(0.006695547606796026, 0.004810186102986336, 0.0006583441863767803)
[INFO] [1775392164.674909061] [navNode]: 状态2：Takeoff_wait--[TakeOff]
[INFO] [1775392164.676039665] [navNode]: 未到目标点
目标位置:(0.0, 0.0, 0.7)-[TakeOff]-[MCU:False]-[POS:False]
当前位置:(0.007085601333528757, 0.004575093276798725, 0.0007589097367599607)
[INFO] [1775392164.774942559] [navNode]: 状态2：Takeoff_wait--[TakeOff]
[INFO] [1775392164.775356204] [navNode]: 未到目标点
目标位置:(0.0, 0.0, 0.7)-[TakeOff]-[MCU:False]-[POS:False]
当前位置:(0.006800948642194271, 0.004538414534181356, 0.0007541724480688572)
[INFO] [1775392164.875370469] [navNode]: 状态2：Takeoff_wait--[TakeOff]
[INFO] [1775392164.875837974] [navNode]: 未到目标点
目标位置:(0.0, 0.0, 0.7)-[TakeOff]-[MCU:False]-[POS:False]
当前位置:(0.006531599443405867, 0.0051067909225821495, 0.00045226997463032603)
[INFO] [1775392164.975122650] [navNode]: 状态2：Takeoff_wait--[TakeOff]
[INFO] [1775392164.975495541] [navNode]: 未到目标点
目标位置:(0.0, 0.0, 0.7)-[TakeOff]-[MCU:False]-[POS:False]
当前位置:(0.006991946138441563, 0.004600294400006533, 0.0008839019574224949)
[INFO] [1775392165.074994944] [navNode]: 状态2：Takeoff_wait--[TakeOff]
[INFO] [1775392165.075410659] [navNode]: 未到目标点
目标位置:(0.0, 0.0, 0.7)-[TakeOff]-[MCU:False]-[POS:False]
当前位置:(0.0067405239678919315, 0.004622817505151033, 0.0007660861010663211)
[INFO] [1775392165.175083414] [navNode]: 状态2：Takeoff_wait--[TakeOff]
[INFO] [1775392165.175489524] [navNode]: 未到目标点
目标位置:(0.0, 0.0, 0.7)-[TakeOff]-[MCU:False]-[POS:False]
当前位置:(0.006793892942368984, 0.004689928609877825, 0.0007493599550798535)
[INFO] [1775392165.275005388] [navNode]: 状态2：Takeoff_wait--[TakeOff]
[INFO] [1775392165.275960104] [navNode]: 未到目标点
目标位置:(0.0, 0.0, 0.7)-[TakeOff]-[MCU:False]-[POS:False]
当前位置:(0.006826404947787523, 0.004515716340392828, 0.000867040827870369)
[INFO] [1775392165.374910114] [navNode]: 状态2：Takeoff_wait--[TakeOff]
[INFO] [1775392165.375663367] [navNode]: 未到目标点
目标位置:(0.0, 0.0, 0.7)-[TakeOff]-[MCU:False]-[POS:False]
当前位置:(0.006792000494897366, 0.004766033962368965, 0.000746009114664048)
[INFO] [1775392165.475220838] [navNode]: 状态2：Takeoff_wait--[TakeOff]
[INFO] [1775392165.475625824] [navNode]: 未到目标点
目标位置:(0.0, 0.0, 0.7)-[TakeOff]-[MCU:False]-[POS:False]
当前位置:(0.006718122400343418, 0.004369935020804405, 0.0007886649109423161)
[INFO] [1775392165.575973937] [navNode]: 状态2：Takeoff_wait--[TakeOff]
[INFO] [1775392165.576699235] [navNode]: 未到目标点
目标位置:(0.0, 0.0, 0.7)-[TakeOff]-[MCU:False]-[POS:False]
当前位置:(0.007017246913164854, 0.004765308927744627, 0.0006506332429125905)
[INFO] [1775392165.676180978] [navNode]: 状态2：Takeoff_wait--[TakeOff]
[INFO] [1775392165.677115992] [navNode]: 未到目标点
目标位置:(0.0, 0.0, 0.7)-[TakeOff]-[MCU:False]-[POS:False]
当前位置:(0.006724255625158548, 0.004630814306437969, 0.0007934533641673625)
[INFO] [1775392165.774981009] [navNode]: 状态2：Takeoff_wait--[TakeOff]
[INFO] [1775392165.775487991] [navNode]: 未到目标点
目标位置:(0.0, 0.0, 0.7)-[TakeOff]-[MCU:False]-[POS:False]
当前位置:(0.006881109904497862, 0.004560598637908697, 0.00047554768389090896)
[INFO] [1775392165.875139018] [navNode]: 状态2：Takeoff_wait--[TakeOff]
[INFO] [1775392165.875598903] [navNode]: 未到目标点
目标位置:(0.0, 0.0, 0.7)-[TakeOff]-[MCU:False]-[POS:False]
当前位置:(0.006949295289814472, 0.004427267704159021, 0.0008087792084552348)
[INFO] [1775392165.975379695] [navNode]: 状态2：Takeoff_wait--[TakeOff]
[INFO] [1775392165.976024518] [navNode]: 未到目标点
目标位置:(0.0, 0.0, 0.7)-[TakeOff]-[MCU:False]-[POS:False]
当前位置:(0.006984555162489414, 0.004543209448456764, 0.0006331336335279047)
[INFO] [1775392166.075722090] [navNode]: 状态2：Takeoff_wait--[TakeOff]
[INFO] [1775392166.077532109] [navNode]: 未到目标点
目标位置:(0.0, 0.0, 0.7)-[TakeOff]-[MCU:False]-[POS:False]
当前位置:(0.006700819358229637, 0.00465597677975893, 0.0006991835543885827)
[INFO] [1775392166.175132453] [navNode]: 状态2：Takeoff_wait--[TakeOff]
[INFO] [1775392166.175669069] [navNode]: 未到目标点
目标位置:(0.0, 0.0, 0.7)-[TakeOff]-[MCU:False]-[POS:False]
当前位置:(0.006805235054343939, 0.004763564560562372, 0.0007671306957490742)
[INFO] [1775392166.275296003] [navNode]: 状态2：Takeoff_wait--[TakeOff]
[INFO] [1775392166.275815265] [navNode]: 未到目标点
目标位置:(0.0, 0.0, 0.7)-[TakeOff]-[MCU:False]-[POS:False]
当前位置:(0.006404932588338852, 0.0048860046081244946, 0.0007618764066137373)
[INFO] [1775392166.375271833] [navNode]: 状态2：Takeoff_wait--[TakeOff]
[INFO] [1775392166.375796984] [navNode]: 未到目标点
目标位置:(0.0, 0.0, 0.7)-[TakeOff]-[MCU:False]-[POS:False]
当前位置:(0.006533139850944281, 0.004842916037887335, 0.0006457255803979933)
[INFO] [1775392166.475886885] [navNode]: 状态2：Takeoff_wait--[TakeOff]
[INFO] [1775392166.476299488] [navNode]: 未到目标点
目标位置:(0.0, 0.0, 0.7)-[TakeOff]-[MCU:False]-[POS:False]
当前位置:(0.0069921440444886684, 0.0045543997548520565, 0.0009186581009998918)
[INFO] [1775392166.575011169] [navNode]: 状态2：Takeoff_wait--[TakeOff]
[INFO] [1775392166.575436389] [navNode]: 未到目标点
目标位置:(0.0, 0.0, 0.7)-[TakeOff]-[MCU:False]-[POS:False]
当前位置:(0.006922774016857147, 0.0047852518036961555, 0.0010035668965429068)
[INFO] [1775392166.675105351] [navNode]: 状态2：Takeoff_wait--[TakeOff]
[INFO] [1775392166.675574139] [navNode]: 未到目标点
目标位置:(0.0, 0.0, 0.7)-[TakeOff]-[MCU:False]-[POS:False]
当前位置:(0.006520756985992193, 0.004618870560079813, 0.0007867146632634103)
[INFO] [1775392166.775188945] [navNode]: 状态2：Takeoff_wait--[TakeOff]
[INFO] [1775392166.775676065] [navNode]: 未到目标点
目标位置:(0.0, 0.0, 0.7)-[TakeOff]-[MCU:False]-[POS:False]
当前位置:(0.006744378712028265, 0.004779039416462183, 0.0008959260885603726)
[INFO] [1775392166.875483575] [navNode]: 状态2：Takeoff_wait--[TakeOff]
[INFO] [1775392166.876127986] [navNode]: 未到目标点
目标位置:(0.0, 0.0, 0.7)-[TakeOff]-[MCU:False]-[POS:False]
当前位置:(0.0068527888506650925, 0.004970254376530647, 0.0007861834019422531)
[INFO] [1775392166.975721161] [navNode]: 状态2：Takeoff_wait--[TakeOff]
[INFO] [1775392166.976484209] [navNode]: 未到目标点
目标位置:(0.0, 0.0, 0.7)-[TakeOff]-[MCU:False]-[POS:False]
当前位置:(0.006879010703414679, 0.004675664473325014, 0.0008421369711868465)
[INFO] [1775392167.075269878] [navNode]: 状态2：Takeoff_wait--[TakeOff]
[INFO] [1775392167.075740066] [navNode]: 未到目标点
目标位置:(0.0, 0.0, 0.7)-[TakeOff]-[MCU:False]-[POS:False]
当前位置:(0.00673644570633769, 0.004943357780575752, 0.0007426183437928557)
[INFO] [1775392167.175231957] [navNode]: 状态2：Takeoff_wait--[TakeOff]
[INFO] [1775392167.175724971] [navNode]: 未到目标点
目标位置:(0.0, 0.0, 0.7)-[TakeOff]-[MCU:False]-[POS:False]
当前位置:(0.006926428060978651, 0.004720111843198538, 0.0009216786711476743)
[INFO] [1775392167.275145021] [navNode]: 状态2：Takeoff_wait--[TakeOff]
[INFO] [1775392167.275798452] [navNode]: 未到目标点
目标位置:(0.0, 0.0, 0.7)-[TakeOff]-[MCU:False]-[POS:False]
当前位置:(0.00665220757946372, 0.004687811713665724, 0.0006672100862488151)
[INFO] [1775392167.375143112] [navNode]: 状态2：Takeoff_wait--[TakeOff]
[INFO] [1775392167.375617167] [navNode]: 未到目标点
目标位置:(0.0, 0.0, 0.7)-[TakeOff]-[MCU:False]-[POS:False]
当前位置:(0.006826861295849085, 0.004542596638202667, 0.0008125931490212679)
[INFO] [1775392167.475510861] [navNode]: 状态2：Takeoff_wait--[TakeOff]
[INFO] [1775392167.476017418] [navNode]: 未到目标点
目标位置:(0.0, 0.0, 0.7)-[TakeOff]-[MCU:False]-[POS:False]
当前位置:(0.0066675362177193165, 0.004658898804336786, 0.0006869423668831587)
[INFO] [1775392167.575522056] [navNode]: 状态2：Takeoff_wait--[TakeOff]
[INFO] [1775392167.575995685] [navNode]: 未到目标点
目标位置:(0.0, 0.0, 0.7)-[TakeOff]-[MCU:False]-[POS:False]
当前位置:(0.006764517165720463, 0.0048928470350801945, 0.0006531973485834897)
[INFO] [1775392167.675060331] [navNode]: 状态2：Takeoff_wait--[TakeOff]
[INFO] [1775392167.675571582] [navNode]: 未到目标点
目标位置:(0.0, 0.0, 0.7)-[TakeOff]-[MCU:False]-[POS:False]
当前位置:(0.006446219049394131, 0.0046474807895720005, 0.0004296684346627444)
[INFO] [1775392167.775743436] [navNode]: 状态2：Takeoff_wait--[TakeOff]
[INFO] [1775392167.776382658] [navNode]: 未到目标点
目标位置:(0.0, 0.0, 0.7)-[TakeOff]-[MCU:False]-[POS:False]
当前位置:(0.006497464142739773, 0.004882595036178827, 0.0005075792432762682)
[INFO] [1775392167.875183970] [navNode]: 状态2：Takeoff_wait--[TakeOff]
[INFO] [1775392167.875766648] [navNode]: 未到目标点
目标位置:(0.0, 0.0, 0.7)-[TakeOff]-[MCU:False]-[POS:False]
当前位置:(0.006574203260242939, 0.004651959519833326, 0.000684443220961839)
[INFO] [1775392167.975606487] [navNode]: 状态2：Takeoff_wait--[TakeOff]
[INFO] [1775392167.977458361] [navNode]: 未到目标点
目标位置:(0.0, 0.0, 0.7)-[TakeOff]-[MCU:False]-[POS:False]
当前位置:(0.006807062774896622, 0.004461526405066252, 0.001032501459121704)
[INFO] [1775392168.076480279] [navNode]: 状态2：Takeoff_wait--[TakeOff]
[INFO] [1775392168.077004225] [navNode]: 未到目标点
目标位置:(0.0, 0.0, 0.7)-[TakeOff]-[MCU:False]-[POS:False]
当前位置:(0.007094426080584526, 0.004725928883999586, 0.0009123948984779418)
[INFO] [1775392168.175595857] [navNode]: 状态2：Takeoff_wait--[TakeOff]
[INFO] [1775392168.176212176] [navNode]: 未到目标点
目标位置:(0.0, 0.0, 0.7)-[TakeOff]-[MCU:False]-[POS:False]
当前位置:(0.006623223889619112, 0.0045513855293393135, 0.0006569278775714338)
[INFO] [1775392168.275506309] [navNode]: 状态2：Takeoff_wait--[TakeOff]
[INFO] [1775392168.276060720] [navNode]: 未到目标点
目标位置:(0.0, 0.0, 0.7)-[TakeOff]-[MCU:False]-[POS:False]
当前位置:(0.007026014383882284, 0.0045464220456779, 0.0007265230524353683)
[INFO] [1775392168.376427208] [navNode]: 状态2：Takeoff_wait--[TakeOff]
[INFO] [1775392168.376872381] [navNode]: 未到目标点
目标位置:(0.0, 0.0, 0.7)-[TakeOff]-[MCU:False]-[POS:False]
当前位置:(0.006750781554728746, 0.004738330375403166, 0.0008029560558497906)
[INFO] [1775392168.475008785] [navNode]: 状态2：Takeoff_wait--[TakeOff]
[INFO] [1775392168.475470382] [navNode]: 未到目标点
目标位置:(0.0, 0.0, 0.7)-[TakeOff]-[MCU:False]-[POS:False]
当前位置:(0.006164844613522291, 0.005112585611641407, 0.0007354894187301397)
[INFO] [1775392168.575293654] [navNode]: 状态2：Takeoff_wait--[TakeOff]
[INFO] [1775392168.575740430] [navNode]: 未到目标点
目标位置:(0.0, 0.0, 0.7)-[TakeOff]-[MCU:False]-[POS:False]
当前位置:(0.00670554069802165, 0.004073017742484808, 0.0006601382629014552)
[INFO] [1775392168.675019580] [navNode]: 状态2：Takeoff_wait--[TakeOff]
[INFO] [1775392168.675466289] [navNode]: 未到目标点
目标位置:(0.0, 0.0, 0.7)-[TakeOff]-[MCU:False]-[POS:False]
当前位置:(0.006708864588290453, 0.004596190992742777, 0.0006525699282065034)
[INFO] [1775392168.777051529] [navNode]: 状态2：Takeoff_wait--[TakeOff]
[INFO] [1775392168.777571162] [navNode]: 未到目标点
目标位置:(0.0, 0.0, 0.7)-[TakeOff]-[MCU:False]-[POS:False]
当前位置:(0.006491504609584808, 0.004786341451108456, 0.000642254133708775)
[INFO] [1775392168.875414185] [navNode]: 状态2：Takeoff_wait--[TakeOff]
[INFO] [1775392168.875919049] [navNode]: 未到目标点
目标位置:(0.0, 0.0, 0.7)-[TakeOff]-[MCU:False]-[POS:False]
当前位置:(0.006832875311374664, 0.004413766786456108, 0.0008203532197512686)
[INFO] [1775392168.975525342] [navNode]: 状态2：Takeoff_wait--[TakeOff]
[INFO] [1775392168.976480783] [navNode]: 未到目标点
目标位置:(0.0, 0.0, 0.7)-[TakeOff]-[MCU:False]-[POS:False]
当前位置:(0.00613411096855998, 0.004753545857965946, 0.0006146437954157591)
[INFO] [1775392169.075429367] [navNode]: 状态2：Takeoff_wait--[TakeOff]
[INFO] [1775392169.075929612] [navNode]: 未到目标点
目标位置:(0.0, 0.0, 0.7)-[TakeOff]-[MCU:False]-[POS:False]
当前位置:(0.00650049326941371, 0.00478207366541028, 0.0006321113905869424)
[INFO] [1775392169.175350342] [navNode]: 状态2：Takeoff_wait--[TakeOff]
[INFO] [1775392169.175850258] [navNode]: 未到目标点
目标位置:(0.0, 0.0, 0.7)-[TakeOff]-[MCU:False]-[POS:False]
当前位置:(0.006794636603444815, 0.004719084594398737, 0.0008004683186300099)
[INFO] [1775392169.275325723] [navNode]: 状态2：Takeoff_wait--[TakeOff]
[INFO] [1775392169.275810562] [navNode]: 未到目标点
目标位置:(0.0, 0.0, 0.7)-[TakeOff]-[MCU:False]-[POS:False]
当前位置:(0.0065666185691952705, 0.004268946126103401, 0.0007045503007248044)
[INFO] [1775392169.375082390] [navNode]: 状态2：Takeoff_wait--[TakeOff]
[INFO] [1775392169.375513023] [navNode]: 未到目标点
目标位置:(0.0, 0.0, 0.7)-[TakeOff]-[MCU:False]-[POS:False]
当前位置:(0.006701014935970306, 0.004895266145467758, 0.0007497386541217566)
[INFO] [1775392169.475349627] [navNode]: 状态2：Takeoff_wait--[TakeOff]
[INFO] [1775392169.475801226] [navNode]: 未到目标点
目标位置:(0.0, 0.0, 0.7)-[TakeOff]-[MCU:False]-[POS:False]
当前位置:(0.006619883235543966, 0.0046964953653514385, 0.0007414717110805213)
[INFO] [1775392169.575015259] [navNode]: 状态2：Takeoff_wait--[TakeOff]
[INFO] [1775392169.575545061] [navNode]: 未到目标点
目标位置:(0.0, 0.0, 0.7)-[TakeOff]-[MCU:False]-[POS:False]
当前位置:(0.0068613686598837376, 0.005122954957187176, 0.0006292398320510983)
[INFO] [1775392169.675384295] [navNode]: 状态2：Takeoff_wait--[TakeOff]
[INFO] [1775392169.675946530] [navNode]: 未到目标点
目标位置:(0.0, 0.0, 0.7)-[TakeOff]-[MCU:False]-[POS:False]
当前位置:(0.0071089426055550575, 0.004369187168776989, 0.0008848505676724017)
[INFO] [1775392169.775395074] [navNode]: 状态2：Takeoff_wait--[TakeOff]
[INFO] [1775392169.775848774] [navNode]: 未到目标点
目标位置:(0.0, 0.0, 0.7)-[TakeOff]-[MCU:False]-[POS:False]
当前位置:(0.006425211206078529, 0.0048032961785793304, 0.0003819637931883335)
[INFO] [1775392169.876085111] [navNode]: 状态2：Takeoff_wait--[TakeOff]
[INFO] [1775392169.876612226] [navNode]: 未到目标点
目标位置:(0.0, 0.0, 0.7)-[TakeOff]-[MCU:False]-[POS:False]
当前位置:(0.0071052671410143375, 0.0044471342116594315, 0.0008882307447493076)
[INFO] [1775392169.975387569] [navNode]: 状态2：Takeoff_wait--[TakeOff]
[INFO] [1775392169.976980091] [navNode]: 未到目标点
目标位置:(0.0, 0.0, 0.7)-[TakeOff]-[MCU:False]-[POS:False]
当前位置:(0.00675199506804347, 0.004717051051557064, 0.0005363214295357466)
[INFO] [1775392170.075189661] [navNode]: 状态2：Takeoff_wait--[TakeOff]
[INFO] [1775392170.075695932] [navNode]: 未到目标点
目标位置:(0.0, 0.0, 0.7)-[TakeOff]-[MCU:False]-[POS:False]
当前位置:(0.006473542656749487, 0.004815308377146721, 0.0004646610759664327)
[INFO] [1775392170.176709352] [navNode]: 状态2：Takeoff_wait--[TakeOff]
[INFO] [1775392170.177323850] [navNode]: 未到目标点
目标位置:(0.0, 0.0, 0.7)-[TakeOff]-[MCU:False]-[POS:False]
当前位置:(0.006439896300435066, 0.005035298876464367, 0.0006585438968613744)
[INFO] [1775392170.275402663] [navNode]: 状态2：Takeoff_wait--[TakeOff]
[INFO] [1775392170.275866412] [navNode]: 未到目标点
目标位置:(0.0, 0.0, 0.7)-[TakeOff]-[MCU:False]-[POS:False]
当前位置:(0.006687075365334749, 0.004736155737191439, 0.0008480225224047899)
[INFO] [1775392170.375377889] [navNode]: 状态2：Takeoff_wait--[TakeOff]
[INFO] [1775392170.375981229] [navNode]: 未到目标点
目标位置:(0.0, 0.0, 0.7)-[TakeOff]-[MCU:False]-[POS:False]
当前位置:(0.006909501273185015, 0.0045646424405276775, 0.0006917634746059775)
[INFO] [1775392170.476334145] [navNode]: 状态2：Takeoff_wait--[TakeOff]
[INFO] [1775392170.476889449] [navNode]: 未到目标点
目标位置:(0.0, 0.0, 0.7)-[TakeOff]-[MCU:False]-[POS:False]
当前位置:(0.007047845516353846, 0.004295322112739086, 0.0006986473454162478)
[INFO] [1775392170.575800864] [navNode]: 状态2：Takeoff_wait--[TakeOff]
[INFO] [1775392170.577149225] [navNode]: 未到目标点
目标位置:(0.0, 0.0, 0.7)-[TakeOff]-[MCU:False]-[POS:False]
当前位置:(0.006518871523439884, 0.00461849570274353, 0.0005961962160654366)
[INFO] [1775392170.675126875] [navNode]: 状态2：Takeoff_wait--[TakeOff]
[INFO] [1775392170.675615245] [navNode]: 未到目标点
目标位置:(0.0, 0.0, 0.7)-[TakeOff]-[MCU:False]-[POS:False]
当前位置:(0.0066277701407670975, 0.0045715258456766605, 0.00039192993426695466)
[INFO] [1775392170.777684771] [navNode]: 状态2：Takeoff_wait--[TakeOff]
[INFO] [1775392170.778150598] [navNode]: 未到目标点
目标位置:(0.0, 0.0, 0.7)-[TakeOff]-[MCU:False]-[POS:False]
当前位置:(0.00652166735380888, 0.00472718570381403, 0.000695437949616462)
[INFO] [1775392170.875181793] [navNode]: 状态2：Takeoff_wait--[TakeOff]
[INFO] [1775392170.875621574] [navNode]: 未到目标点
目标位置:(0.0, 0.0, 0.7)-[TakeOff]-[MCU:False]-[POS:False]
当前位置:(0.006527415476739407, 0.004712368827313185, 0.0009480568114668131)
[INFO] [1775392170.975504533] [navNode]: 状态2：Takeoff_wait--[TakeOff]
[INFO] [1775392170.976197036] [navNode]: 未到目标点
目标位置:(0.0, 0.0, 0.7)-[TakeOff]-[MCU:False]-[POS:False]
当前位置:(0.006638245657086372, 0.004479344468563795, 0.0007882049540057778)
[INFO] [1775392171.075541364] [navNode]: 状态2：Takeoff_wait--[TakeOff]
[INFO] [1775392171.076092834] [navNode]: 未到目标点
目标位置:(0.0, 0.0, 0.7)-[TakeOff]-[MCU:False]-[POS:False]
当前位置:(0.00713168503716588, 0.00452396972104907, 0.0006764334393665195)
[INFO] [1775392171.175532791] [navNode]: 状态2：Takeoff_wait--[TakeOff]
[INFO] [1775392171.176137012] [navNode]: 未到目标点
目标位置:(0.0, 0.0, 0.7)-[TakeOff]-[MCU:False]-[POS:False]
当前位置:(0.006681174971163273, 0.004610804375261068, 0.0006505373166874051)
[INFO] [1775392171.275229210] [navNode]: 状态2：Takeoff_wait--[TakeOff]
[INFO] [1775392171.275974766] [navNode]: 未到目标点
目标位置:(0.0, 0.0, 0.7)-[TakeOff]-[MCU:False]-[POS:False]
当前位置:(0.0067734671756625175, 0.004513582680374384, 0.0007232389179989696)
[INFO] [1775392171.375660039] [navNode]: 状态2：Takeoff_wait--[TakeOff]
[INFO] [1775392171.376139154] [navNode]: 未到目标点
目标位置:(0.0, 0.0, 0.7)-[TakeOff]-[MCU:False]-[POS:False]
当前位置:(0.006719985045492649, 0.004455541260540485, 0.0007173974881879985)
[INFO] [1775392171.475363624] [navNode]: 状态2：Takeoff_wait--[TakeOff]
[INFO] [1775392171.476319197] [navNode]: 未到目标点
目标位置:(0.0, 0.0, 0.7)-[TakeOff]-[MCU:False]-[POS:False]
当前位置:(0.006405348423868418, 0.004804895259439945, 0.0005877952207811177)
[INFO] [1775392171.575091554] [navNode]: 状态2：Takeoff_wait--[TakeOff]
[INFO] [1775392171.575530775] [navNode]: 未到目标点
目标位置:(0.0, 0.0, 0.7)-[TakeOff]-[MCU:False]-[POS:False]
当前位置:(0.006606994662433863, 0.004563629161566496, 0.0008611403172835708)
[INFO] [1775392171.675965718] [navNode]: 状态2：Takeoff_wait--[TakeOff]
[INFO] [1775392171.676944444] [navNode]: 未到目标点
目标位置:(0.0, 0.0, 0.7)-[TakeOff]-[MCU:False]-[POS:False]
当前位置:(0.006546154618263245, 0.004825847689062357, 0.0006596912280656397)
[INFO] [1775392171.776376774] [navNode]: 状态2：Takeoff_wait--[TakeOff]
[INFO] [1775392171.776839939] [navNode]: 未到目标点
目标位置:(0.0, 0.0, 0.7)-[TakeOff]-[MCU:False]-[POS:False]
当前位置:(0.006463728379458189, 0.004578894004225731, 0.0006445388426072896)
[INFO] [1775392171.875477212] [navNode]: 状态2：Takeoff_wait--[TakeOff]
[INFO] [1775392171.876032940] [navNode]: 未到目标点
目标位置:(0.0, 0.0, 0.7)-[TakeOff]-[MCU:False]-[POS:False]
当前位置:(0.006631963886320591, 0.0049179536290466785, 0.0005844933330081403)
[INFO] [1775392171.977464548] [navNode]: 状态2：Takeoff_wait--[TakeOff]
[INFO] [1775392171.978008050] [navNode]: 未到目标点
目标位置:(0.0, 0.0, 0.7)-[TakeOff]-[MCU:False]-[POS:False]
当前位置:(0.006448936648666859, 0.004551035817712545, 0.0006324087153188884)
[INFO] [1775392172.075905640] [navNode]: 状态2：Takeoff_wait--[TakeOff]
[INFO] [1775392172.077178611] [navNode]: 未到目标点
目标位置:(0.0, 0.0, 0.7)-[TakeOff]-[MCU:False]-[POS:False]
当前位置:(0.006989110726863146, 0.004824470728635788, 0.0009800032712519169)
[INFO] [1775392172.175377207] [navNode]: 状态2：Takeoff_wait--[TakeOff]
[INFO] [1775392172.175879721] [navNode]: 未到目标点
目标位置:(0.0, 0.0, 0.7)-[TakeOff]-[MCU:False]-[POS:False]
当前位置:(0.00683396914973855, 0.004459555260837078, 0.0007834261050447822)
[INFO] [1775392172.275357343] [navNode]: 状态2：Takeoff_wait--[TakeOff]
[INFO] [1775392172.275883848] [navNode]: 未到目标点
目标位置:(0.0, 0.0, 0.7)-[TakeOff]-[MCU:False]-[POS:False]
当前位置:(0.006867583375424147, 0.004785343538969755, 0.001063900999724865)
[INFO] [1775392172.375760812] [navNode]: 状态2：Takeoff_wait--[TakeOff]
[INFO] [1775392172.376321633] [navNode]: 未到目标点
目标位置:(0.0, 0.0, 0.7)-[TakeOff]-[MCU:False]-[POS:False]
当前位置:(0.006868257187306881, 0.0048363772220909595, 0.0007138961809687316)
[INFO] [1775392172.476217821] [navNode]: 状态2：Takeoff_wait--[TakeOff]
[INFO] [1775392172.478252435] [navNode]: 未到目标点
目标位置:(0.0, 0.0, 0.7)-[TakeOff]-[MCU:False]-[POS:False]
当前位置:(0.006533561274409294, 0.004641969688236713, 0.0005684670177288353)
[INFO] [1775392172.575132909] [navNode]: 状态2：Takeoff_wait--[TakeOff]
[INFO] [1775392172.575631329] [navNode]: 未到目标点
目标位置:(0.0, 0.0, 0.7)-[TakeOff]-[MCU:False]-[POS:False]
当前位置:(0.006789811421185732, 0.0045885429717600346, 0.0007283013546839356)
[INFO] [1775392172.675415909] [navNode]: 状态2：Takeoff_wait--[TakeOff]
[INFO] [1775392172.675920422] [navNode]: 未到目标点
目标位置:(0.0, 0.0, 0.7)-[TakeOff]-[MCU:False]-[POS:False]
当前位置:(0.006575567182153463, 0.004751881584525108, 0.0006874481332488358)
[INFO] [1775392172.775239371] [navNode]: 状态2：Takeoff_wait--[TakeOff]
[INFO] [1775392172.775768414] [navNode]: 未到目标点
目标位置:(0.0, 0.0, 0.7)-[TakeOff]-[MCU:False]-[POS:False]
当前位置:(0.006857253145426512, 0.00443604402244091, 0.0008099817205220461)
[INFO] [1775392172.875716287] [navNode]: 状态2：Takeoff_wait--[TakeOff]
[INFO] [1775392172.876233387] [navNode]: 未到目标点
目标位置:(0.0, 0.0, 0.7)-[TakeOff]-[MCU:False]-[POS:False]
当前位置:(0.006996445823460817, 0.0044063907116651535, 0.0009946355130523443)
[INFO] [1775392172.975314225] [navNode]: 状态2：Takeoff_wait--[TakeOff]
[INFO] [1775392172.975777548] [navNode]: 未到目标点
目标位置:(0.0, 0.0, 0.7)-[TakeOff]-[MCU:False]-[POS:False]
当前位置:(0.0069123972207307816, 0.004401261918246746, 0.0007864006911404431)
[INFO] [1775392173.075364685] [navNode]: 状态2：Takeoff_wait--[TakeOff]
[INFO] [1775392173.075859726] [navNode]: 未到目标点
目标位置:(0.0, 0.0, 0.7)-[TakeOff]-[MCU:False]-[POS:False]
当前位置:(0.006494064815342426, 0.004845763556659222, 0.0007769202347844839)
[INFO] [1775392173.175395121] [navNode]: 状态2：Takeoff_wait--[TakeOff]
[INFO] [1775392173.175900280] [navNode]: 未到目标点
目标位置:(0.0, 0.0, 0.7)-[TakeOff]-[MCU:False]-[POS:False]
当前位置:(0.00657949922606349, 0.004825741983950138, 0.0007464035879820585)
[INFO] [1775392173.277047443] [navNode]: 状态2：Takeoff_wait--[TakeOff]
[INFO] [1775392173.278471115] [navNode]: 未到目标点
目标位置:(0.0, 0.0, 0.7)-[TakeOff]-[MCU:False]-[POS:False]
当前位置:(0.006947743706405163, 0.004574088379740715, 0.0010630851611495018)
[INFO] [1775392173.376206015] [navNode]: 状态2：Takeoff_wait--[TakeOff]
[INFO] [1775392173.376782034] [navNode]: 未到目标点
目标位置:(0.0, 0.0, 0.7)-[TakeOff]-[MCU:False]-[POS:False]
当前位置:(0.006926811765879393, 0.00469015259295702, 0.001116169267334044)
[INFO] [1775392173.475247235] [navNode]: 状态2：Takeoff_wait--[TakeOff]
[INFO] [1775392173.476131610] [navNode]: 未到目标点
目标位置:(0.0, 0.0, 0.7)-[TakeOff]-[MCU:False]-[POS:False]
当前位置:(0.006675077136605978, 0.004562638234347105, 0.0009674094617366791)
[INFO] [1775392173.575883485] [navNode]: 状态2：Takeoff_wait--[TakeOff]
[INFO] [1775392173.576802130] [navNode]: 未到目标点
目标位置:(0.0, 0.0, 0.7)-[TakeOff]-[MCU:False]-[POS:False]
当前位置:(0.0068252976052463055, 0.0044535137712955475, 0.0008310964913107455)
[INFO] [1775392173.675616033] [navNode]: 状态2：Takeoff_wait--[TakeOff]
[INFO] [1775392173.676187486] [navNode]: 未到目标点
目标位置:(0.0, 0.0, 0.7)-[TakeOff]-[MCU:False]-[POS:False]
当前位置:(0.006962569896131754, 0.0044305878691375256, 0.0008868998265825212)
[INFO] [1775392173.775387521] [navNode]: 状态2：Takeoff_wait--[TakeOff]
[INFO] [1775392173.775965900] [navNode]: 未到目标点
目标位置:(0.0, 0.0, 0.7)-[TakeOff]-[MCU:False]-[POS:False]
当前位置:(0.006781790405511856, 0.004450226668268442, 0.0009914396796375513)
[INFO] [1775392173.875655988] [navNode]: 状态2：Takeoff_wait--[TakeOff]
[INFO] [1775392173.876254083] [navNode]: 未到目标点
目标位置:(0.0, 0.0, 0.7)-[TakeOff]-[MCU:False]-[POS:False]
当前位置:(0.006749749183654785, 0.0046691978350281715, 0.0006137029849924147)
[INFO] [1775392173.976661775] [navNode]: 状态2：Takeoff_wait--[TakeOff]
[INFO] [1775392173.978830441] [navNode]: 未到目标点
目标位置:(0.0, 0.0, 0.7)-[TakeOff]-[MCU:False]-[POS:False]
当前位置:(0.006466549355536699, 0.004693248774856329, 0.0007207902381196618)
[INFO] [1775392174.075896891] [navNode]: 状态2：Takeoff_wait--[TakeOff]
[INFO] [1775392174.076759997] [navNode]: 未到目标点
目标位置:(0.0, 0.0, 0.7)-[TakeOff]-[MCU:False]-[POS:False]
当前位置:(0.006662542466074228, 0.0043818713165819645, 0.0009361100383102894)
[INFO] [1775392174.175789409] [navNode]: 状态2：Takeoff_wait--[TakeOff]
[INFO] [1775392174.177917206] [navNode]: 未到目标点
目标位置:(0.0, 0.0, 0.7)-[TakeOff]-[MCU:False]-[POS:False]
当前位置:(0.00688841100782156, 0.004492062609642744, 0.0009077417198568583)
[INFO] [1775392174.276088465] [navNode]: 状态2：Takeoff_wait--[TakeOff]
[INFO] [1775392174.276684291] [navNode]: 未到目标点
目标位置:(0.0, 0.0, 0.7)-[TakeOff]-[MCU:False]-[POS:False]
当前位置:(0.006835683714598417, 0.0045113530941307545, 0.0009455124381929636)
[INFO] [1775392174.376234818] [navNode]: 状态2：Takeoff_wait--[TakeOff]
[INFO] [1775392174.378814431] [navNode]: 未到目标点
目标位置:(0.0, 0.0, 0.7)-[TakeOff]-[MCU:False]-[POS:False]
当前位置:(0.006799675524234772, 0.004610141739249229, 0.0007281355792656541)
[INFO] [1775392174.476709282] [navNode]: 状态2：Takeoff_wait--[TakeOff]
[INFO] [1775392174.477346454] [navNode]: 未到目标点
目标位置:(0.0, 0.0, 0.7)-[TakeOff]-[MCU:False]-[POS:False]
当前位置:(0.006555923726409674, 0.0045166839845478535, 0.0008761769277043641)
[INFO] [1775392174.575793747] [navNode]: 状态2：Takeoff_wait--[TakeOff]
[INFO] [1775392174.576473334] [navNode]: 未到目标点
目标位置:(0.0, 0.0, 0.7)-[TakeOff]-[MCU:False]-[POS:False]
当前位置:(0.006914688739925623, 0.004475430119782686, 0.0008845141273923218)
[INFO] [1775392174.678116000] [navNode]: 状态2：Takeoff_wait--[TakeOff]
[INFO] [1775392174.678806314] [navNode]: 未到目标点
目标位置:(0.0, 0.0, 0.7)-[TakeOff]-[MCU:False]-[POS:False]
当前位置:(0.006598125211894512, 0.004590248689055443, 0.0008809963474050164)
[INFO] [1775392174.775139912] [navNode]: 状态2：Takeoff_wait--[TakeOff]
[INFO] [1775392174.775640294] [navNode]: 未到目标点
目标位置:(0.0, 0.0, 0.7)-[TakeOff]-[MCU:False]-[POS:False]
当前位置:(0.006835226435214281, 0.004617374390363693, 0.0009912025416269898)
[INFO] [1775392174.875587424] [navNode]: 状态2：Takeoff_wait--[TakeOff]
[INFO] [1775392174.876248411] [navNode]: 未到目标点
目标位置:(0.0, 0.0, 0.7)-[TakeOff]-[MCU:False]-[POS:False]
当前位置:(0.006701907142996788, 0.0044131893664598465, 0.0007393039995804429)
[INFO] [1775392174.976364646] [navNode]: 状态2：Takeoff_wait--[TakeOff]
[INFO] [1775392174.977458547] [navNode]: 未到目标点
目标位置:(0.0, 0.0, 0.7)-[TakeOff]-[MCU:False]-[POS:False]
当前位置:(0.006738097872585058, 0.004625982604920864, 0.0006317851366475224)
[INFO] [1775392175.075744358] [navNode]: 状态2：Takeoff_wait--[TakeOff]
[INFO] [1775392175.076409520] [navNode]: 未到目标点
目标位置:(0.0, 0.0, 0.7)-[TakeOff]-[MCU:False]-[POS:False]
当前位置:(0.006667222362011671, 0.005034598521888256, 0.000994690926745534)
[INFO] [1775392175.178450965] [navNode]: 状态2：Takeoff_wait--[TakeOff]
[INFO] [1775392175.179375722] [navNode]: 未到目标点
目标位置:(0.0, 0.0, 0.7)-[TakeOff]-[MCU:False]-[POS:False]
当前位置:(0.006677496712654829, 0.004445562604814768, 0.0009347460581921041)
[INFO] [1775392175.278046300] [navNode]: 状态2：Takeoff_wait--[TakeOff]
[INFO] [1775392175.278634701] [navNode]: 未到目标点
目标位置:(0.0, 0.0, 0.7)-[TakeOff]-[MCU:False]-[POS:False]
当前位置:(0.0065955063328146935, 0.004716533236205578, 0.0006746443104930222)
[INFO] [1775392175.376571146] [navNode]: 状态2：Takeoff_wait--[TakeOff]
[INFO] [1775392175.378144643] [navNode]: 未到目标点
目标位置:(0.0, 0.0, 0.7)-[TakeOff]-[MCU:False]-[POS:False]
当前位置:(0.006932741496711969, 0.004518177825957537, 0.0005377564230002463)
[INFO] [1775392175.475929592] [navNode]: 状态2：Takeoff_wait--[TakeOff]
[INFO] [1775392175.477732357] [navNode]: 未到目标点
目标位置:(0.0, 0.0, 0.7)-[TakeOff]-[MCU:False]-[POS:False]
当前位置:(0.006803902797400951, 0.004413212183862925, 0.0007080240757204592)
[INFO] [1775392175.579102575] [navNode]: 状态2：Takeoff_wait--[TakeOff]
[INFO] [1775392175.580263498] [navNode]: 未到目标点
目标位置:(0.0, 0.0, 0.7)-[TakeOff]-[MCU:False]-[POS:False]
当前位置:(0.006953321397304535, 0.004500851035118103, 0.0007880298653617501)
[INFO] [1775392175.675701299] [navNode]: 状态2：Takeoff_wait--[TakeOff]
[INFO] [1775392175.676283158] [navNode]: 未到目标点
目标位置:(0.0, 0.0, 0.7)-[TakeOff]-[MCU:False]-[POS:False]
当前位置:(0.006732910871505737, 0.0044873799197375774, 0.0006422392907552421)
[INFO] [1775392175.776666465] [navNode]: 状态2：Takeoff_wait--[TakeOff]
[INFO] [1775392175.777289042] [navNode]: 未到目标点
目标位置:(0.0, 0.0, 0.7)-[TakeOff]-[MCU:False]-[POS:False]
当前位置:(0.006647289264947176, 0.004451272077858448, 0.0008006106945686042)
[INFO] [1775392175.875550003] [navNode]: 状态2：Takeoff_wait--[TakeOff]
[INFO] [1775392175.877163166] [navNode]: 未到目标点
目标位置:(0.0, 0.0, 0.7)-[TakeOff]-[MCU:False]-[POS:False]
当前位置:(0.006728841457515955, 0.00468968041241169, 0.0006145912921056151)
[INFO] [1775392175.975702473] [navNode]: 状态2：Takeoff_wait--[TakeOff]
[INFO] [1775392175.976376859] [navNode]: 未到目标点
目标位置:(0.0, 0.0, 0.7)-[TakeOff]-[MCU:False]-[POS:False]
当前位置:(0.006803299766033888, 0.004339438863098621, 0.0006187880644574761)
[INFO] [1775392176.075790497] [navNode]: 状态2：Takeoff_wait--[TakeOff]
[INFO] [1775392176.076348995] [navNode]: 未到目标点
目标位置:(0.0, 0.0, 0.7)-[TakeOff]-[MCU:False]-[POS:False]
当前位置:(0.007034766022115946, 0.004731067456305027, 0.0008901889086700976)
[INFO] [1775392176.175106753] [navNode]: 状态2：Takeoff_wait--[TakeOff]
[INFO] [1775392176.175536780] [navNode]: 未到目标点
目标位置:(0.0, 0.0, 0.7)-[TakeOff]-[MCU:False]-[POS:False]
当前位置:(0.007277928292751312, 0.004440775606781244, 0.000760905328206718)
[INFO] [1775392176.275552807] [navNode]: 状态2：Takeoff_wait--[TakeOff]
[INFO] [1775392176.276615810] [navNode]: 未到目标点
目标位置:(0.0, 0.0, 0.7)-[TakeOff]-[MCU:False]-[POS:False]
当前位置:(0.006985095329582691, 0.0043870750814676285, 0.000690560438670218)
[INFO] [1775392176.375526624] [navNode]: 状态2：Takeoff_wait--[TakeOff]
[INFO] [1775392176.376009884] [navNode]: 未到目标点
目标位置:(0.0, 0.0, 0.7)-[TakeOff]-[MCU:False]-[POS:False]
当前位置:(0.006928528193384409, 0.0046961549669504166, 0.0007934396271593869)
[INFO] [1775392176.475464957] [navNode]: 状态2：Takeoff_wait--[TakeOff]
[INFO] [1775392176.477159271] [navNode]: 未到目标点
目标位置:(0.0, 0.0, 0.7)-[TakeOff]-[MCU:False]-[POS:False]
当前位置:(0.006709716748446226, 0.004562177695333958, 0.00071475695585832)
[INFO] [1775392176.575862019] [navNode]: 状态2：Takeoff_wait--[TakeOff]
[INFO] [1775392176.576644415] [navNode]: 未到目标点
目标位置:(0.0, 0.0, 0.7)-[TakeOff]-[MCU:False]-[POS:False]
当前位置:(0.006704877130687237, 0.004612571094185114, 0.0006470017251558602)
[INFO] [1775392176.675539026] [navNode]: 状态2：Takeoff_wait--[TakeOff]
[INFO] [1775392176.676136099] [navNode]: 未到目标点
目标位置:(0.0, 0.0, 0.7)-[TakeOff]-[MCU:False]-[POS:False]
当前位置:(0.006754753645509481, 0.004498031921684742, 0.0006304526468738914)
[INFO] [1775392176.775247962] [navNode]: 状态2：Takeoff_wait--[TakeOff]
[INFO] [1775392176.775846802] [navNode]: 未到目标点
目标位置:(0.0, 0.0, 0.7)-[TakeOff]-[MCU:False]-[POS:False]
当前位置:(0.006801535375416279, 0.004608183167874813, 0.0007674699299968779)
[INFO] [1775392176.875389519] [navNode]: 状态2：Takeoff_wait--[TakeOff]
[INFO] [1775392176.875976943] [navNode]: 未到目标点
目标位置:(0.0, 0.0, 0.7)-[TakeOff]-[MCU:False]-[POS:False]
当前位置:(0.007152181584388018, 0.004391978029161692, 0.000864094530697912)
[INFO] [1775392176.975212722] [navNode]: 状态2：Takeoff_wait--[TakeOff]
[INFO] [1775392176.976225332] [navNode]: 未到目标点
目标位置:(0.0, 0.0, 0.7)-[TakeOff]-[MCU:False]-[POS:False]
当前位置:(0.007010800763964653, 0.004712202586233616, 0.0006735570495948195)
[INFO] [1775392177.075501753] [navNode]: 状态2：Takeoff_wait--[TakeOff]
[INFO] [1775392177.077436993] [navNode]: 未到目标点
目标位置:(0.0, 0.0, 0.7)-[TakeOff]-[MCU:False]-[POS:False]
当前位置:(0.007044236641377211, 0.004403009545058012, 0.0005813455209136009)
[INFO] [1775392177.175645262] [navNode]: 状态2：Takeoff_wait--[TakeOff]
[INFO] [1775392177.176207617] [navNode]: 未到目标点
目标位置:(0.0, 0.0, 0.7)-[TakeOff]-[MCU:False]-[POS:False]
当前位置:(0.006995804607868195, 0.004660272505134344, 0.0008777991170063615)
[INFO] [1775392177.276836835] [navNode]: 状态2：Takeoff_wait--[TakeOff]
[INFO] [1775392177.277338001] [navNode]: 未到目标点
目标位置:(0.0, 0.0, 0.7)-[TakeOff]-[MCU:False]-[POS:False]
当前位置:(0.0068945796228945255, 0.004581679590046406, 0.0008125649765133858)
[INFO] [1775392177.375941831] [navNode]: 状态2：Takeoff_wait--[TakeOff]
[INFO] [1775392177.376527706] [navNode]: 未到目标点
目标位置:(0.0, 0.0, 0.7)-[TakeOff]-[MCU:False]-[POS:False]
当前位置:(0.007014025934040546, 0.004430821165442467, 0.0007595024071633816)
[INFO] [1775392177.475413906] [navNode]: 状态2：Takeoff_wait--[TakeOff]
[INFO] [1775392177.476934576] [navNode]: 未到目标点
目标位置:(0.0, 0.0, 0.7)-[TakeOff]-[MCU:False]-[POS:False]
当前位置:(0.007027631159871817, 0.004287926945835352, 0.00034242469700984657)
[INFO] [1775392177.575457559] [navNode]: 状态2：Takeoff_wait--[TakeOff]
[INFO] [1775392177.576848669] [navNode]: 未到目标点
目标位置:(0.0, 0.0, 0.7)-[TakeOff]-[MCU:False]-[POS:False]
当前位置:(0.006997612304985523, 0.00447573559358716, 0.00033474224619567394)
[INFO] [1775392177.675768131] [navNode]: 状态2：Takeoff_wait--[TakeOff]
[INFO] [1775392177.677173201] [navNode]: 未到目标点
目标位置:(0.0, 0.0, 0.7)-[TakeOff]-[MCU:False]-[POS:False]
当前位置:(0.007487431168556213, 0.0043525053188204765, 0.0006919018924236298)
[INFO] [1775392177.775299163] [navNode]: 状态2：Takeoff_wait--[TakeOff]
[INFO] [1775392177.775781834] [navNode]: 未到目标点
目标位置:(0.0, 0.0, 0.7)-[TakeOff]-[MCU:False]-[POS:False]
当前位置:(0.006816977635025978, 0.004468847997486591, 0.0007844797801226377)
[INFO] [1775392177.875711833] [navNode]: 状态2：Takeoff_wait--[TakeOff]
[INFO] [1775392177.876346721] [navNode]: 未到目标点
目标位置:(0.0, 0.0, 0.7)-[TakeOff]-[MCU:False]-[POS:False]
当前位置:(0.0068359109573066235, 0.004594877362251282, 0.0006831282516941428)
[INFO] [1775392177.975638426] [navNode]: 状态2：Takeoff_wait--[TakeOff]
[INFO] [1775392177.976764889] [navNode]: 未到目标点
目标位置:(0.0, 0.0, 0.7)-[TakeOff]-[MCU:False]-[POS:False]
当前位置:(0.006794919725507498, 0.004522914532572031, 0.0009396648383699358)
[INFO] [1775392178.077183455] [navNode]: 状态2：Takeoff_wait--[TakeOff]
[INFO] [1775392178.078008072] [navNode]: 未到目标点
目标位置:(0.0, 0.0, 0.7)-[TakeOff]-[MCU:False]-[POS:False]
当前位置:(0.006858689710497856, 0.004498000256717205, 0.0010273178340867162)
[INFO] [1775392178.176021884] [navNode]: 状态2：Takeoff_wait--[TakeOff]
[INFO] [1775392178.177519297] [navNode]: 未到目标点
目标位置:(0.0, 0.0, 0.7)-[TakeOff]-[MCU:False]-[POS:False]
当前位置:(0.0066626411862671375, 0.004581877961754799, 0.000762389914598316)
[INFO] [1775392178.275727456] [navNode]: 状态2：Takeoff_wait--[TakeOff]
[INFO] [1775392178.276234673] [navNode]: 未到目标点
目标位置:(0.0, 0.0, 0.7)-[TakeOff]-[MCU:False]-[POS:False]
当前位置:(0.006816697772592306, 0.004599115811288357, 0.0007834541611373425)
[INFO] [1775392178.375568228] [navNode]: 状态2：Takeoff_wait--[TakeOff]
[INFO] [1775392178.376104353] [navNode]: 未到目标点
目标位置:(0.0, 0.0, 0.7)-[TakeOff]-[MCU:False]-[POS:False]
当前位置:(0.006921917665749788, 0.004415618255734444, 0.0008350360440090299)
[INFO] [1775392178.475339768] [navNode]: 状态2：Takeoff_wait--[TakeOff]
[INFO] [1775392178.476122895] [navNode]: 未到目标点
目标位置:(0.0, 0.0, 0.7)-[TakeOff]-[MCU:False]-[POS:False]
当前位置:(0.00710719171911478, 0.004429520573467016, 0.0008351378492079675)
[INFO] [1775392178.575241161] [navNode]: 状态2：Takeoff_wait--[TakeOff]
[INFO] [1775392178.576628329] [navNode]: 未到目标点
目标位置:(0.0, 0.0, 0.7)-[TakeOff]-[MCU:False]-[POS:False]
当前位置:(0.006703169550746679, 0.00448683463037014, 0.0007900746422819793)
[INFO] [1775392178.675427093] [navNode]: 状态2：Takeoff_wait--[TakeOff]
[INFO] [1775392178.677645591] [navNode]: 未到目标点
目标位置:(0.0, 0.0, 0.7)-[TakeOff]-[MCU:False]-[POS:False]
当前位置:(0.00678648054599762, 0.0044089374132454395, 0.0007102501695044339)
[INFO] [1775392178.775138627] [navNode]: 状态2：Takeoff_wait--[TakeOff]
[INFO] [1775392178.775572072] [navNode]: 未到目标点
目标位置:(0.0, 0.0, 0.7)-[TakeOff]-[MCU:False]-[POS:False]
当前位置:(0.006986181251704693, 0.00436792429536581, 0.0006324245478026569)
[INFO] [1775392178.877022966] [navNode]: 状态2：Takeoff_wait--[TakeOff]
[INFO] [1775392178.877480413] [navNode]: 未到目标点
目标位置:(0.0, 0.0, 0.7)-[TakeOff]-[MCU:False]-[POS:False]
当前位置:(0.006695977412164211, 0.004472092725336552, 0.0007095321780070662)
[INFO] [1775392178.975120688] [navNode]: 状态2：Takeoff_wait--[TakeOff]
[INFO] [1775392178.975938430] [navNode]: 未到目标点
目标位置:(0.0, 0.0, 0.7)-[TakeOff]-[MCU:False]-[POS:False]
当前位置:(0.00707634910941124, 0.004395576659590006, 0.0007765178452245891)
[INFO] [1775392179.075213808] [navNode]: 状态2：Takeoff_wait--[TakeOff]
[INFO] [1775392179.075781794] [navNode]: 未到目标点
目标位置:(0.0, 0.0, 0.7)-[TakeOff]-[MCU:False]-[POS:False]
当前位置:(0.006886821705847979, 0.004523218609392643, 0.0007299857097677886)
[INFO] [1775392179.175402925] [navNode]: 状态2：Takeoff_wait--[TakeOff]
[INFO] [1775392179.176062837] [navNode]: 未到目标点
目标位置:(0.0, 0.0, 0.7)-[TakeOff]-[MCU:False]-[POS:False]
当前位置:(0.006911097094416618, 0.0045340219512581825, 0.0009234817116521299)
[INFO] [1775392179.277572653] [navNode]: 状态2：Takeoff_wait--[TakeOff]
[INFO] [1775392179.278310423] [navNode]: 未到目标点
目标位置:(0.0, 0.0, 0.7)-[TakeOff]-[MCU:False]-[POS:False]
当前位置:(0.006640520878136158, 0.004666039254516363, 0.0006026877090334892)
[INFO] [1775392179.375680357] [navNode]: 状态2：Takeoff_wait--[TakeOff]
[INFO] [1775392179.376233284] [navNode]: 未到目标点
目标位置:(0.0, 0.0, 0.7)-[TakeOff]-[MCU:False]-[POS:False]
当前位置:(0.006791912950575352, 0.004573022481054068, 0.0009501417516730726)
[INFO] [1775392179.475302127] [navNode]: 状态2：Takeoff_wait--[TakeOff]
[INFO] [1775392179.476700394] [navNode]: 未到目标点
目标位置:(0.0, 0.0, 0.7)-[TakeOff]-[MCU:False]-[POS:False]
当前位置:(0.00696730287745595, 0.004693360533565283, 0.0008731041452847421)
[INFO] [1775392179.575448341] [navNode]: 状态2：Takeoff_wait--[TakeOff]
[INFO] [1775392179.575968079] [navNode]: 未到目标点
目标位置:(0.0, 0.0, 0.7)-[TakeOff]-[MCU:False]-[POS:False]
当前位置:(0.006603920832276344, 0.004783788230270147, 0.0006602553185075521)
[INFO] [1775392179.675343795] [navNode]: 状态2：Takeoff_wait--[TakeOff]
[INFO] [1775392179.675822788] [navNode]: 未到目标点
目标位置:(0.0, 0.0, 0.7)-[TakeOff]-[MCU:False]-[POS:False]
当前位置:(0.0069012329913675785, 0.004398613702505827, 0.000903576728887856)
[INFO] [1775392179.775011139] [navNode]: 状态2：Takeoff_wait--[TakeOff]
[INFO] [1775392179.775506139] [navNode]: 未到目标点
目标位置:(0.0, 0.0, 0.7)-[TakeOff]-[MCU:False]-[POS:False]
当前位置:(0.006862381473183632, 0.0045897397212684155, 0.0007382127805612981)
[INFO] [1775392179.875625646] [navNode]: 状态2：Takeoff_wait--[TakeOff]
[INFO] [1775392179.876318945] [navNode]: 未到目标点
目标位置:(0.0, 0.0, 0.7)-[TakeOff]-[MCU:False]-[POS:False]
当前位置:(0.006591164972633123, 0.004615753423422575, 0.0006984260398894548)
[INFO] [1775392179.975363242] [navNode]: 状态2：Takeoff_wait--[TakeOff]
[INFO] [1775392179.976389145] [navNode]: 未到目标点
目标位置:(0.0, 0.0, 0.7)-[TakeOff]-[MCU:False]-[POS:False]
当前位置:(0.006843071896582842, 0.004720813594758511, 0.0008400077349506319)
[INFO] [1775392180.075399021] [navNode]: 状态2：Takeoff_wait--[TakeOff]
[INFO] [1775392180.075881986] [navNode]: 未到目标点
目标位置:(0.0, 0.0, 0.7)-[TakeOff]-[MCU:False]-[POS:False]
当前位置:(0.007028581574559212, 0.004306327551603317, 0.0007527188281528652)
[INFO] [1775392180.175265369] [navNode]: 状态2：Takeoff_wait--[TakeOff]
[INFO] [1775392180.175693090] [navNode]: 未到目标点
目标位置:(0.0, 0.0, 0.7)-[TakeOff]-[MCU:False]-[POS:False]
当前位置:(0.006696498952805996, 0.004581397864967585, 0.0009708046563901007)
[INFO] [1775392180.275494501] [navNode]: 状态2：Takeoff_wait--[TakeOff]
[INFO] [1775392180.276186496] [navNode]: 未到目标点
目标位置:(0.0, 0.0, 0.7)-[TakeOff]-[MCU:False]-[POS:False]
当前位置:(0.006782440468668938, 0.004377590958029032, 0.0007157650543376803)
[INFO] [1775392180.375275047] [navNode]: 状态2：Takeoff_wait--[TakeOff]
[INFO] [1775392180.376174564] [navNode]: 未到目标点
目标位置:(0.0, 0.0, 0.7)-[TakeOff]-[MCU:False]-[POS:False]
当前位置:(0.00715635297819972, 0.004323034547269344, 0.0007355340057983994)
[INFO] [1775392180.475684913] [navNode]: 状态2：Takeoff_wait--[TakeOff]
[INFO] [1775392180.476254506] [navNode]: 未到目标点
目标位置:(0.0, 0.0, 0.7)-[TakeOff]-[MCU:False]-[POS:False]
当前位置:(0.006936248391866684, 0.004324468784034252, 0.0005688238306902349)
[INFO] [1775392180.575787795] [navNode]: 状态2：Takeoff_wait--[TakeOff]
[INFO] [1775392180.576426722] [navNode]: 未到目标点
目标位置:(0.0, 0.0, 0.7)-[TakeOff]-[MCU:False]-[POS:False]
当前位置:(0.0066438461653888226, 0.004675247706472874, 0.0007534251199103892)
[INFO] [1775392180.675450743] [navNode]: 状态2：Takeoff_wait--[TakeOff]
[INFO] [1775392180.675930000] [navNode]: 未到目标点
目标位置:(0.0, 0.0, 0.7)-[TakeOff]-[MCU:False]-[POS:False]
当前位置:(0.006661021150648594, 0.004739897791296244, 0.0006489672232419252)
[INFO] [1775392180.775480666] [navNode]: 状态2：Takeoff_wait--[TakeOff]
[INFO] [1775392180.775951966] [navNode]: 未到目标点
目标位置:(0.0, 0.0, 0.7)-[TakeOff]-[MCU:False]-[POS:False]
当前位置:(0.006713926326483488, 0.004661269951611757, 0.0009234645985998213)
[INFO] [1775392180.876552484] [navNode]: 状态2：Takeoff_wait--[TakeOff]
[INFO] [1775392180.877127506] [navNode]: 未到目标点
目标位置:(0.0, 0.0, 0.7)-[TakeOff]-[MCU:False]-[POS:False]
当前位置:(0.006884214002639055, 0.004706684034317732, 0.0009119886672124267)
[INFO] [1775392180.975496093] [navNode]: 状态2：Takeoff_wait--[TakeOff]
[INFO] [1775392180.977172786] [navNode]: 未到目标点
目标位置:(0.0, 0.0, 0.7)-[TakeOff]-[MCU:False]-[POS:False]
当前位置:(0.006640744861215353, 0.004634418990463018, 0.0008026708965189755)
[INFO] [1775392181.076996777] [navNode]: 状态2：Takeoff_wait--[TakeOff]
[INFO] [1775392181.077460430] [navNode]: 未到目标点
目标位置:(0.0, 0.0, 0.7)-[TakeOff]-[MCU:False]-[POS:False]
当前位置:(0.006787424441426992, 0.004620215389877558, 0.0010450517293065786)
[INFO] [1775392181.175629092] [navNode]: 状态2：Takeoff_wait--[TakeOff]
[INFO] [1775392181.176069011] [navNode]: 未到目标点
目标位置:(0.0, 0.0, 0.7)-[TakeOff]-[MCU:False]-[POS:False]
当前位置:(0.006945320405066013, 0.0042763021774590015, 0.000757515081204474)
[INFO] [1775392181.276892755] [navNode]: 状态2：Takeoff_wait--[TakeOff]
[INFO] [1775392181.277317743] [navNode]: 未到目标点
目标位置:(0.0, 0.0, 0.7)-[TakeOff]-[MCU:False]-[POS:False]
当前位置:(0.006968788802623749, 0.004517900757491589, 0.0007383000338450074)
[INFO] [1775392181.375321535] [navNode]: 状态2：Takeoff_wait--[TakeOff]
[INFO] [1775392181.377053346] [navNode]: 未到目标点
目标位置:(0.0, 0.0, 0.7)-[TakeOff]-[MCU:False]-[POS:False]
当前位置:(0.007055618334561586, 0.00453538540750742, 0.0009017821867018938)
[INFO] [1775392181.476250753] [navNode]: 状态2：Takeoff_wait--[TakeOff]
[INFO] [1775392181.476716117] [navNode]: 未到目标点
目标位置:(0.0, 0.0, 0.7)-[TakeOff]-[MCU:False]-[POS:False]
当前位置:(0.007188544608652592, 0.004349604714661837, 0.0007952417363412678)
[INFO] [1775392181.575363574] [navNode]: 状态2：Takeoff_wait--[TakeOff]
[INFO] [1775392181.577265732] [navNode]: 未到目标点
目标位置:(0.0, 0.0, 0.7)-[TakeOff]-[MCU:False]-[POS:False]
当前位置:(0.00669837137684226, 0.004616414196789265, 0.0008659869781695306)
[INFO] [1775392181.675658068] [navNode]: 状态2：Takeoff_wait--[TakeOff]
[INFO] [1775392181.677148612] [navNode]: 未到目标点
目标位置:(0.0, 0.0, 0.7)-[TakeOff]-[MCU:False]-[POS:False]
当前位置:(0.006506148260086775, 0.004430040251463652, 0.0006049383082427084)
[INFO] [1775392181.776361312] [navNode]: 状态2：Takeoff_wait--[TakeOff]
[INFO] [1775392181.777906561] [navNode]: 未到目标点
目标位置:(0.0, 0.0, 0.7)-[TakeOff]-[MCU:False]-[POS:False]
当前位置:(0.006986880674958229, 0.004446781240403652, 0.0006287581636570394)
[INFO] [1775392181.875507999] [navNode]: 状态2：Takeoff_wait--[TakeOff]
[INFO] [1775392181.876404134] [navNode]: 未到目标点
目标位置:(0.0, 0.0, 0.7)-[TakeOff]-[MCU:False]-[POS:False]
当前位置:(0.00699783768504858, 0.004315217491239309, 0.0005494102952070534)
[INFO] [1775392181.975308995] [navNode]: 状态2：Takeoff_wait--[TakeOff]
[INFO] [1775392181.976869446] [navNode]: 未到目标点
目标位置:(0.0, 0.0, 0.7)-[TakeOff]-[MCU:False]-[POS:False]
当前位置:(0.006990831345319748, 0.0047038099728524685, 0.00042913109064102173)
[INFO] [1775392182.075369815] [navNode]: 状态2：Takeoff_wait--[TakeOff]
[INFO] [1775392182.075847001] [navNode]: 未到目标点
目标位置:(0.0, 0.0, 0.7)-[TakeOff]-[MCU:False]-[POS:False]
当前位置:(0.006827572826296091, 0.004569179844111204, 0.0006493404507637024)
[INFO] [1775392182.175605080] [navNode]: 状态2：Takeoff_wait--[TakeOff]
[INFO] [1775392182.176123051] [navNode]: 未到目标点
目标位置:(0.0, 0.0, 0.7)-[TakeOff]-[MCU:False]-[POS:False]
当前位置:(0.007020209450274706, 0.004203863441944122, 0.0007349667721427977)
[INFO] [1775392182.275277688] [navNode]: 状态2：Takeoff_wait--[TakeOff]
[INFO] [1775392182.275752307] [navNode]: 未到目标点
目标位置:(0.0, 0.0, 0.7)-[TakeOff]-[MCU:False]-[POS:False]
当前位置:(0.0068557607010006905, 0.0042020464316010475, 0.00041703289025463164)
[INFO] [1775392182.375106620] [navNode]: 状态2：Takeoff_wait--[TakeOff]
[INFO] [1775392182.375571518] [navNode]: 未到目标点
目标位置:(0.0, 0.0, 0.7)-[TakeOff]-[MCU:False]-[POS:False]
当前位置:(0.00716904504224658, 0.004559817258268595, 0.0009233562741428614)
[INFO] [1775392182.475251999] [navNode]: 状态2：Takeoff_wait--[TakeOff]
[INFO] [1775392182.475724770] [navNode]: 未到目标点
目标位置:(0.0, 0.0, 0.7)-[TakeOff]-[MCU:False]-[POS:False]
当前位置:(0.0071867587976157665, 0.004323915578424931, 0.0007526256376877427)
[INFO] [1775392182.575264497] [navNode]: 状态2：Takeoff_wait--[TakeOff]
[INFO] [1775392182.575776855] [navNode]: 未到目标点
目标位置:(0.0, 0.0, 0.7)-[TakeOff]-[MCU:False]-[POS:False]
当前位置:(0.006754428148269653, 0.004504536744207144, 0.0007611519540660083)
[INFO] [1775392182.675760430] [navNode]: 状态2：Takeoff_wait--[TakeOff]
[INFO] [1775392182.676995768] [navNode]: 未到目标点
目标位置:(0.0, 0.0, 0.7)-[TakeOff]-[MCU:False]-[POS:False]
当前位置:(0.007111102342605591, 0.004440302960574627, 0.0006081360043026507)
[INFO] [1775392182.775465979] [navNode]: 状态2：Takeoff_wait--[TakeOff]
[INFO] [1775392182.775998107] [navNode]: 未到目标点
目标位置:(0.0, 0.0, 0.7)-[TakeOff]-[MCU:False]-[POS:False]
当前位置:(0.006866518408060074, 0.004805717151612043, 0.0005437669460661709)
[INFO] [1775392182.876502861] [navNode]: 状态2：Takeoff_wait--[TakeOff]
[INFO] [1775392182.877039316] [navNode]: 未到目标点
目标位置:(0.0, 0.0, 0.7)-[TakeOff]-[MCU:False]-[POS:False]
当前位置:(0.007317220326513052, 0.004439639393240213, 0.0009335277718491852)
[INFO] [1775392182.976240663] [navNode]: 状态2：Takeoff_wait--[TakeOff]
[INFO] [1775392182.976982916] [navNode]: 未到目标点
目标位置:(0.0, 0.0, 0.7)-[TakeOff]-[MCU:False]-[POS:False]
当前位置:(0.0063353353179991245, 0.00471755675971508, 0.00044271821388974786)
[INFO] [1775392183.075580612] [navNode]: 状态2：Takeoff_wait--[TakeOff]
[INFO] [1775392183.077524381] [navNode]: 未到目标点
目标位置:(0.0, 0.0, 0.7)-[TakeOff]-[MCU:False]-[POS:False]
当前位置:(0.0071303159929811954, 0.004577078856527805, 0.0007308361236937344)
[INFO] [1775392183.176069652] [navNode]: 状态2：Takeoff_wait--[TakeOff]
[INFO] [1775392183.176583411] [navNode]: 未到目标点
目标位置:(0.0, 0.0, 0.7)-[TakeOff]-[MCU:False]-[POS:False]
当前位置:(0.0066983019933104515, 0.004651914816349745, 0.0006072057294659317)
[INFO] [1775392183.275028139] [navNode]: 状态2：Takeoff_wait--[TakeOff]
[INFO] [1775392183.275514748] [navNode]: 未到目标点
目标位置:(0.0, 0.0, 0.7)-[TakeOff]-[MCU:False]-[POS:False]
当前位置:(0.006606101989746094, 0.0045041292905807495, 0.0006350776529870927)
[INFO] [1775392183.375173709] [navNode]: 状态2：Takeoff_wait--[TakeOff]
[INFO] [1775392183.376280147] [navNode]: 未到目标点
目标位置:(0.0, 0.0, 0.7)-[TakeOff]-[MCU:False]-[POS:False]
当前位置:(0.00725126825273037, 0.0044260709546506405, 0.0007560304366052151)
[INFO] [1775392183.475068283] [navNode]: 状态2：Takeoff_wait--[TakeOff]
[INFO] [1775392183.478115964] [navNode]: 未到目标点
目标位置:(0.0, 0.0, 0.7)-[TakeOff]-[MCU:False]-[POS:False]
当前位置:(0.006655457429587841, 0.004755919333547354, 0.0009006811887957156)
[INFO] [1775392183.575258872] [navNode]: 状态2：Takeoff_wait--[TakeOff]
[INFO] [1775392183.575667596] [navNode]: 未到目标点
目标位置:(0.0, 0.0, 0.7)-[TakeOff]-[MCU:False]-[POS:False]
当前位置:(0.006842499598860741, 0.004662782419472933, 0.0008398882346227765)
[INFO] [1775392183.675300210] [navNode]: 状态2：Takeoff_wait--[TakeOff]
[INFO] [1775392183.675803334] [navNode]: 未到目标点
目标位置:(0.0, 0.0, 0.7)-[TakeOff]-[MCU:False]-[POS:False]
当前位置:(0.007002835627645254, 0.004476814530789852, 0.000971820845734328)
[INFO] [1775392183.775414147] [navNode]: 状态2：Takeoff_wait--[TakeOff]
[INFO] [1775392183.775890500] [navNode]: 未到目标点
目标位置:(0.0, 0.0, 0.7)-[TakeOff]-[MCU:False]-[POS:False]
当前位置:(0.007197922095656395, 0.004613006953150034, 0.0008369866409339011)
[INFO] [1775392183.875517954] [navNode]: 状态2：Takeoff_wait--[TakeOff]
[INFO] [1775392183.876669005] [navNode]: 未到目标点
目标位置:(0.0, 0.0, 0.7)-[TakeOff]-[MCU:False]-[POS:False]
当前位置:(0.006720061879605055, 0.004665225278586149, 0.0006669822032563388)
[INFO] [1775392183.975388944] [navNode]: 状态2：Takeoff_wait--[TakeOff]
[INFO] [1775392183.976005049] [navNode]: 未到目标点
目标位置:(0.0, 0.0, 0.7)-[TakeOff]-[MCU:False]-[POS:False]
当前位置:(0.0067901164293289185, 0.0044582197442650795, 0.0008009076700545847)
[INFO] [1775392184.075273989] [navNode]: 状态2：Takeoff_wait--[TakeOff]
[INFO] [1775392184.075928930] [navNode]: 未到目标点
目标位置:(0.0, 0.0, 0.7)-[TakeOff]-[MCU:False]-[POS:False]
当前位置:(0.006874398328363895, 0.004656899720430374, 0.0006857543485239148)
[INFO] [1775392184.175210026] [navNode]: 状态2：Takeoff_wait--[TakeOff]
[INFO] [1775392184.176235318] [navNode]: 未到目标点
目标位置:(0.0, 0.0, 0.7)-[TakeOff]-[MCU:False]-[POS:False]
当前位置:(0.006730701308697462, 0.004647237714380026, 0.0009426706819795072)
[INFO] [1775392184.275115473] [navNode]: 状态2：Takeoff_wait--[TakeOff]
[INFO] [1775392184.275635044] [navNode]: 未到目标点
目标位置:(0.0, 0.0, 0.7)-[TakeOff]-[MCU:False]-[POS:False]
当前位置:(0.006902112625539303, 0.004625994246453047, 0.0008026226423680782)
[INFO] [1775392184.375167981] [navNode]: 状态2：Takeoff_wait--[TakeOff]
[INFO] [1775392184.375700794] [navNode]: 未到目标点
目标位置:(0.0, 0.0, 0.7)-[TakeOff]-[MCU:False]-[POS:False]
当前位置:(0.006830804981291294, 0.004430009517818689, 0.0007798334117978811)
[INFO] [1775392184.475366713] [navNode]: 状态2：Takeoff_wait--[TakeOff]
[INFO] [1775392184.475896639] [navNode]: 未到目标点
目标位置:(0.0, 0.0, 0.7)-[TakeOff]-[MCU:False]-[POS:False]
当前位置:(0.006807259749621153, 0.004349716939032078, 0.0006050363299436867)
[INFO] [1775392184.575192315] [navNode]: 状态2：Takeoff_wait--[TakeOff]
[INFO] [1775392184.575634203] [navNode]: 未到目标点
目标位置:(0.0, 0.0, 0.7)-[TakeOff]-[MCU:False]-[POS:False]
当前位置:(0.006872303318232298, 0.004523035604506731, 0.0006968873203732073)
[INFO] [1775392184.675049975] [navNode]: 状态2：Takeoff_wait--[TakeOff]
[INFO] [1775392184.675471670] [navNode]: 未到目标点
目标位置:(0.0, 0.0, 0.7)-[TakeOff]-[MCU:False]-[POS:False]
当前位置:(0.007004049140959978, 0.004489668644964695, 0.0010482263751327991)
[INFO] [1775392184.775322412] [navNode]: 状态2：Takeoff_wait--[TakeOff]
[INFO] [1775392184.776469422] [navNode]: 未到目标点
目标位置:(0.0, 0.0, 0.7)-[TakeOff]-[MCU:False]-[POS:False]
当前位置:(0.006784510333091021, 0.004545672331005335, 0.0007611904293298721)
[INFO] [1775392184.875549283] [navNode]: 状态2：Takeoff_wait--[TakeOff]
[INFO] [1775392184.876787453] [navNode]: 未到目标点
目标位置:(0.0, 0.0, 0.7)-[TakeOff]-[MCU:False]-[POS:False]
当前位置:(0.006827880162745714, 0.0042692446149885654, 0.0007697014370933175)
[INFO] [1775392184.975112677] [navNode]: 状态2：Takeoff_wait--[TakeOff]
[INFO] [1775392184.975638395] [navNode]: 未到目标点
目标位置:(0.0, 0.0, 0.7)-[TakeOff]-[MCU:False]-[POS:False]
当前位置:(0.007017334457486868, 0.00447244243696332, 0.0009330352768301964)
[INFO] [1775392185.075189083] [navNode]: 状态2：Takeoff_wait--[TakeOff]
[INFO] [1775392185.075734843] [navNode]: 未到目标点
目标位置:(0.0, 0.0, 0.7)-[TakeOff]-[MCU:False]-[POS:False]
当前位置:(0.006436895113438368, 0.00461335526779294, 0.0006647020927630365)
[INFO] [1775392185.175508028] [navNode]: 状态2：Takeoff_wait--[TakeOff]
[INFO] [1775392185.177260975] [navNode]: 未到目标点
目标位置:(0.0, 0.0, 0.7)-[TakeOff]-[MCU:False]-[POS:False]
当前位置:(0.006883617956191301, 0.004439815413206816, 0.0009438925189897418)
[INFO] [1775392185.276663239] [navNode]: 状态2：Takeoff_wait--[TakeOff]
[INFO] [1775392185.277164614] [navNode]: 未到目标点
目标位置:(0.0, 0.0, 0.7)-[TakeOff]-[MCU:False]-[POS:False]
当前位置:(0.007078678347170353, 0.004477094393223524, 0.0008207401842810214)
[INFO] [1775392185.375475074] [navNode]: 状态2：Takeoff_wait--[TakeOff]
[INFO] [1775392185.376907291] [navNode]: 未到目标点
目标位置:(0.0, 0.0, 0.7)-[TakeOff]-[MCU:False]-[POS:False]
当前位置:(0.006911516189575195, 0.0044184159487485886, 0.0009030764922499657)
[INFO] [1775392185.476697629] [navNode]: 状态2：Takeoff_wait--[TakeOff]
[INFO] [1775392185.477129629] [navNode]: 未到目标点
目标位置:(0.0, 0.0, 0.7)-[TakeOff]-[MCU:False]-[POS:False]
当前位置:(0.006517580710351467, 0.004481636919081211, 0.0005143203306943178)
[INFO] [1775392185.575228574] [navNode]: 状态2：Takeoff_wait--[TakeOff]
[INFO] [1775392185.575632841] [navNode]: 未到目标点
目标位置:(0.0, 0.0, 0.7)-[TakeOff]-[MCU:False]-[POS:False]
当前位置:(0.006739544682204723, 0.004504138603806496, 0.0007257380057126284)
[INFO] [1775392185.675032636] [navNode]: 状态2：Takeoff_wait--[TakeOff]
[INFO] [1775392185.675513347] [navNode]: 未到目标点
目标位置:(0.0, 0.0, 0.7)-[TakeOff]-[MCU:False]-[POS:False]
当前位置:(0.007039213553071022, 0.004431558772921562, 0.0007714541861787438)
[INFO] [1775392185.775993770] [navNode]: 状态2：Takeoff_wait--[TakeOff]
[INFO] [1775392185.776961429] [navNode]: 未到目标点
目标位置:(0.0, 0.0, 0.7)-[TakeOff]-[MCU:False]-[POS:False]
当前位置:(0.00680417288094759, 0.004545129369944334, 0.0008347687544301152)
[INFO] [1775392185.875209542] [navNode]: 状态2：Takeoff_wait--[TakeOff]
[INFO] [1775392185.876372550] [navNode]: 未到目标点
目标位置:(0.0, 0.0, 0.7)-[TakeOff]-[MCU:False]-[POS:False]
当前位置:(0.006562798283994198, 0.004427386913448572, 0.0005155092803761363)
[INFO] [1775392185.975332248] [navNode]: 状态2：Takeoff_wait--[TakeOff]
[INFO] [1775392185.976743720] [navNode]: 未到目标点
目标位置:(0.0, 0.0, 0.7)-[TakeOff]-[MCU:False]-[POS:False]
当前位置:(0.006916260812431574, 0.00424228748306632, 0.00053363514598459)
[INFO] [1775392186.077170509] [navNode]: 状态2：Takeoff_wait--[TakeOff]
[INFO] [1775392186.077699341] [navNode]: 未到目标点
目标位置:(0.0, 0.0, 0.7)-[TakeOff]-[MCU:False]-[POS:False]
当前位置:(0.007181824184954166, 0.004286267329007387, 0.0006835280801169574)
[INFO] [1775392186.175342081] [navNode]: 状态2：Takeoff_wait--[TakeOff]
[INFO] [1775392186.175819087] [navNode]: 未到目标点
目标位置:(0.0, 0.0, 0.7)-[TakeOff]-[MCU:False]-[POS:False]
当前位置:(0.007329065818339586, 0.00425376184284687, 0.0008878728840500116)
[INFO] [1775392186.275178407] [navNode]: 状态2：Takeoff_wait--[TakeOff]
[INFO] [1775392186.276172237] [navNode]: 未到目标点
目标位置:(0.0, 0.0, 0.7)-[TakeOff]-[MCU:False]-[POS:False]
当前位置:(0.007018677424639463, 0.004546772222965956, 0.0009354960639029741)
[INFO] [1775392186.375438950] [navNode]: 状态2：Takeoff_wait--[TakeOff]
[INFO] [1775392186.375909608] [navNode]: 未到目标点
目标位置:(0.0, 0.0, 0.7)-[TakeOff]-[MCU:False]-[POS:False]
当前位置:(0.006880473345518112, 0.004541411995887756, 0.0010067697148770094)
[INFO] [1775392186.475767094] [navNode]: 状态2：Takeoff_wait--[TakeOff]
[INFO] [1775392186.476758494] [navNode]: 未到目标点
目标位置:(0.0, 0.0, 0.7)-[TakeOff]-[MCU:False]-[POS:False]
当前位置:(0.006858836859464645, 0.004301188513636589, 0.0006716763600707054)
[INFO] [1775392186.575265887] [navNode]: 状态2：Takeoff_wait--[TakeOff]
[INFO] [1775392186.575825539] [navNode]: 未到目标点
目标位置:(0.0, 0.0, 0.7)-[TakeOff]-[MCU:False]-[POS:False]
当前位置:(0.006937797646969557, 0.004349623806774616, 0.0004225943994242698)
[INFO] [1775392186.675129806] [navNode]: 状态2：Takeoff_wait--[TakeOff]
[INFO] [1775392186.675635710] [navNode]: 未到目标点
目标位置:(0.0, 0.0, 0.7)-[TakeOff]-[MCU:False]-[POS:False]
当前位置:(0.006771749351173639, 0.004476381931453943, 0.0006201519281603396)
[INFO] [1775392186.775339066] [navNode]: 状态2：Takeoff_wait--[TakeOff]
[INFO] [1775392186.775907548] [navNode]: 未到目标点
目标位置:(0.0, 0.0, 0.7)-[TakeOff]-[MCU:False]-[POS:False]
当前位置:(0.006814535707235336, 0.004750017076730728, 0.0005341473151929677)
[INFO] [1775392186.875390995] [navNode]: 状态2：Takeoff_wait--[TakeOff]
[INFO] [1775392186.876918084] [navNode]: 未到目标点
目标位置:(0.0, 0.0, 0.7)-[TakeOff]-[MCU:False]-[POS:False]
当前位置:(0.007211057003587484, 0.0042787049897015095, 0.0008354505989700556)
[INFO] [1775392186.976539649] [navNode]: 状态2：Takeoff_wait--[TakeOff]
[INFO] [1775392186.978115413] [navNode]: 未到目标点
目标位置:(0.0, 0.0, 0.7)-[TakeOff]-[MCU:False]-[POS:False]
当前位置:(0.0071153799071908, 0.004408166278153658, 0.0007362947799265385)
[INFO] [1775392187.075045917] [navNode]: 状态2：Takeoff_wait--[TakeOff]
[INFO] [1775392187.075880379] [navNode]: 未到目标点
目标位置:(0.0, 0.0, 0.7)-[TakeOff]-[MCU:False]-[POS:False]
当前位置:(0.006950633600354195, 0.004508072976022959, 0.0009120341273956001)
[INFO] [1775392187.175490140] [navNode]: 状态2：Takeoff_wait--[TakeOff]
[INFO] [1775392187.176707970] [navNode]: 未到目标点
目标位置:(0.0, 0.0, 0.7)-[TakeOff]-[MCU:False]-[POS:False]
当前位置:(0.006596659775823355, 0.0046149855479598045, 0.00043065930367447436)
[INFO] [1775392187.275262440] [navNode]: 状态2：Takeoff_wait--[TakeOff]
[INFO] [1775392187.275871114] [navNode]: 未到目标点
目标位置:(0.0, 0.0, 0.7)-[TakeOff]-[MCU:False]-[POS:False]
当前位置:(0.006933577824383974, 0.004469790495932102, 0.0007512083393521607)
[INFO] [1775392187.375213690] [navNode]: 状态2：Takeoff_wait--[TakeOff]
[INFO] [1775392187.376412421] [navNode]: 未到目标点
目标位置:(0.0, 0.0, 0.7)-[TakeOff]-[MCU:False]-[POS:False]
当前位置:(0.007047345861792564, 0.004175735171884298, 0.0009047904168255627)
[INFO] [1775392187.475199787] [navNode]: 状态2：Takeoff_wait--[TakeOff]
[INFO] [1775392187.475671643] [navNode]: 未到目标点
目标位置:(0.0, 0.0, 0.7)-[TakeOff]-[MCU:False]-[POS:False]
当前位置:(0.0071566421538591385, 0.0044317785650491714, 0.0005822374951094389)
[INFO] [1775392187.576283439] [navNode]: 状态2：Takeoff_wait--[TakeOff]
[INFO] [1775392187.576793817] [navNode]: 未到目标点
目标位置:(0.0, 0.0, 0.7)-[TakeOff]-[MCU:False]-[POS:False]
当前位置:(0.007116175256669521, 0.0042982930317521095, 0.0007532178424298763)
[INFO] [1775392187.676595520] [navNode]: 状态2：Takeoff_wait--[TakeOff]
[INFO] [1775392187.677137921] [navNode]: 未到目标点
目标位置:(0.0, 0.0, 0.7)-[TakeOff]-[MCU:False]-[POS:False]
当前位置:(0.0070160431787371635, 0.004363778047263622, 0.0008506083977408707)
[INFO] [1775392187.775737528] [navNode]: 状态2：Takeoff_wait--[TakeOff]
[INFO] [1775392187.776420685] [navNode]: 未到目标点
目标位置:(0.0, 0.0, 0.7)-[TakeOff]-[MCU:False]-[POS:False]
当前位置:(0.00687827542424202, 0.004371295217424631, 0.0007776722777634859)
[INFO] [1775392187.875711069] [navNode]: 状态2：Takeoff_wait--[TakeOff]
[INFO] [1775392187.876397536] [navNode]: 未到目标点
目标位置:(0.0, 0.0, 0.7)-[TakeOff]-[MCU:False]-[POS:False]
当前位置:(0.007061836309731007, 0.0042952969670295715, 0.0007517834310419858)
[INFO] [1775392187.975315027] [navNode]: 状态2：Takeoff_wait--[TakeOff]
[INFO] [1775392187.975809148] [navNode]: 未到目标点
目标位置:(0.0, 0.0, 0.7)-[TakeOff]-[MCU:False]-[POS:False]
当前位置:(0.007239603903144598, 0.004418577067553997, 0.0008440022356808186)
[INFO] [1775392188.075674362] [navNode]: 状态2：Takeoff_wait--[TakeOff]
[INFO] [1775392188.076187882] [navNode]: 未到目标点
目标位置:(0.0, 0.0, 0.7)-[TakeOff]-[MCU:False]-[POS:False]
当前位置:(0.007111802697181702, 0.0044930847361683846, 0.0013425886863842607)
[INFO] [1775392188.175374315] [navNode]: 状态2：Takeoff_wait--[TakeOff]
[INFO] [1775392188.175831141] [navNode]: 未到目标点
目标位置:(0.0, 0.0, 0.7)-[TakeOff]-[MCU:False]-[POS:False]
当前位置:(0.0076166982762515545, 0.0037194755859673023, 0.0007635217043571174)
[INFO] [1775392188.275259399] [navNode]: 状态2：Takeoff_wait--[TakeOff]
[INFO] [1775392188.275743389] [navNode]: 未到目标点
目标位置:(0.0, 0.0, 0.7)-[TakeOff]-[MCU:False]-[POS:False]
当前位置:(0.007638196460902691, 0.004637321922928095, 0.0011603661114349961)
[INFO] [1775392188.376009750] [navNode]: 状态2：Takeoff_wait--[TakeOff]
[INFO] [1775392188.377108158] [navNode]: 未到目标点
目标位置:(0.0, 0.0, 0.7)-[TakeOff]-[MCU:False]-[POS:False]
当前位置:(0.006889129988849163, 0.002753257052972913, 0.0012561468174681067)
[INFO] [1775392188.475093351] [navNode]: 状态2：Takeoff_wait--[TakeOff]
[INFO] [1775392188.476872936] [navNode]: 未到目标点
目标位置:(0.0, 0.0, 0.7)-[TakeOff]-[MCU:False]-[POS:False]
当前位置:(0.006849728059023619, 0.0033333764877170324, 0.0007082941592670977)
[INFO] [1775392188.575331902] [navNode]: 状态2：Takeoff_wait--[TakeOff]
[INFO] [1775392188.576883165] [navNode]: 未到目标点
目标位置:(0.0, 0.0, 0.7)-[TakeOff]-[MCU:False]-[POS:False]
当前位置:(0.0062993294559419155, 0.004621494095772505, 0.0014051776379346848)
[INFO] [1775392188.675608023] [navNode]: 状态2：Takeoff_wait--[TakeOff]
[INFO] [1775392188.676572442] [navNode]: 未到目标点
目标位置:(0.0, 0.0, 0.7)-[TakeOff]-[MCU:False]-[POS:False]
当前位置:(0.004699778277426958, 0.004259020555764437, 0.0013123233802616596)
[INFO] [1775392188.775757009] [navNode]: 状态2：Takeoff_wait--[TakeOff]
[INFO] [1775392188.776427146] [navNode]: 未到目标点
目标位置:(0.0, 0.0, 0.7)-[TakeOff]-[MCU:False]-[POS:False]
当前位置:(0.003869759850203991, 0.002317647449672222, 0.0015002862783148885)
[INFO] [1775392188.875716394] [navNode]: 状态2：Takeoff_wait--[TakeOff]
[INFO] [1775392188.876325221] [navNode]: 未到目标点
目标位置:(0.0, 0.0, 0.7)-[TakeOff]-[MCU:False]-[POS:False]
当前位置:(0.005398094654083252, 0.005568556021898985, 0.0006170232663862407)
[INFO] [1775392188.975313636] [navNode]: 状态2：Takeoff_wait--[TakeOff]
[INFO] [1775392188.975784492] [navNode]: 未到目标点
目标位置:(0.0, 0.0, 0.7)-[TakeOff]-[MCU:False]-[POS:False]
当前位置:(0.0035289255902171135, 0.003042767522856593, 0.001975051127374172)
[INFO] [1775392189.077272056] [navNode]: 状态2：Takeoff_wait--[TakeOff]
[INFO] [1775392189.077785596] [navNode]: 未到目标点
目标位置:(0.0, 0.0, 0.7)-[TakeOff]-[MCU:False]-[POS:False]
当前位置:(0.0045494576916098595, 0.0042788079008460045, 0.00113579910248518)
[INFO] [1775392189.175268401] [navNode]: 状态2：Takeoff_wait--[TakeOff]
[INFO] [1775392189.175777010] [navNode]: 未到目标点
目标位置:(0.0, 0.0, 0.7)-[TakeOff]-[MCU:False]-[POS:False]
当前位置:(0.002881001913920045, 0.005052986089140177, 0.0007764029433019459)
[INFO] [1775392189.275305876] [navNode]: 状态2：Takeoff_wait--[TakeOff]
[INFO] [1775392189.275996457] [navNode]: 未到目标点
目标位置:(0.0, 0.0, 0.7)-[TakeOff]-[MCU:False]-[POS:False]
当前位置:(0.0018280012300238013, 0.005224031396210194, 0.0013436145382001996)
[INFO] [1775392189.375854147] [navNode]: 状态2：Takeoff_wait--[TakeOff]
[INFO] [1775392189.376388623] [navNode]: 未到目标点
目标位置:(0.0, 0.0, 0.7)-[TakeOff]-[MCU:False]-[POS:False]
当前位置:(0.002323422348126769, 0.002722643781453371, 0.001227080705575645)
[INFO] [1775392189.475121490] [navNode]: 状态2：Takeoff_wait--[TakeOff]
[INFO] [1775392189.475767834] [navNode]: 未到目标点
目标位置:(0.0, 0.0, 0.7)-[TakeOff]-[MCU:False]-[POS:False]
当前位置:(0.0026359909679740667, 0.001521583297289908, 0.0005108132609166205)
[INFO] [1775392189.575233908] [navNode]: 状态2：Takeoff_wait--[TakeOff]
[INFO] [1775392189.575695748] [navNode]: 未到目标点
目标位置:(0.0, 0.0, 0.7)-[TakeOff]-[MCU:False]-[POS:False]
当前位置:(0.0021104873158037663, 0.007338601164519787, 0.0011859337100759149)
[INFO] [1775392189.675099308] [navNode]: 状态2：Takeoff_wait--[TakeOff]
[INFO] [1775392189.675600922] [navNode]: 未到目标点
目标位置:(0.0, 0.0, 0.7)-[TakeOff]-[MCU:False]-[POS:False]
当前位置:(0.001876018475741148, 0.0035616422537714243, 5.1645736675709486e-05)
[INFO] [1775392189.775198485] [navNode]: 状态2：Takeoff_wait--[TakeOff]
[INFO] [1775392189.776536899] [navNode]: 未到目标点
目标位置:(0.0, 0.0, 0.7)-[TakeOff]-[MCU:False]-[POS:False]
当前位置:(0.003013320965692401, 0.005159602966159582, 0.001346043893136084)
[INFO] [1775392189.875237985] [navNode]: 状态2：Takeoff_wait--[TakeOff]
[INFO] [1775392189.875744235] [navNode]: 未到目标点
目标位置:(0.0, 0.0, 0.7)-[TakeOff]-[MCU:False]-[POS:False]
当前位置:(0.0020428041461855173, 0.005393956322222948, 0.0013685908634215593)
[INFO] [1775392189.975358744] [navNode]: 状态2：Takeoff_wait--[TakeOff]
[INFO] [1775392189.977228367] [navNode]: 未到目标点
目标位置:(0.0, 0.0, 0.7)-[TakeOff]-[MCU:False]-[POS:False]
当前位置:(-0.0009137137094512582, 0.0047018881887197495, 0.0022691343910992146)
[INFO] [1775392190.075272280] [navNode]: 状态2：Takeoff_wait--[TakeOff]
[INFO] [1775392190.075783107] [navNode]: 未到目标点
目标位置:(0.0, 0.0, 0.7)-[TakeOff]-[MCU:False]-[POS:False]
当前位置:(0.00018782560073304921, 0.0031240880489349365, 0.001550248940475285)
[INFO] [1775392190.175533988] [navNode]: 状态2：Takeoff_wait--[TakeOff]
[INFO] [1775392190.176162726] [navNode]: 未到目标点
目标位置:(0.0, 0.0, 0.7)-[TakeOff]-[MCU:False]-[POS:False]
当前位置:(0.0011074112262576818, 0.007278136443346739, 0.001529786502942443)
[INFO] [1775392190.275375570] [navNode]: 状态2：Takeoff_wait--[TakeOff]
[INFO] [1775392190.276459160] [navNode]: 未到目标点
目标位置:(0.0, 0.0, 0.7)-[TakeOff]-[MCU:False]-[POS:False]
当前位置:(0.0009585680090822279, 0.006284516770392656, 0.0014113613869994879)
[INFO] [1775392190.377086083] [navNode]: 状态2：Takeoff_wait--[TakeOff]
[INFO] [1775392190.377608539] [navNode]: 未到目标点
目标位置:(0.0, 0.0, 0.7)-[TakeOff]-[MCU:False]-[POS:False]
当前位置:(0.0003126407682429999, 0.006378112826496363, 0.0006649151910096407)
[INFO] [1775392190.475375135] [navNode]: 状态2：Takeoff_wait--[TakeOff]
[INFO] [1775392190.475862844] [navNode]: 未到目标点
目标位置:(0.0, 0.0, 0.7)-[TakeOff]-[MCU:False]-[POS:False]
当前位置:(-0.0014752326533198357, 0.004472430795431137, 0.001062118448317051)
[INFO] [1775392190.575522199] [navNode]: 状态2：Takeoff_wait--[TakeOff]
[INFO] [1775392190.576713121] [navNode]: 未到目标点
目标位置:(0.0, 0.0, 0.7)-[TakeOff]-[MCU:False]-[POS:False]
当前位置:(0.00804198905825615, 0.003920251037925482, 0.0004952081362716854)
[INFO] [1775392190.675035004] [navNode]: 状态2：Takeoff_wait--[TakeOff]
[INFO] [1775392190.675464613] [navNode]: 未到目标点
目标位置:(0.0, 0.0, 0.7)-[TakeOff]-[MCU:False]-[POS:False]
当前位置:(0.0045819757506251335, 0.0036821847315877676, 0.0012342343106865883)
[INFO] [1775392190.775897523] [navNode]: 状态2：Takeoff_wait--[TakeOff]
[INFO] [1775392190.776642220] [navNode]: 未到目标点
目标位置:(0.0, 0.0, 0.7)-[TakeOff]-[MCU:False]-[POS:False]
当前位置:(0.005071685649454594, 0.00426361383870244, 0.0010554660111665726)
[INFO] [1775392190.875874053] [navNode]: 状态2：Takeoff_wait--[TakeOff]
[INFO] [1775392190.876414047] [navNode]: 未到目标点
目标位置:(0.0, 0.0, 0.7)-[TakeOff]-[MCU:False]-[POS:False]
当前位置:(0.00544104166328907, 0.0042481981217861176, 0.001401705900207162)
[INFO] [1775392190.975634766] [navNode]: 状态2：Takeoff_wait--[TakeOff]
[INFO] [1775392190.976101520] [navNode]: 未到目标点
目标位置:(0.0, 0.0, 0.7)-[TakeOff]-[MCU:False]-[POS:False]
当前位置:(0.005685949232429266, 0.003998403903096914, 0.0012340028770267963)
[INFO] [1775392191.075545464] [navNode]: 状态2：Takeoff_wait--[TakeOff]
[INFO] [1775392191.076210809] [navNode]: 未到目标点
目标位置:(0.0, 0.0, 0.7)-[TakeOff]-[MCU:False]-[POS:False]
当前位置:(0.005345775745809078, 0.004264272749423981, 0.0013679899275302887)
[INFO] [1775392191.176421551] [navNode]: 状态2：Takeoff_wait--[TakeOff]
[INFO] [1775392191.176949688] [navNode]: 未到目标点
目标位置:(0.0, 0.0, 0.7)-[TakeOff]-[MCU:False]-[POS:False]
当前位置:(0.005472836550325155, 0.004206252750009298, 0.0011181698646396399)
[INFO] [1775392191.275505204] [navNode]: 状态2：Takeoff_wait--[TakeOff]
[INFO] [1775392191.276022651] [navNode]: 未到目标点
目标位置:(0.0, 0.0, 0.7)-[TakeOff]-[MCU:False]-[POS:False]
当前位置:(0.005695436615496874, 0.004103973973542452, 0.0011849184520542622)
[INFO] [1775392191.375142415] [navNode]: 状态2：Takeoff_wait--[TakeOff]
[INFO] [1775392191.375748837] [navNode]: 未到目标点
目标位置:(0.0, 0.0, 0.7)-[TakeOff]-[MCU:False]-[POS:False]
当前位置:(0.005481797736138105, 0.004146338906139135, 0.001271779416128993)
[INFO] [1775392191.475466991] [navNode]: 状态2：Takeoff_wait--[TakeOff]
[INFO] [1775392191.475926903] [navNode]: 未到目标点
目标位置:(0.0, 0.0, 0.7)-[TakeOff]-[MCU:False]-[POS:False]
当前位置:(0.005628196056932211, 0.003997249063104391, 0.0012995759025216103)
[INFO] [1775392191.575190097] [navNode]: 状态2：Takeoff_wait--[TakeOff]
[INFO] [1775392191.576812460] [navNode]: 未到目标点
目标位置:(0.0, 0.0, 0.7)-[TakeOff]-[MCU:False]-[POS:False]
当前位置:(0.005671358667314053, 0.003961088601499796, 0.001117817941121757)
[INFO] [1775392191.675656049] [navNode]: 状态2：Takeoff_wait--[TakeOff]
[INFO] [1775392191.676251665] [navNode]: 未到目标点
目标位置:(0.0, 0.0, 0.7)-[TakeOff]-[MCU:False]-[POS:False]
当前位置:(0.005575254093855619, 0.004666830878704786, 0.0011530814226716757)
[INFO] [1775392191.775385169] [navNode]: 状态2：Takeoff_wait--[TakeOff]
[INFO] [1775392191.776001497] [navNode]: 未到目标点
目标位置:(0.0, 0.0, 0.7)-[TakeOff]-[MCU:False]-[POS:False]
当前位置:(0.005976046901196241, 0.004063114989548922, 0.001182998064905405)
[INFO] [1775392191.875055050] [navNode]: 状态2：Takeoff_wait--[TakeOff]
[INFO] [1775392191.875849488] [navNode]: 未到目标点
目标位置:(0.0, 0.0, 0.7)-[TakeOff]-[MCU:False]-[POS:False]
当前位置:(0.005719200242310762, 0.004253704566508532, 0.0012583008501678705)
[INFO] [1775392191.975452255] [navNode]: 状态2：Takeoff_wait--[TakeOff]
[INFO] [1775392191.975961042] [navNode]: 未到目标点
目标位置:(0.0, 0.0, 0.7)-[TakeOff]-[MCU:False]-[POS:False]
当前位置:(0.005316399037837982, 0.004290341399610043, 0.000912552815862)
[INFO] [1775392192.076455600] [navNode]: 状态2：Takeoff_wait--[TakeOff]
[INFO] [1775392192.076964389] [navNode]: 未到目标点
目标位置:(0.0, 0.0, 0.7)-[TakeOff]-[MCU:False]-[POS:False]
当前位置:(0.005709872581064701, 0.0040338602848351, 0.0017464669654145837)
[INFO] [1775392192.175805710] [navNode]: 状态2：Takeoff_wait--[TakeOff]
[INFO] [1775392192.176319248] [navNode]: 未到目标点
目标位置:(0.0, 0.0, 0.7)-[TakeOff]-[MCU:False]-[POS:False]
当前位置:(0.00577926030382514, 0.004133195150643587, 0.0012811041669920087)
[INFO] [1775392192.275257465] [navNode]: 状态2：Takeoff_wait--[TakeOff]
[INFO] [1775392192.276310978] [navNode]: 未到目标点
目标位置:(0.0, 0.0, 0.7)-[TakeOff]-[MCU:False]-[POS:False]
当前位置:(0.0068992553278803825, 0.004023285117000341, 0.0013956893235445023)
[INFO] [1775392192.375186611] [navNode]: 状态2：Takeoff_wait--[TakeOff]
[INFO] [1775392192.375702863] [navNode]: 未到目标点
目标位置:(0.0, 0.0, 0.7)-[TakeOff]-[MCU:False]-[POS:False]
当前位置:(0.006866110023111105, 0.0040871500968933105, 0.0018737174104899168)
[INFO] [1775392192.476118673] [navNode]: 状态2：Takeoff_wait--[TakeOff]
[INFO] [1775392192.476654708] [navNode]: 未到目标点
目标位置:(0.0, 0.0, 0.7)-[TakeOff]-[MCU:False]-[POS:False]
当前位置:(0.007490160409361124, 0.0046714358031749725, 0.0010152237955480814)
[INFO] [1775392192.575335560] [navNode]: 状态2：Takeoff_wait--[TakeOff]
[INFO] [1775392192.575816502] [navNode]: 未到目标点
目标位置:(0.0, 0.0, 0.7)-[TakeOff]-[MCU:False]-[POS:False]
当前位置:(0.0070456042885780334, 0.004325956106185913, 0.0011064723366871476)
[INFO] [1775392192.675214429] [navNode]: 状态2：Takeoff_wait--[TakeOff]
[INFO] [1775392192.675690210] [navNode]: 未到目标点
目标位置:(0.0, 0.0, 0.7)-[TakeOff]-[MCU:False]-[POS:False]
当前位置:(0.0070456042885780334, 0.004325956106185913, 0.0011064723366871476)
[INFO] [1775392192.775495798] [navNode]: 状态2：Takeoff_wait--[TakeOff]
[INFO] [1775392192.775979256] [navNode]: 未到目标点
目标位置:(0.0, 0.0, 0.7)-[TakeOff]-[MCU:False]-[POS:False]
当前位置:(0.0070456042885780334, 0.004325956106185913, 0.0011064723366871476)
[INFO] [1775392192.875221278] [navNode]: 状态2：Takeoff_wait--[TakeOff]
[INFO] [1775392192.875653863] [navNode]: 未到目标点
目标位置:(0.0, 0.0, 0.7)-[TakeOff]-[MCU:False]-[POS:False]
当前位置:(0.0070456042885780334, 0.004325956106185913, 0.0011064723366871476)
[INFO] [1775392192.975419275] [navNode]: 状态2：Takeoff_wait--[TakeOff]
[INFO] [1775392192.975839537] [navNode]: 未到目标点
目标位置:(0.0, 0.0, 0.7)-[TakeOff]-[MCU:False]-[POS:False]
当前位置:(0.0070456042885780334, 0.004325956106185913, 0.0011064723366871476)
[INFO] [1775392193.076422043] [navNode]: 状态2：Takeoff_wait--[TakeOff]
[INFO] [1775392193.076819146] [navNode]: 未到目标点
目标位置:(0.0, 0.0, 0.7)-[TakeOff]-[MCU:False]-[POS:False]
当前位置:(0.0070456042885780334, 0.004325956106185913, 0.0011064723366871476)
[INFO] [1775392193.175012390] [navNode]: 状态2：Takeoff_wait--[TakeOff]
[INFO] [1775392193.175408771] [navNode]: 未到目标点
目标位置:(0.0, 0.0, 0.7)-[TakeOff]-[MCU:False]-[POS:False]
当前位置:(0.0070456042885780334, 0.004325956106185913, 0.0011064723366871476)
[INFO] [1775392193.275069282] [navNode]: 状态2：Takeoff_wait--[TakeOff]
[INFO] [1775392193.275467150] [navNode]: 未到目标点
目标位置:(0.0, 0.0, 0.7)-[TakeOff]-[MCU:False]-[POS:False]
当前位置:(0.0070456042885780334, 0.004325956106185913, 0.0011064723366871476)
[INFO] [1775392193.375616797] [navNode]: 状态2：Takeoff_wait--[TakeOff]
[INFO] [1775392193.376007510] [navNode]: 未到目标点
目标位置:(0.0, 0.0, 0.7)-[TakeOff]-[MCU:False]-[POS:False]
当前位置:(0.0070456042885780334, 0.004325956106185913, 0.0011064723366871476)
[INFO] [1775392193.475085709] [navNode]: 状态2：Takeoff_wait--[TakeOff]
[INFO] [1775392193.475502369] [navNode]: 未到目标点
目标位置:(0.0, 0.0, 0.7)-[TakeOff]-[MCU:False]-[POS:False]
当前位置:(0.0070456042885780334, 0.004325956106185913, 0.0011064723366871476)
[INFO] [1775392193.575363197] [navNode]: 状态2：Takeoff_wait--[TakeOff]
[INFO] [1775392193.575764736] [navNode]: 未到目标点
目标位置:(0.0, 0.0, 0.7)-[TakeOff]-[MCU:False]-[POS:False]
当前位置:(0.0070456042885780334, 0.004325956106185913, 0.0011064723366871476)
[INFO] [1775392193.675148743] [navNode]: 状态2：Takeoff_wait--[TakeOff]
[INFO] [1775392193.675570945] [navNode]: 未到目标点
目标位置:(0.0, 0.0, 0.7)-[TakeOff]-[MCU:False]-[POS:False]
当前位置:(0.0070456042885780334, 0.004325956106185913, 0.0011064723366871476)
[INFO] [1775392193.775469408] [navNode]: 状态2：Takeoff_wait--[TakeOff]
[INFO] [1775392193.775925673] [navNode]: 未到目标点
目标位置:(0.0, 0.0, 0.7)-[TakeOff]-[MCU:False]-[POS:False]
当前位置:(0.0070456042885780334, 0.004325956106185913, 0.0011064723366871476)
[INFO] [1775392193.874999091] [navNode]: 状态2：Takeoff_wait--[TakeOff]
[INFO] [1775392193.875402531] [navNode]: 未到目标点
目标位置:(0.0, 0.0, 0.7)-[TakeOff]-[MCU:False]-[POS:False]
当前位置:(0.0070456042885780334, 0.004325956106185913, 0.0011064723366871476)
[INFO] [1775392193.975211470] [navNode]: 状态2：Takeoff_wait--[TakeOff]
[INFO] [1775392193.975617763] [navNode]: 未到目标点
目标位置:(0.0, 0.0, 0.7)-[TakeOff]-[MCU:False]-[POS:False]
当前位置:(0.0070456042885780334, 0.004325956106185913, 0.0011064723366871476)
[INFO] [1775392194.076086410] [navNode]: 状态2：Takeoff_wait--[TakeOff]
[INFO] [1775392194.076508522] [navNode]: 未到目标点
目标位置:(0.0, 0.0, 0.7)-[TakeOff]-[MCU:False]-[POS:False]
当前位置:(0.0070456042885780334, 0.004325956106185913, 0.0011064723366871476)
[INFO] [1775392194.175011176] [navNode]: 状态2：Takeoff_wait--[TakeOff]
[INFO] [1775392194.175626261] [navNode]: 未到目标点
目标位置:(0.0, 0.0, 0.7)-[TakeOff]-[MCU:False]-[POS:False]
当前位置:(0.0070456042885780334, 0.004325956106185913, 0.0011064723366871476)
[INFO] [1775392194.275920773] [navNode]: 状态2：Takeoff_wait--[TakeOff]
[INFO] [1775392194.276424865] [navNode]: 未到目标点
目标位置:(0.0, 0.0, 0.7)-[TakeOff]-[MCU:False]-[POS:False]
当前位置:(0.0070456042885780334, 0.004325956106185913, 0.0011064723366871476)
[INFO] [1775392194.375135961] [navNode]: 状态2：Takeoff_wait--[TakeOff]
[INFO] [1775392194.375725069] [navNode]: 未到目标点
目标位置:(0.0, 0.0, 0.7)-[TakeOff]-[MCU:False]-[POS:False]
当前位置:(0.0070456042885780334, 0.004325956106185913, 0.0011064723366871476)
[INFO] [1775392194.476020554] [navNode]: 状态2：Takeoff_wait--[TakeOff]
[INFO] [1775392194.476693388] [navNode]: 未到目标点
目标位置:(0.0, 0.0, 0.7)-[TakeOff]-[MCU:False]-[POS:False]
当前位置:(0.0070456042885780334, 0.004325956106185913, 0.0011064723366871476)
[INFO] [1775392194.575191525] [navNode]: 状态2：Takeoff_wait--[TakeOff]
[INFO] [1775392194.575697595] [navNode]: 未到目标点
目标位置:(0.0, 0.0, 0.7)-[TakeOff]-[MCU:False]-[POS:False]
当前位置:(0.0070456042885780334, 0.004325956106185913, 0.0011064723366871476)
[INFO] [1775392194.675381242] [navNode]: 状态2：Takeoff_wait--[TakeOff]
[INFO] [1775392194.675944262] [navNode]: 未到目标点
目标位置:(0.0, 0.0, 0.7)-[TakeOff]-[MCU:False]-[POS:False]
当前位置:(0.0070456042885780334, 0.004325956106185913, 0.0011064723366871476)
[INFO] [1775392194.775401795] [navNode]: 状态2：Takeoff_wait--[TakeOff]
[INFO] [1775392194.776221240] [navNode]: 未到目标点
目标位置:(0.0, 0.0, 0.7)-[TakeOff]-[MCU:False]-[POS:False]
当前位置:(0.0070456042885780334, 0.004325956106185913, 0.0011064723366871476)
[INFO] [1775392194.875272925] [navNode]: 状态2：Takeoff_wait--[TakeOff]
[INFO] [1775392194.875765547] [navNode]: 未到目标点
目标位置:(0.0, 0.0, 0.7)-[TakeOff]-[MCU:False]-[POS:False]
当前位置:(0.0070456042885780334, 0.004325956106185913, 0.0011064723366871476)
[INFO] [1775392194.975372832] [navNode]: 状态2：Takeoff_wait--[TakeOff]
[INFO] [1775392194.975856312] [navNode]: 未到目标点
目标位置:(0.0, 0.0, 0.7)-[TakeOff]-[MCU:False]-[POS:False]
当前位置:(0.0070456042885780334, 0.004325956106185913, 0.0011064723366871476)
[INFO] [1775392195.075055077] [navNode]: 状态2：Takeoff_wait--[TakeOff]
[INFO] [1775392195.075795660] [navNode]: 未到目标点
目标位置:(0.0, 0.0, 0.7)-[TakeOff]-[MCU:False]-[POS:False]
当前位置:(0.0070456042885780334, 0.004325956106185913, 0.0011064723366871476)
[INFO] [1775392195.175337460] [navNode]: 状态2：Takeoff_wait--[TakeOff]
[INFO] [1775392195.175950057] [navNode]: 未到目标点
目标位置:(0.0, 0.0, 0.7)-[TakeOff]-[MCU:False]-[POS:False]
当前位置:(0.0070456042885780334, 0.004325956106185913, 0.0011064723366871476)
[INFO] [1775392195.275512314] [navNode]: 状态2：Takeoff_wait--[TakeOff]
[INFO] [1775392195.275970166] [navNode]: 未到目标点
目标位置:(0.0, 0.0, 0.7)-[TakeOff]-[MCU:False]-[POS:False]
当前位置:(0.0070456042885780334, 0.004325956106185913, 0.0011064723366871476)
[INFO] [1775392195.375606251] [navNode]: 状态2：Takeoff_wait--[TakeOff]
[INFO] [1775392195.376137292] [navNode]: 未到目标点
目标位置:(0.0, 0.0, 0.7)-[TakeOff]-[MCU:False]-[POS:False]
当前位置:(0.0070456042885780334, 0.004325956106185913, 0.0011064723366871476)
[INFO] [1775392195.475293284] [navNode]: 状态2：Takeoff_wait--[TakeOff]
[INFO] [1775392195.475736332] [navNode]: 未到目标点
目标位置:(0.0, 0.0, 0.7)-[TakeOff]-[MCU:False]-[POS:False]
当前位置:(0.0070456042885780334, 0.004325956106185913, 0.0011064723366871476)
[INFO] [1775392195.575080986] [navNode]: 状态2：Takeoff_wait--[TakeOff]
[INFO] [1775392195.575725704] [navNode]: 未到目标点
目标位置:(0.0, 0.0, 0.7)-[TakeOff]-[MCU:False]-[POS:False]
当前位置:(0.0070456042885780334, 0.004325956106185913, 0.0011064723366871476)
[INFO] [1775392195.675324151] [navNode]: 状态2：Takeoff_wait--[TakeOff]
[INFO] [1775392195.675766840] [navNode]: 未到目标点
目标位置:(0.0, 0.0, 0.7)-[TakeOff]-[MCU:False]-[POS:False]
当前位置:(0.0070456042885780334, 0.004325956106185913, 0.0011064723366871476)
[INFO] [1775392195.775319830] [navNode]: 状态2：Takeoff_wait--[TakeOff]
[INFO] [1775392195.775976160] [navNode]: 未到目标点
目标位置:(0.0, 0.0, 0.7)-[TakeOff]-[MCU:False]-[POS:False]
当前位置:(0.0070456042885780334, 0.004325956106185913, 0.0011064723366871476)
[INFO] [1775392195.876339150] [navNode]: 状态2：Takeoff_wait--[TakeOff]
[INFO] [1775392195.877041197] [navNode]: 未到目标点
目标位置:(0.0, 0.0, 0.7)-[TakeOff]-[MCU:False]-[POS:False]
当前位置:(0.0070456042885780334, 0.004325956106185913, 0.0011064723366871476)
[INFO] [1775392195.974991185] [navNode]: 状态2：Takeoff_wait--[TakeOff]
[INFO] [1775392195.975449975] [navNode]: 未到目标点
目标位置:(0.0, 0.0, 0.7)-[TakeOff]-[MCU:False]-[POS:False]
当前位置:(0.0070456042885780334, 0.004325956106185913, 0.0011064723366871476)
[INFO] [1775392196.075258443] [navNode]: 状态2：Takeoff_wait--[TakeOff]
[INFO] [1775392196.075706002] [navNode]: 未到目标点
目标位置:(0.0, 0.0, 0.7)-[TakeOff]-[MCU:False]-[POS:False]
当前位置:(0.0070456042885780334, 0.004325956106185913, 0.0011064723366871476)
[INFO] [1775392196.175091979] [navNode]: 状态2：Takeoff_wait--[TakeOff]
[INFO] [1775392196.175562643] [navNode]: 未到目标点
目标位置:(0.0, 0.0, 0.7)-[TakeOff]-[MCU:False]-[POS:False]
当前位置:(0.0070456042885780334, 0.004325956106185913, 0.0011064723366871476)
[INFO] [1775392196.275209451] [navNode]: 状态2：Takeoff_wait--[TakeOff]
[INFO] [1775392196.275608205] [navNode]: 未到目标点
目标位置:(0.0, 0.0, 0.7)-[TakeOff]-[MCU:False]-[POS:False]
当前位置:(0.0070456042885780334, 0.004325956106185913, 0.0011064723366871476)
[INFO] [1775392196.374968922] [navNode]: 状态2：Takeoff_wait--[TakeOff]
[INFO] [1775392196.375392447] [navNode]: 未到目标点
目标位置:(0.0, 0.0, 0.7)-[TakeOff]-[MCU:False]-[POS:False]
当前位置:(0.0070456042885780334, 0.004325956106185913, 0.0011064723366871476)
[INFO] [1775392196.475101394] [navNode]: 状态2：Takeoff_wait--[TakeOff]
[INFO] [1775392196.475493989] [navNode]: 未到目标点
目标位置:(0.0, 0.0, 0.7)-[TakeOff]-[MCU:False]-[POS:False]
当前位置:(0.0070456042885780334, 0.004325956106185913, 0.0011064723366871476)
[INFO] [1775392196.575310604] [navNode]: 状态2：Takeoff_wait--[TakeOff]
[INFO] [1775392196.575777748] [navNode]: 未到目标点
目标位置:(0.0, 0.0, 0.7)-[TakeOff]-[MCU:False]-[POS:False]
当前位置:(0.0070456042885780334, 0.004325956106185913, 0.0011064723366871476)
[INFO] [1775392196.675127332] [navNode]: 状态2：Takeoff_wait--[TakeOff]
[INFO] [1775392196.675566819] [navNode]: 未到目标点
目标位置:(0.0, 0.0, 0.7)-[TakeOff]-[MCU:False]-[POS:False]
当前位置:(0.0070456042885780334, 0.004325956106185913, 0.0011064723366871476)
[INFO] [1775392196.775087710] [navNode]: 状态2：Takeoff_wait--[TakeOff]
[INFO] [1775392196.775559026] [navNode]: 未到目标点
目标位置:(0.0, 0.0, 0.7)-[TakeOff]-[MCU:False]-[POS:False]
当前位置:(0.0070456042885780334, 0.004325956106185913, 0.0011064723366871476)
[INFO] [1775392196.876302774] [navNode]: 状态2：Takeoff_wait--[TakeOff]
[INFO] [1775392196.877016444] [navNode]: 未到目标点
目标位置:(0.0, 0.0, 0.7)-[TakeOff]-[MCU:False]-[POS:False]
当前位置:(0.0070456042885780334, 0.004325956106185913, 0.0011064723366871476)
[INFO] [1775392196.975006639] [navNode]: 状态2：Takeoff_wait--[TakeOff]
[INFO] [1775392196.975393725] [navNode]: 未到目标点
目标位置:(0.0, 0.0, 0.7)-[TakeOff]-[MCU:False]-[POS:False]
当前位置:(0.0070456042885780334, 0.004325956106185913, 0.0011064723366871476)
[INFO] [1775392197.075303339] [navNode]: 状态2：Takeoff_wait--[TakeOff]
[INFO] [1775392197.075725620] [navNode]: 未到目标点
目标位置:(0.0, 0.0, 0.7)-[TakeOff]-[MCU:False]-[POS:False]
当前位置:(0.0070456042885780334, 0.004325956106185913, 0.0011064723366871476)
[INFO] [1775392197.174928248] [navNode]: 状态2：Takeoff_wait--[TakeOff]
[INFO] [1775392197.175422479] [navNode]: 未到目标点
目标位置:(0.0, 0.0, 0.7)-[TakeOff]-[MCU:False]-[POS:False]
当前位置:(0.0070456042885780334, 0.004325956106185913, 0.0011064723366871476)
[INFO] [1775392197.275565558] [navNode]: 状态2：Takeoff_wait--[TakeOff]
[INFO] [1775392197.276036173] [navNode]: 未到目标点
目标位置:(0.0, 0.0, 0.7)-[TakeOff]-[MCU:False]-[POS:False]
当前位置:(0.0070456042885780334, 0.004325956106185913, 0.0011064723366871476)
[INFO] [1775392197.375460727] [navNode]: 状态2：Takeoff_wait--[TakeOff]
[INFO] [1775392197.375892540] [navNode]: 未到目标点
目标位置:(0.0, 0.0, 0.7)-[TakeOff]-[MCU:False]-[POS:False]
当前位置:(0.0070456042885780334, 0.004325956106185913, 0.0011064723366871476)
[INFO] [1775392197.475328059] [navNode]: 状态2：Takeoff_wait--[TakeOff]
[INFO] [1775392197.475724627] [navNode]: 未到目标点
目标位置:(0.0, 0.0, 0.7)-[TakeOff]-[MCU:False]-[POS:False]
当前位置:(0.0070456042885780334, 0.004325956106185913, 0.0011064723366871476)
[INFO] [1775392197.575066814] [navNode]: 状态2：Takeoff_wait--[TakeOff]
[INFO] [1775392197.575474452] [navNode]: 未到目标点
目标位置:(0.0, 0.0, 0.7)-[TakeOff]-[MCU:False]-[POS:False]
当前位置:(0.0070456042885780334, 0.004325956106185913, 0.0011064723366871476)
[INFO] [1775392197.675939584] [navNode]: 状态2：Takeoff_wait--[TakeOff]
[INFO] [1775392197.676496257] [navNode]: 未到目标点
目标位置:(0.0, 0.0, 0.7)-[TakeOff]-[MCU:False]-[POS:False]
当前位置:(0.0070456042885780334, 0.004325956106185913, 0.0011064723366871476)
[INFO] [1775392197.775266625] [navNode]: 状态2：Takeoff_wait--[TakeOff]
[INFO] [1775392197.775814470] [navNode]: 未到目标点
目标位置:(0.0, 0.0, 0.7)-[TakeOff]-[MCU:False]-[POS:False]
当前位置:(0.0070456042885780334, 0.004325956106185913, 0.0011064723366871476)
[INFO] [1775392197.875268677] [navNode]: 状态2：Takeoff_wait--[TakeOff]
[INFO] [1775392197.875762931] [navNode]: 未到目标点
目标位置:(0.0, 0.0, 0.7)-[TakeOff]-[MCU:False]-[POS:False]
当前位置:(0.0070456042885780334, 0.004325956106185913, 0.0011064723366871476)
[INFO] [1775392197.975483808] [navNode]: 状态2：Takeoff_wait--[TakeOff]
[INFO] [1775392197.976052194] [navNode]: 未到目标点
目标位置:(0.0, 0.0, 0.7)-[TakeOff]-[MCU:False]-[POS:False]
当前位置:(0.0070456042885780334, 0.004325956106185913, 0.0011064723366871476)
[INFO] [1775392198.075476825] [navNode]: 状态2：Takeoff_wait--[TakeOff]
[INFO] [1775392198.075915088] [navNode]: 未到目标点
目标位置:(0.0, 0.0, 0.7)-[TakeOff]-[MCU:False]-[POS:False]
当前位置:(0.0070456042885780334, 0.004325956106185913, 0.0011064723366871476)
[INFO] [1775392198.175128231] [navNode]: 状态2：Takeoff_wait--[TakeOff]
[INFO] [1775392198.175579373] [navNode]: 未到目标点
目标位置:(0.0, 0.0, 0.7)-[TakeOff]-[MCU:False]-[POS:False]
当前位置:(0.0070456042885780334, 0.004325956106185913, 0.0011064723366871476)
[INFO] [1775392198.275238763] [navNode]: 状态2：Takeoff_wait--[TakeOff]
[INFO] [1775392198.275631253] [navNode]: 未到目标点
目标位置:(0.0, 0.0, 0.7)-[TakeOff]-[MCU:False]-[POS:False]
当前位置:(0.0070456042885780334, 0.004325956106185913, 0.0011064723366871476)
[INFO] [1775392198.376251245] [navNode]: 状态2：Takeoff_wait--[TakeOff]
[INFO] [1775392198.376662945] [navNode]: 未到目标点
目标位置:(0.0, 0.0, 0.7)-[TakeOff]-[MCU:False]-[POS:False]
当前位置:(0.0070456042885780334, 0.004325956106185913, 0.0011064723366871476)
[INFO] [1775392198.475653961] [navNode]: 状态2：Takeoff_wait--[TakeOff]
[INFO] [1775392198.476184265] [navNode]: 未到目标点
目标位置:(0.0, 0.0, 0.7)-[TakeOff]-[MCU:False]-[POS:False]
当前位置:(0.0070456042885780334, 0.004325956106185913, 0.0011064723366871476)
[INFO] [1775392198.576038417] [navNode]: 状态2：Takeoff_wait--[TakeOff]
[INFO] [1775392198.576696041] [navNode]: 未到目标点
目标位置:(0.0, 0.0, 0.7)-[TakeOff]-[MCU:False]-[POS:False]
当前位置:(0.0070456042885780334, 0.004325956106185913, 0.0011064723366871476)
[INFO] [1775392198.675239556] [navNode]: 状态2：Takeoff_wait--[TakeOff]
[INFO] [1775392198.675708562] [navNode]: 未到目标点
目标位置:(0.0, 0.0, 0.7)-[TakeOff]-[MCU:False]-[POS:False]
当前位置:(0.0070456042885780334, 0.004325956106185913, 0.0011064723366871476)
[INFO] [1775392198.775693771] [navNode]: 状态2：Takeoff_wait--[TakeOff]
[INFO] [1775392198.776282171] [navNode]: 未到目标点
目标位置:(0.0, 0.0, 0.7)-[TakeOff]-[MCU:False]-[POS:False]
当前位置:(0.0070456042885780334, 0.004325956106185913, 0.0011064723366871476)
[INFO] [1775392198.875627914] [navNode]: 状态2：Takeoff_wait--[TakeOff]
[INFO] [1775392198.876053081] [navNode]: 未到目标点
目标位置:(0.0, 0.0, 0.7)-[TakeOff]-[MCU:False]-[POS:False]
当前位置:(0.0070456042885780334, 0.004325956106185913, 0.0011064723366871476)
[INFO] [1775392198.975382417] [navNode]: 状态2：Takeoff_wait--[TakeOff]
[INFO] [1775392198.975834230] [navNode]: 未到目标点
目标位置:(0.0, 0.0, 0.7)-[TakeOff]-[MCU:False]-[POS:False]
当前位置:(0.0070456042885780334, 0.004325956106185913, 0.0011064723366871476)
[INFO] [1775392199.075403952] [navNode]: 状态2：Takeoff_wait--[TakeOff]
[INFO] [1775392199.075821392] [navNode]: 未到目标点
目标位置:(0.0, 0.0, 0.7)-[TakeOff]-[MCU:False]-[POS:False]
当前位置:(0.0070456042885780334, 0.004325956106185913, 0.0011064723366871476)
[INFO] [1775392199.175446700] [navNode]: 状态2：Takeoff_wait--[TakeOff]
[INFO] [1775392199.176119610] [navNode]: 未到目标点
目标位置:(0.0, 0.0, 0.7)-[TakeOff]-[MCU:False]-[POS:False]
当前位置:(0.0070456042885780334, 0.004325956106185913, 0.0011064723366871476)
[INFO] [1775392199.275292761] [navNode]: 状态2：Takeoff_wait--[TakeOff]
[INFO] [1775392199.275699722] [navNode]: 未到目标点
目标位置:(0.0, 0.0, 0.7)-[TakeOff]-[MCU:False]-[POS:False]
当前位置:(0.0070456042885780334, 0.004325956106185913, 0.0011064723366871476)
[INFO] [1775392199.375880863] [navNode]: 状态2：Takeoff_wait--[TakeOff]
[INFO] [1775392199.376282295] [navNode]: 未到目标点
目标位置:(0.0, 0.0, 0.7)-[TakeOff]-[MCU:False]-[POS:False]
当前位置:(0.0070456042885780334, 0.004325956106185913, 0.0011064723366871476)
[INFO] [1775392199.475395113] [navNode]: 状态2：Takeoff_wait--[TakeOff]
[INFO] [1775392199.475826909] [navNode]: 未到目标点
目标位置:(0.0, 0.0, 0.7)-[TakeOff]-[MCU:False]-[POS:False]
当前位置:(0.0070456042885780334, 0.004325956106185913, 0.0011064723366871476)
[INFO] [1775392199.575337460] [navNode]: 状态2：Takeoff_wait--[TakeOff]
[INFO] [1775392199.575732521] [navNode]: 未到目标点
目标位置:(0.0, 0.0, 0.7)-[TakeOff]-[MCU:False]-[POS:False]
当前位置:(0.0070456042885780334, 0.004325956106185913, 0.0011064723366871476)
[INFO] [1775392199.675347828] [navNode]: 状态2：Takeoff_wait--[TakeOff]
[INFO] [1775392199.676011266] [navNode]: 未到目标点
目标位置:(0.0, 0.0, 0.7)-[TakeOff]-[MCU:False]-[POS:False]
当前位置:(0.0070456042885780334, 0.004325956106185913, 0.0011064723366871476)
[INFO] [1775392199.775389548] [navNode]: 状态2：Takeoff_wait--[TakeOff]
[INFO] [1775392199.775825859] [navNode]: 未到目标点
目标位置:(0.0, 0.0, 0.7)-[TakeOff]-[MCU:False]-[POS:False]
当前位置:(0.0070456042885780334, 0.004325956106185913, 0.0011064723366871476)
[INFO] [1775392199.875107885] [navNode]: 状态2：Takeoff_wait--[TakeOff]
[INFO] [1775392199.875510272] [navNode]: 未到目标点
目标位置:(0.0, 0.0, 0.7)-[TakeOff]-[MCU:False]-[POS:False]
当前位置:(0.0070456042885780334, 0.004325956106185913, 0.0011064723366871476)
[INFO] [1775392199.975371069] [navNode]: 状态2：Takeoff_wait--[TakeOff]
[INFO] [1775392199.975803715] [navNode]: 未到目标点
目标位置:(0.0, 0.0, 0.7)-[TakeOff]-[MCU:False]-[POS:False]
当前位置:(0.0070456042885780334, 0.004325956106185913, 0.0011064723366871476)
[INFO] [1775392200.075295820] [navNode]: 状态2：Takeoff_wait--[TakeOff]
[INFO] [1775392200.075724302] [navNode]: 未到目标点
目标位置:(0.0, 0.0, 0.7)-[TakeOff]-[MCU:False]-[POS:False]
当前位置:(0.0070456042885780334, 0.004325956106185913, 0.0011064723366871476)
[INFO] [1775392200.175997032] [navNode]: 状态2：Takeoff_wait--[TakeOff]
[INFO] [1775392200.176513038] [navNode]: 未到目标点
目标位置:(0.0, 0.0, 0.7)-[TakeOff]-[MCU:False]-[POS:False]
当前位置:(0.0070456042885780334, 0.004325956106185913, 0.0011064723366871476)
[INFO] [1775392200.275159624] [navNode]: 状态2：Takeoff_wait--[TakeOff]
[INFO] [1775392200.275616933] [navNode]: 未到目标点
目标位置:(0.0, 0.0, 0.7)-[TakeOff]-[MCU:False]-[POS:False]
当前位置:(0.0070456042885780334, 0.004325956106185913, 0.0011064723366871476)
[INFO] [1775392200.375490725] [navNode]: 状态2：Takeoff_wait--[TakeOff]
[INFO] [1775392200.375901972] [navNode]: 未到目标点
目标位置:(0.0, 0.0, 0.7)-[TakeOff]-[MCU:False]-[POS:False]
当前位置:(0.0070456042885780334, 0.004325956106185913, 0.0011064723366871476)
[INFO] [1775392200.475503236] [navNode]: 状态2：Takeoff_wait--[TakeOff]
[INFO] [1775392200.475950307] [navNode]: 未到目标点
目标位置:(0.0, 0.0, 0.7)-[TakeOff]-[MCU:False]-[POS:False]
当前位置:(0.0070456042885780334, 0.004325956106185913, 0.0011064723366871476)
[INFO] [1775392200.575321789] [navNode]: 状态2：Takeoff_wait--[TakeOff]
[INFO] [1775392200.575750704] [navNode]: 未到目标点
目标位置:(0.0, 0.0, 0.7)-[TakeOff]-[MCU:False]-[POS:False]
当前位置:(0.0070456042885780334, 0.004325956106185913, 0.0011064723366871476)
[INFO] [1775392200.675974870] [navNode]: 状态2：Takeoff_wait--[TakeOff]
[INFO] [1775392200.676455554] [navNode]: 未到目标点
目标位置:(0.0, 0.0, 0.7)-[TakeOff]-[MCU:False]-[POS:False]
当前位置:(0.0070456042885780334, 0.004325956106185913, 0.0011064723366871476)
[INFO] [1775392200.775549939] [navNode]: 状态2：Takeoff_wait--[TakeOff]
[INFO] [1775392200.775992699] [navNode]: 未到目标点
目标位置:(0.0, 0.0, 0.7)-[TakeOff]-[MCU:False]-[POS:False]
当前位置:(0.0070456042885780334, 0.004325956106185913, 0.0011064723366871476)
[INFO] [1775392200.875701590] [navNode]: 状态2：Takeoff_wait--[TakeOff]
[INFO] [1775392200.876137433] [navNode]: 未到目标点
目标位置:(0.0, 0.0, 0.7)-[TakeOff]-[MCU:False]-[POS:False]
当前位置:(0.0070456042885780334, 0.004325956106185913, 0.0011064723366871476)
[INFO] [1775392200.975457759] [navNode]: 状态2：Takeoff_wait--[TakeOff]
[INFO] [1775392200.975953378] [navNode]: 未到目标点
目标位置:(0.0, 0.0, 0.7)-[TakeOff]-[MCU:False]-[POS:False]
当前位置:(0.0070456042885780334, 0.004325956106185913, 0.0011064723366871476)
[INFO] [1775392201.075620145] [navNode]: 状态2：Takeoff_wait--[TakeOff]
[INFO] [1775392201.076054815] [navNode]: 未到目标点
目标位置:(0.0, 0.0, 0.7)-[TakeOff]-[MCU:False]-[POS:False]
当前位置:(0.0070456042885780334, 0.004325956106185913, 0.0011064723366871476)
[INFO] [1775392201.175937675] [navNode]: 状态2：Takeoff_wait--[TakeOff]
[INFO] [1775392201.176413726] [navNode]: 未到目标点
目标位置:(0.0, 0.0, 0.7)-[TakeOff]-[MCU:False]-[POS:False]
当前位置:(0.0070456042885780334, 0.004325956106185913, 0.0011064723366871476)
[INFO] [1775392201.275357529] [navNode]: 状态2：Takeoff_wait--[TakeOff]
[INFO] [1775392201.275798157] [navNode]: 未到目标点
目标位置:(0.0, 0.0, 0.7)-[TakeOff]-[MCU:False]-[POS:False]
当前位置:(0.0070456042885780334, 0.004325956106185913, 0.0011064723366871476)
[INFO] [1775392201.376060808] [navNode]: 状态2：Takeoff_wait--[TakeOff]
[INFO] [1775392201.376532052] [navNode]: 未到目标点
目标位置:(0.0, 0.0, 0.7)-[TakeOff]-[MCU:False]-[POS:False]
当前位置:(0.0070456042885780334, 0.004325956106185913, 0.0011064723366871476)
[INFO] [1775392201.475376898] [navNode]: 状态2：Takeoff_wait--[TakeOff]
[INFO] [1775392201.475849002] [navNode]: 未到目标点
目标位置:(0.0, 0.0, 0.7)-[TakeOff]-[MCU:False]-[POS:False]
当前位置:(0.0070456042885780334, 0.004325956106185913, 0.0011064723366871476)
[INFO] [1775392201.576147454] [navNode]: 状态2：Takeoff_wait--[TakeOff]
[INFO] [1775392201.576717637] [navNode]: 未到目标点
目标位置:(0.0, 0.0, 0.7)-[TakeOff]-[MCU:False]-[POS:False]
当前位置:(0.0070456042885780334, 0.004325956106185913, 0.0011064723366871476)
[INFO] [1775392201.675305248] [navNode]: 状态2：Takeoff_wait--[TakeOff]
[INFO] [1775392201.675767844] [navNode]: 未到目标点
目标位置:(0.0, 0.0, 0.7)-[TakeOff]-[MCU:False]-[POS:False]
当前位置:(0.0070456042885780334, 0.004325956106185913, 0.0011064723366871476)
[INFO] [1775392201.775036776] [navNode]: 状态2：Takeoff_wait--[TakeOff]
[INFO] [1775392201.775444041] [navNode]: 未到目标点
目标位置:(0.0, 0.0, 0.7)-[TakeOff]-[MCU:False]-[POS:False]
当前位置:(0.0070456042885780334, 0.004325956106185913, 0.0011064723366871476)
[INFO] [1775392201.876628516] [navNode]: 状态2：Takeoff_wait--[TakeOff]
[INFO] [1775392201.877017120] [navNode]: 未到目标点
目标位置:(0.0, 0.0, 0.7)-[TakeOff]-[MCU:False]-[POS:False]
当前位置:(0.0070456042885780334, 0.004325956106185913, 0.0011064723366871476)
[INFO] [1775392201.974955377] [navNode]: 状态2：Takeoff_wait--[TakeOff]
[INFO] [1775392201.975952770] [navNode]: 未到目标点
目标位置:(0.0, 0.0, 0.7)-[TakeOff]-[MCU:False]-[POS:False]
当前位置:(0.0070456042885780334, 0.004325956106185913, 0.0011064723366871476)
[INFO] [1775392202.075323821] [navNode]: 状态2：Takeoff_wait--[TakeOff]
[INFO] [1775392202.075734517] [navNode]: 未到目标点
目标位置:(0.0, 0.0, 0.7)-[TakeOff]-[MCU:False]-[POS:False]
当前位置:(0.0070456042885780334, 0.004325956106185913, 0.0011064723366871476)
[INFO] [1775392202.176982709] [navNode]: 状态2：Takeoff_wait--[TakeOff]
[INFO] [1775392202.177833407] [navNode]: 未到目标点
目标位置:(0.0, 0.0, 0.7)-[TakeOff]-[MCU:False]-[POS:False]
当前位置:(0.0070456042885780334, 0.004325956106185913, 0.0011064723366871476)
[INFO] [1775392202.275150734] [navNode]: 状态2：Takeoff_wait--[TakeOff]
[INFO] [1775392202.275598387] [navNode]: 未到目标点
目标位置:(0.0, 0.0, 0.7)-[TakeOff]-[MCU:False]-[POS:False]
当前位置:(0.0070456042885780334, 0.004325956106185913, 0.0011064723366871476)
[INFO] [1775392202.375654340] [navNode]: 状态2：Takeoff_wait--[TakeOff]
[INFO] [1775392202.376234447] [navNode]: 未到目标点
目标位置:(0.0, 0.0, 0.7)-[TakeOff]-[MCU:False]-[POS:False]
当前位置:(0.0070456042885780334, 0.004325956106185913, 0.0011064723366871476)
[INFO] [1775392202.475157350] [navNode]: 状态2：Takeoff_wait--[TakeOff]
[INFO] [1775392202.475671220] [navNode]: 未到目标点
目标位置:(0.0, 0.0, 0.7)-[TakeOff]-[MCU:False]-[POS:False]
当前位置:(0.0070456042885780334, 0.004325956106185913, 0.0011064723366871476)
[INFO] [1775392202.575681178] [navNode]: 状态2：Takeoff_wait--[TakeOff]
[INFO] [1775392202.576121503] [navNode]: 未到目标点
目标位置:(0.0, 0.0, 0.7)-[TakeOff]-[MCU:False]-[POS:False]
当前位置:(0.0070456042885780334, 0.004325956106185913, 0.0011064723366871476)
[INFO] [1775392202.675095923] [navNode]: 状态2：Takeoff_wait--[TakeOff]
[INFO] [1775392202.675592634] [navNode]: 未到目标点
目标位置:(0.0, 0.0, 0.7)-[TakeOff]-[MCU:False]-[POS:False]
当前位置:(0.0070456042885780334, 0.004325956106185913, 0.0011064723366871476)
[INFO] [1775392202.775570015] [navNode]: 状态2：Takeoff_wait--[TakeOff]
[INFO] [1775392202.775993003] [navNode]: 未到目标点
目标位置:(0.0, 0.0, 0.7)-[TakeOff]-[MCU:False]-[POS:False]
当前位置:(0.0070456042885780334, 0.004325956106185913, 0.0011064723366871476)
[INFO] [1775392202.875412501] [navNode]: 状态2：Takeoff_wait--[TakeOff]
[INFO] [1775392202.875912020] [navNode]: 未到目标点
目标位置:(0.0, 0.0, 0.7)-[TakeOff]-[MCU:False]-[POS:False]
当前位置:(0.0070456042885780334, 0.004325956106185913, 0.0011064723366871476)
[INFO] [1775392202.975299235] [navNode]: 状态2：Takeoff_wait--[TakeOff]
[INFO] [1775392202.975743969] [navNode]: 未到目标点
目标位置:(0.0, 0.0, 0.7)-[TakeOff]-[MCU:False]-[POS:False]
当前位置:(0.0070456042885780334, 0.004325956106185913, 0.0011064723366871476)
[INFO] [1775392203.075270174] [navNode]: 状态2：Takeoff_wait--[TakeOff]
[INFO] [1775392203.075674685] [navNode]: 未到目标点
目标位置:(0.0, 0.0, 0.7)-[TakeOff]-[MCU:False]-[POS:False]
当前位置:(0.0070456042885780334, 0.004325956106185913, 0.0011064723366871476)
[INFO] [1775392203.177036107] [navNode]: 状态2：Takeoff_wait--[TakeOff]
[INFO] [1775392203.178107642] [navNode]: 未到目标点
目标位置:(0.0, 0.0, 0.7)-[TakeOff]-[MCU:False]-[POS:False]
当前位置:(0.0070456042885780334, 0.004325956106185913, 0.0011064723366871476)
[INFO] [1775392203.275887304] [navNode]: 状态2：Takeoff_wait--[TakeOff]
[INFO] [1775392203.276401280] [navNode]: 未到目标点
目标位置:(0.0, 0.0, 0.7)-[TakeOff]-[MCU:False]-[POS:False]
当前位置:(0.0070456042885780334, 0.004325956106185913, 0.0011064723366871476)
[INFO] [1775392203.375483449] [navNode]: 状态2：Takeoff_wait--[TakeOff]
[INFO] [1775392203.375907620] [navNode]: 未到目标点
目标位置:(0.0, 0.0, 0.7)-[TakeOff]-[MCU:False]-[POS:False]
当前位置:(0.0070456042885780334, 0.004325956106185913, 0.0011064723366871476)
[INFO] [1775392203.475247576] [navNode]: 状态2：Takeoff_wait--[TakeOff]
[INFO] [1775392203.475667908] [navNode]: 未到目标点
目标位置:(0.0, 0.0, 0.7)-[TakeOff]-[MCU:False]-[POS:False]
当前位置:(0.0070456042885780334, 0.004325956106185913, 0.0011064723366871476)
[INFO] [1775392203.575411465] [navNode]: 状态2：Takeoff_wait--[TakeOff]
[INFO] [1775392203.575813010] [navNode]: 未到目标点
目标位置:(0.0, 0.0, 0.7)-[TakeOff]-[MCU:False]-[POS:False]
当前位置:(0.0070456042885780334, 0.004325956106185913, 0.0011064723366871476)
[INFO] [1775392203.675847021] [navNode]: 状态2：Takeoff_wait--[TakeOff]
[INFO] [1775392203.676236463] [navNode]: 未到目标点
目标位置:(0.0, 0.0, 0.7)-[TakeOff]-[MCU:False]-[POS:False]
当前位置:(0.0070456042885780334, 0.004325956106185913, 0.0011064723366871476)
[INFO] [1775392203.775860575] [navNode]: 状态2：Takeoff_wait--[TakeOff]
[INFO] [1775392203.776520461] [navNode]: 未到目标点
目标位置:(0.0, 0.0, 0.7)-[TakeOff]-[MCU:False]-[POS:False]
当前位置:(0.0070456042885780334, 0.004325956106185913, 0.0011064723366871476)
[INFO] [1775392203.876444769] [navNode]: 状态2：Takeoff_wait--[TakeOff]
[INFO] [1775392203.876864656] [navNode]: 未到目标点
目标位置:(0.0, 0.0, 0.7)-[TakeOff]-[MCU:False]-[POS:False]
当前位置:(0.0070456042885780334, 0.004325956106185913, 0.0011064723366871476)
[INFO] [1775392203.975459754] [navNode]: 状态2：Takeoff_wait--[TakeOff]
[INFO] [1775392203.975956956] [navNode]: 未到目标点
目标位置:(0.0, 0.0, 0.7)-[TakeOff]-[MCU:False]-[POS:False]
当前位置:(0.0070456042885780334, 0.004325956106185913, 0.0011064723366871476)
[INFO] [1775392204.075876946] [navNode]: 状态2：Takeoff_wait--[TakeOff]
[INFO] [1775392204.076354902] [navNode]: 未到目标点
目标位置:(0.0, 0.0, 0.7)-[TakeOff]-[MCU:False]-[POS:False]
当前位置:(0.0070456042885780334, 0.004325956106185913, 0.0011064723366871476)
[INFO] [1775392204.175781630] [navNode]: 状态2：Takeoff_wait--[TakeOff]
[INFO] [1775392204.176350315] [navNode]: 未到目标点
目标位置:(0.0, 0.0, 0.7)-[TakeOff]-[MCU:False]-[POS:False]
当前位置:(0.0070456042885780334, 0.004325956106185913, 0.0011064723366871476)
[INFO] [1775392204.275322912] [navNode]: 状态2：Takeoff_wait--[TakeOff]
[INFO] [1775392204.275846545] [navNode]: 未到目标点
目标位置:(0.0, 0.0, 0.7)-[TakeOff]-[MCU:False]-[POS:False]
当前位置:(0.0070456042885780334, 0.004325956106185913, 0.0011064723366871476)
[INFO] [1775392204.375304673] [navNode]: 状态2：Takeoff_wait--[TakeOff]
[INFO] [1775392204.375733839] [navNode]: 未到目标点
目标位置:(0.0, 0.0, 0.7)-[TakeOff]-[MCU:False]-[POS:False]
当前位置:(0.0070456042885780334, 0.004325956106185913, 0.0011064723366871476)
[INFO] [1775392204.475401940] [navNode]: 状态2：Takeoff_wait--[TakeOff]
[INFO] [1775392204.476277149] [navNode]: 未到目标点
目标位置:(0.0, 0.0, 0.7)-[TakeOff]-[MCU:False]-[POS:False]
当前位置:(0.0070456042885780334, 0.004325956106185913, 0.0011064723366871476)
[INFO] [1775392204.575494932] [navNode]: 状态2：Takeoff_wait--[TakeOff]
[INFO] [1775392204.575925158] [navNode]: 未到目标点
目标位置:(0.0, 0.0, 0.7)-[TakeOff]-[MCU:False]-[POS:False]
当前位置:(0.0070456042885780334, 0.004325956106185913, 0.0011064723366871476)
[INFO] [1775392204.675436936] [navNode]: 状态2：Takeoff_wait--[TakeOff]
[INFO] [1775392204.675995604] [navNode]: 未到目标点
目标位置:(0.0, 0.0, 0.7)-[TakeOff]-[MCU:False]-[POS:False]
当前位置:(0.0070456042885780334, 0.004325956106185913, 0.0011064723366871476)
[INFO] [1775392204.775421935] [navNode]: 状态2：Takeoff_wait--[TakeOff]
[INFO] [1775392204.775981036] [navNode]: 未到目标点
目标位置:(0.0, 0.0, 0.7)-[TakeOff]-[MCU:False]-[POS:False]
当前位置:(0.0070456042885780334, 0.004325956106185913, 0.0011064723366871476)
[INFO] [1775392204.875212839] [navNode]: 状态2：Takeoff_wait--[TakeOff]
[INFO] [1775392204.875879918] [navNode]: 未到目标点
目标位置:(0.0, 0.0, 0.7)-[TakeOff]-[MCU:False]-[POS:False]
当前位置:(0.0070456042885780334, 0.004325956106185913, 0.0011064723366871476)
[INFO] [1775392204.975165071] [navNode]: 状态2：Takeoff_wait--[TakeOff]
[INFO] [1775392204.975657445] [navNode]: 未到目标点
目标位置:(0.0, 0.0, 0.7)-[TakeOff]-[MCU:False]-[POS:False]
当前位置:(0.0070456042885780334, 0.004325956106185913, 0.0011064723366871476)
[INFO] [1775392205.075687519] [navNode]: 状态2：Takeoff_wait--[TakeOff]
[INFO] [1775392205.076499371] [navNode]: 未到目标点
目标位置:(0.0, 0.0, 0.7)-[TakeOff]-[MCU:False]-[POS:False]
当前位置:(0.0070456042885780334, 0.004325956106185913, 0.0011064723366871476)
[INFO] [1775392205.175641931] [navNode]: 状态2：Takeoff_wait--[TakeOff]
[INFO] [1775392205.176196302] [navNode]: 未到目标点
目标位置:(0.0, 0.0, 0.7)-[TakeOff]-[MCU:False]-[POS:False]
当前位置:(0.0070456042885780334, 0.004325956106185913, 0.0011064723366871476)
[INFO] [1775392205.275211573] [navNode]: 状态2：Takeoff_wait--[TakeOff]
[INFO] [1775392205.275782532] [navNode]: 未到目标点
目标位置:(0.0, 0.0, 0.7)-[TakeOff]-[MCU:False]-[POS:False]
当前位置:(0.0070456042885780334, 0.004325956106185913, 0.0011064723366871476)
[INFO] [1775392205.375789551] [navNode]: 状态2：Takeoff_wait--[TakeOff]
[INFO] [1775392205.376235322] [navNode]: 未到目标点
目标位置:(0.0, 0.0, 0.7)-[TakeOff]-[MCU:False]-[POS:False]
当前位置:(0.0070456042885780334, 0.004325956106185913, 0.0011064723366871476)
[INFO] [1775392205.475019558] [navNode]: 状态2：Takeoff_wait--[TakeOff]
[INFO] [1775392205.475695819] [navNode]: 未到目标点
目标位置:(0.0, 0.0, 0.7)-[TakeOff]-[MCU:False]-[POS:False]
当前位置:(0.0070456042885780334, 0.004325956106185913, 0.0011064723366871476)
[INFO] [1775392205.575371547] [navNode]: 状态2：Takeoff_wait--[TakeOff]
[INFO] [1775392205.575895937] [navNode]: 未到目标点
目标位置:(0.0, 0.0, 0.7)-[TakeOff]-[MCU:False]-[POS:False]
当前位置:(0.0070456042885780334, 0.004325956106185913, 0.0011064723366871476)
[INFO] [1775392205.675203760] [navNode]: 状态2：Takeoff_wait--[TakeOff]
[INFO] [1775392205.675718655] [navNode]: 未到目标点
目标位置:(0.0, 0.0, 0.7)-[TakeOff]-[MCU:False]-[POS:False]
当前位置:(0.0070456042885780334, 0.004325956106185913, 0.0011064723366871476)
[INFO] [1775392205.775406478] [navNode]: 状态2：Takeoff_wait--[TakeOff]
[INFO] [1775392205.775839759] [navNode]: 未到目标点
目标位置:(0.0, 0.0, 0.7)-[TakeOff]-[MCU:False]-[POS:False]
当前位置:(0.0070456042885780334, 0.004325956106185913, 0.0011064723366871476)
[INFO] [1775392205.875070804] [navNode]: 状态2：Takeoff_wait--[TakeOff]
[INFO] [1775392205.875495219] [navNode]: 未到目标点
目标位置:(0.0, 0.0, 0.7)-[TakeOff]-[MCU:False]-[POS:False]
当前位置:(0.0070456042885780334, 0.004325956106185913, 0.0011064723366871476)
[INFO] [1775392205.975887401] [navNode]: 状态2：Takeoff_wait--[TakeOff]
[INFO] [1775392205.976525314] [navNode]: 未到目标点
目标位置:(0.0, 0.0, 0.7)-[TakeOff]-[MCU:False]-[POS:False]
当前位置:(0.0070456042885780334, 0.004325956106185913, 0.0011064723366871476)
[INFO] [1775392206.075069306] [navNode]: 状态2：Takeoff_wait--[TakeOff]
[INFO] [1775392206.075548714] [navNode]: 未到目标点
目标位置:(0.0, 0.0, 0.7)-[TakeOff]-[MCU:False]-[POS:False]
当前位置:(0.0070456042885780334, 0.004325956106185913, 0.0011064723366871476)
[INFO] [1775392206.175403816] [navNode]: 状态2：Takeoff_wait--[TakeOff]
[INFO] [1775392206.175825343] [navNode]: 未到目标点
目标位置:(0.0, 0.0, 0.7)-[TakeOff]-[MCU:False]-[POS:False]
当前位置:(0.0070456042885780334, 0.004325956106185913, 0.0011064723366871476)
[INFO] [1775392206.275274659] [navNode]: 状态2：Takeoff_wait--[TakeOff]
[INFO] [1775392206.275736078] [navNode]: 未到目标点
目标位置:(0.0, 0.0, 0.7)-[TakeOff]-[MCU:False]-[POS:False]
当前位置:(0.0070456042885780334, 0.004325956106185913, 0.0011064723366871476)
[INFO] [1775392206.375037887] [navNode]: 状态2：Takeoff_wait--[TakeOff]
[INFO] [1775392206.375462734] [navNode]: 未到目标点
目标位置:(0.0, 0.0, 0.7)-[TakeOff]-[MCU:False]-[POS:False]
当前位置:(0.0070456042885780334, 0.004325956106185913, 0.0011064723366871476)
[INFO] [1775392206.475031135] [navNode]: 状态2：Takeoff_wait--[TakeOff]
[INFO] [1775392206.475487540] [navNode]: 未到目标点
目标位置:(0.0, 0.0, 0.7)-[TakeOff]-[MCU:False]-[POS:False]
当前位置:(0.0070456042885780334, 0.004325956106185913, 0.0011064723366871476)
[INFO] [1775392206.575246826] [navNode]: 状态2：Takeoff_wait--[TakeOff]
[INFO] [1775392206.575643335] [navNode]: 未到目标点
目标位置:(0.0, 0.0, 0.7)-[TakeOff]-[MCU:False]-[POS:False]
当前位置:(0.0070456042885780334, 0.004325956106185913, 0.0011064723366871476)
[INFO] [1775392206.675606937] [navNode]: 状态2：Takeoff_wait--[TakeOff]
[INFO] [1775392206.676293404] [navNode]: 未到目标点
目标位置:(0.0, 0.0, 0.7)-[TakeOff]-[MCU:False]-[POS:False]
当前位置:(0.0070456042885780334, 0.004325956106185913, 0.0011064723366871476)
[INFO] [1775392206.775424185] [navNode]: 状态2：Takeoff_wait--[TakeOff]
[INFO] [1775392206.775836670] [navNode]: 未到目标点
目标位置:(0.0, 0.0, 0.7)-[TakeOff]-[MCU:False]-[POS:False]
当前位置:(0.0070456042885780334, 0.004325956106185913, 0.0011064723366871476)
[INFO] [1775392206.875183787] [navNode]: 状态2：Takeoff_wait--[TakeOff]
[INFO] [1775392206.875630778] [navNode]: 未到目标点
目标位置:(0.0, 0.0, 0.7)-[TakeOff]-[MCU:False]-[POS:False]
当前位置:(0.0070456042885780334, 0.004325956106185913, 0.0011064723366871476)
[INFO] [1775392206.975354833] [navNode]: 状态2：Takeoff_wait--[TakeOff]
[INFO] [1775392206.975805843] [navNode]: 未到目标点
目标位置:(0.0, 0.0, 0.7)-[TakeOff]-[MCU:False]-[POS:False]
当前位置:(0.0070456042885780334, 0.004325956106185913, 0.0011064723366871476)
[INFO] [1775392207.075094134] [navNode]: 状态2：Takeoff_wait--[TakeOff]
[INFO] [1775392207.075588037] [navNode]: 未到目标点
目标位置:(0.0, 0.0, 0.7)-[TakeOff]-[MCU:False]-[POS:False]
当前位置:(0.0070456042885780334, 0.004325956106185913, 0.0011064723366871476)
[INFO] [1775392207.175377576] [navNode]: 状态2：Takeoff_wait--[TakeOff]
[INFO] [1775392207.175791157] [navNode]: 未到目标点
目标位置:(0.0, 0.0, 0.7)-[TakeOff]-[MCU:False]-[POS:False]
当前位置:(0.0070456042885780334, 0.004325956106185913, 0.0011064723366871476)
[INFO] [1775392207.275158485] [navNode]: 状态2：Takeoff_wait--[TakeOff]
[INFO] [1775392207.275580496] [navNode]: 未到目标点
目标位置:(0.0, 0.0, 0.7)-[TakeOff]-[MCU:False]-[POS:False]
当前位置:(0.0070456042885780334, 0.004325956106185913, 0.0011064723366871476)
[INFO] [1775392207.375611481] [navNode]: 状态2：Takeoff_wait--[TakeOff]
[INFO] [1775392207.376137806] [navNode]: 未到目标点
目标位置:(0.0, 0.0, 0.7)-[TakeOff]-[MCU:False]-[POS:False]
当前位置:(0.0070456042885780334, 0.004325956106185913, 0.0011064723366871476)
[INFO] [1775392207.474923371] [navNode]: 状态2：Takeoff_wait--[TakeOff]
[INFO] [1775392207.475399040] [navNode]: 未到目标点
目标位置:(0.0, 0.0, 0.7)-[TakeOff]-[MCU:False]-[POS:False]
当前位置:(0.0070456042885780334, 0.004325956106185913, 0.0011064723366871476)
[INFO] [1775392207.575960657] [navNode]: 状态2：Takeoff_wait--[TakeOff]
[INFO] [1775392207.576612996] [navNode]: 未到目标点
目标位置:(0.0, 0.0, 0.7)-[TakeOff]-[MCU:False]-[POS:False]
当前位置:(0.0070456042885780334, 0.004325956106185913, 0.0011064723366871476)
[INFO] [1775392207.675101387] [navNode]: 状态2：Takeoff_wait--[TakeOff]
[INFO] [1775392207.675499106] [navNode]: 未到目标点
目标位置:(0.0, 0.0, 0.7)-[TakeOff]-[MCU:False]-[POS:False]
当前位置:(0.0070456042885780334, 0.004325956106185913, 0.0011064723366871476)
[INFO] [1775392207.775362310] [navNode]: 状态2：Takeoff_wait--[TakeOff]
[INFO] [1775392207.775784016] [navNode]: 未到目标点
目标位置:(0.0, 0.0, 0.7)-[TakeOff]-[MCU:False]-[POS:False]
当前位置:(0.0070456042885780334, 0.004325956106185913, 0.0011064723366871476)
[INFO] [1775392207.875221262] [navNode]: 状态2：Takeoff_wait--[TakeOff]
[INFO] [1775392207.875799133] [navNode]: 未到目标点
目标位置:(0.0, 0.0, 0.7)-[TakeOff]-[MCU:False]-[POS:False]
当前位置:(0.0070456042885780334, 0.004325956106185913, 0.0011064723366871476)
[INFO] [1775392207.975139563] [navNode]: 状态2：Takeoff_wait--[TakeOff]
[INFO] [1775392207.975523626] [navNode]: 未到目标点
目标位置:(0.0, 0.0, 0.7)-[TakeOff]-[MCU:False]-[POS:False]
当前位置:(0.0070456042885780334, 0.004325956106185913, 0.0011064723366871476)
[INFO] [1775392208.075037956] [navNode]: 状态2：Takeoff_wait--[TakeOff]
[INFO] [1775392208.075768375] [navNode]: 未到目标点
目标位置:(0.0, 0.0, 0.7)-[TakeOff]-[MCU:False]-[POS:False]
当前位置:(0.0070456042885780334, 0.004325956106185913, 0.0011064723366871476)
[INFO] [1775392208.175387654] [navNode]: 状态2：Takeoff_wait--[TakeOff]
[INFO] [1775392208.175819290] [navNode]: 未到目标点
目标位置:(0.0, 0.0, 0.7)-[TakeOff]-[MCU:False]-[POS:False]
当前位置:(0.0070456042885780334, 0.004325956106185913, 0.0011064723366871476)
[INFO] [1775392208.277794723] [navNode]: 状态2：Takeoff_wait--[TakeOff]
[INFO] [1775392208.278720823] [navNode]: 未到目标点
目标位置:(0.0, 0.0, 0.7)-[TakeOff]-[MCU:False]-[POS:False]
当前位置:(0.0070456042885780334, 0.004325956106185913, 0.0011064723366871476)
[INFO] [1775392208.375684552] [navNode]: 状态2：Takeoff_wait--[TakeOff]
[INFO] [1775392208.376484704] [navNode]: 未到目标点
目标位置:(0.0, 0.0, 0.7)-[TakeOff]-[MCU:False]-[POS:False]
当前位置:(0.0070456042885780334, 0.004325956106185913, 0.0011064723366871476)
[INFO] [1775392208.475238650] [navNode]: 状态2：Takeoff_wait--[TakeOff]
[INFO] [1775392208.475723937] [navNode]: 未到目标点
目标位置:(0.0, 0.0, 0.7)-[TakeOff]-[MCU:False]-[POS:False]
当前位置:(0.0070456042885780334, 0.004325956106185913, 0.0011064723366871476)
[INFO] [1775392208.575673063] [navNode]: 状态2：Takeoff_wait--[TakeOff]
[INFO] [1775392208.576076644] [navNode]: 未到目标点
目标位置:(0.0, 0.0, 0.7)-[TakeOff]-[MCU:False]-[POS:False]
当前位置:(0.0070456042885780334, 0.004325956106185913, 0.0011064723366871476)
[INFO] [1775392208.675225500] [navNode]: 状态2：Takeoff_wait--[TakeOff]
[INFO] [1775392208.675693131] [navNode]: 未到目标点
目标位置:(0.0, 0.0, 0.7)-[TakeOff]-[MCU:False]-[POS:False]
当前位置:(0.0070456042885780334, 0.004325956106185913, 0.0011064723366871476)
[INFO] [1775392208.775336758] [navNode]: 状态2：Takeoff_wait--[TakeOff]
[INFO] [1775392208.775748579] [navNode]: 未到目标点
目标位置:(0.0, 0.0, 0.7)-[TakeOff]-[MCU:False]-[POS:False]
当前位置:(0.0070456042885780334, 0.004325956106185913, 0.0011064723366871476)
[INFO] [1775392208.875140123] [navNode]: 状态2：Takeoff_wait--[TakeOff]
[INFO] [1775392208.875538453] [navNode]: 未到目标点
目标位置:(0.0, 0.0, 0.7)-[TakeOff]-[MCU:False]-[POS:False]
当前位置:(0.0070456042885780334, 0.004325956106185913, 0.0011064723366871476)
[INFO] [1775392208.975175417] [navNode]: 状态2：Takeoff_wait--[TakeOff]
[INFO] [1775392208.975576947] [navNode]: 未到目标点
目标位置:(0.0, 0.0, 0.7)-[TakeOff]-[MCU:False]-[POS:False]
当前位置:(0.0070456042885780334, 0.004325956106185913, 0.0011064723366871476)
[INFO] [1775392209.075478574] [navNode]: 状态2：Takeoff_wait--[TakeOff]
[INFO] [1775392209.076103791] [navNode]: 未到目标点
目标位置:(0.0, 0.0, 0.7)-[TakeOff]-[MCU:False]-[POS:False]
当前位置:(0.0070456042885780334, 0.004325956106185913, 0.0011064723366871476)
[INFO] [1775392209.176452997] [navNode]: 状态2：Takeoff_wait--[TakeOff]
[INFO] [1775392209.177374740] [navNode]: 未到目标点
目标位置:(0.0, 0.0, 0.7)-[TakeOff]-[MCU:False]-[POS:False]
当前位置:(0.0070456042885780334, 0.004325956106185913, 0.0011064723366871476)
[INFO] [1775392209.276824361] [navNode]: 状态2：Takeoff_wait--[TakeOff]
[INFO] [1775392209.277570246] [navNode]: 未到目标点
目标位置:(0.0, 0.0, 0.7)-[TakeOff]-[MCU:False]-[POS:False]
当前位置:(0.0070456042885780334, 0.004325956106185913, 0.0011064723366871476)
[INFO] [1775392209.376116950] [navNode]: 状态2：Takeoff_wait--[TakeOff]
[INFO] [1775392209.376571238] [navNode]: 未到目标点
目标位置:(0.0, 0.0, 0.7)-[TakeOff]-[MCU:False]-[POS:False]
当前位置:(0.0070456042885780334, 0.004325956106185913, 0.0011064723366871476)
[INFO] [1775392209.475181959] [navNode]: 状态2：Takeoff_wait--[TakeOff]
[INFO] [1775392209.475688450] [navNode]: 未到目标点
目标位置:(0.0, 0.0, 0.7)-[TakeOff]-[MCU:False]-[POS:False]
当前位置:(0.0070456042885780334, 0.004325956106185913, 0.0011064723366871476)
[INFO] [1775392209.575381205] [navNode]: 状态2：Takeoff_wait--[TakeOff]
[INFO] [1775392209.575829701] [navNode]: 未到目标点
目标位置:(0.0, 0.0, 0.7)-[TakeOff]-[MCU:False]-[POS:False]
当前位置:(0.0070456042885780334, 0.004325956106185913, 0.0011064723366871476)
[INFO] [1775392209.676090884] [navNode]: 状态2：Takeoff_wait--[TakeOff]
[INFO] [1775392209.676513980] [navNode]: 未到目标点
目标位置:(0.0, 0.0, 0.7)-[TakeOff]-[MCU:False]-[POS:False]
当前位置:(0.0070456042885780334, 0.004325956106185913, 0.0011064723366871476)
[INFO] [1775392209.775282222] [navNode]: 状态2：Takeoff_wait--[TakeOff]
[INFO] [1775392209.775687898] [navNode]: 未到目标点
目标位置:(0.0, 0.0, 0.7)-[TakeOff]-[MCU:False]-[POS:False]
当前位置:(0.0070456042885780334, 0.004325956106185913, 0.0011064723366871476)
[INFO] [1775392209.875656342] [navNode]: 状态2：Takeoff_wait--[TakeOff]
[INFO] [1775392209.876037827] [navNode]: 未到目标点
目标位置:(0.0, 0.0, 0.7)-[TakeOff]-[MCU:False]-[POS:False]
当前位置:(0.0070456042885780334, 0.004325956106185913, 0.0011064723366871476)
[INFO] [1775392209.975733239] [navNode]: 状态2：Takeoff_wait--[TakeOff]
[INFO] [1775392209.976139472] [navNode]: 未到目标点
目标位置:(0.0, 0.0, 0.7)-[TakeOff]-[MCU:False]-[POS:False]
当前位置:(0.0070456042885780334, 0.004325956106185913, 0.0011064723366871476)
[INFO] [1775392210.075567469] [navNode]: 状态2：Takeoff_wait--[TakeOff]
[INFO] [1775392210.075989054] [navNode]: 未到目标点
目标位置:(0.0, 0.0, 0.7)-[TakeOff]-[MCU:False]-[POS:False]
当前位置:(0.0070456042885780334, 0.004325956106185913, 0.0011064723366871476)
[INFO] [1775392210.176864175] [navNode]: 状态2：Takeoff_wait--[TakeOff]
[INFO] [1775392210.177404132] [navNode]: 未到目标点
目标位置:(0.0, 0.0, 0.7)-[TakeOff]-[MCU:False]-[POS:False]
当前位置:(0.0070456042885780334, 0.004325956106185913, 0.0011064723366871476)
[INFO] [1775392210.275550460] [navNode]: 状态2：Takeoff_wait--[TakeOff]
[INFO] [1775392210.275982369] [navNode]: 未到目标点
目标位置:(0.0, 0.0, 0.7)-[TakeOff]-[MCU:False]-[POS:False]
当前位置:(0.0070456042885780334, 0.004325956106185913, 0.0011064723366871476)
[INFO] [1775392210.375059444] [navNode]: 状态2：Takeoff_wait--[TakeOff]
[INFO] [1775392210.375720175] [navNode]: 未到目标点
目标位置:(0.0, 0.0, 0.7)-[TakeOff]-[MCU:False]-[POS:False]
当前位置:(0.0070456042885780334, 0.004325956106185913, 0.0011064723366871476)
[INFO] [1775392210.475755172] [navNode]: 状态2：Takeoff_wait--[TakeOff]
[INFO] [1775392210.476576774] [navNode]: 未到目标点
目标位置:(0.0, 0.0, 0.7)-[TakeOff]-[MCU:False]-[POS:False]
当前位置:(0.0070456042885780334, 0.004325956106185913, 0.0011064723366871476)
[INFO] [1775392210.575908210] [navNode]: 状态2：Takeoff_wait--[TakeOff]
[INFO] [1775392210.576320586] [navNode]: 未到目标点
目标位置:(0.0, 0.0, 0.7)-[TakeOff]-[MCU:False]-[POS:False]
当前位置:(0.0070456042885780334, 0.004325956106185913, 0.0011064723366871476)
[INFO] [1775392210.675661371] [navNode]: 状态2：Takeoff_wait--[TakeOff]
[INFO] [1775392210.676139453] [navNode]: 未到目标点
目标位置:(0.0, 0.0, 0.7)-[TakeOff]-[MCU:False]-[POS:False]
当前位置:(0.0070456042885780334, 0.004325956106185913, 0.0011064723366871476)
[INFO] [1775392210.775538537] [navNode]: 状态2：Takeoff_wait--[TakeOff]
[INFO] [1775392210.775955267] [navNode]: 未到目标点
目标位置:(0.0, 0.0, 0.7)-[TakeOff]-[MCU:False]-[POS:False]
当前位置:(0.0070456042885780334, 0.004325956106185913, 0.0011064723366871476)
[INFO] [1775392210.876457308] [navNode]: 状态2：Takeoff_wait--[TakeOff]
[INFO] [1775392210.876878298] [navNode]: 未到目标点
目标位置:(0.0, 0.0, 0.7)-[TakeOff]-[MCU:False]-[POS:False]
当前位置:(0.0070456042885780334, 0.004325956106185913, 0.0011064723366871476)
[INFO] [1775392210.975265862] [navNode]: 状态2：Takeoff_wait--[TakeOff]
[INFO] [1775392210.975648276] [navNode]: 未到目标点
目标位置:(0.0, 0.0, 0.7)-[TakeOff]-[MCU:False]-[POS:False]
当前位置:(0.0070456042885780334, 0.004325956106185913, 0.0011064723366871476)
[INFO] [1775392211.075377713] [navNode]: 状态2：Takeoff_wait--[TakeOff]
[INFO] [1775392211.075824124] [navNode]: 未到目标点
目标位置:(0.0, 0.0, 0.7)-[TakeOff]-[MCU:False]-[POS:False]
当前位置:(0.0070456042885780334, 0.004325956106185913, 0.0011064723366871476)
[INFO] [1775392211.175269249] [navNode]: 状态2：Takeoff_wait--[TakeOff]
[INFO] [1775392211.175688923] [navNode]: 未到目标点
目标位置:(0.0, 0.0, 0.7)-[TakeOff]-[MCU:False]-[POS:False]
当前位置:(0.0070456042885780334, 0.004325956106185913, 0.0011064723366871476)
[INFO] [1775392211.275255243] [navNode]: 状态2：Takeoff_wait--[TakeOff]
[INFO] [1775392211.275655041] [navNode]: 未到目标点
目标位置:(0.0, 0.0, 0.7)-[TakeOff]-[MCU:False]-[POS:False]
当前位置:(0.0070456042885780334, 0.004325956106185913, 0.0011064723366871476)
[INFO] [1775392211.375367686] [navNode]: 状态2：Takeoff_wait--[TakeOff]
[INFO] [1775392211.375780763] [navNode]: 未到目标点
目标位置:(0.0, 0.0, 0.7)-[TakeOff]-[MCU:False]-[POS:False]
当前位置:(0.0070456042885780334, 0.004325956106185913, 0.0011064723366871476)
[INFO] [1775392211.476157941] [navNode]: 状态2：Takeoff_wait--[TakeOff]
[INFO] [1775392211.476730802] [navNode]: 未到目标点
目标位置:(0.0, 0.0, 0.7)-[TakeOff]-[MCU:False]-[POS:False]
当前位置:(0.0070456042885780334, 0.004325956106185913, 0.0011064723366871476)
[INFO] [1775392211.575321256] [navNode]: 状态2：Takeoff_wait--[TakeOff]
[INFO] [1775392211.575803665] [navNode]: 未到目标点
目标位置:(0.0, 0.0, 0.7)-[TakeOff]-[MCU:False]-[POS:False]
当前位置:(0.0070456042885780334, 0.004325956106185913, 0.0011064723366871476)
[INFO] [1775392211.675279343] [navNode]: 状态2：Takeoff_wait--[TakeOff]
[INFO] [1775392211.675767989] [navNode]: 未到目标点
目标位置:(0.0, 0.0, 0.7)-[TakeOff]-[MCU:False]-[POS:False]
当前位置:(0.0070456042885780334, 0.004325956106185913, 0.0011064723366871476)
[INFO] [1775392211.775796199] [navNode]: 状态2：Takeoff_wait--[TakeOff]
[INFO] [1775392211.776358883] [navNode]: 未到目标点
目标位置:(0.0, 0.0, 0.7)-[TakeOff]-[MCU:False]-[POS:False]
当前位置:(0.0070456042885780334, 0.004325956106185913, 0.0011064723366871476)
[INFO] [1775392211.875514660] [navNode]: 状态2：Takeoff_wait--[TakeOff]
[INFO] [1775392211.875916133] [navNode]: 未到目标点
目标位置:(0.0, 0.0, 0.7)-[TakeOff]-[MCU:False]-[POS:False]
当前位置:(0.0070456042885780334, 0.004325956106185913, 0.0011064723366871476)
[INFO] [1775392211.977659731] [navNode]: 状态2：Takeoff_wait--[TakeOff]
[INFO] [1775392211.978658241] [navNode]: 未到目标点
目标位置:(0.0, 0.0, 0.7)-[TakeOff]-[MCU:False]-[POS:False]
当前位置:(0.0070456042885780334, 0.004325956106185913, 0.0011064723366871476)
[INFO] [1775392212.075339402] [navNode]: 状态2：Takeoff_wait--[TakeOff]
[INFO] [1775392212.075776698] [navNode]: 未到目标点
目标位置:(0.0, 0.0, 0.7)-[TakeOff]-[MCU:False]-[POS:False]
当前位置:(0.0070456042885780334, 0.004325956106185913, 0.0011064723366871476)
[INFO] [1775392212.176409474] [navNode]: 状态2：Takeoff_wait--[TakeOff]
[INFO] [1775392212.177150754] [navNode]: 未到目标点
目标位置:(0.0, 0.0, 0.7)-[TakeOff]-[MCU:False]-[POS:False]
当前位置:(0.0070456042885780334, 0.004325956106185913, 0.0011064723366871476)
[INFO] [1775392212.276024358] [navNode]: 状态2：Takeoff_wait--[TakeOff]
[INFO] [1775392212.276458055] [navNode]: 未到目标点
目标位置:(0.0, 0.0, 0.7)-[TakeOff]-[MCU:False]-[POS:False]
当前位置:(0.0070456042885780334, 0.004325956106185913, 0.0011064723366871476)
[INFO] [1775392212.375574560] [navNode]: 状态2：Takeoff_wait--[TakeOff]
[INFO] [1775392212.376033151] [navNode]: 未到目标点
目标位置:(0.0, 0.0, 0.7)-[TakeOff]-[MCU:False]-[POS:False]
当前位置:(0.0070456042885780334, 0.004325956106185913, 0.0011064723366871476)
[INFO] [1775392212.475321675] [navNode]: 状态2：Takeoff_wait--[TakeOff]
[INFO] [1775392212.475737401] [navNode]: 未到目标点
目标位置:(0.0, 0.0, 0.7)-[TakeOff]-[MCU:False]-[POS:False]
当前位置:(0.0070456042885780334, 0.004325956106185913, 0.0011064723366871476)
[INFO] [1775392212.575421610] [navNode]: 状态2：Takeoff_wait--[TakeOff]
[INFO] [1775392212.575867770] [navNode]: 未到目标点
目标位置:(0.0, 0.0, 0.7)-[TakeOff]-[MCU:False]-[POS:False]
当前位置:(0.0070456042885780334, 0.004325956106185913, 0.0011064723366871476)
[INFO] [1775392212.675693368] [navNode]: 状态2：Takeoff_wait--[TakeOff]
[INFO] [1775392212.676152014] [navNode]: 未到目标点
目标位置:(0.0, 0.0, 0.7)-[TakeOff]-[MCU:False]-[POS:False]
当前位置:(0.0070456042885780334, 0.004325956106185913, 0.0011064723366871476)
[INFO] [1775392212.775456623] [navNode]: 状态2：Takeoff_wait--[TakeOff]
[INFO] [1775392212.775969651] [navNode]: 未到目标点
目标位置:(0.0, 0.0, 0.7)-[TakeOff]-[MCU:False]-[POS:False]
当前位置:(0.0070456042885780334, 0.004325956106185913, 0.0011064723366871476)
[INFO] [1775392212.876014616] [navNode]: 状态2：Takeoff_wait--[TakeOff]
[INFO] [1775392212.876476116] [navNode]: 未到目标点
目标位置:(0.0, 0.0, 0.7)-[TakeOff]-[MCU:False]-[POS:False]
当前位置:(0.0070456042885780334, 0.004325956106185913, 0.0011064723366871476)
[INFO] [1775392212.976196978] [navNode]: 状态2：Takeoff_wait--[TakeOff]
[INFO] [1775392212.976669897] [navNode]: 未到目标点
目标位置:(0.0, 0.0, 0.7)-[TakeOff]-[MCU:False]-[POS:False]
当前位置:(0.0070456042885780334, 0.004325956106185913, 0.0011064723366871476)
[INFO] [1775392213.075692031] [navNode]: 状态2：Takeoff_wait--[TakeOff]
[INFO] [1775392213.076204926] [navNode]: 未到目标点
目标位置:(0.0, 0.0, 0.7)-[TakeOff]-[MCU:False]-[POS:False]
当前位置:(0.0070456042885780334, 0.004325956106185913, 0.0011064723366871476)
[INFO] [1775392213.175208821] [navNode]: 状态2：Takeoff_wait--[TakeOff]
[INFO] [1775392213.175724989] [navNode]: 未到目标点
目标位置:(0.0, 0.0, 0.7)-[TakeOff]-[MCU:False]-[POS:False]
当前位置:(0.0070456042885780334, 0.004325956106185913, 0.0011064723366871476)
[INFO] [1775392213.276632440] [navNode]: 状态2：Takeoff_wait--[TakeOff]
[INFO] [1775392213.277254196] [navNode]: 未到目标点
目标位置:(0.0, 0.0, 0.7)-[TakeOff]-[MCU:False]-[POS:False]
当前位置:(0.0070456042885780334, 0.004325956106185913, 0.0011064723366871476)
[INFO] [1775392213.375647849] [navNode]: 状态2：Takeoff_wait--[TakeOff]
[INFO] [1775392213.376586894] [navNode]: 未到目标点
目标位置:(0.0, 0.0, 0.7)-[TakeOff]-[MCU:False]-[POS:False]
当前位置:(0.0070456042885780334, 0.004325956106185913, 0.0011064723366871476)
[INFO] [1775392213.475826762] [navNode]: 状态2：Takeoff_wait--[TakeOff]
[INFO] [1775392213.476376142] [navNode]: 未到目标点
目标位置:(0.0, 0.0, 0.7)-[TakeOff]-[MCU:False]-[POS:False]
当前位置:(0.0070456042885780334, 0.004325956106185913, 0.0011064723366871476)
[INFO] [1775392213.575795542] [navNode]: 状态2：Takeoff_wait--[TakeOff]
[INFO] [1775392213.576347135] [navNode]: 未到目标点
目标位置:(0.0, 0.0, 0.7)-[TakeOff]-[MCU:False]-[POS:False]
当前位置:(0.0070456042885780334, 0.004325956106185913, 0.0011064723366871476)
[INFO] [1775392213.675492103] [navNode]: 状态2：Takeoff_wait--[TakeOff]
[INFO] [1775392213.676264626] [navNode]: 未到目标点
目标位置:(0.0, 0.0, 0.7)-[TakeOff]-[MCU:False]-[POS:False]
当前位置:(0.0070456042885780334, 0.004325956106185913, 0.0011064723366871476)
[INFO] [1775392213.775642976] [navNode]: 状态2：Takeoff_wait--[TakeOff]
[INFO] [1775392213.776231164] [navNode]: 未到目标点
目标位置:(0.0, 0.0, 0.7)-[TakeOff]-[MCU:False]-[POS:False]
当前位置:(0.0070456042885780334, 0.004325956106185913, 0.0011064723366871476)
[INFO] [1775392213.875596754] [navNode]: 状态2：Takeoff_wait--[TakeOff]
[INFO] [1775392213.876216684] [navNode]: 未到目标点
目标位置:(0.0, 0.0, 0.7)-[TakeOff]-[MCU:False]-[POS:False]
当前位置:(0.0070456042885780334, 0.004325956106185913, 0.0011064723366871476)
[INFO] [1775392213.975821251] [navNode]: 状态2：Takeoff_wait--[TakeOff]
[INFO] [1775392213.976376203] [navNode]: 未到目标点
目标位置:(0.0, 0.0, 0.7)-[TakeOff]-[MCU:False]-[POS:False]
当前位置:(0.0070456042885780334, 0.004325956106185913, 0.0011064723366871476)
[INFO] [1775392214.075384046] [navNode]: 状态2：Takeoff_wait--[TakeOff]
[INFO] [1775392214.075828129] [navNode]: 未到目标点
目标位置:(0.0, 0.0, 0.7)-[TakeOff]-[MCU:False]-[POS:False]
当前位置:(0.0070456042885780334, 0.004325956106185913, 0.0011064723366871476)
[INFO] [1775392214.175268435] [navNode]: 状态2：Takeoff_wait--[TakeOff]
[INFO] [1775392214.175699435] [navNode]: 未到目标点
目标位置:(0.0, 0.0, 0.7)-[TakeOff]-[MCU:False]-[POS:False]
当前位置:(0.0070456042885780334, 0.004325956106185913, 0.0011064723366871476)
[INFO] [1775392214.275503789] [navNode]: 状态2：Takeoff_wait--[TakeOff]
[INFO] [1775392214.275890495] [navNode]: 未到目标点
目标位置:(0.0, 0.0, 0.7)-[TakeOff]-[MCU:False]-[POS:False]
当前位置:(0.0070456042885780334, 0.004325956106185913, 0.0011064723366871476)
[INFO] [1775392214.375545102] [navNode]: 状态2：Takeoff_wait--[TakeOff]
[INFO] [1775392214.375963809] [navNode]: 未到目标点
目标位置:(0.0, 0.0, 0.7)-[TakeOff]-[MCU:False]-[POS:False]
当前位置:(0.0070456042885780334, 0.004325956106185913, 0.0011064723366871476)
[INFO] [1775392214.476224011] [navNode]: 状态2：Takeoff_wait--[TakeOff]
[INFO] [1775392214.476702588] [navNode]: 未到目标点
目标位置:(0.0, 0.0, 0.7)-[TakeOff]-[MCU:False]-[POS:False]
当前位置:(0.0070456042885780334, 0.004325956106185913, 0.0011064723366871476)
[INFO] [1775392214.575769769] [navNode]: 状态2：Takeoff_wait--[TakeOff]
[INFO] [1775392214.576310811] [navNode]: 未到目标点
目标位置:(0.0, 0.0, 0.7)-[TakeOff]-[MCU:False]-[POS:False]
当前位置:(0.0070456042885780334, 0.004325956106185913, 0.0011064723366871476)
[INFO] [1775392214.675820449] [navNode]: 状态2：Takeoff_wait--[TakeOff]
[INFO] [1775392214.676281506] [navNode]: 未到目标点
目标位置:(0.0, 0.0, 0.7)-[TakeOff]-[MCU:False]-[POS:False]
当前位置:(0.0070456042885780334, 0.004325956106185913, 0.0011064723366871476)
[INFO] [1775392214.777421719] [navNode]: 状态2：Takeoff_wait--[TakeOff]
[INFO] [1775392214.778566742] [navNode]: 未到目标点
目标位置:(0.0, 0.0, 0.7)-[TakeOff]-[MCU:False]-[POS:False]
当前位置:(0.0070456042885780334, 0.004325956106185913, 0.0011064723366871476)
[INFO] [1775392214.875170227] [navNode]: 状态2：Takeoff_wait--[TakeOff]
[INFO] [1775392214.875623481] [navNode]: 未到目标点
目标位置:(0.0, 0.0, 0.7)-[TakeOff]-[MCU:False]-[POS:False]
当前位置:(0.0070456042885780334, 0.004325956106185913, 0.0011064723366871476)
[INFO] [1775392214.975273581] [navNode]: 状态2：Takeoff_wait--[TakeOff]
[INFO] [1775392214.975660047] [navNode]: 未到目标点
目标位置:(0.0, 0.0, 0.7)-[TakeOff]-[MCU:False]-[POS:False]
当前位置:(0.0070456042885780334, 0.004325956106185913, 0.0011064723366871476)
[INFO] [1775392215.075356586] [navNode]: 状态2：Takeoff_wait--[TakeOff]
[INFO] [1775392215.075760976] [navNode]: 未到目标点
目标位置:(0.0, 0.0, 0.7)-[TakeOff]-[MCU:False]-[POS:False]
当前位置:(0.0070456042885780334, 0.004325956106185913, 0.0011064723366871476)
[INFO] [1775392215.175145450] [navNode]: 状态2：Takeoff_wait--[TakeOff]
[INFO] [1775392215.175516167] [navNode]: 未到目标点
目标位置:(0.0, 0.0, 0.7)-[TakeOff]-[MCU:False]-[POS:False]
当前位置:(0.0070456042885780334, 0.004325956106185913, 0.0011064723366871476)
[INFO] [1775392215.275909048] [navNode]: 状态2：Takeoff_wait--[TakeOff]
[INFO] [1775392215.276442162] [navNode]: 未到目标点
目标位置:(0.0, 0.0, 0.7)-[TakeOff]-[MCU:False]-[POS:False]
当前位置:(0.0070456042885780334, 0.004325956106185913, 0.0011064723366871476)
[INFO] [1775392215.375707913] [navNode]: 状态2：Takeoff_wait--[TakeOff]
[INFO] [1775392215.376107173] [navNode]: 未到目标点
目标位置:(0.0, 0.0, 0.7)-[TakeOff]-[MCU:False]-[POS:False]
当前位置:(0.0070456042885780334, 0.004325956106185913, 0.0011064723366871476)
[INFO] [1775392215.475792730] [navNode]: 状态2：Takeoff_wait--[TakeOff]
[INFO] [1775392215.476247041] [navNode]: 未到目标点
目标位置:(0.0, 0.0, 0.7)-[TakeOff]-[MCU:False]-[POS:False]
当前位置:(0.0070456042885780334, 0.004325956106185913, 0.0011064723366871476)
[INFO] [1775392215.576838248] [navNode]: 状态2：Takeoff_wait--[TakeOff]
[INFO] [1775392215.577879311] [navNode]: 未到目标点
目标位置:(0.0, 0.0, 0.7)-[TakeOff]-[MCU:False]-[POS:False]
当前位置:(0.0070456042885780334, 0.004325956106185913, 0.0011064723366871476)
[INFO] [1775392215.675859410] [navNode]: 状态2：Takeoff_wait--[TakeOff]
[INFO] [1775392215.676318322] [navNode]: 未到目标点
目标位置:(0.0, 0.0, 0.7)-[TakeOff]-[MCU:False]-[POS:False]
当前位置:(0.0070456042885780334, 0.004325956106185913, 0.0011064723366871476)
[INFO] [1775392215.775508516] [navNode]: 状态2：Takeoff_wait--[TakeOff]
[INFO] [1775392215.775955908] [navNode]: 未到目标点
目标位置:(0.0, 0.0, 0.7)-[TakeOff]-[MCU:False]-[POS:False]
当前位置:(0.0070456042885780334, 0.004325956106185913, 0.0011064723366871476)
[INFO] [1775392215.875478596] [navNode]: 状态2：Takeoff_wait--[TakeOff]
[INFO] [1775392215.875896074] [navNode]: 未到目标点
目标位置:(0.0, 0.0, 0.7)-[TakeOff]-[MCU:False]-[POS:False]
当前位置:(0.0070456042885780334, 0.004325956106185913, 0.0011064723366871476)
[INFO] [1775392215.975486259] [navNode]: 状态2：Takeoff_wait--[TakeOff]
[INFO] [1775392215.975895342] [navNode]: 未到目标点
目标位置:(0.0, 0.0, 0.7)-[TakeOff]-[MCU:False]-[POS:False]
当前位置:(0.0070456042885780334, 0.004325956106185913, 0.0011064723366871476)
[INFO] [1775392216.076163367] [navNode]: 状态2：Takeoff_wait--[TakeOff]
[INFO] [1775392216.076597957] [navNode]: 未到目标点
目标位置:(0.0, 0.0, 0.7)-[TakeOff]-[MCU:False]-[POS:False]
当前位置:(0.0070456042885780334, 0.004325956106185913, 0.0011064723366871476)
[INFO] [1775392216.175482574] [navNode]: 状态2：Takeoff_wait--[TakeOff]
[INFO] [1775392216.175897319] [navNode]: 未到目标点
目标位置:(0.0, 0.0, 0.7)-[TakeOff]-[MCU:False]-[POS:False]
当前位置:(0.0070456042885780334, 0.004325956106185913, 0.0011064723366871476)
[INFO] [1775392216.275330316] [navNode]: 状态2：Takeoff_wait--[TakeOff]
[INFO] [1775392216.275716307] [navNode]: 未到目标点
目标位置:(0.0, 0.0, 0.7)-[TakeOff]-[MCU:False]-[POS:False]
当前位置:(0.0070456042885780334, 0.004325956106185913, 0.0011064723366871476)
[INFO] [1775392216.375360106] [navNode]: 状态2：Takeoff_wait--[TakeOff]
[INFO] [1775392216.375738254] [navNode]: 未到目标点
目标位置:(0.0, 0.0, 0.7)-[TakeOff]-[MCU:False]-[POS:False]
当前位置:(0.0070456042885780334, 0.004325956106185913, 0.0011064723366871476)
[INFO] [1775392216.475098403] [navNode]: 状态2：Takeoff_wait--[TakeOff]
[INFO] [1775392216.475498847] [navNode]: 未到目标点
目标位置:(0.0, 0.0, 0.7)-[TakeOff]-[MCU:False]-[POS:False]
当前位置:(0.0070456042885780334, 0.004325956106185913, 0.0011064723366871476)
[INFO] [1775392216.576346223] [navNode]: 状态2：Takeoff_wait--[TakeOff]
[INFO] [1775392216.576857915] [navNode]: 未到目标点
目标位置:(0.0, 0.0, 0.7)-[TakeOff]-[MCU:False]-[POS:False]
当前位置:(0.0070456042885780334, 0.004325956106185913, 0.0011064723366871476)
[INFO] [1775392216.675683313] [navNode]: 状态2：Takeoff_wait--[TakeOff]
[INFO] [1775392216.676102005] [navNode]: 未到目标点
目标位置:(0.0, 0.0, 0.7)-[TakeOff]-[MCU:False]-[POS:False]
当前位置:(0.0070456042885780334, 0.004325956106185913, 0.0011064723366871476)
[INFO] [1775392216.775845106] [navNode]: 状态2：Takeoff_wait--[TakeOff]
[INFO] [1775392216.776309696] [navNode]: 未到目标点
目标位置:(0.0, 0.0, 0.7)-[TakeOff]-[MCU:False]-[POS:False]
当前位置:(0.0070456042885780334, 0.004325956106185913, 0.0011064723366871476)
[INFO] [1775392216.875160990] [navNode]: 状态2：Takeoff_wait--[TakeOff]
[INFO] [1775392216.875575347] [navNode]: 未到目标点
目标位置:(0.0, 0.0, 0.7)-[TakeOff]-[MCU:False]-[POS:False]
当前位置:(0.0070456042885780334, 0.004325956106185913, 0.0011064723366871476)
[INFO] [1775392216.975955676] [navNode]: 状态2：Takeoff_wait--[TakeOff]
[INFO] [1775392216.976399348] [navNode]: 未到目标点
目标位置:(0.0, 0.0, 0.7)-[TakeOff]-[MCU:False]-[POS:False]
当前位置:(0.0070456042885780334, 0.004325956106185913, 0.0011064723366871476)
[INFO] [1775392217.075945580] [navNode]: 状态2：Takeoff_wait--[TakeOff]
[INFO] [1775392217.076561268] [navNode]: 未到目标点
目标位置:(0.0, 0.0, 0.7)-[TakeOff]-[MCU:False]-[POS:False]
当前位置:(0.0070456042885780334, 0.004325956106185913, 0.0011064723366871476)
[INFO] [1775392217.175555093] [navNode]: 状态2：Takeoff_wait--[TakeOff]
[INFO] [1775392217.176030439] [navNode]: 未到目标点
目标位置:(0.0, 0.0, 0.7)-[TakeOff]-[MCU:False]-[POS:False]
当前位置:(0.0070456042885780334, 0.004325956106185913, 0.0011064723366871476)
[INFO] [1775392217.275499670] [navNode]: 状态2：Takeoff_wait--[TakeOff]
[INFO] [1775392217.276012834] [navNode]: 未到目标点
目标位置:(0.0, 0.0, 0.7)-[TakeOff]-[MCU:False]-[POS:False]
当前位置:(0.0070456042885780334, 0.004325956106185913, 0.0011064723366871476)
[INFO] [1775392217.375415915] [navNode]: 状态2：Takeoff_wait--[TakeOff]
[INFO] [1775392217.375899550] [navNode]: 未到目标点
目标位置:(0.0, 0.0, 0.7)-[TakeOff]-[MCU:False]-[POS:False]
当前位置:(0.0070456042885780334, 0.004325956106185913, 0.0011064723366871476)
[INFO] [1775392217.476279975] [navNode]: 状态2：Takeoff_wait--[TakeOff]
[INFO] [1775392217.476820656] [navNode]: 未到目标点
目标位置:(0.0, 0.0, 0.7)-[TakeOff]-[MCU:False]-[POS:False]
当前位置:(0.0070456042885780334, 0.004325956106185913, 0.0011064723366871476)
[INFO] [1775392217.575632088] [navNode]: 状态2：Takeoff_wait--[TakeOff]
[INFO] [1775392217.576143126] [navNode]: 未到目标点
目标位置:(0.0, 0.0, 0.7)-[TakeOff]-[MCU:False]-[POS:False]
当前位置:(0.0070456042885780334, 0.004325956106185913, 0.0011064723366871476)
[INFO] [1775392217.675508459] [navNode]: 状态2：Takeoff_wait--[TakeOff]
[INFO] [1775392217.676015662] [navNode]: 未到目标点
目标位置:(0.0, 0.0, 0.7)-[TakeOff]-[MCU:False]-[POS:False]
当前位置:(0.0070456042885780334, 0.004325956106185913, 0.0011064723366871476)
[INFO] [1775392217.776007712] [navNode]: 状态2：Takeoff_wait--[TakeOff]
[INFO] [1775392217.776502385] [navNode]: 未到目标点
目标位置:(0.0, 0.0, 0.7)-[TakeOff]-[MCU:False]-[POS:False]
当前位置:(0.0070456042885780334, 0.004325956106185913, 0.0011064723366871476)
[INFO] [1775392217.875577931] [navNode]: 状态2：Takeoff_wait--[TakeOff]
[INFO] [1775392217.876289857] [navNode]: 未到目标点
目标位置:(0.0, 0.0, 0.7)-[TakeOff]-[MCU:False]-[POS:False]
当前位置:(0.0070456042885780334, 0.004325956106185913, 0.0011064723366871476)
[INFO] [1775392217.975897511] [navNode]: 状态2：Takeoff_wait--[TakeOff]
[INFO] [1775392217.976484079] [navNode]: 未到目标点
目标位置:(0.0, 0.0, 0.7)-[TakeOff]-[MCU:False]-[POS:False]
当前位置:(0.0070456042885780334, 0.004325956106185913, 0.0011064723366871476)
[INFO] [1775392218.075522202] [navNode]: 状态2：Takeoff_wait--[TakeOff]
[INFO] [1775392218.076239025] [navNode]: 未到目标点
目标位置:(0.0, 0.0, 0.7)-[TakeOff]-[MCU:False]-[POS:False]
当前位置:(0.0070456042885780334, 0.004325956106185913, 0.0011064723366871476)
[INFO] [1775392218.176065973] [navNode]: 状态2：Takeoff_wait--[TakeOff]
[INFO] [1775392218.176847023] [navNode]: 未到目标点
目标位置:(0.0, 0.0, 0.7)-[TakeOff]-[MCU:False]-[POS:False]
当前位置:(0.0070456042885780334, 0.004325956106185913, 0.0011064723366871476)
[INFO] [1775392218.275603129] [navNode]: 状态2：Takeoff_wait--[TakeOff]
[INFO] [1775392218.276226860] [navNode]: 未到目标点
目标位置:(0.0, 0.0, 0.7)-[TakeOff]-[MCU:False]-[POS:False]
当前位置:(0.0070456042885780334, 0.004325956106185913, 0.0011064723366871476)
[INFO] [1775392218.375631337] [navNode]: 状态2：Takeoff_wait--[TakeOff]
[INFO] [1775392218.376216497] [navNode]: 未到目标点
目标位置:(0.0, 0.0, 0.7)-[TakeOff]-[MCU:False]-[POS:False]
当前位置:(0.0070456042885780334, 0.004325956106185913, 0.0011064723366871476)
[INFO] [1775392218.476278699] [navNode]: 状态2：Takeoff_wait--[TakeOff]
[INFO] [1775392218.476993855] [navNode]: 未到目标点
目标位置:(0.0, 0.0, 0.7)-[TakeOff]-[MCU:False]-[POS:False]
当前位置:(0.0070456042885780334, 0.004325956106185913, 0.0011064723366871476)
[INFO] [1775392218.575531424] [navNode]: 状态2：Takeoff_wait--[TakeOff]
[INFO] [1775392218.576358069] [navNode]: 未到目标点
目标位置:(0.0, 0.0, 0.7)-[TakeOff]-[MCU:False]-[POS:False]
当前位置:(0.0070456042885780334, 0.004325956106185913, 0.0011064723366871476)
[INFO] [1775392218.677887054] [navNode]: 状态2：Takeoff_wait--[TakeOff]
[INFO] [1775392218.679474519] [navNode]: 未到目标点
目标位置:(0.0, 0.0, 0.7)-[TakeOff]-[MCU:False]-[POS:False]
当前位置:(0.0070456042885780334, 0.004325956106185913, 0.0011064723366871476)
[INFO] [1775392218.775285008] [navNode]: 状态2：Takeoff_wait--[TakeOff]
[INFO] [1775392218.776051552] [navNode]: 未到目标点
目标位置:(0.0, 0.0, 0.7)-[TakeOff]-[MCU:False]-[POS:False]
当前位置:(0.0070456042885780334, 0.004325956106185913, 0.0011064723366871476)
[INFO] [1775392218.875529827] [navNode]: 状态2：Takeoff_wait--[TakeOff]
[INFO] [1775392218.876104252] [navNode]: 未到目标点
目标位置:(0.0, 0.0, 0.7)-[TakeOff]-[MCU:False]-[POS:False]
当前位置:(0.0070456042885780334, 0.004325956106185913, 0.0011064723366871476)
[INFO] [1775392218.975799620] [navNode]: 状态2：Takeoff_wait--[TakeOff]
[INFO] [1775392218.976419675] [navNode]: 未到目标点
目标位置:(0.0, 0.0, 0.7)-[TakeOff]-[MCU:False]-[POS:False]
当前位置:(0.0070456042885780334, 0.004325956106185913, 0.0011064723366871476)
[INFO] [1775392219.076782813] [navNode]: 状态2：Takeoff_wait--[TakeOff]
[INFO] [1775392219.077307125] [navNode]: 未到目标点
目标位置:(0.0, 0.0, 0.7)-[TakeOff]-[MCU:False]-[POS:False]
当前位置:(0.0070456042885780334, 0.004325956106185913, 0.0011064723366871476)
[INFO] [1775392219.175180839] [navNode]: 状态2：Takeoff_wait--[TakeOff]
[INFO] [1775392219.175752696] [navNode]: 未到目标点
目标位置:(0.0, 0.0, 0.7)-[TakeOff]-[MCU:False]-[POS:False]
当前位置:(0.0070456042885780334, 0.004325956106185913, 0.0011064723366871476)
[INFO] [1775392219.275181360] [navNode]: 状态2：Takeoff_wait--[TakeOff]
[INFO] [1775392219.275615051] [navNode]: 未到目标点
目标位置:(0.0, 0.0, 0.7)-[TakeOff]-[MCU:False]-[POS:False]
当前位置:(0.0070456042885780334, 0.004325956106185913, 0.0011064723366871476)
[INFO] [1775392219.375650941] [navNode]: 状态2：Takeoff_wait--[TakeOff]
[INFO] [1775392219.376327927] [navNode]: 未到目标点
目标位置:(0.0, 0.0, 0.7)-[TakeOff]-[MCU:False]-[POS:False]
当前位置:(0.0070456042885780334, 0.004325956106185913, 0.0011064723366871476)
[INFO] [1775392219.475515769] [navNode]: 状态2：Takeoff_wait--[TakeOff]
[INFO] [1775392219.475998465] [navNode]: 未到目标点
目标位置:(0.0, 0.0, 0.7)-[TakeOff]-[MCU:False]-[POS:False]
当前位置:(0.0070456042885780334, 0.004325956106185913, 0.0011064723366871476)
[INFO] [1775392219.575471382] [navNode]: 状态2：Takeoff_wait--[TakeOff]
[INFO] [1775392219.575945347] [navNode]: 未到目标点
目标位置:(0.0, 0.0, 0.7)-[TakeOff]-[MCU:False]-[POS:False]
当前位置:(0.0070456042885780334, 0.004325956106185913, 0.0011064723366871476)
[INFO] [1775392219.675365199] [navNode]: 状态2：Takeoff_wait--[TakeOff]
[INFO] [1775392219.675899629] [navNode]: 未到目标点
目标位置:(0.0, 0.0, 0.7)-[TakeOff]-[MCU:False]-[POS:False]
当前位置:(0.0070456042885780334, 0.004325956106185913, 0.0011064723366871476)
[INFO] [1775392219.775446455] [navNode]: 状态2：Takeoff_wait--[TakeOff]
[INFO] [1775392219.776168616] [navNode]: 未到目标点
目标位置:(0.0, 0.0, 0.7)-[TakeOff]-[MCU:False]-[POS:False]
当前位置:(0.0070456042885780334, 0.004325956106185913, 0.0011064723366871476)
[INFO] [1775392219.875212195] [navNode]: 状态2：Takeoff_wait--[TakeOff]
[INFO] [1775392219.876208200] [navNode]: 未到目标点
目标位置:(0.0, 0.0, 0.7)-[TakeOff]-[MCU:False]-[POS:False]
当前位置:(0.0070456042885780334, 0.004325956106185913, 0.0011064723366871476)
[INFO] [1775392219.975311691] [navNode]: 状态2：Takeoff_wait--[TakeOff]
[INFO] [1775392219.976032264] [navNode]: 未到目标点
目标位置:(0.0, 0.0, 0.7)-[TakeOff]-[MCU:False]-[POS:False]
当前位置:(0.0070456042885780334, 0.004325956106185913, 0.0011064723366871476)
[INFO] [1775392220.075236083] [navNode]: 状态2：Takeoff_wait--[TakeOff]
[INFO] [1775392220.075867239] [navNode]: 未到目标点
目标位置:(0.0, 0.0, 0.7)-[TakeOff]-[MCU:False]-[POS:False]
当前位置:(0.0070456042885780334, 0.004325956106185913, 0.0011064723366871476)
[INFO] [1775392220.175414599] [navNode]: 状态2：Takeoff_wait--[TakeOff]
[INFO] [1775392220.175927420] [navNode]: 未到目标点
目标位置:(0.0, 0.0, 0.7)-[TakeOff]-[MCU:False]-[POS:False]
当前位置:(0.0070456042885780334, 0.004325956106185913, 0.0011064723366871476)
[INFO] [1775392220.275034476] [navNode]: 状态2：Takeoff_wait--[TakeOff]
[INFO] [1775392220.275487185] [navNode]: 未到目标点
目标位置:(0.0, 0.0, 0.7)-[TakeOff]-[MCU:False]-[POS:False]
当前位置:(0.0070456042885780334, 0.004325956106185913, 0.0011064723366871476)
[INFO] [1775392220.376076601] [navNode]: 状态2：Takeoff_wait--[TakeOff]
[INFO] [1775392220.376503680] [navNode]: 未到目标点
目标位置:(0.0, 0.0, 0.7)-[TakeOff]-[MCU:False]-[POS:False]
当前位置:(0.0070456042885780334, 0.004325956106185913, 0.0011064723366871476)
[INFO] [1775392220.475017834] [navNode]: 状态2：Takeoff_wait--[TakeOff]
[INFO] [1775392220.475448422] [navNode]: 未到目标点
目标位置:(0.0, 0.0, 0.7)-[TakeOff]-[MCU:False]-[POS:False]
当前位置:(0.0070456042885780334, 0.004325956106185913, 0.0011064723366871476)
[INFO] [1775392220.560557008] [navNode]: 收到来自UI的请求：scan_all
[WARN] [1775392220.561041427] [navNode]: 任务开始执行scan_all
[INFO] [1775392220.574987724] [navNode]: 状态2：Takeoff_wait--[TakeOff]
[INFO] [1775392220.575436030] [navNode]: 未到目标点
目标位置:(0.0, 0.0, 0.7)-[TakeOff]-[MCU:False]-[POS:False]
当前位置:(0.0070456042885780334, 0.004325956106185913, 0.0011064723366871476)
[INFO] [1775392220.675635900] [navNode]: 状态2：Takeoff_wait--[TakeOff]
[INFO] [1775392220.676118713] [navNode]: 未到目标点
目标位置:(0.0, 0.0, 0.7)-[TakeOff]-[MCU:False]-[POS:False]
当前位置:(0.0070456042885780334, 0.004325956106185913, 0.0011064723366871476)
[INFO] [1775392220.775478084] [navNode]: 状态2：Takeoff_wait--[TakeOff]
[INFO] [1775392220.776187063] [navNode]: 未到目标点
目标位置:(0.0, 0.0, 0.7)-[TakeOff]-[MCU:False]-[POS:False]
当前位置:(0.0070456042885780334, 0.004325956106185913, 0.0011064723366871476)
[INFO] [1775392220.875494030] [navNode]: 状态2：Takeoff_wait--[TakeOff]
[INFO] [1775392220.875953032] [navNode]: 未到目标点
目标位置:(0.0, 0.0, 0.7)-[TakeOff]-[MCU:False]-[POS:False]
当前位置:(0.0070456042885780334, 0.004325956106185913, 0.0011064723366871476)
[INFO] [1775392220.962811478] [navNode]: 收到来自UI的请求：scan_all
[WARN] [1775392220.963233852] [navNode]: 任务开始执行scan_all
[INFO] [1775392220.975296456] [navNode]: 状态2：Takeoff_wait--[TakeOff]
[INFO] [1775392220.975772981] [navNode]: 未到目标点
目标位置:(0.0, 0.0, 0.7)-[TakeOff]-[MCU:False]-[POS:False]
当前位置:(0.0070456042885780334, 0.004325956106185913, 0.0011064723366871476)
[INFO] [1775392221.075327795] [navNode]: 状态2：Takeoff_wait--[TakeOff]
[INFO] [1775392221.075834506] [navNode]: 未到目标点
目标位置:(0.0, 0.0, 0.7)-[TakeOff]-[MCU:False]-[POS:False]
当前位置:(0.0070456042885780334, 0.004325956106185913, 0.0011064723366871476)
[INFO] [1775392221.146979106] [navNode]: 收到来自UI的请求：scan_all
[WARN] [1775392221.147456947] [navNode]: 任务开始执行scan_all
[INFO] [1775392221.175472923] [navNode]: 状态2：Takeoff_wait--[TakeOff]
[INFO] [1775392221.176135349] [navNode]: 未到目标点
目标位置:(0.0, 0.0, 0.7)-[TakeOff]-[MCU:False]-[POS:False]
当前位置:(0.0070456042885780334, 0.004325956106185913, 0.0011064723366871476)
[INFO] [1775392221.275197817] [navNode]: 状态2：Takeoff_wait--[TakeOff]
[INFO] [1775392221.275720882] [navNode]: 未到目标点
目标位置:(0.0, 0.0, 0.7)-[TakeOff]-[MCU:False]-[POS:False]
当前位置:(0.0070456042885780334, 0.004325956106185913, 0.0011064723366871476)
[INFO] [1775392221.330212650] [navNode]: 收到来自UI的请求：scan_all
[WARN] [1775392221.331179666] [navNode]: 任务开始执行scan_all
[INFO] [1775392221.375239445] [navNode]: 状态2：Takeoff_wait--[TakeOff]
[INFO] [1775392221.375755118] [navNode]: 未到目标点
目标位置:(0.0, 0.0, 0.7)-[TakeOff]-[MCU:False]-[POS:False]
当前位置:(0.0070456042885780334, 0.004325956106185913, 0.0011064723366871476)
[INFO] [1775392221.475437879] [navNode]: 状态2：Takeoff_wait--[TakeOff]
[INFO] [1775392221.476067996] [navNode]: 未到目标点
目标位置:(0.0, 0.0, 0.7)-[TakeOff]-[MCU:False]-[POS:False]
当前位置:(0.0070456042885780334, 0.004325956106185913, 0.0011064723366871476)
[INFO] [1775392221.495657504] [navNode]: 收到来自UI的请求：scan_all
[WARN] [1775392221.496186888] [navNode]: 任务开始执行scan_all
[INFO] [1775392221.575497776] [navNode]: 状态2：Takeoff_wait--[TakeOff]
[INFO] [1775392221.576045791] [navNode]: 未到目标点
目标位置:(0.0, 0.0, 0.7)-[TakeOff]-[MCU:False]-[POS:False]
当前位置:(0.0070456042885780334, 0.004325956106185913, 0.0011064723366871476)
[INFO] [1775392221.671073391] [navNode]: 收到来自UI的请求：scan_all
[WARN] [1775392221.671513900] [navNode]: 任务开始执行scan_all
[INFO] [1775392221.674872787] [navNode]: 状态2：Takeoff_wait--[TakeOff]
[INFO] [1775392221.675455465] [navNode]: 未到目标点
目标位置:(0.0, 0.0, 0.7)-[TakeOff]-[MCU:False]-[POS:False]
当前位置:(0.0070456042885780334, 0.004325956106185913, 0.0011064723366871476)
[INFO] [1775392221.775492421] [navNode]: 状态2：Takeoff_wait--[TakeOff]
[INFO] [1775392221.776126844] [navNode]: 未到目标点
目标位置:(0.0, 0.0, 0.7)-[TakeOff]-[MCU:False]-[POS:False]
当前位置:(0.0070456042885780334, 0.004325956106185913, 0.0011064723366871476)
[INFO] [1775392221.855322578] [navNode]: 收到来自UI的请求：scan_all
[WARN] [1775392221.855844643] [navNode]: 任务开始执行scan_all
[INFO] [1775392221.875244735] [navNode]: 状态2：Takeoff_wait--[TakeOff]
[INFO] [1775392221.875757867] [navNode]: 未到目标点
目标位置:(0.0, 0.0, 0.7)-[TakeOff]-[MCU:False]-[POS:False]
当前位置:(0.0070456042885780334, 0.004325956106185913, 0.0011064723366871476)
[INFO] [1775392221.975137340] [navNode]: 状态2：Takeoff_wait--[TakeOff]
[INFO] [1775392221.975671362] [navNode]: 未到目标点
目标位置:(0.0, 0.0, 0.7)-[TakeOff]-[MCU:False]-[POS:False]
当前位置:(0.0070456042885780334, 0.004325956106185913, 0.0011064723366871476)
[INFO] [1775392222.021162807] [navNode]: 收到来自UI的请求：scan_all
[WARN] [1775392222.021584511] [navNode]: 任务开始执行scan_all
[INFO] [1775392222.075761029] [navNode]: 状态2：Takeoff_wait--[TakeOff]
[INFO] [1775392222.076279131] [navNode]: 未到目标点
目标位置:(0.0, 0.0, 0.7)-[TakeOff]-[MCU:False]-[POS:False]
当前位置:(0.0070456042885780334, 0.004325956106185913, 0.0011064723366871476)
[INFO] [1775392222.175503026] [navNode]: 状态2：Takeoff_wait--[TakeOff]
[INFO] [1775392222.176030481] [navNode]: 未到目标点
目标位置:(0.0, 0.0, 0.7)-[TakeOff]-[MCU:False]-[POS:False]
当前位置:(0.0070456042885780334, 0.004325956106185913, 0.0011064723366871476)
[INFO] [1775392222.276727781] [navNode]: 状态2：Takeoff_wait--[TakeOff]
[INFO] [1775392222.277300168] [navNode]: 未到目标点
目标位置:(0.0, 0.0, 0.7)-[TakeOff]-[MCU:False]-[POS:False]
当前位置:(0.0070456042885780334, 0.004325956106185913, 0.0011064723366871476)
[INFO] [1775392222.375311416] [navNode]: 状态2：Takeoff_wait--[TakeOff]
[INFO] [1775392222.375749314] [navNode]: 未到目标点
目标位置:(0.0, 0.0, 0.7)-[TakeOff]-[MCU:False]-[POS:False]
当前位置:(0.0070456042885780334, 0.004325956106185913, 0.0011064723366871476)
[INFO] [1775392222.475246303] [navNode]: 状态2：Takeoff_wait--[TakeOff]
[INFO] [1775392222.475739146] [navNode]: 未到目标点
目标位置:(0.0, 0.0, 0.7)-[TakeOff]-[MCU:False]-[POS:False]
当前位置:(0.0070456042885780334, 0.004325956106185913, 0.0011064723366871476)
[INFO] [1775392222.575370582] [navNode]: 状态2：Takeoff_wait--[TakeOff]
[INFO] [1775392222.575821533] [navNode]: 未到目标点
目标位置:(0.0, 0.0, 0.7)-[TakeOff]-[MCU:False]-[POS:False]
当前位置:(0.0070456042885780334, 0.004325956106185913, 0.0011064723366871476)
[INFO] [1775392222.675241195] [navNode]: 状态2：Takeoff_wait--[TakeOff]
[INFO] [1775392222.675735511] [navNode]: 未到目标点
目标位置:(0.0, 0.0, 0.7)-[TakeOff]-[MCU:False]-[POS:False]
当前位置:(0.0070456042885780334, 0.004325956106185913, 0.0011064723366871476)
[INFO] [1775392222.775415964] [navNode]: 状态2：Takeoff_wait--[TakeOff]
[INFO] [1775392222.775847105] [navNode]: 未到目标点
目标位置:(0.0, 0.0, 0.7)-[TakeOff]-[MCU:False]-[POS:False]
当前位置:(0.0070456042885780334, 0.004325956106185913, 0.0011064723366871476)
[INFO] [1775392222.876644135] [navNode]: 状态2：Takeoff_wait--[TakeOff]
[INFO] [1775392222.877298544] [navNode]: 未到目标点
目标位置:(0.0, 0.0, 0.7)-[TakeOff]-[MCU:False]-[POS:False]
当前位置:(0.0070456042885780334, 0.004325956106185913, 0.0011064723366871476)
[INFO] [1775392222.975441844] [navNode]: 状态2：Takeoff_wait--[TakeOff]
[INFO] [1775392222.975885338] [navNode]: 未到目标点
目标位置:(0.0, 0.0, 0.7)-[TakeOff]-[MCU:False]-[POS:False]
当前位置:(0.0070456042885780334, 0.004325956106185913, 0.0011064723366871476)
[INFO] [1775392223.075605736] [navNode]: 状态2：Takeoff_wait--[TakeOff]
[INFO] [1775392223.076117366] [navNode]: 未到目标点
目标位置:(0.0, 0.0, 0.7)-[TakeOff]-[MCU:False]-[POS:False]
当前位置:(0.0070456042885780334, 0.004325956106185913, 0.0011064723366871476)
[INFO] [1775392223.175533048] [navNode]: 状态2：Takeoff_wait--[TakeOff]
[INFO] [1775392223.175949459] [navNode]: 未到目标点
目标位置:(0.0, 0.0, 0.7)-[TakeOff]-[MCU:False]-[POS:False]
当前位置:(0.0070456042885780334, 0.004325956106185913, 0.0011064723366871476)
[INFO] [1775392223.210904843] [navNode]: 收到来自UI的请求：scan_all
[WARN] [1775392223.211341084] [navNode]: 任务开始执行scan_all
[INFO] [1775392223.275225256] [navNode]: 状态2：Takeoff_wait--[TakeOff]
[INFO] [1775392223.275738345] [navNode]: 未到目标点
目标位置:(0.0, 0.0, 0.7)-[TakeOff]-[MCU:False]-[POS:False]
当前位置:(0.0070456042885780334, 0.004325956106185913, 0.0011064723366871476)
[INFO] [1775392223.375628269] [navNode]: 状态2：Takeoff_wait--[TakeOff]
[INFO] [1775392223.376275417] [navNode]: 未到目标点
目标位置:(0.0, 0.0, 0.7)-[TakeOff]-[MCU:False]-[POS:False]
当前位置:(0.0070456042885780334, 0.004325956106185913, 0.0011064723366871476)
[INFO] [1775392223.386328924] [navNode]: 收到来自UI的请求：scan_all
[WARN] [1775392223.386787505] [navNode]: 任务开始执行scan_all
[INFO] [1775392223.475055408] [navNode]: 状态2：Takeoff_wait--[TakeOff]
[INFO] [1775392223.475525656] [navNode]: 未到目标点
目标位置:(0.0, 0.0, 0.7)-[TakeOff]-[MCU:False]-[POS:False]
当前位置:(0.0070456042885780334, 0.004325956106185913, 0.0011064723366871476)
[INFO] [1775392223.552712360] [navNode]: 收到来自UI的请求：scan_all
[WARN] [1775392223.553129166] [navNode]: 任务开始执行scan_all
[INFO] [1775392223.575425142] [navNode]: 状态2：Takeoff_wait--[TakeOff]
[INFO] [1775392223.575999264] [navNode]: 未到目标点
目标位置:(0.0, 0.0, 0.7)-[TakeOff]-[MCU:False]-[POS:False]
当前位置:(0.0070456042885780334, 0.004325956106185913, 0.0011064723366871476)
[INFO] [1775392223.675632958] [navNode]: 状态2：Takeoff_wait--[TakeOff]
[INFO] [1775392223.676078335] [navNode]: 未到目标点
目标位置:(0.0, 0.0, 0.7)-[TakeOff]-[MCU:False]-[POS:False]
当前位置:(0.0070456042885780334, 0.004325956106185913, 0.0011064723366871476)
[INFO] [1775392223.727018617] [navNode]: 收到来自UI的请求：scan_all
[WARN] [1775392223.727494701] [navNode]: 任务开始执行scan_all
[INFO] [1775392223.775196590] [navNode]: 状态2：Takeoff_wait--[TakeOff]
[INFO] [1775392223.775702195] [navNode]: 未到目标点
目标位置:(0.0, 0.0, 0.7)-[TakeOff]-[MCU:False]-[POS:False]
当前位置:(0.0070456042885780334, 0.004325956106185913, 0.0011064723366871476)
[INFO] [1775392223.875494953] [navNode]: 状态2：Takeoff_wait--[TakeOff]
[INFO] [1775392223.876094628] [navNode]: 未到目标点
目标位置:(0.0, 0.0, 0.7)-[TakeOff]-[MCU:False]-[POS:False]
当前位置:(0.0070456042885780334, 0.004325956106185913, 0.0011064723366871476)
[INFO] [1775392223.902149057] [navNode]: 收到来自UI的请求：scan_all
[WARN] [1775392223.902559951] [navNode]: 任务开始执行scan_all
[INFO] [1775392223.975129509] [navNode]: 状态2：Takeoff_wait--[TakeOff]
[INFO] [1775392223.975692155] [navNode]: 未到目标点
目标位置:(0.0, 0.0, 0.7)-[TakeOff]-[MCU:False]-[POS:False]
当前位置:(0.0070456042885780334, 0.004325956106185913, 0.0011064723366871476)
[INFO] [1775392224.075873985] [navNode]: 状态2：Takeoff_wait--[TakeOff]
[INFO] [1775392224.076406190] [navNode]: 未到目标点
目标位置:(0.0, 0.0, 0.7)-[TakeOff]-[MCU:False]-[POS:False]
当前位置:(0.0070456042885780334, 0.004325956106185913, 0.0011064723366871476)
[INFO] [1775392224.095370497] [navNode]: 收到来自UI的请求：scan_all
[WARN] [1775392224.095844419] [navNode]: 任务开始执行scan_all
[INFO] [1775392224.175878388] [navNode]: 状态2：Takeoff_wait--[TakeOff]
[INFO] [1775392224.176599774] [navNode]: 未到目标点
目标位置:(0.0, 0.0, 0.7)-[TakeOff]-[MCU:False]-[POS:False]
当前位置:(0.0070456042885780334, 0.004325956106185913, 0.0011064723366871476)
[INFO] [1775392224.261281068] [navNode]: 收到来自UI的请求：scan_all
[WARN] [1775392224.261730248] [navNode]: 任务开始执行scan_all
[INFO] [1775392224.275301922] [navNode]: 状态2：Takeoff_wait--[TakeOff]
[INFO] [1775392224.275803228] [navNode]: 未到目标点
目标位置:(0.0, 0.0, 0.7)-[TakeOff]-[MCU:False]-[POS:False]
当前位置:(0.0070456042885780334, 0.004325956106185913, 0.0011064723366871476)
[INFO] [1775392224.375395493] [navNode]: 状态2：Takeoff_wait--[TakeOff]
[INFO] [1775392224.375974475] [navNode]: 未到目标点
目标位置:(0.0, 0.0, 0.7)-[TakeOff]-[MCU:False]-[POS:False]
当前位置:(0.0070456042885780334, 0.004325956106185913, 0.0011064723366871476)
[INFO] [1775392224.436419365] [navNode]: 收到来自UI的请求：scan_all
[WARN] [1775392224.436874148] [navNode]: 任务开始执行scan_all
[INFO] [1775392224.475374223] [navNode]: 状态2：Takeoff_wait--[TakeOff]
[INFO] [1775392224.475919188] [navNode]: 未到目标点
目标位置:(0.0, 0.0, 0.7)-[TakeOff]-[MCU:False]-[POS:False]
当前位置:(0.0070456042885780334, 0.004325956106185913, 0.0011064723366871476)
[INFO] [1775392224.575500746] [navNode]: 状态2：Takeoff_wait--[TakeOff]
[INFO] [1775392224.576063683] [navNode]: 未到目标点
目标位置:(0.0, 0.0, 0.7)-[TakeOff]-[MCU:False]-[POS:False]
当前位置:(0.0070456042885780334, 0.004325956106185913, 0.0011064723366871476)
[INFO] [1775392224.675335763] [navNode]: 状态2：Takeoff_wait--[TakeOff]
[INFO] [1775392224.675765752] [navNode]: 未到目标点
目标位置:(0.0, 0.0, 0.7)-[TakeOff]-[MCU:False]-[POS:False]
当前位置:(0.0070456042885780334, 0.004325956106185913, 0.0011064723366871476)
[INFO] [1775392224.775398648] [navNode]: 状态2：Takeoff_wait--[TakeOff]
[INFO] [1775392224.775960838] [navNode]: 未到目标点
目标位置:(0.0, 0.0, 0.7)-[TakeOff]-[MCU:False]-[POS:False]
当前位置:(0.0070456042885780334, 0.004325956106185913, 0.0011064723366871476)
[INFO] [1775392224.875123107] [navNode]: 状态2：Takeoff_wait--[TakeOff]
[INFO] [1775392224.875587144] [navNode]: 未到目标点
目标位置:(0.0, 0.0, 0.7)-[TakeOff]-[MCU:False]-[POS:False]
当前位置:(0.0070456042885780334, 0.004325956106185913, 0.0011064723366871476)
[INFO] [1775392224.975257673] [navNode]: 状态2：Takeoff_wait--[TakeOff]
[INFO] [1775392224.975732916] [navNode]: 未到目标点
目标位置:(0.0, 0.0, 0.7)-[TakeOff]-[MCU:False]-[POS:False]
当前位置:(0.0070456042885780334, 0.004325956106185913, 0.0011064723366871476)
[INFO] [1775392225.075043388] [navNode]: 状态2：Takeoff_wait--[TakeOff]
[INFO] [1775392225.075480147] [navNode]: 未到目标点
目标位置:(0.0, 0.0, 0.7)-[TakeOff]-[MCU:False]-[POS:False]
当前位置:(0.0070456042885780334, 0.004325956106185913, 0.0011064723366871476)
[INFO] [1775392225.175256379] [navNode]: 状态2：Takeoff_wait--[TakeOff]
[INFO] [1775392225.175660498] [navNode]: 未到目标点
目标位置:(0.0, 0.0, 0.7)-[TakeOff]-[MCU:False]-[POS:False]
当前位置:(0.0070456042885780334, 0.004325956106185913, 0.0011064723366871476)
[INFO] [1775392225.276400416] [navNode]: 状态2：Takeoff_wait--[TakeOff]
[INFO] [1775392225.276807452] [navNode]: 未到目标点
目标位置:(0.0, 0.0, 0.7)-[TakeOff]-[MCU:False]-[POS:False]
当前位置:(0.0070456042885780334, 0.004325956106185913, 0.0011064723366871476)
[INFO] [1775392225.375263775] [navNode]: 状态2：Takeoff_wait--[TakeOff]
[INFO] [1775392225.375964229] [navNode]: 未到目标点
目标位置:(0.0, 0.0, 0.7)-[TakeOff]-[MCU:False]-[POS:False]
当前位置:(0.0070456042885780334, 0.004325956106185913, 0.0011064723366871476)
[INFO] [1775392225.475239470] [navNode]: 状态2：Takeoff_wait--[TakeOff]
[INFO] [1775392225.475634346] [navNode]: 未到目标点
目标位置:(0.0, 0.0, 0.7)-[TakeOff]-[MCU:False]-[POS:False]
当前位置:(0.0070456042885780334, 0.004325956106185913, 0.0011064723366871476)
[INFO] [1775392225.575042101] [navNode]: 状态2：Takeoff_wait--[TakeOff]
[INFO] [1775392225.575443080] [navNode]: 未到目标点
目标位置:(0.0, 0.0, 0.7)-[TakeOff]-[MCU:False]-[POS:False]
当前位置:(0.0070456042885780334, 0.004325956106185913, 0.0011064723366871476)
[INFO] [1775392225.675259365] [navNode]: 状态2：Takeoff_wait--[TakeOff]
[INFO] [1775392225.675634449] [navNode]: 未到目标点
目标位置:(0.0, 0.0, 0.7)-[TakeOff]-[MCU:False]-[POS:False]
当前位置:(0.0070456042885780334, 0.004325956106185913, 0.0011064723366871476)
[INFO] [1775392225.775040282] [navNode]: 状态2：Takeoff_wait--[TakeOff]
[INFO] [1775392225.775444500] [navNode]: 未到目标点
目标位置:(0.0, 0.0, 0.7)-[TakeOff]-[MCU:False]-[POS:False]
当前位置:(0.0070456042885780334, 0.004325956106185913, 0.0011064723366871476)
[INFO] [1775392225.875107660] [navNode]: 状态2：Takeoff_wait--[TakeOff]
[INFO] [1775392225.875481116] [navNode]: 未到目标点
目标位置:(0.0, 0.0, 0.7)-[TakeOff]-[MCU:False]-[POS:False]
当前位置:(0.0070456042885780334, 0.004325956106185913, 0.0011064723366871476)
[INFO] [1775392225.974940373] [navNode]: 状态2：Takeoff_wait--[TakeOff]
[INFO] [1775392225.975332326] [navNode]: 未到目标点
目标位置:(0.0, 0.0, 0.7)-[TakeOff]-[MCU:False]-[POS:False]
当前位置:(0.0070456042885780334, 0.004325956106185913, 0.0011064723366871476)
[INFO] [1775392226.075662596] [navNode]: 状态2：Takeoff_wait--[TakeOff]
[INFO] [1775392226.076067325] [navNode]: 未到目标点
目标位置:(0.0, 0.0, 0.7)-[TakeOff]-[MCU:False]-[POS:False]
当前位置:(0.0070456042885780334, 0.004325956106185913, 0.0011064723366871476)
[INFO] [1775392226.175974700] [navNode]: 状态2：Takeoff_wait--[TakeOff]
[INFO] [1775392226.176682293] [navNode]: 未到目标点
目标位置:(0.0, 0.0, 0.7)-[TakeOff]-[MCU:False]-[POS:False]
当前位置:(0.0070456042885780334, 0.004325956106185913, 0.0011064723366871476)
[INFO] [1775392226.274939305] [navNode]: 状态2：Takeoff_wait--[TakeOff]
[INFO] [1775392226.275335961] [navNode]: 未到目标点
目标位置:(0.0, 0.0, 0.7)-[TakeOff]-[MCU:False]-[POS:False]
当前位置:(0.0070456042885780334, 0.004325956106185913, 0.0011064723366871476)
[INFO] [1775392226.375183086] [navNode]: 状态2：Takeoff_wait--[TakeOff]
[INFO] [1775392226.375606504] [navNode]: 未到目标点
目标位置:(0.0, 0.0, 0.7)-[TakeOff]-[MCU:False]-[POS:False]
当前位置:(0.0070456042885780334, 0.004325956106185913, 0.0011064723366871476)
[INFO] [1775392226.477730161] [navNode]: 状态2：Takeoff_wait--[TakeOff]
[INFO] [1775392226.478806047] [navNode]: 未到目标点
目标位置:(0.0, 0.0, 0.7)-[TakeOff]-[MCU:False]-[POS:False]
当前位置:(0.0070456042885780334, 0.004325956106185913, 0.0011064723366871476)
[INFO] [1775392226.575819338] [navNode]: 状态2：Takeoff_wait--[TakeOff]
[INFO] [1775392226.576203159] [navNode]: 未到目标点
目标位置:(0.0, 0.0, 0.7)-[TakeOff]-[MCU:False]-[POS:False]
当前位置:(0.0070456042885780334, 0.004325956106185913, 0.0011064723366871476)
[INFO] [1775392226.675017112] [navNode]: 状态2：Takeoff_wait--[TakeOff]
[INFO] [1775392226.675520475] [navNode]: 未到目标点
目标位置:(0.0, 0.0, 0.7)-[TakeOff]-[MCU:False]-[POS:False]
当前位置:(0.0070456042885780334, 0.004325956106185913, 0.0011064723366871476)
[INFO] [1775392226.775349397] [navNode]: 状态2：Takeoff_wait--[TakeOff]
[INFO] [1775392226.775743788] [navNode]: 未到目标点
目标位置:(0.0, 0.0, 0.7)-[TakeOff]-[MCU:False]-[POS:False]
当前位置:(0.0070456042885780334, 0.004325956106185913, 0.0011064723366871476)
[INFO] [1775392226.875189885] [navNode]: 状态2：Takeoff_wait--[TakeOff]
[INFO] [1775392226.875653450] [navNode]: 未到目标点
目标位置:(0.0, 0.0, 0.7)-[TakeOff]-[MCU:False]-[POS:False]
当前位置:(0.0070456042885780334, 0.004325956106185913, 0.0011064723366871476)
[INFO] [1775392226.974997987] [navNode]: 状态2：Takeoff_wait--[TakeOff]
[INFO] [1775392226.975381330] [navNode]: 未到目标点
目标位置:(0.0, 0.0, 0.7)-[TakeOff]-[MCU:False]-[POS:False]
当前位置:(0.0070456042885780334, 0.004325956106185913, 0.0011064723366871476)
[INFO] [1775392227.075280254] [navNode]: 状态2：Takeoff_wait--[TakeOff]
[INFO] [1775392227.075830426] [navNode]: 未到目标点
目标位置:(0.0, 0.0, 0.7)-[TakeOff]-[MCU:False]-[POS:False]
当前位置:(0.0070456042885780334, 0.004325956106185913, 0.0011064723366871476)
[INFO] [1775392227.175203825] [navNode]: 状态2：Takeoff_wait--[TakeOff]
[INFO] [1775392227.175640427] [navNode]: 未到目标点
目标位置:(0.0, 0.0, 0.7)-[TakeOff]-[MCU:False]-[POS:False]
当前位置:(0.0070456042885780334, 0.004325956106185913, 0.0011064723366871476)
[INFO] [1775392227.275337520] [navNode]: 状态2：Takeoff_wait--[TakeOff]
[INFO] [1775392227.276138921] [navNode]: 未到目标点
目标位置:(0.0, 0.0, 0.7)-[TakeOff]-[MCU:False]-[POS:False]
当前位置:(0.0070456042885780334, 0.004325956106185913, 0.0011064723366871476)
[INFO] [1775392227.375364008] [navNode]: 状态2：Takeoff_wait--[TakeOff]
[INFO] [1775392227.375843028] [navNode]: 未到目标点
目标位置:(0.0, 0.0, 0.7)-[TakeOff]-[MCU:False]-[POS:False]
当前位置:(0.0070456042885780334, 0.004325956106185913, 0.0011064723366871476)
[INFO] [1775392227.475239611] [navNode]: 状态2：Takeoff_wait--[TakeOff]
[INFO] [1775392227.475695876] [navNode]: 未到目标点
目标位置:(0.0, 0.0, 0.7)-[TakeOff]-[MCU:False]-[POS:False]
当前位置:(0.0070456042885780334, 0.004325956106185913, 0.0011064723366871476)
[INFO] [1775392227.575353906] [navNode]: 状态2：Takeoff_wait--[TakeOff]
[INFO] [1775392227.575823410] [navNode]: 未到目标点
目标位置:(0.0, 0.0, 0.7)-[TakeOff]-[MCU:False]-[POS:False]
当前位置:(0.0070456042885780334, 0.004325956106185913, 0.0011064723366871476)
[INFO] [1775392227.675029855] [navNode]: 状态2：Takeoff_wait--[TakeOff]
[INFO] [1775392227.675654347] [navNode]: 未到目标点
目标位置:(0.0, 0.0, 0.7)-[TakeOff]-[MCU:False]-[POS:False]
当前位置:(0.0070456042885780334, 0.004325956106185913, 0.0011064723366871476)
[INFO] [1775392227.776183243] [navNode]: 状态2：Takeoff_wait--[TakeOff]
[INFO] [1775392227.776607015] [navNode]: 未到目标点
目标位置:(0.0, 0.0, 0.7)-[TakeOff]-[MCU:False]-[POS:False]
当前位置:(0.0070456042885780334, 0.004325956106185913, 0.0011064723366871476)
[INFO] [1775392227.876797960] [navNode]: 状态2：Takeoff_wait--[TakeOff]
[INFO] [1775392227.877662938] [navNode]: 未到目标点
目标位置:(0.0, 0.0, 0.7)-[TakeOff]-[MCU:False]-[POS:False]
当前位置:(0.0070456042885780334, 0.004325956106185913, 0.0011064723366871476)
[INFO] [1775392227.975321582] [navNode]: 状态2：Takeoff_wait--[TakeOff]
[INFO] [1775392227.975853056] [navNode]: 未到目标点
目标位置:(0.0, 0.0, 0.7)-[TakeOff]-[MCU:False]-[POS:False]
当前位置:(0.0070456042885780334, 0.004325956106185913, 0.0011064723366871476)
[INFO] [1775392228.075990741] [navNode]: 状态2：Takeoff_wait--[TakeOff]
[INFO] [1775392228.076799923] [navNode]: 未到目标点
目标位置:(0.0, 0.0, 0.7)-[TakeOff]-[MCU:False]-[POS:False]
当前位置:(0.0070456042885780334, 0.004325956106185913, 0.0011064723366871476)
[INFO] [1775392228.175579037] [navNode]: 状态2：Takeoff_wait--[TakeOff]
[INFO] [1775392228.176100191] [navNode]: 未到目标点
目标位置:(0.0, 0.0, 0.7)-[TakeOff]-[MCU:False]-[POS:False]
当前位置:(0.0070456042885780334, 0.004325956106185913, 0.0011064723366871476)
[INFO] [1775392228.275435119] [navNode]: 状态2：Takeoff_wait--[TakeOff]
[INFO] [1775392228.275933325] [navNode]: 未到目标点
目标位置:(0.0, 0.0, 0.7)-[TakeOff]-[MCU:False]-[POS:False]
当前位置:(0.0070456042885780334, 0.004325956106185913, 0.0011064723366871476)
[INFO] [1775392228.375652805] [navNode]: 状态2：Takeoff_wait--[TakeOff]
[INFO] [1775392228.376129422] [navNode]: 未到目标点
目标位置:(0.0, 0.0, 0.7)-[TakeOff]-[MCU:False]-[POS:False]
当前位置:(0.0070456042885780334, 0.004325956106185913, 0.0011064723366871476)
[INFO] [1775392228.475467203] [navNode]: 状态2：Takeoff_wait--[TakeOff]
[INFO] [1775392228.476210483] [navNode]: 未到目标点
目标位置:(0.0, 0.0, 0.7)-[TakeOff]-[MCU:False]-[POS:False]
当前位置:(0.0070456042885780334, 0.004325956106185913, 0.0011064723366871476)
[INFO] [1775392228.575275049] [navNode]: 状态2：Takeoff_wait--[TakeOff]
[INFO] [1775392228.575799895] [navNode]: 未到目标点
目标位置:(0.0, 0.0, 0.7)-[TakeOff]-[MCU:False]-[POS:False]
当前位置:(0.0070456042885780334, 0.004325956106185913, 0.0011064723366871476)
[INFO] [1775392228.675369382] [navNode]: 状态2：Takeoff_wait--[TakeOff]
[INFO] [1775392228.675888450] [navNode]: 未到目标点
目标位置:(0.0, 0.0, 0.7)-[TakeOff]-[MCU:False]-[POS:False]
当前位置:(0.0070456042885780334, 0.004325956106185913, 0.0011064723366871476)
[INFO] [1775392228.775505105] [navNode]: 状态2：Takeoff_wait--[TakeOff]
[INFO] [1775392228.776148757] [navNode]: 未到目标点
目标位置:(0.0, 0.0, 0.7)-[TakeOff]-[MCU:False]-[POS:False]
当前位置:(0.0070456042885780334, 0.004325956106185913, 0.0011064723366871476)
[INFO] [1775392228.875291721] [navNode]: 状态2：Takeoff_wait--[TakeOff]
[INFO] [1775392228.875841935] [navNode]: 未到目标点
目标位置:(0.0, 0.0, 0.7)-[TakeOff]-[MCU:False]-[POS:False]
当前位置:(0.0070456042885780334, 0.004325956106185913, 0.0011064723366871476)
[INFO] [1775392228.975145232] [navNode]: 状态2：Takeoff_wait--[TakeOff]
[INFO] [1775392228.975660145] [navNode]: 未到目标点
目标位置:(0.0, 0.0, 0.7)-[TakeOff]-[MCU:False]-[POS:False]
当前位置:(0.0070456042885780334, 0.004325956106185913, 0.0011064723366871476)
[INFO] [1775392229.075621358] [navNode]: 状态2：Takeoff_wait--[TakeOff]
[INFO] [1775392229.076133605] [navNode]: 未到目标点
目标位置:(0.0, 0.0, 0.7)-[TakeOff]-[MCU:False]-[POS:False]
当前位置:(0.0070456042885780334, 0.004325956106185913, 0.0011064723366871476)
[INFO] [1775392229.175587280] [navNode]: 状态2：Takeoff_wait--[TakeOff]
[INFO] [1775392229.176340315] [navNode]: 未到目标点
目标位置:(0.0, 0.0, 0.7)-[TakeOff]-[MCU:False]-[POS:False]
当前位置:(0.0070456042885780334, 0.004325956106185913, 0.0011064723366871476)
[INFO] [1775392229.275077986] [navNode]: 状态2：Takeoff_wait--[TakeOff]
[INFO] [1775392229.275590179] [navNode]: 未到目标点
目标位置:(0.0, 0.0, 0.7)-[TakeOff]-[MCU:False]-[POS:False]
当前位置:(0.0070456042885780334, 0.004325956106185913, 0.0011064723366871476)
[INFO] [1775392229.375173931] [navNode]: 状态2：Takeoff_wait--[TakeOff]
[INFO] [1775392229.375716258] [navNode]: 未到目标点
目标位置:(0.0, 0.0, 0.7)-[TakeOff]-[MCU:False]-[POS:False]
当前位置:(0.0070456042885780334, 0.004325956106185913, 0.0011064723366871476)
[INFO] [1775392229.474969856] [navNode]: 状态2：Takeoff_wait--[TakeOff]
[INFO] [1775392229.475535963] [navNode]: 未到目标点
目标位置:(0.0, 0.0, 0.7)-[TakeOff]-[MCU:False]-[POS:False]
当前位置:(0.0070456042885780334, 0.004325956106185913, 0.0011064723366871476)
[INFO] [1775392229.575521796] [navNode]: 状态2：Takeoff_wait--[TakeOff]
[INFO] [1775392229.575942120] [navNode]: 未到目标点
目标位置:(0.0, 0.0, 0.7)-[TakeOff]-[MCU:False]-[POS:False]
当前位置:(0.0070456042885780334, 0.004325956106185913, 0.0011064723366871476)
[INFO] [1775392229.675027064] [navNode]: 状态2：Takeoff_wait--[TakeOff]
[INFO] [1775392229.675530215] [navNode]: 未到目标点
目标位置:(0.0, 0.0, 0.7)-[TakeOff]-[MCU:False]-[POS:False]
当前位置:(0.0070456042885780334, 0.004325956106185913, 0.0011064723366871476)
[INFO] [1775392229.775408882] [navNode]: 状态2：Takeoff_wait--[TakeOff]
[INFO] [1775392229.775882512] [navNode]: 未到目标点
目标位置:(0.0, 0.0, 0.7)-[TakeOff]-[MCU:False]-[POS:False]
当前位置:(0.0070456042885780334, 0.004325956106185913, 0.0011064723366871476)
[INFO] [1775392229.875258864] [navNode]: 状态2：Takeoff_wait--[TakeOff]
[INFO] [1775392229.875747982] [navNode]: 未到目标点
目标位置:(0.0, 0.0, 0.7)-[TakeOff]-[MCU:False]-[POS:False]
当前位置:(0.0070456042885780334, 0.004325956106185913, 0.0011064723366871476)
[INFO] [1775392229.975454180] [navNode]: 状态2：Takeoff_wait--[TakeOff]
[INFO] [1775392229.975968096] [navNode]: 未到目标点
目标位置:(0.0, 0.0, 0.7)-[TakeOff]-[MCU:False]-[POS:False]
当前位置:(0.0070456042885780334, 0.004325956106185913, 0.0011064723366871476)
[INFO] [1775392230.075786481] [navNode]: 状态2：Takeoff_wait--[TakeOff]
[INFO] [1775392230.076225547] [navNode]: 未到目标点
目标位置:(0.0, 0.0, 0.7)-[TakeOff]-[MCU:False]-[POS:False]
当前位置:(0.0070456042885780334, 0.004325956106185913, 0.0011064723366871476)
[INFO] [1775392230.175471296] [navNode]: 状态2：Takeoff_wait--[TakeOff]
[INFO] [1775392230.175901275] [navNode]: 未到目标点
目标位置:(0.0, 0.0, 0.7)-[TakeOff]-[MCU:False]-[POS:False]
当前位置:(0.0070456042885780334, 0.004325956106185913, 0.0011064723366871476)
[INFO] [1775392230.275393872] [navNode]: 状态2：Takeoff_wait--[TakeOff]
[INFO] [1775392230.275802042] [navNode]: 未到目标点
目标位置:(0.0, 0.0, 0.7)-[TakeOff]-[MCU:False]-[POS:False]
当前位置:(0.0070456042885780334, 0.004325956106185913, 0.0011064723366871476)
[INFO] [1775392230.375315535] [navNode]: 状态2：Takeoff_wait--[TakeOff]
[INFO] [1775392230.375789387] [navNode]: 未到目标点
目标位置:(0.0, 0.0, 0.7)-[TakeOff]-[MCU:False]-[POS:False]
当前位置:(0.0070456042885780334, 0.004325956106185913, 0.0011064723366871476)
[INFO] [1775392230.475451159] [navNode]: 状态2：Takeoff_wait--[TakeOff]
[INFO] [1775392230.475864350] [navNode]: 未到目标点
目标位置:(0.0, 0.0, 0.7)-[TakeOff]-[MCU:False]-[POS:False]
当前位置:(0.0070456042885780334, 0.004325956106185913, 0.0011064723366871476)
[INFO] [1775392230.575344718] [navNode]: 状态2：Takeoff_wait--[TakeOff]
[INFO] [1775392230.575795496] [navNode]: 未到目标点
目标位置:(0.0, 0.0, 0.7)-[TakeOff]-[MCU:False]-[POS:False]
当前位置:(0.0070456042885780334, 0.004325956106185913, 0.0011064723366871476)
[INFO] [1775392230.675260046] [navNode]: 状态2：Takeoff_wait--[TakeOff]
[INFO] [1775392230.675707133] [navNode]: 未到目标点
目标位置:(0.0, 0.0, 0.7)-[TakeOff]-[MCU:False]-[POS:False]
当前位置:(0.0070456042885780334, 0.004325956106185913, 0.0011064723366871476)
[INFO] [1775392230.775631181] [navNode]: 状态2：Takeoff_wait--[TakeOff]
[INFO] [1775392230.776108437] [navNode]: 未到目标点
目标位置:(0.0, 0.0, 0.7)-[TakeOff]-[MCU:False]-[POS:False]
当前位置:(0.0070456042885780334, 0.004325956106185913, 0.0011064723366871476)
[INFO] [1775392230.875648170] [navNode]: 状态2：Takeoff_wait--[TakeOff]
[INFO] [1775392230.876072228] [navNode]: 未到目标点
目标位置:(0.0, 0.0, 0.7)-[TakeOff]-[MCU:False]-[POS:False]
当前位置:(0.0070456042885780334, 0.004325956106185913, 0.0011064723366871476)
[INFO] [1775392230.975280546] [navNode]: 状态2：Takeoff_wait--[TakeOff]
[INFO] [1775392230.975752617] [navNode]: 未到目标点
目标位置:(0.0, 0.0, 0.7)-[TakeOff]-[MCU:False]-[POS:False]
当前位置:(0.0070456042885780334, 0.004325956106185913, 0.0011064723366871476)
[INFO] [1775392231.075536090] [navNode]: 状态2：Takeoff_wait--[TakeOff]
[INFO] [1775392231.075981249] [navNode]: 未到目标点
目标位置:(0.0, 0.0, 0.7)-[TakeOff]-[MCU:False]-[POS:False]
当前位置:(0.0070456042885780334, 0.004325956106185913, 0.0011064723366871476)
[INFO] [1775392231.175253161] [navNode]: 状态2：Takeoff_wait--[TakeOff]
[INFO] [1775392231.175747981] [navNode]: 未到目标点
目标位置:(0.0, 0.0, 0.7)-[TakeOff]-[MCU:False]-[POS:False]
当前位置:(0.0070456042885780334, 0.004325956106185913, 0.0011064723366871476)
[INFO] [1775392231.275482391] [navNode]: 状态2：Takeoff_wait--[TakeOff]
[INFO] [1775392231.275967334] [navNode]: 未到目标点
目标位置:(0.0, 0.0, 0.7)-[TakeOff]-[MCU:False]-[POS:False]
当前位置:(0.0070456042885780334, 0.004325956106185913, 0.0011064723366871476)
[INFO] [1775392231.375210508] [navNode]: 状态2：Takeoff_wait--[TakeOff]
[INFO] [1775392231.375722845] [navNode]: 未到目标点
目标位置:(0.0, 0.0, 0.7)-[TakeOff]-[MCU:False]-[POS:False]
当前位置:(0.0070456042885780334, 0.004325956106185913, 0.0011064723366871476)
[INFO] [1775392231.475404624] [navNode]: 状态2：Takeoff_wait--[TakeOff]
[INFO] [1775392231.475945500] [navNode]: 未到目标点
目标位置:(0.0, 0.0, 0.7)-[TakeOff]-[MCU:False]-[POS:False]
当前位置:(0.0070456042885780334, 0.004325956106185913, 0.0011064723366871476)
[INFO] [1775392231.575148479] [navNode]: 状态2：Takeoff_wait--[TakeOff]
[INFO] [1775392231.575723731] [navNode]: 未到目标点
目标位置:(0.0, 0.0, 0.7)-[TakeOff]-[MCU:False]-[POS:False]
当前位置:(0.0070456042885780334, 0.004325956106185913, 0.0011064723366871476)
[INFO] [1775392231.675148702] [navNode]: 状态2：Takeoff_wait--[TakeOff]
[INFO] [1775392231.675618350] [navNode]: 未到目标点
目标位置:(0.0, 0.0, 0.7)-[TakeOff]-[MCU:False]-[POS:False]
当前位置:(0.0070456042885780334, 0.004325956106185913, 0.0011064723366871476)
[INFO] [1775392231.775173157] [navNode]: 状态2：Takeoff_wait--[TakeOff]
[INFO] [1775392231.775661912] [navNode]: 未到目标点
目标位置:(0.0, 0.0, 0.7)-[TakeOff]-[MCU:False]-[POS:False]
当前位置:(0.0070456042885780334, 0.004325956106185913, 0.0011064723366871476)
[INFO] [1775392231.875143364] [navNode]: 状态2：Takeoff_wait--[TakeOff]
[INFO] [1775392231.875594392] [navNode]: 未到目标点
目标位置:(0.0, 0.0, 0.7)-[TakeOff]-[MCU:False]-[POS:False]
当前位置:(0.0070456042885780334, 0.004325956106185913, 0.0011064723366871476)
[INFO] [1775392231.975137896] [navNode]: 状态2：Takeoff_wait--[TakeOff]
[INFO] [1775392231.975563997] [navNode]: 未到目标点
目标位置:(0.0, 0.0, 0.7)-[TakeOff]-[MCU:False]-[POS:False]
当前位置:(0.0070456042885780334, 0.004325956106185913, 0.0011064723366871476)
[INFO] [1775392232.075151124] [navNode]: 状态2：Takeoff_wait--[TakeOff]
[INFO] [1775392232.075578222] [navNode]: 未到目标点
目标位置:(0.0, 0.0, 0.7)-[TakeOff]-[MCU:False]-[POS:False]
当前位置:(0.0070456042885780334, 0.004325956106185913, 0.0011064723366871476)
[INFO] [1775392232.175387856] [navNode]: 状态2：Takeoff_wait--[TakeOff]
[INFO] [1775392232.175886973] [navNode]: 未到目标点
目标位置:(0.0, 0.0, 0.7)-[TakeOff]-[MCU:False]-[POS:False]
当前位置:(0.0070456042885780334, 0.004325956106185913, 0.0011064723366871476)
[INFO] [1775392232.275395213] [navNode]: 状态2：Takeoff_wait--[TakeOff]
[INFO] [1775392232.275890261] [navNode]: 未到目标点
目标位置:(0.0, 0.0, 0.7)-[TakeOff]-[MCU:False]-[POS:False]
当前位置:(0.0070456042885780334, 0.004325956106185913, 0.0011064723366871476)
[INFO] [1775392232.375925170] [navNode]: 状态2：Takeoff_wait--[TakeOff]
[INFO] [1775392232.376555202] [navNode]: 未到目标点
目标位置:(0.0, 0.0, 0.7)-[TakeOff]-[MCU:False]-[POS:False]
当前位置:(0.0070456042885780334, 0.004325956106185913, 0.0011064723366871476)
[INFO] [1775392232.475202137] [navNode]: 状态2：Takeoff_wait--[TakeOff]
[INFO] [1775392232.475654109] [navNode]: 未到目标点
目标位置:(0.0, 0.0, 0.7)-[TakeOff]-[MCU:False]-[POS:False]
当前位置:(0.0070456042885780334, 0.004325956106185913, 0.0011064723366871476)
[INFO] [1775392232.575786877] [navNode]: 状态2：Takeoff_wait--[TakeOff]
[INFO] [1775392232.576188735] [navNode]: 未到目标点
目标位置:(0.0, 0.0, 0.7)-[TakeOff]-[MCU:False]-[POS:False]
当前位置:(0.0070456042885780334, 0.004325956106185913, 0.0011064723366871476)
[INFO] [1775392232.675448064] [navNode]: 状态2：Takeoff_wait--[TakeOff]
[INFO] [1775392232.675893469] [navNode]: 未到目标点
目标位置:(0.0, 0.0, 0.7)-[TakeOff]-[MCU:False]-[POS:False]
当前位置:(0.0070456042885780334, 0.004325956106185913, 0.0011064723366871476)
