[INFO] [1775394743.103527172] [navNode]: paths: [
  {"x": 0.00, "y": 0.00, "z": 0.00, "label": "TakeOff", "qrcode": "", "label2": ""       , "qrcode2": "" },
  {"x": 0.00, "y": 0.00, "z": 0.10, "label": "A6"     , "qrcode": "", "label2": ""       , "qrcode2": "" },
  {"x": 0.00, "y": 0.00, "z": 0.20, "label": "A3"     , "qrcode": "", "label2": ""       , "qrcode2": "" },
  {"x":-0.25, "y": 1.25, "z": 1.20, "label": "A2"     , "qrcode": "", "label2": ""       , "qrcode2": "" },
  {"x":-0.25, "y": 1.25, "z": 0.80, "label": "A5"     , "qrcode": "", "label2": ""       , "qrcode2": "" },
  {"x":-0.25, "y": 1.75, "z": 0.80, "label": "A4"     , "qrcode": "", "label2": ""       , "qrcode2": "" },
  {"x":-0.25, "y": 1.75, "z": 1.20, "label": "A1"     , "qrcode": "", "label2": ""       , "qrcode2": "" },
  {"x":-0.25, "y": 2.00, "z": 0.70, "label": "UpSide1", "qrcode": "", "label2": ""       , "qrcode2": "" },
  {"x": 0.75, "y": 2.00, "z": 0.70, "label": "LandPos", "qrcode": "", "label2": ""       , "qrcode2": "" }
]

[INFO] [1775394743.112643691] [navNode]: 上位机导航节点启动成功
[INFO] [1775394750.608398809] [navNode]: 收到来自UI的请求：scan_all
[WARN] [1775394750.609218870] [navNode]: 任务开始执行scan_all
[INFO] [1775394750.709744593] [navNode]: 状态1：Takeoff--[TakeOff]
[INFO] [1775394750.720481051] [navNode]: takeoff 发送成功 → 飞行站已调用：takeoff服务
[INFO] [1775394750.743989156] [navNode]: MCU2 send back: Takeoffok
[INFO] [1775394750.810064271] [navNode]: 状态2：Takeoff_wait--[TakeOff]
[INFO] [1775394750.810494238] [navNode]: 已到目标点
目标位置:TakeOff:(0.0, 0.0, 0.0)-[TakeOff]-[MCU:False]-[POS:True]
当前位置:(-0.0005959296249784529, -0.0027329321019351482, -0.0033481584396213293)

[INFO] [1775394750.909875787] [navNode]: 状态3：SetAim--[TakeOff]
[INFO] [1775394750.918976471] [navNode]: G+00000+00000+00000 发送成功 → 飞行站已调用：G+00000+00000+00000服务
[INFO] [1775394750.945940223] [navNode]: MCU2 send back: +00000+00000+00000
[INFO] [1775394751.009897001] [navNode]: 状态4：WaitAim--[TakeOff]
[INFO] [1775394751.010297629] [navNode]: 已到目标点
目标位置:TakeOff:(0.0, 0.0, 0.0)-[TakeOff]-[MCU:False]-[POS:True]
当前位置:(-0.00019338243873789907, -0.002473055850714445, -0.0035177806857973337)

[INFO] [1775394751.109819676] [navNode]: 状态5：ArriveAim--[TakeOff]
[INFO] [1775394751.209627212] [navNode]: 状态3：SetAim--[TakeOff]
[INFO] [1775394751.219878937] [navNode]: G+00000+00000+01000 发送成功 → 飞行站已调用：G+00000+00000+01000服务
[INFO] [1775394751.245809994] [navNode]: MCU2 send back: +00000+00000+01000
[INFO] [1775394751.310407678] [navNode]: 状态4：WaitAim--[A6]
[INFO] [1775394751.310807282] [navNode]: 未到目标点
目标位置:(0.0, 0.0, 0.1)-[A6]-[MCU:False]-[POS:False]
当前位置:(-0.0004240975540596992, -0.002621422754600644, -0.003471692558377981)
[INFO] [1775394751.409835921] [navNode]: 状态4：WaitAim--[A6]
[INFO] [1775394751.410267718] [navNode]: 未到目标点
目标位置:(0.0, 0.0, 0.1)-[A6]-[MCU:False]-[POS:False]
当前位置:(-0.000458691269159317, -0.0026639883872121572, -0.0035185765009373426)
[INFO] [1775394751.510331788] [navNode]: 状态4：WaitAim--[A6]
[INFO] [1775394751.510777861] [navNode]: 未到目标点
目标位置:(0.0, 0.0, 0.1)-[A6]-[MCU:False]-[POS:False]
当前位置:(-0.00021455110982060432, -0.002551760757341981, -0.0037069739773869514)
[INFO] [1775394751.610365010] [navNode]: 状态4：WaitAim--[A6]
[INFO] [1775394751.610923591] [navNode]: 未到目标点
目标位置:(0.0, 0.0, 0.1)-[A6]-[MCU:False]-[POS:False]
当前位置:(-0.00038091561873443425, -0.0025430191308259964, -0.0034069272223860025)
[INFO] [1775394751.709764725] [navNode]: 状态4：WaitAim--[A6]
[INFO] [1775394751.710256471] [navNode]: 未到目标点
目标位置:(0.0, 0.0, 0.1)-[A6]-[MCU:False]-[POS:False]
当前位置:(-0.0002951772476080805, -0.0024627032689750195, -0.003476860001683235)
[INFO] [1775394751.809947199] [navNode]: 状态4：WaitAim--[A6]
[INFO] [1775394751.810474252] [navNode]: 未到目标点
目标位置:(0.0, 0.0, 0.1)-[A6]-[MCU:False]-[POS:False]
当前位置:(-0.0002681267214938998, -0.0021845626179128885, -0.003372438717633486)
[INFO] [1775394751.910379581] [navNode]: 状态4：WaitAim--[A6]
[INFO] [1775394751.910947530] [navNode]: 未到目标点
目标位置:(0.0, 0.0, 0.1)-[A6]-[MCU:False]-[POS:False]
当前位置:(-0.00025544423260726035, -0.0022808832582086325, -0.003390576457604766)
[INFO] [1775394752.010118018] [navNode]: 状态4：WaitAim--[A6]
[INFO] [1775394752.010617945] [navNode]: 未到目标点
目标位置:(0.0, 0.0, 0.1)-[A6]-[MCU:False]-[POS:False]
当前位置:(-0.00037838469143025577, -0.002435700735077262, -0.003391087520867586)
[INFO] [1775394752.110068087] [navNode]: 状态4：WaitAim--[A6]
[INFO] [1775394752.110596366] [navNode]: 未到目标点
目标位置:(0.0, 0.0, 0.1)-[A6]-[MCU:False]-[POS:False]
当前位置:(-0.0005060104886069894, -0.002437248593196273, -0.00328529323451221)
[INFO] [1775394752.210504806] [navNode]: 状态4：WaitAim--[A6]
[INFO] [1775394752.210983957] [navNode]: 未到目标点
目标位置:(0.0, 0.0, 0.1)-[A6]-[MCU:False]-[POS:False]
当前位置:(-0.0006111739785410464, -0.0021898963022977114, -0.003385610645636916)
[INFO] [1775394752.310086311] [navNode]: 状态4：WaitAim--[A6]
[INFO] [1775394752.310594317] [navNode]: 未到目标点
目标位置:(0.0, 0.0, 0.1)-[A6]-[MCU:False]-[POS:False]
当前位置:(-0.0005340638454072177, -0.0019715174566954374, -0.003239376237615943)
[INFO] [1775394752.409893764] [navNode]: 状态4：WaitAim--[A6]
[INFO] [1775394752.410335684] [navNode]: 未到目标点
目标位置:(0.0, 0.0, 0.1)-[A6]-[MCU:False]-[POS:False]
当前位置:(-0.0007866108207963407, -0.0018375610234215856, -0.0034428671933710575)
[INFO] [1775394752.509803043] [navNode]: 状态4：WaitAim--[A6]
[INFO] [1775394752.510267020] [navNode]: 未到目标点
目标位置:(0.0, 0.0, 0.1)-[A6]-[MCU:False]-[POS:False]
当前位置:(-0.0005780791398137808, -0.001992227276787162, -0.003196303267031908)
[INFO] [1775394752.609925732] [navNode]: 状态4：WaitAim--[A6]
[INFO] [1775394752.610436460] [navNode]: 未到目标点
目标位置:(0.0, 0.0, 0.1)-[A6]-[MCU:False]-[POS:False]
当前位置:(-0.00021730465232394636, -0.0021199705079197884, -0.0034218139480799437)
[INFO] [1775394752.709998631] [navNode]: 状态4：WaitAim--[A6]
[INFO] [1775394752.710469503] [navNode]: 未到目标点
目标位置:(0.0, 0.0, 0.1)-[A6]-[MCU:False]-[POS:False]
当前位置:(-0.0005204046610742807, -0.002186229219660163, -0.00318029522895813)
[INFO] [1775394752.809904638] [navNode]: 状态4：WaitAim--[A6]
[INFO] [1775394752.810576869] [navNode]: 未到目标点
目标位置:(0.0, 0.0, 0.1)-[A6]-[MCU:False]-[POS:False]
当前位置:(-0.0005471128388307989, -0.0020602194126695395, -0.003123363247141242)
[INFO] [1775394752.910255079] [navNode]: 状态4：WaitAim--[A6]
[INFO] [1775394752.910752400] [navNode]: 未到目标点
目标位置:(0.0, 0.0, 0.1)-[A6]-[MCU:False]-[POS:False]
当前位置:(-0.0007172367768362164, -0.0020008671563118696, -0.0034264170099049807)
[INFO] [1775394753.009826552] [navNode]: 状态4：WaitAim--[A6]
[INFO] [1775394753.010307962] [navNode]: 未到目标点
目标位置:(0.0, 0.0, 0.1)-[A6]-[MCU:False]-[POS:False]
当前位置:(-0.0007230927585624158, -0.0023073016200214624, -0.003379915840923786)
[INFO] [1775394753.110271055] [navNode]: 状态4：WaitAim--[A6]
[INFO] [1775394753.110772403] [navNode]: 未到目标点
目标位置:(0.0, 0.0, 0.1)-[A6]-[MCU:False]-[POS:False]
当前位置:(-0.0009566789958626032, -0.002150780288502574, -0.0031662669498473406)
[INFO] [1775394753.209724143] [navNode]: 状态4：WaitAim--[A6]
[INFO] [1775394753.210281160] [navNode]: 未到目标点
目标位置:(0.0, 0.0, 0.1)-[A6]-[MCU:False]-[POS:False]
当前位置:(-0.0009469140786677599, -0.0023475647903978825, -0.0032241877634078264)
[INFO] [1775394753.310104867] [navNode]: 状态4：WaitAim--[A6]
[INFO] [1775394753.310603372] [navNode]: 未到目标点
目标位置:(0.0, 0.0, 0.1)-[A6]-[MCU:False]-[POS:False]
当前位置:(-0.0008201494347304106, -0.0027063183952122927, -0.003360595554113388)
[INFO] [1775394753.409853586] [navNode]: 状态4：WaitAim--[A6]
[INFO] [1775394753.410397474] [navNode]: 未到目标点
目标位置:(0.0, 0.0, 0.1)-[A6]-[MCU:False]-[POS:False]
当前位置:(-0.0006331532495096326, -0.00290063233114779, -0.0033187454100698233)
[INFO] [1775394753.510778661] [navNode]: 状态4：WaitAim--[A6]
[INFO] [1775394753.511281901] [navNode]: 未到目标点
目标位置:(0.0, 0.0, 0.1)-[A6]-[MCU:False]-[POS:False]
当前位置:(-0.0012121254112571478, -0.0025409096851944923, -0.0032695396803319454)
[INFO] [1775394753.609928363] [navNode]: 状态4：WaitAim--[A6]
[INFO] [1775394753.610374677] [navNode]: 未到目标点
目标位置:(0.0, 0.0, 0.1)-[A6]-[MCU:False]-[POS:False]
当前位置:(-0.00141475151758641, -0.0023411146830767393, -0.003243400249630213)
[INFO] [1775394753.709867769] [navNode]: 状态4：WaitAim--[A6]
[INFO] [1775394753.710323530] [navNode]: 未到目标点
目标位置:(0.0, 0.0, 0.1)-[A6]-[MCU:False]-[POS:False]
当前位置:(-0.0012955938000231981, -0.002240523463115096, -0.0036491742357611656)
[INFO] [1775394753.809773654] [navNode]: 状态4：WaitAim--[A6]
[INFO] [1775394753.810276027] [navNode]: 未到目标点
目标位置:(0.0, 0.0, 0.1)-[A6]-[MCU:False]-[POS:False]
当前位置:(-0.0014422900276258588, -0.0026174159720540047, -0.0033893210347741842)
[INFO] [1775394753.839906595] [navNode]: MCU2 send back: Gdoing*
[INFO] [1775394753.909814822] [navNode]: 状态4：WaitAim--[A6]
[INFO] [1775394753.910842654] [navNode]: 未到目标点
目标位置:(0.0, 0.0, 0.1)-[A6]-[MCU:False]-[POS:False]
当前位置:(-0.0011150010395795107, -0.002665615873411298, -0.0036706910468637943)
[INFO] [1775394753.959525493] [navNode]: MCU2 send back: Gdoing*
[INFO] [1775394754.010196018] [navNode]: 状态4：WaitAim--[A6]
[INFO] [1775394754.010812835] [navNode]: 未到目标点
目标位置:(0.0, 0.0, 0.1)-[A6]-[MCU:False]-[POS:False]
当前位置:(-0.0012540039606392384, -0.0023458334617316723, -0.0032049824949353933)
[INFO] [1775394754.081896160] [navNode]: MCU2 send back: Gdoing*
[INFO] [1775394754.109811049] [navNode]: 状态4：WaitAim--[A6]
[INFO] [1775394754.110763849] [navNode]: 未到目标点
目标位置:(0.0, 0.0, 0.1)-[A6]-[MCU:False]-[POS:False]
当前位置:(-0.001338062109425664, -0.0022451207041740417, -0.003006426151841879)
[INFO] [1775394754.201414785] [navNode]: MCU2 send back: Gdoing*
[INFO] [1775394754.210723167] [navNode]: 状态4：WaitAim--[A6]
[INFO] [1775394754.211389521] [navNode]: 未到目标点
目标位置:(0.0, 0.0, 0.1)-[A6]-[MCU:False]-[POS:False]
当前位置:(-0.0013772640377283096, -0.0023436120245605707, -0.0032895728945732117)
[INFO] [1775394754.309739499] [navNode]: 状态4：WaitAim--[A6]
[INFO] [1775394754.310250213] [navNode]: 未到目标点
目标位置:(0.0, 0.0, 0.1)-[A6]-[MCU:False]-[POS:False]
当前位置:(-0.0011654420522972941, -0.002569120144471526, -0.0032470906153321266)
[INFO] [1775394754.321209227] [navNode]: MCU2 send back: Gdoing*
[INFO] [1775394754.410259578] [navNode]: 状态4：WaitAim--[A6]
[INFO] [1775394754.410952285] [navNode]: 未到目标点
目标位置:(0.0, 0.0, 0.1)-[A6]-[MCU:False]-[POS:False]
当前位置:(-0.0009672484593465924, -0.00272805686108768, -0.0034714373759925365)
[INFO] [1775394754.442396239] [navNode]: MCU2 send back: Gdoing*
[INFO] [1775394754.510626896] [navNode]: 状态4：WaitAim--[A6]
[INFO] [1775394754.511449788] [navNode]: 未到目标点
目标位置:(0.0, 0.0, 0.1)-[A6]-[MCU:False]-[POS:False]
当前位置:(-0.0009047916973941028, -0.002938833087682724, -0.0037784636951982975)
[INFO] [1775394754.561388079] [navNode]: MCU2 send back: Gdoing*
[INFO] [1775394754.609922764] [navNode]: 状态4：WaitAim--[A6]
[INFO] [1775394754.610528229] [navNode]: 未到目标点
目标位置:(0.0, 0.0, 0.1)-[A6]-[MCU:False]-[POS:False]
当前位置:(-0.0010803848272189498, -0.0023897497449070215, -0.0031862217001616955)
[INFO] [1775394754.683900446] [navNode]: MCU2 send back: Gdoing*
[INFO] [1775394754.710528851] [navNode]: 状态4：WaitAim--[A6]
[INFO] [1775394754.711248832] [navNode]: 未到目标点
目标位置:(0.0, 0.0, 0.1)-[A6]-[MCU:False]-[POS:False]
当前位置:(-0.0011403542011976242, -0.002411283552646637, -0.0033205561339855194)
[INFO] [1775394754.804050544] [navNode]: MCU2 send back: Gdoing*
[INFO] [1775394754.810190369] [navNode]: 状态4：WaitAim--[A6]
[INFO] [1775394754.810841157] [navNode]: 未到目标点
目标位置:(0.0, 0.0, 0.1)-[A6]-[MCU:False]-[POS:False]
当前位置:(-0.0009487868519499898, -0.0025285964366048574, -0.0032064293045550585)
[INFO] [1775394754.910072327] [navNode]: 状态4：WaitAim--[A6]
[INFO] [1775394754.910634336] [navNode]: 未到目标点
目标位置:(0.0, 0.0, 0.1)-[A6]-[MCU:False]-[POS:False]
当前位置:(-0.0008576080435886979, -0.002695827279239893, -0.0036434230860322714)
[INFO] [1775394754.930092026] [navNode]: MCU2 send back: Gdoing*
[INFO] [1775394755.010339692] [navNode]: 状态4：WaitAim--[A6]
[INFO] [1775394755.011021992] [navNode]: 未到目标点
目标位置:(0.0, 0.0, 0.1)-[A6]-[MCU:False]-[POS:False]
当前位置:(-0.0008865761919878423, -0.0030816441867500544, -0.003335759276524186)
[INFO] [1775394755.042542083] [navNode]: MCU2 send back: Gdoing*
[INFO] [1775394755.109956741] [navNode]: 状态4：WaitAim--[A6]
[INFO] [1775394755.110535821] [navNode]: 未到目标点
目标位置:(0.0, 0.0, 0.1)-[A6]-[MCU:False]-[POS:False]
当前位置:(-0.0012295919004827738, -0.0030763219110667706, -0.0030105363111943007)
[INFO] [1775394755.162854372] [navNode]: MCU2 send back: Gdoing*
[INFO] [1775394755.210042693] [navNode]: 状态4：WaitAim--[A6]
[INFO] [1775394755.210685108] [navNode]: 未到目标点
目标位置:(0.0, 0.0, 0.1)-[A6]-[MCU:False]-[POS:False]
当前位置:(-0.000926540931686759, -0.003058927832171321, -0.003497123485431075)
[INFO] [1775394755.283874139] [navNode]: MCU2 send back: Gdoing*
[INFO] [1775394755.310033842] [navNode]: 状态4：WaitAim--[A6]
[INFO] [1775394755.310623974] [navNode]: 未到目标点
目标位置:(0.0, 0.0, 0.1)-[A6]-[MCU:False]-[POS:False]
当前位置:(-0.0012438296107575297, -0.002617461374029517, -0.0034394869580864906)
[INFO] [1775394755.403431734] [navNode]: MCU2 send back: Gdoing*
[INFO] [1775394755.410454439] [navNode]: 状态4：WaitAim--[A6]
[INFO] [1775394755.411025001] [navNode]: 未到目标点
目标位置:(0.0, 0.0, 0.1)-[A6]-[MCU:False]-[POS:False]
当前位置:(-0.0013062236830592155, -0.002817961387336254, -0.0034419423900544643)
[INFO] [1775394755.510387954] [navNode]: 状态4：WaitAim--[A6]
[INFO] [1775394755.511273250] [navNode]: 未到目标点
目标位置:(0.0, 0.0, 0.1)-[A6]-[MCU:False]-[POS:False]
当前位置:(-0.0013620329555124044, -0.0025765399914234877, -0.0034415756817907095)
[INFO] [1775394755.523829994] [navNode]: MCU2 send back: Gdoing*
[INFO] [1775394755.610550345] [navNode]: 状态4：WaitAim--[A6]
[INFO] [1775394755.611343250] [navNode]: 未到目标点
目标位置:(0.0, 0.0, 0.1)-[A6]-[MCU:False]-[POS:False]
当前位置:(-0.0010249098995700479, -0.0024386963341385126, -0.0033724356908351183)
[INFO] [1775394755.642765545] [navNode]: MCU2 send back: Gdoing*
[INFO] [1775394755.710123262] [navNode]: 状态4：WaitAim--[A6]
[INFO] [1775394755.711098403] [navNode]: 未到目标点
目标位置:(0.0, 0.0, 0.1)-[A6]-[MCU:False]-[POS:False]
当前位置:(-0.0009656604961492121, -0.0026001413352787495, -0.003243319923058152)
[INFO] [1775394755.764682935] [navNode]: MCU2 send back: Gdoing*
[INFO] [1775394755.809971895] [navNode]: 状态4：WaitAim--[A6]
[INFO] [1775394755.810522480] [navNode]: 未到目标点
目标位置:(0.0, 0.0, 0.1)-[A6]-[MCU:False]-[POS:False]
当前位置:(-0.0009569494868628681, -0.0024072248488664627, -0.0030439242254942656)
[INFO] [1775394755.883442084] [navNode]: MCU2 send back: Gdoing*
[INFO] [1775394755.910397167] [navNode]: 状态4：WaitAim--[A6]
[INFO] [1775394755.910944914] [navNode]: 未到目标点
目标位置:(0.0, 0.0, 0.1)-[A6]-[MCU:False]-[POS:False]
当前位置:(-0.0012050903169438243, -0.0022946977987885475, -0.0032328972592949867)
[INFO] [1775394756.004358115] [navNode]: MCU2 send back: Gdoing*
[INFO] [1775394756.009890795] [navNode]: 状态4：WaitAim--[A6]
[INFO] [1775394756.010525534] [navNode]: 未到目标点
目标位置:(0.0, 0.0, 0.1)-[A6]-[MCU:False]-[POS:False]
当前位置:(-0.0015114451525732875, -0.002399261575192213, -0.0032439904753118753)
[INFO] [1775394756.110815747] [navNode]: 状态4：WaitAim--[A6]
[INFO] [1775394756.111387422] [navNode]: 未到目标点
目标位置:(0.0, 0.0, 0.1)-[A6]-[MCU:False]-[POS:False]
当前位置:(-0.001494468073360622, -0.002669262932613492, -0.0033709413837641478)
[INFO] [1775394756.124073671] [navNode]: MCU2 send back: Gdoing*
[INFO] [1775394756.210157976] [navNode]: 状态4：WaitAim--[A6]
[INFO] [1775394756.210694784] [navNode]: 未到目标点
目标位置:(0.0, 0.0, 0.1)-[A6]-[MCU:False]-[POS:False]
当前位置:(-0.0014457303332164884, -0.002604941837489605, -0.0034564470406621695)
[INFO] [1775394756.245383971] [navNode]: MCU2 send back: Gdoing*
[INFO] [1775394756.310541242] [navNode]: 状态4：WaitAim--[A6]
[INFO] [1775394756.311193994] [navNode]: 未到目标点
目标位置:(0.0, 0.0, 0.1)-[A6]-[MCU:False]-[POS:False]
当前位置:(-0.0013669298496097326, -0.002473145956173539, -0.003418051404878497)
[INFO] [1775394756.363849191] [navNode]: MCU2 send back: Gdoing*
[INFO] [1775394756.410181280] [navNode]: 状态4：WaitAim--[A6]
[INFO] [1775394756.410768981] [navNode]: 未到目标点
目标位置:(0.0, 0.0, 0.1)-[A6]-[MCU:False]-[POS:False]
当前位置:(-0.0012580401962623, -0.002304226392880082, -0.0033260942436754704)
[INFO] [1775394756.484138166] [navNode]: MCU2 send back: Gdoing*
[INFO] [1775394756.511433350] [navNode]: 状态4：WaitAim--[A6]
[INFO] [1775394756.512318784] [navNode]: 未到目标点
目标位置:(0.0, 0.0, 0.1)-[A6]-[MCU:False]-[POS:False]
当前位置:(-0.0014150704955682158, -0.0024883418809622526, -0.0028157862834632397)
[INFO] [1775394756.604685604] [navNode]: MCU2 send back: Gdoing*
[INFO] [1775394756.610712362] [navNode]: 状态4：WaitAim--[A6]
[INFO] [1775394756.611462725] [navNode]: 未到目标点
目标位置:(0.0, 0.0, 0.1)-[A6]-[MCU:False]-[POS:False]
当前位置:(-0.001402529189363122, -0.002574038691818714, -0.0030709055718034506)
[INFO] [1775394756.710011805] [navNode]: 状态4：WaitAim--[A6]
[INFO] [1775394756.710565591] [navNode]: 未到目标点
目标位置:(0.0, 0.0, 0.1)-[A6]-[MCU:False]-[POS:False]
当前位置:(-0.0015598204918205738, -0.0027768881991505623, -0.0034209704026579857)
[INFO] [1775394756.724763762] [navNode]: MCU2 send back: Gdoing*
[INFO] [1775394756.810367911] [navNode]: 状态4：WaitAim--[A6]
[INFO] [1775394756.811046148] [navNode]: 未到目标点
目标位置:(0.0, 0.0, 0.1)-[A6]-[MCU:False]-[POS:False]
当前位置:(-0.0014922221889719367, -0.002620397135615349, -0.0032669231295585632)
[INFO] [1775394756.845807591] [navNode]: MCU2 send back: Gdoing*
[INFO] [1775394756.910087875] [navNode]: 状态4：WaitAim--[A6]
[INFO] [1775394756.910811720] [navNode]: 未到目标点
目标位置:(0.0, 0.0, 0.1)-[A6]-[MCU:False]-[POS:False]
当前位置:(-0.00134510756470263, -0.0022307545877993107, -0.002965085906907916)
[INFO] [1775394756.964841714] [navNode]: MCU2 send back: Gdoing*
[INFO] [1775394757.010296586] [navNode]: 状态4：WaitAim--[A6]
[INFO] [1775394757.011284064] [navNode]: 未到目标点
目标位置:(0.0, 0.0, 0.1)-[A6]-[MCU:False]-[POS:False]
当前位置:(-0.0011386339319869876, -0.0023267457727342844, -0.002845143200829625)
[INFO] [1775394757.085199200] [navNode]: MCU2 send back: Gdoing*
[INFO] [1775394757.109999690] [navNode]: 状态4：WaitAim--[A6]
[INFO] [1775394757.110483416] [navNode]: 未到目标点
目标位置:(0.0, 0.0, 0.1)-[A6]-[MCU:False]-[POS:False]
当前位置:(-0.0014581894502043724, -0.0022254923824220896, -0.0030593734700232744)
[INFO] [1775394757.205724476] [navNode]: MCU2 send back: Gdoing*
[INFO] [1775394757.211216547] [navNode]: 状态4：WaitAim--[A6]
[INFO] [1775394757.211692251] [navNode]: 未到目标点
目标位置:(0.0, 0.0, 0.1)-[A6]-[MCU:False]-[POS:False]
当前位置:(-0.0015317762736231089, -0.002352431882172823, -0.003089834935963154)
[INFO] [1775394757.310084067] [navNode]: 状态4：WaitAim--[A6]
[INFO] [1775394757.310832709] [navNode]: 未到目标点
目标位置:(0.0, 0.0, 0.1)-[A6]-[MCU:False]-[POS:False]
当前位置:(-0.001566795282997191, -0.0026345050428062677, -0.0034463200718164444)
[INFO] [1775394757.327340382] [navNode]: MCU2 send back: Gdoing*
[INFO] [1775394757.410233802] [navNode]: 状态4：WaitAim--[A6]
[INFO] [1775394757.410904375] [navNode]: 未到目标点
目标位置:(0.0, 0.0, 0.1)-[A6]-[MCU:False]-[POS:False]
当前位置:(-0.001423135050572455, -0.002651929622516036, -0.0030675579328089952)
[INFO] [1775394757.447447883] [navNode]: MCU2 send back: Gdoing*
[INFO] [1775394757.510070485] [navNode]: 状态4：WaitAim--[A6]
[INFO] [1775394757.510559942] [navNode]: 未到目标点
目标位置:(0.0, 0.0, 0.1)-[A6]-[MCU:False]-[POS:False]
当前位置:(-0.001377252978272736, -0.0023814209271222353, -0.0031164896208792925)
[INFO] [1775394757.566141775] [navNode]: MCU2 send back: Gdoing*
[INFO] [1775394757.610227529] [navNode]: 状态4：WaitAim--[A6]
[INFO] [1775394757.610933490] [navNode]: 未到目标点
目标位置:(0.0, 0.0, 0.1)-[A6]-[MCU:False]-[POS:False]
当前位置:(-0.0015427739126607776, -0.0022090678103268147, -0.0031900801695883274)
[INFO] [1775394757.686546204] [navNode]: MCU2 send back: Gdoing*
[INFO] [1775394757.710261742] [navNode]: 状态4：WaitAim--[A6]
[INFO] [1775394757.710837541] [navNode]: 未到目标点
目标位置:(0.0, 0.0, 0.1)-[A6]-[MCU:False]-[POS:False]
当前位置:(-0.0011355633614584804, -0.0023913232143968344, -0.0033220795448869467)
[INFO] [1775394757.807720236] [navNode]: MCU2 send back: Gdoing*
[INFO] [1775394757.809471136] [navNode]: 状态4：WaitAim--[A6]
[INFO] [1775394757.809958038] [navNode]: 未到目标点
目标位置:(0.0, 0.0, 0.1)-[A6]-[MCU:False]-[POS:False]
当前位置:(-0.0011301895137876272, -0.0024871514178812504, -0.0031851620879024267)
[INFO] [1775394757.909929263] [navNode]: 状态4：WaitAim--[A6]
[INFO] [1775394757.910450460] [navNode]: 未到目标点
目标位置:(0.0, 0.0, 0.1)-[A6]-[MCU:False]-[POS:False]
当前位置:(-0.0011364449746906757, -0.0026698713190853596, -0.0031229080632328987)
[INFO] [1775394757.928402245] [navNode]: MCU2 send back: Gdoing*
[INFO] [1775394758.010887435] [navNode]: 状态4：WaitAim--[A6]
[INFO] [1775394758.011493300] [navNode]: 未到目标点
目标位置:(0.0, 0.0, 0.1)-[A6]-[MCU:False]-[POS:False]
当前位置:(-0.000960297416895628, -0.002729657804593444, -0.0031813897658139467)
[INFO] [1775394758.047942053] [navNode]: MCU2 send back: Gdoing*
[INFO] [1775394758.109986583] [navNode]: 状态4：WaitAim--[A6]
[INFO] [1775394758.110463369] [navNode]: 未到目标点
目标位置:(0.0, 0.0, 0.1)-[A6]-[MCU:False]-[POS:False]
当前位置:(-0.001059595844708383, -0.0031534594018012285, -0.0032546345610171556)
[INFO] [1775394758.166841175] [navNode]: MCU2 send back: Gdoing*
[INFO] [1775394758.210097281] [navNode]: 状态4：WaitAim--[A6]
[INFO] [1775394758.210794155] [navNode]: 未到目标点
目标位置:(0.0, 0.0, 0.1)-[A6]-[MCU:False]-[POS:False]
当前位置:(-0.0010716617107391357, -0.0026229049544781446, -0.0031718697864562273)
[INFO] [1775394758.287600371] [navNode]: MCU2 send back: Gdoing*
[INFO] [1775394758.310569775] [navNode]: 状态4：WaitAim--[A6]
[INFO] [1775394758.311138225] [navNode]: 未到目标点
目标位置:(0.0, 0.0, 0.1)-[A6]-[MCU:False]-[POS:False]
当前位置:(-0.0015874045202508569, -0.002837813226506114, -0.003228717017918825)
[INFO] [1775394758.407824277] [navNode]: MCU2 send back: Gdoing*
[INFO] [1775394758.409695746] [navNode]: 状态4：WaitAim--[A6]
[INFO] [1775394758.410244839] [navNode]: 未到目标点
目标位置:(0.0, 0.0, 0.1)-[A6]-[MCU:False]-[POS:False]
当前位置:(-0.0016273109940811992, -0.002662892220541835, -0.0032121140975505114)
[INFO] [1775394758.509736037] [navNode]: 状态4：WaitAim--[A6]
[INFO] [1775394758.510298235] [navNode]: 未到目标点
目标位置:(0.0, 0.0, 0.1)-[A6]-[MCU:False]-[POS:False]
当前位置:(-0.0014533109497278929, -0.002610692521557212, -0.00317969499155879)
[INFO] [1775394758.528026805] [navNode]: MCU2 send back: Gdoing*
[INFO] [1775394758.609880140] [navNode]: 状态4：WaitAim--[A6]
[INFO] [1775394758.610386845] [navNode]: 未到目标点
目标位置:(0.0, 0.0, 0.1)-[A6]-[MCU:False]-[POS:False]
当前位置:(-0.001251926994882524, -0.002674283692613244, -0.003136880462989211)
[INFO] [1775394758.647948218] [navNode]: MCU2 send back: Gdoing*
[INFO] [1775394758.709754971] [navNode]: 状态4：WaitAim--[A6]
[INFO] [1775394758.710290078] [navNode]: 未到目标点
目标位置:(0.0, 0.0, 0.1)-[A6]-[MCU:False]-[POS:False]
当前位置:(-0.0009279500227421522, -0.00243197288364172, -0.002856037812307477)
[INFO] [1775394758.767859677] [navNode]: MCU2 send back: Gdoing*
[INFO] [1775394758.810787812] [navNode]: 状态4：WaitAim--[A6]
[INFO] [1775394758.812146075] [navNode]: 未到目标点
目标位置:(0.0, 0.0, 0.1)-[A6]-[MCU:False]-[POS:False]
当前位置:(-0.001279684016481042, -0.00247414642944932, -0.003092230996116996)
[INFO] [1775394758.890793106] [navNode]: MCU2 send back: Gdoing*
[INFO] [1775394758.910133536] [navNode]: 状态4：WaitAim--[A6]
[INFO] [1775394758.910635016] [navNode]: 未到目标点
目标位置:(0.0, 0.0, 0.1)-[A6]-[MCU:False]-[POS:False]
当前位置:(-0.0015091163804754615, -0.002371786627918482, -0.002952434355393052)
[INFO] [1775394759.008614636] [navNode]: MCU2 send back: Gdoing*
[INFO] [1775394759.010569535] [navNode]: 状态4：WaitAim--[A6]
[INFO] [1775394759.011100324] [navNode]: 未到目标点
目标位置:(0.0, 0.0, 0.1)-[A6]-[MCU:False]-[POS:False]
当前位置:(-0.0014021566603332758, -0.002448560204356909, -0.0030376373324543238)
[INFO] [1775394759.109804165] [navNode]: 状态4：WaitAim--[A6]
[INFO] [1775394759.110264723] [navNode]: 未到目标点
目标位置:(0.0, 0.0, 0.1)-[A6]-[MCU:False]-[POS:False]
当前位置:(-0.0014921778347343206, -0.002763059688732028, -0.0030330673325806856)
[INFO] [1775394759.128925596] [navNode]: MCU2 send back: Gdoing*
[INFO] [1775394759.209693029] [navNode]: 状态4：WaitAim--[A6]
[INFO] [1775394759.210203966] [navNode]: 未到目标点
目标位置:(0.0, 0.0, 0.1)-[A6]-[MCU:False]-[POS:False]
当前位置:(-0.0014058093074709177, -0.0028780922293663025, -0.0029433434829115868)
[INFO] [1775394759.249288503] [navNode]: MCU2 send back: Gdoing*
[INFO] [1775394759.310107163] [navNode]: 状态4：WaitAim--[A6]
[INFO] [1775394759.311254216] [navNode]: 未到目标点
目标位置:(0.0, 0.0, 0.1)-[A6]-[MCU:False]-[POS:False]
当前位置:(-0.001502815168350935, -0.0026126112788915634, -0.00317549891769886)
[INFO] [1775394759.369161553] [navNode]: MCU2 send back: Gdoing*
[INFO] [1775394759.410186243] [navNode]: 状态4：WaitAim--[A6]
[INFO] [1775394759.410699307] [navNode]: 未到目标点
目标位置:(0.0, 0.0, 0.1)-[A6]-[MCU:False]-[POS:False]
当前位置:(-0.0012061893939971924, -0.002476735506206751, -0.0033604742493480444)
[INFO] [1775394759.489068326] [navNode]: MCU2 send back: Gdoing*
[INFO] [1775394759.509871982] [navNode]: 状态4：WaitAim--[A6]
[INFO] [1775394759.510358370] [navNode]: 未到目标点
目标位置:(0.0, 0.0, 0.1)-[A6]-[MCU:False]-[POS:False]
当前位置:(-0.0013220638502389193, -0.002671383321285248, -0.003216575365513563)
[INFO] [1775394759.610714632] [navNode]: 状态4：WaitAim--[A6]
[INFO] [1775394759.611200730] [navNode]: 未到目标点
目标位置:(0.0, 0.0, 0.1)-[A6]-[MCU:False]-[POS:False]
当前位置:(-0.0015650542918592691, -0.0031816959381103516, -0.003265665378421545)
[INFO] [1775394759.612327254] [navNode]: MCU2 send back: Gdoing*
[INFO] [1775394759.709801954] [navNode]: 状态4：WaitAim--[A6]
[INFO] [1775394759.710273748] [navNode]: 未到目标点
目标位置:(0.0, 0.0, 0.1)-[A6]-[MCU:False]-[POS:False]
当前位置:(-0.001736237434670329, -0.00277331518009305, -0.002871535485610366)
[INFO] [1775394759.729459440] [navNode]: MCU2 send back: Gdoing*
[INFO] [1775394759.809857817] [navNode]: 状态4：WaitAim--[A6]
[INFO] [1775394759.810431943] [navNode]: 未到目标点
目标位置:(0.0, 0.0, 0.1)-[A6]-[MCU:False]-[POS:False]
当前位置:(-0.001671532983891666, -0.0024693324230611324, -0.002981731900945306)
[INFO] [1775394759.849545184] [navNode]: MCU2 send back: Gdoing*
[INFO] [1775394759.909956801] [navNode]: 状态4：WaitAim--[A6]
[INFO] [1775394759.910548197] [navNode]: 未到目标点
目标位置:(0.0, 0.0, 0.1)-[A6]-[MCU:False]-[POS:False]
当前位置:(-0.001660002744756639, -0.0024847376625984907, -0.003296836046501994)
[INFO] [1775394759.970987198] [navNode]: MCU2 send back: Gdoing*
[INFO] [1775394760.010298116] [navNode]: 状态4：WaitAim--[A6]
[INFO] [1775394760.010890204] [navNode]: 未到目标点
目标位置:(0.0, 0.0, 0.1)-[A6]-[MCU:False]-[POS:False]
当前位置:(-0.0017491636099293828, -0.0024399692192673683, -0.003084179013967514)
[INFO] [1775394760.091419765] [navNode]: MCU2 send back: Gdoing*
[INFO] [1775394760.109894329] [navNode]: 状态4：WaitAim--[A6]
[INFO] [1775394760.110448988] [navNode]: 未到目标点
目标位置:(0.0, 0.0, 0.1)-[A6]-[MCU:False]-[POS:False]
当前位置:(-0.0019446811638772488, -0.0024996320717036724, -0.003121089655905962)
[INFO] [1775394760.209945436] [navNode]: 状态4：WaitAim--[A6]
[INFO] [1775394760.210593508] [navNode]: 未到目标点
目标位置:(0.0, 0.0, 0.1)-[A6]-[MCU:False]-[POS:False]
当前位置:(-0.001966609386727214, -0.0026680235750973225, -0.0032824911177158356)
[INFO] [1775394760.212017432] [navNode]: MCU2 send back: Gdoing*
[INFO] [1775394760.310337593] [navNode]: 状态4：WaitAim--[A6]
[INFO] [1775394760.310898785] [navNode]: 未到目标点
目标位置:(0.0, 0.0, 0.1)-[A6]-[MCU:False]-[POS:False]
当前位置:(-0.0014606935437768698, -0.0026211575604975224, -0.0037704957649111748)
[INFO] [1775394760.331845342] [navNode]: MCU2 send back: Gdoing*
[INFO] [1775394760.410178784] [navNode]: 状态4：WaitAim--[A6]
[INFO] [1775394760.410810333] [navNode]: 未到目标点
目标位置:(0.0, 0.0, 0.1)-[A6]-[MCU:False]-[POS:False]
当前位置:(-0.001618405687622726, -0.002754627028480172, -0.003279405180364847)
[INFO] [1775394760.452634248] [navNode]: MCU2 send back: Gdoing*
[INFO] [1775394760.509781795] [navNode]: 状态4：WaitAim--[A6]
[INFO] [1775394760.510284419] [navNode]: 未到目标点
目标位置:(0.0, 0.0, 0.1)-[A6]-[MCU:False]-[POS:False]
当前位置:(-0.0018900965806096792, -0.0030432972125709057, -0.002291829325258732)
[INFO] [1775394760.573375626] [navNode]: MCU2 send back: Gdoing*
[INFO] [1775394760.609849247] [navNode]: 状态4：WaitAim--[A6]
[INFO] [1775394760.610479351] [navNode]: 未到目标点
目标位置:(0.0, 0.0, 0.1)-[A6]-[MCU:False]-[POS:False]
当前位置:(-0.001468331553041935, -0.0027315744664520025, -0.002458864590153098)
[INFO] [1775394760.695129992] [navNode]: MCU2 send back: Gdoing*
[INFO] [1775394760.709834402] [navNode]: 状态4：WaitAim--[A6]
[INFO] [1775394760.710420141] [navNode]: 未到目标点
目标位置:(0.0, 0.0, 0.1)-[A6]-[MCU:False]-[POS:False]
当前位置:(-0.0016138764331117272, -0.0023147016763687134, -0.002183461794629693)
[INFO] [1775394760.809975111] [navNode]: 状态4：WaitAim--[A6]
[INFO] [1775394760.810456347] [navNode]: 未到目标点
目标位置:(0.0, 0.0, 0.1)-[A6]-[MCU:False]-[POS:False]
当前位置:(-0.0015327821020036936, -0.0021157213486731052, -0.002599787199869752)
[INFO] [1775394760.814940759] [navNode]: MCU2 send back: Gdoing*
[INFO] [1775394760.910125067] [navNode]: 状态4：WaitAim--[A6]
[INFO] [1775394760.910619287] [navNode]: 未到目标点
目标位置:(0.0, 0.0, 0.1)-[A6]-[MCU:False]-[POS:False]
当前位置:(-0.0013915541348978877, -0.002523306757211685, -0.002520992886275053)
[INFO] [1775394760.935281159] [navNode]: MCU2 send back: Gdoing*
[INFO] [1775394761.009843185] [navNode]: 状态4：WaitAim--[A6]
[INFO] [1775394761.010399774] [navNode]: 未到目标点
目标位置:(0.0, 0.0, 0.1)-[A6]-[MCU:False]-[POS:False]
当前位置:(-0.0012488049687817693, -0.0027721200603991747, -0.00228314520791173)
[INFO] [1775394761.054973659] [navNode]: MCU2 send back: Gdoing*
[INFO] [1775394761.110165758] [navNode]: 状态4：WaitAim--[A6]
[INFO] [1775394761.110647649] [navNode]: 未到目标点
目标位置:(0.0, 0.0, 0.1)-[A6]-[MCU:False]-[POS:False]
当前位置:(-0.0008827483397908509, -0.0023537876550108194, -0.002341681160032749)
[INFO] [1775394761.174532011] [navNode]: MCU2 send back: Gdoing*
[INFO] [1775394761.210188874] [navNode]: 状态4：WaitAim--[A6]
[INFO] [1775394761.210776360] [navNode]: 未到目标点
目标位置:(0.0, 0.0, 0.1)-[A6]-[MCU:False]-[POS:False]
当前位置:(-0.0008893701015040278, -0.0023920671083033085, -0.0028059950564056635)
[INFO] [1775394761.298644853] [navNode]: MCU2 send back: Gdoing*
[INFO] [1775394761.310392528] [navNode]: 状态4：WaitAim--[A6]
[INFO] [1775394761.311091132] [navNode]: 未到目标点
目标位置:(0.0, 0.0, 0.1)-[A6]-[MCU:False]-[POS:False]
当前位置:(-0.0015234554884955287, -0.002788218669593334, -0.003007830586284399)
[INFO] [1775394761.410611127] [navNode]: 状态4：WaitAim--[A6]
[INFO] [1775394761.411832365] [navNode]: 未到目标点
目标位置:(0.0, 0.0, 0.1)-[A6]-[MCU:False]-[POS:False]
当前位置:(-0.0020769741386175156, -0.00263425474986434, -0.002674878342077136)
[INFO] [1775394761.415521476] [navNode]: MCU2 send back: Gdoing*
[INFO] [1775394761.509650394] [navNode]: 状态4：WaitAim--[A6]
[INFO] [1775394761.510169162] [navNode]: 未到目标点
目标位置:(0.0, 0.0, 0.1)-[A6]-[MCU:False]-[POS:False]
当前位置:(-0.0024677682667970657, -0.0028206694405525923, -0.002790031721815467)
[INFO] [1775394761.534495187] [navNode]: MCU2 send back: Gdoing*
[INFO] [1775394761.609764681] [navNode]: 状态4：WaitAim--[A6]
[INFO] [1775394761.610269796] [navNode]: 未到目标点
目标位置:(0.0, 0.0, 0.1)-[A6]-[MCU:False]-[POS:False]
当前位置:(-0.0024054693058133125, -0.0029179067350924015, -0.002960717771202326)
[INFO] [1775394761.655183580] [navNode]: MCU2 send back: Gdoing*
[INFO] [1775394761.710151042] [navNode]: 状态4：WaitAim--[A6]
[INFO] [1775394761.710613603] [navNode]: 未到目标点
目标位置:(0.0, 0.0, 0.1)-[A6]-[MCU:False]-[POS:False]
当前位置:(-0.0012858111876994371, -0.0035121184773743153, -0.0033581156749278307)
[INFO] [1775394761.777273999] [navNode]: MCU2 send back: Gdoing*
[INFO] [1775394761.810573978] [navNode]: 状态4：WaitAim--[A6]
[INFO] [1775394761.811056278] [navNode]: 未到目标点
目标位置:(0.0, 0.0, 0.1)-[A6]-[MCU:False]-[POS:False]
当前位置:(-0.0016791170928627253, -0.0030655437149107456, -0.0025826108176261187)
[INFO] [1775394761.894980862] [navNode]: MCU2 send back: Gdoing*
[INFO] [1775394761.909921824] [navNode]: 状态4：WaitAim--[A6]
[INFO] [1775394761.910379516] [navNode]: 未到目标点
目标位置:(0.0, 0.0, 0.1)-[A6]-[MCU:False]-[POS:False]
当前位置:(-0.0005838712095282972, -0.002776264911517501, -0.0022490236442536116)
[INFO] [1775394762.009823203] [navNode]: 状态4：WaitAim--[A6]
[INFO] [1775394762.010440405] [navNode]: 未到目标点
目标位置:(0.0, 0.0, 0.1)-[A6]-[MCU:False]-[POS:False]
当前位置:(-0.0019960259087383747, -0.0024857050739228725, -0.0026256151031702757)
[INFO] [1775394762.016674616] [navNode]: MCU2 send back: Gdoing*
[INFO] [1775394762.109975526] [navNode]: 状态4：WaitAim--[A6]
[INFO] [1775394762.110426989] [navNode]: 未到目标点
目标位置:(0.0, 0.0, 0.1)-[A6]-[MCU:False]-[POS:False]
当前位置:(-0.000580919033382088, -0.0032111050095409155, -0.0020254331175237894)
[INFO] [1775394762.137095974] [navNode]: MCU2 send back: Gdoing*
[INFO] [1775394762.209819016] [navNode]: 状态4：WaitAim--[A6]
[INFO] [1775394762.210276852] [navNode]: 未到目标点
目标位置:(0.0, 0.0, 0.1)-[A6]-[MCU:False]-[POS:False]
当前位置:(-0.0002733953297138214, -0.003083529183641076, -0.0015647179679945111)
[INFO] [1775394762.257028786] [navNode]: MCU2 send back: Gdoing*
[INFO] [1775394762.309799511] [navNode]: 状态4：WaitAim--[A6]
[INFO] [1775394762.310314393] [navNode]: 未到目标点
目标位置:(0.0, 0.0, 0.1)-[A6]-[MCU:False]-[POS:False]
当前位置:(0.00017871661111712456, -0.002721862168982625, -0.002203329699113965)
[INFO] [1775394762.378157544] [navNode]: MCU2 send back: Gdoing*
[INFO] [1775394762.410189377] [navNode]: 状态4：WaitAim--[A6]
[INFO] [1775394762.410761970] [navNode]: 未到目标点
目标位置:(0.0, 0.0, 0.1)-[A6]-[MCU:False]-[POS:False]
当前位置:(-0.00016239950491581112, -0.0028755664825439453, -0.0024877351243048906)
[INFO] [1775394762.496979122] [navNode]: MCU2 send back: Gdoing*
[INFO] [1775394762.510072339] [navNode]: 状态4：WaitAim--[A6]
[INFO] [1775394762.510604236] [navNode]: 未到目标点
目标位置:(0.0, 0.0, 0.1)-[A6]-[MCU:False]-[POS:False]
当前位置:(-9.417690307600424e-05, -0.002781759947538376, -0.003128963755443692)
[INFO] [1775394762.610192191] [navNode]: 状态4：WaitAim--[A6]
[INFO] [1775394762.610680594] [navNode]: 未到目标点
目标位置:(0.0, 0.0, 0.1)-[A6]-[MCU:False]-[POS:False]
当前位置:(-0.0006197094917297363, -0.0017742958152666688, -0.003431149758398533)
[INFO] [1775394762.616736370] [navNode]: MCU2 send back: Gdoing*
[INFO] [1775394762.709900094] [navNode]: 状态4：WaitAim--[A6]
[INFO] [1775394762.710382751] [navNode]: 未到目标点
目标位置:(0.0, 0.0, 0.1)-[A6]-[MCU:False]-[POS:False]
当前位置:(-0.0013874563155695796, -0.002457612194120884, -0.002207455923780799)
[INFO] [1775394762.738268983] [navNode]: MCU2 send back: Gdoing*
[INFO] [1775394762.809702856] [navNode]: 状态4：WaitAim--[A6]
[INFO] [1775394762.810503279] [navNode]: 未到目标点
目标位置:(0.0, 0.0, 0.1)-[A6]-[MCU:False]-[POS:False]
当前位置:(-0.000969361572060734, -0.0028330988716334105, -0.0016693241195753217)
[INFO] [1775394762.856854930] [navNode]: MCU2 send back: Gdoing*
[INFO] [1775394762.909902568] [navNode]: 状态4：WaitAim--[A6]
[INFO] [1775394762.910414547] [navNode]: 未到目标点
目标位置:(0.0, 0.0, 0.1)-[A6]-[MCU:False]-[POS:False]
当前位置:(-0.0004480099305510521, -0.003286901628598571, -0.002970668952912092)
[INFO] [1775394762.979093583] [navNode]: MCU2 send back: Gdoing*
[INFO] [1775394763.010045114] [navNode]: 状态4：WaitAim--[A6]
[INFO] [1775394763.010613593] [navNode]: 未到目标点
目标位置:(0.0, 0.0, 0.1)-[A6]-[MCU:False]-[POS:False]
当前位置:(-0.0012238331837579608, -0.0034386052284389734, -0.0025564406532794237)
[INFO] [1775394763.099023304] [navNode]: MCU2 send back: Gdoing*
[INFO] [1775394763.110068603] [navNode]: 状态4：WaitAim--[A6]
[INFO] [1775394763.111104565] [navNode]: 未到目标点
目标位置:(0.0, 0.0, 0.1)-[A6]-[MCU:False]-[POS:False]
当前位置:(-0.001730127027258277, -0.004023408982902765, -0.00237203948199749)
[INFO] [1775394763.210159396] [navNode]: 状态4：WaitAim--[A6]
[INFO] [1775394763.210657925] [navNode]: 未到目标点
目标位置:(0.0, 0.0, 0.1)-[A6]-[MCU:False]-[POS:False]
当前位置:(-0.0016150821465998888, -0.002873362274840474, -0.00210960628464818)
[INFO] [1775394763.218258479] [navNode]: MCU2 send back: Gdoing*
[INFO] [1775394763.309774676] [navNode]: 状态4：WaitAim--[A6]
[INFO] [1775394763.310278410] [navNode]: 未到目标点
目标位置:(0.0, 0.0, 0.1)-[A6]-[MCU:False]-[POS:False]
当前位置:(-0.0018372281920164824, -0.003072510240599513, -0.0016966928960755467)
[INFO] [1775394763.338596006] [navNode]: MCU2 send back: Gdoing*
[INFO] [1775394763.410445980] [navNode]: 状态4：WaitAim--[A6]
[INFO] [1775394763.410997046] [navNode]: 未到目标点
目标位置:(0.0, 0.0, 0.1)-[A6]-[MCU:False]-[POS:False]
当前位置:(-0.0003085022035520524, -0.002742153126746416, -0.0025934199802577496)
[INFO] [1775394763.459191218] [navNode]: MCU2 send back: Gdoing*
[INFO] [1775394763.510008732] [navNode]: 状态4：WaitAim--[A6]
[INFO] [1775394763.510527738] [navNode]: 未到目标点
目标位置:(0.0, 0.0, 0.1)-[A6]-[MCU:False]-[POS:False]
当前位置:(9.236557525582612e-05, -0.002749477745965123, -0.0012033157981932163)
[INFO] [1775394763.580522115] [navNode]: MCU2 send back: Gdoing*
[INFO] [1775394763.609949211] [navNode]: 状态4：WaitAim--[A6]
[INFO] [1775394763.610461103] [navNode]: 未到目标点
目标位置:(0.0, 0.0, 0.1)-[A6]-[MCU:False]-[POS:False]
当前位置:(-0.0007754402467980981, -0.0027622904162853956, -0.0013913951115682721)
[INFO] [1775394763.698967876] [navNode]: MCU2 send back: Gdoing*
[INFO] [1775394763.709839940] [navNode]: 状态4：WaitAim--[A6]
[INFO] [1775394763.710416351] [navNode]: 未到目标点
目标位置:(0.0, 0.0, 0.1)-[A6]-[MCU:False]-[POS:False]
当前位置:(-0.0027688443660736084, -0.003972677513957024, -0.0010895254090428352)
[INFO] [1775394763.810072091] [navNode]: 状态4：WaitAim--[A6]
[INFO] [1775394763.810633458] [navNode]: 未到目标点
目标位置:(0.0, 0.0, 0.1)-[A6]-[MCU:False]-[POS:False]
当前位置:(-0.003272872418165207, -0.004550049547106028, -0.0016760688740760088)
[INFO] [1775394763.819624635] [navNode]: MCU2 send back: Gdoing*
[INFO] [1775394763.910728845] [navNode]: 状态4：WaitAim--[A6]
[INFO] [1775394763.911519052] [navNode]: 未到目标点
目标位置:(0.0, 0.0, 0.1)-[A6]-[MCU:False]-[POS:False]
当前位置:(-0.0018693652236834168, -0.0030841196421533823, -0.0018105142517015338)
[INFO] [1775394763.938353169] [navNode]: MCU2 send back: Gdoing*
[INFO] [1775394764.010312380] [navNode]: 状态4：WaitAim--[A6]
[INFO] [1775394764.010819381] [navNode]: 未到目标点
目标位置:(0.0, 0.0, 0.1)-[A6]-[MCU:False]-[POS:False]
当前位置:(-0.002650347538292408, -0.003533892799168825, -0.0024848536122590303)
[INFO] [1775394764.059697472] [navNode]: MCU2 send back: Gdoing*
[INFO] [1775394764.111503424] [navNode]: 状态4：WaitAim--[A6]
[INFO] [1775394764.112065210] [navNode]: 未到目标点
目标位置:(0.0, 0.0, 0.1)-[A6]-[MCU:False]-[POS:False]
当前位置:(-0.004217558540403843, -0.0037967616226524115, -0.0032367350067943335)
[INFO] [1775394764.180280765] [navNode]: MCU2 send back: Gdoing*
[INFO] [1775394764.210207927] [navNode]: 状态4：WaitAim--[A6]
[INFO] [1775394764.210921647] [navNode]: 未到目标点
目标位置:(0.0, 0.0, 0.1)-[A6]-[MCU:False]-[POS:False]
当前位置:(-0.006863184738904238, -0.005025314632803202, -0.0007875864394009113)
[INFO] [1775394764.300623711] [navNode]: MCU2 send back: Gdoing*
[INFO] [1775394764.310496841] [navNode]: 状态4：WaitAim--[A6]
[INFO] [1775394764.311097371] [navNode]: 未到目标点
目标位置:(0.0, 0.0, 0.1)-[A6]-[MCU:False]-[POS:False]
当前位置:(-0.011488783173263073, -0.006582499016076326, 0.000962225953117013)
[INFO] [1775394764.410049413] [navNode]: 状态4：WaitAim--[A6]
[INFO] [1775394764.410629432] [navNode]: 未到目标点
目标位置:(0.0, 0.0, 0.1)-[A6]-[MCU:False]-[POS:False]
当前位置:(-0.012354847975075245, -0.008631128817796707, 0.0031575302127748728)
[INFO] [1775394764.419252788] [navNode]: MCU2 send back: Gdoing*
[INFO] [1775394764.509882806] [navNode]: 状态4：WaitAim--[A6]
[INFO] [1775394764.510773210] [navNode]: 未到目标点
目标位置:(0.0, 0.0, 0.1)-[A6]-[MCU:False]-[POS:False]
当前位置:(-0.012398721650242805, -0.010716885328292847, 0.005056705325841904)
[INFO] [1775394764.539270755] [navNode]: MCU2 send back: Gdoing*
[INFO] [1775394764.610087635] [navNode]: 状态4：WaitAim--[A6]
[INFO] [1775394764.610824738] [navNode]: 未到目标点
目标位置:(0.0, 0.0, 0.1)-[A6]-[MCU:False]-[POS:False]
当前位置:(-0.00887840986251831, -0.010891653597354889, 0.005269044544547796)
[INFO] [1775394764.659268463] [navNode]: MCU2 send back: Gdoing*
[INFO] [1775394764.709902803] [navNode]: 状态4：WaitAim--[A6]
[INFO] [1775394764.710399471] [navNode]: 未到目标点
目标位置:(0.0, 0.0, 0.1)-[A6]-[MCU:False]-[POS:False]
当前位置:(-0.008215980604290962, -0.00853265542536974, 0.006496360059827566)
[INFO] [1775394764.780712384] [navNode]: MCU2 send back: Gdoing*
[INFO] [1775394764.809998109] [navNode]: 状态4：WaitAim--[A6]
[INFO] [1775394764.810539170] [navNode]: 未到目标点
目标位置:(0.0, 0.0, 0.1)-[A6]-[MCU:False]-[POS:False]
当前位置:(-0.010679895058274269, -0.00488501088693738, 0.008390296250581741)
[INFO] [1775394764.901202859] [navNode]: MCU2 send back: Gdoing*
[INFO] [1775394764.909938903] [navNode]: 状态4：WaitAim--[A6]
[INFO] [1775394764.910539210] [navNode]: 未到目标点
目标位置:(0.0, 0.0, 0.1)-[A6]-[MCU:False]-[POS:False]
当前位置:(-0.013493006117641926, -4.0850613004295155e-05, 0.012075493112206459)
[INFO] [1775394765.009817381] [navNode]: 状态4：WaitAim--[A6]
[INFO] [1775394765.010315022] [navNode]: 未到目标点
目标位置:(0.0, 0.0, 0.1)-[A6]-[MCU:False]-[POS:False]
当前位置:(-0.009026679210364819, -0.001531442510895431, 0.015876958146691322)
[INFO] [1775394765.021221628] [navNode]: MCU2 send back: Gdoing*
[INFO] [1775394765.109763501] [navNode]: 状态4：WaitAim--[A6]
[INFO] [1775394765.110301529] [navNode]: 未到目标点
目标位置:(0.0, 0.0, 0.1)-[A6]-[MCU:False]-[POS:False]
当前位置:(-0.005292792804539204, -0.002621668390929699, 0.019807536154985428)
[INFO] [1775394765.141049146] [navNode]: MCU2 send back: Gdoing*
[INFO] [1775394765.209796488] [navNode]: 状态4：WaitAim--[A6]
[INFO] [1775394765.210313952] [navNode]: 未到目标点
目标位置:(0.0, 0.0, 0.1)-[A6]-[MCU:False]-[POS:False]
当前位置:(-0.005830111913383007, -0.002009136136621237, 0.02128671295940876)
[INFO] [1775394765.260519916] [navNode]: MCU2 send back: Gdoing*
[INFO] [1775394765.309894050] [navNode]: 状态4：WaitAim--[A6]
[INFO] [1775394765.310488344] [navNode]: 未到目标点
目标位置:(0.0, 0.0, 0.1)-[A6]-[MCU:False]-[POS:False]
当前位置:(-0.007835806347429752, -0.003148130141198635, 0.022016223520040512)
[INFO] [1775394765.381569135] [navNode]: MCU2 send back: Gdoing*
[INFO] [1775394765.409944712] [navNode]: 状态4：WaitAim--[A6]
[INFO] [1775394765.410949689] [navNode]: 未到目标点
目标位置:(0.0, 0.0, 0.1)-[A6]-[MCU:False]-[POS:False]
当前位置:(-0.00887847226113081, -0.008930117823183537, 0.027079438790678978)
[INFO] [1775394765.501745813] [navNode]: MCU2 send back: Gdone*
[INFO] [1775394765.502187529] [navNode]: mcu:已到目标点-[A6]
[INFO] [1775394765.510005946] [navNode]: 状态4：WaitAim--[A6]
[INFO] [1775394765.510548494] [navNode]: 已到目标点
目标位置:A6:(0.0, 0.0, 0.1)-[A6]-[MCU:True]-[POS:False]
当前位置:(-0.009338266216218472, -0.012451190501451492, 0.03341026231646538)

[INFO] [1775394765.610481248] [navNode]: 状态5：ArriveAim--[A6]
[INFO] [1775394765.710516932] [navNode]: 状态6：Delay--[A6]
[INFO] [1775394765.810133329] [navNode]: 状态6：Delay--[A6]
[INFO] [1775394765.910283208] [navNode]: 状态6：Delay--[A6]
[INFO] [1775394765.981497709] [navNode]: MCU2 send back: Gdone*
[INFO] [1775394765.981909565] [navNode]: mcu:已到目标点-[A6]
[INFO] [1775394766.010005711] [navNode]: 状态6：Delay--[A6]
[INFO] [1775394766.111108391] [navNode]: 状态6：Delay--[A6]
[INFO] [1775394766.209786242] [navNode]: 状态6：Delay--[A6]
[INFO] [1775394766.310698811] [navNode]: 状态6：Delay--[A6]
[INFO] [1775394766.409652181] [navNode]: 状态6：Delay--[A6]
[INFO] [1775394766.509491773] [navNode]: 状态6：Delay--[A6]
[INFO] [1775394766.609789206] [navNode]: 状态6：Delay--[A6]
[INFO] [1775394766.710300955] [navNode]: 状态6：Delay--[A6]
[INFO] [1775394766.810246170] [navNode]: 状态6：Delay--[A6]
[INFO] [1775394766.910065890] [navNode]: 状态6：Delay--[A6]
[INFO] [1775394767.003375868] [navNode]: MCU2 send back: Gdone*
[INFO] [1775394767.003773289] [navNode]: mcu:已到目标点-[A6]
[INFO] [1775394767.009903676] [navNode]: 状态6：Delay--[A6]
[INFO] [1775394767.110574838] [navNode]: 状态6：Delay--[A6]
[INFO] [1775394767.209610486] [navNode]: 状态6：Delay--[A6]
[INFO] [1775394767.310034293] [navNode]: 状态6：Delay--[A6]
[INFO] [1775394767.409781459] [navNode]: 状态6：Delay--[A6]
[INFO] [1775394767.509988300] [navNode]: 状态6：Delay--[A6]
[INFO] [1775394767.610169330] [navNode]: 状态6：Delay--[A6]
[INFO] [1775394767.710807235] [navNode]: 状态6：Delay--[A6]
[INFO] [1775394767.712282016] [navNode]: 延时结束,QR识别结果:前，后
[INFO] [1775394767.811658027] [navNode]: 状态6：Delay--[A6]
[INFO] [1775394767.909954496] [navNode]: 状态3：SetAim--[A6]
[INFO] [1775394767.922285080] [navNode]: G+00000+00000+02000 发送成功 → 飞行站已调用：G+00000+00000+02000服务
[INFO] [1775394767.949250489] [navNode]: MCU2 send back: +00000+00000+02000
[INFO] [1775394768.010017942] [navNode]: 状态4：WaitAim--[A3]
[INFO] [1775394768.010556491] [navNode]: 未到目标点
目标位置:(0.0, 0.0, 0.2)-[A3]-[MCU:False]-[POS:False]
当前位置:(-0.003501301631331444, -0.004401523619890213, 0.07180432230234146)
[INFO] [1775394768.044843420] [navNode]: MCU2 send back: Gdoing*
[INFO] [1775394768.109798073] [navNode]: 状态4：WaitAim--[A3]
[INFO] [1775394768.110357458] [navNode]: 未到目标点
目标位置:(0.0, 0.0, 0.2)-[A3]-[MCU:False]-[POS:False]
当前位置:(-0.0019001216860488057, -0.00289175589568913, 0.07307906448841095)
[INFO] [1775394768.165583858] [navNode]: MCU2 send back: Gdoing*
[INFO] [1775394768.210006293] [navNode]: 状态4：WaitAim--[A3]
[INFO] [1775394768.210602838] [navNode]: 未到目标点
目标位置:(0.0, 0.0, 0.2)-[A3]-[MCU:False]-[POS:False]
当前位置:(-0.0022391057573258877, -0.0007685319287702441, 0.07426836341619492)
[INFO] [1775394768.284815406] [navNode]: MCU2 send back: Gdoing*
[INFO] [1775394768.310251347] [navNode]: 状态4：WaitAim--[A3]
[INFO] [1775394768.311325768] [navNode]: 未到目标点
目标位置:(0.0, 0.0, 0.2)-[A3]-[MCU:False]-[POS:False]
当前位置:(-0.0029613948427140713, -0.000510641373693943, 0.07660479843616486)
[INFO] [1775394768.404496431] [navNode]: MCU2 send back: Gdoing*
[INFO] [1775394768.409910407] [navNode]: 状态4：WaitAim--[A3]
[INFO] [1775394768.410519459] [navNode]: 未到目标点
目标位置:(0.0, 0.0, 0.2)-[A3]-[MCU:False]-[POS:False]
当前位置:(-0.004235466942191124, -8.345934475073591e-06, 0.0761740431189537)
[INFO] [1775394768.509866578] [navNode]: 状态4：WaitAim--[A3]
[INFO] [1775394768.510442521] [navNode]: 未到目标点
目标位置:(0.0, 0.0, 0.2)-[A3]-[MCU:False]-[POS:False]
当前位置:(-0.004248493351042271, 1.8319396986044012e-05, 0.07705168426036835)
[INFO] [1775394768.525043260] [navNode]: MCU2 send back: Gdoing*
[INFO] [1775394768.609894942] [navNode]: 状态4：WaitAim--[A3]
[INFO] [1775394768.610385834] [navNode]: 未到目标点
目标位置:(0.0, 0.0, 0.2)-[A3]-[MCU:False]-[POS:False]
当前位置:(-0.005626106634736061, 0.0010162804974243045, 0.07714419811964035)
[INFO] [1775394768.646622111] [navNode]: MCU2 send back: Gdoing*
[INFO] [1775394768.709899312] [navNode]: 状态4：WaitAim--[A3]
[INFO] [1775394768.710446840] [navNode]: 未到目标点
目标位置:(0.0, 0.0, 0.2)-[A3]-[MCU:False]-[POS:False]
当前位置:(-0.007361939642578363, 0.0008272106642834842, 0.07891581207513809)
[INFO] [1775394768.765821406] [navNode]: MCU2 send back: Gdoing*
[INFO] [1775394768.810088658] [navNode]: 状态4：WaitAim--[A3]
[INFO] [1775394768.810738829] [navNode]: 未到目标点
目标位置:(0.0, 0.0, 0.2)-[A3]-[MCU:False]-[POS:False]
当前位置:(-0.006242699455469847, 0.0018133551348000765, 0.07973697036504745)
[INFO] [1775394768.886408040] [navNode]: MCU2 send back: Gdoing*
[INFO] [1775394768.909881862] [navNode]: 状态4：WaitAim--[A3]
[INFO] [1775394768.910453823] [navNode]: 未到目标点
目标位置:(0.0, 0.0, 0.2)-[A3]-[MCU:False]-[POS:False]
当前位置:(-0.005788121372461319, 0.0034988527186214924, 0.0800243616104126)
[INFO] [1775394769.006407284] [navNode]: MCU2 send back: Gdoing*
[INFO] [1775394769.009616357] [navNode]: 状态4：WaitAim--[A3]
[INFO] [1775394769.010098490] [navNode]: 未到目标点
目标位置:(0.0, 0.0, 0.2)-[A3]-[MCU:False]-[POS:False]
当前位置:(-0.0059463512152433395, 0.004285397008061409, 0.08048591762781143)
[INFO] [1775394769.109935584] [navNode]: 状态4：WaitAim--[A3]
[INFO] [1775394769.110460482] [navNode]: 未到目标点
目标位置:(0.0, 0.0, 0.2)-[A3]-[MCU:False]-[POS:False]
当前位置:(-0.007514903321862221, 0.00271914666518569, 0.08202125132083893)
[INFO] [1775394769.125575743] [navNode]: MCU2 send back: Gdoing*
[INFO] [1775394769.210569720] [navNode]: 状态4：WaitAim--[A3]
[INFO] [1775394769.211068339] [navNode]: 未到目标点
目标位置:(0.0, 0.0, 0.2)-[A3]-[MCU:False]-[POS:False]
当前位置:(-0.008376983925700188, 0.0024648993276059628, 0.08005445450544357)
[INFO] [1775394769.245682495] [navNode]: MCU2 send back: Gdoing*
[INFO] [1775394769.310393743] [navNode]: 状态4：WaitAim--[A3]
[INFO] [1775394769.310865285] [navNode]: 未到目标点
目标位置:(0.0, 0.0, 0.2)-[A3]-[MCU:False]-[POS:False]
当前位置:(-0.007423528004437685, 0.0013080640928819776, 0.07911690324544907)
[INFO] [1775394769.368389007] [navNode]: MCU2 send back: Gdoing*
[INFO] [1775394769.410143373] [navNode]: 状态4：WaitAim--[A3]
[INFO] [1775394769.410655069] [navNode]: 未到目标点
目标位置:(0.0, 0.0, 0.2)-[A3]-[MCU:False]-[POS:False]
当前位置:(-0.006283781491219997, -0.00013964707613922656, 0.08071817457675934)
[INFO] [1775394769.486456086] [navNode]: MCU2 send back: Gdoing*
[INFO] [1775394769.510141661] [navNode]: 状态4：WaitAim--[A3]
[INFO] [1775394769.510763518] [navNode]: 未到目标点
目标位置:(0.0, 0.0, 0.2)-[A3]-[MCU:False]-[POS:False]
当前位置:(-0.00855922605842352, -0.00039484529406763613, 0.081157386302948)
[INFO] [1775394769.607151751] [navNode]: MCU2 send back: Gdoing*
[INFO] [1775394769.609756091] [navNode]: 状态4：WaitAim--[A3]
[INFO] [1775394769.610178720] [navNode]: 未到目标点
目标位置:(0.0, 0.0, 0.2)-[A3]-[MCU:False]-[POS:False]
当前位置:(-0.010821588337421417, -0.000696365546900779, 0.08052223920822144)
[INFO] [1775394769.710039734] [navNode]: 状态4：WaitAim--[A3]
[INFO] [1775394769.710501232] [navNode]: 未到目标点
目标位置:(0.0, 0.0, 0.2)-[A3]-[MCU:False]-[POS:False]
当前位置:(-0.012600473128259182, -0.003071628976613283, 0.0800175741314888)
[INFO] [1775394769.726902148] [navNode]: MCU2 send back: Gdoing*
[INFO] [1775394769.810626348] [navNode]: 状态4：WaitAim--[A3]
[INFO] [1775394769.811169375] [navNode]: 未到目标点
目标位置:(0.0, 0.0, 0.2)-[A3]-[MCU:False]-[POS:False]
当前位置:(-0.01209205947816372, -0.004795379005372524, 0.07972656190395355)
[INFO] [1775394769.847282070] [navNode]: MCU2 send back: Gdoing*
[INFO] [1775394769.909941623] [navNode]: 状态4：WaitAim--[A3]
[INFO] [1775394769.910417517] [navNode]: 未到目标点
目标位置:(0.0, 0.0, 0.2)-[A3]-[MCU:False]-[POS:False]
当前位置:(-0.011691130697727203, -0.00483999727293849, 0.08013854920864105)
[INFO] [1775394769.967798110] [navNode]: MCU2 send back: Gdoing*
[INFO] [1775394770.009986977] [navNode]: 状态4：WaitAim--[A3]
[INFO] [1775394770.010518444] [navNode]: 未到目标点
目标位置:(0.0, 0.0, 0.2)-[A3]-[MCU:False]-[POS:False]
当前位置:(-0.009247632697224617, -0.001250231172889471, 0.08107438683509827)
[INFO] [1775394770.088412876] [navNode]: MCU2 send back: Gdoing*
[INFO] [1775394770.110628054] [navNode]: 状态4：WaitAim--[A3]
[INFO] [1775394770.111208123] [navNode]: 未到目标点
目标位置:(0.0, 0.0, 0.2)-[A3]-[MCU:False]-[POS:False]
当前位置:(-0.006821909453719854, 0.000496889348141849, 0.08403593301773071)
[INFO] [1775394770.207568950] [navNode]: MCU2 send back: Gdoing*
[INFO] [1775394770.209918088] [navNode]: 状态4：WaitAim--[A3]
[INFO] [1775394770.210400180] [navNode]: 未到目标点
目标位置:(0.0, 0.0, 0.2)-[A3]-[MCU:False]-[POS:False]
当前位置:(-0.007584248669445515, 0.0009847304318100214, 0.08609753847122192)
[INFO] [1775394770.310057038] [navNode]: 状态4：WaitAim--[A3]
[INFO] [1775394770.310481740] [navNode]: 未到目标点
目标位置:(0.0, 0.0, 0.2)-[A3]-[MCU:False]-[POS:False]
当前位置:(-0.009634709917008877, 0.0008717888849787414, 0.08640041202306747)
[INFO] [1775394770.328860399] [navNode]: MCU2 send back: Gdoing*
[INFO] [1775394770.409863559] [navNode]: 状态4：WaitAim--[A3]
[INFO] [1775394770.410318655] [navNode]: 未到目标点
目标位置:(0.0, 0.0, 0.2)-[A3]-[MCU:False]-[POS:False]
当前位置:(-0.00852174125611782, 0.0017799932975322008, 0.08716107904911041)
[INFO] [1775394770.448278098] [navNode]: MCU2 send back: Gdoing*
[INFO] [1775394770.510151743] [navNode]: 状态4：WaitAim--[A3]
[INFO] [1775394770.510989550] [navNode]: 未到目标点
目标位置:(0.0, 0.0, 0.2)-[A3]-[MCU:False]-[POS:False]
当前位置:(-0.00927733164280653, 0.0022367469500750303, 0.08600130677223206)
[INFO] [1775394770.569042419] [navNode]: MCU2 send back: Gdoing*
[INFO] [1775394770.610386956] [navNode]: 状态4：WaitAim--[A3]
[INFO] [1775394770.610984411] [navNode]: 未到目标点
目标位置:(0.0, 0.0, 0.2)-[A3]-[MCU:False]-[POS:False]
当前位置:(-0.008718874305486679, 0.0021531591191887856, 0.08779299259185791)
[INFO] [1775394770.688529085] [navNode]: MCU2 send back: Gdoing*
[INFO] [1775394770.710257285] [navNode]: 状态4：WaitAim--[A3]
[INFO] [1775394770.710780993] [navNode]: 未到目标点
目标位置:(0.0, 0.0, 0.2)-[A3]-[MCU:False]-[POS:False]
当前位置:(-0.009312658570706844, 0.001912809326313436, 0.08990806341171265)
[INFO] [1775394770.809624399] [navNode]: MCU2 send back: Gdoing*
[INFO] [1775394770.810876851] [navNode]: 状态4：WaitAim--[A3]
[INFO] [1775394770.811338197] [navNode]: 未到目标点
目标位置:(0.0, 0.0, 0.2)-[A3]-[MCU:False]-[POS:False]
当前位置:(-0.010501069016754627, 0.0019920282065868378, 0.09133300185203552)
[INFO] [1775394770.910247369] [navNode]: 状态4：WaitAim--[A3]
[INFO] [1775394770.910742965] [navNode]: 未到目标点
目标位置:(0.0, 0.0, 0.2)-[A3]-[MCU:False]-[POS:False]
当前位置:(-0.010326085612177849, 0.00243378896266222, 0.09534130990505219)
[INFO] [1775394770.929522988] [navNode]: MCU2 send back: Gdoing*
[INFO] [1775394771.009891349] [navNode]: 状态4：WaitAim--[A3]
[INFO] [1775394771.011171102] [navNode]: 未到目标点
目标位置:(0.0, 0.0, 0.2)-[A3]-[MCU:False]-[POS:False]
当前位置:(-0.010105916298925877, 0.0025317207910120487, 0.10236872732639313)
[INFO] [1775394771.049948739] [navNode]: MCU2 send back: Gdoing*
[INFO] [1775394771.109839731] [navNode]: 状态4：WaitAim--[A3]
[INFO] [1775394771.111408236] [navNode]: 未到目标点
目标位置:(0.0, 0.0, 0.2)-[A3]-[MCU:False]-[POS:False]
当前位置:(-0.010049146600067616, 4.713701127911918e-05, 0.10733982175588608)
[INFO] [1775394771.168631863] [navNode]: MCU2 send back: Gdoing*
[INFO] [1775394771.210246300] [navNode]: 状态4：WaitAim--[A3]
[INFO] [1775394771.211339009] [navNode]: 未到目标点
目标位置:(0.0, 0.0, 0.2)-[A3]-[MCU:False]-[POS:False]
当前位置:(-0.009440821595489979, 0.0011337747564539313, 0.11630797386169434)
[INFO] [1775394771.289798910] [navNode]: MCU2 send back: Gdoing*
[INFO] [1775394771.310429845] [navNode]: 状态4：WaitAim--[A3]
[INFO] [1775394771.311993779] [navNode]: 未到目标点
目标位置:(0.0, 0.0, 0.2)-[A3]-[MCU:False]-[POS:False]
当前位置:(-0.00487945694476366, 0.0017374871531501412, 0.12031259387731552)
[INFO] [1775394771.409461050] [navNode]: MCU2 send back: Gdoing*
[INFO] [1775394771.411271879] [navNode]: 状态4：WaitAim--[A3]
[INFO] [1775394771.411736210] [navNode]: 未到目标点
目标位置:(0.0, 0.0, 0.2)-[A3]-[MCU:False]-[POS:False]
当前位置:(-0.0009381548734381795, 0.002349784830585122, 0.12383758276700974)
[INFO] [1775394771.509894302] [navNode]: 状态4：WaitAim--[A3]
[INFO] [1775394771.510379832] [navNode]: 未到目标点
目标位置:(0.0, 0.0, 0.2)-[A3]-[MCU:False]-[POS:False]
当前位置:(0.0009074358968064189, 0.0028460912872105837, 0.12670950591564178)
[INFO] [1775394771.529536759] [navNode]: MCU2 send back: Gdoing*
[INFO] [1775394771.609716940] [navNode]: 状态4：WaitAim--[A3]
[INFO] [1775394771.610208932] [navNode]: 未到目标点
目标位置:(0.0, 0.0, 0.2)-[A3]-[MCU:False]-[POS:False]
当前位置:(-8.874035847838968e-05, 0.0018296156777068973, 0.12973397970199585)
[INFO] [1775394771.649140466] [navNode]: MCU2 send back: Gdone*
[INFO] [1775394771.649596484] [navNode]: mcu:已到目标点-[A3]
[INFO] [1775394771.709700363] [navNode]: 状态4：WaitAim--[A3]
[INFO] [1775394771.710186573] [navNode]: 已到目标点
目标位置:A3:(0.0, 0.0, 0.2)-[A3]-[MCU:True]-[POS:False]
当前位置:(-0.002433194313198328, -0.0007757937419228256, 0.1325967162847519)

[INFO] [1775394771.809905636] [navNode]: 状态5：ArriveAim--[A3]
[INFO] [1775394771.909878668] [navNode]: 状态6：Delay--[A3]
[INFO] [1775394772.009800272] [navNode]: 状态6：Delay--[A3]
[INFO] [1775394772.110366221] [navNode]: 状态6：Delay--[A3]
[INFO] [1775394772.111979079] [navNode]: MCU2 send back: Gdone*
[INFO] [1775394772.112485896] [navNode]: mcu:已到目标点-[A3]
[INFO] [1775394772.209892751] [navNode]: 状态6：Delay--[A3]
[INFO] [1775394772.311985215] [navNode]: 状态6：Delay--[A3]
[INFO] [1775394772.409948082] [navNode]: 状态6：Delay--[A3]
[INFO] [1775394772.509753754] [navNode]: 状态6：Delay--[A3]
[INFO] [1775394772.609961489] [navNode]: 状态6：Delay--[A3]
[INFO] [1775394772.710114385] [navNode]: 状态6：Delay--[A3]
[INFO] [1775394772.810153602] [navNode]: 状态6：Delay--[A3]
[INFO] [1775394772.910008136] [navNode]: 状态6：Delay--[A3]
[INFO] [1775394773.009823826] [navNode]: 状态6：Delay--[A3]
[INFO] [1775394773.109823173] [navNode]: 状态6：Delay--[A3]
[INFO] [1775394773.130576505] [navNode]: MCU2 send back: Gdone*
[INFO] [1775394773.130984306] [navNode]: mcu:已到目标点-[A3]
[INFO] [1775394773.209790506] [navNode]: 状态6：Delay--[A3]
[INFO] [1775394773.309933899] [navNode]: 状态6：Delay--[A3]
[INFO] [1775394773.409928216] [navNode]: 状态6：Delay--[A3]
[INFO] [1775394773.509835393] [navNode]: 状态6：Delay--[A3]
[INFO] [1775394773.609770378] [navNode]: 状态6：Delay--[A3]
[INFO] [1775394773.709694882] [navNode]: 状态6：Delay--[A3]
[INFO] [1775394773.809698659] [navNode]: 状态6：Delay--[A3]
[INFO] [1775394773.909804928] [navNode]: 状态6：Delay--[A3]
[INFO] [1775394773.911552599] [navNode]: 延时结束,QR识别结果:前，后
[INFO] [1775394774.009917430] [navNode]: 状态6：Delay--[A3]
[INFO] [1775394774.110218473] [navNode]: 状态3：SetAim--[A3]
[INFO] [1775394774.121766871] [navNode]: G-02500+12500+12000 发送成功 → 飞行站已调用：G-02500+12500+12000服务
[INFO] [1775394774.149652039] [navNode]: MCU2 send back: -02500+12500+12000
[INFO] [1775394774.210078101] [navNode]: 状态4：WaitAim--[A2]
[INFO] [1775394774.210563147] [navNode]: 未到目标点
目标位置:(-0.25, 1.25, 1.2)-[A2]-[MCU:False]-[POS:False]
当前位置:(0.004596146289259195, -0.005600983742624521, 0.1606273204088211)
[INFO] [1775394774.232561079] [navNode]: MCU2 send back: Gdoing*
[INFO] [1775394774.309942385] [navNode]: 状态4：WaitAim--[A2]
[INFO] [1775394774.310417610] [navNode]: 未到目标点
目标位置:(-0.25, 1.25, 1.2)-[A2]-[MCU:False]-[POS:False]
当前位置:(0.003820461221039295, -0.005523863714188337, 0.1588602513074875)
[INFO] [1775394774.352496442] [navNode]: MCU2 send back: Gdoing*
[INFO] [1775394774.409966261] [navNode]: 状态4：WaitAim--[A2]
[INFO] [1775394774.410447743] [navNode]: 未到目标点
目标位置:(-0.25, 1.25, 1.2)-[A2]-[MCU:False]-[POS:False]
当前位置:(0.0035894829779863358, -0.003369806334376335, 0.1566372513771057)
[INFO] [1775394774.473192774] [navNode]: MCU2 send back: Gdoing*
[INFO] [1775394774.509762171] [navNode]: 状态4：WaitAim--[A2]
[INFO] [1775394774.510457507] [navNode]: 未到目标点
目标位置:(-0.25, 1.25, 1.2)-[A2]-[MCU:False]-[POS:False]
当前位置:(0.005374614614993334, -0.0035308762453496456, 0.15584920346736908)
[INFO] [1775394774.592986053] [navNode]: MCU2 send back: Gdoing*
[INFO] [1775394774.615910556] [navNode]: 状态4：WaitAim--[A2]
[INFO] [1775394774.619380212] [navNode]: 未到目标点
目标位置:(-0.25, 1.25, 1.2)-[A2]-[MCU:False]-[POS:False]
当前位置:(0.004919957369565964, -0.004973403178155422, 0.1559736728668213)
[INFO] [1775394774.710015475] [navNode]: 状态4：WaitAim--[A2]
[INFO] [1775394774.710569360] [navNode]: 未到目标点
目标位置:(-0.25, 1.25, 1.2)-[A2]-[MCU:False]-[POS:False]
当前位置:(0.0030616463627666235, -0.004751681350171566, 0.15774530172348022)
[INFO] [1775394774.712640426] [navNode]: MCU2 send back: Gdoing*
[INFO] [1775394774.810278989] [navNode]: 状态4：WaitAim--[A2]
[INFO] [1775394774.810796322] [navNode]: 未到目标点
目标位置:(-0.25, 1.25, 1.2)-[A2]-[MCU:False]-[POS:False]
当前位置:(0.0027070441283285618, -0.003477437887340784, 0.1569599211215973)
[INFO] [1775394774.833517598] [navNode]: MCU2 send back: Gdoing*
[INFO] [1775394774.909968932] [navNode]: 状态4：WaitAim--[A2]
[INFO] [1775394774.910536674] [navNode]: 未到目标点
目标位置:(-0.25, 1.25, 1.2)-[A2]-[MCU:False]-[POS:False]
当前位置:(0.002208641730248928, -0.0024269854184240103, 0.15904872119426727)
[INFO] [1775394774.953126875] [navNode]: MCU2 send back: Gdoing*
[INFO] [1775394775.010053661] [navNode]: 状态4：WaitAim--[A2]
[INFO] [1775394775.010652921] [navNode]: 未到目标点
目标位置:(-0.25, 1.25, 1.2)-[A2]-[MCU:False]-[POS:False]
当前位置:(0.000965266430284828, -0.0034527017269283533, 0.16187241673469543)
[INFO] [1775394775.075235650] [navNode]: MCU2 send back: Gdoing*
[INFO] [1775394775.110252273] [navNode]: 状态4：WaitAim--[A2]
[INFO] [1775394775.110801337] [navNode]: 未到目标点
目标位置:(-0.25, 1.25, 1.2)-[A2]-[MCU:False]-[POS:False]
当前位置:(0.0010568094439804554, -0.002703463425859809, 0.168581023812294)
[INFO] [1775394775.194443792] [navNode]: MCU2 send back: Gdoing*
[INFO] [1775394775.210300298] [navNode]: 状态4：WaitAim--[A2]
[INFO] [1775394775.210811455] [navNode]: 未到目标点
目标位置:(-0.25, 1.25, 1.2)-[A2]-[MCU:False]-[POS:False]
当前位置:(0.0023239688016474247, -9.02311658137478e-05, 0.1758396029472351)
[INFO] [1775394775.309907007] [navNode]: 状态4：WaitAim--[A2]
[INFO] [1775394775.310407742] [navNode]: 未到目标点
目标位置:(-0.25, 1.25, 1.2)-[A2]-[MCU:False]-[POS:False]
当前位置:(0.0021037014666944742, 0.0036510061472654343, 0.18453845381736755)
[INFO] [1775394775.313461680] [navNode]: MCU2 send back: Gdoing*
[INFO] [1775394775.409969359] [navNode]: 状态4：WaitAim--[A2]
[INFO] [1775394775.410395717] [navNode]: 未到目标点
目标位置:(-0.25, 1.25, 1.2)-[A2]-[MCU:False]-[POS:False]
当前位置:(0.0029735686257481575, 0.00661564152687788, 0.19207888841629028)
[INFO] [1775394775.433447247] [navNode]: MCU2 send back: Gdoing*
[INFO] [1775394775.510078066] [navNode]: 状态4：WaitAim--[A2]
[INFO] [1775394775.510608924] [navNode]: 未到目标点
目标位置:(-0.25, 1.25, 1.2)-[A2]-[MCU:False]-[POS:False]
当前位置:(0.0025152561720460653, 0.006165099795907736, 0.19824956357479095)
[INFO] [1775394775.553944648] [navNode]: MCU2 send back: Gdoing*
[INFO] [1775394775.609869253] [navNode]: 状态4：WaitAim--[A2]
[INFO] [1775394775.610435386] [navNode]: 未到目标点
目标位置:(-0.25, 1.25, 1.2)-[A2]-[MCU:False]-[POS:False]
当前位置:(0.0014170970534905791, 0.0038100937381386757, 0.20339573919773102)
[INFO] [1775394775.675372164] [navNode]: MCU2 send back: Gdoing*
[INFO] [1775394775.709845636] [navNode]: 状态4：WaitAim--[A2]
[INFO] [1775394775.710362214] [navNode]: 未到目标点
目标位置:(-0.25, 1.25, 1.2)-[A2]-[MCU:False]-[POS:False]
当前位置:(-0.00010036101593868807, 0.0016889446415007114, 0.20956234633922577)
[INFO] [1775394775.796812594] [navNode]: MCU2 send back: Gdoing*
[INFO] [1775394775.810429462] [navNode]: 状态4：WaitAim--[A2]
[INFO] [1775394775.811274441] [navNode]: 未到目标点
目标位置:(-0.25, 1.25, 1.2)-[A2]-[MCU:False]-[POS:False]
当前位置:(-0.00017555631347931921, 0.002656748052686453, 0.21548312902450562)
[INFO] [1775394775.910163037] [navNode]: 状态4：WaitAim--[A2]
[INFO] [1775394775.910785548] [navNode]: 未到目标点
目标位置:(-0.25, 1.25, 1.2)-[A2]-[MCU:False]-[POS:False]
当前位置:(0.00039857509545981884, 0.005655974615365267, 0.22029319405555725)
[INFO] [1775394775.914563965] [navNode]: MCU2 send back: Gdoing*
[INFO] [1775394776.010001566] [navNode]: 状态4：WaitAim--[A2]
[INFO] [1775394776.010527080] [navNode]: 未到目标点
目标位置:(-0.25, 1.25, 1.2)-[A2]-[MCU:False]-[POS:False]
当前位置:(0.0031317071989178658, 0.007401106879115105, 0.22429275512695312)
[INFO] [1775394776.034575237] [navNode]: MCU2 send back: Gdoing*
[INFO] [1775394776.110164384] [navNode]: 状态4：WaitAim--[A2]
[INFO] [1775394776.110767221] [navNode]: 未到目标点
目标位置:(-0.25, 1.25, 1.2)-[A2]-[MCU:False]-[POS:False]
当前位置:(0.0049703423865139484, 0.008169285021722317, 0.2266995906829834)
[INFO] [1775394776.154558256] [navNode]: MCU2 send back: Gdoing*
[INFO] [1775394776.209850156] [navNode]: 状态4：WaitAim--[A2]
[INFO] [1775394776.210379932] [navNode]: 未到目标点
目标位置:(-0.25, 1.25, 1.2)-[A2]-[MCU:False]-[POS:False]
当前位置:(0.004595084581524134, 0.009094404056668282, 0.2299879491329193)
[INFO] [1775394776.275532837] [navNode]: MCU2 send back: Gdoing*
[INFO] [1775394776.310476176] [navNode]: 状态4：WaitAim--[A2]
[INFO] [1775394776.311173407] [navNode]: 未到目标点
目标位置:(-0.25, 1.25, 1.2)-[A2]-[MCU:False]-[POS:False]
当前位置:(0.0021788564044982195, 0.01270512118935585, 0.2305222749710083)
[INFO] [1775394776.395884601] [navNode]: MCU2 send back: Gdoing*
[INFO] [1775394776.410655889] [navNode]: 状态4：WaitAim--[A2]
[INFO] [1775394776.411455001] [navNode]: 未到目标点
目标位置:(-0.25, 1.25, 1.2)-[A2]-[MCU:False]-[POS:False]
当前位置:(0.0033049110788851976, 0.014221747405827045, 0.2310442477464676)
[INFO] [1775394776.509904883] [navNode]: 状态4：WaitAim--[A2]
[INFO] [1775394776.510415753] [navNode]: 未到目标点
目标位置:(-0.25, 1.25, 1.2)-[A2]-[MCU:False]-[POS:False]
当前位置:(0.005066364537924528, 0.014881263487040997, 0.23251262307167053)
[INFO] [1775394776.517389209] [navNode]: MCU2 send back: Gdoing*
[INFO] [1775394776.609987348] [navNode]: 状态4：WaitAim--[A2]
[INFO] [1775394776.610771793] [navNode]: 未到目标点
目标位置:(-0.25, 1.25, 1.2)-[A2]-[MCU:False]-[POS:False]
当前位置:(0.00458282558247447, 0.015415346249938011, 0.2325252890586853)
[INFO] [1775394776.639941182] [navNode]: MCU2 send back: Gdoing*
[INFO] [1775394776.709771323] [navNode]: 状态4：WaitAim--[A2]
[INFO] [1775394776.710305968] [navNode]: 未到目标点
目标位置:(-0.25, 1.25, 1.2)-[A2]-[MCU:False]-[POS:False]
当前位置:(0.0049577876925468445, 0.017759986221790314, 0.23218686878681183)
[INFO] [1775394776.759158661] [navNode]: MCU2 send back: Gdoing*
[INFO] [1775394776.809873473] [navNode]: 状态4：WaitAim--[A2]
[INFO] [1775394776.810355256] [navNode]: 未到目标点
目标位置:(-0.25, 1.25, 1.2)-[A2]-[MCU:False]-[POS:False]
当前位置:(0.00526801310479641, 0.01830381155014038, 0.23300205171108246)
[INFO] [1775394776.881433050] [navNode]: MCU2 send back: Gdoing*
[INFO] [1775394776.909959677] [navNode]: 状态4：WaitAim--[A2]
[INFO] [1775394776.910528036] [navNode]: 未到目标点
目标位置:(-0.25, 1.25, 1.2)-[A2]-[MCU:False]-[POS:False]
当前位置:(0.003912192303687334, 0.018511705100536346, 0.2321314811706543)
[INFO] [1775394777.000299104] [navNode]: MCU2 send back: Gdoing*
[INFO] [1775394777.010799065] [navNode]: 状态4：WaitAim--[A2]
[INFO] [1775394777.011319725] [navNode]: 未到目标点
目标位置:(-0.25, 1.25, 1.2)-[A2]-[MCU:False]-[POS:False]
当前位置:(0.0028791632503271103, 0.0183546282351017, 0.22979681193828583)
[INFO] [1775394777.110033087] [navNode]: 状态4：WaitAim--[A2]
[INFO] [1775394777.110586672] [navNode]: 未到目标点
目标位置:(-0.25, 1.25, 1.2)-[A2]-[MCU:False]-[POS:False]
当前位置:(0.004182395990937948, 0.017224816605448723, 0.2293630838394165)
[INFO] [1775394777.119418949] [navNode]: MCU2 send back: Gdoing*
[INFO] [1775394777.209811196] [navNode]: 状态4：WaitAim--[A2]
[INFO] [1775394777.210328235] [navNode]: 未到目标点
目标位置:(-0.25, 1.25, 1.2)-[A2]-[MCU:False]-[POS:False]
当前位置:(0.004882216453552246, 0.016430532559752464, 0.2296513020992279)
[INFO] [1775394777.240590345] [navNode]: MCU2 send back: Gdoing*
[INFO] [1775394777.310204245] [navNode]: 状态4：WaitAim--[A2]
[INFO] [1775394777.310721642] [navNode]: 未到目标点
目标位置:(-0.25, 1.25, 1.2)-[A2]-[MCU:False]-[POS:False]
当前位置:(0.0038063637912273407, 0.018401576206088066, 0.22892823815345764)
[INFO] [1775394777.360128458] [navNode]: MCU2 send back: Gdoing*
[INFO] [1775394777.409936863] [navNode]: 状态4：WaitAim--[A2]
[INFO] [1775394777.410419711] [navNode]: 未到目标点
目标位置:(-0.25, 1.25, 1.2)-[A2]-[MCU:False]-[POS:False]
当前位置:(0.003962395712733269, 0.020116770640015602, 0.2281845360994339)
[INFO] [1775394777.479840890] [navNode]: MCU2 send back: Gdoing*
[INFO] [1775394777.509945876] [navNode]: 状态4：WaitAim--[A2]
[INFO] [1775394777.510426943] [navNode]: 未到目标点
目标位置:(-0.25, 1.25, 1.2)-[A2]-[MCU:False]-[POS:False]
当前位置:(0.006636122241616249, 0.01981925591826439, 0.22867390513420105)
[INFO] [1775394777.600374854] [navNode]: MCU2 send back: Gdoing*
[INFO] [1775394777.610417521] [navNode]: 状态4：WaitAim--[A2]
[INFO] [1775394777.611017365] [navNode]: 未到目标点
目标位置:(-0.25, 1.25, 1.2)-[A2]-[MCU:False]-[POS:False]
当前位置:(0.006765495520085096, 0.02095644362270832, 0.2307782918214798)
[INFO] [1775394777.709801864] [navNode]: 状态4：WaitAim--[A2]
[INFO] [1775394777.710321044] [navNode]: 未到目标点
目标位置:(-0.25, 1.25, 1.2)-[A2]-[MCU:False]-[POS:False]
当前位置:(0.005920777563005686, 0.021127700805664062, 0.23428437113761902)
[INFO] [1775394777.719706223] [navNode]: MCU2 send back: Gdoing*
[INFO] [1775394777.809804601] [navNode]: 状态4：WaitAim--[A2]
[INFO] [1775394777.811097892] [navNode]: 未到目标点
目标位置:(-0.25, 1.25, 1.2)-[A2]-[MCU:False]-[POS:False]
当前位置:(0.006775372661650181, 0.01934344321489334, 0.23695896565914154)
[INFO] [1775394777.840339541] [navNode]: MCU2 send back: Gdoing*
[INFO] [1775394777.910118319] [navNode]: 状态4：WaitAim--[A2]
[INFO] [1775394777.910588722] [navNode]: 未到目标点
目标位置:(-0.25, 1.25, 1.2)-[A2]-[MCU:False]-[POS:False]
当前位置:(0.008599448949098587, 0.020176878198981285, 0.2378787100315094)
[INFO] [1775394777.960619977] [navNode]: MCU2 send back: Gdoing*
[INFO] [1775394778.009917990] [navNode]: 状态4：WaitAim--[A2]
[INFO] [1775394778.010387821] [navNode]: 未到目标点
目标位置:(-0.25, 1.25, 1.2)-[A2]-[MCU:False]-[POS:False]
当前位置:(0.008324275724589825, 0.02205023169517517, 0.23954986035823822)
[INFO] [1775394778.081530496] [navNode]: MCU2 send back: Gdoing*
[INFO] [1775394778.109832122] [navNode]: 状态4：WaitAim--[A2]
[INFO] [1775394778.110416118] [navNode]: 未到目标点
目标位置:(-0.25, 1.25, 1.2)-[A2]-[MCU:False]-[POS:False]
当前位置:(0.0075255874544382095, 0.022471940144896507, 0.240703284740448)
[INFO] [1775394778.201386622] [navNode]: MCU2 send back: Gdoing*
[INFO] [1775394778.210193520] [navNode]: 状态4：WaitAim--[A2]
[INFO] [1775394778.210709547] [navNode]: 未到目标点
目标位置:(-0.25, 1.25, 1.2)-[A2]-[MCU:False]-[POS:False]
当前位置:(0.007277317810803652, 0.02075650356709957, 0.24167698621749878)
[INFO] [1775394778.309843937] [navNode]: 状态4：WaitAim--[A2]
[INFO] [1775394778.310387028] [navNode]: 未到目标点
目标位置:(-0.25, 1.25, 1.2)-[A2]-[MCU:False]-[POS:False]
当前位置:(0.007060221862047911, 0.01971680298447609, 0.24097509682178497)
[INFO] [1775394778.321394150] [navNode]: MCU2 send back: Gdoing*
[INFO] [1775394778.410068992] [navNode]: 状态4：WaitAim--[A2]
[INFO] [1775394778.410523059] [navNode]: 未到目标点
目标位置:(-0.25, 1.25, 1.2)-[A2]-[MCU:False]-[POS:False]
当前位置:(0.00831648614257574, 0.02115430310368538, 0.23977161943912506)
[INFO] [1775394778.441093381] [navNode]: MCU2 send back: Gdoing*
[INFO] [1775394778.509712538] [navNode]: 状态4：WaitAim--[A2]
[INFO] [1775394778.510209980] [navNode]: 未到目标点
目标位置:(-0.25, 1.25, 1.2)-[A2]-[MCU:False]-[POS:False]
当前位置:(0.008281329646706581, 0.02231665328145027, 0.2403111606836319)
[INFO] [1775394778.561488881] [navNode]: MCU2 send back: Gdoing*
[INFO] [1775394778.609782167] [navNode]: 状态4：WaitAim--[A2]
[INFO] [1775394778.610297436] [navNode]: 未到目标点
目标位置:(-0.25, 1.25, 1.2)-[A2]-[MCU:False]-[POS:False]
当前位置:(0.009088151156902313, 0.022745897993445396, 0.24057240784168243)
[INFO] [1775394778.682358004] [navNode]: MCU2 send back: Gdoing*
[INFO] [1775394778.711402011] [navNode]: 状态4：WaitAim--[A2]
[INFO] [1775394778.712059963] [navNode]: 未到目标点
目标位置:(-0.25, 1.25, 1.2)-[A2]-[MCU:False]-[POS:False]
当前位置:(0.01101889181882143, 0.022948013618588448, 0.2425980269908905)
[INFO] [1775394778.802817193] [navNode]: MCU2 send back: Gdoing*
[INFO] [1775394778.809934785] [navNode]: 状态4：WaitAim--[A2]
[INFO] [1775394778.810541137] [navNode]: 未到目标点
目标位置:(-0.25, 1.25, 1.2)-[A2]-[MCU:False]-[POS:False]
当前位置:(0.010421223007142544, 0.02385168895125389, 0.24238422513008118)
[INFO] [1775394778.909967857] [navNode]: 状态4：WaitAim--[A2]
[INFO] [1775394778.910568213] [navNode]: 未到目标点
目标位置:(-0.25, 1.25, 1.2)-[A2]-[MCU:False]-[POS:False]
当前位置:(0.011256429366767406, 0.024139726534485817, 0.24254445731639862)
[INFO] [1775394778.922653736] [navNode]: MCU2 send back: Gdoing*
[INFO] [1775394779.010357615] [navNode]: 状态4：WaitAim--[A2]
[INFO] [1775394779.010974306] [navNode]: 未到目标点
目标位置:(-0.25, 1.25, 1.2)-[A2]-[MCU:False]-[POS:False]
当前位置:(0.01109765749424696, 0.02290598303079605, 0.2427549660205841)
[INFO] [1775394779.042582130] [navNode]: MCU2 send back: Gdoing*
[INFO] [1775394779.109809671] [navNode]: 状态4：WaitAim--[A2]
[INFO] [1775394779.110407658] [navNode]: 未到目标点
目标位置:(-0.25, 1.25, 1.2)-[A2]-[MCU:False]-[POS:False]
当前位置:(0.010317737236618996, 0.02356727421283722, 0.2445116639137268)
[INFO] [1775394779.162471450] [navNode]: MCU2 send back: Gdoing*
[INFO] [1775394779.210220543] [navNode]: 状态4：WaitAim--[A2]
[INFO] [1775394779.211315789] [navNode]: 未到目标点
目标位置:(-0.25, 1.25, 1.2)-[A2]-[MCU:False]-[POS:False]
当前位置:(0.011241219006478786, 0.024972880259156227, 0.24547921121120453)
[INFO] [1775394779.282808594] [navNode]: MCU2 send back: Gdoing*
[INFO] [1775394779.309932762] [navNode]: 状态4：WaitAim--[A2]
[INFO] [1775394779.310496120] [navNode]: 未到目标点
目标位置:(-0.25, 1.25, 1.2)-[A2]-[MCU:False]-[POS:False]
当前位置:(0.011024379171431065, 0.02642536163330078, 0.24730947613716125)
[INFO] [1775394779.404522470] [navNode]: MCU2 send back: Gdoing*
[INFO] [1775394779.410367758] [navNode]: 状态4：WaitAim--[A2]
[INFO] [1775394779.410945787] [navNode]: 未到目标点
目标位置:(-0.25, 1.25, 1.2)-[A2]-[MCU:False]-[POS:False]
当前位置:(0.01111867930740118, 0.029056470841169357, 0.25003600120544434)
[INFO] [1775394779.509976528] [navNode]: 状态4：WaitAim--[A2]
[INFO] [1775394779.510471216] [navNode]: 未到目标点
目标位置:(-0.25, 1.25, 1.2)-[A2]-[MCU:False]-[POS:False]
当前位置:(0.00996861420571804, 0.03119247406721115, 0.25325870513916016)
[INFO] [1775394779.523451926] [navNode]: MCU2 send back: Gdoing*
[INFO] [1775394779.609811941] [navNode]: 状态4：WaitAim--[A2]
[INFO] [1775394779.610575481] [navNode]: 未到目标点
目标位置:(-0.25, 1.25, 1.2)-[A2]-[MCU:False]-[POS:False]
当前位置:(0.010226459242403507, 0.03298535197973251, 0.25523287057876587)
[INFO] [1775394779.644765503] [navNode]: MCU2 send back: Gdoing*
[INFO] [1775394779.709891297] [navNode]: 状态4：WaitAim--[A2]
[INFO] [1775394779.710509682] [navNode]: 未到目标点
目标位置:(-0.25, 1.25, 1.2)-[A2]-[MCU:False]-[POS:False]
当前位置:(0.009027558378875256, 0.034304823726415634, 0.25599953532218933)
[INFO] [1775394779.764963639] [navNode]: MCU2 send back: Gdoing*
[INFO] [1775394779.810748361] [navNode]: 状态4：WaitAim--[A2]
[INFO] [1775394779.811320843] [navNode]: 未到目标点
目标位置:(-0.25, 1.25, 1.2)-[A2]-[MCU:False]-[POS:False]
当前位置:(0.007118176203221083, 0.03241891413927078, 0.2508990168571472)
[INFO] [1775394779.884832805] [navNode]: MCU2 send back: Gdoing*
[INFO] [1775394779.912348010] [navNode]: 状态4：WaitAim--[A2]
[INFO] [1775394779.915149671] [navNode]: 未到目标点
目标位置:(-0.25, 1.25, 1.2)-[A2]-[MCU:False]-[POS:False]
当前位置:(0.007468335796147585, 0.03266865387558937, 0.24642448127269745)
[INFO] [1775394780.004897390] [navNode]: MCU2 send back: Gdoing*
[INFO] [1775394780.011099785] [navNode]: 状态4：WaitAim--[A2]
[INFO] [1775394780.011691343] [navNode]: 未到目标点
目标位置:(-0.25, 1.25, 1.2)-[A2]-[MCU:False]-[POS:False]
当前位置:(0.0073018684051930904, 0.03584722802042961, 0.240548774600029)
[INFO] [1775394780.109935435] [navNode]: 状态4：WaitAim--[A2]
[INFO] [1775394780.110475574] [navNode]: 未到目标点
目标位置:(-0.25, 1.25, 1.2)-[A2]-[MCU:False]-[POS:False]
当前位置:(0.00727397995069623, 0.039927318692207336, 0.23613391816616058)
[INFO] [1775394780.124962694] [navNode]: MCU2 send back: Gdoing*
[INFO] [1775394780.210848349] [navNode]: 状态4：WaitAim--[A2]
[INFO] [1775394780.211423429] [navNode]: 未到目标点
目标位置:(-0.25, 1.25, 1.2)-[A2]-[MCU:False]-[POS:False]
当前位置:(0.009049564599990845, 0.04041409492492676, 0.23155468702316284)
[INFO] [1775394780.245091449] [navNode]: MCU2 send back: Gdoing*
[INFO] [1775394780.309833751] [navNode]: 状态4：WaitAim--[A2]
[INFO] [1775394780.310353606] [navNode]: 未到目标点
目标位置:(-0.25, 1.25, 1.2)-[A2]-[MCU:False]-[POS:False]
当前位置:(0.009399970062077045, 0.03947381302714348, 0.22459958493709564)
[INFO] [1775394780.367365877] [navNode]: MCU2 send back: Gdoing*
[INFO] [1775394780.409971120] [navNode]: 状态4：WaitAim--[A2]
[INFO] [1775394780.410512538] [navNode]: 未到目标点
目标位置:(-0.25, 1.25, 1.2)-[A2]-[MCU:False]-[POS:False]
当前位置:(0.008162101730704308, 0.040076449513435364, 0.21838277578353882)
[INFO] [1775394780.485459277] [navNode]: MCU2 send back: Gdoing*
[INFO] [1775394780.510514272] [navNode]: 状态4：WaitAim--[A2]
[INFO] [1775394780.511102982] [navNode]: 未到目标点
目标位置:(-0.25, 1.25, 1.2)-[A2]-[MCU:False]-[POS:False]
当前位置:(0.007517215330153704, 0.039382271468639374, 0.2137647420167923)
[INFO] [1775394780.604957258] [navNode]: MCU2 send back: Gdoing*
[INFO] [1775394780.610097233] [navNode]: 状态4：WaitAim--[A2]
[INFO] [1775394780.610643373] [navNode]: 未到目标点
目标位置:(-0.25, 1.25, 1.2)-[A2]-[MCU:False]-[POS:False]
当前位置:(0.005377327091991901, 0.03936021029949188, 0.21155139803886414)
[INFO] [1775394780.710409913] [navNode]: 状态4：WaitAim--[A2]
[INFO] [1775394780.711131766] [navNode]: 未到目标点
目标位置:(-0.25, 1.25, 1.2)-[A2]-[MCU:False]-[POS:False]
当前位置:(0.0032366446685045958, 0.037305787205696106, 0.20889288187026978)
[INFO] [1775394780.725416945] [navNode]: MCU2 send back: Gdoing*
[INFO] [1775394780.809971192] [navNode]: 状态4：WaitAim--[A2]
[INFO] [1775394780.810473890] [navNode]: 未到目标点
目标位置:(-0.25, 1.25, 1.2)-[A2]-[MCU:False]-[POS:False]
当前位置:(0.001836845651268959, 0.03568154200911522, 0.20601429045200348)
[INFO] [1775394780.844771965] [navNode]: MCU2 send back: Gdoing*
[INFO] [1775394780.909841509] [navNode]: 状态4：WaitAim--[A2]
[INFO] [1775394780.910465647] [navNode]: 未到目标点
目标位置:(-0.25, 1.25, 1.2)-[A2]-[MCU:False]-[POS:False]
当前位置:(0.0019172049360349774, 0.03443951532244682, 0.20453186333179474)
[INFO] [1775394780.965620032] [navNode]: MCU2 send back: Gdoing*
[INFO] [1775394781.010336086] [navNode]: 状态4：WaitAim--[A2]
[INFO] [1775394781.010988814] [navNode]: 未到目标点
目标位置:(-0.25, 1.25, 1.2)-[A2]-[MCU:False]-[POS:False]
当前位置:(0.0009981613839045167, 0.03330235183238983, 0.20244820415973663)
[INFO] [1775394781.086047844] [navNode]: MCU2 send back: Gdoing*
[INFO] [1775394781.109821279] [navNode]: 状态4：WaitAim--[A2]
[INFO] [1775394781.110452717] [navNode]: 未到目标点
目标位置:(-0.25, 1.25, 1.2)-[A2]-[MCU:False]-[POS:False]
当前位置:(-0.000635084172245115, 0.031068671494722366, 0.20201727747917175)
[INFO] [1775394781.206631623] [navNode]: MCU2 send back: Gdoing*
[INFO] [1775394781.209865745] [navNode]: 状态4：WaitAim--[A2]
[INFO] [1775394781.210294778] [navNode]: 未到目标点
目标位置:(-0.25, 1.25, 1.2)-[A2]-[MCU:False]-[POS:False]
当前位置:(-0.0033572139218449593, 0.02852928452193737, 0.20250388979911804)
[INFO] [1775394781.310046488] [navNode]: 状态4：WaitAim--[A2]
[INFO] [1775394781.310486684] [navNode]: 未到目标点
目标位置:(-0.25, 1.25, 1.2)-[A2]-[MCU:False]-[POS:False]
当前位置:(-0.00619878713041544, 0.023728907108306885, 0.20623256266117096)
[INFO] [1775394781.325918159] [navNode]: MCU2 send back: Gdoing*
[INFO] [1775394781.410731480] [navNode]: 状态4：WaitAim--[A2]
[INFO] [1775394781.411219684] [navNode]: 未到目标点
目标位置:(-0.25, 1.25, 1.2)-[A2]-[MCU:False]-[POS:False]
当前位置:(-0.008358090184628963, 0.019186777994036674, 0.21248599886894226)
[INFO] [1775394781.448344141] [navNode]: MCU2 send back: Gdoing*
[INFO] [1775394781.509823529] [navNode]: 状态4：WaitAim--[A2]
[INFO] [1775394781.510396494] [navNode]: 未到目标点
目标位置:(-0.25, 1.25, 1.2)-[A2]-[MCU:False]-[POS:False]
当前位置:(-0.009948082268238068, 0.01628444343805313, 0.22218994796276093)
[INFO] [1775394781.568061153] [navNode]: MCU2 send back: Gdoing*
[INFO] [1775394781.610000781] [navNode]: 状态4：WaitAim--[A2]
[INFO] [1775394781.610495379] [navNode]: 未到目标点
目标位置:(-0.25, 1.25, 1.2)-[A2]-[MCU:False]-[POS:False]
当前位置:(-0.010067086666822433, 0.014197302982211113, 0.23330073058605194)
[INFO] [1775394781.686887403] [navNode]: MCU2 send back: Gdoing*
[INFO] [1775394781.710875582] [navNode]: 状态4：WaitAim--[A2]
[INFO] [1775394781.711344299] [navNode]: 未到目标点
目标位置:(-0.25, 1.25, 1.2)-[A2]-[MCU:False]-[POS:False]
当前位置:(-0.005750921089202166, 0.014132015407085419, 0.2457331418991089)
[INFO] [1775394781.808690015] [navNode]: MCU2 send back: Gdoing*
[INFO] [1775394781.810623643] [navNode]: 状态4：WaitAim--[A2]
[INFO] [1775394781.811148397] [navNode]: 未到目标点
目标位置:(-0.25, 1.25, 1.2)-[A2]-[MCU:False]-[POS:False]
当前位置:(0.0011186284245923162, 0.016719818115234375, 0.2621224820613861)
[INFO] [1775394781.910097125] [navNode]: 状态4：WaitAim--[A2]
[INFO] [1775394781.910569942] [navNode]: 未到目标点
目标位置:(-0.25, 1.25, 1.2)-[A2]-[MCU:False]-[POS:False]
当前位置:(0.004947435110807419, 0.018133610486984253, 0.27544668316841125)
[INFO] [1775394781.927356237] [navNode]: MCU2 send back: Gdoing*
[INFO] [1775394782.009871556] [navNode]: 状态4：WaitAim--[A2]
[INFO] [1775394782.010426096] [navNode]: 未到目标点
目标位置:(-0.25, 1.25, 1.2)-[A2]-[MCU:False]-[POS:False]
当前位置:(0.00867951288819313, 0.01540671568363905, 0.2883511781692505)
[INFO] [1775394782.048131572] [navNode]: MCU2 send back: Gdoing*
[INFO] [1775394782.110622023] [navNode]: 状态4：WaitAim--[A2]
[INFO] [1775394782.111189965] [navNode]: 未到目标点
目标位置:(-0.25, 1.25, 1.2)-[A2]-[MCU:False]-[POS:False]
当前位置:(0.005748151335865259, 0.00981499720364809, 0.29920458793640137)
[INFO] [1775394782.167655886] [navNode]: MCU2 send back: Gdoing*
[INFO] [1775394782.211016738] [navNode]: 状态4：WaitAim--[A2]
[INFO] [1775394782.211696481] [navNode]: 未到目标点
目标位置:(-0.25, 1.25, 1.2)-[A2]-[MCU:False]-[POS:False]
当前位置:(0.0016777027631178498, 0.0010172630427405238, 0.30905577540397644)
[INFO] [1775394782.288517689] [navNode]: MCU2 send back: Gdoing*
[INFO] [1775394782.310126480] [navNode]: 状态4：WaitAim--[A2]
[INFO] [1775394782.310634481] [navNode]: 未到目标点
目标位置:(-0.25, 1.25, 1.2)-[A2]-[MCU:False]-[POS:False]
当前位置:(0.0015518564032390714, -0.0018069930374622345, 0.32204470038414)
[INFO] [1775394782.409597425] [navNode]: MCU2 send back: Gdoing*
[INFO] [1775394782.412020320] [navNode]: 状态4：WaitAim--[A2]
[INFO] [1775394782.412787538] [navNode]: 未到目标点
目标位置:(-0.25, 1.25, 1.2)-[A2]-[MCU:False]-[POS:False]
当前位置:(0.00486281281337142, -0.0008568791090510786, 0.33539730310440063)
[INFO] [1775394782.509817298] [navNode]: 状态4：WaitAim--[A2]
[INFO] [1775394782.510231526] [navNode]: 未到目标点
目标位置:(-0.25, 1.25, 1.2)-[A2]-[MCU:False]-[POS:False]
当前位置:(0.00713613023981452, 0.004959496203809977, 0.349813312292099)
[INFO] [1775394782.529735402] [navNode]: MCU2 send back: Gdoing*
[INFO] [1775394782.609700413] [navNode]: 状态4：WaitAim--[A2]
[INFO] [1775394782.610175633] [navNode]: 未到目标点
目标位置:(-0.25, 1.25, 1.2)-[A2]-[MCU:False]-[POS:False]
当前位置:(0.007908470928668976, 0.013691384345293045, 0.3628581166267395)
[INFO] [1775394782.648707452] [navNode]: MCU2 send back: Gdoing*
[INFO] [1775394782.709632423] [navNode]: 状态4：WaitAim--[A2]
[INFO] [1775394782.710437942] [navNode]: 未到目标点
目标位置:(-0.25, 1.25, 1.2)-[A2]-[MCU:False]-[POS:False]
当前位置:(0.006922467146068811, 0.015905920416116714, 0.37260448932647705)
[INFO] [1775394782.769390196] [navNode]: MCU2 send back: Gdoing*
[INFO] [1775394782.810131007] [navNode]: 状态4：WaitAim--[A2]
[INFO] [1775394782.810709423] [navNode]: 未到目标点
目标位置:(-0.25, 1.25, 1.2)-[A2]-[MCU:False]-[POS:False]
当前位置:(0.004307278897613287, 0.012953045777976513, 0.38099250197410583)
[INFO] [1775394782.889142223] [navNode]: MCU2 send back: Gdoing*
[INFO] [1775394782.910817061] [navNode]: 状态4：WaitAim--[A2]
[INFO] [1775394782.911350936] [navNode]: 未到目标点
目标位置:(-0.25, 1.25, 1.2)-[A2]-[MCU:False]-[POS:False]
当前位置:(0.0021101555321365595, 0.00991353951394558, 0.38858553767204285)
[INFO] [1775394783.010774380] [navNode]: MCU2 send back: Gdoing*
[INFO] [1775394783.011962662] [navNode]: 状态4：WaitAim--[A2]
[INFO] [1775394783.012425117] [navNode]: 未到目标点
目标位置:(-0.25, 1.25, 1.2)-[A2]-[MCU:False]-[POS:False]
当前位置:(-0.0008020728128030896, 0.012669521383941174, 0.3964264690876007)
[INFO] [1775394783.110478978] [navNode]: 状态4：WaitAim--[A2]
[INFO] [1775394783.111034613] [navNode]: 未到目标点
目标位置:(-0.25, 1.25, 1.2)-[A2]-[MCU:False]-[POS:False]
当前位置:(-0.0035127177834510803, 0.019181177020072937, 0.402934193611145)
[INFO] [1775394783.129409906] [navNode]: MCU2 send back: Gdoing*
[INFO] [1775394783.210617299] [navNode]: 状态4：WaitAim--[A2]
[INFO] [1775394783.211201910] [navNode]: 未到目标点
目标位置:(-0.25, 1.25, 1.2)-[A2]-[MCU:False]-[POS:False]
当前位置:(-0.0021101657766848803, 0.023854698985815048, 0.40904301404953003)
[INFO] [1775394783.252263668] [navNode]: MCU2 send back: Gdoing*
[INFO] [1775394783.310030133] [navNode]: 状态4：WaitAim--[A2]
[INFO] [1775394783.310527750] [navNode]: 未到目标点
目标位置:(-0.25, 1.25, 1.2)-[A2]-[MCU:False]-[POS:False]
当前位置:(-0.0027094711549580097, 0.027376554906368256, 0.41313526034355164)
[INFO] [1775394783.370506047] [navNode]: MCU2 send back: Gdoing*
[INFO] [1775394783.410332318] [navNode]: 状态4：WaitAim--[A2]
[INFO] [1775394783.410867277] [navNode]: 未到目标点
目标位置:(-0.25, 1.25, 1.2)-[A2]-[MCU:False]-[POS:False]
当前位置:(-0.002007917268201709, 0.027740122750401497, 0.4167601764202118)
[INFO] [1775394783.490398162] [navNode]: MCU2 send back: Gdoing*
[INFO] [1775394783.511032133] [navNode]: 状态4：WaitAim--[A2]
[INFO] [1775394783.511624308] [navNode]: 未到目标点
目标位置:(-0.25, 1.25, 1.2)-[A2]-[MCU:False]-[POS:False]
当前位置:(-0.0010698523838073015, 0.026176173239946365, 0.4189826548099518)
[INFO] [1775394783.611752841] [navNode]: 状态4：WaitAim--[A2]
[INFO] [1775394783.612665757] [navNode]: 未到目标点
目标位置:(-0.25, 1.25, 1.2)-[A2]-[MCU:False]-[POS:False]
当前位置:(-0.000564144691452384, 0.027910679578781128, 0.41925686597824097)
[INFO] [1775394783.614118815] [navNode]: MCU2 send back: Gdoing*
[INFO] [1775394783.710598989] [navNode]: 状态4：WaitAim--[A2]
[INFO] [1775394783.711724570] [navNode]: 未到目标点
目标位置:(-0.25, 1.25, 1.2)-[A2]-[MCU:False]-[POS:False]
当前位置:(-0.0010381046449765563, 0.03186045214533806, 0.41756752133369446)
[INFO] [1775394783.731276401] [navNode]: MCU2 send back: Gdoing*
[INFO] [1775394783.809937761] [navNode]: 状态4：WaitAim--[A2]
[INFO] [1775394783.810422479] [navNode]: 未到目标点
目标位置:(-0.25, 1.25, 1.2)-[A2]-[MCU:False]-[POS:False]
当前位置:(-0.001842772588133812, 0.032377008348703384, 0.41617918014526367)
[INFO] [1775394783.851207389] [navNode]: MCU2 send back: Gdoing*
[INFO] [1775394783.909832944] [navNode]: 状态4：WaitAim--[A2]
[INFO] [1775394783.910326830] [navNode]: 未到目标点
目标位置:(-0.25, 1.25, 1.2)-[A2]-[MCU:False]-[POS:False]
当前位置:(-0.004675910342484713, 0.0312476959079504, 0.4101307690143585)
[INFO] [1775394783.971409689] [navNode]: MCU2 send back: Gdoing*
[INFO] [1775394784.010351527] [navNode]: 状态4：WaitAim--[A2]
[INFO] [1775394784.010878643] [navNode]: 未到目标点
目标位置:(-0.25, 1.25, 1.2)-[A2]-[MCU:False]-[POS:False]
当前位置:(-0.008069182746112347, 0.029041044414043427, 0.40297627449035645)
[INFO] [1775394784.092307080] [navNode]: MCU2 send back: Gdoing*
[INFO] [1775394784.110426508] [navNode]: 状态4：WaitAim--[A2]
[INFO] [1775394784.110971082] [navNode]: 未到目标点
目标位置:(-0.25, 1.25, 1.2)-[A2]-[MCU:False]-[POS:False]
当前位置:(-0.014885890297591686, 0.02898014709353447, 0.39676985144615173)
[INFO] [1775394784.210405433] [navNode]: 状态4：WaitAim--[A2]
[INFO] [1775394784.211066166] [navNode]: 未到目标点
目标位置:(-0.25, 1.25, 1.2)-[A2]-[MCU:False]-[POS:False]
当前位置:(-0.022517383098602295, 0.030294643715023994, 0.39009401202201843)
[INFO] [1775394784.213134477] [navNode]: MCU2 send back: Gdoing*
[INFO] [1775394784.310140990] [navNode]: 状态4：WaitAim--[A2]
[INFO] [1775394784.310656051] [navNode]: 未到目标点
目标位置:(-0.25, 1.25, 1.2)-[A2]-[MCU:False]-[POS:False]
当前位置:(-0.029723957180976868, 0.030273983255028725, 0.37877222895622253)
[INFO] [1775394784.331692206] [navNode]: MCU2 send back: Gdoing*
[INFO] [1775394784.410086681] [navNode]: 状态4：WaitAim--[A2]
[INFO] [1775394784.410691922] [navNode]: 未到目标点
目标位置:(-0.25, 1.25, 1.2)-[A2]-[MCU:False]-[POS:False]
当前位置:(-0.03748181089758873, 0.029012346640229225, 0.3652708828449249)
[INFO] [1775394784.452189501] [navNode]: MCU2 send back: Gdoing*
[INFO] [1775394784.509833299] [navNode]: 状态4：WaitAim--[A2]
[INFO] [1775394784.510361689] [navNode]: 未到目标点
目标位置:(-0.25, 1.25, 1.2)-[A2]-[MCU:False]-[POS:False]
当前位置:(-0.042428623884916306, 0.0229769479483366, 0.34826746582984924)
[INFO] [1775394784.572744837] [navNode]: MCU2 send back: Gdoing*
[INFO] [1775394784.609989192] [navNode]: 状态4：WaitAim--[A2]
[INFO] [1775394784.610546563] [navNode]: 未到目标点
目标位置:(-0.25, 1.25, 1.2)-[A2]-[MCU:False]-[POS:False]
当前位置:(-0.04623480513691902, 0.020762287080287933, 0.3298806846141815)
[INFO] [1775394784.692250788] [navNode]: MCU2 send back: Gdoing*
[INFO] [1775394784.710495611] [navNode]: 状态4：WaitAim--[A2]
[INFO] [1775394784.711357473] [navNode]: 未到目标点
目标位置:(-0.25, 1.25, 1.2)-[A2]-[MCU:False]-[POS:False]
当前位置:(-0.05091516301035881, 0.023408781737089157, 0.31328195333480835)
[INFO] [1775394784.809897031] [navNode]: 状态4：WaitAim--[A2]
[INFO] [1775394784.810954986] [navNode]: 未到目标点
目标位置:(-0.25, 1.25, 1.2)-[A2]-[MCU:False]-[POS:False]
当前位置:(-0.05336540564894676, 0.024583758786320686, 0.29805663228034973)
[INFO] [1775394784.812294599] [navNode]: MCU2 send back: Gdoing*
[INFO] [1775394784.909789169] [navNode]: 状态4：WaitAim--[A2]
[INFO] [1775394784.910653278] [navNode]: 未到目标点
目标位置:(-0.25, 1.25, 1.2)-[A2]-[MCU:False]-[POS:False]
当前位置:(-0.05394894257187843, 0.02309916540980339, 0.285237580537796)
[INFO] [1775394784.932581079] [navNode]: MCU2 send back: Gdoing*
[INFO] [1775394785.010245653] [navNode]: 状态4：WaitAim--[A2]
[INFO] [1775394785.010929779] [navNode]: 未到目标点
目标位置:(-0.25, 1.25, 1.2)-[A2]-[MCU:False]-[POS:False]
当前位置:(-0.05749984830617905, 0.028321826830506325, 0.27618151903152466)
[INFO] [1775394785.052766123] [navNode]: MCU2 send back: Gdoing*
[INFO] [1775394785.109871014] [navNode]: 状态4：WaitAim--[A2]
[INFO] [1775394785.110397038] [navNode]: 未到目标点
目标位置:(-0.25, 1.25, 1.2)-[A2]-[MCU:False]-[POS:False]
当前位置:(-0.06082873418927193, 0.03381792828440666, 0.26658204197883606)
[INFO] [1775394785.174192241] [navNode]: MCU2 send back: Gdoing*
[INFO] [1775394785.210430125] [navNode]: 状态4：WaitAim--[A2]
[INFO] [1775394785.211053744] [navNode]: 未到目标点
目标位置:(-0.25, 1.25, 1.2)-[A2]-[MCU:False]-[POS:False]
当前位置:(-0.06039021536707878, 0.033934541046619415, 0.2560961842536926)
[INFO] [1775394785.295400923] [navNode]: MCU2 send back: Gdoing*
[INFO] [1775394785.309895905] [navNode]: 状态4：WaitAim--[A2]
[INFO] [1775394785.310480324] [navNode]: 未到目标点
目标位置:(-0.25, 1.25, 1.2)-[A2]-[MCU:False]-[POS:False]
当前位置:(-0.06103184074163437, 0.034028053283691406, 0.24363887310028076)
[INFO] [1775394785.409772428] [navNode]: 状态4：WaitAim--[A2]
[INFO] [1775394785.410247482] [navNode]: 未到目标点
目标位置:(-0.25, 1.25, 1.2)-[A2]-[MCU:False]-[POS:False]
当前位置:(-0.061734627932310104, 0.03567709028720856, 0.23203478753566742)
[INFO] [1775394785.416525708] [navNode]: MCU2 send back: Gdoing*
[INFO] [1775394785.509743078] [navNode]: 状态4：WaitAim--[A2]
[INFO] [1775394785.510140522] [navNode]: 未到目标点
目标位置:(-0.25, 1.25, 1.2)-[A2]-[MCU:False]-[POS:False]
当前位置:(-0.060225460678339005, 0.03438025340437889, 0.21897774934768677)
[INFO] [1775394785.534716481] [navNode]: MCU2 send back: Gdoing*
[INFO] [1775394785.610084955] [navNode]: 状态4：WaitAim--[A2]
[INFO] [1775394785.610614511] [navNode]: 未到目标点
目标位置:(-0.25, 1.25, 1.2)-[A2]-[MCU:False]-[POS:False]
当前位置:(-0.05876912921667099, 0.03277284651994705, 0.20661620795726776)
[INFO] [1775394785.654689601] [navNode]: MCU2 send back: Gdoing*
[INFO] [1775394785.709852920] [navNode]: 状态4：WaitAim--[A2]
[INFO] [1775394785.710346088] [navNode]: 未到目标点
目标位置:(-0.25, 1.25, 1.2)-[A2]-[MCU:False]-[POS:False]
当前位置:(-0.058810070157051086, 0.03447331115603447, 0.19588221609592438)
[INFO] [1775394785.775892288] [navNode]: MCU2 send back: Gdoing*
[INFO] [1775394785.810036207] [navNode]: 状态4：WaitAim--[A2]
[INFO] [1775394785.810555915] [navNode]: 未到目标点
目标位置:(-0.25, 1.25, 1.2)-[A2]-[MCU:False]-[POS:False]
当前位置:(-0.06139964237809181, 0.037475764751434326, 0.1826769858598709)
[INFO] [1775394785.897863436] [navNode]: MCU2 send back: Gdoing*
[INFO] [1775394785.910167509] [navNode]: 状态4：WaitAim--[A2]
[INFO] [1775394785.910799706] [navNode]: 未到目标点
目标位置:(-0.25, 1.25, 1.2)-[A2]-[MCU:False]-[POS:False]
当前位置:(-0.06488730758428574, 0.03964918479323387, 0.16665060818195343)
[INFO] [1775394786.010023458] [navNode]: 状态4：WaitAim--[A2]
[INFO] [1775394786.010495268] [navNode]: 未到目标点
目标位置:(-0.25, 1.25, 1.2)-[A2]-[MCU:False]-[POS:False]
当前位置:(-0.06812918931245804, 0.038097083568573, 0.1459086835384369)
[INFO] [1775394786.017442972] [navNode]: MCU2 send back: Gdoing*
[INFO] [1775394786.109577354] [navNode]: 状态4：WaitAim--[A2]
[INFO] [1775394786.110317031] [navNode]: 未到目标点
目标位置:(-0.25, 1.25, 1.2)-[A2]-[MCU:False]-[POS:False]
当前位置:(-0.06806016713380814, 0.03208622708916664, 0.12012816965579987)
[INFO] [1775394786.136182835] [navNode]: MCU2 send back: Gdoing*
[INFO] [1775394786.210148092] [navNode]: 状态4：WaitAim--[A2]
[INFO] [1775394786.210811680] [navNode]: 未到目标点
目标位置:(-0.25, 1.25, 1.2)-[A2]-[MCU:False]-[POS:False]
当前位置:(-0.0668729841709137, 0.027206536382436752, 0.09520924836397171)
[INFO] [1775394786.255291903] [navNode]: MCU2 send back: Gdoing*
[INFO] [1775394786.309890485] [navNode]: 状态4：WaitAim--[A2]
[INFO] [1775394786.310415752] [navNode]: 未到目标点
目标位置:(-0.25, 1.25, 1.2)-[A2]-[MCU:False]-[POS:False]
当前位置:(-0.0668582022190094, 0.025798600167036057, 0.07447285950183868)
[INFO] [1775394786.379255925] [navNode]: MCU2 send back: Gdoing*
[INFO] [1775394786.410759056] [navNode]: 状态4：WaitAim--[A2]
[INFO] [1775394786.411489681] [navNode]: 未到目标点
目标位置:(-0.25, 1.25, 1.2)-[A2]-[MCU:False]-[POS:False]
当前位置:(-0.06823393702507019, 0.02453698217868805, 0.058527350425720215)
[INFO] [1775394786.496736578] [navNode]: MCU2 send back: Gdoing*
[INFO] [1775394786.510193406] [navNode]: 状态4：WaitAim--[A2]
[INFO] [1775394786.510767081] [navNode]: 未到目标点
目标位置:(-0.25, 1.25, 1.2)-[A2]-[MCU:False]-[POS:False]
当前位置:(-0.0692366436123848, 0.02111174166202545, 0.041519779711961746)
[INFO] [1775394786.610449140] [navNode]: 状态4：WaitAim--[A2]
[INFO] [1775394786.611077472] [navNode]: 未到目标点
目标位置:(-0.25, 1.25, 1.2)-[A2]-[MCU:False]-[POS:False]
当前位置:(-0.06856042146682739, 0.018871843814849854, 0.02408406138420105)
[INFO] [1775394786.617383727] [navNode]: MCU2 send back: Gdoing*
[INFO] [1775394786.710154545] [navNode]: 状态4：WaitAim--[A2]
[INFO] [1775394786.710691615] [navNode]: 未到目标点
目标位置:(-0.25, 1.25, 1.2)-[A2]-[MCU:False]-[POS:False]
当前位置:(-0.06808070093393326, 0.018639197573065758, 0.00983031652867794)
[INFO] [1775394786.736339037] [navNode]: MCU2 send back: Gdoing*
[INFO] [1775394786.809833241] [navNode]: 状态4：WaitAim--[A2]
[INFO] [1775394786.810361733] [navNode]: 未到目标点
目标位置:(-0.25, 1.25, 1.2)-[A2]-[MCU:False]-[POS:False]
当前位置:(-0.06870219111442566, 0.019369792193174362, 0.00015981933393049985)
[INFO] [1775394786.858223530] [navNode]: MCU2 send back: Gdoing*
[INFO] [1775394786.909850975] [navNode]: 状态4：WaitAim--[A2]
[INFO] [1775394786.910402833] [navNode]: 未到目标点
目标位置:(-0.25, 1.25, 1.2)-[A2]-[MCU:False]-[POS:False]
当前位置:(-0.07603849470615387, 0.013862963765859604, -0.005534842144697905)
[INFO] [1775394786.976050502] [navNode]: MCU2 send back: Gdoing*
[INFO] [1775394787.009890814] [navNode]: 状态4：WaitAim--[A2]
[INFO] [1775394787.010648464] [navNode]: 未到目标点
目标位置:(-0.25, 1.25, 1.2)-[A2]-[MCU:False]-[POS:False]
当前位置:(-0.08106114715337753, 0.006052196957170963, -0.006868196651339531)
[INFO] [1775394787.100043744] [navNode]: MCU2 send back: Gdoing*
[INFO] [1775394787.109776334] [navNode]: 状态4：WaitAim--[A2]
[INFO] [1775394787.110292020] [navNode]: 未到目标点
目标位置:(-0.25, 1.25, 1.2)-[A2]-[MCU:False]-[POS:False]
当前位置:(-0.07458195835351944, 0.012143062427639961, -0.006472064182162285)
[INFO] [1775394787.209748835] [navNode]: 状态4：WaitAim--[A2]
[INFO] [1775394787.210897391] [navNode]: 未到目标点
目标位置:(-0.25, 1.25, 1.2)-[A2]-[MCU:False]-[POS:False]
当前位置:(-0.06561343371868134, 0.018771914765238762, -0.008126617409288883)
[INFO] [1775394787.218282108] [navNode]: MCU2 send back: Gdoing*
[INFO] [1775394787.309868860] [navNode]: 状态4：WaitAim--[A2]
[INFO] [1775394787.310357923] [navNode]: 未到目标点
目标位置:(-0.25, 1.25, 1.2)-[A2]-[MCU:False]-[POS:False]
当前位置:(-0.07015768438577652, 0.014950549229979515, -0.006649252958595753)
[INFO] [1775394787.337188099] [navNode]: MCU2 send back: Gdoing*
[INFO] [1775394787.409823527] [navNode]: 状态4：WaitAim--[A2]
[INFO] [1775394787.410308411] [navNode]: 未到目标点
目标位置:(-0.25, 1.25, 1.2)-[A2]-[MCU:False]-[POS:False]
当前位置:(-0.07099086791276932, 0.013091043569147587, -0.006909297313541174)
[INFO] [1775394787.456727951] [navNode]: MCU2 send back: Gdoing*
[INFO] [1775394787.510182765] [navNode]: 状态4：WaitAim--[A2]
[INFO] [1775394787.510772359] [navNode]: 未到目标点
目标位置:(-0.25, 1.25, 1.2)-[A2]-[MCU:False]-[POS:False]
当前位置:(-0.07153080403804779, 0.012908080592751503, -0.005995025858283043)
[INFO] [1775394787.578921887] [navNode]: MCU2 send back: Gdoing*
[INFO] [1775394787.610191208] [navNode]: 状态4：WaitAim--[A2]
[INFO] [1775394787.610924933] [navNode]: 未到目标点
目标位置:(-0.25, 1.25, 1.2)-[A2]-[MCU:False]-[POS:False]
当前位置:(-0.07176964730024338, 0.01294416282325983, -0.005426861811429262)
[INFO] [1775394787.702983495] [navNode]: MCU2 send back: Gdoing*
[INFO] [1775394787.709637891] [navNode]: 状态4：WaitAim--[A2]
[INFO] [1775394787.710121866] [navNode]: 未到目标点
目标位置:(-0.25, 1.25, 1.2)-[A2]-[MCU:False]-[POS:False]
当前位置:(-0.07010429352521896, 0.014049042947590351, -0.005655530374497175)
[INFO] [1775394787.810340724] [navNode]: 状态4：WaitAim--[A2]
[INFO] [1775394787.811030288] [navNode]: 未到目标点
目标位置:(-0.25, 1.25, 1.2)-[A2]-[MCU:False]-[POS:False]
当前位置:(-0.07168165594339371, 0.01284661702811718, -0.0064698089845478535)
[INFO] [1775394787.818065188] [navNode]: MCU2 send back: Gdoing*
[INFO] [1775394787.910018311] [navNode]: 状态4：WaitAim--[A2]
[INFO] [1775394787.910917893] [navNode]: 未到目标点
目标位置:(-0.25, 1.25, 1.2)-[A2]-[MCU:False]-[POS:False]
当前位置:(-0.07153833657503128, 0.012737601064145565, -0.006883826572448015)
[INFO] [1775394787.938632793] [navNode]: MCU2 send back: Gdoing*
[INFO] [1775394788.009889940] [navNode]: 状态4：WaitAim--[A2]
[INFO] [1775394788.010361362] [navNode]: 未到目标点
目标位置:(-0.25, 1.25, 1.2)-[A2]-[MCU:False]-[POS:False]
当前位置:(-0.07172296941280365, 0.012778867967426777, -0.006838631816208363)
[INFO] [1775394788.057694543] [navNode]: MCU2 send back: Gdoing*
[INFO] [1775394788.109862393] [navNode]: 状态4：WaitAim--[A2]
[INFO] [1775394788.110380401] [navNode]: 未到目标点
目标位置:(-0.25, 1.25, 1.2)-[A2]-[MCU:False]-[POS:False]
当前位置:(-0.07204579561948776, 0.01218023244291544, -0.006545720621943474)
[INFO] [1775394788.178279543] [navNode]: MCU2 send back: Gdoing*
[INFO] [1775394788.210020301] [navNode]: 状态4：WaitAim--[A2]
[INFO] [1775394788.210504038] [navNode]: 未到目标点
目标位置:(-0.25, 1.25, 1.2)-[A2]-[MCU:False]-[POS:False]
当前位置:(-0.07245651632547379, 0.012704090215265751, -0.005430430173873901)
[INFO] [1775394788.299201377] [navNode]: MCU2 send back: Gdoing*
[INFO] [1775394788.311462039] [navNode]: 状态4：WaitAim--[A2]
[INFO] [1775394788.312064078] [navNode]: 未到目标点
目标位置:(-0.25, 1.25, 1.2)-[A2]-[MCU:False]-[POS:False]
当前位置:(-0.0723721981048584, 0.01235906034708023, -0.004756157752126455)
[INFO] [1775394788.409953090] [navNode]: 状态4：WaitAim--[A2]
[INFO] [1775394788.410441485] [navNode]: 未到目标点
目标位置:(-0.25, 1.25, 1.2)-[A2]-[MCU:False]-[POS:False]
当前位置:(-0.07215797156095505, 0.01290132012218237, -0.005135275423526764)
[INFO] [1775394788.420034945] [navNode]: MCU2 send back: Gdoing*
[INFO] [1775394788.509980739] [navNode]: 状态4：WaitAim--[A2]
[INFO] [1775394788.510446227] [navNode]: 未到目标点
目标位置:(-0.25, 1.25, 1.2)-[A2]-[MCU:False]-[POS:False]
当前位置:(-0.07176121324300766, 0.012656237930059433, -0.00585406506434083)
[INFO] [1775394788.538893353] [navNode]: MCU2 send back: Gdoing*
[INFO] [1775394788.609932172] [navNode]: 状态4：WaitAim--[A2]
[INFO] [1775394788.610443790] [navNode]: 未到目标点
目标位置:(-0.25, 1.25, 1.2)-[A2]-[MCU:False]-[POS:False]
当前位置:(-0.072039395570755, 0.013181780464947224, -0.006489419378340244)
[INFO] [1775394788.658560012] [navNode]: MCU2 send back: Gdoing*
[INFO] [1775394788.710330311] [navNode]: 状态4：WaitAim--[A2]
[INFO] [1775394788.710926602] [navNode]: 未到目标点
目标位置:(-0.25, 1.25, 1.2)-[A2]-[MCU:False]-[POS:False]
当前位置:(-0.07213906198740005, 0.013421985320746899, -0.006121594924479723)
[INFO] [1775394788.779814134] [navNode]: MCU2 send back: Gdoing*
[INFO] [1775394788.810115503] [navNode]: 状态4：WaitAim--[A2]
[INFO] [1775394788.811156797] [navNode]: 未到目标点
目标位置:(-0.25, 1.25, 1.2)-[A2]-[MCU:False]-[POS:False]
当前位置:(-0.0719287246465683, 0.013122889213263988, -0.006445492152124643)
[INFO] [1775394788.902362739] [navNode]: MCU2 send back: Gdoing*
[INFO] [1775394788.909927874] [navNode]: 状态4：WaitAim--[A2]
[INFO] [1775394788.910502947] [navNode]: 未到目标点
目标位置:(-0.25, 1.25, 1.2)-[A2]-[MCU:False]-[POS:False]
当前位置:(-0.07196976244449615, 0.01299995742738247, -0.006325192749500275)
[INFO] [1775394789.010471024] [navNode]: 状态4：WaitAim--[A2]
[INFO] [1775394789.010944241] [navNode]: 未到目标点
目标位置:(-0.25, 1.25, 1.2)-[A2]-[MCU:False]-[POS:False]
当前位置:(-0.07222431153059006, 0.012845375575125217, -0.0060793026350438595)
[INFO] [1775394789.021052047] [navNode]: MCU2 send back: Gdoing*
[INFO] [1775394789.109785966] [navNode]: 状态4：WaitAim--[A2]
[INFO] [1775394789.110276398] [navNode]: 未到目标点
目标位置:(-0.25, 1.25, 1.2)-[A2]-[MCU:False]-[POS:False]
当前位置:(-0.0720483735203743, 0.012394474819302559, -0.005972450133413076)
[INFO] [1775394789.141249347] [navNode]: MCU2 send back: Gdoing*
[INFO] [1775394789.209774383] [navNode]: 状态4：WaitAim--[A2]
[INFO] [1775394789.210659475] [navNode]: 未到目标点
目标位置:(-0.25, 1.25, 1.2)-[A2]-[MCU:False]-[POS:False]
当前位置:(-0.0719476193189621, 0.013194413855671883, -0.005562431178987026)
[INFO] [1775394789.260904927] [navNode]: MCU2 send back: Gdoing*
[INFO] [1775394789.310195410] [navNode]: 状态4：WaitAim--[A2]
[INFO] [1775394789.310723295] [navNode]: 未到目标点
目标位置:(-0.25, 1.25, 1.2)-[A2]-[MCU:False]-[POS:False]
当前位置:(-0.07228222489356995, 0.012716530822217464, -0.006191001273691654)
[INFO] [1775394789.381932712] [navNode]: MCU2 send back: Gdoing*
[INFO] [1775394789.410444752] [navNode]: 状态4：WaitAim--[A2]
[INFO] [1775394789.411826856] [navNode]: 未到目标点
目标位置:(-0.25, 1.25, 1.2)-[A2]-[MCU:False]-[POS:False]
当前位置:(-0.07242859899997711, 0.012490976601839066, -0.006251701153814793)
[INFO] [1775394789.501968613] [navNode]: MCU2 send back: Gdoing*
[INFO] [1775394789.510316164] [navNode]: 状态4：WaitAim--[A2]
[INFO] [1775394789.510990209] [navNode]: 未到目标点
目标位置:(-0.25, 1.25, 1.2)-[A2]-[MCU:False]-[POS:False]
当前位置:(-0.07251892983913422, 0.011705448850989342, -0.005751446820795536)
[INFO] [1775394789.610083585] [navNode]: 状态4：WaitAim--[A2]
[INFO] [1775394789.610697811] [navNode]: 未到目标点
目标位置:(-0.25, 1.25, 1.2)-[A2]-[MCU:False]-[POS:False]
当前位置:(-0.0724947527050972, 0.011279650963842869, -0.005853382870554924)
[INFO] [1775394789.621608783] [navNode]: MCU2 send back: Gdoing*
[INFO] [1775394789.711071505] [navNode]: 状态4：WaitAim--[A2]
[INFO] [1775394789.711614233] [navNode]: 未到目标点
目标位置:(-0.25, 1.25, 1.2)-[A2]-[MCU:False]-[POS:False]
当前位置:(-0.07239122688770294, 0.011527742259204388, -0.0060283648781478405)
[INFO] [1775394789.742201643] [navNode]: MCU2 send back: Gdoing*
[INFO] [1775394789.809971328] [navNode]: 状态4：WaitAim--[A2]
[INFO] [1775394789.810638972] [navNode]: 未到目标点
目标位置:(-0.25, 1.25, 1.2)-[A2]-[MCU:False]-[POS:False]
当前位置:(-0.07217572629451752, 0.01236094068735838, -0.0055962298065423965)
[INFO] [1775394789.863877507] [navNode]: MCU2 send back: Gdoing*
[INFO] [1775394789.911833190] [navNode]: 状态4：WaitAim--[A2]
[INFO] [1775394789.912698600] [navNode]: 未到目标点
目标位置:(-0.25, 1.25, 1.2)-[A2]-[MCU:False]-[POS:False]
当前位置:(-0.07190164923667908, 0.012470941990613937, -0.006250960286706686)
[INFO] [1775394789.983241718] [navNode]: MCU2 send back: Gdoing*
[INFO] [1775394790.010790365] [navNode]: 状态4：WaitAim--[A2]
[INFO] [1775394790.011437927] [navNode]: 未到目标点
目标位置:(-0.25, 1.25, 1.2)-[A2]-[MCU:False]-[POS:False]
当前位置:(-0.07243065536022186, 0.012603705748915672, -0.005606895312666893)
[INFO] [1775394790.102914809] [navNode]: MCU2 send back: Gdoing*
[INFO] [1775394790.110083871] [navNode]: 状态4：WaitAim--[A2]
[INFO] [1775394790.110977728] [navNode]: 未到目标点
目标位置:(-0.25, 1.25, 1.2)-[A2]-[MCU:False]-[POS:False]
当前位置:(-0.07255391776561737, 0.012664240784943104, -0.005654145497828722)
[INFO] [1775394790.210296352] [navNode]: 状态4：WaitAim--[A2]
[INFO] [1775394790.210817112] [navNode]: 未到目标点
目标位置:(-0.25, 1.25, 1.2)-[A2]-[MCU:False]-[POS:False]
当前位置:(-0.07248252630233765, 0.01217761542648077, -0.00546822277829051)
[INFO] [1775394790.221910092] [navNode]: MCU2 send back: Gdoing*
[INFO] [1775394790.309818193] [navNode]: 状态4：WaitAim--[A2]
[INFO] [1775394790.310320460] [navNode]: 未到目标点
目标位置:(-0.25, 1.25, 1.2)-[A2]-[MCU:False]-[POS:False]
当前位置:(-0.07252124696969986, 0.01192264910787344, -0.006033522076904774)
[INFO] [1775394790.343497388] [navNode]: MCU2 send back: Gdoing*
[INFO] [1775394790.410245316] [navNode]: 状态4：WaitAim--[A2]
[INFO] [1775394790.410787051] [navNode]: 未到目标点
目标位置:(-0.25, 1.25, 1.2)-[A2]-[MCU:False]-[POS:False]
当前位置:(-0.0731605738401413, 0.012393566779792309, -0.005515601020306349)
[INFO] [1775394790.464653443] [navNode]: MCU2 send back: Gdoing*
[INFO] [1775394790.510548070] [navNode]: 状态4：WaitAim--[A2]
[INFO] [1775394790.511154729] [navNode]: 未到目标点
目标位置:(-0.25, 1.25, 1.2)-[A2]-[MCU:False]-[POS:False]
当前位置:(-0.07309181988239288, 0.012918812222778797, -0.0050659822300076485)
[INFO] [1775394790.583736999] [navNode]: MCU2 send back: Gdoing*
[INFO] [1775394790.610049334] [navNode]: 状态4：WaitAim--[A2]
[INFO] [1775394790.610854931] [navNode]: 未到目标点
目标位置:(-0.25, 1.25, 1.2)-[A2]-[MCU:False]-[POS:False]
当前位置:(-0.07324066758155823, 0.01294503640383482, -0.004798162262886763)
[INFO] [1775394790.704590408] [navNode]: MCU2 send back: Gdoing*
[INFO] [1775394790.709931048] [navNode]: 状态4：WaitAim--[A2]
[INFO] [1775394790.710544883] [navNode]: 未到目标点
目标位置:(-0.25, 1.25, 1.2)-[A2]-[MCU:False]-[POS:False]
当前位置:(-0.0730251669883728, 0.012869586236774921, -0.004950490314513445)
[INFO] [1775394790.810403680] [navNode]: 状态4：WaitAim--[A2]
[INFO] [1775394790.810999847] [navNode]: 未到目标点
目标位置:(-0.25, 1.25, 1.2)-[A2]-[MCU:False]-[POS:False]
当前位置:(-0.0732538029551506, 0.012505294755101204, -0.005062669515609741)
[INFO] [1775394790.824674022] [navNode]: MCU2 send back: Gdoing*
[INFO] [1775394790.910768481] [navNode]: 状态4：WaitAim--[A2]
[INFO] [1775394790.911548194] [navNode]: 未到目标点
目标位置:(-0.25, 1.25, 1.2)-[A2]-[MCU:False]-[POS:False]
当前位置:(-0.07268564403057098, 0.012861491180956364, -0.005408893339335918)
[INFO] [1775394790.943838819] [navNode]: MCU2 send back: Gdoing*
[INFO] [1775394791.010428922] [navNode]: 状态4：WaitAim--[A2]
[INFO] [1775394791.011329602] [navNode]: 未到目标点
目标位置:(-0.25, 1.25, 1.2)-[A2]-[MCU:False]-[POS:False]
当前位置:(-0.07321691513061523, 0.012609695084393024, -0.005908043589442968)
[INFO] [1775394791.065838103] [navNode]: MCU2 send back: Gdoing*
[INFO] [1775394791.110602728] [navNode]: 状态4：WaitAim--[A2]
[INFO] [1775394791.111228504] [navNode]: 未到目标点
目标位置:(-0.25, 1.25, 1.2)-[A2]-[MCU:False]-[POS:False]
当前位置:(-0.07318025827407837, 0.012536928988993168, -0.005569713655859232)
[INFO] [1775394791.183897686] [navNode]: MCU2 send back: Gdoing*
[INFO] [1775394791.209820748] [navNode]: 状态4：WaitAim--[A2]
[INFO] [1775394791.210777010] [navNode]: 未到目标点
目标位置:(-0.25, 1.25, 1.2)-[A2]-[MCU:False]-[POS:False]
当前位置:(-0.07330140471458435, 0.012635501101613045, -0.005156933329999447)
[INFO] [1775394791.304903733] [navNode]: MCU2 send back: Gdoing*
[INFO] [1775394791.310181653] [navNode]: 状态4：WaitAim--[A2]
[INFO] [1775394791.310716963] [navNode]: 未到目标点
目标位置:(-0.25, 1.25, 1.2)-[A2]-[MCU:False]-[POS:False]
当前位置:(-0.07350049912929535, 0.012372598052024841, -0.005319622810930014)
[INFO] [1775394791.410290849] [navNode]: 状态4：WaitAim--[A2]
[INFO] [1775394791.410864595] [navNode]: 未到目标点
目标位置:(-0.25, 1.25, 1.2)-[A2]-[MCU:False]-[POS:False]
当前位置:(-0.073589988052845, 0.0121154198423028, -0.005442816764116287)
[INFO] [1775394791.428477031] [navNode]: MCU2 send back: Gdoing*
[INFO] [1775394791.509929534] [navNode]: 状态4：WaitAim--[A2]
[INFO] [1775394791.510413530] [navNode]: 未到目标点
目标位置:(-0.25, 1.25, 1.2)-[A2]-[MCU:False]-[POS:False]
当前位置:(-0.07332446426153183, 0.012316509149968624, -0.00524117099121213)
[INFO] [1775394791.545142797] [navNode]: MCU2 send back: Gdoing*
[INFO] [1775394791.610981776] [navNode]: 状态4：WaitAim--[A2]
[INFO] [1775394791.611573909] [navNode]: 未到目标点
目标位置:(-0.25, 1.25, 1.2)-[A2]-[MCU:False]-[POS:False]
当前位置:(-0.07359949499368668, 0.012511243112385273, -0.005555222742259502)
[INFO] [1775394791.666723309] [navNode]: MCU2 send back: Gdoing*
[INFO] [1775394791.710327504] [navNode]: 状态4：WaitAim--[A2]
[INFO] [1775394791.710903204] [navNode]: 未到目标点
目标位置:(-0.25, 1.25, 1.2)-[A2]-[MCU:False]-[POS:False]
当前位置:(-0.0733555480837822, 0.012626846320927143, -0.005509440321475267)
[INFO] [1775394791.787684566] [navNode]: MCU2 send back: Gdoing*
[INFO] [1775394791.810524315] [navNode]: 状态4：WaitAim--[A2]
[INFO] [1775394791.811387828] [navNode]: 未到目标点
目标位置:(-0.25, 1.25, 1.2)-[A2]-[MCU:False]-[POS:False]
当前位置:(-0.07361669093370438, 0.012747758999466896, -0.005369978491216898)
[INFO] [1775394791.906357662] [navNode]: MCU2 send back: Gdoing*
[INFO] [1775394791.910354767] [navNode]: 状态4：WaitAim--[A2]
[INFO] [1775394791.911062863] [navNode]: 未到目标点
目标位置:(-0.25, 1.25, 1.2)-[A2]-[MCU:False]-[POS:False]
当前位置:(-0.07377083599567413, 0.012313983403146267, -0.005156091880053282)
[INFO] [1775394792.010628019] [navNode]: 状态4：WaitAim--[A2]
[INFO] [1775394792.011682979] [navNode]: 未到目标点
目标位置:(-0.25, 1.25, 1.2)-[A2]-[MCU:False]-[POS:False]
当前位置:(-0.07345697283744812, 0.01278372947126627, -0.00455094687640667)
[INFO] [1775394792.027339439] [navNode]: MCU2 send back: Gdoing*
[INFO] [1775394792.109947935] [navNode]: 状态4：WaitAim--[A2]
[INFO] [1775394792.110644927] [navNode]: 未到目标点
目标位置:(-0.25, 1.25, 1.2)-[A2]-[MCU:False]-[POS:False]
当前位置:(-0.07372134178876877, 0.01243415754288435, -0.00479660090059042)
[INFO] [1775394792.147632218] [navNode]: MCU2 send back: Gdoing*
[INFO] [1775394792.210542056] [navNode]: 状态4：WaitAim--[A2]
[INFO] [1775394792.211146089] [navNode]: 未到目标点
目标位置:(-0.25, 1.25, 1.2)-[A2]-[MCU:False]-[POS:False]
当前位置:(-0.07337316125631332, 0.012874973937869072, -0.004832953214645386)
[INFO] [1775394792.267044744] [navNode]: MCU2 send back: Gdoing*
[INFO] [1775394792.309948640] [navNode]: 状态4：WaitAim--[A2]
[INFO] [1775394792.310475793] [navNode]: 未到目标点
目标位置:(-0.25, 1.25, 1.2)-[A2]-[MCU:False]-[POS:False]
当前位置:(-0.0735313892364502, 0.012738990597426891, -0.004784882068634033)
[INFO] [1775394792.388780606] [navNode]: MCU2 send back: Gdoing*
[INFO] [1775394792.410823799] [navNode]: 状态4：WaitAim--[A2]
[INFO] [1775394792.411555166] [navNode]: 未到目标点
目标位置:(-0.25, 1.25, 1.2)-[A2]-[MCU:False]-[POS:False]
当前位置:(-0.0734633132815361, 0.012879622168838978, -0.0050938972271978855)
[INFO] [1775394792.506923518] [navNode]: MCU2 send back: Gdoing*
[INFO] [1775394792.509821831] [navNode]: 状态4：WaitAim--[A2]
[INFO] [1775394792.510301499] [navNode]: 未到目标点
目标位置:(-0.25, 1.25, 1.2)-[A2]-[MCU:False]-[POS:False]
当前位置:(-0.07363013178110123, 0.012293051928281784, -0.0059176357463002205)
[INFO] [1775394792.609887915] [navNode]: 状态4：WaitAim--[A2]
[INFO] [1775394792.610862061] [navNode]: 未到目标点
目标位置:(-0.25, 1.25, 1.2)-[A2]-[MCU:False]-[POS:False]
当前位置:(-0.07317972183227539, 0.012818071991205215, -0.004823884926736355)
[INFO] [1775394792.626568475] [navNode]: MCU2 send back: Gdoing*
[INFO] [1775394792.709868597] [navNode]: 状态4：WaitAim--[A2]
[INFO] [1775394792.710461813] [navNode]: 未到目标点
目标位置:(-0.25, 1.25, 1.2)-[A2]-[MCU:False]-[POS:False]
当前位置:(-0.07323802262544632, 0.013002417981624603, -0.0048051318153738976)
[INFO] [1775394792.748994244] [navNode]: MCU2 send back: Gdoing*
[INFO] [1775394792.809798684] [navNode]: 状态4：WaitAim--[A2]
[INFO] [1775394792.810328775] [navNode]: 未到目标点
目标位置:(-0.25, 1.25, 1.2)-[A2]-[MCU:False]-[POS:False]
当前位置:(-0.07349662482738495, 0.012220027856528759, -0.005352351814508438)
[INFO] [1775394792.867046672] [navNode]: MCU2 send back: Gdoing*
[INFO] [1775394792.910164375] [navNode]: 状态4：WaitAim--[A2]
[INFO] [1775394792.910769831] [navNode]: 未到目标点
目标位置:(-0.25, 1.25, 1.2)-[A2]-[MCU:False]-[POS:False]
当前位置:(-0.0738045945763588, 0.011714321561157703, -0.006003011949360371)
[INFO] [1775394792.987200914] [navNode]: MCU2 send back: Gdoing*
[INFO] [1775394793.010352561] [navNode]: 状态4：WaitAim--[A2]
[INFO] [1775394793.010961766] [navNode]: 未到目标点
目标位置:(-0.25, 1.25, 1.2)-[A2]-[MCU:False]-[POS:False]
当前位置:(-0.07392319291830063, 0.012246708385646343, -0.005664575845003128)
[INFO] [1775394793.108202593] [navNode]: MCU2 send back: Gdoing*
[INFO] [1775394793.109566461] [navNode]: 状态4：WaitAim--[A2]
[INFO] [1775394793.110132745] [navNode]: 未到目标点
目标位置:(-0.25, 1.25, 1.2)-[A2]-[MCU:False]-[POS:False]
当前位置:(-0.0732879787683487, 0.012139908969402313, -0.005831353832036257)
[INFO] [1775394793.210181744] [navNode]: 状态4：WaitAim--[A2]
[INFO] [1775394793.210961996] [navNode]: 未到目标点
目标位置:(-0.25, 1.25, 1.2)-[A2]-[MCU:False]-[POS:False]
当前位置:(-0.07336568832397461, 0.012038963846862316, -0.005693923216313124)
[INFO] [1775394793.227432112] [navNode]: MCU2 send back: Gdoing*
[INFO] [1775394793.309769479] [navNode]: 状态4：WaitAim--[A2]
[INFO] [1775394793.310299309] [navNode]: 未到目标点
目标位置:(-0.25, 1.25, 1.2)-[A2]-[MCU:False]-[POS:False]
当前位置:(-0.07307091355323792, 0.012009420432150364, -0.005820717662572861)
[INFO] [1775394793.348199022] [navNode]: MCU2 send back: Gdoing*
[INFO] [1775394793.410297745] [navNode]: 状态4：WaitAim--[A2]
[INFO] [1775394793.410894007] [navNode]: 未到目标点
目标位置:(-0.25, 1.25, 1.2)-[A2]-[MCU:False]-[POS:False]
当前位置:(-0.07309488952159882, 0.011826610192656517, -0.005182393826544285)
[INFO] [1775394793.469468805] [navNode]: MCU2 send back: Gdoing*
[INFO] [1775394793.510050338] [navNode]: 状态4：WaitAim--[A2]
[INFO] [1775394793.510609594] [navNode]: 未到目标点
目标位置:(-0.25, 1.25, 1.2)-[A2]-[MCU:False]-[POS:False]
当前位置:(-0.0738295391201973, 0.011979131028056145, -0.0058639212511479855)
[INFO] [1775394793.588366400] [navNode]: MCU2 send back: Gdoing*
[INFO] [1775394793.610295365] [navNode]: 状态4：WaitAim--[A2]
[INFO] [1775394793.610830653] [navNode]: 未到目标点
目标位置:(-0.25, 1.25, 1.2)-[A2]-[MCU:False]-[POS:False]
当前位置:(-0.07335122674703598, 0.012230617925524712, -0.005028525833040476)
[INFO] [1775394793.708570005] [navNode]: MCU2 send back: Gdoing*
[INFO] [1775394793.710498793] [navNode]: 状态4：WaitAim--[A2]
[INFO] [1775394793.711087091] [navNode]: 未到目标点
目标位置:(-0.25, 1.25, 1.2)-[A2]-[MCU:False]-[POS:False]
当前位置:(-0.073621466755867, 0.011807013303041458, -0.00559761980548501)
[INFO] [1775394793.810378371] [navNode]: 状态4：WaitAim--[A2]
[INFO] [1775394793.811706584] [navNode]: 未到目标点
目标位置:(-0.25, 1.25, 1.2)-[A2]-[MCU:False]-[POS:False]
当前位置:(-0.07306191325187683, 0.011541937477886677, -0.005379554815590382)
[INFO] [1775394793.830271334] [navNode]: MCU2 send back: Gdoing*
[INFO] [1775394793.911627425] [navNode]: 状态4：WaitAim--[A2]
[INFO] [1775394793.912361797] [navNode]: 未到目标点
目标位置:(-0.25, 1.25, 1.2)-[A2]-[MCU:False]-[POS:False]
当前位置:(-0.07256996631622314, 0.01217818446457386, -0.005325417034327984)
[INFO] [1775394793.949055944] [navNode]: MCU2 send back: Gdoing*
[INFO] [1775394794.010070581] [navNode]: 状态4：WaitAim--[A2]
[INFO] [1775394794.010618411] [navNode]: 未到目标点
目标位置:(-0.25, 1.25, 1.2)-[A2]-[MCU:False]-[POS:False]
当前位置:(-0.07266277074813843, 0.012151486240327358, -0.0056525119580328465)
[INFO] [1775394794.069472487] [navNode]: MCU2 send back: Gdoing*
[INFO] [1775394794.110465726] [navNode]: 状态4：WaitAim--[A2]
[INFO] [1775394794.111092162] [navNode]: 未到目标点
目标位置:(-0.25, 1.25, 1.2)-[A2]-[MCU:False]-[POS:False]
当前位置:(-0.07253696769475937, 0.012125770561397076, -0.005825547967106104)
[INFO] [1775394794.194158874] [navNode]: MCU2 send back: Gdoing*
[INFO] [1775394794.211134701] [navNode]: 状态4：WaitAim--[A2]
[INFO] [1775394794.212149943] [navNode]: 未到目标点
目标位置:(-0.25, 1.25, 1.2)-[A2]-[MCU:False]-[POS:False]
当前位置:(-0.07266708463430405, 0.011847574263811111, -0.005440201610326767)
[INFO] [1775394794.310113378] [navNode]: MCU2 send back: Gdoing*
[INFO] [1775394794.312038347] [navNode]: 状态4：WaitAim--[A2]
[INFO] [1775394794.312837854] [navNode]: 未到目标点
目标位置:(-0.25, 1.25, 1.2)-[A2]-[MCU:False]-[POS:False]
当前位置:(-0.07295476645231247, 0.01148716825991869, -0.0064089628867805)
[INFO] [1775394794.410318569] [navNode]: 状态4：WaitAim--[A2]
[INFO] [1775394794.411146500] [navNode]: 未到目标点
目标位置:(-0.25, 1.25, 1.2)-[A2]-[MCU:False]-[POS:False]
当前位置:(-0.07302290201187134, 0.011364038102328777, -0.005495844874531031)
[INFO] [1775394794.429805890] [navNode]: MCU2 send back: Gdoing*
[INFO] [1775394794.510602111] [navNode]: 状态4：WaitAim--[A2]
[INFO] [1775394794.511189006] [navNode]: 未到目标点
目标位置:(-0.25, 1.25, 1.2)-[A2]-[MCU:False]-[POS:False]
当前位置:(-0.0731121078133583, 0.011305654421448708, -0.005951079074293375)
[INFO] [1775394794.550537360] [navNode]: MCU2 send back: Gdoing*
[INFO] [1775394794.610575015] [navNode]: 状态4：WaitAim--[A2]
[INFO] [1775394794.611149261] [navNode]: 未到目标点
目标位置:(-0.25, 1.25, 1.2)-[A2]-[MCU:False]-[POS:False]
当前位置:(-0.07307671010494232, 0.011441002599895, -0.005308529362082481)
[INFO] [1775394794.670897579] [navNode]: MCU2 send back: Gdoing*
[INFO] [1775394794.710054022] [navNode]: 状态4：WaitAim--[A2]
[INFO] [1775394794.710643639] [navNode]: 未到目标点
目标位置:(-0.25, 1.25, 1.2)-[A2]-[MCU:False]-[POS:False]
当前位置:(-0.072695791721344, 0.01153876818716526, -0.005498774349689484)
[INFO] [1775394794.790723352] [navNode]: MCU2 send back: Gdoing*
[INFO] [1775394794.810103003] [navNode]: 状态4：WaitAim--[A2]
[INFO] [1775394794.810764521] [navNode]: 未到目标点
目标位置:(-0.25, 1.25, 1.2)-[A2]-[MCU:False]-[POS:False]
当前位置:(-0.072677843272686, 0.012154962867498398, -0.006084343884140253)
[INFO] [1775394794.910083785] [navNode]: 状态4：WaitAim--[A2]
[INFO] [1775394794.910962855] [navNode]: 未到目标点
目标位置:(-0.25, 1.25, 1.2)-[A2]-[MCU:False]-[POS:False]
当前位置:(-0.07294721156358719, 0.01176459901034832, -0.005819500423967838)
[INFO] [1775394794.912526652] [navNode]: MCU2 send back: Gdoing*
[INFO] [1775394795.010489352] [navNode]: 状态4：WaitAim--[A2]
[INFO] [1775394795.011492337] [navNode]: 未到目标点
目标位置:(-0.25, 1.25, 1.2)-[A2]-[MCU:False]-[POS:False]
当前位置:(-0.07318044453859329, 0.011531169526278973, -0.005527071189135313)
[INFO] [1775394795.032713188] [navNode]: MCU2 send back: Gdoing*
[INFO] [1775394795.110120367] [navNode]: 状态4：WaitAim--[A2]
[INFO] [1775394795.110740501] [navNode]: 未到目标点
目标位置:(-0.25, 1.25, 1.2)-[A2]-[MCU:False]-[POS:False]
当前位置:(-0.07331549376249313, 0.01114904135465622, -0.004938039928674698)
[INFO] [1775394795.154401466] [navNode]: MCU2 send back: Gdoing*
[INFO] [1775394795.211498252] [navNode]: 状态4：WaitAim--[A2]
[INFO] [1775394795.212081605] [navNode]: 未到目标点
目标位置:(-0.25, 1.25, 1.2)-[A2]-[MCU:False]-[POS:False]
当前位置:(-0.07284137606620789, 0.01184356864541769, -0.005322029814124107)
[INFO] [1775394795.273391394] [navNode]: MCU2 send back: Gdoing*
[INFO] [1775394795.310068948] [navNode]: 状态4：WaitAim--[A2]
[INFO] [1775394795.310734392] [navNode]: 未到目标点
目标位置:(-0.25, 1.25, 1.2)-[A2]-[MCU:False]-[POS:False]
当前位置:(-0.07295744866132736, 0.011814753524959087, -0.005346908699721098)
[INFO] [1775394795.395515968] [navNode]: MCU2 send back: Gdoing*
[INFO] [1775394795.412056998] [navNode]: 状态4：WaitAim--[A2]
[INFO] [1775394795.413287328] [navNode]: 未到目标点
目标位置:(-0.25, 1.25, 1.2)-[A2]-[MCU:False]-[POS:False]
当前位置:(-0.07307226955890656, 0.011907807551324368, -0.00524772796779871)
[INFO] [1775394795.509855150] [navNode]: 状态4：WaitAim--[A2]
[INFO] [1775394795.510351994] [navNode]: 未到目标点
目标位置:(-0.25, 1.25, 1.2)-[A2]-[MCU:False]-[POS:False]
当前位置:(-0.07320103794336319, 0.012238150462508202, -0.005332293454557657)
[INFO] [1775394795.514107482] [navNode]: MCU2 send back: Gdoing*
[INFO] [1775394795.610430904] [navNode]: 状态4：WaitAim--[A2]
[INFO] [1775394795.611025918] [navNode]: 未到目标点
目标位置:(-0.25, 1.25, 1.2)-[A2]-[MCU:False]-[POS:False]
当前位置:(-0.07342753559350967, 0.011968830600380898, -0.005526039283722639)
[INFO] [1775394795.633743198] [navNode]: MCU2 send back: Gdoing*
[INFO] [1775394795.709790617] [navNode]: 状态4：WaitAim--[A2]
[INFO] [1775394795.710357325] [navNode]: 未到目标点
目标位置:(-0.25, 1.25, 1.2)-[A2]-[MCU:False]-[POS:False]
当前位置:(-0.07293466478586197, 0.011975396424531937, -0.005179124418646097)
[INFO] [1775394795.753701854] [navNode]: MCU2 send back: Gdoing*
[INFO] [1775394795.810158962] [navNode]: 状态4：WaitAim--[A2]
[INFO] [1775394795.810788306] [navNode]: 未到目标点
目标位置:(-0.25, 1.25, 1.2)-[A2]-[MCU:False]-[POS:False]
当前位置:(-0.07335671037435532, 0.012310883961617947, -0.005371349398046732)
[INFO] [1775394795.874294446] [navNode]: MCU2 send back: Gdoing*
[INFO] [1775394795.910233861] [navNode]: 状态4：WaitAim--[A2]
[INFO] [1775394795.910872999] [navNode]: 未到目标点
目标位置:(-0.25, 1.25, 1.2)-[A2]-[MCU:False]-[POS:False]
当前位置:(-0.07339661568403244, 0.012316861189901829, -0.005336587782949209)
[INFO] [1775394795.995784287] [navNode]: MCU2 send back: Gdoing*
[INFO] [1775394796.010355938] [navNode]: 状态4：WaitAim--[A2]
[INFO] [1775394796.010912731] [navNode]: 未到目标点
目标位置:(-0.25, 1.25, 1.2)-[A2]-[MCU:False]-[POS:False]
当前位置:(-0.07365264743566513, 0.012242374941706657, -0.004709701053798199)
[INFO] [1775394796.110291724] [navNode]: 状态4：WaitAim--[A2]
[INFO] [1775394796.111803613] [navNode]: 未到目标点
目标位置:(-0.25, 1.25, 1.2)-[A2]-[MCU:False]-[POS:False]
当前位置:(-0.0741395577788353, 0.011537192389369011, -0.004880799446254969)
[INFO] [1775394796.115172826] [navNode]: MCU2 send back: Gdoing*
[INFO] [1775394796.210232899] [navNode]: 状态4：WaitAim--[A2]
[INFO] [1775394796.211806934] [navNode]: 未到目标点
目标位置:(-0.25, 1.25, 1.2)-[A2]-[MCU:False]-[POS:False]
当前位置:(-0.07346594333648682, 0.012208646163344383, -0.004663871601223946)
[INFO] [1775394796.234877324] [navNode]: MCU2 send back: Gdoing*
[INFO] [1775394796.310177990] [navNode]: 状态4：WaitAim--[A2]
[INFO] [1775394796.310724741] [navNode]: 未到目标点
目标位置:(-0.25, 1.25, 1.2)-[A2]-[MCU:False]-[POS:False]
当前位置:(-0.07336175441741943, 0.011756690219044685, -0.004598821047693491)
[INFO] [1775394796.356181160] [navNode]: MCU2 send back: Gdoing*
[INFO] [1775394796.410419313] [navNode]: 状态4：WaitAim--[A2]
[INFO] [1775394796.410990875] [navNode]: 未到目标点
目标位置:(-0.25, 1.25, 1.2)-[A2]-[MCU:False]-[POS:False]
当前位置:(-0.07314352691173553, 0.012192894704639912, -0.00553232803940773)
[INFO] [1775394796.477800301] [navNode]: MCU2 send back: Gdoing*
[INFO] [1775394796.510375086] [navNode]: 状态4：WaitAim--[A2]
[INFO] [1775394796.511175846] [navNode]: 未到目标点
目标位置:(-0.25, 1.25, 1.2)-[A2]-[MCU:False]-[POS:False]
当前位置:(-0.07369121164083481, 0.012366767972707748, -0.004750046879053116)
[INFO] [1775394796.596702979] [navNode]: MCU2 send back: Gdoing*
[INFO] [1775394796.609945908] [navNode]: 状态4：WaitAim--[A2]
[INFO] [1775394796.610484237] [navNode]: 未到目标点
目标位置:(-0.25, 1.25, 1.2)-[A2]-[MCU:False]-[POS:False]
当前位置:(-0.07403051853179932, 0.012148995883762836, -0.005175620783120394)
[INFO] [1775394796.710307510] [navNode]: 状态4：WaitAim--[A2]
[INFO] [1775394796.710915483] [navNode]: 未到目标点
目标位置:(-0.25, 1.25, 1.2)-[A2]-[MCU:False]-[POS:False]
当前位置:(-0.07384241372346878, 0.012036983855068684, -0.004941157065331936)
[INFO] [1775394796.718062196] [navNode]: MCU2 send back: Gdoing*
[INFO] [1775394796.810043749] [navNode]: 状态4：WaitAim--[A2]
[INFO] [1775394796.810523615] [navNode]: 未到目标点
目标位置:(-0.25, 1.25, 1.2)-[A2]-[MCU:False]-[POS:False]
当前位置:(-0.07382957637310028, 0.011704492382705212, -0.005871536210179329)
[INFO] [1775394796.836105240] [navNode]: MCU2 send back: Gdoing*
[INFO] [1775394796.909942542] [navNode]: 状态4：WaitAim--[A2]
[INFO] [1775394796.910532891] [navNode]: 未到目标点
目标位置:(-0.25, 1.25, 1.2)-[A2]-[MCU:False]-[POS:False]
当前位置:(-0.07340223342180252, 0.011628604494035244, -0.005539005622267723)
[INFO] [1775394796.956644568] [navNode]: MCU2 send back: Gdoing*
[INFO] [1775394797.010488095] [navNode]: 状态4：WaitAim--[A2]
[INFO] [1775394797.011287723] [navNode]: 未到目标点
目标位置:(-0.25, 1.25, 1.2)-[A2]-[MCU:False]-[POS:False]
当前位置:(-0.0729060247540474, 0.012113629840314388, -0.004801670555025339)
[INFO] [1775394797.078855686] [navNode]: MCU2 send back: Gdoing*
[INFO] [1775394797.110401656] [navNode]: 状态4：WaitAim--[A2]
[INFO] [1775394797.111295666] [navNode]: 未到目标点
目标位置:(-0.25, 1.25, 1.2)-[A2]-[MCU:False]-[POS:False]
当前位置:(-0.07345587015151978, 0.011717023327946663, -0.005070757120847702)
[INFO] [1775394797.197981263] [navNode]: MCU2 send back: Gdoing*
[INFO] [1775394797.210140356] [navNode]: 状态4：WaitAim--[A2]
[INFO] [1775394797.210872141] [navNode]: 未到目标点
目标位置:(-0.25, 1.25, 1.2)-[A2]-[MCU:False]-[POS:False]
当前位置:(-0.07354523986577988, 0.01187139842659235, -0.0050541856326162815)
[INFO] [1775394797.310202203] [navNode]: 状态4：WaitAim--[A2]
[INFO] [1775394797.310773363] [navNode]: 未到目标点
目标位置:(-0.25, 1.25, 1.2)-[A2]-[MCU:False]-[POS:False]
当前位置:(-0.07307334989309311, 0.011661861091852188, -0.006102827377617359)
[INFO] [1775394797.316536756] [navNode]: MCU2 send back: Gdoing*
[INFO] [1775394797.410489603] [navNode]: 状态4：WaitAim--[A2]
[INFO] [1775394797.411075430] [navNode]: 未到目标点
目标位置:(-0.25, 1.25, 1.2)-[A2]-[MCU:False]-[POS:False]
当前位置:(-0.07296750694513321, 0.011537685990333557, -0.005771473981440067)
[INFO] [1775394797.436517639] [navNode]: MCU2 send back: Gdoing*
[INFO] [1775394797.509751890] [navNode]: 状态4：WaitAim--[A2]
[INFO] [1775394797.510262275] [navNode]: 未到目标点
目标位置:(-0.25, 1.25, 1.2)-[A2]-[MCU:False]-[POS:False]
当前位置:(-0.07335354387760162, 0.011690100654959679, -0.005304933059960604)
[INFO] [1775394797.558533088] [navNode]: MCU2 send back: Gdoing*
[INFO] [1775394797.610182085] [navNode]: 状态4：WaitAim--[A2]
[INFO] [1775394797.610683774] [navNode]: 未到目标点
目标位置:(-0.25, 1.25, 1.2)-[A2]-[MCU:False]-[POS:False]
当前位置:(-0.07334402203559875, 0.01209693867713213, -0.005454526748508215)
[INFO] [1775394797.677613647] [navNode]: MCU2 send back: Gdoing*
[INFO] [1775394797.710051040] [navNode]: 状态4：WaitAim--[A2]
[INFO] [1775394797.710618665] [navNode]: 未到目标点
目标位置:(-0.25, 1.25, 1.2)-[A2]-[MCU:False]-[POS:False]
当前位置:(-0.0731181874871254, 0.01140221580862999, -0.005127827171236277)
[INFO] [1775394797.797824658] [navNode]: MCU2 send back: Gdoing*
[INFO] [1775394797.809947129] [navNode]: 状态4：WaitAim--[A2]
[INFO] [1775394797.810440748] [navNode]: 未到目标点
目标位置:(-0.25, 1.25, 1.2)-[A2]-[MCU:False]-[POS:False]
当前位置:(-0.07306301593780518, 0.011653117835521698, -0.004518589936196804)
[INFO] [1775394797.909985320] [navNode]: 状态4：WaitAim--[A2]
[INFO] [1775394797.910436152] [navNode]: 未到目标点
目标位置:(-0.25, 1.25, 1.2)-[A2]-[MCU:False]-[POS:False]
当前位置:(-0.07303553074598312, 0.01186357717961073, -0.0048033008351922035)
[INFO] [1775394797.918867945] [navNode]: MCU2 send back: Gdoing*
[INFO] [1775394798.010193636] [navNode]: 状态4：WaitAim--[A2]
[INFO] [1775394798.010738751] [navNode]: 未到目标点
目标位置:(-0.25, 1.25, 1.2)-[A2]-[MCU:False]-[POS:False]
当前位置:(-0.07295620441436768, 0.011642761528491974, -0.0054334127344191074)
[INFO] [1775394798.037416380] [navNode]: MCU2 send back: Gdoing*
[INFO] [1775394798.109851563] [navNode]: 状态4：WaitAim--[A2]
[INFO] [1775394798.110435745] [navNode]: 未到目标点
目标位置:(-0.25, 1.25, 1.2)-[A2]-[MCU:False]-[POS:False]
当前位置:(-0.0730401948094368, 0.011353055946528912, -0.0052777063101530075)
[INFO] [1775394798.156908915] [navNode]: MCU2 send back: Gdoing*
[INFO] [1775394798.209931447] [navNode]: 状态4：WaitAim--[A2]
[INFO] [1775394798.210427483] [navNode]: 未到目标点
目标位置:(-0.25, 1.25, 1.2)-[A2]-[MCU:False]-[POS:False]
当前位置:(-0.07355619966983795, 0.011951799504458904, -0.005020391196012497)
[INFO] [1775394798.277222152] [navNode]: MCU2 send back: Gdoing*
[INFO] [1775394798.310117605] [navNode]: 状态4：WaitAim--[A2]
[INFO] [1775394798.310952927] [navNode]: 未到目标点
目标位置:(-0.25, 1.25, 1.2)-[A2]-[MCU:False]-[POS:False]
当前位置:(-0.07422342151403427, 0.011692088097333908, -0.0054407985880970955)
[INFO] [1775394798.398144441] [navNode]: MCU2 send back: Gdoing*
[INFO] [1775394798.409818673] [navNode]: 状态4：WaitAim--[A2]
[INFO] [1775394798.410406186] [navNode]: 未到目标点
目标位置:(-0.25, 1.25, 1.2)-[A2]-[MCU:False]-[POS:False]
当前位置:(-0.07397808879613876, 0.011844917200505733, -0.00521100265905261)
[INFO] [1775394798.509811759] [navNode]: 状态4：WaitAim--[A2]
[INFO] [1775394798.510348695] [navNode]: 未到目标点
目标位置:(-0.25, 1.25, 1.2)-[A2]-[MCU:False]-[POS:False]
当前位置:(-0.07370205223560333, 0.01192681398242712, -0.005528015550225973)
[INFO] [1775394798.518572500] [navNode]: MCU2 send back: Gdoing*
[INFO] [1775394798.610826882] [navNode]: 状态4：WaitAim--[A2]
[INFO] [1775394798.611304483] [navNode]: 未到目标点
目标位置:(-0.25, 1.25, 1.2)-[A2]-[MCU:False]-[POS:False]
当前位置:(-0.07325467467308044, 0.011702554300427437, -0.00562561908736825)
[INFO] [1775394798.637668112] [navNode]: MCU2 send back: Gdoing*
[INFO] [1775394798.709951558] [navNode]: 状态4：WaitAim--[A2]
[INFO] [1775394798.710454674] [navNode]: 未到目标点
目标位置:(-0.25, 1.25, 1.2)-[A2]-[MCU:False]-[POS:False]
当前位置:(-0.07320879399776459, 0.011701919138431549, -0.005107170902192593)
[INFO] [1775394798.762793356] [navNode]: MCU2 send back: Gdoing*
[INFO] [1775394798.809732206] [navNode]: 状态4：WaitAim--[A2]
[INFO] [1775394798.810237057] [navNode]: 未到目标点
目标位置:(-0.25, 1.25, 1.2)-[A2]-[MCU:False]-[POS:False]
当前位置:(-0.07285269349813461, 0.01179787702858448, -0.005816262681037188)
[INFO] [1775394798.912693526] [navNode]: 状态4：WaitAim--[A2]
[INFO] [1775394798.914011801] [navNode]: 未到目标点
目标位置:(-0.25, 1.25, 1.2)-[A2]-[MCU:False]-[POS:False]
当前位置:(-0.07341598719358444, 0.011970315128564835, -0.0058868746273219585)
[INFO] [1775394798.915157923] [navNode]: MCU2 send back: Gdoing*
[INFO] [1775394798.998409542] [navNode]: MCU2 send back: Gdoing*
[INFO] [1775394799.009890519] [navNode]: 状态4：WaitAim--[A2]
[INFO] [1775394799.010450748] [navNode]: 未到目标点
目标位置:(-0.25, 1.25, 1.2)-[A2]-[MCU:False]-[POS:False]
当前位置:(-0.07370063662528992, 0.012165859341621399, -0.005702574271708727)
[INFO] [1775394799.110035566] [navNode]: 状态4：WaitAim--[A2]
[INFO] [1775394799.110583736] [navNode]: 未到目标点
目标位置:(-0.25, 1.25, 1.2)-[A2]-[MCU:False]-[POS:False]
当前位置:(-0.07307349890470505, 0.011716586537659168, -0.005237706005573273)
[INFO] [1775394799.120294811] [navNode]: MCU2 send back: Gdoing*
[INFO] [1775394799.209754569] [navNode]: 状态4：WaitAim--[A2]
[INFO] [1775394799.210302828] [navNode]: 未到目标点
目标位置:(-0.25, 1.25, 1.2)-[A2]-[MCU:False]-[POS:False]
当前位置:(-0.07356701046228409, 0.011531687341630459, -0.005987892858684063)
[INFO] [1775394799.241969179] [navNode]: MCU2 send back: Gdoing*
[INFO] [1775394799.309946766] [navNode]: 状态4：WaitAim--[A2]
[INFO] [1775394799.310582726] [navNode]: 未到目标点
目标位置:(-0.25, 1.25, 1.2)-[A2]-[MCU:False]-[POS:False]
当前位置:(-0.07336752116680145, 0.011591766029596329, -0.005352923180907965)
[INFO] [1775394799.360350310] [navNode]: MCU2 send back: Gdoing*
[INFO] [1775394799.410620000] [navNode]: 状态4：WaitAim--[A2]
[INFO] [1775394799.411925964] [navNode]: 未到目标点
目标位置:(-0.25, 1.25, 1.2)-[A2]-[MCU:False]-[POS:False]
当前位置:(-0.07312631607055664, 0.011752650141716003, -0.004868804477155209)
[INFO] [1775394799.481815012] [navNode]: MCU2 send back: Gdoing*
[INFO] [1775394799.511190266] [navNode]: 状态4：WaitAim--[A2]
[INFO] [1775394799.511814031] [navNode]: 未到目标点
目标位置:(-0.25, 1.25, 1.2)-[A2]-[MCU:False]-[POS:False]
当前位置:(-0.0732400119304657, 0.012077980674803257, -0.004693510010838509)
[INFO] [1775394799.601243886] [navNode]: MCU2 send back: Gdoing*
[INFO] [1775394799.610120610] [navNode]: 状态4：WaitAim--[A2]
[INFO] [1775394799.610883923] [navNode]: 未到目标点
目标位置:(-0.25, 1.25, 1.2)-[A2]-[MCU:False]-[POS:False]
当前位置:(-0.07363222539424896, 0.011766131967306137, -0.005316820926964283)
[INFO] [1775394799.710652721] [navNode]: 状态4：WaitAim--[A2]
[INFO] [1775394799.711417024] [navNode]: 未到目标点
目标位置:(-0.25, 1.25, 1.2)-[A2]-[MCU:False]-[POS:False]
当前位置:(-0.07392401248216629, 0.011912794783711433, -0.0051213279366493225)
[INFO] [1775394799.722215014] [navNode]: MCU2 send back: Gdoing*
[INFO] [1775394799.810744452] [navNode]: 状态4：WaitAim--[A2]
[INFO] [1775394799.811318570] [navNode]: 未到目标点
目标位置:(-0.25, 1.25, 1.2)-[A2]-[MCU:False]-[POS:False]
当前位置:(-0.07397578656673431, 0.012203511781990528, -0.0048389374278485775)
[INFO] [1775394799.841116591] [navNode]: MCU2 send back: Gdoing*
[INFO] [1775394799.910029412] [navNode]: 状态4：WaitAim--[A2]
[INFO] [1775394799.910591188] [navNode]: 未到目标点
目标位置:(-0.25, 1.25, 1.2)-[A2]-[MCU:False]-[POS:False]
当前位置:(-0.07345684617757797, 0.011849837377667427, -0.0050982581451535225)
[INFO] [1775394799.961031504] [navNode]: MCU2 send back: Gdoing*
[INFO] [1775394800.010430084] [navNode]: 状态4：WaitAim--[A2]
[INFO] [1775394800.011099737] [navNode]: 未到目标点
目标位置:(-0.25, 1.25, 1.2)-[A2]-[MCU:False]-[POS:False]
当前位置:(-0.07347850501537323, 0.012042822316288948, -0.004116992000490427)
[INFO] [1775394800.083166365] [navNode]: MCU2 send back: Gdoing*
[INFO] [1775394800.110395556] [navNode]: 状态4：WaitAim--[A2]
[INFO] [1775394800.110938443] [navNode]: 未到目标点
目标位置:(-0.25, 1.25, 1.2)-[A2]-[MCU:False]-[POS:False]
当前位置:(-0.0730823203921318, 0.011715852655470371, -0.004488097969442606)
[INFO] [1775394800.203431978] [navNode]: MCU2 send back: Gdoing*
[INFO] [1775394800.210612397] [navNode]: 状态4：WaitAim--[A2]
[INFO] [1775394800.211345327] [navNode]: 未到目标点
目标位置:(-0.25, 1.25, 1.2)-[A2]-[MCU:False]-[POS:False]
当前位置:(-0.0729205459356308, 0.011929749511182308, -0.00517623545601964)
[INFO] [1775394800.310464958] [navNode]: 状态4：WaitAim--[A2]
[INFO] [1775394800.311146637] [navNode]: 未到目标点
目标位置:(-0.25, 1.25, 1.2)-[A2]-[MCU:False]-[POS:False]
当前位置:(-0.07311361283063889, 0.011358372867107391, -0.00569683825597167)
[INFO] [1775394800.321633570] [navNode]: MCU2 send back: Gdoing*
[INFO] [1775394800.410587256] [navNode]: 状态4：WaitAim--[A2]
[INFO] [1775394800.411225192] [navNode]: 未到目标点
目标位置:(-0.25, 1.25, 1.2)-[A2]-[MCU:False]-[POS:False]
当前位置:(-0.07371819764375687, 0.011794469319283962, -0.005007191561162472)
[INFO] [1775394800.443240050] [navNode]: MCU2 send back: Gdoing*
[INFO] [1775394800.510336786] [navNode]: 状态4：WaitAim--[A2]
[INFO] [1775394800.510990937] [navNode]: 未到目标点
目标位置:(-0.25, 1.25, 1.2)-[A2]-[MCU:False]-[POS:False]
当前位置:(-0.07330530881881714, 0.011680719442665577, -0.004922456573694944)
[INFO] [1775394800.563793887] [navNode]: MCU2 send back: Gdoing*
[INFO] [1775394800.610058515] [navNode]: 状态4：WaitAim--[A2]
[INFO] [1775394800.610788594] [navNode]: 未到目标点
目标位置:(-0.25, 1.25, 1.2)-[A2]-[MCU:False]-[POS:False]
当前位置:(-0.07360796630382538, 0.011702600866556168, -0.004583362955600023)
[INFO] [1775394800.683597741] [navNode]: MCU2 send back: Gdoing*
[INFO] [1775394800.710974998] [navNode]: 状态4：WaitAim--[A2]
[INFO] [1775394800.711600041] [navNode]: 未到目标点
目标位置:(-0.25, 1.25, 1.2)-[A2]-[MCU:False]-[POS:False]
当前位置:(-0.07328204810619354, 0.012049012817442417, -0.005139356479048729)
[INFO] [1775394800.803575506] [navNode]: MCU2 send back: Gdoing*
[INFO] [1775394800.810083858] [navNode]: 状态4：WaitAim--[A2]
[INFO] [1775394800.810699447] [navNode]: 未到目标点
目标位置:(-0.25, 1.25, 1.2)-[A2]-[MCU:False]-[POS:False]
当前位置:(-0.0729852169752121, 0.01181937474757433, -0.005223783198744059)
[INFO] [1775394800.910048352] [navNode]: 状态4：WaitAim--[A2]
[INFO] [1775394800.910605978] [navNode]: 未到目标点
目标位置:(-0.25, 1.25, 1.2)-[A2]-[MCU:False]-[POS:False]
当前位置:(-0.073183573782444, 0.011758951470255852, -0.005543758627027273)
[INFO] [1775394800.924661433] [navNode]: MCU2 send back: Gdoing*
[INFO] [1775394801.010392076] [navNode]: 状态4：WaitAim--[A2]
[INFO] [1775394801.011021441] [navNode]: 未到目标点
目标位置:(-0.25, 1.25, 1.2)-[A2]-[MCU:False]-[POS:False]
当前位置:(-0.07271646708250046, 0.011514398269355297, -0.005642275791615248)
[INFO] [1775394801.044871970] [navNode]: MCU2 send back: Gdoing*
[INFO] [1775394801.110759465] [navNode]: 状态4：WaitAim--[A2]
[INFO] [1775394801.111952225] [navNode]: 未到目标点
目标位置:(-0.25, 1.25, 1.2)-[A2]-[MCU:False]-[POS:False]
当前位置:(-0.07312663644552231, 0.011269358918070793, -0.005553929600864649)
[INFO] [1775394801.166820199] [navNode]: MCU2 send back: Gdoing*
[INFO] [1775394801.210615141] [navNode]: 状态4：WaitAim--[A2]
[INFO] [1775394801.211183813] [navNode]: 未到目标点
目标位置:(-0.25, 1.25, 1.2)-[A2]-[MCU:False]-[POS:False]
当前位置:(-0.0734826922416687, 0.011457422748208046, -0.005392070394009352)
[INFO] [1775394801.284214293] [navNode]: MCU2 send back: Gdoing*
[INFO] [1775394801.310177957] [navNode]: 状态4：WaitAim--[A2]
[INFO] [1775394801.310751398] [navNode]: 未到目标点
目标位置:(-0.25, 1.25, 1.2)-[A2]-[MCU:False]-[POS:False]
当前位置:(-0.07354225218296051, 0.011648275889456272, -0.005335713736712933)
[INFO] [1775394801.404363929] [navNode]: MCU2 send back: Gdoing*
[INFO] [1775394801.410236283] [navNode]: 状态4：WaitAim--[A2]
[INFO] [1775394801.410796360] [navNode]: 未到目标点
目标位置:(-0.25, 1.25, 1.2)-[A2]-[MCU:False]-[POS:False]
当前位置:(-0.07368815690279007, 0.011317254044115543, -0.004359308164566755)
[INFO] [1775394801.509802548] [navNode]: 状态4：WaitAim--[A2]
[INFO] [1775394801.510282977] [navNode]: 未到目标点
目标位置:(-0.25, 1.25, 1.2)-[A2]-[MCU:False]-[POS:False]
当前位置:(-0.07351290434598923, 0.010969500988721848, -0.005422030575573444)
[INFO] [1775394801.524426240] [navNode]: MCU2 send back: Gdoing*
[INFO] [1775394801.609830826] [navNode]: 状态4：WaitAim--[A2]
[INFO] [1775394801.610369683] [navNode]: 未到目标点
目标位置:(-0.25, 1.25, 1.2)-[A2]-[MCU:False]-[POS:False]
当前位置:(-0.0736234188079834, 0.011485488153994083, -0.005313978996127844)
[INFO] [1775394801.644452693] [navNode]: MCU2 send back: Gdoing*
[INFO] [1775394801.709939706] [navNode]: 状态4：WaitAim--[A2]
[INFO] [1775394801.710499444] [navNode]: 未到目标点
目标位置:(-0.25, 1.25, 1.2)-[A2]-[MCU:False]-[POS:False]
当前位置:(-0.07382381707429886, 0.011172935366630554, -0.005572606809437275)
[INFO] [1775394801.764872460] [navNode]: MCU2 send back: Gdoing*
[INFO] [1775394801.809862239] [navNode]: 状态4：WaitAim--[A2]
[INFO] [1775394801.810384286] [navNode]: 未到目标点
目标位置:(-0.25, 1.25, 1.2)-[A2]-[MCU:False]-[POS:False]
当前位置:(-0.07361768931150436, 0.01100974902510643, -0.005277835298329592)
[INFO] [1775394801.885126868] [navNode]: MCU2 send back: Gdoing*
[INFO] [1775394801.909772034] [navNode]: 状态4：WaitAim--[A2]
[INFO] [1775394801.910266605] [navNode]: 未到目标点
目标位置:(-0.25, 1.25, 1.2)-[A2]-[MCU:False]-[POS:False]
当前位置:(-0.07364504039287567, 0.011496338061988354, -0.004896618891507387)
[INFO] [1775394802.004887603] [navNode]: MCU2 send back: Gdoing*
[INFO] [1775394802.009477713] [navNode]: 状态4：WaitAim--[A2]
[INFO] [1775394802.009929975] [navNode]: 未到目标点
目标位置:(-0.25, 1.25, 1.2)-[A2]-[MCU:False]-[POS:False]
当前位置:(-0.07381268590688705, 0.01165480725467205, -0.005473064724355936)
[INFO] [1775394802.110512055] [navNode]: 状态4：WaitAim--[A2]
[INFO] [1775394802.111176147] [navNode]: 未到目标点
目标位置:(-0.25, 1.25, 1.2)-[A2]-[MCU:False]-[POS:False]
当前位置:(-0.07416646182537079, 0.011777535080909729, -0.0050249951891601086)
[INFO] [1775394802.126764332] [navNode]: MCU2 send back: Gdoing*
[INFO] [1775394802.209833569] [navNode]: 状态4：WaitAim--[A2]
[INFO] [1775394802.210343277] [navNode]: 未到目标点
目标位置:(-0.25, 1.25, 1.2)-[A2]-[MCU:False]-[POS:False]
当前位置:(-0.0738096684217453, 0.011943179182708263, -0.004423040896654129)
[INFO] [1775394802.246101904] [navNode]: MCU2 send back: Gdoing*
[INFO] [1775394802.310374316] [navNode]: 状态4：WaitAim--[A2]
[INFO] [1775394802.310913493] [navNode]: 未到目标点
目标位置:(-0.25, 1.25, 1.2)-[A2]-[MCU:False]-[POS:False]
当前位置:(-0.0736304223537445, 0.01177628617733717, -0.004022603388875723)
[INFO] [1775394802.365912987] [navNode]: MCU2 send back: Gdoing*
[INFO] [1775394802.410264207] [navNode]: 状态4：WaitAim--[A2]
[INFO] [1775394802.410864157] [navNode]: 未到目标点
目标位置:(-0.25, 1.25, 1.2)-[A2]-[MCU:False]-[POS:False]
当前位置:(-0.07372993230819702, 0.01199366245418787, -0.004956529475748539)
[INFO] [1775394802.486901783] [navNode]: MCU2 send back: Gdoing*
[INFO] [1775394802.509944715] [navNode]: 状态4：WaitAim--[A2]
[INFO] [1775394802.510463152] [navNode]: 未到目标点
目标位置:(-0.25, 1.25, 1.2)-[A2]-[MCU:False]-[POS:False]
当前位置:(-0.07408105581998825, 0.012216920964419842, -0.0055259820073843)
[INFO] [1775394802.606699227] [navNode]: MCU2 send back: Gdoing*
[INFO] [1775394802.609642576] [navNode]: 状态4：WaitAim--[A2]
[INFO] [1775394802.610166030] [navNode]: 未到目标点
目标位置:(-0.25, 1.25, 1.2)-[A2]-[MCU:False]-[POS:False]
当前位置:(-0.07410869002342224, 0.011561938561499119, -0.00470026396214962)
[INFO] [1775394802.710233065] [navNode]: 状态4：WaitAim--[A2]
[INFO] [1775394802.710802765] [navNode]: 未到目标点
目标位置:(-0.25, 1.25, 1.2)-[A2]-[MCU:False]-[POS:False]
当前位置:(-0.0744175985455513, 0.011990959756076336, -0.00543133495375514)
[INFO] [1775394802.726496257] [navNode]: MCU2 send back: Gdoing*
[INFO] [1775394802.810496555] [navNode]: 状态4：WaitAim--[A2]
[INFO] [1775394802.811107844] [navNode]: 未到目标点
目标位置:(-0.25, 1.25, 1.2)-[A2]-[MCU:False]-[POS:False]
当前位置:(-0.074225515127182, 0.012075135484337807, -0.004884491208940744)
[INFO] [1775394802.846546726] [navNode]: MCU2 send back: Gdoing*
[INFO] [1775394802.909807476] [navNode]: 状态4：WaitAim--[A2]
[INFO] [1775394802.910353894] [navNode]: 未到目标点
目标位置:(-0.25, 1.25, 1.2)-[A2]-[MCU:False]-[POS:False]
当前位置:(-0.07399162650108337, 0.012065106071531773, -0.005319294519722462)
[INFO] [1775394802.966204900] [navNode]: MCU2 send back: Gdoing*
[INFO] [1775394803.009941424] [navNode]: 状态4：WaitAim--[A2]
[INFO] [1775394803.010490597] [navNode]: 未到目标点
目标位置:(-0.25, 1.25, 1.2)-[A2]-[MCU:False]-[POS:False]
当前位置:(-0.0738428384065628, 0.01187917310744524, -0.00519865145906806)
[INFO] [1775394803.087965978] [navNode]: MCU2 send back: Gdoing*
[INFO] [1775394803.109966542] [navNode]: 状态4：WaitAim--[A2]
[INFO] [1775394803.110539873] [navNode]: 未到目标点
目标位置:(-0.25, 1.25, 1.2)-[A2]-[MCU:False]-[POS:False]
当前位置:(-0.07382562011480331, 0.011957541108131409, -0.005169922020286322)
[INFO] [1775394803.208093345] [navNode]: MCU2 send back: Gdoing*
[INFO] [1775394803.209954047] [navNode]: 状态4：WaitAim--[A2]
[INFO] [1775394803.210466237] [navNode]: 未到目标点
目标位置:(-0.25, 1.25, 1.2)-[A2]-[MCU:False]-[POS:False]
当前位置:(-0.07359852641820908, 0.011710966937243938, -0.004737359471619129)
[INFO] [1775394803.310709349] [navNode]: 状态4：WaitAim--[A2]
[INFO] [1775394803.311254303] [navNode]: 未到目标点
目标位置:(-0.25, 1.25, 1.2)-[A2]-[MCU:False]-[POS:False]
当前位置:(-0.07370871305465698, 0.011217345483601093, -0.004693834576755762)
[INFO] [1775394803.327290989] [navNode]: MCU2 send back: Gdoing*
[INFO] [1775394803.415469739] [navNode]: 状态4：WaitAim--[A2]
[INFO] [1775394803.416040567] [navNode]: 未到目标点
目标位置:(-0.25, 1.25, 1.2)-[A2]-[MCU:False]-[POS:False]
当前位置:(-0.07352565973997116, 0.01095044519752264, -0.004936036188155413)
[INFO] [1775394803.449214125] [navNode]: MCU2 send back: Gdoing*
[INFO] [1775394803.510780174] [navNode]: 状态4：WaitAim--[A2]
[INFO] [1775394803.511348350] [navNode]: 未到目标点
目标位置:(-0.25, 1.25, 1.2)-[A2]-[MCU:False]-[POS:False]
当前位置:(-0.0733962282538414, 0.011162549257278442, -0.005343493539839983)
[INFO] [1775394803.567453290] [navNode]: MCU2 send back: Gdoing*
[INFO] [1775394803.610089865] [navNode]: 状态4：WaitAim--[A2]
[INFO] [1775394803.610694980] [navNode]: 未到目标点
目标位置:(-0.25, 1.25, 1.2)-[A2]-[MCU:False]-[POS:False]
当前位置:(-0.07354889810085297, 0.010738137178122997, -0.005706506781280041)
[INFO] [1775394803.687468234] [navNode]: MCU2 send back: Gdoing*
[INFO] [1775394803.710405499] [navNode]: 状态4：WaitAim--[A2]
[INFO] [1775394803.711152019] [navNode]: 未到目标点
目标位置:(-0.25, 1.25, 1.2)-[A2]-[MCU:False]-[POS:False]
当前位置:(-0.07391322404146194, 0.01103440672159195, -0.005347034893929958)
[INFO] [1775394803.808539287] [navNode]: MCU2 send back: Gdoing*
[INFO] [1775394803.810213601] [navNode]: 状态4：WaitAim--[A2]
[INFO] [1775394803.810753092] [navNode]: 未到目标点
目标位置:(-0.25, 1.25, 1.2)-[A2]-[MCU:False]-[POS:False]
当前位置:(-0.0739143043756485, 0.01119138952344656, -0.005183589644730091)
[INFO] [1775394803.910270628] [navNode]: 状态4：WaitAim--[A2]
[INFO] [1775394803.910914289] [navNode]: 未到目标点
目标位置:(-0.25, 1.25, 1.2)-[A2]-[MCU:False]-[POS:False]
当前位置:(-0.07346795499324799, 0.011134621687233448, -0.005291078705340624)
[INFO] [1775394803.929017189] [navNode]: MCU2 send back: Gdoing*
[INFO] [1775394804.009970354] [navNode]: 状态4：WaitAim--[A2]
[INFO] [1775394804.010540294] [navNode]: 未到目标点
目标位置:(-0.25, 1.25, 1.2)-[A2]-[MCU:False]-[POS:False]
当前位置:(-0.0735292136669159, 0.011206488125026226, -0.004908223636448383)
[INFO] [1775394804.047917260] [navNode]: MCU2 send back: Gdoing*
[INFO] [1775394804.110036515] [navNode]: 状态4：WaitAim--[A2]
[INFO] [1775394804.110496658] [navNode]: 未到目标点
目标位置:(-0.25, 1.25, 1.2)-[A2]-[MCU:False]-[POS:False]
当前位置:(-0.07340634614229202, 0.01148906722664833, -0.005197867285460234)
[INFO] [1775394804.169559961] [navNode]: MCU2 send back: Gdoing*
[INFO] [1775394804.209802483] [navNode]: 状态4：WaitAim--[A2]
[INFO] [1775394804.210261284] [navNode]: 未到目标点
目标位置:(-0.25, 1.25, 1.2)-[A2]-[MCU:False]-[POS:False]
当前位置:(-0.07329203188419342, 0.011175138875842094, -0.0050905803218483925)
[INFO] [1775394804.288744012] [navNode]: MCU2 send back: Gdoing*
[INFO] [1775394804.310562895] [navNode]: 状态4：WaitAim--[A2]
[INFO] [1775394804.311185685] [navNode]: 未到目标点
目标位置:(-0.25, 1.25, 1.2)-[A2]-[MCU:False]-[POS:False]
当前位置:(-0.07340627908706665, 0.011318833567202091, -0.004725563805550337)
[INFO] [1775394804.408991900] [navNode]: MCU2 send back: Gdoing*
[INFO] [1775394804.410813346] [navNode]: 状态4：WaitAim--[A2]
[INFO] [1775394804.411315738] [navNode]: 未到目标点
目标位置:(-0.25, 1.25, 1.2)-[A2]-[MCU:False]-[POS:False]
当前位置:(-0.07321400940418243, 0.011434944346547127, -0.005280818324536085)
[INFO] [1775394804.510067606] [navNode]: 状态4：WaitAim--[A2]
[INFO] [1775394804.510547628] [navNode]: 未到目标点
目标位置:(-0.25, 1.25, 1.2)-[A2]-[MCU:False]-[POS:False]
当前位置:(-0.0734599232673645, 0.01151131559163332, -0.005375965032726526)
[INFO] [1775394804.528920179] [navNode]: MCU2 send back: Gdoing*
[INFO] [1775394804.610291274] [navNode]: 状态4：WaitAim--[A2]
[INFO] [1775394804.612833978] [navNode]: 未到目标点
目标位置:(-0.25, 1.25, 1.2)-[A2]-[MCU:False]-[POS:False]
当前位置:(-0.07305796444416046, 0.011240677908062935, -0.005197306629270315)
[INFO] [1775394804.649786837] [navNode]: MCU2 send back: Gdoing*
[INFO] [1775394804.710174130] [navNode]: 状态4：WaitAim--[A2]
[INFO] [1775394804.710940780] [navNode]: 未到目标点
目标位置:(-0.25, 1.25, 1.2)-[A2]-[MCU:False]-[POS:False]
当前位置:(-0.0728539302945137, 0.011570075526833534, -0.005414329003542662)
[INFO] [1775394804.769504416] [navNode]: MCU2 send back: Gdoing*
[INFO] [1775394804.809951857] [navNode]: 状态4：WaitAim--[A2]
[INFO] [1775394804.810566372] [navNode]: 未到目标点
目标位置:(-0.25, 1.25, 1.2)-[A2]-[MCU:False]-[POS:False]
当前位置:(-0.07263680547475815, 0.01144641824066639, -0.005020958371460438)
[INFO] [1775394804.889245857] [navNode]: MCU2 send back: Gdoing*
[INFO] [1775394804.909951270] [navNode]: 状态4：WaitAim--[A2]
[INFO] [1775394804.910512534] [navNode]: 未到目标点
目标位置:(-0.25, 1.25, 1.2)-[A2]-[MCU:False]-[POS:False]
当前位置:(-0.07253815978765488, 0.011578172445297241, -0.004863618407398462)
[INFO] [1775394805.009398812] [navNode]: MCU2 send back: Gdoing*
[INFO] [1775394805.010618482] [navNode]: 状态4：WaitAim--[A2]
[INFO] [1775394805.011399195] [navNode]: 未到目标点
目标位置:(-0.25, 1.25, 1.2)-[A2]-[MCU:False]-[POS:False]
当前位置:(-0.0729706883430481, 0.012023885734379292, -0.004736626986414194)
[INFO] [1775394805.110526042] [navNode]: 状态4：WaitAim--[A2]
[INFO] [1775394805.111078270] [navNode]: 未到目标点
目标位置:(-0.25, 1.25, 1.2)-[A2]-[MCU:False]-[POS:False]
当前位置:(-0.07295629382133484, 0.012272244319319725, -0.0047061992809176445)
[INFO] [1775394805.129888988] [navNode]: MCU2 send back: Gdoing*
[INFO] [1775394805.210280174] [navNode]: 状态4：WaitAim--[A2]
[INFO] [1775394805.210801556] [navNode]: 未到目标点
目标位置:(-0.25, 1.25, 1.2)-[A2]-[MCU:False]-[POS:False]
当前位置:(-0.07323961704969406, 0.011773101054131985, -0.005290619563311338)
[INFO] [1775394805.251188455] [navNode]: MCU2 send back: Gdoing*
[INFO] [1775394805.309944316] [navNode]: 状态4：WaitAim--[A2]
[INFO] [1775394805.310593843] [navNode]: 未到目标点
目标位置:(-0.25, 1.25, 1.2)-[A2]-[MCU:False]-[POS:False]
当前位置:(-0.0735333189368248, 0.01177939772605896, -0.005326719488948584)
[INFO] [1775394805.370447688] [navNode]: MCU2 send back: Gdoing*
[INFO] [1775394805.410497387] [navNode]: 状态4：WaitAim--[A2]
[INFO] [1775394805.411062351] [navNode]: 未到目标点
目标位置:(-0.25, 1.25, 1.2)-[A2]-[MCU:False]-[POS:False]
当前位置:(-0.07338110357522964, 0.011545690707862377, -0.005192338488996029)
[INFO] [1775394805.491635573] [navNode]: MCU2 send back: Gdoing*
[INFO] [1775394805.510231864] [navNode]: 状态4：WaitAim--[A2]
[INFO] [1775394805.510733016] [navNode]: 未到目标点
目标位置:(-0.25, 1.25, 1.2)-[A2]-[MCU:False]-[POS:False]
当前位置:(-0.07310455292463303, 0.011633429676294327, -0.004603723529726267)
[INFO] [1775394805.611132141] [navNode]: 状态4：WaitAim--[A2]
[INFO] [1775394805.611616210] [navNode]: 未到目标点
目标位置:(-0.25, 1.25, 1.2)-[A2]-[MCU:False]-[POS:False]
当前位置:(-0.07341714203357697, 0.011623140424489975, -0.005204649176448584)
[INFO] [1775394805.612680570] [navNode]: MCU2 send back: Gdoing*
[INFO] [1775394805.710210842] [navNode]: 状态4：WaitAim--[A2]
[INFO] [1775394805.710798508] [navNode]: 未到目标点
目标位置:(-0.25, 1.25, 1.2)-[A2]-[MCU:False]-[POS:False]
当前位置:(-0.07366781681776047, 0.01131467241793871, -0.005066715180873871)
[INFO] [1775394805.731899546] [navNode]: MCU2 send back: Gdoing*
[INFO] [1775394805.810008033] [navNode]: 状态4：WaitAim--[A2]
[INFO] [1775394805.810645436] [navNode]: 未到目标点
目标位置:(-0.25, 1.25, 1.2)-[A2]-[MCU:False]-[POS:False]
当前位置:(-0.07341308146715164, 0.01052126009017229, -0.005083905532956123)
[INFO] [1775394805.851690525] [navNode]: MCU2 send back: Gdoing*
[INFO] [1775394805.909764185] [navNode]: 状态4：WaitAim--[A2]
[INFO] [1775394805.910294470] [navNode]: 未到目标点
目标位置:(-0.25, 1.25, 1.2)-[A2]-[MCU:False]-[POS:False]
当前位置:(-0.07312782853841782, 0.011243147775530815, -0.0053292191587388515)
[INFO] [1775394805.970960603] [navNode]: MCU2 send back: Gdoing*
[INFO] [1775394806.010433104] [navNode]: 状态4：WaitAim--[A2]
[INFO] [1775394806.011033861] [navNode]: 未到目标点
目标位置:(-0.25, 1.25, 1.2)-[A2]-[MCU:False]-[POS:False]
当前位置:(-0.07337818294763565, 0.011118090711534023, -0.005248584318906069)
[INFO] [1775394806.097411818] [navNode]: MCU2 send back: Gdoing*
[INFO] [1775394806.110606841] [navNode]: 状态4：WaitAim--[A2]
[INFO] [1775394806.111224420] [navNode]: 未到目标点
目标位置:(-0.25, 1.25, 1.2)-[A2]-[MCU:False]-[POS:False]
当前位置:(-0.0732034295797348, 0.011527434922754765, -0.005438885651528835)
[INFO] [1775394806.210167290] [navNode]: 状态4：WaitAim--[A2]
[INFO] [1775394806.210680135] [navNode]: 未到目标点
目标位置:(-0.25, 1.25, 1.2)-[A2]-[MCU:False]-[POS:False]
当前位置:(-0.0730188861489296, 0.011360539123415947, -0.0051779309287667274)
[INFO] [1775394806.211816262] [navNode]: MCU2 send back: Gdoing*
[INFO] [1775394806.310095116] [navNode]: 状态4：WaitAim--[A2]
[INFO] [1775394806.310907655] [navNode]: 未到目标点
目标位置:(-0.25, 1.25, 1.2)-[A2]-[MCU:False]-[POS:False]
当前位置:(-0.07254885137081146, 0.011503078043460846, -0.005191259551793337)
[INFO] [1775394806.336029245] [navNode]: MCU2 send back: Gdoing*
[INFO] [1775394806.410069666] [navNode]: 状态4：WaitAim--[A2]
[INFO] [1775394806.410567392] [navNode]: 未到目标点
目标位置:(-0.25, 1.25, 1.2)-[A2]-[MCU:False]-[POS:False]
当前位置:(-0.07296975702047348, 0.011330305598676205, -0.005499671678990126)
[INFO] [1775394806.451977847] [navNode]: MCU2 send back: Gdoing*
[INFO] [1775394806.510311365] [navNode]: 状态4：WaitAim--[A2]
[INFO] [1775394806.510867305] [navNode]: 未到目标点
目标位置:(-0.25, 1.25, 1.2)-[A2]-[MCU:False]-[POS:False]
当前位置:(-0.07301430404186249, 0.011149297468364239, -0.0060617863200604916)
[INFO] [1775394806.572473781] [navNode]: MCU2 send back: Gdoing*
[INFO] [1775394806.609901823] [navNode]: 状态4：WaitAim--[A2]
[INFO] [1775394806.610415277] [navNode]: 未到目标点
目标位置:(-0.25, 1.25, 1.2)-[A2]-[MCU:False]-[POS:False]
当前位置:(-0.07305308431386948, 0.011535589583218098, -0.005503893364220858)
[INFO] [1775394806.692849282] [navNode]: MCU2 send back: Gdoing*
[INFO] [1775394806.709943670] [navNode]: 状态4：WaitAim--[A2]
[INFO] [1775394806.710455115] [navNode]: 未到目标点
目标位置:(-0.25, 1.25, 1.2)-[A2]-[MCU:False]-[POS:False]
当前位置:(-0.07314833998680115, 0.01139752846211195, -0.00507859094068408)
[INFO] [1775394806.809880864] [navNode]: 状态4：WaitAim--[A2]
[INFO] [1775394806.810497263] [navNode]: 未到目标点
目标位置:(-0.25, 1.25, 1.2)-[A2]-[MCU:False]-[POS:False]
当前位置:(-0.07386866956949234, 0.011618140153586864, -0.004347183741629124)
[INFO] [1775394806.813604854] [navNode]: MCU2 send back: Gdoing*
[INFO] [1775394806.910190987] [navNode]: 状态4：WaitAim--[A2]
[INFO] [1775394806.910810339] [navNode]: 未到目标点
目标位置:(-0.25, 1.25, 1.2)-[A2]-[MCU:False]-[POS:False]
当前位置:(-0.07365722954273224, 0.011910500936210155, -0.004571190103888512)
[INFO] [1775394807.010579144] [navNode]: 状态4：WaitAim--[A2]
[INFO] [1775394807.011168969] [navNode]: 未到目标点
目标位置:(-0.25, 1.25, 1.2)-[A2]-[MCU:False]-[POS:False]
当前位置:(-0.07367507368326187, 0.011920088902115822, -0.004728022962808609)
[INFO] [1775394807.031691569] [navNode]: MCU2 send back: Gdoing*
[INFO] [1775394807.052990119] [navNode]: MCU2 send back: Gdoing*
[INFO] [1775394807.109907726] [navNode]: 状态4：WaitAim--[A2]
[INFO] [1775394807.110541538] [navNode]: 未到目标点
目标位置:(-0.25, 1.25, 1.2)-[A2]-[MCU:False]-[POS:False]
当前位置:(-0.07340871542692184, 0.011749530211091042, -0.0041376762092113495)
[INFO] [1775394807.209807056] [navNode]: 状态4：WaitAim--[A2]
[INFO] [1775394807.210570288] [navNode]: 未到目标点
目标位置:(-0.25, 1.25, 1.2)-[A2]-[MCU:False]-[POS:False]
当前位置:(-0.07340726256370544, 0.0117391562089324, -0.004295530263334513)
[INFO] [1775394807.238186173] [navNode]: MCU2 send back: Gdoing*
[INFO] [1775394807.295766041] [navNode]: MCU2 send back: Gdoing*
[INFO] [1775394807.310418951] [navNode]: 状态4：WaitAim--[A2]
[INFO] [1775394807.311184620] [navNode]: 未到目标点
目标位置:(-0.25, 1.25, 1.2)-[A2]-[MCU:False]-[POS:False]
当前位置:(-0.07413706928491592, 0.011530532501637936, -0.005259309895336628)
[INFO] [1775394807.409912671] [navNode]: 状态4：WaitAim--[A2]
[INFO] [1775394807.410413524] [navNode]: 未到目标点
目标位置:(-0.25, 1.25, 1.2)-[A2]-[MCU:False]-[POS:False]
当前位置:(-0.07417729496955872, 0.011548198759555817, -0.00552563089877367)
[INFO] [1775394807.432611914] [navNode]: MCU2 send back: Gdoing*
[INFO] [1775394807.510207387] [navNode]: 状态4：WaitAim--[A2]
[INFO] [1775394807.510836410] [navNode]: 未到目标点
目标位置:(-0.25, 1.25, 1.2)-[A2]-[MCU:False]-[POS:False]
当前位置:(-0.07407861202955246, 0.01166115514934063, -0.00473666749894619)
[INFO] [1775394807.577260729] [navNode]: MCU2 send back: Gdoing*
[INFO] [1775394807.610035364] [navNode]: 状态4：WaitAim--[A2]
[INFO] [1775394807.610635953] [navNode]: 未到目标点
目标位置:(-0.25, 1.25, 1.2)-[A2]-[MCU:False]-[POS:False]
当前位置:(-0.07371478527784348, 0.011321520432829857, -0.005231484305113554)
[INFO] [1775394807.710245927] [navNode]: 状态4：WaitAim--[A2]
[INFO] [1775394807.711189516] [navNode]: 未到目标点
目标位置:(-0.25, 1.25, 1.2)-[A2]-[MCU:False]-[POS:False]
当前位置:(-0.07371478527784348, 0.011321520432829857, -0.005231484305113554)
[INFO] [1775394807.730092400] [navNode]: MCU2 send back: Gdoing*
[INFO] [1775394807.809781036] [navNode]: 状态4：WaitAim--[A2]
[INFO] [1775394807.810316233] [navNode]: 未到目标点
目标位置:(-0.25, 1.25, 1.2)-[A2]-[MCU:False]-[POS:False]
当前位置:(-0.07384750992059708, 0.010998418554663658, -0.0047162361443042755)
[INFO] [1775394807.822095449] [navNode]: MCU2 send back: Gdoing*
[INFO] [1775394807.895072044] [navNode]: MCU2 send back: Gdoing*
[INFO] [1775394807.910498621] [navNode]: 状态4：WaitAim--[A2]
[INFO] [1775394807.911855135] [navNode]: 未到目标点
目标位置:(-0.25, 1.25, 1.2)-[A2]-[MCU:False]-[POS:False]
当前位置:(-0.07417071610689163, 0.01120698917657137, -0.004822375252842903)
[INFO] [1775394808.009833564] [navNode]: 状态4：WaitAim--[A2]
[INFO] [1775394808.010417682] [navNode]: 未到目标点
目标位置:(-0.25, 1.25, 1.2)-[A2]-[MCU:False]-[POS:False]
当前位置:(-0.07426298409700394, 0.010951478034257889, -0.004671598318964243)
[INFO] [1775394808.049270157] [navNode]: MCU2 send back: Gdoing*
[INFO] [1775394808.110130371] [navNode]: 状态4：WaitAim--[A2]
[INFO] [1775394808.110797569] [navNode]: 未到目标点
目标位置:(-0.25, 1.25, 1.2)-[A2]-[MCU:False]-[POS:False]
当前位置:(-0.07372420281171799, 0.011156173422932625, -0.004224422387778759)
[INFO] [1775394808.136818993] [navNode]: MCU2 send back: Gdoing*
[INFO] [1775394808.211011821] [navNode]: 状态4：WaitAim--[A2]
[INFO] [1775394808.211480842] [navNode]: 未到目标点
目标位置:(-0.25, 1.25, 1.2)-[A2]-[MCU:False]-[POS:False]
当前位置:(-0.07390619069337845, 0.01111329160630703, -0.004258476197719574)
[INFO] [1775394808.256451499] [navNode]: MCU2 send back: Gdoing*
[INFO] [1775394808.309765087] [navNode]: 状态4：WaitAim--[A2]
[INFO] [1775394808.310214025] [navNode]: 未到目标点
目标位置:(-0.25, 1.25, 1.2)-[A2]-[MCU:False]-[POS:False]
当前位置:(-0.07435405999422073, 0.010916754603385925, -0.004413708113133907)
[INFO] [1775394808.410482335] [navNode]: 状态4：WaitAim--[A2]
[INFO] [1775394808.410982047] [navNode]: 未到目标点
目标位置:(-0.25, 1.25, 1.2)-[A2]-[MCU:False]-[POS:False]
当前位置:(-0.07428310066461563, 0.011190745048224926, -0.004329836927354336)
[INFO] [1775394808.468630441] [navNode]: MCU2 send back: Gdoing*
[INFO] [1775394808.495970706] [navNode]: MCU2 send back: Gdoing*
[INFO] [1775394808.510267511] [navNode]: 状态4：WaitAim--[A2]
[INFO] [1775394808.510965132] [navNode]: 未到目标点
目标位置:(-0.25, 1.25, 1.2)-[A2]-[MCU:False]-[POS:False]
当前位置:(-0.07412736862897873, 0.011448024772107601, -0.0046488079242408276)
[INFO] [1775394808.609906670] [navNode]: 状态4：WaitAim--[A2]
[INFO] [1775394808.610479848] [navNode]: 未到目标点
目标位置:(-0.25, 1.25, 1.2)-[A2]-[MCU:False]-[POS:False]
当前位置:(-0.07359371334314346, 0.011343847960233688, -0.004942458588629961)
[INFO] [1775394808.646901841] [navNode]: MCU2 send back: Gdoing*
[INFO] [1775394808.710053408] [navNode]: 状态4：WaitAim--[A2]
[INFO] [1775394808.710629709] [navNode]: 未到目标点
目标位置:(-0.25, 1.25, 1.2)-[A2]-[MCU:False]-[POS:False]
当前位置:(-0.07336841523647308, 0.011454123072326183, -0.004544122610241175)
[INFO] [1775394808.735494203] [navNode]: MCU2 send back: Gdoing*
[INFO] [1775394808.809960845] [navNode]: 状态4：WaitAim--[A2]
[INFO] [1775394808.810495417] [navNode]: 未到目标点
目标位置:(-0.25, 1.25, 1.2)-[A2]-[MCU:False]-[POS:False]
当前位置:(-0.07304181158542633, 0.01149167399853468, -0.004522568080574274)
[INFO] [1775394808.856128048] [navNode]: MCU2 send back: Gdoing*
[INFO] [1775394808.910263917] [navNode]: 状态4：WaitAim--[A2]
[INFO] [1775394808.910802266] [navNode]: 未到目标点
目标位置:(-0.25, 1.25, 1.2)-[A2]-[MCU:False]-[POS:False]
当前位置:(-0.07349192351102829, 0.011163696646690369, -0.0048292516730725765)
[INFO] [1775394809.009848620] [navNode]: 状态4：WaitAim--[A2]
[INFO] [1775394809.010513175] [navNode]: 未到目标点
目标位置:(-0.25, 1.25, 1.2)-[A2]-[MCU:False]-[POS:False]
当前位置:(-0.07352607697248459, 0.011353326961398125, -0.0049401530995965)
[INFO] [1775394809.030034890] [navNode]: MCU2 send back: Gdoing*
[INFO] [1775394809.096187902] [navNode]: MCU2 send back: Gdoing*
[INFO] [1775394809.110300977] [navNode]: 状态4：WaitAim--[A2]
[INFO] [1775394809.111075587] [navNode]: 未到目标点
目标位置:(-0.25, 1.25, 1.2)-[A2]-[MCU:False]-[POS:False]
当前位置:(-0.07380614429712296, 0.011553490534424782, -0.0049583641812205315)
[INFO] [1775394809.210611405] [navNode]: 状态4：WaitAim--[A2]
[INFO] [1775394809.211178229] [navNode]: 未到目标点
目标位置:(-0.25, 1.25, 1.2)-[A2]-[MCU:False]-[POS:False]
当前位置:(-0.07424484938383102, 0.011370467022061348, -0.004965363536030054)
[INFO] [1775394809.288822590] [navNode]: MCU2 send back: Gdoing*
[INFO] [1775394809.311008015] [navNode]: 状态4：WaitAim--[A2]
[INFO] [1775394809.311596817] [navNode]: 未到目标点
目标位置:(-0.25, 1.25, 1.2)-[A2]-[MCU:False]-[POS:False]
当前位置:(-0.07424400001764297, 0.010897815227508545, -0.005125795491039753)
[INFO] [1775394809.337968944] [navNode]: MCU2 send back: Gdoing*
[INFO] [1775394809.410503084] [navNode]: 状态4：WaitAim--[A2]
[INFO] [1775394809.411543255] [navNode]: 未到目标点
目标位置:(-0.25, 1.25, 1.2)-[A2]-[MCU:False]-[POS:False]
当前位置:(-0.07462429255247116, 0.011122534051537514, -0.00572540145367384)
[INFO] [1775394809.497397032] [navNode]: MCU2 send back: Gdoing*
[INFO] [1775394809.510070707] [navNode]: 状态4：WaitAim--[A2]
[INFO] [1775394809.510958354] [navNode]: 未到目标点
目标位置:(-0.25, 1.25, 1.2)-[A2]-[MCU:False]-[POS:False]
当前位置:(-0.07313203066587448, 0.011224224232137203, -0.004396887496113777)
[INFO] [1775394809.576847716] [navNode]: MCU2 send back: Gdoing*
[INFO] [1775394809.610424882] [navNode]: 状态4：WaitAim--[A2]
[INFO] [1775394809.611317901] [navNode]: 未到目标点
目标位置:(-0.25, 1.25, 1.2)-[A2]-[MCU:False]-[POS:False]
当前位置:(-0.0737139955163002, 0.01072720717638731, -0.005705922842025757)
[INFO] [1775394809.700396459] [navNode]: MCU2 send back: Gdoing*
[INFO] [1775394809.711288674] [navNode]: 状态4：WaitAim--[A2]
[INFO] [1775394809.711820144] [navNode]: 未到目标点
目标位置:(-0.25, 1.25, 1.2)-[A2]-[MCU:False]-[POS:False]
当前位置:(-0.0742420181632042, 0.010721590369939804, -0.006010674871504307)
[INFO] [1775394809.809743297] [navNode]: 状态4：WaitAim--[A2]
[INFO] [1775394809.810233342] [navNode]: 未到目标点
目标位置:(-0.25, 1.25, 1.2)-[A2]-[MCU:False]-[POS:False]
当前位置:(-0.07401282340288162, 0.010970856063067913, -0.005634391214698553)
[INFO] [1775394809.903961423] [navNode]: MCU2 send back: Gdoing*
[INFO] [1775394809.910197195] [navNode]: 状态4：WaitAim--[A2]
[INFO] [1775394809.910802181] [navNode]: 未到目标点
目标位置:(-0.25, 1.25, 1.2)-[A2]-[MCU:False]-[POS:False]
当前位置:(-0.0738888829946518, 0.01066094171255827, -0.004881500266492367)
[INFO] [1775394809.937616387] [navNode]: MCU2 send back: Gdoing*
[INFO] [1775394810.009946882] [navNode]: 状态4：WaitAim--[A2]
[INFO] [1775394810.010465883] [navNode]: 未到目标点
目标位置:(-0.25, 1.25, 1.2)-[A2]-[MCU:False]-[POS:False]
当前位置:(-0.07333851605653763, 0.011270471848547459, -0.005053700413554907)
[INFO] [1775394810.108843475] [navNode]: MCU2 send back: Gdoing*
[INFO] [1775394810.112899289] [navNode]: 状态4：WaitAim--[A2]
[INFO] [1775394810.113457948] [navNode]: 未到目标点
目标位置:(-0.25, 1.25, 1.2)-[A2]-[MCU:False]-[POS:False]
当前位置:(-0.0733453556895256, 0.010897427797317505, -0.004804953467100859)
[INFO] [1775394810.179314555] [navNode]: MCU2 send back: Gdoing*
[INFO] [1775394810.209953661] [navNode]: 状态4：WaitAim--[A2]
[INFO] [1775394810.210466845] [navNode]: 未到目标点
目标位置:(-0.25, 1.25, 1.2)-[A2]-[MCU:False]-[POS:False]
当前位置:(-0.07326765358448029, 0.010663303546607494, -0.005632996093481779)
[INFO] [1775394810.310339572] [navNode]: MCU2 send back: Gdoing*
[INFO] [1775394810.315306417] [navNode]: 状态4：WaitAim--[A2]
[INFO] [1775394810.316049883] [navNode]: 未到目标点
目标位置:(-0.25, 1.25, 1.2)-[A2]-[MCU:False]-[POS:False]
当前位置:(-0.07360907644033432, 0.010898618958890438, -0.004538489505648613)
[INFO] [1775394810.409678366] [navNode]: 状态4：WaitAim--[A2]
[INFO] [1775394810.410097147] [navNode]: 未到目标点
目标位置:(-0.25, 1.25, 1.2)-[A2]-[MCU:False]-[POS:False]
当前位置:(-0.07410339266061783, 0.011041942052543163, -0.005145900882780552)
[INFO] [1775394810.510231459] [navNode]: 状态4：WaitAim--[A2]
[INFO] [1775394810.510812855] [navNode]: 未到目标点
目标位置:(-0.25, 1.25, 1.2)-[A2]-[MCU:False]-[POS:False]
当前位置:(-0.07410339266061783, 0.011041942052543163, -0.005145900882780552)
[INFO] [1775394810.514650213] [navNode]: MCU2 send back: Gdoing*
[INFO] [1775394810.539679135] [navNode]: MCU2 send back: Gdoing*
[INFO] [1775394810.611346147] [navNode]: 状态4：WaitAim--[A2]
[INFO] [1775394810.611999765] [navNode]: 未到目标点
目标位置:(-0.25, 1.25, 1.2)-[A2]-[MCU:False]-[POS:False]
当前位置:(-0.07389724254608154, 0.011356701143085957, -0.005287420004606247)
[INFO] [1775394810.710891687] [navNode]: 状态4：WaitAim--[A2]
[INFO] [1775394810.711408763] [navNode]: 未到目标点
目标位置:(-0.25, 1.25, 1.2)-[A2]-[MCU:False]-[POS:False]
当前位置:(-0.07377158850431442, 0.011312317103147507, -0.004848935175687075)
[INFO] [1775394810.739654529] [navNode]: MCU2 send back: Gdoing*
[INFO] [1775394810.779567326] [navNode]: MCU2 send back: Gdoing*
[INFO] [1775394810.810400232] [navNode]: 状态4：WaitAim--[A2]
[INFO] [1775394810.811182603] [navNode]: 未到目标点
目标位置:(-0.25, 1.25, 1.2)-[A2]-[MCU:False]-[POS:False]
当前位置:(-0.07396027445793152, 0.011044507846236229, -0.004891728051006794)
[INFO] [1775394810.910701503] [navNode]: 状态4：WaitAim--[A2]
[INFO] [1775394810.911338476] [navNode]: 未到目标点
目标位置:(-0.25, 1.25, 1.2)-[A2]-[MCU:False]-[POS:False]
当前位置:(-0.07396027445793152, 0.011044507846236229, -0.004891728051006794)
[INFO] [1775394810.928242128] [navNode]: MCU2 send back: Gdoing*
[INFO] [1775394811.009999873] [navNode]: 状态4：WaitAim--[A2]
[INFO] [1775394811.010557643] [navNode]: 未到目标点
目标位置:(-0.25, 1.25, 1.2)-[A2]-[MCU:False]-[POS:False]
当前位置:(-0.07288622856140137, 0.011499442160129547, -0.00469895638525486)
[INFO] [1775394811.079373387] [navNode]: MCU2 send back: Gdoing*
[INFO] [1775394811.111024635] [navNode]: 状态4：WaitAim--[A2]
[INFO] [1775394811.111913529] [navNode]: 未到目标点
目标位置:(-0.25, 1.25, 1.2)-[A2]-[MCU:False]-[POS:False]
当前位置:(-0.07273809611797333, 0.01119177509099245, -0.004806397948414087)
[INFO] [1775394811.141933359] [navNode]: MCU2 send back: Gdoing*
[INFO] [1775394811.210220709] [navNode]: 状态4：WaitAim--[A2]
[INFO] [1775394811.210802073] [navNode]: 未到目标点
目标位置:(-0.25, 1.25, 1.2)-[A2]-[MCU:False]-[POS:False]
当前位置:(-0.07267185300588608, 0.01058854628354311, -0.005020053591579199)
[INFO] [1775394811.261053008] [navNode]: MCU2 send back: Gdoing*
[INFO] [1775394811.310029005] [navNode]: 状态4：WaitAim--[A2]
[INFO] [1775394811.310600503] [navNode]: 未到目标点
目标位置:(-0.25, 1.25, 1.2)-[A2]-[MCU:False]-[POS:False]
当前位置:(-0.07295994460582733, 0.011058857664465904, -0.005772209260612726)
[INFO] [1775394811.379757537] [navNode]: MCU2 send back: Gdoing*
[INFO] [1775394811.410244141] [navNode]: 状态4：WaitAim--[A2]
[INFO] [1775394811.410984552] [navNode]: 未到目标点
目标位置:(-0.25, 1.25, 1.2)-[A2]-[MCU:False]-[POS:False]
当前位置:(-0.073587566614151, 0.011070850305259228, -0.0057576303370296955)
[INFO] [1775394811.501419639] [navNode]: MCU2 send back: Gdoing*
[INFO] [1775394811.509974093] [navNode]: 状态4：WaitAim--[A2]
[INFO] [1775394811.510541962] [navNode]: 未到目标点
目标位置:(-0.25, 1.25, 1.2)-[A2]-[MCU:False]-[POS:False]
当前位置:(-0.07382576912641525, 0.011034306138753891, -0.005381530150771141)
[INFO] [1775394811.609863049] [navNode]: 状态4：WaitAim--[A2]
[INFO] [1775394811.610388580] [navNode]: 未到目标点
目标位置:(-0.25, 1.25, 1.2)-[A2]-[MCU:False]-[POS:False]
当前位置:(-0.07377631217241287, 0.010652730241417885, -0.00539596239104867)
[INFO] [1775394811.620562338] [navNode]: MCU2 send back: Gdoing*
[INFO] [1775394811.709957325] [navNode]: 状态4：WaitAim--[A2]
[INFO] [1775394811.710454503] [navNode]: 未到目标点
目标位置:(-0.25, 1.25, 1.2)-[A2]-[MCU:False]-[POS:False]
当前位置:(-0.07351512461900711, 0.01081188302487135, -0.0050577702932059765)
[INFO] [1775394811.741658450] [navNode]: MCU2 send back: Gdoing*
[INFO] [1775394811.809891127] [navNode]: 状态4：WaitAim--[A2]
[INFO] [1775394811.810403454] [navNode]: 未到目标点
目标位置:(-0.25, 1.25, 1.2)-[A2]-[MCU:False]-[POS:False]
当前位置:(-0.07307983934879303, 0.01066973339766264, -0.004969485104084015)
[INFO] [1775394811.861239823] [navNode]: MCU2 send back: Gdoing*
[INFO] [1775394811.909802253] [navNode]: 状态4：WaitAim--[A2]
[INFO] [1775394811.910397527] [navNode]: 未到目标点
目标位置:(-0.25, 1.25, 1.2)-[A2]-[MCU:False]-[POS:False]
当前位置:(-0.07316519320011139, 0.01121591404080391, -0.004603510722517967)
[INFO] [1775394811.982260452] [navNode]: MCU2 send back: Gdoing*
[INFO] [1775394812.010125839] [navNode]: 状态4：WaitAim--[A2]
[INFO] [1775394812.010748404] [navNode]: 未到目标点
目标位置:(-0.25, 1.25, 1.2)-[A2]-[MCU:False]-[POS:False]
当前位置:(-0.0735175609588623, 0.010792355053126812, -0.0047319987788796425)
[INFO] [1775394812.102020259] [navNode]: MCU2 send back: Gdoing*
[INFO] [1775394812.110022677] [navNode]: 状态4：WaitAim--[A2]
[INFO] [1775394812.110820067] [navNode]: 未到目标点
目标位置:(-0.25, 1.25, 1.2)-[A2]-[MCU:False]-[POS:False]
当前位置:(-0.07359039038419724, 0.01106358040124178, -0.0051042260602116585)
[INFO] [1775394812.210055436] [navNode]: 状态4：WaitAim--[A2]
[INFO] [1775394812.210592913] [navNode]: 未到目标点
目标位置:(-0.25, 1.25, 1.2)-[A2]-[MCU:False]-[POS:False]
当前位置:(-0.0737476646900177, 0.010825827717781067, -0.00522310845553875)
[INFO] [1775394812.221297193] [navNode]: MCU2 send back: Gdoing*
[INFO] [1775394812.309917562] [navNode]: 状态4：WaitAim--[A2]
[INFO] [1775394812.310449257] [navNode]: 未到目标点
目标位置:(-0.25, 1.25, 1.2)-[A2]-[MCU:False]-[POS:False]
当前位置:(-0.07307226210832596, 0.011363685131072998, -0.00506064435467124)
[INFO] [1775394812.341869609] [navNode]: MCU2 send back: Gdoing*
[INFO] [1775394812.409972174] [navNode]: 状态4：WaitAim--[A2]
[INFO] [1775394812.410463391] [navNode]: 未到目标点
目标位置:(-0.25, 1.25, 1.2)-[A2]-[MCU:False]-[POS:False]
当前位置:(-0.07305257022380829, 0.011355896480381489, -0.005200713872909546)
[INFO] [1775394812.462027631] [navNode]: MCU2 send back: Gdoing*
[INFO] [1775394812.510056942] [navNode]: 状态4：WaitAim--[A2]
[INFO] [1775394812.510572976] [navNode]: 未到目标点
目标位置:(-0.25, 1.25, 1.2)-[A2]-[MCU:False]-[POS:False]
当前位置:(-0.07314146310091019, 0.010754095390439034, -0.0048158844001591206)
[INFO] [1775394812.598908572] [navNode]: MCU2 send back: Gdoing*
[INFO] [1775394812.613763342] [navNode]: 状态4：WaitAim--[A2]
[INFO] [1775394812.614802289] [navNode]: 未到目标点
目标位置:(-0.25, 1.25, 1.2)-[A2]-[MCU:False]-[POS:False]
当前位置:(-0.07355685532093048, 0.010897521860897541, -0.005254863295704126)
[INFO] [1775394812.705059784] [navNode]: MCU2 send back: Gdoing*
[INFO] [1775394812.710687167] [navNode]: 状态4：WaitAim--[A2]
[INFO] [1775394812.711463652] [navNode]: 未到目标点
目标位置:(-0.25, 1.25, 1.2)-[A2]-[MCU:False]-[POS:False]
当前位置:(-0.0741448923945427, 0.01090384554117918, -0.005412491504102945)
[INFO] [1775394812.810487943] [navNode]: 状态4：WaitAim--[A2]
[INFO] [1775394812.811994363] [navNode]: 未到目标点
目标位置:(-0.25, 1.25, 1.2)-[A2]-[MCU:False]-[POS:False]
当前位置:(-0.07402464747428894, 0.010897185653448105, -0.005252725910395384)
[INFO] [1775394812.825219124] [navNode]: MCU2 send back: Gdoing*
[INFO] [1775394812.910538516] [navNode]: 状态4：WaitAim--[A2]
[INFO] [1775394812.911262709] [navNode]: 未到目标点
目标位置:(-0.25, 1.25, 1.2)-[A2]-[MCU:False]-[POS:False]
当前位置:(-0.07411419600248337, 0.01066676340997219, -0.004485118202865124)
[INFO] [1775394812.946181764] [navNode]: MCU2 send back: Gdoing*
[INFO] [1775394813.010589296] [navNode]: 状态4：WaitAim--[A2]
[INFO] [1775394813.011242481] [navNode]: 未到目标点
目标位置:(-0.25, 1.25, 1.2)-[A2]-[MCU:False]-[POS:False]
当前位置:(-0.07402602583169937, 0.010903405956923962, -0.005020793993026018)
[INFO] [1775394813.065813742] [navNode]: MCU2 send back: Gdoing*
[INFO] [1775394813.110061013] [navNode]: 状态4：WaitAim--[A2]
[INFO] [1775394813.110657258] [navNode]: 未到目标点
目标位置:(-0.25, 1.25, 1.2)-[A2]-[MCU:False]-[POS:False]
当前位置:(-0.0736255869269371, 0.01060748752206564, -0.004777858033776283)
[INFO] [1775394813.189914621] [navNode]: MCU2 send back: Gdoing*
[INFO] [1775394813.210040780] [navNode]: 状态4：WaitAim--[A2]
[INFO] [1775394813.210605170] [navNode]: 未到目标点
目标位置:(-0.25, 1.25, 1.2)-[A2]-[MCU:False]-[POS:False]
当前位置:(-0.07417567819356918, 0.01066914014518261, -0.0050384653732180595)
[INFO] [1775394813.308317331] [navNode]: MCU2 send back: Gdoing*
[INFO] [1775394813.309740891] [navNode]: 状态4：WaitAim--[A2]
[INFO] [1775394813.310139106] [navNode]: 未到目标点
目标位置:(-0.25, 1.25, 1.2)-[A2]-[MCU:False]-[POS:False]
当前位置:(-0.07423704862594604, 0.010769076645374298, -0.004363880958408117)
[INFO] [1775394813.409869912] [navNode]: 状态4：WaitAim--[A2]
[INFO] [1775394813.411113894] [navNode]: 未到目标点
目标位置:(-0.25, 1.25, 1.2)-[A2]-[MCU:False]-[POS:False]
当前位置:(-0.07413981109857559, 0.010708792135119438, -0.004723343998193741)
[INFO] [1775394813.427066492] [navNode]: MCU2 send back: Gdoing*
[INFO] [1775394813.510037908] [navNode]: 状态4：WaitAim--[A2]
[INFO] [1775394813.511279999] [navNode]: 未到目标点
目标位置:(-0.25, 1.25, 1.2)-[A2]-[MCU:False]-[POS:False]
当前位置:(-0.0734904557466507, 0.010785995051264763, -0.004645396489650011)
[INFO] [1775394813.548826932] [navNode]: MCU2 send back: Gdoing*
[INFO] [1775394813.609905466] [navNode]: 状态4：WaitAim--[A2]
[INFO] [1775394813.611127073] [navNode]: 未到目标点
目标位置:(-0.25, 1.25, 1.2)-[A2]-[MCU:False]-[POS:False]
当前位置:(-0.07330922037363052, 0.011058274656534195, -0.004099674988538027)
[INFO] [1775394813.668324540] [navNode]: MCU2 send back: Gdoing*
[INFO] [1775394813.709952803] [navNode]: 状态4：WaitAim--[A2]
[INFO] [1775394813.711319504] [navNode]: 未到目标点
目标位置:(-0.25, 1.25, 1.2)-[A2]-[MCU:False]-[POS:False]
当前位置:(-0.07348392903804779, 0.011365178972482681, -0.004633767995983362)
[INFO] [1775394813.789225300] [navNode]: MCU2 send back: Gdoing*
[INFO] [1775394813.810025203] [navNode]: 状态4：WaitAim--[A2]
[INFO] [1775394813.811357395] [navNode]: 未到目标点
目标位置:(-0.25, 1.25, 1.2)-[A2]-[MCU:False]-[POS:False]
当前位置:(-0.073805071413517, 0.01148434728384018, -0.004571570083498955)
[INFO] [1775394813.909328026] [navNode]: MCU2 send back: Gdoing*
[INFO] [1775394813.911354998] [navNode]: 状态4：WaitAim--[A2]
[INFO] [1775394813.912399773] [navNode]: 未到目标点
目标位置:(-0.25, 1.25, 1.2)-[A2]-[MCU:False]-[POS:False]
当前位置:(-0.07392116636037827, 0.011240395717322826, -0.004514593165367842)
[INFO] [1775394814.009956213] [navNode]: 状态4：WaitAim--[A2]
[INFO] [1775394814.010455711] [navNode]: 未到目标点
目标位置:(-0.25, 1.25, 1.2)-[A2]-[MCU:False]-[POS:False]
当前位置:(-0.07407106459140778, 0.010811997577548027, -0.005379430018365383)
[INFO] [1775394814.031555360] [navNode]: MCU2 send back: Gdoing*
[INFO] [1775394814.109953155] [navNode]: 状态4：WaitAim--[A2]
[INFO] [1775394814.110487487] [navNode]: 未到目标点
目标位置:(-0.25, 1.25, 1.2)-[A2]-[MCU:False]-[POS:False]
当前位置:(-0.07370065897703171, 0.010933749377727509, -0.005397185683250427)
[INFO] [1775394814.151234935] [navNode]: MCU2 send back: Gdoing*
[INFO] [1775394814.209770438] [navNode]: 状态4：WaitAim--[A2]
[INFO] [1775394814.210299274] [navNode]: 未到目标点
目标位置:(-0.25, 1.25, 1.2)-[A2]-[MCU:False]-[POS:False]
当前位置:(-0.07392679154872894, 0.011200477369129658, -0.005010742694139481)
[INFO] [1775394814.287949112] [navNode]: MCU2 send back: Gdoing*
[INFO] [1775394814.309871026] [navNode]: 状态4：WaitAim--[A2]
[INFO] [1775394814.310521270] [navNode]: 未到目标点
目标位置:(-0.25, 1.25, 1.2)-[A2]-[MCU:False]-[POS:False]
当前位置:(-0.07356684654951096, 0.010749599896371365, -0.00442492077127099)
[INFO] [1775394814.410178411] [navNode]: 状态4：WaitAim--[A2]
[INFO] [1775394814.410793007] [navNode]: 未到目标点
目标位置:(-0.25, 1.25, 1.2)-[A2]-[MCU:False]-[POS:False]
当前位置:(-0.07356684654951096, 0.010749599896371365, -0.00442492077127099)
[INFO] [1775394814.509905044] [navNode]: 状态4：WaitAim--[A2]
[INFO] [1775394814.510446456] [navNode]: 未到目标点
目标位置:(-0.25, 1.25, 1.2)-[A2]-[MCU:False]-[POS:False]
当前位置:(-0.07356684654951096, 0.010749599896371365, -0.00442492077127099)
[INFO] [1775394814.609966549] [navNode]: 状态4：WaitAim--[A2]
[INFO] [1775394814.610395887] [navNode]: 未到目标点
目标位置:(-0.25, 1.25, 1.2)-[A2]-[MCU:False]-[POS:False]
当前位置:(-0.07356684654951096, 0.010749599896371365, -0.00442492077127099)
[INFO] [1775394814.709750160] [navNode]: 状态4：WaitAim--[A2]
[INFO] [1775394814.710233277] [navNode]: 未到目标点
目标位置:(-0.25, 1.25, 1.2)-[A2]-[MCU:False]-[POS:False]
当前位置:(-0.07356684654951096, 0.010749599896371365, -0.00442492077127099)
[INFO] [1775394814.809885484] [navNode]: 状态4：WaitAim--[A2]
[INFO] [1775394814.810313505] [navNode]: 未到目标点
目标位置:(-0.25, 1.25, 1.2)-[A2]-[MCU:False]-[POS:False]
当前位置:(-0.07356684654951096, 0.010749599896371365, -0.00442492077127099)
[INFO] [1775394814.909741980] [navNode]: 状态4：WaitAim--[A2]
[INFO] [1775394814.910214964] [navNode]: 未到目标点
目标位置:(-0.25, 1.25, 1.2)-[A2]-[MCU:False]-[POS:False]
当前位置:(-0.07356684654951096, 0.010749599896371365, -0.00442492077127099)
[INFO] [1775394815.010010898] [navNode]: 状态4：WaitAim--[A2]
[INFO] [1775394815.010487988] [navNode]: 未到目标点
目标位置:(-0.25, 1.25, 1.2)-[A2]-[MCU:False]-[POS:False]
当前位置:(-0.07356684654951096, 0.010749599896371365, -0.00442492077127099)
[INFO] [1775394815.109737189] [navNode]: 状态4：WaitAim--[A2]
[INFO] [1775394815.110190103] [navNode]: 未到目标点
目标位置:(-0.25, 1.25, 1.2)-[A2]-[MCU:False]-[POS:False]
当前位置:(-0.07356684654951096, 0.010749599896371365, -0.00442492077127099)
[INFO] [1775394815.209851360] [navNode]: 状态4：WaitAim--[A2]
[INFO] [1775394815.210309172] [navNode]: 未到目标点
目标位置:(-0.25, 1.25, 1.2)-[A2]-[MCU:False]-[POS:False]
当前位置:(-0.07356684654951096, 0.010749599896371365, -0.00442492077127099)
[INFO] [1775394815.310199343] [navNode]: 状态4：WaitAim--[A2]
[INFO] [1775394815.310682204] [navNode]: 未到目标点
目标位置:(-0.25, 1.25, 1.2)-[A2]-[MCU:False]-[POS:False]
当前位置:(-0.07356684654951096, 0.010749599896371365, -0.00442492077127099)
[INFO] [1775394815.409824015] [navNode]: 状态4：WaitAim--[A2]
[INFO] [1775394815.410301212] [navNode]: 未到目标点
目标位置:(-0.25, 1.25, 1.2)-[A2]-[MCU:False]-[POS:False]
当前位置:(-0.07356684654951096, 0.010749599896371365, -0.00442492077127099)
[INFO] [1775394815.511386575] [navNode]: 状态4：WaitAim--[A2]
[INFO] [1775394815.512301801] [navNode]: 未到目标点
目标位置:(-0.25, 1.25, 1.2)-[A2]-[MCU:False]-[POS:False]
当前位置:(-0.07356684654951096, 0.010749599896371365, -0.00442492077127099)
[INFO] [1775394815.609847109] [navNode]: 状态4：WaitAim--[A2]
[INFO] [1775394815.610592164] [navNode]: 未到目标点
目标位置:(-0.25, 1.25, 1.2)-[A2]-[MCU:False]-[POS:False]
当前位置:(-0.07356684654951096, 0.010749599896371365, -0.00442492077127099)
[INFO] [1775394815.710318747] [navNode]: 状态4：WaitAim--[A2]
[INFO] [1775394815.710798282] [navNode]: 未到目标点
目标位置:(-0.25, 1.25, 1.2)-[A2]-[MCU:False]-[POS:False]
当前位置:(-0.07356684654951096, 0.010749599896371365, -0.00442492077127099)
[INFO] [1775394815.810063061] [navNode]: 状态4：WaitAim--[A2]
[INFO] [1775394815.810654285] [navNode]: 未到目标点
目标位置:(-0.25, 1.25, 1.2)-[A2]-[MCU:False]-[POS:False]
当前位置:(-0.07356684654951096, 0.010749599896371365, -0.00442492077127099)
[INFO] [1775394815.910181175] [navNode]: 状态4：WaitAim--[A2]
[INFO] [1775394815.910820917] [navNode]: 未到目标点
目标位置:(-0.25, 1.25, 1.2)-[A2]-[MCU:False]-[POS:False]
当前位置:(-0.07356684654951096, 0.010749599896371365, -0.00442492077127099)
[INFO] [1775394816.010325889] [navNode]: 状态4：WaitAim--[A2]
[INFO] [1775394816.010905569] [navNode]: 未到目标点
目标位置:(-0.25, 1.25, 1.2)-[A2]-[MCU:False]-[POS:False]
当前位置:(-0.07356684654951096, 0.010749599896371365, -0.00442492077127099)
[INFO] [1775394816.109912481] [navNode]: 状态4：WaitAim--[A2]
[INFO] [1775394816.110365725] [navNode]: 未到目标点
目标位置:(-0.25, 1.25, 1.2)-[A2]-[MCU:False]-[POS:False]
当前位置:(-0.07356684654951096, 0.010749599896371365, -0.00442492077127099)
[INFO] [1775394816.210454322] [navNode]: 状态4：WaitAim--[A2]
[INFO] [1775394816.211479324] [navNode]: 未到目标点
目标位置:(-0.25, 1.25, 1.2)-[A2]-[MCU:False]-[POS:False]
当前位置:(-0.07356684654951096, 0.010749599896371365, -0.00442492077127099)
[INFO] [1775394816.309908683] [navNode]: 状态4：WaitAim--[A2]
[INFO] [1775394816.310342898] [navNode]: 未到目标点
目标位置:(-0.25, 1.25, 1.2)-[A2]-[MCU:False]-[POS:False]
当前位置:(-0.07356684654951096, 0.010749599896371365, -0.00442492077127099)
[INFO] [1775394816.410194291] [navNode]: 状态4：WaitAim--[A2]
[INFO] [1775394816.410775904] [navNode]: 未到目标点
目标位置:(-0.25, 1.25, 1.2)-[A2]-[MCU:False]-[POS:False]
当前位置:(-0.07356684654951096, 0.010749599896371365, -0.00442492077127099)
[INFO] [1775394816.510980276] [navNode]: 状态4：WaitAim--[A2]
[INFO] [1775394816.511428357] [navNode]: 未到目标点
目标位置:(-0.25, 1.25, 1.2)-[A2]-[MCU:False]-[POS:False]
当前位置:(-0.07356684654951096, 0.010749599896371365, -0.00442492077127099)
[INFO] [1775394816.610142768] [navNode]: 状态4：WaitAim--[A2]
[INFO] [1775394816.610651998] [navNode]: 未到目标点
目标位置:(-0.25, 1.25, 1.2)-[A2]-[MCU:False]-[POS:False]
当前位置:(-0.07356684654951096, 0.010749599896371365, -0.00442492077127099)
[INFO] [1775394816.710108568] [navNode]: 状态4：WaitAim--[A2]
[INFO] [1775394816.710597259] [navNode]: 未到目标点
目标位置:(-0.25, 1.25, 1.2)-[A2]-[MCU:False]-[POS:False]
当前位置:(-0.07356684654951096, 0.010749599896371365, -0.00442492077127099)
[INFO] [1775394816.811446784] [navNode]: 状态4：WaitAim--[A2]
[INFO] [1775394816.811999336] [navNode]: 未到目标点
目标位置:(-0.25, 1.25, 1.2)-[A2]-[MCU:False]-[POS:False]
当前位置:(-0.07356684654951096, 0.010749599896371365, -0.00442492077127099)
[INFO] [1775394816.909951643] [navNode]: 状态4：WaitAim--[A2]
[INFO] [1775394816.910417270] [navNode]: 未到目标点
目标位置:(-0.25, 1.25, 1.2)-[A2]-[MCU:False]-[POS:False]
当前位置:(-0.07356684654951096, 0.010749599896371365, -0.00442492077127099)
[INFO] [1775394817.009861034] [navNode]: 状态4：WaitAim--[A2]
[INFO] [1775394817.010541841] [navNode]: 未到目标点
目标位置:(-0.25, 1.25, 1.2)-[A2]-[MCU:False]-[POS:False]
当前位置:(-0.07356684654951096, 0.010749599896371365, -0.00442492077127099)
[INFO] [1775394817.110145917] [navNode]: 状态4：WaitAim--[A2]
[INFO] [1775394817.110551904] [navNode]: 未到目标点
目标位置:(-0.25, 1.25, 1.2)-[A2]-[MCU:False]-[POS:False]
当前位置:(-0.07356684654951096, 0.010749599896371365, -0.00442492077127099)
[INFO] [1775394817.211110516] [navNode]: 状态4：WaitAim--[A2]
[INFO] [1775394817.211590262] [navNode]: 未到目标点
目标位置:(-0.25, 1.25, 1.2)-[A2]-[MCU:False]-[POS:False]
当前位置:(-0.07356684654951096, 0.010749599896371365, -0.00442492077127099)
[INFO] [1775394817.309968953] [navNode]: 状态4：WaitAim--[A2]
[INFO] [1775394817.310401515] [navNode]: 未到目标点
目标位置:(-0.25, 1.25, 1.2)-[A2]-[MCU:False]-[POS:False]
当前位置:(-0.07356684654951096, 0.010749599896371365, -0.00442492077127099)
[INFO] [1775394817.409878301] [navNode]: 状态4：WaitAim--[A2]
[INFO] [1775394817.410459265] [navNode]: 未到目标点
目标位置:(-0.25, 1.25, 1.2)-[A2]-[MCU:False]-[POS:False]
当前位置:(-0.07356684654951096, 0.010749599896371365, -0.00442492077127099)
[INFO] [1775394817.510955401] [navNode]: 状态4：WaitAim--[A2]
[INFO] [1775394817.511489356] [navNode]: 未到目标点
目标位置:(-0.25, 1.25, 1.2)-[A2]-[MCU:False]-[POS:False]
当前位置:(-0.07356684654951096, 0.010749599896371365, -0.00442492077127099)
[INFO] [1775394817.610454816] [navNode]: 状态4：WaitAim--[A2]
[INFO] [1775394817.611028850] [navNode]: 未到目标点
目标位置:(-0.25, 1.25, 1.2)-[A2]-[MCU:False]-[POS:False]
当前位置:(-0.07356684654951096, 0.010749599896371365, -0.00442492077127099)
[INFO] [1775394817.709985909] [navNode]: 状态4：WaitAim--[A2]
[INFO] [1775394817.710461914] [navNode]: 未到目标点
目标位置:(-0.25, 1.25, 1.2)-[A2]-[MCU:False]-[POS:False]
当前位置:(-0.07356684654951096, 0.010749599896371365, -0.00442492077127099)
[INFO] [1775394817.810368350] [navNode]: 状态4：WaitAim--[A2]
[INFO] [1775394817.810869734] [navNode]: 未到目标点
目标位置:(-0.25, 1.25, 1.2)-[A2]-[MCU:False]-[POS:False]
当前位置:(-0.07356684654951096, 0.010749599896371365, -0.00442492077127099)
[INFO] [1775394817.910466652] [navNode]: 状态4：WaitAim--[A2]
[INFO] [1775394817.911008070] [navNode]: 未到目标点
目标位置:(-0.25, 1.25, 1.2)-[A2]-[MCU:False]-[POS:False]
当前位置:(-0.07356684654951096, 0.010749599896371365, -0.00442492077127099)
[INFO] [1775394818.010561172] [navNode]: 状态4：WaitAim--[A2]
[INFO] [1775394818.011168659] [navNode]: 未到目标点
目标位置:(-0.25, 1.25, 1.2)-[A2]-[MCU:False]-[POS:False]
当前位置:(-0.07356684654951096, 0.010749599896371365, -0.00442492077127099)
[INFO] [1775394818.110715814] [navNode]: 状态4：WaitAim--[A2]
[INFO] [1775394818.111380390] [navNode]: 未到目标点
目标位置:(-0.25, 1.25, 1.2)-[A2]-[MCU:False]-[POS:False]
当前位置:(-0.07356684654951096, 0.010749599896371365, -0.00442492077127099)
[INFO] [1775394818.210341556] [navNode]: 状态4：WaitAim--[A2]
[INFO] [1775394818.210993222] [navNode]: 未到目标点
目标位置:(-0.25, 1.25, 1.2)-[A2]-[MCU:False]-[POS:False]
当前位置:(-0.07356684654951096, 0.010749599896371365, -0.00442492077127099)
[INFO] [1775394818.310577871] [navNode]: 状态4：WaitAim--[A2]
[INFO] [1775394818.311434473] [navNode]: 未到目标点
目标位置:(-0.25, 1.25, 1.2)-[A2]-[MCU:False]-[POS:False]
当前位置:(-0.07356684654951096, 0.010749599896371365, -0.00442492077127099)
[INFO] [1775394818.411433828] [navNode]: 状态4：WaitAim--[A2]
[INFO] [1775394818.412097815] [navNode]: 未到目标点
目标位置:(-0.25, 1.25, 1.2)-[A2]-[MCU:False]-[POS:False]
当前位置:(-0.07356684654951096, 0.010749599896371365, -0.00442492077127099)
[INFO] [1775394818.510651688] [navNode]: 状态4：WaitAim--[A2]
[INFO] [1775394818.511309363] [navNode]: 未到目标点
目标位置:(-0.25, 1.25, 1.2)-[A2]-[MCU:False]-[POS:False]
当前位置:(-0.07356684654951096, 0.010749599896371365, -0.00442492077127099)
[INFO] [1775394818.610859138] [navNode]: 状态4：WaitAim--[A2]
[INFO] [1775394818.611773485] [navNode]: 未到目标点
目标位置:(-0.25, 1.25, 1.2)-[A2]-[MCU:False]-[POS:False]
当前位置:(-0.07356684654951096, 0.010749599896371365, -0.00442492077127099)
[INFO] [1775394818.709902140] [navNode]: 状态4：WaitAim--[A2]
[INFO] [1775394818.710737419] [navNode]: 未到目标点
目标位置:(-0.25, 1.25, 1.2)-[A2]-[MCU:False]-[POS:False]
当前位置:(-0.07356684654951096, 0.010749599896371365, -0.00442492077127099)
[INFO] [1775394818.810363797] [navNode]: 状态4：WaitAim--[A2]
[INFO] [1775394818.811823997] [navNode]: 未到目标点
目标位置:(-0.25, 1.25, 1.2)-[A2]-[MCU:False]-[POS:False]
当前位置:(-0.07356684654951096, 0.010749599896371365, -0.00442492077127099)
[INFO] [1775394818.910154675] [navNode]: 状态4：WaitAim--[A2]
[INFO] [1775394818.910688815] [navNode]: 未到目标点
目标位置:(-0.25, 1.25, 1.2)-[A2]-[MCU:False]-[POS:False]
当前位置:(-0.07356684654951096, 0.010749599896371365, -0.00442492077127099)
[INFO] [1775394819.009842517] [navNode]: 状态4：WaitAim--[A2]
[INFO] [1775394819.010641355] [navNode]: 未到目标点
目标位置:(-0.25, 1.25, 1.2)-[A2]-[MCU:False]-[POS:False]
当前位置:(-0.07356684654951096, 0.010749599896371365, -0.00442492077127099)
[INFO] [1775394819.110214446] [navNode]: 状态4：WaitAim--[A2]
[INFO] [1775394819.111010878] [navNode]: 未到目标点
目标位置:(-0.25, 1.25, 1.2)-[A2]-[MCU:False]-[POS:False]
当前位置:(-0.07356684654951096, 0.010749599896371365, -0.00442492077127099)
[INFO] [1775394819.209893022] [navNode]: 状态4：WaitAim--[A2]
[INFO] [1775394819.210758590] [navNode]: 未到目标点
目标位置:(-0.25, 1.25, 1.2)-[A2]-[MCU:False]-[POS:False]
当前位置:(-0.07356684654951096, 0.010749599896371365, -0.00442492077127099)
[INFO] [1775394819.310241027] [navNode]: 状态4：WaitAim--[A2]
[INFO] [1775394819.310768428] [navNode]: 未到目标点
目标位置:(-0.25, 1.25, 1.2)-[A2]-[MCU:False]-[POS:False]
当前位置:(-0.07356684654951096, 0.010749599896371365, -0.00442492077127099)
[INFO] [1775394819.411029059] [navNode]: 状态4：WaitAim--[A2]
[INFO] [1775394819.411612427] [navNode]: 未到目标点
目标位置:(-0.25, 1.25, 1.2)-[A2]-[MCU:False]-[POS:False]
当前位置:(-0.07356684654951096, 0.010749599896371365, -0.00442492077127099)
[INFO] [1775394819.510234539] [navNode]: 状态4：WaitAim--[A2]
[INFO] [1775394819.510842556] [navNode]: 未到目标点
目标位置:(-0.25, 1.25, 1.2)-[A2]-[MCU:False]-[POS:False]
当前位置:(-0.07356684654951096, 0.010749599896371365, -0.00442492077127099)
[INFO] [1775394819.609863834] [navNode]: 状态4：WaitAim--[A2]
[INFO] [1775394819.610634066] [navNode]: 未到目标点
目标位置:(-0.25, 1.25, 1.2)-[A2]-[MCU:False]-[POS:False]
当前位置:(-0.07356684654951096, 0.010749599896371365, -0.00442492077127099)
[INFO] [1775394819.709974200] [navNode]: 状态4：WaitAim--[A2]
[INFO] [1775394819.710468493] [navNode]: 未到目标点
目标位置:(-0.25, 1.25, 1.2)-[A2]-[MCU:False]-[POS:False]
当前位置:(-0.07356684654951096, 0.010749599896371365, -0.00442492077127099)
[INFO] [1775394819.811159795] [navNode]: 状态4：WaitAim--[A2]
[INFO] [1775394819.812378028] [navNode]: 未到目标点
目标位置:(-0.25, 1.25, 1.2)-[A2]-[MCU:False]-[POS:False]
当前位置:(-0.07356684654951096, 0.010749599896371365, -0.00442492077127099)
[INFO] [1775394819.910538240] [navNode]: 状态4：WaitAim--[A2]
[INFO] [1775394819.911134164] [navNode]: 未到目标点
目标位置:(-0.25, 1.25, 1.2)-[A2]-[MCU:False]-[POS:False]
当前位置:(-0.07356684654951096, 0.010749599896371365, -0.00442492077127099)
[INFO] [1775394820.009701223] [navNode]: 状态4：WaitAim--[A2]
[INFO] [1775394820.010459257] [navNode]: 未到目标点
目标位置:(-0.25, 1.25, 1.2)-[A2]-[MCU:False]-[POS:False]
当前位置:(-0.07356684654951096, 0.010749599896371365, -0.00442492077127099)
[INFO] [1775394820.110004857] [navNode]: 状态4：WaitAim--[A2]
[INFO] [1775394820.110510823] [navNode]: 未到目标点
目标位置:(-0.25, 1.25, 1.2)-[A2]-[MCU:False]-[POS:False]
当前位置:(-0.07356684654951096, 0.010749599896371365, -0.00442492077127099)
[INFO] [1775394820.210031000] [navNode]: 状态4：WaitAim--[A2]
[INFO] [1775394820.210619657] [navNode]: 未到目标点
目标位置:(-0.25, 1.25, 1.2)-[A2]-[MCU:False]-[POS:False]
当前位置:(-0.07356684654951096, 0.010749599896371365, -0.00442492077127099)
[INFO] [1775394820.309893542] [navNode]: 状态4：WaitAim--[A2]
[INFO] [1775394820.310388382] [navNode]: 未到目标点
目标位置:(-0.25, 1.25, 1.2)-[A2]-[MCU:False]-[POS:False]
当前位置:(-0.07356684654951096, 0.010749599896371365, -0.00442492077127099)
[INFO] [1775394820.410198135] [navNode]: 状态4：WaitAim--[A2]
[INFO] [1775394820.410823471] [navNode]: 未到目标点
目标位置:(-0.25, 1.25, 1.2)-[A2]-[MCU:False]-[POS:False]
当前位置:(-0.07356684654951096, 0.010749599896371365, -0.00442492077127099)
[INFO] [1775394820.510027827] [navNode]: 状态4：WaitAim--[A2]
[INFO] [1775394820.510544437] [navNode]: 未到目标点
目标位置:(-0.25, 1.25, 1.2)-[A2]-[MCU:False]-[POS:False]
当前位置:(-0.07356684654951096, 0.010749599896371365, -0.00442492077127099)
[INFO] [1775394820.609846582] [navNode]: 状态4：WaitAim--[A2]
[INFO] [1775394820.610403436] [navNode]: 未到目标点
目标位置:(-0.25, 1.25, 1.2)-[A2]-[MCU:False]-[POS:False]
当前位置:(-0.07356684654951096, 0.010749599896371365, -0.00442492077127099)
[INFO] [1775394820.710478422] [navNode]: 状态4：WaitAim--[A2]
[INFO] [1775394820.711246605] [navNode]: 未到目标点
目标位置:(-0.25, 1.25, 1.2)-[A2]-[MCU:False]-[POS:False]
当前位置:(-0.07356684654951096, 0.010749599896371365, -0.00442492077127099)
[INFO] [1775394820.810334569] [navNode]: 状态4：WaitAim--[A2]
[INFO] [1775394820.811318043] [navNode]: 未到目标点
目标位置:(-0.25, 1.25, 1.2)-[A2]-[MCU:False]-[POS:False]
当前位置:(-0.07356684654951096, 0.010749599896371365, -0.00442492077127099)
[INFO] [1775394820.910144667] [navNode]: 状态4：WaitAim--[A2]
[INFO] [1775394820.910832032] [navNode]: 未到目标点
目标位置:(-0.25, 1.25, 1.2)-[A2]-[MCU:False]-[POS:False]
当前位置:(-0.07356684654951096, 0.010749599896371365, -0.00442492077127099)
[INFO] [1775394821.010972815] [navNode]: 状态4：WaitAim--[A2]
[INFO] [1775394821.011502973] [navNode]: 未到目标点
目标位置:(-0.25, 1.25, 1.2)-[A2]-[MCU:False]-[POS:False]
当前位置:(-0.07356684654951096, 0.010749599896371365, -0.00442492077127099)
[INFO] [1775394821.110557492] [navNode]: 状态4：WaitAim--[A2]
[INFO] [1775394821.111215325] [navNode]: 未到目标点
目标位置:(-0.25, 1.25, 1.2)-[A2]-[MCU:False]-[POS:False]
当前位置:(-0.07356684654951096, 0.010749599896371365, -0.00442492077127099)
[INFO] [1775394821.210546993] [navNode]: 状态4：WaitAim--[A2]
[INFO] [1775394821.211074096] [navNode]: 未到目标点
目标位置:(-0.25, 1.25, 1.2)-[A2]-[MCU:False]-[POS:False]
当前位置:(-0.07356684654951096, 0.010749599896371365, -0.00442492077127099)
[INFO] [1775394821.310337602] [navNode]: 状态4：WaitAim--[A2]
[INFO] [1775394821.310940551] [navNode]: 未到目标点
目标位置:(-0.25, 1.25, 1.2)-[A2]-[MCU:False]-[POS:False]
当前位置:(-0.07356684654951096, 0.010749599896371365, -0.00442492077127099)
[INFO] [1775394821.410463134] [navNode]: 状态4：WaitAim--[A2]
[INFO] [1775394821.411152887] [navNode]: 未到目标点
目标位置:(-0.25, 1.25, 1.2)-[A2]-[MCU:False]-[POS:False]
当前位置:(-0.07356684654951096, 0.010749599896371365, -0.00442492077127099)
[INFO] [1775394821.510028513] [navNode]: 状态4：WaitAim--[A2]
[INFO] [1775394821.510486287] [navNode]: 未到目标点
目标位置:(-0.25, 1.25, 1.2)-[A2]-[MCU:False]-[POS:False]
当前位置:(-0.07356684654951096, 0.010749599896371365, -0.00442492077127099)
[INFO] [1775394821.610291333] [navNode]: 状态4：WaitAim--[A2]
[INFO] [1775394821.610807762] [navNode]: 未到目标点
目标位置:(-0.25, 1.25, 1.2)-[A2]-[MCU:False]-[POS:False]
当前位置:(-0.07356684654951096, 0.010749599896371365, -0.00442492077127099)
[INFO] [1775394821.709889622] [navNode]: 状态4：WaitAim--[A2]
[INFO] [1775394821.710351086] [navNode]: 未到目标点
目标位置:(-0.25, 1.25, 1.2)-[A2]-[MCU:False]-[POS:False]
当前位置:(-0.07356684654951096, 0.010749599896371365, -0.00442492077127099)
[INFO] [1775394821.810323569] [navNode]: 状态4：WaitAim--[A2]
[INFO] [1775394821.811119167] [navNode]: 未到目标点
目标位置:(-0.25, 1.25, 1.2)-[A2]-[MCU:False]-[POS:False]
当前位置:(-0.07356684654951096, 0.010749599896371365, -0.00442492077127099)
[INFO] [1775394821.911239993] [navNode]: 状态4：WaitAim--[A2]
[INFO] [1775394821.911802162] [navNode]: 未到目标点
目标位置:(-0.25, 1.25, 1.2)-[A2]-[MCU:False]-[POS:False]
当前位置:(-0.07356684654951096, 0.010749599896371365, -0.00442492077127099)
[INFO] [1775394822.010202236] [navNode]: 状态4：WaitAim--[A2]
[INFO] [1775394822.010831964] [navNode]: 未到目标点
目标位置:(-0.25, 1.25, 1.2)-[A2]-[MCU:False]-[POS:False]
当前位置:(-0.07356684654951096, 0.010749599896371365, -0.00442492077127099)
[INFO] [1775394822.110164374] [navNode]: 状态4：WaitAim--[A2]
[INFO] [1775394822.110639801] [navNode]: 未到目标点
目标位置:(-0.25, 1.25, 1.2)-[A2]-[MCU:False]-[POS:False]
当前位置:(-0.07356684654951096, 0.010749599896371365, -0.00442492077127099)
[INFO] [1775394822.210580116] [navNode]: 状态4：WaitAim--[A2]
[INFO] [1775394822.211039425] [navNode]: 未到目标点
目标位置:(-0.25, 1.25, 1.2)-[A2]-[MCU:False]-[POS:False]
当前位置:(-0.07356684654951096, 0.010749599896371365, -0.00442492077127099)
[INFO] [1775394822.309973177] [navNode]: 状态4：WaitAim--[A2]
[INFO] [1775394822.310369054] [navNode]: 未到目标点
目标位置:(-0.25, 1.25, 1.2)-[A2]-[MCU:False]-[POS:False]
当前位置:(-0.07356684654951096, 0.010749599896371365, -0.00442492077127099)
[INFO] [1775394822.410941031] [navNode]: 状态4：WaitAim--[A2]
[INFO] [1775394822.411384892] [navNode]: 未到目标点
目标位置:(-0.25, 1.25, 1.2)-[A2]-[MCU:False]-[POS:False]
当前位置:(-0.07356684654951096, 0.010749599896371365, -0.00442492077127099)
[INFO] [1775394822.510214264] [navNode]: 状态4：WaitAim--[A2]
[INFO] [1775394822.510705727] [navNode]: 未到目标点
目标位置:(-0.25, 1.25, 1.2)-[A2]-[MCU:False]-[POS:False]
当前位置:(-0.07356684654951096, 0.010749599896371365, -0.00442492077127099)
[INFO] [1775394822.610426098] [navNode]: 状态4：WaitAim--[A2]
[INFO] [1775394822.610918465] [navNode]: 未到目标点
目标位置:(-0.25, 1.25, 1.2)-[A2]-[MCU:False]-[POS:False]
当前位置:(-0.07356684654951096, 0.010749599896371365, -0.00442492077127099)
[INFO] [1775394822.709807455] [navNode]: 状态4：WaitAim--[A2]
[INFO] [1775394822.710244280] [navNode]: 未到目标点
目标位置:(-0.25, 1.25, 1.2)-[A2]-[MCU:False]-[POS:False]
当前位置:(-0.07356684654951096, 0.010749599896371365, -0.00442492077127099)
[INFO] [1775394822.809840826] [navNode]: 状态4：WaitAim--[A2]
[INFO] [1775394822.810336311] [navNode]: 未到目标点
目标位置:(-0.25, 1.25, 1.2)-[A2]-[MCU:False]-[POS:False]
当前位置:(-0.07356684654951096, 0.010749599896371365, -0.00442492077127099)
[INFO] [1775394822.910262938] [navNode]: 状态4：WaitAim--[A2]
[INFO] [1775394822.910758640] [navNode]: 未到目标点
目标位置:(-0.25, 1.25, 1.2)-[A2]-[MCU:False]-[POS:False]
当前位置:(-0.07356684654951096, 0.010749599896371365, -0.00442492077127099)
[INFO] [1775394823.009879218] [navNode]: 状态4：WaitAim--[A2]
[INFO] [1775394823.010433518] [navNode]: 未到目标点
目标位置:(-0.25, 1.25, 1.2)-[A2]-[MCU:False]-[POS:False]
当前位置:(-0.07356684654951096, 0.010749599896371365, -0.00442492077127099)
[INFO] [1775394823.111379934] [navNode]: 状态4：WaitAim--[A2]
[INFO] [1775394823.112952705] [navNode]: 未到目标点
目标位置:(-0.25, 1.25, 1.2)-[A2]-[MCU:False]-[POS:False]
当前位置:(-0.07356684654951096, 0.010749599896371365, -0.00442492077127099)
[INFO] [1775394823.209947787] [navNode]: 状态4：WaitAim--[A2]
[INFO] [1775394823.210493827] [navNode]: 未到目标点
目标位置:(-0.25, 1.25, 1.2)-[A2]-[MCU:False]-[POS:False]
当前位置:(-0.07356684654951096, 0.010749599896371365, -0.00442492077127099)
[INFO] [1775394823.309787281] [navNode]: 状态4：WaitAim--[A2]
[INFO] [1775394823.310288744] [navNode]: 未到目标点
目标位置:(-0.25, 1.25, 1.2)-[A2]-[MCU:False]-[POS:False]
当前位置:(-0.07356684654951096, 0.010749599896371365, -0.00442492077127099)
