[INFO] [1775389773.152765800] [navNode]: paths: [
  {"x": 0.00, "y": 0.00, "z": 0.00, "label": "TakeOff", "qrcode": "", "label2": ""       , "qrcode2": "" },
  {"x": 0.00, "y": 0.00, "z": 0.70, "label": "TakeOff", "qrcode": "", "label2": ""       , "qrcode2": "" },
  {"x":-0.25, "y": 0.75, "z": 0.80, "label": "A6"     , "qrcode": "", "label2": ""       , "qrcode2": "" },
  {"x":-0.25, "y": 0.75, "z": 1.20, "label": "A3"     , "qrcode": "", "label2": ""       , "qrcode2": "" },
  {"x":-0.25, "y": 1.25, "z": 1.20, "label": "A2"     , "qrcode": "", "label2": ""       , "qrcode2": "" },
  {"x":-0.25, "y": 1.25, "z": 0.80, "label": "A5"     , "qrcode": "", "label2": ""       , "qrcode2": "" },
  {"x":-0.25, "y": 1.75, "z": 0.80, "label": "A4"     , "qrcode": "", "label2": ""       , "qrcode2": "" },
  {"x":-0.25, "y": 1.75, "z": 1.20, "label": "A1"     , "qrcode": "", "label2": ""       , "qrcode2": "" },
  {"x":-0.25, "y": 2.00, "z": 0.70, "label": "UpSide1", "qrcode": "", "label2": ""       , "qrcode2": "" },
  {"x": 0.75, "y": 2.00, "z": 0.70, "label": "Landpos", "qrcode": "", "label2": ""       , "qrcode2": "" }
]

[INFO] [1775389773.158218930] [navNode]: 上位机导航节点启动成功
[WARN] [1775389773.159140734] [navNode]: 任务开始执行
[INFO] [1775389773.260108431] [navNode]: 状态1：Takeoff--[TakeOff]
[ERROR] [1775389773.511304108] [navNode]: 发送 takeoff 失败: ROS2 服务 [ControlService] 未启动或超时
[INFO] [1775389773.512352590] [navNode]: 状态2：Takeoff_wait--[TakeOff]
[INFO] [1775389773.512711827] [navNode]: 未到目标点
目标位置:(0.0, 0.0, 0.0)-[TakeOff]-[MCU:False]-[POS:False]
当前位置:(0.0, 0.0, 0.0)
[INFO] [1775389773.559868372] [navNode]: 状态2：Takeoff_wait--[TakeOff]
[INFO] [1775389773.560247588] [navNode]: 未到目标点
目标位置:(0.0, 0.0, 0.0)-[TakeOff]-[MCU:False]-[POS:False]
当前位置:(0.0, 0.0, 0.0)
[INFO] [1775389773.659866503] [navNode]: 状态2：Takeoff_wait--[TakeOff]
[INFO] [1775389773.660285939] [navNode]: 未到目标点
目标位置:(0.0, 0.0, 0.0)-[TakeOff]-[MCU:False]-[POS:False]
当前位置:(0.0, 0.0, 0.0)
[INFO] [1775389773.760041517] [navNode]: 状态2：Takeoff_wait--[TakeOff]
[INFO] [1775389773.760463801] [navNode]: 未到目标点
目标位置:(0.0, 0.0, 0.0)-[TakeOff]-[MCU:False]-[POS:False]
当前位置:(0.0, 0.0, 0.0)
[INFO] [1775389773.861550950] [navNode]: 状态2：Takeoff_wait--[TakeOff]
[INFO] [1775389773.862576241] [navNode]: 未到目标点
目标位置:(0.0, 0.0, 0.0)-[TakeOff]-[MCU:False]-[POS:False]
当前位置:(0.0, 0.0, 0.0)
[INFO] [1775389773.959847397] [navNode]: 状态2：Takeoff_wait--[TakeOff]
[INFO] [1775389773.960259847] [navNode]: 未到目标点
目标位置:(0.0, 0.0, 0.0)-[TakeOff]-[MCU:False]-[POS:False]
当前位置:(0.0, 0.0, 0.0)
[INFO] [1775389774.060096403] [navNode]: 状态2：Takeoff_wait--[TakeOff]
[INFO] [1775389774.060500971] [navNode]: 未到目标点
目标位置:(0.0, 0.0, 0.0)-[TakeOff]-[MCU:False]-[POS:False]
当前位置:(0.0, 0.0, 0.0)
[INFO] [1775389774.161588977] [navNode]: 状态2：Takeoff_wait--[TakeOff]
[INFO] [1775389774.162659945] [navNode]: 未到目标点
目标位置:(0.0, 0.0, 0.0)-[TakeOff]-[MCU:False]-[POS:False]
当前位置:(0.0, 0.0, 0.0)
[INFO] [1775389774.260827077] [navNode]: 状态2：Takeoff_wait--[TakeOff]
[INFO] [1775389774.261223887] [navNode]: 未到目标点
目标位置:(0.0, 0.0, 0.0)-[TakeOff]-[MCU:False]-[POS:False]
当前位置:(0.0, 0.0, 0.0)
[INFO] [1775389774.360267954] [navNode]: 状态2：Takeoff_wait--[TakeOff]
[INFO] [1775389774.360661121] [navNode]: 未到目标点
目标位置:(0.0, 0.0, 0.0)-[TakeOff]-[MCU:False]-[POS:False]
当前位置:(0.0, 0.0, 0.0)
[INFO] [1775389774.460324398] [navNode]: 状态2：Takeoff_wait--[TakeOff]
[INFO] [1775389774.460788059] [navNode]: 未到目标点
目标位置:(0.0, 0.0, 0.0)-[TakeOff]-[MCU:False]-[POS:False]
当前位置:(0.0, 0.0, 0.0)
[INFO] [1775389774.560024674] [navNode]: 状态2：Takeoff_wait--[TakeOff]
[INFO] [1775389774.560440199] [navNode]: 未到目标点
目标位置:(0.0, 0.0, 0.0)-[TakeOff]-[MCU:False]-[POS:False]
当前位置:(0.0, 0.0, 0.0)
[INFO] [1775389774.660067151] [navNode]: 状态2：Takeoff_wait--[TakeOff]
[INFO] [1775389774.660597709] [navNode]: 未到目标点
目标位置:(0.0, 0.0, 0.0)-[TakeOff]-[MCU:False]-[POS:False]
当前位置:(0.0, 0.0, 0.0)
[INFO] [1775389774.760630885] [navNode]: 状态2：Takeoff_wait--[TakeOff]
[INFO] [1775389774.761075125] [navNode]: 未到目标点
目标位置:(0.0, 0.0, 0.0)-[TakeOff]-[MCU:False]-[POS:False]
当前位置:(0.0, 0.0, 0.0)
[INFO] [1775389774.860135963] [navNode]: 状态2：Takeoff_wait--[TakeOff]
[INFO] [1775389774.860526912] [navNode]: 未到目标点
目标位置:(0.0, 0.0, 0.0)-[TakeOff]-[MCU:False]-[POS:False]
当前位置:(0.0, 0.0, 0.0)
[INFO] [1775389774.960113308] [navNode]: 状态2：Takeoff_wait--[TakeOff]
[INFO] [1775389774.960502236] [navNode]: 未到目标点
目标位置:(0.0, 0.0, 0.0)-[TakeOff]-[MCU:False]-[POS:False]
当前位置:(0.0, 0.0, 0.0)
[INFO] [1775389775.059953327] [navNode]: 状态2：Takeoff_wait--[TakeOff]
[INFO] [1775389775.060575368] [navNode]: 未到目标点
目标位置:(0.0, 0.0, 0.0)-[TakeOff]-[MCU:False]-[POS:False]
当前位置:(0.0, 0.0, 0.0)
[INFO] [1775389775.160163381] [navNode]: 状态2：Takeoff_wait--[TakeOff]
[INFO] [1775389775.160609388] [navNode]: 未到目标点
目标位置:(0.0, 0.0, 0.0)-[TakeOff]-[MCU:False]-[POS:False]
当前位置:(0.0, 0.0, 0.0)
[INFO] [1775389775.260972972] [navNode]: 状态2：Takeoff_wait--[TakeOff]
[INFO] [1775389775.261442381] [navNode]: 未到目标点
目标位置:(0.0, 0.0, 0.0)-[TakeOff]-[MCU:False]-[POS:False]
当前位置:(0.0, 0.0, 0.0)
[INFO] [1775389775.360315239] [navNode]: 状态2：Takeoff_wait--[TakeOff]
[INFO] [1775389775.360888790] [navNode]: 未到目标点
目标位置:(0.0, 0.0, 0.0)-[TakeOff]-[MCU:False]-[POS:False]
当前位置:(0.0, 0.0, 0.0)
[INFO] [1775389775.460298928] [navNode]: 状态2：Takeoff_wait--[TakeOff]
[INFO] [1775389775.460737965] [navNode]: 未到目标点
目标位置:(0.0, 0.0, 0.0)-[TakeOff]-[MCU:False]-[POS:False]
当前位置:(0.0, 0.0, 0.0)
[INFO] [1775389775.559926504] [navNode]: 状态2：Takeoff_wait--[TakeOff]
[INFO] [1775389775.560410343] [navNode]: 未到目标点
目标位置:(0.0, 0.0, 0.0)-[TakeOff]-[MCU:False]-[POS:False]
当前位置:(0.0, 0.0, 0.0)
[INFO] [1775389775.659837958] [navNode]: 状态2：Takeoff_wait--[TakeOff]
[INFO] [1775389775.660255076] [navNode]: 未到目标点
目标位置:(0.0, 0.0, 0.0)-[TakeOff]-[MCU:False]-[POS:False]
当前位置:(0.0, 0.0, 0.0)
[INFO] [1775389775.759684405] [navNode]: 状态2：Takeoff_wait--[TakeOff]
[INFO] [1775389775.760075235] [navNode]: 未到目标点
目标位置:(0.0, 0.0, 0.0)-[TakeOff]-[MCU:False]-[POS:False]
当前位置:(0.0, 0.0, 0.0)
[INFO] [1775389775.859916820] [navNode]: 状态2：Takeoff_wait--[TakeOff]
[INFO] [1775389775.860300417] [navNode]: 未到目标点
目标位置:(0.0, 0.0, 0.0)-[TakeOff]-[MCU:False]-[POS:False]
当前位置:(0.0, 0.0, 0.0)
[INFO] [1775389775.959858058] [navNode]: 状态2：Takeoff_wait--[TakeOff]
[INFO] [1775389775.960244930] [navNode]: 未到目标点
目标位置:(0.0, 0.0, 0.0)-[TakeOff]-[MCU:False]-[POS:False]
当前位置:(0.0, 0.0, 0.0)
[INFO] [1775389776.060569475] [navNode]: 状态2：Takeoff_wait--[TakeOff]
[INFO] [1775389776.061233808] [navNode]: 未到目标点
目标位置:(0.0, 0.0, 0.0)-[TakeOff]-[MCU:False]-[POS:False]
当前位置:(0.0, 0.0, 0.0)
[INFO] [1775389776.160103517] [navNode]: 状态2：Takeoff_wait--[TakeOff]
[INFO] [1775389776.160508641] [navNode]: 未到目标点
目标位置:(0.0, 0.0, 0.0)-[TakeOff]-[MCU:False]-[POS:False]
当前位置:(0.0, 0.0, 0.0)
[INFO] [1775389776.259840619] [navNode]: 状态2：Takeoff_wait--[TakeOff]
[INFO] [1775389776.260249787] [navNode]: 未到目标点
目标位置:(0.0, 0.0, 0.0)-[TakeOff]-[MCU:False]-[POS:False]
当前位置:(0.0, 0.0, 0.0)
[INFO] [1775389776.359719913] [navNode]: 状态2：Takeoff_wait--[TakeOff]
[INFO] [1775389776.360092532] [navNode]: 未到目标点
目标位置:(0.0, 0.0, 0.0)-[TakeOff]-[MCU:False]-[POS:False]
当前位置:(0.0, 0.0, 0.0)
[INFO] [1775389776.459910325] [navNode]: 状态2：Takeoff_wait--[TakeOff]
[INFO] [1775389776.460365401] [navNode]: 未到目标点
目标位置:(0.0, 0.0, 0.0)-[TakeOff]-[MCU:False]-[POS:False]
当前位置:(0.0, 0.0, 0.0)
[INFO] [1775389776.559795045] [navNode]: 状态2：Takeoff_wait--[TakeOff]
[INFO] [1775389776.560189179] [navNode]: 未到目标点
目标位置:(0.0, 0.0, 0.0)-[TakeOff]-[MCU:False]-[POS:False]
当前位置:(0.0, 0.0, 0.0)
[INFO] [1775389776.660037796] [navNode]: 状态2：Takeoff_wait--[TakeOff]
[INFO] [1775389776.660448846] [navNode]: 未到目标点
目标位置:(0.0, 0.0, 0.0)-[TakeOff]-[MCU:False]-[POS:False]
当前位置:(0.0, 0.0, 0.0)
[INFO] [1775389776.759794752] [navNode]: 状态2：Takeoff_wait--[TakeOff]
[INFO] [1775389776.760209825] [navNode]: 未到目标点
目标位置:(0.0, 0.0, 0.0)-[TakeOff]-[MCU:False]-[POS:False]
当前位置:(0.0, 0.0, 0.0)
[INFO] [1775389776.859895436] [navNode]: 状态2：Takeoff_wait--[TakeOff]
[INFO] [1775389776.860329550] [navNode]: 未到目标点
目标位置:(0.0, 0.0, 0.0)-[TakeOff]-[MCU:False]-[POS:False]
当前位置:(0.0, 0.0, 0.0)
[INFO] [1775389776.959786982] [navNode]: 状态2：Takeoff_wait--[TakeOff]
[INFO] [1775389776.960192070] [navNode]: 未到目标点
目标位置:(0.0, 0.0, 0.0)-[TakeOff]-[MCU:False]-[POS:False]
当前位置:(0.0, 0.0, 0.0)
[INFO] [1775389777.059985111] [navNode]: 状态2：Takeoff_wait--[TakeOff]
[INFO] [1775389777.060376273] [navNode]: 未到目标点
目标位置:(0.0, 0.0, 0.0)-[TakeOff]-[MCU:False]-[POS:False]
当前位置:(0.0, 0.0, 0.0)
[INFO] [1775389777.159874356] [navNode]: 状态2：Takeoff_wait--[TakeOff]
[INFO] [1775389777.160281427] [navNode]: 未到目标点
目标位置:(0.0, 0.0, 0.0)-[TakeOff]-[MCU:False]-[POS:False]
当前位置:(0.0, 0.0, 0.0)
[INFO] [1775389777.260066780] [navNode]: 状态2：Takeoff_wait--[TakeOff]
[INFO] [1775389777.260550904] [navNode]: 未到目标点
目标位置:(0.0, 0.0, 0.0)-[TakeOff]-[MCU:False]-[POS:False]
当前位置:(0.0, 0.0, 0.0)
[INFO] [1775389777.360596459] [navNode]: 状态2：Takeoff_wait--[TakeOff]
[INFO] [1775389777.361076638] [navNode]: 未到目标点
目标位置:(0.0, 0.0, 0.0)-[TakeOff]-[MCU:False]-[POS:False]
当前位置:(0.0, 0.0, 0.0)
[INFO] [1775389777.459915813] [navNode]: 状态2：Takeoff_wait--[TakeOff]
[INFO] [1775389777.460357915] [navNode]: 未到目标点
目标位置:(0.0, 0.0, 0.0)-[TakeOff]-[MCU:False]-[POS:False]
当前位置:(0.0, 0.0, 0.0)
[INFO] [1775389777.559768535] [navNode]: 状态2：Takeoff_wait--[TakeOff]
[INFO] [1775389777.560261730] [navNode]: 未到目标点
目标位置:(0.0, 0.0, 0.0)-[TakeOff]-[MCU:False]-[POS:False]
当前位置:(0.0, 0.0, 0.0)
[INFO] [1775389777.661593197] [navNode]: 状态2：Takeoff_wait--[TakeOff]
[INFO] [1775389777.662207515] [navNode]: 未到目标点
目标位置:(0.0, 0.0, 0.0)-[TakeOff]-[MCU:False]-[POS:False]
当前位置:(0.0, 0.0, 0.0)
[INFO] [1775389777.760816845] [navNode]: 状态2：Takeoff_wait--[TakeOff]
[INFO] [1775389777.761383691] [navNode]: 未到目标点
目标位置:(0.0, 0.0, 0.0)-[TakeOff]-[MCU:False]-[POS:False]
当前位置:(0.0, 0.0, 0.0)
[INFO] [1775389777.860826571] [navNode]: 状态2：Takeoff_wait--[TakeOff]
[INFO] [1775389777.861275378] [navNode]: 未到目标点
目标位置:(0.0, 0.0, 0.0)-[TakeOff]-[MCU:False]-[POS:False]
当前位置:(0.0, 0.0, 0.0)
[INFO] [1775389777.960601387] [navNode]: 状态2：Takeoff_wait--[TakeOff]
[INFO] [1775389777.961083858] [navNode]: 未到目标点
目标位置:(0.0, 0.0, 0.0)-[TakeOff]-[MCU:False]-[POS:False]
当前位置:(0.0, 0.0, 0.0)
[INFO] [1775389778.060170501] [navNode]: 状态2：Takeoff_wait--[TakeOff]
[INFO] [1775389778.060674998] [navNode]: 未到目标点
目标位置:(0.0, 0.0, 0.0)-[TakeOff]-[MCU:False]-[POS:False]
当前位置:(0.0, 0.0, 0.0)
[INFO] [1775389778.159983284] [navNode]: 状态2：Takeoff_wait--[TakeOff]
[INFO] [1775389778.160523445] [navNode]: 未到目标点
目标位置:(0.0, 0.0, 0.0)-[TakeOff]-[MCU:False]-[POS:False]
当前位置:(0.0, 0.0, 0.0)
[INFO] [1775389778.260410072] [navNode]: 状态2：Takeoff_wait--[TakeOff]
[INFO] [1775389778.260880168] [navNode]: 未到目标点
目标位置:(0.0, 0.0, 0.0)-[TakeOff]-[MCU:False]-[POS:False]
当前位置:(0.0, 0.0, 0.0)
[INFO] [1775389778.360015801] [navNode]: 状态2：Takeoff_wait--[TakeOff]
[INFO] [1775389778.360424171] [navNode]: 未到目标点
目标位置:(0.0, 0.0, 0.0)-[TakeOff]-[MCU:False]-[POS:False]
当前位置:(0.0, 0.0, 0.0)
[INFO] [1775389778.460112333] [navNode]: 状态2：Takeoff_wait--[TakeOff]
[INFO] [1775389778.460531183] [navNode]: 未到目标点
目标位置:(0.0, 0.0, 0.0)-[TakeOff]-[MCU:False]-[POS:False]
当前位置:(0.0, 0.0, 0.0)
[INFO] [1775389778.559918784] [navNode]: 状态2：Takeoff_wait--[TakeOff]
[INFO] [1775389778.560356584] [navNode]: 未到目标点
目标位置:(0.0, 0.0, 0.0)-[TakeOff]-[MCU:False]-[POS:False]
当前位置:(0.0, 0.0, 0.0)
[INFO] [1775389778.660017873] [navNode]: 状态2：Takeoff_wait--[TakeOff]
[INFO] [1775389778.660426338] [navNode]: 未到目标点
目标位置:(0.0, 0.0, 0.0)-[TakeOff]-[MCU:False]-[POS:False]
当前位置:(0.0, 0.0, 0.0)
[INFO] [1775389778.759834739] [navNode]: 状态2：Takeoff_wait--[TakeOff]
[INFO] [1775389778.760282672] [navNode]: 未到目标点
目标位置:(0.0, 0.0, 0.0)-[TakeOff]-[MCU:False]-[POS:False]
当前位置:(0.0, 0.0, 0.0)
[INFO] [1775389778.860852037] [navNode]: 状态2：Takeoff_wait--[TakeOff]
[INFO] [1775389778.861342360] [navNode]: 未到目标点
目标位置:(0.0, 0.0, 0.0)-[TakeOff]-[MCU:False]-[POS:False]
当前位置:(0.0, 0.0, 0.0)
[INFO] [1775389778.959829915] [navNode]: 状态2：Takeoff_wait--[TakeOff]
[INFO] [1775389778.960301716] [navNode]: 未到目标点
目标位置:(0.0, 0.0, 0.0)-[TakeOff]-[MCU:False]-[POS:False]
当前位置:(0.0, 0.0, 0.0)
[INFO] [1775389779.059947288] [navNode]: 状态2：Takeoff_wait--[TakeOff]
[INFO] [1775389779.060372914] [navNode]: 未到目标点
目标位置:(0.0, 0.0, 0.0)-[TakeOff]-[MCU:False]-[POS:False]
当前位置:(0.0, 0.0, 0.0)
[INFO] [1775389779.159882121] [navNode]: 状态2：Takeoff_wait--[TakeOff]
[INFO] [1775389779.160377764] [navNode]: 未到目标点
目标位置:(0.0, 0.0, 0.0)-[TakeOff]-[MCU:False]-[POS:False]
当前位置:(0.0, 0.0, 0.0)
[INFO] [1775389779.259894344] [navNode]: 状态2：Takeoff_wait--[TakeOff]
[INFO] [1775389779.260295261] [navNode]: 未到目标点
目标位置:(0.0, 0.0, 0.0)-[TakeOff]-[MCU:False]-[POS:False]
当前位置:(0.0, 0.0, 0.0)
[INFO] [1775389779.359933049] [navNode]: 状态2：Takeoff_wait--[TakeOff]
[INFO] [1775389779.360349466] [navNode]: 未到目标点
目标位置:(0.0, 0.0, 0.0)-[TakeOff]-[MCU:False]-[POS:False]
当前位置:(0.0, 0.0, 0.0)
[INFO] [1775389779.460249016] [navNode]: 状态2：Takeoff_wait--[TakeOff]
[INFO] [1775389779.460710063] [navNode]: 未到目标点
目标位置:(0.0, 0.0, 0.0)-[TakeOff]-[MCU:False]-[POS:False]
当前位置:(0.0, 0.0, 0.0)
[INFO] [1775389779.559870317] [navNode]: 状态2：Takeoff_wait--[TakeOff]
[INFO] [1775389779.560370970] [navNode]: 未到目标点
目标位置:(0.0, 0.0, 0.0)-[TakeOff]-[MCU:False]-[POS:False]
当前位置:(0.0, 0.0, 0.0)
[INFO] [1775389779.659946536] [navNode]: 状态2：Takeoff_wait--[TakeOff]
[INFO] [1775389779.660391567] [navNode]: 未到目标点
目标位置:(0.0, 0.0, 0.0)-[TakeOff]-[MCU:False]-[POS:False]
当前位置:(0.0, 0.0, 0.0)
[INFO] [1775389779.759806411] [navNode]: 状态2：Takeoff_wait--[TakeOff]
[INFO] [1775389779.760216187] [navNode]: 未到目标点
目标位置:(0.0, 0.0, 0.0)-[TakeOff]-[MCU:False]-[POS:False]
当前位置:(0.0, 0.0, 0.0)
[INFO] [1775389779.861193740] [navNode]: 状态2：Takeoff_wait--[TakeOff]
[INFO] [1775389779.861579220] [navNode]: 未到目标点
目标位置:(0.0, 0.0, 0.0)-[TakeOff]-[MCU:False]-[POS:False]
当前位置:(0.0, 0.0, 0.0)
[INFO] [1775389779.959807815] [navNode]: 状态2：Takeoff_wait--[TakeOff]
[INFO] [1775389779.960173703] [navNode]: 未到目标点
目标位置:(0.0, 0.0, 0.0)-[TakeOff]-[MCU:False]-[POS:False]
当前位置:(0.0, 0.0, 0.0)
[INFO] [1775389780.059961268] [navNode]: 状态2：Takeoff_wait--[TakeOff]
[INFO] [1775389780.060337429] [navNode]: 未到目标点
目标位置:(0.0, 0.0, 0.0)-[TakeOff]-[MCU:False]-[POS:False]
当前位置:(0.0, 0.0, 0.0)
[INFO] [1775389780.160674362] [navNode]: 状态2：Takeoff_wait--[TakeOff]
[INFO] [1775389780.162640666] [navNode]: 未到目标点
目标位置:(0.0, 0.0, 0.0)-[TakeOff]-[MCU:False]-[POS:False]
当前位置:(0.0, 0.0, 0.0)
[INFO] [1775389780.260277572] [navNode]: 状态2：Takeoff_wait--[TakeOff]
[INFO] [1775389780.260673233] [navNode]: 未到目标点
目标位置:(0.0, 0.0, 0.0)-[TakeOff]-[MCU:False]-[POS:False]
当前位置:(0.0, 0.0, 0.0)
[INFO] [1775389780.360195918] [navNode]: 状态2：Takeoff_wait--[TakeOff]
[INFO] [1775389780.360539682] [navNode]: 未到目标点
目标位置:(0.0, 0.0, 0.0)-[TakeOff]-[MCU:False]-[POS:False]
当前位置:(0.0, 0.0, 0.0)
[INFO] [1775389780.459988577] [navNode]: 状态2：Takeoff_wait--[TakeOff]
[INFO] [1775389780.460383438] [navNode]: 未到目标点
目标位置:(0.0, 0.0, 0.0)-[TakeOff]-[MCU:False]-[POS:False]
当前位置:(0.0, 0.0, 0.0)
[INFO] [1775389780.560009631] [navNode]: 状态2：Takeoff_wait--[TakeOff]
[INFO] [1775389780.560544918] [navNode]: 未到目标点
目标位置:(0.0, 0.0, 0.0)-[TakeOff]-[MCU:False]-[POS:False]
当前位置:(0.0, 0.0, 0.0)
[INFO] [1775389780.660028173] [navNode]: 状态2：Takeoff_wait--[TakeOff]
[INFO] [1775389780.660464544] [navNode]: 未到目标点
目标位置:(0.0, 0.0, 0.0)-[TakeOff]-[MCU:False]-[POS:False]
当前位置:(0.0, 0.0, 0.0)
[INFO] [1775389780.761069053] [navNode]: 状态2：Takeoff_wait--[TakeOff]
[INFO] [1775389780.761995271] [navNode]: 未到目标点
目标位置:(0.0, 0.0, 0.0)-[TakeOff]-[MCU:False]-[POS:False]
当前位置:(0.0, 0.0, 0.0)
[INFO] [1775389780.859721447] [navNode]: 状态2：Takeoff_wait--[TakeOff]
[INFO] [1775389780.860141330] [navNode]: 未到目标点
目标位置:(0.0, 0.0, 0.0)-[TakeOff]-[MCU:False]-[POS:False]
当前位置:(0.0, 0.0, 0.0)
[INFO] [1775389780.960682366] [navNode]: 状态2：Takeoff_wait--[TakeOff]
[INFO] [1775389780.961115866] [navNode]: 未到目标点
目标位置:(0.0, 0.0, 0.0)-[TakeOff]-[MCU:False]-[POS:False]
当前位置:(0.0, 0.0, 0.0)
[INFO] [1775389781.059921804] [navNode]: 状态2：Takeoff_wait--[TakeOff]
[INFO] [1775389781.060301491] [navNode]: 未到目标点
目标位置:(0.0, 0.0, 0.0)-[TakeOff]-[MCU:False]-[POS:False]
当前位置:(0.0, 0.0, 0.0)
[INFO] [1775389781.159934095] [navNode]: 状态2：Takeoff_wait--[TakeOff]
[INFO] [1775389781.160458500] [navNode]: 未到目标点
目标位置:(0.0, 0.0, 0.0)-[TakeOff]-[MCU:False]-[POS:False]
当前位置:(0.0, 0.0, 0.0)
[INFO] [1775389781.260063537] [navNode]: 状态2：Takeoff_wait--[TakeOff]
[INFO] [1775389781.260439101] [navNode]: 未到目标点
目标位置:(0.0, 0.0, 0.0)-[TakeOff]-[MCU:False]-[POS:False]
当前位置:(0.0, 0.0, 0.0)
[INFO] [1775389781.361397491] [navNode]: 状态2：Takeoff_wait--[TakeOff]
[INFO] [1775389781.362181152] [navNode]: 未到目标点
目标位置:(0.0, 0.0, 0.0)-[TakeOff]-[MCU:False]-[POS:False]
当前位置:(0.0, 0.0, 0.0)
[INFO] [1775389781.461666192] [navNode]: 状态2：Takeoff_wait--[TakeOff]
[INFO] [1775389781.462740030] [navNode]: 未到目标点
目标位置:(0.0, 0.0, 0.0)-[TakeOff]-[MCU:False]-[POS:False]
当前位置:(0.0, 0.0, 0.0)
[INFO] [1775389781.559810347] [navNode]: 状态2：Takeoff_wait--[TakeOff]
[INFO] [1775389781.560182311] [navNode]: 未到目标点
目标位置:(0.0, 0.0, 0.0)-[TakeOff]-[MCU:False]-[POS:False]
当前位置:(0.0, 0.0, 0.0)
[INFO] [1775389781.660019022] [navNode]: 状态2：Takeoff_wait--[TakeOff]
[INFO] [1775389781.660386428] [navNode]: 未到目标点
目标位置:(0.0, 0.0, 0.0)-[TakeOff]-[MCU:False]-[POS:False]
当前位置:(0.0, 0.0, 0.0)
[INFO] [1775389781.759839438] [navNode]: 状态2：Takeoff_wait--[TakeOff]
[INFO] [1775389781.760270263] [navNode]: 未到目标点
目标位置:(0.0, 0.0, 0.0)-[TakeOff]-[MCU:False]-[POS:False]
当前位置:(0.0, 0.0, 0.0)
[INFO] [1775389781.860109126] [navNode]: 状态2：Takeoff_wait--[TakeOff]
[INFO] [1775389781.860537672] [navNode]: 未到目标点
目标位置:(0.0, 0.0, 0.0)-[TakeOff]-[MCU:False]-[POS:False]
当前位置:(0.0, 0.0, 0.0)
[INFO] [1775389781.961518217] [navNode]: 状态2：Takeoff_wait--[TakeOff]
[INFO] [1775389781.962355561] [navNode]: 未到目标点
目标位置:(0.0, 0.0, 0.0)-[TakeOff]-[MCU:False]-[POS:False]
当前位置:(0.0, 0.0, 0.0)
[INFO] [1775389782.059943132] [navNode]: 状态2：Takeoff_wait--[TakeOff]
[INFO] [1775389782.060350330] [navNode]: 未到目标点
目标位置:(0.0, 0.0, 0.0)-[TakeOff]-[MCU:False]-[POS:False]
当前位置:(0.0, 0.0, 0.0)
[INFO] [1775389782.159954754] [navNode]: 状态2：Takeoff_wait--[TakeOff]
[INFO] [1775389782.160286940] [navNode]: 未到目标点
目标位置:(0.0, 0.0, 0.0)-[TakeOff]-[MCU:False]-[POS:False]
当前位置:(0.0, 0.0, 0.0)
[INFO] [1775389782.260006048] [navNode]: 状态2：Takeoff_wait--[TakeOff]
[INFO] [1775389782.260376453] [navNode]: 未到目标点
目标位置:(0.0, 0.0, 0.0)-[TakeOff]-[MCU:False]-[POS:False]
当前位置:(0.0, 0.0, 0.0)
[INFO] [1775389782.360927967] [navNode]: 状态2：Takeoff_wait--[TakeOff]
[INFO] [1775389782.361264783] [navNode]: 未到目标点
目标位置:(0.0, 0.0, 0.0)-[TakeOff]-[MCU:False]-[POS:False]
当前位置:(0.0, 0.0, 0.0)
[INFO] [1775389782.460105143] [navNode]: 状态2：Takeoff_wait--[TakeOff]
[INFO] [1775389782.460472416] [navNode]: 未到目标点
目标位置:(0.0, 0.0, 0.0)-[TakeOff]-[MCU:False]-[POS:False]
当前位置:(0.0, 0.0, 0.0)
[INFO] [1775389782.559834670] [navNode]: 状态2：Takeoff_wait--[TakeOff]
[INFO] [1775389782.560162805] [navNode]: 未到目标点
目标位置:(0.0, 0.0, 0.0)-[TakeOff]-[MCU:False]-[POS:False]
当前位置:(0.0, 0.0, 0.0)
[INFO] [1775389782.660380684] [navNode]: 状态2：Takeoff_wait--[TakeOff]
[INFO] [1775389782.661046729] [navNode]: 未到目标点
目标位置:(0.0, 0.0, 0.0)-[TakeOff]-[MCU:False]-[POS:False]
当前位置:(0.0, 0.0, 0.0)
[INFO] [1775389782.760073791] [navNode]: 状态2：Takeoff_wait--[TakeOff]
[INFO] [1775389782.760480216] [navNode]: 未到目标点
目标位置:(0.0, 0.0, 0.0)-[TakeOff]-[MCU:False]-[POS:False]
当前位置:(0.0, 0.0, 0.0)
[INFO] [1775389782.860019910] [navNode]: 状态2：Takeoff_wait--[TakeOff]
[INFO] [1775389782.860448939] [navNode]: 未到目标点
目标位置:(0.0, 0.0, 0.0)-[TakeOff]-[MCU:False]-[POS:False]
当前位置:(0.0, 0.0, 0.0)
[INFO] [1775389782.959852917] [navNode]: 状态2：Takeoff_wait--[TakeOff]
[INFO] [1775389782.960252942] [navNode]: 未到目标点
目标位置:(0.0, 0.0, 0.0)-[TakeOff]-[MCU:False]-[POS:False]
当前位置:(0.0, 0.0, 0.0)
[INFO] [1775389783.060159914] [navNode]: 状态2：Takeoff_wait--[TakeOff]
[INFO] [1775389783.060596977] [navNode]: 未到目标点
目标位置:(0.0, 0.0, 0.0)-[TakeOff]-[MCU:False]-[POS:False]
当前位置:(0.0, 0.0, 0.0)
[INFO] [1775389783.159772183] [navNode]: 状态2：Takeoff_wait--[TakeOff]
[INFO] [1775389783.160170037] [navNode]: 未到目标点
目标位置:(0.0, 0.0, 0.0)-[TakeOff]-[MCU:False]-[POS:False]
当前位置:(0.0, 0.0, 0.0)
[INFO] [1775389783.260030423] [navNode]: 状态2：Takeoff_wait--[TakeOff]
[INFO] [1775389783.260528507] [navNode]: 未到目标点
目标位置:(0.0, 0.0, 0.0)-[TakeOff]-[MCU:False]-[POS:False]
当前位置:(0.0, 0.0, 0.0)
[INFO] [1775389783.360214878] [navNode]: 状态2：Takeoff_wait--[TakeOff]
[INFO] [1775389783.360671111] [navNode]: 未到目标点
目标位置:(0.0, 0.0, 0.0)-[TakeOff]-[MCU:False]-[POS:False]
当前位置:(0.0, 0.0, 0.0)
[INFO] [1775389783.459987809] [navNode]: 状态2：Takeoff_wait--[TakeOff]
[INFO] [1775389783.460434081] [navNode]: 未到目标点
目标位置:(0.0, 0.0, 0.0)-[TakeOff]-[MCU:False]-[POS:False]
当前位置:(0.0, 0.0, 0.0)
[INFO] [1775389783.559825815] [navNode]: 状态2：Takeoff_wait--[TakeOff]
[INFO] [1775389783.560217882] [navNode]: 未到目标点
目标位置:(0.0, 0.0, 0.0)-[TakeOff]-[MCU:False]-[POS:False]
当前位置:(0.0, 0.0, 0.0)
[INFO] [1775389783.659916710] [navNode]: 状态2：Takeoff_wait--[TakeOff]
[INFO] [1775389783.660297860] [navNode]: 未到目标点
目标位置:(0.0, 0.0, 0.0)-[TakeOff]-[MCU:False]-[POS:False]
当前位置:(0.0, 0.0, 0.0)
[INFO] [1775389783.759715271] [navNode]: 状态2：Takeoff_wait--[TakeOff]
[INFO] [1775389783.760139620] [navNode]: 已到目标点
目标位置:TakeOff:(0.0, 0.0, 0.0)-[TakeOff]-[MCU:False]-[POS:True]
当前位置:(7.044388621579856e-05, 2.1992427718942054e-05, -0.0006927330396138132)

[INFO] [1775389783.859875280] [navNode]: 状态3：SetAim--[TakeOff]
[INFO] [1775389783.959937921] [navNode]: 状态4：WaitAim--[TakeOff]
[INFO] [1775389783.960352917] [navNode]: 已到目标点
目标位置:TakeOff:(0.0, 0.0, 0.0)-[TakeOff]-[MCU:False]-[POS:True]
当前位置:(-0.0003510938840918243, 8.841866656439379e-05, -0.000926290696952492)

[INFO] [1775389784.060780570] [navNode]: 状态5：ArriveAim--[TakeOff]
[INFO] [1775389784.159764385] [navNode]: 状态3：SetAim--[TakeOff]
[ERROR] [1775389784.410971519] [navNode]: 发送 G+00000+00000+07000 失败: ROS2 服务 [ControlService] 未启动或超时
[INFO] [1775389784.412332925] [navNode]: 状态4：WaitAim--[TakeOff]
[INFO] [1775389784.413402244] [navNode]: 未到目标点
目标位置:(0.0, 0.0, 0.7)-[TakeOff]-[MCU:False]-[POS:False]
当前位置:(-4.687076943810098e-05, 7.272580842254683e-05, -0.0007088716374710202)
[INFO] [1775389784.459950844] [navNode]: 状态4：WaitAim--[TakeOff]
[INFO] [1775389784.460395169] [navNode]: 未到目标点
目标位置:(0.0, 0.0, 0.7)-[TakeOff]-[MCU:False]-[POS:False]
当前位置:(-0.00030465013696812093, 0.00011409977014409378, -0.000413767178542912)
[INFO] [1775389784.559810981] [navNode]: 状态4：WaitAim--[TakeOff]
[INFO] [1775389784.560265815] [navNode]: 未到目标点
目标位置:(0.0, 0.0, 0.7)-[TakeOff]-[MCU:False]-[POS:False]
当前位置:(-0.00013584396219812334, 0.00019468172104097903, -0.0010803263867273927)
[INFO] [1775389784.659722992] [navNode]: 状态4：WaitAim--[TakeOff]
[INFO] [1775389784.660165752] [navNode]: 未到目标点
目标位置:(0.0, 0.0, 0.7)-[TakeOff]-[MCU:False]-[POS:False]
当前位置:(-0.000229355224291794, 0.00011695744615281001, -0.0003967292723245919)
[INFO] [1775389784.759832932] [navNode]: 状态4：WaitAim--[TakeOff]
[INFO] [1775389784.760248471] [navNode]: 未到目标点
目标位置:(0.0, 0.0, 0.7)-[TakeOff]-[MCU:False]-[POS:False]
当前位置:(-0.0001864493387984112, 9.572930866852403e-05, -0.00043230195296928287)
[INFO] [1775389784.860372201] [navNode]: 状态4：WaitAim--[TakeOff]
[INFO] [1775389784.860863063] [navNode]: 未到目标点
目标位置:(0.0, 0.0, 0.7)-[TakeOff]-[MCU:False]-[POS:False]
当前位置:(-0.0001107678035623394, 5.886086728423834e-05, -0.000963483820669353)
[INFO] [1775389784.959711347] [navNode]: 状态4：WaitAim--[TakeOff]
[INFO] [1775389784.960366139] [navNode]: 未到目标点
目标位置:(0.0, 0.0, 0.7)-[TakeOff]-[MCU:False]-[POS:False]
当前位置:(-0.00012137230805819854, -2.0290913198550697e-06, -0.00031641958048567176)
[INFO] [1775389785.059752725] [navNode]: 状态4：WaitAim--[TakeOff]
[INFO] [1775389785.060111319] [navNode]: 未到目标点
目标位置:(0.0, 0.0, 0.7)-[TakeOff]-[MCU:False]-[POS:False]
当前位置:(-0.00018977970466949046, -3.3327360142720863e-06, -0.0005901012918911874)
[INFO] [1775389785.160298878] [navNode]: 状态4：WaitAim--[TakeOff]
[INFO] [1775389785.160720170] [navNode]: 未到目标点
目标位置:(0.0, 0.0, 0.7)-[TakeOff]-[MCU:False]-[POS:False]
当前位置:(-0.00015807045565452427, -3.092310362262651e-05, -0.0004511623992584646)
[INFO] [1775389785.259560308] [navNode]: 状态4：WaitAim--[TakeOff]
[INFO] [1775389785.260008116] [navNode]: 未到目标点
目标位置:(0.0, 0.0, 0.7)-[TakeOff]-[MCU:False]-[POS:False]
当前位置:(-4.067259578732774e-05, 9.888000931823626e-06, -0.00044820187031291425)
[INFO] [1775389785.359642466] [navNode]: 状态4：WaitAim--[TakeOff]
[INFO] [1775389785.360044216] [navNode]: 未到目标点
目标位置:(0.0, 0.0, 0.7)-[TakeOff]-[MCU:False]-[POS:False]
当前位置:(-0.00022106216056272388, 3.9131624362198636e-05, -0.0011110162595286965)
[INFO] [1775389785.459719534] [navNode]: 状态4：WaitAim--[TakeOff]
[INFO] [1775389785.460166729] [navNode]: 未到目标点
目标位置:(0.0, 0.0, 0.7)-[TakeOff]-[MCU:False]-[POS:False]
当前位置:(-4.008461837656796e-05, -5.551677895709872e-05, -0.0003603789664339274)
[INFO] [1775389785.559782884] [navNode]: 状态4：WaitAim--[TakeOff]
[INFO] [1775389785.560216683] [navNode]: 未到目标点
目标位置:(0.0, 0.0, 0.7)-[TakeOff]-[MCU:False]-[POS:False]
当前位置:(-0.00015728469588793814, -3.393539373064414e-05, -0.0004530826990958303)
[INFO] [1775389785.659496937] [navNode]: 状态4：WaitAim--[TakeOff]
[INFO] [1775389785.659893807] [navNode]: 未到目标点
目标位置:(0.0, 0.0, 0.7)-[TakeOff]-[MCU:False]-[POS:False]
当前位置:(-4.009246185887605e-05, -2.6109491955139674e-05, -0.0011535683879628778)
[INFO] [1775389785.759741992] [navNode]: 状态4：WaitAim--[TakeOff]
[INFO] [1775389785.760172900] [navNode]: 未到目标点
目标位置:(0.0, 0.0, 0.7)-[TakeOff]-[MCU:False]-[POS:False]
当前位置:(-0.0001239481061929837, 8.473672642139718e-05, -0.001079391106031835)
[INFO] [1775389785.859592373] [navNode]: 状态4：WaitAim--[TakeOff]
[INFO] [1775389785.859980415] [navNode]: 未到目标点
目标位置:(0.0, 0.0, 0.7)-[TakeOff]-[MCU:False]-[POS:False]
当前位置:(-4.852305573876947e-05, 0.00011892199836438522, -0.0011700968025252223)
[INFO] [1775389785.960401783] [navNode]: 状态4：WaitAim--[TakeOff]
[INFO] [1775389785.960915633] [navNode]: 未到目标点
目标位置:(0.0, 0.0, 0.7)-[TakeOff]-[MCU:False]-[POS:False]
当前位置:(-5.986767791910097e-05, 7.283787272172049e-05, -0.0013321958249434829)
[INFO] [1775389786.059845374] [navNode]: 状态4：WaitAim--[TakeOff]
[INFO] [1775389786.060307332] [navNode]: 未到目标点
目标位置:(0.0, 0.0, 0.7)-[TakeOff]-[MCU:False]-[POS:False]
当前位置:(-0.00011464989802334458, -0.00013956529437564313, -0.0008549506892450154)
[INFO] [1775389786.159716998] [navNode]: 状态4：WaitAim--[TakeOff]
[INFO] [1775389786.160104218] [navNode]: 未到目标点
目标位置:(0.0, 0.0, 0.7)-[TakeOff]-[MCU:False]-[POS:False]
当前位置:(-0.00011575702228583395, 0.00011439212539698929, -0.0010865037329494953)
[INFO] [1775389786.259516574] [navNode]: 状态4：WaitAim--[TakeOff]
[INFO] [1775389786.259897536] [navNode]: 未到目标点
目标位置:(0.0, 0.0, 0.7)-[TakeOff]-[MCU:False]-[POS:False]
当前位置:(-0.00020822887017857283, 7.957762863952667e-05, -0.0013316429685801268)
[INFO] [1775389786.360830675] [navNode]: 状态4：WaitAim--[TakeOff]
[INFO] [1775389786.361526587] [navNode]: 未到目标点
目标位置:(0.0, 0.0, 0.7)-[TakeOff]-[MCU:False]-[POS:False]
当前位置:(-3.677484710351564e-05, 0.0001476821635151282, -0.001169066526927054)
[INFO] [1775389786.459513974] [navNode]: 状态4：WaitAim--[TakeOff]
[INFO] [1775389786.459883097] [navNode]: 未到目标点
目标位置:(0.0, 0.0, 0.7)-[TakeOff]-[MCU:False]-[POS:False]
当前位置:(-3.9803948311600834e-05, 5.513182622962631e-05, -0.0010455410229042172)
[INFO] [1775389786.559662895] [navNode]: 状态4：WaitAim--[TakeOff]
[INFO] [1775389786.560034375] [navNode]: 未到目标点
目标位置:(0.0, 0.0, 0.7)-[TakeOff]-[MCU:False]-[POS:False]
当前位置:(-0.0001553698384668678, 7.339424337260425e-05, -0.001216747798025608)
[INFO] [1775389786.659529027] [navNode]: 状态4：WaitAim--[TakeOff]
[INFO] [1775389786.659960706] [navNode]: 未到目标点
目标位置:(0.0, 0.0, 0.7)-[TakeOff]-[MCU:False]-[POS:False]
当前位置:(-2.986491017509252e-05, -0.00014668483345303684, -0.0007356885471381247)
[INFO] [1775389786.759699269] [navNode]: 状态4：WaitAim--[TakeOff]
[INFO] [1775389786.760119568] [navNode]: 未到目标点
目标位置:(0.0, 0.0, 0.7)-[TakeOff]-[MCU:False]-[POS:False]
当前位置:(0.00016088216216303408, -0.000381750549422577, -0.0013911345740780234)
[INFO] [1775389786.859850773] [navNode]: 状态4：WaitAim--[TakeOff]
[INFO] [1775389786.860357218] [navNode]: 未到目标点
目标位置:(0.0, 0.0, 0.7)-[TakeOff]-[MCU:False]-[POS:False]
当前位置:(-0.00011958978575421497, 0.0005478743114508688, -0.0008553871302865446)
[INFO] [1775389786.959844151] [navNode]: 状态4：WaitAim--[TakeOff]
[INFO] [1775389786.960330255] [navNode]: 未到目标点
目标位置:(0.0, 0.0, 0.7)-[TakeOff]-[MCU:False]-[POS:False]
当前位置:(0.000504029041621834, 8.9446191850584e-05, -0.0006019195425324142)
[INFO] [1775389787.059794378] [navNode]: 状态4：WaitAim--[TakeOff]
[INFO] [1775389787.060205338] [navNode]: 未到目标点
目标位置:(0.0, 0.0, 0.7)-[TakeOff]-[MCU:False]-[POS:False]
当前位置:(0.0006622903747484088, -0.00036169253871776164, -0.0013256167294457555)
[INFO] [1775389787.159899983] [navNode]: 状态4：WaitAim--[TakeOff]
[INFO] [1775389787.160407594] [navNode]: 未到目标点
目标位置:(0.0, 0.0, 0.7)-[TakeOff]-[MCU:False]-[POS:False]
当前位置:(-0.001183692249469459, 0.0009006145992316306, -0.0009985495125874877)
[INFO] [1775389787.260479174] [navNode]: 状态4：WaitAim--[TakeOff]
[INFO] [1775389787.260911528] [navNode]: 未到目标点
目标位置:(0.0, 0.0, 0.7)-[TakeOff]-[MCU:False]-[POS:False]
当前位置:(-0.0009588304092176259, 0.0004092055605724454, 4.278064807294868e-05)
[INFO] [1775389787.359811458] [navNode]: 状态4：WaitAim--[TakeOff]
[INFO] [1775389787.360252231] [navNode]: 未到目标点
目标位置:(0.0, 0.0, 0.7)-[TakeOff]-[MCU:False]-[POS:False]
当前位置:(-0.0020142686553299427, 0.0002982411824632436, -0.0006952665280550718)
[INFO] [1775389787.459649981] [navNode]: 状态4：WaitAim--[TakeOff]
[INFO] [1775389787.460084215] [navNode]: 未到目标点
目标位置:(0.0, 0.0, 0.7)-[TakeOff]-[MCU:False]-[POS:False]
当前位置:(-0.0030945693142712116, 0.0012366387527436018, -0.0012495099799707532)
[INFO] [1775389787.559713780] [navNode]: 状态4：WaitAim--[TakeOff]
[INFO] [1775389787.560300948] [navNode]: 未到目标点
目标位置:(0.0, 0.0, 0.7)-[TakeOff]-[MCU:False]-[POS:False]
当前位置:(-0.0030454560182988644, 0.0014242948964238167, -0.0011810725554823875)
[INFO] [1775389787.659833452] [navNode]: 状态4：WaitAim--[TakeOff]
[INFO] [1775389787.660281622] [navNode]: 未到目标点
目标位置:(0.0, 0.0, 0.7)-[TakeOff]-[MCU:False]-[POS:False]
当前位置:(-0.005005202256143093, 0.0017393836751580238, -0.0010781466262415051)
[INFO] [1775389787.760448386] [navNode]: 状态4：WaitAim--[TakeOff]
[INFO] [1775389787.761293899] [navNode]: 未到目标点
目标位置:(0.0, 0.0, 0.7)-[TakeOff]-[MCU:False]-[POS:False]
当前位置:(-0.005105771590024233, 0.002957503078505397, -0.0006884190952405334)
[INFO] [1775389787.859587659] [navNode]: 状态4：WaitAim--[TakeOff]
[INFO] [1775389787.860033319] [navNode]: 未到目标点
目标位置:(0.0, 0.0, 0.7)-[TakeOff]-[MCU:False]-[POS:False]
当前位置:(-0.005769992712885141, 0.0026617981493473053, -0.00048075144877657294)
[INFO] [1775389787.959680704] [navNode]: 状态4：WaitAim--[TakeOff]
[INFO] [1775389787.960101941] [navNode]: 未到目标点
目标位置:(0.0, 0.0, 0.7)-[TakeOff]-[MCU:False]-[POS:False]
当前位置:(-0.006479940842837095, 0.003785808105021715, -0.001294241170398891)
[INFO] [1775389788.059605003] [navNode]: 状态4：WaitAim--[TakeOff]
[INFO] [1775389788.060020342] [navNode]: 未到目标点
目标位置:(0.0, 0.0, 0.7)-[TakeOff]-[MCU:False]-[POS:False]
当前位置:(-0.005871890112757683, 0.00517749460414052, -0.0013085517566651106)
[INFO] [1775389788.159668234] [navNode]: 状态4：WaitAim--[TakeOff]
[INFO] [1775389788.160120217] [navNode]: 未到目标点
目标位置:(0.0, 0.0, 0.7)-[TakeOff]-[MCU:False]-[POS:False]
当前位置:(-0.005922831594944, 0.005622358527034521, -0.0007397362496703863)
[INFO] [1775389788.259476769] [navNode]: 状态4：WaitAim--[TakeOff]
[INFO] [1775389788.259846608] [navNode]: 未到目标点
目标位置:(0.0, 0.0, 0.7)-[TakeOff]-[MCU:False]-[POS:False]
当前位置:(-0.006010396871715784, 0.005350029561668634, -0.0006284237606450915)
[INFO] [1775389788.359711696] [navNode]: 状态4：WaitAim--[TakeOff]
[INFO] [1775389788.360111862] [navNode]: 未到目标点
目标位置:(0.0, 0.0, 0.7)-[TakeOff]-[MCU:False]-[POS:False]
当前位置:(-0.005904855206608772, 0.006300971377640963, -0.0010796115966513753)
[INFO] [1775389788.460261983] [navNode]: 状态4：WaitAim--[TakeOff]
[INFO] [1775389788.460659959] [navNode]: 未到目标点
目标位置:(0.0, 0.0, 0.7)-[TakeOff]-[MCU:False]-[POS:False]
当前位置:(-0.004923842381685972, 0.006561600603163242, -0.0009411352802999318)
[INFO] [1775389788.559546300] [navNode]: 状态4：WaitAim--[TakeOff]
[INFO] [1775389788.560010040] [navNode]: 未到目标点
目标位置:(0.0, 0.0, 0.7)-[TakeOff]-[MCU:False]-[POS:False]
当前位置:(-0.005136757157742977, 0.006789605598896742, -0.0006606596289202571)
[INFO] [1775389788.659683614] [navNode]: 状态4：WaitAim--[TakeOff]
[INFO] [1775389788.660067190] [navNode]: 未到目标点
目标位置:(0.0, 0.0, 0.7)-[TakeOff]-[MCU:False]-[POS:False]
当前位置:(-0.0051472061313688755, 0.008381448686122894, -0.0005465755239129066)
[INFO] [1775389788.759893396] [navNode]: 状态4：WaitAim--[TakeOff]
[INFO] [1775389788.760290617] [navNode]: 未到目标点
目标位置:(0.0, 0.0, 0.7)-[TakeOff]-[MCU:False]-[POS:False]
当前位置:(-0.00541894044727087, 0.00935050193220377, -0.000639570236671716)
[INFO] [1775389788.859667171] [navNode]: 状态4：WaitAim--[TakeOff]
[INFO] [1775389788.860080133] [navNode]: 未到目标点
目标位置:(0.0, 0.0, 0.7)-[TakeOff]-[MCU:False]-[POS:False]
当前位置:(-0.00550255598500371, 0.010111961513757706, -0.0005017046933062375)
[INFO] [1775389788.959855012] [navNode]: 状态4：WaitAim--[TakeOff]
[INFO] [1775389788.960277470] [navNode]: 未到目标点
目标位置:(0.0, 0.0, 0.7)-[TakeOff]-[MCU:False]-[POS:False]
当前位置:(-0.005240780301392078, 0.010165381245315075, -0.00016580073861405253)
[INFO] [1775389789.059559613] [navNode]: 状态4：WaitAim--[TakeOff]
[INFO] [1775389789.059923823] [navNode]: 未到目标点
目标位置:(0.0, 0.0, 0.7)-[TakeOff]-[MCU:False]-[POS:False]
当前位置:(-0.005205778870731592, 0.011567426845431328, -0.0004504798853304237)
[INFO] [1775389789.159706043] [navNode]: 状态4：WaitAim--[TakeOff]
[INFO] [1775389789.160093510] [navNode]: 未到目标点
目标位置:(0.0, 0.0, 0.7)-[TakeOff]-[MCU:False]-[POS:False]
当前位置:(-0.005891990847885609, 0.01222226396203041, -0.0003868134808726609)
[INFO] [1775389789.259994736] [navNode]: 状态4：WaitAim--[TakeOff]
[INFO] [1775389789.260426758] [navNode]: 未到目标点
目标位置:(0.0, 0.0, 0.7)-[TakeOff]-[MCU:False]-[POS:False]
当前位置:(-0.005565971601754427, 0.012207104824483395, -0.0006129235262051225)
[INFO] [1775389789.359783758] [navNode]: 状态4：WaitAim--[TakeOff]
[INFO] [1775389789.360170623] [navNode]: 未到目标点
目标位置:(0.0, 0.0, 0.7)-[TakeOff]-[MCU:False]-[POS:False]
当前位置:(-0.005159593187272549, 0.011599407531321049, -0.00047328186337836087)
[INFO] [1775389789.459548541] [navNode]: 状态4：WaitAim--[TakeOff]
[INFO] [1775389789.459940436] [navNode]: 未到目标点
目标位置:(0.0, 0.0, 0.7)-[TakeOff]-[MCU:False]-[POS:False]
当前位置:(-0.005203693639487028, 0.011255808174610138, -0.000621866318397224)
[INFO] [1775389789.559684366] [navNode]: 状态4：WaitAim--[TakeOff]
[INFO] [1775389789.560067543] [navNode]: 未到目标点
目标位置:(0.0, 0.0, 0.7)-[TakeOff]-[MCU:False]-[POS:False]
当前位置:(-0.005593667272478342, 0.01143190823495388, -0.0005345571553334594)
[INFO] [1775389789.659628367] [navNode]: 状态4：WaitAim--[TakeOff]
[INFO] [1775389789.660044216] [navNode]: 未到目标点
目标位置:(0.0, 0.0, 0.7)-[TakeOff]-[MCU:False]-[POS:False]
当前位置:(-0.005314460024237633, 0.011243726126849651, -0.0004891445860266685)
[INFO] [1775389789.759724647] [navNode]: 状态4：WaitAim--[TakeOff]
[INFO] [1775389789.760160412] [navNode]: 未到目标点
目标位置:(0.0, 0.0, 0.7)-[TakeOff]-[MCU:False]-[POS:False]
当前位置:(-0.004173805471509695, 0.009060190059244633, -0.0009298357181251049)
[INFO] [1775389789.859562917] [navNode]: 状态4：WaitAim--[TakeOff]
[INFO] [1775389789.859964809] [navNode]: 未到目标点
目标位置:(0.0, 0.0, 0.7)-[TakeOff]-[MCU:False]-[POS:False]
当前位置:(-0.0029883775860071182, 0.006779526360332966, -0.0006742737023159862)
[INFO] [1775389789.959838325] [navNode]: 状态4：WaitAim--[TakeOff]
[INFO] [1775389789.960232537] [navNode]: 未到目标点
目标位置:(0.0, 0.0, 0.7)-[TakeOff]-[MCU:False]-[POS:False]
当前位置:(-0.0006761376862414181, 0.002888632705435157, -0.0007093030726537108)
[INFO] [1775389790.059966866] [navNode]: 状态4：WaitAim--[TakeOff]
[INFO] [1775389790.060485538] [navNode]: 未到目标点
目标位置:(0.0, 0.0, 0.7)-[TakeOff]-[MCU:False]-[POS:False]
当前位置:(0.0012507815845310688, -0.0004530243168119341, -0.0007533350144512951)
[INFO] [1775389790.159948530] [navNode]: 状态4：WaitAim--[TakeOff]
[INFO] [1775389790.160401022] [navNode]: 未到目标点
目标位置:(0.0, 0.0, 0.7)-[TakeOff]-[MCU:False]-[POS:False]
当前位置:(0.0023372764699161053, -0.0037279583048075438, -0.0004595343198161572)
[INFO] [1775389790.259776551] [navNode]: 状态4：WaitAim--[TakeOff]
[INFO] [1775389790.260199916] [navNode]: 未到目标点
目标位置:(0.0, 0.0, 0.7)-[TakeOff]-[MCU:False]-[POS:False]
当前位置:(0.003446518676355481, -0.006521202623844147, -0.0009601974743418396)
[INFO] [1775389790.359868909] [navNode]: 状态4：WaitAim--[TakeOff]
[INFO] [1775389790.360291081] [navNode]: 未到目标点
目标位置:(0.0, 0.0, 0.7)-[TakeOff]-[MCU:False]-[POS:False]
当前位置:(0.00479707308113575, -0.009578902274370193, -0.0009759481763467193)
[INFO] [1775389790.459544251] [navNode]: 状态4：WaitAim--[TakeOff]
[INFO] [1775389790.459913364] [navNode]: 未到目标点
目标位置:(0.0, 0.0, 0.7)-[TakeOff]-[MCU:False]-[POS:False]
当前位置:(0.007266273722052574, -0.01217576116323471, -0.0012049251236021519)
[INFO] [1775389790.559644401] [navNode]: 状态4：WaitAim--[TakeOff]
[INFO] [1775389790.560010646] [navNode]: 未到目标点
目标位置:(0.0, 0.0, 0.7)-[TakeOff]-[MCU:False]-[POS:False]
当前位置:(0.00851376075297594, -0.014155583456158638, -0.0010220191907137632)
[INFO] [1775389790.659586970] [navNode]: 状态4：WaitAim--[TakeOff]
[INFO] [1775389790.659963373] [navNode]: 未到目标点
目标位置:(0.0, 0.0, 0.7)-[TakeOff]-[MCU:False]-[POS:False]
当前位置:(0.009695691056549549, -0.015854980796575546, -0.00172257493250072)
[INFO] [1775389790.759680337] [navNode]: 状态4：WaitAim--[TakeOff]
[INFO] [1775389790.760071417] [navNode]: 未到目标点
目标位置:(0.0, 0.0, 0.7)-[TakeOff]-[MCU:False]-[POS:False]
当前位置:(0.009447768330574036, -0.01595461554825306, -0.0015203597722575068)
[INFO] [1775389790.859552712] [navNode]: 状态4：WaitAim--[TakeOff]
[INFO] [1775389790.859930848] [navNode]: 未到目标点
目标位置:(0.0, 0.0, 0.7)-[TakeOff]-[MCU:False]-[POS:False]
当前位置:(0.008141661062836647, -0.014975955709815025, -0.001368772704154253)
[INFO] [1775389790.959759852] [navNode]: 状态4：WaitAim--[TakeOff]
[INFO] [1775389790.960219300] [navNode]: 未到目标点
目标位置:(0.0, 0.0, 0.7)-[TakeOff]-[MCU:False]-[POS:False]
当前位置:(0.0076857516542077065, -0.014573207125067711, -0.001073437393642962)
[INFO] [1775389791.059692382] [navNode]: 状态4：WaitAim--[TakeOff]
[INFO] [1775389791.060112432] [navNode]: 未到目标点
目标位置:(0.0, 0.0, 0.7)-[TakeOff]-[MCU:False]-[POS:False]
当前位置:(0.007322958204895258, -0.01426600944250822, -0.0012563297059386969)
[INFO] [1775389791.159823278] [navNode]: 状态4：WaitAim--[TakeOff]
[INFO] [1775389791.160226803] [navNode]: 未到目标点
目标位置:(0.0, 0.0, 0.7)-[TakeOff]-[MCU:False]-[POS:False]
当前位置:(0.007270513102412224, -0.01421395968645811, -0.0010243748547509313)
[INFO] [1775389791.260251379] [navNode]: 状态4：WaitAim--[TakeOff]
[INFO] [1775389791.260656031] [navNode]: 未到目标点
目标位置:(0.0, 0.0, 0.7)-[TakeOff]-[MCU:False]-[POS:False]
当前位置:(0.0066321357153356075, -0.012843089178204536, -0.0011014663614332676)
[INFO] [1775389791.359698610] [navNode]: 状态4：WaitAim--[TakeOff]
[INFO] [1775389791.360145246] [navNode]: 未到目标点
目标位置:(0.0, 0.0, 0.7)-[TakeOff]-[MCU:False]-[POS:False]
当前位置:(0.006574519909918308, -0.012288780882954597, -0.0005847515421919525)
[INFO] [1775389791.460242612] [navNode]: 状态4：WaitAim--[TakeOff]
[INFO] [1775389791.460646176] [navNode]: 未到目标点
目标位置:(0.0, 0.0, 0.7)-[TakeOff]-[MCU:False]-[POS:False]
当前位置:(0.008077284321188927, -0.011822061613202095, -0.000684504397213459)
[INFO] [1775389791.559558540] [navNode]: 状态4：WaitAim--[TakeOff]
[INFO] [1775389791.559966012] [navNode]: 未到目标点
目标位置:(0.0, 0.0, 0.7)-[TakeOff]-[MCU:False]-[POS:False]
当前位置:(0.009498405270278454, -0.01068427786231041, -0.0010380804305896163)
[INFO] [1775389791.659619659] [navNode]: 状态4：WaitAim--[TakeOff]
[INFO] [1775389791.660006446] [navNode]: 未到目标点
目标位置:(0.0, 0.0, 0.7)-[TakeOff]-[MCU:False]-[POS:False]
当前位置:(0.012011521495878696, -0.011809282936155796, -0.0014800698263570666)
[INFO] [1775389791.759751501] [navNode]: 状态4：WaitAim--[TakeOff]
[INFO] [1775389791.760172914] [navNode]: 未到目标点
目标位置:(0.0, 0.0, 0.7)-[TakeOff]-[MCU:False]-[POS:False]
当前位置:(0.015270328149199486, -0.013103578239679337, -0.000830028613563627)
[INFO] [1775389791.861139250] [navNode]: 状态4：WaitAim--[TakeOff]
[INFO] [1775389791.861671653] [navNode]: 未到目标点
目标位置:(0.0, 0.0, 0.7)-[TakeOff]-[MCU:False]-[POS:False]
当前位置:(0.016482947394251823, -0.013131268322467804, -0.0011133737862110138)
[INFO] [1775389791.960558792] [navNode]: 状态4：WaitAim--[TakeOff]
[INFO] [1775389791.961403465] [navNode]: 未到目标点
目标位置:(0.0, 0.0, 0.7)-[TakeOff]-[MCU:False]-[POS:False]
当前位置:(0.016151729971170425, -0.013998926617205143, -0.0007476187311112881)
[INFO] [1775389792.060155245] [navNode]: 状态4：WaitAim--[TakeOff]
[INFO] [1775389792.061150816] [navNode]: 未到目标点
目标位置:(0.0, 0.0, 0.7)-[TakeOff]-[MCU:False]-[POS:False]
当前位置:(0.015110792592167854, -0.01420766580849886, -0.0008304055081680417)
[INFO] [1775389792.160088284] [navNode]: 状态4：WaitAim--[TakeOff]
[INFO] [1775389792.160930048] [navNode]: 未到目标点
目标位置:(0.0, 0.0, 0.7)-[TakeOff]-[MCU:False]-[POS:False]
当前位置:(0.015819499269127846, -0.014684544876217842, -0.0004916201578453183)
[INFO] [1775389792.260940210] [navNode]: 状态4：WaitAim--[TakeOff]
[INFO] [1775389792.261470593] [navNode]: 未到目标点
目标位置:(0.0, 0.0, 0.7)-[TakeOff]-[MCU:False]-[POS:False]
当前位置:(0.014716370031237602, -0.014415654353797436, -0.0006924500339664519)
[INFO] [1775389792.360652836] [navNode]: 状态4：WaitAim--[TakeOff]
[INFO] [1775389792.361415671] [navNode]: 未到目标点
目标位置:(0.0, 0.0, 0.7)-[TakeOff]-[MCU:False]-[POS:False]
当前位置:(0.01520802453160286, -0.014728634618222713, -0.0008691059774719179)
[INFO] [1775389792.460300186] [navNode]: 状态4：WaitAim--[TakeOff]
[INFO] [1775389792.460836927] [navNode]: 未到目标点
目标位置:(0.0, 0.0, 0.7)-[TakeOff]-[MCU:False]-[POS:False]
当前位置:(0.015038317069411278, -0.014443343505263329, -0.0008666165522299707)
[INFO] [1775389792.560495941] [navNode]: 状态4：WaitAim--[TakeOff]
[INFO] [1775389792.561165777] [navNode]: 未到目标点
目标位置:(0.0, 0.0, 0.7)-[TakeOff]-[MCU:False]-[POS:False]
当前位置:(0.016071220859885216, -0.014876773580908775, -0.0010660806437954307)
[INFO] [1775389792.660873158] [navNode]: 状态4：WaitAim--[TakeOff]
[INFO] [1775389792.661584283] [navNode]: 未到目标点
目标位置:(0.0, 0.0, 0.7)-[TakeOff]-[MCU:False]-[POS:False]
当前位置:(0.014838345348834991, -0.014417971484363079, -0.0011286236112937331)
[INFO] [1775389792.759888181] [navNode]: 状态4：WaitAim--[TakeOff]
[INFO] [1775389792.760369595] [navNode]: 未到目标点
目标位置:(0.0, 0.0, 0.7)-[TakeOff]-[MCU:False]-[POS:False]
当前位置:(0.015499306842684746, -0.01482477504760027, -0.0006735341739840806)
[INFO] [1775389792.860543018] [navNode]: 状态4：WaitAim--[TakeOff]
[INFO] [1775389792.860967929] [navNode]: 未到目标点
目标位置:(0.0, 0.0, 0.7)-[TakeOff]-[MCU:False]-[POS:False]
当前位置:(0.015300335362553596, -0.014795382507145405, -0.0008137188269756734)
[INFO] [1775389792.960150753] [navNode]: 状态4：WaitAim--[TakeOff]
[INFO] [1775389792.960591695] [navNode]: 未到目标点
目标位置:(0.0, 0.0, 0.7)-[TakeOff]-[MCU:False]-[POS:False]
当前位置:(0.015330982394516468, -0.01482193823903799, -0.0008471239707432687)
[INFO] [1775389793.060223918] [navNode]: 状态4：WaitAim--[TakeOff]
[INFO] [1775389793.060937633] [navNode]: 未到目标点
目标位置:(0.0, 0.0, 0.7)-[TakeOff]-[MCU:False]-[POS:False]
当前位置:(0.015726685523986816, -0.014725299552083015, -0.0013296983670443296)
[INFO] [1775389793.160078014] [navNode]: 状态4：WaitAim--[TakeOff]
[INFO] [1775389793.160603753] [navNode]: 未到目标点
目标位置:(0.0, 0.0, 0.7)-[TakeOff]-[MCU:False]-[POS:False]
当前位置:(0.015677932649850845, -0.0151082593947649, -0.0005496421363204718)
[INFO] [1775389793.260129535] [navNode]: 状态4：WaitAim--[TakeOff]
[INFO] [1775389793.260648419] [navNode]: 未到目标点
目标位置:(0.0, 0.0, 0.7)-[TakeOff]-[MCU:False]-[POS:False]
当前位置:(0.015485076233744621, -0.01467599906027317, -0.0012369644828140736)
[INFO] [1775389793.359822267] [navNode]: 状态4：WaitAim--[TakeOff]
[INFO] [1775389793.360214100] [navNode]: 未到目标点
目标位置:(0.0, 0.0, 0.7)-[TakeOff]-[MCU:False]-[POS:False]
当前位置:(0.015366928651928902, -0.014428614638745785, -0.0009376646485179663)
[INFO] [1775389793.459667421] [navNode]: 状态4：WaitAim--[TakeOff]
[INFO] [1775389793.460150863] [navNode]: 未到目标点
目标位置:(0.0, 0.0, 0.7)-[TakeOff]-[MCU:False]-[POS:False]
当前位置:(0.01399869192391634, -0.01389642246067524, 5.3479219786822796e-05)
[INFO] [1775389793.560442250] [navNode]: 状态4：WaitAim--[TakeOff]
[INFO] [1775389793.560993275] [navNode]: 未到目标点
目标位置:(0.0, 0.0, 0.7)-[TakeOff]-[MCU:False]-[POS:False]
当前位置:(0.007276907563209534, -0.015591678209602833, -0.0007900384371168911)
[INFO] [1775389793.659799483] [navNode]: 状态4：WaitAim--[TakeOff]
[INFO] [1775389793.660187067] [navNode]: 未到目标点
目标位置:(0.0, 0.0, 0.7)-[TakeOff]-[MCU:False]-[POS:False]
当前位置:(-0.0033289880957454443, -0.017569152638316154, -0.0007069017156027257)
[INFO] [1775389793.759814080] [navNode]: 状态4：WaitAim--[TakeOff]
[INFO] [1775389793.760269152] [navNode]: 未到目标点
目标位置:(0.0, 0.0, 0.7)-[TakeOff]-[MCU:False]-[POS:False]
当前位置:(-0.013926937244832516, -0.01732790097594261, -0.0007598904194310308)
[INFO] [1775389793.860234678] [navNode]: 状态4：WaitAim--[TakeOff]
[INFO] [1775389793.860647683] [navNode]: 未到目标点
目标位置:(0.0, 0.0, 0.7)-[TakeOff]-[MCU:False]-[POS:False]
当前位置:(-0.02179015427827835, -0.01437246985733509, -0.0012281254166737199)
[INFO] [1775389793.959781265] [navNode]: 状态4：WaitAim--[TakeOff]
[INFO] [1775389793.960174331] [navNode]: 未到目标点
目标位置:(0.0, 0.0, 0.7)-[TakeOff]-[MCU:False]-[POS:False]
当前位置:(-0.02423347346484661, -0.014446884393692017, -0.0009122025803662837)
[INFO] [1775389794.059705049] [navNode]: 状态4：WaitAim--[TakeOff]
[INFO] [1775389794.060159224] [navNode]: 未到目标点
目标位置:(0.0, 0.0, 0.7)-[TakeOff]-[MCU:False]-[POS:False]
当前位置:(-0.023459579795598984, -0.015332329086959362, -0.0010398118756711483)
[INFO] [1775389794.160657769] [navNode]: 状态4：WaitAim--[TakeOff]
[INFO] [1775389794.161167781] [navNode]: 未到目标点
目标位置:(0.0, 0.0, 0.7)-[TakeOff]-[MCU:False]-[POS:False]
当前位置:(-0.022795705124735832, -0.016010534018278122, -0.0008589387289248407)
[INFO] [1775389794.259692310] [navNode]: 状态4：WaitAim--[TakeOff]
[INFO] [1775389794.260101714] [navNode]: 未到目标点
目标位置:(0.0, 0.0, 0.7)-[TakeOff]-[MCU:False]-[POS:False]
当前位置:(-0.023306414484977722, -0.01554017048329115, -0.0008470153552480042)
[INFO] [1775389794.359665278] [navNode]: 状态4：WaitAim--[TakeOff]
[INFO] [1775389794.360070389] [navNode]: 未到目标点
目标位置:(0.0, 0.0, 0.7)-[TakeOff]-[MCU:False]-[POS:False]
当前位置:(-0.024516157805919647, -0.014592020772397518, -0.0011179063003510237)
[INFO] [1775389794.459735402] [navNode]: 状态4：WaitAim--[TakeOff]
[INFO] [1775389794.460189215] [navNode]: 未到目标点
目标位置:(0.0, 0.0, 0.7)-[TakeOff]-[MCU:False]-[POS:False]
当前位置:(-0.02513653226196766, -0.014738982543349266, -0.0014180605066940188)
[INFO] [1775389794.559532679] [navNode]: 状态4：WaitAim--[TakeOff]
[INFO] [1775389794.560133635] [navNode]: 未到目标点
目标位置:(0.0, 0.0, 0.7)-[TakeOff]-[MCU:False]-[POS:False]
当前位置:(-0.025905756279826164, -0.014356243424117565, -0.0018750805174931884)
[INFO] [1775389794.660068664] [navNode]: 状态4：WaitAim--[TakeOff]
[INFO] [1775389794.660501310] [navNode]: 未到目标点
目标位置:(0.0, 0.0, 0.7)-[TakeOff]-[MCU:False]-[POS:False]
当前位置:(-0.025446204468607903, -0.01511253323405981, -0.0011091810883954167)
[INFO] [1775389794.759681647] [navNode]: 状态4：WaitAim--[TakeOff]
[INFO] [1775389794.760089279] [navNode]: 未到目标点
目标位置:(0.0, 0.0, 0.7)-[TakeOff]-[MCU:False]-[POS:False]
当前位置:(-0.026022931560873985, -0.014602534472942352, -0.0012977728620171547)
[INFO] [1775389794.859761696] [navNode]: 状态4：WaitAim--[TakeOff]
[INFO] [1775389794.860209377] [navNode]: 未到目标点
目标位置:(0.0, 0.0, 0.7)-[TakeOff]-[MCU:False]-[POS:False]
当前位置:(-0.025434542447328568, -0.014534845016896725, -0.0011210233205929399)
[INFO] [1775389794.959668720] [navNode]: 状态4：WaitAim--[TakeOff]
[INFO] [1775389794.960080382] [navNode]: 未到目标点
目标位置:(0.0, 0.0, 0.7)-[TakeOff]-[MCU:False]-[POS:False]
当前位置:(-0.02565935254096985, -0.01464718859642744, -0.0013985811965540051)
[INFO] [1775389795.059636927] [navNode]: 状态4：WaitAim--[TakeOff]
[INFO] [1775389795.060057690] [navNode]: 未到目标点
目标位置:(0.0, 0.0, 0.7)-[TakeOff]-[MCU:False]-[POS:False]
当前位置:(-0.02549690566956997, -0.015110675245523453, -0.0010744070168584585)
[INFO] [1775389795.159979055] [navNode]: 状态4：WaitAim--[TakeOff]
[INFO] [1775389795.160442623] [navNode]: 未到目标点
目标位置:(0.0, 0.0, 0.7)-[TakeOff]-[MCU:False]-[POS:False]
当前位置:(-0.02585349977016449, -0.014258679933845997, -0.001047590165399015)
[INFO] [1775389795.259578922] [navNode]: 状态4：WaitAim--[TakeOff]
[INFO] [1775389795.260234529] [navNode]: 未到目标点
目标位置:(0.0, 0.0, 0.7)-[TakeOff]-[MCU:False]-[POS:False]
当前位置:(-0.025713201612234116, -0.014433330856263638, -0.0012033553794026375)
[INFO] [1775389795.359709516] [navNode]: 状态4：WaitAim--[TakeOff]
[INFO] [1775389795.360172198] [navNode]: 未到目标点
目标位置:(0.0, 0.0, 0.7)-[TakeOff]-[MCU:False]-[POS:False]
当前位置:(-0.025804268196225166, -0.014379581436514854, -0.0015031452057883143)
[INFO] [1775389795.459683733] [navNode]: 状态4：WaitAim--[TakeOff]
[INFO] [1775389795.460106075] [navNode]: 未到目标点
目标位置:(0.0, 0.0, 0.7)-[TakeOff]-[MCU:False]-[POS:False]
当前位置:(-0.025926223024725914, -0.014387448318302631, -0.0010974931064993143)
[INFO] [1775389795.559675160] [navNode]: 状态4：WaitAim--[TakeOff]
[INFO] [1775389795.560146473] [navNode]: 未到目标点
目标位置:(0.0, 0.0, 0.7)-[TakeOff]-[MCU:False]-[POS:False]
当前位置:(-0.025737473741173744, -0.014455810189247131, -0.0009807301685214043)
[INFO] [1775389795.659598409] [navNode]: 状态4：WaitAim--[TakeOff]
[INFO] [1775389795.659996433] [navNode]: 未到目标点
目标位置:(0.0, 0.0, 0.7)-[TakeOff]-[MCU:False]-[POS:False]
当前位置:(-0.025637295097112656, -0.014320626854896545, -0.0010868017561733723)
[INFO] [1775389795.759462636] [navNode]: 状态4：WaitAim--[TakeOff]
[INFO] [1775389795.759858418] [navNode]: 未到目标点
目标位置:(0.0, 0.0, 0.7)-[TakeOff]-[MCU:False]-[POS:False]
当前位置:(-0.02564741112291813, -0.01460493914783001, -0.0010290654608979821)
[INFO] [1775389795.859820524] [navNode]: 状态4：WaitAim--[TakeOff]
[INFO] [1775389795.860362070] [navNode]: 未到目标点
目标位置:(0.0, 0.0, 0.7)-[TakeOff]-[MCU:False]-[POS:False]
当前位置:(-0.02580469660460949, -0.014332580380141735, -0.0011500613763928413)
[INFO] [1775389795.959838617] [navNode]: 状态4：WaitAim--[TakeOff]
[INFO] [1775389795.960608926] [navNode]: 未到目标点
目标位置:(0.0, 0.0, 0.7)-[TakeOff]-[MCU:False]-[POS:False]
当前位置:(-0.0257082749158144, -0.014621860347688198, -0.001026391051709652)
[INFO] [1775389796.059871474] [navNode]: 状态4：WaitAim--[TakeOff]
[INFO] [1775389796.060378427] [navNode]: 未到目标点
目标位置:(0.0, 0.0, 0.7)-[TakeOff]-[MCU:False]-[POS:False]
当前位置:(-0.026015063747763634, -0.0143134705722332, -0.0011805306421592832)
[INFO] [1775389796.159806525] [navNode]: 状态4：WaitAim--[TakeOff]
[INFO] [1775389796.160244290] [navNode]: 未到目标点
目标位置:(0.0, 0.0, 0.7)-[TakeOff]-[MCU:False]-[POS:False]
当前位置:(-0.025910012423992157, -0.014421818777918816, -0.0018059688154608011)
[INFO] [1775389796.259666144] [navNode]: 状态4：WaitAim--[TakeOff]
[INFO] [1775389796.260096287] [navNode]: 未到目标点
目标位置:(0.0, 0.0, 0.7)-[TakeOff]-[MCU:False]-[POS:False]
当前位置:(-0.025734081864356995, -0.01452968642115593, -0.0011841461528092623)
[INFO] [1775389796.359732523] [navNode]: 状态4：WaitAim--[TakeOff]
[INFO] [1775389796.360147075] [navNode]: 未到目标点
目标位置:(0.0, 0.0, 0.7)-[TakeOff]-[MCU:False]-[POS:False]
当前位置:(-0.02568412572145462, -0.014405233785510063, -0.0011631420347839594)
[INFO] [1775389796.459508928] [navNode]: 状态4：WaitAim--[TakeOff]
[INFO] [1775389796.459893579] [navNode]: 未到目标点
目标位置:(0.0, 0.0, 0.7)-[TakeOff]-[MCU:False]-[POS:False]
当前位置:(-0.025549951940774918, -0.01447551604360342, -0.0017648889916017652)
[INFO] [1775389796.559707764] [navNode]: 状态4：WaitAim--[TakeOff]
[INFO] [1775389796.560103392] [navNode]: 未到目标点
目标位置:(0.0, 0.0, 0.7)-[TakeOff]-[MCU:False]-[POS:False]
当前位置:(-0.02573159523308277, -0.014470735564827919, -0.0015920413425192237)
[INFO] [1775389796.659562554] [navNode]: 状态4：WaitAim--[TakeOff]
[INFO] [1775389796.659958156] [navNode]: 未到目标点
目标位置:(0.0, 0.0, 0.7)-[TakeOff]-[MCU:False]-[POS:False]
当前位置:(-0.02560775727033615, -0.01457012165337801, -0.001661531045101583)
[INFO] [1775389796.759966301] [navNode]: 状态4：WaitAim--[TakeOff]
[INFO] [1775389796.760399544] [navNode]: 未到目标点
目标位置:(0.0, 0.0, 0.7)-[TakeOff]-[MCU:False]-[POS:False]
当前位置:(-0.025584418326616287, -0.014484741725027561, -0.0009399140835739672)
[INFO] [1775389796.859640633] [navNode]: 状态4：WaitAim--[TakeOff]
[INFO] [1775389796.860056045] [navNode]: 未到目标点
目标位置:(0.0, 0.0, 0.7)-[TakeOff]-[MCU:False]-[POS:False]
当前位置:(-0.025788133963942528, -0.014525003731250763, -0.0009903430473059416)
[INFO] [1775389796.960990863] [navNode]: 状态4：WaitAim--[TakeOff]
[INFO] [1775389796.961436353] [navNode]: 未到目标点
目标位置:(0.0, 0.0, 0.7)-[TakeOff]-[MCU:False]-[POS:False]
当前位置:(-0.025652846321463585, -0.01450520008802414, -0.0012498494470492005)
[INFO] [1775389797.059811562] [navNode]: 状态4：WaitAim--[TakeOff]
[INFO] [1775389797.060235349] [navNode]: 未到目标点
目标位置:(0.0, 0.0, 0.7)-[TakeOff]-[MCU:False]-[POS:False]
当前位置:(-0.025794794782996178, -0.014420286752283573, -0.0014500545803457499)
[INFO] [1775389797.159792520] [navNode]: 状态4：WaitAim--[TakeOff]
[INFO] [1775389797.160189154] [navNode]: 未到目标点
目标位置:(0.0, 0.0, 0.7)-[TakeOff]-[MCU:False]-[POS:False]
当前位置:(-0.025587031617760658, -0.014807742089033127, -0.0015010085189715028)
[INFO] [1775389797.260275214] [navNode]: 状态4：WaitAim--[TakeOff]
[INFO] [1775389797.260712738] [navNode]: 未到目标点
目标位置:(0.0, 0.0, 0.7)-[TakeOff]-[MCU:False]-[POS:False]
当前位置:(-0.02577432431280613, -0.014628229662775993, -0.0014257777947932482)
[INFO] [1775389797.359983146] [navNode]: 状态4：WaitAim--[TakeOff]
[INFO] [1775389797.360475971] [navNode]: 未到目标点
目标位置:(0.0, 0.0, 0.7)-[TakeOff]-[MCU:False]-[POS:False]
当前位置:(-0.025729849934577942, -0.014512987807393074, -0.0015767593868076801)
[INFO] [1775389797.459759045] [navNode]: 状态4：WaitAim--[TakeOff]
[INFO] [1775389797.460216762] [navNode]: 未到目标点
目标位置:(0.0, 0.0, 0.7)-[TakeOff]-[MCU:False]-[POS:False]
当前位置:(-0.025728920474648476, -0.014492589980363846, -0.0015078597934916615)
[INFO] [1775389797.559768690] [navNode]: 状态4：WaitAim--[TakeOff]
[INFO] [1775389797.560202917] [navNode]: 未到目标点
目标位置:(0.0, 0.0, 0.7)-[TakeOff]-[MCU:False]-[POS:False]
当前位置:(-0.025848204270005226, -0.014644954353570938, -0.0016137562924996018)
[INFO] [1775389797.660016136] [navNode]: 状态4：WaitAim--[TakeOff]
[INFO] [1775389797.660417310] [navNode]: 未到目标点
目标位置:(0.0, 0.0, 0.7)-[TakeOff]-[MCU:False]-[POS:False]
当前位置:(-0.025527574121952057, -0.014687623828649521, -0.0016249307664111257)
[INFO] [1775389797.759770029] [navNode]: 状态4：WaitAim--[TakeOff]
[INFO] [1775389797.760434990] [navNode]: 未到目标点
目标位置:(0.0, 0.0, 0.7)-[TakeOff]-[MCU:False]-[POS:False]
当前位置:(-0.025296395644545555, -0.015095068141818047, -0.0015819263644516468)
[INFO] [1775389797.859941804] [navNode]: 状态4：WaitAim--[TakeOff]
[INFO] [1775389797.860305137] [navNode]: 未到目标点
目标位置:(0.0, 0.0, 0.7)-[TakeOff]-[MCU:False]-[POS:False]
当前位置:(-0.025197269394993782, -0.014850606210529804, -0.0009775651851668954)
[INFO] [1775389797.959780248] [navNode]: 状态4：WaitAim--[TakeOff]
[INFO] [1775389797.960191392] [navNode]: 未到目标点
目标位置:(0.0, 0.0, 0.7)-[TakeOff]-[MCU:False]-[POS:False]
当前位置:(-0.025227196514606476, -0.015101833269000053, -0.002140347147360444)
[INFO] [1775389798.059716537] [navNode]: 状态4：WaitAim--[TakeOff]
[INFO] [1775389798.060111775] [navNode]: 未到目标点
目标位置:(0.0, 0.0, 0.7)-[TakeOff]-[MCU:False]-[POS:False]
当前位置:(-0.025692647323012352, -0.014887623488903046, -0.0016350954538211226)
[INFO] [1775389798.159873387] [navNode]: 状态4：WaitAim--[TakeOff]
[INFO] [1775389798.160359696] [navNode]: 未到目标点
目标位置:(0.0, 0.0, 0.7)-[TakeOff]-[MCU:False]-[POS:False]
当前位置:(-0.024709245190024376, -0.015276999212801456, -0.0009994303109124303)
[INFO] [1775389798.260354230] [navNode]: 状态4：WaitAim--[TakeOff]
[INFO] [1775389798.260801987] [navNode]: 未到目标点
目标位置:(0.0, 0.0, 0.7)-[TakeOff]-[MCU:False]-[POS:False]
当前位置:(-0.02529427409172058, -0.015097633935511112, -0.0011202512541785836)
[INFO] [1775389798.359732462] [navNode]: 状态4：WaitAim--[TakeOff]
[INFO] [1775389798.360177833] [navNode]: 未到目标点
目标位置:(0.0, 0.0, 0.7)-[TakeOff]-[MCU:False]-[POS:False]
当前位置:(-0.025008106604218483, -0.015432103537023067, -0.0005112350336275995)
[INFO] [1775389798.459906531] [navNode]: 状态4：WaitAim--[TakeOff]
[INFO] [1775389798.460495420] [navNode]: 未到目标点
目标位置:(0.0, 0.0, 0.7)-[TakeOff]-[MCU:False]-[POS:False]
当前位置:(-0.024972613900899887, -0.015360760502517223, -0.0016613552579656243)
[INFO] [1775389798.559676720] [navNode]: 状态4：WaitAim--[TakeOff]
[INFO] [1775389798.560139781] [navNode]: 未到目标点
目标位置:(0.0, 0.0, 0.7)-[TakeOff]-[MCU:False]-[POS:False]
当前位置:(-0.025257181376218796, -0.015300357714295387, -0.0008559825364500284)
[INFO] [1775389798.659795848] [navNode]: 状态4：WaitAim--[TakeOff]
[INFO] [1775389798.660319236] [navNode]: 未到目标点
目标位置:(0.0, 0.0, 0.7)-[TakeOff]-[MCU:False]-[POS:False]
当前位置:(-0.025315826758742332, -0.014984301291406155, -0.0005663124611601233)
[INFO] [1775389798.760512164] [navNode]: 状态4：WaitAim--[TakeOff]
[INFO] [1775389798.761015664] [navNode]: 未到目标点
目标位置:(0.0, 0.0, 0.7)-[TakeOff]-[MCU:False]-[POS:False]
当前位置:(-0.02571854740381241, -0.015234410762786865, -0.0011067594168707728)
[INFO] [1775389798.859821426] [navNode]: 状态4：WaitAim--[TakeOff]
[INFO] [1775389798.860251143] [navNode]: 未到目标点
目标位置:(0.0, 0.0, 0.7)-[TakeOff]-[MCU:False]-[POS:False]
当前位置:(-0.024794507771730423, -0.016169525682926178, -0.00018613591964822263)
[INFO] [1775389798.959997573] [navNode]: 状态4：WaitAim--[TakeOff]
[INFO] [1775389798.960454768] [navNode]: 未到目标点
目标位置:(0.0, 0.0, 0.7)-[TakeOff]-[MCU:False]-[POS:False]
当前位置:(-0.02377808839082718, -0.018821336328983307, -0.0001797607255866751)
[INFO] [1775389799.059799796] [navNode]: 状态4：WaitAim--[TakeOff]
[INFO] [1775389799.060275948] [navNode]: 未到目标点
目标位置:(0.0, 0.0, 0.7)-[TakeOff]-[MCU:False]-[POS:False]
当前位置:(-0.021199723705649376, -0.022461645305156708, 0.0017889899900183082)
[INFO] [1775389799.160145109] [navNode]: 状态4：WaitAim--[TakeOff]
[INFO] [1775389799.160665525] [navNode]: 未到目标点
目标位置:(0.0, 0.0, 0.7)-[TakeOff]-[MCU:False]-[POS:False]
当前位置:(-0.02119111828505993, -0.026259770616889, 0.004492332227528095)
[INFO] [1775389799.259839182] [navNode]: 状态4：WaitAim--[TakeOff]
[INFO] [1775389799.260267242] [navNode]: 未到目标点
目标位置:(0.0, 0.0, 0.7)-[TakeOff]-[MCU:False]-[POS:False]
当前位置:(-0.021872155368328094, -0.029508180916309357, 0.009385055862367153)
[INFO] [1775389799.359547445] [navNode]: 状态4：WaitAim--[TakeOff]
[INFO] [1775389799.360152802] [navNode]: 未到目标点
目标位置:(0.0, 0.0, 0.7)-[TakeOff]-[MCU:False]-[POS:False]
当前位置:(-0.021239658817648888, -0.02996532991528511, 0.017054511234164238)
[INFO] [1775389799.459956986] [navNode]: 状态4：WaitAim--[TakeOff]
[INFO] [1775389799.460378571] [navNode]: 未到目标点
目标位置:(0.0, 0.0, 0.7)-[TakeOff]-[MCU:False]-[POS:False]
当前位置:(-0.022588098421692848, -0.026711078360676765, 0.021656926721334457)
[INFO] [1775389799.559925471] [navNode]: 状态4：WaitAim--[TakeOff]
[INFO] [1775389799.560349373] [navNode]: 未到目标点
目标位置:(0.0, 0.0, 0.7)-[TakeOff]-[MCU:False]-[POS:False]
当前位置:(-0.02792976051568985, -0.019553279504179955, 0.024769259616732597)
[INFO] [1775389799.660053763] [navNode]: 状态4：WaitAim--[TakeOff]
[INFO] [1775389799.660499351] [navNode]: 未到目标点
目标位置:(0.0, 0.0, 0.7)-[TakeOff]-[MCU:False]-[POS:False]
当前位置:(-0.03788808733224869, -0.012853599153459072, 0.032540950924158096)
[INFO] [1775389799.759810121] [navNode]: 状态4：WaitAim--[TakeOff]
[INFO] [1775389799.760230503] [navNode]: 未到目标点
目标位置:(0.0, 0.0, 0.7)-[TakeOff]-[MCU:False]-[POS:False]
当前位置:(-0.04564840346574783, -0.011865509673953056, 0.044271498918533325)
[INFO] [1775389799.859879730] [navNode]: 状态4：WaitAim--[TakeOff]
[INFO] [1775389799.860290550] [navNode]: 未到目标点
目标位置:(0.0, 0.0, 0.7)-[TakeOff]-[MCU:False]-[POS:False]
当前位置:(-0.04710114747285843, -0.020397137850522995, 0.054808031767606735)
[INFO] [1775389799.960291362] [navNode]: 状态4：WaitAim--[TakeOff]
[INFO] [1775389799.960692686] [navNode]: 未到目标点
目标位置:(0.0, 0.0, 0.7)-[TakeOff]-[MCU:False]-[POS:False]
当前位置:(-0.05433696508407593, -0.02081339806318283, 0.06744351983070374)
[INFO] [1775389800.059897213] [navNode]: 状态4：WaitAim--[TakeOff]
[INFO] [1775389800.060312322] [navNode]: 未到目标点
目标位置:(0.0, 0.0, 0.7)-[TakeOff]-[MCU:False]-[POS:False]
当前位置:(-0.06266652792692184, -0.01698175072669983, 0.07779429107904434)
[INFO] [1775389800.159935711] [navNode]: 状态4：WaitAim--[TakeOff]
[INFO] [1775389800.160404416] [navNode]: 未到目标点
目标位置:(0.0, 0.0, 0.7)-[TakeOff]-[MCU:False]-[POS:False]
当前位置:(-0.07072381675243378, -0.007604365237057209, 0.08700524270534515)
[INFO] [1775389800.259739701] [navNode]: 状态4：WaitAim--[TakeOff]
[INFO] [1775389800.260138323] [navNode]: 未到目标点
目标位置:(0.0, 0.0, 0.7)-[TakeOff]-[MCU:False]-[POS:False]
当前位置:(-0.07749344408512115, -0.003387751057744026, 0.09663517773151398)
[INFO] [1775389800.359881901] [navNode]: 状态4：WaitAim--[TakeOff]
[INFO] [1775389800.360393948] [navNode]: 未到目标点
目标位置:(0.0, 0.0, 0.7)-[TakeOff]-[MCU:False]-[POS:False]
当前位置:(-0.07840603590011597, -0.005506927613168955, 0.10932929068803787)
[INFO] [1775389800.460198579] [navNode]: 状态4：WaitAim--[TakeOff]
[INFO] [1775389800.460901422] [navNode]: 未到目标点
目标位置:(0.0, 0.0, 0.7)-[TakeOff]-[MCU:False]-[POS:False]
当前位置:(-0.07872872799634933, -0.011574681848287582, 0.1247023418545723)
[INFO] [1775389800.559799496] [navNode]: 状态4：WaitAim--[TakeOff]
[INFO] [1775389800.560285566] [navNode]: 未到目标点
目标位置:(0.0, 0.0, 0.7)-[TakeOff]-[MCU:False]-[POS:False]
当前位置:(-0.07992925494909286, -0.016643892973661423, 0.14311844110488892)
[INFO] [1775389800.660906738] [navNode]: 状态4：WaitAim--[TakeOff]
[INFO] [1775389800.661527051] [navNode]: 未到目标点
目标位置:(0.0, 0.0, 0.7)-[TakeOff]-[MCU:False]-[POS:False]
当前位置:(-0.08120352774858475, -0.01650644652545452, 0.1591961532831192)
[INFO] [1775389800.759803561] [navNode]: 状态4：WaitAim--[TakeOff]
[INFO] [1775389800.760259288] [navNode]: 未到目标点
目标位置:(0.0, 0.0, 0.7)-[TakeOff]-[MCU:False]-[POS:False]
当前位置:(-0.08194277435541153, -0.018844395875930786, 0.17217595875263214)
[INFO] [1775389800.859700763] [navNode]: 状态4：WaitAim--[TakeOff]
[INFO] [1775389800.860208961] [navNode]: 未到目标点
目标位置:(0.0, 0.0, 0.7)-[TakeOff]-[MCU:False]-[POS:False]
当前位置:(-0.08287087082862854, -0.0234368983656168, 0.18254554271697998)
[INFO] [1775389800.960049098] [navNode]: 状态4：WaitAim--[TakeOff]
[INFO] [1775389800.960588232] [navNode]: 未到目标点
目标位置:(0.0, 0.0, 0.7)-[TakeOff]-[MCU:False]-[POS:False]
当前位置:(-0.08133500069379807, -0.028554508462548256, 0.19416441023349762)
[INFO] [1775389801.059963364] [navNode]: 状态4：WaitAim--[TakeOff]
[INFO] [1775389801.060415158] [navNode]: 未到目标点
目标位置:(0.0, 0.0, 0.7)-[TakeOff]-[MCU:False]-[POS:False]
当前位置:(-0.08424733579158783, -0.03328557312488556, 0.20670868456363678)
[INFO] [1775389801.160038397] [navNode]: 状态4：WaitAim--[TakeOff]
[INFO] [1775389801.160562302] [navNode]: 未到目标点
目标位置:(0.0, 0.0, 0.7)-[TakeOff]-[MCU:False]-[POS:False]
当前位置:(-0.08795496076345444, -0.034967221319675446, 0.21799688041210175)
[INFO] [1775389801.259811386] [navNode]: 状态4：WaitAim--[TakeOff]
[INFO] [1775389801.260226598] [navNode]: 未到目标点
目标位置:(0.0, 0.0, 0.7)-[TakeOff]-[MCU:False]-[POS:False]
当前位置:(-0.08911466598510742, -0.03508394956588745, 0.22652213275432587)
[INFO] [1775389801.359842143] [navNode]: 状态4：WaitAim--[TakeOff]
[INFO] [1775389801.360309097] [navNode]: 未到目标点
目标位置:(0.0, 0.0, 0.7)-[TakeOff]-[MCU:False]-[POS:False]
当前位置:(-0.0892028659582138, -0.036104585975408554, 0.22968068718910217)
[INFO] [1775389801.459974716] [navNode]: 状态4：WaitAim--[TakeOff]
[INFO] [1775389801.460437957] [navNode]: 未到目标点
目标位置:(0.0, 0.0, 0.7)-[TakeOff]-[MCU:False]-[POS:False]
当前位置:(-0.0887218713760376, -0.036993615329265594, 0.22720684111118317)
[INFO] [1775389801.560372879] [navNode]: 状态4：WaitAim--[TakeOff]
[INFO] [1775389801.560877757] [navNode]: 未到目标点
目标位置:(0.0, 0.0, 0.7)-[TakeOff]-[MCU:False]-[POS:False]
当前位置:(-0.08754288405179977, -0.037548650056123734, 0.22107136249542236)
[INFO] [1775389801.660199150] [navNode]: 状态4：WaitAim--[TakeOff]
[INFO] [1775389801.660629867] [navNode]: 未到目标点
目标位置:(0.0, 0.0, 0.7)-[TakeOff]-[MCU:False]-[POS:False]
当前位置:(-0.08578318357467651, -0.03789220750331879, 0.21053996682167053)
[INFO] [1775389801.759955776] [navNode]: 状态4：WaitAim--[TakeOff]
[INFO] [1775389801.760428190] [navNode]: 未到目标点
目标位置:(0.0, 0.0, 0.7)-[TakeOff]-[MCU:False]-[POS:False]
当前位置:(-0.08607969433069229, -0.036921221762895584, 0.1981513500213623)
[INFO] [1775389801.859948905] [navNode]: 状态4：WaitAim--[TakeOff]
[INFO] [1775389801.860385449] [navNode]: 未到目标点
目标位置:(0.0, 0.0, 0.7)-[TakeOff]-[MCU:False]-[POS:False]
当前位置:(-0.08577636629343033, -0.037227582186460495, 0.18515504896640778)
[INFO] [1775389801.959807965] [navNode]: 状态4：WaitAim--[TakeOff]
[INFO] [1775389801.960279250] [navNode]: 未到目标点
目标位置:(0.0, 0.0, 0.7)-[TakeOff]-[MCU:False]-[POS:False]
当前位置:(-0.08394593000411987, -0.036487165838479996, 0.16886763274669647)
[INFO] [1775389802.059791666] [navNode]: 状态4：WaitAim--[TakeOff]
[INFO] [1775389802.060179891] [navNode]: 未到目标点
目标位置:(0.0, 0.0, 0.7)-[TakeOff]-[MCU:False]-[POS:False]
当前位置:(-0.08267031610012054, -0.037487804889678955, 0.15305548906326294)
[INFO] [1775389802.159826222] [navNode]: 状态4：WaitAim--[TakeOff]
[INFO] [1775389802.160283439] [navNode]: 未到目标点
目标位置:(0.0, 0.0, 0.7)-[TakeOff]-[MCU:False]-[POS:False]
当前位置:(-0.08439943939447403, -0.04088614508509636, 0.1374453455209732)
[INFO] [1775389802.259756293] [navNode]: 状态4：WaitAim--[TakeOff]
[INFO] [1775389802.260210911] [navNode]: 未到目标点
目标位置:(0.0, 0.0, 0.7)-[TakeOff]-[MCU:False]-[POS:False]
当前位置:(-0.08745773136615753, -0.04283718764781952, 0.12428896129131317)
[INFO] [1775389802.360100475] [navNode]: 状态4：WaitAim--[TakeOff]
[INFO] [1775389802.360692551] [navNode]: 未到目标点
目标位置:(0.0, 0.0, 0.7)-[TakeOff]-[MCU:False]-[POS:False]
当前位置:(-0.0896332785487175, -0.04312336444854736, 0.11197178810834885)
[INFO] [1775389802.459744063] [navNode]: 状态4：WaitAim--[TakeOff]
[INFO] [1775389802.460184959] [navNode]: 未到目标点
目标位置:(0.0, 0.0, 0.7)-[TakeOff]-[MCU:False]-[POS:False]
当前位置:(-0.09031582623720169, -0.04632801562547684, 0.10248501598834991)
[INFO] [1775389802.559734516] [navNode]: 状态4：WaitAim--[TakeOff]
[INFO] [1775389802.560229529] [navNode]: 未到目标点
目标位置:(0.0, 0.0, 0.7)-[TakeOff]-[MCU:False]-[POS:False]
当前位置:(-0.08998014032840729, -0.04973464459180832, 0.08984959870576859)
[INFO] [1775389802.659659966] [navNode]: 状态4：WaitAim--[TakeOff]
[INFO] [1775389802.660079013] [navNode]: 未到目标点
目标位置:(0.0, 0.0, 0.7)-[TakeOff]-[MCU:False]-[POS:False]
当前位置:(-0.09159646183252335, -0.05113337188959122, 0.08039579540491104)
[INFO] [1775389802.759891918] [navNode]: 状态4：WaitAim--[TakeOff]
[INFO] [1775389802.760378273] [navNode]: 未到目标点
目标位置:(0.0, 0.0, 0.7)-[TakeOff]-[MCU:False]-[POS:False]
当前位置:(-0.0963660255074501, -0.04331493750214577, 0.07103436440229416)
[INFO] [1775389802.859692214] [navNode]: 状态4：WaitAim--[TakeOff]
[INFO] [1775389802.860106517] [navNode]: 未到目标点
目标位置:(0.0, 0.0, 0.7)-[TakeOff]-[MCU:False]-[POS:False]
当前位置:(-0.09783455729484558, -0.04352574422955513, 0.06247325614094734)
[INFO] [1775389802.959867923] [navNode]: 状态4：WaitAim--[TakeOff]
[INFO] [1775389802.960322759] [navNode]: 未到目标点
目标位置:(0.0, 0.0, 0.7)-[TakeOff]-[MCU:False]-[POS:False]
当前位置:(-0.10170876234769821, -0.03775306046009064, 0.054174404591321945)
[INFO] [1775389803.060682544] [navNode]: 状态4：WaitAim--[TakeOff]
[INFO] [1775389803.061542865] [navNode]: 未到目标点
目标位置:(0.0, 0.0, 0.7)-[TakeOff]-[MCU:False]-[POS:False]
当前位置:(-0.10523467510938644, -0.031858205795288086, 0.048616208136081696)
[INFO] [1775389803.159758653] [navNode]: 状态4：WaitAim--[TakeOff]
[INFO] [1775389803.160276675] [navNode]: 未到目标点
目标位置:(0.0, 0.0, 0.7)-[TakeOff]-[MCU:False]-[POS:False]
当前位置:(-0.10639303177595139, -0.02762484736740589, 0.04226711392402649)
[INFO] [1775389803.259710570] [navNode]: 状态4：WaitAim--[TakeOff]
[INFO] [1775389803.260113663] [navNode]: 未到目标点
目标位置:(0.0, 0.0, 0.7)-[TakeOff]-[MCU:False]-[POS:False]
当前位置:(-0.10362113267183304, -0.029892943799495697, 0.03734934702515602)
[INFO] [1775389803.360621253] [navNode]: 状态4：WaitAim--[TakeOff]
[INFO] [1775389803.361048547] [navNode]: 未到目标点
目标位置:(0.0, 0.0, 0.7)-[TakeOff]-[MCU:False]-[POS:False]
当前位置:(-0.10164467990398407, -0.03189089521765709, 0.028652438893914223)
[INFO] [1775389803.459995131] [navNode]: 状态4：WaitAim--[TakeOff]
[INFO] [1775389803.460418845] [navNode]: 未到目标点
目标位置:(0.0, 0.0, 0.7)-[TakeOff]-[MCU:False]-[POS:False]
当前位置:(-0.10156723856925964, -0.029596835374832153, 0.01841762848198414)
[INFO] [1775389803.559706189] [navNode]: 状态4：WaitAim--[TakeOff]
[INFO] [1775389803.560198560] [navNode]: 未到目标点
目标位置:(0.0, 0.0, 0.7)-[TakeOff]-[MCU:False]-[POS:False]
当前位置:(-0.09994207322597504, -0.024418605491518974, 0.010245447047054768)
[INFO] [1775389803.659732706] [navNode]: 状态4：WaitAim--[TakeOff]
[INFO] [1775389803.660224397] [navNode]: 未到目标点
目标位置:(0.0, 0.0, 0.7)-[TakeOff]-[MCU:False]-[POS:False]
当前位置:(-0.10445685684680939, -0.02594354934990406, 0.00375309307128191)
[INFO] [1775389803.759821429] [navNode]: 状态4：WaitAim--[TakeOff]
[INFO] [1775389803.760304833] [navNode]: 未到目标点
目标位置:(0.0, 0.0, 0.7)-[TakeOff]-[MCU:False]-[POS:False]
当前位置:(-0.10607821494340897, -0.02269544079899788, 0.004283759742975235)
[INFO] [1775389803.859678410] [navNode]: 状态4：WaitAim--[TakeOff]
[INFO] [1775389803.860153352] [navNode]: 未到目标点
目标位置:(0.0, 0.0, 0.7)-[TakeOff]-[MCU:False]-[POS:False]
当前位置:(-0.10627482086420059, -0.02491871826350689, 0.00228319875895977)
[INFO] [1775389803.959734294] [navNode]: 状态4：WaitAim--[TakeOff]
[INFO] [1775389803.960167313] [navNode]: 未到目标点
目标位置:(0.0, 0.0, 0.7)-[TakeOff]-[MCU:False]-[POS:False]
当前位置:(-0.10705608129501343, -0.022318558767437935, 0.001076017040759325)
[INFO] [1775389804.060313037] [navNode]: 状态4：WaitAim--[TakeOff]
[INFO] [1775389804.060752289] [navNode]: 未到目标点
目标位置:(0.0, 0.0, 0.7)-[TakeOff]-[MCU:False]-[POS:False]
当前位置:(-0.11111617088317871, -0.018881022930145264, -0.0016564056277275085)
[INFO] [1775389804.159692040] [navNode]: 状态4：WaitAim--[TakeOff]
[INFO] [1775389804.160142487] [navNode]: 未到目标点
目标位置:(0.0, 0.0, 0.7)-[TakeOff]-[MCU:False]-[POS:False]
当前位置:(-0.11534588038921356, -0.014364141970872879, -0.0038534069899469614)
[INFO] [1775389804.259626844] [navNode]: 状态4：WaitAim--[TakeOff]
[INFO] [1775389804.260084249] [navNode]: 未到目标点
目标位置:(0.0, 0.0, 0.7)-[TakeOff]-[MCU:False]-[POS:False]
当前位置:(-0.11550401151180267, -0.013911081477999687, -0.00546683557331562)
[INFO] [1775389804.360094154] [navNode]: 状态4：WaitAim--[TakeOff]
[INFO] [1775389804.360522289] [navNode]: 未到目标点
目标位置:(0.0, 0.0, 0.7)-[TakeOff]-[MCU:False]-[POS:False]
当前位置:(-0.11364861577749252, -0.014244778081774712, -0.004272194113582373)
[INFO] [1775389804.460139980] [navNode]: 状态4：WaitAim--[TakeOff]
[INFO] [1775389804.460597185] [navNode]: 未到目标点
目标位置:(0.0, 0.0, 0.7)-[TakeOff]-[MCU:False]-[POS:False]
当前位置:(-0.11373068392276764, -0.019387900829315186, 0.0011876217322424054)
[INFO] [1775389804.559744985] [navNode]: 状态4：WaitAim--[TakeOff]
[INFO] [1775389804.560252097] [navNode]: 未到目标点
目标位置:(0.0, 0.0, 0.7)-[TakeOff]-[MCU:False]-[POS:False]
当前位置:(-0.1176656112074852, -0.022942043840885162, 0.003966539166867733)
[INFO] [1775389804.660017230] [navNode]: 状态4：WaitAim--[TakeOff]
[INFO] [1775389804.660443116] [navNode]: 未到目标点
目标位置:(0.0, 0.0, 0.7)-[TakeOff]-[MCU:False]-[POS:False]
当前位置:(-0.1203894317150116, -0.02032225765287876, -0.0009460704168304801)
[INFO] [1775389804.759555482] [navNode]: 状态4：WaitAim--[TakeOff]
[INFO] [1775389804.760040313] [navNode]: 未到目标点
目标位置:(0.0, 0.0, 0.7)-[TakeOff]-[MCU:False]-[POS:False]
当前位置:(-0.11856520175933838, -0.019446885213255882, -0.0014735230943188071)
[INFO] [1775389804.859680137] [navNode]: 状态4：WaitAim--[TakeOff]
[INFO] [1775389804.860138729] [navNode]: 未到目标点
目标位置:(0.0, 0.0, 0.7)-[TakeOff]-[MCU:False]-[POS:False]
当前位置:(-0.11706921458244324, -0.018973547965288162, -0.0012990132672712207)
[INFO] [1775389804.959699921] [navNode]: 状态4：WaitAim--[TakeOff]
[INFO] [1775389804.960288716] [navNode]: 未到目标点
目标位置:(0.0, 0.0, 0.7)-[TakeOff]-[MCU:False]-[POS:False]
当前位置:(-0.12473969906568527, -0.016491901129484177, -0.004597601946443319)
[INFO] [1775389805.059585532] [navNode]: 状态4：WaitAim--[TakeOff]
[INFO] [1775389805.060363963] [navNode]: 未到目标点
目标位置:(0.0, 0.0, 0.7)-[TakeOff]-[MCU:False]-[POS:False]
当前位置:(-0.1288670003414154, -0.017947785556316376, -0.0065104602836072445)
[INFO] [1775389805.159935624] [navNode]: 状态4：WaitAim--[TakeOff]
[INFO] [1775389805.160365842] [navNode]: 未到目标点
目标位置:(0.0, 0.0, 0.7)-[TakeOff]-[MCU:False]-[POS:False]
当前位置:(-0.12454293668270111, -0.017914824187755585, -0.005292308051139116)
[INFO] [1775389805.259936144] [navNode]: 状态4：WaitAim--[TakeOff]
[INFO] [1775389805.260387712] [navNode]: 未到目标点
目标位置:(0.0, 0.0, 0.7)-[TakeOff]-[MCU:False]-[POS:False]
当前位置:(-0.12597596645355225, -0.01748652197420597, -0.005120782647281885)
[INFO] [1775389805.359979089] [navNode]: 状态4：WaitAim--[TakeOff]
[INFO] [1775389805.360385178] [navNode]: 未到目标点
目标位置:(0.0, 0.0, 0.7)-[TakeOff]-[MCU:False]-[POS:False]
当前位置:(-0.1257568746805191, -0.01639535278081894, -0.004835150204598904)
[INFO] [1775389805.459746978] [navNode]: 状态4：WaitAim--[TakeOff]
[INFO] [1775389805.460207110] [navNode]: 未到目标点
目标位置:(0.0, 0.0, 0.7)-[TakeOff]-[MCU:False]-[POS:False]
当前位置:(-0.12727154791355133, -0.015910468995571136, -0.005943684373050928)
[INFO] [1775389805.559957403] [navNode]: 状态4：WaitAim--[TakeOff]
[INFO] [1775389805.560361954] [navNode]: 未到目标点
目标位置:(0.0, 0.0, 0.7)-[TakeOff]-[MCU:False]-[POS:False]
当前位置:(-0.1259853094816208, -0.015784407034516335, -0.005587407853454351)
[INFO] [1775389805.660010436] [navNode]: 状态4：WaitAim--[TakeOff]
[INFO] [1775389805.660529704] [navNode]: 未到目标点
目标位置:(0.0, 0.0, 0.7)-[TakeOff]-[MCU:False]-[POS:False]
当前位置:(-0.1259080171585083, -0.016193553805351257, -0.0050832172855734825)
[INFO] [1775389805.759933466] [navNode]: 状态4：WaitAim--[TakeOff]
[INFO] [1775389805.760394651] [navNode]: 未到目标点
目标位置:(0.0, 0.0, 0.7)-[TakeOff]-[MCU:False]-[POS:False]
当前位置:(-0.12619958817958832, -0.016118360683321953, -0.0057834298349916935)
[INFO] [1775389805.860467636] [navNode]: 状态4：WaitAim--[TakeOff]
[INFO] [1775389805.860943209] [navNode]: 未到目标点
目标位置:(0.0, 0.0, 0.7)-[TakeOff]-[MCU:False]-[POS:False]
当前位置:(-0.12603458762168884, -0.01606835052371025, -0.005354604218155146)
[INFO] [1775389805.960539092] [navNode]: 状态4：WaitAim--[TakeOff]
[INFO] [1775389805.961043701] [navNode]: 未到目标点
目标位置:(0.0, 0.0, 0.7)-[TakeOff]-[MCU:False]-[POS:False]
当前位置:(-0.12634898722171783, -0.015830479562282562, -0.005792947020381689)
[INFO] [1775389806.060098047] [navNode]: 状态4：WaitAim--[TakeOff]
[INFO] [1775389806.060624800] [navNode]: 未到目标点
目标位置:(0.0, 0.0, 0.7)-[TakeOff]-[MCU:False]-[POS:False]
当前位置:(-0.1273377537727356, -0.015835357829928398, -0.004934175871312618)
[INFO] [1775389806.159807094] [navNode]: 状态4：WaitAim--[TakeOff]
[INFO] [1775389806.160314582] [navNode]: 未到目标点
目标位置:(0.0, 0.0, 0.7)-[TakeOff]-[MCU:False]-[POS:False]
当前位置:(-0.12699593603610992, -0.015887901186943054, -0.004459469113498926)
[INFO] [1775389806.259949156] [navNode]: 状态4：WaitAim--[TakeOff]
[INFO] [1775389806.260400764] [navNode]: 未到目标点
目标位置:(0.0, 0.0, 0.7)-[TakeOff]-[MCU:False]-[POS:False]
当前位置:(-0.12639006972312927, -0.016109256073832512, -0.003693647449836135)
[INFO] [1775389806.360022615] [navNode]: 状态4：WaitAim--[TakeOff]
[INFO] [1775389806.360503809] [navNode]: 未到目标点
目标位置:(0.0, 0.0, 0.7)-[TakeOff]-[MCU:False]-[POS:False]
当前位置:(-0.12615357339382172, -0.016693051904439926, -0.003679647110402584)
[INFO] [1775389806.459816660] [navNode]: 状态4：WaitAim--[TakeOff]
[INFO] [1775389806.460299783] [navNode]: 未到目标点
目标位置:(0.0, 0.0, 0.7)-[TakeOff]-[MCU:False]-[POS:False]
当前位置:(-0.1263122409582138, -0.016299262642860413, -0.0035743750631809235)
[INFO] [1775389806.560412196] [navNode]: 状态4：WaitAim--[TakeOff]
[INFO] [1775389806.560860108] [navNode]: 未到目标点
目标位置:(0.0, 0.0, 0.7)-[TakeOff]-[MCU:False]-[POS:False]
当前位置:(-0.12565533816814423, -0.016773197799921036, -0.0031645591370761395)
[INFO] [1775389806.659648857] [navNode]: 状态4：WaitAim--[TakeOff]
[INFO] [1775389806.660327764] [navNode]: 未到目标点
目标位置:(0.0, 0.0, 0.7)-[TakeOff]-[MCU:False]-[POS:False]
当前位置:(-0.125745490193367, -0.016724415123462677, -0.003225908847525716)
[INFO] [1775389806.760304192] [navNode]: 状态4：WaitAim--[TakeOff]
[INFO] [1775389806.760969996] [navNode]: 未到目标点
目标位置:(0.0, 0.0, 0.7)-[TakeOff]-[MCU:False]-[POS:False]
当前位置:(-0.125347301363945, -0.01703338697552681, -0.003345292992889881)
[INFO] [1775389806.860084901] [navNode]: 状态4：WaitAim--[TakeOff]
[INFO] [1775389806.860633407] [navNode]: 未到目标点
目标位置:(0.0, 0.0, 0.7)-[TakeOff]-[MCU:False]-[POS:False]
当前位置:(-0.12521284818649292, -0.017221586778759956, -0.002678423887118697)
[INFO] [1775389806.959693936] [navNode]: 状态4：WaitAim--[TakeOff]
[INFO] [1775389806.960175274] [navNode]: 未到目标点
目标位置:(0.0, 0.0, 0.7)-[TakeOff]-[MCU:False]-[POS:False]
当前位置:(-0.12524157762527466, -0.016788555309176445, -0.002675808034837246)
[INFO] [1775389807.060004897] [navNode]: 状态4：WaitAim--[TakeOff]
[INFO] [1775389807.060703039] [navNode]: 未到目标点
目标位置:(0.0, 0.0, 0.7)-[TakeOff]-[MCU:False]-[POS:False]
当前位置:(-0.1250661164522171, -0.016888653859496117, -0.0023613846860826015)
[INFO] [1775389807.160564394] [navNode]: 状态4：WaitAim--[TakeOff]
[INFO] [1775389807.161051528] [navNode]: 未到目标点
目标位置:(0.0, 0.0, 0.7)-[TakeOff]-[MCU:False]-[POS:False]
当前位置:(-0.12474237382411957, -0.01731109619140625, -0.0025783127639442682)
[INFO] [1775389807.259619075] [navNode]: 状态4：WaitAim--[TakeOff]
[INFO] [1775389807.260045071] [navNode]: 未到目标点
目标位置:(0.0, 0.0, 0.7)-[TakeOff]-[MCU:False]-[POS:False]
当前位置:(-0.12488909065723419, -0.01701393350958824, -0.0021626860834658146)
[INFO] [1775389807.359658856] [navNode]: 状态4：WaitAim--[TakeOff]
[INFO] [1775389807.360122802] [navNode]: 未到目标点
目标位置:(0.0, 0.0, 0.7)-[TakeOff]-[MCU:False]-[POS:False]
当前位置:(-0.12473642081022263, -0.017069941386580467, -0.0023140849079936743)
[INFO] [1775389807.459576629] [navNode]: 状态4：WaitAim--[TakeOff]
[INFO] [1775389807.460244807] [navNode]: 未到目标点
目标位置:(0.0, 0.0, 0.7)-[TakeOff]-[MCU:False]-[POS:False]
当前位置:(-0.12487148493528366, -0.016936561092734337, -0.0024461315479129553)
[INFO] [1775389807.559861628] [navNode]: 状态4：WaitAim--[TakeOff]
[INFO] [1775389807.560407688] [navNode]: 未到目标点
目标位置:(0.0, 0.0, 0.7)-[TakeOff]-[MCU:False]-[POS:False]
当前位置:(-0.12484899908304214, -0.01730869524180889, -0.0023553315550088882)
[INFO] [1775389807.660036505] [navNode]: 状态4：WaitAim--[TakeOff]
[INFO] [1775389807.660521574] [navNode]: 未到目标点
目标位置:(0.0, 0.0, 0.7)-[TakeOff]-[MCU:False]-[POS:False]
当前位置:(-0.12459103763103485, -0.017028437927365303, -0.0022313441149890423)
[INFO] [1775389807.759884027] [navNode]: 状态4：WaitAim--[TakeOff]
[INFO] [1775389807.760308546] [navNode]: 未到目标点
目标位置:(0.0, 0.0, 0.7)-[TakeOff]-[MCU:False]-[POS:False]
当前位置:(-0.12485756725072861, -0.01682540774345398, -0.00224322616122663)
[INFO] [1775389807.859666814] [navNode]: 状态4：WaitAim--[TakeOff]
[INFO] [1775389807.860092528] [navNode]: 未到目标点
目标位置:(0.0, 0.0, 0.7)-[TakeOff]-[MCU:False]-[POS:False]
当前位置:(-0.12474355846643448, -0.01680218242108822, -0.0021308264695107937)
[INFO] [1775389807.959829875] [navNode]: 状态4：WaitAim--[TakeOff]
[INFO] [1775389807.960243847] [navNode]: 未到目标点
目标位置:(0.0, 0.0, 0.7)-[TakeOff]-[MCU:False]-[POS:False]
当前位置:(-0.12474224716424942, -0.016723228618502617, -0.002399913500994444)
[INFO] [1775389808.059816682] [navNode]: 状态4：WaitAim--[TakeOff]
[INFO] [1775389808.060310584] [navNode]: 未到目标点
目标位置:(0.0, 0.0, 0.7)-[TakeOff]-[MCU:False]-[POS:False]
当前位置:(-0.12441598623991013, -0.017326707020401955, -0.0020014545880258083)
[INFO] [1775389808.159689460] [navNode]: 状态4：WaitAim--[TakeOff]
[INFO] [1775389808.160301399] [navNode]: 未到目标点
目标位置:(0.0, 0.0, 0.7)-[TakeOff]-[MCU:False]-[POS:False]
当前位置:(-0.12429729104042053, -0.017161227762699127, -0.0020889730658382177)
[INFO] [1775389808.259687399] [navNode]: 状态4：WaitAim--[TakeOff]
[INFO] [1775389808.260229561] [navNode]: 未到目标点
目标位置:(0.0, 0.0, 0.7)-[TakeOff]-[MCU:False]-[POS:False]
当前位置:(-0.12427522242069244, -0.017437845468521118, -0.0019344743341207504)
[INFO] [1775389808.359663598] [navNode]: 状态4：WaitAim--[TakeOff]
[INFO] [1775389808.360083559] [navNode]: 未到目标点
目标位置:(0.0, 0.0, 0.7)-[TakeOff]-[MCU:False]-[POS:False]
当前位置:(-0.12402070313692093, -0.01718713529407978, -0.0015841828426346183)
[INFO] [1775389808.459811893] [navNode]: 状态4：WaitAim--[TakeOff]
[INFO] [1775389808.460233663] [navNode]: 未到目标点
目标位置:(0.0, 0.0, 0.7)-[TakeOff]-[MCU:False]-[POS:False]
当前位置:(-0.12418770045042038, -0.017376571893692017, -0.0018112108809873462)
[INFO] [1775389808.560105657] [navNode]: 状态4：WaitAim--[TakeOff]
[INFO] [1775389808.560502312] [navNode]: 未到目标点
目标位置:(0.0, 0.0, 0.7)-[TakeOff]-[MCU:False]-[POS:False]
当前位置:(-0.12402761727571487, -0.017066985368728638, -0.0015712616732344031)
[INFO] [1775389808.659656891] [navNode]: 状态4：WaitAim--[TakeOff]
[INFO] [1775389808.660078661] [navNode]: 未到目标点
目标位置:(0.0, 0.0, 0.7)-[TakeOff]-[MCU:False]-[POS:False]
当前位置:(-0.12432190775871277, -0.01729363203048706, -0.0021373271010816097)
[INFO] [1775389808.760037564] [navNode]: 状态4：WaitAim--[TakeOff]
[INFO] [1775389808.760671567] [navNode]: 未到目标点
目标位置:(0.0, 0.0, 0.7)-[TakeOff]-[MCU:False]-[POS:False]
当前位置:(-0.12454352527856827, -0.017175767570734024, -0.002168192295357585)
[INFO] [1775389808.859915556] [navNode]: 状态4：WaitAim--[TakeOff]
[INFO] [1775389808.860448978] [navNode]: 未到目标点
目标位置:(0.0, 0.0, 0.7)-[TakeOff]-[MCU:False]-[POS:False]
当前位置:(-0.12432955205440521, -0.017065031453967094, -0.0017217741115018725)
[INFO] [1775389808.959787438] [navNode]: 状态4：WaitAim--[TakeOff]
[INFO] [1775389808.960208252] [navNode]: 未到目标点
目标位置:(0.0, 0.0, 0.7)-[TakeOff]-[MCU:False]-[POS:False]
当前位置:(-0.12406531721353531, -0.017206817865371704, -0.0017712704138830304)
[INFO] [1775389809.059593646] [navNode]: 状态4：WaitAim--[TakeOff]
[INFO] [1775389809.060048803] [navNode]: 未到目标点
目标位置:(0.0, 0.0, 0.7)-[TakeOff]-[MCU:False]-[POS:False]
当前位置:(-0.12397545576095581, -0.017246102914214134, -0.001446365611627698)
[INFO] [1775389809.159713010] [navNode]: 状态4：WaitAim--[TakeOff]
[INFO] [1775389809.160135016] [navNode]: 未到目标点
目标位置:(0.0, 0.0, 0.7)-[TakeOff]-[MCU:False]-[POS:False]
当前位置:(-0.12401052564382553, -0.01709621399641037, -0.00177816953510046)
[INFO] [1775389809.260161174] [navNode]: 状态4：WaitAim--[TakeOff]
[INFO] [1775389809.260793549] [navNode]: 未到目标点
目标位置:(0.0, 0.0, 0.7)-[TakeOff]-[MCU:False]-[POS:False]
当前位置:(-0.12440092861652374, -0.01716022379696369, -0.001702485023997724)
[INFO] [1775389809.359950188] [navNode]: 状态4：WaitAim--[TakeOff]
[INFO] [1775389809.360381362] [navNode]: 未到目标点
目标位置:(0.0, 0.0, 0.7)-[TakeOff]-[MCU:False]-[POS:False]
当前位置:(-0.12369202077388763, -0.017550531774759293, -0.0016028592362999916)
[INFO] [1775389809.459904269] [navNode]: 状态4：WaitAim--[TakeOff]
[INFO] [1775389809.460330639] [navNode]: 未到目标点
目标位置:(0.0, 0.0, 0.7)-[TakeOff]-[MCU:False]-[POS:False]
当前位置:(-0.1238086149096489, -0.017371272668242455, -0.001280625001527369)
[INFO] [1775389809.559691060] [navNode]: 状态4：WaitAim--[TakeOff]
[INFO] [1775389809.560143913] [navNode]: 未到目标点
目标位置:(0.0, 0.0, 0.7)-[TakeOff]-[MCU:False]-[POS:False]
当前位置:(-0.12398042529821396, -0.01726195402443409, -0.0014049324672669172)
[INFO] [1775389809.660047869] [navNode]: 状态4：WaitAim--[TakeOff]
[INFO] [1775389809.660507751] [navNode]: 未到目标点
目标位置:(0.0, 0.0, 0.7)-[TakeOff]-[MCU:False]-[POS:False]
当前位置:(-0.12399265170097351, -0.017453426495194435, -0.0014309996040537953)
[INFO] [1775389809.759694711] [navNode]: 状态4：WaitAim--[TakeOff]
[INFO] [1775389809.760206755] [navNode]: 未到目标点
目标位置:(0.0, 0.0, 0.7)-[TakeOff]-[MCU:False]-[POS:False]
当前位置:(-0.12372507899999619, -0.017267167568206787, -0.0018351790495216846)
[INFO] [1775389809.860020571] [navNode]: 状态4：WaitAim--[TakeOff]
[INFO] [1775389809.860445537] [navNode]: 未到目标点
目标位置:(0.0, 0.0, 0.7)-[TakeOff]-[MCU:False]-[POS:False]
当前位置:(-0.12374049425125122, -0.01740497536957264, -0.0012581279734149575)
[INFO] [1775389809.960456835] [navNode]: 状态4：WaitAim--[TakeOff]
[INFO] [1775389809.960873432] [navNode]: 未到目标点
目标位置:(0.0, 0.0, 0.7)-[TakeOff]-[MCU:False]-[POS:False]
当前位置:(-0.12412354350090027, -0.01721552386879921, -0.001553151523694396)
[INFO] [1775389810.059667247] [navNode]: 状态4：WaitAim--[TakeOff]
[INFO] [1775389810.060149407] [navNode]: 未到目标点
目标位置:(0.0, 0.0, 0.7)-[TakeOff]-[MCU:False]-[POS:False]
当前位置:(-0.12381555140018463, -0.017237065359950066, -0.0014012871542945504)
[INFO] [1775389810.159723894] [navNode]: 状态4：WaitAim--[TakeOff]
[INFO] [1775389810.160448906] [navNode]: 未到目标点
目标位置:(0.0, 0.0, 0.7)-[TakeOff]-[MCU:False]-[POS:False]
当前位置:(-0.12371033430099487, -0.01751389354467392, -0.0014635655097663403)
[INFO] [1775389810.259708530] [navNode]: 状态4：WaitAim--[TakeOff]
[INFO] [1775389810.260415494] [navNode]: 未到目标点
目标位置:(0.0, 0.0, 0.7)-[TakeOff]-[MCU:False]-[POS:False]
当前位置:(-0.12382879108190536, -0.017454814165830612, -0.0013345627812668681)
[INFO] [1775389810.359906965] [navNode]: 状态4：WaitAim--[TakeOff]
[INFO] [1775389810.360427738] [navNode]: 未到目标点
目标位置:(0.0, 0.0, 0.7)-[TakeOff]-[MCU:False]-[POS:False]
当前位置:(-0.12374990433454514, -0.017352892085909843, -0.0015934148104861379)
[INFO] [1775389810.459800607] [navNode]: 状态4：WaitAim--[TakeOff]
[INFO] [1775389810.460219634] [navNode]: 未到目标点
目标位置:(0.0, 0.0, 0.7)-[TakeOff]-[MCU:False]-[POS:False]
当前位置:(-0.12387698143720627, -0.017426786944270134, -0.0014277894515544176)
[INFO] [1775389810.560186394] [navNode]: 状态4：WaitAim--[TakeOff]
[INFO] [1775389810.560641337] [navNode]: 未到目标点
目标位置:(0.0, 0.0, 0.7)-[TakeOff]-[MCU:False]-[POS:False]
当前位置:(-0.12379871308803558, -0.0171701330691576, -0.0016392309917137027)
[INFO] [1775389810.659815886] [navNode]: 状态4：WaitAim--[TakeOff]
[INFO] [1775389810.660252121] [navNode]: 未到目标点
目标位置:(0.0, 0.0, 0.7)-[TakeOff]-[MCU:False]-[POS:False]
当前位置:(-0.12369485199451447, -0.017323676496744156, -0.0011897360673174262)
[INFO] [1775389810.759885806] [navNode]: 状态4：WaitAim--[TakeOff]
[INFO] [1775389810.760484915] [navNode]: 未到目标点
目标位置:(0.0, 0.0, 0.7)-[TakeOff]-[MCU:False]-[POS:False]
当前位置:(-0.1239067018032074, -0.01739485003054142, -0.0014386948896571994)
[INFO] [1775389810.860166189] [navNode]: 状态4：WaitAim--[TakeOff]
[INFO] [1775389810.860626036] [navNode]: 未到目标点
目标位置:(0.0, 0.0, 0.7)-[TakeOff]-[MCU:False]-[POS:False]
当前位置:(-0.12388665229082108, -0.017365118488669395, -0.0017416644841432571)
[INFO] [1775389810.959838009] [navNode]: 状态4：WaitAim--[TakeOff]
[INFO] [1775389810.960351727] [navNode]: 未到目标点
目标位置:(0.0, 0.0, 0.7)-[TakeOff]-[MCU:False]-[POS:False]
当前位置:(-0.12397396564483643, -0.017055995762348175, -0.001680774730630219)
[INFO] [1775389811.059745714] [navNode]: 状态4：WaitAim--[TakeOff]
[INFO] [1775389811.060524023] [navNode]: 未到目标点
目标位置:(0.0, 0.0, 0.7)-[TakeOff]-[MCU:False]-[POS:False]
当前位置:(-0.1237112507224083, -0.017238015308976173, -0.001271278248168528)
[INFO] [1775389811.159797662] [navNode]: 状态4：WaitAim--[TakeOff]
[INFO] [1775389811.160307863] [navNode]: 未到目标点
目标位置:(0.0, 0.0, 0.7)-[TakeOff]-[MCU:False]-[POS:False]
当前位置:(-0.1238870695233345, -0.017214275896549225, -0.001688556163571775)
[INFO] [1775389811.259797271] [navNode]: 状态4：WaitAim--[TakeOff]
[INFO] [1775389811.260434620] [navNode]: 未到目标点
目标位置:(0.0, 0.0, 0.7)-[TakeOff]-[MCU:False]-[POS:False]
当前位置:(-0.12373699247837067, -0.01722368597984314, -0.0013127202400937676)
[INFO] [1775389811.359893237] [navNode]: 状态4：WaitAim--[TakeOff]
[INFO] [1775389811.360439893] [navNode]: 未到目标点
目标位置:(0.0, 0.0, 0.7)-[TakeOff]-[MCU:False]-[POS:False]
当前位置:(-0.12385628372430801, -0.017192259430885315, -0.0016244410071521997)
[INFO] [1775389811.460589819] [navNode]: 状态4：WaitAim--[TakeOff]
[INFO] [1775389811.461100637] [navNode]: 未到目标点
目标位置:(0.0, 0.0, 0.7)-[TakeOff]-[MCU:False]-[POS:False]
当前位置:(-0.12352162599563599, -0.017420293763279915, -0.00148021278437227)
[INFO] [1775389811.560193024] [navNode]: 状态4：WaitAim--[TakeOff]
[INFO] [1775389811.560945975] [navNode]: 未到目标点
目标位置:(0.0, 0.0, 0.7)-[TakeOff]-[MCU:False]-[POS:False]
当前位置:(-0.12305670231580734, -0.017841991037130356, -0.0013401852920651436)
[INFO] [1775389811.660830160] [navNode]: 状态4：WaitAim--[TakeOff]
[INFO] [1775389811.661618384] [navNode]: 未到目标点
目标位置:(0.0, 0.0, 0.7)-[TakeOff]-[MCU:False]-[POS:False]
当前位置:(-0.12390005588531494, -0.0173964761197567, -0.0017229103250429034)
[INFO] [1775389811.760626829] [navNode]: 状态4：WaitAim--[TakeOff]
[INFO] [1775389811.761215608] [navNode]: 未到目标点
目标位置:(0.0, 0.0, 0.7)-[TakeOff]-[MCU:False]-[POS:False]
当前位置:(-0.1236492246389389, -0.017195001244544983, -0.0015537288272753358)
[INFO] [1775389811.860152123] [navNode]: 状态4：WaitAim--[TakeOff]
[INFO] [1775389811.860688057] [navNode]: 未到目标点
目标位置:(0.0, 0.0, 0.7)-[TakeOff]-[MCU:False]-[POS:False]
当前位置:(-0.12357845902442932, -0.017339633777737617, -0.0015032002702355385)
[INFO] [1775389811.960223146] [navNode]: 状态4：WaitAim--[TakeOff]
[INFO] [1775389811.960784427] [navNode]: 未到目标点
目标位置:(0.0, 0.0, 0.7)-[TakeOff]-[MCU:False]-[POS:False]
当前位置:(-0.12375276535749435, -0.01724799908697605, -0.001692008227109909)
[INFO] [1775389812.059922667] [navNode]: 状态4：WaitAim--[TakeOff]
[INFO] [1775389812.060394230] [navNode]: 未到目标点
目标位置:(0.0, 0.0, 0.7)-[TakeOff]-[MCU:False]-[POS:False]
当前位置:(-0.1236746683716774, -0.017550358548760414, -0.0014613394159823656)
[INFO] [1775389812.160508433] [navNode]: 状态4：WaitAim--[TakeOff]
[INFO] [1775389812.161043454] [navNode]: 未到目标点
目标位置:(0.0, 0.0, 0.7)-[TakeOff]-[MCU:False]-[POS:False]
当前位置:(-0.12334262579679489, -0.017785698175430298, -0.0011695389403030276)
[INFO] [1775389812.260727557] [navNode]: 状态4：WaitAim--[TakeOff]
[INFO] [1775389812.261302648] [navNode]: 未到目标点
目标位置:(0.0, 0.0, 0.7)-[TakeOff]-[MCU:False]-[POS:False]
当前位置:(-0.12328457832336426, -0.01745409332215786, -0.0010852827690541744)
[INFO] [1775389812.361478938] [navNode]: 状态4：WaitAim--[TakeOff]
[INFO] [1775389812.362337537] [navNode]: 未到目标点
目标位置:(0.0, 0.0, 0.7)-[TakeOff]-[MCU:False]-[POS:False]
当前位置:(-0.1236121654510498, -0.01745574362576008, -0.0016993333119899035)
[INFO] [1775389812.460254398] [navNode]: 状态4：WaitAim--[TakeOff]
[INFO] [1775389812.460898020] [navNode]: 未到目标点
目标位置:(0.0, 0.0, 0.7)-[TakeOff]-[MCU:False]-[POS:False]
当前位置:(-0.12370152026414871, -0.017345517873764038, -0.0014046955620869994)
[INFO] [1775389812.559993729] [navNode]: 状态4：WaitAim--[TakeOff]
[INFO] [1775389812.560563074] [navNode]: 未到目标点
目标位置:(0.0, 0.0, 0.7)-[TakeOff]-[MCU:False]-[POS:False]
当前位置:(-0.12354675680398941, -0.017154980450868607, -0.0015074636321514845)
[INFO] [1775389812.660601815] [navNode]: 状态4：WaitAim--[TakeOff]
[INFO] [1775389812.661249992] [navNode]: 未到目标点
目标位置:(0.0, 0.0, 0.7)-[TakeOff]-[MCU:False]-[POS:False]
当前位置:(-0.1235894188284874, -0.017168646678328514, -0.0015070686349645257)
[INFO] [1775389812.760561480] [navNode]: 状态4：WaitAim--[TakeOff]
[INFO] [1775389812.761123182] [navNode]: 未到目标点
目标位置:(0.0, 0.0, 0.7)-[TakeOff]-[MCU:False]-[POS:False]
当前位置:(-0.12327965348958969, -0.017664972692728043, -0.0014911333564668894)
[INFO] [1775389812.862293903] [navNode]: 状态4：WaitAim--[TakeOff]
[INFO] [1775389812.862958147] [navNode]: 未到目标点
目标位置:(0.0, 0.0, 0.7)-[TakeOff]-[MCU:False]-[POS:False]
当前位置:(-0.12369979172945023, -0.01718609593808651, -0.0014703253982588649)
[INFO] [1775389812.960197052] [navNode]: 状态4：WaitAim--[TakeOff]
[INFO] [1775389812.960772306] [navNode]: 未到目标点
目标位置:(0.0, 0.0, 0.7)-[TakeOff]-[MCU:False]-[POS:False]
当前位置:(-0.12342877686023712, -0.017176687717437744, -0.0014075984945520759)
[INFO] [1775389813.059947599] [navNode]: 状态4：WaitAim--[TakeOff]
[INFO] [1775389813.060495045] [navNode]: 未到目标点
目标位置:(0.0, 0.0, 0.7)-[TakeOff]-[MCU:False]-[POS:False]
当前位置:(-0.12356594949960709, -0.017088474705815315, -0.0014337627217173576)
[INFO] [1775389813.160291853] [navNode]: 状态4：WaitAim--[TakeOff]
[INFO] [1775389813.160870657] [navNode]: 未到目标点
目标位置:(0.0, 0.0, 0.7)-[TakeOff]-[MCU:False]-[POS:False]
当前位置:(-0.12354625016450882, -0.017252851277589798, -0.0012351732002571225)
[INFO] [1775389813.259866674] [navNode]: 状态4：WaitAim--[TakeOff]
[INFO] [1775389813.260496339] [navNode]: 未到目标点
目标位置:(0.0, 0.0, 0.7)-[TakeOff]-[MCU:False]-[POS:False]
当前位置:(-0.12378393113613129, -0.01728609763085842, -0.0015689616557210684)
[INFO] [1775389813.360998749] [navNode]: 状态4：WaitAim--[TakeOff]
[INFO] [1775389813.361567422] [navNode]: 未到目标点
目标位置:(0.0, 0.0, 0.7)-[TakeOff]-[MCU:False]-[POS:False]
当前位置:(-0.12358525395393372, -0.017140766605734825, -0.0013136263005435467)
[INFO] [1775389813.460202915] [navNode]: 状态4：WaitAim--[TakeOff]
[INFO] [1775389813.460784278] [navNode]: 未到目标点
目标位置:(0.0, 0.0, 0.7)-[TakeOff]-[MCU:False]-[POS:False]
当前位置:(-0.12356974184513092, -0.01718916743993759, -0.0014117193641141057)
[INFO] [1775389813.560705332] [navNode]: 状态4：WaitAim--[TakeOff]
[INFO] [1775389813.561181576] [navNode]: 未到目标点
目标位置:(0.0, 0.0, 0.7)-[TakeOff]-[MCU:False]-[POS:False]
当前位置:(-0.12322969734668732, -0.01747092232108116, -0.0010457298485562205)
[INFO] [1775389813.660126607] [navNode]: 状态4：WaitAim--[TakeOff]
[INFO] [1775389813.660677176] [navNode]: 未到目标点
目标位置:(0.0, 0.0, 0.7)-[TakeOff]-[MCU:False]-[POS:False]
当前位置:(-0.12351629137992859, -0.01755335181951523, -0.0012590655824169517)
[INFO] [1775389813.760115476] [navNode]: 状态4：WaitAim--[TakeOff]
[INFO] [1775389813.760573865] [navNode]: 未到目标点
目标位置:(0.0, 0.0, 0.7)-[TakeOff]-[MCU:False]-[POS:False]
当前位置:(-0.12342984229326248, -0.01728445664048195, -0.0011282890336588025)
[INFO] [1775389813.859934370] [navNode]: 状态4：WaitAim--[TakeOff]
[INFO] [1775389813.860594975] [navNode]: 未到目标点
目标位置:(0.0, 0.0, 0.7)-[TakeOff]-[MCU:False]-[POS:False]
当前位置:(-0.12338276952505112, -0.017416000366210938, -0.0006202830700203776)
[INFO] [1775389813.960358245] [navNode]: 状态4：WaitAim--[TakeOff]
[INFO] [1775389813.960888899] [navNode]: 未到目标点
目标位置:(0.0, 0.0, 0.7)-[TakeOff]-[MCU:False]-[POS:False]
当前位置:(-0.12312798202037811, -0.017599789425730705, -0.0014097340172156692)
[INFO] [1775389814.060483634] [navNode]: 状态4：WaitAim--[TakeOff]
[INFO] [1775389814.060932149] [navNode]: 未到目标点
目标位置:(0.0, 0.0, 0.7)-[TakeOff]-[MCU:False]-[POS:False]
当前位置:(-0.12353029102087021, -0.017301151528954506, -0.0012188461842015386)
[INFO] [1775389814.159978069] [navNode]: 状态4：WaitAim--[TakeOff]
[INFO] [1775389814.160469558] [navNode]: 未到目标点
目标位置:(0.0, 0.0, 0.7)-[TakeOff]-[MCU:False]-[POS:False]
当前位置:(-0.12328571826219559, -0.017282290384173393, -0.0011827144771814346)
[INFO] [1775389814.259781643] [navNode]: 状态4：WaitAim--[TakeOff]
[INFO] [1775389814.260256119] [navNode]: 未到目标点
目标位置:(0.0, 0.0, 0.7)-[TakeOff]-[MCU:False]-[POS:False]
当前位置:(-0.12318091094493866, -0.0174717977643013, -0.0009783157147467136)
[INFO] [1775389814.360198595] [navNode]: 状态4：WaitAim--[TakeOff]
[INFO] [1775389814.360665887] [navNode]: 未到目标点
目标位置:(0.0, 0.0, 0.7)-[TakeOff]-[MCU:False]-[POS:False]
当前位置:(-0.12282173335552216, -0.017748527228832245, -0.0010695834644138813)
[INFO] [1775389814.460168817] [navNode]: 状态4：WaitAim--[TakeOff]
[INFO] [1775389814.460712329] [navNode]: 未到目标点
目标位置:(0.0, 0.0, 0.7)-[TakeOff]-[MCU:False]-[POS:False]
当前位置:(-0.12370003759860992, -0.017207272350788116, -0.0007912394939921796)
[INFO] [1775389814.560052798] [navNode]: 状态4：WaitAim--[TakeOff]
[INFO] [1775389814.560575897] [navNode]: 未到目标点
目标位置:(0.0, 0.0, 0.7)-[TakeOff]-[MCU:False]-[POS:False]
当前位置:(-0.12330984324216843, -0.01741979271173477, -0.0008190790540538728)
[INFO] [1775389814.659770581] [navNode]: 状态4：WaitAim--[TakeOff]
[INFO] [1775389814.660242103] [navNode]: 未到目标点
目标位置:(0.0, 0.0, 0.7)-[TakeOff]-[MCU:False]-[POS:False]
当前位置:(-0.12341350317001343, -0.017463507130742073, -0.0008915678481571376)
[INFO] [1775389814.759983201] [navNode]: 状态4：WaitAim--[TakeOff]
[INFO] [1775389814.760572746] [navNode]: 未到目标点
目标位置:(0.0, 0.0, 0.7)-[TakeOff]-[MCU:False]-[POS:False]
当前位置:(-0.12332668155431747, -0.017385389655828476, -0.0005399794317781925)
[INFO] [1775389814.860222267] [navNode]: 状态4：WaitAim--[TakeOff]
[INFO] [1775389814.860724172] [navNode]: 未到目标点
目标位置:(0.0, 0.0, 0.7)-[TakeOff]-[MCU:False]-[POS:False]
当前位置:(-0.12336637079715729, -0.01737162098288536, -0.0009132862905971706)
[INFO] [1775389814.959773992] [navNode]: 状态4：WaitAim--[TakeOff]
[INFO] [1775389814.960250973] [navNode]: 未到目标点
目标位置:(0.0, 0.0, 0.7)-[TakeOff]-[MCU:False]-[POS:False]
当前位置:(-0.12354050576686859, -0.017537657171487808, -0.0011215114500373602)
[INFO] [1775389815.060228268] [navNode]: 状态4：WaitAim--[TakeOff]
[INFO] [1775389815.060983536] [navNode]: 未到目标点
目标位置:(0.0, 0.0, 0.7)-[TakeOff]-[MCU:False]-[POS:False]
当前位置:(-0.12357247620820999, -0.017273500561714172, -0.0009261784725822508)
[INFO] [1775389815.160424045] [navNode]: 状态4：WaitAim--[TakeOff]
[INFO] [1775389815.161049328] [navNode]: 未到目标点
目标位置:(0.0, 0.0, 0.7)-[TakeOff]-[MCU:False]-[POS:False]
当前位置:(-0.12287084758281708, -0.01767817698419094, -0.00048625620547682047)
[INFO] [1775389815.260012976] [navNode]: 状态4：WaitAim--[TakeOff]
[INFO] [1775389815.260489262] [navNode]: 未到目标点
目标位置:(0.0, 0.0, 0.7)-[TakeOff]-[MCU:False]-[POS:False]
当前位置:(-0.12327209115028381, -0.01739325188100338, -0.0007541226223111153)
[INFO] [1775389815.359988114] [navNode]: 状态4：WaitAim--[TakeOff]
[INFO] [1775389815.360500829] [navNode]: 未到目标点
目标位置:(0.0, 0.0, 0.7)-[TakeOff]-[MCU:False]-[POS:False]
当前位置:(-0.1235223263502121, -0.017483986914157867, -0.0009261104860343039)
[INFO] [1775389815.459930943] [navNode]: 状态4：WaitAim--[TakeOff]
[INFO] [1775389815.460388079] [navNode]: 未到目标点
目标位置:(0.0, 0.0, 0.7)-[TakeOff]-[MCU:False]-[POS:False]
当前位置:(-0.12325363606214523, -0.017604798078536987, -0.0006674377946183085)
[INFO] [1775389815.560688285] [navNode]: 状态4：WaitAim--[TakeOff]
[INFO] [1775389815.561200360] [navNode]: 未到目标点
目标位置:(0.0, 0.0, 0.7)-[TakeOff]-[MCU:False]-[POS:False]
当前位置:(-0.12337087839841843, -0.017373964190483093, -0.0007767867646180093)
[INFO] [1775389815.660469091] [navNode]: 状态4：WaitAim--[TakeOff]
[INFO] [1775389815.661046017] [navNode]: 未到目标点
目标位置:(0.0, 0.0, 0.7)-[TakeOff]-[MCU:False]-[POS:False]
当前位置:(-0.12353736907243729, -0.017304977402091026, -0.0008246724028140306)
[INFO] [1775389815.759988647] [navNode]: 状态4：WaitAim--[TakeOff]
[INFO] [1775389815.760485614] [navNode]: 未到目标点
目标位置:(0.0, 0.0, 0.7)-[TakeOff]-[MCU:False]-[POS:False]
当前位置:(-0.12367602437734604, -0.01718856580555439, -0.0012471736408770084)
[INFO] [1775389815.859967499] [navNode]: 状态4：WaitAim--[TakeOff]
[INFO] [1775389815.860442028] [navNode]: 未到目标点
目标位置:(0.0, 0.0, 0.7)-[TakeOff]-[MCU:False]-[POS:False]
当前位置:(-0.12323757261037827, -0.017672399058938026, -0.0006171581335365772)
[INFO] [1775389815.960376912] [navNode]: 状态4：WaitAim--[TakeOff]
[INFO] [1775389815.960820021] [navNode]: 未到目标点
目标位置:(0.0, 0.0, 0.7)-[TakeOff]-[MCU:False]-[POS:False]
当前位置:(-0.1234162449836731, -0.017350364476442337, -0.0007851992850191891)
[INFO] [1775389816.059881617] [navNode]: 状态4：WaitAim--[TakeOff]
[INFO] [1775389816.060388748] [navNode]: 未到目标点
目标位置:(0.0, 0.0, 0.7)-[TakeOff]-[MCU:False]-[POS:False]
当前位置:(-0.12357229739427567, -0.01738770306110382, -0.0006105808424763381)
[INFO] [1775389816.159926932] [navNode]: 状态4：WaitAim--[TakeOff]
[INFO] [1775389816.160518165] [navNode]: 未到目标点
目标位置:(0.0, 0.0, 0.7)-[TakeOff]-[MCU:False]-[POS:False]
当前位置:(-0.12301351130008698, -0.01759367436170578, -0.0007494562305510044)
[INFO] [1775389816.259699768] [navNode]: 状态4：WaitAim--[TakeOff]
[INFO] [1775389816.260129204] [navNode]: 未到目标点
目标位置:(0.0, 0.0, 0.7)-[TakeOff]-[MCU:False]-[POS:False]
当前位置:(-0.12321235239505768, -0.01745091751217842, -0.0008838287321850657)
[INFO] [1775389816.359773733] [navNode]: 状态4：WaitAim--[TakeOff]
[INFO] [1775389816.360273515] [navNode]: 未到目标点
目标位置:(0.0, 0.0, 0.7)-[TakeOff]-[MCU:False]-[POS:False]
当前位置:(-0.12335341423749924, -0.017388692125678062, -0.0007084885146468878)
[INFO] [1775389816.460297009] [navNode]: 状态4：WaitAim--[TakeOff]
[INFO] [1775389816.460731304] [navNode]: 未到目标点
目标位置:(0.0, 0.0, 0.7)-[TakeOff]-[MCU:False]-[POS:False]
当前位置:(-0.12338773906230927, -0.017455780878663063, -0.0004063621745444834)
[INFO] [1775389816.560592533] [navNode]: 状态4：WaitAim--[TakeOff]
[INFO] [1775389816.561252092] [navNode]: 未到目标点
目标位置:(0.0, 0.0, 0.7)-[TakeOff]-[MCU:False]-[POS:False]
当前位置:(-0.12320612370967865, -0.017452778294682503, -0.0009179622284136713)
[INFO] [1775389816.660669192] [navNode]: 状态4：WaitAim--[TakeOff]
[INFO] [1775389816.661117230] [navNode]: 未到目标点
目标位置:(0.0, 0.0, 0.7)-[TakeOff]-[MCU:False]-[POS:False]
当前位置:(-0.1232532188296318, -0.01760103739798069, -0.0009179502376355231)
[INFO] [1775389816.760375031] [navNode]: 状态4：WaitAim--[TakeOff]
[INFO] [1775389816.760889363] [navNode]: 未到目标点
目标位置:(0.0, 0.0, 0.7)-[TakeOff]-[MCU:False]-[POS:False]
当前位置:(-0.12348148971796036, -0.0176103413105011, -0.0007938608760014176)
[INFO] [1775389816.860281887] [navNode]: 状态4：WaitAim--[TakeOff]
[INFO] [1775389816.860821310] [navNode]: 未到目标点
目标位置:(0.0, 0.0, 0.7)-[TakeOff]-[MCU:False]-[POS:False]
当前位置:(-0.12338674068450928, -0.017415296286344528, -0.0006716774660162628)
[INFO] [1775389816.960041661] [navNode]: 状态4：WaitAim--[TakeOff]
[INFO] [1775389816.960561859] [navNode]: 未到目标点
目标位置:(0.0, 0.0, 0.7)-[TakeOff]-[MCU:False]-[POS:False]
当前位置:(-0.12302088737487793, -0.017640721052885056, -0.0007367665530182421)
[INFO] [1775389817.059876011] [navNode]: 状态4：WaitAim--[TakeOff]
[INFO] [1775389817.060548955] [navNode]: 未到目标点
目标位置:(0.0, 0.0, 0.7)-[TakeOff]-[MCU:False]-[POS:False]
当前位置:(-0.12328038364648819, -0.017535269260406494, -0.0010017926106229424)
[INFO] [1775389817.160109354] [navNode]: 状态4：WaitAim--[TakeOff]
[INFO] [1775389817.160562650] [navNode]: 未到目标点
目标位置:(0.0, 0.0, 0.7)-[TakeOff]-[MCU:False]-[POS:False]
当前位置:(-0.12296367436647415, -0.01788398250937462, -0.0004367619985714555)
[INFO] [1775389817.259725519] [navNode]: 状态4：WaitAim--[TakeOff]
[INFO] [1775389817.260251187] [navNode]: 未到目标点
目标位置:(0.0, 0.0, 0.7)-[TakeOff]-[MCU:False]-[POS:False]
当前位置:(-0.12348797917366028, -0.01746355928480625, -0.0008849129662849009)
[INFO] [1775389817.359813687] [navNode]: 状态4：WaitAim--[TakeOff]
[INFO] [1775389817.360340474] [navNode]: 未到目标点
目标位置:(0.0, 0.0, 0.7)-[TakeOff]-[MCU:False]-[POS:False]
当前位置:(-0.12370152026414871, -0.017142539843916893, -0.0009144050418399274)
[INFO] [1775389817.459719488] [navNode]: 状态4：WaitAim--[TakeOff]
[INFO] [1775389817.460179998] [navNode]: 未到目标点
目标位置:(0.0, 0.0, 0.7)-[TakeOff]-[MCU:False]-[POS:False]
当前位置:(-0.12327548861503601, -0.01738382689654827, -0.0009620022610761225)
[INFO] [1775389817.559644943] [navNode]: 状态4：WaitAim--[TakeOff]
[INFO] [1775389817.560368523] [navNode]: 未到目标点
目标位置:(0.0, 0.0, 0.7)-[TakeOff]-[MCU:False]-[POS:False]
当前位置:(-0.12320920825004578, -0.017452627420425415, -0.0007686903700232506)
[INFO] [1775389817.660407033] [navNode]: 状态4：WaitAim--[TakeOff]
[INFO] [1775389817.660858988] [navNode]: 未到目标点
目标位置:(0.0, 0.0, 0.7)-[TakeOff]-[MCU:False]-[POS:False]
当前位置:(-0.12324810028076172, -0.017795002087950706, -0.0007359041483141482)
[INFO] [1775389817.759842402] [navNode]: 状态4：WaitAim--[TakeOff]
[INFO] [1775389817.760326341] [navNode]: 未到目标点
目标位置:(0.0, 0.0, 0.7)-[TakeOff]-[MCU:False]-[POS:False]
当前位置:(-0.12314038723707199, -0.017563020810484886, -0.0007072064909152687)
[INFO] [1775389817.859954083] [navNode]: 状态4：WaitAim--[TakeOff]
[INFO] [1775389817.860427384] [navNode]: 未到目标点
目标位置:(0.0, 0.0, 0.7)-[TakeOff]-[MCU:False]-[POS:False]
当前位置:(-0.12343113869428635, -0.017246082425117493, -0.0009687571437098086)
[INFO] [1775389817.960324273] [navNode]: 状态4：WaitAim--[TakeOff]
[INFO] [1775389817.960862914] [navNode]: 未到目标点
目标位置:(0.0, 0.0, 0.7)-[TakeOff]-[MCU:False]-[POS:False]
当前位置:(-0.1229093074798584, -0.01781311258673668, -0.0008900028187781572)
[INFO] [1775389818.060778586] [navNode]: 状态4：WaitAim--[TakeOff]
[INFO] [1775389818.061541512] [navNode]: 未到目标点
目标位置:(0.0, 0.0, 0.7)-[TakeOff]-[MCU:False]-[POS:False]
当前位置:(-0.12332937866449356, -0.01760806329548359, -0.0010856043081730604)
[INFO] [1775389818.159969910] [navNode]: 状态4：WaitAim--[TakeOff]
[INFO] [1775389818.160569762] [navNode]: 未到目标点
目标位置:(0.0, 0.0, 0.7)-[TakeOff]-[MCU:False]-[POS:False]
当前位置:(-0.12309698760509491, -0.0174588393419981, -0.0005623443285003304)
[INFO] [1775389818.260604663] [navNode]: 状态4：WaitAim--[TakeOff]
[INFO] [1775389818.261200061] [navNode]: 未到目标点
目标位置:(0.0, 0.0, 0.7)-[TakeOff]-[MCU:False]-[POS:False]
当前位置:(-0.12309998273849487, -0.017680387943983078, -0.0007866041269153357)
[INFO] [1775389818.360362653] [navNode]: 状态4：WaitAim--[TakeOff]
[INFO] [1775389818.360870897] [navNode]: 未到目标点
目标位置:(0.0, 0.0, 0.7)-[TakeOff]-[MCU:False]-[POS:False]
当前位置:(-0.12337626516819, -0.017349593341350555, -0.0008344476227648556)
[INFO] [1775389818.462028112] [navNode]: 状态4：WaitAim--[TakeOff]
[INFO] [1775389818.462520582] [navNode]: 未到目标点
目标位置:(0.0, 0.0, 0.7)-[TakeOff]-[MCU:False]-[POS:False]
当前位置:(-0.12344658374786377, -0.017573634162545204, -0.001028048456646502)
[INFO] [1775389818.560612283] [navNode]: 状态4：WaitAim--[TakeOff]
[INFO] [1775389818.561119765] [navNode]: 未到目标点
目标位置:(0.0, 0.0, 0.7)-[TakeOff]-[MCU:False]-[POS:False]
当前位置:(-0.12318968027830124, -0.017386823892593384, -0.000571659707929939)
[INFO] [1775389818.660615661] [navNode]: 状态4：WaitAim--[TakeOff]
[INFO] [1775389818.661141335] [navNode]: 未到目标点
目标位置:(0.0, 0.0, 0.7)-[TakeOff]-[MCU:False]-[POS:False]
当前位置:(-0.1234566941857338, -0.017318330705165863, -0.0009492653189226985)
[INFO] [1775389818.760335628] [navNode]: 状态4：WaitAim--[TakeOff]
[INFO] [1775389818.760899539] [navNode]: 未到目标点
目标位置:(0.0, 0.0, 0.7)-[TakeOff]-[MCU:False]-[POS:False]
当前位置:(-0.12341172248125076, -0.017365651205182076, -0.00037159680505283177)
