[0.212s] [34mcolcon[0m [1;30mDEBUG[0m [32mCommand line arguments: ['/usr/bin/colcon', 'build', '--symlink-install'][0m
[0.212s] [34mcolcon[0m [1;30mDEBUG[0m [32mParsed command line arguments: Namespace(allow_overriding=[], ament_cmake_args=None, base_paths=['.'], build_base='build', catkin_cmake_args=None, catkin_skip_building_tests=False, cmake_args=None, cmake_clean_cache=False, cmake_clean_first=False, cmake_force_configure=False, cmake_target=None, cmake_target_skip_unavailable=False, continue_on_error=False, event_handlers=None, executor='parallel', ignore_user_meta=False, install_base='install', log_base=None, log_level=None, main=<bound method BuildVerb.main of <colcon_core.verb.build.BuildVerb object at 0x7f2172393d30>>, merge_install=False, metas=['./colcon.meta'], mixin=None, mixin_files=None, mixin_verb=('build',), packages_above=None, packages_above_and_dependencies=None, packages_above_depth=None, packages_end=None, packages_ignore=None, packages_ignore_regex=None, packages_select=None, packages_select_build_failed=False, packages_select_by_dep=None, packages_select_regex=None, packages_select_test_failures=False, packages_skip=None, packages_skip_build_finished=False, packages_skip_by_dep=None, packages_skip_regex=None, packages_skip_test_passed=False, packages_skip_up_to=None, packages_start=None, packages_up_to=None, packages_up_to_regex=None, parallel_workers=4, paths=None, symlink_install=True, test_result_base=None, verb_extension=<colcon_core.verb.build.BuildVerb object at 0x7f2172393d30>, verb_name='build', verb_parser=<colcon_mixin.mixin.mixin_argument.MixinArgumentDecorator object at 0x7f2172385d30>)[0m
[0.339s] [34mcolcon.colcon_core.package_discovery[0m [1;30mLevel 1[0m discover_packages(colcon_meta) check parameters
[0.340s] [34mcolcon.colcon_core.package_discovery[0m [1;30mLevel 1[0m discover_packages(recursive) check parameters
[0.340s] [34mcolcon.colcon_core.package_discovery[0m [1;30mLevel 1[0m discover_packages(ignore) check parameters
[0.340s] [34mcolcon.colcon_core.package_discovery[0m [1;30mLevel 1[0m discover_packages(path) check parameters
[0.340s] [34mcolcon.colcon_core.package_discovery[0m [1;30mLevel 1[0m discover_packages(colcon_meta) discover
[0.340s] [34mcolcon.colcon_core.package_discovery[0m [1;30mLevel 1[0m discover_packages(recursive) discover
[0.340s] [34mcolcon.colcon_core.package_discovery[0m [1;30mINFO[0m Crawling recursively for packages in '/home/focal/Desktop/2024_GroundStation'
[0.340s] [34mcolcon.colcon_core.package_identification[0m [1;30mLevel 1[0m _identify(.) by extensions ['ignore', 'ignore_ament_install']
[0.340s] [34mcolcon.colcon_core.package_identification[0m [1;30mLevel 1[0m _identify(.) by extension 'ignore'
[0.340s] [34mcolcon.colcon_core.package_identification[0m [1;30mLevel 1[0m _identify(.) by extension 'ignore_ament_install'
[0.340s] [34mcolcon.colcon_core.package_identification[0m [1;30mLevel 1[0m _identify(.) by extensions ['colcon_pkg']
[0.340s] [34mcolcon.colcon_core.package_identification[0m [1;30mLevel 1[0m _identify(.) by extension 'colcon_pkg'
[0.340s] [34mcolcon.colcon_core.package_identification[0m [1;30mLevel 1[0m _identify(.) by extensions ['colcon_meta']
[0.340s] [34mcolcon.colcon_core.package_identification[0m [1;30mLevel 1[0m _identify(.) by extension 'colcon_meta'
[0.340s] [34mcolcon.colcon_core.package_identification[0m [1;30mLevel 1[0m _identify(.) by extensions ['ros']
[0.340s] [34mcolcon.colcon_core.package_identification[0m [1;30mLevel 1[0m _identify(.) by extension 'ros'
[0.350s] [34mcolcon.colcon_core.package_identification[0m [1;30mLevel 1[0m _identify(.) by extensions ['cmake', 'python']
[0.350s] [34mcolcon.colcon_core.package_identification[0m [1;30mLevel 1[0m _identify(.) by extension 'cmake'
[0.350s] [34mcolcon.colcon_core.package_identification[0m [1;30mLevel 1[0m _identify(.) by extension 'python'
[0.350s] [34mcolcon.colcon_core.package_identification[0m [1;30mLevel 1[0m _identify(.) by extensions ['python_setup_py']
[0.350s] [34mcolcon.colcon_core.package_identification[0m [1;30mLevel 1[0m _identify(.) by extension 'python_setup_py'
[0.354s] [34mcolcon.colcon_core.package_identification[0m [1;30mLevel 1[0m _identify(build) by extensions ['ignore', 'ignore_ament_install']
[0.355s] [34mcolcon.colcon_core.package_identification[0m [1;30mLevel 1[0m _identify(build) by extension 'ignore'
[0.355s] [34mcolcon.colcon_core.package_identification[0m [1;30mLevel 1[0m _identify(build) ignored
[0.355s] [34mcolcon.colcon_core.package_identification[0m [1;30mLevel 1[0m _identify(install) by extensions ['ignore', 'ignore_ament_install']
[0.355s] [34mcolcon.colcon_core.package_identification[0m [1;30mLevel 1[0m _identify(install) by extension 'ignore'
[0.355s] [34mcolcon.colcon_core.package_identification[0m [1;30mLevel 1[0m _identify(install) ignored
[0.355s] [34mcolcon.colcon_core.package_identification[0m [1;30mLevel 1[0m _identify(log) by extensions ['ignore', 'ignore_ament_install']
[0.355s] [34mcolcon.colcon_core.package_identification[0m [1;30mLevel 1[0m _identify(log) by extension 'ignore'
[0.355s] [34mcolcon.colcon_core.package_identification[0m [1;30mLevel 1[0m _identify(log) ignored
[0.355s] [34mcolcon.colcon_core.package_identification[0m [1;30mLevel 1[0m _identify(run_log) by extensions ['ignore', 'ignore_ament_install']
[0.355s] [34mcolcon.colcon_core.package_identification[0m [1;30mLevel 1[0m _identify(run_log) by extension 'ignore'
[0.355s] [34mcolcon.colcon_core.package_identification[0m [1;30mLevel 1[0m _identify(run_log) by extension 'ignore_ament_install'
[0.355s] [34mcolcon.colcon_core.package_identification[0m [1;30mLevel 1[0m _identify(run_log) by extensions ['colcon_pkg']
[0.355s] [34mcolcon.colcon_core.package_identification[0m [1;30mLevel 1[0m _identify(run_log) by extension 'colcon_pkg'
[0.355s] [34mcolcon.colcon_core.package_identification[0m [1;30mLevel 1[0m _identify(run_log) by extensions ['colcon_meta']
[0.355s] [34mcolcon.colcon_core.package_identification[0m [1;30mLevel 1[0m _identify(run_log) by extension 'colcon_meta'
[0.355s] [34mcolcon.colcon_core.package_identification[0m [1;30mLevel 1[0m _identify(run_log) by extensions ['ros']
[0.356s] [34mcolcon.colcon_core.package_identification[0m [1;30mLevel 1[0m _identify(run_log) by extension 'ros'
[0.356s] [34mcolcon.colcon_core.package_identification[0m [1;30mLevel 1[0m _identify(run_log) by extensions ['cmake', 'python']
[0.356s] [34mcolcon.colcon_core.package_identification[0m [1;30mLevel 1[0m _identify(run_log) by extension 'cmake'
[0.356s] [34mcolcon.colcon_core.package_identification[0m [1;30mLevel 1[0m _identify(run_log) by extension 'python'
[0.356s] [34mcolcon.colcon_core.package_identification[0m [1;30mLevel 1[0m _identify(run_log) by extensions ['python_setup_py']
[0.356s] [34mcolcon.colcon_core.package_identification[0m [1;30mLevel 1[0m _identify(run_log) by extension 'python_setup_py'
[0.356s] [34mcolcon.colcon_core.package_identification[0m [1;30mLevel 1[0m _identify(run_log/2026-03-13-22-24-06-619054-ubuntu-5744) by extensions ['ignore', 'ignore_ament_install']
[0.356s] [34mcolcon.colcon_core.package_identification[0m [1;30mLevel 1[0m _identify(run_log/2026-03-13-22-24-06-619054-ubuntu-5744) by extension 'ignore'
[0.356s] [34mcolcon.colcon_core.package_identification[0m [1;30mLevel 1[0m _identify(run_log/2026-03-13-22-24-06-619054-ubuntu-5744) by extension 'ignore_ament_install'
[0.356s] [34mcolcon.colcon_core.package_identification[0m [1;30mLevel 1[0m _identify(run_log/2026-03-13-22-24-06-619054-ubuntu-5744) by extensions ['colcon_pkg']
[0.356s] [34mcolcon.colcon_core.package_identification[0m [1;30mLevel 1[0m _identify(run_log/2026-03-13-22-24-06-619054-ubuntu-5744) by extension 'colcon_pkg'
[0.356s] [34mcolcon.colcon_core.package_identification[0m [1;30mLevel 1[0m _identify(run_log/2026-03-13-22-24-06-619054-ubuntu-5744) by extensions ['colcon_meta']
[0.356s] [34mcolcon.colcon_core.package_identification[0m [1;30mLevel 1[0m _identify(run_log/2026-03-13-22-24-06-619054-ubuntu-5744) by extension 'colcon_meta'
[0.356s] [34mcolcon.colcon_core.package_identification[0m [1;30mLevel 1[0m _identify(run_log/2026-03-13-22-24-06-619054-ubuntu-5744) by extensions ['ros']
[0.356s] [34mcolcon.colcon_core.package_identification[0m [1;30mLevel 1[0m _identify(run_log/2026-03-13-22-24-06-619054-ubuntu-5744) by extension 'ros'
[0.356s] [34mcolcon.colcon_core.package_identification[0m [1;30mLevel 1[0m _identify(run_log/2026-03-13-22-24-06-619054-ubuntu-5744) by extensions ['cmake', 'python']
[0.356s] [34mcolcon.colcon_core.package_identification[0m [1;30mLevel 1[0m _identify(run_log/2026-03-13-22-24-06-619054-ubuntu-5744) by extension 'cmake'
[0.356s] [34mcolcon.colcon_core.package_identification[0m [1;30mLevel 1[0m _identify(run_log/2026-03-13-22-24-06-619054-ubuntu-5744) by extension 'python'
[0.356s] [34mcolcon.colcon_core.package_identification[0m [1;30mLevel 1[0m _identify(run_log/2026-03-13-22-24-06-619054-ubuntu-5744) by extensions ['python_setup_py']
[0.356s] [34mcolcon.colcon_core.package_identification[0m [1;30mLevel 1[0m _identify(run_log/2026-03-13-22-24-06-619054-ubuntu-5744) by extension 'python_setup_py'
[0.356s] [34mcolcon.colcon_core.package_identification[0m [1;30mLevel 1[0m _identify(run_log/2026-03-13-23-47-32-847804-ubuntu-3463) by extensions ['ignore', 'ignore_ament_install']
[0.356s] [34mcolcon.colcon_core.package_identification[0m [1;30mLevel 1[0m _identify(run_log/2026-03-13-23-47-32-847804-ubuntu-3463) by extension 'ignore'
[0.356s] [34mcolcon.colcon_core.package_identification[0m [1;30mLevel 1[0m _identify(run_log/2026-03-13-23-47-32-847804-ubuntu-3463) by extension 'ignore_ament_install'
[0.356s] [34mcolcon.colcon_core.package_identification[0m [1;30mLevel 1[0m _identify(run_log/2026-03-13-23-47-32-847804-ubuntu-3463) by extensions ['colcon_pkg']
[0.357s] [34mcolcon.colcon_core.package_identification[0m [1;30mLevel 1[0m _identify(run_log/2026-03-13-23-47-32-847804-ubuntu-3463) by extension 'colcon_pkg'
[0.357s] [34mcolcon.colcon_core.package_identification[0m [1;30mLevel 1[0m _identify(run_log/2026-03-13-23-47-32-847804-ubuntu-3463) by extensions ['colcon_meta']
[0.357s] [34mcolcon.colcon_core.package_identification[0m [1;30mLevel 1[0m _identify(run_log/2026-03-13-23-47-32-847804-ubuntu-3463) by extension 'colcon_meta'
[0.357s] [34mcolcon.colcon_core.package_identification[0m [1;30mLevel 1[0m _identify(run_log/2026-03-13-23-47-32-847804-ubuntu-3463) by extensions ['ros']
[0.357s] [34mcolcon.colcon_core.package_identification[0m [1;30mLevel 1[0m _identify(run_log/2026-03-13-23-47-32-847804-ubuntu-3463) by extension 'ros'
[0.357s] [34mcolcon.colcon_core.package_identification[0m [1;30mLevel 1[0m _identify(run_log/2026-03-13-23-47-32-847804-ubuntu-3463) by extensions ['cmake', 'python']
[0.357s] [34mcolcon.colcon_core.package_identification[0m [1;30mLevel 1[0m _identify(run_log/2026-03-13-23-47-32-847804-ubuntu-3463) by extension 'cmake'
[0.357s] [34mcolcon.colcon_core.package_identification[0m [1;30mLevel 1[0m _identify(run_log/2026-03-13-23-47-32-847804-ubuntu-3463) by extension 'python'
[0.357s] [34mcolcon.colcon_core.package_identification[0m [1;30mLevel 1[0m _identify(run_log/2026-03-13-23-47-32-847804-ubuntu-3463) by extensions ['python_setup_py']
[0.357s] [34mcolcon.colcon_core.package_identification[0m [1;30mLevel 1[0m _identify(run_log/2026-03-13-23-47-32-847804-ubuntu-3463) by extension 'python_setup_py'
[0.357s] [34mcolcon.colcon_core.package_identification[0m [1;30mLevel 1[0m _identify(run_log/2026-03-13-23-54-22-000400-ubuntu-4116) by extensions ['ignore', 'ignore_ament_install']
[0.357s] [34mcolcon.colcon_core.package_identification[0m [1;30mLevel 1[0m _identify(run_log/2026-03-13-23-54-22-000400-ubuntu-4116) by extension 'ignore'
[0.357s] [34mcolcon.colcon_core.package_identification[0m [1;30mLevel 1[0m _identify(run_log/2026-03-13-23-54-22-000400-ubuntu-4116) by extension 'ignore_ament_install'
[0.357s] [34mcolcon.colcon_core.package_identification[0m [1;30mLevel 1[0m _identify(run_log/2026-03-13-23-54-22-000400-ubuntu-4116) by extensions ['colcon_pkg']
[0.357s] [34mcolcon.colcon_core.package_identification[0m [1;30mLevel 1[0m _identify(run_log/2026-03-13-23-54-22-000400-ubuntu-4116) by extension 'colcon_pkg'
[0.357s] [34mcolcon.colcon_core.package_identification[0m [1;30mLevel 1[0m _identify(run_log/2026-03-13-23-54-22-000400-ubuntu-4116) by extensions ['colcon_meta']
[0.357s] [34mcolcon.colcon_core.package_identification[0m [1;30mLevel 1[0m _identify(run_log/2026-03-13-23-54-22-000400-ubuntu-4116) by extension 'colcon_meta'
[0.357s] [34mcolcon.colcon_core.package_identification[0m [1;30mLevel 1[0m _identify(run_log/2026-03-13-23-54-22-000400-ubuntu-4116) by extensions ['ros']
[0.357s] [34mcolcon.colcon_core.package_identification[0m [1;30mLevel 1[0m _identify(run_log/2026-03-13-23-54-22-000400-ubuntu-4116) by extension 'ros'
[0.357s] [34mcolcon.colcon_core.package_identification[0m [1;30mLevel 1[0m _identify(run_log/2026-03-13-23-54-22-000400-ubuntu-4116) by extensions ['cmake', 'python']
[0.357s] [34mcolcon.colcon_core.package_identification[0m [1;30mLevel 1[0m _identify(run_log/2026-03-13-23-54-22-000400-ubuntu-4116) by extension 'cmake'
[0.357s] [34mcolcon.colcon_core.package_identification[0m [1;30mLevel 1[0m _identify(run_log/2026-03-13-23-54-22-000400-ubuntu-4116) by extension 'python'
[0.357s] [34mcolcon.colcon_core.package_identification[0m [1;30mLevel 1[0m _identify(run_log/2026-03-13-23-54-22-000400-ubuntu-4116) by extensions ['python_setup_py']
[0.357s] [34mcolcon.colcon_core.package_identification[0m [1;30mLevel 1[0m _identify(run_log/2026-03-13-23-54-22-000400-ubuntu-4116) by extension 'python_setup_py'
[0.357s] [34mcolcon.colcon_core.package_identification[0m [1;30mLevel 1[0m _identify(run_log/2026-03-14-00-18-41-745359-ubuntu-5706) by extensions ['ignore', 'ignore_ament_install']
[0.357s] [34mcolcon.colcon_core.package_identification[0m [1;30mLevel 1[0m _identify(run_log/2026-03-14-00-18-41-745359-ubuntu-5706) by extension 'ignore'
[0.357s] [34mcolcon.colcon_core.package_identification[0m [1;30mLevel 1[0m _identify(run_log/2026-03-14-00-18-41-745359-ubuntu-5706) by extension 'ignore_ament_install'
[0.357s] [34mcolcon.colcon_core.package_identification[0m [1;30mLevel 1[0m _identify(run_log/2026-03-14-00-18-41-745359-ubuntu-5706) by extensions ['colcon_pkg']
[0.358s] [34mcolcon.colcon_core.package_identification[0m [1;30mLevel 1[0m _identify(run_log/2026-03-14-00-18-41-745359-ubuntu-5706) by extension 'colcon_pkg'
[0.358s] [34mcolcon.colcon_core.package_identification[0m [1;30mLevel 1[0m _identify(run_log/2026-03-14-00-18-41-745359-ubuntu-5706) by extensions ['colcon_meta']
[0.358s] [34mcolcon.colcon_core.package_identification[0m [1;30mLevel 1[0m _identify(run_log/2026-03-14-00-18-41-745359-ubuntu-5706) by extension 'colcon_meta'
[0.358s] [34mcolcon.colcon_core.package_identification[0m [1;30mLevel 1[0m _identify(run_log/2026-03-14-00-18-41-745359-ubuntu-5706) by extensions ['ros']
[0.358s] [34mcolcon.colcon_core.package_identification[0m [1;30mLevel 1[0m _identify(run_log/2026-03-14-00-18-41-745359-ubuntu-5706) by extension 'ros'
[0.358s] [34mcolcon.colcon_core.package_identification[0m [1;30mLevel 1[0m _identify(run_log/2026-03-14-00-18-41-745359-ubuntu-5706) by extensions ['cmake', 'python']
[0.358s] [34mcolcon.colcon_core.package_identification[0m [1;30mLevel 1[0m _identify(run_log/2026-03-14-00-18-41-745359-ubuntu-5706) by extension 'cmake'
[0.358s] [34mcolcon.colcon_core.package_identification[0m [1;30mLevel 1[0m _identify(run_log/2026-03-14-00-18-41-745359-ubuntu-5706) by extension 'python'
[0.358s] [34mcolcon.colcon_core.package_identification[0m [1;30mLevel 1[0m _identify(run_log/2026-03-14-00-18-41-745359-ubuntu-5706) by extensions ['python_setup_py']
[0.358s] [34mcolcon.colcon_core.package_identification[0m [1;30mLevel 1[0m _identify(run_log/2026-03-14-00-18-41-745359-ubuntu-5706) by extension 'python_setup_py'
[0.358s] [34mcolcon.colcon_core.package_identification[0m [1;30mLevel 1[0m _identify(run_log/2026-03-14-00-56-33-877379-ubuntu-7082) by extensions ['ignore', 'ignore_ament_install']
[0.358s] [34mcolcon.colcon_core.package_identification[0m [1;30mLevel 1[0m _identify(run_log/2026-03-14-00-56-33-877379-ubuntu-7082) by extension 'ignore'
[0.358s] [34mcolcon.colcon_core.package_identification[0m [1;30mLevel 1[0m _identify(run_log/2026-03-14-00-56-33-877379-ubuntu-7082) by extension 'ignore_ament_install'
[0.358s] [34mcolcon.colcon_core.package_identification[0m [1;30mLevel 1[0m _identify(run_log/2026-03-14-00-56-33-877379-ubuntu-7082) by extensions ['colcon_pkg']
[0.358s] [34mcolcon.colcon_core.package_identification[0m [1;30mLevel 1[0m _identify(run_log/2026-03-14-00-56-33-877379-ubuntu-7082) by extension 'colcon_pkg'
[0.358s] [34mcolcon.colcon_core.package_identification[0m [1;30mLevel 1[0m _identify(run_log/2026-03-14-00-56-33-877379-ubuntu-7082) by extensions ['colcon_meta']
[0.358s] [34mcolcon.colcon_core.package_identification[0m [1;30mLevel 1[0m _identify(run_log/2026-03-14-00-56-33-877379-ubuntu-7082) by extension 'colcon_meta'
[0.358s] [34mcolcon.colcon_core.package_identification[0m [1;30mLevel 1[0m _identify(run_log/2026-03-14-00-56-33-877379-ubuntu-7082) by extensions ['ros']
[0.358s] [34mcolcon.colcon_core.package_identification[0m [1;30mLevel 1[0m _identify(run_log/2026-03-14-00-56-33-877379-ubuntu-7082) by extension 'ros'
[0.358s] [34mcolcon.colcon_core.package_identification[0m [1;30mLevel 1[0m _identify(run_log/2026-03-14-00-56-33-877379-ubuntu-7082) by extensions ['cmake', 'python']
[0.358s] [34mcolcon.colcon_core.package_identification[0m [1;30mLevel 1[0m _identify(run_log/2026-03-14-00-56-33-877379-ubuntu-7082) by extension 'cmake'
[0.358s] [34mcolcon.colcon_core.package_identification[0m [1;30mLevel 1[0m _identify(run_log/2026-03-14-00-56-33-877379-ubuntu-7082) by extension 'python'
[0.358s] [34mcolcon.colcon_core.package_identification[0m [1;30mLevel 1[0m _identify(run_log/2026-03-14-00-56-33-877379-ubuntu-7082) by extensions ['python_setup_py']
[0.358s] [34mcolcon.colcon_core.package_identification[0m [1;30mLevel 1[0m _identify(run_log/2026-03-14-00-56-33-877379-ubuntu-7082) by extension 'python_setup_py'
[0.358s] [34mcolcon.colcon_core.package_identification[0m [1;30mLevel 1[0m _identify(run_log/2026-03-14-00-57-55-305672-ubuntu-7429) by extensions ['ignore', 'ignore_ament_install']
[0.358s] [34mcolcon.colcon_core.package_identification[0m [1;30mLevel 1[0m _identify(run_log/2026-03-14-00-57-55-305672-ubuntu-7429) by extension 'ignore'
[0.358s] [34mcolcon.colcon_core.package_identification[0m [1;30mLevel 1[0m _identify(run_log/2026-03-14-00-57-55-305672-ubuntu-7429) by extension 'ignore_ament_install'
[0.358s] [34mcolcon.colcon_core.package_identification[0m [1;30mLevel 1[0m _identify(run_log/2026-03-14-00-57-55-305672-ubuntu-7429) by extensions ['colcon_pkg']
[0.358s] [34mcolcon.colcon_core.package_identification[0m [1;30mLevel 1[0m _identify(run_log/2026-03-14-00-57-55-305672-ubuntu-7429) by extension 'colcon_pkg'
[0.358s] [34mcolcon.colcon_core.package_identification[0m [1;30mLevel 1[0m _identify(run_log/2026-03-14-00-57-55-305672-ubuntu-7429) by extensions ['colcon_meta']
[0.359s] [34mcolcon.colcon_core.package_identification[0m [1;30mLevel 1[0m _identify(run_log/2026-03-14-00-57-55-305672-ubuntu-7429) by extension 'colcon_meta'
[0.359s] [34mcolcon.colcon_core.package_identification[0m [1;30mLevel 1[0m _identify(run_log/2026-03-14-00-57-55-305672-ubuntu-7429) by extensions ['ros']
[0.359s] [34mcolcon.colcon_core.package_identification[0m [1;30mLevel 1[0m _identify(run_log/2026-03-14-00-57-55-305672-ubuntu-7429) by extension 'ros'
[0.359s] [34mcolcon.colcon_core.package_identification[0m [1;30mLevel 1[0m _identify(run_log/2026-03-14-00-57-55-305672-ubuntu-7429) by extensions ['cmake', 'python']
[0.359s] [34mcolcon.colcon_core.package_identification[0m [1;30mLevel 1[0m _identify(run_log/2026-03-14-00-57-55-305672-ubuntu-7429) by extension 'cmake'
[0.359s] [34mcolcon.colcon_core.package_identification[0m [1;30mLevel 1[0m _identify(run_log/2026-03-14-00-57-55-305672-ubuntu-7429) by extension 'python'
[0.359s] [34mcolcon.colcon_core.package_identification[0m [1;30mLevel 1[0m _identify(run_log/2026-03-14-00-57-55-305672-ubuntu-7429) by extensions ['python_setup_py']
[0.359s] [34mcolcon.colcon_core.package_identification[0m [1;30mLevel 1[0m _identify(run_log/2026-03-14-00-57-55-305672-ubuntu-7429) by extension 'python_setup_py'
[0.359s] [34mcolcon.colcon_core.package_identification[0m [1;30mLevel 1[0m _identify(run_log/2026-03-14-00-58-46-027399-ubuntu-7752) by extensions ['ignore', 'ignore_ament_install']
[0.359s] [34mcolcon.colcon_core.package_identification[0m [1;30mLevel 1[0m _identify(run_log/2026-03-14-00-58-46-027399-ubuntu-7752) by extension 'ignore'
[0.359s] [34mcolcon.colcon_core.package_identification[0m [1;30mLevel 1[0m _identify(run_log/2026-03-14-00-58-46-027399-ubuntu-7752) by extension 'ignore_ament_install'
[0.359s] [34mcolcon.colcon_core.package_identification[0m [1;30mLevel 1[0m _identify(run_log/2026-03-14-00-58-46-027399-ubuntu-7752) by extensions ['colcon_pkg']
[0.359s] [34mcolcon.colcon_core.package_identification[0m [1;30mLevel 1[0m _identify(run_log/2026-03-14-00-58-46-027399-ubuntu-7752) by extension 'colcon_pkg'
[0.359s] [34mcolcon.colcon_core.package_identification[0m [1;30mLevel 1[0m _identify(run_log/2026-03-14-00-58-46-027399-ubuntu-7752) by extensions ['colcon_meta']
[0.359s] [34mcolcon.colcon_core.package_identification[0m [1;30mLevel 1[0m _identify(run_log/2026-03-14-00-58-46-027399-ubuntu-7752) by extension 'colcon_meta'
[0.359s] [34mcolcon.colcon_core.package_identification[0m [1;30mLevel 1[0m _identify(run_log/2026-03-14-00-58-46-027399-ubuntu-7752) by extensions ['ros']
[0.359s] [34mcolcon.colcon_core.package_identification[0m [1;30mLevel 1[0m _identify(run_log/2026-03-14-00-58-46-027399-ubuntu-7752) by extension 'ros'
[0.359s] [34mcolcon.colcon_core.package_identification[0m [1;30mLevel 1[0m _identify(run_log/2026-03-14-00-58-46-027399-ubuntu-7752) by extensions ['cmake', 'python']
[0.359s] [34mcolcon.colcon_core.package_identification[0m [1;30mLevel 1[0m _identify(run_log/2026-03-14-00-58-46-027399-ubuntu-7752) by extension 'cmake'
[0.359s] [34mcolcon.colcon_core.package_identification[0m [1;30mLevel 1[0m _identify(run_log/2026-03-14-00-58-46-027399-ubuntu-7752) by extension 'python'
[0.359s] [34mcolcon.colcon_core.package_identification[0m [1;30mLevel 1[0m _identify(run_log/2026-03-14-00-58-46-027399-ubuntu-7752) by extensions ['python_setup_py']
[0.359s] [34mcolcon.colcon_core.package_identification[0m [1;30mLevel 1[0m _identify(run_log/2026-03-14-00-58-46-027399-ubuntu-7752) by extension 'python_setup_py'
[0.359s] [34mcolcon.colcon_core.package_identification[0m [1;30mLevel 1[0m _identify(run_log/2026-03-14-01-00-18-011248-ubuntu-8121) by extensions ['ignore', 'ignore_ament_install']
[0.359s] [34mcolcon.colcon_core.package_identification[0m [1;30mLevel 1[0m _identify(run_log/2026-03-14-01-00-18-011248-ubuntu-8121) by extension 'ignore'
[0.359s] [34mcolcon.colcon_core.package_identification[0m [1;30mLevel 1[0m _identify(run_log/2026-03-14-01-00-18-011248-ubuntu-8121) by extension 'ignore_ament_install'
[0.360s] [34mcolcon.colcon_core.package_identification[0m [1;30mLevel 1[0m _identify(run_log/2026-03-14-01-00-18-011248-ubuntu-8121) by extensions ['colcon_pkg']
[0.360s] [34mcolcon.colcon_core.package_identification[0m [1;30mLevel 1[0m _identify(run_log/2026-03-14-01-00-18-011248-ubuntu-8121) by extension 'colcon_pkg'
[0.360s] [34mcolcon.colcon_core.package_identification[0m [1;30mLevel 1[0m _identify(run_log/2026-03-14-01-00-18-011248-ubuntu-8121) by extensions ['colcon_meta']
[0.360s] [34mcolcon.colcon_core.package_identification[0m [1;30mLevel 1[0m _identify(run_log/2026-03-14-01-00-18-011248-ubuntu-8121) by extension 'colcon_meta'
[0.360s] [34mcolcon.colcon_core.package_identification[0m [1;30mLevel 1[0m _identify(run_log/2026-03-14-01-00-18-011248-ubuntu-8121) by extensions ['ros']
[0.360s] [34mcolcon.colcon_core.package_identification[0m [1;30mLevel 1[0m _identify(run_log/2026-03-14-01-00-18-011248-ubuntu-8121) by extension 'ros'
[0.360s] [34mcolcon.colcon_core.package_identification[0m [1;30mLevel 1[0m _identify(run_log/2026-03-14-01-00-18-011248-ubuntu-8121) by extensions ['cmake', 'python']
[0.360s] [34mcolcon.colcon_core.package_identification[0m [1;30mLevel 1[0m _identify(run_log/2026-03-14-01-00-18-011248-ubuntu-8121) by extension 'cmake'
[0.360s] [34mcolcon.colcon_core.package_identification[0m [1;30mLevel 1[0m _identify(run_log/2026-03-14-01-00-18-011248-ubuntu-8121) by extension 'python'
[0.360s] [34mcolcon.colcon_core.package_identification[0m [1;30mLevel 1[0m _identify(run_log/2026-03-14-01-00-18-011248-ubuntu-8121) by extensions ['python_setup_py']
[0.360s] [34mcolcon.colcon_core.package_identification[0m [1;30mLevel 1[0m _identify(run_log/2026-03-14-01-00-18-011248-ubuntu-8121) by extension 'python_setup_py'
[0.360s] [34mcolcon.colcon_core.package_identification[0m [1;30mLevel 1[0m _identify(run_log/2026-03-14-01-01-11-288256-ubuntu-8485) by extensions ['ignore', 'ignore_ament_install']
[0.360s] [34mcolcon.colcon_core.package_identification[0m [1;30mLevel 1[0m _identify(run_log/2026-03-14-01-01-11-288256-ubuntu-8485) by extension 'ignore'
[0.360s] [34mcolcon.colcon_core.package_identification[0m [1;30mLevel 1[0m _identify(run_log/2026-03-14-01-01-11-288256-ubuntu-8485) by extension 'ignore_ament_install'
[0.360s] [34mcolcon.colcon_core.package_identification[0m [1;30mLevel 1[0m _identify(run_log/2026-03-14-01-01-11-288256-ubuntu-8485) by extensions ['colcon_pkg']
[0.360s] [34mcolcon.colcon_core.package_identification[0m [1;30mLevel 1[0m _identify(run_log/2026-03-14-01-01-11-288256-ubuntu-8485) by extension 'colcon_pkg'
[0.360s] [34mcolcon.colcon_core.package_identification[0m [1;30mLevel 1[0m _identify(run_log/2026-03-14-01-01-11-288256-ubuntu-8485) by extensions ['colcon_meta']
[0.360s] [34mcolcon.colcon_core.package_identification[0m [1;30mLevel 1[0m _identify(run_log/2026-03-14-01-01-11-288256-ubuntu-8485) by extension 'colcon_meta'
[0.360s] [34mcolcon.colcon_core.package_identification[0m [1;30mLevel 1[0m _identify(run_log/2026-03-14-01-01-11-288256-ubuntu-8485) by extensions ['ros']
[0.360s] [34mcolcon.colcon_core.package_identification[0m [1;30mLevel 1[0m _identify(run_log/2026-03-14-01-01-11-288256-ubuntu-8485) by extension 'ros'
[0.360s] [34mcolcon.colcon_core.package_identification[0m [1;30mLevel 1[0m _identify(run_log/2026-03-14-01-01-11-288256-ubuntu-8485) by extensions ['cmake', 'python']
[0.360s] [34mcolcon.colcon_core.package_identification[0m [1;30mLevel 1[0m _identify(run_log/2026-03-14-01-01-11-288256-ubuntu-8485) by extension 'cmake'
[0.360s] [34mcolcon.colcon_core.package_identification[0m [1;30mLevel 1[0m _identify(run_log/2026-03-14-01-01-11-288256-ubuntu-8485) by extension 'python'
[0.360s] [34mcolcon.colcon_core.package_identification[0m [1;30mLevel 1[0m _identify(run_log/2026-03-14-01-01-11-288256-ubuntu-8485) by extensions ['python_setup_py']
[0.360s] [34mcolcon.colcon_core.package_identification[0m [1;30mLevel 1[0m _identify(run_log/2026-03-14-01-01-11-288256-ubuntu-8485) by extension 'python_setup_py'
[0.360s] [34mcolcon.colcon_core.package_identification[0m [1;30mLevel 1[0m _identify(run_log/2026-03-14-01-01-44-003122-ubuntu-8809) by extensions ['ignore', 'ignore_ament_install']
[0.360s] [34mcolcon.colcon_core.package_identification[0m [1;30mLevel 1[0m _identify(run_log/2026-03-14-01-01-44-003122-ubuntu-8809) by extension 'ignore'
[0.360s] [34mcolcon.colcon_core.package_identification[0m [1;30mLevel 1[0m _identify(run_log/2026-03-14-01-01-44-003122-ubuntu-8809) by extension 'ignore_ament_install'
[0.361s] [34mcolcon.colcon_core.package_identification[0m [1;30mLevel 1[0m _identify(run_log/2026-03-14-01-01-44-003122-ubuntu-8809) by extensions ['colcon_pkg']
[0.361s] [34mcolcon.colcon_core.package_identification[0m [1;30mLevel 1[0m _identify(run_log/2026-03-14-01-01-44-003122-ubuntu-8809) by extension 'colcon_pkg'
[0.361s] [34mcolcon.colcon_core.package_identification[0m [1;30mLevel 1[0m _identify(run_log/2026-03-14-01-01-44-003122-ubuntu-8809) by extensions ['colcon_meta']
[0.361s] [34mcolcon.colcon_core.package_identification[0m [1;30mLevel 1[0m _identify(run_log/2026-03-14-01-01-44-003122-ubuntu-8809) by extension 'colcon_meta'
[0.361s] [34mcolcon.colcon_core.package_identification[0m [1;30mLevel 1[0m _identify(run_log/2026-03-14-01-01-44-003122-ubuntu-8809) by extensions ['ros']
[0.361s] [34mcolcon.colcon_core.package_identification[0m [1;30mLevel 1[0m _identify(run_log/2026-03-14-01-01-44-003122-ubuntu-8809) by extension 'ros'
[0.361s] [34mcolcon.colcon_core.package_identification[0m [1;30mLevel 1[0m _identify(run_log/2026-03-14-01-01-44-003122-ubuntu-8809) by extensions ['cmake', 'python']
[0.361s] [34mcolcon.colcon_core.package_identification[0m [1;30mLevel 1[0m _identify(run_log/2026-03-14-01-01-44-003122-ubuntu-8809) by extension 'cmake'
[0.361s] [34mcolcon.colcon_core.package_identification[0m [1;30mLevel 1[0m _identify(run_log/2026-03-14-01-01-44-003122-ubuntu-8809) by extension 'python'
[0.361s] [34mcolcon.colcon_core.package_identification[0m [1;30mLevel 1[0m _identify(run_log/2026-03-14-01-01-44-003122-ubuntu-8809) by extensions ['python_setup_py']
[0.361s] [34mcolcon.colcon_core.package_identification[0m [1;30mLevel 1[0m _identify(run_log/2026-03-14-01-01-44-003122-ubuntu-8809) by extension 'python_setup_py'
[0.361s] [34mcolcon.colcon_core.package_identification[0m [1;30mLevel 1[0m _identify(run_log/2026-03-14-01-03-02-046523-ubuntu-9210) by extensions ['ignore', 'ignore_ament_install']
[0.361s] [34mcolcon.colcon_core.package_identification[0m [1;30mLevel 1[0m _identify(run_log/2026-03-14-01-03-02-046523-ubuntu-9210) by extension 'ignore'
[0.361s] [34mcolcon.colcon_core.package_identification[0m [1;30mLevel 1[0m _identify(run_log/2026-03-14-01-03-02-046523-ubuntu-9210) by extension 'ignore_ament_install'
[0.361s] [34mcolcon.colcon_core.package_identification[0m [1;30mLevel 1[0m _identify(run_log/2026-03-14-01-03-02-046523-ubuntu-9210) by extensions ['colcon_pkg']
[0.361s] [34mcolcon.colcon_core.package_identification[0m [1;30mLevel 1[0m _identify(run_log/2026-03-14-01-03-02-046523-ubuntu-9210) by extension 'colcon_pkg'
[0.361s] [34mcolcon.colcon_core.package_identification[0m [1;30mLevel 1[0m _identify(run_log/2026-03-14-01-03-02-046523-ubuntu-9210) by extensions ['colcon_meta']
[0.361s] [34mcolcon.colcon_core.package_identification[0m [1;30mLevel 1[0m _identify(run_log/2026-03-14-01-03-02-046523-ubuntu-9210) by extension 'colcon_meta'
[0.361s] [34mcolcon.colcon_core.package_identification[0m [1;30mLevel 1[0m _identify(run_log/2026-03-14-01-03-02-046523-ubuntu-9210) by extensions ['ros']
[0.361s] [34mcolcon.colcon_core.package_identification[0m [1;30mLevel 1[0m _identify(run_log/2026-03-14-01-03-02-046523-ubuntu-9210) by extension 'ros'
[0.361s] [34mcolcon.colcon_core.package_identification[0m [1;30mLevel 1[0m _identify(run_log/2026-03-14-01-03-02-046523-ubuntu-9210) by extensions ['cmake', 'python']
[0.361s] [34mcolcon.colcon_core.package_identification[0m [1;30mLevel 1[0m _identify(run_log/2026-03-14-01-03-02-046523-ubuntu-9210) by extension 'cmake'
[0.361s] [34mcolcon.colcon_core.package_identification[0m [1;30mLevel 1[0m _identify(run_log/2026-03-14-01-03-02-046523-ubuntu-9210) by extension 'python'
[0.361s] [34mcolcon.colcon_core.package_identification[0m [1;30mLevel 1[0m _identify(run_log/2026-03-14-01-03-02-046523-ubuntu-9210) by extensions ['python_setup_py']
[0.361s] [34mcolcon.colcon_core.package_identification[0m [1;30mLevel 1[0m _identify(run_log/2026-03-14-01-03-02-046523-ubuntu-9210) by extension 'python_setup_py'
[0.361s] [34mcolcon.colcon_core.package_identification[0m [1;30mLevel 1[0m _identify(run_log/2026-03-14-01-06-57-127652-ubuntu-9722) by extensions ['ignore', 'ignore_ament_install']
[0.361s] [34mcolcon.colcon_core.package_identification[0m [1;30mLevel 1[0m _identify(run_log/2026-03-14-01-06-57-127652-ubuntu-9722) by extension 'ignore'
[0.361s] [34mcolcon.colcon_core.package_identification[0m [1;30mLevel 1[0m _identify(run_log/2026-03-14-01-06-57-127652-ubuntu-9722) by extension 'ignore_ament_install'
[0.361s] [34mcolcon.colcon_core.package_identification[0m [1;30mLevel 1[0m _identify(run_log/2026-03-14-01-06-57-127652-ubuntu-9722) by extensions ['colcon_pkg']
[0.362s] [34mcolcon.colcon_core.package_identification[0m [1;30mLevel 1[0m _identify(run_log/2026-03-14-01-06-57-127652-ubuntu-9722) by extension 'colcon_pkg'
[0.362s] [34mcolcon.colcon_core.package_identification[0m [1;30mLevel 1[0m _identify(run_log/2026-03-14-01-06-57-127652-ubuntu-9722) by extensions ['colcon_meta']
[0.362s] [34mcolcon.colcon_core.package_identification[0m [1;30mLevel 1[0m _identify(run_log/2026-03-14-01-06-57-127652-ubuntu-9722) by extension 'colcon_meta'
[0.362s] [34mcolcon.colcon_core.package_identification[0m [1;30mLevel 1[0m _identify(run_log/2026-03-14-01-06-57-127652-ubuntu-9722) by extensions ['ros']
[0.362s] [34mcolcon.colcon_core.package_identification[0m [1;30mLevel 1[0m _identify(run_log/2026-03-14-01-06-57-127652-ubuntu-9722) by extension 'ros'
[0.362s] [34mcolcon.colcon_core.package_identification[0m [1;30mLevel 1[0m _identify(run_log/2026-03-14-01-06-57-127652-ubuntu-9722) by extensions ['cmake', 'python']
[0.362s] [34mcolcon.colcon_core.package_identification[0m [1;30mLevel 1[0m _identify(run_log/2026-03-14-01-06-57-127652-ubuntu-9722) by extension 'cmake'
[0.362s] [34mcolcon.colcon_core.package_identification[0m [1;30mLevel 1[0m _identify(run_log/2026-03-14-01-06-57-127652-ubuntu-9722) by extension 'python'
[0.362s] [34mcolcon.colcon_core.package_identification[0m [1;30mLevel 1[0m _identify(run_log/2026-03-14-01-06-57-127652-ubuntu-9722) by extensions ['python_setup_py']
[0.362s] [34mcolcon.colcon_core.package_identification[0m [1;30mLevel 1[0m _identify(run_log/2026-03-14-01-06-57-127652-ubuntu-9722) by extension 'python_setup_py'
[0.362s] [34mcolcon.colcon_core.package_identification[0m [1;30mLevel 1[0m _identify(run_log/2026-03-14-01-07-12-515855-ubuntu-10021) by extensions ['ignore', 'ignore_ament_install']
[0.362s] [34mcolcon.colcon_core.package_identification[0m [1;30mLevel 1[0m _identify(run_log/2026-03-14-01-07-12-515855-ubuntu-10021) by extension 'ignore'
[0.362s] [34mcolcon.colcon_core.package_identification[0m [1;30mLevel 1[0m _identify(run_log/2026-03-14-01-07-12-515855-ubuntu-10021) by extension 'ignore_ament_install'
[0.362s] [34mcolcon.colcon_core.package_identification[0m [1;30mLevel 1[0m _identify(run_log/2026-03-14-01-07-12-515855-ubuntu-10021) by extensions ['colcon_pkg']
[0.362s] [34mcolcon.colcon_core.package_identification[0m [1;30mLevel 1[0m _identify(run_log/2026-03-14-01-07-12-515855-ubuntu-10021) by extension 'colcon_pkg'
[0.362s] [34mcolcon.colcon_core.package_identification[0m [1;30mLevel 1[0m _identify(run_log/2026-03-14-01-07-12-515855-ubuntu-10021) by extensions ['colcon_meta']
[0.362s] [34mcolcon.colcon_core.package_identification[0m [1;30mLevel 1[0m _identify(run_log/2026-03-14-01-07-12-515855-ubuntu-10021) by extension 'colcon_meta'
[0.362s] [34mcolcon.colcon_core.package_identification[0m [1;30mLevel 1[0m _identify(run_log/2026-03-14-01-07-12-515855-ubuntu-10021) by extensions ['ros']
[0.362s] [34mcolcon.colcon_core.package_identification[0m [1;30mLevel 1[0m _identify(run_log/2026-03-14-01-07-12-515855-ubuntu-10021) by extension 'ros'
[0.362s] [34mcolcon.colcon_core.package_identification[0m [1;30mLevel 1[0m _identify(run_log/2026-03-14-01-07-12-515855-ubuntu-10021) by extensions ['cmake', 'python']
[0.362s] [34mcolcon.colcon_core.package_identification[0m [1;30mLevel 1[0m _identify(run_log/2026-03-14-01-07-12-515855-ubuntu-10021) by extension 'cmake'
[0.362s] [34mcolcon.colcon_core.package_identification[0m [1;30mLevel 1[0m _identify(run_log/2026-03-14-01-07-12-515855-ubuntu-10021) by extension 'python'
[0.362s] [34mcolcon.colcon_core.package_identification[0m [1;30mLevel 1[0m _identify(run_log/2026-03-14-01-07-12-515855-ubuntu-10021) by extensions ['python_setup_py']
[0.362s] [34mcolcon.colcon_core.package_identification[0m [1;30mLevel 1[0m _identify(run_log/2026-03-14-01-07-12-515855-ubuntu-10021) by extension 'python_setup_py'
[0.362s] [34mcolcon.colcon_core.package_identification[0m [1;30mLevel 1[0m _identify(run_log/2026-03-14-01-11-26-093395-ubuntu-10682) by extensions ['ignore', 'ignore_ament_install']
[0.362s] [34mcolcon.colcon_core.package_identification[0m [1;30mLevel 1[0m _identify(run_log/2026-03-14-01-11-26-093395-ubuntu-10682) by extension 'ignore'
[0.362s] [34mcolcon.colcon_core.package_identification[0m [1;30mLevel 1[0m _identify(run_log/2026-03-14-01-11-26-093395-ubuntu-10682) by extension 'ignore_ament_install'
[0.362s] [34mcolcon.colcon_core.package_identification[0m [1;30mLevel 1[0m _identify(run_log/2026-03-14-01-11-26-093395-ubuntu-10682) by extensions ['colcon_pkg']
[0.362s] [34mcolcon.colcon_core.package_identification[0m [1;30mLevel 1[0m _identify(run_log/2026-03-14-01-11-26-093395-ubuntu-10682) by extension 'colcon_pkg'
[0.363s] [34mcolcon.colcon_core.package_identification[0m [1;30mLevel 1[0m _identify(run_log/2026-03-14-01-11-26-093395-ubuntu-10682) by extensions ['colcon_meta']
[0.363s] [34mcolcon.colcon_core.package_identification[0m [1;30mLevel 1[0m _identify(run_log/2026-03-14-01-11-26-093395-ubuntu-10682) by extension 'colcon_meta'
[0.363s] [34mcolcon.colcon_core.package_identification[0m [1;30mLevel 1[0m _identify(run_log/2026-03-14-01-11-26-093395-ubuntu-10682) by extensions ['ros']
[0.363s] [34mcolcon.colcon_core.package_identification[0m [1;30mLevel 1[0m _identify(run_log/2026-03-14-01-11-26-093395-ubuntu-10682) by extension 'ros'
[0.363s] [34mcolcon.colcon_core.package_identification[0m [1;30mLevel 1[0m _identify(run_log/2026-03-14-01-11-26-093395-ubuntu-10682) by extensions ['cmake', 'python']
[0.363s] [34mcolcon.colcon_core.package_identification[0m [1;30mLevel 1[0m _identify(run_log/2026-03-14-01-11-26-093395-ubuntu-10682) by extension 'cmake'
[0.363s] [34mcolcon.colcon_core.package_identification[0m [1;30mLevel 1[0m _identify(run_log/2026-03-14-01-11-26-093395-ubuntu-10682) by extension 'python'
[0.363s] [34mcolcon.colcon_core.package_identification[0m [1;30mLevel 1[0m _identify(run_log/2026-03-14-01-11-26-093395-ubuntu-10682) by extensions ['python_setup_py']
[0.363s] [34mcolcon.colcon_core.package_identification[0m [1;30mLevel 1[0m _identify(run_log/2026-03-14-01-11-26-093395-ubuntu-10682) by extension 'python_setup_py'
[0.363s] [34mcolcon.colcon_core.package_identification[0m [1;30mLevel 1[0m _identify(run_log/2026-03-14-01-12-50-818415-ubuntu-11153) by extensions ['ignore', 'ignore_ament_install']
[0.363s] [34mcolcon.colcon_core.package_identification[0m [1;30mLevel 1[0m _identify(run_log/2026-03-14-01-12-50-818415-ubuntu-11153) by extension 'ignore'
[0.363s] [34mcolcon.colcon_core.package_identification[0m [1;30mLevel 1[0m _identify(run_log/2026-03-14-01-12-50-818415-ubuntu-11153) by extension 'ignore_ament_install'
[0.363s] [34mcolcon.colcon_core.package_identification[0m [1;30mLevel 1[0m _identify(run_log/2026-03-14-01-12-50-818415-ubuntu-11153) by extensions ['colcon_pkg']
[0.363s] [34mcolcon.colcon_core.package_identification[0m [1;30mLevel 1[0m _identify(run_log/2026-03-14-01-12-50-818415-ubuntu-11153) by extension 'colcon_pkg'
[0.363s] [34mcolcon.colcon_core.package_identification[0m [1;30mLevel 1[0m _identify(run_log/2026-03-14-01-12-50-818415-ubuntu-11153) by extensions ['colcon_meta']
[0.363s] [34mcolcon.colcon_core.package_identification[0m [1;30mLevel 1[0m _identify(run_log/2026-03-14-01-12-50-818415-ubuntu-11153) by extension 'colcon_meta'
[0.363s] [34mcolcon.colcon_core.package_identification[0m [1;30mLevel 1[0m _identify(run_log/2026-03-14-01-12-50-818415-ubuntu-11153) by extensions ['ros']
[0.363s] [34mcolcon.colcon_core.package_identification[0m [1;30mLevel 1[0m _identify(run_log/2026-03-14-01-12-50-818415-ubuntu-11153) by extension 'ros'
[0.363s] [34mcolcon.colcon_core.package_identification[0m [1;30mLevel 1[0m _identify(run_log/2026-03-14-01-12-50-818415-ubuntu-11153) by extensions ['cmake', 'python']
[0.363s] [34mcolcon.colcon_core.package_identification[0m [1;30mLevel 1[0m _identify(run_log/2026-03-14-01-12-50-818415-ubuntu-11153) by extension 'cmake'
[0.363s] [34mcolcon.colcon_core.package_identification[0m [1;30mLevel 1[0m _identify(run_log/2026-03-14-01-12-50-818415-ubuntu-11153) by extension 'python'
[0.363s] [34mcolcon.colcon_core.package_identification[0m [1;30mLevel 1[0m _identify(run_log/2026-03-14-01-12-50-818415-ubuntu-11153) by extensions ['python_setup_py']
[0.363s] [34mcolcon.colcon_core.package_identification[0m [1;30mLevel 1[0m _identify(run_log/2026-03-14-01-12-50-818415-ubuntu-11153) by extension 'python_setup_py'
[0.363s] [34mcolcon.colcon_core.package_identification[0m [1;30mLevel 1[0m _identify(run_log/2026-03-14-01-13-30-213034-ubuntu-11524) by extensions ['ignore', 'ignore_ament_install']
[0.364s] [34mcolcon.colcon_core.package_identification[0m [1;30mLevel 1[0m _identify(run_log/2026-03-14-01-13-30-213034-ubuntu-11524) by extension 'ignore'
[0.364s] [34mcolcon.colcon_core.package_identification[0m [1;30mLevel 1[0m _identify(run_log/2026-03-14-01-13-30-213034-ubuntu-11524) by extension 'ignore_ament_install'
[0.364s] [34mcolcon.colcon_core.package_identification[0m [1;30mLevel 1[0m _identify(run_log/2026-03-14-01-13-30-213034-ubuntu-11524) by extensions ['colcon_pkg']
[0.364s] [34mcolcon.colcon_core.package_identification[0m [1;30mLevel 1[0m _identify(run_log/2026-03-14-01-13-30-213034-ubuntu-11524) by extension 'colcon_pkg'
[0.364s] [34mcolcon.colcon_core.package_identification[0m [1;30mLevel 1[0m _identify(run_log/2026-03-14-01-13-30-213034-ubuntu-11524) by extensions ['colcon_meta']
[0.364s] [34mcolcon.colcon_core.package_identification[0m [1;30mLevel 1[0m _identify(run_log/2026-03-14-01-13-30-213034-ubuntu-11524) by extension 'colcon_meta'
[0.364s] [34mcolcon.colcon_core.package_identification[0m [1;30mLevel 1[0m _identify(run_log/2026-03-14-01-13-30-213034-ubuntu-11524) by extensions ['ros']
[0.364s] [34mcolcon.colcon_core.package_identification[0m [1;30mLevel 1[0m _identify(run_log/2026-03-14-01-13-30-213034-ubuntu-11524) by extension 'ros'
[0.364s] [34mcolcon.colcon_core.package_identification[0m [1;30mLevel 1[0m _identify(run_log/2026-03-14-01-13-30-213034-ubuntu-11524) by extensions ['cmake', 'python']
[0.364s] [34mcolcon.colcon_core.package_identification[0m [1;30mLevel 1[0m _identify(run_log/2026-03-14-01-13-30-213034-ubuntu-11524) by extension 'cmake'
[0.364s] [34mcolcon.colcon_core.package_identification[0m [1;30mLevel 1[0m _identify(run_log/2026-03-14-01-13-30-213034-ubuntu-11524) by extension 'python'
[0.364s] [34mcolcon.colcon_core.package_identification[0m [1;30mLevel 1[0m _identify(run_log/2026-03-14-01-13-30-213034-ubuntu-11524) by extensions ['python_setup_py']
[0.364s] [34mcolcon.colcon_core.package_identification[0m [1;30mLevel 1[0m _identify(run_log/2026-03-14-01-13-30-213034-ubuntu-11524) by extension 'python_setup_py'
[0.364s] [34mcolcon.colcon_core.package_identification[0m [1;30mLevel 1[0m _identify(run_log/2026-03-14-01-15-58-509978-ubuntu-11999) by extensions ['ignore', 'ignore_ament_install']
[0.364s] [34mcolcon.colcon_core.package_identification[0m [1;30mLevel 1[0m _identify(run_log/2026-03-14-01-15-58-509978-ubuntu-11999) by extension 'ignore'
[0.364s] [34mcolcon.colcon_core.package_identification[0m [1;30mLevel 1[0m _identify(run_log/2026-03-14-01-15-58-509978-ubuntu-11999) by extension 'ignore_ament_install'
[0.364s] [34mcolcon.colcon_core.package_identification[0m [1;30mLevel 1[0m _identify(run_log/2026-03-14-01-15-58-509978-ubuntu-11999) by extensions ['colcon_pkg']
[0.364s] [34mcolcon.colcon_core.package_identification[0m [1;30mLevel 1[0m _identify(run_log/2026-03-14-01-15-58-509978-ubuntu-11999) by extension 'colcon_pkg'
[0.364s] [34mcolcon.colcon_core.package_identification[0m [1;30mLevel 1[0m _identify(run_log/2026-03-14-01-15-58-509978-ubuntu-11999) by extensions ['colcon_meta']
[0.364s] [34mcolcon.colcon_core.package_identification[0m [1;30mLevel 1[0m _identify(run_log/2026-03-14-01-15-58-509978-ubuntu-11999) by extension 'colcon_meta'
[0.364s] [34mcolcon.colcon_core.package_identification[0m [1;30mLevel 1[0m _identify(run_log/2026-03-14-01-15-58-509978-ubuntu-11999) by extensions ['ros']
[0.364s] [34mcolcon.colcon_core.package_identification[0m [1;30mLevel 1[0m _identify(run_log/2026-03-14-01-15-58-509978-ubuntu-11999) by extension 'ros'
[0.364s] [34mcolcon.colcon_core.package_identification[0m [1;30mLevel 1[0m _identify(run_log/2026-03-14-01-15-58-509978-ubuntu-11999) by extensions ['cmake', 'python']
[0.364s] [34mcolcon.colcon_core.package_identification[0m [1;30mLevel 1[0m _identify(run_log/2026-03-14-01-15-58-509978-ubuntu-11999) by extension 'cmake'
[0.364s] [34mcolcon.colcon_core.package_identification[0m [1;30mLevel 1[0m _identify(run_log/2026-03-14-01-15-58-509978-ubuntu-11999) by extension 'python'
[0.365s] [34mcolcon.colcon_core.package_identification[0m [1;30mLevel 1[0m _identify(run_log/2026-03-14-01-15-58-509978-ubuntu-11999) by extensions ['python_setup_py']
[0.365s] [34mcolcon.colcon_core.package_identification[0m [1;30mLevel 1[0m _identify(run_log/2026-03-14-01-15-58-509978-ubuntu-11999) by extension 'python_setup_py'
[0.365s] [34mcolcon.colcon_core.package_identification[0m [1;30mLevel 1[0m _identify(run_log/2026-03-14-01-17-14-428147-ubuntu-12431) by extensions ['ignore', 'ignore_ament_install']
[0.365s] [34mcolcon.colcon_core.package_identification[0m [1;30mLevel 1[0m _identify(run_log/2026-03-14-01-17-14-428147-ubuntu-12431) by extension 'ignore'
[0.365s] [34mcolcon.colcon_core.package_identification[0m [1;30mLevel 1[0m _identify(run_log/2026-03-14-01-17-14-428147-ubuntu-12431) by extension 'ignore_ament_install'
[0.365s] [34mcolcon.colcon_core.package_identification[0m [1;30mLevel 1[0m _identify(run_log/2026-03-14-01-17-14-428147-ubuntu-12431) by extensions ['colcon_pkg']
[0.365s] [34mcolcon.colcon_core.package_identification[0m [1;30mLevel 1[0m _identify(run_log/2026-03-14-01-17-14-428147-ubuntu-12431) by extension 'colcon_pkg'
[0.365s] [34mcolcon.colcon_core.package_identification[0m [1;30mLevel 1[0m _identify(run_log/2026-03-14-01-17-14-428147-ubuntu-12431) by extensions ['colcon_meta']
[0.365s] [34mcolcon.colcon_core.package_identification[0m [1;30mLevel 1[0m _identify(run_log/2026-03-14-01-17-14-428147-ubuntu-12431) by extension 'colcon_meta'
[0.365s] [34mcolcon.colcon_core.package_identification[0m [1;30mLevel 1[0m _identify(run_log/2026-03-14-01-17-14-428147-ubuntu-12431) by extensions ['ros']
[0.365s] [34mcolcon.colcon_core.package_identification[0m [1;30mLevel 1[0m _identify(run_log/2026-03-14-01-17-14-428147-ubuntu-12431) by extension 'ros'
[0.365s] [34mcolcon.colcon_core.package_identification[0m [1;30mLevel 1[0m _identify(run_log/2026-03-14-01-17-14-428147-ubuntu-12431) by extensions ['cmake', 'python']
[0.365s] [34mcolcon.colcon_core.package_identification[0m [1;30mLevel 1[0m _identify(run_log/2026-03-14-01-17-14-428147-ubuntu-12431) by extension 'cmake'
[0.365s] [34mcolcon.colcon_core.package_identification[0m [1;30mLevel 1[0m _identify(run_log/2026-03-14-01-17-14-428147-ubuntu-12431) by extension 'python'
[0.365s] [34mcolcon.colcon_core.package_identification[0m [1;30mLevel 1[0m _identify(run_log/2026-03-14-01-17-14-428147-ubuntu-12431) by extensions ['python_setup_py']
[0.365s] [34mcolcon.colcon_core.package_identification[0m [1;30mLevel 1[0m _identify(run_log/2026-03-14-01-17-14-428147-ubuntu-12431) by extension 'python_setup_py'
[0.365s] [34mcolcon.colcon_core.package_identification[0m [1;30mLevel 1[0m _identify(run_log/2026-03-14-01-19-41-125768-ubuntu-12869) by extensions ['ignore', 'ignore_ament_install']
[0.365s] [34mcolcon.colcon_core.package_identification[0m [1;30mLevel 1[0m _identify(run_log/2026-03-14-01-19-41-125768-ubuntu-12869) by extension 'ignore'
[0.365s] [34mcolcon.colcon_core.package_identification[0m [1;30mLevel 1[0m _identify(run_log/2026-03-14-01-19-41-125768-ubuntu-12869) by extension 'ignore_ament_install'
[0.365s] [34mcolcon.colcon_core.package_identification[0m [1;30mLevel 1[0m _identify(run_log/2026-03-14-01-19-41-125768-ubuntu-12869) by extensions ['colcon_pkg']
[0.365s] [34mcolcon.colcon_core.package_identification[0m [1;30mLevel 1[0m _identify(run_log/2026-03-14-01-19-41-125768-ubuntu-12869) by extension 'colcon_pkg'
[0.365s] [34mcolcon.colcon_core.package_identification[0m [1;30mLevel 1[0m _identify(run_log/2026-03-14-01-19-41-125768-ubuntu-12869) by extensions ['colcon_meta']
[0.365s] [34mcolcon.colcon_core.package_identification[0m [1;30mLevel 1[0m _identify(run_log/2026-03-14-01-19-41-125768-ubuntu-12869) by extension 'colcon_meta'
[0.365s] [34mcolcon.colcon_core.package_identification[0m [1;30mLevel 1[0m _identify(run_log/2026-03-14-01-19-41-125768-ubuntu-12869) by extensions ['ros']
[0.365s] [34mcolcon.colcon_core.package_identification[0m [1;30mLevel 1[0m _identify(run_log/2026-03-14-01-19-41-125768-ubuntu-12869) by extension 'ros'
[0.365s] [34mcolcon.colcon_core.package_identification[0m [1;30mLevel 1[0m _identify(run_log/2026-03-14-01-19-41-125768-ubuntu-12869) by extensions ['cmake', 'python']
[0.365s] [34mcolcon.colcon_core.package_identification[0m [1;30mLevel 1[0m _identify(run_log/2026-03-14-01-19-41-125768-ubuntu-12869) by extension 'cmake'
[0.365s] [34mcolcon.colcon_core.package_identification[0m [1;30mLevel 1[0m _identify(run_log/2026-03-14-01-19-41-125768-ubuntu-12869) by extension 'python'
[0.366s] [34mcolcon.colcon_core.package_identification[0m [1;30mLevel 1[0m _identify(run_log/2026-03-14-01-19-41-125768-ubuntu-12869) by extensions ['python_setup_py']
[0.366s] [34mcolcon.colcon_core.package_identification[0m [1;30mLevel 1[0m _identify(run_log/2026-03-14-01-19-41-125768-ubuntu-12869) by extension 'python_setup_py'
[0.366s] [34mcolcon.colcon_core.package_identification[0m [1;30mLevel 1[0m _identify(run_log/2026-03-14-01-32-48-531978-ubuntu-13486) by extensions ['ignore', 'ignore_ament_install']
[0.366s] [34mcolcon.colcon_core.package_identification[0m [1;30mLevel 1[0m _identify(run_log/2026-03-14-01-32-48-531978-ubuntu-13486) by extension 'ignore'
[0.366s] [34mcolcon.colcon_core.package_identification[0m [1;30mLevel 1[0m _identify(run_log/2026-03-14-01-32-48-531978-ubuntu-13486) by extension 'ignore_ament_install'
[0.366s] [34mcolcon.colcon_core.package_identification[0m [1;30mLevel 1[0m _identify(run_log/2026-03-14-01-32-48-531978-ubuntu-13486) by extensions ['colcon_pkg']
[0.366s] [34mcolcon.colcon_core.package_identification[0m [1;30mLevel 1[0m _identify(run_log/2026-03-14-01-32-48-531978-ubuntu-13486) by extension 'colcon_pkg'
[0.366s] [34mcolcon.colcon_core.package_identification[0m [1;30mLevel 1[0m _identify(run_log/2026-03-14-01-32-48-531978-ubuntu-13486) by extensions ['colcon_meta']
[0.366s] [34mcolcon.colcon_core.package_identification[0m [1;30mLevel 1[0m _identify(run_log/2026-03-14-01-32-48-531978-ubuntu-13486) by extension 'colcon_meta'
[0.366s] [34mcolcon.colcon_core.package_identification[0m [1;30mLevel 1[0m _identify(run_log/2026-03-14-01-32-48-531978-ubuntu-13486) by extensions ['ros']
[0.366s] [34mcolcon.colcon_core.package_identification[0m [1;30mLevel 1[0m _identify(run_log/2026-03-14-01-32-48-531978-ubuntu-13486) by extension 'ros'
[0.366s] [34mcolcon.colcon_core.package_identification[0m [1;30mLevel 1[0m _identify(run_log/2026-03-14-01-32-48-531978-ubuntu-13486) by extensions ['cmake', 'python']
[0.366s] [34mcolcon.colcon_core.package_identification[0m [1;30mLevel 1[0m _identify(run_log/2026-03-14-01-32-48-531978-ubuntu-13486) by extension 'cmake'
[0.366s] [34mcolcon.colcon_core.package_identification[0m [1;30mLevel 1[0m _identify(run_log/2026-03-14-01-32-48-531978-ubuntu-13486) by extension 'python'
[0.366s] [34mcolcon.colcon_core.package_identification[0m [1;30mLevel 1[0m _identify(run_log/2026-03-14-01-32-48-531978-ubuntu-13486) by extensions ['python_setup_py']
[0.366s] [34mcolcon.colcon_core.package_identification[0m [1;30mLevel 1[0m _identify(run_log/2026-03-14-01-32-48-531978-ubuntu-13486) by extension 'python_setup_py'
[0.366s] [34mcolcon.colcon_core.package_identification[0m [1;30mLevel 1[0m _identify(run_log/2026-03-14-01-38-30-434017-ubuntu-14231) by extensions ['ignore', 'ignore_ament_install']
[0.366s] [34mcolcon.colcon_core.package_identification[0m [1;30mLevel 1[0m _identify(run_log/2026-03-14-01-38-30-434017-ubuntu-14231) by extension 'ignore'
[0.366s] [34mcolcon.colcon_core.package_identification[0m [1;30mLevel 1[0m _identify(run_log/2026-03-14-01-38-30-434017-ubuntu-14231) by extension 'ignore_ament_install'
[0.366s] [34mcolcon.colcon_core.package_identification[0m [1;30mLevel 1[0m _identify(run_log/2026-03-14-01-38-30-434017-ubuntu-14231) by extensions ['colcon_pkg']
[0.366s] [34mcolcon.colcon_core.package_identification[0m [1;30mLevel 1[0m _identify(run_log/2026-03-14-01-38-30-434017-ubuntu-14231) by extension 'colcon_pkg'
[0.366s] [34mcolcon.colcon_core.package_identification[0m [1;30mLevel 1[0m _identify(run_log/2026-03-14-01-38-30-434017-ubuntu-14231) by extensions ['colcon_meta']
[0.366s] [34mcolcon.colcon_core.package_identification[0m [1;30mLevel 1[0m _identify(run_log/2026-03-14-01-38-30-434017-ubuntu-14231) by extension 'colcon_meta'
[0.366s] [34mcolcon.colcon_core.package_identification[0m [1;30mLevel 1[0m _identify(run_log/2026-03-14-01-38-30-434017-ubuntu-14231) by extensions ['ros']
[0.366s] [34mcolcon.colcon_core.package_identification[0m [1;30mLevel 1[0m _identify(run_log/2026-03-14-01-38-30-434017-ubuntu-14231) by extension 'ros'
[0.367s] [34mcolcon.colcon_core.package_identification[0m [1;30mLevel 1[0m _identify(run_log/2026-03-14-01-38-30-434017-ubuntu-14231) by extensions ['cmake', 'python']
[0.367s] [34mcolcon.colcon_core.package_identification[0m [1;30mLevel 1[0m _identify(run_log/2026-03-14-01-38-30-434017-ubuntu-14231) by extension 'cmake'
[0.367s] [34mcolcon.colcon_core.package_identification[0m [1;30mLevel 1[0m _identify(run_log/2026-03-14-01-38-30-434017-ubuntu-14231) by extension 'python'
[0.367s] [34mcolcon.colcon_core.package_identification[0m [1;30mLevel 1[0m _identify(run_log/2026-03-14-01-38-30-434017-ubuntu-14231) by extensions ['python_setup_py']
[0.367s] [34mcolcon.colcon_core.package_identification[0m [1;30mLevel 1[0m _identify(run_log/2026-03-14-01-38-30-434017-ubuntu-14231) by extension 'python_setup_py'
[0.367s] [34mcolcon.colcon_core.package_identification[0m [1;30mLevel 1[0m _identify(run_log/2026-03-14-01-39-45-406421-ubuntu-14660) by extensions ['ignore', 'ignore_ament_install']
[0.367s] [34mcolcon.colcon_core.package_identification[0m [1;30mLevel 1[0m _identify(run_log/2026-03-14-01-39-45-406421-ubuntu-14660) by extension 'ignore'
[0.367s] [34mcolcon.colcon_core.package_identification[0m [1;30mLevel 1[0m _identify(run_log/2026-03-14-01-39-45-406421-ubuntu-14660) by extension 'ignore_ament_install'
[0.367s] [34mcolcon.colcon_core.package_identification[0m [1;30mLevel 1[0m _identify(run_log/2026-03-14-01-39-45-406421-ubuntu-14660) by extensions ['colcon_pkg']
[0.367s] [34mcolcon.colcon_core.package_identification[0m [1;30mLevel 1[0m _identify(run_log/2026-03-14-01-39-45-406421-ubuntu-14660) by extension 'colcon_pkg'
[0.367s] [34mcolcon.colcon_core.package_identification[0m [1;30mLevel 1[0m _identify(run_log/2026-03-14-01-39-45-406421-ubuntu-14660) by extensions ['colcon_meta']
[0.367s] [34mcolcon.colcon_core.package_identification[0m [1;30mLevel 1[0m _identify(run_log/2026-03-14-01-39-45-406421-ubuntu-14660) by extension 'colcon_meta'
[0.367s] [34mcolcon.colcon_core.package_identification[0m [1;30mLevel 1[0m _identify(run_log/2026-03-14-01-39-45-406421-ubuntu-14660) by extensions ['ros']
[0.367s] [34mcolcon.colcon_core.package_identification[0m [1;30mLevel 1[0m _identify(run_log/2026-03-14-01-39-45-406421-ubuntu-14660) by extension 'ros'
[0.367s] [34mcolcon.colcon_core.package_identification[0m [1;30mLevel 1[0m _identify(run_log/2026-03-14-01-39-45-406421-ubuntu-14660) by extensions ['cmake', 'python']
[0.367s] [34mcolcon.colcon_core.package_identification[0m [1;30mLevel 1[0m _identify(run_log/2026-03-14-01-39-45-406421-ubuntu-14660) by extension 'cmake'
[0.367s] [34mcolcon.colcon_core.package_identification[0m [1;30mLevel 1[0m _identify(run_log/2026-03-14-01-39-45-406421-ubuntu-14660) by extension 'python'
[0.367s] [34mcolcon.colcon_core.package_identification[0m [1;30mLevel 1[0m _identify(run_log/2026-03-14-01-39-45-406421-ubuntu-14660) by extensions ['python_setup_py']
[0.367s] [34mcolcon.colcon_core.package_identification[0m [1;30mLevel 1[0m _identify(run_log/2026-03-14-01-39-45-406421-ubuntu-14660) by extension 'python_setup_py'
[0.367s] [34mcolcon.colcon_core.package_identification[0m [1;30mLevel 1[0m _identify(run_log/2026-03-14-01-45-09-183122-ubuntu-15195) by extensions ['ignore', 'ignore_ament_install']
[0.367s] [34mcolcon.colcon_core.package_identification[0m [1;30mLevel 1[0m _identify(run_log/2026-03-14-01-45-09-183122-ubuntu-15195) by extension 'ignore'
[0.367s] [34mcolcon.colcon_core.package_identification[0m [1;30mLevel 1[0m _identify(run_log/2026-03-14-01-45-09-183122-ubuntu-15195) by extension 'ignore_ament_install'
[0.367s] [34mcolcon.colcon_core.package_identification[0m [1;30mLevel 1[0m _identify(run_log/2026-03-14-01-45-09-183122-ubuntu-15195) by extensions ['colcon_pkg']
[0.367s] [34mcolcon.colcon_core.package_identification[0m [1;30mLevel 1[0m _identify(run_log/2026-03-14-01-45-09-183122-ubuntu-15195) by extension 'colcon_pkg'
[0.367s] [34mcolcon.colcon_core.package_identification[0m [1;30mLevel 1[0m _identify(run_log/2026-03-14-01-45-09-183122-ubuntu-15195) by extensions ['colcon_meta']
[0.367s] [34mcolcon.colcon_core.package_identification[0m [1;30mLevel 1[0m _identify(run_log/2026-03-14-01-45-09-183122-ubuntu-15195) by extension 'colcon_meta'
[0.367s] [34mcolcon.colcon_core.package_identification[0m [1;30mLevel 1[0m _identify(run_log/2026-03-14-01-45-09-183122-ubuntu-15195) by extensions ['ros']
[0.367s] [34mcolcon.colcon_core.package_identification[0m [1;30mLevel 1[0m _identify(run_log/2026-03-14-01-45-09-183122-ubuntu-15195) by extension 'ros'
[0.367s] [34mcolcon.colcon_core.package_identification[0m [1;30mLevel 1[0m _identify(run_log/2026-03-14-01-45-09-183122-ubuntu-15195) by extensions ['cmake', 'python']
[0.368s] [34mcolcon.colcon_core.package_identification[0m [1;30mLevel 1[0m _identify(run_log/2026-03-14-01-45-09-183122-ubuntu-15195) by extension 'cmake'
[0.368s] [34mcolcon.colcon_core.package_identification[0m [1;30mLevel 1[0m _identify(run_log/2026-03-14-01-45-09-183122-ubuntu-15195) by extension 'python'
[0.368s] [34mcolcon.colcon_core.package_identification[0m [1;30mLevel 1[0m _identify(run_log/2026-03-14-01-45-09-183122-ubuntu-15195) by extensions ['python_setup_py']
[0.368s] [34mcolcon.colcon_core.package_identification[0m [1;30mLevel 1[0m _identify(run_log/2026-03-14-01-45-09-183122-ubuntu-15195) by extension 'python_setup_py'
[0.368s] [34mcolcon.colcon_core.package_identification[0m [1;30mLevel 1[0m _identify(run_log/2026-03-14-01-45-34-891815-ubuntu-15541) by extensions ['ignore', 'ignore_ament_install']
[0.368s] [34mcolcon.colcon_core.package_identification[0m [1;30mLevel 1[0m _identify(run_log/2026-03-14-01-45-34-891815-ubuntu-15541) by extension 'ignore'
[0.368s] [34mcolcon.colcon_core.package_identification[0m [1;30mLevel 1[0m _identify(run_log/2026-03-14-01-45-34-891815-ubuntu-15541) by extension 'ignore_ament_install'
[0.368s] [34mcolcon.colcon_core.package_identification[0m [1;30mLevel 1[0m _identify(run_log/2026-03-14-01-45-34-891815-ubuntu-15541) by extensions ['colcon_pkg']
[0.368s] [34mcolcon.colcon_core.package_identification[0m [1;30mLevel 1[0m _identify(run_log/2026-03-14-01-45-34-891815-ubuntu-15541) by extension 'colcon_pkg'
[0.368s] [34mcolcon.colcon_core.package_identification[0m [1;30mLevel 1[0m _identify(run_log/2026-03-14-01-45-34-891815-ubuntu-15541) by extensions ['colcon_meta']
[0.368s] [34mcolcon.colcon_core.package_identification[0m [1;30mLevel 1[0m _identify(run_log/2026-03-14-01-45-34-891815-ubuntu-15541) by extension 'colcon_meta'
[0.368s] [34mcolcon.colcon_core.package_identification[0m [1;30mLevel 1[0m _identify(run_log/2026-03-14-01-45-34-891815-ubuntu-15541) by extensions ['ros']
[0.368s] [34mcolcon.colcon_core.package_identification[0m [1;30mLevel 1[0m _identify(run_log/2026-03-14-01-45-34-891815-ubuntu-15541) by extension 'ros'
[0.368s] [34mcolcon.colcon_core.package_identification[0m [1;30mLevel 1[0m _identify(run_log/2026-03-14-01-45-34-891815-ubuntu-15541) by extensions ['cmake', 'python']
[0.368s] [34mcolcon.colcon_core.package_identification[0m [1;30mLevel 1[0m _identify(run_log/2026-03-14-01-45-34-891815-ubuntu-15541) by extension 'cmake'
[0.368s] [34mcolcon.colcon_core.package_identification[0m [1;30mLevel 1[0m _identify(run_log/2026-03-14-01-45-34-891815-ubuntu-15541) by extension 'python'
[0.368s] [34mcolcon.colcon_core.package_identification[0m [1;30mLevel 1[0m _identify(run_log/2026-03-14-01-45-34-891815-ubuntu-15541) by extensions ['python_setup_py']
[0.368s] [34mcolcon.colcon_core.package_identification[0m [1;30mLevel 1[0m _identify(run_log/2026-03-14-01-45-34-891815-ubuntu-15541) by extension 'python_setup_py'
[0.368s] [34mcolcon.colcon_core.package_identification[0m [1;30mLevel 1[0m _identify(run_log/2026-03-14-01-46-07-400243-ubuntu-15887) by extensions ['ignore', 'ignore_ament_install']
[0.368s] [34mcolcon.colcon_core.package_identification[0m [1;30mLevel 1[0m _identify(run_log/2026-03-14-01-46-07-400243-ubuntu-15887) by extension 'ignore'
[0.368s] [34mcolcon.colcon_core.package_identification[0m [1;30mLevel 1[0m _identify(run_log/2026-03-14-01-46-07-400243-ubuntu-15887) by extension 'ignore_ament_install'
[0.368s] [34mcolcon.colcon_core.package_identification[0m [1;30mLevel 1[0m _identify(run_log/2026-03-14-01-46-07-400243-ubuntu-15887) by extensions ['colcon_pkg']
[0.368s] [34mcolcon.colcon_core.package_identification[0m [1;30mLevel 1[0m _identify(run_log/2026-03-14-01-46-07-400243-ubuntu-15887) by extension 'colcon_pkg'
[0.368s] [34mcolcon.colcon_core.package_identification[0m [1;30mLevel 1[0m _identify(run_log/2026-03-14-01-46-07-400243-ubuntu-15887) by extensions ['colcon_meta']
[0.368s] [34mcolcon.colcon_core.package_identification[0m [1;30mLevel 1[0m _identify(run_log/2026-03-14-01-46-07-400243-ubuntu-15887) by extension 'colcon_meta'
[0.368s] [34mcolcon.colcon_core.package_identification[0m [1;30mLevel 1[0m _identify(run_log/2026-03-14-01-46-07-400243-ubuntu-15887) by extensions ['ros']
[0.368s] [34mcolcon.colcon_core.package_identification[0m [1;30mLevel 1[0m _identify(run_log/2026-03-14-01-46-07-400243-ubuntu-15887) by extension 'ros'
[0.369s] [34mcolcon.colcon_core.package_identification[0m [1;30mLevel 1[0m _identify(run_log/2026-03-14-01-46-07-400243-ubuntu-15887) by extensions ['cmake', 'python']
[0.369s] [34mcolcon.colcon_core.package_identification[0m [1;30mLevel 1[0m _identify(run_log/2026-03-14-01-46-07-400243-ubuntu-15887) by extension 'cmake'
[0.369s] [34mcolcon.colcon_core.package_identification[0m [1;30mLevel 1[0m _identify(run_log/2026-03-14-01-46-07-400243-ubuntu-15887) by extension 'python'
[0.369s] [34mcolcon.colcon_core.package_identification[0m [1;30mLevel 1[0m _identify(run_log/2026-03-14-01-46-07-400243-ubuntu-15887) by extensions ['python_setup_py']
[0.369s] [34mcolcon.colcon_core.package_identification[0m [1;30mLevel 1[0m _identify(run_log/2026-03-14-01-46-07-400243-ubuntu-15887) by extension 'python_setup_py'
[0.369s] [34mcolcon.colcon_core.package_identification[0m [1;30mLevel 1[0m _identify(run_log/2026-03-14-01-53-03-257675-ubuntu-16365) by extensions ['ignore', 'ignore_ament_install']
[0.369s] [34mcolcon.colcon_core.package_identification[0m [1;30mLevel 1[0m _identify(run_log/2026-03-14-01-53-03-257675-ubuntu-16365) by extension 'ignore'
[0.369s] [34mcolcon.colcon_core.package_identification[0m [1;30mLevel 1[0m _identify(run_log/2026-03-14-01-53-03-257675-ubuntu-16365) by extension 'ignore_ament_install'
[0.369s] [34mcolcon.colcon_core.package_identification[0m [1;30mLevel 1[0m _identify(run_log/2026-03-14-01-53-03-257675-ubuntu-16365) by extensions ['colcon_pkg']
[0.369s] [34mcolcon.colcon_core.package_identification[0m [1;30mLevel 1[0m _identify(run_log/2026-03-14-01-53-03-257675-ubuntu-16365) by extension 'colcon_pkg'
[0.369s] [34mcolcon.colcon_core.package_identification[0m [1;30mLevel 1[0m _identify(run_log/2026-03-14-01-53-03-257675-ubuntu-16365) by extensions ['colcon_meta']
[0.369s] [34mcolcon.colcon_core.package_identification[0m [1;30mLevel 1[0m _identify(run_log/2026-03-14-01-53-03-257675-ubuntu-16365) by extension 'colcon_meta'
[0.369s] [34mcolcon.colcon_core.package_identification[0m [1;30mLevel 1[0m _identify(run_log/2026-03-14-01-53-03-257675-ubuntu-16365) by extensions ['ros']
[0.369s] [34mcolcon.colcon_core.package_identification[0m [1;30mLevel 1[0m _identify(run_log/2026-03-14-01-53-03-257675-ubuntu-16365) by extension 'ros'
[0.369s] [34mcolcon.colcon_core.package_identification[0m [1;30mLevel 1[0m _identify(run_log/2026-03-14-01-53-03-257675-ubuntu-16365) by extensions ['cmake', 'python']
[0.369s] [34mcolcon.colcon_core.package_identification[0m [1;30mLevel 1[0m _identify(run_log/2026-03-14-01-53-03-257675-ubuntu-16365) by extension 'cmake'
[0.369s] [34mcolcon.colcon_core.package_identification[0m [1;30mLevel 1[0m _identify(run_log/2026-03-14-01-53-03-257675-ubuntu-16365) by extension 'python'
[0.369s] [34mcolcon.colcon_core.package_identification[0m [1;30mLevel 1[0m _identify(run_log/2026-03-14-01-53-03-257675-ubuntu-16365) by extensions ['python_setup_py']
[0.369s] [34mcolcon.colcon_core.package_identification[0m [1;30mLevel 1[0m _identify(run_log/2026-03-14-01-53-03-257675-ubuntu-16365) by extension 'python_setup_py'
[0.369s] [34mcolcon.colcon_core.package_identification[0m [1;30mLevel 1[0m _identify(run_log/2026-03-14-02-06-16-456999-ubuntu-17003) by extensions ['ignore', 'ignore_ament_install']
[0.370s] [34mcolcon.colcon_core.package_identification[0m [1;30mLevel 1[0m _identify(run_log/2026-03-14-02-06-16-456999-ubuntu-17003) by extension 'ignore'
[0.370s] [34mcolcon.colcon_core.package_identification[0m [1;30mLevel 1[0m _identify(run_log/2026-03-14-02-06-16-456999-ubuntu-17003) by extension 'ignore_ament_install'
[0.370s] [34mcolcon.colcon_core.package_identification[0m [1;30mLevel 1[0m _identify(run_log/2026-03-14-02-06-16-456999-ubuntu-17003) by extensions ['colcon_pkg']
[0.370s] [34mcolcon.colcon_core.package_identification[0m [1;30mLevel 1[0m _identify(run_log/2026-03-14-02-06-16-456999-ubuntu-17003) by extension 'colcon_pkg'
[0.370s] [34mcolcon.colcon_core.package_identification[0m [1;30mLevel 1[0m _identify(run_log/2026-03-14-02-06-16-456999-ubuntu-17003) by extensions ['colcon_meta']
[0.370s] [34mcolcon.colcon_core.package_identification[0m [1;30mLevel 1[0m _identify(run_log/2026-03-14-02-06-16-456999-ubuntu-17003) by extension 'colcon_meta'
[0.370s] [34mcolcon.colcon_core.package_identification[0m [1;30mLevel 1[0m _identify(run_log/2026-03-14-02-06-16-456999-ubuntu-17003) by extensions ['ros']
[0.370s] [34mcolcon.colcon_core.package_identification[0m [1;30mLevel 1[0m _identify(run_log/2026-03-14-02-06-16-456999-ubuntu-17003) by extension 'ros'
[0.370s] [34mcolcon.colcon_core.package_identification[0m [1;30mLevel 1[0m _identify(run_log/2026-03-14-02-06-16-456999-ubuntu-17003) by extensions ['cmake', 'python']
[0.370s] [34mcolcon.colcon_core.package_identification[0m [1;30mLevel 1[0m _identify(run_log/2026-03-14-02-06-16-456999-ubuntu-17003) by extension 'cmake'
[0.370s] [34mcolcon.colcon_core.package_identification[0m [1;30mLevel 1[0m _identify(run_log/2026-03-14-02-06-16-456999-ubuntu-17003) by extension 'python'
[0.370s] [34mcolcon.colcon_core.package_identification[0m [1;30mLevel 1[0m _identify(run_log/2026-03-14-02-06-16-456999-ubuntu-17003) by extensions ['python_setup_py']
[0.370s] [34mcolcon.colcon_core.package_identification[0m [1;30mLevel 1[0m _identify(run_log/2026-03-14-02-06-16-456999-ubuntu-17003) by extension 'python_setup_py'
[0.370s] [34mcolcon.colcon_core.package_identification[0m [1;30mLevel 1[0m _identify(run_log/2026-03-14-02-10-09-721276-ubuntu-17733) by extensions ['ignore', 'ignore_ament_install']
[0.370s] [34mcolcon.colcon_core.package_identification[0m [1;30mLevel 1[0m _identify(run_log/2026-03-14-02-10-09-721276-ubuntu-17733) by extension 'ignore'
[0.370s] [34mcolcon.colcon_core.package_identification[0m [1;30mLevel 1[0m _identify(run_log/2026-03-14-02-10-09-721276-ubuntu-17733) by extension 'ignore_ament_install'
[0.370s] [34mcolcon.colcon_core.package_identification[0m [1;30mLevel 1[0m _identify(run_log/2026-03-14-02-10-09-721276-ubuntu-17733) by extensions ['colcon_pkg']
[0.370s] [34mcolcon.colcon_core.package_identification[0m [1;30mLevel 1[0m _identify(run_log/2026-03-14-02-10-09-721276-ubuntu-17733) by extension 'colcon_pkg'
[0.370s] [34mcolcon.colcon_core.package_identification[0m [1;30mLevel 1[0m _identify(run_log/2026-03-14-02-10-09-721276-ubuntu-17733) by extensions ['colcon_meta']
[0.370s] [34mcolcon.colcon_core.package_identification[0m [1;30mLevel 1[0m _identify(run_log/2026-03-14-02-10-09-721276-ubuntu-17733) by extension 'colcon_meta'
[0.370s] [34mcolcon.colcon_core.package_identification[0m [1;30mLevel 1[0m _identify(run_log/2026-03-14-02-10-09-721276-ubuntu-17733) by extensions ['ros']
[0.370s] [34mcolcon.colcon_core.package_identification[0m [1;30mLevel 1[0m _identify(run_log/2026-03-14-02-10-09-721276-ubuntu-17733) by extension 'ros'
[0.370s] [34mcolcon.colcon_core.package_identification[0m [1;30mLevel 1[0m _identify(run_log/2026-03-14-02-10-09-721276-ubuntu-17733) by extensions ['cmake', 'python']
[0.370s] [34mcolcon.colcon_core.package_identification[0m [1;30mLevel 1[0m _identify(run_log/2026-03-14-02-10-09-721276-ubuntu-17733) by extension 'cmake'
[0.370s] [34mcolcon.colcon_core.package_identification[0m [1;30mLevel 1[0m _identify(run_log/2026-03-14-02-10-09-721276-ubuntu-17733) by extension 'python'
[0.370s] [34mcolcon.colcon_core.package_identification[0m [1;30mLevel 1[0m _identify(run_log/2026-03-14-02-10-09-721276-ubuntu-17733) by extensions ['python_setup_py']
[0.370s] [34mcolcon.colcon_core.package_identification[0m [1;30mLevel 1[0m _identify(run_log/2026-03-14-02-10-09-721276-ubuntu-17733) by extension 'python_setup_py'
[0.371s] [34mcolcon.colcon_core.package_identification[0m [1;30mLevel 1[0m _identify(run_log/2026-03-14-02-12-59-193253-ubuntu-18186) by extensions ['ignore', 'ignore_ament_install']
[0.371s] [34mcolcon.colcon_core.package_identification[0m [1;30mLevel 1[0m _identify(run_log/2026-03-14-02-12-59-193253-ubuntu-18186) by extension 'ignore'
[0.371s] [34mcolcon.colcon_core.package_identification[0m [1;30mLevel 1[0m _identify(run_log/2026-03-14-02-12-59-193253-ubuntu-18186) by extension 'ignore_ament_install'
[0.371s] [34mcolcon.colcon_core.package_identification[0m [1;30mLevel 1[0m _identify(run_log/2026-03-14-02-12-59-193253-ubuntu-18186) by extensions ['colcon_pkg']
[0.371s] [34mcolcon.colcon_core.package_identification[0m [1;30mLevel 1[0m _identify(run_log/2026-03-14-02-12-59-193253-ubuntu-18186) by extension 'colcon_pkg'
[0.371s] [34mcolcon.colcon_core.package_identification[0m [1;30mLevel 1[0m _identify(run_log/2026-03-14-02-12-59-193253-ubuntu-18186) by extensions ['colcon_meta']
[0.371s] [34mcolcon.colcon_core.package_identification[0m [1;30mLevel 1[0m _identify(run_log/2026-03-14-02-12-59-193253-ubuntu-18186) by extension 'colcon_meta'
[0.371s] [34mcolcon.colcon_core.package_identification[0m [1;30mLevel 1[0m _identify(run_log/2026-03-14-02-12-59-193253-ubuntu-18186) by extensions ['ros']
[0.371s] [34mcolcon.colcon_core.package_identification[0m [1;30mLevel 1[0m _identify(run_log/2026-03-14-02-12-59-193253-ubuntu-18186) by extension 'ros'
[0.371s] [34mcolcon.colcon_core.package_identification[0m [1;30mLevel 1[0m _identify(run_log/2026-03-14-02-12-59-193253-ubuntu-18186) by extensions ['cmake', 'python']
[0.371s] [34mcolcon.colcon_core.package_identification[0m [1;30mLevel 1[0m _identify(run_log/2026-03-14-02-12-59-193253-ubuntu-18186) by extension 'cmake'
[0.371s] [34mcolcon.colcon_core.package_identification[0m [1;30mLevel 1[0m _identify(run_log/2026-03-14-02-12-59-193253-ubuntu-18186) by extension 'python'
[0.371s] [34mcolcon.colcon_core.package_identification[0m [1;30mLevel 1[0m _identify(run_log/2026-03-14-02-12-59-193253-ubuntu-18186) by extensions ['python_setup_py']
[0.371s] [34mcolcon.colcon_core.package_identification[0m [1;30mLevel 1[0m _identify(run_log/2026-03-14-02-12-59-193253-ubuntu-18186) by extension 'python_setup_py'
[0.371s] [34mcolcon.colcon_core.package_identification[0m [1;30mLevel 1[0m _identify(run_log/2026-03-14-02-13-33-098960-ubuntu-18567) by extensions ['ignore', 'ignore_ament_install']
[0.371s] [34mcolcon.colcon_core.package_identification[0m [1;30mLevel 1[0m _identify(run_log/2026-03-14-02-13-33-098960-ubuntu-18567) by extension 'ignore'
[0.371s] [34mcolcon.colcon_core.package_identification[0m [1;30mLevel 1[0m _identify(run_log/2026-03-14-02-13-33-098960-ubuntu-18567) by extension 'ignore_ament_install'
[0.371s] [34mcolcon.colcon_core.package_identification[0m [1;30mLevel 1[0m _identify(run_log/2026-03-14-02-13-33-098960-ubuntu-18567) by extensions ['colcon_pkg']
[0.371s] [34mcolcon.colcon_core.package_identification[0m [1;30mLevel 1[0m _identify(run_log/2026-03-14-02-13-33-098960-ubuntu-18567) by extension 'colcon_pkg'
[0.371s] [34mcolcon.colcon_core.package_identification[0m [1;30mLevel 1[0m _identify(run_log/2026-03-14-02-13-33-098960-ubuntu-18567) by extensions ['colcon_meta']
[0.371s] [34mcolcon.colcon_core.package_identification[0m [1;30mLevel 1[0m _identify(run_log/2026-03-14-02-13-33-098960-ubuntu-18567) by extension 'colcon_meta'
[0.371s] [34mcolcon.colcon_core.package_identification[0m [1;30mLevel 1[0m _identify(run_log/2026-03-14-02-13-33-098960-ubuntu-18567) by extensions ['ros']
[0.371s] [34mcolcon.colcon_core.package_identification[0m [1;30mLevel 1[0m _identify(run_log/2026-03-14-02-13-33-098960-ubuntu-18567) by extension 'ros'
[0.371s] [34mcolcon.colcon_core.package_identification[0m [1;30mLevel 1[0m _identify(run_log/2026-03-14-02-13-33-098960-ubuntu-18567) by extensions ['cmake', 'python']
[0.371s] [34mcolcon.colcon_core.package_identification[0m [1;30mLevel 1[0m _identify(run_log/2026-03-14-02-13-33-098960-ubuntu-18567) by extension 'cmake'
[0.371s] [34mcolcon.colcon_core.package_identification[0m [1;30mLevel 1[0m _identify(run_log/2026-03-14-02-13-33-098960-ubuntu-18567) by extension 'python'
[0.371s] [34mcolcon.colcon_core.package_identification[0m [1;30mLevel 1[0m _identify(run_log/2026-03-14-02-13-33-098960-ubuntu-18567) by extensions ['python_setup_py']
[0.372s] [34mcolcon.colcon_core.package_identification[0m [1;30mLevel 1[0m _identify(run_log/2026-03-14-02-13-33-098960-ubuntu-18567) by extension 'python_setup_py'
[0.372s] [34mcolcon.colcon_core.package_identification[0m [1;30mLevel 1[0m _identify(run_log/2026-03-14-02-14-00-092662-ubuntu-18941) by extensions ['ignore', 'ignore_ament_install']
[0.372s] [34mcolcon.colcon_core.package_identification[0m [1;30mLevel 1[0m _identify(run_log/2026-03-14-02-14-00-092662-ubuntu-18941) by extension 'ignore'
[0.372s] [34mcolcon.colcon_core.package_identification[0m [1;30mLevel 1[0m _identify(run_log/2026-03-14-02-14-00-092662-ubuntu-18941) by extension 'ignore_ament_install'
[0.372s] [34mcolcon.colcon_core.package_identification[0m [1;30mLevel 1[0m _identify(run_log/2026-03-14-02-14-00-092662-ubuntu-18941) by extensions ['colcon_pkg']
[0.372s] [34mcolcon.colcon_core.package_identification[0m [1;30mLevel 1[0m _identify(run_log/2026-03-14-02-14-00-092662-ubuntu-18941) by extension 'colcon_pkg'
[0.372s] [34mcolcon.colcon_core.package_identification[0m [1;30mLevel 1[0m _identify(run_log/2026-03-14-02-14-00-092662-ubuntu-18941) by extensions ['colcon_meta']
[0.372s] [34mcolcon.colcon_core.package_identification[0m [1;30mLevel 1[0m _identify(run_log/2026-03-14-02-14-00-092662-ubuntu-18941) by extension 'colcon_meta'
[0.372s] [34mcolcon.colcon_core.package_identification[0m [1;30mLevel 1[0m _identify(run_log/2026-03-14-02-14-00-092662-ubuntu-18941) by extensions ['ros']
[0.372s] [34mcolcon.colcon_core.package_identification[0m [1;30mLevel 1[0m _identify(run_log/2026-03-14-02-14-00-092662-ubuntu-18941) by extension 'ros'
[0.372s] [34mcolcon.colcon_core.package_identification[0m [1;30mLevel 1[0m _identify(run_log/2026-03-14-02-14-00-092662-ubuntu-18941) by extensions ['cmake', 'python']
[0.372s] [34mcolcon.colcon_core.package_identification[0m [1;30mLevel 1[0m _identify(run_log/2026-03-14-02-14-00-092662-ubuntu-18941) by extension 'cmake'
[0.372s] [34mcolcon.colcon_core.package_identification[0m [1;30mLevel 1[0m _identify(run_log/2026-03-14-02-14-00-092662-ubuntu-18941) by extension 'python'
[0.372s] [34mcolcon.colcon_core.package_identification[0m [1;30mLevel 1[0m _identify(run_log/2026-03-14-02-14-00-092662-ubuntu-18941) by extensions ['python_setup_py']
[0.372s] [34mcolcon.colcon_core.package_identification[0m [1;30mLevel 1[0m _identify(run_log/2026-03-14-02-14-00-092662-ubuntu-18941) by extension 'python_setup_py'
[0.372s] [34mcolcon.colcon_core.package_identification[0m [1;30mLevel 1[0m _identify(run_log/2026-03-14-02-15-18-086462-ubuntu-19367) by extensions ['ignore', 'ignore_ament_install']
[0.372s] [34mcolcon.colcon_core.package_identification[0m [1;30mLevel 1[0m _identify(run_log/2026-03-14-02-15-18-086462-ubuntu-19367) by extension 'ignore'
[0.372s] [34mcolcon.colcon_core.package_identification[0m [1;30mLevel 1[0m _identify(run_log/2026-03-14-02-15-18-086462-ubuntu-19367) by extension 'ignore_ament_install'
[0.372s] [34mcolcon.colcon_core.package_identification[0m [1;30mLevel 1[0m _identify(run_log/2026-03-14-02-15-18-086462-ubuntu-19367) by extensions ['colcon_pkg']
[0.372s] [34mcolcon.colcon_core.package_identification[0m [1;30mLevel 1[0m _identify(run_log/2026-03-14-02-15-18-086462-ubuntu-19367) by extension 'colcon_pkg'
[0.372s] [34mcolcon.colcon_core.package_identification[0m [1;30mLevel 1[0m _identify(run_log/2026-03-14-02-15-18-086462-ubuntu-19367) by extensions ['colcon_meta']
[0.372s] [34mcolcon.colcon_core.package_identification[0m [1;30mLevel 1[0m _identify(run_log/2026-03-14-02-15-18-086462-ubuntu-19367) by extension 'colcon_meta'
[0.372s] [34mcolcon.colcon_core.package_identification[0m [1;30mLevel 1[0m _identify(run_log/2026-03-14-02-15-18-086462-ubuntu-19367) by extensions ['ros']
[0.372s] [34mcolcon.colcon_core.package_identification[0m [1;30mLevel 1[0m _identify(run_log/2026-03-14-02-15-18-086462-ubuntu-19367) by extension 'ros'
[0.372s] [34mcolcon.colcon_core.package_identification[0m [1;30mLevel 1[0m _identify(run_log/2026-03-14-02-15-18-086462-ubuntu-19367) by extensions ['cmake', 'python']
[0.372s] [34mcolcon.colcon_core.package_identification[0m [1;30mLevel 1[0m _identify(run_log/2026-03-14-02-15-18-086462-ubuntu-19367) by extension 'cmake'
[0.373s] [34mcolcon.colcon_core.package_identification[0m [1;30mLevel 1[0m _identify(run_log/2026-03-14-02-15-18-086462-ubuntu-19367) by extension 'python'
[0.373s] [34mcolcon.colcon_core.package_identification[0m [1;30mLevel 1[0m _identify(run_log/2026-03-14-02-15-18-086462-ubuntu-19367) by extensions ['python_setup_py']
[0.373s] [34mcolcon.colcon_core.package_identification[0m [1;30mLevel 1[0m _identify(run_log/2026-03-14-02-15-18-086462-ubuntu-19367) by extension 'python_setup_py'
[0.373s] [34mcolcon.colcon_core.package_identification[0m [1;30mLevel 1[0m _identify(run_log/2026-03-16-05-56-54-389596-ubuntu-4177) by extensions ['ignore', 'ignore_ament_install']
[0.373s] [34mcolcon.colcon_core.package_identification[0m [1;30mLevel 1[0m _identify(run_log/2026-03-16-05-56-54-389596-ubuntu-4177) by extension 'ignore'
[0.373s] [34mcolcon.colcon_core.package_identification[0m [1;30mLevel 1[0m _identify(run_log/2026-03-16-05-56-54-389596-ubuntu-4177) by extension 'ignore_ament_install'
[0.373s] [34mcolcon.colcon_core.package_identification[0m [1;30mLevel 1[0m _identify(run_log/2026-03-16-05-56-54-389596-ubuntu-4177) by extensions ['colcon_pkg']
[0.373s] [34mcolcon.colcon_core.package_identification[0m [1;30mLevel 1[0m _identify(run_log/2026-03-16-05-56-54-389596-ubuntu-4177) by extension 'colcon_pkg'
[0.373s] [34mcolcon.colcon_core.package_identification[0m [1;30mLevel 1[0m _identify(run_log/2026-03-16-05-56-54-389596-ubuntu-4177) by extensions ['colcon_meta']
[0.373s] [34mcolcon.colcon_core.package_identification[0m [1;30mLevel 1[0m _identify(run_log/2026-03-16-05-56-54-389596-ubuntu-4177) by extension 'colcon_meta'
[0.373s] [34mcolcon.colcon_core.package_identification[0m [1;30mLevel 1[0m _identify(run_log/2026-03-16-05-56-54-389596-ubuntu-4177) by extensions ['ros']
[0.373s] [34mcolcon.colcon_core.package_identification[0m [1;30mLevel 1[0m _identify(run_log/2026-03-16-05-56-54-389596-ubuntu-4177) by extension 'ros'
[0.373s] [34mcolcon.colcon_core.package_identification[0m [1;30mLevel 1[0m _identify(run_log/2026-03-16-05-56-54-389596-ubuntu-4177) by extensions ['cmake', 'python']
[0.373s] [34mcolcon.colcon_core.package_identification[0m [1;30mLevel 1[0m _identify(run_log/2026-03-16-05-56-54-389596-ubuntu-4177) by extension 'cmake'
[0.373s] [34mcolcon.colcon_core.package_identification[0m [1;30mLevel 1[0m _identify(run_log/2026-03-16-05-56-54-389596-ubuntu-4177) by extension 'python'
[0.373s] [34mcolcon.colcon_core.package_identification[0m [1;30mLevel 1[0m _identify(run_log/2026-03-16-05-56-54-389596-ubuntu-4177) by extensions ['python_setup_py']
[0.373s] [34mcolcon.colcon_core.package_identification[0m [1;30mLevel 1[0m _identify(run_log/2026-03-16-05-56-54-389596-ubuntu-4177) by extension 'python_setup_py'
[0.373s] [34mcolcon.colcon_core.package_identification[0m [1;30mLevel 1[0m _identify(run_log/2026-03-16-07-24-01-908057-ubuntu-6648) by extensions ['ignore', 'ignore_ament_install']
[0.373s] [34mcolcon.colcon_core.package_identification[0m [1;30mLevel 1[0m _identify(run_log/2026-03-16-07-24-01-908057-ubuntu-6648) by extension 'ignore'
[0.374s] [34mcolcon.colcon_core.package_identification[0m [1;30mLevel 1[0m _identify(run_log/2026-03-16-07-24-01-908057-ubuntu-6648) by extension 'ignore_ament_install'
[0.374s] [34mcolcon.colcon_core.package_identification[0m [1;30mLevel 1[0m _identify(run_log/2026-03-16-07-24-01-908057-ubuntu-6648) by extensions ['colcon_pkg']
[0.374s] [34mcolcon.colcon_core.package_identification[0m [1;30mLevel 1[0m _identify(run_log/2026-03-16-07-24-01-908057-ubuntu-6648) by extension 'colcon_pkg'
[0.374s] [34mcolcon.colcon_core.package_identification[0m [1;30mLevel 1[0m _identify(run_log/2026-03-16-07-24-01-908057-ubuntu-6648) by extensions ['colcon_meta']
[0.374s] [34mcolcon.colcon_core.package_identification[0m [1;30mLevel 1[0m _identify(run_log/2026-03-16-07-24-01-908057-ubuntu-6648) by extension 'colcon_meta'
[0.374s] [34mcolcon.colcon_core.package_identification[0m [1;30mLevel 1[0m _identify(run_log/2026-03-16-07-24-01-908057-ubuntu-6648) by extensions ['ros']
[0.374s] [34mcolcon.colcon_core.package_identification[0m [1;30mLevel 1[0m _identify(run_log/2026-03-16-07-24-01-908057-ubuntu-6648) by extension 'ros'
[0.374s] [34mcolcon.colcon_core.package_identification[0m [1;30mLevel 1[0m _identify(run_log/2026-03-16-07-24-01-908057-ubuntu-6648) by extensions ['cmake', 'python']
[0.374s] [34mcolcon.colcon_core.package_identification[0m [1;30mLevel 1[0m _identify(run_log/2026-03-16-07-24-01-908057-ubuntu-6648) by extension 'cmake'
[0.374s] [34mcolcon.colcon_core.package_identification[0m [1;30mLevel 1[0m _identify(run_log/2026-03-16-07-24-01-908057-ubuntu-6648) by extension 'python'
[0.374s] [34mcolcon.colcon_core.package_identification[0m [1;30mLevel 1[0m _identify(run_log/2026-03-16-07-24-01-908057-ubuntu-6648) by extensions ['python_setup_py']
[0.374s] [34mcolcon.colcon_core.package_identification[0m [1;30mLevel 1[0m _identify(run_log/2026-03-16-07-24-01-908057-ubuntu-6648) by extension 'python_setup_py'
[0.374s] [34mcolcon.colcon_core.package_identification[0m [1;30mLevel 1[0m _identify(run_log/2026-03-16-07-25-17-661965-ubuntu-6859) by extensions ['ignore', 'ignore_ament_install']
[0.374s] [34mcolcon.colcon_core.package_identification[0m [1;30mLevel 1[0m _identify(run_log/2026-03-16-07-25-17-661965-ubuntu-6859) by extension 'ignore'
[0.374s] [34mcolcon.colcon_core.package_identification[0m [1;30mLevel 1[0m _identify(run_log/2026-03-16-07-25-17-661965-ubuntu-6859) by extension 'ignore_ament_install'
[0.374s] [34mcolcon.colcon_core.package_identification[0m [1;30mLevel 1[0m _identify(run_log/2026-03-16-07-25-17-661965-ubuntu-6859) by extensions ['colcon_pkg']
[0.374s] [34mcolcon.colcon_core.package_identification[0m [1;30mLevel 1[0m _identify(run_log/2026-03-16-07-25-17-661965-ubuntu-6859) by extension 'colcon_pkg'
[0.374s] [34mcolcon.colcon_core.package_identification[0m [1;30mLevel 1[0m _identify(run_log/2026-03-16-07-25-17-661965-ubuntu-6859) by extensions ['colcon_meta']
[0.374s] [34mcolcon.colcon_core.package_identification[0m [1;30mLevel 1[0m _identify(run_log/2026-03-16-07-25-17-661965-ubuntu-6859) by extension 'colcon_meta'
[0.374s] [34mcolcon.colcon_core.package_identification[0m [1;30mLevel 1[0m _identify(run_log/2026-03-16-07-25-17-661965-ubuntu-6859) by extensions ['ros']
[0.374s] [34mcolcon.colcon_core.package_identification[0m [1;30mLevel 1[0m _identify(run_log/2026-03-16-07-25-17-661965-ubuntu-6859) by extension 'ros'
[0.374s] [34mcolcon.colcon_core.package_identification[0m [1;30mLevel 1[0m _identify(run_log/2026-03-16-07-25-17-661965-ubuntu-6859) by extensions ['cmake', 'python']
[0.375s] [34mcolcon.colcon_core.package_identification[0m [1;30mLevel 1[0m _identify(run_log/2026-03-16-07-25-17-661965-ubuntu-6859) by extension 'cmake'
[0.375s] [34mcolcon.colcon_core.package_identification[0m [1;30mLevel 1[0m _identify(run_log/2026-03-16-07-25-17-661965-ubuntu-6859) by extension 'python'
[0.375s] [34mcolcon.colcon_core.package_identification[0m [1;30mLevel 1[0m _identify(run_log/2026-03-16-07-25-17-661965-ubuntu-6859) by extensions ['python_setup_py']
[0.375s] [34mcolcon.colcon_core.package_identification[0m [1;30mLevel 1[0m _identify(run_log/2026-03-16-07-25-17-661965-ubuntu-6859) by extension 'python_setup_py'
[0.375s] [34mcolcon.colcon_core.package_identification[0m [1;30mLevel 1[0m _identify(run_log/2026-03-16-07-31-10-379024-ubuntu-7662) by extensions ['ignore', 'ignore_ament_install']
[0.375s] [34mcolcon.colcon_core.package_identification[0m [1;30mLevel 1[0m _identify(run_log/2026-03-16-07-31-10-379024-ubuntu-7662) by extension 'ignore'
[0.375s] [34mcolcon.colcon_core.package_identification[0m [1;30mLevel 1[0m _identify(run_log/2026-03-16-07-31-10-379024-ubuntu-7662) by extension 'ignore_ament_install'
[0.375s] [34mcolcon.colcon_core.package_identification[0m [1;30mLevel 1[0m _identify(run_log/2026-03-16-07-31-10-379024-ubuntu-7662) by extensions ['colcon_pkg']
[0.375s] [34mcolcon.colcon_core.package_identification[0m [1;30mLevel 1[0m _identify(run_log/2026-03-16-07-31-10-379024-ubuntu-7662) by extension 'colcon_pkg'
[0.375s] [34mcolcon.colcon_core.package_identification[0m [1;30mLevel 1[0m _identify(run_log/2026-03-16-07-31-10-379024-ubuntu-7662) by extensions ['colcon_meta']
[0.375s] [34mcolcon.colcon_core.package_identification[0m [1;30mLevel 1[0m _identify(run_log/2026-03-16-07-31-10-379024-ubuntu-7662) by extension 'colcon_meta'
[0.375s] [34mcolcon.colcon_core.package_identification[0m [1;30mLevel 1[0m _identify(run_log/2026-03-16-07-31-10-379024-ubuntu-7662) by extensions ['ros']
[0.375s] [34mcolcon.colcon_core.package_identification[0m [1;30mLevel 1[0m _identify(run_log/2026-03-16-07-31-10-379024-ubuntu-7662) by extension 'ros'
[0.375s] [34mcolcon.colcon_core.package_identification[0m [1;30mLevel 1[0m _identify(run_log/2026-03-16-07-31-10-379024-ubuntu-7662) by extensions ['cmake', 'python']
[0.375s] [34mcolcon.colcon_core.package_identification[0m [1;30mLevel 1[0m _identify(run_log/2026-03-16-07-31-10-379024-ubuntu-7662) by extension 'cmake'
[0.375s] [34mcolcon.colcon_core.package_identification[0m [1;30mLevel 1[0m _identify(run_log/2026-03-16-07-31-10-379024-ubuntu-7662) by extension 'python'
[0.375s] [34mcolcon.colcon_core.package_identification[0m [1;30mLevel 1[0m _identify(run_log/2026-03-16-07-31-10-379024-ubuntu-7662) by extensions ['python_setup_py']
[0.375s] [34mcolcon.colcon_core.package_identification[0m [1;30mLevel 1[0m _identify(run_log/2026-03-16-07-31-10-379024-ubuntu-7662) by extension 'python_setup_py'
[0.375s] [34mcolcon.colcon_core.package_identification[0m [1;30mLevel 1[0m _identify(run_log/2026-03-16-07-58-48-298553-ubuntu-8120) by extensions ['ignore', 'ignore_ament_install']
[0.375s] [34mcolcon.colcon_core.package_identification[0m [1;30mLevel 1[0m _identify(run_log/2026-03-16-07-58-48-298553-ubuntu-8120) by extension 'ignore'
[0.375s] [34mcolcon.colcon_core.package_identification[0m [1;30mLevel 1[0m _identify(run_log/2026-03-16-07-58-48-298553-ubuntu-8120) by extension 'ignore_ament_install'
[0.376s] [34mcolcon.colcon_core.package_identification[0m [1;30mLevel 1[0m _identify(run_log/2026-03-16-07-58-48-298553-ubuntu-8120) by extensions ['colcon_pkg']
[0.376s] [34mcolcon.colcon_core.package_identification[0m [1;30mLevel 1[0m _identify(run_log/2026-03-16-07-58-48-298553-ubuntu-8120) by extension 'colcon_pkg'
[0.376s] [34mcolcon.colcon_core.package_identification[0m [1;30mLevel 1[0m _identify(run_log/2026-03-16-07-58-48-298553-ubuntu-8120) by extensions ['colcon_meta']
[0.376s] [34mcolcon.colcon_core.package_identification[0m [1;30mLevel 1[0m _identify(run_log/2026-03-16-07-58-48-298553-ubuntu-8120) by extension 'colcon_meta'
[0.376s] [34mcolcon.colcon_core.package_identification[0m [1;30mLevel 1[0m _identify(run_log/2026-03-16-07-58-48-298553-ubuntu-8120) by extensions ['ros']
[0.376s] [34mcolcon.colcon_core.package_identification[0m [1;30mLevel 1[0m _identify(run_log/2026-03-16-07-58-48-298553-ubuntu-8120) by extension 'ros'
[0.376s] [34mcolcon.colcon_core.package_identification[0m [1;30mLevel 1[0m _identify(run_log/2026-03-16-07-58-48-298553-ubuntu-8120) by extensions ['cmake', 'python']
[0.376s] [34mcolcon.colcon_core.package_identification[0m [1;30mLevel 1[0m _identify(run_log/2026-03-16-07-58-48-298553-ubuntu-8120) by extension 'cmake'
[0.376s] [34mcolcon.colcon_core.package_identification[0m [1;30mLevel 1[0m _identify(run_log/2026-03-16-07-58-48-298553-ubuntu-8120) by extension 'python'
[0.376s] [34mcolcon.colcon_core.package_identification[0m [1;30mLevel 1[0m _identify(run_log/2026-03-16-07-58-48-298553-ubuntu-8120) by extensions ['python_setup_py']
[0.376s] [34mcolcon.colcon_core.package_identification[0m [1;30mLevel 1[0m _identify(run_log/2026-03-16-07-58-48-298553-ubuntu-8120) by extension 'python_setup_py'
[0.376s] [34mcolcon.colcon_core.package_identification[0m [1;30mLevel 1[0m _identify(run_log/2026-03-16-23-46-07-466104-ubuntu-6423) by extensions ['ignore', 'ignore_ament_install']
[0.377s] [34mcolcon.colcon_core.package_identification[0m [1;30mLevel 1[0m _identify(run_log/2026-03-16-23-46-07-466104-ubuntu-6423) by extension 'ignore'
[0.377s] [34mcolcon.colcon_core.package_identification[0m [1;30mLevel 1[0m _identify(run_log/2026-03-16-23-46-07-466104-ubuntu-6423) by extension 'ignore_ament_install'
[0.377s] [34mcolcon.colcon_core.package_identification[0m [1;30mLevel 1[0m _identify(run_log/2026-03-16-23-46-07-466104-ubuntu-6423) by extensions ['colcon_pkg']
[0.377s] [34mcolcon.colcon_core.package_identification[0m [1;30mLevel 1[0m _identify(run_log/2026-03-16-23-46-07-466104-ubuntu-6423) by extension 'colcon_pkg'
[0.377s] [34mcolcon.colcon_core.package_identification[0m [1;30mLevel 1[0m _identify(run_log/2026-03-16-23-46-07-466104-ubuntu-6423) by extensions ['colcon_meta']
[0.377s] [34mcolcon.colcon_core.package_identification[0m [1;30mLevel 1[0m _identify(run_log/2026-03-16-23-46-07-466104-ubuntu-6423) by extension 'colcon_meta'
[0.377s] [34mcolcon.colcon_core.package_identification[0m [1;30mLevel 1[0m _identify(run_log/2026-03-16-23-46-07-466104-ubuntu-6423) by extensions ['ros']
[0.377s] [34mcolcon.colcon_core.package_identification[0m [1;30mLevel 1[0m _identify(run_log/2026-03-16-23-46-07-466104-ubuntu-6423) by extension 'ros'
[0.377s] [34mcolcon.colcon_core.package_identification[0m [1;30mLevel 1[0m _identify(run_log/2026-03-16-23-46-07-466104-ubuntu-6423) by extensions ['cmake', 'python']
[0.377s] [34mcolcon.colcon_core.package_identification[0m [1;30mLevel 1[0m _identify(run_log/2026-03-16-23-46-07-466104-ubuntu-6423) by extension 'cmake'
[0.377s] [34mcolcon.colcon_core.package_identification[0m [1;30mLevel 1[0m _identify(run_log/2026-03-16-23-46-07-466104-ubuntu-6423) by extension 'python'
[0.377s] [34mcolcon.colcon_core.package_identification[0m [1;30mLevel 1[0m _identify(run_log/2026-03-16-23-46-07-466104-ubuntu-6423) by extensions ['python_setup_py']
[0.378s] [34mcolcon.colcon_core.package_identification[0m [1;30mLevel 1[0m _identify(run_log/2026-03-16-23-46-07-466104-ubuntu-6423) by extension 'python_setup_py'
[0.378s] [34mcolcon.colcon_core.package_identification[0m [1;30mLevel 1[0m _identify(run_log/2026-03-16-23-53-37-123739-ubuntu-6869) by extensions ['ignore', 'ignore_ament_install']
[0.378s] [34mcolcon.colcon_core.package_identification[0m [1;30mLevel 1[0m _identify(run_log/2026-03-16-23-53-37-123739-ubuntu-6869) by extension 'ignore'
[0.378s] [34mcolcon.colcon_core.package_identification[0m [1;30mLevel 1[0m _identify(run_log/2026-03-16-23-53-37-123739-ubuntu-6869) by extension 'ignore_ament_install'
[0.378s] [34mcolcon.colcon_core.package_identification[0m [1;30mLevel 1[0m _identify(run_log/2026-03-16-23-53-37-123739-ubuntu-6869) by extensions ['colcon_pkg']
[0.378s] [34mcolcon.colcon_core.package_identification[0m [1;30mLevel 1[0m _identify(run_log/2026-03-16-23-53-37-123739-ubuntu-6869) by extension 'colcon_pkg'
[0.378s] [34mcolcon.colcon_core.package_identification[0m [1;30mLevel 1[0m _identify(run_log/2026-03-16-23-53-37-123739-ubuntu-6869) by extensions ['colcon_meta']
[0.378s] [34mcolcon.colcon_core.package_identification[0m [1;30mLevel 1[0m _identify(run_log/2026-03-16-23-53-37-123739-ubuntu-6869) by extension 'colcon_meta'
[0.378s] [34mcolcon.colcon_core.package_identification[0m [1;30mLevel 1[0m _identify(run_log/2026-03-16-23-53-37-123739-ubuntu-6869) by extensions ['ros']
[0.378s] [34mcolcon.colcon_core.package_identification[0m [1;30mLevel 1[0m _identify(run_log/2026-03-16-23-53-37-123739-ubuntu-6869) by extension 'ros'
[0.378s] [34mcolcon.colcon_core.package_identification[0m [1;30mLevel 1[0m _identify(run_log/2026-03-16-23-53-37-123739-ubuntu-6869) by extensions ['cmake', 'python']
[0.378s] [34mcolcon.colcon_core.package_identification[0m [1;30mLevel 1[0m _identify(run_log/2026-03-16-23-53-37-123739-ubuntu-6869) by extension 'cmake'
[0.378s] [34mcolcon.colcon_core.package_identification[0m [1;30mLevel 1[0m _identify(run_log/2026-03-16-23-53-37-123739-ubuntu-6869) by extension 'python'
[0.378s] [34mcolcon.colcon_core.package_identification[0m [1;30mLevel 1[0m _identify(run_log/2026-03-16-23-53-37-123739-ubuntu-6869) by extensions ['python_setup_py']
[0.378s] [34mcolcon.colcon_core.package_identification[0m [1;30mLevel 1[0m _identify(run_log/2026-03-16-23-53-37-123739-ubuntu-6869) by extension 'python_setup_py'
[0.378s] [34mcolcon.colcon_core.package_identification[0m [1;30mLevel 1[0m _identify(run_log/2026-03-17-00-58-51-937711-ubuntu-8327) by extensions ['ignore', 'ignore_ament_install']
[0.378s] [34mcolcon.colcon_core.package_identification[0m [1;30mLevel 1[0m _identify(run_log/2026-03-17-00-58-51-937711-ubuntu-8327) by extension 'ignore'
[0.378s] [34mcolcon.colcon_core.package_identification[0m [1;30mLevel 1[0m _identify(run_log/2026-03-17-00-58-51-937711-ubuntu-8327) by extension 'ignore_ament_install'
[0.378s] [34mcolcon.colcon_core.package_identification[0m [1;30mLevel 1[0m _identify(run_log/2026-03-17-00-58-51-937711-ubuntu-8327) by extensions ['colcon_pkg']
[0.378s] [34mcolcon.colcon_core.package_identification[0m [1;30mLevel 1[0m _identify(run_log/2026-03-17-00-58-51-937711-ubuntu-8327) by extension 'colcon_pkg'
[0.378s] [34mcolcon.colcon_core.package_identification[0m [1;30mLevel 1[0m _identify(run_log/2026-03-17-00-58-51-937711-ubuntu-8327) by extensions ['colcon_meta']
[0.378s] [34mcolcon.colcon_core.package_identification[0m [1;30mLevel 1[0m _identify(run_log/2026-03-17-00-58-51-937711-ubuntu-8327) by extension 'colcon_meta'
[0.378s] [34mcolcon.colcon_core.package_identification[0m [1;30mLevel 1[0m _identify(run_log/2026-03-17-00-58-51-937711-ubuntu-8327) by extensions ['ros']
[0.378s] [34mcolcon.colcon_core.package_identification[0m [1;30mLevel 1[0m _identify(run_log/2026-03-17-00-58-51-937711-ubuntu-8327) by extension 'ros'
[0.379s] [34mcolcon.colcon_core.package_identification[0m [1;30mLevel 1[0m _identify(run_log/2026-03-17-00-58-51-937711-ubuntu-8327) by extensions ['cmake', 'python']
[0.379s] [34mcolcon.colcon_core.package_identification[0m [1;30mLevel 1[0m _identify(run_log/2026-03-17-00-58-51-937711-ubuntu-8327) by extension 'cmake'
[0.379s] [34mcolcon.colcon_core.package_identification[0m [1;30mLevel 1[0m _identify(run_log/2026-03-17-00-58-51-937711-ubuntu-8327) by extension 'python'
[0.379s] [34mcolcon.colcon_core.package_identification[0m [1;30mLevel 1[0m _identify(run_log/2026-03-17-00-58-51-937711-ubuntu-8327) by extensions ['python_setup_py']
[0.379s] [34mcolcon.colcon_core.package_identification[0m [1;30mLevel 1[0m _identify(run_log/2026-03-17-00-58-51-937711-ubuntu-8327) by extension 'python_setup_py'
[0.379s] [34mcolcon.colcon_core.package_identification[0m [1;30mLevel 1[0m _identify(run_log/2026-03-17-01-02-02-536444-ubuntu-8725) by extensions ['ignore', 'ignore_ament_install']
[0.379s] [34mcolcon.colcon_core.package_identification[0m [1;30mLevel 1[0m _identify(run_log/2026-03-17-01-02-02-536444-ubuntu-8725) by extension 'ignore'
[0.379s] [34mcolcon.colcon_core.package_identification[0m [1;30mLevel 1[0m _identify(run_log/2026-03-17-01-02-02-536444-ubuntu-8725) by extension 'ignore_ament_install'
[0.379s] [34mcolcon.colcon_core.package_identification[0m [1;30mLevel 1[0m _identify(run_log/2026-03-17-01-02-02-536444-ubuntu-8725) by extensions ['colcon_pkg']
[0.379s] [34mcolcon.colcon_core.package_identification[0m [1;30mLevel 1[0m _identify(run_log/2026-03-17-01-02-02-536444-ubuntu-8725) by extension 'colcon_pkg'
[0.379s] [34mcolcon.colcon_core.package_identification[0m [1;30mLevel 1[0m _identify(run_log/2026-03-17-01-02-02-536444-ubuntu-8725) by extensions ['colcon_meta']
[0.379s] [34mcolcon.colcon_core.package_identification[0m [1;30mLevel 1[0m _identify(run_log/2026-03-17-01-02-02-536444-ubuntu-8725) by extension 'colcon_meta'
[0.379s] [34mcolcon.colcon_core.package_identification[0m [1;30mLevel 1[0m _identify(run_log/2026-03-17-01-02-02-536444-ubuntu-8725) by extensions ['ros']
[0.379s] [34mcolcon.colcon_core.package_identification[0m [1;30mLevel 1[0m _identify(run_log/2026-03-17-01-02-02-536444-ubuntu-8725) by extension 'ros'
[0.379s] [34mcolcon.colcon_core.package_identification[0m [1;30mLevel 1[0m _identify(run_log/2026-03-17-01-02-02-536444-ubuntu-8725) by extensions ['cmake', 'python']
[0.379s] [34mcolcon.colcon_core.package_identification[0m [1;30mLevel 1[0m _identify(run_log/2026-03-17-01-02-02-536444-ubuntu-8725) by extension 'cmake'
[0.379s] [34mcolcon.colcon_core.package_identification[0m [1;30mLevel 1[0m _identify(run_log/2026-03-17-01-02-02-536444-ubuntu-8725) by extension 'python'
[0.379s] [34mcolcon.colcon_core.package_identification[0m [1;30mLevel 1[0m _identify(run_log/2026-03-17-01-02-02-536444-ubuntu-8725) by extensions ['python_setup_py']
[0.379s] [34mcolcon.colcon_core.package_identification[0m [1;30mLevel 1[0m _identify(run_log/2026-03-17-01-02-02-536444-ubuntu-8725) by extension 'python_setup_py'
[0.379s] [34mcolcon.colcon_core.package_identification[0m [1;30mLevel 1[0m _identify(run_log/2026-03-17-05-36-09-120523-ubuntu-4345) by extensions ['ignore', 'ignore_ament_install']
[0.379s] [34mcolcon.colcon_core.package_identification[0m [1;30mLevel 1[0m _identify(run_log/2026-03-17-05-36-09-120523-ubuntu-4345) by extension 'ignore'
[0.379s] [34mcolcon.colcon_core.package_identification[0m [1;30mLevel 1[0m _identify(run_log/2026-03-17-05-36-09-120523-ubuntu-4345) by extension 'ignore_ament_install'
[0.379s] [34mcolcon.colcon_core.package_identification[0m [1;30mLevel 1[0m _identify(run_log/2026-03-17-05-36-09-120523-ubuntu-4345) by extensions ['colcon_pkg']
[0.379s] [34mcolcon.colcon_core.package_identification[0m [1;30mLevel 1[0m _identify(run_log/2026-03-17-05-36-09-120523-ubuntu-4345) by extension 'colcon_pkg'
[0.379s] [34mcolcon.colcon_core.package_identification[0m [1;30mLevel 1[0m _identify(run_log/2026-03-17-05-36-09-120523-ubuntu-4345) by extensions ['colcon_meta']
[0.379s] [34mcolcon.colcon_core.package_identification[0m [1;30mLevel 1[0m _identify(run_log/2026-03-17-05-36-09-120523-ubuntu-4345) by extension 'colcon_meta'
[0.380s] [34mcolcon.colcon_core.package_identification[0m [1;30mLevel 1[0m _identify(run_log/2026-03-17-05-36-09-120523-ubuntu-4345) by extensions ['ros']
[0.380s] [34mcolcon.colcon_core.package_identification[0m [1;30mLevel 1[0m _identify(run_log/2026-03-17-05-36-09-120523-ubuntu-4345) by extension 'ros'
[0.380s] [34mcolcon.colcon_core.package_identification[0m [1;30mLevel 1[0m _identify(run_log/2026-03-17-05-36-09-120523-ubuntu-4345) by extensions ['cmake', 'python']
[0.380s] [34mcolcon.colcon_core.package_identification[0m [1;30mLevel 1[0m _identify(run_log/2026-03-17-05-36-09-120523-ubuntu-4345) by extension 'cmake'
[0.380s] [34mcolcon.colcon_core.package_identification[0m [1;30mLevel 1[0m _identify(run_log/2026-03-17-05-36-09-120523-ubuntu-4345) by extension 'python'
[0.380s] [34mcolcon.colcon_core.package_identification[0m [1;30mLevel 1[0m _identify(run_log/2026-03-17-05-36-09-120523-ubuntu-4345) by extensions ['python_setup_py']
[0.380s] [34mcolcon.colcon_core.package_identification[0m [1;30mLevel 1[0m _identify(run_log/2026-03-17-05-36-09-120523-ubuntu-4345) by extension 'python_setup_py'
[0.380s] [34mcolcon.colcon_core.package_identification[0m [1;30mLevel 1[0m _identify(run_log/2026-03-17-09-11-40-012504-ubuntu-8127) by extensions ['ignore', 'ignore_ament_install']
[0.380s] [34mcolcon.colcon_core.package_identification[0m [1;30mLevel 1[0m _identify(run_log/2026-03-17-09-11-40-012504-ubuntu-8127) by extension 'ignore'
[0.380s] [34mcolcon.colcon_core.package_identification[0m [1;30mLevel 1[0m _identify(run_log/2026-03-17-09-11-40-012504-ubuntu-8127) by extension 'ignore_ament_install'
[0.380s] [34mcolcon.colcon_core.package_identification[0m [1;30mLevel 1[0m _identify(run_log/2026-03-17-09-11-40-012504-ubuntu-8127) by extensions ['colcon_pkg']
[0.380s] [34mcolcon.colcon_core.package_identification[0m [1;30mLevel 1[0m _identify(run_log/2026-03-17-09-11-40-012504-ubuntu-8127) by extension 'colcon_pkg'
[0.380s] [34mcolcon.colcon_core.package_identification[0m [1;30mLevel 1[0m _identify(run_log/2026-03-17-09-11-40-012504-ubuntu-8127) by extensions ['colcon_meta']
[0.380s] [34mcolcon.colcon_core.package_identification[0m [1;30mLevel 1[0m _identify(run_log/2026-03-17-09-11-40-012504-ubuntu-8127) by extension 'colcon_meta'
[0.380s] [34mcolcon.colcon_core.package_identification[0m [1;30mLevel 1[0m _identify(run_log/2026-03-17-09-11-40-012504-ubuntu-8127) by extensions ['ros']
[0.380s] [34mcolcon.colcon_core.package_identification[0m [1;30mLevel 1[0m _identify(run_log/2026-03-17-09-11-40-012504-ubuntu-8127) by extension 'ros'
[0.380s] [34mcolcon.colcon_core.package_identification[0m [1;30mLevel 1[0m _identify(run_log/2026-03-17-09-11-40-012504-ubuntu-8127) by extensions ['cmake', 'python']
[0.380s] [34mcolcon.colcon_core.package_identification[0m [1;30mLevel 1[0m _identify(run_log/2026-03-17-09-11-40-012504-ubuntu-8127) by extension 'cmake'
[0.380s] [34mcolcon.colcon_core.package_identification[0m [1;30mLevel 1[0m _identify(run_log/2026-03-17-09-11-40-012504-ubuntu-8127) by extension 'python'
[0.380s] [34mcolcon.colcon_core.package_identification[0m [1;30mLevel 1[0m _identify(run_log/2026-03-17-09-11-40-012504-ubuntu-8127) by extensions ['python_setup_py']
[0.380s] [34mcolcon.colcon_core.package_identification[0m [1;30mLevel 1[0m _identify(run_log/2026-03-17-09-11-40-012504-ubuntu-8127) by extension 'python_setup_py'
[0.380s] [34mcolcon.colcon_core.package_identification[0m [1;30mLevel 1[0m _identify(run_log/2026-03-18-05-23-49-174873-ubuntu-4119) by extensions ['ignore', 'ignore_ament_install']
[0.380s] [34mcolcon.colcon_core.package_identification[0m [1;30mLevel 1[0m _identify(run_log/2026-03-18-05-23-49-174873-ubuntu-4119) by extension 'ignore'
[0.381s] [34mcolcon.colcon_core.package_identification[0m [1;30mLevel 1[0m _identify(run_log/2026-03-18-05-23-49-174873-ubuntu-4119) by extension 'ignore_ament_install'
[0.381s] [34mcolcon.colcon_core.package_identification[0m [1;30mLevel 1[0m _identify(run_log/2026-03-18-05-23-49-174873-ubuntu-4119) by extensions ['colcon_pkg']
[0.381s] [34mcolcon.colcon_core.package_identification[0m [1;30mLevel 1[0m _identify(run_log/2026-03-18-05-23-49-174873-ubuntu-4119) by extension 'colcon_pkg'
[0.381s] [34mcolcon.colcon_core.package_identification[0m [1;30mLevel 1[0m _identify(run_log/2026-03-18-05-23-49-174873-ubuntu-4119) by extensions ['colcon_meta']
[0.381s] [34mcolcon.colcon_core.package_identification[0m [1;30mLevel 1[0m _identify(run_log/2026-03-18-05-23-49-174873-ubuntu-4119) by extension 'colcon_meta'
[0.381s] [34mcolcon.colcon_core.package_identification[0m [1;30mLevel 1[0m _identify(run_log/2026-03-18-05-23-49-174873-ubuntu-4119) by extensions ['ros']
[0.381s] [34mcolcon.colcon_core.package_identification[0m [1;30mLevel 1[0m _identify(run_log/2026-03-18-05-23-49-174873-ubuntu-4119) by extension 'ros'
[0.381s] [34mcolcon.colcon_core.package_identification[0m [1;30mLevel 1[0m _identify(run_log/2026-03-18-05-23-49-174873-ubuntu-4119) by extensions ['cmake', 'python']
[0.381s] [34mcolcon.colcon_core.package_identification[0m [1;30mLevel 1[0m _identify(run_log/2026-03-18-05-23-49-174873-ubuntu-4119) by extension 'cmake'
[0.381s] [34mcolcon.colcon_core.package_identification[0m [1;30mLevel 1[0m _identify(run_log/2026-03-18-05-23-49-174873-ubuntu-4119) by extension 'python'
[0.381s] [34mcolcon.colcon_core.package_identification[0m [1;30mLevel 1[0m _identify(run_log/2026-03-18-05-23-49-174873-ubuntu-4119) by extensions ['python_setup_py']
[0.381s] [34mcolcon.colcon_core.package_identification[0m [1;30mLevel 1[0m _identify(run_log/2026-03-18-05-23-49-174873-ubuntu-4119) by extension 'python_setup_py'
[0.381s] [34mcolcon.colcon_core.package_identification[0m [1;30mLevel 1[0m _identify(run_log/2026-03-18-06-43-01-499731-ubuntu-6150) by extensions ['ignore', 'ignore_ament_install']
[0.381s] [34mcolcon.colcon_core.package_identification[0m [1;30mLevel 1[0m _identify(run_log/2026-03-18-06-43-01-499731-ubuntu-6150) by extension 'ignore'
[0.381s] [34mcolcon.colcon_core.package_identification[0m [1;30mLevel 1[0m _identify(run_log/2026-03-18-06-43-01-499731-ubuntu-6150) by extension 'ignore_ament_install'
[0.381s] [34mcolcon.colcon_core.package_identification[0m [1;30mLevel 1[0m _identify(run_log/2026-03-18-06-43-01-499731-ubuntu-6150) by extensions ['colcon_pkg']
[0.381s] [34mcolcon.colcon_core.package_identification[0m [1;30mLevel 1[0m _identify(run_log/2026-03-18-06-43-01-499731-ubuntu-6150) by extension 'colcon_pkg'
[0.381s] [34mcolcon.colcon_core.package_identification[0m [1;30mLevel 1[0m _identify(run_log/2026-03-18-06-43-01-499731-ubuntu-6150) by extensions ['colcon_meta']
[0.381s] [34mcolcon.colcon_core.package_identification[0m [1;30mLevel 1[0m _identify(run_log/2026-03-18-06-43-01-499731-ubuntu-6150) by extension 'colcon_meta'
[0.381s] [34mcolcon.colcon_core.package_identification[0m [1;30mLevel 1[0m _identify(run_log/2026-03-18-06-43-01-499731-ubuntu-6150) by extensions ['ros']
[0.381s] [34mcolcon.colcon_core.package_identification[0m [1;30mLevel 1[0m _identify(run_log/2026-03-18-06-43-01-499731-ubuntu-6150) by extension 'ros'
[0.381s] [34mcolcon.colcon_core.package_identification[0m [1;30mLevel 1[0m _identify(run_log/2026-03-18-06-43-01-499731-ubuntu-6150) by extensions ['cmake', 'python']
[0.381s] [34mcolcon.colcon_core.package_identification[0m [1;30mLevel 1[0m _identify(run_log/2026-03-18-06-43-01-499731-ubuntu-6150) by extension 'cmake'
[0.381s] [34mcolcon.colcon_core.package_identification[0m [1;30mLevel 1[0m _identify(run_log/2026-03-18-06-43-01-499731-ubuntu-6150) by extension 'python'
[0.381s] [34mcolcon.colcon_core.package_identification[0m [1;30mLevel 1[0m _identify(run_log/2026-03-18-06-43-01-499731-ubuntu-6150) by extensions ['python_setup_py']
[0.381s] [34mcolcon.colcon_core.package_identification[0m [1;30mLevel 1[0m _identify(run_log/2026-03-18-06-43-01-499731-ubuntu-6150) by extension 'python_setup_py'
[0.381s] [34mcolcon.colcon_core.package_identification[0m [1;30mLevel 1[0m _identify(run_log/2026-03-18-23-46-44-752969-ubuntu-4026) by extensions ['ignore', 'ignore_ament_install']
[0.382s] [34mcolcon.colcon_core.package_identification[0m [1;30mLevel 1[0m _identify(run_log/2026-03-18-23-46-44-752969-ubuntu-4026) by extension 'ignore'
[0.382s] [34mcolcon.colcon_core.package_identification[0m [1;30mLevel 1[0m _identify(run_log/2026-03-18-23-46-44-752969-ubuntu-4026) by extension 'ignore_ament_install'
[0.382s] [34mcolcon.colcon_core.package_identification[0m [1;30mLevel 1[0m _identify(run_log/2026-03-18-23-46-44-752969-ubuntu-4026) by extensions ['colcon_pkg']
[0.382s] [34mcolcon.colcon_core.package_identification[0m [1;30mLevel 1[0m _identify(run_log/2026-03-18-23-46-44-752969-ubuntu-4026) by extension 'colcon_pkg'
[0.382s] [34mcolcon.colcon_core.package_identification[0m [1;30mLevel 1[0m _identify(run_log/2026-03-18-23-46-44-752969-ubuntu-4026) by extensions ['colcon_meta']
[0.382s] [34mcolcon.colcon_core.package_identification[0m [1;30mLevel 1[0m _identify(run_log/2026-03-18-23-46-44-752969-ubuntu-4026) by extension 'colcon_meta'
[0.382s] [34mcolcon.colcon_core.package_identification[0m [1;30mLevel 1[0m _identify(run_log/2026-03-18-23-46-44-752969-ubuntu-4026) by extensions ['ros']
[0.382s] [34mcolcon.colcon_core.package_identification[0m [1;30mLevel 1[0m _identify(run_log/2026-03-18-23-46-44-752969-ubuntu-4026) by extension 'ros'
[0.382s] [34mcolcon.colcon_core.package_identification[0m [1;30mLevel 1[0m _identify(run_log/2026-03-18-23-46-44-752969-ubuntu-4026) by extensions ['cmake', 'python']
[0.382s] [34mcolcon.colcon_core.package_identification[0m [1;30mLevel 1[0m _identify(run_log/2026-03-18-23-46-44-752969-ubuntu-4026) by extension 'cmake'
[0.382s] [34mcolcon.colcon_core.package_identification[0m [1;30mLevel 1[0m _identify(run_log/2026-03-18-23-46-44-752969-ubuntu-4026) by extension 'python'
[0.382s] [34mcolcon.colcon_core.package_identification[0m [1;30mLevel 1[0m _identify(run_log/2026-03-18-23-46-44-752969-ubuntu-4026) by extensions ['python_setup_py']
[0.382s] [34mcolcon.colcon_core.package_identification[0m [1;30mLevel 1[0m _identify(run_log/2026-03-18-23-46-44-752969-ubuntu-4026) by extension 'python_setup_py'
[0.382s] [34mcolcon.colcon_core.package_identification[0m [1;30mLevel 1[0m _identify(run_log/2026-03-19-07-30-30-911583-ubuntu-4592) by extensions ['ignore', 'ignore_ament_install']
[0.382s] [34mcolcon.colcon_core.package_identification[0m [1;30mLevel 1[0m _identify(run_log/2026-03-19-07-30-30-911583-ubuntu-4592) by extension 'ignore'
[0.382s] [34mcolcon.colcon_core.package_identification[0m [1;30mLevel 1[0m _identify(run_log/2026-03-19-07-30-30-911583-ubuntu-4592) by extension 'ignore_ament_install'
[0.382s] [34mcolcon.colcon_core.package_identification[0m [1;30mLevel 1[0m _identify(run_log/2026-03-19-07-30-30-911583-ubuntu-4592) by extensions ['colcon_pkg']
[0.382s] [34mcolcon.colcon_core.package_identification[0m [1;30mLevel 1[0m _identify(run_log/2026-03-19-07-30-30-911583-ubuntu-4592) by extension 'colcon_pkg'
[0.382s] [34mcolcon.colcon_core.package_identification[0m [1;30mLevel 1[0m _identify(run_log/2026-03-19-07-30-30-911583-ubuntu-4592) by extensions ['colcon_meta']
[0.382s] [34mcolcon.colcon_core.package_identification[0m [1;30mLevel 1[0m _identify(run_log/2026-03-19-07-30-30-911583-ubuntu-4592) by extension 'colcon_meta'
[0.382s] [34mcolcon.colcon_core.package_identification[0m [1;30mLevel 1[0m _identify(run_log/2026-03-19-07-30-30-911583-ubuntu-4592) by extensions ['ros']
[0.382s] [34mcolcon.colcon_core.package_identification[0m [1;30mLevel 1[0m _identify(run_log/2026-03-19-07-30-30-911583-ubuntu-4592) by extension 'ros'
[0.382s] [34mcolcon.colcon_core.package_identification[0m [1;30mLevel 1[0m _identify(run_log/2026-03-19-07-30-30-911583-ubuntu-4592) by extensions ['cmake', 'python']
[0.382s] [34mcolcon.colcon_core.package_identification[0m [1;30mLevel 1[0m _identify(run_log/2026-03-19-07-30-30-911583-ubuntu-4592) by extension 'cmake'
[0.382s] [34mcolcon.colcon_core.package_identification[0m [1;30mLevel 1[0m _identify(run_log/2026-03-19-07-30-30-911583-ubuntu-4592) by extension 'python'
[0.382s] [34mcolcon.colcon_core.package_identification[0m [1;30mLevel 1[0m _identify(run_log/2026-03-19-07-30-30-911583-ubuntu-4592) by extensions ['python_setup_py']
[0.382s] [34mcolcon.colcon_core.package_identification[0m [1;30mLevel 1[0m _identify(run_log/2026-03-19-07-30-30-911583-ubuntu-4592) by extension 'python_setup_py'
[0.382s] [34mcolcon.colcon_core.package_identification[0m [1;30mLevel 1[0m _identify(run_log/2026-03-19-08-14-01-718412-ubuntu-5480) by extensions ['ignore', 'ignore_ament_install']
[0.383s] [34mcolcon.colcon_core.package_identification[0m [1;30mLevel 1[0m _identify(run_log/2026-03-19-08-14-01-718412-ubuntu-5480) by extension 'ignore'
[0.383s] [34mcolcon.colcon_core.package_identification[0m [1;30mLevel 1[0m _identify(run_log/2026-03-19-08-14-01-718412-ubuntu-5480) by extension 'ignore_ament_install'
[0.383s] [34mcolcon.colcon_core.package_identification[0m [1;30mLevel 1[0m _identify(run_log/2026-03-19-08-14-01-718412-ubuntu-5480) by extensions ['colcon_pkg']
[0.383s] [34mcolcon.colcon_core.package_identification[0m [1;30mLevel 1[0m _identify(run_log/2026-03-19-08-14-01-718412-ubuntu-5480) by extension 'colcon_pkg'
[0.383s] [34mcolcon.colcon_core.package_identification[0m [1;30mLevel 1[0m _identify(run_log/2026-03-19-08-14-01-718412-ubuntu-5480) by extensions ['colcon_meta']
[0.383s] [34mcolcon.colcon_core.package_identification[0m [1;30mLevel 1[0m _identify(run_log/2026-03-19-08-14-01-718412-ubuntu-5480) by extension 'colcon_meta'
[0.383s] [34mcolcon.colcon_core.package_identification[0m [1;30mLevel 1[0m _identify(run_log/2026-03-19-08-14-01-718412-ubuntu-5480) by extensions ['ros']
[0.383s] [34mcolcon.colcon_core.package_identification[0m [1;30mLevel 1[0m _identify(run_log/2026-03-19-08-14-01-718412-ubuntu-5480) by extension 'ros'
[0.383s] [34mcolcon.colcon_core.package_identification[0m [1;30mLevel 1[0m _identify(run_log/2026-03-19-08-14-01-718412-ubuntu-5480) by extensions ['cmake', 'python']
[0.383s] [34mcolcon.colcon_core.package_identification[0m [1;30mLevel 1[0m _identify(run_log/2026-03-19-08-14-01-718412-ubuntu-5480) by extension 'cmake'
[0.383s] [34mcolcon.colcon_core.package_identification[0m [1;30mLevel 1[0m _identify(run_log/2026-03-19-08-14-01-718412-ubuntu-5480) by extension 'python'
[0.383s] [34mcolcon.colcon_core.package_identification[0m [1;30mLevel 1[0m _identify(run_log/2026-03-19-08-14-01-718412-ubuntu-5480) by extensions ['python_setup_py']
[0.383s] [34mcolcon.colcon_core.package_identification[0m [1;30mLevel 1[0m _identify(run_log/2026-03-19-08-14-01-718412-ubuntu-5480) by extension 'python_setup_py'
[0.383s] [34mcolcon.colcon_core.package_identification[0m [1;30mLevel 1[0m _identify(run_log/2026-03-19-08-21-16-966643-ubuntu-5966) by extensions ['ignore', 'ignore_ament_install']
[0.383s] [34mcolcon.colcon_core.package_identification[0m [1;30mLevel 1[0m _identify(run_log/2026-03-19-08-21-16-966643-ubuntu-5966) by extension 'ignore'
[0.383s] [34mcolcon.colcon_core.package_identification[0m [1;30mLevel 1[0m _identify(run_log/2026-03-19-08-21-16-966643-ubuntu-5966) by extension 'ignore_ament_install'
[0.383s] [34mcolcon.colcon_core.package_identification[0m [1;30mLevel 1[0m _identify(run_log/2026-03-19-08-21-16-966643-ubuntu-5966) by extensions ['colcon_pkg']
[0.383s] [34mcolcon.colcon_core.package_identification[0m [1;30mLevel 1[0m _identify(run_log/2026-03-19-08-21-16-966643-ubuntu-5966) by extension 'colcon_pkg'
[0.383s] [34mcolcon.colcon_core.package_identification[0m [1;30mLevel 1[0m _identify(run_log/2026-03-19-08-21-16-966643-ubuntu-5966) by extensions ['colcon_meta']
[0.383s] [34mcolcon.colcon_core.package_identification[0m [1;30mLevel 1[0m _identify(run_log/2026-03-19-08-21-16-966643-ubuntu-5966) by extension 'colcon_meta'
[0.383s] [34mcolcon.colcon_core.package_identification[0m [1;30mLevel 1[0m _identify(run_log/2026-03-19-08-21-16-966643-ubuntu-5966) by extensions ['ros']
[0.383s] [34mcolcon.colcon_core.package_identification[0m [1;30mLevel 1[0m _identify(run_log/2026-03-19-08-21-16-966643-ubuntu-5966) by extension 'ros'
[0.383s] [34mcolcon.colcon_core.package_identification[0m [1;30mLevel 1[0m _identify(run_log/2026-03-19-08-21-16-966643-ubuntu-5966) by extensions ['cmake', 'python']
[0.383s] [34mcolcon.colcon_core.package_identification[0m [1;30mLevel 1[0m _identify(run_log/2026-03-19-08-21-16-966643-ubuntu-5966) by extension 'cmake'
[0.383s] [34mcolcon.colcon_core.package_identification[0m [1;30mLevel 1[0m _identify(run_log/2026-03-19-08-21-16-966643-ubuntu-5966) by extension 'python'
[0.383s] [34mcolcon.colcon_core.package_identification[0m [1;30mLevel 1[0m _identify(run_log/2026-03-19-08-21-16-966643-ubuntu-5966) by extensions ['python_setup_py']
[0.383s] [34mcolcon.colcon_core.package_identification[0m [1;30mLevel 1[0m _identify(run_log/2026-03-19-08-21-16-966643-ubuntu-5966) by extension 'python_setup_py'
[0.384s] [34mcolcon.colcon_core.package_identification[0m [1;30mLevel 1[0m _identify(run_log/2026-03-19-08-36-48-762225-ubuntu-6944) by extensions ['ignore', 'ignore_ament_install']
[0.384s] [34mcolcon.colcon_core.package_identification[0m [1;30mLevel 1[0m _identify(run_log/2026-03-19-08-36-48-762225-ubuntu-6944) by extension 'ignore'
[0.384s] [34mcolcon.colcon_core.package_identification[0m [1;30mLevel 1[0m _identify(run_log/2026-03-19-08-36-48-762225-ubuntu-6944) by extension 'ignore_ament_install'
[0.384s] [34mcolcon.colcon_core.package_identification[0m [1;30mLevel 1[0m _identify(run_log/2026-03-19-08-36-48-762225-ubuntu-6944) by extensions ['colcon_pkg']
[0.384s] [34mcolcon.colcon_core.package_identification[0m [1;30mLevel 1[0m _identify(run_log/2026-03-19-08-36-48-762225-ubuntu-6944) by extension 'colcon_pkg'
[0.384s] [34mcolcon.colcon_core.package_identification[0m [1;30mLevel 1[0m _identify(run_log/2026-03-19-08-36-48-762225-ubuntu-6944) by extensions ['colcon_meta']
[0.384s] [34mcolcon.colcon_core.package_identification[0m [1;30mLevel 1[0m _identify(run_log/2026-03-19-08-36-48-762225-ubuntu-6944) by extension 'colcon_meta'
[0.384s] [34mcolcon.colcon_core.package_identification[0m [1;30mLevel 1[0m _identify(run_log/2026-03-19-08-36-48-762225-ubuntu-6944) by extensions ['ros']
[0.384s] [34mcolcon.colcon_core.package_identification[0m [1;30mLevel 1[0m _identify(run_log/2026-03-19-08-36-48-762225-ubuntu-6944) by extension 'ros'
[0.384s] [34mcolcon.colcon_core.package_identification[0m [1;30mLevel 1[0m _identify(run_log/2026-03-19-08-36-48-762225-ubuntu-6944) by extensions ['cmake', 'python']
[0.384s] [34mcolcon.colcon_core.package_identification[0m [1;30mLevel 1[0m _identify(run_log/2026-03-19-08-36-48-762225-ubuntu-6944) by extension 'cmake'
[0.384s] [34mcolcon.colcon_core.package_identification[0m [1;30mLevel 1[0m _identify(run_log/2026-03-19-08-36-48-762225-ubuntu-6944) by extension 'python'
[0.384s] [34mcolcon.colcon_core.package_identification[0m [1;30mLevel 1[0m _identify(run_log/2026-03-19-08-36-48-762225-ubuntu-6944) by extensions ['python_setup_py']
[0.384s] [34mcolcon.colcon_core.package_identification[0m [1;30mLevel 1[0m _identify(run_log/2026-03-19-08-36-48-762225-ubuntu-6944) by extension 'python_setup_py'
[0.384s] [34mcolcon.colcon_core.package_identification[0m [1;30mLevel 1[0m _identify(run_log/2026-03-20-06-37-13-569241-ubuntu-6381) by extensions ['ignore', 'ignore_ament_install']
[0.384s] [34mcolcon.colcon_core.package_identification[0m [1;30mLevel 1[0m _identify(run_log/2026-03-20-06-37-13-569241-ubuntu-6381) by extension 'ignore'
[0.384s] [34mcolcon.colcon_core.package_identification[0m [1;30mLevel 1[0m _identify(run_log/2026-03-20-06-37-13-569241-ubuntu-6381) by extension 'ignore_ament_install'
[0.384s] [34mcolcon.colcon_core.package_identification[0m [1;30mLevel 1[0m _identify(run_log/2026-03-20-06-37-13-569241-ubuntu-6381) by extensions ['colcon_pkg']
[0.384s] [34mcolcon.colcon_core.package_identification[0m [1;30mLevel 1[0m _identify(run_log/2026-03-20-06-37-13-569241-ubuntu-6381) by extension 'colcon_pkg'
[0.384s] [34mcolcon.colcon_core.package_identification[0m [1;30mLevel 1[0m _identify(run_log/2026-03-20-06-37-13-569241-ubuntu-6381) by extensions ['colcon_meta']
[0.384s] [34mcolcon.colcon_core.package_identification[0m [1;30mLevel 1[0m _identify(run_log/2026-03-20-06-37-13-569241-ubuntu-6381) by extension 'colcon_meta'
[0.384s] [34mcolcon.colcon_core.package_identification[0m [1;30mLevel 1[0m _identify(run_log/2026-03-20-06-37-13-569241-ubuntu-6381) by extensions ['ros']
[0.384s] [34mcolcon.colcon_core.package_identification[0m [1;30mLevel 1[0m _identify(run_log/2026-03-20-06-37-13-569241-ubuntu-6381) by extension 'ros'
[0.384s] [34mcolcon.colcon_core.package_identification[0m [1;30mLevel 1[0m _identify(run_log/2026-03-20-06-37-13-569241-ubuntu-6381) by extensions ['cmake', 'python']
[0.384s] [34mcolcon.colcon_core.package_identification[0m [1;30mLevel 1[0m _identify(run_log/2026-03-20-06-37-13-569241-ubuntu-6381) by extension 'cmake'
[0.385s] [34mcolcon.colcon_core.package_identification[0m [1;30mLevel 1[0m _identify(run_log/2026-03-20-06-37-13-569241-ubuntu-6381) by extension 'python'
[0.385s] [34mcolcon.colcon_core.package_identification[0m [1;30mLevel 1[0m _identify(run_log/2026-03-20-06-37-13-569241-ubuntu-6381) by extensions ['python_setup_py']
[0.385s] [34mcolcon.colcon_core.package_identification[0m [1;30mLevel 1[0m _identify(run_log/2026-03-20-06-37-13-569241-ubuntu-6381) by extension 'python_setup_py'
[0.385s] [34mcolcon.colcon_core.package_identification[0m [1;30mLevel 1[0m _identify(run_log/2026-03-21-22-48-25-620730-ubuntu-4301) by extensions ['ignore', 'ignore_ament_install']
[0.385s] [34mcolcon.colcon_core.package_identification[0m [1;30mLevel 1[0m _identify(run_log/2026-03-21-22-48-25-620730-ubuntu-4301) by extension 'ignore'
[0.385s] [34mcolcon.colcon_core.package_identification[0m [1;30mLevel 1[0m _identify(run_log/2026-03-21-22-48-25-620730-ubuntu-4301) by extension 'ignore_ament_install'
[0.385s] [34mcolcon.colcon_core.package_identification[0m [1;30mLevel 1[0m _identify(run_log/2026-03-21-22-48-25-620730-ubuntu-4301) by extensions ['colcon_pkg']
[0.385s] [34mcolcon.colcon_core.package_identification[0m [1;30mLevel 1[0m _identify(run_log/2026-03-21-22-48-25-620730-ubuntu-4301) by extension 'colcon_pkg'
[0.385s] [34mcolcon.colcon_core.package_identification[0m [1;30mLevel 1[0m _identify(run_log/2026-03-21-22-48-25-620730-ubuntu-4301) by extensions ['colcon_meta']
[0.385s] [34mcolcon.colcon_core.package_identification[0m [1;30mLevel 1[0m _identify(run_log/2026-03-21-22-48-25-620730-ubuntu-4301) by extension 'colcon_meta'
[0.385s] [34mcolcon.colcon_core.package_identification[0m [1;30mLevel 1[0m _identify(run_log/2026-03-21-22-48-25-620730-ubuntu-4301) by extensions ['ros']
[0.385s] [34mcolcon.colcon_core.package_identification[0m [1;30mLevel 1[0m _identify(run_log/2026-03-21-22-48-25-620730-ubuntu-4301) by extension 'ros'
[0.385s] [34mcolcon.colcon_core.package_identification[0m [1;30mLevel 1[0m _identify(run_log/2026-03-21-22-48-25-620730-ubuntu-4301) by extensions ['cmake', 'python']
[0.385s] [34mcolcon.colcon_core.package_identification[0m [1;30mLevel 1[0m _identify(run_log/2026-03-21-22-48-25-620730-ubuntu-4301) by extension 'cmake'
[0.385s] [34mcolcon.colcon_core.package_identification[0m [1;30mLevel 1[0m _identify(run_log/2026-03-21-22-48-25-620730-ubuntu-4301) by extension 'python'
[0.385s] [34mcolcon.colcon_core.package_identification[0m [1;30mLevel 1[0m _identify(run_log/2026-03-21-22-48-25-620730-ubuntu-4301) by extensions ['python_setup_py']
[0.385s] [34mcolcon.colcon_core.package_identification[0m [1;30mLevel 1[0m _identify(run_log/2026-03-21-22-48-25-620730-ubuntu-4301) by extension 'python_setup_py'
[0.386s] [34mcolcon.colcon_core.package_identification[0m [1;30mLevel 1[0m _identify(run_log/2026-03-21-22-58-06-123988-ubuntu-5422) by extensions ['ignore', 'ignore_ament_install']
[0.386s] [34mcolcon.colcon_core.package_identification[0m [1;30mLevel 1[0m _identify(run_log/2026-03-21-22-58-06-123988-ubuntu-5422) by extension 'ignore'
[0.386s] [34mcolcon.colcon_core.package_identification[0m [1;30mLevel 1[0m _identify(run_log/2026-03-21-22-58-06-123988-ubuntu-5422) by extension 'ignore_ament_install'
[0.386s] [34mcolcon.colcon_core.package_identification[0m [1;30mLevel 1[0m _identify(run_log/2026-03-21-22-58-06-123988-ubuntu-5422) by extensions ['colcon_pkg']
[0.386s] [34mcolcon.colcon_core.package_identification[0m [1;30mLevel 1[0m _identify(run_log/2026-03-21-22-58-06-123988-ubuntu-5422) by extension 'colcon_pkg'
[0.386s] [34mcolcon.colcon_core.package_identification[0m [1;30mLevel 1[0m _identify(run_log/2026-03-21-22-58-06-123988-ubuntu-5422) by extensions ['colcon_meta']
[0.386s] [34mcolcon.colcon_core.package_identification[0m [1;30mLevel 1[0m _identify(run_log/2026-03-21-22-58-06-123988-ubuntu-5422) by extension 'colcon_meta'
[0.386s] [34mcolcon.colcon_core.package_identification[0m [1;30mLevel 1[0m _identify(run_log/2026-03-21-22-58-06-123988-ubuntu-5422) by extensions ['ros']
[0.386s] [34mcolcon.colcon_core.package_identification[0m [1;30mLevel 1[0m _identify(run_log/2026-03-21-22-58-06-123988-ubuntu-5422) by extension 'ros'
[0.386s] [34mcolcon.colcon_core.package_identification[0m [1;30mLevel 1[0m _identify(run_log/2026-03-21-22-58-06-123988-ubuntu-5422) by extensions ['cmake', 'python']
[0.386s] [34mcolcon.colcon_core.package_identification[0m [1;30mLevel 1[0m _identify(run_log/2026-03-21-22-58-06-123988-ubuntu-5422) by extension 'cmake'
[0.386s] [34mcolcon.colcon_core.package_identification[0m [1;30mLevel 1[0m _identify(run_log/2026-03-21-22-58-06-123988-ubuntu-5422) by extension 'python'
[0.386s] [34mcolcon.colcon_core.package_identification[0m [1;30mLevel 1[0m _identify(run_log/2026-03-21-22-58-06-123988-ubuntu-5422) by extensions ['python_setup_py']
[0.386s] [34mcolcon.colcon_core.package_identification[0m [1;30mLevel 1[0m _identify(run_log/2026-03-21-22-58-06-123988-ubuntu-5422) by extension 'python_setup_py'
[0.386s] [34mcolcon.colcon_core.package_identification[0m [1;30mLevel 1[0m _identify(run_log/2026-03-23-05-47-43-826082-ubuntu-5878) by extensions ['ignore', 'ignore_ament_install']
[0.386s] [34mcolcon.colcon_core.package_identification[0m [1;30mLevel 1[0m _identify(run_log/2026-03-23-05-47-43-826082-ubuntu-5878) by extension 'ignore'
[0.386s] [34mcolcon.colcon_core.package_identification[0m [1;30mLevel 1[0m _identify(run_log/2026-03-23-05-47-43-826082-ubuntu-5878) by extension 'ignore_ament_install'
[0.386s] [34mcolcon.colcon_core.package_identification[0m [1;30mLevel 1[0m _identify(run_log/2026-03-23-05-47-43-826082-ubuntu-5878) by extensions ['colcon_pkg']
[0.386s] [34mcolcon.colcon_core.package_identification[0m [1;30mLevel 1[0m _identify(run_log/2026-03-23-05-47-43-826082-ubuntu-5878) by extension 'colcon_pkg'
[0.386s] [34mcolcon.colcon_core.package_identification[0m [1;30mLevel 1[0m _identify(run_log/2026-03-23-05-47-43-826082-ubuntu-5878) by extensions ['colcon_meta']
[0.386s] [34mcolcon.colcon_core.package_identification[0m [1;30mLevel 1[0m _identify(run_log/2026-03-23-05-47-43-826082-ubuntu-5878) by extension 'colcon_meta'
[0.386s] [34mcolcon.colcon_core.package_identification[0m [1;30mLevel 1[0m _identify(run_log/2026-03-23-05-47-43-826082-ubuntu-5878) by extensions ['ros']
[0.386s] [34mcolcon.colcon_core.package_identification[0m [1;30mLevel 1[0m _identify(run_log/2026-03-23-05-47-43-826082-ubuntu-5878) by extension 'ros'
[0.386s] [34mcolcon.colcon_core.package_identification[0m [1;30mLevel 1[0m _identify(run_log/2026-03-23-05-47-43-826082-ubuntu-5878) by extensions ['cmake', 'python']
[0.387s] [34mcolcon.colcon_core.package_identification[0m [1;30mLevel 1[0m _identify(run_log/2026-03-23-05-47-43-826082-ubuntu-5878) by extension 'cmake'
[0.387s] [34mcolcon.colcon_core.package_identification[0m [1;30mLevel 1[0m _identify(run_log/2026-03-23-05-47-43-826082-ubuntu-5878) by extension 'python'
[0.387s] [34mcolcon.colcon_core.package_identification[0m [1;30mLevel 1[0m _identify(run_log/2026-03-23-05-47-43-826082-ubuntu-5878) by extensions ['python_setup_py']
[0.387s] [34mcolcon.colcon_core.package_identification[0m [1;30mLevel 1[0m _identify(run_log/2026-03-23-05-47-43-826082-ubuntu-5878) by extension 'python_setup_py'
[0.387s] [34mcolcon.colcon_core.package_identification[0m [1;30mLevel 1[0m _identify(run_log/2026-03-23-05-48-44-201054-ubuntu-6232) by extensions ['ignore', 'ignore_ament_install']
[0.387s] [34mcolcon.colcon_core.package_identification[0m [1;30mLevel 1[0m _identify(run_log/2026-03-23-05-48-44-201054-ubuntu-6232) by extension 'ignore'
[0.387s] [34mcolcon.colcon_core.package_identification[0m [1;30mLevel 1[0m _identify(run_log/2026-03-23-05-48-44-201054-ubuntu-6232) by extension 'ignore_ament_install'
[0.387s] [34mcolcon.colcon_core.package_identification[0m [1;30mLevel 1[0m _identify(run_log/2026-03-23-05-48-44-201054-ubuntu-6232) by extensions ['colcon_pkg']
[0.387s] [34mcolcon.colcon_core.package_identification[0m [1;30mLevel 1[0m _identify(run_log/2026-03-23-05-48-44-201054-ubuntu-6232) by extension 'colcon_pkg'
[0.387s] [34mcolcon.colcon_core.package_identification[0m [1;30mLevel 1[0m _identify(run_log/2026-03-23-05-48-44-201054-ubuntu-6232) by extensions ['colcon_meta']
[0.387s] [34mcolcon.colcon_core.package_identification[0m [1;30mLevel 1[0m _identify(run_log/2026-03-23-05-48-44-201054-ubuntu-6232) by extension 'colcon_meta'
[0.387s] [34mcolcon.colcon_core.package_identification[0m [1;30mLevel 1[0m _identify(run_log/2026-03-23-05-48-44-201054-ubuntu-6232) by extensions ['ros']
[0.387s] [34mcolcon.colcon_core.package_identification[0m [1;30mLevel 1[0m _identify(run_log/2026-03-23-05-48-44-201054-ubuntu-6232) by extension 'ros'
[0.387s] [34mcolcon.colcon_core.package_identification[0m [1;30mLevel 1[0m _identify(run_log/2026-03-23-05-48-44-201054-ubuntu-6232) by extensions ['cmake', 'python']
[0.387s] [34mcolcon.colcon_core.package_identification[0m [1;30mLevel 1[0m _identify(run_log/2026-03-23-05-48-44-201054-ubuntu-6232) by extension 'cmake'
[0.387s] [34mcolcon.colcon_core.package_identification[0m [1;30mLevel 1[0m _identify(run_log/2026-03-23-05-48-44-201054-ubuntu-6232) by extension 'python'
[0.387s] [34mcolcon.colcon_core.package_identification[0m [1;30mLevel 1[0m _identify(run_log/2026-03-23-05-48-44-201054-ubuntu-6232) by extensions ['python_setup_py']
[0.387s] [34mcolcon.colcon_core.package_identification[0m [1;30mLevel 1[0m _identify(run_log/2026-03-23-05-48-44-201054-ubuntu-6232) by extension 'python_setup_py'
[0.387s] [34mcolcon.colcon_core.package_identification[0m [1;30mLevel 1[0m _identify(run_log/2026-03-23-05-55-56-425227-ubuntu-6956) by extensions ['ignore', 'ignore_ament_install']
[0.387s] [34mcolcon.colcon_core.package_identification[0m [1;30mLevel 1[0m _identify(run_log/2026-03-23-05-55-56-425227-ubuntu-6956) by extension 'ignore'
[0.387s] [34mcolcon.colcon_core.package_identification[0m [1;30mLevel 1[0m _identify(run_log/2026-03-23-05-55-56-425227-ubuntu-6956) by extension 'ignore_ament_install'
[0.387s] [34mcolcon.colcon_core.package_identification[0m [1;30mLevel 1[0m _identify(run_log/2026-03-23-05-55-56-425227-ubuntu-6956) by extensions ['colcon_pkg']
[0.387s] [34mcolcon.colcon_core.package_identification[0m [1;30mLevel 1[0m _identify(run_log/2026-03-23-05-55-56-425227-ubuntu-6956) by extension 'colcon_pkg'
[0.387s] [34mcolcon.colcon_core.package_identification[0m [1;30mLevel 1[0m _identify(run_log/2026-03-23-05-55-56-425227-ubuntu-6956) by extensions ['colcon_meta']
[0.387s] [34mcolcon.colcon_core.package_identification[0m [1;30mLevel 1[0m _identify(run_log/2026-03-23-05-55-56-425227-ubuntu-6956) by extension 'colcon_meta'
[0.387s] [34mcolcon.colcon_core.package_identification[0m [1;30mLevel 1[0m _identify(run_log/2026-03-23-05-55-56-425227-ubuntu-6956) by extensions ['ros']
[0.388s] [34mcolcon.colcon_core.package_identification[0m [1;30mLevel 1[0m _identify(run_log/2026-03-23-05-55-56-425227-ubuntu-6956) by extension 'ros'
[0.388s] [34mcolcon.colcon_core.package_identification[0m [1;30mLevel 1[0m _identify(run_log/2026-03-23-05-55-56-425227-ubuntu-6956) by extensions ['cmake', 'python']
[0.388s] [34mcolcon.colcon_core.package_identification[0m [1;30mLevel 1[0m _identify(run_log/2026-03-23-05-55-56-425227-ubuntu-6956) by extension 'cmake'
[0.388s] [34mcolcon.colcon_core.package_identification[0m [1;30mLevel 1[0m _identify(run_log/2026-03-23-05-55-56-425227-ubuntu-6956) by extension 'python'
[0.388s] [34mcolcon.colcon_core.package_identification[0m [1;30mLevel 1[0m _identify(run_log/2026-03-23-05-55-56-425227-ubuntu-6956) by extensions ['python_setup_py']
[0.388s] [34mcolcon.colcon_core.package_identification[0m [1;30mLevel 1[0m _identify(run_log/2026-03-23-05-55-56-425227-ubuntu-6956) by extension 'python_setup_py'
[0.388s] [34mcolcon.colcon_core.package_identification[0m [1;30mLevel 1[0m _identify(run_log/2026-03-23-06-09-40-775742-ubuntu-7997) by extensions ['ignore', 'ignore_ament_install']
[0.388s] [34mcolcon.colcon_core.package_identification[0m [1;30mLevel 1[0m _identify(run_log/2026-03-23-06-09-40-775742-ubuntu-7997) by extension 'ignore'
[0.388s] [34mcolcon.colcon_core.package_identification[0m [1;30mLevel 1[0m _identify(run_log/2026-03-23-06-09-40-775742-ubuntu-7997) by extension 'ignore_ament_install'
[0.388s] [34mcolcon.colcon_core.package_identification[0m [1;30mLevel 1[0m _identify(run_log/2026-03-23-06-09-40-775742-ubuntu-7997) by extensions ['colcon_pkg']
[0.388s] [34mcolcon.colcon_core.package_identification[0m [1;30mLevel 1[0m _identify(run_log/2026-03-23-06-09-40-775742-ubuntu-7997) by extension 'colcon_pkg'
[0.388s] [34mcolcon.colcon_core.package_identification[0m [1;30mLevel 1[0m _identify(run_log/2026-03-23-06-09-40-775742-ubuntu-7997) by extensions ['colcon_meta']
[0.388s] [34mcolcon.colcon_core.package_identification[0m [1;30mLevel 1[0m _identify(run_log/2026-03-23-06-09-40-775742-ubuntu-7997) by extension 'colcon_meta'
[0.388s] [34mcolcon.colcon_core.package_identification[0m [1;30mLevel 1[0m _identify(run_log/2026-03-23-06-09-40-775742-ubuntu-7997) by extensions ['ros']
[0.388s] [34mcolcon.colcon_core.package_identification[0m [1;30mLevel 1[0m _identify(run_log/2026-03-23-06-09-40-775742-ubuntu-7997) by extension 'ros'
[0.388s] [34mcolcon.colcon_core.package_identification[0m [1;30mLevel 1[0m _identify(run_log/2026-03-23-06-09-40-775742-ubuntu-7997) by extensions ['cmake', 'python']
[0.388s] [34mcolcon.colcon_core.package_identification[0m [1;30mLevel 1[0m _identify(run_log/2026-03-23-06-09-40-775742-ubuntu-7997) by extension 'cmake'
[0.388s] [34mcolcon.colcon_core.package_identification[0m [1;30mLevel 1[0m _identify(run_log/2026-03-23-06-09-40-775742-ubuntu-7997) by extension 'python'
[0.388s] [34mcolcon.colcon_core.package_identification[0m [1;30mLevel 1[0m _identify(run_log/2026-03-23-06-09-40-775742-ubuntu-7997) by extensions ['python_setup_py']
[0.388s] [34mcolcon.colcon_core.package_identification[0m [1;30mLevel 1[0m _identify(run_log/2026-03-23-06-09-40-775742-ubuntu-7997) by extension 'python_setup_py'
[0.388s] [34mcolcon.colcon_core.package_identification[0m [1;30mLevel 1[0m _identify(run_log/2026-03-23-06-13-13-868983-ubuntu-8486) by extensions ['ignore', 'ignore_ament_install']
[0.388s] [34mcolcon.colcon_core.package_identification[0m [1;30mLevel 1[0m _identify(run_log/2026-03-23-06-13-13-868983-ubuntu-8486) by extension 'ignore'
[0.388s] [34mcolcon.colcon_core.package_identification[0m [1;30mLevel 1[0m _identify(run_log/2026-03-23-06-13-13-868983-ubuntu-8486) by extension 'ignore_ament_install'
[0.388s] [34mcolcon.colcon_core.package_identification[0m [1;30mLevel 1[0m _identify(run_log/2026-03-23-06-13-13-868983-ubuntu-8486) by extensions ['colcon_pkg']
[0.388s] [34mcolcon.colcon_core.package_identification[0m [1;30mLevel 1[0m _identify(run_log/2026-03-23-06-13-13-868983-ubuntu-8486) by extension 'colcon_pkg'
[0.389s] [34mcolcon.colcon_core.package_identification[0m [1;30mLevel 1[0m _identify(run_log/2026-03-23-06-13-13-868983-ubuntu-8486) by extensions ['colcon_meta']
[0.389s] [34mcolcon.colcon_core.package_identification[0m [1;30mLevel 1[0m _identify(run_log/2026-03-23-06-13-13-868983-ubuntu-8486) by extension 'colcon_meta'
[0.389s] [34mcolcon.colcon_core.package_identification[0m [1;30mLevel 1[0m _identify(run_log/2026-03-23-06-13-13-868983-ubuntu-8486) by extensions ['ros']
[0.389s] [34mcolcon.colcon_core.package_identification[0m [1;30mLevel 1[0m _identify(run_log/2026-03-23-06-13-13-868983-ubuntu-8486) by extension 'ros'
[0.389s] [34mcolcon.colcon_core.package_identification[0m [1;30mLevel 1[0m _identify(run_log/2026-03-23-06-13-13-868983-ubuntu-8486) by extensions ['cmake', 'python']
[0.389s] [34mcolcon.colcon_core.package_identification[0m [1;30mLevel 1[0m _identify(run_log/2026-03-23-06-13-13-868983-ubuntu-8486) by extension 'cmake'
[0.389s] [34mcolcon.colcon_core.package_identification[0m [1;30mLevel 1[0m _identify(run_log/2026-03-23-06-13-13-868983-ubuntu-8486) by extension 'python'
[0.389s] [34mcolcon.colcon_core.package_identification[0m [1;30mLevel 1[0m _identify(run_log/2026-03-23-06-13-13-868983-ubuntu-8486) by extensions ['python_setup_py']
[0.389s] [34mcolcon.colcon_core.package_identification[0m [1;30mLevel 1[0m _identify(run_log/2026-03-23-06-13-13-868983-ubuntu-8486) by extension 'python_setup_py'
[0.391s] [34mcolcon.colcon_core.package_identification[0m [1;30mLevel 1[0m _identify(src) by extensions ['ignore', 'ignore_ament_install']
[0.391s] [34mcolcon.colcon_core.package_identification[0m [1;30mLevel 1[0m _identify(src) by extension 'ignore'
[0.391s] [34mcolcon.colcon_core.package_identification[0m [1;30mLevel 1[0m _identify(src) by extension 'ignore_ament_install'
[0.391s] [34mcolcon.colcon_core.package_identification[0m [1;30mLevel 1[0m _identify(src) by extensions ['colcon_pkg']
[0.391s] [34mcolcon.colcon_core.package_identification[0m [1;30mLevel 1[0m _identify(src) by extension 'colcon_pkg'
[0.391s] [34mcolcon.colcon_core.package_identification[0m [1;30mLevel 1[0m _identify(src) by extensions ['colcon_meta']
[0.391s] [34mcolcon.colcon_core.package_identification[0m [1;30mLevel 1[0m _identify(src) by extension 'colcon_meta'
[0.391s] [34mcolcon.colcon_core.package_identification[0m [1;30mLevel 1[0m _identify(src) by extensions ['ros']
[0.391s] [34mcolcon.colcon_core.package_identification[0m [1;30mLevel 1[0m _identify(src) by extension 'ros'
[0.391s] [34mcolcon.colcon_core.package_identification[0m [1;30mLevel 1[0m _identify(src) by extensions ['cmake', 'python']
[0.391s] [34mcolcon.colcon_core.package_identification[0m [1;30mLevel 1[0m _identify(src) by extension 'cmake'
[0.391s] [34mcolcon.colcon_core.package_identification[0m [1;30mLevel 1[0m _identify(src) by extension 'python'
[0.391s] [34mcolcon.colcon_core.package_identification[0m [1;30mLevel 1[0m _identify(src) by extensions ['python_setup_py']
[0.391s] [34mcolcon.colcon_core.package_identification[0m [1;30mLevel 1[0m _identify(src) by extension 'python_setup_py'
[0.392s] [34mcolcon.colcon_core.package_identification[0m [1;30mLevel 1[0m _identify(src/GroundStation) by extensions ['ignore', 'ignore_ament_install']
[0.392s] [34mcolcon.colcon_core.package_identification[0m [1;30mLevel 1[0m _identify(src/GroundStation) by extension 'ignore'
[0.392s] [34mcolcon.colcon_core.package_identification[0m [1;30mLevel 1[0m _identify(src/GroundStation) by extension 'ignore_ament_install'
[0.392s] [34mcolcon.colcon_core.package_identification[0m [1;30mLevel 1[0m _identify(src/GroundStation) by extensions ['colcon_pkg']
[0.392s] [34mcolcon.colcon_core.package_identification[0m [1;30mLevel 1[0m _identify(src/GroundStation) by extension 'colcon_pkg'
[0.392s] [34mcolcon.colcon_core.package_identification[0m [1;30mLevel 1[0m _identify(src/GroundStation) by extensions ['colcon_meta']
[0.392s] [34mcolcon.colcon_core.package_identification[0m [1;30mLevel 1[0m _identify(src/GroundStation) by extension 'colcon_meta'
[0.392s] [34mcolcon.colcon_core.package_identification[0m [1;30mLevel 1[0m _identify(src/GroundStation) by extensions ['ros']
[0.392s] [34mcolcon.colcon_core.package_identification[0m [1;30mLevel 1[0m _identify(src/GroundStation) by extension 'ros'
[0.395s] [34mcolcon.colcon_core.package_identification[0m [1;30mDEBUG[0m [32mPackage 'src/GroundStation' with type 'ros.ament_python' and name 'GroundStation'[0m
[0.396s] [34mcolcon.colcon_core.package_identification[0m [1;30mLevel 1[0m _identify(src/ros2_pyqt_turtlesim_key) by extensions ['ignore', 'ignore_ament_install']
[0.396s] [34mcolcon.colcon_core.package_identification[0m [1;30mLevel 1[0m _identify(src/ros2_pyqt_turtlesim_key) by extension 'ignore'
[0.396s] [34mcolcon.colcon_core.package_identification[0m [1;30mLevel 1[0m _identify(src/ros2_pyqt_turtlesim_key) by extension 'ignore_ament_install'
[0.396s] [34mcolcon.colcon_core.package_identification[0m [1;30mLevel 1[0m _identify(src/ros2_pyqt_turtlesim_key) by extensions ['colcon_pkg']
[0.396s] [34mcolcon.colcon_core.package_identification[0m [1;30mLevel 1[0m _identify(src/ros2_pyqt_turtlesim_key) by extension 'colcon_pkg'
[0.396s] [34mcolcon.colcon_core.package_identification[0m [1;30mLevel 1[0m _identify(src/ros2_pyqt_turtlesim_key) by extensions ['colcon_meta']
[0.396s] [34mcolcon.colcon_core.package_identification[0m [1;30mLevel 1[0m _identify(src/ros2_pyqt_turtlesim_key) by extension 'colcon_meta'
[0.396s] [34mcolcon.colcon_core.package_identification[0m [1;30mLevel 1[0m _identify(src/ros2_pyqt_turtlesim_key) by extensions ['ros']
[0.396s] [34mcolcon.colcon_core.package_identification[0m [1;30mLevel 1[0m _identify(src/ros2_pyqt_turtlesim_key) by extension 'ros'
[0.407s] [34mcolcon.colcon_core.package_identification[0m [1;30mDEBUG[0m [32mPackage 'src/ros2_pyqt_turtlesim_key' with type 'ros.ament_python' and name 'ros2_pyqt_turtlesim_key'[0m
[0.407s] [34mcolcon.colcon_core.package_identification[0m [1;30mLevel 1[0m _identify(src/uav_car_interfaces) by extensions ['ignore', 'ignore_ament_install']
[0.407s] [34mcolcon.colcon_core.package_identification[0m [1;30mLevel 1[0m _identify(src/uav_car_interfaces) by extension 'ignore'
[0.407s] [34mcolcon.colcon_core.package_identification[0m [1;30mLevel 1[0m _identify(src/uav_car_interfaces) by extension 'ignore_ament_install'
[0.407s] [34mcolcon.colcon_core.package_identification[0m [1;30mLevel 1[0m _identify(src/uav_car_interfaces) by extensions ['colcon_pkg']
[0.407s] [34mcolcon.colcon_core.package_identification[0m [1;30mLevel 1[0m _identify(src/uav_car_interfaces) by extension 'colcon_pkg'
[0.407s] [34mcolcon.colcon_core.package_identification[0m [1;30mLevel 1[0m _identify(src/uav_car_interfaces) by extensions ['colcon_meta']
[0.407s] [34mcolcon.colcon_core.package_identification[0m [1;30mLevel 1[0m _identify(src/uav_car_interfaces) by extension 'colcon_meta'
[0.407s] [34mcolcon.colcon_core.package_identification[0m [1;30mLevel 1[0m _identify(src/uav_car_interfaces) by extensions ['ros']
[0.407s] [34mcolcon.colcon_core.package_identification[0m [1;30mLevel 1[0m _identify(src/uav_car_interfaces) by extension 'ros'
[0.408s] [34mcolcon.colcon_core.package_identification[0m [1;30mDEBUG[0m [32mPackage 'src/uav_car_interfaces' with type 'ros.ament_cmake' and name 'uav_car_interfaces'[0m
[0.408s] [34mcolcon.colcon_core.package_discovery[0m [1;30mLevel 1[0m discover_packages(recursive) using defaults
[0.408s] [34mcolcon.colcon_core.package_discovery[0m [1;30mLevel 1[0m discover_packages(ignore) discover
[0.408s] [34mcolcon.colcon_core.package_discovery[0m [1;30mLevel 1[0m discover_packages(ignore) using defaults
[0.408s] [34mcolcon.colcon_core.package_discovery[0m [1;30mLevel 1[0m discover_packages(path) discover
[0.408s] [34mcolcon.colcon_core.package_discovery[0m [1;30mLevel 1[0m discover_packages(path) using defaults
[0.421s] [34mcolcon.colcon_core.package_discovery[0m [1;30mLevel 1[0m discover_packages(prefix_path) check parameters
[0.421s] [34mcolcon.colcon_core.package_discovery[0m [1;30mLevel 1[0m discover_packages(prefix_path) discover
[0.423s] [34mcolcon.colcon_installed_package_information.package_discovery[0m [1;30mDEBUG[0m [32mFound 256 installed packages in /opt/ros/foxy[0m
[0.425s] [34mcolcon.colcon_core.package_discovery[0m [1;30mLevel 1[0m discover_packages(prefix_path) using defaults
[0.470s] [34mcolcon.colcon_core.verb[0m [1;30mLevel 5[0m set package 'GroundStation' build argument 'cmake_args' from command line to 'None'
[0.470s] [34mcolcon.colcon_core.verb[0m [1;30mLevel 5[0m set package 'GroundStation' build argument 'cmake_target' from command line to 'None'
[0.470s] [34mcolcon.colcon_core.verb[0m [1;30mLevel 5[0m set package 'GroundStation' build argument 'cmake_target_skip_unavailable' from command line to 'False'
[0.470s] [34mcolcon.colcon_core.verb[0m [1;30mLevel 5[0m set package 'GroundStation' build argument 'cmake_clean_cache' from command line to 'False'
[0.470s] [34mcolcon.colcon_core.verb[0m [1;30mLevel 5[0m set package 'GroundStation' build argument 'cmake_clean_first' from command line to 'False'
[0.470s] [34mcolcon.colcon_core.verb[0m [1;30mLevel 5[0m set package 'GroundStation' build argument 'cmake_force_configure' from command line to 'False'
[0.470s] [34mcolcon.colcon_core.verb[0m [1;30mLevel 5[0m set package 'GroundStation' build argument 'ament_cmake_args' from command line to 'None'
[0.470s] [34mcolcon.colcon_core.verb[0m [1;30mLevel 5[0m set package 'GroundStation' build argument 'catkin_cmake_args' from command line to 'None'
[0.470s] [34mcolcon.colcon_core.verb[0m [1;30mLevel 5[0m set package 'GroundStation' build argument 'catkin_skip_building_tests' from command line to 'False'
[0.470s] [34mcolcon.colcon_core.verb[0m [1;30mDEBUG[0m [32mBuilding package 'GroundStation' with the following arguments: {'ament_cmake_args': None, 'build_base': '/home/focal/Desktop/2024_GroundStation/build/GroundStation', 'catkin_cmake_args': None, 'catkin_skip_building_tests': False, 'cmake_args': None, 'cmake_clean_cache': False, 'cmake_clean_first': False, 'cmake_force_configure': False, 'cmake_target': None, 'cmake_target_skip_unavailable': False, 'install_base': '/home/focal/Desktop/2024_GroundStation/install/GroundStation', 'merge_install': False, 'path': '/home/focal/Desktop/2024_GroundStation/src/GroundStation', 'symlink_install': True, 'test_result_base': None}[0m
[0.471s] [34mcolcon.colcon_core.verb[0m [1;30mLevel 5[0m set package 'ros2_pyqt_turtlesim_key' build argument 'cmake_args' from command line to 'None'
[0.471s] [34mcolcon.colcon_core.verb[0m [1;30mLevel 5[0m set package 'ros2_pyqt_turtlesim_key' build argument 'cmake_target' from command line to 'None'
[0.471s] [34mcolcon.colcon_core.verb[0m [1;30mLevel 5[0m set package 'ros2_pyqt_turtlesim_key' build argument 'cmake_target_skip_unavailable' from command line to 'False'
[0.471s] [34mcolcon.colcon_core.verb[0m [1;30mLevel 5[0m set package 'ros2_pyqt_turtlesim_key' build argument 'cmake_clean_cache' from command line to 'False'
[0.471s] [34mcolcon.colcon_core.verb[0m [1;30mLevel 5[0m set package 'ros2_pyqt_turtlesim_key' build argument 'cmake_clean_first' from command line to 'False'
[0.471s] [34mcolcon.colcon_core.verb[0m [1;30mLevel 5[0m set package 'ros2_pyqt_turtlesim_key' build argument 'cmake_force_configure' from command line to 'False'
[0.471s] [34mcolcon.colcon_core.verb[0m [1;30mLevel 5[0m set package 'ros2_pyqt_turtlesim_key' build argument 'ament_cmake_args' from command line to 'None'
[0.471s] [34mcolcon.colcon_core.verb[0m [1;30mLevel 5[0m set package 'ros2_pyqt_turtlesim_key' build argument 'catkin_cmake_args' from command line to 'None'
[0.471s] [34mcolcon.colcon_core.verb[0m [1;30mLevel 5[0m set package 'ros2_pyqt_turtlesim_key' build argument 'catkin_skip_building_tests' from command line to 'False'
[0.471s] [34mcolcon.colcon_core.verb[0m [1;30mDEBUG[0m [32mBuilding package 'ros2_pyqt_turtlesim_key' with the following arguments: {'ament_cmake_args': None, 'build_base': '/home/focal/Desktop/2024_GroundStation/build/ros2_pyqt_turtlesim_key', 'catkin_cmake_args': None, 'catkin_skip_building_tests': False, 'cmake_args': None, 'cmake_clean_cache': False, 'cmake_clean_first': False, 'cmake_force_configure': False, 'cmake_target': None, 'cmake_target_skip_unavailable': False, 'install_base': '/home/focal/Desktop/2024_GroundStation/install/ros2_pyqt_turtlesim_key', 'merge_install': False, 'path': '/home/focal/Desktop/2024_GroundStation/src/ros2_pyqt_turtlesim_key', 'symlink_install': True, 'test_result_base': None}[0m
[0.471s] [34mcolcon.colcon_core.verb[0m [1;30mLevel 5[0m set package 'uav_car_interfaces' build argument 'cmake_args' from command line to 'None'
[0.471s] [34mcolcon.colcon_core.verb[0m [1;30mLevel 5[0m set package 'uav_car_interfaces' build argument 'cmake_target' from command line to 'None'
[0.471s] [34mcolcon.colcon_core.verb[0m [1;30mLevel 5[0m set package 'uav_car_interfaces' build argument 'cmake_target_skip_unavailable' from command line to 'False'
[0.471s] [34mcolcon.colcon_core.verb[0m [1;30mLevel 5[0m set package 'uav_car_interfaces' build argument 'cmake_clean_cache' from command line to 'False'
[0.471s] [34mcolcon.colcon_core.verb[0m [1;30mLevel 5[0m set package 'uav_car_interfaces' build argument 'cmake_clean_first' from command line to 'False'
[0.471s] [34mcolcon.colcon_core.verb[0m [1;30mLevel 5[0m set package 'uav_car_interfaces' build argument 'cmake_force_configure' from command line to 'False'
[0.471s] [34mcolcon.colcon_core.verb[0m [1;30mLevel 5[0m set package 'uav_car_interfaces' build argument 'ament_cmake_args' from command line to 'None'
[0.471s] [34mcolcon.colcon_core.verb[0m [1;30mLevel 5[0m set package 'uav_car_interfaces' build argument 'catkin_cmake_args' from command line to 'None'
[0.471s] [34mcolcon.colcon_core.verb[0m [1;30mLevel 5[0m set package 'uav_car_interfaces' build argument 'catkin_skip_building_tests' from command line to 'False'
[0.471s] [34mcolcon.colcon_core.verb[0m [1;30mDEBUG[0m [32mBuilding package 'uav_car_interfaces' with the following arguments: {'ament_cmake_args': None, 'build_base': '/home/focal/Desktop/2024_GroundStation/build/uav_car_interfaces', 'catkin_cmake_args': None, 'catkin_skip_building_tests': False, 'cmake_args': None, 'cmake_clean_cache': False, 'cmake_clean_first': False, 'cmake_force_configure': False, 'cmake_target': None, 'cmake_target_skip_unavailable': False, 'install_base': '/home/focal/Desktop/2024_GroundStation/install/uav_car_interfaces', 'merge_install': False, 'path': '/home/focal/Desktop/2024_GroundStation/src/uav_car_interfaces', 'symlink_install': True, 'test_result_base': None}[0m
[0.472s] [34mcolcon.colcon_core.executor[0m [1;30mINFO[0m Executing jobs using 'parallel' executor
[0.473s] [34mcolcon.colcon_parallel_executor.executor.parallel[0m [1;30mDEBUG[0m [32mrun_until_complete[0m
[0.473s] [34mcolcon.colcon_ros.task.ament_python.build[0m [1;30mINFO[0m Building ROS package in '/home/focal/Desktop/2024_GroundStation/src/GroundStation' with build type 'ament_python'
[0.473s] [34mcolcon.colcon_core.shell[0m [1;30mLevel 1[0m create_environment_hook('GroundStation', 'ament_prefix_path')
[0.475s] [34mcolcon.colcon_core.plugin_system[0m [1;30mINFO[0m Skipping extension 'colcon_core.shell.bat': Not used on non-Windows systems
[0.475s] [34mcolcon.colcon_core.shell[0m [1;30mINFO[0m Creating environment hook '/home/focal/Desktop/2024_GroundStation/install/GroundStation/share/GroundStation/hook/ament_prefix_path.ps1'
[0.476s] [34mcolcon.colcon_core.shell[0m [1;30mINFO[0m Creating environment descriptor '/home/focal/Desktop/2024_GroundStation/install/GroundStation/share/GroundStation/hook/ament_prefix_path.dsv'
[0.477s] [34mcolcon.colcon_core.shell[0m [1;30mINFO[0m Creating environment hook '/home/focal/Desktop/2024_GroundStation/install/GroundStation/share/GroundStation/hook/ament_prefix_path.sh'
[0.478s] [34mcolcon.colcon_core.shell[0m [1;30mINFO[0m Skip shell extension 'powershell' for command environment: Not usable outside of PowerShell
[0.478s] [34mcolcon.colcon_core.shell[0m [1;30mDEBUG[0m [32mSkip shell extension 'dsv' for command environment[0m
[0.483s] [34mcolcon.colcon_ros.task.ament_python.build[0m [1;30mINFO[0m Building ROS package in '/home/focal/Desktop/2024_GroundStation/src/ros2_pyqt_turtlesim_key' with build type 'ament_python'
[0.483s] [34mcolcon.colcon_core.shell[0m [1;30mLevel 1[0m create_environment_hook('ros2_pyqt_turtlesim_key', 'ament_prefix_path')
[0.484s] [34mcolcon.colcon_core.shell[0m [1;30mINFO[0m Creating environment hook '/home/focal/Desktop/2024_GroundStation/install/ros2_pyqt_turtlesim_key/share/ros2_pyqt_turtlesim_key/hook/ament_prefix_path.ps1'
[0.485s] [34mcolcon.colcon_core.shell[0m [1;30mINFO[0m Creating environment descriptor '/home/focal/Desktop/2024_GroundStation/install/ros2_pyqt_turtlesim_key/share/ros2_pyqt_turtlesim_key/hook/ament_prefix_path.dsv'
[0.485s] [34mcolcon.colcon_core.shell[0m [1;30mINFO[0m Creating environment hook '/home/focal/Desktop/2024_GroundStation/install/ros2_pyqt_turtlesim_key/share/ros2_pyqt_turtlesim_key/hook/ament_prefix_path.sh'
[0.486s] [34mcolcon.colcon_core.shell[0m [1;30mINFO[0m Skip shell extension 'powershell' for command environment: Not usable outside of PowerShell
[0.486s] [34mcolcon.colcon_core.shell[0m [1;30mDEBUG[0m [32mSkip shell extension 'dsv' for command environment[0m
[0.491s] [34mcolcon.colcon_ros.task.ament_cmake.build[0m [1;30mINFO[0m Building ROS package in '/home/focal/Desktop/2024_GroundStation/src/uav_car_interfaces' with build type 'ament_cmake'
[0.491s] [34mcolcon.colcon_cmake.task.cmake.build[0m [1;30mINFO[0m Building CMake package in '/home/focal/Desktop/2024_GroundStation/src/uav_car_interfaces'
[0.492s] [34mcolcon.colcon_core.shell[0m [1;30mINFO[0m Skip shell extension 'powershell' for command environment: Not usable outside of PowerShell
[0.492s] [34mcolcon.colcon_core.shell[0m [1;30mDEBUG[0m [32mSkip shell extension 'dsv' for command environment[0m
[0.764s] [34mcolcon.colcon_core.task.python.build[0m [1;30mINFO[0m Building Python package in '/home/focal/Desktop/2024_GroundStation/src/GroundStation'
[0.765s] [34mcolcon.colcon_core.shell[0m [1;30mINFO[0m Skip shell extension 'powershell' for command environment: Not usable outside of PowerShell
[0.765s] [34mcolcon.colcon_core.shell[0m [1;30mDEBUG[0m [32mSkip shell extension 'dsv' for command environment[0m
[1.043s] [34mcolcon.colcon_core.task.python.build[0m [1;30mINFO[0m Building Python package in '/home/focal/Desktop/2024_GroundStation/src/ros2_pyqt_turtlesim_key'
[1.044s] [34mcolcon.colcon_core.shell[0m [1;30mINFO[0m Skip shell extension 'powershell' for command environment: Not usable outside of PowerShell
[1.044s] [34mcolcon.colcon_core.shell[0m [1;30mDEBUG[0m [32mSkip shell extension 'dsv' for command environment[0m
[1.058s] [34mcolcon.colcon_core.event_handler.log_command[0m [1;30mDEBUG[0m [32mInvoking command in '/home/focal/Desktop/2024_GroundStation/build/uav_car_interfaces': CMAKE_PREFIX_PATH=/opt/ros/foxy /usr/bin/cmake --build /home/focal/Desktop/2024_GroundStation/build/uav_car_interfaces -- -j4 -l4[0m
[2.041s] [34mcolcon.colcon_core.event_handler.log_command[0m [1;30mDEBUG[0m [32mInvoked command in '/home/focal/Desktop/2024_GroundStation/build/uav_car_interfaces' returned '0': CMAKE_PREFIX_PATH=/opt/ros/foxy /usr/bin/cmake --build /home/focal/Desktop/2024_GroundStation/build/uav_car_interfaces -- -j4 -l4[0m
[2.070s] [34mcolcon.colcon_core.event_handler.log_command[0m [1;30mDEBUG[0m [32mInvoking command in '/home/focal/Desktop/2024_GroundStation/build/uav_car_interfaces': CMAKE_PREFIX_PATH=/opt/ros/foxy /usr/bin/cmake --install /home/focal/Desktop/2024_GroundStation/build/uav_car_interfaces[0m
[2.089s] [34mcolcon.colcon_core.event_handler.log_command[0m [1;30mDEBUG[0m [32mInvoking command in '/home/focal/Desktop/2024_GroundStation/build/GroundStation': PYTHONPATH=/home/focal/Desktop/2024_GroundStation/build/GroundStation/prefix_override:/usr/lib/python3/dist-packages/colcon_core/task/python/colcon_distutils_commands:/home/focal/Desktop/2024_GroundStation/install/GroundStation/lib/python3.8/site-packages:${PYTHONPATH} /usr/bin/python3 -W ignore:setup.py install is deprecated -W ignore:easy_install command is deprecated setup.py develop --editable --build-directory /home/focal/Desktop/2024_GroundStation/build/GroundStation/build --no-deps symlink_data[0m
[2.138s] [34mcolcon.colcon_core.event_handler.log_command[0m [1;30mDEBUG[0m [32mInvoking command in '/home/focal/Desktop/2024_GroundStation/build/ros2_pyqt_turtlesim_key': PYTHONPATH=/home/focal/Desktop/2024_GroundStation/build/ros2_pyqt_turtlesim_key/prefix_override:/usr/lib/python3/dist-packages/colcon_core/task/python/colcon_distutils_commands:/home/focal/Desktop/2024_GroundStation/install/ros2_pyqt_turtlesim_key/lib/python3.8/site-packages:${PYTHONPATH} /usr/bin/python3 -W ignore:setup.py install is deprecated -W ignore:easy_install command is deprecated setup.py develop --editable --build-directory /home/focal/Desktop/2024_GroundStation/build/ros2_pyqt_turtlesim_key/build --no-deps symlink_data[0m
[2.458s] [34mcolcon.colcon_core.environment[0m [1;30mLevel 1[0m create_environment_scripts_only(uav_car_interfaces)
[2.462s] [34mcolcon.colcon_core.environment[0m [1;30mLevel 1[0m checking '/home/focal/Desktop/2024_GroundStation/install/uav_car_interfaces' for CMake module files
[2.463s] [34mcolcon.colcon_core.environment[0m [1;30mLevel 1[0m checking '/home/focal/Desktop/2024_GroundStation/install/uav_car_interfaces' for CMake config files
[2.464s] [34mcolcon.colcon_core.shell[0m [1;30mLevel 1[0m create_environment_hook('uav_car_interfaces', 'cmake_prefix_path')
[2.469s] [34mcolcon.colcon_core.shell[0m [1;30mINFO[0m Creating environment hook '/home/focal/Desktop/2024_GroundStation/install/uav_car_interfaces/share/uav_car_interfaces/hook/cmake_prefix_path.ps1'
[2.470s] [34mcolcon.colcon_core.event_handler.log_command[0m [1;30mDEBUG[0m [32mInvoked command in '/home/focal/Desktop/2024_GroundStation/build/uav_car_interfaces' returned '0': CMAKE_PREFIX_PATH=/opt/ros/foxy /usr/bin/cmake --install /home/focal/Desktop/2024_GroundStation/build/uav_car_interfaces[0m
[2.476s] [34mcolcon.colcon_core.shell[0m [1;30mINFO[0m Creating environment descriptor '/home/focal/Desktop/2024_GroundStation/install/uav_car_interfaces/share/uav_car_interfaces/hook/cmake_prefix_path.dsv'
[2.478s] [34mcolcon.colcon_core.shell[0m [1;30mINFO[0m Creating environment hook '/home/focal/Desktop/2024_GroundStation/install/uav_car_interfaces/share/uav_car_interfaces/hook/cmake_prefix_path.sh'
[2.480s] [34mcolcon.colcon_core.environment[0m [1;30mLevel 1[0m checking '/home/focal/Desktop/2024_GroundStation/install/uav_car_interfaces/lib'
[2.480s] [34mcolcon.colcon_core.shell[0m [1;30mLevel 1[0m create_environment_hook('uav_car_interfaces', 'ld_library_path_lib')
[2.481s] [34mcolcon.colcon_core.shell[0m [1;30mINFO[0m Creating environment hook '/home/focal/Desktop/2024_GroundStation/install/uav_car_interfaces/share/uav_car_interfaces/hook/ld_library_path_lib.ps1'
[2.482s] [34mcolcon.colcon_core.shell[0m [1;30mINFO[0m Creating environment descriptor '/home/focal/Desktop/2024_GroundStation/install/uav_car_interfaces/share/uav_car_interfaces/hook/ld_library_path_lib.dsv'
[2.491s] [34mcolcon.colcon_core.shell[0m [1;30mINFO[0m Creating environment hook '/home/focal/Desktop/2024_GroundStation/install/uav_car_interfaces/share/uav_car_interfaces/hook/ld_library_path_lib.sh'
[2.492s] [34mcolcon.colcon_core.environment[0m [1;30mLevel 1[0m checking '/home/focal/Desktop/2024_GroundStation/install/uav_car_interfaces/bin'
[2.492s] [34mcolcon.colcon_core.environment[0m [1;30mLevel 1[0m checking '/home/focal/Desktop/2024_GroundStation/install/uav_car_interfaces/lib/pkgconfig/uav_car_interfaces.pc'
[2.492s] [34mcolcon.colcon_core.environment[0m [1;30mLevel 1[0m checking '/home/focal/Desktop/2024_GroundStation/install/uav_car_interfaces/lib/python3.8/site-packages'
[2.493s] [34mcolcon.colcon_core.shell[0m [1;30mLevel 1[0m create_environment_hook('uav_car_interfaces', 'pythonpath')
[2.493s] [34mcolcon.colcon_core.shell[0m [1;30mINFO[0m Creating environment hook '/home/focal/Desktop/2024_GroundStation/install/uav_car_interfaces/share/uav_car_interfaces/hook/pythonpath.ps1'
[2.494s] [34mcolcon.colcon_core.shell[0m [1;30mINFO[0m Creating environment descriptor '/home/focal/Desktop/2024_GroundStation/install/uav_car_interfaces/share/uav_car_interfaces/hook/pythonpath.dsv'
[2.503s] [34mcolcon.colcon_core.shell[0m [1;30mINFO[0m Creating environment hook '/home/focal/Desktop/2024_GroundStation/install/uav_car_interfaces/share/uav_car_interfaces/hook/pythonpath.sh'
[2.505s] [34mcolcon.colcon_core.environment[0m [1;30mLevel 1[0m checking '/home/focal/Desktop/2024_GroundStation/install/uav_car_interfaces/bin'
[2.505s] [34mcolcon.colcon_core.shell[0m [1;30mINFO[0m Creating package script '/home/focal/Desktop/2024_GroundStation/install/uav_car_interfaces/share/uav_car_interfaces/package.ps1'
[2.515s] [34mcolcon.colcon_core.shell[0m [1;30mINFO[0m Creating package descriptor '/home/focal/Desktop/2024_GroundStation/install/uav_car_interfaces/share/uav_car_interfaces/package.dsv'
[2.516s] [34mcolcon.colcon_core.shell[0m [1;30mINFO[0m Creating package script '/home/focal/Desktop/2024_GroundStation/install/uav_car_interfaces/share/uav_car_interfaces/package.sh'
[2.518s] [34mcolcon.colcon_core.shell[0m [1;30mINFO[0m Creating package script '/home/focal/Desktop/2024_GroundStation/install/uav_car_interfaces/share/uav_car_interfaces/package.bash'
[2.519s] [34mcolcon.colcon_core.shell[0m [1;30mINFO[0m Creating package script '/home/focal/Desktop/2024_GroundStation/install/uav_car_interfaces/share/uav_car_interfaces/package.zsh'
[2.521s] [34mcolcon.colcon_core.environment[0m [1;30mLevel 1[0m create_file_with_runtime_dependencies(/home/focal/Desktop/2024_GroundStation/install/uav_car_interfaces/share/colcon-core/packages/uav_car_interfaces)
[2.522s] [34mcolcon.colcon_core.environment[0m [1;30mLevel 1[0m create_environment_scripts_only(uav_car_interfaces)
[2.523s] [34mcolcon.colcon_core.environment[0m [1;30mLevel 1[0m checking '/home/focal/Desktop/2024_GroundStation/install/uav_car_interfaces' for CMake module files
[2.524s] [34mcolcon.colcon_core.environment[0m [1;30mLevel 1[0m checking '/home/focal/Desktop/2024_GroundStation/install/uav_car_interfaces' for CMake config files
[2.526s] [34mcolcon.colcon_core.shell[0m [1;30mLevel 1[0m create_environment_hook('uav_car_interfaces', 'cmake_prefix_path')
[2.526s] [34mcolcon.colcon_core.shell[0m [1;30mINFO[0m Creating environment hook '/home/focal/Desktop/2024_GroundStation/install/uav_car_interfaces/share/uav_car_interfaces/hook/cmake_prefix_path.ps1'
[2.527s] [34mcolcon.colcon_core.shell[0m [1;30mINFO[0m Creating environment descriptor '/home/focal/Desktop/2024_GroundStation/install/uav_car_interfaces/share/uav_car_interfaces/hook/cmake_prefix_path.dsv'
[2.529s] [34mcolcon.colcon_core.shell[0m [1;30mINFO[0m Creating environment hook '/home/focal/Desktop/2024_GroundStation/install/uav_car_interfaces/share/uav_car_interfaces/hook/cmake_prefix_path.sh'
[2.530s] [34mcolcon.colcon_core.environment[0m [1;30mLevel 1[0m checking '/home/focal/Desktop/2024_GroundStation/install/uav_car_interfaces/lib'
[2.530s] [34mcolcon.colcon_core.shell[0m [1;30mLevel 1[0m create_environment_hook('uav_car_interfaces', 'ld_library_path_lib')
[2.531s] [34mcolcon.colcon_core.shell[0m [1;30mINFO[0m Creating environment hook '/home/focal/Desktop/2024_GroundStation/install/uav_car_interfaces/share/uav_car_interfaces/hook/ld_library_path_lib.ps1'
[2.532s] [34mcolcon.colcon_core.shell[0m [1;30mINFO[0m Creating environment descriptor '/home/focal/Desktop/2024_GroundStation/install/uav_car_interfaces/share/uav_car_interfaces/hook/ld_library_path_lib.dsv'
[2.533s] [34mcolcon.colcon_core.shell[0m [1;30mINFO[0m Creating environment hook '/home/focal/Desktop/2024_GroundStation/install/uav_car_interfaces/share/uav_car_interfaces/hook/ld_library_path_lib.sh'
[2.533s] [34mcolcon.colcon_core.environment[0m [1;30mLevel 1[0m checking '/home/focal/Desktop/2024_GroundStation/install/uav_car_interfaces/bin'
[2.534s] [34mcolcon.colcon_core.environment[0m [1;30mLevel 1[0m checking '/home/focal/Desktop/2024_GroundStation/install/uav_car_interfaces/lib/pkgconfig/uav_car_interfaces.pc'
[2.534s] [34mcolcon.colcon_core.environment[0m [1;30mLevel 1[0m checking '/home/focal/Desktop/2024_GroundStation/install/uav_car_interfaces/lib/python3.8/site-packages'
[2.534s] [34mcolcon.colcon_core.shell[0m [1;30mLevel 1[0m create_environment_hook('uav_car_interfaces', 'pythonpath')
[2.535s] [34mcolcon.colcon_core.shell[0m [1;30mINFO[0m Creating environment hook '/home/focal/Desktop/2024_GroundStation/install/uav_car_interfaces/share/uav_car_interfaces/hook/pythonpath.ps1'
[2.535s] [34mcolcon.colcon_core.shell[0m [1;30mINFO[0m Creating environment descriptor '/home/focal/Desktop/2024_GroundStation/install/uav_car_interfaces/share/uav_car_interfaces/hook/pythonpath.dsv'
[2.536s] [34mcolcon.colcon_core.shell[0m [1;30mINFO[0m Creating environment hook '/home/focal/Desktop/2024_GroundStation/install/uav_car_interfaces/share/uav_car_interfaces/hook/pythonpath.sh'
[2.537s] [34mcolcon.colcon_core.environment[0m [1;30mLevel 1[0m checking '/home/focal/Desktop/2024_GroundStation/install/uav_car_interfaces/bin'
[2.538s] [34mcolcon.colcon_core.shell[0m [1;30mINFO[0m Creating package script '/home/focal/Desktop/2024_GroundStation/install/uav_car_interfaces/share/uav_car_interfaces/package.ps1'
[2.539s] [34mcolcon.colcon_core.shell[0m [1;30mINFO[0m Creating package descriptor '/home/focal/Desktop/2024_GroundStation/install/uav_car_interfaces/share/uav_car_interfaces/package.dsv'
[2.540s] [34mcolcon.colcon_core.shell[0m [1;30mINFO[0m Creating package script '/home/focal/Desktop/2024_GroundStation/install/uav_car_interfaces/share/uav_car_interfaces/package.sh'
[2.542s] [34mcolcon.colcon_core.shell[0m [1;30mINFO[0m Creating package script '/home/focal/Desktop/2024_GroundStation/install/uav_car_interfaces/share/uav_car_interfaces/package.bash'
[2.543s] [34mcolcon.colcon_core.shell[0m [1;30mINFO[0m Creating package script '/home/focal/Desktop/2024_GroundStation/install/uav_car_interfaces/share/uav_car_interfaces/package.zsh'
[2.543s] [34mcolcon.colcon_core.environment[0m [1;30mLevel 1[0m create_file_with_runtime_dependencies(/home/focal/Desktop/2024_GroundStation/install/uav_car_interfaces/share/colcon-core/packages/uav_car_interfaces)
[3.146s] [34mcolcon.colcon_core.shell[0m [1;30mLevel 1[0m create_environment_hook('ros2_pyqt_turtlesim_key', 'pythonpath_develop')
[3.146s] [34mcolcon.colcon_core.shell[0m [1;30mINFO[0m Creating environment hook '/home/focal/Desktop/2024_GroundStation/build/ros2_pyqt_turtlesim_key/share/ros2_pyqt_turtlesim_key/hook/pythonpath_develop.ps1'
[3.147s] [34mcolcon.colcon_core.shell[0m [1;30mINFO[0m Creating environment descriptor '/home/focal/Desktop/2024_GroundStation/build/ros2_pyqt_turtlesim_key/share/ros2_pyqt_turtlesim_key/hook/pythonpath_develop.dsv'
[3.148s] [34mcolcon.colcon_core.shell[0m [1;30mINFO[0m Creating environment hook '/home/focal/Desktop/2024_GroundStation/build/ros2_pyqt_turtlesim_key/share/ros2_pyqt_turtlesim_key/hook/pythonpath_develop.sh'
[3.151s] [34mcolcon.colcon_core.environment[0m [1;30mLevel 1[0m checking '/home/focal/Desktop/2024_GroundStation/install/ros2_pyqt_turtlesim_key' for CMake module files
[3.152s] [34mcolcon.colcon_core.environment[0m [1;30mLevel 1[0m checking '/home/focal/Desktop/2024_GroundStation/install/ros2_pyqt_turtlesim_key' for CMake config files
[3.154s] [34mcolcon.colcon_core.event_handler.log_command[0m [1;30mDEBUG[0m [32mInvoked command in '/home/focal/Desktop/2024_GroundStation/build/ros2_pyqt_turtlesim_key' returned '0': PYTHONPATH=/home/focal/Desktop/2024_GroundStation/build/ros2_pyqt_turtlesim_key/prefix_override:/usr/lib/python3/dist-packages/colcon_core/task/python/colcon_distutils_commands:/home/focal/Desktop/2024_GroundStation/install/ros2_pyqt_turtlesim_key/lib/python3.8/site-packages:${PYTHONPATH} /usr/bin/python3 -W ignore:setup.py install is deprecated -W ignore:easy_install command is deprecated setup.py develop --editable --build-directory /home/focal/Desktop/2024_GroundStation/build/ros2_pyqt_turtlesim_key/build --no-deps symlink_data[0m
[3.155s] [34mcolcon.colcon_core.environment[0m [1;30mLevel 1[0m checking '/home/focal/Desktop/2024_GroundStation/install/ros2_pyqt_turtlesim_key/lib'
[3.155s] [34mcolcon.colcon_core.environment[0m [1;30mLevel 1[0m checking '/home/focal/Desktop/2024_GroundStation/install/ros2_pyqt_turtlesim_key/bin'
[3.155s] [34mcolcon.colcon_core.environment[0m [1;30mLevel 1[0m checking '/home/focal/Desktop/2024_GroundStation/install/ros2_pyqt_turtlesim_key/lib/pkgconfig/ros2_pyqt_turtlesim_key.pc'
[3.156s] [34mcolcon.colcon_core.environment[0m [1;30mLevel 1[0m checking '/home/focal/Desktop/2024_GroundStation/install/ros2_pyqt_turtlesim_key/lib/python3.8/site-packages'
[3.156s] [34mcolcon.colcon_core.shell[0m [1;30mLevel 1[0m create_environment_hook('ros2_pyqt_turtlesim_key', 'pythonpath')
[3.156s] [34mcolcon.colcon_core.shell[0m [1;30mINFO[0m Creating environment hook '/home/focal/Desktop/2024_GroundStation/install/ros2_pyqt_turtlesim_key/share/ros2_pyqt_turtlesim_key/hook/pythonpath.ps1'
[3.157s] [34mcolcon.colcon_core.shell[0m [1;30mINFO[0m Creating environment descriptor '/home/focal/Desktop/2024_GroundStation/install/ros2_pyqt_turtlesim_key/share/ros2_pyqt_turtlesim_key/hook/pythonpath.dsv'
[3.158s] [34mcolcon.colcon_core.shell[0m [1;30mINFO[0m Creating environment hook '/home/focal/Desktop/2024_GroundStation/install/ros2_pyqt_turtlesim_key/share/ros2_pyqt_turtlesim_key/hook/pythonpath.sh'
[3.159s] [34mcolcon.colcon_core.environment[0m [1;30mLevel 1[0m checking '/home/focal/Desktop/2024_GroundStation/install/ros2_pyqt_turtlesim_key/bin'
[3.159s] [34mcolcon.colcon_core.environment[0m [1;30mLevel 1[0m create_environment_scripts_only(ros2_pyqt_turtlesim_key)
[3.159s] [34mcolcon.colcon_core.shell[0m [1;30mINFO[0m Creating package script '/home/focal/Desktop/2024_GroundStation/install/ros2_pyqt_turtlesim_key/share/ros2_pyqt_turtlesim_key/package.ps1'
[3.160s] [34mcolcon.colcon_core.shell[0m [1;30mINFO[0m Creating package descriptor '/home/focal/Desktop/2024_GroundStation/install/ros2_pyqt_turtlesim_key/share/ros2_pyqt_turtlesim_key/package.dsv'
[3.162s] [34mcolcon.colcon_core.shell[0m [1;30mINFO[0m Creating package script '/home/focal/Desktop/2024_GroundStation/install/ros2_pyqt_turtlesim_key/share/ros2_pyqt_turtlesim_key/package.sh'
[3.162s] [34mcolcon.colcon_core.shell[0m [1;30mINFO[0m Creating package script '/home/focal/Desktop/2024_GroundStation/install/ros2_pyqt_turtlesim_key/share/ros2_pyqt_turtlesim_key/package.bash'
[3.163s] [34mcolcon.colcon_core.shell[0m [1;30mINFO[0m Creating package script '/home/focal/Desktop/2024_GroundStation/install/ros2_pyqt_turtlesim_key/share/ros2_pyqt_turtlesim_key/package.zsh'
[3.164s] [34mcolcon.colcon_core.environment[0m [1;30mLevel 1[0m create_file_with_runtime_dependencies(/home/focal/Desktop/2024_GroundStation/install/ros2_pyqt_turtlesim_key/share/colcon-core/packages/ros2_pyqt_turtlesim_key)
[3.167s] [34mcolcon.colcon_core.shell[0m [1;30mLevel 1[0m create_environment_hook('GroundStation', 'pythonpath_develop')
[3.167s] [34mcolcon.colcon_core.event_handler.log_command[0m [1;30mDEBUG[0m [32mInvoked command in '/home/focal/Desktop/2024_GroundStation/build/GroundStation' returned '0': PYTHONPATH=/home/focal/Desktop/2024_GroundStation/build/GroundStation/prefix_override:/usr/lib/python3/dist-packages/colcon_core/task/python/colcon_distutils_commands:/home/focal/Desktop/2024_GroundStation/install/GroundStation/lib/python3.8/site-packages:${PYTHONPATH} /usr/bin/python3 -W ignore:setup.py install is deprecated -W ignore:easy_install command is deprecated setup.py develop --editable --build-directory /home/focal/Desktop/2024_GroundStation/build/GroundStation/build --no-deps symlink_data[0m
[3.167s] [34mcolcon.colcon_core.shell[0m [1;30mINFO[0m Creating environment hook '/home/focal/Desktop/2024_GroundStation/build/GroundStation/share/GroundStation/hook/pythonpath_develop.ps1'
[3.168s] [34mcolcon.colcon_core.shell[0m [1;30mINFO[0m Creating environment descriptor '/home/focal/Desktop/2024_GroundStation/build/GroundStation/share/GroundStation/hook/pythonpath_develop.dsv'
[3.169s] [34mcolcon.colcon_core.shell[0m [1;30mINFO[0m Creating environment hook '/home/focal/Desktop/2024_GroundStation/build/GroundStation/share/GroundStation/hook/pythonpath_develop.sh'
[3.170s] [34mcolcon.colcon_core.environment[0m [1;30mLevel 1[0m checking '/home/focal/Desktop/2024_GroundStation/install/GroundStation' for CMake module files
[3.170s] [34mcolcon.colcon_core.environment[0m [1;30mLevel 1[0m checking '/home/focal/Desktop/2024_GroundStation/install/GroundStation' for CMake config files
[3.171s] [34mcolcon.colcon_core.environment[0m [1;30mLevel 1[0m checking '/home/focal/Desktop/2024_GroundStation/install/GroundStation/lib'
[3.171s] [34mcolcon.colcon_core.environment[0m [1;30mLevel 1[0m checking '/home/focal/Desktop/2024_GroundStation/install/GroundStation/bin'
[3.171s] [34mcolcon.colcon_core.environment[0m [1;30mLevel 1[0m checking '/home/focal/Desktop/2024_GroundStation/install/GroundStation/lib/pkgconfig/GroundStation.pc'
[3.172s] [34mcolcon.colcon_core.environment[0m [1;30mLevel 1[0m checking '/home/focal/Desktop/2024_GroundStation/install/GroundStation/lib/python3.8/site-packages'
[3.172s] [34mcolcon.colcon_core.shell[0m [1;30mLevel 1[0m create_environment_hook('GroundStation', 'pythonpath')
[3.172s] [34mcolcon.colcon_core.shell[0m [1;30mINFO[0m Creating environment hook '/home/focal/Desktop/2024_GroundStation/install/GroundStation/share/GroundStation/hook/pythonpath.ps1'
[3.173s] [34mcolcon.colcon_core.shell[0m [1;30mINFO[0m Creating environment descriptor '/home/focal/Desktop/2024_GroundStation/install/GroundStation/share/GroundStation/hook/pythonpath.dsv'
[3.175s] [34mcolcon.colcon_core.shell[0m [1;30mINFO[0m Creating environment hook '/home/focal/Desktop/2024_GroundStation/install/GroundStation/share/GroundStation/hook/pythonpath.sh'
[3.176s] [34mcolcon.colcon_core.environment[0m [1;30mLevel 1[0m checking '/home/focal/Desktop/2024_GroundStation/install/GroundStation/bin'
[3.176s] [34mcolcon.colcon_core.environment[0m [1;30mLevel 1[0m create_environment_scripts_only(GroundStation)
[3.176s] [34mcolcon.colcon_core.shell[0m [1;30mINFO[0m Creating package script '/home/focal/Desktop/2024_GroundStation/install/GroundStation/share/GroundStation/package.ps1'
[3.177s] [34mcolcon.colcon_core.shell[0m [1;30mINFO[0m Creating package descriptor '/home/focal/Desktop/2024_GroundStation/install/GroundStation/share/GroundStation/package.dsv'
[3.178s] [34mcolcon.colcon_core.shell[0m [1;30mINFO[0m Creating package script '/home/focal/Desktop/2024_GroundStation/install/GroundStation/share/GroundStation/package.sh'
[3.179s] [34mcolcon.colcon_core.shell[0m [1;30mINFO[0m Creating package script '/home/focal/Desktop/2024_GroundStation/install/GroundStation/share/GroundStation/package.bash'
[3.179s] [34mcolcon.colcon_core.shell[0m [1;30mINFO[0m Creating package script '/home/focal/Desktop/2024_GroundStation/install/GroundStation/share/GroundStation/package.zsh'
[3.180s] [34mcolcon.colcon_core.environment[0m [1;30mLevel 1[0m create_file_with_runtime_dependencies(/home/focal/Desktop/2024_GroundStation/install/GroundStation/share/colcon-core/packages/GroundStation)
[3.182s] [34mcolcon.colcon_parallel_executor.executor.parallel[0m [1;30mDEBUG[0m [32mclosing loop[0m
[3.182s] [34mcolcon.colcon_parallel_executor.executor.parallel[0m [1;30mDEBUG[0m [32mloop closed[0m
[3.182s] [34mcolcon.colcon_parallel_executor.executor.parallel[0m [1;30mDEBUG[0m [32mrun_until_complete finished with '0'[0m
[3.182s] [34mcolcon.colcon_core.event_reactor[0m [1;30mDEBUG[0m [32mjoining thread[0m
[3.191s] [34mcolcon.colcon_core.plugin_system[0m [1;30mINFO[0m Skipping extension 'colcon_notification.desktop_notification.terminal_notifier': Not used on non-Darwin systems
[3.192s] [34mcolcon.colcon_core.plugin_system[0m [1;30mINFO[0m Skipping extension 'colcon_notification.desktop_notification.win32': Not used on non-Windows systems
[3.192s] [34mcolcon.colcon_notification.desktop_notification[0m [1;30mINFO[0m Sending desktop notification using 'notify2'
[3.219s] [34mcolcon.colcon_core.event_reactor[0m [1;30mDEBUG[0m [32mjoined thread[0m
[3.220s] [34mcolcon.colcon_core.shell[0m [1;30mINFO[0m Creating prefix script '/home/focal/Desktop/2024_GroundStation/install/local_setup.ps1'
[3.221s] [34mcolcon.colcon_core.shell[0m [1;30mINFO[0m Creating prefix util module '/home/focal/Desktop/2024_GroundStation/install/_local_setup_util_ps1.py'
[3.223s] [34mcolcon.colcon_core.shell[0m [1;30mINFO[0m Creating prefix chain script '/home/focal/Desktop/2024_GroundStation/install/setup.ps1'
[3.224s] [34mcolcon.colcon_core.shell[0m [1;30mINFO[0m Creating prefix script '/home/focal/Desktop/2024_GroundStation/install/local_setup.sh'
[3.225s] [34mcolcon.colcon_core.shell[0m [1;30mINFO[0m Creating prefix util module '/home/focal/Desktop/2024_GroundStation/install/_local_setup_util_sh.py'
[3.228s] [34mcolcon.colcon_core.shell[0m [1;30mINFO[0m Creating prefix chain script '/home/focal/Desktop/2024_GroundStation/install/setup.sh'
[3.232s] [34mcolcon.colcon_core.shell[0m [1;30mINFO[0m Creating prefix script '/home/focal/Desktop/2024_GroundStation/install/local_setup.bash'
[3.233s] [34mcolcon.colcon_core.shell[0m [1;30mINFO[0m Creating prefix chain script '/home/focal/Desktop/2024_GroundStation/install/setup.bash'
[3.235s] [34mcolcon.colcon_core.shell[0m [1;30mINFO[0m Creating prefix script '/home/focal/Desktop/2024_GroundStation/install/local_setup.zsh'
[3.236s] [34mcolcon.colcon_core.shell[0m [1;30mINFO[0m Creating prefix chain script '/home/focal/Desktop/2024_GroundStation/install/setup.zsh'
