1774271593.8749099 [INFO] [launch]: All log files can be found below /home/focal/Desktop/2024_GroundStation/run_log/2026-03-23-06-13-13-868983-ubuntu-8486
1774271593.8757999 [INFO] [launch]: Default logging verbosity is set to INFO
1774271593.9898689 [INFO] [logical-1]: process started with pid [8489]
1774271595.3997662 [logical-1] [INFO] [1774271595.398908659] [Ground]: ros2 node launch success:Ground!
1774271595.9511895 [logical-1] Traceback (most recent call last):
1774271595.9517601 [logical-1]   File "/home/focal/Desktop/2024_GroundStation/build/GroundStation/GroundStation/logical.py", line 86, in update_pos
1774271595.9524672 [logical-1]     self.pox.z = z
1774271595.9525607 [logical-1] AttributeError: 'UIController' object has no attribute 'pox'
1774271595.9531636 [logical-1] Traceback (most recent call last):
1774271595.9533005 [logical-1]   File "/home/focal/Desktop/2024_GroundStation/build/GroundStation/GroundStation/logical.py", line 86, in update_pos
1774271595.9537842 [logical-1]     self.pox.z = z
1774271595.9539030 [logical-1] AttributeError: 'UIController' object has no attribute 'pox'
1774271595.9541728 [logical-1] Traceback (most recent call last):
1774271595.9543240 [logical-1]   File "/home/focal/Desktop/2024_GroundStation/build/GroundStation/GroundStation/logical.py", line 86, in update_pos
1774271595.9544415 [logical-1]     self.pox.z = z
1774271595.9545150 [logical-1] AttributeError: 'UIController' object has no attribute 'pox'
1774271595.9549470 [logical-1] Traceback (most recent call last):
1774271595.9550738 [logical-1]   File "/home/focal/Desktop/2024_GroundStation/build/GroundStation/GroundStation/logical.py", line 86, in update_pos
1774271595.9553094 [logical-1]     self.pox.z = z
1774271595.9555533 [logical-1] AttributeError: 'UIController' object has no attribute 'pox'
1774271595.9559731 [logical-1] Traceback (most recent call last):
1774271595.9561069 [logical-1]   File "/home/focal/Desktop/2024_GroundStation/build/GroundStation/GroundStation/logical.py", line 86, in update_pos
1774271595.9561613 [logical-1]     self.pox.z = z
1774271595.9584329 [logical-1] AttributeError: 'UIController' object has no attribute 'pox'
1774271595.9592824 [logical-1] Traceback (most recent call last):
1774271595.9603376 [logical-1]   File "/home/focal/Desktop/2024_GroundStation/build/GroundStation/GroundStation/logical.py", line 86, in update_pos
1774271595.9607055 [logical-1]     self.pox.z = z
1774271595.9610794 [logical-1] AttributeError: 'UIController' object has no attribute 'pox'
1774271595.9619317 [logical-1] Traceback (most recent call last):
1774271595.9623916 [logical-1]   File "/home/focal/Desktop/2024_GroundStation/build/GroundStation/GroundStation/logical.py", line 86, in update_pos
1774271595.9643533 [logical-1]     self.pox.z = z
1774271595.9647076 [logical-1] AttributeError: 'UIController' object has no attribute 'pox'
1774271596.0264981 [logical-1] Traceback (most recent call last):
1774271596.0268550 [logical-1]   File "/home/focal/Desktop/2024_GroundStation/build/GroundStation/GroundStation/logical.py", line 86, in update_pos
1774271596.0269990 [logical-1]     self.pox.z = z
1774271596.0271263 [logical-1] AttributeError: 'UIController' object has no attribute 'pox'
1774271596.0272171 [logical-1] Traceback (most recent call last):
1774271596.0273657 [logical-1]   File "/home/focal/Desktop/2024_GroundStation/build/GroundStation/GroundStation/logical.py", line 86, in update_pos
1774271596.0274773 [logical-1]     self.pox.z = z
1774271596.0275762 [logical-1] AttributeError: 'UIController' object has no attribute 'pox'
1774271596.0276625 [logical-1] Traceback (most recent call last):
1774271596.0277178 [logical-1]   File "/home/focal/Desktop/2024_GroundStation/build/GroundStation/GroundStation/logical.py", line 86, in update_pos
1774271596.0277970 [logical-1]     self.pox.z = z
1774271596.0278804 [logical-1] AttributeError: 'UIController' object has no attribute 'pox'
1774271596.0279636 [logical-1] Traceback (most recent call last):
1774271596.0280449 [logical-1]   File "/home/focal/Desktop/2024_GroundStation/build/GroundStation/GroundStation/logical.py", line 86, in update_pos
1774271596.0281541 [logical-1]     self.pox.z = z
1774271596.0282416 [logical-1] AttributeError: 'UIController' object has no attribute 'pox'
1774271596.0283241 [logical-1] Traceback (most recent call last):
1774271596.0283933 [logical-1]   File "/home/focal/Desktop/2024_GroundStation/build/GroundStation/GroundStation/logical.py", line 86, in update_pos
1774271596.0284460 [logical-1]     self.pox.z = z
1774271596.0284982 [logical-1] AttributeError: 'UIController' object has no attribute 'pox'
1774271596.0285513 [logical-1] Traceback (most recent call last):
1774271596.0358348 [logical-1]   File "/home/focal/Desktop/2024_GroundStation/build/GroundStation/GroundStation/logical.py", line 86, in update_pos
1774271596.0378294 [logical-1]     self.pox.z = z
1774271596.0381410 [logical-1] AttributeError: 'UIController' object has no attribute 'pox'
1774271596.0386009 [logical-1] Traceback (most recent call last):
1774271596.0424652 [logical-1]   File "/home/focal/Desktop/2024_GroundStation/build/GroundStation/GroundStation/logical.py", line 86, in update_pos
1774271596.0442970 [logical-1]     self.pox.z = z
1774271596.0444152 [logical-1] AttributeError: 'UIController' object has no attribute 'pox'
1774271596.0444708 [logical-1] Traceback (most recent call last):
1774271596.0445230 [logical-1]   File "/home/focal/Desktop/2024_GroundStation/build/GroundStation/GroundStation/logical.py", line 86, in update_pos
1774271596.0465119 [logical-1]     self.pox.z = z
1774271596.0467231 [logical-1] AttributeError: 'UIController' object has no attribute 'pox'
1774271596.0468185 [logical-1] Traceback (most recent call last):
1774271596.0468812 [logical-1]   File "/home/focal/Desktop/2024_GroundStation/build/GroundStation/GroundStation/logical.py", line 86, in update_pos
1774271596.0471308 [logical-1]     self.pox.z = z
1774271596.0472374 [logical-1] AttributeError: 'UIController' object has no attribute 'pox'
1774271596.0473075 [logical-1] Traceback (most recent call last):
1774271596.0473611 [logical-1]   File "/home/focal/Desktop/2024_GroundStation/build/GroundStation/GroundStation/logical.py", line 86, in update_pos
1774271596.0474153 [logical-1]     self.pox.z = z
1774271596.0474668 [logical-1] AttributeError: 'UIController' object has no attribute 'pox'
1774271596.0476444 [logical-1] Traceback (most recent call last):
1774271596.0477226 [logical-1]   File "/home/focal/Desktop/2024_GroundStation/build/GroundStation/GroundStation/logical.py", line 86, in update_pos
1774271596.0477767 [logical-1]     self.pox.z = z
1774271596.0478275 [logical-1] AttributeError: 'UIController' object has no attribute 'pox'
1774271596.0478776 [logical-1] Traceback (most recent call last):
1774271596.0479395 [logical-1]   File "/home/focal/Desktop/2024_GroundStation/build/GroundStation/GroundStation/logical.py", line 86, in update_pos
1774271596.0479958 [logical-1]     self.pox.z = z
1774271596.0480523 [logical-1] AttributeError: 'UIController' object has no attribute 'pox'
1774271596.0482626 [logical-1] Traceback (most recent call last):
1774271596.0483527 [logical-1]   File "/home/focal/Desktop/2024_GroundStation/build/GroundStation/GroundStation/logical.py", line 86, in update_pos
1774271596.0484078 [logical-1]     self.pox.z = z
1774271596.0484636 [logical-1] AttributeError: 'UIController' object has no attribute 'pox'
1774271596.0485153 [logical-1] Traceback (most recent call last):
1774271596.0485654 [logical-1]   File "/home/focal/Desktop/2024_GroundStation/build/GroundStation/GroundStation/logical.py", line 86, in update_pos
1774271596.0486147 [logical-1]     self.pox.z = z
1774271596.0486646 [logical-1] AttributeError: 'UIController' object has no attribute 'pox'
1774271596.0487151 [logical-1] Traceback (most recent call last):
1774271596.0487657 [logical-1]   File "/home/focal/Desktop/2024_GroundStation/build/GroundStation/GroundStation/logical.py", line 86, in update_pos
1774271596.0488157 [logical-1]     self.pox.z = z
1774271596.0488651 [logical-1] AttributeError: 'UIController' object has no attribute 'pox'
1774271596.0489359 [logical-1] Traceback (most recent call last):
1774271596.0489876 [logical-1]   File "/home/focal/Desktop/2024_GroundStation/build/GroundStation/GroundStation/logical.py", line 86, in update_pos
1774271596.0490465 [logical-1]     self.pox.z = z
1774271596.0490952 [logical-1] AttributeError: 'UIController' object has no attribute 'pox'
1774271596.0491519 [logical-1] Traceback (most recent call last):
1774271596.0493581 [logical-1]   File "/home/focal/Desktop/2024_GroundStation/build/GroundStation/GroundStation/logical.py", line 86, in update_pos
1774271596.0494409 [logical-1]     self.pox.z = z
1774271596.0494993 [logical-1] AttributeError: 'UIController' object has no attribute 'pox'
1774271596.0495498 [logical-1] Traceback (most recent call last):
1774271596.0495996 [logical-1]   File "/home/focal/Desktop/2024_GroundStation/build/GroundStation/GroundStation/logical.py", line 86, in update_pos
1774271596.0496504 [logical-1]     self.pox.z = z
1774271596.0498037 [logical-1] AttributeError: 'UIController' object has no attribute 'pox'
1774271596.0499027 [logical-1] Traceback (most recent call last):
1774271596.0621381 [logical-1]   File "/home/focal/Desktop/2024_GroundStation/build/GroundStation/GroundStation/logical.py", line 86, in update_pos
1774271596.0642738 [logical-1]     self.pox.z = z
1774271596.0644951 [logical-1] AttributeError: 'UIController' object has no attribute 'pox'
1774271596.0645807 [logical-1] Traceback (most recent call last):
1774271596.0665388 [logical-1]   File "/home/focal/Desktop/2024_GroundStation/build/GroundStation/GroundStation/logical.py", line 86, in update_pos
1774271596.0666533 [logical-1]     self.pox.z = z
1774271596.0667088 [logical-1] AttributeError: 'UIController' object has no attribute 'pox'
1774271596.0672584 [logical-1] Traceback (most recent call last):
1774271596.0673976 [logical-1]   File "/home/focal/Desktop/2024_GroundStation/build/GroundStation/GroundStation/logical.py", line 86, in update_pos
1774271596.0674596 [logical-1]     self.pox.z = z
1774271596.0675111 [logical-1] AttributeError: 'UIController' object has no attribute 'pox'
1774271596.0675631 [logical-1] Traceback (most recent call last):
1774271596.0677202 [logical-1]   File "/home/focal/Desktop/2024_GroundStation/build/GroundStation/GroundStation/logical.py", line 86, in update_pos
1774271596.0677948 [logical-1]     self.pox.z = z
1774271596.0678468 [logical-1] AttributeError: 'UIController' object has no attribute 'pox'
1774271596.0678971 [logical-1] Traceback (most recent call last):
1774271596.0679476 [logical-1]   File "/home/focal/Desktop/2024_GroundStation/build/GroundStation/GroundStation/logical.py", line 86, in update_pos
1774271596.0680020 [logical-1]     self.pox.z = z
1774271596.0680640 [logical-1] AttributeError: 'UIController' object has no attribute 'pox'
1774271596.0771942 [logical-1] Traceback (most recent call last):
1774271596.0774417 [logical-1]   File "/home/focal/Desktop/2024_GroundStation/build/GroundStation/GroundStation/logical.py", line 86, in update_pos
1774271596.0775156 [logical-1]     self.pox.z = z
1774271596.0775709 [logical-1] AttributeError: 'UIController' object has no attribute 'pox'
1774271596.0959048 [logical-1] Traceback (most recent call last):
1774271596.0961568 [logical-1]   File "/home/focal/Desktop/2024_GroundStation/build/GroundStation/GroundStation/logical.py", line 86, in update_pos
1774271596.0962222 [logical-1]     self.pox.z = z
1774271596.0962706 [logical-1] AttributeError: 'UIController' object has no attribute 'pox'
1774271596.1157019 [logical-1] Traceback (most recent call last):
1774271596.1162684 [logical-1]   File "/home/focal/Desktop/2024_GroundStation/build/GroundStation/GroundStation/logical.py", line 86, in update_pos
1774271596.1164260 [logical-1]     self.pox.z = z
1774271596.1164882 [logical-1] AttributeError: 'UIController' object has no attribute 'pox'
1774271596.1360741 [logical-1] Traceback (most recent call last):
1774271596.1363361 [logical-1]   File "/home/focal/Desktop/2024_GroundStation/build/GroundStation/GroundStation/logical.py", line 86, in update_pos
1774271596.1365521 [logical-1]     self.pox.z = z
1774271596.1366105 [logical-1] AttributeError: 'UIController' object has no attribute 'pox'
1774271596.1571555 [logical-1] Traceback (most recent call last):
1774271596.1574521 [logical-1]   File "/home/focal/Desktop/2024_GroundStation/build/GroundStation/GroundStation/logical.py", line 86, in update_pos
1774271596.1575708 [logical-1]     self.pox.z = z
1774271596.1576385 [logical-1] AttributeError: 'UIController' object has no attribute 'pox'
1774271596.1758120 [logical-1] Traceback (most recent call last):
1774271596.1760540 [logical-1]   File "/home/focal/Desktop/2024_GroundStation/build/GroundStation/GroundStation/logical.py", line 86, in update_pos
1774271596.1761172 [logical-1]     self.pox.z = z
1774271596.1761668 [logical-1] AttributeError: 'UIController' object has no attribute 'pox'
1774271596.1973145 [logical-1] Traceback (most recent call last):
1774271596.1976593 [logical-1]   File "/home/focal/Desktop/2024_GroundStation/build/GroundStation/GroundStation/logical.py", line 86, in update_pos
1774271596.1977434 [logical-1]     self.pox.z = z
1774271596.1977932 [logical-1] AttributeError: 'UIController' object has no attribute 'pox'
1774271596.2164023 [logical-1] Traceback (most recent call last):
1774271596.2166061 [logical-1]   File "/home/focal/Desktop/2024_GroundStation/build/GroundStation/GroundStation/logical.py", line 86, in update_pos
1774271596.2166774 [logical-1]     self.pox.z = z
1774271596.2167869 [logical-1] AttributeError: 'UIController' object has no attribute 'pox'
1774271596.2372324 [logical-1] Traceback (most recent call last):
1774271596.2374465 [logical-1]   File "/home/focal/Desktop/2024_GroundStation/build/GroundStation/GroundStation/logical.py", line 86, in update_pos
1774271596.2375116 [logical-1]     self.pox.z = z
1774271596.2375634 [logical-1] AttributeError: 'UIController' object has no attribute 'pox'
1774271596.2574577 [logical-1] Traceback (most recent call last):
1774271596.2579195 [logical-1]   File "/home/focal/Desktop/2024_GroundStation/build/GroundStation/GroundStation/logical.py", line 86, in update_pos
1774271596.2581482 [logical-1]     self.pox.z = z
1774271596.2582629 [logical-1] AttributeError: 'UIController' object has no attribute 'pox'
1774271596.2771897 [logical-1] Traceback (most recent call last):
1774271596.2774460 [logical-1]   File "/home/focal/Desktop/2024_GroundStation/build/GroundStation/GroundStation/logical.py", line 86, in update_pos
1774271596.2775307 [logical-1]     self.pox.z = z
1774271596.2775884 [logical-1] AttributeError: 'UIController' object has no attribute 'pox'
1774271596.2964840 [logical-1] Traceback (most recent call last):
1774271596.2967174 [logical-1]   File "/home/focal/Desktop/2024_GroundStation/build/GroundStation/GroundStation/logical.py", line 86, in update_pos
1774271596.2967846 [logical-1]     self.pox.z = z
1774271596.2968333 [logical-1] AttributeError: 'UIController' object has no attribute 'pox'
1774271596.3165634 [logical-1] Traceback (most recent call last):
1774271596.3167706 [logical-1]   File "/home/focal/Desktop/2024_GroundStation/build/GroundStation/GroundStation/logical.py", line 86, in update_pos
1774271596.3168306 [logical-1]     self.pox.z = z
1774271596.3168821 [logical-1] AttributeError: 'UIController' object has no attribute 'pox'
1774271596.3371696 [logical-1] Traceback (most recent call last):
1774271596.3375480 [logical-1]   File "/home/focal/Desktop/2024_GroundStation/build/GroundStation/GroundStation/logical.py", line 86, in update_pos
1774271596.3376560 [logical-1]     self.pox.z = z
1774271596.3377414 [logical-1] AttributeError: 'UIController' object has no attribute 'pox'
1774271596.3564408 [logical-1] Traceback (most recent call last):
1774271596.3566730 [logical-1]   File "/home/focal/Desktop/2024_GroundStation/build/GroundStation/GroundStation/logical.py", line 86, in update_pos
1774271596.3567522 [logical-1]     self.pox.z = z
1774271596.3568311 [logical-1] AttributeError: 'UIController' object has no attribute 'pox'
1774271596.3774946 [logical-1] Traceback (most recent call last):
1774271596.3777456 [logical-1]   File "/home/focal/Desktop/2024_GroundStation/build/GroundStation/GroundStation/logical.py", line 86, in update_pos
1774271596.3778141 [logical-1]     self.pox.z = z
1774271596.3778641 [logical-1] AttributeError: 'UIController' object has no attribute 'pox'
1774271596.3985910 [logical-1] Traceback (most recent call last):
1774271596.3988154 [logical-1]   File "/home/focal/Desktop/2024_GroundStation/build/GroundStation/GroundStation/logical.py", line 86, in update_pos
1774271596.3988824 [logical-1]     self.pox.z = z
1774271596.3989351 [logical-1] AttributeError: 'UIController' object has no attribute 'pox'
1774271596.4166362 [logical-1] Traceback (most recent call last):
1774271596.4169359 [logical-1]   File "/home/focal/Desktop/2024_GroundStation/build/GroundStation/GroundStation/logical.py", line 86, in update_pos
1774271596.4170818 [logical-1]     self.pox.z = z
1774271596.4171517 [logical-1] AttributeError: 'UIController' object has no attribute 'pox'
1774271596.4429784 [logical-1] Traceback (most recent call last):
1774271596.4432259 [logical-1]   File "/home/focal/Desktop/2024_GroundStation/build/GroundStation/GroundStation/logical.py", line 86, in update_pos
1774271596.4433143 [logical-1]     self.pox.z = z
1774271596.4433639 [logical-1] AttributeError: 'UIController' object has no attribute 'pox'
1774271596.4564199 [logical-1] Traceback (most recent call last):
1774271596.4566369 [logical-1]   File "/home/focal/Desktop/2024_GroundStation/build/GroundStation/GroundStation/logical.py", line 86, in update_pos
1774271596.4566994 [logical-1]     self.pox.z = z
1774271596.4567468 [logical-1] AttributeError: 'UIController' object has no attribute 'pox'
1774271596.4802959 [logical-1] Traceback (most recent call last):
1774271596.4805787 [logical-1]   File "/home/focal/Desktop/2024_GroundStation/build/GroundStation/GroundStation/logical.py", line 86, in update_pos
1774271596.4806528 [logical-1]     self.pox.z = z
1774271596.4807012 [logical-1] AttributeError: 'UIController' object has no attribute 'pox'
1774271596.4957302 [logical-1] Traceback (most recent call last):
1774271596.4960911 [logical-1]   File "/home/focal/Desktop/2024_GroundStation/build/GroundStation/GroundStation/logical.py", line 86, in update_pos
1774271596.4961729 [logical-1]     self.pox.z = z
1774271596.4962289 [logical-1] AttributeError: 'UIController' object has no attribute 'pox'
1774271596.5159936 [logical-1] Traceback (most recent call last):
1774271596.5163059 [logical-1]   File "/home/focal/Desktop/2024_GroundStation/build/GroundStation/GroundStation/logical.py", line 86, in update_pos
1774271596.5163789 [logical-1]     self.pox.z = z
1774271596.5164268 [logical-1] AttributeError: 'UIController' object has no attribute 'pox'
1774271596.5362837 [logical-1] Traceback (most recent call last):
1774271596.5365305 [logical-1]   File "/home/focal/Desktop/2024_GroundStation/build/GroundStation/GroundStation/logical.py", line 86, in update_pos
1774271596.5366027 [logical-1]     self.pox.z = z
1774271596.5366607 [logical-1] AttributeError: 'UIController' object has no attribute 'pox'
1774271596.5558279 [logical-1] Traceback (most recent call last):
1774271596.5560517 [logical-1]   File "/home/focal/Desktop/2024_GroundStation/build/GroundStation/GroundStation/logical.py", line 86, in update_pos
1774271596.5561121 [logical-1]     self.pox.z = z
1774271596.5561633 [logical-1] AttributeError: 'UIController' object has no attribute 'pox'
1774271596.5756996 [logical-1] Traceback (most recent call last):
1774271596.5759230 [logical-1]   File "/home/focal/Desktop/2024_GroundStation/build/GroundStation/GroundStation/logical.py", line 86, in update_pos
1774271596.5760283 [logical-1]     self.pox.z = z
1774271596.5760925 [logical-1] AttributeError: 'UIController' object has no attribute 'pox'
1774271596.5961971 [logical-1] Traceback (most recent call last):
1774271596.5964532 [logical-1]   File "/home/focal/Desktop/2024_GroundStation/build/GroundStation/GroundStation/logical.py", line 86, in update_pos
1774271596.5965400 [logical-1]     self.pox.z = z
1774271596.5965896 [logical-1] AttributeError: 'UIController' object has no attribute 'pox'
1774271596.6173847 [logical-1] Traceback (most recent call last):
1774271596.6177063 [logical-1]   File "/home/focal/Desktop/2024_GroundStation/build/GroundStation/GroundStation/logical.py", line 86, in update_pos
1774271596.6178255 [logical-1]     self.pox.z = z
1774271596.6178792 [logical-1] AttributeError: 'UIController' object has no attribute 'pox'
1774271596.6359606 [logical-1] Traceback (most recent call last):
1774271596.6362333 [logical-1]   File "/home/focal/Desktop/2024_GroundStation/build/GroundStation/GroundStation/logical.py", line 86, in update_pos
1774271596.6363053 [logical-1]     self.pox.z = z
1774271596.6363583 [logical-1] AttributeError: 'UIController' object has no attribute 'pox'
1774271596.6559668 [logical-1] Traceback (most recent call last):
1774271596.6561935 [logical-1]   File "/home/focal/Desktop/2024_GroundStation/build/GroundStation/GroundStation/logical.py", line 86, in update_pos
1774271596.6562591 [logical-1]     self.pox.z = z
1774271596.6563394 [logical-1] AttributeError: 'UIController' object has no attribute 'pox'
1774271596.6767001 [logical-1] Traceback (most recent call last):
1774271596.6769528 [logical-1]   File "/home/focal/Desktop/2024_GroundStation/build/GroundStation/GroundStation/logical.py", line 86, in update_pos
1774271596.6770298 [logical-1]     self.pox.z = z
1774271596.6770806 [logical-1] AttributeError: 'UIController' object has no attribute 'pox'
1774271596.6960578 [logical-1] Traceback (most recent call last):
1774271596.6962619 [logical-1]   File "/home/focal/Desktop/2024_GroundStation/build/GroundStation/GroundStation/logical.py", line 86, in update_pos
1774271596.6964025 [logical-1]     self.pox.z = z
1774271596.6965196 [logical-1] AttributeError: 'UIController' object has no attribute 'pox'
1774271596.7160285 [logical-1] Traceback (most recent call last):
1774271596.7162366 [logical-1]   File "/home/focal/Desktop/2024_GroundStation/build/GroundStation/GroundStation/logical.py", line 86, in update_pos
1774271596.7162976 [logical-1]     self.pox.z = z
1774271596.7163424 [logical-1] AttributeError: 'UIController' object has no attribute 'pox'
1774271596.7366748 [logical-1] Traceback (most recent call last):
1774271596.7371881 [logical-1]   File "/home/focal/Desktop/2024_GroundStation/build/GroundStation/GroundStation/logical.py", line 86, in update_pos
1774271596.7373085 [logical-1]     self.pox.z = z
1774271596.7373927 [logical-1] AttributeError: 'UIController' object has no attribute 'pox'
1774271596.7559927 [logical-1] Traceback (most recent call last):
1774271596.7562187 [logical-1]   File "/home/focal/Desktop/2024_GroundStation/build/GroundStation/GroundStation/logical.py", line 86, in update_pos
1774271596.7562804 [logical-1]     self.pox.z = z
1774271596.7563806 [logical-1] AttributeError: 'UIController' object has no attribute 'pox'
1774271596.7764390 [logical-1] Traceback (most recent call last):
1774271596.7766919 [logical-1]   File "/home/focal/Desktop/2024_GroundStation/build/GroundStation/GroundStation/logical.py", line 86, in update_pos
1774271596.7767854 [logical-1]     self.pox.z = z
1774271596.7768621 [logical-1] AttributeError: 'UIController' object has no attribute 'pox'
1774271596.7961450 [logical-1] Traceback (most recent call last):
1774271596.7963843 [logical-1]   File "/home/focal/Desktop/2024_GroundStation/build/GroundStation/GroundStation/logical.py", line 86, in update_pos
1774271596.7964599 [logical-1]     self.pox.z = z
1774271596.7965043 [logical-1] AttributeError: 'UIController' object has no attribute 'pox'
1774271596.8156095 [logical-1] Traceback (most recent call last):
1774271596.8158360 [logical-1]   File "/home/focal/Desktop/2024_GroundStation/build/GroundStation/GroundStation/logical.py", line 86, in update_pos
1774271596.8159037 [logical-1]     self.pox.z = z
1774271596.8159871 [logical-1] AttributeError: 'UIController' object has no attribute 'pox'
1774271596.8365512 [logical-1] Traceback (most recent call last):
1774271596.8368421 [logical-1]   File "/home/focal/Desktop/2024_GroundStation/build/GroundStation/GroundStation/logical.py", line 86, in update_pos
1774271596.8369610 [logical-1]     self.pox.z = z
1774271596.8370762 [logical-1] AttributeError: 'UIController' object has no attribute 'pox'
1774271596.8566127 [logical-1] Traceback (most recent call last):
1774271596.8568869 [logical-1]   File "/home/focal/Desktop/2024_GroundStation/build/GroundStation/GroundStation/logical.py", line 86, in update_pos
1774271596.8570340 [logical-1]     self.pox.z = z
1774271596.8571022 [logical-1] AttributeError: 'UIController' object has no attribute 'pox'
1774271596.8761420 [logical-1] Traceback (most recent call last):
1774271596.8763654 [logical-1]   File "/home/focal/Desktop/2024_GroundStation/build/GroundStation/GroundStation/logical.py", line 86, in update_pos
1774271596.8764248 [logical-1]     self.pox.z = z
1774271596.8764720 [logical-1] AttributeError: 'UIController' object has no attribute 'pox'
1774271596.8961306 [logical-1] Traceback (most recent call last):
1774271596.8963397 [logical-1]   File "/home/focal/Desktop/2024_GroundStation/build/GroundStation/GroundStation/logical.py", line 86, in update_pos
1774271596.8964002 [logical-1]     self.pox.z = z
1774271596.8964493 [logical-1] AttributeError: 'UIController' object has no attribute 'pox'
1774271596.9159236 [logical-1] Traceback (most recent call last):
1774271596.9161820 [logical-1]   File "/home/focal/Desktop/2024_GroundStation/build/GroundStation/GroundStation/logical.py", line 86, in update_pos
1774271596.9162624 [logical-1]     self.pox.z = z
1774271596.9163089 [logical-1] AttributeError: 'UIController' object has no attribute 'pox'
1774271596.9362130 [logical-1] Traceback (most recent call last):
1774271596.9364612 [logical-1]   File "/home/focal/Desktop/2024_GroundStation/build/GroundStation/GroundStation/logical.py", line 86, in update_pos
1774271596.9365368 [logical-1]     self.pox.z = z
1774271596.9365854 [logical-1] AttributeError: 'UIController' object has no attribute 'pox'
1774271596.9553592 [logical-1] Traceback (most recent call last):
1774271596.9555612 [logical-1]   File "/home/focal/Desktop/2024_GroundStation/build/GroundStation/GroundStation/logical.py", line 86, in update_pos
1774271596.9556203 [logical-1]     self.pox.z = z
1774271596.9556649 [logical-1] AttributeError: 'UIController' object has no attribute 'pox'
1774271596.9767857 [logical-1] Traceback (most recent call last):
1774271596.9773841 [logical-1]   File "/home/focal/Desktop/2024_GroundStation/build/GroundStation/GroundStation/logical.py", line 86, in update_pos
1774271596.9774773 [logical-1]     self.pox.z = z
1774271596.9775276 [logical-1] AttributeError: 'UIController' object has no attribute 'pox'
1774271596.9953148 [logical-1] Traceback (most recent call last):
1774271596.9955707 [logical-1]   File "/home/focal/Desktop/2024_GroundStation/build/GroundStation/GroundStation/logical.py", line 86, in update_pos
1774271596.9956472 [logical-1]     self.pox.z = z
1774271596.9957070 [logical-1] AttributeError: 'UIController' object has no attribute 'pox'
1774271597.0168138 [logical-1] Traceback (most recent call last):
1774271597.0170307 [logical-1]   File "/home/focal/Desktop/2024_GroundStation/build/GroundStation/GroundStation/logical.py", line 86, in update_pos
1774271597.0170925 [logical-1]     self.pox.z = z
1774271597.0171406 [logical-1] AttributeError: 'UIController' object has no attribute 'pox'
1774271597.0363400 [logical-1] Traceback (most recent call last):
1774271597.0365810 [logical-1]   File "/home/focal/Desktop/2024_GroundStation/build/GroundStation/GroundStation/logical.py", line 86, in update_pos
1774271597.0366783 [logical-1]     self.pox.z = z
1774271597.0367572 [logical-1] AttributeError: 'UIController' object has no attribute 'pox'
1774271597.0561099 [logical-1] Traceback (most recent call last):
1774271597.0563302 [logical-1]   File "/home/focal/Desktop/2024_GroundStation/build/GroundStation/GroundStation/logical.py", line 86, in update_pos
1774271597.0564032 [logical-1]     self.pox.z = z
1774271597.0564539 [logical-1] AttributeError: 'UIController' object has no attribute 'pox'
1774271597.0753117 [logical-1] Traceback (most recent call last):
1774271597.0755601 [logical-1]   File "/home/focal/Desktop/2024_GroundStation/build/GroundStation/GroundStation/logical.py", line 86, in update_pos
1774271597.0756354 [logical-1]     self.pox.z = z
1774271597.0756850 [logical-1] AttributeError: 'UIController' object has no attribute 'pox'
1774271597.0956564 [logical-1] Traceback (most recent call last):
1774271597.0958755 [logical-1]   File "/home/focal/Desktop/2024_GroundStation/build/GroundStation/GroundStation/logical.py", line 86, in update_pos
1774271597.0959418 [logical-1]     self.pox.z = z
1774271597.0959897 [logical-1] AttributeError: 'UIController' object has no attribute 'pox'
1774271597.1166713 [logical-1] Traceback (most recent call last):
1774271597.1169283 [logical-1]   File "/home/focal/Desktop/2024_GroundStation/build/GroundStation/GroundStation/logical.py", line 86, in update_pos
1774271597.1170239 [logical-1]     self.pox.z = z
1774271597.1170740 [logical-1] AttributeError: 'UIController' object has no attribute 'pox'
1774271597.1365581 [logical-1] Traceback (most recent call last):
1774271597.1368184 [logical-1]   File "/home/focal/Desktop/2024_GroundStation/build/GroundStation/GroundStation/logical.py", line 86, in update_pos
1774271597.1369436 [logical-1]     self.pox.z = z
1774271597.1370244 [logical-1] AttributeError: 'UIController' object has no attribute 'pox'
1774271597.1548002 [logical-1] Traceback (most recent call last):
1774271597.1549976 [logical-1]   File "/home/focal/Desktop/2024_GroundStation/build/GroundStation/GroundStation/logical.py", line 86, in update_pos
1774271597.1550565 [logical-1]     self.pox.z = z
1774271597.1551032 [logical-1] AttributeError: 'UIController' object has no attribute 'pox'
1774271597.1770575 [logical-1] Traceback (most recent call last):
1774271597.1773102 [logical-1]   File "/home/focal/Desktop/2024_GroundStation/build/GroundStation/GroundStation/logical.py", line 86, in update_pos
1774271597.1773815 [logical-1]     self.pox.z = z
1774271597.1774311 [logical-1] AttributeError: 'UIController' object has no attribute 'pox'
1774271597.1959937 [logical-1] Traceback (most recent call last):
1774271597.1962211 [logical-1]   File "/home/focal/Desktop/2024_GroundStation/build/GroundStation/GroundStation/logical.py", line 86, in update_pos
1774271597.1962883 [logical-1]     self.pox.z = z
1774271597.1963406 [logical-1] AttributeError: 'UIController' object has no attribute 'pox'
1774271597.2159014 [logical-1] Traceback (most recent call last):
1774271597.2162228 [logical-1]   File "/home/focal/Desktop/2024_GroundStation/build/GroundStation/GroundStation/logical.py", line 86, in update_pos
1774271597.2163265 [logical-1]     self.pox.z = z
1774271597.2164052 [logical-1] AttributeError: 'UIController' object has no attribute 'pox'
1774271597.2351327 [logical-1] Traceback (most recent call last):
1774271597.2353575 [logical-1]   File "/home/focal/Desktop/2024_GroundStation/build/GroundStation/GroundStation/logical.py", line 86, in update_pos
1774271597.2354214 [logical-1]     self.pox.z = z
1774271597.2354722 [logical-1] AttributeError: 'UIController' object has no attribute 'pox'
1774271597.2551672 [logical-1] Traceback (most recent call last):
1774271597.2555759 [logical-1]   File "/home/focal/Desktop/2024_GroundStation/build/GroundStation/GroundStation/logical.py", line 86, in update_pos
1774271597.2556944 [logical-1]     self.pox.z = z
1774271597.2557461 [logical-1] AttributeError: 'UIController' object has no attribute 'pox'
1774271597.2752810 [logical-1] Traceback (most recent call last):
1774271597.2754989 [logical-1]   File "/home/focal/Desktop/2024_GroundStation/build/GroundStation/GroundStation/logical.py", line 86, in update_pos
1774271597.2757163 [logical-1]     self.pox.z = z
1774271597.2758257 [logical-1] AttributeError: 'UIController' object has no attribute 'pox'
1774271597.2953985 [logical-1] Traceback (most recent call last):
1774271597.2956259 [logical-1]   File "/home/focal/Desktop/2024_GroundStation/build/GroundStation/GroundStation/logical.py", line 86, in update_pos
1774271597.2956932 [logical-1]     self.pox.z = z
1774271597.2957425 [logical-1] AttributeError: 'UIController' object has no attribute 'pox'
1774271597.3155305 [logical-1] Traceback (most recent call last):
1774271597.3157418 [logical-1]   File "/home/focal/Desktop/2024_GroundStation/build/GroundStation/GroundStation/logical.py", line 86, in update_pos
1774271597.3158128 [logical-1]     self.pox.z = z
1774271597.3158631 [logical-1] AttributeError: 'UIController' object has no attribute 'pox'
1774271597.3363347 [logical-1] Traceback (most recent call last):
1774271597.3365595 [logical-1]   File "/home/focal/Desktop/2024_GroundStation/build/GroundStation/GroundStation/logical.py", line 86, in update_pos
1774271597.3366590 [logical-1]     self.pox.z = z
1774271597.3367517 [logical-1] AttributeError: 'UIController' object has no attribute 'pox'
1774271597.3558462 [logical-1] Traceback (most recent call last):
1774271597.3560834 [logical-1]   File "/home/focal/Desktop/2024_GroundStation/build/GroundStation/GroundStation/logical.py", line 86, in update_pos
1774271597.3561728 [logical-1]     self.pox.z = z
1774271597.3562279 [logical-1] AttributeError: 'UIController' object has no attribute 'pox'
1774271597.3759353 [logical-1] Traceback (most recent call last):
1774271597.3761489 [logical-1]   File "/home/focal/Desktop/2024_GroundStation/build/GroundStation/GroundStation/logical.py", line 86, in update_pos
1774271597.3762705 [logical-1]     self.pox.z = z
1774271597.3763282 [logical-1] AttributeError: 'UIController' object has no attribute 'pox'
1774271597.3973546 [logical-1] Traceback (most recent call last):
1774271597.3976874 [logical-1]   File "/home/focal/Desktop/2024_GroundStation/build/GroundStation/GroundStation/logical.py", line 86, in update_pos
1774271597.3978407 [logical-1]     self.pox.z = z
1774271597.3979380 [logical-1] AttributeError: 'UIController' object has no attribute 'pox'
1774271597.4160357 [logical-1] Traceback (most recent call last):
1774271597.4163136 [logical-1]   File "/home/focal/Desktop/2024_GroundStation/build/GroundStation/GroundStation/logical.py", line 86, in update_pos
1774271597.4164057 [logical-1]     self.pox.z = z
1774271597.4164667 [logical-1] AttributeError: 'UIController' object has no attribute 'pox'
1774271597.4355545 [logical-1] Traceback (most recent call last):
1774271597.4357786 [logical-1]   File "/home/focal/Desktop/2024_GroundStation/build/GroundStation/GroundStation/logical.py", line 86, in update_pos
1774271597.4358461 [logical-1]     self.pox.z = z
1774271597.4359012 [logical-1] AttributeError: 'UIController' object has no attribute 'pox'
1774271597.4568391 [logical-1] Traceback (most recent call last):
1774271597.4571524 [logical-1]   File "/home/focal/Desktop/2024_GroundStation/build/GroundStation/GroundStation/logical.py", line 86, in update_pos
1774271597.4572918 [logical-1]     self.pox.z = z
1774271597.4573677 [logical-1] AttributeError: 'UIController' object has no attribute 'pox'
1774271597.4762962 [logical-1] Traceback (most recent call last):
1774271597.4765112 [logical-1]   File "/home/focal/Desktop/2024_GroundStation/build/GroundStation/GroundStation/logical.py", line 86, in update_pos
1774271597.4765911 [logical-1]     self.pox.z = z
1774271597.4766448 [logical-1] AttributeError: 'UIController' object has no attribute 'pox'
1774271597.4965820 [logical-1] Traceback (most recent call last):
1774271597.4968200 [logical-1]   File "/home/focal/Desktop/2024_GroundStation/build/GroundStation/GroundStation/logical.py", line 86, in update_pos
1774271597.4968934 [logical-1]     self.pox.z = z
1774271597.4969997 [logical-1] AttributeError: 'UIController' object has no attribute 'pox'
1774271597.5157776 [logical-1] Traceback (most recent call last):
1774271597.5160227 [logical-1]   File "/home/focal/Desktop/2024_GroundStation/build/GroundStation/GroundStation/logical.py", line 86, in update_pos
1774271597.5161109 [logical-1]     self.pox.z = z
1774271597.5161676 [logical-1] AttributeError: 'UIController' object has no attribute 'pox'
1774271597.5355604 [logical-1] Traceback (most recent call last):
1774271597.5357995 [logical-1]   File "/home/focal/Desktop/2024_GroundStation/build/GroundStation/GroundStation/logical.py", line 86, in update_pos
1774271597.5358696 [logical-1]     self.pox.z = z
1774271597.5359206 [logical-1] AttributeError: 'UIController' object has no attribute 'pox'
1774271597.5570493 [logical-1] Traceback (most recent call last):
1774271597.5573342 [logical-1]   File "/home/focal/Desktop/2024_GroundStation/build/GroundStation/GroundStation/logical.py", line 86, in update_pos
1774271597.5574915 [logical-1]     self.pox.z = z
1774271597.5576220 [logical-1] AttributeError: 'UIController' object has no attribute 'pox'
1774271597.5757670 [logical-1] Traceback (most recent call last):
1774271597.5759778 [logical-1]   File "/home/focal/Desktop/2024_GroundStation/build/GroundStation/GroundStation/logical.py", line 86, in update_pos
1774271597.5760469 [logical-1]     self.pox.z = z
1774271597.5760977 [logical-1] AttributeError: 'UIController' object has no attribute 'pox'
1774271597.5959709 [logical-1] Traceback (most recent call last):
1774271597.5962691 [logical-1]   File "/home/focal/Desktop/2024_GroundStation/build/GroundStation/GroundStation/logical.py", line 86, in update_pos
1774271597.5963824 [logical-1]     self.pox.z = z
1774271597.5964556 [logical-1] AttributeError: 'UIController' object has no attribute 'pox'
1774271597.6156726 [logical-1] Traceback (most recent call last):
1774271597.6159596 [logical-1]   File "/home/focal/Desktop/2024_GroundStation/build/GroundStation/GroundStation/logical.py", line 86, in update_pos
1774271597.6160259 [logical-1]     self.pox.z = z
1774271597.6160767 [logical-1] AttributeError: 'UIController' object has no attribute 'pox'
1774271597.6355472 [logical-1] Traceback (most recent call last):
1774271597.6357615 [logical-1]   File "/home/focal/Desktop/2024_GroundStation/build/GroundStation/GroundStation/logical.py", line 86, in update_pos
1774271597.6358240 [logical-1]     self.pox.z = z
1774271597.6358716 [logical-1] AttributeError: 'UIController' object has no attribute 'pox'
1774271597.6559601 [logical-1] Traceback (most recent call last):
1774271597.6561706 [logical-1]   File "/home/focal/Desktop/2024_GroundStation/build/GroundStation/GroundStation/logical.py", line 86, in update_pos
1774271597.6562338 [logical-1]     self.pox.z = z
1774271597.6562805 [logical-1] AttributeError: 'UIController' object has no attribute 'pox'
1774271597.6764419 [logical-1] Traceback (most recent call last):
1774271597.6766763 [logical-1]   File "/home/focal/Desktop/2024_GroundStation/build/GroundStation/GroundStation/logical.py", line 86, in update_pos
1774271597.6769462 [logical-1]     self.pox.z = z
1774271597.6771657 [logical-1] AttributeError: 'UIController' object has no attribute 'pox'
1774271597.6964846 [logical-1] Traceback (most recent call last):
1774271597.6967449 [logical-1]   File "/home/focal/Desktop/2024_GroundStation/build/GroundStation/GroundStation/logical.py", line 86, in update_pos
1774271597.6968455 [logical-1]     self.pox.z = z
1774271597.6969016 [logical-1] AttributeError: 'UIController' object has no attribute 'pox'
1774271597.7153070 [logical-1] Traceback (most recent call last):
1774271597.7155607 [logical-1]   File "/home/focal/Desktop/2024_GroundStation/build/GroundStation/GroundStation/logical.py", line 86, in update_pos
1774271597.7156289 [logical-1]     self.pox.z = z
1774271597.7156897 [logical-1] AttributeError: 'UIController' object has no attribute 'pox'
1774271597.7364805 [logical-1] Traceback (most recent call last):
1774271597.7367380 [logical-1]   File "/home/focal/Desktop/2024_GroundStation/build/GroundStation/GroundStation/logical.py", line 86, in update_pos
1774271597.7368205 [logical-1]     self.pox.z = z
1774271597.7369065 [logical-1] AttributeError: 'UIController' object has no attribute 'pox'
1774271597.7560248 [logical-1] Traceback (most recent call last):
1774271597.7562714 [logical-1]   File "/home/focal/Desktop/2024_GroundStation/build/GroundStation/GroundStation/logical.py", line 86, in update_pos
1774271597.7563438 [logical-1]     self.pox.z = z
1774271597.7563899 [logical-1] AttributeError: 'UIController' object has no attribute 'pox'
1774271597.7777438 [logical-1] Traceback (most recent call last):
1774271597.7779641 [logical-1]   File "/home/focal/Desktop/2024_GroundStation/build/GroundStation/GroundStation/logical.py", line 86, in update_pos
1774271597.7780819 [logical-1]     self.pox.z = z
1774271597.7781341 [logical-1] AttributeError: 'UIController' object has no attribute 'pox'
1774271597.7976007 [logical-1] Traceback (most recent call last):
1774271597.7979228 [logical-1]   File "/home/focal/Desktop/2024_GroundStation/build/GroundStation/GroundStation/logical.py", line 86, in update_pos
1774271597.7980039 [logical-1]     self.pox.z = z
1774271597.7980521 [logical-1] AttributeError: 'UIController' object has no attribute 'pox'
1774271597.8157582 [logical-1] Traceback (most recent call last):
1774271597.8159909 [logical-1]   File "/home/focal/Desktop/2024_GroundStation/build/GroundStation/GroundStation/logical.py", line 86, in update_pos
1774271597.8160515 [logical-1]     self.pox.z = z
1774271597.8160982 [logical-1] AttributeError: 'UIController' object has no attribute 'pox'
1774271597.8365090 [logical-1] Traceback (most recent call last):
1774271597.8367169 [logical-1]   File "/home/focal/Desktop/2024_GroundStation/build/GroundStation/GroundStation/logical.py", line 86, in update_pos
1774271597.8367717 [logical-1]     self.pox.z = z
1774271597.8368161 [logical-1] AttributeError: 'UIController' object has no attribute 'pox'
1774271597.8560596 [logical-1] Traceback (most recent call last):
1774271597.8562658 [logical-1]   File "/home/focal/Desktop/2024_GroundStation/build/GroundStation/GroundStation/logical.py", line 86, in update_pos
1774271597.8563297 [logical-1]     self.pox.z = z
1774271597.8563786 [logical-1] AttributeError: 'UIController' object has no attribute 'pox'
1774271597.8759775 [logical-1] Traceback (most recent call last):
1774271597.8761790 [logical-1]   File "/home/focal/Desktop/2024_GroundStation/build/GroundStation/GroundStation/logical.py", line 86, in update_pos
1774271597.8762379 [logical-1]     self.pox.z = z
1774271597.8762844 [logical-1] AttributeError: 'UIController' object has no attribute 'pox'
1774271597.8963249 [logical-1] Traceback (most recent call last):
1774271597.8965964 [logical-1]   File "/home/focal/Desktop/2024_GroundStation/build/GroundStation/GroundStation/logical.py", line 86, in update_pos
1774271597.8966749 [logical-1]     self.pox.z = z
1774271597.8967228 [logical-1] AttributeError: 'UIController' object has no attribute 'pox'
1774271597.9161785 [logical-1] Traceback (most recent call last):
1774271597.9164481 [logical-1]   File "/home/focal/Desktop/2024_GroundStation/build/GroundStation/GroundStation/logical.py", line 86, in update_pos
1774271597.9165413 [logical-1]     self.pox.z = z
1774271597.9166133 [logical-1] AttributeError: 'UIController' object has no attribute 'pox'
1774271597.9377134 [logical-1] Traceback (most recent call last):
1774271597.9382033 [logical-1]   File "/home/focal/Desktop/2024_GroundStation/build/GroundStation/GroundStation/logical.py", line 86, in update_pos
1774271597.9384038 [logical-1]     self.pox.z = z
1774271597.9387820 [logical-1] AttributeError: 'UIController' object has no attribute 'pox'
1774271597.9573140 [logical-1] Traceback (most recent call last):
1774271597.9576313 [logical-1]   File "/home/focal/Desktop/2024_GroundStation/build/GroundStation/GroundStation/logical.py", line 86, in update_pos
1774271597.9577234 [logical-1]     self.pox.z = z
1774271597.9578412 [logical-1] AttributeError: 'UIController' object has no attribute 'pox'
1774271597.9761992 [logical-1] Traceback (most recent call last):
1774271597.9765723 [logical-1]   File "/home/focal/Desktop/2024_GroundStation/build/GroundStation/GroundStation/logical.py", line 86, in update_pos
1774271597.9766998 [logical-1]     self.pox.z = z
1774271597.9767723 [logical-1] AttributeError: 'UIController' object has no attribute 'pox'
1774271597.9956565 [logical-1] Traceback (most recent call last):
1774271597.9959481 [logical-1]   File "/home/focal/Desktop/2024_GroundStation/build/GroundStation/GroundStation/logical.py", line 86, in update_pos
1774271597.9960713 [logical-1]     self.pox.z = z
1774271597.9961841 [logical-1] AttributeError: 'UIController' object has no attribute 'pox'
1774271598.0167143 [logical-1] Traceback (most recent call last):
1774271598.0169654 [logical-1]   File "/home/focal/Desktop/2024_GroundStation/build/GroundStation/GroundStation/logical.py", line 86, in update_pos
1774271598.0170429 [logical-1]     self.pox.z = z
1774271598.0171120 [logical-1] AttributeError: 'UIController' object has no attribute 'pox'
1774271598.0389352 [logical-1] Traceback (most recent call last):
1774271598.0391908 [logical-1]   File "/home/focal/Desktop/2024_GroundStation/build/GroundStation/GroundStation/logical.py", line 86, in update_pos
1774271598.0393364 [logical-1]     self.pox.z = z
1774271598.0394073 [logical-1] AttributeError: 'UIController' object has no attribute 'pox'
1774271598.0572081 [logical-1] Traceback (most recent call last):
1774271598.0575163 [logical-1]   File "/home/focal/Desktop/2024_GroundStation/build/GroundStation/GroundStation/logical.py", line 86, in update_pos
1774271598.0576046 [logical-1]     self.pox.z = z
1774271598.0576632 [logical-1] AttributeError: 'UIController' object has no attribute 'pox'
1774271598.0771208 [logical-1] Traceback (most recent call last):
1774271598.0774591 [logical-1]   File "/home/focal/Desktop/2024_GroundStation/build/GroundStation/GroundStation/logical.py", line 86, in update_pos
1774271598.0775445 [logical-1]     self.pox.z = z
1774271598.0775974 [logical-1] AttributeError: 'UIController' object has no attribute 'pox'
1774271598.0970211 [logical-1] Traceback (most recent call last):
1774271598.0973649 [logical-1]   File "/home/focal/Desktop/2024_GroundStation/build/GroundStation/GroundStation/logical.py", line 86, in update_pos
1774271598.0974889 [logical-1]     self.pox.z = z
1774271598.0975554 [logical-1] AttributeError: 'UIController' object has no attribute 'pox'
1774271598.1180582 [logical-1] Traceback (most recent call last):
1774271598.1183167 [logical-1]   File "/home/focal/Desktop/2024_GroundStation/build/GroundStation/GroundStation/logical.py", line 86, in update_pos
1774271598.1183889 [logical-1]     self.pox.z = z
1774271598.1184425 [logical-1] AttributeError: 'UIController' object has no attribute 'pox'
1774271598.1354299 [logical-1] Traceback (most recent call last):
1774271598.1356997 [logical-1]   File "/home/focal/Desktop/2024_GroundStation/build/GroundStation/GroundStation/logical.py", line 86, in update_pos
1774271598.1358192 [logical-1]     self.pox.z = z
1774271598.1359065 [logical-1] AttributeError: 'UIController' object has no attribute 'pox'
1774271598.1566467 [logical-1] Traceback (most recent call last):
1774271598.1568983 [logical-1]   File "/home/focal/Desktop/2024_GroundStation/build/GroundStation/GroundStation/logical.py", line 86, in update_pos
1774271598.1569746 [logical-1]     self.pox.z = z
1774271598.1570268 [logical-1] AttributeError: 'UIController' object has no attribute 'pox'
1774271598.1770315 [logical-1] Traceback (most recent call last):
1774271598.1772513 [logical-1]   File "/home/focal/Desktop/2024_GroundStation/build/GroundStation/GroundStation/logical.py", line 86, in update_pos
1774271598.1773112 [logical-1]     self.pox.z = z
1774271598.1773565 [logical-1] AttributeError: 'UIController' object has no attribute 'pox'
1774271598.1964488 [logical-1] Traceback (most recent call last):
1774271598.1967158 [logical-1]   File "/home/focal/Desktop/2024_GroundStation/build/GroundStation/GroundStation/logical.py", line 86, in update_pos
1774271598.1967919 [logical-1]     self.pox.z = z
1774271598.1968381 [logical-1] AttributeError: 'UIController' object has no attribute 'pox'
1774271598.2148921 [logical-1] Traceback (most recent call last):
1774271598.2152445 [logical-1]   File "/home/focal/Desktop/2024_GroundStation/build/GroundStation/GroundStation/logical.py", line 86, in update_pos
1774271598.2153871 [logical-1]     self.pox.z = z
1774271598.2154782 [logical-1] AttributeError: 'UIController' object has no attribute 'pox'
1774271598.2357028 [logical-1] Traceback (most recent call last):
1774271598.2362185 [logical-1]   File "/home/focal/Desktop/2024_GroundStation/build/GroundStation/GroundStation/logical.py", line 86, in update_pos
1774271598.2363770 [logical-1]     self.pox.z = z
1774271598.2364860 [logical-1] AttributeError: 'UIController' object has no attribute 'pox'
1774271598.2557392 [logical-1] Traceback (most recent call last):
1774271598.2559536 [logical-1]   File "/home/focal/Desktop/2024_GroundStation/build/GroundStation/GroundStation/logical.py", line 86, in update_pos
1774271598.2560177 [logical-1]     self.pox.z = z
1774271598.2560747 [logical-1] AttributeError: 'UIController' object has no attribute 'pox'
1774271598.2761023 [logical-1] Traceback (most recent call last):
1774271598.2763371 [logical-1]   File "/home/focal/Desktop/2024_GroundStation/build/GroundStation/GroundStation/logical.py", line 86, in update_pos
1774271598.2764287 [logical-1]     self.pox.z = z
1774271598.2765396 [logical-1] AttributeError: 'UIController' object has no attribute 'pox'
1774271598.2952647 [logical-1] Traceback (most recent call last):
1774271598.2955384 [logical-1]   File "/home/focal/Desktop/2024_GroundStation/build/GroundStation/GroundStation/logical.py", line 86, in update_pos
1774271598.2956576 [logical-1]     self.pox.z = z
1774271598.2957113 [logical-1] AttributeError: 'UIController' object has no attribute 'pox'
1774271598.3170762 [logical-1] Traceback (most recent call last):
1774271598.3174274 [logical-1]   File "/home/focal/Desktop/2024_GroundStation/build/GroundStation/GroundStation/logical.py", line 86, in update_pos
1774271598.3175368 [logical-1]     self.pox.z = z
1774271598.3175943 [logical-1] AttributeError: 'UIController' object has no attribute 'pox'
1774271598.3354585 [logical-1] Traceback (most recent call last):
1774271598.3356574 [logical-1]   File "/home/focal/Desktop/2024_GroundStation/build/GroundStation/GroundStation/logical.py", line 86, in update_pos
1774271598.3357160 [logical-1]     self.pox.z = z
1774271598.3357596 [logical-1] AttributeError: 'UIController' object has no attribute 'pox'
1774271598.3557155 [logical-1] Traceback (most recent call last):
1774271598.3559422 [logical-1]   File "/home/focal/Desktop/2024_GroundStation/build/GroundStation/GroundStation/logical.py", line 86, in update_pos
1774271598.3560369 [logical-1]     self.pox.z = z
1774271598.3561158 [logical-1] AttributeError: 'UIController' object has no attribute 'pox'
1774271598.3782477 [logical-1] Traceback (most recent call last):
1774271598.3785255 [logical-1]   File "/home/focal/Desktop/2024_GroundStation/build/GroundStation/GroundStation/logical.py", line 86, in update_pos
1774271598.3785908 [logical-1]     self.pox.z = z
1774271598.3786361 [logical-1] AttributeError: 'UIController' object has no attribute 'pox'
1774271598.3964155 [logical-1] Traceback (most recent call last):
1774271598.3967392 [logical-1]   File "/home/focal/Desktop/2024_GroundStation/build/GroundStation/GroundStation/logical.py", line 86, in update_pos
1774271598.3968594 [logical-1]     self.pox.z = z
1774271598.3969231 [logical-1] AttributeError: 'UIController' object has no attribute 'pox'
1774271598.4150321 [logical-1] Traceback (most recent call last):
1774271598.4152339 [logical-1]   File "/home/focal/Desktop/2024_GroundStation/build/GroundStation/GroundStation/logical.py", line 86, in update_pos
1774271598.4152946 [logical-1]     self.pox.z = z
1774271598.4153411 [logical-1] AttributeError: 'UIController' object has no attribute 'pox'
1774271598.4344468 [logical-1] Traceback (most recent call last):
1774271598.4346414 [logical-1]   File "/home/focal/Desktop/2024_GroundStation/build/GroundStation/GroundStation/logical.py", line 86, in update_pos
1774271598.4347124 [logical-1]     self.pox.z = z
1774271598.4347646 [logical-1] AttributeError: 'UIController' object has no attribute 'pox'
1774271598.4551890 [logical-1] Traceback (most recent call last):
1774271598.4554431 [logical-1]   File "/home/focal/Desktop/2024_GroundStation/build/GroundStation/GroundStation/logical.py", line 86, in update_pos
1774271598.4555569 [logical-1]     self.pox.z = z
1774271598.4556410 [logical-1] AttributeError: 'UIController' object has no attribute 'pox'
1774271598.4758623 [logical-1] Traceback (most recent call last):
1774271598.4760633 [logical-1]   File "/home/focal/Desktop/2024_GroundStation/build/GroundStation/GroundStation/logical.py", line 86, in update_pos
1774271598.4761219 [logical-1]     self.pox.z = z
1774271598.4761670 [logical-1] AttributeError: 'UIController' object has no attribute 'pox'
1774271598.4960532 [logical-1] Traceback (most recent call last):
1774271598.4962587 [logical-1]   File "/home/focal/Desktop/2024_GroundStation/build/GroundStation/GroundStation/logical.py", line 86, in update_pos
1774271598.4963174 [logical-1]     self.pox.z = z
1774271598.4963703 [logical-1] AttributeError: 'UIController' object has no attribute 'pox'
1774271598.5164113 [logical-1] Traceback (most recent call last):
1774271598.5166833 [logical-1]   File "/home/focal/Desktop/2024_GroundStation/build/GroundStation/GroundStation/logical.py", line 86, in update_pos
1774271598.5167785 [logical-1]     self.pox.z = z
1774271598.5168374 [logical-1] AttributeError: 'UIController' object has no attribute 'pox'
1774271598.5363691 [logical-1] Traceback (most recent call last):
1774271598.5366111 [logical-1]   File "/home/focal/Desktop/2024_GroundStation/build/GroundStation/GroundStation/logical.py", line 86, in update_pos
1774271598.5366774 [logical-1]     self.pox.z = z
1774271598.5367305 [logical-1] AttributeError: 'UIController' object has no attribute 'pox'
1774271598.5551867 [logical-1] Traceback (most recent call last):
1774271598.5554111 [logical-1]   File "/home/focal/Desktop/2024_GroundStation/build/GroundStation/GroundStation/logical.py", line 86, in update_pos
1774271598.5554755 [logical-1]     self.pox.z = z
1774271598.5555253 [logical-1] AttributeError: 'UIController' object has no attribute 'pox'
1774271598.5747707 [logical-1] Traceback (most recent call last):
1774271598.5749850 [logical-1]   File "/home/focal/Desktop/2024_GroundStation/build/GroundStation/GroundStation/logical.py", line 86, in update_pos
1774271598.5750513 [logical-1]     self.pox.z = z
1774271598.5751038 [logical-1] AttributeError: 'UIController' object has no attribute 'pox'
1774271598.5959501 [logical-1] Traceback (most recent call last):
1774271598.5961654 [logical-1]   File "/home/focal/Desktop/2024_GroundStation/build/GroundStation/GroundStation/logical.py", line 86, in update_pos
1774271598.5962310 [logical-1]     self.pox.z = z
1774271598.5962853 [logical-1] AttributeError: 'UIController' object has no attribute 'pox'
1774271598.6156359 [logical-1] Traceback (most recent call last):
1774271598.6158693 [logical-1]   File "/home/focal/Desktop/2024_GroundStation/build/GroundStation/GroundStation/logical.py", line 86, in update_pos
1774271598.6159320 [logical-1]     self.pox.z = z
1774271598.6159923 [logical-1] AttributeError: 'UIController' object has no attribute 'pox'
1774271598.6352661 [logical-1] Traceback (most recent call last):
1774271598.6355238 [logical-1]   File "/home/focal/Desktop/2024_GroundStation/build/GroundStation/GroundStation/logical.py", line 86, in update_pos
1774271598.6356280 [logical-1]     self.pox.z = z
1774271598.6357143 [logical-1] AttributeError: 'UIController' object has no attribute 'pox'
1774271598.6558456 [logical-1] Traceback (most recent call last):
1774271598.6560471 [logical-1]   File "/home/focal/Desktop/2024_GroundStation/build/GroundStation/GroundStation/logical.py", line 86, in update_pos
1774271598.6561170 [logical-1]     self.pox.z = z
1774271598.6561673 [logical-1] AttributeError: 'UIController' object has no attribute 'pox'
1774271598.6768715 [logical-1] Traceback (most recent call last):
1774271598.6770759 [logical-1]   File "/home/focal/Desktop/2024_GroundStation/build/GroundStation/GroundStation/logical.py", line 86, in update_pos
1774271598.6771419 [logical-1]     self.pox.z = z
1774271598.6771905 [logical-1] AttributeError: 'UIController' object has no attribute 'pox'
1774271598.6956899 [logical-1] Traceback (most recent call last):
1774271598.6959167 [logical-1]   File "/home/focal/Desktop/2024_GroundStation/build/GroundStation/GroundStation/logical.py", line 86, in update_pos
1774271598.6959872 [logical-1]     self.pox.z = z
1774271598.6960759 [logical-1] AttributeError: 'UIController' object has no attribute 'pox'
1774271598.7156887 [logical-1] Traceback (most recent call last):
1774271598.7159843 [logical-1]   File "/home/focal/Desktop/2024_GroundStation/build/GroundStation/GroundStation/logical.py", line 86, in update_pos
1774271598.7160890 [logical-1]     self.pox.z = z
1774271598.7161493 [logical-1] AttributeError: 'UIController' object has no attribute 'pox'
1774271598.7370162 [logical-1] Traceback (most recent call last):
1774271598.7372684 [logical-1]   File "/home/focal/Desktop/2024_GroundStation/build/GroundStation/GroundStation/logical.py", line 86, in update_pos
1774271598.7373326 [logical-1]     self.pox.z = z
1774271598.7373819 [logical-1] AttributeError: 'UIController' object has no attribute 'pox'
1774271598.7550664 [logical-1] Traceback (most recent call last):
1774271598.7553089 [logical-1]   File "/home/focal/Desktop/2024_GroundStation/build/GroundStation/GroundStation/logical.py", line 86, in update_pos
1774271598.7553711 [logical-1]     self.pox.z = z
1774271598.7554164 [logical-1] AttributeError: 'UIController' object has no attribute 'pox'
1774271598.7772245 [logical-1] Traceback (most recent call last):
1774271598.7774940 [logical-1]   File "/home/focal/Desktop/2024_GroundStation/build/GroundStation/GroundStation/logical.py", line 86, in update_pos
1774271598.7775989 [logical-1]     self.pox.z = z
1774271598.7776515 [logical-1] AttributeError: 'UIController' object has no attribute 'pox'
1774271598.7965078 [logical-1] Traceback (most recent call last):
1774271598.7966993 [logical-1]   File "/home/focal/Desktop/2024_GroundStation/build/GroundStation/GroundStation/logical.py", line 86, in update_pos
1774271598.7967544 [logical-1]     self.pox.z = z
1774271598.7967987 [logical-1] AttributeError: 'UIController' object has no attribute 'pox'
1774271598.8163838 [logical-1] Traceback (most recent call last):
1774271598.8166146 [logical-1]   File "/home/focal/Desktop/2024_GroundStation/build/GroundStation/GroundStation/logical.py", line 86, in update_pos
1774271598.8166788 [logical-1]     self.pox.z = z
1774271598.8167250 [logical-1] AttributeError: 'UIController' object has no attribute 'pox'
1774271598.8360486 [logical-1] Traceback (most recent call last):
1774271598.8362393 [logical-1]   File "/home/focal/Desktop/2024_GroundStation/build/GroundStation/GroundStation/logical.py", line 86, in update_pos
1774271598.8362918 [logical-1]     self.pox.z = z
1774271598.8363357 [logical-1] AttributeError: 'UIController' object has no attribute 'pox'
1774271598.8564882 [logical-1] Traceback (most recent call last):
1774271598.8567626 [logical-1]   File "/home/focal/Desktop/2024_GroundStation/build/GroundStation/GroundStation/logical.py", line 86, in update_pos
1774271598.8568287 [logical-1]     self.pox.z = z
1774271598.8568747 [logical-1] AttributeError: 'UIController' object has no attribute 'pox'
1774271598.8756955 [logical-1] Traceback (most recent call last):
1774271598.8758993 [logical-1]   File "/home/focal/Desktop/2024_GroundStation/build/GroundStation/GroundStation/logical.py", line 86, in update_pos
1774271598.8759632 [logical-1]     self.pox.z = z
1774271598.8760080 [logical-1] AttributeError: 'UIController' object has no attribute 'pox'
1774271598.8964055 [logical-1] Traceback (most recent call last):
1774271598.8966241 [logical-1]   File "/home/focal/Desktop/2024_GroundStation/build/GroundStation/GroundStation/logical.py", line 86, in update_pos
1774271598.8966997 [logical-1]     self.pox.z = z
1774271598.8967478 [logical-1] AttributeError: 'UIController' object has no attribute 'pox'
1774271598.9148409 [logical-1] Traceback (most recent call last):
1774271598.9150777 [logical-1]   File "/home/focal/Desktop/2024_GroundStation/build/GroundStation/GroundStation/logical.py", line 86, in update_pos
1774271598.9151344 [logical-1]     self.pox.z = z
1774271598.9152193 [logical-1] AttributeError: 'UIController' object has no attribute 'pox'
1774271598.9371676 [logical-1] Traceback (most recent call last):
1774271598.9373841 [logical-1]   File "/home/focal/Desktop/2024_GroundStation/build/GroundStation/GroundStation/logical.py", line 86, in update_pos
1774271598.9374492 [logical-1]     self.pox.z = z
1774271598.9374998 [logical-1] AttributeError: 'UIController' object has no attribute 'pox'
1774271598.9566109 [logical-1] Traceback (most recent call last):
1774271598.9568253 [logical-1]   File "/home/focal/Desktop/2024_GroundStation/build/GroundStation/GroundStation/logical.py", line 86, in update_pos
1774271598.9568903 [logical-1]     self.pox.z = z
1774271598.9569430 [logical-1] AttributeError: 'UIController' object has no attribute 'pox'
1774271598.9765275 [logical-1] Traceback (most recent call last):
1774271598.9767871 [logical-1]   File "/home/focal/Desktop/2024_GroundStation/build/GroundStation/GroundStation/logical.py", line 86, in update_pos
1774271598.9768772 [logical-1]     self.pox.z = z
1774271598.9769337 [logical-1] AttributeError: 'UIController' object has no attribute 'pox'
1774271598.9958339 [logical-1] Traceback (most recent call last):
1774271598.9960592 [logical-1]   File "/home/focal/Desktop/2024_GroundStation/build/GroundStation/GroundStation/logical.py", line 86, in update_pos
1774271598.9961307 [logical-1]     self.pox.z = z
1774271598.9961858 [logical-1] AttributeError: 'UIController' object has no attribute 'pox'
1774271599.0157576 [logical-1] Traceback (most recent call last):
1774271599.0160408 [logical-1]   File "/home/focal/Desktop/2024_GroundStation/build/GroundStation/GroundStation/logical.py", line 86, in update_pos
1774271599.0161164 [logical-1]     self.pox.z = z
1774271599.0161672 [logical-1] AttributeError: 'UIController' object has no attribute 'pox'
1774271599.0369189 [logical-1] Traceback (most recent call last):
1774271599.0372365 [logical-1]   File "/home/focal/Desktop/2024_GroundStation/build/GroundStation/GroundStation/logical.py", line 86, in update_pos
1774271599.0373690 [logical-1]     self.pox.z = z
1774271599.0374441 [logical-1] AttributeError: 'UIController' object has no attribute 'pox'
1774271599.0565391 [logical-1] Traceback (most recent call last):
1774271599.0567615 [logical-1]   File "/home/focal/Desktop/2024_GroundStation/build/GroundStation/GroundStation/logical.py", line 86, in update_pos
1774271599.0568283 [logical-1]     self.pox.z = z
1774271599.0568824 [logical-1] AttributeError: 'UIController' object has no attribute 'pox'
1774271599.0767317 [logical-1] Traceback (most recent call last):
1774271599.0769749 [logical-1]   File "/home/focal/Desktop/2024_GroundStation/build/GroundStation/GroundStation/logical.py", line 86, in update_pos
1774271599.0770576 [logical-1]     self.pox.z = z
1774271599.0771101 [logical-1] AttributeError: 'UIController' object has no attribute 'pox'
1774271599.0951509 [logical-1] Traceback (most recent call last):
1774271599.0953877 [logical-1]   File "/home/focal/Desktop/2024_GroundStation/build/GroundStation/GroundStation/logical.py", line 86, in update_pos
1774271599.0954964 [logical-1]     self.pox.z = z
1774271599.0955870 [logical-1] AttributeError: 'UIController' object has no attribute 'pox'
1774271599.1151249 [logical-1] Traceback (most recent call last):
1774271599.1153827 [logical-1]   File "/home/focal/Desktop/2024_GroundStation/build/GroundStation/GroundStation/logical.py", line 86, in update_pos
1774271599.1154976 [logical-1]     self.pox.z = z
1774271599.1155500 [logical-1] AttributeError: 'UIController' object has no attribute 'pox'
1774271599.1356509 [logical-1] Traceback (most recent call last):
1774271599.1358380 [logical-1]   File "/home/focal/Desktop/2024_GroundStation/build/GroundStation/GroundStation/logical.py", line 86, in update_pos
1774271599.1358936 [logical-1]     self.pox.z = z
1774271599.1359370 [logical-1] AttributeError: 'UIController' object has no attribute 'pox'
1774271599.1558976 [logical-1] Traceback (most recent call last):
1774271599.1561170 [logical-1]   File "/home/focal/Desktop/2024_GroundStation/build/GroundStation/GroundStation/logical.py", line 86, in update_pos
1774271599.1561882 [logical-1]     self.pox.z = z
1774271599.1562407 [logical-1] AttributeError: 'UIController' object has no attribute 'pox'
1774271599.1756129 [logical-1] Traceback (most recent call last):
1774271599.1758113 [logical-1]   File "/home/focal/Desktop/2024_GroundStation/build/GroundStation/GroundStation/logical.py", line 86, in update_pos
1774271599.1758683 [logical-1]     self.pox.z = z
1774271599.1759126 [logical-1] AttributeError: 'UIController' object has no attribute 'pox'
1774271599.1966085 [logical-1] Traceback (most recent call last):
1774271599.1968727 [logical-1]   File "/home/focal/Desktop/2024_GroundStation/build/GroundStation/GroundStation/logical.py", line 86, in update_pos
1774271599.1969330 [logical-1]     self.pox.z = z
1774271599.1969795 [logical-1] AttributeError: 'UIController' object has no attribute 'pox'
1774271599.2152767 [logical-1] Traceback (most recent call last):
1774271599.2155015 [logical-1]   File "/home/focal/Desktop/2024_GroundStation/build/GroundStation/GroundStation/logical.py", line 86, in update_pos
1774271599.2155709 [logical-1]     self.pox.z = z
1774271599.2156169 [logical-1] AttributeError: 'UIController' object has no attribute 'pox'
1774271599.2372928 [logical-1] Traceback (most recent call last):
1774271599.2375078 [logical-1]   File "/home/focal/Desktop/2024_GroundStation/build/GroundStation/GroundStation/logical.py", line 86, in update_pos
1774271599.2375665 [logical-1]     self.pox.z = z
1774271599.2376122 [logical-1] AttributeError: 'UIController' object has no attribute 'pox'
1774271599.2576294 [logical-1] Traceback (most recent call last):
1774271599.2578480 [logical-1]   File "/home/focal/Desktop/2024_GroundStation/build/GroundStation/GroundStation/logical.py", line 86, in update_pos
1774271599.2579110 [logical-1]     self.pox.z = z
1774271599.2579606 [logical-1] AttributeError: 'UIController' object has no attribute 'pox'
1774271599.2787466 [logical-1] Traceback (most recent call last):
1774271599.2789483 [logical-1]   File "/home/focal/Desktop/2024_GroundStation/build/GroundStation/GroundStation/logical.py", line 86, in update_pos
1774271599.2790961 [logical-1]     self.pox.z = z
1774271599.2792001 [logical-1] AttributeError: 'UIController' object has no attribute 'pox'
1774271599.2952292 [logical-1] Traceback (most recent call last):
1774271599.2954748 [logical-1]   File "/home/focal/Desktop/2024_GroundStation/build/GroundStation/GroundStation/logical.py", line 86, in update_pos
1774271599.2955596 [logical-1]     self.pox.z = z
1774271599.2956064 [logical-1] AttributeError: 'UIController' object has no attribute 'pox'
1774271599.3171694 [logical-1] Traceback (most recent call last):
1774271599.3174694 [logical-1]   File "/home/focal/Desktop/2024_GroundStation/build/GroundStation/GroundStation/logical.py", line 86, in update_pos
1774271599.3175833 [logical-1]     self.pox.z = z
1774271599.3176634 [logical-1] AttributeError: 'UIController' object has no attribute 'pox'
1774271599.3359351 [logical-1] Traceback (most recent call last):
1774271599.3361683 [logical-1]   File "/home/focal/Desktop/2024_GroundStation/build/GroundStation/GroundStation/logical.py", line 86, in update_pos
1774271599.3362334 [logical-1]     self.pox.z = z
1774271599.3362792 [logical-1] AttributeError: 'UIController' object has no attribute 'pox'
1774271599.3558130 [logical-1] Traceback (most recent call last):
1774271599.3561900 [logical-1]   File "/home/focal/Desktop/2024_GroundStation/build/GroundStation/GroundStation/logical.py", line 86, in update_pos
1774271599.3562741 [logical-1]     self.pox.z = z
1774271599.3563223 [logical-1] AttributeError: 'UIController' object has no attribute 'pox'
1774271599.3755500 [logical-1] Traceback (most recent call last):
1774271599.3757524 [logical-1]   File "/home/focal/Desktop/2024_GroundStation/build/GroundStation/GroundStation/logical.py", line 86, in update_pos
1774271599.3758175 [logical-1]     self.pox.z = z
1774271599.3758631 [logical-1] AttributeError: 'UIController' object has no attribute 'pox'
1774271599.3962657 [logical-1] Traceback (most recent call last):
1774271599.3965218 [logical-1]   File "/home/focal/Desktop/2024_GroundStation/build/GroundStation/GroundStation/logical.py", line 86, in update_pos
1774271599.3966315 [logical-1]     self.pox.z = z
1774271599.3966815 [logical-1] AttributeError: 'UIController' object has no attribute 'pox'
1774271599.4184780 [logical-1] Traceback (most recent call last):
1774271599.4186885 [logical-1]   File "/home/focal/Desktop/2024_GroundStation/build/GroundStation/GroundStation/logical.py", line 86, in update_pos
1774271599.4187510 [logical-1]     self.pox.z = z
1774271599.4187953 [logical-1] AttributeError: 'UIController' object has no attribute 'pox'
1774271599.4375167 [logical-1] Traceback (most recent call last):
1774271599.4377916 [logical-1]   File "/home/focal/Desktop/2024_GroundStation/build/GroundStation/GroundStation/logical.py", line 86, in update_pos
1774271599.4378912 [logical-1]     self.pox.z = z
1774271599.4379730 [logical-1] AttributeError: 'UIController' object has no attribute 'pox'
1774271599.4559102 [logical-1] Traceback (most recent call last):
1774271599.4562678 [logical-1]   File "/home/focal/Desktop/2024_GroundStation/build/GroundStation/GroundStation/logical.py", line 86, in update_pos
1774271599.4563413 [logical-1]     self.pox.z = z
1774271599.4563911 [logical-1] AttributeError: 'UIController' object has no attribute 'pox'
1774271599.4759817 [logical-1] Traceback (most recent call last):
1774271599.4761884 [logical-1]   File "/home/focal/Desktop/2024_GroundStation/build/GroundStation/GroundStation/logical.py", line 86, in update_pos
1774271599.4762926 [logical-1]     self.pox.z = z
1774271599.4763439 [logical-1] AttributeError: 'UIController' object has no attribute 'pox'
1774271599.4954119 [logical-1] Traceback (most recent call last):
1774271599.4956143 [logical-1]   File "/home/focal/Desktop/2024_GroundStation/build/GroundStation/GroundStation/logical.py", line 86, in update_pos
1774271599.4956717 [logical-1]     self.pox.z = z
1774271599.4957159 [logical-1] AttributeError: 'UIController' object has no attribute 'pox'
1774271599.5156243 [logical-1] Traceback (most recent call last):
1774271599.5158353 [logical-1]   File "/home/focal/Desktop/2024_GroundStation/build/GroundStation/GroundStation/logical.py", line 86, in update_pos
1774271599.5159402 [logical-1]     self.pox.z = z
1774271599.5160048 [logical-1] AttributeError: 'UIController' object has no attribute 'pox'
1774271599.5361950 [logical-1] Traceback (most recent call last):
1774271599.5364282 [logical-1]   File "/home/focal/Desktop/2024_GroundStation/build/GroundStation/GroundStation/logical.py", line 86, in update_pos
1774271599.5364959 [logical-1]     self.pox.z = z
1774271599.5365510 [logical-1] AttributeError: 'UIController' object has no attribute 'pox'
1774271599.5562842 [logical-1] Traceback (most recent call last):
1774271599.5565510 [logical-1]   File "/home/focal/Desktop/2024_GroundStation/build/GroundStation/GroundStation/logical.py", line 86, in update_pos
1774271599.5566506 [logical-1]     self.pox.z = z
1774271599.5567291 [logical-1] AttributeError: 'UIController' object has no attribute 'pox'
1774271599.5771413 [logical-1] Traceback (most recent call last):
1774271599.5773547 [logical-1]   File "/home/focal/Desktop/2024_GroundStation/build/GroundStation/GroundStation/logical.py", line 86, in update_pos
1774271599.5774553 [logical-1]     self.pox.z = z
1774271599.5775404 [logical-1] AttributeError: 'UIController' object has no attribute 'pox'
1774271599.5955114 [logical-1] Traceback (most recent call last):
1774271599.5957966 [logical-1]   File "/home/focal/Desktop/2024_GroundStation/build/GroundStation/GroundStation/logical.py", line 86, in update_pos
1774271599.5958683 [logical-1]     self.pox.z = z
1774271599.5959206 [logical-1] AttributeError: 'UIController' object has no attribute 'pox'
1774271599.6154683 [logical-1] Traceback (most recent call last):
1774271599.6156840 [logical-1]   File "/home/focal/Desktop/2024_GroundStation/build/GroundStation/GroundStation/logical.py", line 86, in update_pos
1774271599.6157472 [logical-1]     self.pox.z = z
1774271599.6157932 [logical-1] AttributeError: 'UIController' object has no attribute 'pox'
1774271599.6353729 [logical-1] Traceback (most recent call last):
1774271599.6356304 [logical-1]   File "/home/focal/Desktop/2024_GroundStation/build/GroundStation/GroundStation/logical.py", line 86, in update_pos
1774271599.6357043 [logical-1]     self.pox.z = z
1774271599.6357565 [logical-1] AttributeError: 'UIController' object has no attribute 'pox'
1774271599.6554718 [logical-1] Traceback (most recent call last):
1774271599.6557846 [logical-1]   File "/home/focal/Desktop/2024_GroundStation/build/GroundStation/GroundStation/logical.py", line 86, in update_pos
1774271599.6558831 [logical-1]     self.pox.z = z
1774271599.6559443 [logical-1] AttributeError: 'UIController' object has no attribute 'pox'
1774271599.6751728 [logical-1] Traceback (most recent call last):
1774271599.6753914 [logical-1]   File "/home/focal/Desktop/2024_GroundStation/build/GroundStation/GroundStation/logical.py", line 86, in update_pos
1774271599.6754575 [logical-1]     self.pox.z = z
1774271599.6755116 [logical-1] AttributeError: 'UIController' object has no attribute 'pox'
1774271599.6951799 [logical-1] Traceback (most recent call last):
1774271599.6954432 [logical-1]   File "/home/focal/Desktop/2024_GroundStation/build/GroundStation/GroundStation/logical.py", line 86, in update_pos
1774271599.6955442 [logical-1]     self.pox.z = z
1774271599.6956270 [logical-1] AttributeError: 'UIController' object has no attribute 'pox'
1774271599.7163365 [logical-1] Traceback (most recent call last):
1774271599.7166324 [logical-1]   File "/home/focal/Desktop/2024_GroundStation/build/GroundStation/GroundStation/logical.py", line 86, in update_pos
1774271599.7167473 [logical-1]     self.pox.z = z
1774271599.7168088 [logical-1] AttributeError: 'UIController' object has no attribute 'pox'
1774271599.7356615 [logical-1] Traceback (most recent call last):
1774271599.7358713 [logical-1]   File "/home/focal/Desktop/2024_GroundStation/build/GroundStation/GroundStation/logical.py", line 86, in update_pos
1774271599.7359424 [logical-1]     self.pox.z = z
1774271599.7360070 [logical-1] AttributeError: 'UIController' object has no attribute 'pox'
1774271599.7560430 [logical-1] Traceback (most recent call last):
1774271599.7562470 [logical-1]   File "/home/focal/Desktop/2024_GroundStation/build/GroundStation/GroundStation/logical.py", line 86, in update_pos
1774271599.7563133 [logical-1]     self.pox.z = z
1774271599.7563612 [logical-1] AttributeError: 'UIController' object has no attribute 'pox'
1774271599.7771232 [logical-1] Traceback (most recent call last):
1774271599.7773821 [logical-1]   File "/home/focal/Desktop/2024_GroundStation/build/GroundStation/GroundStation/logical.py", line 86, in update_pos
1774271599.7774477 [logical-1]     self.pox.z = z
1774271599.7774951 [logical-1] AttributeError: 'UIController' object has no attribute 'pox'
1774271599.7949848 [logical-1] Traceback (most recent call last):
1774271599.7951815 [logical-1]   File "/home/focal/Desktop/2024_GroundStation/build/GroundStation/GroundStation/logical.py", line 86, in update_pos
1774271599.7952385 [logical-1]     self.pox.z = z
1774271599.7952826 [logical-1] AttributeError: 'UIController' object has no attribute 'pox'
1774271599.8149350 [logical-1] Traceback (most recent call last):
1774271599.8151331 [logical-1]   File "/home/focal/Desktop/2024_GroundStation/build/GroundStation/GroundStation/logical.py", line 86, in update_pos
1774271599.8152044 [logical-1]     self.pox.z = z
1774271599.8152530 [logical-1] AttributeError: 'UIController' object has no attribute 'pox'
1774271599.8355017 [logical-1] Traceback (most recent call last):
1774271599.8357630 [logical-1]   File "/home/focal/Desktop/2024_GroundStation/build/GroundStation/GroundStation/logical.py", line 86, in update_pos
1774271599.8358202 [logical-1]     self.pox.z = z
1774271599.8358631 [logical-1] AttributeError: 'UIController' object has no attribute 'pox'
1774271599.8557982 [logical-1] Traceback (most recent call last):
1774271599.8560686 [logical-1]   File "/home/focal/Desktop/2024_GroundStation/build/GroundStation/GroundStation/logical.py", line 86, in update_pos
1774271599.8561351 [logical-1]     self.pox.z = z
1774271599.8561840 [logical-1] AttributeError: 'UIController' object has no attribute 'pox'
1774271599.8754416 [logical-1] Traceback (most recent call last):
1774271599.8757415 [logical-1]   File "/home/focal/Desktop/2024_GroundStation/build/GroundStation/GroundStation/logical.py", line 86, in update_pos
1774271599.8758383 [logical-1]     self.pox.z = z
1774271599.8760748 [logical-1] AttributeError: 'UIController' object has no attribute 'pox'
1774271599.8956594 [logical-1] Traceback (most recent call last):
1774271599.8958497 [logical-1]   File "/home/focal/Desktop/2024_GroundStation/build/GroundStation/GroundStation/logical.py", line 86, in update_pos
1774271599.8959050 [logical-1]     self.pox.z = z
1774271599.8959563 [logical-1] AttributeError: 'UIController' object has no attribute 'pox'
1774271599.9160831 [logical-1] Traceback (most recent call last):
1774271599.9163058 [logical-1]   File "/home/focal/Desktop/2024_GroundStation/build/GroundStation/GroundStation/logical.py", line 86, in update_pos
1774271599.9163942 [logical-1]     self.pox.z = z
1774271599.9164684 [logical-1] AttributeError: 'UIController' object has no attribute 'pox'
1774271599.9349067 [logical-1] Traceback (most recent call last):
1774271599.9351134 [logical-1]   File "/home/focal/Desktop/2024_GroundStation/build/GroundStation/GroundStation/logical.py", line 86, in update_pos
1774271599.9351740 [logical-1]     self.pox.z = z
1774271599.9353478 [logical-1] AttributeError: 'UIController' object has no attribute 'pox'
1774271599.9557006 [logical-1] Traceback (most recent call last):
1774271599.9559436 [logical-1]   File "/home/focal/Desktop/2024_GroundStation/build/GroundStation/GroundStation/logical.py", line 86, in update_pos
1774271599.9560025 [logical-1]     self.pox.z = z
1774271599.9560537 [logical-1] AttributeError: 'UIController' object has no attribute 'pox'
1774271599.9759896 [logical-1] Traceback (most recent call last):
1774271599.9762094 [logical-1]   File "/home/focal/Desktop/2024_GroundStation/build/GroundStation/GroundStation/logical.py", line 86, in update_pos
1774271599.9762869 [logical-1]     self.pox.z = z
1774271599.9763420 [logical-1] AttributeError: 'UIController' object has no attribute 'pox'
1774271599.9952924 [logical-1] Traceback (most recent call last):
1774271599.9955509 [logical-1]   File "/home/focal/Desktop/2024_GroundStation/build/GroundStation/GroundStation/logical.py", line 86, in update_pos
1774271599.9956179 [logical-1]     self.pox.z = z
1774271599.9956665 [logical-1] AttributeError: 'UIController' object has no attribute 'pox'
1774271600.0152340 [logical-1] Traceback (most recent call last):
1774271600.0154982 [logical-1]   File "/home/focal/Desktop/2024_GroundStation/build/GroundStation/GroundStation/logical.py", line 86, in update_pos
1774271600.0156059 [logical-1]     self.pox.z = z
1774271600.0156739 [logical-1] AttributeError: 'UIController' object has no attribute 'pox'
1774271600.0352767 [logical-1] Traceback (most recent call last):
1774271600.0355148 [logical-1]   File "/home/focal/Desktop/2024_GroundStation/build/GroundStation/GroundStation/logical.py", line 86, in update_pos
1774271600.0355871 [logical-1]     self.pox.z = z
1774271600.0356581 [logical-1] AttributeError: 'UIController' object has no attribute 'pox'
1774271600.0552168 [logical-1] Traceback (most recent call last):
1774271600.0554104 [logical-1]   File "/home/focal/Desktop/2024_GroundStation/build/GroundStation/GroundStation/logical.py", line 86, in update_pos
1774271600.0554698 [logical-1]     self.pox.z = z
1774271600.0555146 [logical-1] AttributeError: 'UIController' object has no attribute 'pox'
1774271600.0787621 [logical-1] Traceback (most recent call last):
1774271600.0789759 [logical-1]   File "/home/focal/Desktop/2024_GroundStation/build/GroundStation/GroundStation/logical.py", line 86, in update_pos
1774271600.0790398 [logical-1]     self.pox.z = z
1774271600.0791185 [logical-1] AttributeError: 'UIController' object has no attribute 'pox'
1774271600.0951741 [logical-1] Traceback (most recent call last):
1774271600.0954289 [logical-1]   File "/home/focal/Desktop/2024_GroundStation/build/GroundStation/GroundStation/logical.py", line 86, in update_pos
1774271600.0955241 [logical-1]     self.pox.z = z
1774271600.0955760 [logical-1] AttributeError: 'UIController' object has no attribute 'pox'
1774271600.1158082 [logical-1] Traceback (most recent call last):
1774271600.1160696 [logical-1]   File "/home/focal/Desktop/2024_GroundStation/build/GroundStation/GroundStation/logical.py", line 86, in update_pos
1774271600.1161683 [logical-1]     self.pox.z = z
1774271600.1162839 [logical-1] AttributeError: 'UIController' object has no attribute 'pox'
1774271600.1455491 [logical-1] Traceback (most recent call last):
1774271600.1458323 [logical-1]   File "/home/focal/Desktop/2024_GroundStation/build/GroundStation/GroundStation/logical.py", line 86, in update_pos
1774271600.1459000 [logical-1]     self.pox.z = z
1774271600.1459513 [logical-1] AttributeError: 'UIController' object has no attribute 'pox'
1774271600.1597142 [logical-1] Traceback (most recent call last):
1774271600.1599455 [logical-1]   File "/home/focal/Desktop/2024_GroundStation/build/GroundStation/GroundStation/logical.py", line 86, in update_pos
1774271600.1600063 [logical-1]     self.pox.z = z
1774271600.1600504 [logical-1] AttributeError: 'UIController' object has no attribute 'pox'
1774271600.1770501 [logical-1] Traceback (most recent call last):
1774271600.1773763 [logical-1]   File "/home/focal/Desktop/2024_GroundStation/build/GroundStation/GroundStation/logical.py", line 86, in update_pos
1774271600.1774907 [logical-1]     self.pox.z = z
1774271600.1776023 [logical-1] AttributeError: 'UIController' object has no attribute 'pox'
1774271600.1971693 [logical-1] Traceback (most recent call last):
1774271600.1974528 [logical-1]   File "/home/focal/Desktop/2024_GroundStation/build/GroundStation/GroundStation/logical.py", line 86, in update_pos
1774271600.1975317 [logical-1]     self.pox.z = z
1774271600.1975803 [logical-1] AttributeError: 'UIController' object has no attribute 'pox'
1774271600.2163877 [logical-1] Traceback (most recent call last):
1774271600.2166786 [logical-1]   File "/home/focal/Desktop/2024_GroundStation/build/GroundStation/GroundStation/logical.py", line 86, in update_pos
1774271600.2167943 [logical-1]     self.pox.z = z
1774271600.2168460 [logical-1] AttributeError: 'UIController' object has no attribute 'pox'
1774271600.2371163 [logical-1] Traceback (most recent call last):
1774271600.2373292 [logical-1]   File "/home/focal/Desktop/2024_GroundStation/build/GroundStation/GroundStation/logical.py", line 86, in update_pos
1774271600.2373898 [logical-1]     self.pox.z = z
1774271600.2374375 [logical-1] AttributeError: 'UIController' object has no attribute 'pox'
1774271600.2560508 [logical-1] Traceback (most recent call last):
1774271600.2563977 [logical-1]   File "/home/focal/Desktop/2024_GroundStation/build/GroundStation/GroundStation/logical.py", line 86, in update_pos
1774271600.2565472 [logical-1]     self.pox.z = z
1774271600.2566128 [logical-1] AttributeError: 'UIController' object has no attribute 'pox'
1774271600.2762642 [logical-1] Traceback (most recent call last):
1774271600.2764719 [logical-1]   File "/home/focal/Desktop/2024_GroundStation/build/GroundStation/GroundStation/logical.py", line 86, in update_pos
1774271600.2765486 [logical-1]     self.pox.z = z
1774271600.2765970 [logical-1] AttributeError: 'UIController' object has no attribute 'pox'
1774271600.2966824 [logical-1] Traceback (most recent call last):
1774271600.2968988 [logical-1]   File "/home/focal/Desktop/2024_GroundStation/build/GroundStation/GroundStation/logical.py", line 86, in update_pos
1774271600.2969601 [logical-1]     self.pox.z = z
1774271600.2970054 [logical-1] AttributeError: 'UIController' object has no attribute 'pox'
1774271600.3170195 [logical-1] Traceback (most recent call last):
1774271600.3173292 [logical-1]   File "/home/focal/Desktop/2024_GroundStation/build/GroundStation/GroundStation/logical.py", line 86, in update_pos
1774271600.3174326 [logical-1]     self.pox.z = z
1774271600.3174794 [logical-1] AttributeError: 'UIController' object has no attribute 'pox'
1774271600.3393242 [logical-1] Traceback (most recent call last):
1774271600.3395367 [logical-1]   File "/home/focal/Desktop/2024_GroundStation/build/GroundStation/GroundStation/logical.py", line 86, in update_pos
1774271600.3396049 [logical-1]     self.pox.z = z
1774271600.3396549 [logical-1] AttributeError: 'UIController' object has no attribute 'pox'
1774271600.3558052 [logical-1] Traceback (most recent call last):
1774271600.3560987 [logical-1]   File "/home/focal/Desktop/2024_GroundStation/build/GroundStation/GroundStation/logical.py", line 86, in update_pos
1774271600.3561854 [logical-1]     self.pox.z = z
1774271600.3562343 [logical-1] AttributeError: 'UIController' object has no attribute 'pox'
1774271600.3763392 [logical-1] Traceback (most recent call last):
1774271600.3765433 [logical-1]   File "/home/focal/Desktop/2024_GroundStation/build/GroundStation/GroundStation/logical.py", line 86, in update_pos
1774271600.3766088 [logical-1]     self.pox.z = z
1774271600.3766553 [logical-1] AttributeError: 'UIController' object has no attribute 'pox'
1774271600.3972158 [logical-1] Traceback (most recent call last):
1774271600.3974998 [logical-1]   File "/home/focal/Desktop/2024_GroundStation/build/GroundStation/GroundStation/logical.py", line 86, in update_pos
1774271600.3975666 [logical-1]     self.pox.z = z
1774271600.3976152 [logical-1] AttributeError: 'UIController' object has no attribute 'pox'
1774271600.4159131 [logical-1] Traceback (most recent call last):
1774271600.4161301 [logical-1]   File "/home/focal/Desktop/2024_GroundStation/build/GroundStation/GroundStation/logical.py", line 86, in update_pos
1774271600.4161937 [logical-1]     self.pox.z = z
1774271600.4162443 [logical-1] AttributeError: 'UIController' object has no attribute 'pox'
1774271600.4362316 [logical-1] Traceback (most recent call last):
1774271600.4364657 [logical-1]   File "/home/focal/Desktop/2024_GroundStation/build/GroundStation/GroundStation/logical.py", line 86, in update_pos
1774271600.4365363 [logical-1]     self.pox.z = z
1774271600.4365845 [logical-1] AttributeError: 'UIController' object has no attribute 'pox'
1774271600.4564905 [logical-1] Traceback (most recent call last):
1774271600.4568129 [logical-1]   File "/home/focal/Desktop/2024_GroundStation/build/GroundStation/GroundStation/logical.py", line 86, in update_pos
1774271600.4569118 [logical-1]     self.pox.z = z
1774271600.4569726 [logical-1] AttributeError: 'UIController' object has no attribute 'pox'
1774271600.4750509 [logical-1] Traceback (most recent call last):
1774271600.4753287 [logical-1]   File "/home/focal/Desktop/2024_GroundStation/build/GroundStation/GroundStation/logical.py", line 86, in update_pos
1774271600.4754784 [logical-1]     self.pox.z = z
1774271600.4755468 [logical-1] AttributeError: 'UIController' object has no attribute 'pox'
1774271600.4964471 [logical-1] Traceback (most recent call last):
1774271600.4967008 [logical-1]   File "/home/focal/Desktop/2024_GroundStation/build/GroundStation/GroundStation/logical.py", line 86, in update_pos
1774271600.4967740 [logical-1]     self.pox.z = z
1774271600.4968309 [logical-1] AttributeError: 'UIController' object has no attribute 'pox'
1774271600.5148830 [logical-1] Traceback (most recent call last):
1774271600.5152020 [logical-1]   File "/home/focal/Desktop/2024_GroundStation/build/GroundStation/GroundStation/logical.py", line 86, in update_pos
1774271600.5153091 [logical-1]     self.pox.z = z
1774271600.5153601 [logical-1] AttributeError: 'UIController' object has no attribute 'pox'
1774271600.5372288 [logical-1] Traceback (most recent call last):
1774271600.5375373 [logical-1]   File "/home/focal/Desktop/2024_GroundStation/build/GroundStation/GroundStation/logical.py", line 86, in update_pos
1774271600.5376229 [logical-1]     self.pox.z = z
1774271600.5376754 [logical-1] AttributeError: 'UIController' object has no attribute 'pox'
1774271600.5561442 [logical-1] Traceback (most recent call last):
1774271600.5563788 [logical-1]   File "/home/focal/Desktop/2024_GroundStation/build/GroundStation/GroundStation/logical.py", line 86, in update_pos
1774271600.5564413 [logical-1]     self.pox.z = z
1774271600.5564933 [logical-1] AttributeError: 'UIController' object has no attribute 'pox'
1774271600.5758901 [logical-1] Traceback (most recent call last):
1774271600.5761509 [logical-1]   File "/home/focal/Desktop/2024_GroundStation/build/GroundStation/GroundStation/logical.py", line 86, in update_pos
1774271600.5762303 [logical-1]     self.pox.z = z
1774271600.5762794 [logical-1] AttributeError: 'UIController' object has no attribute 'pox'
1774271600.5960262 [logical-1] Traceback (most recent call last):
1774271600.5962410 [logical-1]   File "/home/focal/Desktop/2024_GroundStation/build/GroundStation/GroundStation/logical.py", line 86, in update_pos
1774271600.5963018 [logical-1]     self.pox.z = z
1774271600.5963490 [logical-1] AttributeError: 'UIController' object has no attribute 'pox'
1774271600.6148088 [logical-1] Traceback (most recent call last):
1774271600.6150248 [logical-1]   File "/home/focal/Desktop/2024_GroundStation/build/GroundStation/GroundStation/logical.py", line 86, in update_pos
1774271600.6150815 [logical-1]     self.pox.z = z
1774271600.6151254 [logical-1] AttributeError: 'UIController' object has no attribute 'pox'
1774271600.6354322 [logical-1] Traceback (most recent call last):
1774271600.6356409 [logical-1]   File "/home/focal/Desktop/2024_GroundStation/build/GroundStation/GroundStation/logical.py", line 86, in update_pos
1774271600.6356988 [logical-1]     self.pox.z = z
1774271600.6357439 [logical-1] AttributeError: 'UIController' object has no attribute 'pox'
1774271600.6572006 [logical-1] Traceback (most recent call last):
1774271600.6574864 [logical-1]   File "/home/focal/Desktop/2024_GroundStation/build/GroundStation/GroundStation/logical.py", line 86, in update_pos
1774271600.6575899 [logical-1]     self.pox.z = z
1774271600.6576486 [logical-1] AttributeError: 'UIController' object has no attribute 'pox'
1774271600.6789520 [logical-1] Traceback (most recent call last):
1774271600.6792402 [logical-1]   File "/home/focal/Desktop/2024_GroundStation/build/GroundStation/GroundStation/logical.py", line 86, in update_pos
1774271600.6793859 [logical-1]     self.pox.z = z
1774271600.6794624 [logical-1] AttributeError: 'UIController' object has no attribute 'pox'
1774271600.6957355 [logical-1] Traceback (most recent call last):
1774271600.6959739 [logical-1]   File "/home/focal/Desktop/2024_GroundStation/build/GroundStation/GroundStation/logical.py", line 86, in update_pos
1774271600.6960378 [logical-1]     self.pox.z = z
1774271600.6960852 [logical-1] AttributeError: 'UIController' object has no attribute 'pox'
1774271600.7163110 [logical-1] Traceback (most recent call last):
1774271600.7166121 [logical-1]   File "/home/focal/Desktop/2024_GroundStation/build/GroundStation/GroundStation/logical.py", line 86, in update_pos
1774271600.7167184 [logical-1]     self.pox.z = z
1774271600.7167776 [logical-1] AttributeError: 'UIController' object has no attribute 'pox'
1774271600.7364874 [logical-1] Traceback (most recent call last):
1774271600.7367589 [logical-1]   File "/home/focal/Desktop/2024_GroundStation/build/GroundStation/GroundStation/logical.py", line 86, in update_pos
1774271600.7368658 [logical-1]     self.pox.z = z
1774271600.7369137 [logical-1] AttributeError: 'UIController' object has no attribute 'pox'
1774271600.7559276 [logical-1] Traceback (most recent call last):
1774271600.7561650 [logical-1]   File "/home/focal/Desktop/2024_GroundStation/build/GroundStation/GroundStation/logical.py", line 86, in update_pos
1774271600.7562387 [logical-1]     self.pox.z = z
1774271600.7562873 [logical-1] AttributeError: 'UIController' object has no attribute 'pox'
1774271600.7753379 [logical-1] Traceback (most recent call last):
1774271600.7755601 [logical-1]   File "/home/focal/Desktop/2024_GroundStation/build/GroundStation/GroundStation/logical.py", line 86, in update_pos
1774271600.7756240 [logical-1]     self.pox.z = z
1774271600.7756677 [logical-1] AttributeError: 'UIController' object has no attribute 'pox'
1774271600.7959492 [logical-1] Traceback (most recent call last):
1774271600.7961576 [logical-1]   File "/home/focal/Desktop/2024_GroundStation/build/GroundStation/GroundStation/logical.py", line 86, in update_pos
1774271600.7962976 [logical-1]     self.pox.z = z
1774271600.7963564 [logical-1] AttributeError: 'UIController' object has no attribute 'pox'
1774271600.8156776 [logical-1] Traceback (most recent call last):
1774271600.8159649 [logical-1]   File "/home/focal/Desktop/2024_GroundStation/build/GroundStation/GroundStation/logical.py", line 86, in update_pos
1774271600.8160264 [logical-1]     self.pox.z = z
1774271600.8160691 [logical-1] AttributeError: 'UIController' object has no attribute 'pox'
1774271600.8360527 [logical-1] Traceback (most recent call last):
1774271600.8362470 [logical-1]   File "/home/focal/Desktop/2024_GroundStation/build/GroundStation/GroundStation/logical.py", line 86, in update_pos
1774271600.8363016 [logical-1]     self.pox.z = z
1774271600.8363447 [logical-1] AttributeError: 'UIController' object has no attribute 'pox'
1774271600.8561008 [logical-1] Traceback (most recent call last):
1774271600.8563192 [logical-1]   File "/home/focal/Desktop/2024_GroundStation/build/GroundStation/GroundStation/logical.py", line 86, in update_pos
1774271600.8563802 [logical-1]     self.pox.z = z
1774271600.8564289 [logical-1] AttributeError: 'UIController' object has no attribute 'pox'
1774271600.8783545 [logical-1] Traceback (most recent call last):
1774271600.8786623 [logical-1]   File "/home/focal/Desktop/2024_GroundStation/build/GroundStation/GroundStation/logical.py", line 86, in update_pos
1774271600.8787739 [logical-1]     self.pox.z = z
1774271600.8790770 [logical-1] AttributeError: 'UIController' object has no attribute 'pox'
1774271600.8958421 [logical-1] Traceback (most recent call last):
1774271600.8960836 [logical-1]   File "/home/focal/Desktop/2024_GroundStation/build/GroundStation/GroundStation/logical.py", line 86, in update_pos
1774271600.8961458 [logical-1]     self.pox.z = z
1774271600.8961978 [logical-1] AttributeError: 'UIController' object has no attribute 'pox'
1774271600.9174261 [logical-1] Traceback (most recent call last):
1774271600.9176407 [logical-1]   File "/home/focal/Desktop/2024_GroundStation/build/GroundStation/GroundStation/logical.py", line 86, in update_pos
1774271600.9177010 [logical-1]     self.pox.z = z
1774271600.9177551 [logical-1] AttributeError: 'UIController' object has no attribute 'pox'
1774271600.9347410 [logical-1] Traceback (most recent call last):
1774271600.9349599 [logical-1]   File "/home/focal/Desktop/2024_GroundStation/build/GroundStation/GroundStation/logical.py", line 86, in update_pos
1774271600.9350379 [logical-1]     self.pox.z = z
1774271600.9350927 [logical-1] AttributeError: 'UIController' object has no attribute 'pox'
1774271600.9556437 [logical-1] Traceback (most recent call last):
1774271600.9558637 [logical-1]   File "/home/focal/Desktop/2024_GroundStation/build/GroundStation/GroundStation/logical.py", line 86, in update_pos
1774271600.9559274 [logical-1]     self.pox.z = z
1774271600.9559767 [logical-1] AttributeError: 'UIController' object has no attribute 'pox'
1774271600.9758565 [logical-1] Traceback (most recent call last):
1774271600.9761236 [logical-1]   File "/home/focal/Desktop/2024_GroundStation/build/GroundStation/GroundStation/logical.py", line 86, in update_pos
1774271600.9762001 [logical-1]     self.pox.z = z
1774271600.9762502 [logical-1] AttributeError: 'UIController' object has no attribute 'pox'
1774271600.9964058 [logical-1] Traceback (most recent call last):
1774271600.9968064 [logical-1]   File "/home/focal/Desktop/2024_GroundStation/build/GroundStation/GroundStation/logical.py", line 86, in update_pos
1774271600.9969006 [logical-1]     self.pox.z = z
1774271600.9969552 [logical-1] AttributeError: 'UIController' object has no attribute 'pox'
1774271601.0156667 [logical-1] Traceback (most recent call last):
1774271601.0159521 [logical-1]   File "/home/focal/Desktop/2024_GroundStation/build/GroundStation/GroundStation/logical.py", line 86, in update_pos
1774271601.0160458 [logical-1]     self.pox.z = z
1774271601.0160949 [logical-1] AttributeError: 'UIController' object has no attribute 'pox'
1774271601.0347326 [logical-1] Traceback (most recent call last):
1774271601.0349977 [logical-1]   File "/home/focal/Desktop/2024_GroundStation/build/GroundStation/GroundStation/logical.py", line 86, in update_pos
1774271601.0350943 [logical-1]     self.pox.z = z
1774271601.0351419 [logical-1] AttributeError: 'UIController' object has no attribute 'pox'
1774271601.0566704 [logical-1] Traceback (most recent call last):
1774271601.0569057 [logical-1]   File "/home/focal/Desktop/2024_GroundStation/build/GroundStation/GroundStation/logical.py", line 86, in update_pos
1774271601.0569763 [logical-1]     self.pox.z = z
1774271601.0570278 [logical-1] AttributeError: 'UIController' object has no attribute 'pox'
1774271601.0750268 [logical-1] Traceback (most recent call last):
1774271601.0753284 [logical-1]   File "/home/focal/Desktop/2024_GroundStation/build/GroundStation/GroundStation/logical.py", line 86, in update_pos
1774271601.0754108 [logical-1]     self.pox.z = z
1774271601.0754614 [logical-1] AttributeError: 'UIController' object has no attribute 'pox'
1774271601.0964012 [logical-1] Traceback (most recent call last):
1774271601.0966311 [logical-1]   File "/home/focal/Desktop/2024_GroundStation/build/GroundStation/GroundStation/logical.py", line 86, in update_pos
1774271601.0967333 [logical-1]     self.pox.z = z
1774271601.0967813 [logical-1] AttributeError: 'UIController' object has no attribute 'pox'
1774271601.1173525 [logical-1] Traceback (most recent call last):
1774271601.1176097 [logical-1]   File "/home/focal/Desktop/2024_GroundStation/build/GroundStation/GroundStation/logical.py", line 86, in update_pos
1774271601.1176744 [logical-1]     self.pox.z = z
1774271601.1177268 [logical-1] AttributeError: 'UIController' object has no attribute 'pox'
1774271601.1357493 [logical-1] Traceback (most recent call last):
1774271601.1359696 [logical-1]   File "/home/focal/Desktop/2024_GroundStation/build/GroundStation/GroundStation/logical.py", line 86, in update_pos
1774271601.1360328 [logical-1]     self.pox.z = z
1774271601.1360803 [logical-1] AttributeError: 'UIController' object has no attribute 'pox'
1774271601.1564264 [logical-1] Traceback (most recent call last):
1774271601.1566372 [logical-1]   File "/home/focal/Desktop/2024_GroundStation/build/GroundStation/GroundStation/logical.py", line 86, in update_pos
1774271601.1566973 [logical-1]     self.pox.z = z
1774271601.1567447 [logical-1] AttributeError: 'UIController' object has no attribute 'pox'
1774271601.1752439 [logical-1] Traceback (most recent call last):
1774271601.1754673 [logical-1]   File "/home/focal/Desktop/2024_GroundStation/build/GroundStation/GroundStation/logical.py", line 86, in update_pos
1774271601.1755319 [logical-1]     self.pox.z = z
1774271601.1756094 [logical-1] AttributeError: 'UIController' object has no attribute 'pox'
1774271601.1956756 [logical-1] Traceback (most recent call last):
1774271601.1959510 [logical-1]   File "/home/focal/Desktop/2024_GroundStation/build/GroundStation/GroundStation/logical.py", line 86, in update_pos
1774271601.1960509 [logical-1]     self.pox.z = z
1774271601.1961052 [logical-1] AttributeError: 'UIController' object has no attribute 'pox'
1774271601.2153687 [logical-1] Traceback (most recent call last):
1774271601.2156281 [logical-1]   File "/home/focal/Desktop/2024_GroundStation/build/GroundStation/GroundStation/logical.py", line 86, in update_pos
1774271601.2157166 [logical-1]     self.pox.z = z
1774271601.2157660 [logical-1] AttributeError: 'UIController' object has no attribute 'pox'
1774271601.2361948 [logical-1] Traceback (most recent call last):
1774271601.2365775 [logical-1]   File "/home/focal/Desktop/2024_GroundStation/build/GroundStation/GroundStation/logical.py", line 86, in update_pos
1774271601.2371254 [logical-1]     self.pox.z = z
1774271601.2372918 [logical-1] AttributeError: 'UIController' object has no attribute 'pox'
1774271601.2557292 [logical-1] Traceback (most recent call last):
1774271601.2559352 [logical-1]   File "/home/focal/Desktop/2024_GroundStation/build/GroundStation/GroundStation/logical.py", line 86, in update_pos
1774271601.2559924 [logical-1]     self.pox.z = z
1774271601.2560434 [logical-1] AttributeError: 'UIController' object has no attribute 'pox'
1774271601.2744839 [logical-1] Traceback (most recent call last):
1774271601.2747116 [logical-1]   File "/home/focal/Desktop/2024_GroundStation/build/GroundStation/GroundStation/logical.py", line 86, in update_pos
1774271601.2747717 [logical-1]     self.pox.z = z
1774271601.2748225 [logical-1] AttributeError: 'UIController' object has no attribute 'pox'
1774271601.2948864 [logical-1] Traceback (most recent call last):
1774271601.2951281 [logical-1]   File "/home/focal/Desktop/2024_GroundStation/build/GroundStation/GroundStation/logical.py", line 86, in update_pos
1774271601.2952030 [logical-1]     self.pox.z = z
1774271601.2952492 [logical-1] AttributeError: 'UIController' object has no attribute 'pox'
1774271601.3160365 [logical-1] Traceback (most recent call last):
1774271601.3163607 [logical-1]   File "/home/focal/Desktop/2024_GroundStation/build/GroundStation/GroundStation/logical.py", line 86, in update_pos
1774271601.3164377 [logical-1]     self.pox.z = z
1774271601.3164904 [logical-1] AttributeError: 'UIController' object has no attribute 'pox'
1774271601.3367710 [logical-1] Traceback (most recent call last):
1774271601.3370686 [logical-1]   File "/home/focal/Desktop/2024_GroundStation/build/GroundStation/GroundStation/logical.py", line 86, in update_pos
1774271601.3371456 [logical-1]     self.pox.z = z
1774271601.3371923 [logical-1] AttributeError: 'UIController' object has no attribute 'pox'
1774271601.3565919 [logical-1] Traceback (most recent call last):
1774271601.3568890 [logical-1]   File "/home/focal/Desktop/2024_GroundStation/build/GroundStation/GroundStation/logical.py", line 86, in update_pos
1774271601.3569677 [logical-1]     self.pox.z = z
1774271601.3570385 [logical-1] AttributeError: 'UIController' object has no attribute 'pox'
1774271601.3759987 [logical-1] Traceback (most recent call last):
1774271601.3762026 [logical-1]   File "/home/focal/Desktop/2024_GroundStation/build/GroundStation/GroundStation/logical.py", line 86, in update_pos
1774271601.3762593 [logical-1]     self.pox.z = z
1774271601.3763051 [logical-1] AttributeError: 'UIController' object has no attribute 'pox'
1774271601.3965576 [logical-1] Traceback (most recent call last):
1774271601.3968246 [logical-1]   File "/home/focal/Desktop/2024_GroundStation/build/GroundStation/GroundStation/logical.py", line 86, in update_pos
1774271601.3968942 [logical-1]     self.pox.z = z
1774271601.3969383 [logical-1] AttributeError: 'UIController' object has no attribute 'pox'
1774271601.4156401 [logical-1] Traceback (most recent call last):
1774271601.4158745 [logical-1]   File "/home/focal/Desktop/2024_GroundStation/build/GroundStation/GroundStation/logical.py", line 86, in update_pos
1774271601.4159458 [logical-1]     self.pox.z = z
1774271601.4159880 [logical-1] AttributeError: 'UIController' object has no attribute 'pox'
1774271601.4349313 [logical-1] Traceback (most recent call last):
1774271601.4353058 [logical-1]   File "/home/focal/Desktop/2024_GroundStation/build/GroundStation/GroundStation/logical.py", line 86, in update_pos
1774271601.4353840 [logical-1]     self.pox.z = z
1774271601.4354341 [logical-1] AttributeError: 'UIController' object has no attribute 'pox'
1774271601.4554224 [logical-1] Traceback (most recent call last):
1774271601.4556201 [logical-1]   File "/home/focal/Desktop/2024_GroundStation/build/GroundStation/GroundStation/logical.py", line 86, in update_pos
1774271601.4556780 [logical-1]     self.pox.z = z
1774271601.4557235 [logical-1] AttributeError: 'UIController' object has no attribute 'pox'
1774271601.4756196 [logical-1] Traceback (most recent call last):
1774271601.4758236 [logical-1]   File "/home/focal/Desktop/2024_GroundStation/build/GroundStation/GroundStation/logical.py", line 86, in update_pos
1774271601.4758792 [logical-1]     self.pox.z = z
1774271601.4759243 [logical-1] AttributeError: 'UIController' object has no attribute 'pox'
1774271601.4979591 [logical-1] Traceback (most recent call last):
1774271601.4981678 [logical-1]   File "/home/focal/Desktop/2024_GroundStation/build/GroundStation/GroundStation/logical.py", line 86, in update_pos
1774271601.4982533 [logical-1]     self.pox.z = z
1774271601.4983361 [logical-1] AttributeError: 'UIController' object has no attribute 'pox'
1774271601.5156212 [logical-1] Traceback (most recent call last):
1774271601.5159636 [logical-1]   File "/home/focal/Desktop/2024_GroundStation/build/GroundStation/GroundStation/logical.py", line 86, in update_pos
1774271601.5160782 [logical-1]     self.pox.z = z
1774271601.5161576 [logical-1] AttributeError: 'UIController' object has no attribute 'pox'
1774271601.5378253 [logical-1] Traceback (most recent call last):
1774271601.5380998 [logical-1]   File "/home/focal/Desktop/2024_GroundStation/build/GroundStation/GroundStation/logical.py", line 86, in update_pos
1774271601.5381901 [logical-1]     self.pox.z = z
1774271601.5382400 [logical-1] AttributeError: 'UIController' object has no attribute 'pox'
1774271601.5555131 [logical-1] Traceback (most recent call last):
1774271601.5557120 [logical-1]   File "/home/focal/Desktop/2024_GroundStation/build/GroundStation/GroundStation/logical.py", line 86, in update_pos
1774271601.5557752 [logical-1]     self.pox.z = z
1774271601.5558197 [logical-1] AttributeError: 'UIController' object has no attribute 'pox'
1774271601.5749421 [logical-1] Traceback (most recent call last):
1774271601.5751376 [logical-1]   File "/home/focal/Desktop/2024_GroundStation/build/GroundStation/GroundStation/logical.py", line 86, in update_pos
1774271601.5751898 [logical-1]     self.pox.z = z
1774271601.5752659 [logical-1] AttributeError: 'UIController' object has no attribute 'pox'
1774271601.5954897 [logical-1] Traceback (most recent call last):
1774271601.5957034 [logical-1]   File "/home/focal/Desktop/2024_GroundStation/build/GroundStation/GroundStation/logical.py", line 86, in update_pos
1774271601.5957680 [logical-1]     self.pox.z = z
1774271601.5958092 [logical-1] AttributeError: 'UIController' object has no attribute 'pox'
1774271601.6157105 [logical-1] Traceback (most recent call last):
1774271601.6159103 [logical-1]   File "/home/focal/Desktop/2024_GroundStation/build/GroundStation/GroundStation/logical.py", line 86, in update_pos
1774271601.6159694 [logical-1]     self.pox.z = z
1774271601.6160133 [logical-1] AttributeError: 'UIController' object has no attribute 'pox'
1774271601.6361678 [logical-1] Traceback (most recent call last):
1774271601.6363974 [logical-1]   File "/home/focal/Desktop/2024_GroundStation/build/GroundStation/GroundStation/logical.py", line 86, in update_pos
1774271601.6364655 [logical-1]     self.pox.z = z
1774271601.6365197 [logical-1] AttributeError: 'UIController' object has no attribute 'pox'
1774271601.6562579 [logical-1] Traceback (most recent call last):
1774271601.6564953 [logical-1]   File "/home/focal/Desktop/2024_GroundStation/build/GroundStation/GroundStation/logical.py", line 86, in update_pos
1774271601.6565888 [logical-1]     self.pox.z = z
1774271601.6566329 [logical-1] AttributeError: 'UIController' object has no attribute 'pox'
1774271601.6757352 [logical-1] Traceback (most recent call last):
1774271601.6759748 [logical-1]   File "/home/focal/Desktop/2024_GroundStation/build/GroundStation/GroundStation/logical.py", line 86, in update_pos
1774271601.6760368 [logical-1]     self.pox.z = z
1774271601.6760795 [logical-1] AttributeError: 'UIController' object has no attribute 'pox'
1774271601.6959360 [logical-1] Traceback (most recent call last):
1774271601.6961808 [logical-1]   File "/home/focal/Desktop/2024_GroundStation/build/GroundStation/GroundStation/logical.py", line 86, in update_pos
1774271601.6962607 [logical-1]     self.pox.z = z
1774271601.6963058 [logical-1] AttributeError: 'UIController' object has no attribute 'pox'
1774271601.7150095 [logical-1] Traceback (most recent call last):
1774271601.7152417 [logical-1]   File "/home/focal/Desktop/2024_GroundStation/build/GroundStation/GroundStation/logical.py", line 86, in update_pos
1774271601.7153339 [logical-1]     self.pox.z = z
1774271601.7153852 [logical-1] AttributeError: 'UIController' object has no attribute 'pox'
1774271601.7356040 [logical-1] Traceback (most recent call last):
1774271601.7358069 [logical-1]   File "/home/focal/Desktop/2024_GroundStation/build/GroundStation/GroundStation/logical.py", line 86, in update_pos
1774271601.7358639 [logical-1]     self.pox.z = z
1774271601.7359073 [logical-1] AttributeError: 'UIController' object has no attribute 'pox'
1774271601.7555566 [logical-1] Traceback (most recent call last):
1774271601.7557583 [logical-1]   File "/home/focal/Desktop/2024_GroundStation/build/GroundStation/GroundStation/logical.py", line 86, in update_pos
1774271601.7558105 [logical-1]     self.pox.z = z
1774271601.7558508 [logical-1] AttributeError: 'UIController' object has no attribute 'pox'
1774271601.7749145 [logical-1] Traceback (most recent call last):
1774271601.7751129 [logical-1]   File "/home/focal/Desktop/2024_GroundStation/build/GroundStation/GroundStation/logical.py", line 86, in update_pos
1774271601.7751670 [logical-1]     self.pox.z = z
1774271601.7752090 [logical-1] AttributeError: 'UIController' object has no attribute 'pox'
1774271601.7952778 [logical-1] Traceback (most recent call last):
1774271601.7954762 [logical-1]   File "/home/focal/Desktop/2024_GroundStation/build/GroundStation/GroundStation/logical.py", line 86, in update_pos
1774271601.7955294 [logical-1]     self.pox.z = z
1774271601.7955735 [logical-1] AttributeError: 'UIController' object has no attribute 'pox'
1774271601.8154862 [logical-1] Traceback (most recent call last):
1774271601.8156853 [logical-1]   File "/home/focal/Desktop/2024_GroundStation/build/GroundStation/GroundStation/logical.py", line 86, in update_pos
1774271601.8157425 [logical-1]     self.pox.z = z
1774271601.8157871 [logical-1] AttributeError: 'UIController' object has no attribute 'pox'
1774271601.8353677 [logical-1] Traceback (most recent call last):
1774271601.8355706 [logical-1]   File "/home/focal/Desktop/2024_GroundStation/build/GroundStation/GroundStation/logical.py", line 86, in update_pos
1774271601.8356321 [logical-1]     self.pox.z = z
1774271601.8356721 [logical-1] AttributeError: 'UIController' object has no attribute 'pox'
1774271601.8564162 [logical-1] Traceback (most recent call last):
1774271601.8566198 [logical-1]   File "/home/focal/Desktop/2024_GroundStation/build/GroundStation/GroundStation/logical.py", line 86, in update_pos
1774271601.8566775 [logical-1]     self.pox.z = z
1774271601.8567207 [logical-1] AttributeError: 'UIController' object has no attribute 'pox'
1774271601.8752029 [logical-1] Traceback (most recent call last):
1774271601.8754475 [logical-1]   File "/home/focal/Desktop/2024_GroundStation/build/GroundStation/GroundStation/logical.py", line 86, in update_pos
1774271601.8755126 [logical-1]     self.pox.z = z
1774271601.8755627 [logical-1] AttributeError: 'UIController' object has no attribute 'pox'
1774271601.8954899 [logical-1] Traceback (most recent call last):
1774271601.8956985 [logical-1]   File "/home/focal/Desktop/2024_GroundStation/build/GroundStation/GroundStation/logical.py", line 86, in update_pos
1774271601.8957527 [logical-1]     self.pox.z = z
1774271601.8957944 [logical-1] AttributeError: 'UIController' object has no attribute 'pox'
1774271601.9159036 [logical-1] Traceback (most recent call last):
1774271601.9161472 [logical-1]   File "/home/focal/Desktop/2024_GroundStation/build/GroundStation/GroundStation/logical.py", line 86, in update_pos
1774271601.9162199 [logical-1]     self.pox.z = z
1774271601.9162614 [logical-1] AttributeError: 'UIController' object has no attribute 'pox'
1774271601.9363213 [logical-1] Traceback (most recent call last):
1774271601.9365575 [logical-1]   File "/home/focal/Desktop/2024_GroundStation/build/GroundStation/GroundStation/logical.py", line 86, in update_pos
1774271601.9366345 [logical-1]     self.pox.z = z
1774271601.9367023 [logical-1] AttributeError: 'UIController' object has no attribute 'pox'
1774271601.9579248 [logical-1] Traceback (most recent call last):
1774271601.9582922 [logical-1]   File "/home/focal/Desktop/2024_GroundStation/build/GroundStation/GroundStation/logical.py", line 86, in update_pos
1774271601.9583821 [logical-1]     self.pox.z = z
1774271601.9584327 [logical-1] AttributeError: 'UIController' object has no attribute 'pox'
1774271601.9749382 [logical-1] Traceback (most recent call last):
1774271601.9751396 [logical-1]   File "/home/focal/Desktop/2024_GroundStation/build/GroundStation/GroundStation/logical.py", line 86, in update_pos
1774271601.9751925 [logical-1]     self.pox.z = z
1774271601.9752350 [logical-1] AttributeError: 'UIController' object has no attribute 'pox'
1774271601.9959509 [logical-1] Traceback (most recent call last):
1774271601.9963646 [logical-1]   File "/home/focal/Desktop/2024_GroundStation/build/GroundStation/GroundStation/logical.py", line 86, in update_pos
1774271601.9964464 [logical-1]     self.pox.z = z
1774271601.9964979 [logical-1] AttributeError: 'UIController' object has no attribute 'pox'
1774271602.0151227 [logical-1] Traceback (most recent call last):
1774271602.0153792 [logical-1]   File "/home/focal/Desktop/2024_GroundStation/build/GroundStation/GroundStation/logical.py", line 86, in update_pos
1774271602.0154464 [logical-1]     self.pox.z = z
1774271602.0154901 [logical-1] AttributeError: 'UIController' object has no attribute 'pox'
1774271602.0355108 [logical-1] Traceback (most recent call last):
1774271602.0357413 [logical-1]   File "/home/focal/Desktop/2024_GroundStation/build/GroundStation/GroundStation/logical.py", line 86, in update_pos
1774271602.0358088 [logical-1]     self.pox.z = z
1774271602.0358505 [logical-1] AttributeError: 'UIController' object has no attribute 'pox'
1774271602.0552368 [logical-1] Traceback (most recent call last):
1774271602.0554776 [logical-1]   File "/home/focal/Desktop/2024_GroundStation/build/GroundStation/GroundStation/logical.py", line 86, in update_pos
1774271602.0555396 [logical-1]     self.pox.z = z
1774271602.0555887 [logical-1] AttributeError: 'UIController' object has no attribute 'pox'
1774271602.0752819 [logical-1] Traceback (most recent call last):
1774271602.0755134 [logical-1]   File "/home/focal/Desktop/2024_GroundStation/build/GroundStation/GroundStation/logical.py", line 86, in update_pos
1774271602.0755715 [logical-1]     self.pox.z = z
1774271602.0756149 [logical-1] AttributeError: 'UIController' object has no attribute 'pox'
1774271602.0957000 [logical-1] Traceback (most recent call last):
1774271602.0958927 [logical-1]   File "/home/focal/Desktop/2024_GroundStation/build/GroundStation/GroundStation/logical.py", line 86, in update_pos
1774271602.0959458 [logical-1]     self.pox.z = z
1774271602.0960410 [logical-1] AttributeError: 'UIController' object has no attribute 'pox'
1774271602.1163979 [logical-1] Traceback (most recent call last):
1774271602.1167052 [logical-1]   File "/home/focal/Desktop/2024_GroundStation/build/GroundStation/GroundStation/logical.py", line 86, in update_pos
1774271602.1168635 [logical-1]     self.pox.z = z
1774271602.1169469 [logical-1] AttributeError: 'UIController' object has no attribute 'pox'
1774271602.1357801 [logical-1] Traceback (most recent call last):
1774271602.1359849 [logical-1]   File "/home/focal/Desktop/2024_GroundStation/build/GroundStation/GroundStation/logical.py", line 86, in update_pos
1774271602.1360397 [logical-1]     self.pox.z = z
1774271602.1360848 [logical-1] AttributeError: 'UIController' object has no attribute 'pox'
1774271602.1566191 [logical-1] Traceback (most recent call last):
1774271602.1568282 [logical-1]   File "/home/focal/Desktop/2024_GroundStation/build/GroundStation/GroundStation/logical.py", line 86, in update_pos
1774271602.1568882 [logical-1]     self.pox.z = z
1774271602.1569309 [logical-1] AttributeError: 'UIController' object has no attribute 'pox'
1774271602.1765695 [logical-1] Traceback (most recent call last):
1774271602.1767724 [logical-1]   File "/home/focal/Desktop/2024_GroundStation/build/GroundStation/GroundStation/logical.py", line 86, in update_pos
1774271602.1768301 [logical-1]     self.pox.z = z
1774271602.1768727 [logical-1] AttributeError: 'UIController' object has no attribute 'pox'
1774271602.1958914 [logical-1] Traceback (most recent call last):
1774271602.1961334 [logical-1]   File "/home/focal/Desktop/2024_GroundStation/build/GroundStation/GroundStation/logical.py", line 86, in update_pos
1774271602.1961915 [logical-1]     self.pox.z = z
1774271602.1962366 [logical-1] AttributeError: 'UIController' object has no attribute 'pox'
1774271602.2180872 [logical-1] Traceback (most recent call last):
1774271602.2183709 [logical-1]   File "/home/focal/Desktop/2024_GroundStation/build/GroundStation/GroundStation/logical.py", line 86, in update_pos
1774271602.2184389 [logical-1]     self.pox.z = z
1774271602.2184856 [logical-1] AttributeError: 'UIController' object has no attribute 'pox'
1774271602.2355454 [logical-1] Traceback (most recent call last):
1774271602.2357581 [logical-1]   File "/home/focal/Desktop/2024_GroundStation/build/GroundStation/GroundStation/logical.py", line 86, in update_pos
1774271602.2358162 [logical-1]     self.pox.z = z
1774271602.2358596 [logical-1] AttributeError: 'UIController' object has no attribute 'pox'
1774271602.2560382 [logical-1] Traceback (most recent call last):
1774271602.2563725 [logical-1]   File "/home/focal/Desktop/2024_GroundStation/build/GroundStation/GroundStation/logical.py", line 86, in update_pos
1774271602.2564971 [logical-1]     self.pox.z = z
1774271602.2565644 [logical-1] AttributeError: 'UIController' object has no attribute 'pox'
1774271602.2751923 [logical-1] Traceback (most recent call last):
1774271602.2754817 [logical-1]   File "/home/focal/Desktop/2024_GroundStation/build/GroundStation/GroundStation/logical.py", line 86, in update_pos
1774271602.2755609 [logical-1]     self.pox.z = z
1774271602.2756035 [logical-1] AttributeError: 'UIController' object has no attribute 'pox'
1774271602.2964230 [logical-1] Traceback (most recent call last):
1774271602.2966707 [logical-1]   File "/home/focal/Desktop/2024_GroundStation/build/GroundStation/GroundStation/logical.py", line 86, in update_pos
1774271602.2967839 [logical-1]     self.pox.z = z
1774271602.2968328 [logical-1] AttributeError: 'UIController' object has no attribute 'pox'
1774271602.3162131 [logical-1] Traceback (most recent call last):
1774271602.3164024 [logical-1]   File "/home/focal/Desktop/2024_GroundStation/build/GroundStation/GroundStation/logical.py", line 86, in update_pos
1774271602.3164613 [logical-1]     self.pox.z = z
1774271602.3165028 [logical-1] AttributeError: 'UIController' object has no attribute 'pox'
1774271602.3370001 [logical-1] Traceback (most recent call last):
1774271602.3372316 [logical-1]   File "/home/focal/Desktop/2024_GroundStation/build/GroundStation/GroundStation/logical.py", line 86, in update_pos
1774271602.3372924 [logical-1]     self.pox.z = z
1774271602.3373351 [logical-1] AttributeError: 'UIController' object has no attribute 'pox'
1774271602.3564601 [logical-1] Traceback (most recent call last):
1774271602.3567247 [logical-1]   File "/home/focal/Desktop/2024_GroundStation/build/GroundStation/GroundStation/logical.py", line 86, in update_pos
1774271602.3567863 [logical-1]     self.pox.z = z
1774271602.3568289 [logical-1] AttributeError: 'UIController' object has no attribute 'pox'
1774271602.3766272 [logical-1] Traceback (most recent call last):
1774271602.3768432 [logical-1]   File "/home/focal/Desktop/2024_GroundStation/build/GroundStation/GroundStation/logical.py", line 86, in update_pos
1774271602.3769038 [logical-1]     self.pox.z = z
1774271602.3769529 [logical-1] AttributeError: 'UIController' object has no attribute 'pox'
1774271602.3971167 [logical-1] Traceback (most recent call last):
1774271602.3973317 [logical-1]   File "/home/focal/Desktop/2024_GroundStation/build/GroundStation/GroundStation/logical.py", line 86, in update_pos
1774271602.3973858 [logical-1]     self.pox.z = z
1774271602.3974283 [logical-1] AttributeError: 'UIController' object has no attribute 'pox'
1774271602.4154375 [logical-1] Traceback (most recent call last):
1774271602.4156463 [logical-1]   File "/home/focal/Desktop/2024_GroundStation/build/GroundStation/GroundStation/logical.py", line 86, in update_pos
1774271602.4156976 [logical-1]     self.pox.z = z
1774271602.4157379 [logical-1] AttributeError: 'UIController' object has no attribute 'pox'
1774271602.4365103 [logical-1] Traceback (most recent call last):
1774271602.4367318 [logical-1]   File "/home/focal/Desktop/2024_GroundStation/build/GroundStation/GroundStation/logical.py", line 86, in update_pos
1774271602.4367962 [logical-1]     self.pox.z = z
1774271602.4368424 [logical-1] AttributeError: 'UIController' object has no attribute 'pox'
1774271602.4385118 [logical-1] Traceback (most recent call last):
1774271602.4387579 [logical-1]   File "/home/focal/Desktop/2024_GroundStation/build/GroundStation/GroundStation/logical.py", line 48, in <lambda>
1774271602.4388628 [logical-1]     self.subdialog1.pushButton_forward.clicked.connect(lambda: self.ros_node.send_command(format('G',self.pos.x+20, self.pos.y, self.pos.z,'')))
1774271602.4389136 [logical-1] TypeError: format expected at most 2 arguments, got 5
1774271602.4558423 [logical-1] Traceback (most recent call last):
1774271602.4561434 [logical-1]   File "/home/focal/Desktop/2024_GroundStation/build/GroundStation/GroundStation/logical.py", line 86, in update_pos
1774271602.4562213 [logical-1]     self.pox.z = z
1774271602.4562643 [logical-1] AttributeError: 'UIController' object has no attribute 'pox'
1774271602.4752817 [logical-1] Traceback (most recent call last):
1774271602.4754770 [logical-1]   File "/home/focal/Desktop/2024_GroundStation/build/GroundStation/GroundStation/logical.py", line 86, in update_pos
1774271602.4755316 [logical-1]     self.pox.z = z
1774271602.4755721 [logical-1] AttributeError: 'UIController' object has no attribute 'pox'
1774271602.4947767 [logical-1] Traceback (most recent call last):
1774271602.4949834 [logical-1]   File "/home/focal/Desktop/2024_GroundStation/build/GroundStation/GroundStation/logical.py", line 86, in update_pos
1774271602.4950352 [logical-1]     self.pox.z = z
1774271602.4950762 [logical-1] AttributeError: 'UIController' object has no attribute 'pox'
1774271602.5149496 [logical-1] Traceback (most recent call last):
1774271602.5151882 [logical-1]   File "/home/focal/Desktop/2024_GroundStation/build/GroundStation/GroundStation/logical.py", line 86, in update_pos
1774271602.5152586 [logical-1]     self.pox.z = z
1774271602.5153048 [logical-1] AttributeError: 'UIController' object has no attribute 'pox'
1774271602.5365129 [logical-1] Traceback (most recent call last):
1774271602.5367303 [logical-1]   File "/home/focal/Desktop/2024_GroundStation/build/GroundStation/GroundStation/logical.py", line 86, in update_pos
1774271602.5367906 [logical-1]     self.pox.z = z
1774271602.5368893 [logical-1] AttributeError: 'UIController' object has no attribute 'pox'
1774271602.5558581 [logical-1] Traceback (most recent call last):
1774271602.5560932 [logical-1]   File "/home/focal/Desktop/2024_GroundStation/build/GroundStation/GroundStation/logical.py", line 86, in update_pos
1774271602.5561800 [logical-1]     self.pox.z = z
1774271602.5562370 [logical-1] AttributeError: 'UIController' object has no attribute 'pox'
1774271602.5768721 [logical-1] Traceback (most recent call last):
1774271602.5770822 [logical-1]   File "/home/focal/Desktop/2024_GroundStation/build/GroundStation/GroundStation/logical.py", line 86, in update_pos
1774271602.5771499 [logical-1]     self.pox.z = z
1774271602.5771976 [logical-1] AttributeError: 'UIController' object has no attribute 'pox'
1774271602.5963891 [logical-1] Traceback (most recent call last):
1774271602.5966341 [logical-1]   File "/home/focal/Desktop/2024_GroundStation/build/GroundStation/GroundStation/logical.py", line 86, in update_pos
1774271602.5967155 [logical-1]     self.pox.z = z
1774271602.5967624 [logical-1] AttributeError: 'UIController' object has no attribute 'pox'
1774271602.6150281 [logical-1] Traceback (most recent call last):
1774271602.6152344 [logical-1]   File "/home/focal/Desktop/2024_GroundStation/build/GroundStation/GroundStation/logical.py", line 86, in update_pos
1774271602.6152916 [logical-1]     self.pox.z = z
1774271602.6153362 [logical-1] AttributeError: 'UIController' object has no attribute 'pox'
1774271602.6360502 [logical-1] Traceback (most recent call last):
1774271602.6362898 [logical-1]   File "/home/focal/Desktop/2024_GroundStation/build/GroundStation/GroundStation/logical.py", line 86, in update_pos
1774271602.6363528 [logical-1]     self.pox.z = z
1774271602.6364043 [logical-1] AttributeError: 'UIController' object has no attribute 'pox'
1774271602.6551561 [logical-1] Traceback (most recent call last):
1774271602.6553571 [logical-1]   File "/home/focal/Desktop/2024_GroundStation/build/GroundStation/GroundStation/logical.py", line 86, in update_pos
1774271602.6554193 [logical-1]     self.pox.z = z
1774271602.6554635 [logical-1] AttributeError: 'UIController' object has no attribute 'pox'
1774271602.6759100 [logical-1] Traceback (most recent call last):
1774271602.6761601 [logical-1]   File "/home/focal/Desktop/2024_GroundStation/build/GroundStation/GroundStation/logical.py", line 86, in update_pos
1774271602.6762502 [logical-1]     self.pox.z = z
1774271602.6762934 [logical-1] AttributeError: 'UIController' object has no attribute 'pox'
1774271602.6962698 [logical-1] Traceback (most recent call last):
1774271602.6965251 [logical-1]   File "/home/focal/Desktop/2024_GroundStation/build/GroundStation/GroundStation/logical.py", line 86, in update_pos
1774271602.6965919 [logical-1]     self.pox.z = z
1774271602.6966391 [logical-1] AttributeError: 'UIController' object has no attribute 'pox'
1774271602.7151642 [logical-1] Traceback (most recent call last):
1774271602.7153475 [logical-1]   File "/home/focal/Desktop/2024_GroundStation/build/GroundStation/GroundStation/logical.py", line 86, in update_pos
1774271602.7154078 [logical-1]     self.pox.z = z
1774271602.7154553 [logical-1] AttributeError: 'UIController' object has no attribute 'pox'
1774271602.7347012 [logical-1] Traceback (most recent call last):
1774271602.7349174 [logical-1]   File "/home/focal/Desktop/2024_GroundStation/build/GroundStation/GroundStation/logical.py", line 86, in update_pos
1774271602.7349741 [logical-1]     self.pox.z = z
1774271602.7350161 [logical-1] AttributeError: 'UIController' object has no attribute 'pox'
1774271602.7559505 [logical-1] Traceback (most recent call last):
1774271602.7562137 [logical-1]   File "/home/focal/Desktop/2024_GroundStation/build/GroundStation/GroundStation/logical.py", line 86, in update_pos
1774271602.7562854 [logical-1]     self.pox.z = z
1774271602.7563279 [logical-1] AttributeError: 'UIController' object has no attribute 'pox'
1774271602.7758012 [logical-1] Traceback (most recent call last):
1774271602.7760258 [logical-1]   File "/home/focal/Desktop/2024_GroundStation/build/GroundStation/GroundStation/logical.py", line 86, in update_pos
1774271602.7760906 [logical-1]     self.pox.z = z
1774271602.7761645 [logical-1] AttributeError: 'UIController' object has no attribute 'pox'
1774271602.7953532 [logical-1] Traceback (most recent call last):
1774271602.7955589 [logical-1]   File "/home/focal/Desktop/2024_GroundStation/build/GroundStation/GroundStation/logical.py", line 86, in update_pos
1774271602.7956111 [logical-1]     self.pox.z = z
1774271602.7956502 [logical-1] AttributeError: 'UIController' object has no attribute 'pox'
1774271602.8146839 [logical-1] Traceback (most recent call last):
1774271602.8148654 [logical-1]   File "/home/focal/Desktop/2024_GroundStation/build/GroundStation/GroundStation/logical.py", line 86, in update_pos
1774271602.8149278 [logical-1]     self.pox.z = z
1774271602.8149691 [logical-1] AttributeError: 'UIController' object has no attribute 'pox'
1774271602.8359222 [logical-1] Traceback (most recent call last):
1774271602.8361373 [logical-1]   File "/home/focal/Desktop/2024_GroundStation/build/GroundStation/GroundStation/logical.py", line 86, in update_pos
1774271602.8361943 [logical-1]     self.pox.z = z
1774271602.8362434 [logical-1] AttributeError: 'UIController' object has no attribute 'pox'
1774271602.8552387 [logical-1] Traceback (most recent call last):
1774271602.8554780 [logical-1]   File "/home/focal/Desktop/2024_GroundStation/build/GroundStation/GroundStation/logical.py", line 86, in update_pos
1774271602.8555410 [logical-1]     self.pox.z = z
1774271602.8555849 [logical-1] AttributeError: 'UIController' object has no attribute 'pox'
1774271602.8764889 [logical-1] Traceback (most recent call last):
1774271602.8767276 [logical-1]   File "/home/focal/Desktop/2024_GroundStation/build/GroundStation/GroundStation/logical.py", line 86, in update_pos
1774271602.8768077 [logical-1]     self.pox.z = z
1774271602.8768487 [logical-1] AttributeError: 'UIController' object has no attribute 'pox'
1774271602.8953180 [logical-1] Traceback (most recent call last):
1774271602.8956311 [logical-1]   File "/home/focal/Desktop/2024_GroundStation/build/GroundStation/GroundStation/logical.py", line 86, in update_pos
1774271602.8958075 [logical-1]     self.pox.z = z
1774271602.8958988 [logical-1] AttributeError: 'UIController' object has no attribute 'pox'
1774271602.9153178 [logical-1] Traceback (most recent call last):
1774271602.9155657 [logical-1]   File "/home/focal/Desktop/2024_GroundStation/build/GroundStation/GroundStation/logical.py", line 86, in update_pos
1774271602.9156411 [logical-1]     self.pox.z = z
1774271602.9156828 [logical-1] AttributeError: 'UIController' object has no attribute 'pox'
1774271602.9356825 [logical-1] Traceback (most recent call last):
1774271602.9359436 [logical-1]   File "/home/focal/Desktop/2024_GroundStation/build/GroundStation/GroundStation/logical.py", line 86, in update_pos
1774271602.9360263 [logical-1]     self.pox.z = z
1774271602.9360769 [logical-1] AttributeError: 'UIController' object has no attribute 'pox'
1774271602.9562325 [logical-1] Traceback (most recent call last):
1774271602.9566987 [logical-1]   File "/home/focal/Desktop/2024_GroundStation/build/GroundStation/GroundStation/logical.py", line 86, in update_pos
1774271602.9568889 [logical-1]     self.pox.z = z
1774271602.9569726 [logical-1] AttributeError: 'UIController' object has no attribute 'pox'
1774271602.9760673 [logical-1] Traceback (most recent call last):
1774271602.9763248 [logical-1]   File "/home/focal/Desktop/2024_GroundStation/build/GroundStation/GroundStation/logical.py", line 86, in update_pos
1774271602.9764185 [logical-1]     self.pox.z = z
1774271602.9764693 [logical-1] AttributeError: 'UIController' object has no attribute 'pox'
1774271602.9963331 [logical-1] Traceback (most recent call last):
1774271602.9966567 [logical-1]   File "/home/focal/Desktop/2024_GroundStation/build/GroundStation/GroundStation/logical.py", line 86, in update_pos
1774271602.9967358 [logical-1]     self.pox.z = z
1774271602.9967911 [logical-1] AttributeError: 'UIController' object has no attribute 'pox'
1774271603.0157084 [logical-1] Traceback (most recent call last):
1774271603.0159512 [logical-1]   File "/home/focal/Desktop/2024_GroundStation/build/GroundStation/GroundStation/logical.py", line 86, in update_pos
1774271603.0160418 [logical-1]     self.pox.z = z
1774271603.0160916 [logical-1] AttributeError: 'UIController' object has no attribute 'pox'
1774271603.0367422 [logical-1] Traceback (most recent call last):
1774271603.0369976 [logical-1]   File "/home/focal/Desktop/2024_GroundStation/build/GroundStation/GroundStation/logical.py", line 86, in update_pos
1774271603.0370991 [logical-1]     self.pox.z = z
1774271603.0371556 [logical-1] AttributeError: 'UIController' object has no attribute 'pox'
1774271603.0547729 [logical-1] Traceback (most recent call last):
1774271603.0550013 [logical-1]   File "/home/focal/Desktop/2024_GroundStation/build/GroundStation/GroundStation/logical.py", line 86, in update_pos
1774271603.0550671 [logical-1]     self.pox.z = z
1774271603.0551147 [logical-1] AttributeError: 'UIController' object has no attribute 'pox'
1774271603.0753887 [logical-1] Traceback (most recent call last):
1774271603.0757103 [logical-1]   File "/home/focal/Desktop/2024_GroundStation/build/GroundStation/GroundStation/logical.py", line 86, in update_pos
1774271603.0757732 [logical-1]     self.pox.z = z
1774271603.0758178 [logical-1] AttributeError: 'UIController' object has no attribute 'pox'
1774271603.0957768 [logical-1] Traceback (most recent call last):
1774271603.0960333 [logical-1]   File "/home/focal/Desktop/2024_GroundStation/build/GroundStation/GroundStation/logical.py", line 86, in update_pos
1774271603.0961142 [logical-1]     self.pox.z = z
1774271603.0961847 [logical-1] AttributeError: 'UIController' object has no attribute 'pox'
1774271603.1151657 [logical-1] Traceback (most recent call last):
1774271603.1153877 [logical-1]   File "/home/focal/Desktop/2024_GroundStation/build/GroundStation/GroundStation/logical.py", line 86, in update_pos
1774271603.1154416 [logical-1]     self.pox.z = z
1774271603.1154838 [logical-1] AttributeError: 'UIController' object has no attribute 'pox'
1774271603.1355779 [logical-1] Traceback (most recent call last):
1774271603.1357703 [logical-1]   File "/home/focal/Desktop/2024_GroundStation/build/GroundStation/GroundStation/logical.py", line 86, in update_pos
1774271603.1358333 [logical-1]     self.pox.z = z
1774271603.1358750 [logical-1] AttributeError: 'UIController' object has no attribute 'pox'
1774271603.1577849 [logical-1] Traceback (most recent call last):
1774271603.1580160 [logical-1]   File "/home/focal/Desktop/2024_GroundStation/build/GroundStation/GroundStation/logical.py", line 86, in update_pos
1774271603.1580775 [logical-1]     self.pox.z = z
1774271603.1581204 [logical-1] AttributeError: 'UIController' object has no attribute 'pox'
1774271603.1758683 [logical-1] Traceback (most recent call last):
1774271603.1760643 [logical-1]   File "/home/focal/Desktop/2024_GroundStation/build/GroundStation/GroundStation/logical.py", line 86, in update_pos
1774271603.1761169 [logical-1]     self.pox.z = z
1774271603.1761584 [logical-1] AttributeError: 'UIController' object has no attribute 'pox'
1774271603.1961339 [logical-1] Traceback (most recent call last):
1774271603.1963894 [logical-1]   File "/home/focal/Desktop/2024_GroundStation/build/GroundStation/GroundStation/logical.py", line 86, in update_pos
1774271603.1964803 [logical-1]     self.pox.z = z
1774271603.1965318 [logical-1] AttributeError: 'UIController' object has no attribute 'pox'
1774271603.2170529 [logical-1] Traceback (most recent call last):
1774271603.2172642 [logical-1]   File "/home/focal/Desktop/2024_GroundStation/build/GroundStation/GroundStation/logical.py", line 86, in update_pos
1774271603.2173228 [logical-1]     self.pox.z = z
1774271603.2173676 [logical-1] AttributeError: 'UIController' object has no attribute 'pox'
1774271603.2364044 [logical-1] Traceback (most recent call last):
1774271603.2366107 [logical-1]   File "/home/focal/Desktop/2024_GroundStation/build/GroundStation/GroundStation/logical.py", line 86, in update_pos
1774271603.2366660 [logical-1]     self.pox.z = z
1774271603.2367191 [logical-1] AttributeError: 'UIController' object has no attribute 'pox'
1774271603.2435317 [logical-1] Traceback (most recent call last):
1774271603.2437649 [logical-1]   File "/home/focal/Desktop/2024_GroundStation/build/GroundStation/GroundStation/logical.py", line 48, in <lambda>
1774271603.2438316 [logical-1]     self.subdialog1.pushButton_forward.clicked.connect(lambda: self.ros_node.send_command(format('G',self.pos.x+20, self.pos.y, self.pos.z,'')))
1774271603.2438815 [logical-1] TypeError: format expected at most 2 arguments, got 5
1774271603.2560070 [logical-1] Traceback (most recent call last):
1774271603.2562149 [logical-1]   File "/home/focal/Desktop/2024_GroundStation/build/GroundStation/GroundStation/logical.py", line 86, in update_pos
1774271603.2562706 [logical-1]     self.pox.z = z
1774271603.2563145 [logical-1] AttributeError: 'UIController' object has no attribute 'pox'
1774271603.2761552 [logical-1] Traceback (most recent call last):
1774271603.2763898 [logical-1]   File "/home/focal/Desktop/2024_GroundStation/build/GroundStation/GroundStation/logical.py", line 86, in update_pos
1774271603.2764509 [logical-1]     self.pox.z = z
1774271603.2764959 [logical-1] AttributeError: 'UIController' object has no attribute 'pox'
1774271603.2966828 [logical-1] Traceback (most recent call last):
1774271603.2969203 [logical-1]   File "/home/focal/Desktop/2024_GroundStation/build/GroundStation/GroundStation/logical.py", line 86, in update_pos
1774271603.2969813 [logical-1]     self.pox.z = z
1774271603.2970271 [logical-1] AttributeError: 'UIController' object has no attribute 'pox'
1774271603.3158486 [logical-1] Traceback (most recent call last):
1774271603.3160639 [logical-1]   File "/home/focal/Desktop/2024_GroundStation/build/GroundStation/GroundStation/logical.py", line 86, in update_pos
1774271603.3161361 [logical-1]     self.pox.z = z
1774271603.3161941 [logical-1] AttributeError: 'UIController' object has no attribute 'pox'
1774271603.3357828 [logical-1] Traceback (most recent call last):
1774271603.3360317 [logical-1]   File "/home/focal/Desktop/2024_GroundStation/build/GroundStation/GroundStation/logical.py", line 86, in update_pos
1774271603.3361509 [logical-1]     self.pox.z = z
1774271603.3362324 [logical-1] AttributeError: 'UIController' object has no attribute 'pox'
1774271603.3559353 [logical-1] Traceback (most recent call last):
1774271603.3561633 [logical-1]   File "/home/focal/Desktop/2024_GroundStation/build/GroundStation/GroundStation/logical.py", line 86, in update_pos
1774271603.3562434 [logical-1]     self.pox.z = z
1774271603.3563154 [logical-1] AttributeError: 'UIController' object has no attribute 'pox'
1774271603.3748300 [logical-1] Traceback (most recent call last):
1774271603.3750317 [logical-1]   File "/home/focal/Desktop/2024_GroundStation/build/GroundStation/GroundStation/logical.py", line 86, in update_pos
1774271603.3750865 [logical-1]     self.pox.z = z
1774271603.3751302 [logical-1] AttributeError: 'UIController' object has no attribute 'pox'
1774271603.3967595 [logical-1] Traceback (most recent call last):
1774271603.3970144 [logical-1]   File "/home/focal/Desktop/2024_GroundStation/build/GroundStation/GroundStation/logical.py", line 86, in update_pos
1774271603.3970909 [logical-1]     self.pox.z = z
1774271603.3971515 [logical-1] AttributeError: 'UIController' object has no attribute 'pox'
1774271603.4165087 [logical-1] Traceback (most recent call last):
1774271603.4167552 [logical-1]   File "/home/focal/Desktop/2024_GroundStation/build/GroundStation/GroundStation/logical.py", line 86, in update_pos
1774271603.4168153 [logical-1]     self.pox.z = z
1774271603.4168649 [logical-1] AttributeError: 'UIController' object has no attribute 'pox'
1774271603.4352460 [logical-1] Traceback (most recent call last):
1774271603.4354534 [logical-1]   File "/home/focal/Desktop/2024_GroundStation/build/GroundStation/GroundStation/logical.py", line 86, in update_pos
1774271603.4355109 [logical-1]     self.pox.z = z
1774271603.4355545 [logical-1] AttributeError: 'UIController' object has no attribute 'pox'
1774271603.4557664 [logical-1] Traceback (most recent call last):
1774271603.4560277 [logical-1]   File "/home/focal/Desktop/2024_GroundStation/build/GroundStation/GroundStation/logical.py", line 86, in update_pos
1774271603.4560831 [logical-1]     self.pox.z = z
1774271603.4561253 [logical-1] AttributeError: 'UIController' object has no attribute 'pox'
1774271603.4762878 [logical-1] Traceback (most recent call last):
1774271603.4765332 [logical-1]   File "/home/focal/Desktop/2024_GroundStation/build/GroundStation/GroundStation/logical.py", line 86, in update_pos
1774271603.4766195 [logical-1]     self.pox.z = z
1774271603.4766827 [logical-1] AttributeError: 'UIController' object has no attribute 'pox'
1774271603.4959943 [logical-1] Traceback (most recent call last):
1774271603.4962165 [logical-1]   File "/home/focal/Desktop/2024_GroundStation/build/GroundStation/GroundStation/logical.py", line 86, in update_pos
1774271603.4962776 [logical-1]     self.pox.z = z
1774271603.4963262 [logical-1] AttributeError: 'UIController' object has no attribute 'pox'
1774271603.5165238 [logical-1] Traceback (most recent call last):
1774271603.5167539 [logical-1]   File "/home/focal/Desktop/2024_GroundStation/build/GroundStation/GroundStation/logical.py", line 86, in update_pos
1774271603.5168152 [logical-1]     self.pox.z = z
1774271603.5168645 [logical-1] AttributeError: 'UIController' object has no attribute 'pox'
1774271603.5364559 [logical-1] Traceback (most recent call last):
1774271603.5367436 [logical-1]   File "/home/focal/Desktop/2024_GroundStation/build/GroundStation/GroundStation/logical.py", line 86, in update_pos
1774271603.5368488 [logical-1]     self.pox.z = z
1774271603.5369387 [logical-1] AttributeError: 'UIController' object has no attribute 'pox'
1774271603.5553958 [logical-1] Traceback (most recent call last):
1774271603.5556257 [logical-1]   File "/home/focal/Desktop/2024_GroundStation/build/GroundStation/GroundStation/logical.py", line 86, in update_pos
1774271603.5557508 [logical-1]     self.pox.z = z
1774271603.5558102 [logical-1] AttributeError: 'UIController' object has no attribute 'pox'
1774271603.5763991 [logical-1] Traceback (most recent call last):
1774271603.5766346 [logical-1]   File "/home/focal/Desktop/2024_GroundStation/build/GroundStation/GroundStation/logical.py", line 86, in update_pos
1774271603.5767007 [logical-1]     self.pox.z = z
1774271603.5767508 [logical-1] AttributeError: 'UIController' object has no attribute 'pox'
1774271603.5968809 [logical-1] Traceback (most recent call last):
1774271603.5971239 [logical-1]   File "/home/focal/Desktop/2024_GroundStation/build/GroundStation/GroundStation/logical.py", line 86, in update_pos
1774271603.5971892 [logical-1]     self.pox.z = z
1774271603.5972357 [logical-1] AttributeError: 'UIController' object has no attribute 'pox'
1774271603.6163208 [logical-1] Traceback (most recent call last):
1774271603.6165376 [logical-1]   File "/home/focal/Desktop/2024_GroundStation/build/GroundStation/GroundStation/logical.py", line 86, in update_pos
1774271603.6166136 [logical-1]     self.pox.z = z
1774271603.6166632 [logical-1] AttributeError: 'UIController' object has no attribute 'pox'
1774271603.6356437 [logical-1] Traceback (most recent call last):
1774271603.6358793 [logical-1]   File "/home/focal/Desktop/2024_GroundStation/build/GroundStation/GroundStation/logical.py", line 86, in update_pos
1774271603.6359496 [logical-1]     self.pox.z = z
1774271603.6359923 [logical-1] AttributeError: 'UIController' object has no attribute 'pox'
1774271603.6554599 [logical-1] Traceback (most recent call last):
1774271603.6556847 [logical-1]   File "/home/focal/Desktop/2024_GroundStation/build/GroundStation/GroundStation/logical.py", line 86, in update_pos
1774271603.6557465 [logical-1]     self.pox.z = z
1774271603.6557906 [logical-1] AttributeError: 'UIController' object has no attribute 'pox'
1774271603.6751444 [logical-1] Traceback (most recent call last):
1774271603.6754336 [logical-1]   File "/home/focal/Desktop/2024_GroundStation/build/GroundStation/GroundStation/logical.py", line 86, in update_pos
1774271603.6755352 [logical-1]     self.pox.z = z
1774271603.6755831 [logical-1] AttributeError: 'UIController' object has no attribute 'pox'
1774271603.6952732 [logical-1] Traceback (most recent call last):
1774271603.6954629 [logical-1]   File "/home/focal/Desktop/2024_GroundStation/build/GroundStation/GroundStation/logical.py", line 86, in update_pos
1774271603.6955147 [logical-1]     self.pox.z = z
1774271603.6955559 [logical-1] AttributeError: 'UIController' object has no attribute 'pox'
1774271603.7153873 [logical-1] Traceback (most recent call last):
1774271603.7155683 [logical-1]   File "/home/focal/Desktop/2024_GroundStation/build/GroundStation/GroundStation/logical.py", line 86, in update_pos
1774271603.7156234 [logical-1]     self.pox.z = z
1774271603.7156644 [logical-1] AttributeError: 'UIController' object has no attribute 'pox'
1774271603.7367494 [logical-1] Traceback (most recent call last):
1774271603.7369902 [logical-1]   File "/home/focal/Desktop/2024_GroundStation/build/GroundStation/GroundStation/logical.py", line 86, in update_pos
1774271603.7370839 [logical-1]     self.pox.z = z
1774271603.7371287 [logical-1] AttributeError: 'UIController' object has no attribute 'pox'
1774271603.7565589 [logical-1] Traceback (most recent call last):
1774271603.7568610 [logical-1]   File "/home/focal/Desktop/2024_GroundStation/build/GroundStation/GroundStation/logical.py", line 86, in update_pos
1774271603.7570086 [logical-1]     self.pox.z = z
1774271603.7570698 [logical-1] AttributeError: 'UIController' object has no attribute 'pox'
1774271603.7761631 [logical-1] Traceback (most recent call last):
1774271603.7764323 [logical-1]   File "/home/focal/Desktop/2024_GroundStation/build/GroundStation/GroundStation/logical.py", line 86, in update_pos
1774271603.7765064 [logical-1]     self.pox.z = z
1774271603.7765670 [logical-1] AttributeError: 'UIController' object has no attribute 'pox'
1774271603.7955742 [logical-1] Traceback (most recent call last):
1774271603.7957814 [logical-1]   File "/home/focal/Desktop/2024_GroundStation/build/GroundStation/GroundStation/logical.py", line 48, in <lambda>
1774271603.7958391 [logical-1]     self.subdialog1.pushButton_forward.clicked.connect(lambda: self.ros_node.send_command(format('G',self.pos.x+20, self.pos.y, self.pos.z,'')))
1774271603.7959285 [logical-1] TypeError: format expected at most 2 arguments, got 5
1774271603.7961979 [logical-1] Traceback (most recent call last):
1774271603.7962742 [logical-1]   File "/home/focal/Desktop/2024_GroundStation/build/GroundStation/GroundStation/logical.py", line 86, in update_pos
1774271603.7963367 [logical-1]     self.pox.z = z
1774271603.7963839 [logical-1] AttributeError: 'UIController' object has no attribute 'pox'
1774271603.8155262 [logical-1] Traceback (most recent call last):
1774271603.8157291 [logical-1]   File "/home/focal/Desktop/2024_GroundStation/build/GroundStation/GroundStation/logical.py", line 86, in update_pos
1774271603.8157811 [logical-1]     self.pox.z = z
1774271603.8158281 [logical-1] AttributeError: 'UIController' object has no attribute 'pox'
1774271603.8366487 [logical-1] Traceback (most recent call last):
1774271603.8368876 [logical-1]   File "/home/focal/Desktop/2024_GroundStation/build/GroundStation/GroundStation/logical.py", line 86, in update_pos
1774271603.8369610 [logical-1]     self.pox.z = z
1774271603.8370035 [logical-1] AttributeError: 'UIController' object has no attribute 'pox'
1774271603.8559978 [logical-1] Traceback (most recent call last):
1774271603.8562348 [logical-1]   File "/home/focal/Desktop/2024_GroundStation/build/GroundStation/GroundStation/logical.py", line 86, in update_pos
1774271603.8563259 [logical-1]     self.pox.z = z
1774271603.8563745 [logical-1] AttributeError: 'UIController' object has no attribute 'pox'
1774271603.8752534 [logical-1] Traceback (most recent call last):
1774271603.8755293 [logical-1]   File "/home/focal/Desktop/2024_GroundStation/build/GroundStation/GroundStation/logical.py", line 86, in update_pos
1774271603.8756063 [logical-1]     self.pox.z = z
1774271603.8756602 [logical-1] AttributeError: 'UIController' object has no attribute 'pox'
1774271603.8951180 [logical-1] Traceback (most recent call last):
1774271603.8953271 [logical-1]   File "/home/focal/Desktop/2024_GroundStation/build/GroundStation/GroundStation/logical.py", line 86, in update_pos
1774271603.8954024 [logical-1]     self.pox.z = z
1774271603.8954463 [logical-1] AttributeError: 'UIController' object has no attribute 'pox'
1774271603.9169772 [logical-1] Traceback (most recent call last):
1774271603.9171815 [logical-1]   File "/home/focal/Desktop/2024_GroundStation/build/GroundStation/GroundStation/logical.py", line 86, in update_pos
1774271603.9172378 [logical-1]     self.pox.z = z
1774271603.9172809 [logical-1] AttributeError: 'UIController' object has no attribute 'pox'
1774271603.9363163 [logical-1] Traceback (most recent call last):
1774271603.9366617 [logical-1]   File "/home/focal/Desktop/2024_GroundStation/build/GroundStation/GroundStation/logical.py", line 86, in update_pos
1774271603.9367454 [logical-1]     self.pox.z = z
1774271603.9368002 [logical-1] AttributeError: 'UIController' object has no attribute 'pox'
1774271603.9553626 [logical-1] Traceback (most recent call last):
1774271603.9556389 [logical-1]   File "/home/focal/Desktop/2024_GroundStation/build/GroundStation/GroundStation/logical.py", line 86, in update_pos
1774271603.9557476 [logical-1]     self.pox.z = z
1774271603.9557996 [logical-1] AttributeError: 'UIController' object has no attribute 'pox'
1774271603.9759283 [logical-1] Traceback (most recent call last):
1774271603.9763179 [logical-1]   File "/home/focal/Desktop/2024_GroundStation/build/GroundStation/GroundStation/logical.py", line 86, in update_pos
1774271603.9767103 [logical-1]     self.pox.z = z
1774271603.9768267 [logical-1] AttributeError: 'UIController' object has no attribute 'pox'
1774271603.9952688 [logical-1] Traceback (most recent call last):
1774271603.9954939 [logical-1]   File "/home/focal/Desktop/2024_GroundStation/build/GroundStation/GroundStation/logical.py", line 86, in update_pos
1774271603.9955657 [logical-1]     self.pox.z = z
1774271603.9956560 [logical-1] AttributeError: 'UIController' object has no attribute 'pox'
1774271604.0169542 [logical-1] Traceback (most recent call last):
1774271604.0171554 [logical-1]   File "/home/focal/Desktop/2024_GroundStation/build/GroundStation/GroundStation/logical.py", line 86, in update_pos
1774271604.0172119 [logical-1]     self.pox.z = z
1774271604.0172572 [logical-1] AttributeError: 'UIController' object has no attribute 'pox'
1774271604.0358186 [logical-1] Traceback (most recent call last):
1774271604.0360551 [logical-1]   File "/home/focal/Desktop/2024_GroundStation/build/GroundStation/GroundStation/logical.py", line 86, in update_pos
1774271604.0361149 [logical-1]     self.pox.z = z
1774271604.0361626 [logical-1] AttributeError: 'UIController' object has no attribute 'pox'
1774271604.0566499 [logical-1] Traceback (most recent call last):
1774271604.0569248 [logical-1]   File "/home/focal/Desktop/2024_GroundStation/build/GroundStation/GroundStation/logical.py", line 86, in update_pos
1774271604.0570066 [logical-1]     self.pox.z = z
1774271604.0570614 [logical-1] AttributeError: 'UIController' object has no attribute 'pox'
1774271604.0756736 [logical-1] Traceback (most recent call last):
1774271604.0759623 [logical-1]   File "/home/focal/Desktop/2024_GroundStation/build/GroundStation/GroundStation/logical.py", line 86, in update_pos
1774271604.0760591 [logical-1]     self.pox.z = z
1774271604.0761096 [logical-1] AttributeError: 'UIController' object has no attribute 'pox'
1774271604.0963876 [logical-1] Traceback (most recent call last):
1774271604.0966358 [logical-1]   File "/home/focal/Desktop/2024_GroundStation/build/GroundStation/GroundStation/logical.py", line 86, in update_pos
1774271604.0967143 [logical-1]     self.pox.z = z
1774271604.0967650 [logical-1] AttributeError: 'UIController' object has no attribute 'pox'
1774271604.1161442 [logical-1] Traceback (most recent call last):
1774271604.1163926 [logical-1]   File "/home/focal/Desktop/2024_GroundStation/build/GroundStation/GroundStation/logical.py", line 86, in update_pos
1774271604.1164644 [logical-1]     self.pox.z = z
1774271604.1165116 [logical-1] AttributeError: 'UIController' object has no attribute 'pox'
1774271604.1355529 [logical-1] Traceback (most recent call last):
1774271604.1357875 [logical-1]   File "/home/focal/Desktop/2024_GroundStation/build/GroundStation/GroundStation/logical.py", line 86, in update_pos
1774271604.1358602 [logical-1]     self.pox.z = z
1774271604.1359050 [logical-1] AttributeError: 'UIController' object has no attribute 'pox'
1774271604.1548662 [logical-1] Traceback (most recent call last):
1774271604.1550555 [logical-1]   File "/home/focal/Desktop/2024_GroundStation/build/GroundStation/GroundStation/logical.py", line 86, in update_pos
1774271604.1551118 [logical-1]     self.pox.z = z
1774271604.1551547 [logical-1] AttributeError: 'UIController' object has no attribute 'pox'
1774271604.1750581 [logical-1] Traceback (most recent call last):
1774271604.1753342 [logical-1]   File "/home/focal/Desktop/2024_GroundStation/build/GroundStation/GroundStation/logical.py", line 86, in update_pos
1774271604.1754253 [logical-1]     self.pox.z = z
1774271604.1754830 [logical-1] AttributeError: 'UIController' object has no attribute 'pox'
1774271604.1965852 [logical-1] Traceback (most recent call last):
1774271604.1967990 [logical-1]   File "/home/focal/Desktop/2024_GroundStation/build/GroundStation/GroundStation/logical.py", line 86, in update_pos
1774271604.1968894 [logical-1]     self.pox.z = z
1774271604.1969435 [logical-1] AttributeError: 'UIController' object has no attribute 'pox'
1774271604.2155919 [logical-1] Traceback (most recent call last):
1774271604.2158008 [logical-1]   File "/home/focal/Desktop/2024_GroundStation/build/GroundStation/GroundStation/logical.py", line 86, in update_pos
1774271604.2158582 [logical-1]     self.pox.z = z
1774271604.2159097 [logical-1] AttributeError: 'UIController' object has no attribute 'pox'
1774271604.2358749 [logical-1] Traceback (most recent call last):
1774271604.2361021 [logical-1]   File "/home/focal/Desktop/2024_GroundStation/build/GroundStation/GroundStation/logical.py", line 86, in update_pos
1774271604.2361689 [logical-1]     self.pox.z = z
1774271604.2362142 [logical-1] AttributeError: 'UIController' object has no attribute 'pox'
1774271604.2561367 [logical-1] Traceback (most recent call last):
1774271604.2566521 [logical-1]   File "/home/focal/Desktop/2024_GroundStation/build/GroundStation/GroundStation/logical.py", line 86, in update_pos
1774271604.2567980 [logical-1]     self.pox.z = z
1774271604.2568710 [logical-1] AttributeError: 'UIController' object has no attribute 'pox'
1774271604.2751765 [logical-1] Traceback (most recent call last):
1774271604.2753930 [logical-1]   File "/home/focal/Desktop/2024_GroundStation/build/GroundStation/GroundStation/logical.py", line 86, in update_pos
1774271604.2754838 [logical-1]     self.pox.z = z
1774271604.2755461 [logical-1] AttributeError: 'UIController' object has no attribute 'pox'
1774271604.2949145 [logical-1] Traceback (most recent call last):
1774271604.2951112 [logical-1]   File "/home/focal/Desktop/2024_GroundStation/build/GroundStation/GroundStation/logical.py", line 86, in update_pos
1774271604.2951646 [logical-1]     self.pox.z = z
1774271604.2952065 [logical-1] AttributeError: 'UIController' object has no attribute 'pox'
1774271604.3146610 [logical-1] Traceback (most recent call last):
1774271604.3148539 [logical-1]   File "/home/focal/Desktop/2024_GroundStation/build/GroundStation/GroundStation/logical.py", line 86, in update_pos
1774271604.3149087 [logical-1]     self.pox.z = z
1774271604.3149612 [logical-1] AttributeError: 'UIController' object has no attribute 'pox'
1774271604.3357525 [logical-1] Traceback (most recent call last):
1774271604.3360171 [logical-1]   File "/home/focal/Desktop/2024_GroundStation/build/GroundStation/GroundStation/logical.py", line 86, in update_pos
1774271604.3361175 [logical-1]     self.pox.z = z
1774271604.3361778 [logical-1] AttributeError: 'UIController' object has no attribute 'pox'
1774271604.3562434 [logical-1] Traceback (most recent call last):
1774271604.3564613 [logical-1]   File "/home/focal/Desktop/2024_GroundStation/build/GroundStation/GroundStation/logical.py", line 86, in update_pos
1774271604.3565140 [logical-1]     self.pox.z = z
1774271604.3565555 [logical-1] AttributeError: 'UIController' object has no attribute 'pox'
1774271604.3757329 [logical-1] Traceback (most recent call last):
1774271604.3759513 [logical-1]   File "/home/focal/Desktop/2024_GroundStation/build/GroundStation/GroundStation/logical.py", line 86, in update_pos
1774271604.3760061 [logical-1]     self.pox.z = z
1774271604.3760495 [logical-1] AttributeError: 'UIController' object has no attribute 'pox'
1774271604.3952966 [logical-1] Traceback (most recent call last):
1774271604.3955052 [logical-1]   File "/home/focal/Desktop/2024_GroundStation/build/GroundStation/GroundStation/logical.py", line 86, in update_pos
1774271604.3955660 [logical-1]     self.pox.z = z
1774271604.3956108 [logical-1] AttributeError: 'UIController' object has no attribute 'pox'
1774271604.4160852 [logical-1] Traceback (most recent call last):
1774271604.4163296 [logical-1]   File "/home/focal/Desktop/2024_GroundStation/build/GroundStation/GroundStation/logical.py", line 86, in update_pos
1774271604.4164050 [logical-1]     self.pox.z = z
1774271604.4164510 [logical-1] AttributeError: 'UIController' object has no attribute 'pox'
1774271604.4355898 [logical-1] Traceback (most recent call last):
1774271604.4358113 [logical-1]   File "/home/focal/Desktop/2024_GroundStation/build/GroundStation/GroundStation/logical.py", line 86, in update_pos
1774271604.4358764 [logical-1]     self.pox.z = z
1774271604.4359193 [logical-1] AttributeError: 'UIController' object has no attribute 'pox'
1774271604.4559097 [logical-1] Traceback (most recent call last):
1774271604.4561443 [logical-1]   File "/home/focal/Desktop/2024_GroundStation/build/GroundStation/GroundStation/logical.py", line 86, in update_pos
1774271604.4561982 [logical-1]     self.pox.z = z
1774271604.4562414 [logical-1] AttributeError: 'UIController' object has no attribute 'pox'
1774271604.4760864 [logical-1] Traceback (most recent call last):
1774271604.4764388 [logical-1]   File "/home/focal/Desktop/2024_GroundStation/build/GroundStation/GroundStation/logical.py", line 86, in update_pos
1774271604.4765160 [logical-1]     self.pox.z = z
1774271604.4765601 [logical-1] AttributeError: 'UIController' object has no attribute 'pox'
1774271604.4781764 [logical-1] Traceback (most recent call last):
1774271604.4783702 [logical-1]   File "/home/focal/Desktop/2024_GroundStation/build/GroundStation/GroundStation/logical.py", line 50, in <lambda>
1774271604.4784205 [logical-1]     self.subdialog1.pushButton_left.clicked.connect(lambda: self.ros_node.send_command(format('G',self.pos.x, self.pos.y+20, self.pos.z,'')))
1774271604.4784670 [logical-1] TypeError: format expected at most 2 arguments, got 5
1774271604.4961119 [logical-1] Traceback (most recent call last):
1774271604.4963217 [logical-1]   File "/home/focal/Desktop/2024_GroundStation/build/GroundStation/GroundStation/logical.py", line 86, in update_pos
1774271604.4963796 [logical-1]     self.pox.z = z
1774271604.4964252 [logical-1] AttributeError: 'UIController' object has no attribute 'pox'
1774271604.5156901 [logical-1] Traceback (most recent call last):
1774271604.5159693 [logical-1]   File "/home/focal/Desktop/2024_GroundStation/build/GroundStation/GroundStation/logical.py", line 86, in update_pos
1774271604.5160868 [logical-1]     self.pox.z = z
1774271604.5161963 [logical-1] AttributeError: 'UIController' object has no attribute 'pox'
1774271604.5376897 [logical-1] Traceback (most recent call last):
1774271604.5379269 [logical-1]   File "/home/focal/Desktop/2024_GroundStation/build/GroundStation/GroundStation/logical.py", line 86, in update_pos
1774271604.5379903 [logical-1]     self.pox.z = z
1774271604.5380416 [logical-1] AttributeError: 'UIController' object has no attribute 'pox'
1774271604.5558133 [logical-1] Traceback (most recent call last):
1774271604.5560510 [logical-1]   File "/home/focal/Desktop/2024_GroundStation/build/GroundStation/GroundStation/logical.py", line 86, in update_pos
1774271604.5561140 [logical-1]     self.pox.z = z
1774271604.5561638 [logical-1] AttributeError: 'UIController' object has no attribute 'pox'
1774271604.5750203 [logical-1] Traceback (most recent call last):
1774271604.5752366 [logical-1]   File "/home/focal/Desktop/2024_GroundStation/build/GroundStation/GroundStation/logical.py", line 86, in update_pos
1774271604.5753000 [logical-1]     self.pox.z = z
1774271604.5753562 [logical-1] AttributeError: 'UIController' object has no attribute 'pox'
1774271604.5951936 [logical-1] Traceback (most recent call last):
1774271604.5954101 [logical-1]   File "/home/focal/Desktop/2024_GroundStation/build/GroundStation/GroundStation/logical.py", line 86, in update_pos
1774271604.5954766 [logical-1]     self.pox.z = z
1774271604.5955286 [logical-1] AttributeError: 'UIController' object has no attribute 'pox'
1774271604.6160314 [logical-1] Traceback (most recent call last):
1774271604.6162429 [logical-1]   File "/home/focal/Desktop/2024_GroundStation/build/GroundStation/GroundStation/logical.py", line 86, in update_pos
1774271604.6163061 [logical-1]     self.pox.z = z
1774271604.6163564 [logical-1] AttributeError: 'UIController' object has no attribute 'pox'
1774271604.6351230 [logical-1] Traceback (most recent call last):
1774271604.6353798 [logical-1]   File "/home/focal/Desktop/2024_GroundStation/build/GroundStation/GroundStation/logical.py", line 86, in update_pos
1774271604.6355062 [logical-1]     self.pox.z = z
1774271604.6355863 [logical-1] AttributeError: 'UIController' object has no attribute 'pox'
1774271604.6564844 [logical-1] Traceback (most recent call last):
1774271604.6567166 [logical-1]   File "/home/focal/Desktop/2024_GroundStation/build/GroundStation/GroundStation/logical.py", line 86, in update_pos
1774271604.6567836 [logical-1]     self.pox.z = z
1774271604.6568308 [logical-1] AttributeError: 'UIController' object has no attribute 'pox'
1774271604.6759295 [logical-1] Traceback (most recent call last):
1774271604.6761577 [logical-1]   File "/home/focal/Desktop/2024_GroundStation/build/GroundStation/GroundStation/logical.py", line 86, in update_pos
1774271604.6762192 [logical-1]     self.pox.z = z
1774271604.6762640 [logical-1] AttributeError: 'UIController' object has no attribute 'pox'
1774271604.6992157 [logical-1] Traceback (most recent call last):
1774271604.6994405 [logical-1]   File "/home/focal/Desktop/2024_GroundStation/build/GroundStation/GroundStation/logical.py", line 86, in update_pos
1774271604.6994960 [logical-1]     self.pox.z = z
1774271604.6995397 [logical-1] AttributeError: 'UIController' object has no attribute 'pox'
1774271604.7154598 [logical-1] Traceback (most recent call last):
1774271604.7156694 [logical-1]   File "/home/focal/Desktop/2024_GroundStation/build/GroundStation/GroundStation/logical.py", line 86, in update_pos
1774271604.7157211 [logical-1]     self.pox.z = z
1774271604.7157624 [logical-1] AttributeError: 'UIController' object has no attribute 'pox'
1774271604.7352734 [logical-1] Traceback (most recent call last):
1774271604.7354732 [logical-1]   File "/home/focal/Desktop/2024_GroundStation/build/GroundStation/GroundStation/logical.py", line 86, in update_pos
1774271604.7355256 [logical-1]     self.pox.z = z
1774271604.7355669 [logical-1] AttributeError: 'UIController' object has no attribute 'pox'
1774271604.7489436 [logical-1] Traceback (most recent call last):
1774271604.7491472 [logical-1]   File "/home/focal/Desktop/2024_GroundStation/build/GroundStation/GroundStation/logical.py", line 50, in <lambda>
1774271604.7492001 [logical-1]     self.subdialog1.pushButton_left.clicked.connect(lambda: self.ros_node.send_command(format('G',self.pos.x, self.pos.y+20, self.pos.z,'')))
1774271604.7492447 [logical-1] TypeError: format expected at most 2 arguments, got 5
1774271604.7545233 [logical-1] Traceback (most recent call last):
1774271604.7547276 [logical-1]   File "/home/focal/Desktop/2024_GroundStation/build/GroundStation/GroundStation/logical.py", line 86, in update_pos
1774271604.7548110 [logical-1]     self.pox.z = z
1774271604.7548561 [logical-1] AttributeError: 'UIController' object has no attribute 'pox'
1774271604.7759027 [logical-1] Traceback (most recent call last):
1774271604.7761023 [logical-1]   File "/home/focal/Desktop/2024_GroundStation/build/GroundStation/GroundStation/logical.py", line 86, in update_pos
1774271604.7761703 [logical-1]     self.pox.z = z
1774271604.7762132 [logical-1] AttributeError: 'UIController' object has no attribute 'pox'
1774271604.7955813 [logical-1] Traceback (most recent call last):
1774271604.7957895 [logical-1]   File "/home/focal/Desktop/2024_GroundStation/build/GroundStation/GroundStation/logical.py", line 86, in update_pos
1774271604.7958627 [logical-1]     self.pox.z = z
1774271604.7959034 [logical-1] AttributeError: 'UIController' object has no attribute 'pox'
1774271604.8146839 [logical-1] Traceback (most recent call last):
1774271604.8148694 [logical-1]   File "/home/focal/Desktop/2024_GroundStation/build/GroundStation/GroundStation/logical.py", line 86, in update_pos
1774271604.8149202 [logical-1]     self.pox.z = z
1774271604.8149617 [logical-1] AttributeError: 'UIController' object has no attribute 'pox'
1774271604.8357909 [logical-1] Traceback (most recent call last):
1774271604.8359928 [logical-1]   File "/home/focal/Desktop/2024_GroundStation/build/GroundStation/GroundStation/logical.py", line 86, in update_pos
1774271604.8361018 [logical-1]     self.pox.z = z
1774271604.8361497 [logical-1] AttributeError: 'UIController' object has no attribute 'pox'
1774271604.8558583 [logical-1] Traceback (most recent call last):
1774271604.8561223 [logical-1]   File "/home/focal/Desktop/2024_GroundStation/build/GroundStation/GroundStation/logical.py", line 86, in update_pos
1774271604.8562312 [logical-1]     self.pox.z = z
1774271604.8562801 [logical-1] AttributeError: 'UIController' object has no attribute 'pox'
1774271604.8773155 [logical-1] Traceback (most recent call last):
1774271604.8779283 [logical-1]   File "/home/focal/Desktop/2024_GroundStation/build/GroundStation/GroundStation/logical.py", line 86, in update_pos
1774271604.8780639 [logical-1]     self.pox.z = z
1774271604.8781354 [logical-1] AttributeError: 'UIController' object has no attribute 'pox'
1774271604.8955743 [logical-1] Traceback (most recent call last):
1774271604.8957870 [logical-1]   File "/home/focal/Desktop/2024_GroundStation/build/GroundStation/GroundStation/logical.py", line 86, in update_pos
1774271604.8958416 [logical-1]     self.pox.z = z
1774271604.8958845 [logical-1] AttributeError: 'UIController' object has no attribute 'pox'
1774271604.9150240 [logical-1] Traceback (most recent call last):
1774271604.9152303 [logical-1]   File "/home/focal/Desktop/2024_GroundStation/build/GroundStation/GroundStation/logical.py", line 86, in update_pos
1774271604.9152853 [logical-1]     self.pox.z = z
1774271604.9153292 [logical-1] AttributeError: 'UIController' object has no attribute 'pox'
1774271604.9349465 [logical-1] Traceback (most recent call last):
1774271604.9351599 [logical-1]   File "/home/focal/Desktop/2024_GroundStation/build/GroundStation/GroundStation/logical.py", line 86, in update_pos
1774271604.9352279 [logical-1]     self.pox.z = z
1774271604.9352713 [logical-1] AttributeError: 'UIController' object has no attribute 'pox'
1774271604.9558544 [logical-1] Traceback (most recent call last):
1774271604.9561372 [logical-1]   File "/home/focal/Desktop/2024_GroundStation/build/GroundStation/GroundStation/logical.py", line 86, in update_pos
1774271604.9563341 [logical-1]     self.pox.z = z
1774271604.9564879 [logical-1] AttributeError: 'UIController' object has no attribute 'pox'
1774271604.9780872 [logical-1] Traceback (most recent call last):
1774271604.9783781 [logical-1]   File "/home/focal/Desktop/2024_GroundStation/build/GroundStation/GroundStation/logical.py", line 86, in update_pos
1774271604.9785187 [logical-1]     self.pox.z = z
1774271604.9786110 [logical-1] AttributeError: 'UIController' object has no attribute 'pox'
1774271604.9961131 [logical-1] Traceback (most recent call last):
1774271604.9963617 [logical-1]   File "/home/focal/Desktop/2024_GroundStation/build/GroundStation/GroundStation/logical.py", line 86, in update_pos
1774271604.9964397 [logical-1]     self.pox.z = z
1774271604.9964876 [logical-1] AttributeError: 'UIController' object has no attribute 'pox'
1774271605.0148792 [logical-1] Traceback (most recent call last):
1774271605.0150898 [logical-1]   File "/home/focal/Desktop/2024_GroundStation/build/GroundStation/GroundStation/logical.py", line 86, in update_pos
1774271605.0151508 [logical-1]     self.pox.z = z
1774271605.0152078 [logical-1] AttributeError: 'UIController' object has no attribute 'pox'
1774271605.0377018 [logical-1] Traceback (most recent call last):
1774271605.0379786 [logical-1]   File "/home/focal/Desktop/2024_GroundStation/build/GroundStation/GroundStation/logical.py", line 86, in update_pos
1774271605.0380633 [logical-1]     self.pox.z = z
1774271605.0381238 [logical-1] AttributeError: 'UIController' object has no attribute 'pox'
1774271605.0554528 [logical-1] Traceback (most recent call last):
1774271605.0556602 [logical-1]   File "/home/focal/Desktop/2024_GroundStation/build/GroundStation/GroundStation/logical.py", line 86, in update_pos
1774271605.0557196 [logical-1]     self.pox.z = z
1774271605.0558124 [logical-1] AttributeError: 'UIController' object has no attribute 'pox'
1774271605.0763261 [logical-1] Traceback (most recent call last):
1774271605.0765488 [logical-1]   File "/home/focal/Desktop/2024_GroundStation/build/GroundStation/GroundStation/logical.py", line 86, in update_pos
1774271605.0766337 [logical-1]     self.pox.z = z
1774271605.0766790 [logical-1] AttributeError: 'UIController' object has no attribute 'pox'
1774271605.0969152 [logical-1] Traceback (most recent call last):
1774271605.0971646 [logical-1]   File "/home/focal/Desktop/2024_GroundStation/build/GroundStation/GroundStation/logical.py", line 86, in update_pos
1774271605.0972238 [logical-1]     self.pox.z = z
1774271605.0972683 [logical-1] AttributeError: 'UIController' object has no attribute 'pox'
1774271605.1156242 [logical-1] Traceback (most recent call last):
1774271605.1158383 [logical-1]   File "/home/focal/Desktop/2024_GroundStation/build/GroundStation/GroundStation/logical.py", line 86, in update_pos
1774271605.1158938 [logical-1]     self.pox.z = z
1774271605.1159477 [logical-1] AttributeError: 'UIController' object has no attribute 'pox'
1774271605.1365402 [logical-1] Traceback (most recent call last):
1774271605.1367466 [logical-1]   File "/home/focal/Desktop/2024_GroundStation/build/GroundStation/GroundStation/logical.py", line 86, in update_pos
1774271605.1368053 [logical-1]     self.pox.z = z
1774271605.1368506 [logical-1] AttributeError: 'UIController' object has no attribute 'pox'
1774271605.1556163 [logical-1] Traceback (most recent call last):
1774271605.1558115 [logical-1]   File "/home/focal/Desktop/2024_GroundStation/build/GroundStation/GroundStation/logical.py", line 86, in update_pos
1774271605.1558654 [logical-1]     self.pox.z = z
1774271605.1559081 [logical-1] AttributeError: 'UIController' object has no attribute 'pox'
1774271605.1757393 [logical-1] Traceback (most recent call last):
1774271605.1759315 [logical-1]   File "/home/focal/Desktop/2024_GroundStation/build/GroundStation/GroundStation/logical.py", line 86, in update_pos
1774271605.1759851 [logical-1]     self.pox.z = z
1774271605.1760271 [logical-1] AttributeError: 'UIController' object has no attribute 'pox'
1774271605.1971047 [logical-1] Traceback (most recent call last):
1774271605.1973770 [logical-1]   File "/home/focal/Desktop/2024_GroundStation/build/GroundStation/GroundStation/logical.py", line 86, in update_pos
1774271605.1974599 [logical-1]     self.pox.z = z
1774271605.1975079 [logical-1] AttributeError: 'UIController' object has no attribute 'pox'
1774271605.2168107 [logical-1] Traceback (most recent call last):
1774271605.2170212 [logical-1]   File "/home/focal/Desktop/2024_GroundStation/build/GroundStation/GroundStation/logical.py", line 86, in update_pos
1774271605.2170813 [logical-1]     self.pox.z = z
1774271605.2171257 [logical-1] AttributeError: 'UIController' object has no attribute 'pox'
1774271605.2350810 [logical-1] Traceback (most recent call last):
1774271605.2353375 [logical-1]   File "/home/focal/Desktop/2024_GroundStation/build/GroundStation/GroundStation/logical.py", line 86, in update_pos
1774271605.2354379 [logical-1]     self.pox.z = z
1774271605.2354875 [logical-1] AttributeError: 'UIController' object has no attribute 'pox'
1774271605.2559681 [logical-1] Traceback (most recent call last):
1774271605.2561781 [logical-1]   File "/home/focal/Desktop/2024_GroundStation/build/GroundStation/GroundStation/logical.py", line 86, in update_pos
1774271605.2562361 [logical-1]     self.pox.z = z
1774271605.2562804 [logical-1] AttributeError: 'UIController' object has no attribute 'pox'
1774271605.2748022 [logical-1] Traceback (most recent call last):
1774271605.2749887 [logical-1]   File "/home/focal/Desktop/2024_GroundStation/build/GroundStation/GroundStation/logical.py", line 86, in update_pos
1774271605.2750411 [logical-1]     self.pox.z = z
1774271605.2750864 [logical-1] AttributeError: 'UIController' object has no attribute 'pox'
1774271605.2961805 [logical-1] Traceback (most recent call last):
1774271605.2964785 [logical-1]   File "/home/focal/Desktop/2024_GroundStation/build/GroundStation/GroundStation/logical.py", line 86, in update_pos
1774271605.2965658 [logical-1]     self.pox.z = z
1774271605.2966154 [logical-1] AttributeError: 'UIController' object has no attribute 'pox'
1774271605.3146830 [logical-1] Traceback (most recent call last):
1774271605.3148708 [logical-1]   File "/home/focal/Desktop/2024_GroundStation/build/GroundStation/GroundStation/logical.py", line 86, in update_pos
1774271605.3149266 [logical-1]     self.pox.z = z
1774271605.3149717 [logical-1] AttributeError: 'UIController' object has no attribute 'pox'
1774271605.3363826 [logical-1] Traceback (most recent call last):
1774271605.3365884 [logical-1]   File "/home/focal/Desktop/2024_GroundStation/build/GroundStation/GroundStation/logical.py", line 86, in update_pos
1774271605.3366432 [logical-1]     self.pox.z = z
1774271605.3366866 [logical-1] AttributeError: 'UIController' object has no attribute 'pox'
1774271605.3564458 [logical-1] Traceback (most recent call last):
1774271605.3566892 [logical-1]   File "/home/focal/Desktop/2024_GroundStation/build/GroundStation/GroundStation/logical.py", line 86, in update_pos
1774271605.3567677 [logical-1]     self.pox.z = z
1774271605.3568094 [logical-1] AttributeError: 'UIController' object has no attribute 'pox'
1774271605.3757112 [logical-1] Traceback (most recent call last):
1774271605.3759310 [logical-1]   File "/home/focal/Desktop/2024_GroundStation/build/GroundStation/GroundStation/logical.py", line 86, in update_pos
1774271605.3760045 [logical-1]     self.pox.z = z
1774271605.3760583 [logical-1] AttributeError: 'UIController' object has no attribute 'pox'
1774271605.3785021 [logical-1] Traceback (most recent call last):
1774271605.3786826 [logical-1]   File "/home/focal/Desktop/2024_GroundStation/build/GroundStation/GroundStation/logical.py", line 51, in <lambda>
1774271605.3787322 [logical-1]     self.subdialog1.pushButton_right.clicked.connect(lambda: self.ros_node.send_command(format('G',self.pos.x, self.pos.y-20, self.pos.z,'')))
1774271605.3787727 [logical-1] TypeError: format expected at most 2 arguments, got 5
1774271605.3953233 [logical-1] Traceback (most recent call last):
1774271605.3955574 [logical-1]   File "/home/focal/Desktop/2024_GroundStation/build/GroundStation/GroundStation/logical.py", line 86, in update_pos
1774271605.3956192 [logical-1]     self.pox.z = z
1774271605.3956633 [logical-1] AttributeError: 'UIController' object has no attribute 'pox'
1774271605.4182973 [logical-1] Traceback (most recent call last):
1774271605.4185715 [logical-1]   File "/home/focal/Desktop/2024_GroundStation/build/GroundStation/GroundStation/logical.py", line 86, in update_pos
1774271605.4186499 [logical-1]     self.pox.z = z
1774271605.4186952 [logical-1] AttributeError: 'UIController' object has no attribute 'pox'
1774271605.4346936 [logical-1] Traceback (most recent call last):
1774271605.4348738 [logical-1]   File "/home/focal/Desktop/2024_GroundStation/build/GroundStation/GroundStation/logical.py", line 86, in update_pos
1774271605.4349363 [logical-1]     self.pox.z = z
1774271605.4349768 [logical-1] AttributeError: 'UIController' object has no attribute 'pox'
1774271605.4554365 [logical-1] Traceback (most recent call last):
1774271605.4556692 [logical-1]   File "/home/focal/Desktop/2024_GroundStation/build/GroundStation/GroundStation/logical.py", line 86, in update_pos
1774271605.4557550 [logical-1]     self.pox.z = z
1774271605.4558179 [logical-1] AttributeError: 'UIController' object has no attribute 'pox'
1774271605.4783034 [logical-1] Traceback (most recent call last):
1774271605.4785581 [logical-1]   File "/home/focal/Desktop/2024_GroundStation/build/GroundStation/GroundStation/logical.py", line 86, in update_pos
1774271605.4786441 [logical-1]     self.pox.z = z
1774271605.4786956 [logical-1] AttributeError: 'UIController' object has no attribute 'pox'
1774271605.4960029 [logical-1] Traceback (most recent call last):
1774271605.4962463 [logical-1]   File "/home/focal/Desktop/2024_GroundStation/build/GroundStation/GroundStation/logical.py", line 86, in update_pos
1774271605.4963210 [logical-1]     self.pox.z = z
1774271605.4963703 [logical-1] AttributeError: 'UIController' object has no attribute 'pox'
1774271605.5185692 [logical-1] Traceback (most recent call last):
1774271605.5188184 [logical-1]   File "/home/focal/Desktop/2024_GroundStation/build/GroundStation/GroundStation/logical.py", line 86, in update_pos
1774271605.5188832 [logical-1]     self.pox.z = z
1774271605.5189402 [logical-1] AttributeError: 'UIController' object has no attribute 'pox'
1774271605.5353882 [logical-1] Traceback (most recent call last):
1774271605.5356302 [logical-1]   File "/home/focal/Desktop/2024_GroundStation/build/GroundStation/GroundStation/logical.py", line 86, in update_pos
1774271605.5357301 [logical-1]     self.pox.z = z
1774271605.5357990 [logical-1] AttributeError: 'UIController' object has no attribute 'pox'
1774271605.5557504 [logical-1] Traceback (most recent call last):
1774271605.5560420 [logical-1]   File "/home/focal/Desktop/2024_GroundStation/build/GroundStation/GroundStation/logical.py", line 86, in update_pos
1774271605.5561380 [logical-1]     self.pox.z = z
1774271605.5561953 [logical-1] AttributeError: 'UIController' object has no attribute 'pox'
1774271605.5744476 [logical-1] Traceback (most recent call last):
1774271605.5746868 [logical-1]   File "/home/focal/Desktop/2024_GroundStation/build/GroundStation/GroundStation/logical.py", line 86, in update_pos
1774271605.5747633 [logical-1]     self.pox.z = z
1774271605.5748100 [logical-1] AttributeError: 'UIController' object has no attribute 'pox'
1774271605.5801661 [logical-1] Traceback (most recent call last):
1774271605.5803986 [logical-1]   File "/home/focal/Desktop/2024_GroundStation/build/GroundStation/GroundStation/logical.py", line 51, in <lambda>
1774271605.5804605 [logical-1]     self.subdialog1.pushButton_right.clicked.connect(lambda: self.ros_node.send_command(format('G',self.pos.x, self.pos.y-20, self.pos.z,'')))
1774271605.5805068 [logical-1] TypeError: format expected at most 2 arguments, got 5
1774271605.5953979 [logical-1] Traceback (most recent call last):
1774271605.5955999 [logical-1]   File "/home/focal/Desktop/2024_GroundStation/build/GroundStation/GroundStation/logical.py", line 86, in update_pos
1774271605.5956516 [logical-1]     self.pox.z = z
1774271605.5956943 [logical-1] AttributeError: 'UIController' object has no attribute 'pox'
1774271605.6175809 [logical-1] Traceback (most recent call last):
1774271605.6177700 [logical-1]   File "/home/focal/Desktop/2024_GroundStation/build/GroundStation/GroundStation/logical.py", line 86, in update_pos
1774271605.6178381 [logical-1]     self.pox.z = z
1774271605.6178818 [logical-1] AttributeError: 'UIController' object has no attribute 'pox'
1774271605.6350098 [logical-1] Traceback (most recent call last):
1774271605.6352131 [logical-1]   File "/home/focal/Desktop/2024_GroundStation/build/GroundStation/GroundStation/logical.py", line 86, in update_pos
1774271605.6352689 [logical-1]     self.pox.z = z
1774271605.6353128 [logical-1] AttributeError: 'UIController' object has no attribute 'pox'
1774271605.6569979 [logical-1] Traceback (most recent call last):
1774271605.6571906 [logical-1]   File "/home/focal/Desktop/2024_GroundStation/build/GroundStation/GroundStation/logical.py", line 86, in update_pos
1774271605.6572464 [logical-1]     self.pox.z = z
1774271605.6572876 [logical-1] AttributeError: 'UIController' object has no attribute 'pox'
1774271605.6759498 [logical-1] Traceback (most recent call last):
1774271605.6761637 [logical-1]   File "/home/focal/Desktop/2024_GroundStation/build/GroundStation/GroundStation/logical.py", line 86, in update_pos
1774271605.6762128 [logical-1]     self.pox.z = z
1774271605.6762538 [logical-1] AttributeError: 'UIController' object has no attribute 'pox'
1774271605.6951118 [logical-1] Traceback (most recent call last):
1774271605.6953306 [logical-1]   File "/home/focal/Desktop/2024_GroundStation/build/GroundStation/GroundStation/logical.py", line 86, in update_pos
1774271605.6953967 [logical-1]     self.pox.z = z
1774271605.6954427 [logical-1] AttributeError: 'UIController' object has no attribute 'pox'
1774271605.7162783 [logical-1] Traceback (most recent call last):
1774271605.7164915 [logical-1]   File "/home/focal/Desktop/2024_GroundStation/build/GroundStation/GroundStation/logical.py", line 86, in update_pos
1774271605.7165685 [logical-1]     self.pox.z = z
1774271605.7166109 [logical-1] AttributeError: 'UIController' object has no attribute 'pox'
1774271605.7360342 [logical-1] Traceback (most recent call last):
1774271605.7363017 [logical-1]   File "/home/focal/Desktop/2024_GroundStation/build/GroundStation/GroundStation/logical.py", line 86, in update_pos
1774271605.7363670 [logical-1]     self.pox.z = z
1774271605.7364199 [logical-1] AttributeError: 'UIController' object has no attribute 'pox'
1774271605.7559886 [logical-1] Traceback (most recent call last):
1774271605.7561727 [logical-1]   File "/home/focal/Desktop/2024_GroundStation/build/GroundStation/GroundStation/logical.py", line 86, in update_pos
1774271605.7562313 [logical-1]     self.pox.z = z
1774271605.7562821 [logical-1] AttributeError: 'UIController' object has no attribute 'pox'
1774271605.7566738 [logical-1] Traceback (most recent call last):
1774271605.7567832 [logical-1]   File "/home/focal/Desktop/2024_GroundStation/build/GroundStation/GroundStation/logical.py", line 51, in <lambda>
1774271605.7568278 [logical-1]     self.subdialog1.pushButton_right.clicked.connect(lambda: self.ros_node.send_command(format('G',self.pos.x, self.pos.y-20, self.pos.z,'')))
1774271605.7568676 [logical-1] TypeError: format expected at most 2 arguments, got 5
1774271605.7756102 [logical-1] Traceback (most recent call last):
1774271605.7758107 [logical-1]   File "/home/focal/Desktop/2024_GroundStation/build/GroundStation/GroundStation/logical.py", line 86, in update_pos
1774271605.7758706 [logical-1]     self.pox.z = z
1774271605.7759149 [logical-1] AttributeError: 'UIController' object has no attribute 'pox'
1774271605.7968383 [logical-1] Traceback (most recent call last):
1774271605.7970648 [logical-1]   File "/home/focal/Desktop/2024_GroundStation/build/GroundStation/GroundStation/logical.py", line 86, in update_pos
1774271605.7971337 [logical-1]     self.pox.z = z
1774271605.7971749 [logical-1] AttributeError: 'UIController' object has no attribute 'pox'
1774271605.8150499 [logical-1] Traceback (most recent call last):
1774271605.8152459 [logical-1]   File "/home/focal/Desktop/2024_GroundStation/build/GroundStation/GroundStation/logical.py", line 86, in update_pos
1774271605.8153126 [logical-1]     self.pox.z = z
1774271605.8153546 [logical-1] AttributeError: 'UIController' object has no attribute 'pox'
1774271605.8362699 [logical-1] Traceback (most recent call last):
1774271605.8365142 [logical-1]   File "/home/focal/Desktop/2024_GroundStation/build/GroundStation/GroundStation/logical.py", line 86, in update_pos
1774271605.8365831 [logical-1]     self.pox.z = z
1774271605.8366878 [logical-1] AttributeError: 'UIController' object has no attribute 'pox'
1774271605.8553851 [logical-1] Traceback (most recent call last):
1774271605.8555901 [logical-1]   File "/home/focal/Desktop/2024_GroundStation/build/GroundStation/GroundStation/logical.py", line 86, in update_pos
1774271605.8556423 [logical-1]     self.pox.z = z
1774271605.8556840 [logical-1] AttributeError: 'UIController' object has no attribute 'pox'
1774271605.8751359 [logical-1] Traceback (most recent call last):
1774271605.8753483 [logical-1]   File "/home/focal/Desktop/2024_GroundStation/build/GroundStation/GroundStation/logical.py", line 86, in update_pos
1774271605.8754075 [logical-1]     self.pox.z = z
1774271605.8754537 [logical-1] AttributeError: 'UIController' object has no attribute 'pox'
1774271605.8961780 [logical-1] Traceback (most recent call last):
1774271605.8964286 [logical-1]   File "/home/focal/Desktop/2024_GroundStation/build/GroundStation/GroundStation/logical.py", line 86, in update_pos
1774271605.8964975 [logical-1]     self.pox.z = z
1774271605.8965435 [logical-1] AttributeError: 'UIController' object has no attribute 'pox'
1774271605.9154141 [logical-1] Traceback (most recent call last):
1774271605.9156168 [logical-1]   File "/home/focal/Desktop/2024_GroundStation/build/GroundStation/GroundStation/logical.py", line 86, in update_pos
1774271605.9156718 [logical-1]     self.pox.z = z
1774271605.9157135 [logical-1] AttributeError: 'UIController' object has no attribute 'pox'
1774271605.9363489 [logical-1] Traceback (most recent call last):
1774271605.9366164 [logical-1]   File "/home/focal/Desktop/2024_GroundStation/build/GroundStation/GroundStation/logical.py", line 86, in update_pos
1774271605.9367056 [logical-1]     self.pox.z = z
1774271605.9367588 [logical-1] AttributeError: 'UIController' object has no attribute 'pox'
1774271605.9559603 [logical-1] Traceback (most recent call last):
1774271605.9562180 [logical-1]   File "/home/focal/Desktop/2024_GroundStation/build/GroundStation/GroundStation/logical.py", line 86, in update_pos
1774271605.9562919 [logical-1]     self.pox.z = z
1774271605.9563434 [logical-1] AttributeError: 'UIController' object has no attribute 'pox'
1774271605.9756579 [logical-1] Traceback (most recent call last):
1774271605.9759250 [logical-1]   File "/home/focal/Desktop/2024_GroundStation/build/GroundStation/GroundStation/logical.py", line 86, in update_pos
1774271605.9759912 [logical-1]     self.pox.z = z
1774271605.9760399 [logical-1] AttributeError: 'UIController' object has no attribute 'pox'
1774271605.9960008 [logical-1] Traceback (most recent call last):
1774271605.9962220 [logical-1]   File "/home/focal/Desktop/2024_GroundStation/build/GroundStation/GroundStation/logical.py", line 86, in update_pos
1774271605.9962862 [logical-1]     self.pox.z = z
1774271605.9963355 [logical-1] AttributeError: 'UIController' object has no attribute 'pox'
1774271606.0158103 [logical-1] Traceback (most recent call last):
1774271606.0160608 [logical-1]   File "/home/focal/Desktop/2024_GroundStation/build/GroundStation/GroundStation/logical.py", line 86, in update_pos
1774271606.0165997 [logical-1]     self.pox.z = z
1774271606.0166981 [logical-1] AttributeError: 'UIController' object has no attribute 'pox'
1774271606.0354900 [logical-1] Traceback (most recent call last):
1774271606.0356991 [logical-1]   File "/home/focal/Desktop/2024_GroundStation/build/GroundStation/GroundStation/logical.py", line 86, in update_pos
1774271606.0357563 [logical-1]     self.pox.z = z
1774271606.0358024 [logical-1] AttributeError: 'UIController' object has no attribute 'pox'
1774271606.0557625 [logical-1] Traceback (most recent call last):
1774271606.0559874 [logical-1]   File "/home/focal/Desktop/2024_GroundStation/build/GroundStation/GroundStation/logical.py", line 86, in update_pos
1774271606.0560567 [logical-1]     self.pox.z = z
1774271606.0561063 [logical-1] AttributeError: 'UIController' object has no attribute 'pox'
1774271606.0764925 [logical-1] Traceback (most recent call last):
1774271606.0767326 [logical-1]   File "/home/focal/Desktop/2024_GroundStation/build/GroundStation/GroundStation/logical.py", line 86, in update_pos
1774271606.0767965 [logical-1]     self.pox.z = z
1774271606.0768442 [logical-1] AttributeError: 'UIController' object has no attribute 'pox'
1774271606.1015975 [logical-1] Traceback (most recent call last):
1774271606.1018071 [logical-1]   File "/home/focal/Desktop/2024_GroundStation/build/GroundStation/GroundStation/logical.py", line 86, in update_pos
1774271606.1018720 [logical-1]     self.pox.z = z
1774271606.1019151 [logical-1] AttributeError: 'UIController' object has no attribute 'pox'
1774271606.1164048 [logical-1] Traceback (most recent call last):
1774271606.1166010 [logical-1]   File "/home/focal/Desktop/2024_GroundStation/build/GroundStation/GroundStation/logical.py", line 86, in update_pos
1774271606.1166587 [logical-1]     self.pox.z = z
1774271606.1167047 [logical-1] AttributeError: 'UIController' object has no attribute 'pox'
1774271606.1350930 [logical-1] Traceback (most recent call last):
1774271606.1352828 [logical-1]   File "/home/focal/Desktop/2024_GroundStation/build/GroundStation/GroundStation/logical.py", line 86, in update_pos
1774271606.1353323 [logical-1]     self.pox.z = z
1774271606.1353731 [logical-1] AttributeError: 'UIController' object has no attribute 'pox'
1774271606.1544921 [logical-1] Traceback (most recent call last):
1774271606.1547012 [logical-1]   File "/home/focal/Desktop/2024_GroundStation/build/GroundStation/GroundStation/logical.py", line 86, in update_pos
1774271606.1547530 [logical-1]     self.pox.z = z
1774271606.1547940 [logical-1] AttributeError: 'UIController' object has no attribute 'pox'
1774271606.1770091 [logical-1] Traceback (most recent call last):
1774271606.1772332 [logical-1]   File "/home/focal/Desktop/2024_GroundStation/build/GroundStation/GroundStation/logical.py", line 86, in update_pos
1774271606.1772850 [logical-1]     self.pox.z = z
1774271606.1773250 [logical-1] AttributeError: 'UIController' object has no attribute 'pox'
1774271606.1961162 [logical-1] Traceback (most recent call last):
1774271606.1962993 [logical-1]   File "/home/focal/Desktop/2024_GroundStation/build/GroundStation/GroundStation/logical.py", line 86, in update_pos
1774271606.1963472 [logical-1]     self.pox.z = z
1774271606.1963871 [logical-1] AttributeError: 'UIController' object has no attribute 'pox'
1774271606.2151563 [logical-1] Traceback (most recent call last):
1774271606.2153401 [logical-1]   File "/home/focal/Desktop/2024_GroundStation/build/GroundStation/GroundStation/logical.py", line 86, in update_pos
1774271606.2153964 [logical-1]     self.pox.z = z
1774271606.2154429 [logical-1] AttributeError: 'UIController' object has no attribute 'pox'
1774271606.2351480 [logical-1] Traceback (most recent call last):
1774271606.2353940 [logical-1]   File "/home/focal/Desktop/2024_GroundStation/build/GroundStation/GroundStation/logical.py", line 86, in update_pos
1774271606.2354760 [logical-1]     self.pox.z = z
1774271606.2355404 [logical-1] AttributeError: 'UIController' object has no attribute 'pox'
1774271606.2559149 [logical-1] Traceback (most recent call last):
1774271606.2561562 [logical-1]   File "/home/focal/Desktop/2024_GroundStation/build/GroundStation/GroundStation/logical.py", line 86, in update_pos
1774271606.2562060 [logical-1]     self.pox.z = z
1774271606.2562485 [logical-1] AttributeError: 'UIController' object has no attribute 'pox'
1774271606.2747748 [logical-1] Traceback (most recent call last):
1774271606.2749646 [logical-1]   File "/home/focal/Desktop/2024_GroundStation/build/GroundStation/GroundStation/logical.py", line 86, in update_pos
1774271606.2750356 [logical-1]     self.pox.z = z
1774271606.2750757 [logical-1] AttributeError: 'UIController' object has no attribute 'pox'
1774271606.2892644 [logical-1] Traceback (most recent call last):
1774271606.2895608 [logical-1]   File "/home/focal/Desktop/2024_GroundStation/build/GroundStation/GroundStation/logical.py", line 49, in <lambda>
1774271606.2896500 [logical-1]     self.subdialog1.pushButton_back.clicked.connect(lambda: self.ros_node.send_command(format('G',self.pos.x-20, self.pos.y, self.pos.z,'')))
1774271606.2897091 [logical-1] TypeError: format expected at most 2 arguments, got 5
1774271606.2955277 [logical-1] Traceback (most recent call last):
1774271606.2957151 [logical-1]   File "/home/focal/Desktop/2024_GroundStation/build/GroundStation/GroundStation/logical.py", line 86, in update_pos
1774271606.2957811 [logical-1]     self.pox.z = z
1774271606.2958214 [logical-1] AttributeError: 'UIController' object has no attribute 'pox'
1774271606.3161235 [logical-1] Traceback (most recent call last):
1774271606.3163393 [logical-1]   File "/home/focal/Desktop/2024_GroundStation/build/GroundStation/GroundStation/logical.py", line 86, in update_pos
1774271606.3163958 [logical-1]     self.pox.z = z
1774271606.3164361 [logical-1] AttributeError: 'UIController' object has no attribute 'pox'
1774271606.3346045 [logical-1] Traceback (most recent call last):
1774271606.3348269 [logical-1]   File "/home/focal/Desktop/2024_GroundStation/build/GroundStation/GroundStation/logical.py", line 86, in update_pos
1774271606.3348787 [logical-1]     self.pox.z = z
1774271606.3349195 [logical-1] AttributeError: 'UIController' object has no attribute 'pox'
1774271606.3555584 [logical-1] Traceback (most recent call last):
1774271606.3557453 [logical-1]   File "/home/focal/Desktop/2024_GroundStation/build/GroundStation/GroundStation/logical.py", line 86, in update_pos
1774271606.3557959 [logical-1]     self.pox.z = z
1774271606.3558924 [logical-1] AttributeError: 'UIController' object has no attribute 'pox'
1774271606.3755574 [logical-1] Traceback (most recent call last):
1774271606.3758388 [logical-1]   File "/home/focal/Desktop/2024_GroundStation/build/GroundStation/GroundStation/logical.py", line 86, in update_pos
1774271606.3759263 [logical-1]     self.pox.z = z
1774271606.3760257 [logical-1] AttributeError: 'UIController' object has no attribute 'pox'
1774271606.3977671 [logical-1] Traceback (most recent call last):
1774271606.3979669 [logical-1]   File "/home/focal/Desktop/2024_GroundStation/build/GroundStation/GroundStation/logical.py", line 86, in update_pos
1774271606.3980205 [logical-1]     self.pox.z = z
1774271606.3980689 [logical-1] AttributeError: 'UIController' object has no attribute 'pox'
1774271606.4165134 [logical-1] Traceback (most recent call last):
1774271606.4168012 [logical-1]   File "/home/focal/Desktop/2024_GroundStation/build/GroundStation/GroundStation/logical.py", line 86, in update_pos
1774271606.4168966 [logical-1]     self.pox.z = z
1774271606.4169481 [logical-1] AttributeError: 'UIController' object has no attribute 'pox'
1774271606.4365513 [logical-1] Traceback (most recent call last):
1774271606.4367967 [logical-1]   File "/home/focal/Desktop/2024_GroundStation/build/GroundStation/GroundStation/logical.py", line 86, in update_pos
1774271606.4368896 [logical-1]     self.pox.z = z
1774271606.4369445 [logical-1] AttributeError: 'UIController' object has no attribute 'pox'
1774271606.4575672 [logical-1] Traceback (most recent call last):
1774271606.4577749 [logical-1]   File "/home/focal/Desktop/2024_GroundStation/build/GroundStation/GroundStation/logical.py", line 86, in update_pos
1774271606.4578302 [logical-1]     self.pox.z = z
1774271606.4578736 [logical-1] AttributeError: 'UIController' object has no attribute 'pox'
1774271606.4721768 [logical-1] Traceback (most recent call last):
1774271606.4724164 [logical-1]   File "/home/focal/Desktop/2024_GroundStation/build/GroundStation/GroundStation/logical.py", line 49, in <lambda>
1774271606.4724703 [logical-1]     self.subdialog1.pushButton_back.clicked.connect(lambda: self.ros_node.send_command(format('G',self.pos.x-20, self.pos.y, self.pos.z,'')))
1774271606.4725227 [logical-1] TypeError: format expected at most 2 arguments, got 5
1774271606.4757311 [logical-1] Traceback (most recent call last):
1774271606.4758770 [logical-1]   File "/home/focal/Desktop/2024_GroundStation/build/GroundStation/GroundStation/logical.py", line 86, in update_pos
1774271606.4759240 [logical-1]     self.pox.z = z
1774271606.4759643 [logical-1] AttributeError: 'UIController' object has no attribute 'pox'
1774271606.4971464 [logical-1] Traceback (most recent call last):
1774271606.4974439 [logical-1]   File "/home/focal/Desktop/2024_GroundStation/build/GroundStation/GroundStation/logical.py", line 86, in update_pos
1774271606.4975603 [logical-1]     self.pox.z = z
1774271606.4976127 [logical-1] AttributeError: 'UIController' object has no attribute 'pox'
1774271606.5153449 [logical-1] Traceback (most recent call last):
1774271606.5155661 [logical-1]   File "/home/focal/Desktop/2024_GroundStation/build/GroundStation/GroundStation/logical.py", line 86, in update_pos
1774271606.5156262 [logical-1]     self.pox.z = z
1774271606.5156755 [logical-1] AttributeError: 'UIController' object has no attribute 'pox'
1774271606.5367901 [logical-1] Traceback (most recent call last):
1774271606.5371132 [logical-1]   File "/home/focal/Desktop/2024_GroundStation/build/GroundStation/GroundStation/logical.py", line 86, in update_pos
1774271606.5372322 [logical-1]     self.pox.z = z
1774271606.5373018 [logical-1] AttributeError: 'UIController' object has no attribute 'pox'
1774271606.5555730 [logical-1] Traceback (most recent call last):
1774271606.5558083 [logical-1]   File "/home/focal/Desktop/2024_GroundStation/build/GroundStation/GroundStation/logical.py", line 86, in update_pos
1774271606.5558741 [logical-1]     self.pox.z = z
1774271606.5559208 [logical-1] AttributeError: 'UIController' object has no attribute 'pox'
1774271606.5760207 [logical-1] Traceback (most recent call last):
1774271606.5762672 [logical-1]   File "/home/focal/Desktop/2024_GroundStation/build/GroundStation/GroundStation/logical.py", line 86, in update_pos
1774271606.5763476 [logical-1]     self.pox.z = z
1774271606.5764155 [logical-1] AttributeError: 'UIController' object has no attribute 'pox'
1774271606.5965509 [logical-1] Traceback (most recent call last):
1774271606.5967946 [logical-1]   File "/home/focal/Desktop/2024_GroundStation/build/GroundStation/GroundStation/logical.py", line 86, in update_pos
1774271606.5968673 [logical-1]     self.pox.z = z
1774271606.5969183 [logical-1] AttributeError: 'UIController' object has no attribute 'pox'
1774271606.6152611 [logical-1] Traceback (most recent call last):
1774271606.6154633 [logical-1]   File "/home/focal/Desktop/2024_GroundStation/build/GroundStation/GroundStation/logical.py", line 86, in update_pos
1774271606.6155238 [logical-1]     self.pox.z = z
1774271606.6155751 [logical-1] AttributeError: 'UIController' object has no attribute 'pox'
1774271606.6350091 [logical-1] Traceback (most recent call last):
1774271606.6352999 [logical-1]   File "/home/focal/Desktop/2024_GroundStation/build/GroundStation/GroundStation/logical.py", line 86, in update_pos
1774271606.6353977 [logical-1]     self.pox.z = z
1774271606.6354432 [logical-1] AttributeError: 'UIController' object has no attribute 'pox'
1774271606.6385281 [logical-1] Traceback (most recent call last):
1774271606.6387243 [logical-1]   File "/home/focal/Desktop/2024_GroundStation/build/GroundStation/GroundStation/logical.py", line 49, in <lambda>
1774271606.6387856 [logical-1]     self.subdialog1.pushButton_back.clicked.connect(lambda: self.ros_node.send_command(format('G',self.pos.x-20, self.pos.y, self.pos.z,'')))
1774271606.6388297 [logical-1] TypeError: format expected at most 2 arguments, got 5
1774271606.6555533 [logical-1] Traceback (most recent call last):
1774271606.6557610 [logical-1]   File "/home/focal/Desktop/2024_GroundStation/build/GroundStation/GroundStation/logical.py", line 86, in update_pos
1774271606.6558323 [logical-1]     self.pox.z = z
1774271606.6558759 [logical-1] AttributeError: 'UIController' object has no attribute 'pox'
1774271606.6756444 [logical-1] Traceback (most recent call last):
1774271606.6758533 [logical-1]   File "/home/focal/Desktop/2024_GroundStation/build/GroundStation/GroundStation/logical.py", line 86, in update_pos
1774271606.6759200 [logical-1]     self.pox.z = z
1774271606.6759665 [logical-1] AttributeError: 'UIController' object has no attribute 'pox'
1774271606.6961608 [logical-1] Traceback (most recent call last):
1774271606.6963425 [logical-1]   File "/home/focal/Desktop/2024_GroundStation/build/GroundStation/GroundStation/logical.py", line 86, in update_pos
1774271606.6963978 [logical-1]     self.pox.z = z
1774271606.6964512 [logical-1] AttributeError: 'UIController' object has no attribute 'pox'
1774271606.7158270 [logical-1] Traceback (most recent call last):
1774271606.7160985 [logical-1]   File "/home/focal/Desktop/2024_GroundStation/build/GroundStation/GroundStation/logical.py", line 86, in update_pos
1774271606.7161632 [logical-1]     self.pox.z = z
1774271606.7162228 [logical-1] AttributeError: 'UIController' object has no attribute 'pox'
1774271606.7366884 [logical-1] Traceback (most recent call last):
1774271606.7369957 [logical-1]   File "/home/focal/Desktop/2024_GroundStation/build/GroundStation/GroundStation/logical.py", line 86, in update_pos
1774271606.7370787 [logical-1]     self.pox.z = z
1774271606.7371213 [logical-1] AttributeError: 'UIController' object has no attribute 'pox'
1774271606.7552953 [logical-1] Traceback (most recent call last):
1774271606.7554839 [logical-1]   File "/home/focal/Desktop/2024_GroundStation/build/GroundStation/GroundStation/logical.py", line 86, in update_pos
1774271606.7555380 [logical-1]     self.pox.z = z
1774271606.7555821 [logical-1] AttributeError: 'UIController' object has no attribute 'pox'
1774271606.7764993 [logical-1] Traceback (most recent call last):
1774271606.7768207 [logical-1]   File "/home/focal/Desktop/2024_GroundStation/build/GroundStation/GroundStation/logical.py", line 86, in update_pos
1774271606.7769709 [logical-1]     self.pox.z = z
1774271606.7770562 [logical-1] AttributeError: 'UIController' object has no attribute 'pox'
1774271606.7949715 [logical-1] Traceback (most recent call last):
1774271606.7951591 [logical-1]   File "/home/focal/Desktop/2024_GroundStation/build/GroundStation/GroundStation/logical.py", line 86, in update_pos
1774271606.7952094 [logical-1]     self.pox.z = z
1774271606.7952499 [logical-1] AttributeError: 'UIController' object has no attribute 'pox'
1774271606.8160613 [logical-1] Traceback (most recent call last):
1774271606.8163128 [logical-1]   File "/home/focal/Desktop/2024_GroundStation/build/GroundStation/GroundStation/logical.py", line 86, in update_pos
1774271606.8163881 [logical-1]     self.pox.z = z
1774271606.8164291 [logical-1] AttributeError: 'UIController' object has no attribute 'pox'
1774271606.8372190 [logical-1] Traceback (most recent call last):
1774271606.8374228 [logical-1]   File "/home/focal/Desktop/2024_GroundStation/build/GroundStation/GroundStation/logical.py", line 86, in update_pos
1774271606.8374751 [logical-1]     self.pox.z = z
1774271606.8375161 [logical-1] AttributeError: 'UIController' object has no attribute 'pox'
1774271606.8565419 [logical-1] Traceback (most recent call last):
1774271606.8567274 [logical-1]   File "/home/focal/Desktop/2024_GroundStation/build/GroundStation/GroundStation/logical.py", line 86, in update_pos
1774271606.8567903 [logical-1]     self.pox.z = z
1774271606.8568327 [logical-1] AttributeError: 'UIController' object has no attribute 'pox'
1774271606.8574419 [logical-1] Traceback (most recent call last):
1774271606.8575439 [logical-1]   File "/home/focal/Desktop/2024_GroundStation/build/GroundStation/GroundStation/logical.py", line 49, in <lambda>
1774271606.8576002 [logical-1]     self.subdialog1.pushButton_back.clicked.connect(lambda: self.ros_node.send_command(format('G',self.pos.x-20, self.pos.y, self.pos.z,'')))
1774271606.8576407 [logical-1] TypeError: format expected at most 2 arguments, got 5
1774271606.8746955 [logical-1] Traceback (most recent call last):
1774271606.8748939 [logical-1]   File "/home/focal/Desktop/2024_GroundStation/build/GroundStation/GroundStation/logical.py", line 86, in update_pos
1774271606.8749459 [logical-1]     self.pox.z = z
1774271606.8749881 [logical-1] AttributeError: 'UIController' object has no attribute 'pox'
1774271606.8963611 [logical-1] Traceback (most recent call last):
1774271606.8965573 [logical-1]   File "/home/focal/Desktop/2024_GroundStation/build/GroundStation/GroundStation/logical.py", line 86, in update_pos
1774271606.8966105 [logical-1]     self.pox.z = z
1774271606.8966527 [logical-1] AttributeError: 'UIController' object has no attribute 'pox'
1774271606.9158552 [logical-1] Traceback (most recent call last):
1774271606.9161279 [logical-1]   File "/home/focal/Desktop/2024_GroundStation/build/GroundStation/GroundStation/logical.py", line 86, in update_pos
1774271606.9162018 [logical-1]     self.pox.z = z
1774271606.9162629 [logical-1] AttributeError: 'UIController' object has no attribute 'pox'
1774271606.9358308 [logical-1] Traceback (most recent call last):
1774271606.9360497 [logical-1]   File "/home/focal/Desktop/2024_GroundStation/build/GroundStation/GroundStation/logical.py", line 86, in update_pos
1774271606.9361107 [logical-1]     self.pox.z = z
1774271606.9361587 [logical-1] AttributeError: 'UIController' object has no attribute 'pox'
1774271606.9542377 [logical-1] Traceback (most recent call last):
1774271606.9544806 [logical-1]   File "/home/focal/Desktop/2024_GroundStation/build/GroundStation/GroundStation/logical.py", line 86, in update_pos
1774271606.9545422 [logical-1]     self.pox.z = z
1774271606.9546614 [logical-1] AttributeError: 'UIController' object has no attribute 'pox'
1774271606.9760230 [logical-1] Traceback (most recent call last):
1774271606.9762754 [logical-1]   File "/home/focal/Desktop/2024_GroundStation/build/GroundStation/GroundStation/logical.py", line 86, in update_pos
1774271606.9763525 [logical-1]     self.pox.z = z
1774271606.9764168 [logical-1] AttributeError: 'UIController' object has no attribute 'pox'
1774271606.9960289 [logical-1] Traceback (most recent call last):
1774271606.9962401 [logical-1]   File "/home/focal/Desktop/2024_GroundStation/build/GroundStation/GroundStation/logical.py", line 86, in update_pos
1774271606.9963000 [logical-1]     self.pox.z = z
1774271606.9963493 [logical-1] AttributeError: 'UIController' object has no attribute 'pox'
1774271607.0160379 [logical-1] Traceback (most recent call last):
1774271607.0162866 [logical-1]   File "/home/focal/Desktop/2024_GroundStation/build/GroundStation/GroundStation/logical.py", line 86, in update_pos
1774271607.0163722 [logical-1]     self.pox.z = z
1774271607.0164487 [logical-1] AttributeError: 'UIController' object has no attribute 'pox'
1774271607.0370431 [logical-1] Traceback (most recent call last):
1774271607.0373006 [logical-1]   File "/home/focal/Desktop/2024_GroundStation/build/GroundStation/GroundStation/logical.py", line 86, in update_pos
1774271607.0373721 [logical-1]     self.pox.z = z
1774271607.0374203 [logical-1] AttributeError: 'UIController' object has no attribute 'pox'
1774271607.0570679 [logical-1] Traceback (most recent call last):
1774271607.0573242 [logical-1]   File "/home/focal/Desktop/2024_GroundStation/build/GroundStation/GroundStation/logical.py", line 86, in update_pos
1774271607.0573950 [logical-1]     self.pox.z = z
1774271607.0574417 [logical-1] AttributeError: 'UIController' object has no attribute 'pox'
1774271607.0768392 [logical-1] Traceback (most recent call last):
1774271607.0770972 [logical-1]   File "/home/focal/Desktop/2024_GroundStation/build/GroundStation/GroundStation/logical.py", line 86, in update_pos
1774271607.0771646 [logical-1]     self.pox.z = z
1774271607.0772116 [logical-1] AttributeError: 'UIController' object has no attribute 'pox'
1774271607.0959828 [logical-1] Traceback (most recent call last):
1774271607.0962763 [logical-1]   File "/home/focal/Desktop/2024_GroundStation/build/GroundStation/GroundStation/logical.py", line 86, in update_pos
1774271607.0963945 [logical-1]     self.pox.z = z
1774271607.0964708 [logical-1] AttributeError: 'UIController' object has no attribute 'pox'
1774271607.1162553 [logical-1] Traceback (most recent call last):
1774271607.1164725 [logical-1]   File "/home/focal/Desktop/2024_GroundStation/build/GroundStation/GroundStation/logical.py", line 86, in update_pos
1774271607.1165328 [logical-1]     self.pox.z = z
1774271607.1165767 [logical-1] AttributeError: 'UIController' object has no attribute 'pox'
1774271607.1352856 [logical-1] Traceback (most recent call last):
1774271607.1355042 [logical-1]   File "/home/focal/Desktop/2024_GroundStation/build/GroundStation/GroundStation/logical.py", line 86, in update_pos
1774271607.1355650 [logical-1]     self.pox.z = z
1774271607.1356134 [logical-1] AttributeError: 'UIController' object has no attribute 'pox'
1774271607.1573424 [logical-1] Traceback (most recent call last):
1774271607.1577473 [logical-1]   File "/home/focal/Desktop/2024_GroundStation/build/GroundStation/GroundStation/logical.py", line 86, in update_pos
1774271607.1578288 [logical-1]     self.pox.z = z
1774271607.1578732 [logical-1] AttributeError: 'UIController' object has no attribute 'pox'
1774271607.1761396 [logical-1] Traceback (most recent call last):
1774271607.1763775 [logical-1]   File "/home/focal/Desktop/2024_GroundStation/build/GroundStation/GroundStation/logical.py", line 86, in update_pos
1774271607.1764741 [logical-1]     self.pox.z = z
1774271607.1765184 [logical-1] AttributeError: 'UIController' object has no attribute 'pox'
1774271607.1963100 [logical-1] Traceback (most recent call last):
1774271607.1965117 [logical-1]   File "/home/focal/Desktop/2024_GroundStation/build/GroundStation/GroundStation/logical.py", line 86, in update_pos
1774271607.1965685 [logical-1]     self.pox.z = z
1774271607.1966128 [logical-1] AttributeError: 'UIController' object has no attribute 'pox'
1774271607.2163370 [logical-1] Traceback (most recent call last):
1774271607.2165625 [logical-1]   File "/home/focal/Desktop/2024_GroundStation/build/GroundStation/GroundStation/logical.py", line 86, in update_pos
1774271607.2166371 [logical-1]     self.pox.z = z
1774271607.2166824 [logical-1] AttributeError: 'UIController' object has no attribute 'pox'
1774271607.2377160 [logical-1] Traceback (most recent call last):
1774271607.2378969 [logical-1]   File "/home/focal/Desktop/2024_GroundStation/build/GroundStation/GroundStation/logical.py", line 86, in update_pos
1774271607.2379475 [logical-1]     self.pox.z = z
1774271607.2379873 [logical-1] AttributeError: 'UIController' object has no attribute 'pox'
1774271607.2572548 [logical-1] Traceback (most recent call last):
1774271607.2575207 [logical-1]   File "/home/focal/Desktop/2024_GroundStation/build/GroundStation/GroundStation/logical.py", line 86, in update_pos
1774271607.2575927 [logical-1]     self.pox.z = z
1774271607.2576356 [logical-1] AttributeError: 'UIController' object has no attribute 'pox'
1774271607.2686923 [logical-1] Traceback (most recent call last):
1774271607.2688925 [logical-1]   File "/home/focal/Desktop/2024_GroundStation/build/GroundStation/GroundStation/logical.py", line 49, in <lambda>
1774271607.2689507 [logical-1]     self.subdialog1.pushButton_back.clicked.connect(lambda: self.ros_node.send_command(format('G',self.pos.x-20, self.pos.y, self.pos.z,'')))
1774271607.2689915 [logical-1] TypeError: format expected at most 2 arguments, got 5
1774271607.2760813 [logical-1] Traceback (most recent call last):
1774271607.2763281 [logical-1]   File "/home/focal/Desktop/2024_GroundStation/build/GroundStation/GroundStation/logical.py", line 86, in update_pos
1774271607.2764094 [logical-1]     self.pox.z = z
1774271607.2764518 [logical-1] AttributeError: 'UIController' object has no attribute 'pox'
1774271607.2973509 [logical-1] Traceback (most recent call last):
1774271607.2975750 [logical-1]   File "/home/focal/Desktop/2024_GroundStation/build/GroundStation/GroundStation/logical.py", line 86, in update_pos
1774271607.2976518 [logical-1]     self.pox.z = z
1774271607.2976944 [logical-1] AttributeError: 'UIController' object has no attribute 'pox'
1774271607.3158669 [logical-1] Traceback (most recent call last):
1774271607.3160512 [logical-1]   File "/home/focal/Desktop/2024_GroundStation/build/GroundStation/GroundStation/logical.py", line 86, in update_pos
1774271607.3161018 [logical-1]     self.pox.z = z
1774271607.3161428 [logical-1] AttributeError: 'UIController' object has no attribute 'pox'
1774271607.3393290 [logical-1] Traceback (most recent call last):
1774271607.3396347 [logical-1]   File "/home/focal/Desktop/2024_GroundStation/build/GroundStation/GroundStation/logical.py", line 86, in update_pos
1774271607.3397405 [logical-1]     self.pox.z = z
1774271607.3398044 [logical-1] AttributeError: 'UIController' object has no attribute 'pox'
1774271607.3565094 [logical-1] Traceback (most recent call last):
1774271607.3567071 [logical-1]   File "/home/focal/Desktop/2024_GroundStation/build/GroundStation/GroundStation/logical.py", line 86, in update_pos
1774271607.3567607 [logical-1]     self.pox.z = z
1774271607.3568158 [logical-1] AttributeError: 'UIController' object has no attribute 'pox'
1774271607.3751585 [logical-1] Traceback (most recent call last):
1774271607.3754470 [logical-1]   File "/home/focal/Desktop/2024_GroundStation/build/GroundStation/GroundStation/logical.py", line 86, in update_pos
1774271607.3755312 [logical-1]     self.pox.z = z
1774271607.3755784 [logical-1] AttributeError: 'UIController' object has no attribute 'pox'
1774271607.3954921 [logical-1] Traceback (most recent call last):
1774271607.3957663 [logical-1]   File "/home/focal/Desktop/2024_GroundStation/build/GroundStation/GroundStation/logical.py", line 86, in update_pos
1774271607.3958468 [logical-1]     self.pox.z = z
1774271607.3959112 [logical-1] AttributeError: 'UIController' object has no attribute 'pox'
1774271607.4153681 [logical-1] Traceback (most recent call last):
1774271607.4155736 [logical-1]   File "/home/focal/Desktop/2024_GroundStation/build/GroundStation/GroundStation/logical.py", line 86, in update_pos
1774271607.4156291 [logical-1]     self.pox.z = z
1774271607.4156733 [logical-1] AttributeError: 'UIController' object has no attribute 'pox'
1774271607.4371440 [logical-1] Traceback (most recent call last):
1774271607.4373519 [logical-1]   File "/home/focal/Desktop/2024_GroundStation/build/GroundStation/GroundStation/logical.py", line 86, in update_pos
1774271607.4374452 [logical-1]     self.pox.z = z
1774271607.4374952 [logical-1] AttributeError: 'UIController' object has no attribute 'pox'
1774271607.4545181 [logical-1] Traceback (most recent call last):
1774271607.4547491 [logical-1]   File "/home/focal/Desktop/2024_GroundStation/build/GroundStation/GroundStation/logical.py", line 86, in update_pos
1774271607.4548032 [logical-1]     self.pox.z = z
1774271607.4548430 [logical-1] AttributeError: 'UIController' object has no attribute 'pox'
1774271607.4701314 [logical-1] Traceback (most recent call last):
1774271607.4703498 [logical-1]   File "/home/focal/Desktop/2024_GroundStation/build/GroundStation/GroundStation/logical.py", line 49, in <lambda>
1774271607.4704070 [logical-1]     self.subdialog1.pushButton_back.clicked.connect(lambda: self.ros_node.send_command(format('G',self.pos.x-20, self.pos.y, self.pos.z,'')))
1774271607.4704497 [logical-1] TypeError: format expected at most 2 arguments, got 5
1774271607.4759815 [logical-1] Traceback (most recent call last):
1774271607.4762080 [logical-1]   File "/home/focal/Desktop/2024_GroundStation/build/GroundStation/GroundStation/logical.py", line 86, in update_pos
1774271607.4762759 [logical-1]     self.pox.z = z
1774271607.4763196 [logical-1] AttributeError: 'UIController' object has no attribute 'pox'
1774271607.4960570 [logical-1] Traceback (most recent call last):
1774271607.4963295 [logical-1]   File "/home/focal/Desktop/2024_GroundStation/build/GroundStation/GroundStation/logical.py", line 86, in update_pos
1774271607.4964013 [logical-1]     self.pox.z = z
1774271607.4964702 [logical-1] AttributeError: 'UIController' object has no attribute 'pox'
1774271607.5143597 [logical-1] Traceback (most recent call last):
1774271607.5145462 [logical-1]   File "/home/focal/Desktop/2024_GroundStation/build/GroundStation/GroundStation/logical.py", line 86, in update_pos
1774271607.5145986 [logical-1]     self.pox.z = z
1774271607.5146420 [logical-1] AttributeError: 'UIController' object has no attribute 'pox'
1774271607.5361183 [logical-1] Traceback (most recent call last):
1774271607.5363314 [logical-1]   File "/home/focal/Desktop/2024_GroundStation/build/GroundStation/GroundStation/logical.py", line 86, in update_pos
1774271607.5363920 [logical-1]     self.pox.z = z
1774271607.5364366 [logical-1] AttributeError: 'UIController' object has no attribute 'pox'
1774271607.5552549 [logical-1] Traceback (most recent call last):
1774271607.5554764 [logical-1]   File "/home/focal/Desktop/2024_GroundStation/build/GroundStation/GroundStation/logical.py", line 86, in update_pos
1774271607.5555472 [logical-1]     self.pox.z = z
1774271607.5555987 [logical-1] AttributeError: 'UIController' object has no attribute 'pox'
1774271607.5754259 [logical-1] Traceback (most recent call last):
1774271607.5756907 [logical-1]   File "/home/focal/Desktop/2024_GroundStation/build/GroundStation/GroundStation/logical.py", line 86, in update_pos
1774271607.5757697 [logical-1]     self.pox.z = z
1774271607.5758226 [logical-1] AttributeError: 'UIController' object has no attribute 'pox'
1774271607.5947223 [logical-1] Traceback (most recent call last):
1774271607.5949509 [logical-1]   File "/home/focal/Desktop/2024_GroundStation/build/GroundStation/GroundStation/logical.py", line 86, in update_pos
1774271607.5950172 [logical-1]     self.pox.z = z
1774271607.5950639 [logical-1] AttributeError: 'UIController' object has no attribute 'pox'
1774271607.6150651 [logical-1] Traceback (most recent call last):
1774271607.6152854 [logical-1]   File "/home/focal/Desktop/2024_GroundStation/build/GroundStation/GroundStation/logical.py", line 86, in update_pos
1774271607.6153591 [logical-1]     self.pox.z = z
1774271607.6154518 [logical-1] AttributeError: 'UIController' object has no attribute 'pox'
1774271607.6353571 [logical-1] Traceback (most recent call last):
1774271607.6355579 [logical-1]   File "/home/focal/Desktop/2024_GroundStation/build/GroundStation/GroundStation/logical.py", line 86, in update_pos
1774271607.6356235 [logical-1]     self.pox.z = z
1774271607.6356752 [logical-1] AttributeError: 'UIController' object has no attribute 'pox'
1774271607.6537035 [logical-1] Traceback (most recent call last):
1774271607.6541340 [logical-1]   File "/home/focal/Desktop/2024_GroundStation/build/GroundStation/GroundStation/logical.py", line 49, in <lambda>
1774271607.6542022 [logical-1]     self.subdialog1.pushButton_back.clicked.connect(lambda: self.ros_node.send_command(format('G',self.pos.x-20, self.pos.y, self.pos.z,'')))
1774271607.6542509 [logical-1] TypeError: format expected at most 2 arguments, got 5
1774271607.6555352 [logical-1] Traceback (most recent call last):
1774271607.6556518 [logical-1]   File "/home/focal/Desktop/2024_GroundStation/build/GroundStation/GroundStation/logical.py", line 86, in update_pos
1774271607.6557035 [logical-1]     self.pox.z = z
1774271607.6557477 [logical-1] AttributeError: 'UIController' object has no attribute 'pox'
1774271607.6744511 [logical-1] Traceback (most recent call last):
1774271607.6746352 [logical-1]   File "/home/focal/Desktop/2024_GroundStation/build/GroundStation/GroundStation/logical.py", line 86, in update_pos
1774271607.6746962 [logical-1]     self.pox.z = z
1774271607.6747420 [logical-1] AttributeError: 'UIController' object has no attribute 'pox'
1774271607.6963391 [logical-1] Traceback (most recent call last):
1774271607.6966012 [logical-1]   File "/home/focal/Desktop/2024_GroundStation/build/GroundStation/GroundStation/logical.py", line 86, in update_pos
1774271607.6966794 [logical-1]     self.pox.z = z
1774271607.6967280 [logical-1] AttributeError: 'UIController' object has no attribute 'pox'
1774271607.7160797 [logical-1] Traceback (most recent call last):
1774271607.7163103 [logical-1]   File "/home/focal/Desktop/2024_GroundStation/build/GroundStation/GroundStation/logical.py", line 86, in update_pos
1774271607.7163806 [logical-1]     self.pox.z = z
1774271607.7164309 [logical-1] AttributeError: 'UIController' object has no attribute 'pox'
1774271607.7360282 [logical-1] Traceback (most recent call last):
1774271607.7362394 [logical-1]   File "/home/focal/Desktop/2024_GroundStation/build/GroundStation/GroundStation/logical.py", line 86, in update_pos
1774271607.7363303 [logical-1]     self.pox.z = z
1774271607.7363930 [logical-1] AttributeError: 'UIController' object has no attribute 'pox'
1774271607.7551606 [logical-1] Traceback (most recent call last):
1774271607.7554195 [logical-1]   File "/home/focal/Desktop/2024_GroundStation/build/GroundStation/GroundStation/logical.py", line 86, in update_pos
1774271607.7554877 [logical-1]     self.pox.z = z
1774271607.7555304 [logical-1] AttributeError: 'UIController' object has no attribute 'pox'
1774271607.7750187 [logical-1] Traceback (most recent call last):
1774271607.7752705 [logical-1]   File "/home/focal/Desktop/2024_GroundStation/build/GroundStation/GroundStation/logical.py", line 86, in update_pos
1774271607.7753329 [logical-1]     self.pox.z = z
1774271607.7753768 [logical-1] AttributeError: 'UIController' object has no attribute 'pox'
1774271607.7957962 [logical-1] Traceback (most recent call last):
1774271607.7960162 [logical-1]   File "/home/focal/Desktop/2024_GroundStation/build/GroundStation/GroundStation/logical.py", line 86, in update_pos
1774271607.7960806 [logical-1]     self.pox.z = z
1774271607.7961271 [logical-1] AttributeError: 'UIController' object has no attribute 'pox'
1774271607.8157332 [logical-1] Traceback (most recent call last):
1774271607.8159742 [logical-1]   File "/home/focal/Desktop/2024_GroundStation/build/GroundStation/GroundStation/logical.py", line 86, in update_pos
1774271607.8160300 [logical-1]     self.pox.z = z
1774271607.8160741 [logical-1] AttributeError: 'UIController' object has no attribute 'pox'
1774271607.8365257 [logical-1] Traceback (most recent call last):
1774271607.8368402 [logical-1]   File "/home/focal/Desktop/2024_GroundStation/build/GroundStation/GroundStation/logical.py", line 86, in update_pos
1774271607.8369119 [logical-1]     self.pox.z = z
1774271607.8369608 [logical-1] AttributeError: 'UIController' object has no attribute 'pox'
1774271607.8398666 [logical-1] Traceback (most recent call last):
1774271607.8400519 [logical-1]   File "/home/focal/Desktop/2024_GroundStation/build/GroundStation/GroundStation/logical.py", line 49, in <lambda>
1774271607.8401117 [logical-1]     self.subdialog1.pushButton_back.clicked.connect(lambda: self.ros_node.send_command(format('G',self.pos.x-20, self.pos.y, self.pos.z,'')))
1774271607.8401566 [logical-1] TypeError: format expected at most 2 arguments, got 5
1774271607.8558321 [logical-1] Traceback (most recent call last):
1774271607.8560338 [logical-1]   File "/home/focal/Desktop/2024_GroundStation/build/GroundStation/GroundStation/logical.py", line 86, in update_pos
1774271607.8560903 [logical-1]     self.pox.z = z
1774271607.8561354 [logical-1] AttributeError: 'UIController' object has no attribute 'pox'
1774271607.8756733 [logical-1] Traceback (most recent call last):
1774271607.8759961 [logical-1]   File "/home/focal/Desktop/2024_GroundStation/build/GroundStation/GroundStation/logical.py", line 86, in update_pos
1774271607.8760629 [logical-1]     self.pox.z = z
1774271607.8761108 [logical-1] AttributeError: 'UIController' object has no attribute 'pox'
1774271607.8952177 [logical-1] Traceback (most recent call last):
1774271607.8954244 [logical-1]   File "/home/focal/Desktop/2024_GroundStation/build/GroundStation/GroundStation/logical.py", line 86, in update_pos
1774271607.8954780 [logical-1]     self.pox.z = z
1774271607.8955276 [logical-1] AttributeError: 'UIController' object has no attribute 'pox'
1774271607.9157758 [logical-1] Traceback (most recent call last):
1774271607.9160028 [logical-1]   File "/home/focal/Desktop/2024_GroundStation/build/GroundStation/GroundStation/logical.py", line 86, in update_pos
1774271607.9160688 [logical-1]     self.pox.z = z
1774271607.9161134 [logical-1] AttributeError: 'UIController' object has no attribute 'pox'
1774271607.9349172 [logical-1] Traceback (most recent call last):
1774271607.9351659 [logical-1]   File "/home/focal/Desktop/2024_GroundStation/build/GroundStation/GroundStation/logical.py", line 86, in update_pos
1774271607.9352434 [logical-1]     self.pox.z = z
1774271607.9352884 [logical-1] AttributeError: 'UIController' object has no attribute 'pox'
1774271607.9564064 [logical-1] Traceback (most recent call last):
1774271607.9566102 [logical-1]   File "/home/focal/Desktop/2024_GroundStation/build/GroundStation/GroundStation/logical.py", line 86, in update_pos
1774271607.9568651 [logical-1]     self.pox.z = z
1774271607.9569318 [logical-1] AttributeError: 'UIController' object has no attribute 'pox'
1774271607.9751751 [logical-1] Traceback (most recent call last):
1774271607.9754097 [logical-1]   File "/home/focal/Desktop/2024_GroundStation/build/GroundStation/GroundStation/logical.py", line 86, in update_pos
1774271607.9754796 [logical-1]     self.pox.z = z
1774271607.9755330 [logical-1] AttributeError: 'UIController' object has no attribute 'pox'
1774271607.9958746 [logical-1] Traceback (most recent call last):
1774271607.9961693 [logical-1]   File "/home/focal/Desktop/2024_GroundStation/build/GroundStation/GroundStation/logical.py", line 86, in update_pos
1774271607.9962389 [logical-1]     self.pox.z = z
1774271607.9962885 [logical-1] AttributeError: 'UIController' object has no attribute 'pox'
1774271608.0157013 [logical-1] Traceback (most recent call last):
1774271608.0159442 [logical-1]   File "/home/focal/Desktop/2024_GroundStation/build/GroundStation/GroundStation/logical.py", line 86, in update_pos
1774271608.0160255 [logical-1]     self.pox.z = z
1774271608.0160811 [logical-1] AttributeError: 'UIController' object has no attribute 'pox'
1774271608.0366068 [logical-1] Traceback (most recent call last):
1774271608.0367942 [logical-1]   File "/home/focal/Desktop/2024_GroundStation/build/GroundStation/GroundStation/logical.py", line 86, in update_pos
1774271608.0369971 [logical-1]     self.pox.z = z
1774271608.0370710 [logical-1] AttributeError: 'UIController' object has no attribute 'pox'
1774271608.0386219 [logical-1] Traceback (most recent call last):
1774271608.0387990 [logical-1]   File "/home/focal/Desktop/2024_GroundStation/build/GroundStation/GroundStation/logical.py", line 49, in <lambda>
1774271608.0388615 [logical-1]     self.subdialog1.pushButton_back.clicked.connect(lambda: self.ros_node.send_command(format('G',self.pos.x-20, self.pos.y, self.pos.z,'')))
1774271608.0389102 [logical-1] TypeError: format expected at most 2 arguments, got 5
1774271608.0563579 [logical-1] Traceback (most recent call last):
1774271608.0565584 [logical-1]   File "/home/focal/Desktop/2024_GroundStation/build/GroundStation/GroundStation/logical.py", line 86, in update_pos
1774271608.0566194 [logical-1]     self.pox.z = z
1774271608.0566761 [logical-1] AttributeError: 'UIController' object has no attribute 'pox'
1774271608.0756831 [logical-1] Traceback (most recent call last):
1774271608.0759301 [logical-1]   File "/home/focal/Desktop/2024_GroundStation/build/GroundStation/GroundStation/logical.py", line 86, in update_pos
1774271608.0759950 [logical-1]     self.pox.z = z
1774271608.0760469 [logical-1] AttributeError: 'UIController' object has no attribute 'pox'
1774271608.0961838 [logical-1] Traceback (most recent call last):
1774271608.0964642 [logical-1]   File "/home/focal/Desktop/2024_GroundStation/build/GroundStation/GroundStation/logical.py", line 86, in update_pos
1774271608.0965390 [logical-1]     self.pox.z = z
1774271608.0966184 [logical-1] AttributeError: 'UIController' object has no attribute 'pox'
1774271608.1157892 [logical-1] Traceback (most recent call last):
1774271608.1160131 [logical-1]   File "/home/focal/Desktop/2024_GroundStation/build/GroundStation/GroundStation/logical.py", line 86, in update_pos
1774271608.1160846 [logical-1]     self.pox.z = z
1774271608.1161339 [logical-1] AttributeError: 'UIController' object has no attribute 'pox'
1774271608.1357605 [logical-1] Traceback (most recent call last):
1774271608.1359885 [logical-1]   File "/home/focal/Desktop/2024_GroundStation/build/GroundStation/GroundStation/logical.py", line 86, in update_pos
1774271608.1360607 [logical-1]     self.pox.z = z
1774271608.1361096 [logical-1] AttributeError: 'UIController' object has no attribute 'pox'
1774271608.1562488 [logical-1] Traceback (most recent call last):
1774271608.1564672 [logical-1]   File "/home/focal/Desktop/2024_GroundStation/build/GroundStation/GroundStation/logical.py", line 86, in update_pos
1774271608.1565208 [logical-1]     self.pox.z = z
1774271608.1565659 [logical-1] AttributeError: 'UIController' object has no attribute 'pox'
1774271608.1755137 [logical-1] Traceback (most recent call last):
1774271608.1757250 [logical-1]   File "/home/focal/Desktop/2024_GroundStation/build/GroundStation/GroundStation/logical.py", line 86, in update_pos
1774271608.1757832 [logical-1]     self.pox.z = z
1774271608.1758292 [logical-1] AttributeError: 'UIController' object has no attribute 'pox'
1774271608.1958859 [logical-1] Traceback (most recent call last):
1774271608.1961319 [logical-1]   File "/home/focal/Desktop/2024_GroundStation/build/GroundStation/GroundStation/logical.py", line 86, in update_pos
1774271608.1961946 [logical-1]     self.pox.z = z
1774271608.1962419 [logical-1] AttributeError: 'UIController' object has no attribute 'pox'
1774271608.2171779 [logical-1] Traceback (most recent call last):
1774271608.2173705 [logical-1]   File "/home/focal/Desktop/2024_GroundStation/build/GroundStation/GroundStation/logical.py", line 86, in update_pos
1774271608.2174234 [logical-1]     self.pox.z = z
1774271608.2174661 [logical-1] AttributeError: 'UIController' object has no attribute 'pox'
1774271608.2364957 [logical-1] Traceback (most recent call last):
1774271608.2367001 [logical-1]   File "/home/focal/Desktop/2024_GroundStation/build/GroundStation/GroundStation/logical.py", line 86, in update_pos
1774271608.2367544 [logical-1]     self.pox.z = z
1774271608.2368031 [logical-1] AttributeError: 'UIController' object has no attribute 'pox'
1774271608.2574267 [logical-1] Traceback (most recent call last):
1774271608.2576668 [logical-1]   File "/home/focal/Desktop/2024_GroundStation/build/GroundStation/GroundStation/logical.py", line 86, in update_pos
1774271608.2577331 [logical-1]     self.pox.z = z
1774271608.2577815 [logical-1] AttributeError: 'UIController' object has no attribute 'pox'
1774271608.2762580 [logical-1] Traceback (most recent call last):
1774271608.2764745 [logical-1]   File "/home/focal/Desktop/2024_GroundStation/build/GroundStation/GroundStation/logical.py", line 86, in update_pos
1774271608.2765305 [logical-1]     self.pox.z = z
1774271608.2765737 [logical-1] AttributeError: 'UIController' object has no attribute 'pox'
1774271608.2961080 [logical-1] Traceback (most recent call last):
1774271608.2963536 [logical-1]   File "/home/focal/Desktop/2024_GroundStation/build/GroundStation/GroundStation/logical.py", line 86, in update_pos
1774271608.2964180 [logical-1]     self.pox.z = z
1774271608.2964666 [logical-1] AttributeError: 'UIController' object has no attribute 'pox'
1774271608.3171389 [logical-1] Traceback (most recent call last):
1774271608.3173425 [logical-1]   File "/home/focal/Desktop/2024_GroundStation/build/GroundStation/GroundStation/logical.py", line 86, in update_pos
1774271608.3173997 [logical-1]     self.pox.z = z
1774271608.3174472 [logical-1] AttributeError: 'UIController' object has no attribute 'pox'
1774271608.3380890 [logical-1] Traceback (most recent call last):
1774271608.3383782 [logical-1]   File "/home/focal/Desktop/2024_GroundStation/build/GroundStation/GroundStation/logical.py", line 86, in update_pos
1774271608.3384552 [logical-1]     self.pox.z = z
1774271608.3385892 [logical-1] AttributeError: 'UIController' object has no attribute 'pox'
1774271608.3587170 [logical-1] Traceback (most recent call last):
1774271608.3589556 [logical-1]   File "/home/focal/Desktop/2024_GroundStation/build/GroundStation/GroundStation/logical.py", line 86, in update_pos
1774271608.3590534 [logical-1]     self.pox.z = z
1774271608.3591511 [logical-1] AttributeError: 'UIController' object has no attribute 'pox'
1774271608.3772326 [logical-1] Traceback (most recent call last):
1774271608.3775368 [logical-1]   File "/home/focal/Desktop/2024_GroundStation/build/GroundStation/GroundStation/logical.py", line 86, in update_pos
1774271608.3778889 [logical-1]     self.pox.z = z
1774271608.3779569 [logical-1] AttributeError: 'UIController' object has no attribute 'pox'
1774271608.3958156 [logical-1] Traceback (most recent call last):
1774271608.3960273 [logical-1]   File "/home/focal/Desktop/2024_GroundStation/build/GroundStation/GroundStation/logical.py", line 86, in update_pos
1774271608.3960876 [logical-1]     self.pox.z = z
1774271608.3961341 [logical-1] AttributeError: 'UIController' object has no attribute 'pox'
1774271608.4157951 [logical-1] Traceback (most recent call last):
1774271608.4159997 [logical-1]   File "/home/focal/Desktop/2024_GroundStation/build/GroundStation/GroundStation/logical.py", line 86, in update_pos
1774271608.4160669 [logical-1]     self.pox.z = z
1774271608.4161139 [logical-1] AttributeError: 'UIController' object has no attribute 'pox'
1774271608.4365795 [logical-1] Traceback (most recent call last):
1774271608.4367921 [logical-1]   File "/home/focal/Desktop/2024_GroundStation/build/GroundStation/GroundStation/logical.py", line 86, in update_pos
1774271608.4368505 [logical-1]     self.pox.z = z
1774271608.4369586 [logical-1] AttributeError: 'UIController' object has no attribute 'pox'
1774271608.4555397 [logical-1] Traceback (most recent call last):
1774271608.4557710 [logical-1]   File "/home/focal/Desktop/2024_GroundStation/build/GroundStation/GroundStation/logical.py", line 86, in update_pos
1774271608.4558394 [logical-1]     self.pox.z = z
1774271608.4558909 [logical-1] AttributeError: 'UIController' object has no attribute 'pox'
1774271608.4754589 [logical-1] Traceback (most recent call last):
1774271608.4756603 [logical-1]   File "/home/focal/Desktop/2024_GroundStation/build/GroundStation/GroundStation/logical.py", line 86, in update_pos
1774271608.4757199 [logical-1]     self.pox.z = z
1774271608.4757679 [logical-1] AttributeError: 'UIController' object has no attribute 'pox'
1774271608.4966872 [logical-1] Traceback (most recent call last):
1774271608.4969580 [logical-1]   File "/home/focal/Desktop/2024_GroundStation/build/GroundStation/GroundStation/logical.py", line 86, in update_pos
1774271608.4970338 [logical-1]     self.pox.z = z
1774271608.4970877 [logical-1] AttributeError: 'UIController' object has no attribute 'pox'
1774271608.5156291 [logical-1] Traceback (most recent call last):
1774271608.5158591 [logical-1]   File "/home/focal/Desktop/2024_GroundStation/build/GroundStation/GroundStation/logical.py", line 86, in update_pos
1774271608.5159225 [logical-1]     self.pox.z = z
1774271608.5159729 [logical-1] AttributeError: 'UIController' object has no attribute 'pox'
1774271608.5360787 [logical-1] Traceback (most recent call last):
1774271608.5363023 [logical-1]   File "/home/focal/Desktop/2024_GroundStation/build/GroundStation/GroundStation/logical.py", line 86, in update_pos
1774271608.5363667 [logical-1]     self.pox.z = z
1774271608.5364175 [logical-1] AttributeError: 'UIController' object has no attribute 'pox'
1774271608.5568309 [logical-1] Traceback (most recent call last):
1774271608.5570438 [logical-1]   File "/home/focal/Desktop/2024_GroundStation/build/GroundStation/GroundStation/logical.py", line 86, in update_pos
1774271608.5571139 [logical-1]     self.pox.z = z
1774271608.5571673 [logical-1] AttributeError: 'UIController' object has no attribute 'pox'
1774271608.5750983 [logical-1] Traceback (most recent call last):
1774271608.5753481 [logical-1]   File "/home/focal/Desktop/2024_GroundStation/build/GroundStation/GroundStation/logical.py", line 86, in update_pos
1774271608.5754387 [logical-1]     self.pox.z = z
1774271608.5754972 [logical-1] AttributeError: 'UIController' object has no attribute 'pox'
1774271608.5972795 [logical-1] Traceback (most recent call last):
1774271608.5976081 [logical-1]   File "/home/focal/Desktop/2024_GroundStation/build/GroundStation/GroundStation/logical.py", line 86, in update_pos
1774271608.5977271 [logical-1]     self.pox.z = z
1774271608.5978217 [logical-1] AttributeError: 'UIController' object has no attribute 'pox'
1774271608.6162097 [logical-1] Traceback (most recent call last):
1774271608.6164303 [logical-1]   File "/home/focal/Desktop/2024_GroundStation/build/GroundStation/GroundStation/logical.py", line 86, in update_pos
1774271608.6164968 [logical-1]     self.pox.z = z
1774271608.6165438 [logical-1] AttributeError: 'UIController' object has no attribute 'pox'
1774271608.6353266 [logical-1] Traceback (most recent call last):
1774271608.6355138 [logical-1]   File "/home/focal/Desktop/2024_GroundStation/build/GroundStation/GroundStation/logical.py", line 86, in update_pos
1774271608.6355748 [logical-1]     self.pox.z = z
1774271608.6356559 [logical-1] AttributeError: 'UIController' object has no attribute 'pox'
1774271608.6551239 [logical-1] Traceback (most recent call last):
1774271608.6553266 [logical-1]   File "/home/focal/Desktop/2024_GroundStation/build/GroundStation/GroundStation/logical.py", line 86, in update_pos
1774271608.6553862 [logical-1]     self.pox.z = z
1774271608.6554315 [logical-1] AttributeError: 'UIController' object has no attribute 'pox'
1774271608.6685719 [logical-1] Traceback (most recent call last):
1774271608.6688609 [logical-1]   File "/home/focal/Desktop/2024_GroundStation/build/GroundStation/GroundStation/logical.py", line 50, in <lambda>
1774271608.6689229 [logical-1]     self.subdialog1.pushButton_left.clicked.connect(lambda: self.ros_node.send_command(format('G',self.pos.x, self.pos.y+20, self.pos.z,'')))
1774271608.6689758 [logical-1] TypeError: format expected at most 2 arguments, got 5
1774271608.6764085 [logical-1] Traceback (most recent call last):
1774271608.6766310 [logical-1]   File "/home/focal/Desktop/2024_GroundStation/build/GroundStation/GroundStation/logical.py", line 86, in update_pos
1774271608.6767037 [logical-1]     self.pox.z = z
1774271608.6767561 [logical-1] AttributeError: 'UIController' object has no attribute 'pox'
1774271608.6957767 [logical-1] Traceback (most recent call last):
1774271608.6959746 [logical-1]   File "/home/focal/Desktop/2024_GroundStation/build/GroundStation/GroundStation/logical.py", line 86, in update_pos
1774271608.6960437 [logical-1]     self.pox.z = z
1774271608.6960890 [logical-1] AttributeError: 'UIController' object has no attribute 'pox'
1774271608.7158196 [logical-1] Traceback (most recent call last):
1774271608.7160666 [logical-1]   File "/home/focal/Desktop/2024_GroundStation/build/GroundStation/GroundStation/logical.py", line 86, in update_pos
1774271608.7161455 [logical-1]     self.pox.z = z
1774271608.7161915 [logical-1] AttributeError: 'UIController' object has no attribute 'pox'
1774271608.7359929 [logical-1] Traceback (most recent call last):
1774271608.7361810 [logical-1]   File "/home/focal/Desktop/2024_GroundStation/build/GroundStation/GroundStation/logical.py", line 86, in update_pos
1774271608.7362401 [logical-1]     self.pox.z = z
1774271608.7362831 [logical-1] AttributeError: 'UIController' object has no attribute 'pox'
1774271608.7561638 [logical-1] Traceback (most recent call last):
1774271608.7563536 [logical-1]   File "/home/focal/Desktop/2024_GroundStation/build/GroundStation/GroundStation/logical.py", line 86, in update_pos
1774271608.7564063 [logical-1]     self.pox.z = z
1774271608.7564471 [logical-1] AttributeError: 'UIController' object has no attribute 'pox'
1774271608.7756431 [logical-1] Traceback (most recent call last):
1774271608.7758801 [logical-1]   File "/home/focal/Desktop/2024_GroundStation/build/GroundStation/GroundStation/logical.py", line 86, in update_pos
1774271608.7759497 [logical-1]     self.pox.z = z
1774271608.7760155 [logical-1] AttributeError: 'UIController' object has no attribute 'pox'
1774271608.7991059 [logical-1] Traceback (most recent call last):
1774271608.7993579 [logical-1]   File "/home/focal/Desktop/2024_GroundStation/build/GroundStation/GroundStation/logical.py", line 86, in update_pos
1774271608.7994463 [logical-1]     self.pox.z = z
1774271608.7994895 [logical-1] AttributeError: 'UIController' object has no attribute 'pox'
1774271608.8165715 [logical-1] Traceback (most recent call last):
1774271608.8167849 [logical-1]   File "/home/focal/Desktop/2024_GroundStation/build/GroundStation/GroundStation/logical.py", line 86, in update_pos
1774271608.8168440 [logical-1]     self.pox.z = z
1774271608.8168855 [logical-1] AttributeError: 'UIController' object has no attribute 'pox'
1774271608.8364840 [logical-1] Traceback (most recent call last):
1774271608.8366888 [logical-1]   File "/home/focal/Desktop/2024_GroundStation/build/GroundStation/GroundStation/logical.py", line 86, in update_pos
1774271608.8367527 [logical-1]     self.pox.z = z
1774271608.8367953 [logical-1] AttributeError: 'UIController' object has no attribute 'pox'
1774271608.8441479 [logical-1] Traceback (most recent call last):
1774271608.8443997 [logical-1]   File "/home/focal/Desktop/2024_GroundStation/build/GroundStation/GroundStation/logical.py", line 50, in <lambda>
1774271608.8444724 [logical-1]     self.subdialog1.pushButton_left.clicked.connect(lambda: self.ros_node.send_command(format('G',self.pos.x, self.pos.y+20, self.pos.z,'')))
1774271608.8445163 [logical-1] TypeError: format expected at most 2 arguments, got 5
1774271608.8561490 [logical-1] Traceback (most recent call last):
1774271608.8563409 [logical-1]   File "/home/focal/Desktop/2024_GroundStation/build/GroundStation/GroundStation/logical.py", line 86, in update_pos
1774271608.8563948 [logical-1]     self.pox.z = z
1774271608.8564372 [logical-1] AttributeError: 'UIController' object has no attribute 'pox'
1774271608.8761790 [logical-1] Traceback (most recent call last):
1774271608.8764307 [logical-1]   File "/home/focal/Desktop/2024_GroundStation/build/GroundStation/GroundStation/logical.py", line 86, in update_pos
1774271608.8764961 [logical-1]     self.pox.z = z
1774271608.8765421 [logical-1] AttributeError: 'UIController' object has no attribute 'pox'
1774271608.8962243 [logical-1] Traceback (most recent call last):
1774271608.8964362 [logical-1]   File "/home/focal/Desktop/2024_GroundStation/build/GroundStation/GroundStation/logical.py", line 86, in update_pos
1774271608.8965428 [logical-1]     self.pox.z = z
1774271608.8965907 [logical-1] AttributeError: 'UIController' object has no attribute 'pox'
1774271608.9155409 [logical-1] Traceback (most recent call last):
1774271608.9158020 [logical-1]   File "/home/focal/Desktop/2024_GroundStation/build/GroundStation/GroundStation/logical.py", line 86, in update_pos
1774271608.9159038 [logical-1]     self.pox.z = z
1774271608.9159856 [logical-1] AttributeError: 'UIController' object has no attribute 'pox'
1774271608.9352653 [logical-1] Traceback (most recent call last):
1774271608.9354720 [logical-1]   File "/home/focal/Desktop/2024_GroundStation/build/GroundStation/GroundStation/logical.py", line 86, in update_pos
1774271608.9355304 [logical-1]     self.pox.z = z
1774271608.9355781 [logical-1] AttributeError: 'UIController' object has no attribute 'pox'
1774271608.9558556 [logical-1] Traceback (most recent call last):
1774271608.9561300 [logical-1]   File "/home/focal/Desktop/2024_GroundStation/build/GroundStation/GroundStation/logical.py", line 86, in update_pos
1774271608.9562440 [logical-1]     self.pox.z = z
1774271608.9563222 [logical-1] AttributeError: 'UIController' object has no attribute 'pox'
1774271608.9780896 [logical-1] Traceback (most recent call last):
1774271608.9783523 [logical-1]   File "/home/focal/Desktop/2024_GroundStation/build/GroundStation/GroundStation/logical.py", line 86, in update_pos
1774271608.9784331 [logical-1]     self.pox.z = z
1774271608.9784801 [logical-1] AttributeError: 'UIController' object has no attribute 'pox'
1774271608.9961340 [logical-1] Traceback (most recent call last):
1774271608.9963548 [logical-1]   File "/home/focal/Desktop/2024_GroundStation/build/GroundStation/GroundStation/logical.py", line 86, in update_pos
1774271608.9964094 [logical-1]     self.pox.z = z
1774271608.9964588 [logical-1] AttributeError: 'UIController' object has no attribute 'pox'
1774271609.0183530 [logical-1] Traceback (most recent call last):
1774271609.0187588 [logical-1]   File "/home/focal/Desktop/2024_GroundStation/build/GroundStation/GroundStation/logical.py", line 86, in update_pos
1774271609.0188313 [logical-1]     self.pox.z = z
1774271609.0188777 [logical-1] AttributeError: 'UIController' object has no attribute 'pox'
1774271609.0371246 [logical-1] Traceback (most recent call last):
1774271609.0373971 [logical-1]   File "/home/focal/Desktop/2024_GroundStation/build/GroundStation/GroundStation/logical.py", line 86, in update_pos
1774271609.0374906 [logical-1]     self.pox.z = z
1774271609.0375471 [logical-1] AttributeError: 'UIController' object has no attribute 'pox'
1774271609.0558944 [logical-1] Traceback (most recent call last):
1774271609.0560918 [logical-1]   File "/home/focal/Desktop/2024_GroundStation/build/GroundStation/GroundStation/logical.py", line 86, in update_pos
1774271609.0561516 [logical-1]     self.pox.z = z
1774271609.0562353 [logical-1] AttributeError: 'UIController' object has no attribute 'pox'
1774271609.0765016 [logical-1] Traceback (most recent call last):
1774271609.0767603 [logical-1]   File "/home/focal/Desktop/2024_GroundStation/build/GroundStation/GroundStation/logical.py", line 86, in update_pos
1774271609.0768423 [logical-1]     self.pox.z = z
1774271609.0768938 [logical-1] AttributeError: 'UIController' object has no attribute 'pox'
1774271609.0969481 [logical-1] Traceback (most recent call last):
1774271609.0971589 [logical-1]   File "/home/focal/Desktop/2024_GroundStation/build/GroundStation/GroundStation/logical.py", line 86, in update_pos
1774271609.0972226 [logical-1]     self.pox.z = z
1774271609.0972695 [logical-1] AttributeError: 'UIController' object has no attribute 'pox'
1774271609.1154864 [logical-1] Traceback (most recent call last):
1774271609.1157360 [logical-1]   File "/home/focal/Desktop/2024_GroundStation/build/GroundStation/GroundStation/logical.py", line 86, in update_pos
1774271609.1158097 [logical-1]     self.pox.z = z
1774271609.1158593 [logical-1] AttributeError: 'UIController' object has no attribute 'pox'
1774271609.1362307 [logical-1] Traceback (most recent call last):
1774271609.1364570 [logical-1]   File "/home/focal/Desktop/2024_GroundStation/build/GroundStation/GroundStation/logical.py", line 86, in update_pos
1774271609.1365359 [logical-1]     self.pox.z = z
1774271609.1365800 [logical-1] AttributeError: 'UIController' object has no attribute 'pox'
1774271609.1562290 [logical-1] Traceback (most recent call last):
1774271609.1565840 [logical-1]   File "/home/focal/Desktop/2024_GroundStation/build/GroundStation/GroundStation/logical.py", line 86, in update_pos
1774271609.1566694 [logical-1]     self.pox.z = z
1774271609.1567152 [logical-1] AttributeError: 'UIController' object has no attribute 'pox'
1774271609.1749191 [logical-1] Traceback (most recent call last):
1774271609.1751170 [logical-1]   File "/home/focal/Desktop/2024_GroundStation/build/GroundStation/GroundStation/logical.py", line 86, in update_pos
1774271609.1751733 [logical-1]     self.pox.z = z
1774271609.1752174 [logical-1] AttributeError: 'UIController' object has no attribute 'pox'
1774271609.1951239 [logical-1] Traceback (most recent call last):
1774271609.1953993 [logical-1]   File "/home/focal/Desktop/2024_GroundStation/build/GroundStation/GroundStation/logical.py", line 86, in update_pos
1774271609.1954784 [logical-1]     self.pox.z = z
1774271609.1955273 [logical-1] AttributeError: 'UIController' object has no attribute 'pox'
1774271609.2152998 [logical-1] Traceback (most recent call last):
1774271609.2155664 [logical-1]   File "/home/focal/Desktop/2024_GroundStation/build/GroundStation/GroundStation/logical.py", line 86, in update_pos
1774271609.2156506 [logical-1]     self.pox.z = z
1774271609.2156987 [logical-1] AttributeError: 'UIController' object has no attribute 'pox'
1774271609.2365320 [logical-1] Traceback (most recent call last):
1774271609.2368286 [logical-1]   File "/home/focal/Desktop/2024_GroundStation/build/GroundStation/GroundStation/logical.py", line 86, in update_pos
1774271609.2369056 [logical-1]     self.pox.z = z
1774271609.2369492 [logical-1] AttributeError: 'UIController' object has no attribute 'pox'
1774271609.2562158 [logical-1] Traceback (most recent call last):
1774271609.2564619 [logical-1]   File "/home/focal/Desktop/2024_GroundStation/build/GroundStation/GroundStation/logical.py", line 86, in update_pos
1774271609.2565343 [logical-1]     self.pox.z = z
1774271609.2565796 [logical-1] AttributeError: 'UIController' object has no attribute 'pox'
1774271609.2762132 [logical-1] Traceback (most recent call last):
1774271609.2764518 [logical-1]   File "/home/focal/Desktop/2024_GroundStation/build/GroundStation/GroundStation/logical.py", line 86, in update_pos
1774271609.2765200 [logical-1]     self.pox.z = z
1774271609.2765670 [logical-1] AttributeError: 'UIController' object has no attribute 'pox'
1774271609.2954199 [logical-1] Traceback (most recent call last):
1774271609.2956438 [logical-1]   File "/home/focal/Desktop/2024_GroundStation/build/GroundStation/GroundStation/logical.py", line 86, in update_pos
1774271609.2957106 [logical-1]     self.pox.z = z
1774271609.2957559 [logical-1] AttributeError: 'UIController' object has no attribute 'pox'
1774271609.3178360 [logical-1] Traceback (most recent call last):
1774271609.3180633 [logical-1]   File "/home/focal/Desktop/2024_GroundStation/build/GroundStation/GroundStation/logical.py", line 86, in update_pos
1774271609.3181424 [logical-1]     self.pox.z = z
1774271609.3182161 [logical-1] AttributeError: 'UIController' object has no attribute 'pox'
1774271609.3248975 [logical-1] Traceback (most recent call last):
1774271609.3250995 [logical-1]   File "/home/focal/Desktop/2024_GroundStation/build/GroundStation/GroundStation/logical.py", line 48, in <lambda>
1774271609.3251519 [logical-1]     self.subdialog1.pushButton_forward.clicked.connect(lambda: self.ros_node.send_command(format('G',self.pos.x+20, self.pos.y, self.pos.z,'')))
1774271609.3251946 [logical-1] TypeError: format expected at most 2 arguments, got 5
1774271609.3356307 [logical-1] Traceback (most recent call last):
1774271609.3358424 [logical-1]   File "/home/focal/Desktop/2024_GroundStation/build/GroundStation/GroundStation/logical.py", line 86, in update_pos
1774271609.3358977 [logical-1]     self.pox.z = z
1774271609.3359404 [logical-1] AttributeError: 'UIController' object has no attribute 'pox'
1774271609.3554900 [logical-1] Traceback (most recent call last):
1774271609.3557317 [logical-1]   File "/home/focal/Desktop/2024_GroundStation/build/GroundStation/GroundStation/logical.py", line 86, in update_pos
1774271609.3557920 [logical-1]     self.pox.z = z
1774271609.3558388 [logical-1] AttributeError: 'UIController' object has no attribute 'pox'
1774271609.3764966 [logical-1] Traceback (most recent call last):
1774271609.3767464 [logical-1]   File "/home/focal/Desktop/2024_GroundStation/build/GroundStation/GroundStation/logical.py", line 86, in update_pos
1774271609.3768215 [logical-1]     self.pox.z = z
1774271609.3768668 [logical-1] AttributeError: 'UIController' object has no attribute 'pox'
1774271609.3969553 [logical-1] Traceback (most recent call last):
1774271609.3971930 [logical-1]   File "/home/focal/Desktop/2024_GroundStation/build/GroundStation/GroundStation/logical.py", line 86, in update_pos
1774271609.3972509 [logical-1]     self.pox.z = z
1774271609.3973050 [logical-1] AttributeError: 'UIController' object has no attribute 'pox'
1774271609.4157162 [logical-1] Traceback (most recent call last):
1774271609.4159837 [logical-1]   File "/home/focal/Desktop/2024_GroundStation/build/GroundStation/GroundStation/logical.py", line 86, in update_pos
1774271609.4160635 [logical-1]     self.pox.z = z
1774271609.4161139 [logical-1] AttributeError: 'UIController' object has no attribute 'pox'
1774271609.4363046 [logical-1] Traceback (most recent call last):
1774271609.4365044 [logical-1]   File "/home/focal/Desktop/2024_GroundStation/build/GroundStation/GroundStation/logical.py", line 86, in update_pos
1774271609.4365642 [logical-1]     self.pox.z = z
1774271609.4366055 [logical-1] AttributeError: 'UIController' object has no attribute 'pox'
1774271609.4555998 [logical-1] Traceback (most recent call last):
1774271609.4558649 [logical-1]   File "/home/focal/Desktop/2024_GroundStation/build/GroundStation/GroundStation/logical.py", line 86, in update_pos
1774271609.4559314 [logical-1]     self.pox.z = z
1774271609.4559772 [logical-1] AttributeError: 'UIController' object has no attribute 'pox'
1774271609.4763305 [logical-1] Traceback (most recent call last):
1774271609.4765458 [logical-1]   File "/home/focal/Desktop/2024_GroundStation/build/GroundStation/GroundStation/logical.py", line 86, in update_pos
1774271609.4766121 [logical-1]     self.pox.z = z
1774271609.4766603 [logical-1] AttributeError: 'UIController' object has no attribute 'pox'
1774271609.4960105 [logical-1] Traceback (most recent call last):
1774271609.4962573 [logical-1]   File "/home/focal/Desktop/2024_GroundStation/build/GroundStation/GroundStation/logical.py", line 86, in update_pos
1774271609.4963224 [logical-1]     self.pox.z = z
1774271609.4963744 [logical-1] AttributeError: 'UIController' object has no attribute 'pox'
1774271609.5157206 [logical-1] Traceback (most recent call last):
1774271609.5159936 [logical-1]   File "/home/focal/Desktop/2024_GroundStation/build/GroundStation/GroundStation/logical.py", line 86, in update_pos
1774271609.5160789 [logical-1]     self.pox.z = z
1774271609.5161297 [logical-1] AttributeError: 'UIController' object has no attribute 'pox'
1774271609.5365691 [logical-1] Traceback (most recent call last):
1774271609.5367904 [logical-1]   File "/home/focal/Desktop/2024_GroundStation/build/GroundStation/GroundStation/logical.py", line 86, in update_pos
1774271609.5368526 [logical-1]     self.pox.z = z
1774271609.5369048 [logical-1] AttributeError: 'UIController' object has no attribute 'pox'
1774271609.5577633 [logical-1] Traceback (most recent call last):
1774271609.5580122 [logical-1]   File "/home/focal/Desktop/2024_GroundStation/build/GroundStation/GroundStation/logical.py", line 86, in update_pos
1774271609.5580866 [logical-1]     self.pox.z = z
1774271609.5581374 [logical-1] AttributeError: 'UIController' object has no attribute 'pox'
1774271609.5763135 [logical-1] Traceback (most recent call last):
1774271609.5766189 [logical-1]   File "/home/focal/Desktop/2024_GroundStation/build/GroundStation/GroundStation/logical.py", line 86, in update_pos
1774271609.5767283 [logical-1]     self.pox.z = z
1774271609.5768001 [logical-1] AttributeError: 'UIController' object has no attribute 'pox'
1774271609.5962694 [logical-1] Traceback (most recent call last):
1774271609.5965161 [logical-1]   File "/home/focal/Desktop/2024_GroundStation/build/GroundStation/GroundStation/logical.py", line 86, in update_pos
1774271609.5965903 [logical-1]     self.pox.z = z
1774271609.5966423 [logical-1] AttributeError: 'UIController' object has no attribute 'pox'
1774271609.6159978 [logical-1] Traceback (most recent call last):
1774271609.6162066 [logical-1]   File "/home/focal/Desktop/2024_GroundStation/build/GroundStation/GroundStation/logical.py", line 86, in update_pos
1774271609.6162724 [logical-1]     self.pox.z = z
1774271609.6163230 [logical-1] AttributeError: 'UIController' object has no attribute 'pox'
1774271609.6357236 [logical-1] Traceback (most recent call last):
1774271609.6359305 [logical-1]   File "/home/focal/Desktop/2024_GroundStation/build/GroundStation/GroundStation/logical.py", line 86, in update_pos
1774271609.6359906 [logical-1]     self.pox.z = z
1774271609.6360383 [logical-1] AttributeError: 'UIController' object has no attribute 'pox'
1774271609.6557560 [logical-1] Traceback (most recent call last):
1774271609.6559567 [logical-1]   File "/home/focal/Desktop/2024_GroundStation/build/GroundStation/GroundStation/logical.py", line 86, in update_pos
1774271609.6560130 [logical-1]     self.pox.z = z
1774271609.6560631 [logical-1] AttributeError: 'UIController' object has no attribute 'pox'
1774271609.6762540 [logical-1] Traceback (most recent call last):
1774271609.6764736 [logical-1]   File "/home/focal/Desktop/2024_GroundStation/build/GroundStation/GroundStation/logical.py", line 86, in update_pos
1774271609.6765356 [logical-1]     self.pox.z = z
1774271609.6765854 [logical-1] AttributeError: 'UIController' object has no attribute 'pox'
1774271609.6961834 [logical-1] Traceback (most recent call last):
1774271609.6964157 [logical-1]   File "/home/focal/Desktop/2024_GroundStation/build/GroundStation/GroundStation/logical.py", line 86, in update_pos
1774271609.6964843 [logical-1]     self.pox.z = z
1774271609.6965425 [logical-1] AttributeError: 'UIController' object has no attribute 'pox'
1774271609.7158449 [logical-1] Traceback (most recent call last):
1774271609.7160659 [logical-1]   File "/home/focal/Desktop/2024_GroundStation/build/GroundStation/GroundStation/logical.py", line 86, in update_pos
1774271609.7161264 [logical-1]     self.pox.z = z
1774271609.7161736 [logical-1] AttributeError: 'UIController' object has no attribute 'pox'
1774271609.7369113 [logical-1] Traceback (most recent call last):
1774271609.7371879 [logical-1]   File "/home/focal/Desktop/2024_GroundStation/build/GroundStation/GroundStation/logical.py", line 86, in update_pos
1774271609.7372658 [logical-1]     self.pox.z = z
1774271609.7373223 [logical-1] AttributeError: 'UIController' object has no attribute 'pox'
1774271609.7567341 [logical-1] Traceback (most recent call last):
1774271609.7569337 [logical-1]   File "/home/focal/Desktop/2024_GroundStation/build/GroundStation/GroundStation/logical.py", line 86, in update_pos
1774271609.7569902 [logical-1]     self.pox.z = z
1774271609.7570355 [logical-1] AttributeError: 'UIController' object has no attribute 'pox'
1774271609.7770996 [logical-1] Traceback (most recent call last):
1774271609.7773991 [logical-1]   File "/home/focal/Desktop/2024_GroundStation/build/GroundStation/GroundStation/logical.py", line 86, in update_pos
1774271609.7776027 [logical-1]     self.pox.z = z
1774271609.7776849 [logical-1] AttributeError: 'UIController' object has no attribute 'pox'
1774271609.7963185 [logical-1] Traceback (most recent call last):
1774271609.7965593 [logical-1]   File "/home/focal/Desktop/2024_GroundStation/build/GroundStation/GroundStation/logical.py", line 86, in update_pos
1774271609.7966328 [logical-1]     self.pox.z = z
1774271609.7967253 [logical-1] AttributeError: 'UIController' object has no attribute 'pox'
1774271609.8154833 [logical-1] Traceback (most recent call last):
1774271609.8156807 [logical-1]   File "/home/focal/Desktop/2024_GroundStation/build/GroundStation/GroundStation/logical.py", line 86, in update_pos
1774271609.8157401 [logical-1]     self.pox.z = z
1774271609.8157878 [logical-1] AttributeError: 'UIController' object has no attribute 'pox'
1774271609.8358881 [logical-1] Traceback (most recent call last):
1774271609.8361404 [logical-1]   File "/home/focal/Desktop/2024_GroundStation/build/GroundStation/GroundStation/logical.py", line 86, in update_pos
1774271609.8362308 [logical-1]     self.pox.z = z
1774271609.8362944 [logical-1] AttributeError: 'UIController' object has no attribute 'pox'
1774271609.8562863 [logical-1] Traceback (most recent call last):
1774271609.8565438 [logical-1]   File "/home/focal/Desktop/2024_GroundStation/build/GroundStation/GroundStation/logical.py", line 86, in update_pos
1774271609.8567498 [logical-1]     self.pox.z = z
1774271609.8568282 [logical-1] AttributeError: 'UIController' object has no attribute 'pox'
1774271609.8761988 [logical-1] Traceback (most recent call last):
1774271609.8765340 [logical-1]   File "/home/focal/Desktop/2024_GroundStation/build/GroundStation/GroundStation/logical.py", line 86, in update_pos
1774271609.8766906 [logical-1]     self.pox.z = z
1774271609.8767955 [logical-1] AttributeError: 'UIController' object has no attribute 'pox'
1774271609.8957493 [logical-1] Traceback (most recent call last):
1774271609.8959589 [logical-1]   File "/home/focal/Desktop/2024_GroundStation/build/GroundStation/GroundStation/logical.py", line 86, in update_pos
1774271609.8960226 [logical-1]     self.pox.z = z
1774271609.8960700 [logical-1] AttributeError: 'UIController' object has no attribute 'pox'
1774271609.9148123 [logical-1] Traceback (most recent call last):
1774271609.9151099 [logical-1]   File "/home/focal/Desktop/2024_GroundStation/build/GroundStation/GroundStation/logical.py", line 86, in update_pos
1774271609.9152226 [logical-1]     self.pox.z = z
1774271609.9153161 [logical-1] AttributeError: 'UIController' object has no attribute 'pox'
1774271609.9358823 [logical-1] Traceback (most recent call last):
1774271609.9363360 [logical-1]   File "/home/focal/Desktop/2024_GroundStation/build/GroundStation/GroundStation/logical.py", line 86, in update_pos
1774271609.9364619 [logical-1]     self.pox.z = z
1774271609.9365335 [logical-1] AttributeError: 'UIController' object has no attribute 'pox'
1774271609.9552543 [logical-1] Traceback (most recent call last):
1774271609.9554806 [logical-1]   File "/home/focal/Desktop/2024_GroundStation/build/GroundStation/GroundStation/logical.py", line 86, in update_pos
1774271609.9555511 [logical-1]     self.pox.z = z
1774271609.9556110 [logical-1] AttributeError: 'UIController' object has no attribute 'pox'
1774271609.9754064 [logical-1] Traceback (most recent call last):
1774271609.9756143 [logical-1]   File "/home/focal/Desktop/2024_GroundStation/build/GroundStation/GroundStation/logical.py", line 86, in update_pos
1774271609.9756854 [logical-1]     self.pox.z = z
1774271609.9757378 [logical-1] AttributeError: 'UIController' object has no attribute 'pox'
1774271609.9969699 [logical-1] Traceback (most recent call last):
1774271609.9972494 [logical-1]   File "/home/focal/Desktop/2024_GroundStation/build/GroundStation/GroundStation/logical.py", line 86, in update_pos
1774271609.9973278 [logical-1]     self.pox.z = z
1774271609.9973903 [logical-1] AttributeError: 'UIController' object has no attribute 'pox'
1774271610.0166256 [logical-1] Traceback (most recent call last):
1774271610.0168777 [logical-1]   File "/home/focal/Desktop/2024_GroundStation/build/GroundStation/GroundStation/logical.py", line 86, in update_pos
1774271610.0169897 [logical-1]     self.pox.z = z
1774271610.0170832 [logical-1] AttributeError: 'UIController' object has no attribute 'pox'
1774271610.0357838 [logical-1] Traceback (most recent call last):
1774271610.0359905 [logical-1]   File "/home/focal/Desktop/2024_GroundStation/build/GroundStation/GroundStation/logical.py", line 86, in update_pos
1774271610.0360560 [logical-1]     self.pox.z = z
1774271610.0361075 [logical-1] AttributeError: 'UIController' object has no attribute 'pox'
1774271610.0552580 [logical-1] Traceback (most recent call last):
1774271610.0554788 [logical-1]   File "/home/focal/Desktop/2024_GroundStation/build/GroundStation/GroundStation/logical.py", line 86, in update_pos
1774271610.0555444 [logical-1]     self.pox.z = z
1774271610.0555949 [logical-1] AttributeError: 'UIController' object has no attribute 'pox'
1774271610.0755429 [logical-1] Traceback (most recent call last):
1774271610.0759084 [logical-1]   File "/home/focal/Desktop/2024_GroundStation/build/GroundStation/GroundStation/logical.py", line 86, in update_pos
1774271610.0760477 [logical-1]     self.pox.z = z
1774271610.0763164 [logical-1] AttributeError: 'UIController' object has no attribute 'pox'
1774271610.0958791 [logical-1] Traceback (most recent call last):
1774271610.0961282 [logical-1]   File "/home/focal/Desktop/2024_GroundStation/build/GroundStation/GroundStation/logical.py", line 86, in update_pos
1774271610.0962360 [logical-1]     self.pox.z = z
1774271610.0962942 [logical-1] AttributeError: 'UIController' object has no attribute 'pox'
1774271610.1146526 [logical-1] Traceback (most recent call last):
1774271610.1148446 [logical-1]   File "/home/focal/Desktop/2024_GroundStation/build/GroundStation/GroundStation/logical.py", line 86, in update_pos
1774271610.1149042 [logical-1]     self.pox.z = z
1774271610.1149518 [logical-1] AttributeError: 'UIController' object has no attribute 'pox'
1774271610.1352267 [logical-1] Traceback (most recent call last):
1774271610.1354873 [logical-1]   File "/home/focal/Desktop/2024_GroundStation/build/GroundStation/GroundStation/logical.py", line 86, in update_pos
1774271610.1355712 [logical-1]     self.pox.z = z
1774271610.1356242 [logical-1] AttributeError: 'UIController' object has no attribute 'pox'
1774271610.1560104 [logical-1] Traceback (most recent call last):
1774271610.1562140 [logical-1]   File "/home/focal/Desktop/2024_GroundStation/build/GroundStation/GroundStation/logical.py", line 86, in update_pos
1774271610.1562729 [logical-1]     self.pox.z = z
1774271610.1563194 [logical-1] AttributeError: 'UIController' object has no attribute 'pox'
1774271610.1769731 [logical-1] Traceback (most recent call last):
1774271610.1771672 [logical-1]   File "/home/focal/Desktop/2024_GroundStation/build/GroundStation/GroundStation/logical.py", line 86, in update_pos
1774271610.1772282 [logical-1]     self.pox.z = z
1774271610.1772747 [logical-1] AttributeError: 'UIController' object has no attribute 'pox'
1774271610.1958930 [logical-1] Traceback (most recent call last):
1774271610.1960909 [logical-1]   File "/home/focal/Desktop/2024_GroundStation/build/GroundStation/GroundStation/logical.py", line 86, in update_pos
1774271610.1961491 [logical-1]     self.pox.z = z
1774271610.1961958 [logical-1] AttributeError: 'UIController' object has no attribute 'pox'
1774271610.2166705 [logical-1] Traceback (most recent call last):
1774271610.2169116 [logical-1]   File "/home/focal/Desktop/2024_GroundStation/build/GroundStation/GroundStation/logical.py", line 86, in update_pos
1774271610.2169802 [logical-1]     self.pox.z = z
1774271610.2170277 [logical-1] AttributeError: 'UIController' object has no attribute 'pox'
1774271610.2351902 [logical-1] Traceback (most recent call last):
1774271610.2353835 [logical-1]   File "/home/focal/Desktop/2024_GroundStation/build/GroundStation/GroundStation/logical.py", line 86, in update_pos
1774271610.2354376 [logical-1]     self.pox.z = z
1774271610.2354801 [logical-1] AttributeError: 'UIController' object has no attribute 'pox'
1774271610.2563968 [logical-1] Traceback (most recent call last):
1774271610.2566190 [logical-1]   File "/home/focal/Desktop/2024_GroundStation/build/GroundStation/GroundStation/logical.py", line 86, in update_pos
1774271610.2566748 [logical-1]     self.pox.z = z
1774271610.2567191 [logical-1] AttributeError: 'UIController' object has no attribute 'pox'
1774271610.2766256 [logical-1] Traceback (most recent call last):
1774271610.2768166 [logical-1]   File "/home/focal/Desktop/2024_GroundStation/build/GroundStation/GroundStation/logical.py", line 86, in update_pos
1774271610.2768741 [logical-1]     self.pox.z = z
1774271610.2769191 [logical-1] AttributeError: 'UIController' object has no attribute 'pox'
1774271610.2969584 [logical-1] Traceback (most recent call last):
1774271610.2971609 [logical-1]   File "/home/focal/Desktop/2024_GroundStation/build/GroundStation/GroundStation/logical.py", line 86, in update_pos
1774271610.2972176 [logical-1]     self.pox.z = z
1774271610.2972627 [logical-1] AttributeError: 'UIController' object has no attribute 'pox'
1774271610.3152039 [logical-1] Traceback (most recent call last):
1774271610.3154325 [logical-1]   File "/home/focal/Desktop/2024_GroundStation/build/GroundStation/GroundStation/logical.py", line 86, in update_pos
1774271610.3155019 [logical-1]     self.pox.z = z
1774271610.3155477 [logical-1] AttributeError: 'UIController' object has no attribute 'pox'
1774271610.3364973 [logical-1] Traceback (most recent call last):
1774271610.3367324 [logical-1]   File "/home/focal/Desktop/2024_GroundStation/build/GroundStation/GroundStation/logical.py", line 86, in update_pos
1774271610.3368294 [logical-1]     self.pox.z = z
1774271610.3369021 [logical-1] AttributeError: 'UIController' object has no attribute 'pox'
1774271610.3563535 [logical-1] Traceback (most recent call last):
1774271610.3565636 [logical-1]   File "/home/focal/Desktop/2024_GroundStation/build/GroundStation/GroundStation/logical.py", line 86, in update_pos
1774271610.3566260 [logical-1]     self.pox.z = z
1774271610.3566687 [logical-1] AttributeError: 'UIController' object has no attribute 'pox'
1774271610.3767908 [logical-1] Traceback (most recent call last):
1774271610.3769975 [logical-1]   File "/home/focal/Desktop/2024_GroundStation/build/GroundStation/GroundStation/logical.py", line 86, in update_pos
1774271610.3770549 [logical-1]     self.pox.z = z
1774271610.3771083 [logical-1] AttributeError: 'UIController' object has no attribute 'pox'
1774271610.3957806 [logical-1] Traceback (most recent call last):
1774271610.3959954 [logical-1]   File "/home/focal/Desktop/2024_GroundStation/build/GroundStation/GroundStation/logical.py", line 86, in update_pos
1774271610.3960550 [logical-1]     self.pox.z = z
1774271610.3961031 [logical-1] AttributeError: 'UIController' object has no attribute 'pox'
1774271610.4170792 [logical-1] Traceback (most recent call last):
1774271610.4172966 [logical-1]   File "/home/focal/Desktop/2024_GroundStation/build/GroundStation/GroundStation/logical.py", line 86, in update_pos
1774271610.4173617 [logical-1]     self.pox.z = z
1774271610.4174533 [logical-1] AttributeError: 'UIController' object has no attribute 'pox'
1774271610.4355161 [logical-1] Traceback (most recent call last):
1774271610.4359105 [logical-1]   File "/home/focal/Desktop/2024_GroundStation/build/GroundStation/GroundStation/logical.py", line 86, in update_pos
1774271610.4360125 [logical-1]     self.pox.z = z
1774271610.4360952 [logical-1] AttributeError: 'UIController' object has no attribute 'pox'
1774271610.4581392 [logical-1] Traceback (most recent call last):
1774271610.4584229 [logical-1]   File "/home/focal/Desktop/2024_GroundStation/build/GroundStation/GroundStation/logical.py", line 86, in update_pos
1774271610.4585307 [logical-1]     self.pox.z = z
1774271610.4586084 [logical-1] AttributeError: 'UIController' object has no attribute 'pox'
1774271610.4746606 [logical-1] Traceback (most recent call last):
1774271610.4749861 [logical-1]   File "/home/focal/Desktop/2024_GroundStation/build/GroundStation/GroundStation/logical.py", line 86, in update_pos
1774271610.4750702 [logical-1]     self.pox.z = z
1774271610.4751236 [logical-1] AttributeError: 'UIController' object has no attribute 'pox'
1774271610.4960377 [logical-1] Traceback (most recent call last):
1774271610.4962306 [logical-1]   File "/home/focal/Desktop/2024_GroundStation/build/GroundStation/GroundStation/logical.py", line 86, in update_pos
1774271610.4962859 [logical-1]     self.pox.z = z
1774271610.4963329 [logical-1] AttributeError: 'UIController' object has no attribute 'pox'
1774271610.5157998 [logical-1] Traceback (most recent call last):
1774271610.5160029 [logical-1]   File "/home/focal/Desktop/2024_GroundStation/build/GroundStation/GroundStation/logical.py", line 86, in update_pos
1774271610.5160615 [logical-1]     self.pox.z = z
1774271610.5161092 [logical-1] AttributeError: 'UIController' object has no attribute 'pox'
1774271610.5240989 [logical-1] Traceback (most recent call last):
1774271610.5243690 [logical-1]   File "/home/focal/Desktop/2024_GroundStation/build/GroundStation/GroundStation/logical.py", line 49, in <lambda>
1774271610.5244360 [logical-1]     self.subdialog1.pushButton_back.clicked.connect(lambda: self.ros_node.send_command(format('G',self.pos.x-20, self.pos.y, self.pos.z,'')))
1774271610.5244853 [logical-1] TypeError: format expected at most 2 arguments, got 5
1774271610.5359831 [logical-1] Traceback (most recent call last):
1774271610.5362153 [logical-1]   File "/home/focal/Desktop/2024_GroundStation/build/GroundStation/GroundStation/logical.py", line 86, in update_pos
1774271610.5362959 [logical-1]     self.pox.z = z
1774271610.5363479 [logical-1] AttributeError: 'UIController' object has no attribute 'pox'
1774271610.5564985 [logical-1] Traceback (most recent call last):
1774271610.5567284 [logical-1]   File "/home/focal/Desktop/2024_GroundStation/build/GroundStation/GroundStation/logical.py", line 86, in update_pos
1774271610.5567992 [logical-1]     self.pox.z = z
1774271610.5568469 [logical-1] AttributeError: 'UIController' object has no attribute 'pox'
1774271610.5760903 [logical-1] Traceback (most recent call last):
1774271610.5763419 [logical-1]   File "/home/focal/Desktop/2024_GroundStation/build/GroundStation/GroundStation/logical.py", line 86, in update_pos
1774271610.5764196 [logical-1]     self.pox.z = z
1774271610.5764728 [logical-1] AttributeError: 'UIController' object has no attribute 'pox'
1774271610.5945649 [logical-1] Traceback (most recent call last):
1774271610.5948231 [logical-1]   File "/home/focal/Desktop/2024_GroundStation/build/GroundStation/GroundStation/logical.py", line 86, in update_pos
1774271610.5948989 [logical-1]     self.pox.z = z
1774271610.5949504 [logical-1] AttributeError: 'UIController' object has no attribute 'pox'
1774271610.6161618 [logical-1] Traceback (most recent call last):
1774271610.6164043 [logical-1]   File "/home/focal/Desktop/2024_GroundStation/build/GroundStation/GroundStation/logical.py", line 86, in update_pos
1774271610.6164777 [logical-1]     self.pox.z = z
1774271610.6165276 [logical-1] AttributeError: 'UIController' object has no attribute 'pox'
1774271610.6358898 [logical-1] Traceback (most recent call last):
1774271610.6361959 [logical-1]   File "/home/focal/Desktop/2024_GroundStation/build/GroundStation/GroundStation/logical.py", line 86, in update_pos
1774271610.6363645 [logical-1]     self.pox.z = z
1774271610.6365042 [logical-1] AttributeError: 'UIController' object has no attribute 'pox'
1774271610.6567311 [logical-1] Traceback (most recent call last):
1774271610.6570406 [logical-1]   File "/home/focal/Desktop/2024_GroundStation/build/GroundStation/GroundStation/logical.py", line 86, in update_pos
1774271610.6573005 [logical-1]     self.pox.z = z
1774271610.6573684 [logical-1] AttributeError: 'UIController' object has no attribute 'pox'
1774271610.6765747 [logical-1] Traceback (most recent call last):
1774271610.6767843 [logical-1]   File "/home/focal/Desktop/2024_GroundStation/build/GroundStation/GroundStation/logical.py", line 86, in update_pos
1774271610.6768615 [logical-1]     self.pox.z = z
1774271610.6769176 [logical-1] AttributeError: 'UIController' object has no attribute 'pox'
1774271610.6960297 [logical-1] Traceback (most recent call last):
1774271610.6963270 [logical-1]   File "/home/focal/Desktop/2024_GroundStation/build/GroundStation/GroundStation/logical.py", line 86, in update_pos
1774271610.6964245 [logical-1]     self.pox.z = z
1774271610.6964993 [logical-1] AttributeError: 'UIController' object has no attribute 'pox'
1774271610.7158635 [logical-1] Traceback (most recent call last):
1774271610.7160592 [logical-1]   File "/home/focal/Desktop/2024_GroundStation/build/GroundStation/GroundStation/logical.py", line 86, in update_pos
1774271610.7161214 [logical-1]     self.pox.z = z
1774271610.7161720 [logical-1] AttributeError: 'UIController' object has no attribute 'pox'
1774271610.7359586 [logical-1] Traceback (most recent call last):
1774271610.7361875 [logical-1]   File "/home/focal/Desktop/2024_GroundStation/build/GroundStation/GroundStation/logical.py", line 86, in update_pos
1774271610.7362559 [logical-1]     self.pox.z = z
1774271610.7363102 [logical-1] AttributeError: 'UIController' object has no attribute 'pox'
1774271610.7560523 [logical-1] Traceback (most recent call last):
1774271610.7562513 [logical-1]   File "/home/focal/Desktop/2024_GroundStation/build/GroundStation/GroundStation/logical.py", line 86, in update_pos
1774271610.7563105 [logical-1]     self.pox.z = z
1774271610.7563581 [logical-1] AttributeError: 'UIController' object has no attribute 'pox'
1774271610.7751634 [logical-1] Traceback (most recent call last):
1774271610.7755327 [logical-1]   File "/home/focal/Desktop/2024_GroundStation/build/GroundStation/GroundStation/logical.py", line 86, in update_pos
1774271610.7756488 [logical-1]     self.pox.z = z
1774271610.7757101 [logical-1] AttributeError: 'UIController' object has no attribute 'pox'
1774271610.7961345 [logical-1] Traceback (most recent call last):
1774271610.7963858 [logical-1]   File "/home/focal/Desktop/2024_GroundStation/build/GroundStation/GroundStation/logical.py", line 86, in update_pos
1774271610.7964575 [logical-1]     self.pox.z = z
1774271610.7965097 [logical-1] AttributeError: 'UIController' object has no attribute 'pox'
1774271610.8156586 [logical-1] Traceback (most recent call last):
1774271610.8158586 [logical-1]   File "/home/focal/Desktop/2024_GroundStation/build/GroundStation/GroundStation/logical.py", line 86, in update_pos
1774271610.8159158 [logical-1]     self.pox.z = z
1774271610.8159630 [logical-1] AttributeError: 'UIController' object has no attribute 'pox'
1774271610.8362350 [logical-1] Traceback (most recent call last):
1774271610.8366663 [logical-1]   File "/home/focal/Desktop/2024_GroundStation/build/GroundStation/GroundStation/logical.py", line 86, in update_pos
1774271610.8367784 [logical-1]     self.pox.z = z
1774271610.8368361 [logical-1] AttributeError: 'UIController' object has no attribute 'pox'
1774271610.8573952 [logical-1] Traceback (most recent call last):
1774271610.8576128 [logical-1]   File "/home/focal/Desktop/2024_GroundStation/build/GroundStation/GroundStation/logical.py", line 86, in update_pos
1774271610.8576770 [logical-1]     self.pox.z = z
1774271610.8577244 [logical-1] AttributeError: 'UIController' object has no attribute 'pox'
1774271610.8750398 [logical-1] Traceback (most recent call last):
1774271610.8752246 [logical-1]   File "/home/focal/Desktop/2024_GroundStation/build/GroundStation/GroundStation/logical.py", line 86, in update_pos
1774271610.8752799 [logical-1]     self.pox.z = z
1774271610.8753254 [logical-1] AttributeError: 'UIController' object has no attribute 'pox'
1774271610.8977334 [logical-1] Traceback (most recent call last):
1774271610.8979847 [logical-1]   File "/home/focal/Desktop/2024_GroundStation/build/GroundStation/GroundStation/logical.py", line 86, in update_pos
1774271610.8980508 [logical-1]     self.pox.z = z
1774271610.8981009 [logical-1] AttributeError: 'UIController' object has no attribute 'pox'
1774271610.9179077 [logical-1] Traceback (most recent call last):
1774271610.9181533 [logical-1]   File "/home/focal/Desktop/2024_GroundStation/build/GroundStation/GroundStation/logical.py", line 86, in update_pos
1774271610.9182181 [logical-1]     self.pox.z = z
1774271610.9182866 [logical-1] AttributeError: 'UIController' object has no attribute 'pox'
1774271610.9349778 [logical-1] Traceback (most recent call last):
1774271610.9352374 [logical-1]   File "/home/focal/Desktop/2024_GroundStation/build/GroundStation/GroundStation/logical.py", line 86, in update_pos
1774271610.9353285 [logical-1]     self.pox.z = z
1774271610.9353843 [logical-1] AttributeError: 'UIController' object has no attribute 'pox'
1774271610.9561465 [logical-1] Traceback (most recent call last):
1774271610.9564159 [logical-1]   File "/home/focal/Desktop/2024_GroundStation/build/GroundStation/GroundStation/logical.py", line 86, in update_pos
1774271610.9564824 [logical-1]     self.pox.z = z
1774271610.9565325 [logical-1] AttributeError: 'UIController' object has no attribute 'pox'
1774271610.9745932 [logical-1] Traceback (most recent call last):
1774271610.9748378 [logical-1]   File "/home/focal/Desktop/2024_GroundStation/build/GroundStation/GroundStation/logical.py", line 86, in update_pos
1774271610.9748995 [logical-1]     self.pox.z = z
1774271610.9749477 [logical-1] AttributeError: 'UIController' object has no attribute 'pox'
1774271610.9969785 [logical-1] Traceback (most recent call last):
1774271610.9972260 [logical-1]   File "/home/focal/Desktop/2024_GroundStation/build/GroundStation/GroundStation/logical.py", line 86, in update_pos
1774271610.9973090 [logical-1]     self.pox.z = z
1774271610.9973595 [logical-1] AttributeError: 'UIController' object has no attribute 'pox'
1774271611.0142369 [logical-1] Traceback (most recent call last):
1774271611.0145431 [logical-1]   File "/home/focal/Desktop/2024_GroundStation/build/GroundStation/GroundStation/logical.py", line 50, in <lambda>
1774271611.0147111 [logical-1]     self.subdialog1.pushButton_left.clicked.connect(lambda: self.ros_node.send_command(format('G',self.pos.x, self.pos.y+20, self.pos.z,'')))
1774271611.0147660 [logical-1] TypeError: format expected at most 2 arguments, got 5
1774271611.0161748 [logical-1] Traceback (most recent call last):
1774271611.0163207 [logical-1]   File "/home/focal/Desktop/2024_GroundStation/build/GroundStation/GroundStation/logical.py", line 86, in update_pos
1774271611.0163808 [logical-1]     self.pox.z = z
1774271611.0164299 [logical-1] AttributeError: 'UIController' object has no attribute 'pox'
1774271611.0359471 [logical-1] Traceback (most recent call last):
1774271611.0361505 [logical-1]   File "/home/focal/Desktop/2024_GroundStation/build/GroundStation/GroundStation/logical.py", line 86, in update_pos
1774271611.0362735 [logical-1]     self.pox.z = z
1774271611.0363328 [logical-1] AttributeError: 'UIController' object has no attribute 'pox'
1774271611.0554161 [logical-1] Traceback (most recent call last):
1774271611.0557334 [logical-1]   File "/home/focal/Desktop/2024_GroundStation/build/GroundStation/GroundStation/logical.py", line 86, in update_pos
1774271611.0558150 [logical-1]     self.pox.z = z
1774271611.0558734 [logical-1] AttributeError: 'UIController' object has no attribute 'pox'
1774271611.0754166 [logical-1] Traceback (most recent call last):
1774271611.0756190 [logical-1]   File "/home/focal/Desktop/2024_GroundStation/build/GroundStation/GroundStation/logical.py", line 86, in update_pos
1774271611.0756836 [logical-1]     self.pox.z = z
1774271611.0757344 [logical-1] AttributeError: 'UIController' object has no attribute 'pox'
1774271611.0966158 [logical-1] Traceback (most recent call last):
1774271611.0968487 [logical-1]   File "/home/focal/Desktop/2024_GroundStation/build/GroundStation/GroundStation/logical.py", line 86, in update_pos
1774271611.0969124 [logical-1]     self.pox.z = z
1774271611.0969629 [logical-1] AttributeError: 'UIController' object has no attribute 'pox'
1774271611.1151631 [logical-1] Traceback (most recent call last):
1774271611.1155102 [logical-1]   File "/home/focal/Desktop/2024_GroundStation/build/GroundStation/GroundStation/logical.py", line 86, in update_pos
1774271611.1155987 [logical-1]     self.pox.z = z
1774271611.1156564 [logical-1] AttributeError: 'UIController' object has no attribute 'pox'
1774271611.1357882 [logical-1] Traceback (most recent call last):
1774271611.1360350 [logical-1]   File "/home/focal/Desktop/2024_GroundStation/build/GroundStation/GroundStation/logical.py", line 86, in update_pos
1774271611.1361067 [logical-1]     self.pox.z = z
1774271611.1361606 [logical-1] AttributeError: 'UIController' object has no attribute 'pox'
1774271611.1550236 [logical-1] Traceback (most recent call last):
1774271611.1552589 [logical-1]   File "/home/focal/Desktop/2024_GroundStation/build/GroundStation/GroundStation/logical.py", line 86, in update_pos
1774271611.1553223 [logical-1]     self.pox.z = z
1774271611.1553802 [logical-1] AttributeError: 'UIController' object has no attribute 'pox'
1774271611.1745269 [logical-1] Traceback (most recent call last):
1774271611.1747272 [logical-1]   File "/home/focal/Desktop/2024_GroundStation/build/GroundStation/GroundStation/logical.py", line 86, in update_pos
1774271611.1747930 [logical-1]     self.pox.z = z
1774271611.1748431 [logical-1] AttributeError: 'UIController' object has no attribute 'pox'
1774271611.1971512 [logical-1] Traceback (most recent call last):
1774271611.1974032 [logical-1]   File "/home/focal/Desktop/2024_GroundStation/build/GroundStation/GroundStation/logical.py", line 86, in update_pos
1774271611.1974967 [logical-1]     self.pox.z = z
1774271611.1975570 [logical-1] AttributeError: 'UIController' object has no attribute 'pox'
1774271611.2186999 [logical-1] Traceback (most recent call last):
1774271611.2188988 [logical-1]   File "/home/focal/Desktop/2024_GroundStation/build/GroundStation/GroundStation/logical.py", line 86, in update_pos
1774271611.2189548 [logical-1]     self.pox.z = z
1774271611.2190013 [logical-1] AttributeError: 'UIController' object has no attribute 'pox'
1774271611.2359986 [logical-1] Traceback (most recent call last):
1774271611.2361946 [logical-1]   File "/home/focal/Desktop/2024_GroundStation/build/GroundStation/GroundStation/logical.py", line 86, in update_pos
1774271611.2362559 [logical-1]     self.pox.z = z
1774271611.2363021 [logical-1] AttributeError: 'UIController' object has no attribute 'pox'
1774271611.2559464 [logical-1] Traceback (most recent call last):
1774271611.2561915 [logical-1]   File "/home/focal/Desktop/2024_GroundStation/build/GroundStation/GroundStation/logical.py", line 86, in update_pos
1774271611.2562652 [logical-1]     self.pox.z = z
1774271611.2563150 [logical-1] AttributeError: 'UIController' object has no attribute 'pox'
1774271611.2754219 [logical-1] Traceback (most recent call last):
1774271611.2757745 [logical-1]   File "/home/focal/Desktop/2024_GroundStation/build/GroundStation/GroundStation/logical.py", line 86, in update_pos
1774271611.2758582 [logical-1]     self.pox.z = z
1774271611.2759097 [logical-1] AttributeError: 'UIController' object has no attribute 'pox'
1774271611.2956014 [logical-1] Traceback (most recent call last):
1774271611.2958138 [logical-1]   File "/home/focal/Desktop/2024_GroundStation/build/GroundStation/GroundStation/logical.py", line 86, in update_pos
1774271611.2958708 [logical-1]     self.pox.z = z
1774271611.2959242 [logical-1] AttributeError: 'UIController' object has no attribute 'pox'
1774271611.3148022 [logical-1] Traceback (most recent call last):
1774271611.3150833 [logical-1]   File "/home/focal/Desktop/2024_GroundStation/build/GroundStation/GroundStation/logical.py", line 86, in update_pos
1774271611.3151529 [logical-1]     self.pox.z = z
1774271611.3152063 [logical-1] AttributeError: 'UIController' object has no attribute 'pox'
1774271611.3376064 [logical-1] Traceback (most recent call last):
1774271611.3378735 [logical-1]   File "/home/focal/Desktop/2024_GroundStation/build/GroundStation/GroundStation/logical.py", line 86, in update_pos
1774271611.3379500 [logical-1]     self.pox.z = z
1774271611.3379977 [logical-1] AttributeError: 'UIController' object has no attribute 'pox'
1774271611.3563924 [logical-1] Traceback (most recent call last):
1774271611.3566234 [logical-1]   File "/home/focal/Desktop/2024_GroundStation/build/GroundStation/GroundStation/logical.py", line 86, in update_pos
1774271611.3567078 [logical-1]     self.pox.z = z
1774271611.3567560 [logical-1] AttributeError: 'UIController' object has no attribute 'pox'
1774271611.3758414 [logical-1] Traceback (most recent call last):
1774271611.3760486 [logical-1]   File "/home/focal/Desktop/2024_GroundStation/build/GroundStation/GroundStation/logical.py", line 86, in update_pos
1774271611.3761125 [logical-1]     self.pox.z = z
1774271611.3761592 [logical-1] AttributeError: 'UIController' object has no attribute 'pox'
1774271611.3963377 [logical-1] Traceback (most recent call last):
1774271611.3965495 [logical-1]   File "/home/focal/Desktop/2024_GroundStation/build/GroundStation/GroundStation/logical.py", line 86, in update_pos
1774271611.3966057 [logical-1]     self.pox.z = z
1774271611.3966513 [logical-1] AttributeError: 'UIController' object has no attribute 'pox'
1774271611.4156959 [logical-1] Traceback (most recent call last):
1774271611.4159172 [logical-1]   File "/home/focal/Desktop/2024_GroundStation/build/GroundStation/GroundStation/logical.py", line 86, in update_pos
1774271611.4159806 [logical-1]     self.pox.z = z
1774271611.4160333 [logical-1] AttributeError: 'UIController' object has no attribute 'pox'
1774271611.4369464 [logical-1] Traceback (most recent call last):
1774271611.4372349 [logical-1]   File "/home/focal/Desktop/2024_GroundStation/build/GroundStation/GroundStation/logical.py", line 86, in update_pos
1774271611.4373159 [logical-1]     self.pox.z = z
1774271611.4373658 [logical-1] AttributeError: 'UIController' object has no attribute 'pox'
1774271611.4559445 [logical-1] Traceback (most recent call last):
1774271611.4561372 [logical-1]   File "/home/focal/Desktop/2024_GroundStation/build/GroundStation/GroundStation/logical.py", line 86, in update_pos
1774271611.4561982 [logical-1]     self.pox.z = z
1774271611.4562848 [logical-1] AttributeError: 'UIController' object has no attribute 'pox'
1774271611.4751589 [logical-1] Traceback (most recent call last):
1774271611.4753470 [logical-1]   File "/home/focal/Desktop/2024_GroundStation/build/GroundStation/GroundStation/logical.py", line 86, in update_pos
1774271611.4754100 [logical-1]     self.pox.z = z
1774271611.4754565 [logical-1] AttributeError: 'UIController' object has no attribute 'pox'
1774271611.4957430 [logical-1] Traceback (most recent call last):
1774271611.4959753 [logical-1]   File "/home/focal/Desktop/2024_GroundStation/build/GroundStation/GroundStation/logical.py", line 51, in <lambda>
1774271611.4960401 [logical-1]     self.subdialog1.pushButton_right.clicked.connect(lambda: self.ros_node.send_command(format('G',self.pos.x, self.pos.y-20, self.pos.z,'')))
1774271611.4960911 [logical-1] TypeError: format expected at most 2 arguments, got 5
1774271611.4975388 [logical-1] Traceback (most recent call last):
1774271611.4976842 [logical-1]   File "/home/focal/Desktop/2024_GroundStation/build/GroundStation/GroundStation/logical.py", line 86, in update_pos
1774271611.4977386 [logical-1]     self.pox.z = z
1774271611.4977860 [logical-1] AttributeError: 'UIController' object has no attribute 'pox'
1774271611.5150654 [logical-1] Traceback (most recent call last):
1774271611.5153029 [logical-1]   File "/home/focal/Desktop/2024_GroundStation/build/GroundStation/GroundStation/logical.py", line 86, in update_pos
1774271611.5153720 [logical-1]     self.pox.z = z
1774271611.5154216 [logical-1] AttributeError: 'UIController' object has no attribute 'pox'
1774271611.5357375 [logical-1] Traceback (most recent call last):
1774271611.5359423 [logical-1]   File "/home/focal/Desktop/2024_GroundStation/build/GroundStation/GroundStation/logical.py", line 86, in update_pos
1774271611.5360031 [logical-1]     self.pox.z = z
1774271611.5360513 [logical-1] AttributeError: 'UIController' object has no attribute 'pox'
1774271611.5559545 [logical-1] Traceback (most recent call last):
1774271611.5561526 [logical-1]   File "/home/focal/Desktop/2024_GroundStation/build/GroundStation/GroundStation/logical.py", line 86, in update_pos
1774271611.5562224 [logical-1]     self.pox.z = z
1774271611.5562751 [logical-1] AttributeError: 'UIController' object has no attribute 'pox'
1774271611.5771017 [logical-1] Traceback (most recent call last):
1774271611.5773323 [logical-1]   File "/home/focal/Desktop/2024_GroundStation/build/GroundStation/GroundStation/logical.py", line 86, in update_pos
1774271611.5773981 [logical-1]     self.pox.z = z
1774271611.5774508 [logical-1] AttributeError: 'UIController' object has no attribute 'pox'
1774271611.5964684 [logical-1] Traceback (most recent call last):
1774271611.5966995 [logical-1]   File "/home/focal/Desktop/2024_GroundStation/build/GroundStation/GroundStation/logical.py", line 86, in update_pos
1774271611.5967739 [logical-1]     self.pox.z = z
1774271611.5968292 [logical-1] AttributeError: 'UIController' object has no attribute 'pox'
1774271611.6145327 [logical-1] Traceback (most recent call last):
1774271611.6147735 [logical-1]   File "/home/focal/Desktop/2024_GroundStation/build/GroundStation/GroundStation/logical.py", line 86, in update_pos
1774271611.6148503 [logical-1]     self.pox.z = z
1774271611.6149056 [logical-1] AttributeError: 'UIController' object has no attribute 'pox'
1774271611.6349623 [logical-1] Traceback (most recent call last):
1774271611.6352062 [logical-1]   File "/home/focal/Desktop/2024_GroundStation/build/GroundStation/GroundStation/logical.py", line 86, in update_pos
1774271611.6352868 [logical-1]     self.pox.z = z
1774271611.6353414 [logical-1] AttributeError: 'UIController' object has no attribute 'pox'
1774271611.6558795 [logical-1] Traceback (most recent call last):
1774271611.6561341 [logical-1]   File "/home/focal/Desktop/2024_GroundStation/build/GroundStation/GroundStation/logical.py", line 86, in update_pos
1774271611.6561966 [logical-1]     self.pox.z = z
1774271611.6562479 [logical-1] AttributeError: 'UIController' object has no attribute 'pox'
1774271611.6759102 [logical-1] Traceback (most recent call last):
1774271611.6761794 [logical-1]   File "/home/focal/Desktop/2024_GroundStation/build/GroundStation/GroundStation/logical.py", line 86, in update_pos
1774271611.6762807 [logical-1]     self.pox.z = z
1774271611.6763647 [logical-1] AttributeError: 'UIController' object has no attribute 'pox'
1774271611.6954253 [logical-1] Traceback (most recent call last):
1774271611.6956294 [logical-1]   File "/home/focal/Desktop/2024_GroundStation/build/GroundStation/GroundStation/logical.py", line 86, in update_pos
1774271611.6957057 [logical-1]     self.pox.z = z
1774271611.6957543 [logical-1] AttributeError: 'UIController' object has no attribute 'pox'
1774271611.7152271 [logical-1] Traceback (most recent call last):
1774271611.7154438 [logical-1]   File "/home/focal/Desktop/2024_GroundStation/build/GroundStation/GroundStation/logical.py", line 86, in update_pos
1774271611.7155025 [logical-1]     self.pox.z = z
1774271611.7155499 [logical-1] AttributeError: 'UIController' object has no attribute 'pox'
1774271611.7356930 [logical-1] Traceback (most recent call last):
1774271611.7359524 [logical-1]   File "/home/focal/Desktop/2024_GroundStation/build/GroundStation/GroundStation/logical.py", line 86, in update_pos
1774271611.7360249 [logical-1]     self.pox.z = z
1774271611.7360754 [logical-1] AttributeError: 'UIController' object has no attribute 'pox'
1774271611.7550910 [logical-1] Traceback (most recent call last):
1774271611.7552831 [logical-1]   File "/home/focal/Desktop/2024_GroundStation/build/GroundStation/GroundStation/logical.py", line 86, in update_pos
1774271611.7553377 [logical-1]     self.pox.z = z
1774271611.7553835 [logical-1] AttributeError: 'UIController' object has no attribute 'pox'
1774271611.7756417 [logical-1] Traceback (most recent call last):
1774271611.7759066 [logical-1]   File "/home/focal/Desktop/2024_GroundStation/build/GroundStation/GroundStation/logical.py", line 86, in update_pos
1774271611.7759972 [logical-1]     self.pox.z = z
1774271611.7760775 [logical-1] AttributeError: 'UIController' object has no attribute 'pox'
1774271611.7961571 [logical-1] Traceback (most recent call last):
1774271611.7963526 [logical-1]   File "/home/focal/Desktop/2024_GroundStation/build/GroundStation/GroundStation/logical.py", line 86, in update_pos
1774271611.7964087 [logical-1]     self.pox.z = z
1774271611.7964540 [logical-1] AttributeError: 'UIController' object has no attribute 'pox'
1774271611.8163331 [logical-1] Traceback (most recent call last):
1774271611.8165662 [logical-1]   File "/home/focal/Desktop/2024_GroundStation/build/GroundStation/GroundStation/logical.py", line 86, in update_pos
1774271611.8166656 [logical-1]     self.pox.z = z
1774271611.8167143 [logical-1] AttributeError: 'UIController' object has no attribute 'pox'
1774271611.8348327 [logical-1] Traceback (most recent call last):
1774271611.8350277 [logical-1]   File "/home/focal/Desktop/2024_GroundStation/build/GroundStation/GroundStation/logical.py", line 86, in update_pos
1774271611.8350871 [logical-1]     self.pox.z = z
1774271611.8351307 [logical-1] AttributeError: 'UIController' object has no attribute 'pox'
1774271611.8557827 [logical-1] Traceback (most recent call last):
1774271611.8560214 [logical-1]   File "/home/focal/Desktop/2024_GroundStation/build/GroundStation/GroundStation/logical.py", line 86, in update_pos
1774271611.8561115 [logical-1]     self.pox.z = z
1774271611.8561559 [logical-1] AttributeError: 'UIController' object has no attribute 'pox'
1774271611.8752773 [logical-1] Traceback (most recent call last):
1774271611.8754821 [logical-1]   File "/home/focal/Desktop/2024_GroundStation/build/GroundStation/GroundStation/logical.py", line 86, in update_pos
1774271611.8755381 [logical-1]     self.pox.z = z
1774271611.8755822 [logical-1] AttributeError: 'UIController' object has no attribute 'pox'
1774271611.8964801 [logical-1] Traceback (most recent call last):
1774271611.8967898 [logical-1]   File "/home/focal/Desktop/2024_GroundStation/build/GroundStation/GroundStation/logical.py", line 86, in update_pos
1774271611.8970187 [logical-1]     self.pox.z = z
1774271611.8970790 [logical-1] AttributeError: 'UIController' object has no attribute 'pox'
1774271611.9146883 [logical-1] Traceback (most recent call last):
1774271611.9149632 [logical-1]   File "/home/focal/Desktop/2024_GroundStation/build/GroundStation/GroundStation/logical.py", line 86, in update_pos
1774271611.9150553 [logical-1]     self.pox.z = z
1774271611.9151165 [logical-1] AttributeError: 'UIController' object has no attribute 'pox'
1774271611.9348416 [logical-1] Traceback (most recent call last):
1774271611.9351737 [logical-1]   File "/home/focal/Desktop/2024_GroundStation/build/GroundStation/GroundStation/logical.py", line 86, in update_pos
1774271611.9353666 [logical-1]     self.pox.z = z
1774271611.9354591 [logical-1] AttributeError: 'UIController' object has no attribute 'pox'
1774271611.9590251 [logical-1] Traceback (most recent call last):
1774271611.9592888 [logical-1]   File "/home/focal/Desktop/2024_GroundStation/build/GroundStation/GroundStation/logical.py", line 86, in update_pos
1774271611.9593883 [logical-1]     self.pox.z = z
1774271611.9594588 [logical-1] AttributeError: 'UIController' object has no attribute 'pox'
1774271611.9767296 [logical-1] Traceback (most recent call last):
1774271611.9769418 [logical-1]   File "/home/focal/Desktop/2024_GroundStation/build/GroundStation/GroundStation/logical.py", line 86, in update_pos
1774271611.9770055 [logical-1]     self.pox.z = z
1774271611.9770610 [logical-1] AttributeError: 'UIController' object has no attribute 'pox'
1774271611.9963112 [logical-1] Traceback (most recent call last):
1774271611.9965665 [logical-1]   File "/home/focal/Desktop/2024_GroundStation/build/GroundStation/GroundStation/logical.py", line 86, in update_pos
1774271611.9966376 [logical-1]     self.pox.z = z
1774271611.9966900 [logical-1] AttributeError: 'UIController' object has no attribute 'pox'
1774271612.0157125 [logical-1] Traceback (most recent call last):
1774271612.0160067 [logical-1]   File "/home/focal/Desktop/2024_GroundStation/build/GroundStation/GroundStation/logical.py", line 86, in update_pos
1774271612.0160990 [logical-1]     self.pox.z = z
1774271612.0161500 [logical-1] AttributeError: 'UIController' object has no attribute 'pox'
1774271612.0349736 [logical-1] Traceback (most recent call last):
1774271612.0351789 [logical-1]   File "/home/focal/Desktop/2024_GroundStation/build/GroundStation/GroundStation/logical.py", line 86, in update_pos
1774271612.0352545 [logical-1]     self.pox.z = z
1774271612.0353098 [logical-1] AttributeError: 'UIController' object has no attribute 'pox'
1774271612.0563302 [logical-1] Traceback (most recent call last):
1774271612.0566065 [logical-1]   File "/home/focal/Desktop/2024_GroundStation/build/GroundStation/GroundStation/logical.py", line 86, in update_pos
1774271612.0567048 [logical-1]     self.pox.z = z
1774271612.0567577 [logical-1] AttributeError: 'UIController' object has no attribute 'pox'
1774271612.0757933 [logical-1] Traceback (most recent call last):
1774271612.0760114 [logical-1]   File "/home/focal/Desktop/2024_GroundStation/build/GroundStation/GroundStation/logical.py", line 86, in update_pos
1774271612.0760720 [logical-1]     self.pox.z = z
1774271612.0761206 [logical-1] AttributeError: 'UIController' object has no attribute 'pox'
1774271612.0954070 [logical-1] Traceback (most recent call last):
1774271612.0956664 [logical-1]   File "/home/focal/Desktop/2024_GroundStation/build/GroundStation/GroundStation/logical.py", line 86, in update_pos
1774271612.0957675 [logical-1]     self.pox.z = z
1774271612.0958226 [logical-1] AttributeError: 'UIController' object has no attribute 'pox'
1774271612.1168754 [logical-1] Traceback (most recent call last):
1774271612.1171274 [logical-1]   File "/home/focal/Desktop/2024_GroundStation/build/GroundStation/GroundStation/logical.py", line 86, in update_pos
1774271612.1171954 [logical-1]     self.pox.z = z
1774271612.1172559 [logical-1] AttributeError: 'UIController' object has no attribute 'pox'
1774271612.1360223 [logical-1] Traceback (most recent call last):
1774271612.1362224 [logical-1]   File "/home/focal/Desktop/2024_GroundStation/build/GroundStation/GroundStation/logical.py", line 86, in update_pos
1774271612.1362848 [logical-1]     self.pox.z = z
1774271612.1363311 [logical-1] AttributeError: 'UIController' object has no attribute 'pox'
1774271612.1550889 [logical-1] Traceback (most recent call last):
1774271612.1553116 [logical-1]   File "/home/focal/Desktop/2024_GroundStation/build/GroundStation/GroundStation/logical.py", line 86, in update_pos
1774271612.1553848 [logical-1]     self.pox.z = z
1774271612.1554353 [logical-1] AttributeError: 'UIController' object has no attribute 'pox'
1774271612.1746993 [logical-1] Traceback (most recent call last):
1774271612.1749294 [logical-1]   File "/home/focal/Desktop/2024_GroundStation/build/GroundStation/GroundStation/logical.py", line 86, in update_pos
1774271612.1750355 [logical-1]     self.pox.z = z
1774271612.1751199 [logical-1] AttributeError: 'UIController' object has no attribute 'pox'
1774271612.1962113 [logical-1] Traceback (most recent call last):
1774271612.1964293 [logical-1]   File "/home/focal/Desktop/2024_GroundStation/build/GroundStation/GroundStation/logical.py", line 86, in update_pos
1774271612.1964862 [logical-1]     self.pox.z = z
1774271612.1965313 [logical-1] AttributeError: 'UIController' object has no attribute 'pox'
1774271612.2151349 [logical-1] Traceback (most recent call last):
1774271612.2153404 [logical-1]   File "/home/focal/Desktop/2024_GroundStation/build/GroundStation/GroundStation/logical.py", line 86, in update_pos
1774271612.2153976 [logical-1]     self.pox.z = z
1774271612.2154438 [logical-1] AttributeError: 'UIController' object has no attribute 'pox'
1774271612.2356873 [logical-1] Traceback (most recent call last):
1774271612.2359035 [logical-1]   File "/home/focal/Desktop/2024_GroundStation/build/GroundStation/GroundStation/logical.py", line 86, in update_pos
1774271612.2359691 [logical-1]     self.pox.z = z
1774271612.2360179 [logical-1] AttributeError: 'UIController' object has no attribute 'pox'
1774271612.2549107 [logical-1] Traceback (most recent call last):
1774271612.2551134 [logical-1]   File "/home/focal/Desktop/2024_GroundStation/build/GroundStation/GroundStation/logical.py", line 86, in update_pos
1774271612.2552299 [logical-1]     self.pox.z = z
1774271612.2553079 [logical-1] AttributeError: 'UIController' object has no attribute 'pox'
1774271612.2755375 [logical-1] Traceback (most recent call last):
1774271612.2757363 [logical-1]   File "/home/focal/Desktop/2024_GroundStation/build/GroundStation/GroundStation/logical.py", line 86, in update_pos
1774271612.2757959 [logical-1]     self.pox.z = z
1774271612.2758441 [logical-1] AttributeError: 'UIController' object has no attribute 'pox'
1774271612.2954187 [logical-1] Traceback (most recent call last):
1774271612.2956128 [logical-1]   File "/home/focal/Desktop/2024_GroundStation/build/GroundStation/GroundStation/logical.py", line 86, in update_pos
1774271612.2956681 [logical-1]     self.pox.z = z
1774271612.2957141 [logical-1] AttributeError: 'UIController' object has no attribute 'pox'
1774271612.3161104 [logical-1] Traceback (most recent call last):
1774271612.3163178 [logical-1]   File "/home/focal/Desktop/2024_GroundStation/build/GroundStation/GroundStation/logical.py", line 86, in update_pos
1774271612.3163822 [logical-1]     self.pox.z = z
1774271612.3164306 [logical-1] AttributeError: 'UIController' object has no attribute 'pox'
1774271612.3365476 [logical-1] Traceback (most recent call last):
1774271612.3368042 [logical-1]   File "/home/focal/Desktop/2024_GroundStation/build/GroundStation/GroundStation/logical.py", line 86, in update_pos
1774271612.3368886 [logical-1]     self.pox.z = z
1774271612.3369379 [logical-1] AttributeError: 'UIController' object has no attribute 'pox'
1774271612.3575964 [logical-1] Traceback (most recent call last):
1774271612.3580086 [logical-1]   File "/home/focal/Desktop/2024_GroundStation/build/GroundStation/GroundStation/logical.py", line 86, in update_pos
1774271612.3581007 [logical-1]     self.pox.z = z
1774271612.3581517 [logical-1] AttributeError: 'UIController' object has no attribute 'pox'
1774271612.3761365 [logical-1] Traceback (most recent call last):
1774271612.3763945 [logical-1]   File "/home/focal/Desktop/2024_GroundStation/build/GroundStation/GroundStation/logical.py", line 86, in update_pos
1774271612.3766036 [logical-1]     self.pox.z = z
1774271612.3767226 [logical-1] AttributeError: 'UIController' object has no attribute 'pox'
1774271612.3961873 [logical-1] Traceback (most recent call last):
1774271612.3964145 [logical-1]   File "/home/focal/Desktop/2024_GroundStation/build/GroundStation/GroundStation/logical.py", line 86, in update_pos
1774271612.3964779 [logical-1]     self.pox.z = z
1774271612.3965268 [logical-1] AttributeError: 'UIController' object has no attribute 'pox'
1774271612.4156518 [logical-1] Traceback (most recent call last):
1774271612.4158921 [logical-1]   File "/home/focal/Desktop/2024_GroundStation/build/GroundStation/GroundStation/logical.py", line 86, in update_pos
1774271612.4159529 [logical-1]     self.pox.z = z
1774271612.4160006 [logical-1] AttributeError: 'UIController' object has no attribute 'pox'
1774271612.4365990 [logical-1] Traceback (most recent call last):
1774271612.4367940 [logical-1]   File "/home/focal/Desktop/2024_GroundStation/build/GroundStation/GroundStation/logical.py", line 86, in update_pos
1774271612.4368558 [logical-1]     self.pox.z = z
1774271612.4369037 [logical-1] AttributeError: 'UIController' object has no attribute 'pox'
1774271612.4573381 [logical-1] Traceback (most recent call last):
1774271612.4575546 [logical-1]   File "/home/focal/Desktop/2024_GroundStation/build/GroundStation/GroundStation/logical.py", line 86, in update_pos
1774271612.4576502 [logical-1]     self.pox.z = z
1774271612.4576941 [logical-1] AttributeError: 'UIController' object has no attribute 'pox'
1774271612.4760811 [logical-1] Traceback (most recent call last):
1774271612.4762654 [logical-1]   File "/home/focal/Desktop/2024_GroundStation/build/GroundStation/GroundStation/logical.py", line 86, in update_pos
1774271612.4763184 [logical-1]     self.pox.z = z
1774271612.4763587 [logical-1] AttributeError: 'UIController' object has no attribute 'pox'
1774271612.4982150 [logical-1] Traceback (most recent call last):
1774271612.4984283 [logical-1]   File "/home/focal/Desktop/2024_GroundStation/build/GroundStation/GroundStation/logical.py", line 86, in update_pos
1774271612.4984927 [logical-1]     self.pox.z = z
1774271612.4985378 [logical-1] AttributeError: 'UIController' object has no attribute 'pox'
1774271612.5183156 [logical-1] Traceback (most recent call last):
1774271612.5185275 [logical-1]   File "/home/focal/Desktop/2024_GroundStation/build/GroundStation/GroundStation/logical.py", line 86, in update_pos
1774271612.5186100 [logical-1]     self.pox.z = z
1774271612.5186727 [logical-1] AttributeError: 'UIController' object has no attribute 'pox'
1774271612.5370793 [logical-1] Traceback (most recent call last):
1774271612.5373135 [logical-1]   File "/home/focal/Desktop/2024_GroundStation/build/GroundStation/GroundStation/logical.py", line 86, in update_pos
1774271612.5373864 [logical-1]     self.pox.z = z
1774271612.5374293 [logical-1] AttributeError: 'UIController' object has no attribute 'pox'
1774271612.5567641 [logical-1] Traceback (most recent call last):
1774271612.5569544 [logical-1]   File "/home/focal/Desktop/2024_GroundStation/build/GroundStation/GroundStation/logical.py", line 86, in update_pos
1774271612.5570168 [logical-1]     self.pox.z = z
1774271612.5570662 [logical-1] AttributeError: 'UIController' object has no attribute 'pox'
1774271612.5779529 [logical-1] Traceback (most recent call last):
1774271612.5783317 [logical-1]   File "/home/focal/Desktop/2024_GroundStation/build/GroundStation/GroundStation/logical.py", line 86, in update_pos
1774271612.5784459 [logical-1]     self.pox.z = z
1774271612.5785382 [logical-1] AttributeError: 'UIController' object has no attribute 'pox'
1774271612.5955658 [logical-1] Traceback (most recent call last):
1774271612.5958197 [logical-1]   File "/home/focal/Desktop/2024_GroundStation/build/GroundStation/GroundStation/logical.py", line 86, in update_pos
1774271612.5959327 [logical-1]     self.pox.z = z
1774271612.5960238 [logical-1] AttributeError: 'UIController' object has no attribute 'pox'
1774271612.6159458 [logical-1] Traceback (most recent call last):
1774271612.6162007 [logical-1]   File "/home/focal/Desktop/2024_GroundStation/build/GroundStation/GroundStation/logical.py", line 86, in update_pos
1774271612.6163030 [logical-1]     self.pox.z = z
1774271612.6163869 [logical-1] AttributeError: 'UIController' object has no attribute 'pox'
1774271612.6364715 [logical-1] Traceback (most recent call last):
1774271612.6367090 [logical-1]   File "/home/focal/Desktop/2024_GroundStation/build/GroundStation/GroundStation/logical.py", line 86, in update_pos
1774271612.6367738 [logical-1]     self.pox.z = z
1774271612.6368208 [logical-1] AttributeError: 'UIController' object has no attribute 'pox'
1774271612.6569381 [logical-1] Traceback (most recent call last):
1774271612.6571419 [logical-1]   File "/home/focal/Desktop/2024_GroundStation/build/GroundStation/GroundStation/logical.py", line 86, in update_pos
1774271612.6572056 [logical-1]     self.pox.z = z
1774271612.6572707 [logical-1] AttributeError: 'UIController' object has no attribute 'pox'
1774271612.6759210 [logical-1] Traceback (most recent call last):
1774271612.6761544 [logical-1]   File "/home/focal/Desktop/2024_GroundStation/build/GroundStation/GroundStation/logical.py", line 86, in update_pos
1774271612.6762350 [logical-1]     self.pox.z = z
1774271612.6762826 [logical-1] AttributeError: 'UIController' object has no attribute 'pox'
1774271612.6962683 [logical-1] Traceback (most recent call last):
1774271612.6965520 [logical-1]   File "/home/focal/Desktop/2024_GroundStation/build/GroundStation/GroundStation/logical.py", line 86, in update_pos
1774271612.6966391 [logical-1]     self.pox.z = z
1774271612.6966865 [logical-1] AttributeError: 'UIController' object has no attribute 'pox'
1774271612.7160463 [logical-1] Traceback (most recent call last):
1774271612.7162867 [logical-1]   File "/home/focal/Desktop/2024_GroundStation/build/GroundStation/GroundStation/logical.py", line 86, in update_pos
1774271612.7163668 [logical-1]     self.pox.z = z
1774271612.7164176 [logical-1] AttributeError: 'UIController' object has no attribute 'pox'
1774271612.7373588 [logical-1] Traceback (most recent call last):
1774271612.7375987 [logical-1]   File "/home/focal/Desktop/2024_GroundStation/build/GroundStation/GroundStation/logical.py", line 86, in update_pos
1774271612.7376673 [logical-1]     self.pox.z = z
1774271612.7377291 [logical-1] AttributeError: 'UIController' object has no attribute 'pox'
1774271612.7565482 [logical-1] Traceback (most recent call last):
1774271612.7568266 [logical-1]   File "/home/focal/Desktop/2024_GroundStation/build/GroundStation/GroundStation/logical.py", line 86, in update_pos
1774271612.7569268 [logical-1]     self.pox.z = z
1774271612.7569737 [logical-1] AttributeError: 'UIController' object has no attribute 'pox'
1774271612.7757206 [logical-1] Traceback (most recent call last):
1774271612.7759531 [logical-1]   File "/home/focal/Desktop/2024_GroundStation/build/GroundStation/GroundStation/logical.py", line 86, in update_pos
1774271612.7760103 [logical-1]     self.pox.z = z
1774271612.7760551 [logical-1] AttributeError: 'UIController' object has no attribute 'pox'
1774271612.7953992 [logical-1] Traceback (most recent call last):
1774271612.7956209 [logical-1]   File "/home/focal/Desktop/2024_GroundStation/build/GroundStation/GroundStation/logical.py", line 86, in update_pos
1774271612.7957408 [logical-1]     self.pox.z = z
1774271612.7958102 [logical-1] AttributeError: 'UIController' object has no attribute 'pox'
1774271612.8156536 [logical-1] Traceback (most recent call last):
1774271612.8158851 [logical-1]   File "/home/focal/Desktop/2024_GroundStation/build/GroundStation/GroundStation/logical.py", line 86, in update_pos
1774271612.8159430 [logical-1]     self.pox.z = z
1774271612.8159859 [logical-1] AttributeError: 'UIController' object has no attribute 'pox'
1774271612.8349950 [logical-1] Traceback (most recent call last):
1774271612.8352647 [logical-1]   File "/home/focal/Desktop/2024_GroundStation/build/GroundStation/GroundStation/logical.py", line 86, in update_pos
1774271612.8353429 [logical-1]     self.pox.z = z
1774271612.8353879 [logical-1] AttributeError: 'UIController' object has no attribute 'pox'
1774271612.8550646 [logical-1] Traceback (most recent call last):
1774271612.8553576 [logical-1]   File "/home/focal/Desktop/2024_GroundStation/build/GroundStation/GroundStation/logical.py", line 86, in update_pos
1774271612.8554425 [logical-1]     self.pox.z = z
1774271612.8555100 [logical-1] AttributeError: 'UIController' object has no attribute 'pox'
1774271612.8754752 [logical-1] Traceback (most recent call last):
1774271612.8757579 [logical-1]   File "/home/focal/Desktop/2024_GroundStation/build/GroundStation/GroundStation/logical.py", line 86, in update_pos
1774271612.8758347 [logical-1]     self.pox.z = z
1774271612.8758936 [logical-1] AttributeError: 'UIController' object has no attribute 'pox'
1774271612.8955376 [logical-1] Traceback (most recent call last):
1774271612.8957617 [logical-1]   File "/home/focal/Desktop/2024_GroundStation/build/GroundStation/GroundStation/logical.py", line 86, in update_pos
1774271612.8958156 [logical-1]     self.pox.z = z
1774271612.8958576 [logical-1] AttributeError: 'UIController' object has no attribute 'pox'
1774271612.9166975 [logical-1] Traceback (most recent call last):
1774271612.9169023 [logical-1]   File "/home/focal/Desktop/2024_GroundStation/build/GroundStation/GroundStation/logical.py", line 86, in update_pos
1774271612.9169612 [logical-1]     self.pox.z = z
1774271612.9170043 [logical-1] AttributeError: 'UIController' object has no attribute 'pox'
1774271612.9361281 [logical-1] Traceback (most recent call last):
1774271612.9363406 [logical-1]   File "/home/focal/Desktop/2024_GroundStation/build/GroundStation/GroundStation/logical.py", line 86, in update_pos
1774271612.9363987 [logical-1]     self.pox.z = z
1774271612.9364417 [logical-1] AttributeError: 'UIController' object has no attribute 'pox'
1774271612.9565279 [logical-1] Traceback (most recent call last):
1774271612.9567759 [logical-1]   File "/home/focal/Desktop/2024_GroundStation/build/GroundStation/GroundStation/logical.py", line 86, in update_pos
1774271612.9568830 [logical-1]     self.pox.z = z
1774271612.9569623 [logical-1] AttributeError: 'UIController' object has no attribute 'pox'
1774271612.9754415 [logical-1] Traceback (most recent call last):
1774271612.9756491 [logical-1]   File "/home/focal/Desktop/2024_GroundStation/build/GroundStation/GroundStation/logical.py", line 86, in update_pos
1774271612.9757094 [logical-1]     self.pox.z = z
1774271612.9757559 [logical-1] AttributeError: 'UIController' object has no attribute 'pox'
1774271612.9961424 [logical-1] Traceback (most recent call last):
1774271612.9964597 [logical-1]   File "/home/focal/Desktop/2024_GroundStation/build/GroundStation/GroundStation/logical.py", line 86, in update_pos
1774271612.9965456 [logical-1]     self.pox.z = z
1774271612.9965949 [logical-1] AttributeError: 'UIController' object has no attribute 'pox'
1774271613.0171609 [logical-1] Traceback (most recent call last):
1774271613.0174608 [logical-1]   File "/home/focal/Desktop/2024_GroundStation/build/GroundStation/GroundStation/logical.py", line 86, in update_pos
1774271613.0175495 [logical-1]     self.pox.z = z
1774271613.0176008 [logical-1] AttributeError: 'UIController' object has no attribute 'pox'
1774271613.0357060 [logical-1] Traceback (most recent call last):
1774271613.0359564 [logical-1]   File "/home/focal/Desktop/2024_GroundStation/build/GroundStation/GroundStation/logical.py", line 86, in update_pos
1774271613.0360336 [logical-1]     self.pox.z = z
1774271613.0360808 [logical-1] AttributeError: 'UIController' object has no attribute 'pox'
1774271613.0560138 [logical-1] Traceback (most recent call last):
1774271613.0562623 [logical-1]   File "/home/focal/Desktop/2024_GroundStation/build/GroundStation/GroundStation/logical.py", line 86, in update_pos
1774271613.0563335 [logical-1]     self.pox.z = z
1774271613.0563843 [logical-1] AttributeError: 'UIController' object has no attribute 'pox'
1774271613.0762436 [logical-1] Traceback (most recent call last):
1774271613.0764914 [logical-1]   File "/home/focal/Desktop/2024_GroundStation/build/GroundStation/GroundStation/logical.py", line 86, in update_pos
1774271613.0765734 [logical-1]     self.pox.z = z
1774271613.0766201 [logical-1] AttributeError: 'UIController' object has no attribute 'pox'
1774271613.0964243 [logical-1] Traceback (most recent call last):
1774271613.0967243 [logical-1]   File "/home/focal/Desktop/2024_GroundStation/build/GroundStation/GroundStation/logical.py", line 86, in update_pos
1774271613.0967946 [logical-1]     self.pox.z = z
1774271613.0968421 [logical-1] AttributeError: 'UIController' object has no attribute 'pox'
1774271613.1153638 [logical-1] Traceback (most recent call last):
1774271613.1156158 [logical-1]   File "/home/focal/Desktop/2024_GroundStation/build/GroundStation/GroundStation/logical.py", line 86, in update_pos
1774271613.1157002 [logical-1]     self.pox.z = z
1774271613.1157589 [logical-1] AttributeError: 'UIController' object has no attribute 'pox'
1774271613.1365709 [logical-1] Traceback (most recent call last):
1774271613.1369298 [logical-1]   File "/home/focal/Desktop/2024_GroundStation/build/GroundStation/GroundStation/logical.py", line 86, in update_pos
1774271613.1370928 [logical-1]     self.pox.z = z
1774271613.1371763 [logical-1] AttributeError: 'UIController' object has no attribute 'pox'
1774271613.1559875 [logical-1] Traceback (most recent call last):
1774271613.1562114 [logical-1]   File "/home/focal/Desktop/2024_GroundStation/build/GroundStation/GroundStation/logical.py", line 86, in update_pos
1774271613.1562808 [logical-1]     self.pox.z = z
1774271613.1563303 [logical-1] AttributeError: 'UIController' object has no attribute 'pox'
1774271613.1750090 [logical-1] Traceback (most recent call last):
1774271613.1752098 [logical-1]   File "/home/focal/Desktop/2024_GroundStation/build/GroundStation/GroundStation/logical.py", line 86, in update_pos
1774271613.1752646 [logical-1]     self.pox.z = z
1774271613.1753078 [logical-1] AttributeError: 'UIController' object has no attribute 'pox'
1774271613.1965420 [logical-1] Traceback (most recent call last):
1774271613.1967752 [logical-1]   File "/home/focal/Desktop/2024_GroundStation/build/GroundStation/GroundStation/logical.py", line 86, in update_pos
1774271613.1968720 [logical-1]     self.pox.z = z
1774271613.1969986 [logical-1] AttributeError: 'UIController' object has no attribute 'pox'
1774271613.2166607 [logical-1] Traceback (most recent call last):
1774271613.2169209 [logical-1]   File "/home/focal/Desktop/2024_GroundStation/build/GroundStation/GroundStation/logical.py", line 86, in update_pos
1774271613.2170041 [logical-1]     self.pox.z = z
1774271613.2171099 [logical-1] AttributeError: 'UIController' object has no attribute 'pox'
1774271613.2366056 [logical-1] Traceback (most recent call last):
1774271613.2368491 [logical-1]   File "/home/focal/Desktop/2024_GroundStation/build/GroundStation/GroundStation/logical.py", line 86, in update_pos
1774271613.2369194 [logical-1]     self.pox.z = z
1774271613.2369633 [logical-1] AttributeError: 'UIController' object has no attribute 'pox'
1774271613.2573848 [logical-1] Traceback (most recent call last):
1774271613.2575977 [logical-1]   File "/home/focal/Desktop/2024_GroundStation/build/GroundStation/GroundStation/logical.py", line 86, in update_pos
1774271613.2576511 [logical-1]     self.pox.z = z
1774271613.2577307 [logical-1] AttributeError: 'UIController' object has no attribute 'pox'
1774271613.2760217 [logical-1] Traceback (most recent call last):
1774271613.2762136 [logical-1]   File "/home/focal/Desktop/2024_GroundStation/build/GroundStation/GroundStation/logical.py", line 86, in update_pos
1774271613.2762663 [logical-1]     self.pox.z = z
1774271613.2763078 [logical-1] AttributeError: 'UIController' object has no attribute 'pox'
1774271613.2957439 [logical-1] Traceback (most recent call last):
1774271613.2960043 [logical-1]   File "/home/focal/Desktop/2024_GroundStation/build/GroundStation/GroundStation/logical.py", line 86, in update_pos
1774271613.2960684 [logical-1]     self.pox.z = z
1774271613.2961190 [logical-1] AttributeError: 'UIController' object has no attribute 'pox'
1774271613.3184078 [logical-1] Traceback (most recent call last):
1774271613.3186934 [logical-1]   File "/home/focal/Desktop/2024_GroundStation/build/GroundStation/GroundStation/logical.py", line 86, in update_pos
1774271613.3189683 [logical-1]     self.pox.z = z
1774271613.3190603 [logical-1] AttributeError: 'UIController' object has no attribute 'pox'
1774271613.3349106 [logical-1] Traceback (most recent call last):
1774271613.3351061 [logical-1]   File "/home/focal/Desktop/2024_GroundStation/build/GroundStation/GroundStation/logical.py", line 86, in update_pos
1774271613.3351593 [logical-1]     self.pox.z = z
1774271613.3352020 [logical-1] AttributeError: 'UIController' object has no attribute 'pox'
1774271613.3555057 [logical-1] Traceback (most recent call last):
1774271613.3557265 [logical-1]   File "/home/focal/Desktop/2024_GroundStation/build/GroundStation/GroundStation/logical.py", line 86, in update_pos
1774271613.3558059 [logical-1]     self.pox.z = z
1774271613.3558493 [logical-1] AttributeError: 'UIController' object has no attribute 'pox'
1774271613.3757162 [logical-1] Traceback (most recent call last):
1774271613.3760040 [logical-1]   File "/home/focal/Desktop/2024_GroundStation/build/GroundStation/GroundStation/logical.py", line 86, in update_pos
1774271613.3761098 [logical-1]     self.pox.z = z
1774271613.3761606 [logical-1] AttributeError: 'UIController' object has no attribute 'pox'
1774271613.3968086 [logical-1] Traceback (most recent call last):
1774271613.3970113 [logical-1]   File "/home/focal/Desktop/2024_GroundStation/build/GroundStation/GroundStation/logical.py", line 86, in update_pos
1774271613.3970795 [logical-1]     self.pox.z = z
1774271613.3971279 [logical-1] AttributeError: 'UIController' object has no attribute 'pox'
1774271613.4161646 [logical-1] Traceback (most recent call last):
1774271613.4163702 [logical-1]   File "/home/focal/Desktop/2024_GroundStation/build/GroundStation/GroundStation/logical.py", line 86, in update_pos
1774271613.4164300 [logical-1]     self.pox.z = z
1774271613.4165111 [logical-1] AttributeError: 'UIController' object has no attribute 'pox'
1774271613.4365549 [logical-1] Traceback (most recent call last):
1774271613.4370506 [logical-1]   File "/home/focal/Desktop/2024_GroundStation/build/GroundStation/GroundStation/logical.py", line 86, in update_pos
1774271613.4374175 [logical-1]     self.pox.z = z
1774271613.4374928 [logical-1] AttributeError: 'UIController' object has no attribute 'pox'
1774271613.4563274 [logical-1] Traceback (most recent call last):
1774271613.4565074 [logical-1]   File "/home/focal/Desktop/2024_GroundStation/build/GroundStation/GroundStation/logical.py", line 86, in update_pos
1774271613.4565635 [logical-1]     self.pox.z = z
1774271613.4566109 [logical-1] AttributeError: 'UIController' object has no attribute 'pox'
1774271613.4750807 [logical-1] Traceback (most recent call last):
1774271613.4752760 [logical-1]   File "/home/focal/Desktop/2024_GroundStation/build/GroundStation/GroundStation/logical.py", line 86, in update_pos
1774271613.4753451 [logical-1]     self.pox.z = z
1774271613.4754152 [logical-1] AttributeError: 'UIController' object has no attribute 'pox'
1774271613.4956491 [logical-1] Traceback (most recent call last):
1774271613.4959710 [logical-1]   File "/home/focal/Desktop/2024_GroundStation/build/GroundStation/GroundStation/logical.py", line 86, in update_pos
1774271613.4960730 [logical-1]     self.pox.z = z
1774271613.4961305 [logical-1] AttributeError: 'UIController' object has no attribute 'pox'
1774271613.5164144 [logical-1] Traceback (most recent call last):
1774271613.5166492 [logical-1]   File "/home/focal/Desktop/2024_GroundStation/build/GroundStation/GroundStation/logical.py", line 86, in update_pos
1774271613.5167181 [logical-1]     self.pox.z = z
1774271613.5167675 [logical-1] AttributeError: 'UIController' object has no attribute 'pox'
1774271613.5350938 [logical-1] Traceback (most recent call last):
1774271613.5353150 [logical-1]   File "/home/focal/Desktop/2024_GroundStation/build/GroundStation/GroundStation/logical.py", line 86, in update_pos
1774271613.5353796 [logical-1]     self.pox.z = z
1774271613.5354304 [logical-1] AttributeError: 'UIController' object has no attribute 'pox'
1774271613.5558720 [logical-1] Traceback (most recent call last):
1774271613.5560873 [logical-1]   File "/home/focal/Desktop/2024_GroundStation/build/GroundStation/GroundStation/logical.py", line 86, in update_pos
1774271613.5561502 [logical-1]     self.pox.z = z
1774271613.5562429 [logical-1] AttributeError: 'UIController' object has no attribute 'pox'
1774271613.5747409 [logical-1] Traceback (most recent call last):
1774271613.5749502 [logical-1]   File "/home/focal/Desktop/2024_GroundStation/build/GroundStation/GroundStation/logical.py", line 86, in update_pos
1774271613.5750113 [logical-1]     self.pox.z = z
1774271613.5750649 [logical-1] AttributeError: 'UIController' object has no attribute 'pox'
1774271613.5952113 [logical-1] Traceback (most recent call last):
1774271613.5954247 [logical-1]   File "/home/focal/Desktop/2024_GroundStation/build/GroundStation/GroundStation/logical.py", line 86, in update_pos
1774271613.5955403 [logical-1]     self.pox.z = z
1774271613.5956008 [logical-1] AttributeError: 'UIController' object has no attribute 'pox'
1774271613.6159632 [logical-1] Traceback (most recent call last):
1774271613.6162388 [logical-1]   File "/home/focal/Desktop/2024_GroundStation/build/GroundStation/GroundStation/logical.py", line 86, in update_pos
1774271613.6163125 [logical-1]     self.pox.z = z
1774271613.6163671 [logical-1] AttributeError: 'UIController' object has no attribute 'pox'
1774271613.6356182 [logical-1] Traceback (most recent call last):
1774271613.6358182 [logical-1]   File "/home/focal/Desktop/2024_GroundStation/build/GroundStation/GroundStation/logical.py", line 86, in update_pos
1774271613.6358769 [logical-1]     self.pox.z = z
1774271613.6359229 [logical-1] AttributeError: 'UIController' object has no attribute 'pox'
1774271613.6555328 [logical-1] Traceback (most recent call last):
1774271613.6558359 [logical-1]   File "/home/focal/Desktop/2024_GroundStation/build/GroundStation/GroundStation/logical.py", line 86, in update_pos
1774271613.6560683 [logical-1]     self.pox.z = z
1774271613.6561761 [logical-1] AttributeError: 'UIController' object has no attribute 'pox'
1774271613.6754375 [logical-1] Traceback (most recent call last):
1774271613.6756468 [logical-1]   File "/home/focal/Desktop/2024_GroundStation/build/GroundStation/GroundStation/logical.py", line 86, in update_pos
1774271613.6757073 [logical-1]     self.pox.z = z
1774271613.6757548 [logical-1] AttributeError: 'UIController' object has no attribute 'pox'
1774271613.6967726 [logical-1] Traceback (most recent call last):
1774271613.6970086 [logical-1]   File "/home/focal/Desktop/2024_GroundStation/build/GroundStation/GroundStation/logical.py", line 86, in update_pos
1774271613.6970630 [logical-1]     self.pox.z = z
1774271613.6971064 [logical-1] AttributeError: 'UIController' object has no attribute 'pox'
1774271613.7165668 [logical-1] Traceback (most recent call last):
1774271613.7168143 [logical-1]   File "/home/focal/Desktop/2024_GroundStation/build/GroundStation/GroundStation/logical.py", line 86, in update_pos
1774271613.7168880 [logical-1]     self.pox.z = z
1774271613.7169964 [logical-1] AttributeError: 'UIController' object has no attribute 'pox'
1774271613.7357285 [logical-1] Traceback (most recent call last):
1774271613.7359655 [logical-1]   File "/home/focal/Desktop/2024_GroundStation/build/GroundStation/GroundStation/logical.py", line 86, in update_pos
1774271613.7360246 [logical-1]     self.pox.z = z
1774271613.7360704 [logical-1] AttributeError: 'UIController' object has no attribute 'pox'
1774271613.7564228 [logical-1] Traceback (most recent call last):
1774271613.7566752 [logical-1]   File "/home/focal/Desktop/2024_GroundStation/build/GroundStation/GroundStation/logical.py", line 86, in update_pos
1774271613.7567477 [logical-1]     self.pox.z = z
1774271613.7568383 [logical-1] AttributeError: 'UIController' object has no attribute 'pox'
1774271613.7757595 [logical-1] Traceback (most recent call last):
1774271613.7759783 [logical-1]   File "/home/focal/Desktop/2024_GroundStation/build/GroundStation/GroundStation/logical.py", line 86, in update_pos
1774271613.7760358 [logical-1]     self.pox.z = z
1774271613.7760947 [logical-1] AttributeError: 'UIController' object has no attribute 'pox'
1774271613.7962852 [logical-1] Traceback (most recent call last):
1774271613.7964749 [logical-1]   File "/home/focal/Desktop/2024_GroundStation/build/GroundStation/GroundStation/logical.py", line 86, in update_pos
1774271613.7965269 [logical-1]     self.pox.z = z
1774271613.7966082 [logical-1] AttributeError: 'UIController' object has no attribute 'pox'
1774271613.8155818 [logical-1] Traceback (most recent call last):
1774271613.8157892 [logical-1]   File "/home/focal/Desktop/2024_GroundStation/build/GroundStation/GroundStation/logical.py", line 86, in update_pos
1774271613.8159034 [logical-1]     self.pox.z = z
1774271613.8159544 [logical-1] AttributeError: 'UIController' object has no attribute 'pox'
1774271613.8365769 [logical-1] Traceback (most recent call last):
1774271613.8368380 [logical-1]   File "/home/focal/Desktop/2024_GroundStation/build/GroundStation/GroundStation/logical.py", line 86, in update_pos
1774271613.8369069 [logical-1]     self.pox.z = z
1774271613.8369997 [logical-1] AttributeError: 'UIController' object has no attribute 'pox'
1774271613.8562572 [logical-1] Traceback (most recent call last):
1774271613.8564875 [logical-1]   File "/home/focal/Desktop/2024_GroundStation/build/GroundStation/GroundStation/logical.py", line 86, in update_pos
1774271613.8565512 [logical-1]     self.pox.z = z
1774271613.8565967 [logical-1] AttributeError: 'UIController' object has no attribute 'pox'
1774271613.8763614 [logical-1] Traceback (most recent call last):
1774271613.8765869 [logical-1]   File "/home/focal/Desktop/2024_GroundStation/build/GroundStation/GroundStation/logical.py", line 86, in update_pos
1774271613.8766520 [logical-1]     self.pox.z = z
1774271613.8767016 [logical-1] AttributeError: 'UIController' object has no attribute 'pox'
1774271613.8966038 [logical-1] Traceback (most recent call last):
1774271613.8968384 [logical-1]   File "/home/focal/Desktop/2024_GroundStation/build/GroundStation/GroundStation/logical.py", line 86, in update_pos
1774271613.8968956 [logical-1]     self.pox.z = z
1774271613.8969419 [logical-1] AttributeError: 'UIController' object has no attribute 'pox'
1774271613.9149599 [logical-1] Traceback (most recent call last):
1774271613.9151595 [logical-1]   File "/home/focal/Desktop/2024_GroundStation/build/GroundStation/GroundStation/logical.py", line 86, in update_pos
1774271613.9152129 [logical-1]     self.pox.z = z
1774271613.9152560 [logical-1] AttributeError: 'UIController' object has no attribute 'pox'
1774271613.9363785 [logical-1] Traceback (most recent call last):
1774271613.9365747 [logical-1]   File "/home/focal/Desktop/2024_GroundStation/build/GroundStation/GroundStation/logical.py", line 86, in update_pos
1774271613.9366462 [logical-1]     self.pox.z = z
1774271613.9366901 [logical-1] AttributeError: 'UIController' object has no attribute 'pox'
1774271613.9552989 [logical-1] Traceback (most recent call last):
1774271613.9555035 [logical-1]   File "/home/focal/Desktop/2024_GroundStation/build/GroundStation/GroundStation/logical.py", line 86, in update_pos
1774271613.9555643 [logical-1]     self.pox.z = z
1774271613.9556153 [logical-1] AttributeError: 'UIController' object has no attribute 'pox'
1774271613.9753931 [logical-1] Traceback (most recent call last):
1774271613.9756958 [logical-1]   File "/home/focal/Desktop/2024_GroundStation/build/GroundStation/GroundStation/logical.py", line 86, in update_pos
1774271613.9757800 [logical-1]     self.pox.z = z
1774271613.9758317 [logical-1] AttributeError: 'UIController' object has no attribute 'pox'
1774271613.9973791 [logical-1] Traceback (most recent call last):
1774271613.9977429 [logical-1]   File "/home/focal/Desktop/2024_GroundStation/build/GroundStation/GroundStation/logical.py", line 86, in update_pos
1774271613.9978404 [logical-1]     self.pox.z = z
1774271613.9979005 [logical-1] AttributeError: 'UIController' object has no attribute 'pox'
1774271614.0152366 [logical-1] Traceback (most recent call last):
1774271614.0154462 [logical-1]   File "/home/focal/Desktop/2024_GroundStation/build/GroundStation/GroundStation/logical.py", line 86, in update_pos
1774271614.0155847 [logical-1]     self.pox.z = z
1774271614.0156591 [logical-1] AttributeError: 'UIController' object has no attribute 'pox'
1774271614.0375903 [logical-1] Traceback (most recent call last):
1774271614.0378058 [logical-1]   File "/home/focal/Desktop/2024_GroundStation/build/GroundStation/GroundStation/logical.py", line 86, in update_pos
1774271614.0379035 [logical-1]     self.pox.z = z
1774271614.0379641 [logical-1] AttributeError: 'UIController' object has no attribute 'pox'
1774271614.0551548 [logical-1] Traceback (most recent call last):
1774271614.0553772 [logical-1]   File "/home/focal/Desktop/2024_GroundStation/build/GroundStation/GroundStation/logical.py", line 86, in update_pos
1774271614.0554419 [logical-1]     self.pox.z = z
1774271614.0554926 [logical-1] AttributeError: 'UIController' object has no attribute 'pox'
1774271614.0756488 [logical-1] Traceback (most recent call last):
1774271614.0758507 [logical-1]   File "/home/focal/Desktop/2024_GroundStation/build/GroundStation/GroundStation/logical.py", line 86, in update_pos
1774271614.0759103 [logical-1]     self.pox.z = z
1774271614.0759604 [logical-1] AttributeError: 'UIController' object has no attribute 'pox'
1774271614.0964382 [logical-1] Traceback (most recent call last):
1774271614.0966554 [logical-1]   File "/home/focal/Desktop/2024_GroundStation/build/GroundStation/GroundStation/logical.py", line 86, in update_pos
1774271614.0967219 [logical-1]     self.pox.z = z
1774271614.0967669 [logical-1] AttributeError: 'UIController' object has no attribute 'pox'
1774271614.1164916 [logical-1] Traceback (most recent call last):
1774271614.1167617 [logical-1]   File "/home/focal/Desktop/2024_GroundStation/build/GroundStation/GroundStation/logical.py", line 86, in update_pos
1774271614.1168225 [logical-1]     self.pox.z = z
1774271614.1168685 [logical-1] AttributeError: 'UIController' object has no attribute 'pox'
1774271614.1356168 [logical-1] Traceback (most recent call last):
1774271614.1358080 [logical-1]   File "/home/focal/Desktop/2024_GroundStation/build/GroundStation/GroundStation/logical.py", line 86, in update_pos
1774271614.1358607 [logical-1]     self.pox.z = z
1774271614.1359050 [logical-1] AttributeError: 'UIController' object has no attribute 'pox'
1774271614.1565988 [logical-1] Traceback (most recent call last):
1774271614.1568027 [logical-1]   File "/home/focal/Desktop/2024_GroundStation/build/GroundStation/GroundStation/logical.py", line 86, in update_pos
1774271614.1568553 [logical-1]     self.pox.z = z
1774271614.1569421 [logical-1] AttributeError: 'UIController' object has no attribute 'pox'
1774271614.1759531 [logical-1] Traceback (most recent call last):
1774271614.1761508 [logical-1]   File "/home/focal/Desktop/2024_GroundStation/build/GroundStation/GroundStation/logical.py", line 86, in update_pos
1774271614.1762066 [logical-1]     self.pox.z = z
1774271614.1762891 [logical-1] AttributeError: 'UIController' object has no attribute 'pox'
1774271614.1955287 [logical-1] Traceback (most recent call last):
1774271614.1957669 [logical-1]   File "/home/focal/Desktop/2024_GroundStation/build/GroundStation/GroundStation/logical.py", line 86, in update_pos
1774271614.1958454 [logical-1]     self.pox.z = z
1774271614.1958930 [logical-1] AttributeError: 'UIController' object has no attribute 'pox'
1774271614.2190640 [logical-1] Traceback (most recent call last):
1774271614.2192674 [logical-1]   File "/home/focal/Desktop/2024_GroundStation/build/GroundStation/GroundStation/logical.py", line 86, in update_pos
1774271614.2193241 [logical-1]     self.pox.z = z
1774271614.2193739 [logical-1] AttributeError: 'UIController' object has no attribute 'pox'
1774271614.2386796 [logical-1] Traceback (most recent call last):
1774271614.2389541 [logical-1]   File "/home/focal/Desktop/2024_GroundStation/build/GroundStation/GroundStation/logical.py", line 86, in update_pos
1774271614.2390275 [logical-1]     self.pox.z = z
1774271614.2390707 [logical-1] AttributeError: 'UIController' object has no attribute 'pox'
1774271614.2572825 [logical-1] Traceback (most recent call last):
1774271614.2574801 [logical-1]   File "/home/focal/Desktop/2024_GroundStation/build/GroundStation/GroundStation/logical.py", line 86, in update_pos
1774271614.2575366 [logical-1]     self.pox.z = z
1774271614.2575827 [logical-1] AttributeError: 'UIController' object has no attribute 'pox'
1774271614.2745435 [logical-1] Traceback (most recent call last):
1774271614.2747517 [logical-1]   File "/home/focal/Desktop/2024_GroundStation/build/GroundStation/GroundStation/logical.py", line 86, in update_pos
1774271614.2748055 [logical-1]     self.pox.z = z
1774271614.2748520 [logical-1] AttributeError: 'UIController' object has no attribute 'pox'
1774271614.2951987 [logical-1] Traceback (most recent call last):
1774271614.2953820 [logical-1]   File "/home/focal/Desktop/2024_GroundStation/build/GroundStation/GroundStation/logical.py", line 86, in update_pos
1774271614.2954330 [logical-1]     self.pox.z = z
1774271614.2954743 [logical-1] AttributeError: 'UIController' object has no attribute 'pox'
1774271614.3181610 [logical-1] Traceback (most recent call last):
1774271614.3183980 [logical-1]   File "/home/focal/Desktop/2024_GroundStation/build/GroundStation/GroundStation/logical.py", line 86, in update_pos
1774271614.3185146 [logical-1]     self.pox.z = z
1774271614.3185959 [logical-1] AttributeError: 'UIController' object has no attribute 'pox'
1774271614.3355868 [logical-1] Traceback (most recent call last):
1774271614.3358083 [logical-1]   File "/home/focal/Desktop/2024_GroundStation/build/GroundStation/GroundStation/logical.py", line 86, in update_pos
1774271614.3358757 [logical-1]     self.pox.z = z
1774271614.3359513 [logical-1] AttributeError: 'UIController' object has no attribute 'pox'
1774271614.3562849 [logical-1] Traceback (most recent call last):
1774271614.3564777 [logical-1]   File "/home/focal/Desktop/2024_GroundStation/build/GroundStation/GroundStation/logical.py", line 86, in update_pos
1774271614.3565435 [logical-1]     self.pox.z = z
1774271614.3565850 [logical-1] AttributeError: 'UIController' object has no attribute 'pox'
1774271614.3757350 [logical-1] Traceback (most recent call last):
1774271614.3759537 [logical-1]   File "/home/focal/Desktop/2024_GroundStation/build/GroundStation/GroundStation/logical.py", line 86, in update_pos
1774271614.3760056 [logical-1]     self.pox.z = z
1774271614.3760481 [logical-1] AttributeError: 'UIController' object has no attribute 'pox'
1774271614.3963056 [logical-1] Traceback (most recent call last):
1774271614.3965018 [logical-1]   File "/home/focal/Desktop/2024_GroundStation/build/GroundStation/GroundStation/logical.py", line 86, in update_pos
1774271614.3965800 [logical-1]     self.pox.z = z
1774271614.3966255 [logical-1] AttributeError: 'UIController' object has no attribute 'pox'
1774271614.4154074 [logical-1] Traceback (most recent call last):
1774271614.4156072 [logical-1]   File "/home/focal/Desktop/2024_GroundStation/build/GroundStation/GroundStation/logical.py", line 86, in update_pos
1774271614.4156606 [logical-1]     self.pox.z = z
1774271614.4157028 [logical-1] AttributeError: 'UIController' object has no attribute 'pox'
1774271614.4357550 [logical-1] Traceback (most recent call last):
1774271614.4360707 [logical-1]   File "/home/focal/Desktop/2024_GroundStation/build/GroundStation/GroundStation/logical.py", line 86, in update_pos
1774271614.4367604 [logical-1]     self.pox.z = z
1774271614.4368842 [logical-1] AttributeError: 'UIController' object has no attribute 'pox'
1774271614.4555528 [logical-1] Traceback (most recent call last):
1774271614.4557989 [logical-1]   File "/home/focal/Desktop/2024_GroundStation/build/GroundStation/GroundStation/logical.py", line 86, in update_pos
1774271614.4558973 [logical-1]     self.pox.z = z
1774271614.4559438 [logical-1] AttributeError: 'UIController' object has no attribute 'pox'
1774271614.4760807 [logical-1] Traceback (most recent call last):
1774271614.4762716 [logical-1]   File "/home/focal/Desktop/2024_GroundStation/build/GroundStation/GroundStation/logical.py", line 86, in update_pos
1774271614.4763272 [logical-1]     self.pox.z = z
1774271614.4763680 [logical-1] AttributeError: 'UIController' object has no attribute 'pox'
1774271614.4959619 [logical-1] Traceback (most recent call last):
1774271614.4961839 [logical-1]   File "/home/focal/Desktop/2024_GroundStation/build/GroundStation/GroundStation/logical.py", line 86, in update_pos
1774271614.4962513 [logical-1]     self.pox.z = z
1774271614.4963076 [logical-1] AttributeError: 'UIController' object has no attribute 'pox'
1774271614.5158458 [logical-1] Traceback (most recent call last):
1774271614.5160923 [logical-1]   File "/home/focal/Desktop/2024_GroundStation/build/GroundStation/GroundStation/logical.py", line 86, in update_pos
1774271614.5161803 [logical-1]     self.pox.z = z
1774271614.5162237 [logical-1] AttributeError: 'UIController' object has no attribute 'pox'
1774271614.5354452 [logical-1] Traceback (most recent call last):
1774271614.5356748 [logical-1]   File "/home/focal/Desktop/2024_GroundStation/build/GroundStation/GroundStation/logical.py", line 86, in update_pos
1774271614.5357378 [logical-1]     self.pox.z = z
1774271614.5358348 [logical-1] AttributeError: 'UIController' object has no attribute 'pox'
1774271614.5576169 [logical-1] Traceback (most recent call last):
1774271614.5578794 [logical-1]   File "/home/focal/Desktop/2024_GroundStation/build/GroundStation/GroundStation/logical.py", line 86, in update_pos
1774271614.5579505 [logical-1]     self.pox.z = z
1774271614.5579991 [logical-1] AttributeError: 'UIController' object has no attribute 'pox'
1774271614.5756979 [logical-1] Traceback (most recent call last):
1774271614.5759289 [logical-1]   File "/home/focal/Desktop/2024_GroundStation/build/GroundStation/GroundStation/logical.py", line 86, in update_pos
1774271614.5760100 [logical-1]     self.pox.z = z
1774271614.5760598 [logical-1] AttributeError: 'UIController' object has no attribute 'pox'
1774271614.5976763 [logical-1] Traceback (most recent call last):
1774271614.5979121 [logical-1]   File "/home/focal/Desktop/2024_GroundStation/build/GroundStation/GroundStation/logical.py", line 86, in update_pos
1774271614.5979724 [logical-1]     self.pox.z = z
1774271614.5980322 [logical-1] AttributeError: 'UIController' object has no attribute 'pox'
1774271614.6158211 [logical-1] Traceback (most recent call last):
1774271614.6160238 [logical-1]   File "/home/focal/Desktop/2024_GroundStation/build/GroundStation/GroundStation/logical.py", line 86, in update_pos
1774271614.6160831 [logical-1]     self.pox.z = z
1774271614.6161344 [logical-1] AttributeError: 'UIController' object has no attribute 'pox'
1774271614.6349924 [logical-1] Traceback (most recent call last):
1774271614.6351933 [logical-1]   File "/home/focal/Desktop/2024_GroundStation/build/GroundStation/GroundStation/logical.py", line 86, in update_pos
1774271614.6352544 [logical-1]     self.pox.z = z
1774271614.6352980 [logical-1] AttributeError: 'UIController' object has no attribute 'pox'
1774271614.6555772 [logical-1] Traceback (most recent call last):
1774271614.6558125 [logical-1]   File "/home/focal/Desktop/2024_GroundStation/build/GroundStation/GroundStation/logical.py", line 86, in update_pos
1774271614.6559095 [logical-1]     self.pox.z = z
1774271614.6560154 [logical-1] AttributeError: 'UIController' object has no attribute 'pox'
1774271614.6751869 [logical-1] Traceback (most recent call last):
1774271614.6753936 [logical-1]   File "/home/focal/Desktop/2024_GroundStation/build/GroundStation/GroundStation/logical.py", line 86, in update_pos
1774271614.6754503 [logical-1]     self.pox.z = z
1774271614.6754951 [logical-1] AttributeError: 'UIController' object has no attribute 'pox'
1774271614.6950808 [logical-1] Traceback (most recent call last):
1774271614.6953411 [logical-1]   File "/home/focal/Desktop/2024_GroundStation/build/GroundStation/GroundStation/logical.py", line 86, in update_pos
1774271614.6954055 [logical-1]     self.pox.z = z
1774271614.6954539 [logical-1] AttributeError: 'UIController' object has no attribute 'pox'
1774271614.7159638 [logical-1] Traceback (most recent call last):
1774271614.7161634 [logical-1]   File "/home/focal/Desktop/2024_GroundStation/build/GroundStation/GroundStation/logical.py", line 86, in update_pos
1774271614.7162228 [logical-1]     self.pox.z = z
1774271614.7162645 [logical-1] AttributeError: 'UIController' object has no attribute 'pox'
1774271614.7353439 [logical-1] Traceback (most recent call last):
1774271614.7355294 [logical-1]   File "/home/focal/Desktop/2024_GroundStation/build/GroundStation/GroundStation/logical.py", line 86, in update_pos
1774271614.7355835 [logical-1]     self.pox.z = z
1774271614.7356267 [logical-1] AttributeError: 'UIController' object has no attribute 'pox'
1774271614.7549586 [logical-1] Traceback (most recent call last):
1774271614.7551773 [logical-1]   File "/home/focal/Desktop/2024_GroundStation/build/GroundStation/GroundStation/logical.py", line 86, in update_pos
1774271614.7552445 [logical-1]     self.pox.z = z
1774271614.7552912 [logical-1] AttributeError: 'UIController' object has no attribute 'pox'
1774271614.7764101 [logical-1] Traceback (most recent call last):
1774271614.7766294 [logical-1]   File "/home/focal/Desktop/2024_GroundStation/build/GroundStation/GroundStation/logical.py", line 86, in update_pos
1774271614.7766974 [logical-1]     self.pox.z = z
1774271614.7767386 [logical-1] AttributeError: 'UIController' object has no attribute 'pox'
1774271614.7945545 [logical-1] Traceback (most recent call last):
1774271614.7947302 [logical-1]   File "/home/focal/Desktop/2024_GroundStation/build/GroundStation/GroundStation/logical.py", line 86, in update_pos
1774271614.7947836 [logical-1]     self.pox.z = z
1774271614.7948251 [logical-1] AttributeError: 'UIController' object has no attribute 'pox'
1774271614.8175039 [logical-1] Traceback (most recent call last):
1774271614.8177004 [logical-1]   File "/home/focal/Desktop/2024_GroundStation/build/GroundStation/GroundStation/logical.py", line 86, in update_pos
1774271614.8177705 [logical-1]     self.pox.z = z
1774271614.8178132 [logical-1] AttributeError: 'UIController' object has no attribute 'pox'
1774271614.8358536 [logical-1] Traceback (most recent call last):
1774271614.8361013 [logical-1]   File "/home/focal/Desktop/2024_GroundStation/build/GroundStation/GroundStation/logical.py", line 86, in update_pos
1774271614.8361621 [logical-1]     self.pox.z = z
1774271614.8362064 [logical-1] AttributeError: 'UIController' object has no attribute 'pox'
1774271614.8565524 [logical-1] Traceback (most recent call last):
1774271614.8567941 [logical-1]   File "/home/focal/Desktop/2024_GroundStation/build/GroundStation/GroundStation/logical.py", line 86, in update_pos
1774271614.8568678 [logical-1]     self.pox.z = z
1774271614.8569126 [logical-1] AttributeError: 'UIController' object has no attribute 'pox'
1774271614.8753045 [logical-1] Traceback (most recent call last):
1774271614.8755257 [logical-1]   File "/home/focal/Desktop/2024_GroundStation/build/GroundStation/GroundStation/logical.py", line 86, in update_pos
1774271614.8755856 [logical-1]     self.pox.z = z
1774271614.8756344 [logical-1] AttributeError: 'UIController' object has no attribute 'pox'
1774271614.8951283 [logical-1] Traceback (most recent call last):
1774271614.8953528 [logical-1]   File "/home/focal/Desktop/2024_GroundStation/build/GroundStation/GroundStation/logical.py", line 86, in update_pos
1774271614.8954144 [logical-1]     self.pox.z = z
1774271614.8954632 [logical-1] AttributeError: 'UIController' object has no attribute 'pox'
1774271614.9150047 [logical-1] Traceback (most recent call last):
1774271614.9152298 [logical-1]   File "/home/focal/Desktop/2024_GroundStation/build/GroundStation/GroundStation/logical.py", line 86, in update_pos
1774271614.9153011 [logical-1]     self.pox.z = z
1774271614.9153500 [logical-1] AttributeError: 'UIController' object has no attribute 'pox'
1774271614.9356601 [logical-1] Traceback (most recent call last):
1774271614.9359052 [logical-1]   File "/home/focal/Desktop/2024_GroundStation/build/GroundStation/GroundStation/logical.py", line 86, in update_pos
1774271614.9359910 [logical-1]     self.pox.z = z
1774271614.9360523 [logical-1] AttributeError: 'UIController' object has no attribute 'pox'
1774271614.9564180 [logical-1] Traceback (most recent call last):
1774271614.9566603 [logical-1]   File "/home/focal/Desktop/2024_GroundStation/build/GroundStation/GroundStation/logical.py", line 86, in update_pos
1774271614.9567318 [logical-1]     self.pox.z = z
1774271614.9567838 [logical-1] AttributeError: 'UIController' object has no attribute 'pox'
1774271614.9752409 [logical-1] Traceback (most recent call last):
1774271614.9754457 [logical-1]   File "/home/focal/Desktop/2024_GroundStation/build/GroundStation/GroundStation/logical.py", line 86, in update_pos
1774271614.9755018 [logical-1]     self.pox.z = z
1774271614.9755464 [logical-1] AttributeError: 'UIController' object has no attribute 'pox'
1774271614.9966352 [logical-1] Traceback (most recent call last):
1774271614.9968998 [logical-1]   File "/home/focal/Desktop/2024_GroundStation/build/GroundStation/GroundStation/logical.py", line 86, in update_pos
1774271614.9970458 [logical-1]     self.pox.z = z
1774271614.9971175 [logical-1] AttributeError: 'UIController' object has no attribute 'pox'
1774271615.0146763 [logical-1] Traceback (most recent call last):
1774271615.0149140 [logical-1]   File "/home/focal/Desktop/2024_GroundStation/build/GroundStation/GroundStation/logical.py", line 86, in update_pos
1774271615.0149829 [logical-1]     self.pox.z = z
1774271615.0150309 [logical-1] AttributeError: 'UIController' object has no attribute 'pox'
1774271615.0380797 [logical-1] Traceback (most recent call last):
1774271615.0382874 [logical-1]   File "/home/focal/Desktop/2024_GroundStation/build/GroundStation/GroundStation/logical.py", line 86, in update_pos
1774271615.0383506 [logical-1]     self.pox.z = z
1774271615.0383961 [logical-1] AttributeError: 'UIController' object has no attribute 'pox'
1774271615.0582294 [logical-1] Traceback (most recent call last):
1774271615.0585959 [logical-1]   File "/home/focal/Desktop/2024_GroundStation/build/GroundStation/GroundStation/logical.py", line 86, in update_pos
1774271615.0587256 [logical-1]     self.pox.z = z
1774271615.0587912 [logical-1] AttributeError: 'UIController' object has no attribute 'pox'
1774271615.0767326 [logical-1] Traceback (most recent call last):
1774271615.0769584 [logical-1]   File "/home/focal/Desktop/2024_GroundStation/build/GroundStation/GroundStation/logical.py", line 86, in update_pos
1774271615.0770171 [logical-1]     self.pox.z = z
1774271615.0770617 [logical-1] AttributeError: 'UIController' object has no attribute 'pox'
1774271615.0975139 [logical-1] Traceback (most recent call last):
1774271615.0977225 [logical-1]   File "/home/focal/Desktop/2024_GroundStation/build/GroundStation/GroundStation/logical.py", line 86, in update_pos
1774271615.0977802 [logical-1]     self.pox.z = z
1774271615.0978308 [logical-1] AttributeError: 'UIController' object has no attribute 'pox'
1774271615.1174579 [logical-1] Traceback (most recent call last):
1774271615.1177661 [logical-1]   File "/home/focal/Desktop/2024_GroundStation/build/GroundStation/GroundStation/logical.py", line 86, in update_pos
1774271615.1178377 [logical-1]     self.pox.z = z
1774271615.1178839 [logical-1] AttributeError: 'UIController' object has no attribute 'pox'
1774271615.1391895 [logical-1] Traceback (most recent call last):
1774271615.1395857 [logical-1]   File "/home/focal/Desktop/2024_GroundStation/build/GroundStation/GroundStation/logical.py", line 86, in update_pos
1774271615.1396894 [logical-1]     self.pox.z = z
1774271615.1397629 [logical-1] AttributeError: 'UIController' object has no attribute 'pox'
1774271615.1558642 [logical-1] Traceback (most recent call last):
1774271615.1561220 [logical-1]   File "/home/focal/Desktop/2024_GroundStation/build/GroundStation/GroundStation/logical.py", line 86, in update_pos
1774271615.1561916 [logical-1]     self.pox.z = z
1774271615.1562393 [logical-1] AttributeError: 'UIController' object has no attribute 'pox'
1774271615.1770606 [logical-1] Traceback (most recent call last):
1774271615.1772792 [logical-1]   File "/home/focal/Desktop/2024_GroundStation/build/GroundStation/GroundStation/logical.py", line 86, in update_pos
1774271615.1773374 [logical-1]     self.pox.z = z
1774271615.1773837 [logical-1] AttributeError: 'UIController' object has no attribute 'pox'
1774271615.1963005 [logical-1] Traceback (most recent call last):
1774271615.1965756 [logical-1]   File "/home/focal/Desktop/2024_GroundStation/build/GroundStation/GroundStation/logical.py", line 86, in update_pos
1774271615.1966565 [logical-1]     self.pox.z = z
1774271615.1967053 [logical-1] AttributeError: 'UIController' object has no attribute 'pox'
1774271615.2158358 [logical-1] Traceback (most recent call last):
1774271615.2160881 [logical-1]   File "/home/focal/Desktop/2024_GroundStation/build/GroundStation/GroundStation/logical.py", line 86, in update_pos
1774271615.2161865 [logical-1]     self.pox.z = z
1774271615.2162461 [logical-1] AttributeError: 'UIController' object has no attribute 'pox'
1774271615.2367549 [logical-1] Traceback (most recent call last):
1774271615.2370250 [logical-1]   File "/home/focal/Desktop/2024_GroundStation/build/GroundStation/GroundStation/logical.py", line 86, in update_pos
1774271615.2370837 [logical-1]     self.pox.z = z
1774271615.2371306 [logical-1] AttributeError: 'UIController' object has no attribute 'pox'
1774271615.2579579 [logical-1] Traceback (most recent call last):
1774271615.2581747 [logical-1]   File "/home/focal/Desktop/2024_GroundStation/build/GroundStation/GroundStation/logical.py", line 86, in update_pos
1774271615.2582335 [logical-1]     self.pox.z = z
1774271615.2583032 [logical-1] AttributeError: 'UIController' object has no attribute 'pox'
1774271615.2764409 [logical-1] Traceback (most recent call last):
1774271615.2766988 [logical-1]   File "/home/focal/Desktop/2024_GroundStation/build/GroundStation/GroundStation/logical.py", line 86, in update_pos
1774271615.2767847 [logical-1]     self.pox.z = z
1774271615.2768328 [logical-1] AttributeError: 'UIController' object has no attribute 'pox'
1774271615.2960179 [logical-1] Traceback (most recent call last):
1774271615.2962945 [logical-1]   File "/home/focal/Desktop/2024_GroundStation/build/GroundStation/GroundStation/logical.py", line 86, in update_pos
1774271615.2963634 [logical-1]     self.pox.z = z
1774271615.2964442 [logical-1] AttributeError: 'UIController' object has no attribute 'pox'
1774271615.3165493 [logical-1] Traceback (most recent call last):
1774271615.3168645 [logical-1]   File "/home/focal/Desktop/2024_GroundStation/build/GroundStation/GroundStation/logical.py", line 86, in update_pos
1774271615.3169940 [logical-1]     self.pox.z = z
1774271615.3170488 [logical-1] AttributeError: 'UIController' object has no attribute 'pox'
1774271615.3357341 [logical-1] Traceback (most recent call last):
1774271615.3359687 [logical-1]   File "/home/focal/Desktop/2024_GroundStation/build/GroundStation/GroundStation/logical.py", line 86, in update_pos
1774271615.3360209 [logical-1]     self.pox.z = z
1774271615.3360624 [logical-1] AttributeError: 'UIController' object has no attribute 'pox'
1774271615.3557293 [logical-1] Traceback (most recent call last):
1774271615.3559463 [logical-1]   File "/home/focal/Desktop/2024_GroundStation/build/GroundStation/GroundStation/logical.py", line 86, in update_pos
1774271615.3560097 [logical-1]     self.pox.z = z
1774271615.3560534 [logical-1] AttributeError: 'UIController' object has no attribute 'pox'
1774271615.3754871 [logical-1] Traceback (most recent call last):
1774271615.3756812 [logical-1]   File "/home/focal/Desktop/2024_GroundStation/build/GroundStation/GroundStation/logical.py", line 86, in update_pos
1774271615.3757365 [logical-1]     self.pox.z = z
1774271615.3757792 [logical-1] AttributeError: 'UIController' object has no attribute 'pox'
1774271615.3967009 [logical-1] Traceback (most recent call last):
1774271615.3969314 [logical-1]   File "/home/focal/Desktop/2024_GroundStation/build/GroundStation/GroundStation/logical.py", line 86, in update_pos
1774271615.3969934 [logical-1]     self.pox.z = z
1774271615.3970404 [logical-1] AttributeError: 'UIController' object has no attribute 'pox'
1774271615.4170496 [logical-1] Traceback (most recent call last):
1774271615.4173121 [logical-1]   File "/home/focal/Desktop/2024_GroundStation/build/GroundStation/GroundStation/logical.py", line 86, in update_pos
1774271615.4173815 [logical-1]     self.pox.z = z
1774271615.4174359 [logical-1] AttributeError: 'UIController' object has no attribute 'pox'
1774271615.4357829 [logical-1] Traceback (most recent call last):
1774271615.4360528 [logical-1]   File "/home/focal/Desktop/2024_GroundStation/build/GroundStation/GroundStation/logical.py", line 86, in update_pos
1774271615.4361351 [logical-1]     self.pox.z = z
1774271615.4361918 [logical-1] AttributeError: 'UIController' object has no attribute 'pox'
1774271615.4563699 [logical-1] Traceback (most recent call last):
1774271615.4565859 [logical-1]   File "/home/focal/Desktop/2024_GroundStation/build/GroundStation/GroundStation/logical.py", line 86, in update_pos
1774271615.4566517 [logical-1]     self.pox.z = z
1774271615.4567013 [logical-1] AttributeError: 'UIController' object has no attribute 'pox'
1774271615.4767628 [logical-1] Traceback (most recent call last):
1774271615.4769828 [logical-1]   File "/home/focal/Desktop/2024_GroundStation/build/GroundStation/GroundStation/logical.py", line 86, in update_pos
1774271615.4770422 [logical-1]     self.pox.z = z
1774271615.4770885 [logical-1] AttributeError: 'UIController' object has no attribute 'pox'
1774271615.4966557 [logical-1] Traceback (most recent call last):
1774271615.4969125 [logical-1]   File "/home/focal/Desktop/2024_GroundStation/build/GroundStation/GroundStation/logical.py", line 86, in update_pos
1774271615.4970076 [logical-1]     self.pox.z = z
1774271615.4970679 [logical-1] AttributeError: 'UIController' object has no attribute 'pox'
1774271615.5160549 [logical-1] Traceback (most recent call last):
1774271615.5162666 [logical-1]   File "/home/focal/Desktop/2024_GroundStation/build/GroundStation/GroundStation/logical.py", line 86, in update_pos
1774271615.5163252 [logical-1]     self.pox.z = z
1774271615.5163696 [logical-1] AttributeError: 'UIController' object has no attribute 'pox'
1774271615.5383146 [logical-1] Traceback (most recent call last):
1774271615.5386345 [logical-1]   File "/home/focal/Desktop/2024_GroundStation/build/GroundStation/GroundStation/logical.py", line 86, in update_pos
1774271615.5387197 [logical-1]     self.pox.z = z
1774271615.5387664 [logical-1] AttributeError: 'UIController' object has no attribute 'pox'
1774271615.5553875 [logical-1] Traceback (most recent call last):
1774271615.5556090 [logical-1]   File "/home/focal/Desktop/2024_GroundStation/build/GroundStation/GroundStation/logical.py", line 86, in update_pos
1774271615.5556731 [logical-1]     self.pox.z = z
1774271615.5557237 [logical-1] AttributeError: 'UIController' object has no attribute 'pox'
1774271615.5750377 [logical-1] Traceback (most recent call last):
1774271615.5752590 [logical-1]   File "/home/focal/Desktop/2024_GroundStation/build/GroundStation/GroundStation/logical.py", line 86, in update_pos
1774271615.5753217 [logical-1]     self.pox.z = z
1774271615.5753891 [logical-1] AttributeError: 'UIController' object has no attribute 'pox'
1774271615.5961568 [logical-1] Traceback (most recent call last):
1774271615.5964642 [logical-1]   File "/home/focal/Desktop/2024_GroundStation/build/GroundStation/GroundStation/logical.py", line 86, in update_pos
1774271615.5965602 [logical-1]     self.pox.z = z
1774271615.5966752 [logical-1] AttributeError: 'UIController' object has no attribute 'pox'
1774271615.6158719 [logical-1] Traceback (most recent call last):
1774271615.6160896 [logical-1]   File "/home/focal/Desktop/2024_GroundStation/build/GroundStation/GroundStation/logical.py", line 86, in update_pos
1774271615.6161511 [logical-1]     self.pox.z = z
1774271615.6162009 [logical-1] AttributeError: 'UIController' object has no attribute 'pox'
1774271615.6355760 [logical-1] Traceback (most recent call last):
1774271615.6358802 [logical-1]   File "/home/focal/Desktop/2024_GroundStation/build/GroundStation/GroundStation/logical.py", line 86, in update_pos
1774271615.6359923 [logical-1]     self.pox.z = z
1774271615.6360757 [logical-1] AttributeError: 'UIController' object has no attribute 'pox'
1774271615.6563177 [logical-1] Traceback (most recent call last):
1774271615.6565235 [logical-1]   File "/home/focal/Desktop/2024_GroundStation/build/GroundStation/GroundStation/logical.py", line 86, in update_pos
1774271615.6565876 [logical-1]     self.pox.z = z
1774271615.6566584 [logical-1] AttributeError: 'UIController' object has no attribute 'pox'
1774271615.6757450 [logical-1] Traceback (most recent call last):
1774271615.6759925 [logical-1]   File "/home/focal/Desktop/2024_GroundStation/build/GroundStation/GroundStation/logical.py", line 86, in update_pos
1774271615.6760559 [logical-1]     self.pox.z = z
1774271615.6761069 [logical-1] AttributeError: 'UIController' object has no attribute 'pox'
1774271615.6956792 [logical-1] Traceback (most recent call last):
1774271615.6958933 [logical-1]   File "/home/focal/Desktop/2024_GroundStation/build/GroundStation/GroundStation/logical.py", line 86, in update_pos
1774271615.6959558 [logical-1]     self.pox.z = z
1774271615.6960166 [logical-1] AttributeError: 'UIController' object has no attribute 'pox'
1774271615.7148838 [logical-1] Traceback (most recent call last):
1774271615.7151687 [logical-1]   File "/home/focal/Desktop/2024_GroundStation/build/GroundStation/GroundStation/logical.py", line 86, in update_pos
1774271615.7152615 [logical-1]     self.pox.z = z
1774271615.7153301 [logical-1] AttributeError: 'UIController' object has no attribute 'pox'
1774271615.7369740 [logical-1] Traceback (most recent call last):
1774271615.7372172 [logical-1]   File "/home/focal/Desktop/2024_GroundStation/build/GroundStation/GroundStation/logical.py", line 86, in update_pos
1774271615.7372808 [logical-1]     self.pox.z = z
1774271615.7373316 [logical-1] AttributeError: 'UIController' object has no attribute 'pox'
1774271615.7558894 [logical-1] Traceback (most recent call last):
1774271615.7561433 [logical-1]   File "/home/focal/Desktop/2024_GroundStation/build/GroundStation/GroundStation/logical.py", line 86, in update_pos
1774271615.7562053 [logical-1]     self.pox.z = z
1774271615.7562551 [logical-1] AttributeError: 'UIController' object has no attribute 'pox'
1774271615.7761731 [logical-1] Traceback (most recent call last):
1774271615.7764030 [logical-1]   File "/home/focal/Desktop/2024_GroundStation/build/GroundStation/GroundStation/logical.py", line 86, in update_pos
1774271615.7764814 [logical-1]     self.pox.z = z
1774271615.7765334 [logical-1] AttributeError: 'UIController' object has no attribute 'pox'
1774271615.7962072 [logical-1] Traceback (most recent call last):
1774271615.7964330 [logical-1]   File "/home/focal/Desktop/2024_GroundStation/build/GroundStation/GroundStation/logical.py", line 86, in update_pos
1774271615.7965415 [logical-1]     self.pox.z = z
1774271615.7965965 [logical-1] AttributeError: 'UIController' object has no attribute 'pox'
1774271615.8169436 [logical-1] Traceback (most recent call last):
1774271615.8171489 [logical-1]   File "/home/focal/Desktop/2024_GroundStation/build/GroundStation/GroundStation/logical.py", line 86, in update_pos
1774271615.8172100 [logical-1]     self.pox.z = z
1774271615.8172591 [logical-1] AttributeError: 'UIController' object has no attribute 'pox'
1774271615.8365514 [logical-1] Traceback (most recent call last):
1774271615.8367844 [logical-1]   File "/home/focal/Desktop/2024_GroundStation/build/GroundStation/GroundStation/logical.py", line 86, in update_pos
1774271615.8368461 [logical-1]     self.pox.z = z
1774271615.8368943 [logical-1] AttributeError: 'UIController' object has no attribute 'pox'
1774271615.8568156 [logical-1] Traceback (most recent call last):
1774271615.8570576 [logical-1]   File "/home/focal/Desktop/2024_GroundStation/build/GroundStation/GroundStation/logical.py", line 86, in update_pos
1774271615.8571219 [logical-1]     self.pox.z = z
1774271615.8571699 [logical-1] AttributeError: 'UIController' object has no attribute 'pox'
1774271615.8770642 [logical-1] Traceback (most recent call last):
1774271615.8773177 [logical-1]   File "/home/focal/Desktop/2024_GroundStation/build/GroundStation/GroundStation/logical.py", line 86, in update_pos
1774271615.8773921 [logical-1]     self.pox.z = z
1774271615.8774469 [logical-1] AttributeError: 'UIController' object has no attribute 'pox'
1774271615.8974388 [logical-1] Traceback (most recent call last):
1774271615.8976550 [logical-1]   File "/home/focal/Desktop/2024_GroundStation/build/GroundStation/GroundStation/logical.py", line 86, in update_pos
1774271615.8977218 [logical-1]     self.pox.z = z
1774271615.8977785 [logical-1] AttributeError: 'UIController' object has no attribute 'pox'
1774271615.9156265 [logical-1] Traceback (most recent call last):
1774271615.9158571 [logical-1]   File "/home/focal/Desktop/2024_GroundStation/build/GroundStation/GroundStation/logical.py", line 86, in update_pos
1774271615.9159141 [logical-1]     self.pox.z = z
1774271615.9159582 [logical-1] AttributeError: 'UIController' object has no attribute 'pox'
1774271615.9375575 [logical-1] Traceback (most recent call last):
1774271615.9377754 [logical-1]   File "/home/focal/Desktop/2024_GroundStation/build/GroundStation/GroundStation/logical.py", line 86, in update_pos
1774271615.9378431 [logical-1]     self.pox.z = z
1774271615.9379587 [logical-1] AttributeError: 'UIController' object has no attribute 'pox'
1774271615.9568152 [logical-1] Traceback (most recent call last):
1774271615.9570622 [logical-1]   File "/home/focal/Desktop/2024_GroundStation/build/GroundStation/GroundStation/logical.py", line 86, in update_pos
1774271615.9571853 [logical-1]     self.pox.z = z
1774271615.9572384 [logical-1] AttributeError: 'UIController' object has no attribute 'pox'
1774271615.9752250 [logical-1] Traceback (most recent call last):
1774271615.9754763 [logical-1]   File "/home/focal/Desktop/2024_GroundStation/build/GroundStation/GroundStation/logical.py", line 86, in update_pos
1774271615.9755564 [logical-1]     self.pox.z = z
1774271615.9756076 [logical-1] AttributeError: 'UIController' object has no attribute 'pox'
1774271615.9959488 [logical-1] Traceback (most recent call last):
1774271615.9962692 [logical-1]   File "/home/focal/Desktop/2024_GroundStation/build/GroundStation/GroundStation/logical.py", line 86, in update_pos
1774271615.9963548 [logical-1]     self.pox.z = z
1774271615.9964077 [logical-1] AttributeError: 'UIController' object has no attribute 'pox'
1774271616.0167322 [logical-1] Traceback (most recent call last):
1774271616.0169692 [logical-1]   File "/home/focal/Desktop/2024_GroundStation/build/GroundStation/GroundStation/logical.py", line 86, in update_pos
1774271616.0170994 [logical-1]     self.pox.z = z
1774271616.0171640 [logical-1] AttributeError: 'UIController' object has no attribute 'pox'
1774271616.0377510 [logical-1] Traceback (most recent call last):
1774271616.0379541 [logical-1]   File "/home/focal/Desktop/2024_GroundStation/build/GroundStation/GroundStation/logical.py", line 86, in update_pos
1774271616.0380630 [logical-1]     self.pox.z = z
1774271616.0381179 [logical-1] AttributeError: 'UIController' object has no attribute 'pox'
1774271616.0559814 [logical-1] Traceback (most recent call last):
1774271616.0562050 [logical-1]   File "/home/focal/Desktop/2024_GroundStation/build/GroundStation/GroundStation/logical.py", line 86, in update_pos
1774271616.0562677 [logical-1]     self.pox.z = z
1774271616.0563235 [logical-1] AttributeError: 'UIController' object has no attribute 'pox'
1774271616.0761123 [logical-1] Traceback (most recent call last):
1774271616.0763321 [logical-1]   File "/home/focal/Desktop/2024_GroundStation/build/GroundStation/GroundStation/logical.py", line 86, in update_pos
1774271616.0763950 [logical-1]     self.pox.z = z
1774271616.0764444 [logical-1] AttributeError: 'UIController' object has no attribute 'pox'
1774271616.0966208 [logical-1] Traceback (most recent call last):
1774271616.0968213 [logical-1]   File "/home/focal/Desktop/2024_GroundStation/build/GroundStation/GroundStation/logical.py", line 86, in update_pos
1774271616.0968802 [logical-1]     self.pox.z = z
1774271616.0969288 [logical-1] AttributeError: 'UIController' object has no attribute 'pox'
1774271616.1170950 [logical-1] Traceback (most recent call last):
1774271616.1172976 [logical-1]   File "/home/focal/Desktop/2024_GroundStation/build/GroundStation/GroundStation/logical.py", line 86, in update_pos
1774271616.1173630 [logical-1]     self.pox.z = z
1774271616.1174104 [logical-1] AttributeError: 'UIController' object has no attribute 'pox'
1774271616.1364505 [logical-1] Traceback (most recent call last):
1774271616.1366794 [logical-1]   File "/home/focal/Desktop/2024_GroundStation/build/GroundStation/GroundStation/logical.py", line 86, in update_pos
1774271616.1367457 [logical-1]     self.pox.z = z
1774271616.1367927 [logical-1] AttributeError: 'UIController' object has no attribute 'pox'
1774271616.1560791 [logical-1] Traceback (most recent call last):
1774271616.1563003 [logical-1]   File "/home/focal/Desktop/2024_GroundStation/build/GroundStation/GroundStation/logical.py", line 86, in update_pos
1774271616.1563733 [logical-1]     self.pox.z = z
1774271616.1564195 [logical-1] AttributeError: 'UIController' object has no attribute 'pox'
1774271616.1756825 [logical-1] Traceback (most recent call last):
1774271616.1759055 [logical-1]   File "/home/focal/Desktop/2024_GroundStation/build/GroundStation/GroundStation/logical.py", line 86, in update_pos
1774271616.1759610 [logical-1]     self.pox.z = z
1774271616.1760075 [logical-1] AttributeError: 'UIController' object has no attribute 'pox'
1774271616.2005363 [logical-1] Traceback (most recent call last):
1774271616.2008173 [logical-1]   File "/home/focal/Desktop/2024_GroundStation/build/GroundStation/GroundStation/logical.py", line 86, in update_pos
1774271616.2009983 [logical-1]     self.pox.z = z
1774271616.2010772 [logical-1] AttributeError: 'UIController' object has no attribute 'pox'
1774271616.2160392 [logical-1] Traceback (most recent call last):
1774271616.2162428 [logical-1]   File "/home/focal/Desktop/2024_GroundStation/build/GroundStation/GroundStation/logical.py", line 86, in update_pos
1774271616.2162995 [logical-1]     self.pox.z = z
1774271616.2163460 [logical-1] AttributeError: 'UIController' object has no attribute 'pox'
1774271616.2370737 [logical-1] Traceback (most recent call last):
1774271616.2372978 [logical-1]   File "/home/focal/Desktop/2024_GroundStation/build/GroundStation/GroundStation/logical.py", line 86, in update_pos
1774271616.2373734 [logical-1]     self.pox.z = z
1774271616.2374203 [logical-1] AttributeError: 'UIController' object has no attribute 'pox'
1774271616.2550988 [logical-1] Traceback (most recent call last):
1774271616.2552931 [logical-1]   File "/home/focal/Desktop/2024_GroundStation/build/GroundStation/GroundStation/logical.py", line 86, in update_pos
1774271616.2553492 [logical-1]     self.pox.z = z
1774271616.2553935 [logical-1] AttributeError: 'UIController' object has no attribute 'pox'
1774271616.2760389 [logical-1] Traceback (most recent call last):
1774271616.2762411 [logical-1]   File "/home/focal/Desktop/2024_GroundStation/build/GroundStation/GroundStation/logical.py", line 86, in update_pos
1774271616.2763000 [logical-1]     self.pox.z = z
1774271616.2763474 [logical-1] AttributeError: 'UIController' object has no attribute 'pox'
1774271616.2949250 [logical-1] Traceback (most recent call last):
1774271616.2951052 [logical-1]   File "/home/focal/Desktop/2024_GroundStation/build/GroundStation/GroundStation/logical.py", line 86, in update_pos
1774271616.2951584 [logical-1]     self.pox.z = z
1774271616.2952008 [logical-1] AttributeError: 'UIController' object has no attribute 'pox'
1774271616.3160107 [logical-1] Traceback (most recent call last):
1774271616.3162024 [logical-1]   File "/home/focal/Desktop/2024_GroundStation/build/GroundStation/GroundStation/logical.py", line 86, in update_pos
1774271616.3162589 [logical-1]     self.pox.z = z
1774271616.3163040 [logical-1] AttributeError: 'UIController' object has no attribute 'pox'
1774271616.3346252 [logical-1] Traceback (most recent call last):
1774271616.3348727 [logical-1]   File "/home/focal/Desktop/2024_GroundStation/build/GroundStation/GroundStation/logical.py", line 86, in update_pos
1774271616.3349364 [logical-1]     self.pox.z = z
1774271616.3349838 [logical-1] AttributeError: 'UIController' object has no attribute 'pox'
1774271616.3553579 [logical-1] Traceback (most recent call last):
1774271616.3555818 [logical-1]   File "/home/focal/Desktop/2024_GroundStation/build/GroundStation/GroundStation/logical.py", line 86, in update_pos
1774271616.3556426 [logical-1]     self.pox.z = z
1774271616.3556931 [logical-1] AttributeError: 'UIController' object has no attribute 'pox'
1774271616.3760951 [logical-1] Traceback (most recent call last):
1774271616.3763428 [logical-1]   File "/home/focal/Desktop/2024_GroundStation/build/GroundStation/GroundStation/logical.py", line 86, in update_pos
1774271616.3764119 [logical-1]     self.pox.z = z
1774271616.3764577 [logical-1] AttributeError: 'UIController' object has no attribute 'pox'
1774271616.3957906 [logical-1] Traceback (most recent call last):
1774271616.3960118 [logical-1]   File "/home/focal/Desktop/2024_GroundStation/build/GroundStation/GroundStation/logical.py", line 86, in update_pos
1774271616.3960974 [logical-1]     self.pox.z = z
1774271616.3961852 [logical-1] AttributeError: 'UIController' object has no attribute 'pox'
1774271616.4169734 [logical-1] Traceback (most recent call last):
1774271616.4171851 [logical-1]   File "/home/focal/Desktop/2024_GroundStation/build/GroundStation/GroundStation/logical.py", line 86, in update_pos
1774271616.4172449 [logical-1]     self.pox.z = z
1774271616.4172904 [logical-1] AttributeError: 'UIController' object has no attribute 'pox'
1774271616.4365857 [logical-1] Traceback (most recent call last):
1774271616.4367964 [logical-1]   File "/home/focal/Desktop/2024_GroundStation/build/GroundStation/GroundStation/logical.py", line 86, in update_pos
1774271616.4368553 [logical-1]     self.pox.z = z
1774271616.4369028 [logical-1] AttributeError: 'UIController' object has no attribute 'pox'
1774271616.4554443 [logical-1] Traceback (most recent call last):
1774271616.4556394 [logical-1]   File "/home/focal/Desktop/2024_GroundStation/build/GroundStation/GroundStation/logical.py", line 86, in update_pos
1774271616.4556983 [logical-1]     self.pox.z = z
1774271616.4557505 [logical-1] AttributeError: 'UIController' object has no attribute 'pox'
1774271616.4757409 [logical-1] Traceback (most recent call last):
1774271616.4759436 [logical-1]   File "/home/focal/Desktop/2024_GroundStation/build/GroundStation/GroundStation/logical.py", line 86, in update_pos
1774271616.4760017 [logical-1]     self.pox.z = z
1774271616.4760489 [logical-1] AttributeError: 'UIController' object has no attribute 'pox'
1774271616.4958141 [logical-1] Traceback (most recent call last):
1774271616.4960968 [logical-1]   File "/home/focal/Desktop/2024_GroundStation/build/GroundStation/GroundStation/logical.py", line 86, in update_pos
1774271616.4962752 [logical-1]     self.pox.z = z
1774271616.4963696 [logical-1] AttributeError: 'UIController' object has no attribute 'pox'
1774271616.5154698 [logical-1] Traceback (most recent call last):
1774271616.5156629 [logical-1]   File "/home/focal/Desktop/2024_GroundStation/build/GroundStation/GroundStation/logical.py", line 86, in update_pos
1774271616.5157225 [logical-1]     self.pox.z = z
1774271616.5157685 [logical-1] AttributeError: 'UIController' object has no attribute 'pox'
1774271616.5366857 [logical-1] Traceback (most recent call last):
1774271616.5368819 [logical-1]   File "/home/focal/Desktop/2024_GroundStation/build/GroundStation/GroundStation/logical.py", line 86, in update_pos
1774271616.5369399 [logical-1]     self.pox.z = z
1774271616.5369864 [logical-1] AttributeError: 'UIController' object has no attribute 'pox'
1774271616.5547073 [logical-1] Traceback (most recent call last):
1774271616.5549161 [logical-1]   File "/home/focal/Desktop/2024_GroundStation/build/GroundStation/GroundStation/logical.py", line 86, in update_pos
1774271616.5550356 [logical-1]     self.pox.z = z
1774271616.5550954 [logical-1] AttributeError: 'UIController' object has no attribute 'pox'
1774271616.5755498 [logical-1] Traceback (most recent call last):
1774271616.5758252 [logical-1]   File "/home/focal/Desktop/2024_GroundStation/build/GroundStation/GroundStation/logical.py", line 86, in update_pos
1774271616.5759068 [logical-1]     self.pox.z = z
1774271616.5759699 [logical-1] AttributeError: 'UIController' object has no attribute 'pox'
1774271616.5957308 [logical-1] Traceback (most recent call last):
1774271616.5959198 [logical-1]   File "/home/focal/Desktop/2024_GroundStation/build/GroundStation/GroundStation/logical.py", line 86, in update_pos
1774271616.5959756 [logical-1]     self.pox.z = z
1774271616.5960178 [logical-1] AttributeError: 'UIController' object has no attribute 'pox'
1774271616.6149418 [logical-1] Traceback (most recent call last):
1774271616.6151216 [logical-1]   File "/home/focal/Desktop/2024_GroundStation/build/GroundStation/GroundStation/logical.py", line 86, in update_pos
1774271616.6151757 [logical-1]     self.pox.z = z
1774271616.6152170 [logical-1] AttributeError: 'UIController' object has no attribute 'pox'
1774271616.6364217 [logical-1] Traceback (most recent call last):
1774271616.6366460 [logical-1]   File "/home/focal/Desktop/2024_GroundStation/build/GroundStation/GroundStation/logical.py", line 86, in update_pos
1774271616.6367083 [logical-1]     self.pox.z = z
1774271616.6367528 [logical-1] AttributeError: 'UIController' object has no attribute 'pox'
1774271616.6558151 [logical-1] Traceback (most recent call last):
1774271616.6560187 [logical-1]   File "/home/focal/Desktop/2024_GroundStation/build/GroundStation/GroundStation/logical.py", line 86, in update_pos
1774271616.6560771 [logical-1]     self.pox.z = z
1774271616.6561248 [logical-1] AttributeError: 'UIController' object has no attribute 'pox'
1774271616.6752961 [logical-1] Traceback (most recent call last):
1774271616.6755705 [logical-1]   File "/home/focal/Desktop/2024_GroundStation/build/GroundStation/GroundStation/logical.py", line 86, in update_pos
1774271616.6756365 [logical-1]     self.pox.z = z
1774271616.6756856 [logical-1] AttributeError: 'UIController' object has no attribute 'pox'
1774271616.6966841 [logical-1] Traceback (most recent call last):
1774271616.6968851 [logical-1]   File "/home/focal/Desktop/2024_GroundStation/build/GroundStation/GroundStation/logical.py", line 86, in update_pos
1774271616.6969609 [logical-1]     self.pox.z = z
1774271616.6970088 [logical-1] AttributeError: 'UIController' object has no attribute 'pox'
1774271616.7166100 [logical-1] Traceback (most recent call last):
1774271616.7168105 [logical-1]   File "/home/focal/Desktop/2024_GroundStation/build/GroundStation/GroundStation/logical.py", line 86, in update_pos
1774271616.7168682 [logical-1]     self.pox.z = z
1774271616.7169216 [logical-1] AttributeError: 'UIController' object has no attribute 'pox'
1774271616.7373786 [logical-1] Traceback (most recent call last):
1774271616.7375727 [logical-1]   File "/home/focal/Desktop/2024_GroundStation/build/GroundStation/GroundStation/logical.py", line 86, in update_pos
1774271616.7376287 [logical-1]     self.pox.z = z
1774271616.7376721 [logical-1] AttributeError: 'UIController' object has no attribute 'pox'
1774271616.7555392 [logical-1] Traceback (most recent call last):
1774271616.7557225 [logical-1]   File "/home/focal/Desktop/2024_GroundStation/build/GroundStation/GroundStation/logical.py", line 86, in update_pos
1774271616.7557881 [logical-1]     self.pox.z = z
1774271616.7558336 [logical-1] AttributeError: 'UIController' object has no attribute 'pox'
1774271616.7763529 [logical-1] Traceback (most recent call last):
1774271616.7765937 [logical-1]   File "/home/focal/Desktop/2024_GroundStation/build/GroundStation/GroundStation/logical.py", line 86, in update_pos
1774271616.7766564 [logical-1]     self.pox.z = z
1774271616.7767036 [logical-1] AttributeError: 'UIController' object has no attribute 'pox'
1774271616.7979558 [logical-1] Traceback (most recent call last):
1774271616.7981994 [logical-1]   File "/home/focal/Desktop/2024_GroundStation/build/GroundStation/GroundStation/logical.py", line 86, in update_pos
1774271616.7982852 [logical-1]     self.pox.z = z
1774271616.7983348 [logical-1] AttributeError: 'UIController' object has no attribute 'pox'
1774271617.1202552 [INFO] [logical-1]: process has finished cleanly [pid 8489]
