1775389772.7429416 [INFO] [launch]: All log files can be found below /home/focal/Desktop/2024_GroundStation/run_log/2026-04-05-04-49-32-738931-ubuntu-20338
1775389772.7433057 [INFO] [launch]: Default logging verbosity is set to INFO
1775389772.8209913 [INFO] [navNode-1]: process started with pid [20340]
1775389773.1531661 [navNode-1] [INFO] [1775389773.152765800] [navNode]: paths: [
1775389773.1533608 [navNode-1]   {"x": 0.00, "y": 0.00, "z": 0.00, "label": "TakeOff", "qrcode": "", "label2": ""       , "qrcode2": "" },
1775389773.1534238 [navNode-1]   {"x": 0.00, "y": 0.00, "z": 0.70, "label": "TakeOff", "qrcode": "", "label2": ""       , "qrcode2": "" },
1775389773.1534603 [navNode-1]   {"x":-0.25, "y": 0.75, "z": 0.80, "label": "A6"     , "qrcode": "", "label2": ""       , "qrcode2": "" },
1775389773.1534944 [navNode-1]   {"x":-0.25, "y": 0.75, "z": 1.20, "label": "A3"     , "qrcode": "", "label2": ""       , "qrcode2": "" },
1775389773.1535277 [navNode-1]   {"x":-0.25, "y": 1.25, "z": 1.20, "label": "A2"     , "qrcode": "", "label2": ""       , "qrcode2": "" },
1775389773.1535611 [navNode-1]   {"x":-0.25, "y": 1.25, "z": 0.80, "label": "A5"     , "qrcode": "", "label2": ""       , "qrcode2": "" },
1775389773.1535926 [navNode-1]   {"x":-0.25, "y": 1.75, "z": 0.80, "label": "A4"     , "qrcode": "", "label2": ""       , "qrcode2": "" },
1775389773.1536241 [navNode-1]   {"x":-0.25, "y": 1.75, "z": 1.20, "label": "A1"     , "qrcode": "", "label2": ""       , "qrcode2": "" },
1775389773.1536565 [navNode-1]   {"x":-0.25, "y": 2.00, "z": 0.70, "label": "UpSide1", "qrcode": "", "label2": ""       , "qrcode2": "" },
1775389773.1536934 [navNode-1]   {"x": 0.75, "y": 2.00, "z": 0.70, "label": "Landpos", "qrcode": "", "label2": ""       , "qrcode2": "" }
1775389773.1537430 [navNode-1] ]
1775389773.1538150 [navNode-1] 
1775389773.1584377 [navNode-1] [INFO] [1775389773.158218930] [navNode]: 上位机导航节点启动成功
1775389773.1592841 [navNode-1] [WARN] [1775389773.159140734] [navNode]: 任务开始执行
1775389773.2604539 [navNode-1] [INFO] [1775389773.260108431] [navNode]: 状态1：Takeoff--[TakeOff]
1775389773.5116601 [navNode-1] [ERROR] [1775389773.511304108] [navNode]: 发送 takeoff 失败: ROS2 服务 [ControlService] 未启动或超时
1775389773.5126090 [navNode-1] [INFO] [1775389773.512352590] [navNode]: 状态2：Takeoff_wait--[TakeOff]
1775389773.5128462 [navNode-1] [INFO] [1775389773.512711827] [navNode]: 未到目标点
1775389773.5129027 [navNode-1] 目标位置:(0.0, 0.0, 0.0)-[TakeOff]-[MCU:False]-[POS:False]
1775389773.5129485 [navNode-1] 当前位置:(0.0, 0.0, 0.0)
1775389773.5601697 [navNode-1] [INFO] [1775389773.559868372] [navNode]: 状态2：Takeoff_wait--[TakeOff]
1775389773.5605388 [navNode-1] [INFO] [1775389773.560247588] [navNode]: 未到目标点
1775389773.5606186 [navNode-1] 目标位置:(0.0, 0.0, 0.0)-[TakeOff]-[MCU:False]-[POS:False]
1775389773.5606587 [navNode-1] 当前位置:(0.0, 0.0, 0.0)
1775389773.6601863 [navNode-1] [INFO] [1775389773.659866503] [navNode]: 状态2：Takeoff_wait--[TakeOff]
1775389773.6605787 [navNode-1] [INFO] [1775389773.660285939] [navNode]: 未到目标点
1775389773.6606977 [navNode-1] 目标位置:(0.0, 0.0, 0.0)-[TakeOff]-[MCU:False]-[POS:False]
1775389773.6607797 [navNode-1] 当前位置:(0.0, 0.0, 0.0)
1775389773.7604082 [navNode-1] [INFO] [1775389773.760041517] [navNode]: 状态2：Takeoff_wait--[TakeOff]
1775389773.7607651 [navNode-1] [INFO] [1775389773.760463801] [navNode]: 未到目标点
1775389773.7608480 [navNode-1] 目标位置:(0.0, 0.0, 0.0)-[TakeOff]-[MCU:False]-[POS:False]
1775389773.7608967 [navNode-1] 当前位置:(0.0, 0.0, 0.0)
1775389773.8623641 [navNode-1] [INFO] [1775389773.861550950] [navNode]: 状态2：Takeoff_wait--[TakeOff]
1775389773.8630509 [navNode-1] [INFO] [1775389773.862576241] [navNode]: 未到目标点
1775389773.8632643 [navNode-1] 目标位置:(0.0, 0.0, 0.0)-[TakeOff]-[MCU:False]-[POS:False]
1775389773.8634317 [navNode-1] 当前位置:(0.0, 0.0, 0.0)
1775389773.9601603 [navNode-1] [INFO] [1775389773.959847397] [navNode]: 状态2：Takeoff_wait--[TakeOff]
1775389773.9605484 [navNode-1] [INFO] [1775389773.960259847] [navNode]: 未到目标点
1775389773.9606555 [navNode-1] 目标位置:(0.0, 0.0, 0.0)-[TakeOff]-[MCU:False]-[POS:False]
1775389773.9607019 [navNode-1] 当前位置:(0.0, 0.0, 0.0)
1775389774.0603838 [navNode-1] [INFO] [1775389774.060096403] [navNode]: 状态2：Takeoff_wait--[TakeOff]
1775389774.0607769 [navNode-1] [INFO] [1775389774.060500971] [navNode]: 未到目标点
1775389774.0608675 [navNode-1] 目标位置:(0.0, 0.0, 0.0)-[TakeOff]-[MCU:False]-[POS:False]
1775389774.0609155 [navNode-1] 当前位置:(0.0, 0.0, 0.0)
1775389774.1622713 [navNode-1] [INFO] [1775389774.161588977] [navNode]: 状态2：Takeoff_wait--[TakeOff]
1775389774.1631782 [navNode-1] [INFO] [1775389774.162659945] [navNode]: 未到目标点
1775389774.1634209 [navNode-1] 目标位置:(0.0, 0.0, 0.0)-[TakeOff]-[MCU:False]-[POS:False]
1775389774.1636374 [navNode-1] 当前位置:(0.0, 0.0, 0.0)
1775389774.2611215 [navNode-1] [INFO] [1775389774.260827077] [navNode]: 状态2：Takeoff_wait--[TakeOff]
1775389774.2614791 [navNode-1] [INFO] [1775389774.261223887] [navNode]: 未到目标点
1775389774.2615690 [navNode-1] 目标位置:(0.0, 0.0, 0.0)-[TakeOff]-[MCU:False]-[POS:False]
1775389774.2616129 [navNode-1] 当前位置:(0.0, 0.0, 0.0)
1775389774.3606055 [navNode-1] [INFO] [1775389774.360267954] [navNode]: 状态2：Takeoff_wait--[TakeOff]
1775389774.3609245 [navNode-1] [INFO] [1775389774.360661121] [navNode]: 未到目标点
1775389774.3610504 [navNode-1] 目标位置:(0.0, 0.0, 0.0)-[TakeOff]-[MCU:False]-[POS:False]
1775389774.3610981 [navNode-1] 当前位置:(0.0, 0.0, 0.0)
1775389774.4607236 [navNode-1] [INFO] [1775389774.460324398] [navNode]: 状态2：Takeoff_wait--[TakeOff]
1775389774.4611046 [navNode-1] [INFO] [1775389774.460788059] [navNode]: 未到目标点
1775389774.4611857 [navNode-1] 目标位置:(0.0, 0.0, 0.0)-[TakeOff]-[MCU:False]-[POS:False]
1775389774.4612267 [navNode-1] 当前位置:(0.0, 0.0, 0.0)
1775389774.5604069 [navNode-1] [INFO] [1775389774.560024674] [navNode]: 状态2：Takeoff_wait--[TakeOff]
1775389774.5608001 [navNode-1] [INFO] [1775389774.560440199] [navNode]: 未到目标点
1775389774.5608673 [navNode-1] 目标位置:(0.0, 0.0, 0.0)-[TakeOff]-[MCU:False]-[POS:False]
1775389774.5609541 [navNode-1] 当前位置:(0.0, 0.0, 0.0)
1775389774.6606376 [navNode-1] [INFO] [1775389774.660067151] [navNode]: 状态2：Takeoff_wait--[TakeOff]
1775389774.6614370 [navNode-1] [INFO] [1775389774.660597709] [navNode]: 未到目标点
1775389774.6616046 [navNode-1] 目标位置:(0.0, 0.0, 0.0)-[TakeOff]-[MCU:False]-[POS:False]
1775389774.6616638 [navNode-1] 当前位置:(0.0, 0.0, 0.0)
1775389774.7611802 [navNode-1] [INFO] [1775389774.760630885] [navNode]: 状态2：Takeoff_wait--[TakeOff]
1775389774.7619042 [navNode-1] [INFO] [1775389774.761075125] [navNode]: 未到目标点
1775389774.7620423 [navNode-1] 目标位置:(0.0, 0.0, 0.0)-[TakeOff]-[MCU:False]-[POS:False]
1775389774.7621541 [navNode-1] 当前位置:(0.0, 0.0, 0.0)
1775389774.8605077 [navNode-1] [INFO] [1775389774.860135963] [navNode]: 状态2：Takeoff_wait--[TakeOff]
1775389774.8607712 [navNode-1] [INFO] [1775389774.860526912] [navNode]: 未到目标点
1775389774.8608198 [navNode-1] 目标位置:(0.0, 0.0, 0.0)-[TakeOff]-[MCU:False]-[POS:False]
1775389774.8608530 [navNode-1] 当前位置:(0.0, 0.0, 0.0)
1775389774.9604845 [navNode-1] [INFO] [1775389774.960113308] [navNode]: 状态2：Takeoff_wait--[TakeOff]
1775389774.9608123 [navNode-1] [INFO] [1775389774.960502236] [navNode]: 未到目标点
1775389774.9608712 [navNode-1] 目标位置:(0.0, 0.0, 0.0)-[TakeOff]-[MCU:False]-[POS:False]
1775389774.9609079 [navNode-1] 当前位置:(0.0, 0.0, 0.0)
1775389775.0602381 [navNode-1] [INFO] [1775389775.059953327] [navNode]: 状态2：Takeoff_wait--[TakeOff]
1775389775.0607405 [navNode-1] [INFO] [1775389775.060575368] [navNode]: 未到目标点
1775389775.0608292 [navNode-1] 目标位置:(0.0, 0.0, 0.0)-[TakeOff]-[MCU:False]-[POS:False]
1775389775.0608852 [navNode-1] 当前位置:(0.0, 0.0, 0.0)
1775389775.1605358 [navNode-1] [INFO] [1775389775.160163381] [navNode]: 状态2：Takeoff_wait--[TakeOff]
1775389775.1609199 [navNode-1] [INFO] [1775389775.160609388] [navNode]: 未到目标点
1775389775.1609950 [navNode-1] 目标位置:(0.0, 0.0, 0.0)-[TakeOff]-[MCU:False]-[POS:False]
1775389775.1610312 [navNode-1] 当前位置:(0.0, 0.0, 0.0)
1775389775.2613513 [navNode-1] [INFO] [1775389775.260972972] [navNode]: 状态2：Takeoff_wait--[TakeOff]
1775389775.2617335 [navNode-1] [INFO] [1775389775.261442381] [navNode]: 未到目标点
1775389775.2618017 [navNode-1] 目标位置:(0.0, 0.0, 0.0)-[TakeOff]-[MCU:False]-[POS:False]
1775389775.2618730 [navNode-1] 当前位置:(0.0, 0.0, 0.0)
1775389775.3607140 [navNode-1] [INFO] [1775389775.360315239] [navNode]: 状态2：Takeoff_wait--[TakeOff]
1775389775.3610871 [navNode-1] [INFO] [1775389775.360888790] [navNode]: 未到目标点
1775389775.3611591 [navNode-1] 目标位置:(0.0, 0.0, 0.0)-[TakeOff]-[MCU:False]-[POS:False]
1775389775.3611960 [navNode-1] 当前位置:(0.0, 0.0, 0.0)
1775389775.4606855 [navNode-1] [INFO] [1775389775.460298928] [navNode]: 状态2：Takeoff_wait--[TakeOff]
1775389775.4610114 [navNode-1] [INFO] [1775389775.460737965] [navNode]: 未到目标点
1775389775.4610691 [navNode-1] 目标位置:(0.0, 0.0, 0.0)-[TakeOff]-[MCU:False]-[POS:False]
1775389775.4611058 [navNode-1] 当前位置:(0.0, 0.0, 0.0)
1775389775.5602660 [navNode-1] [INFO] [1775389775.559926504] [navNode]: 状态2：Takeoff_wait--[TakeOff]
1775389775.5606701 [navNode-1] [INFO] [1775389775.560410343] [navNode]: 未到目标点
1775389775.5607991 [navNode-1] 目标位置:(0.0, 0.0, 0.0)-[TakeOff]-[MCU:False]-[POS:False]
1775389775.5608721 [navNode-1] 当前位置:(0.0, 0.0, 0.0)
1775389775.6601467 [navNode-1] [INFO] [1775389775.659837958] [navNode]: 状态2：Takeoff_wait--[TakeOff]
1775389775.6604941 [navNode-1] [INFO] [1775389775.660255076] [navNode]: 未到目标点
1775389775.6605844 [navNode-1] 目标位置:(0.0, 0.0, 0.0)-[TakeOff]-[MCU:False]-[POS:False]
1775389775.6606340 [navNode-1] 当前位置:(0.0, 0.0, 0.0)
1775389775.7599983 [navNode-1] [INFO] [1775389775.759684405] [navNode]: 状态2：Takeoff_wait--[TakeOff]
1775389775.7603970 [navNode-1] [INFO] [1775389775.760075235] [navNode]: 未到目标点
1775389775.7604716 [navNode-1] 目标位置:(0.0, 0.0, 0.0)-[TakeOff]-[MCU:False]-[POS:False]
1775389775.7605083 [navNode-1] 当前位置:(0.0, 0.0, 0.0)
1775389775.8602724 [navNode-1] [INFO] [1775389775.859916820] [navNode]: 状态2：Takeoff_wait--[TakeOff]
1775389775.8606427 [navNode-1] [INFO] [1775389775.860300417] [navNode]: 未到目标点
1775389775.8607283 [navNode-1] 目标位置:(0.0, 0.0, 0.0)-[TakeOff]-[MCU:False]-[POS:False]
1775389775.8607719 [navNode-1] 当前位置:(0.0, 0.0, 0.0)
1775389775.9602277 [navNode-1] [INFO] [1775389775.959858058] [navNode]: 状态2：Takeoff_wait--[TakeOff]
1775389775.9606340 [navNode-1] [INFO] [1775389775.960244930] [navNode]: 未到目标点
1775389775.9607298 [navNode-1] 目标位置:(0.0, 0.0, 0.0)-[TakeOff]-[MCU:False]-[POS:False]
1775389775.9607761 [navNode-1] 当前位置:(0.0, 0.0, 0.0)
1775389776.0611007 [navNode-1] [INFO] [1775389776.060569475] [navNode]: 状态2：Takeoff_wait--[TakeOff]
1775389776.0616598 [navNode-1] [INFO] [1775389776.061233808] [navNode]: 未到目标点
1775389776.0617862 [navNode-1] 目标位置:(0.0, 0.0, 0.0)-[TakeOff]-[MCU:False]-[POS:False]
1775389776.0618865 [navNode-1] 当前位置:(0.0, 0.0, 0.0)
1775389776.1604877 [navNode-1] [INFO] [1775389776.160103517] [navNode]: 状态2：Takeoff_wait--[TakeOff]
1775389776.1609032 [navNode-1] [INFO] [1775389776.160508641] [navNode]: 未到目标点
1775389776.1609972 [navNode-1] 目标位置:(0.0, 0.0, 0.0)-[TakeOff]-[MCU:False]-[POS:False]
1775389776.1610448 [navNode-1] 当前位置:(0.0, 0.0, 0.0)
1775389776.2602055 [navNode-1] [INFO] [1775389776.259840619] [navNode]: 状态2：Takeoff_wait--[TakeOff]
1775389776.2606218 [navNode-1] [INFO] [1775389776.260249787] [navNode]: 未到目标点
1775389776.2607298 [navNode-1] 目标位置:(0.0, 0.0, 0.0)-[TakeOff]-[MCU:False]-[POS:False]
1775389776.2608163 [navNode-1] 当前位置:(0.0, 0.0, 0.0)
1775389776.3600581 [navNode-1] [INFO] [1775389776.359719913] [navNode]: 状态2：Takeoff_wait--[TakeOff]
1775389776.3604331 [navNode-1] [INFO] [1775389776.360092532] [navNode]: 未到目标点
1775389776.3605494 [navNode-1] 目标位置:(0.0, 0.0, 0.0)-[TakeOff]-[MCU:False]-[POS:False]
1775389776.3605914 [navNode-1] 当前位置:(0.0, 0.0, 0.0)
1775389776.4602823 [navNode-1] [INFO] [1775389776.459910325] [navNode]: 状态2：Takeoff_wait--[TakeOff]
1775389776.4606233 [navNode-1] [INFO] [1775389776.460365401] [navNode]: 未到目标点
1775389776.4607286 [navNode-1] 目标位置:(0.0, 0.0, 0.0)-[TakeOff]-[MCU:False]-[POS:False]
1775389776.4607897 [navNode-1] 当前位置:(0.0, 0.0, 0.0)
1775389776.5601358 [navNode-1] [INFO] [1775389776.559795045] [navNode]: 状态2：Takeoff_wait--[TakeOff]
1775389776.5608170 [navNode-1] [INFO] [1775389776.560189179] [navNode]: 未到目标点
1775389776.5610669 [navNode-1] 目标位置:(0.0, 0.0, 0.0)-[TakeOff]-[MCU:False]-[POS:False]
1775389776.5612650 [navNode-1] 当前位置:(0.0, 0.0, 0.0)
1775389776.6603448 [navNode-1] [INFO] [1775389776.660037796] [navNode]: 状态2：Takeoff_wait--[TakeOff]
1775389776.6607301 [navNode-1] [INFO] [1775389776.660448846] [navNode]: 未到目标点
1775389776.6608295 [navNode-1] 目标位置:(0.0, 0.0, 0.0)-[TakeOff]-[MCU:False]-[POS:False]
1775389776.6608930 [navNode-1] 当前位置:(0.0, 0.0, 0.0)
1775389776.7600901 [navNode-1] [INFO] [1775389776.759794752] [navNode]: 状态2：Takeoff_wait--[TakeOff]
1775389776.7604606 [navNode-1] [INFO] [1775389776.760209825] [navNode]: 未到目标点
1775389776.7605751 [navNode-1] 目标位置:(0.0, 0.0, 0.0)-[TakeOff]-[MCU:False]-[POS:False]
1775389776.7606478 [navNode-1] 当前位置:(0.0, 0.0, 0.0)
1775389776.8602889 [navNode-1] [INFO] [1775389776.859895436] [navNode]: 状态2：Takeoff_wait--[TakeOff]
1775389776.8606477 [navNode-1] [INFO] [1775389776.860329550] [navNode]: 未到目标点
1775389776.8607414 [navNode-1] 目标位置:(0.0, 0.0, 0.0)-[TakeOff]-[MCU:False]-[POS:False]
1775389776.8608134 [navNode-1] 当前位置:(0.0, 0.0, 0.0)
1775389776.9601576 [navNode-1] [INFO] [1775389776.959786982] [navNode]: 状态2：Takeoff_wait--[TakeOff]
1775389776.9604914 [navNode-1] [INFO] [1775389776.960192070] [navNode]: 未到目标点
1775389776.9605527 [navNode-1] 目标位置:(0.0, 0.0, 0.0)-[TakeOff]-[MCU:False]-[POS:False]
1775389776.9605892 [navNode-1] 当前位置:(0.0, 0.0, 0.0)
1775389777.0602741 [navNode-1] [INFO] [1775389777.059985111] [navNode]: 状态2：Takeoff_wait--[TakeOff]
1775389777.0605786 [navNode-1] [INFO] [1775389777.060376273] [navNode]: 未到目标点
1775389777.0606418 [navNode-1] 目标位置:(0.0, 0.0, 0.0)-[TakeOff]-[MCU:False]-[POS:False]
1775389777.0606782 [navNode-1] 当前位置:(0.0, 0.0, 0.0)
1775389777.1601822 [navNode-1] [INFO] [1775389777.159874356] [navNode]: 状态2：Takeoff_wait--[TakeOff]
1775389777.1604936 [navNode-1] [INFO] [1775389777.160281427] [navNode]: 未到目标点
1775389777.1605568 [navNode-1] 目标位置:(0.0, 0.0, 0.0)-[TakeOff]-[MCU:False]-[POS:False]
1775389777.1605983 [navNode-1] 当前位置:(0.0, 0.0, 0.0)
1775389777.2604516 [navNode-1] [INFO] [1775389777.260066780] [navNode]: 状态2：Takeoff_wait--[TakeOff]
1775389777.2608697 [navNode-1] [INFO] [1775389777.260550904] [navNode]: 未到目标点
1775389777.2613566 [navNode-1] 目标位置:(0.0, 0.0, 0.0)-[TakeOff]-[MCU:False]-[POS:False]
1775389777.2615690 [navNode-1] 当前位置:(0.0, 0.0, 0.0)
1775389777.3610108 [navNode-1] [INFO] [1775389777.360596459] [navNode]: 状态2：Takeoff_wait--[TakeOff]
1775389777.3613861 [navNode-1] [INFO] [1775389777.361076638] [navNode]: 未到目标点
1775389777.3614595 [navNode-1] 目标位置:(0.0, 0.0, 0.0)-[TakeOff]-[MCU:False]-[POS:False]
1775389777.3615050 [navNode-1] 当前位置:(0.0, 0.0, 0.0)
1775389777.4602401 [navNode-1] [INFO] [1775389777.459915813] [navNode]: 状态2：Takeoff_wait--[TakeOff]
1775389777.4606328 [navNode-1] [INFO] [1775389777.460357915] [navNode]: 未到目标点
1775389777.4607666 [navNode-1] 目标位置:(0.0, 0.0, 0.0)-[TakeOff]-[MCU:False]-[POS:False]
1775389777.4608185 [navNode-1] 当前位置:(0.0, 0.0, 0.0)
1775389777.5601289 [navNode-1] [INFO] [1775389777.559768535] [navNode]: 状态2：Takeoff_wait--[TakeOff]
1775389777.5605323 [navNode-1] [INFO] [1775389777.560261730] [navNode]: 未到目标点
1775389777.5606096 [navNode-1] 目标位置:(0.0, 0.0, 0.0)-[TakeOff]-[MCU:False]-[POS:False]
1775389777.5606875 [navNode-1] 当前位置:(0.0, 0.0, 0.0)
1775389777.6621108 [navNode-1] [INFO] [1775389777.661593197] [navNode]: 状态2：Takeoff_wait--[TakeOff]
1775389777.6626337 [navNode-1] [INFO] [1775389777.662207515] [navNode]: 未到目标点
1775389777.6627884 [navNode-1] 目标位置:(0.0, 0.0, 0.0)-[TakeOff]-[MCU:False]-[POS:False]
1775389777.6628551 [navNode-1] 当前位置:(0.0, 0.0, 0.0)
1775389777.7612171 [navNode-1] [INFO] [1775389777.760816845] [navNode]: 状态2：Takeoff_wait--[TakeOff]
1775389777.7615967 [navNode-1] [INFO] [1775389777.761383691] [navNode]: 未到目标点
1775389777.7616808 [navNode-1] 目标位置:(0.0, 0.0, 0.0)-[TakeOff]-[MCU:False]-[POS:False]
1775389777.7617905 [navNode-1] 当前位置:(0.0, 0.0, 0.0)
1775389777.8613176 [navNode-1] [INFO] [1775389777.860826571] [navNode]: 状态2：Takeoff_wait--[TakeOff]
1775389777.8617356 [navNode-1] [INFO] [1775389777.861275378] [navNode]: 未到目标点
1775389777.8618569 [navNode-1] 目标位置:(0.0, 0.0, 0.0)-[TakeOff]-[MCU:False]-[POS:False]
1775389777.8619246 [navNode-1] 当前位置:(0.0, 0.0, 0.0)
1775389777.9609070 [navNode-1] [INFO] [1775389777.960601387] [navNode]: 状态2：Takeoff_wait--[TakeOff]
1775389777.9612939 [navNode-1] [INFO] [1775389777.961083858] [navNode]: 未到目标点
1775389777.9614089 [navNode-1] 目标位置:(0.0, 0.0, 0.0)-[TakeOff]-[MCU:False]-[POS:False]
1775389777.9614670 [navNode-1] 当前位置:(0.0, 0.0, 0.0)
1775389778.0605226 [navNode-1] [INFO] [1775389778.060170501] [navNode]: 状态2：Takeoff_wait--[TakeOff]
1775389778.0610211 [navNode-1] [INFO] [1775389778.060674998] [navNode]: 未到目标点
1775389778.0611730 [navNode-1] 目标位置:(0.0, 0.0, 0.0)-[TakeOff]-[MCU:False]-[POS:False]
1775389778.0612683 [navNode-1] 当前位置:(0.0, 0.0, 0.0)
1775389778.1604800 [navNode-1] [INFO] [1775389778.159983284] [navNode]: 状态2：Takeoff_wait--[TakeOff]
1775389778.1609449 [navNode-1] [INFO] [1775389778.160523445] [navNode]: 未到目标点
1775389778.1610494 [navNode-1] 目标位置:(0.0, 0.0, 0.0)-[TakeOff]-[MCU:False]-[POS:False]
1775389778.1611257 [navNode-1] 当前位置:(0.0, 0.0, 0.0)
1775389778.2607996 [navNode-1] [INFO] [1775389778.260410072] [navNode]: 状态2：Takeoff_wait--[TakeOff]
1775389778.2611682 [navNode-1] [INFO] [1775389778.260880168] [navNode]: 未到目标点
1775389778.2612312 [navNode-1] 目标位置:(0.0, 0.0, 0.0)-[TakeOff]-[MCU:False]-[POS:False]
1775389778.2612727 [navNode-1] 当前位置:(0.0, 0.0, 0.0)
1775389778.3603282 [navNode-1] [INFO] [1775389778.360015801] [navNode]: 状态2：Takeoff_wait--[TakeOff]
1775389778.3607111 [navNode-1] [INFO] [1775389778.360424171] [navNode]: 未到目标点
1775389778.3608282 [navNode-1] 目标位置:(0.0, 0.0, 0.0)-[TakeOff]-[MCU:False]-[POS:False]
1775389778.3608940 [navNode-1] 当前位置:(0.0, 0.0, 0.0)
1775389778.4604094 [navNode-1] [INFO] [1775389778.460112333] [navNode]: 状态2：Takeoff_wait--[TakeOff]
1775389778.4607849 [navNode-1] [INFO] [1775389778.460531183] [navNode]: 未到目标点
1775389778.4608645 [navNode-1] 目标位置:(0.0, 0.0, 0.0)-[TakeOff]-[MCU:False]-[POS:False]
1775389778.4609387 [navNode-1] 当前位置:(0.0, 0.0, 0.0)
1775389778.5603034 [navNode-1] [INFO] [1775389778.559918784] [navNode]: 状态2：Takeoff_wait--[TakeOff]
1775389778.5607440 [navNode-1] [INFO] [1775389778.560356584] [navNode]: 未到目标点
1775389778.5608432 [navNode-1] 目标位置:(0.0, 0.0, 0.0)-[TakeOff]-[MCU:False]-[POS:False]
1775389778.5608952 [navNode-1] 当前位置:(0.0, 0.0, 0.0)
1775389778.6603670 [navNode-1] [INFO] [1775389778.660017873] [navNode]: 状态2：Takeoff_wait--[TakeOff]
1775389778.6607492 [navNode-1] [INFO] [1775389778.660426338] [navNode]: 未到目标点
1775389778.6608441 [navNode-1] 目标位置:(0.0, 0.0, 0.0)-[TakeOff]-[MCU:False]-[POS:False]
1775389778.6608891 [navNode-1] 当前位置:(0.0, 0.0, 0.0)
1775389778.7601585 [navNode-1] [INFO] [1775389778.759834739] [navNode]: 状态2：Takeoff_wait--[TakeOff]
1775389778.7605424 [navNode-1] [INFO] [1775389778.760282672] [navNode]: 未到目标点
1775389778.7606318 [navNode-1] 目标位置:(0.0, 0.0, 0.0)-[TakeOff]-[MCU:False]-[POS:False]
1775389778.7606723 [navNode-1] 当前位置:(0.0, 0.0, 0.0)
1775389778.8612676 [navNode-1] [INFO] [1775389778.860852037] [navNode]: 状态2：Takeoff_wait--[TakeOff]
1775389778.8616450 [navNode-1] [INFO] [1775389778.861342360] [navNode]: 未到目标点
1775389778.8617182 [navNode-1] 目标位置:(0.0, 0.0, 0.0)-[TakeOff]-[MCU:False]-[POS:False]
1775389778.8617613 [navNode-1] 当前位置:(0.0, 0.0, 0.0)
1775389778.9601696 [navNode-1] [INFO] [1775389778.959829915] [navNode]: 状态2：Takeoff_wait--[TakeOff]
1775389778.9605839 [navNode-1] [INFO] [1775389778.960301716] [navNode]: 未到目标点
1775389778.9606738 [navNode-1] 目标位置:(0.0, 0.0, 0.0)-[TakeOff]-[MCU:False]-[POS:False]
1775389778.9607203 [navNode-1] 当前位置:(0.0, 0.0, 0.0)
1775389779.0603166 [navNode-1] [INFO] [1775389779.059947288] [navNode]: 状态2：Takeoff_wait--[TakeOff]
1775389779.0606806 [navNode-1] [INFO] [1775389779.060372914] [navNode]: 未到目标点
1775389779.0607398 [navNode-1] 目标位置:(0.0, 0.0, 0.0)-[TakeOff]-[MCU:False]-[POS:False]
1775389779.0607774 [navNode-1] 当前位置:(0.0, 0.0, 0.0)
1775389779.1602206 [navNode-1] [INFO] [1775389779.159882121] [navNode]: 状态2：Takeoff_wait--[TakeOff]
1775389779.1606386 [navNode-1] [INFO] [1775389779.160377764] [navNode]: 未到目标点
1775389779.1607082 [navNode-1] 目标位置:(0.0, 0.0, 0.0)-[TakeOff]-[MCU:False]-[POS:False]
1775389779.1607516 [navNode-1] 当前位置:(0.0, 0.0, 0.0)
1775389779.2601800 [navNode-1] [INFO] [1775389779.259894344] [navNode]: 状态2：Takeoff_wait--[TakeOff]
1775389779.2605364 [navNode-1] [INFO] [1775389779.260295261] [navNode]: 未到目标点
1775389779.2606330 [navNode-1] 目标位置:(0.0, 0.0, 0.0)-[TakeOff]-[MCU:False]-[POS:False]
1775389779.2607288 [navNode-1] 当前位置:(0.0, 0.0, 0.0)
1775389779.3602009 [navNode-1] [INFO] [1775389779.359933049] [navNode]: 状态2：Takeoff_wait--[TakeOff]
1775389779.3605673 [navNode-1] [INFO] [1775389779.360349466] [navNode]: 未到目标点
1775389779.3606350 [navNode-1] 目标位置:(0.0, 0.0, 0.0)-[TakeOff]-[MCU:False]-[POS:False]
1775389779.3606732 [navNode-1] 当前位置:(0.0, 0.0, 0.0)
1775389779.4606321 [navNode-1] [INFO] [1775389779.460249016] [navNode]: 状态2：Takeoff_wait--[TakeOff]
1775389779.4610150 [navNode-1] [INFO] [1775389779.460710063] [navNode]: 未到目标点
1775389779.4610877 [navNode-1] 目标位置:(0.0, 0.0, 0.0)-[TakeOff]-[MCU:False]-[POS:False]
1775389779.4611299 [navNode-1] 当前位置:(0.0, 0.0, 0.0)
1775389779.5602303 [navNode-1] [INFO] [1775389779.559870317] [navNode]: 状态2：Takeoff_wait--[TakeOff]
1775389779.5606954 [navNode-1] [INFO] [1775389779.560370970] [navNode]: 未到目标点
1775389779.5607805 [navNode-1] 目标位置:(0.0, 0.0, 0.0)-[TakeOff]-[MCU:False]-[POS:False]
1775389779.5608656 [navNode-1] 当前位置:(0.0, 0.0, 0.0)
1775389779.6602523 [navNode-1] [INFO] [1775389779.659946536] [navNode]: 状态2：Takeoff_wait--[TakeOff]
1775389779.6606033 [navNode-1] [INFO] [1775389779.660391567] [navNode]: 未到目标点
1775389779.6606703 [navNode-1] 目标位置:(0.0, 0.0, 0.0)-[TakeOff]-[MCU:False]-[POS:False]
1775389779.6607497 [navNode-1] 当前位置:(0.0, 0.0, 0.0)
1775389779.7601645 [navNode-1] [INFO] [1775389779.759806411] [navNode]: 状态2：Takeoff_wait--[TakeOff]
1775389779.7605343 [navNode-1] [INFO] [1775389779.760216187] [navNode]: 未到目标点
1775389779.7606237 [navNode-1] 目标位置:(0.0, 0.0, 0.0)-[TakeOff]-[MCU:False]-[POS:False]
1775389779.7606936 [navNode-1] 当前位置:(0.0, 0.0, 0.0)
1775389779.8615968 [navNode-1] [INFO] [1775389779.861193740] [navNode]: 状态2：Takeoff_wait--[TakeOff]
1775389779.8619545 [navNode-1] [INFO] [1775389779.861579220] [navNode]: 未到目标点
1775389779.8620379 [navNode-1] 目标位置:(0.0, 0.0, 0.0)-[TakeOff]-[MCU:False]-[POS:False]
1775389779.8621089 [navNode-1] 当前位置:(0.0, 0.0, 0.0)
1775389779.9601440 [navNode-1] [INFO] [1775389779.959807815] [navNode]: 状态2：Takeoff_wait--[TakeOff]
1775389779.9604878 [navNode-1] [INFO] [1775389779.960173703] [navNode]: 未到目标点
1775389779.9605756 [navNode-1] 目标位置:(0.0, 0.0, 0.0)-[TakeOff]-[MCU:False]-[POS:False]
1775389779.9606383 [navNode-1] 当前位置:(0.0, 0.0, 0.0)
1775389780.0603075 [navNode-1] [INFO] [1775389780.059961268] [navNode]: 状态2：Takeoff_wait--[TakeOff]
1775389780.0606284 [navNode-1] [INFO] [1775389780.060337429] [navNode]: 未到目标点
1775389780.0606914 [navNode-1] 目标位置:(0.0, 0.0, 0.0)-[TakeOff]-[MCU:False]-[POS:False]
1775389780.0607262 [navNode-1] 当前位置:(0.0, 0.0, 0.0)
1775389780.1613975 [navNode-1] [INFO] [1775389780.160674362] [navNode]: 状态2：Takeoff_wait--[TakeOff]
1775389780.1629472 [navNode-1] [INFO] [1775389780.162640666] [navNode]: 未到目标点
1775389780.1630664 [navNode-1] 目标位置:(0.0, 0.0, 0.0)-[TakeOff]-[MCU:False]-[POS:False]
1775389780.1632032 [navNode-1] 当前位置:(0.0, 0.0, 0.0)
1775389780.2606256 [navNode-1] [INFO] [1775389780.260277572] [navNode]: 状态2：Takeoff_wait--[TakeOff]
1775389780.2608991 [navNode-1] [INFO] [1775389780.260673233] [navNode]: 未到目标点
1775389780.2609515 [navNode-1] 目标位置:(0.0, 0.0, 0.0)-[TakeOff]-[MCU:False]-[POS:False]
1775389780.2609851 [navNode-1] 当前位置:(0.0, 0.0, 0.0)
1775389780.3605101 [navNode-1] [INFO] [1775389780.360195918] [navNode]: 状态2：Takeoff_wait--[TakeOff]
1775389780.3607874 [navNode-1] [INFO] [1775389780.360539682] [navNode]: 未到目标点
1775389780.3608375 [navNode-1] 目标位置:(0.0, 0.0, 0.0)-[TakeOff]-[MCU:False]-[POS:False]
1775389780.3608696 [navNode-1] 当前位置:(0.0, 0.0, 0.0)
1775389780.4602647 [navNode-1] [INFO] [1775389780.459988577] [navNode]: 状态2：Takeoff_wait--[TakeOff]
1775389780.4605541 [navNode-1] [INFO] [1775389780.460383438] [navNode]: 未到目标点
1775389780.4606037 [navNode-1] 目标位置:(0.0, 0.0, 0.0)-[TakeOff]-[MCU:False]-[POS:False]
1775389780.4606361 [navNode-1] 当前位置:(0.0, 0.0, 0.0)
1775389780.5604820 [navNode-1] [INFO] [1775389780.560009631] [navNode]: 状态2：Takeoff_wait--[TakeOff]
1775389780.5609021 [navNode-1] [INFO] [1775389780.560544918] [navNode]: 未到目标点
1775389780.5609789 [navNode-1] 目标位置:(0.0, 0.0, 0.0)-[TakeOff]-[MCU:False]-[POS:False]
1775389780.5610220 [navNode-1] 当前位置:(0.0, 0.0, 0.0)
1775389780.6603324 [navNode-1] [INFO] [1775389780.660028173] [navNode]: 状态2：Takeoff_wait--[TakeOff]
1775389780.6606951 [navNode-1] [INFO] [1775389780.660464544] [navNode]: 未到目标点
1775389780.6608236 [navNode-1] 目标位置:(0.0, 0.0, 0.0)-[TakeOff]-[MCU:False]-[POS:False]
1775389780.6608891 [navNode-1] 当前位置:(0.0, 0.0, 0.0)
1775389780.7617800 [navNode-1] [INFO] [1775389780.761069053] [navNode]: 状态2：Takeoff_wait--[TakeOff]
1775389780.7624323 [navNode-1] [INFO] [1775389780.761995271] [navNode]: 未到目标点
1775389780.7625747 [navNode-1] 目标位置:(0.0, 0.0, 0.0)-[TakeOff]-[MCU:False]-[POS:False]
1775389780.7626948 [navNode-1] 当前位置:(0.0, 0.0, 0.0)
1775389780.8600500 [navNode-1] [INFO] [1775389780.859721447] [navNode]: 状态2：Takeoff_wait--[TakeOff]
1775389780.8604217 [navNode-1] [INFO] [1775389780.860141330] [navNode]: 未到目标点
1775389780.8605230 [navNode-1] 目标位置:(0.0, 0.0, 0.0)-[TakeOff]-[MCU:False]-[POS:False]
1775389780.8605745 [navNode-1] 当前位置:(0.0, 0.0, 0.0)
1775389780.9610701 [navNode-1] [INFO] [1775389780.960682366] [navNode]: 状态2：Takeoff_wait--[TakeOff]
1775389780.9614744 [navNode-1] [INFO] [1775389780.961115866] [navNode]: 未到目标点
1775389780.9615822 [navNode-1] 目标位置:(0.0, 0.0, 0.0)-[TakeOff]-[MCU:False]-[POS:False]
1775389780.9616427 [navNode-1] 当前位置:(0.0, 0.0, 0.0)
1775389781.0605924 [navNode-1] [INFO] [1775389781.059921804] [navNode]: 状态2：Takeoff_wait--[TakeOff]
1775389781.0608401 [navNode-1] [INFO] [1775389781.060301491] [navNode]: 未到目标点
1775389781.0609388 [navNode-1] 目标位置:(0.0, 0.0, 0.0)-[TakeOff]-[MCU:False]-[POS:False]
1775389781.0609787 [navNode-1] 当前位置:(0.0, 0.0, 0.0)
1775389781.1604781 [navNode-1] [INFO] [1775389781.159934095] [navNode]: 状态2：Takeoff_wait--[TakeOff]
1775389781.1611595 [navNode-1] [INFO] [1775389781.160458500] [navNode]: 未到目标点
1775389781.1612482 [navNode-1] 目标位置:(0.0, 0.0, 0.0)-[TakeOff]-[MCU:False]-[POS:False]
1775389781.1612980 [navNode-1] 当前位置:(0.0, 0.0, 0.0)
1775389781.2607450 [navNode-1] [INFO] [1775389781.260063537] [navNode]: 状态2：Takeoff_wait--[TakeOff]
1775389781.2609742 [navNode-1] [INFO] [1775389781.260439101] [navNode]: 未到目标点
1775389781.2610435 [navNode-1] 目标位置:(0.0, 0.0, 0.0)-[TakeOff]-[MCU:False]-[POS:False]
1775389781.2610800 [navNode-1] 当前位置:(0.0, 0.0, 0.0)
1775389781.3619649 [navNode-1] [INFO] [1775389781.361397491] [navNode]: 状态2：Takeoff_wait--[TakeOff]
1775389781.3626547 [navNode-1] [INFO] [1775389781.362181152] [navNode]: 未到目标点
1775389781.3628807 [navNode-1] 目标位置:(0.0, 0.0, 0.0)-[TakeOff]-[MCU:False]-[POS:False]
1775389781.3630168 [navNode-1] 当前位置:(0.0, 0.0, 0.0)
1775389781.4633377 [navNode-1] [INFO] [1775389781.461666192] [navNode]: 状态2：Takeoff_wait--[TakeOff]
1775389781.4636874 [navNode-1] [INFO] [1775389781.462740030] [navNode]: 未到目标点
1775389781.4638255 [navNode-1] 目标位置:(0.0, 0.0, 0.0)-[TakeOff]-[MCU:False]-[POS:False]
1775389781.4639201 [navNode-1] 当前位置:(0.0, 0.0, 0.0)
1775389781.5601666 [navNode-1] [INFO] [1775389781.559810347] [navNode]: 状态2：Takeoff_wait--[TakeOff]
1775389781.5604837 [navNode-1] [INFO] [1775389781.560182311] [navNode]: 未到目标点
1775389781.5605967 [navNode-1] 目标位置:(0.0, 0.0, 0.0)-[TakeOff]-[MCU:False]-[POS:False]
1775389781.5606437 [navNode-1] 当前位置:(0.0, 0.0, 0.0)
1775389781.6607101 [navNode-1] [INFO] [1775389781.660019022] [navNode]: 状态2：Takeoff_wait--[TakeOff]
1775389781.6609292 [navNode-1] [INFO] [1775389781.660386428] [navNode]: 未到目标点
1775389781.6609814 [navNode-1] 目标位置:(0.0, 0.0, 0.0)-[TakeOff]-[MCU:False]-[POS:False]
1775389781.6610165 [navNode-1] 当前位置:(0.0, 0.0, 0.0)
1775389781.7607634 [navNode-1] [INFO] [1775389781.759839438] [navNode]: 状态2：Takeoff_wait--[TakeOff]
1775389781.7610209 [navNode-1] [INFO] [1775389781.760270263] [navNode]: 未到目标点
1775389781.7610757 [navNode-1] 目标位置:(0.0, 0.0, 0.0)-[TakeOff]-[MCU:False]-[POS:False]
1775389781.7611144 [navNode-1] 当前位置:(0.0, 0.0, 0.0)
1775389781.8604939 [navNode-1] [INFO] [1775389781.860109126] [navNode]: 状态2：Takeoff_wait--[TakeOff]
1775389781.8608778 [navNode-1] [INFO] [1775389781.860537672] [navNode]: 未到目标点
1775389781.8609481 [navNode-1] 目标位置:(0.0, 0.0, 0.0)-[TakeOff]-[MCU:False]-[POS:False]
1775389781.8609867 [navNode-1] 当前位置:(0.0, 0.0, 0.0)
1775389781.9630084 [navNode-1] [INFO] [1775389781.961518217] [navNode]: 状态2：Takeoff_wait--[TakeOff]
1775389781.9634333 [navNode-1] [INFO] [1775389781.962355561] [navNode]: 未到目标点
1775389781.9635890 [navNode-1] 目标位置:(0.0, 0.0, 0.0)-[TakeOff]-[MCU:False]-[POS:False]
1775389781.9636779 [navNode-1] 当前位置:(0.0, 0.0, 0.0)
1775389782.0602360 [navNode-1] [INFO] [1775389782.059943132] [navNode]: 状态2：Takeoff_wait--[TakeOff]
1775389782.0605838 [navNode-1] [INFO] [1775389782.060350330] [navNode]: 未到目标点
1775389782.0606411 [navNode-1] 目标位置:(0.0, 0.0, 0.0)-[TakeOff]-[MCU:False]-[POS:False]
1775389782.0606785 [navNode-1] 当前位置:(0.0, 0.0, 0.0)
1775389782.1605501 [navNode-1] [INFO] [1775389782.159954754] [navNode]: 状态2：Takeoff_wait--[TakeOff]
1775389782.1607242 [navNode-1] [INFO] [1775389782.160286940] [navNode]: 未到目标点
1775389782.1608555 [navNode-1] 目标位置:(0.0, 0.0, 0.0)-[TakeOff]-[MCU:False]-[POS:False]
1775389782.1609187 [navNode-1] 当前位置:(0.0, 0.0, 0.0)
1775389782.2602873 [navNode-1] [INFO] [1775389782.260006048] [navNode]: 状态2：Takeoff_wait--[TakeOff]
1775389782.2606454 [navNode-1] [INFO] [1775389782.260376453] [navNode]: 未到目标点
1775389782.2610161 [navNode-1] 目标位置:(0.0, 0.0, 0.0)-[TakeOff]-[MCU:False]-[POS:False]
1775389782.2610774 [navNode-1] 当前位置:(0.0, 0.0, 0.0)
1775389782.3615348 [navNode-1] [INFO] [1775389782.360927967] [navNode]: 状态2：Takeoff_wait--[TakeOff]
1775389782.3617089 [navNode-1] [INFO] [1775389782.361264783] [navNode]: 未到目标点
1775389782.3617558 [navNode-1] 目标位置:(0.0, 0.0, 0.0)-[TakeOff]-[MCU:False]-[POS:False]
1775389782.3617947 [navNode-1] 当前位置:(0.0, 0.0, 0.0)
1775389782.4604537 [navNode-1] [INFO] [1775389782.460105143] [navNode]: 状态2：Takeoff_wait--[TakeOff]
1775389782.4607508 [navNode-1] [INFO] [1775389782.460472416] [navNode]: 未到目标点
1775389782.4608343 [navNode-1] 目标位置:(0.0, 0.0, 0.0)-[TakeOff]-[MCU:False]-[POS:False]
1775389782.4608731 [navNode-1] 当前位置:(0.0, 0.0, 0.0)
1775389782.5604401 [navNode-1] [INFO] [1775389782.559834670] [navNode]: 状态2：Takeoff_wait--[TakeOff]
1775389782.5606148 [navNode-1] [INFO] [1775389782.560162805] [navNode]: 未到目标点
1775389782.5606685 [navNode-1] 目标位置:(0.0, 0.0, 0.0)-[TakeOff]-[MCU:False]-[POS:False]
1775389782.5607014 [navNode-1] 当前位置:(0.0, 0.0, 0.0)
1775389782.6608787 [navNode-1] [INFO] [1775389782.660380684] [navNode]: 状态2：Takeoff_wait--[TakeOff]
1775389782.6613071 [navNode-1] [INFO] [1775389782.661046729] [navNode]: 未到目标点
1775389782.6614380 [navNode-1] 目标位置:(0.0, 0.0, 0.0)-[TakeOff]-[MCU:False]-[POS:False]
1775389782.6615195 [navNode-1] 当前位置:(0.0, 0.0, 0.0)
1775389782.7608292 [navNode-1] [INFO] [1775389782.760073791] [navNode]: 状态2：Takeoff_wait--[TakeOff]
1775389782.7610905 [navNode-1] [INFO] [1775389782.760480216] [navNode]: 未到目标点
1775389782.7611797 [navNode-1] 目标位置:(0.0, 0.0, 0.0)-[TakeOff]-[MCU:False]-[POS:False]
1775389782.7612193 [navNode-1] 当前位置:(0.0, 0.0, 0.0)
1775389782.8603311 [navNode-1] [INFO] [1775389782.860019910] [navNode]: 状态2：Takeoff_wait--[TakeOff]
1775389782.8606539 [navNode-1] [INFO] [1775389782.860448939] [navNode]: 未到目标点
1775389782.8607202 [navNode-1] 目标位置:(0.0, 0.0, 0.0)-[TakeOff]-[MCU:False]-[POS:False]
1775389782.8607600 [navNode-1] 当前位置:(0.0, 0.0, 0.0)
1775389782.9602206 [navNode-1] [INFO] [1775389782.959852917] [navNode]: 状态2：Takeoff_wait--[TakeOff]
1775389782.9606044 [navNode-1] [INFO] [1775389782.960252942] [navNode]: 未到目标点
1775389782.9607239 [navNode-1] 目标位置:(0.0, 0.0, 0.0)-[TakeOff]-[MCU:False]-[POS:False]
1775389782.9608066 [navNode-1] 当前位置:(0.0, 0.0, 0.0)
1775389783.0605395 [navNode-1] [INFO] [1775389783.060159914] [navNode]: 状态2：Takeoff_wait--[TakeOff]
1775389783.0608609 [navNode-1] [INFO] [1775389783.060596977] [navNode]: 未到目标点
1775389783.0609164 [navNode-1] 目标位置:(0.0, 0.0, 0.0)-[TakeOff]-[MCU:False]-[POS:False]
1775389783.0609543 [navNode-1] 当前位置:(0.0, 0.0, 0.0)
1775389783.1601157 [navNode-1] [INFO] [1775389783.159772183] [navNode]: 状态2：Takeoff_wait--[TakeOff]
1775389783.1604860 [navNode-1] [INFO] [1775389783.160170037] [navNode]: 未到目标点
1775389783.1606176 [navNode-1] 目标位置:(0.0, 0.0, 0.0)-[TakeOff]-[MCU:False]-[POS:False]
1775389783.1606662 [navNode-1] 当前位置:(0.0, 0.0, 0.0)
1775389783.2604198 [navNode-1] [INFO] [1775389783.260030423] [navNode]: 状态2：Takeoff_wait--[TakeOff]
1775389783.2607768 [navNode-1] [INFO] [1775389783.260528507] [navNode]: 未到目标点
1775389783.2608776 [navNode-1] 目标位置:(0.0, 0.0, 0.0)-[TakeOff]-[MCU:False]-[POS:False]
1775389783.2609353 [navNode-1] 当前位置:(0.0, 0.0, 0.0)
1775389783.3605816 [navNode-1] [INFO] [1775389783.360214878] [navNode]: 状态2：Takeoff_wait--[TakeOff]
1775389783.3609610 [navNode-1] [INFO] [1775389783.360671111] [navNode]: 未到目标点
1775389783.3610880 [navNode-1] 目标位置:(0.0, 0.0, 0.0)-[TakeOff]-[MCU:False]-[POS:False]
1775389783.3611548 [navNode-1] 当前位置:(0.0, 0.0, 0.0)
1775389783.4603400 [navNode-1] [INFO] [1775389783.459987809] [navNode]: 状态2：Takeoff_wait--[TakeOff]
1775389783.4607530 [navNode-1] [INFO] [1775389783.460434081] [navNode]: 未到目标点
1775389783.4608622 [navNode-1] 目标位置:(0.0, 0.0, 0.0)-[TakeOff]-[MCU:False]-[POS:False]
1775389783.4609611 [navNode-1] 当前位置:(0.0, 0.0, 0.0)
1775389783.5602028 [navNode-1] [INFO] [1775389783.559825815] [navNode]: 状态2：Takeoff_wait--[TakeOff]
1775389783.5606823 [navNode-1] [INFO] [1775389783.560217882] [navNode]: 未到目标点
1775389783.5607886 [navNode-1] 目标位置:(0.0, 0.0, 0.0)-[TakeOff]-[MCU:False]-[POS:False]
1775389783.5608869 [navNode-1] 当前位置:(0.0, 0.0, 0.0)
1775389783.6602516 [navNode-1] [INFO] [1775389783.659916710] [navNode]: 状态2：Takeoff_wait--[TakeOff]
1775389783.6605830 [navNode-1] [INFO] [1775389783.660297860] [navNode]: 未到目标点
1775389783.6606956 [navNode-1] 目标位置:(0.0, 0.0, 0.0)-[TakeOff]-[MCU:False]-[POS:False]
1775389783.6607583 [navNode-1] 当前位置:(0.0, 0.0, 0.0)
1775389783.7600298 [navNode-1] [INFO] [1775389783.759715271] [navNode]: 状态2：Takeoff_wait--[TakeOff]
1775389783.7604024 [navNode-1] [INFO] [1775389783.760139620] [navNode]: 已到目标点
1775389783.7605345 [navNode-1] 目标位置:TakeOff:(0.0, 0.0, 0.0)-[TakeOff]-[MCU:False]-[POS:True]
1775389783.7606342 [navNode-1] 当前位置:(7.044388621579856e-05, 2.1992427718942054e-05, -0.0006927330396138132)
1775389783.7606947 [navNode-1] 
1775389783.8604860 [navNode-1] [INFO] [1775389783.859875280] [navNode]: 状态3：SetAim--[TakeOff]
1775389783.9602466 [navNode-1] [INFO] [1775389783.959937921] [navNode]: 状态4：WaitAim--[TakeOff]
1775389783.9606051 [navNode-1] [INFO] [1775389783.960352917] [navNode]: 已到目标点
1775389783.9606974 [navNode-1] 目标位置:TakeOff:(0.0, 0.0, 0.0)-[TakeOff]-[MCU:False]-[POS:True]
1775389783.9607599 [navNode-1] 当前位置:(-0.0003510938840918243, 8.841866656439379e-05, -0.000926290696952492)
1775389783.9607944 [navNode-1] 
1775389784.0611668 [navNode-1] [INFO] [1775389784.060780570] [navNode]: 状态5：ArriveAim--[TakeOff]
1775389784.1601169 [navNode-1] [INFO] [1775389784.159764385] [navNode]: 状态3：SetAim--[TakeOff]
1775389784.4113812 [navNode-1] [ERROR] [1775389784.410971519] [navNode]: 发送 G+00000+00000+07000 失败: ROS2 服务 [ControlService] 未启动或超时
1775389784.4126148 [navNode-1] [INFO] [1775389784.412332925] [navNode]: 状态4：WaitAim--[TakeOff]
1775389784.4135411 [navNode-1] [INFO] [1775389784.413402244] [navNode]: 未到目标点
1775389784.4136159 [navNode-1] 目标位置:(0.0, 0.0, 0.7)-[TakeOff]-[MCU:False]-[POS:False]
1775389784.4136500 [navNode-1] 当前位置:(-4.687076943810098e-05, 7.272580842254683e-05, -0.0007088716374710202)
1775389784.4604030 [navNode-1] [INFO] [1775389784.459950844] [navNode]: 状态4：WaitAim--[TakeOff]
1775389784.4608219 [navNode-1] [INFO] [1775389784.460395169] [navNode]: 未到目标点
1775389784.4609182 [navNode-1] 目标位置:(0.0, 0.0, 0.7)-[TakeOff]-[MCU:False]-[POS:False]
1775389784.4609628 [navNode-1] 当前位置:(-0.00030465013696812093, 0.00011409977014409378, -0.000413767178542912)
1775389784.5601141 [navNode-1] [INFO] [1775389784.559810981] [navNode]: 状态4：WaitAim--[TakeOff]
1775389784.5605230 [navNode-1] [INFO] [1775389784.560265815] [navNode]: 未到目标点
1775389784.5605991 [navNode-1] 目标位置:(0.0, 0.0, 0.7)-[TakeOff]-[MCU:False]-[POS:False]
1775389784.5606387 [navNode-1] 当前位置:(-0.00013584396219812334, 0.00019468172104097903, -0.0010803263867273927)
1775389784.6601148 [navNode-1] [INFO] [1775389784.659722992] [navNode]: 状态4：WaitAim--[TakeOff]
1775389784.6605599 [navNode-1] [INFO] [1775389784.660165752] [navNode]: 未到目标点
1775389784.6606953 [navNode-1] 目标位置:(0.0, 0.0, 0.7)-[TakeOff]-[MCU:False]-[POS:False]
1775389784.6607709 [navNode-1] 当前位置:(-0.000229355224291794, 0.00011695744615281001, -0.0003967292723245919)
1775389784.7602062 [navNode-1] [INFO] [1775389784.759832932] [navNode]: 状态4：WaitAim--[TakeOff]
1775389784.7606184 [navNode-1] [INFO] [1775389784.760248471] [navNode]: 未到目标点
1775389784.7607260 [navNode-1] 目标位置:(0.0, 0.0, 0.7)-[TakeOff]-[MCU:False]-[POS:False]
1775389784.7607930 [navNode-1] 当前位置:(-0.0001864493387984112, 9.572930866852403e-05, -0.00043230195296928287)
1775389784.8607054 [navNode-1] [INFO] [1775389784.860372201] [navNode]: 状态4：WaitAim--[TakeOff]
1775389784.8610880 [navNode-1] [INFO] [1775389784.860863063] [navNode]: 未到目标点
1775389784.8612020 [navNode-1] 目标位置:(0.0, 0.0, 0.7)-[TakeOff]-[MCU:False]-[POS:False]
1775389784.8612697 [navNode-1] 当前位置:(-0.0001107678035623394, 5.886086728423834e-05, -0.000963483820669353)
1775389784.9600148 [navNode-1] [INFO] [1775389784.959711347] [navNode]: 状态4：WaitAim--[TakeOff]
1775389784.9605529 [navNode-1] [INFO] [1775389784.960366139] [navNode]: 未到目标点
1775389784.9607041 [navNode-1] 目标位置:(0.0, 0.0, 0.7)-[TakeOff]-[MCU:False]-[POS:False]
1775389784.9607646 [navNode-1] 当前位置:(-0.00012137230805819854, -2.0290913198550697e-06, -0.00031641958048567176)
1775389785.0601242 [navNode-1] [INFO] [1775389785.059752725] [navNode]: 状态4：WaitAim--[TakeOff]
1775389785.0605860 [navNode-1] [INFO] [1775389785.060111319] [navNode]: 未到目标点
1775389785.0607028 [navNode-1] 目标位置:(0.0, 0.0, 0.7)-[TakeOff]-[MCU:False]-[POS:False]
1775389785.0607703 [navNode-1] 当前位置:(-0.00018977970466949046, -3.3327360142720863e-06, -0.0005901012918911874)
1775389785.1606269 [navNode-1] [INFO] [1775389785.160298878] [navNode]: 状态4：WaitAim--[TakeOff]
1775389785.1610260 [navNode-1] [INFO] [1775389785.160720170] [navNode]: 未到目标点
1775389785.1611340 [navNode-1] 目标位置:(0.0, 0.0, 0.7)-[TakeOff]-[MCU:False]-[POS:False]
1775389785.1611986 [navNode-1] 当前位置:(-0.00015807045565452427, -3.092310362262651e-05, -0.0004511623992584646)
1775389785.2599468 [navNode-1] [INFO] [1775389785.259560308] [navNode]: 状态4：WaitAim--[TakeOff]
1775389785.2603347 [navNode-1] [INFO] [1775389785.260008116] [navNode]: 未到目标点
1775389785.2604477 [navNode-1] 目标位置:(0.0, 0.0, 0.7)-[TakeOff]-[MCU:False]-[POS:False]
1775389785.2605264 [navNode-1] 当前位置:(-4.067259578732774e-05, 9.888000931823626e-06, -0.00044820187031291425)
1775389785.3599920 [navNode-1] [INFO] [1775389785.359642466] [navNode]: 状态4：WaitAim--[TakeOff]
1775389785.3604648 [navNode-1] [INFO] [1775389785.360044216] [navNode]: 未到目标点
1775389785.3606164 [navNode-1] 目标位置:(0.0, 0.0, 0.7)-[TakeOff]-[MCU:False]-[POS:False]
1775389785.3607323 [navNode-1] 当前位置:(-0.00022106216056272388, 3.9131624362198636e-05, -0.0011110162595286965)
1775389785.4601390 [navNode-1] [INFO] [1775389785.459719534] [navNode]: 状态4：WaitAim--[TakeOff]
1775389785.4605842 [navNode-1] [INFO] [1775389785.460166729] [navNode]: 未到目标点
1775389785.4607589 [navNode-1] 目标位置:(0.0, 0.0, 0.7)-[TakeOff]-[MCU:False]-[POS:False]
1775389785.4609127 [navNode-1] 当前位置:(-4.008461837656796e-05, -5.551677895709872e-05, -0.0003603789664339274)
1775389785.5601389 [navNode-1] [INFO] [1775389785.559782884] [navNode]: 状态4：WaitAim--[TakeOff]
1775389785.5606256 [navNode-1] [INFO] [1775389785.560216683] [navNode]: 未到目标点
1775389785.5607388 [navNode-1] 目标位置:(0.0, 0.0, 0.7)-[TakeOff]-[MCU:False]-[POS:False]
1775389785.5607848 [navNode-1] 当前位置:(-0.00015728469588793814, -3.393539373064414e-05, -0.0004530826990958303)
1775389785.6598969 [navNode-1] [INFO] [1775389785.659496937] [navNode]: 状态4：WaitAim--[TakeOff]
1775389785.6603460 [navNode-1] [INFO] [1775389785.659893807] [navNode]: 未到目标点
1775389785.6604416 [navNode-1] 目标位置:(0.0, 0.0, 0.7)-[TakeOff]-[MCU:False]-[POS:False]
1775389785.6604893 [navNode-1] 当前位置:(-4.009246185887605e-05, -2.6109491955139674e-05, -0.0011535683879628778)
1775389785.7600501 [navNode-1] [INFO] [1775389785.759741992] [navNode]: 状态4：WaitAim--[TakeOff]
1775389785.7604678 [navNode-1] [INFO] [1775389785.760172900] [navNode]: 未到目标点
1775389785.7605941 [navNode-1] 目标位置:(0.0, 0.0, 0.7)-[TakeOff]-[MCU:False]-[POS:False]
1775389785.7606754 [navNode-1] 当前位置:(-0.0001239481061929837, 8.473672642139718e-05, -0.001079391106031835)
1775389785.8598936 [navNode-1] [INFO] [1775389785.859592373] [navNode]: 状态4：WaitAim--[TakeOff]
1775389785.8603036 [navNode-1] [INFO] [1775389785.859980415] [navNode]: 未到目标点
1775389785.8604395 [navNode-1] 目标位置:(0.0, 0.0, 0.7)-[TakeOff]-[MCU:False]-[POS:False]
1775389785.8605051 [navNode-1] 当前位置:(-4.852305573876947e-05, 0.00011892199836438522, -0.0011700968025252223)
1775389785.9607253 [navNode-1] [INFO] [1775389785.960401783] [navNode]: 状态4：WaitAim--[TakeOff]
1775389785.9612048 [navNode-1] [INFO] [1775389785.960915633] [navNode]: 未到目标点
1775389785.9613264 [navNode-1] 目标位置:(0.0, 0.0, 0.7)-[TakeOff]-[MCU:False]-[POS:False]
1775389785.9614158 [navNode-1] 当前位置:(-5.986767791910097e-05, 7.283787272172049e-05, -0.0013321958249434829)
1775389786.0601292 [navNode-1] [INFO] [1775389786.059845374] [navNode]: 状态4：WaitAim--[TakeOff]
1775389786.0605705 [navNode-1] [INFO] [1775389786.060307332] [navNode]: 未到目标点
1775389786.0607226 [navNode-1] 目标位置:(0.0, 0.0, 0.7)-[TakeOff]-[MCU:False]-[POS:False]
1775389786.0608358 [navNode-1] 当前位置:(-0.00011464989802334458, -0.00013956529437564313, -0.0008549506892450154)
1775389786.1600506 [navNode-1] [INFO] [1775389786.159716998] [navNode]: 状态4：WaitAim--[TakeOff]
1775389786.1605055 [navNode-1] [INFO] [1775389786.160104218] [navNode]: 未到目标点
1775389786.1606529 [navNode-1] 目标位置:(0.0, 0.0, 0.7)-[TakeOff]-[MCU:False]-[POS:False]
1775389786.1607327 [navNode-1] 当前位置:(-0.00011575702228583395, 0.00011439212539698929, -0.0010865037329494953)
1775389786.2599285 [navNode-1] [INFO] [1775389786.259516574] [navNode]: 状态4：WaitAim--[TakeOff]
1775389786.2603841 [navNode-1] [INFO] [1775389786.259897536] [navNode]: 未到目标点
1775389786.2604995 [navNode-1] 目标位置:(0.0, 0.0, 0.7)-[TakeOff]-[MCU:False]-[POS:False]
1775389786.2605462 [navNode-1] 当前位置:(-0.00020822887017857283, 7.957762863952667e-05, -0.0013316429685801268)
1775389786.3613806 [navNode-1] [INFO] [1775389786.360830675] [navNode]: 状态4：WaitAim--[TakeOff]
1775389786.3618121 [navNode-1] [INFO] [1775389786.361526587] [navNode]: 未到目标点
1775389786.3618743 [navNode-1] 目标位置:(0.0, 0.0, 0.7)-[TakeOff]-[MCU:False]-[POS:False]
1775389786.3619099 [navNode-1] 当前位置:(-3.677484710351564e-05, 0.0001476821635151282, -0.001169066526927054)
1775389786.4598143 [navNode-1] [INFO] [1775389786.459513974] [navNode]: 状态4：WaitAim--[TakeOff]
1775389786.4602003 [navNode-1] [INFO] [1775389786.459883097] [navNode]: 未到目标点
1775389786.4603312 [navNode-1] 目标位置:(0.0, 0.0, 0.7)-[TakeOff]-[MCU:False]-[POS:False]
1775389786.4604008 [navNode-1] 当前位置:(-3.9803948311600834e-05, 5.513182622962631e-05, -0.0010455410229042172)
1775389786.5599673 [navNode-1] [INFO] [1775389786.559662895] [navNode]: 状态4：WaitAim--[TakeOff]
1775389786.5603986 [navNode-1] [INFO] [1775389786.560034375] [navNode]: 未到目标点
1775389786.5604920 [navNode-1] 目标位置:(0.0, 0.0, 0.7)-[TakeOff]-[MCU:False]-[POS:False]
1775389786.5605812 [navNode-1] 当前位置:(-0.0001553698384668678, 7.339424337260425e-05, -0.001216747798025608)
1775389786.6598861 [navNode-1] [INFO] [1775389786.659529027] [navNode]: 状态4：WaitAim--[TakeOff]
1775389786.6602960 [navNode-1] [INFO] [1775389786.659960706] [navNode]: 未到目标点
1775389786.6604152 [navNode-1] 目标位置:(0.0, 0.0, 0.7)-[TakeOff]-[MCU:False]-[POS:False]
1775389786.6604810 [navNode-1] 当前位置:(-2.986491017509252e-05, -0.00014668483345303684, -0.0007356885471381247)
1775389786.7600200 [navNode-1] [INFO] [1775389786.759699269] [navNode]: 状态4：WaitAim--[TakeOff]
1775389786.7604263 [navNode-1] [INFO] [1775389786.760119568] [navNode]: 未到目标点
1775389786.7605515 [navNode-1] 目标位置:(0.0, 0.0, 0.7)-[TakeOff]-[MCU:False]-[POS:False]
1775389786.7606065 [navNode-1] 当前位置:(0.00016088216216303408, -0.000381750549422577, -0.0013911345740780234)
1775389786.8603435 [navNode-1] [INFO] [1775389786.859850773] [navNode]: 状态4：WaitAim--[TakeOff]
1775389786.8609855 [navNode-1] [INFO] [1775389786.860357218] [navNode]: 未到目标点
1775389786.8611660 [navNode-1] 目标位置:(0.0, 0.0, 0.7)-[TakeOff]-[MCU:False]-[POS:False]
1775389786.8612533 [navNode-1] 当前位置:(-0.00011958978575421497, 0.0005478743114508688, -0.0008553871302865446)
1775389786.9602304 [navNode-1] [INFO] [1775389786.959844151] [navNode]: 状态4：WaitAim--[TakeOff]
1775389786.9606023 [navNode-1] [INFO] [1775389786.960330255] [navNode]: 未到目标点
1775389786.9606750 [navNode-1] 目标位置:(0.0, 0.0, 0.7)-[TakeOff]-[MCU:False]-[POS:False]
1775389786.9607182 [navNode-1] 当前位置:(0.000504029041621834, 8.9446191850584e-05, -0.0006019195425324142)
1775389787.0601213 [navNode-1] [INFO] [1775389787.059794378] [navNode]: 状态4：WaitAim--[TakeOff]
1775389787.0605731 [navNode-1] [INFO] [1775389787.060205338] [navNode]: 未到目标点
1775389787.0606928 [navNode-1] 目标位置:(0.0, 0.0, 0.7)-[TakeOff]-[MCU:False]-[POS:False]
1775389787.0607626 [navNode-1] 当前位置:(0.0006622903747484088, -0.00036169253871776164, -0.0013256167294457555)
1775389787.1603107 [navNode-1] [INFO] [1775389787.159899983] [navNode]: 状态4：WaitAim--[TakeOff]
1775389787.1606779 [navNode-1] [INFO] [1775389787.160407594] [navNode]: 未到目标点
1775389787.1607926 [navNode-1] 目标位置:(0.0, 0.0, 0.7)-[TakeOff]-[MCU:False]-[POS:False]
1775389787.1608436 [navNode-1] 当前位置:(-0.001183692249469459, 0.0009006145992316306, -0.0009985495125874877)
1775389787.2607713 [navNode-1] [INFO] [1775389787.260479174] [navNode]: 状态4：WaitAim--[TakeOff]
1775389787.2611811 [navNode-1] [INFO] [1775389787.260911528] [navNode]: 未到目标点
1775389787.2616143 [navNode-1] 目标位置:(0.0, 0.0, 0.7)-[TakeOff]-[MCU:False]-[POS:False]
1775389787.2617059 [navNode-1] 当前位置:(-0.0009588304092176259, 0.0004092055605724454, 4.278064807294868e-05)
1775389787.3602021 [navNode-1] [INFO] [1775389787.359811458] [navNode]: 状态4：WaitAim--[TakeOff]
1775389787.3605402 [navNode-1] [INFO] [1775389787.360252231] [navNode]: 未到目标点
1775389787.3606963 [navNode-1] 目标位置:(0.0, 0.0, 0.7)-[TakeOff]-[MCU:False]-[POS:False]
1775389787.3608048 [navNode-1] 当前位置:(-0.0020142686553299427, 0.0002982411824632436, -0.0006952665280550718)
1775389787.4599631 [navNode-1] [INFO] [1775389787.459649981] [navNode]: 状态4：WaitAim--[TakeOff]
1775389787.4603617 [navNode-1] [INFO] [1775389787.460084215] [navNode]: 未到目标点
1775389787.4604564 [navNode-1] 目标位置:(0.0, 0.0, 0.7)-[TakeOff]-[MCU:False]-[POS:False]
1775389787.4605279 [navNode-1] 当前位置:(-0.0030945693142712116, 0.0012366387527436018, -0.0012495099799707532)
1775389787.5601425 [navNode-1] [INFO] [1775389787.559713780] [navNode]: 状态4：WaitAim--[TakeOff]
1775389787.5605550 [navNode-1] [INFO] [1775389787.560300948] [navNode]: 未到目标点
1775389787.5606627 [navNode-1] 目标位置:(0.0, 0.0, 0.7)-[TakeOff]-[MCU:False]-[POS:False]
1775389787.5607355 [navNode-1] 当前位置:(-0.0030454560182988644, 0.0014242948964238167, -0.0011810725554823875)
1775389787.6603131 [navNode-1] [INFO] [1775389787.659833452] [navNode]: 状态4：WaitAim--[TakeOff]
1775389787.6608822 [navNode-1] [INFO] [1775389787.660281622] [navNode]: 未到目标点
1775389787.6610115 [navNode-1] 目标位置:(0.0, 0.0, 0.7)-[TakeOff]-[MCU:False]-[POS:False]
1775389787.6610694 [navNode-1] 当前位置:(-0.005005202256143093, 0.0017393836751580238, -0.0010781466262415051)
1775389787.7608724 [navNode-1] [INFO] [1775389787.760448386] [navNode]: 状态4：WaitAim--[TakeOff]
1775389787.7614655 [navNode-1] [INFO] [1775389787.761293899] [navNode]: 未到目标点
1775389787.7616320 [navNode-1] 目标位置:(0.0, 0.0, 0.7)-[TakeOff]-[MCU:False]-[POS:False]
1775389787.7617002 [navNode-1] 当前位置:(-0.005105771590024233, 0.002957503078505397, -0.0006884190952405334)
1775389787.8599856 [navNode-1] [INFO] [1775389787.859587659] [navNode]: 状态4：WaitAim--[TakeOff]
1775389787.8603816 [navNode-1] [INFO] [1775389787.860033319] [navNode]: 未到目标点
1775389787.8604949 [navNode-1] 目标位置:(0.0, 0.0, 0.7)-[TakeOff]-[MCU:False]-[POS:False]
1775389787.8606100 [navNode-1] 当前位置:(-0.005769992712885141, 0.0026617981493473053, -0.00048075144877657294)
1775389787.9600027 [navNode-1] [INFO] [1775389787.959680704] [navNode]: 状态4：WaitAim--[TakeOff]
1775389787.9603641 [navNode-1] [INFO] [1775389787.960101941] [navNode]: 未到目标点
1775389787.9605281 [navNode-1] 目标位置:(0.0, 0.0, 0.7)-[TakeOff]-[MCU:False]-[POS:False]
1775389787.9605842 [navNode-1] 当前位置:(-0.006479940842837095, 0.003785808105021715, -0.001294241170398891)
1775389788.0599549 [navNode-1] [INFO] [1775389788.059605003] [navNode]: 状态4：WaitAim--[TakeOff]
1775389788.0603902 [navNode-1] [INFO] [1775389788.060020342] [navNode]: 未到目标点
1775389788.0605090 [navNode-1] 目标位置:(0.0, 0.0, 0.7)-[TakeOff]-[MCU:False]-[POS:False]
1775389788.0606124 [navNode-1] 当前位置:(-0.005871890112757683, 0.00517749460414052, -0.0013085517566651106)
1775389788.1600227 [navNode-1] [INFO] [1775389788.159668234] [navNode]: 状态4：WaitAim--[TakeOff]
1775389788.1604879 [navNode-1] [INFO] [1775389788.160120217] [navNode]: 未到目标点
1775389788.1606064 [navNode-1] 目标位置:(0.0, 0.0, 0.7)-[TakeOff]-[MCU:False]-[POS:False]
1775389788.1607666 [navNode-1] 当前位置:(-0.005922831594944, 0.005622358527034521, -0.0007397362496703863)
1775389788.2599266 [navNode-1] [INFO] [1775389788.259476769] [navNode]: 状态4：WaitAim--[TakeOff]
1775389788.2603438 [navNode-1] [INFO] [1775389788.259846608] [navNode]: 未到目标点
1775389788.2604675 [navNode-1] 目标位置:(0.0, 0.0, 0.7)-[TakeOff]-[MCU:False]-[POS:False]
1775389788.2605169 [navNode-1] 当前位置:(-0.006010396871715784, 0.005350029561668634, -0.0006284237606450915)
1775389788.3600490 [navNode-1] [INFO] [1775389788.359711696] [navNode]: 状态4：WaitAim--[TakeOff]
1775389788.3604746 [navNode-1] [INFO] [1775389788.360111862] [navNode]: 未到目标点
1775389788.3605723 [navNode-1] 目标位置:(0.0, 0.0, 0.7)-[TakeOff]-[MCU:False]-[POS:False]
1775389788.3606415 [navNode-1] 当前位置:(-0.005904855206608772, 0.006300971377640963, -0.0010796115966513753)
1775389788.4605918 [navNode-1] [INFO] [1775389788.460261983] [navNode]: 状态4：WaitAim--[TakeOff]
1775389788.4609363 [navNode-1] [INFO] [1775389788.460659959] [navNode]: 未到目标点
1775389788.4609962 [navNode-1] 目标位置:(0.0, 0.0, 0.7)-[TakeOff]-[MCU:False]-[POS:False]
1775389788.4610410 [navNode-1] 当前位置:(-0.004923842381685972, 0.006561600603163242, -0.0009411352802999318)
1775389788.5600071 [navNode-1] [INFO] [1775389788.559546300] [navNode]: 状态4：WaitAim--[TakeOff]
1775389788.5604916 [navNode-1] [INFO] [1775389788.560010040] [navNode]: 未到目标点
1775389788.5606093 [navNode-1] 目标位置:(0.0, 0.0, 0.7)-[TakeOff]-[MCU:False]-[POS:False]
1775389788.5606542 [navNode-1] 当前位置:(-0.005136757157742977, 0.006789605598896742, -0.0006606596289202571)
1775389788.6599905 [navNode-1] [INFO] [1775389788.659683614] [navNode]: 状态4：WaitAim--[TakeOff]
1775389788.6604793 [navNode-1] [INFO] [1775389788.660067190] [navNode]: 未到目标点
1775389788.6606131 [navNode-1] 目标位置:(0.0, 0.0, 0.7)-[TakeOff]-[MCU:False]-[POS:False]
1775389788.6606872 [navNode-1] 当前位置:(-0.0051472061313688755, 0.008381448686122894, -0.0005465755239129066)
1775389788.7601967 [navNode-1] [INFO] [1775389788.759893396] [navNode]: 状态4：WaitAim--[TakeOff]
1775389788.7606015 [navNode-1] [INFO] [1775389788.760290617] [navNode]: 未到目标点
1775389788.7607319 [navNode-1] 目标位置:(0.0, 0.0, 0.7)-[TakeOff]-[MCU:False]-[POS:False]
1775389788.7607923 [navNode-1] 当前位置:(-0.00541894044727087, 0.00935050193220377, -0.000639570236671716)
1775389788.8600054 [navNode-1] [INFO] [1775389788.859667171] [navNode]: 状态4：WaitAim--[TakeOff]
1775389788.8604693 [navNode-1] [INFO] [1775389788.860080133] [navNode]: 未到目标点
1775389788.8606114 [navNode-1] 目标位置:(0.0, 0.0, 0.7)-[TakeOff]-[MCU:False]-[POS:False]
1775389788.8606853 [navNode-1] 当前位置:(-0.00550255598500371, 0.010111961513757706, -0.0005017046933062375)
1775389788.9601672 [navNode-1] [INFO] [1775389788.959855012] [navNode]: 状态4：WaitAim--[TakeOff]
1775389788.9605870 [navNode-1] [INFO] [1775389788.960277470] [navNode]: 未到目标点
1775389788.9607158 [navNode-1] 目标位置:(0.0, 0.0, 0.7)-[TakeOff]-[MCU:False]-[POS:False]
1775389788.9607697 [navNode-1] 当前位置:(-0.005240780301392078, 0.010165381245315075, -0.00016580073861405253)
1775389789.0598497 [navNode-1] [INFO] [1775389789.059559613] [navNode]: 状态4：WaitAim--[TakeOff]
1775389789.0602989 [navNode-1] [INFO] [1775389789.059923823] [navNode]: 未到目标点
1775389789.0603895 [navNode-1] 目标位置:(0.0, 0.0, 0.7)-[TakeOff]-[MCU:False]-[POS:False]
1775389789.0604811 [navNode-1] 当前位置:(-0.005205778870731592, 0.011567426845431328, -0.0004504798853304237)
1775389789.1600075 [navNode-1] [INFO] [1775389789.159706043] [navNode]: 状态4：WaitAim--[TakeOff]
1775389789.1604376 [navNode-1] [INFO] [1775389789.160093510] [navNode]: 未到目标点
1775389789.1605849 [navNode-1] 目标位置:(0.0, 0.0, 0.7)-[TakeOff]-[MCU:False]-[POS:False]
1775389789.1606448 [navNode-1] 当前位置:(-0.005891990847885609, 0.01222226396203041, -0.0003868134808726609)
1775389789.2603023 [navNode-1] [INFO] [1775389789.259994736] [navNode]: 状态4：WaitAim--[TakeOff]
1775389789.2607610 [navNode-1] [INFO] [1775389789.260426758] [navNode]: 未到目标点
1775389789.2608647 [navNode-1] 目标位置:(0.0, 0.0, 0.7)-[TakeOff]-[MCU:False]-[POS:False]
1775389789.2609150 [navNode-1] 当前位置:(-0.005565971601754427, 0.012207104824483395, -0.0006129235262051225)
1775389789.3601046 [navNode-1] [INFO] [1775389789.359783758] [navNode]: 状态4：WaitAim--[TakeOff]
1775389789.3605640 [navNode-1] [INFO] [1775389789.360170623] [navNode]: 未到目标点
1775389789.3606782 [navNode-1] 目标位置:(0.0, 0.0, 0.7)-[TakeOff]-[MCU:False]-[POS:False]
1775389789.3607433 [navNode-1] 当前位置:(-0.005159593187272549, 0.011599407531321049, -0.00047328186337836087)
1775389789.4598777 [navNode-1] [INFO] [1775389789.459548541] [navNode]: 状态4：WaitAim--[TakeOff]
1775389789.4603295 [navNode-1] [INFO] [1775389789.459940436] [navNode]: 未到目标点
1775389789.4604719 [navNode-1] 目标位置:(0.0, 0.0, 0.7)-[TakeOff]-[MCU:False]-[POS:False]
1775389789.4605422 [navNode-1] 当前位置:(-0.005203693639487028, 0.011255808174610138, -0.000621866318397224)
1775389789.5601361 [navNode-1] [INFO] [1775389789.559684366] [navNode]: 状态4：WaitAim--[TakeOff]
1775389789.5605922 [navNode-1] [INFO] [1775389789.560067543] [navNode]: 未到目标点
1775389789.5606911 [navNode-1] 目标位置:(0.0, 0.0, 0.7)-[TakeOff]-[MCU:False]-[POS:False]
1775389789.5607407 [navNode-1] 当前位置:(-0.005593667272478342, 0.01143190823495388, -0.0005345571553334594)
1775389789.6599588 [navNode-1] [INFO] [1775389789.659628367] [navNode]: 状态4：WaitAim--[TakeOff]
1775389789.6603961 [navNode-1] [INFO] [1775389789.660044216] [navNode]: 未到目标点
1775389789.6605265 [navNode-1] 目标位置:(0.0, 0.0, 0.7)-[TakeOff]-[MCU:False]-[POS:False]
1775389789.6605911 [navNode-1] 当前位置:(-0.005314460024237633, 0.011243726126849651, -0.0004891445860266685)
1775389789.7601080 [navNode-1] [INFO] [1775389789.759724647] [navNode]: 状态4：WaitAim--[TakeOff]
1775389789.7605028 [navNode-1] [INFO] [1775389789.760160412] [navNode]: 未到目标点
1775389789.7606094 [navNode-1] 目标位置:(0.0, 0.0, 0.7)-[TakeOff]-[MCU:False]-[POS:False]
1775389789.7606778 [navNode-1] 当前位置:(-0.004173805471509695, 0.009060190059244633, -0.0009298357181251049)
1775389789.8598726 [navNode-1] [INFO] [1775389789.859562917] [navNode]: 状态4：WaitAim--[TakeOff]
1775389789.8602493 [navNode-1] [INFO] [1775389789.859964809] [navNode]: 未到目标点
1775389789.8603652 [navNode-1] 目标位置:(0.0, 0.0, 0.7)-[TakeOff]-[MCU:False]-[POS:False]
1775389789.8604336 [navNode-1] 当前位置:(-0.0029883775860071182, 0.006779526360332966, -0.0006742737023159862)
1775389789.9601521 [navNode-1] [INFO] [1775389789.959838325] [navNode]: 状态4：WaitAim--[TakeOff]
1775389789.9605565 [navNode-1] [INFO] [1775389789.960232537] [navNode]: 未到目标点
1775389789.9606957 [navNode-1] 目标位置:(0.0, 0.0, 0.7)-[TakeOff]-[MCU:False]-[POS:False]
1775389789.9608018 [navNode-1] 当前位置:(-0.0006761376862414181, 0.002888632705435157, -0.0007093030726537108)
1775389790.0608683 [navNode-1] [INFO] [1775389790.059966866] [navNode]: 状态4：WaitAim--[TakeOff]
1775389790.0610988 [navNode-1] [INFO] [1775389790.060485538] [navNode]: 未到目标点
1775389790.0611701 [navNode-1] 目标位置:(0.0, 0.0, 0.7)-[TakeOff]-[MCU:False]-[POS:False]
1775389790.0612187 [navNode-1] 当前位置:(0.0012507815845310688, -0.0004530243168119341, -0.0007533350144512951)
1775389790.1603403 [navNode-1] [INFO] [1775389790.159948530] [navNode]: 状态4：WaitAim--[TakeOff]
1775389790.1607392 [navNode-1] [INFO] [1775389790.160401022] [navNode]: 未到目标点
1775389790.1608369 [navNode-1] 目标位置:(0.0, 0.0, 0.7)-[TakeOff]-[MCU:False]-[POS:False]
1775389790.1608832 [navNode-1] 当前位置:(0.0023372764699161053, -0.0037279583048075438, -0.0004595343198161572)
1775389790.2601352 [navNode-1] [INFO] [1775389790.259776551] [navNode]: 状态4：WaitAim--[TakeOff]
1775389790.2608473 [navNode-1] [INFO] [1775389790.260199916] [navNode]: 未到目标点
1775389790.2610035 [navNode-1] 目标位置:(0.0, 0.0, 0.7)-[TakeOff]-[MCU:False]-[POS:False]
1775389790.2610595 [navNode-1] 当前位置:(0.003446518676355481, -0.006521202623844147, -0.0009601974743418396)
1775389790.3602107 [navNode-1] [INFO] [1775389790.359868909] [navNode]: 状态4：WaitAim--[TakeOff]
1775389790.3607297 [navNode-1] [INFO] [1775389790.360291081] [navNode]: 未到目标点
1775389790.3608537 [navNode-1] 目标位置:(0.0, 0.0, 0.7)-[TakeOff]-[MCU:False]-[POS:False]
1775389790.3609080 [navNode-1] 当前位置:(0.00479707308113575, -0.009578902274370193, -0.0009759481763467193)
1775389790.4598835 [navNode-1] [INFO] [1775389790.459544251] [navNode]: 状态4：WaitAim--[TakeOff]
1775389790.4603248 [navNode-1] [INFO] [1775389790.459913364] [navNode]: 未到目标点
1775389790.4604406 [navNode-1] 目标位置:(0.0, 0.0, 0.7)-[TakeOff]-[MCU:False]-[POS:False]
1775389790.4604900 [navNode-1] 当前位置:(0.007266273722052574, -0.01217576116323471, -0.0012049251236021519)
1775389790.5599575 [navNode-1] [INFO] [1775389790.559644401] [navNode]: 状态4：WaitAim--[TakeOff]
1775389790.5604331 [navNode-1] [INFO] [1775389790.560010646] [navNode]: 未到目标点
1775389790.5605593 [navNode-1] 目标位置:(0.0, 0.0, 0.7)-[TakeOff]-[MCU:False]-[POS:False]
1775389790.5606828 [navNode-1] 当前位置:(0.00851376075297594, -0.014155583456158638, -0.0010220191907137632)
1775389790.6599965 [navNode-1] [INFO] [1775389790.659586970] [navNode]: 状态4：WaitAim--[TakeOff]
1775389790.6604326 [navNode-1] [INFO] [1775389790.659963373] [navNode]: 未到目标点
1775389790.6605678 [navNode-1] 目标位置:(0.0, 0.0, 0.7)-[TakeOff]-[MCU:False]-[POS:False]
1775389790.6606255 [navNode-1] 当前位置:(0.009695691056549549, -0.015854980796575546, -0.00172257493250072)
1775389790.7600479 [navNode-1] [INFO] [1775389790.759680337] [navNode]: 状态4：WaitAim--[TakeOff]
1775389790.7605281 [navNode-1] [INFO] [1775389790.760071417] [navNode]: 未到目标点
1775389790.7607007 [navNode-1] 目标位置:(0.0, 0.0, 0.7)-[TakeOff]-[MCU:False]-[POS:False]
1775389790.7608016 [navNode-1] 当前位置:(0.009447768330574036, -0.01595461554825306, -0.0015203597722575068)
1775389790.8598466 [navNode-1] [INFO] [1775389790.859552712] [navNode]: 状态4：WaitAim--[TakeOff]
1775389790.8603060 [navNode-1] [INFO] [1775389790.859930848] [navNode]: 未到目标点
1775389790.8604321 [navNode-1] 目标位置:(0.0, 0.0, 0.7)-[TakeOff]-[MCU:False]-[POS:False]
1775389790.8604829 [navNode-1] 当前位置:(0.008141661062836647, -0.014975955709815025, -0.001368772704154253)
1775389790.9601007 [navNode-1] [INFO] [1775389790.959759852] [navNode]: 状态4：WaitAim--[TakeOff]
1775389790.9606018 [navNode-1] [INFO] [1775389790.960219300] [navNode]: 未到目标点
1775389790.9607394 [navNode-1] 目标位置:(0.0, 0.0, 0.7)-[TakeOff]-[MCU:False]-[POS:False]
1775389790.9608183 [navNode-1] 当前位置:(0.0076857516542077065, -0.014573207125067711, -0.001073437393642962)
1775389791.0599983 [navNode-1] [INFO] [1775389791.059692382] [navNode]: 状态4：WaitAim--[TakeOff]
1775389791.0604784 [navNode-1] [INFO] [1775389791.060112432] [navNode]: 未到目标点
1775389791.0605927 [navNode-1] 目标位置:(0.0, 0.0, 0.7)-[TakeOff]-[MCU:False]-[POS:False]
1775389791.0606415 [navNode-1] 当前位置:(0.007322958204895258, -0.01426600944250822, -0.0012563297059386969)
1775389791.1601543 [navNode-1] [INFO] [1775389791.159823278] [navNode]: 状态4：WaitAim--[TakeOff]
1775389791.1605406 [navNode-1] [INFO] [1775389791.160226803] [navNode]: 未到目标点
1775389791.1606753 [navNode-1] 目标位置:(0.0, 0.0, 0.7)-[TakeOff]-[MCU:False]-[POS:False]
1775389791.1607208 [navNode-1] 当前位置:(0.007270513102412224, -0.01421395968645811, -0.0010243748547509313)
1775389791.2605653 [navNode-1] [INFO] [1775389791.260251379] [navNode]: 状态4：WaitAim--[TakeOff]
1775389791.2609358 [navNode-1] [INFO] [1775389791.260656031] [navNode]: 未到目标点
1775389791.2610619 [navNode-1] 目标位置:(0.0, 0.0, 0.7)-[TakeOff]-[MCU:False]-[POS:False]
1775389791.2611301 [navNode-1] 当前位置:(0.0066321357153356075, -0.012843089178204536, -0.0011014663614332676)
1775389791.3600955 [navNode-1] [INFO] [1775389791.359698610] [navNode]: 状态4：WaitAim--[TakeOff]
1775389791.3604205 [navNode-1] [INFO] [1775389791.360145246] [navNode]: 未到目标点
1775389791.3605499 [navNode-1] 目标位置:(0.0, 0.0, 0.7)-[TakeOff]-[MCU:False]-[POS:False]
1775389791.3606164 [navNode-1] 当前位置:(0.006574519909918308, -0.012288780882954597, -0.0005847515421919525)
1775389791.4605436 [navNode-1] [INFO] [1775389791.460242612] [navNode]: 状态4：WaitAim--[TakeOff]
1775389791.4609034 [navNode-1] [INFO] [1775389791.460646176] [navNode]: 未到目标点
1775389791.4610305 [navNode-1] 目标位置:(0.0, 0.0, 0.7)-[TakeOff]-[MCU:False]-[POS:False]
1775389791.4611204 [navNode-1] 当前位置:(0.008077284321188927, -0.011822061613202095, -0.000684504397213459)
1775389791.5598638 [navNode-1] [INFO] [1775389791.559558540] [navNode]: 状态4：WaitAim--[TakeOff]
1775389791.5603664 [navNode-1] [INFO] [1775389791.559966012] [navNode]: 未到目标点
1775389791.5604935 [navNode-1] 目标位置:(0.0, 0.0, 0.7)-[TakeOff]-[MCU:False]-[POS:False]
1775389791.5605628 [navNode-1] 当前位置:(0.009498405270278454, -0.01068427786231041, -0.0010380804305896163)
1775389791.6599317 [navNode-1] [INFO] [1775389791.659619659] [navNode]: 状态4：WaitAim--[TakeOff]
1775389791.6603148 [navNode-1] [INFO] [1775389791.660006446] [navNode]: 未到目标点
1775389791.6604831 [navNode-1] 目标位置:(0.0, 0.0, 0.7)-[TakeOff]-[MCU:False]-[POS:False]
1775389791.6605673 [navNode-1] 当前位置:(0.012011521495878696, -0.011809282936155796, -0.0014800698263570666)
1775389791.7600417 [navNode-1] [INFO] [1775389791.759751501] [navNode]: 状态4：WaitAim--[TakeOff]
1775389791.7604432 [navNode-1] [INFO] [1775389791.760172914] [navNode]: 未到目标点
1775389791.7605429 [navNode-1] 目标位置:(0.0, 0.0, 0.7)-[TakeOff]-[MCU:False]-[POS:False]
1775389791.7606122 [navNode-1] 当前位置:(0.015270328149199486, -0.013103578239679337, -0.000830028613563627)
1775389791.8615890 [navNode-1] [INFO] [1775389791.861139250] [navNode]: 状态4：WaitAim--[TakeOff]
1775389791.8620789 [navNode-1] [INFO] [1775389791.861671653] [navNode]: 未到目标点
1775389791.8622894 [navNode-1] 目标位置:(0.0, 0.0, 0.7)-[TakeOff]-[MCU:False]-[POS:False]
1775389791.8623838 [navNode-1] 当前位置:(0.016482947394251823, -0.013131268322467804, -0.0011133737862110138)
1775389791.9611094 [navNode-1] [INFO] [1775389791.960558792] [navNode]: 状态4：WaitAim--[TakeOff]
1775389791.9618380 [navNode-1] [INFO] [1775389791.961403465] [navNode]: 未到目标点
1775389791.9620614 [navNode-1] 目标位置:(0.0, 0.0, 0.7)-[TakeOff]-[MCU:False]-[POS:False]
1775389791.9621723 [navNode-1] 当前位置:(0.016151729971170425, -0.013998926617205143, -0.0007476187311112881)
1775389792.0605710 [navNode-1] [INFO] [1775389792.060155245] [navNode]: 状态4：WaitAim--[TakeOff]
1775389792.0613778 [navNode-1] [INFO] [1775389792.061150816] [navNode]: 未到目标点
1775389792.0616319 [navNode-1] 目标位置:(0.0, 0.0, 0.7)-[TakeOff]-[MCU:False]-[POS:False]
1775389792.0617406 [navNode-1] 当前位置:(0.015110792592167854, -0.01420766580849886, -0.0008304055081680417)
1775389792.1604712 [navNode-1] [INFO] [1775389792.160088284] [navNode]: 状态4：WaitAim--[TakeOff]
1775389792.1611581 [navNode-1] [INFO] [1775389792.160930048] [navNode]: 未到目标点
1775389792.1613381 [navNode-1] 目标位置:(0.0, 0.0, 0.7)-[TakeOff]-[MCU:False]-[POS:False]
1775389792.1614208 [navNode-1] 当前位置:(0.015819499269127846, -0.014684544876217842, -0.0004916201578453183)
1775389792.2612803 [navNode-1] [INFO] [1775389792.260940210] [navNode]: 状态4：WaitAim--[TakeOff]
1775389792.2618458 [navNode-1] [INFO] [1775389792.261470593] [navNode]: 未到目标点
1775389792.2620459 [navNode-1] 目标位置:(0.0, 0.0, 0.7)-[TakeOff]-[MCU:False]-[POS:False]
1775389792.2624617 [navNode-1] 当前位置:(0.014716370031237602, -0.014415654353797436, -0.0006924500339664519)
1775389792.3610866 [navNode-1] [INFO] [1775389792.360652836] [navNode]: 状态4：WaitAim--[TakeOff]
1775389792.3616235 [navNode-1] [INFO] [1775389792.361415671] [navNode]: 未到目标点
1775389792.3617384 [navNode-1] 目标位置:(0.0, 0.0, 0.7)-[TakeOff]-[MCU:False]-[POS:False]
1775389792.3617921 [navNode-1] 当前位置:(0.01520802453160286, -0.014728634618222713, -0.0008691059774719179)
1775389792.4606643 [navNode-1] [INFO] [1775389792.460300186] [navNode]: 状态4：WaitAim--[TakeOff]
1775389792.4611177 [navNode-1] [INFO] [1775389792.460836927] [navNode]: 未到目标点
1775389792.4612219 [navNode-1] 目标位置:(0.0, 0.0, 0.7)-[TakeOff]-[MCU:False]-[POS:False]
1775389792.4612765 [navNode-1] 当前位置:(0.015038317069411278, -0.014443343505263329, -0.0008666165522299707)
1775389792.5608563 [navNode-1] [INFO] [1775389792.560495941] [navNode]: 状态4：WaitAim--[TakeOff]
1775389792.5613670 [navNode-1] [INFO] [1775389792.561165777] [navNode]: 未到目标点
1775389792.5614641 [navNode-1] 目标位置:(0.0, 0.0, 0.7)-[TakeOff]-[MCU:False]-[POS:False]
1775389792.5615258 [navNode-1] 当前位置:(0.016071220859885216, -0.014876773580908775, -0.0010660806437954307)
1775389792.6613574 [navNode-1] [INFO] [1775389792.660873158] [navNode]: 状态4：WaitAim--[TakeOff]
1775389792.6618295 [navNode-1] [INFO] [1775389792.661584283] [navNode]: 未到目标点
1775389792.6619222 [navNode-1] 目标位置:(0.0, 0.0, 0.7)-[TakeOff]-[MCU:False]-[POS:False]
1775389792.6619718 [navNode-1] 当前位置:(0.014838345348834991, -0.014417971484363079, -0.0011286236112937331)
1775389792.7602010 [navNode-1] [INFO] [1775389792.759888181] [navNode]: 状态4：WaitAim--[TakeOff]
1775389792.7606065 [navNode-1] [INFO] [1775389792.760369595] [navNode]: 未到目标点
1775389792.7606847 [navNode-1] 目标位置:(0.0, 0.0, 0.7)-[TakeOff]-[MCU:False]-[POS:False]
1775389792.7607305 [navNode-1] 当前位置:(0.015499306842684746, -0.01482477504760027, -0.0006735341739840806)
1775389792.8608935 [navNode-1] [INFO] [1775389792.860543018] [navNode]: 状态4：WaitAim--[TakeOff]
1775389792.8612900 [navNode-1] [INFO] [1775389792.860967929] [navNode]: 未到目标点
1775389792.8613622 [navNode-1] 目标位置:(0.0, 0.0, 0.7)-[TakeOff]-[MCU:False]-[POS:False]
1775389792.8614125 [navNode-1] 当前位置:(0.015300335362553596, -0.014795382507145405, -0.0008137188269756734)
1775389792.9604630 [navNode-1] [INFO] [1775389792.960150753] [navNode]: 状态4：WaitAim--[TakeOff]
1775389792.9608519 [navNode-1] [INFO] [1775389792.960591695] [navNode]: 未到目标点
1775389792.9609809 [navNode-1] 目标位置:(0.0, 0.0, 0.7)-[TakeOff]-[MCU:False]-[POS:False]
1775389792.9610469 [navNode-1] 当前位置:(0.015330982394516468, -0.01482193823903799, -0.0008471239707432687)
1775389793.0606167 [navNode-1] [INFO] [1775389793.060223918] [navNode]: 状态4：WaitAim--[TakeOff]
1775389793.0611050 [navNode-1] [INFO] [1775389793.060937633] [navNode]: 未到目标点
1775389793.0612037 [navNode-1] 目标位置:(0.0, 0.0, 0.7)-[TakeOff]-[MCU:False]-[POS:False]
1775389793.0612597 [navNode-1] 当前位置:(0.015726685523986816, -0.014725299552083015, -0.0013296983670443296)
1775389793.1603732 [navNode-1] [INFO] [1775389793.160078014] [navNode]: 状态4：WaitAim--[TakeOff]
1775389793.1609087 [navNode-1] [INFO] [1775389793.160603753] [navNode]: 未到目标点
1775389793.1610043 [navNode-1] 目标位置:(0.0, 0.0, 0.7)-[TakeOff]-[MCU:False]-[POS:False]
1775389793.1610553 [navNode-1] 当前位置:(0.015677932649850845, -0.0151082593947649, -0.0005496421363204718)
1775389793.2604623 [navNode-1] [INFO] [1775389793.260129535] [navNode]: 状态4：WaitAim--[TakeOff]
1775389793.2608907 [navNode-1] [INFO] [1775389793.260648419] [navNode]: 未到目标点
1775389793.2609997 [navNode-1] 目标位置:(0.0, 0.0, 0.7)-[TakeOff]-[MCU:False]-[POS:False]
1775389793.2610676 [navNode-1] 当前位置:(0.015485076233744621, -0.01467599906027317, -0.0012369644828140736)
1775389793.3601184 [navNode-1] [INFO] [1775389793.359822267] [navNode]: 状态4：WaitAim--[TakeOff]
1775389793.3605652 [navNode-1] [INFO] [1775389793.360214100] [navNode]: 未到目标点
1775389793.3606799 [navNode-1] 目标位置:(0.0, 0.0, 0.7)-[TakeOff]-[MCU:False]-[POS:False]
1775389793.3607509 [navNode-1] 当前位置:(0.015366928651928902, -0.014428614638745785, -0.0009376646485179663)
1775389793.4601223 [navNode-1] [INFO] [1775389793.459667421] [navNode]: 状态4：WaitAim--[TakeOff]
1775389793.4604490 [navNode-1] [INFO] [1775389793.460150863] [navNode]: 未到目标点
1775389793.4605434 [navNode-1] 目标位置:(0.0, 0.0, 0.7)-[TakeOff]-[MCU:False]-[POS:False]
1775389793.4605875 [navNode-1] 当前位置:(0.01399869192391634, -0.01389642246067524, 5.3479219786822796e-05)
1775389793.5608983 [navNode-1] [INFO] [1775389793.560442250] [navNode]: 状态4：WaitAim--[TakeOff]
1775389793.5614195 [navNode-1] [INFO] [1775389793.560993275] [navNode]: 未到目标点
1775389793.5615358 [navNode-1] 目标位置:(0.0, 0.0, 0.7)-[TakeOff]-[MCU:False]-[POS:False]
1775389793.5615900 [navNode-1] 当前位置:(0.007276907563209534, -0.015591678209602833, -0.0007900384371168911)
1775389793.6601763 [navNode-1] [INFO] [1775389793.659799483] [navNode]: 状态4：WaitAim--[TakeOff]
1775389793.6605763 [navNode-1] [INFO] [1775389793.660187067] [navNode]: 未到目标点
1775389793.6606784 [navNode-1] 目标位置:(0.0, 0.0, 0.7)-[TakeOff]-[MCU:False]-[POS:False]
1775389793.6607587 [navNode-1] 当前位置:(-0.0033289880957454443, -0.017569152638316154, -0.0007069017156027257)
1775389793.7601268 [navNode-1] [INFO] [1775389793.759814080] [navNode]: 状态4：WaitAim--[TakeOff]
1775389793.7605104 [navNode-1] [INFO] [1775389793.760269152] [navNode]: 未到目标点
1775389793.7606273 [navNode-1] 目标位置:(0.0, 0.0, 0.7)-[TakeOff]-[MCU:False]-[POS:False]
1775389793.7607038 [navNode-1] 当前位置:(-0.013926937244832516, -0.01732790097594261, -0.0007598904194310308)
1775389793.8605530 [navNode-1] [INFO] [1775389793.860234678] [navNode]: 状态4：WaitAim--[TakeOff]
1775389793.8609231 [navNode-1] [INFO] [1775389793.860647683] [navNode]: 未到目标点
1775389793.8610182 [navNode-1] 目标位置:(0.0, 0.0, 0.7)-[TakeOff]-[MCU:False]-[POS:False]
1775389793.8611016 [navNode-1] 当前位置:(-0.02179015427827835, -0.01437246985733509, -0.0012281254166737199)
1775389793.9601068 [navNode-1] [INFO] [1775389793.959781265] [navNode]: 状态4：WaitAim--[TakeOff]
1775389793.9604435 [navNode-1] [INFO] [1775389793.960174331] [navNode]: 未到目标点
1775389793.9605563 [navNode-1] 目标位置:(0.0, 0.0, 0.7)-[TakeOff]-[MCU:False]-[POS:False]
1775389793.9606259 [navNode-1] 当前位置:(-0.02423347346484661, -0.014446884393692017, -0.0009122025803662837)
1775389794.0601311 [navNode-1] [INFO] [1775389794.059705049] [navNode]: 状态4：WaitAim--[TakeOff]
1775389794.0605335 [navNode-1] [INFO] [1775389794.060159224] [navNode]: 未到目标点
1775389794.0606425 [navNode-1] 目标位置:(0.0, 0.0, 0.7)-[TakeOff]-[MCU:False]-[POS:False]
1775389794.0606916 [navNode-1] 当前位置:(-0.023459579795598984, -0.015332329086959362, -0.0010398118756711483)
1775389794.1610916 [navNode-1] [INFO] [1775389794.160657769] [navNode]: 状态4：WaitAim--[TakeOff]
1775389794.1614261 [navNode-1] [INFO] [1775389794.161167781] [navNode]: 未到目标点
1775389794.1615081 [navNode-1] 目标位置:(0.0, 0.0, 0.7)-[TakeOff]-[MCU:False]-[POS:False]
1775389794.1615474 [navNode-1] 当前位置:(-0.022795705124735832, -0.016010534018278122, -0.0008589387289248407)
1775389794.2599897 [navNode-1] [INFO] [1775389794.259692310] [navNode]: 状态4：WaitAim--[TakeOff]
1775389794.2603502 [navNode-1] [INFO] [1775389794.260101714] [navNode]: 未到目标点
1775389794.2604420 [navNode-1] 目标位置:(0.0, 0.0, 0.7)-[TakeOff]-[MCU:False]-[POS:False]
1775389794.2605159 [navNode-1] 当前位置:(-0.023306414484977722, -0.01554017048329115, -0.0008470153552480042)
1775389794.3599606 [navNode-1] [INFO] [1775389794.359665278] [navNode]: 状态4：WaitAim--[TakeOff]
1775389794.3603101 [navNode-1] [INFO] [1775389794.360070389] [navNode]: 未到目标点
1775389794.3604124 [navNode-1] 目标位置:(0.0, 0.0, 0.7)-[TakeOff]-[MCU:False]-[POS:False]
1775389794.3604972 [navNode-1] 当前位置:(-0.024516157805919647, -0.014592020772397518, -0.0011179063003510237)
1775389794.4600050 [navNode-1] [INFO] [1775389794.459735402] [navNode]: 状态4：WaitAim--[TakeOff]
1775389794.4603503 [navNode-1] [INFO] [1775389794.460189215] [navNode]: 未到目标点
1775389794.4604151 [navNode-1] 目标位置:(0.0, 0.0, 0.7)-[TakeOff]-[MCU:False]-[POS:False]
1775389794.4604523 [navNode-1] 当前位置:(-0.02513653226196766, -0.014738982543349266, -0.0014180605066940188)
1775389794.5598388 [navNode-1] [INFO] [1775389794.559532679] [navNode]: 状态4：WaitAim--[TakeOff]
1775389794.5602620 [navNode-1] [INFO] [1775389794.560133635] [navNode]: 未到目标点
1775389794.5603416 [navNode-1] 目标位置:(0.0, 0.0, 0.7)-[TakeOff]-[MCU:False]-[POS:False]
1775389794.5603824 [navNode-1] 当前位置:(-0.025905756279826164, -0.014356243424117565, -0.0018750805174931884)
1775389794.6606238 [navNode-1] [INFO] [1775389794.660068664] [navNode]: 状态4：WaitAim--[TakeOff]
1775389794.6613946 [navNode-1] [INFO] [1775389794.660501310] [navNode]: 未到目标点
1775389794.6615024 [navNode-1] 目标位置:(0.0, 0.0, 0.7)-[TakeOff]-[MCU:False]-[POS:False]
1775389794.6615527 [navNode-1] 当前位置:(-0.025446204468607903, -0.01511253323405981, -0.0011091810883954167)
1775389794.7599776 [navNode-1] [INFO] [1775389794.759681647] [navNode]: 状态4：WaitAim--[TakeOff]
1775389794.7602990 [navNode-1] [INFO] [1775389794.760089279] [navNode]: 未到目标点
1775389794.7604167 [navNode-1] 目标位置:(0.0, 0.0, 0.7)-[TakeOff]-[MCU:False]-[POS:False]
1775389794.7604866 [navNode-1] 当前位置:(-0.026022931560873985, -0.014602534472942352, -0.0012977728620171547)
1775389794.8600519 [navNode-1] [INFO] [1775389794.859761696] [navNode]: 状态4：WaitAim--[TakeOff]
1775389794.8604410 [navNode-1] [INFO] [1775389794.860209377] [navNode]: 未到目标点
1775389794.8605375 [navNode-1] 目标位置:(0.0, 0.0, 0.7)-[TakeOff]-[MCU:False]-[POS:False]
1775389794.8605845 [navNode-1] 当前位置:(-0.025434542447328568, -0.014534845016896725, -0.0011210233205929399)
1775389794.9599764 [navNode-1] [INFO] [1775389794.959668720] [navNode]: 状态4：WaitAim--[TakeOff]
1775389794.9603302 [navNode-1] [INFO] [1775389794.960080382] [navNode]: 未到目标点
1775389794.9604616 [navNode-1] 目标位置:(0.0, 0.0, 0.7)-[TakeOff]-[MCU:False]-[POS:False]
1775389794.9605293 [navNode-1] 当前位置:(-0.02565935254096985, -0.01464718859642744, -0.0013985811965540051)
1775389795.0600100 [navNode-1] [INFO] [1775389795.059636927] [navNode]: 状态4：WaitAim--[TakeOff]
1775389795.0604460 [navNode-1] [INFO] [1775389795.060057690] [navNode]: 未到目标点
1775389795.0605705 [navNode-1] 目标位置:(0.0, 0.0, 0.7)-[TakeOff]-[MCU:False]-[POS:False]
1775389795.0606411 [navNode-1] 当前位置:(-0.02549690566956997, -0.015110675245523453, -0.0010744070168584585)
1775389795.1603129 [navNode-1] [INFO] [1775389795.159979055] [navNode]: 状态4：WaitAim--[TakeOff]
1775389795.1607411 [navNode-1] [INFO] [1775389795.160442623] [navNode]: 未到目标点
1775389795.1608565 [navNode-1] 目标位置:(0.0, 0.0, 0.7)-[TakeOff]-[MCU:False]-[POS:False]
1775389795.1609099 [navNode-1] 当前位置:(-0.02585349977016449, -0.014258679933845997, -0.001047590165399015)
1775389795.2598965 [navNode-1] [INFO] [1775389795.259578922] [navNode]: 状态4：WaitAim--[TakeOff]
1775389795.2603719 [navNode-1] [INFO] [1775389795.260234529] [navNode]: 未到目标点
1775389795.2605016 [navNode-1] 目标位置:(0.0, 0.0, 0.7)-[TakeOff]-[MCU:False]-[POS:False]
1775389795.2605774 [navNode-1] 当前位置:(-0.025713201612234116, -0.014433330856263638, -0.0012033553794026375)
1775389795.3600960 [navNode-1] [INFO] [1775389795.359709516] [navNode]: 状态4：WaitAim--[TakeOff]
1775389795.3604164 [navNode-1] [INFO] [1775389795.360172198] [navNode]: 未到目标点
1775389795.3604751 [navNode-1] 目标位置:(0.0, 0.0, 0.7)-[TakeOff]-[MCU:False]-[POS:False]
1775389795.3605640 [navNode-1] 当前位置:(-0.025804268196225166, -0.014379581436514854, -0.0015031452057883143)
1775389795.4600160 [navNode-1] [INFO] [1775389795.459683733] [navNode]: 状态4：WaitAim--[TakeOff]
1775389795.4603493 [navNode-1] [INFO] [1775389795.460106075] [navNode]: 未到目标点
1775389795.4604518 [navNode-1] 目标位置:(0.0, 0.0, 0.7)-[TakeOff]-[MCU:False]-[POS:False]
1775389795.4605031 [navNode-1] 当前位置:(-0.025926223024725914, -0.014387448318302631, -0.0010974931064993143)
1775389795.5599947 [navNode-1] [INFO] [1775389795.559675160] [navNode]: 状态4：WaitAim--[TakeOff]
1775389795.5604293 [navNode-1] [INFO] [1775389795.560146473] [navNode]: 未到目标点
1775389795.5605407 [navNode-1] 目标位置:(0.0, 0.0, 0.7)-[TakeOff]-[MCU:False]-[POS:False]
1775389795.5606089 [navNode-1] 当前位置:(-0.025737473741173744, -0.014455810189247131, -0.0009807301685214043)
1775389795.6599483 [navNode-1] [INFO] [1775389795.659598409] [navNode]: 状态4：WaitAim--[TakeOff]
1775389795.6603527 [navNode-1] [INFO] [1775389795.659996433] [navNode]: 未到目标点
1775389795.6604445 [navNode-1] 目标位置:(0.0, 0.0, 0.7)-[TakeOff]-[MCU:False]-[POS:False]
1775389795.6605120 [navNode-1] 当前位置:(-0.025637295097112656, -0.014320626854896545, -0.0010868017561733723)
1775389795.7598417 [navNode-1] [INFO] [1775389795.759462636] [navNode]: 状态4：WaitAim--[TakeOff]
1775389795.7602317 [navNode-1] [INFO] [1775389795.759858418] [navNode]: 未到目标点
1775389795.7603321 [navNode-1] 目标位置:(0.0, 0.0, 0.7)-[TakeOff]-[MCU:False]-[POS:False]
1775389795.7603972 [navNode-1] 当前位置:(-0.02564741112291813, -0.01460493914783001, -0.0010290654608979821)
1775389795.8601882 [navNode-1] [INFO] [1775389795.859820524] [navNode]: 状态4：WaitAim--[TakeOff]
1775389795.8607843 [navNode-1] [INFO] [1775389795.860362070] [navNode]: 未到目标点
1775389795.8609054 [navNode-1] 目标位置:(0.0, 0.0, 0.7)-[TakeOff]-[MCU:False]-[POS:False]
1775389795.8609560 [navNode-1] 当前位置:(-0.02580469660460949, -0.014332580380141735, -0.0011500613763928413)
1775389795.9602075 [navNode-1] [INFO] [1775389795.959838617] [navNode]: 状态4：WaitAim--[TakeOff]
1775389795.9607573 [navNode-1] [INFO] [1775389795.960608926] [navNode]: 未到目标点
1775389795.9608819 [navNode-1] 目标位置:(0.0, 0.0, 0.7)-[TakeOff]-[MCU:False]-[POS:False]
1775389795.9609344 [navNode-1] 当前位置:(-0.0257082749158144, -0.014621860347688198, -0.001026391051709652)
1775389796.0602596 [navNode-1] [INFO] [1775389796.059871474] [navNode]: 状态4：WaitAim--[TakeOff]
1775389796.0607054 [navNode-1] [INFO] [1775389796.060378427] [navNode]: 未到目标点
1775389796.0608125 [navNode-1] 目标位置:(0.0, 0.0, 0.7)-[TakeOff]-[MCU:False]-[POS:False]
1775389796.0608671 [navNode-1] 当前位置:(-0.026015063747763634, -0.0143134705722332, -0.0011805306421592832)
1775389796.1601923 [navNode-1] [INFO] [1775389796.159806525] [navNode]: 状态4：WaitAim--[TakeOff]
1775389796.1605890 [navNode-1] [INFO] [1775389796.160244290] [navNode]: 未到目标点
1775389796.1607127 [navNode-1] 目标位置:(0.0, 0.0, 0.7)-[TakeOff]-[MCU:False]-[POS:False]
1775389796.1607661 [navNode-1] 当前位置:(-0.025910012423992157, -0.014421818777918816, -0.0018059688154608011)
1775389796.2599905 [navNode-1] [INFO] [1775389796.259666144] [navNode]: 状态4：WaitAim--[TakeOff]
1775389796.2604191 [navNode-1] [INFO] [1775389796.260096287] [navNode]: 未到目标点
1775389796.2605195 [navNode-1] 目标位置:(0.0, 0.0, 0.7)-[TakeOff]-[MCU:False]-[POS:False]
1775389796.2605972 [navNode-1] 当前位置:(-0.025734081864356995, -0.01452968642115593, -0.0011841461528092623)
1775389796.3600299 [navNode-1] [INFO] [1775389796.359732523] [navNode]: 状态4：WaitAim--[TakeOff]
1775389796.3603973 [navNode-1] [INFO] [1775389796.360147075] [navNode]: 未到目标点
1775389796.3604934 [navNode-1] 目标位置:(0.0, 0.0, 0.7)-[TakeOff]-[MCU:False]-[POS:False]
1775389796.3605409 [navNode-1] 当前位置:(-0.02568412572145462, -0.014405233785510063, -0.0011631420347839594)
1775389796.4598117 [navNode-1] [INFO] [1775389796.459508928] [navNode]: 状态4：WaitAim--[TakeOff]
1775389796.4601305 [navNode-1] [INFO] [1775389796.459893579] [navNode]: 未到目标点
1775389796.4601948 [navNode-1] 目标位置:(0.0, 0.0, 0.7)-[TakeOff]-[MCU:False]-[POS:False]
1775389796.4602482 [navNode-1] 当前位置:(-0.025549951940774918, -0.01447551604360342, -0.0017648889916017652)
1775389796.5599959 [navNode-1] [INFO] [1775389796.559707764] [navNode]: 状态4：WaitAim--[TakeOff]
1775389796.5603013 [navNode-1] [INFO] [1775389796.560103392] [navNode]: 未到目标点
1775389796.5603642 [navNode-1] 目标位置:(0.0, 0.0, 0.7)-[TakeOff]-[MCU:False]-[POS:False]
1775389796.5604024 [navNode-1] 当前位置:(-0.02573159523308277, -0.014470735564827919, -0.0015920413425192237)
1775389796.6598778 [navNode-1] [INFO] [1775389796.659562554] [navNode]: 状态4：WaitAim--[TakeOff]
1775389796.6602421 [navNode-1] [INFO] [1775389796.659958156] [navNode]: 未到目标点
1775389796.6603372 [navNode-1] 目标位置:(0.0, 0.0, 0.7)-[TakeOff]-[MCU:False]-[POS:False]
1775389796.6603889 [navNode-1] 当前位置:(-0.02560775727033615, -0.01457012165337801, -0.001661531045101583)
1775389796.7602720 [navNode-1] [INFO] [1775389796.759966301] [navNode]: 状态4：WaitAim--[TakeOff]
1775389796.7606878 [navNode-1] [INFO] [1775389796.760399544] [navNode]: 未到目标点
1775389796.7607760 [navNode-1] 目标位置:(0.0, 0.0, 0.7)-[TakeOff]-[MCU:False]-[POS:False]
1775389796.7608247 [navNode-1] 当前位置:(-0.025584418326616287, -0.014484741725027561, -0.0009399140835739672)
1775389796.8599880 [navNode-1] [INFO] [1775389796.859640633] [navNode]: 状态4：WaitAim--[TakeOff]
1775389796.8603606 [navNode-1] [INFO] [1775389796.860056045] [navNode]: 未到目标点
1775389796.8605568 [navNode-1] 目标位置:(0.0, 0.0, 0.7)-[TakeOff]-[MCU:False]-[POS:False]
1775389796.8606021 [navNode-1] 当前位置:(-0.025788133963942528, -0.014525003731250763, -0.0009903430473059416)
1775389796.9614294 [navNode-1] [INFO] [1775389796.960990863] [navNode]: 状态4：WaitAim--[TakeOff]
1775389796.9618094 [navNode-1] [INFO] [1775389796.961436353] [navNode]: 未到目标点
1775389796.9619029 [navNode-1] 目标位置:(0.0, 0.0, 0.7)-[TakeOff]-[MCU:False]-[POS:False]
1775389796.9619520 [navNode-1] 当前位置:(-0.025652846321463585, -0.01450520008802414, -0.0012498494470492005)
1775389797.0601366 [navNode-1] [INFO] [1775389797.059811562] [navNode]: 状态4：WaitAim--[TakeOff]
1775389797.0605011 [navNode-1] [INFO] [1775389797.060235349] [navNode]: 未到目标点
1775389797.0606387 [navNode-1] 目标位置:(0.0, 0.0, 0.7)-[TakeOff]-[MCU:False]-[POS:False]
1775389797.0607455 [navNode-1] 当前位置:(-0.025794794782996178, -0.014420286752283573, -0.0014500545803457499)
1775389797.1601989 [navNode-1] [INFO] [1775389797.159792520] [navNode]: 状态4：WaitAim--[TakeOff]
1775389797.1605806 [navNode-1] [INFO] [1775389797.160189154] [navNode]: 未到目标点
1775389797.1606925 [navNode-1] 目标位置:(0.0, 0.0, 0.7)-[TakeOff]-[MCU:False]-[POS:False]
1775389797.1607831 [navNode-1] 当前位置:(-0.025587031617760658, -0.014807742089033127, -0.0015010085189715028)
1775389797.2606430 [navNode-1] [INFO] [1775389797.260275214] [navNode]: 状态4：WaitAim--[TakeOff]
1775389797.2610247 [navNode-1] [INFO] [1775389797.260712738] [navNode]: 未到目标点
1775389797.2615137 [navNode-1] 目标位置:(0.0, 0.0, 0.7)-[TakeOff]-[MCU:False]-[POS:False]
1775389797.2616365 [navNode-1] 当前位置:(-0.02577432431280613, -0.014628229662775993, -0.0014257777947932482)
1775389797.3603272 [navNode-1] [INFO] [1775389797.359983146] [navNode]: 状态4：WaitAim--[TakeOff]
1775389797.3607171 [navNode-1] [INFO] [1775389797.360475971] [navNode]: 未到目标点
1775389797.3608310 [navNode-1] 目标位置:(0.0, 0.0, 0.7)-[TakeOff]-[MCU:False]-[POS:False]
1775389797.3609157 [navNode-1] 当前位置:(-0.025729849934577942, -0.014512987807393074, -0.0015767593868076801)
1775389797.4601417 [navNode-1] [INFO] [1775389797.459759045] [navNode]: 状态4：WaitAim--[TakeOff]
1775389797.4604609 [navNode-1] [INFO] [1775389797.460216762] [navNode]: 未到目标点
1775389797.4605181 [navNode-1] 目标位置:(0.0, 0.0, 0.7)-[TakeOff]-[MCU:False]-[POS:False]
1775389797.4605560 [navNode-1] 当前位置:(-0.025728920474648476, -0.014492589980363846, -0.0015078597934916615)
1775389797.5600467 [navNode-1] [INFO] [1775389797.559768690] [navNode]: 状态4：WaitAim--[TakeOff]
1775389797.5604217 [navNode-1] [INFO] [1775389797.560202917] [navNode]: 未到目标点
1775389797.5605099 [navNode-1] 目标位置:(0.0, 0.0, 0.7)-[TakeOff]-[MCU:False]-[POS:False]
1775389797.5605557 [navNode-1] 当前位置:(-0.025848204270005226, -0.014644954353570938, -0.0016137562924996018)
1775389797.6603267 [navNode-1] [INFO] [1775389797.660016136] [navNode]: 状态4：WaitAim--[TakeOff]
1775389797.6607125 [navNode-1] [INFO] [1775389797.660417310] [navNode]: 未到目标点
1775389797.6608279 [navNode-1] 目标位置:(0.0, 0.0, 0.7)-[TakeOff]-[MCU:False]-[POS:False]
1775389797.6608961 [navNode-1] 当前位置:(-0.025527574121952057, -0.014687623828649521, -0.0016249307664111257)
1775389797.7602310 [navNode-1] [INFO] [1775389797.759770029] [navNode]: 状态4：WaitAim--[TakeOff]
1775389797.7606726 [navNode-1] [INFO] [1775389797.760434990] [navNode]: 未到目标点
1775389797.7608204 [navNode-1] 目标位置:(0.0, 0.0, 0.7)-[TakeOff]-[MCU:False]-[POS:False]
1775389797.7608743 [navNode-1] 当前位置:(-0.025296395644545555, -0.015095068141818047, -0.0015819263644516468)
1775389797.8605914 [navNode-1] [INFO] [1775389797.859941804] [navNode]: 状态4：WaitAim--[TakeOff]
1775389797.8608077 [navNode-1] [INFO] [1775389797.860305137] [navNode]: 未到目标点
1775389797.8608902 [navNode-1] 目标位置:(0.0, 0.0, 0.7)-[TakeOff]-[MCU:False]-[POS:False]
1775389797.8609526 [navNode-1] 当前位置:(-0.025197269394993782, -0.014850606210529804, -0.0009775651851668954)
1775389797.9600708 [navNode-1] [INFO] [1775389797.959780248] [navNode]: 状态4：WaitAim--[TakeOff]
1775389797.9604547 [navNode-1] [INFO] [1775389797.960191392] [navNode]: 未到目标点
1775389797.9605236 [navNode-1] 目标位置:(0.0, 0.0, 0.7)-[TakeOff]-[MCU:False]-[POS:False]
1775389797.9605668 [navNode-1] 当前位置:(-0.025227196514606476, -0.015101833269000053, -0.002140347147360444)
1775389798.0601187 [navNode-1] [INFO] [1775389798.059716537] [navNode]: 状态4：WaitAim--[TakeOff]
1775389798.0604866 [navNode-1] [INFO] [1775389798.060111775] [navNode]: 未到目标点
1775389798.0605493 [navNode-1] 目标位置:(0.0, 0.0, 0.7)-[TakeOff]-[MCU:False]-[POS:False]
1775389798.0605972 [navNode-1] 当前位置:(-0.025692647323012352, -0.014887623488903046, -0.0016350954538211226)
1775389798.1603355 [navNode-1] [INFO] [1775389798.159873387] [navNode]: 状态4：WaitAim--[TakeOff]
1775389798.1607134 [navNode-1] [INFO] [1775389798.160359696] [navNode]: 未到目标点
1775389798.1608191 [navNode-1] 目标位置:(0.0, 0.0, 0.7)-[TakeOff]-[MCU:False]-[POS:False]
1775389798.1608720 [navNode-1] 当前位置:(-0.024709245190024376, -0.015276999212801456, -0.0009994303109124303)
1775389798.2606816 [navNode-1] [INFO] [1775389798.260354230] [navNode]: 状态4：WaitAim--[TakeOff]
1775389798.2610765 [navNode-1] [INFO] [1775389798.260801987] [navNode]: 未到目标点
1775389798.2612164 [navNode-1] 目标位置:(0.0, 0.0, 0.7)-[TakeOff]-[MCU:False]-[POS:False]
1775389798.2613022 [navNode-1] 当前位置:(-0.02529427409172058, -0.015097633935511112, -0.0011202512541785836)
1775389798.3600628 [navNode-1] [INFO] [1775389798.359732462] [navNode]: 状态4：WaitAim--[TakeOff]
1775389798.3605344 [navNode-1] [INFO] [1775389798.360177833] [navNode]: 未到目标点
1775389798.3606539 [navNode-1] 目标位置:(0.0, 0.0, 0.7)-[TakeOff]-[MCU:False]-[POS:False]
1775389798.3607163 [navNode-1] 当前位置:(-0.025008106604218483, -0.015432103537023067, -0.0005112350336275995)
1775389798.4603477 [navNode-1] [INFO] [1775389798.459906531] [navNode]: 状态4：WaitAim--[TakeOff]
1775389798.4607553 [navNode-1] [INFO] [1775389798.460495420] [navNode]: 未到目标点
1775389798.4608853 [navNode-1] 目标位置:(0.0, 0.0, 0.7)-[TakeOff]-[MCU:False]-[POS:False]
1775389798.4609702 [navNode-1] 当前位置:(-0.024972613900899887, -0.015360760502517223, -0.0016613552579656243)
1775389798.5599773 [navNode-1] [INFO] [1775389798.559676720] [navNode]: 状态4：WaitAim--[TakeOff]
1775389798.5603971 [navNode-1] [INFO] [1775389798.560139781] [navNode]: 未到目标点
1775389798.5605152 [navNode-1] 目标位置:(0.0, 0.0, 0.7)-[TakeOff]-[MCU:False]-[POS:False]
1775389798.5605643 [navNode-1] 当前位置:(-0.025257181376218796, -0.015300357714295387, -0.0008559825364500284)
1775389798.6601646 [navNode-1] [INFO] [1775389798.659795848] [navNode]: 状态4：WaitAim--[TakeOff]
1775389798.6605175 [navNode-1] [INFO] [1775389798.660319236] [navNode]: 未到目标点
1775389798.6606421 [navNode-1] 目标位置:(0.0, 0.0, 0.7)-[TakeOff]-[MCU:False]-[POS:False]
1775389798.6607194 [navNode-1] 当前位置:(-0.025315826758742332, -0.014984301291406155, -0.0005663124611601233)
1775389798.7609704 [navNode-1] [INFO] [1775389798.760512164] [navNode]: 状态4：WaitAim--[TakeOff]
1775389798.7614207 [navNode-1] [INFO] [1775389798.761015664] [navNode]: 未到目标点
1775389798.7615530 [navNode-1] 目标位置:(0.0, 0.0, 0.7)-[TakeOff]-[MCU:False]-[POS:False]
1775389798.7616122 [navNode-1] 当前位置:(-0.02571854740381241, -0.015234410762786865, -0.0011067594168707728)
1775389798.8602026 [navNode-1] [INFO] [1775389798.859821426] [navNode]: 状态4：WaitAim--[TakeOff]
1775389798.8605797 [navNode-1] [INFO] [1775389798.860251143] [navNode]: 未到目标点
1775389798.8606908 [navNode-1] 目标位置:(0.0, 0.0, 0.7)-[TakeOff]-[MCU:False]-[POS:False]
1775389798.8607442 [navNode-1] 当前位置:(-0.024794507771730423, -0.016169525682926178, -0.00018613591964822263)
1775389798.9603028 [navNode-1] [INFO] [1775389798.959997573] [navNode]: 状态4：WaitAim--[TakeOff]
1775389798.9606996 [navNode-1] [INFO] [1775389798.960454768] [navNode]: 未到目标点
1775389798.9607985 [navNode-1] 目标位置:(0.0, 0.0, 0.7)-[TakeOff]-[MCU:False]-[POS:False]
1775389798.9608827 [navNode-1] 当前位置:(-0.02377808839082718, -0.018821336328983307, -0.0001797607255866751)
1775389799.0601523 [navNode-1] [INFO] [1775389799.059799796] [navNode]: 状态4：WaitAim--[TakeOff]
1775389799.0605237 [navNode-1] [INFO] [1775389799.060275948] [navNode]: 未到目标点
1775389799.0606179 [navNode-1] 目标位置:(0.0, 0.0, 0.7)-[TakeOff]-[MCU:False]-[POS:False]
1775389799.0606637 [navNode-1] 当前位置:(-0.021199723705649376, -0.022461645305156708, 0.0017889899900183082)
1775389799.1605053 [navNode-1] [INFO] [1775389799.160145109] [navNode]: 状态4：WaitAim--[TakeOff]
1775389799.1608839 [navNode-1] [INFO] [1775389799.160665525] [navNode]: 未到目标点
1775389799.1609495 [navNode-1] 目标位置:(0.0, 0.0, 0.7)-[TakeOff]-[MCU:False]-[POS:False]
1775389799.1609912 [navNode-1] 当前位置:(-0.02119111828505993, -0.026259770616889, 0.004492332227528095)
1775389799.2601545 [navNode-1] [INFO] [1775389799.259839182] [navNode]: 状态4：WaitAim--[TakeOff]
1775389799.2604990 [navNode-1] [INFO] [1775389799.260267242] [navNode]: 未到目标点
1775389799.2605982 [navNode-1] 目标位置:(0.0, 0.0, 0.7)-[TakeOff]-[MCU:False]-[POS:False]
1775389799.2606530 [navNode-1] 当前位置:(-0.021872155368328094, -0.029508180916309357, 0.009385055862367153)
1775389799.3598542 [navNode-1] [INFO] [1775389799.359547445] [navNode]: 状态4：WaitAim--[TakeOff]
1775389799.3602748 [navNode-1] [INFO] [1775389799.360152802] [navNode]: 未到目标点
1775389799.3603706 [navNode-1] 目标位置:(0.0, 0.0, 0.7)-[TakeOff]-[MCU:False]-[POS:False]
1775389799.3604140 [navNode-1] 当前位置:(-0.021239658817648888, -0.02996532991528511, 0.017054511234164238)
1775389799.4602323 [navNode-1] [INFO] [1775389799.459956986] [navNode]: 状态4：WaitAim--[TakeOff]
1775389799.4605737 [navNode-1] [INFO] [1775389799.460378571] [navNode]: 未到目标点
1775389799.4606581 [navNode-1] 目标位置:(0.0, 0.0, 0.7)-[TakeOff]-[MCU:False]-[POS:False]
1775389799.4607062 [navNode-1] 当前位置:(-0.022588098421692848, -0.026711078360676765, 0.021656926721334457)
1775389799.5602245 [navNode-1] [INFO] [1775389799.559925471] [navNode]: 状态4：WaitAim--[TakeOff]
1775389799.5605810 [navNode-1] [INFO] [1775389799.560349373] [navNode]: 未到目标点
1775389799.5606885 [navNode-1] 目标位置:(0.0, 0.0, 0.7)-[TakeOff]-[MCU:False]-[POS:False]
1775389799.5607355 [navNode-1] 当前位置:(-0.02792976051568985, -0.019553279504179955, 0.024769259616732597)
1775389799.6604638 [navNode-1] [INFO] [1775389799.660053763] [navNode]: 状态4：WaitAim--[TakeOff]
1775389799.6608250 [navNode-1] [INFO] [1775389799.660499351] [navNode]: 未到目标点
1775389799.6609674 [navNode-1] 目标位置:(0.0, 0.0, 0.7)-[TakeOff]-[MCU:False]-[POS:False]
1775389799.6610308 [navNode-1] 当前位置:(-0.03788808733224869, -0.012853599153459072, 0.032540950924158096)
1775389799.7601547 [navNode-1] [INFO] [1775389799.759810121] [navNode]: 状态4：WaitAim--[TakeOff]
1775389799.7604983 [navNode-1] [INFO] [1775389799.760230503] [navNode]: 未到目标点
1775389799.7606099 [navNode-1] 目标位置:(0.0, 0.0, 0.7)-[TakeOff]-[MCU:False]-[POS:False]
1775389799.7606630 [navNode-1] 当前位置:(-0.04564840346574783, -0.011865509673953056, 0.044271498918533325)
1775389799.8602526 [navNode-1] [INFO] [1775389799.859879730] [navNode]: 状态4：WaitAim--[TakeOff]
1775389799.8605826 [navNode-1] [INFO] [1775389799.860290550] [navNode]: 未到目标点
1775389799.8607030 [navNode-1] 目标位置:(0.0, 0.0, 0.7)-[TakeOff]-[MCU:False]-[POS:False]
1775389799.8607759 [navNode-1] 当前位置:(-0.04710114747285843, -0.020397137850522995, 0.054808031767606735)
1775389799.9605782 [navNode-1] [INFO] [1775389799.960291362] [navNode]: 状态4：WaitAim--[TakeOff]
1775389799.9609828 [navNode-1] [INFO] [1775389799.960692686] [navNode]: 未到目标点
1775389799.9610844 [navNode-1] 目标位置:(0.0, 0.0, 0.7)-[TakeOff]-[MCU:False]-[POS:False]
1775389799.9611599 [navNode-1] 当前位置:(-0.05433696508407593, -0.02081339806318283, 0.06744351983070374)
1775389800.0601895 [navNode-1] [INFO] [1775389800.059897213] [navNode]: 状态4：WaitAim--[TakeOff]
1775389800.0605493 [navNode-1] [INFO] [1775389800.060312322] [navNode]: 未到目标点
1775389800.0606401 [navNode-1] 目标位置:(0.0, 0.0, 0.7)-[TakeOff]-[MCU:False]-[POS:False]
1775389800.0607095 [navNode-1] 当前位置:(-0.06266652792692184, -0.01698175072669983, 0.07779429107904434)
1775389800.1603541 [navNode-1] [INFO] [1775389800.159935711] [navNode]: 状态4：WaitAim--[TakeOff]
1775389800.1607478 [navNode-1] [INFO] [1775389800.160404416] [navNode]: 未到目标点
1775389800.1608493 [navNode-1] 目标位置:(0.0, 0.0, 0.7)-[TakeOff]-[MCU:False]-[POS:False]
1775389800.1609218 [navNode-1] 当前位置:(-0.07072381675243378, -0.007604365237057209, 0.08700524270534515)
1775389800.2600241 [navNode-1] [INFO] [1775389800.259739701] [navNode]: 状态4：WaitAim--[TakeOff]
1775389800.2603934 [navNode-1] [INFO] [1775389800.260138323] [navNode]: 未到目标点
1775389800.2605109 [navNode-1] 目标位置:(0.0, 0.0, 0.7)-[TakeOff]-[MCU:False]-[POS:False]
1775389800.2605586 [navNode-1] 当前位置:(-0.07749344408512115, -0.003387751057744026, 0.09663517773151398)
1775389800.3602033 [navNode-1] [INFO] [1775389800.359881901] [navNode]: 状态4：WaitAim--[TakeOff]
1775389800.3605981 [navNode-1] [INFO] [1775389800.360393948] [navNode]: 未到目标点
1775389800.3606839 [navNode-1] 目标位置:(0.0, 0.0, 0.7)-[TakeOff]-[MCU:False]-[POS:False]
1775389800.3607354 [navNode-1] 当前位置:(-0.07840603590011597, -0.005506927613168955, 0.10932929068803787)
1775389800.4606318 [navNode-1] [INFO] [1775389800.460198579] [navNode]: 状态4：WaitAim--[TakeOff]
1775389800.4611361 [navNode-1] [INFO] [1775389800.460901422] [navNode]: 未到目标点
1775389800.4612970 [navNode-1] 目标位置:(0.0, 0.0, 0.7)-[TakeOff]-[MCU:False]-[POS:False]
1775389800.4613676 [navNode-1] 当前位置:(-0.07872872799634933, -0.011574681848287582, 0.1247023418545723)
1775389800.5601401 [navNode-1] [INFO] [1775389800.559799496] [navNode]: 状态4：WaitAim--[TakeOff]
1775389800.5605271 [navNode-1] [INFO] [1775389800.560285566] [navNode]: 未到目标点
1775389800.5606356 [navNode-1] 目标位置:(0.0, 0.0, 0.7)-[TakeOff]-[MCU:False]-[POS:False]
1775389800.5606928 [navNode-1] 当前位置:(-0.07992925494909286, -0.016643892973661423, 0.14311844110488892)
1775389800.6613307 [navNode-1] [INFO] [1775389800.660906738] [navNode]: 状态4：WaitAim--[TakeOff]
1775389800.6619706 [navNode-1] [INFO] [1775389800.661527051] [navNode]: 未到目标点
1775389800.6621702 [navNode-1] 目标位置:(0.0, 0.0, 0.7)-[TakeOff]-[MCU:False]-[POS:False]
1775389800.6622543 [navNode-1] 当前位置:(-0.08120352774858475, -0.01650644652545452, 0.1591961532831192)
1775389800.7601321 [navNode-1] [INFO] [1775389800.759803561] [navNode]: 状态4：WaitAim--[TakeOff]
1775389800.7604570 [navNode-1] [INFO] [1775389800.760259288] [navNode]: 未到目标点
1775389800.7605209 [navNode-1] 目标位置:(0.0, 0.0, 0.7)-[TakeOff]-[MCU:False]-[POS:False]
1775389800.7605612 [navNode-1] 当前位置:(-0.08194277435541153, -0.018844395875930786, 0.17217595875263214)
1775389800.8599951 [navNode-1] [INFO] [1775389800.859700763] [navNode]: 状态4：WaitAim--[TakeOff]
1775389800.8603876 [navNode-1] [INFO] [1775389800.860208961] [navNode]: 未到目标点
1775389800.8604562 [navNode-1] 目标位置:(0.0, 0.0, 0.7)-[TakeOff]-[MCU:False]-[POS:False]
1775389800.8604946 [navNode-1] 当前位置:(-0.08287087082862854, -0.0234368983656168, 0.18254554271697998)
1775389800.9603679 [navNode-1] [INFO] [1775389800.960049098] [navNode]: 状态4：WaitAim--[TakeOff]
1775389800.9607472 [navNode-1] [INFO] [1775389800.960588232] [navNode]: 未到目标点
1775389800.9608219 [navNode-1] 目标位置:(0.0, 0.0, 0.7)-[TakeOff]-[MCU:False]-[POS:False]
1775389800.9608641 [navNode-1] 当前位置:(-0.08133500069379807, -0.028554508462548256, 0.19416441023349762)
1775389801.0607052 [navNode-1] [INFO] [1775389801.059963364] [navNode]: 状态4：WaitAim--[TakeOff]
1775389801.0611124 [navNode-1] [INFO] [1775389801.060415158] [navNode]: 未到目标点
1775389801.0612104 [navNode-1] 目标位置:(0.0, 0.0, 0.7)-[TakeOff]-[MCU:False]-[POS:False]
1775389801.0612619 [navNode-1] 当前位置:(-0.08424733579158783, -0.03328557312488556, 0.20670868456363678)
1775389801.1603856 [navNode-1] [INFO] [1775389801.160038397] [navNode]: 状态4：WaitAim--[TakeOff]
1775389801.1607234 [navNode-1] [INFO] [1775389801.160562302] [navNode]: 未到目标点
1775389801.1607904 [navNode-1] 目标位置:(0.0, 0.0, 0.7)-[TakeOff]-[MCU:False]-[POS:False]
1775389801.1608331 [navNode-1] 当前位置:(-0.08795496076345444, -0.034967221319675446, 0.21799688041210175)
1775389801.2601852 [navNode-1] [INFO] [1775389801.259811386] [navNode]: 状态4：WaitAim--[TakeOff]
1775389801.2605612 [navNode-1] [INFO] [1775389801.260226598] [navNode]: 未到目标点
1775389801.2606835 [navNode-1] 目标位置:(0.0, 0.0, 0.7)-[TakeOff]-[MCU:False]-[POS:False]
1775389801.2607443 [navNode-1] 当前位置:(-0.08911466598510742, -0.03508394956588745, 0.22652213275432587)
1775389801.3602233 [navNode-1] [INFO] [1775389801.359842143] [navNode]: 状态4：WaitAim--[TakeOff]
1775389801.3606830 [navNode-1] [INFO] [1775389801.360309097] [navNode]: 未到目标点
1775389801.3607492 [navNode-1] 目标位置:(0.0, 0.0, 0.7)-[TakeOff]-[MCU:False]-[POS:False]
1775389801.3607893 [navNode-1] 当前位置:(-0.0892028659582138, -0.036104585975408554, 0.22968068718910217)
1775389801.4603727 [navNode-1] [INFO] [1775389801.459974716] [navNode]: 状态4：WaitAim--[TakeOff]
1775389801.4607701 [navNode-1] [INFO] [1775389801.460437957] [navNode]: 未到目标点
1775389801.4608819 [navNode-1] 目标位置:(0.0, 0.0, 0.7)-[TakeOff]-[MCU:False]-[POS:False]
1775389801.4609492 [navNode-1] 当前位置:(-0.0887218713760376, -0.036993615329265594, 0.22720684111118317)
1775389801.5607932 [navNode-1] [INFO] [1775389801.560372879] [navNode]: 状态4：WaitAim--[TakeOff]
1775389801.5612543 [navNode-1] [INFO] [1775389801.560877757] [navNode]: 未到目标点
1775389801.5613806 [navNode-1] 目标位置:(0.0, 0.0, 0.7)-[TakeOff]-[MCU:False]-[POS:False]
1775389801.5614426 [navNode-1] 当前位置:(-0.08754288405179977, -0.037548650056123734, 0.22107136249542236)
1775389801.6605709 [navNode-1] [INFO] [1775389801.660199150] [navNode]: 状态4：WaitAim--[TakeOff]
1775389801.6609795 [navNode-1] [INFO] [1775389801.660629867] [navNode]: 未到目标点
1775389801.6611409 [navNode-1] 目标位置:(0.0, 0.0, 0.7)-[TakeOff]-[MCU:False]-[POS:False]
1775389801.6612241 [navNode-1] 当前位置:(-0.08578318357467651, -0.03789220750331879, 0.21053996682167053)
1775389801.7602644 [navNode-1] [INFO] [1775389801.759955776] [navNode]: 状态4：WaitAim--[TakeOff]
1775389801.7606328 [navNode-1] [INFO] [1775389801.760428190] [navNode]: 未到目标点
1775389801.7607095 [navNode-1] 目标位置:(0.0, 0.0, 0.7)-[TakeOff]-[MCU:False]-[POS:False]
1775389801.7607503 [navNode-1] 当前位置:(-0.08607969433069229, -0.036921221762895584, 0.1981513500213623)
1775389801.8602822 [navNode-1] [INFO] [1775389801.859948905] [navNode]: 状态4：WaitAim--[TakeOff]
1775389801.8606653 [navNode-1] [INFO] [1775389801.860385449] [navNode]: 未到目标点
1775389801.8607297 [navNode-1] 目标位置:(0.0, 0.0, 0.7)-[TakeOff]-[MCU:False]-[POS:False]
1775389801.8607719 [navNode-1] 当前位置:(-0.08577636629343033, -0.037227582186460495, 0.18515504896640778)
1775389801.9601157 [navNode-1] [INFO] [1775389801.959807965] [navNode]: 状态4：WaitAim--[TakeOff]
1775389801.9604652 [navNode-1] [INFO] [1775389801.960279250] [navNode]: 未到目标点
1775389801.9605319 [navNode-1] 目标位置:(0.0, 0.0, 0.7)-[TakeOff]-[MCU:False]-[POS:False]
1775389801.9605703 [navNode-1] 当前位置:(-0.08394593000411987, -0.036487165838479996, 0.16886763274669647)
1775389802.0600376 [navNode-1] [INFO] [1775389802.059791666] [navNode]: 状态4：WaitAim--[TakeOff]
1775389802.0604153 [navNode-1] [INFO] [1775389802.060179891] [navNode]: 未到目标点
1775389802.0605013 [navNode-1] 目标位置:(0.0, 0.0, 0.7)-[TakeOff]-[MCU:False]-[POS:False]
1775389802.0605462 [navNode-1] 当前位置:(-0.08267031610012054, -0.037487804889678955, 0.15305548906326294)
1775389802.1603227 [navNode-1] [INFO] [1775389802.159826222] [navNode]: 状态4：WaitAim--[TakeOff]
1775389802.1610610 [navNode-1] [INFO] [1775389802.160283439] [navNode]: 未到目标点
1775389802.1612010 [navNode-1] 目标位置:(0.0, 0.0, 0.7)-[TakeOff]-[MCU:False]-[POS:False]
1775389802.1612437 [navNode-1] 当前位置:(-0.08439943939447403, -0.04088614508509636, 0.1374453455209732)
1775389802.2601194 [navNode-1] [INFO] [1775389802.259756293] [navNode]: 状态4：WaitAim--[TakeOff]
1775389802.2604752 [navNode-1] [INFO] [1775389802.260210911] [navNode]: 未到目标点
1775389802.2608900 [navNode-1] 目标位置:(0.0, 0.0, 0.7)-[TakeOff]-[MCU:False]-[POS:False]
1775389802.2610850 [navNode-1] 当前位置:(-0.08745773136615753, -0.04283718764781952, 0.12428896129131317)
1775389802.3604541 [navNode-1] [INFO] [1775389802.360100475] [navNode]: 状态4：WaitAim--[TakeOff]
1775389802.3608661 [navNode-1] [INFO] [1775389802.360692551] [navNode]: 未到目标点
1775389802.3609464 [navNode-1] 目标位置:(0.0, 0.0, 0.7)-[TakeOff]-[MCU:False]-[POS:False]
1775389802.3609872 [navNode-1] 当前位置:(-0.0896332785487175, -0.04312336444854736, 0.11197178810834885)
1775389802.4600413 [navNode-1] [INFO] [1775389802.459744063] [navNode]: 状态4：WaitAim--[TakeOff]
1775389802.4604011 [navNode-1] [INFO] [1775389802.460184959] [navNode]: 未到目标点
1775389802.4605098 [navNode-1] 目标位置:(0.0, 0.0, 0.7)-[TakeOff]-[MCU:False]-[POS:False]
1775389802.4605711 [navNode-1] 当前位置:(-0.09031582623720169, -0.04632801562547684, 0.10248501598834991)
1775389802.5601149 [navNode-1] [INFO] [1775389802.559734516] [navNode]: 状态4：WaitAim--[TakeOff]
1775389802.5605052 [navNode-1] [INFO] [1775389802.560229529] [navNode]: 未到目标点
1775389802.5606046 [navNode-1] 目标位置:(0.0, 0.0, 0.7)-[TakeOff]-[MCU:False]-[POS:False]
1775389802.5606565 [navNode-1] 当前位置:(-0.08998014032840729, -0.04973464459180832, 0.08984959870576859)
1775389802.6599429 [navNode-1] [INFO] [1775389802.659659966] [navNode]: 状态4：WaitAim--[TakeOff]
1775389802.6603215 [navNode-1] [INFO] [1775389802.660079013] [navNode]: 未到目标点
1775389802.6604238 [navNode-1] 目标位置:(0.0, 0.0, 0.7)-[TakeOff]-[MCU:False]-[POS:False]
1775389802.6604700 [navNode-1] 当前位置:(-0.09159646183252335, -0.05113337188959122, 0.08039579540491104)
1775389802.7601871 [navNode-1] [INFO] [1775389802.759891918] [navNode]: 状态4：WaitAim--[TakeOff]
1775389802.7605758 [navNode-1] [INFO] [1775389802.760378273] [navNode]: 未到目标点
1775389802.7606769 [navNode-1] 目标位置:(0.0, 0.0, 0.7)-[TakeOff]-[MCU:False]-[POS:False]
1775389802.7607415 [navNode-1] 当前位置:(-0.0963660255074501, -0.04331493750214577, 0.07103436440229416)
1775389802.8600004 [navNode-1] [INFO] [1775389802.859692214] [navNode]: 状态4：WaitAim--[TakeOff]
1775389802.8603542 [navNode-1] [INFO] [1775389802.860106517] [navNode]: 未到目标点
1775389802.8604579 [navNode-1] 目标位置:(0.0, 0.0, 0.7)-[TakeOff]-[MCU:False]-[POS:False]
1775389802.8605173 [navNode-1] 当前位置:(-0.09783455729484558, -0.04352574422955513, 0.06247325614094734)
1775389802.9601784 [navNode-1] [INFO] [1775389802.959867923] [navNode]: 状态4：WaitAim--[TakeOff]
1775389802.9605446 [navNode-1] [INFO] [1775389802.960322759] [navNode]: 未到目标点
1775389802.9606509 [navNode-1] 目标位置:(0.0, 0.0, 0.7)-[TakeOff]-[MCU:False]-[POS:False]
1775389802.9607205 [navNode-1] 当前位置:(-0.10170876234769821, -0.03775306046009064, 0.054174404591321945)
1775389803.0611110 [navNode-1] [INFO] [1775389803.060682544] [navNode]: 状态4：WaitAim--[TakeOff]
1775389803.0618222 [navNode-1] [INFO] [1775389803.061542865] [navNode]: 未到目标点
1775389803.0621045 [navNode-1] 目标位置:(0.0, 0.0, 0.7)-[TakeOff]-[MCU:False]-[POS:False]
1775389803.0622313 [navNode-1] 当前位置:(-0.10523467510938644, -0.031858205795288086, 0.048616208136081696)
1775389803.1601350 [navNode-1] [INFO] [1775389803.159758653] [navNode]: 状态4：WaitAim--[TakeOff]
1775389803.1605148 [navNode-1] [INFO] [1775389803.160276675] [navNode]: 未到目标点
1775389803.1606328 [navNode-1] 目标位置:(0.0, 0.0, 0.7)-[TakeOff]-[MCU:False]-[POS:False]
1775389803.1607001 [navNode-1] 当前位置:(-0.10639303177595139, -0.02762484736740589, 0.04226711392402649)
1775389803.2600620 [navNode-1] [INFO] [1775389803.259710570] [navNode]: 状态4：WaitAim--[TakeOff]
1775389803.2604482 [navNode-1] [INFO] [1775389803.260113663] [navNode]: 未到目标点
1775389803.2605662 [navNode-1] 目标位置:(0.0, 0.0, 0.7)-[TakeOff]-[MCU:False]-[POS:False]
1775389803.2606747 [navNode-1] 当前位置:(-0.10362113267183304, -0.029892943799495697, 0.03734934702515602)
1775389803.3608856 [navNode-1] [INFO] [1775389803.360621253] [navNode]: 状态4：WaitAim--[TakeOff]
1775389803.3612955 [navNode-1] [INFO] [1775389803.361048547] [navNode]: 未到目标点
1775389803.3613763 [navNode-1] 目标位置:(0.0, 0.0, 0.7)-[TakeOff]-[MCU:False]-[POS:False]
1775389803.3614237 [navNode-1] 当前位置:(-0.10164467990398407, -0.03189089521765709, 0.028652438893914223)
1775389803.4603055 [navNode-1] [INFO] [1775389803.459995131] [navNode]: 状态4：WaitAim--[TakeOff]
1775389803.4606709 [navNode-1] [INFO] [1775389803.460418845] [navNode]: 未到目标点
1775389803.4607606 [navNode-1] 目标位置:(0.0, 0.0, 0.7)-[TakeOff]-[MCU:False]-[POS:False]
1775389803.4608233 [navNode-1] 当前位置:(-0.10156723856925964, -0.029596835374832153, 0.01841762848198414)
1775389803.5600107 [navNode-1] [INFO] [1775389803.559706189] [navNode]: 状态4：WaitAim--[TakeOff]
1775389803.5603895 [navNode-1] [INFO] [1775389803.560198560] [navNode]: 未到目标点
1775389803.5604794 [navNode-1] 目标位置:(0.0, 0.0, 0.7)-[TakeOff]-[MCU:False]-[POS:False]
1775389803.5605271 [navNode-1] 当前位置:(-0.09994207322597504, -0.024418605491518974, 0.010245447047054768)
1775389803.6600935 [navNode-1] [INFO] [1775389803.659732706] [navNode]: 状态4：WaitAim--[TakeOff]
1775389803.6604519 [navNode-1] [INFO] [1775389803.660224397] [navNode]: 未到目标点
1775389803.6605380 [navNode-1] 目标位置:(0.0, 0.0, 0.7)-[TakeOff]-[MCU:False]-[POS:False]
1775389803.6605849 [navNode-1] 当前位置:(-0.10445685684680939, -0.02594354934990406, 0.00375309307128191)
1775389803.7601104 [navNode-1] [INFO] [1775389803.759821429] [navNode]: 状态4：WaitAim--[TakeOff]
1775389803.7605774 [navNode-1] [INFO] [1775389803.760304833] [navNode]: 未到目标点
1775389803.7607114 [navNode-1] 目标位置:(0.0, 0.0, 0.7)-[TakeOff]-[MCU:False]-[POS:False]
1775389803.7607777 [navNode-1] 当前位置:(-0.10607821494340897, -0.02269544079899788, 0.004283759742975235)
1775389803.8600469 [navNode-1] [INFO] [1775389803.859678410] [navNode]: 状态4：WaitAim--[TakeOff]
1775389803.8604224 [navNode-1] [INFO] [1775389803.860153352] [navNode]: 未到目标点
1775389803.8605061 [navNode-1] 目标位置:(0.0, 0.0, 0.7)-[TakeOff]-[MCU:False]-[POS:False]
1775389803.8605561 [navNode-1] 当前位置:(-0.10627482086420059, -0.02491871826350689, 0.00228319875895977)
1775389803.9601159 [navNode-1] [INFO] [1775389803.959734294] [navNode]: 状态4：WaitAim--[TakeOff]
1775389803.9604917 [navNode-1] [INFO] [1775389803.960167313] [navNode]: 未到目标点
1775389803.9605815 [navNode-1] 目标位置:(0.0, 0.0, 0.7)-[TakeOff]-[MCU:False]-[POS:False]
1775389803.9606383 [navNode-1] 当前位置:(-0.10705608129501343, -0.022318558767437935, 0.001076017040759325)
1775389804.0607228 [navNode-1] [INFO] [1775389804.060313037] [navNode]: 状态4：WaitAim--[TakeOff]
1775389804.0610743 [navNode-1] [INFO] [1775389804.060752289] [navNode]: 未到目标点
1775389804.0611680 [navNode-1] 目标位置:(0.0, 0.0, 0.7)-[TakeOff]-[MCU:False]-[POS:False]
1775389804.0612354 [navNode-1] 当前位置:(-0.11111617088317871, -0.018881022930145264, -0.0016564056277275085)
1775389804.1600568 [navNode-1] [INFO] [1775389804.159692040] [navNode]: 状态4：WaitAim--[TakeOff]
1775389804.1603997 [navNode-1] [INFO] [1775389804.160142487] [navNode]: 未到目标点
1775389804.1604846 [navNode-1] 目标位置:(0.0, 0.0, 0.7)-[TakeOff]-[MCU:False]-[POS:False]
1775389804.1605546 [navNode-1] 当前位置:(-0.11534588038921356, -0.014364141970872879, -0.0038534069899469614)
1775389804.2599394 [navNode-1] [INFO] [1775389804.259626844] [navNode]: 状态4：WaitAim--[TakeOff]
1775389804.2603261 [navNode-1] [INFO] [1775389804.260084249] [navNode]: 未到目标点
1775389804.2604334 [navNode-1] 目标位置:(0.0, 0.0, 0.7)-[TakeOff]-[MCU:False]-[POS:False]
1775389804.2604854 [navNode-1] 当前位置:(-0.11550401151180267, -0.013911081477999687, -0.00546683557331562)
1775389804.3604476 [navNode-1] [INFO] [1775389804.360094154] [navNode]: 状态4：WaitAim--[TakeOff]
1775389804.3608296 [navNode-1] [INFO] [1775389804.360522289] [navNode]: 未到目标点
1775389804.3609319 [navNode-1] 目标位置:(0.0, 0.0, 0.7)-[TakeOff]-[MCU:False]-[POS:False]
1775389804.3609805 [navNode-1] 当前位置:(-0.11364861577749252, -0.014244778081774712, -0.004272194113582373)
1775389804.4605038 [navNode-1] [INFO] [1775389804.460139980] [navNode]: 状态4：WaitAim--[TakeOff]
1775389804.4608705 [navNode-1] [INFO] [1775389804.460597185] [navNode]: 未到目标点
1775389804.4609530 [navNode-1] 目标位置:(0.0, 0.0, 0.7)-[TakeOff]-[MCU:False]-[POS:False]
1775389804.4610193 [navNode-1] 当前位置:(-0.11373068392276764, -0.019387900829315186, 0.0011876217322424054)
1775389804.5601804 [navNode-1] [INFO] [1775389804.559744985] [navNode]: 状态4：WaitAim--[TakeOff]
1775389804.5605531 [navNode-1] [INFO] [1775389804.560252097] [navNode]: 未到目标点
1775389804.5606532 [navNode-1] 目标位置:(0.0, 0.0, 0.7)-[TakeOff]-[MCU:False]-[POS:False]
1775389804.5607159 [navNode-1] 当前位置:(-0.1176656112074852, -0.022942043840885162, 0.003966539166867733)
1775389804.6603916 [navNode-1] [INFO] [1775389804.660017230] [navNode]: 状态4：WaitAim--[TakeOff]
1775389804.6607978 [navNode-1] [INFO] [1775389804.660443116] [navNode]: 未到目标点
1775389804.6608732 [navNode-1] 目标位置:(0.0, 0.0, 0.7)-[TakeOff]-[MCU:False]-[POS:False]
1775389804.6609120 [navNode-1] 当前位置:(-0.1203894317150116, -0.02032225765287876, -0.0009460704168304801)
1775389804.7599151 [navNode-1] [INFO] [1775389804.759555482] [navNode]: 状态4：WaitAim--[TakeOff]
1775389804.7602811 [navNode-1] [INFO] [1775389804.760040313] [navNode]: 未到目标点
1775389804.7603443 [navNode-1] 目标位置:(0.0, 0.0, 0.7)-[TakeOff]-[MCU:False]-[POS:False]
1775389804.7604129 [navNode-1] 当前位置:(-0.11856520175933838, -0.019446885213255882, -0.0014735230943188071)
1775389804.8599739 [navNode-1] [INFO] [1775389804.859680137] [navNode]: 状态4：WaitAim--[TakeOff]
1775389804.8603284 [navNode-1] [INFO] [1775389804.860138729] [navNode]: 未到目标点
1775389804.8604391 [navNode-1] 目标位置:(0.0, 0.0, 0.7)-[TakeOff]-[MCU:False]-[POS:False]
1775389804.8604946 [navNode-1] 当前位置:(-0.11706921458244324, -0.018973547965288162, -0.0012990132672712207)
1775389804.9600062 [navNode-1] [INFO] [1775389804.959699921] [navNode]: 状态4：WaitAim--[TakeOff]
1775389804.9608505 [navNode-1] [INFO] [1775389804.960288716] [navNode]: 未到目标点
1775389804.9611943 [navNode-1] 目标位置:(0.0, 0.0, 0.7)-[TakeOff]-[MCU:False]-[POS:False]
1775389804.9612682 [navNode-1] 当前位置:(-0.12473969906568527, -0.016491901129484177, -0.004597601946443319)
1775389805.0599451 [navNode-1] [INFO] [1775389805.059585532] [navNode]: 状态4：WaitAim--[TakeOff]
1775389805.0605512 [navNode-1] [INFO] [1775389805.060363963] [navNode]: 未到目标点
1775389805.0606382 [navNode-1] 目标位置:(0.0, 0.0, 0.7)-[TakeOff]-[MCU:False]-[POS:False]
1775389805.0606773 [navNode-1] 当前位置:(-0.1288670003414154, -0.017947785556316376, -0.0065104602836072445)
1775389805.1602468 [navNode-1] [INFO] [1775389805.159935624] [navNode]: 状态4：WaitAim--[TakeOff]
1775389805.1606014 [navNode-1] [INFO] [1775389805.160365842] [navNode]: 未到目标点
1775389805.1606927 [navNode-1] 目标位置:(0.0, 0.0, 0.7)-[TakeOff]-[MCU:False]-[POS:False]
1775389805.1607363 [navNode-1] 当前位置:(-0.12454293668270111, -0.017914824187755585, -0.005292308051139116)
1775389805.2603204 [navNode-1] [INFO] [1775389805.259936144] [navNode]: 状态4：WaitAim--[TakeOff]
1775389805.2607458 [navNode-1] [INFO] [1775389805.260387712] [navNode]: 未到目标点
1775389805.2608542 [navNode-1] 目标位置:(0.0, 0.0, 0.7)-[TakeOff]-[MCU:False]-[POS:False]
1775389805.2609234 [navNode-1] 当前位置:(-0.12597596645355225, -0.01748652197420597, -0.005120782647281885)
1775389805.3603413 [navNode-1] [INFO] [1775389805.359979089] [navNode]: 状态4：WaitAim--[TakeOff]
1775389805.3606710 [navNode-1] [INFO] [1775389805.360385178] [navNode]: 未到目标点
1775389805.3608027 [navNode-1] 目标位置:(0.0, 0.0, 0.7)-[TakeOff]-[MCU:False]-[POS:False]
1775389805.3608561 [navNode-1] 当前位置:(-0.1257568746805191, -0.01639535278081894, -0.004835150204598904)
1775389805.4600506 [navNode-1] [INFO] [1775389805.459746978] [navNode]: 状态4：WaitAim--[TakeOff]
1775389805.4603982 [navNode-1] [INFO] [1775389805.460207110] [navNode]: 未到目标点
1775389805.4605045 [navNode-1] 目标位置:(0.0, 0.0, 0.7)-[TakeOff]-[MCU:False]-[POS:False]
1775389805.4605899 [navNode-1] 当前位置:(-0.12727154791355133, -0.015910468995571136, -0.005943684373050928)
1775389805.5603211 [navNode-1] [INFO] [1775389805.559957403] [navNode]: 状态4：WaitAim--[TakeOff]
1775389805.5606809 [navNode-1] [INFO] [1775389805.560361954] [navNode]: 未到目标点
1775389805.5607803 [navNode-1] 目标位置:(0.0, 0.0, 0.7)-[TakeOff]-[MCU:False]-[POS:False]
1775389805.5608432 [navNode-1] 当前位置:(-0.1259853094816208, -0.015784407034516335, -0.005587407853454351)
1775389805.6604192 [navNode-1] [INFO] [1775389805.660010436] [navNode]: 状态4：WaitAim--[TakeOff]
1775389805.6608613 [navNode-1] [INFO] [1775389805.660529704] [navNode]: 未到目标点
1775389805.6610425 [navNode-1] 目标位置:(0.0, 0.0, 0.7)-[TakeOff]-[MCU:False]-[POS:False]
1775389805.6611412 [navNode-1] 当前位置:(-0.1259080171585083, -0.016193553805351257, -0.0050832172855734825)
1775389805.7602875 [navNode-1] [INFO] [1775389805.759933466] [navNode]: 状态4：WaitAim--[TakeOff]
1775389805.7607524 [navNode-1] [INFO] [1775389805.760394651] [navNode]: 未到目标点
1775389805.7608948 [navNode-1] 目标位置:(0.0, 0.0, 0.7)-[TakeOff]-[MCU:False]-[POS:False]
1775389805.7609687 [navNode-1] 当前位置:(-0.12619958817958832, -0.016118360683321953, -0.0057834298349916935)
1775389805.8608463 [navNode-1] [INFO] [1775389805.860467636] [navNode]: 状态4：WaitAim--[TakeOff]
1775389805.8612871 [navNode-1] [INFO] [1775389805.860943209] [navNode]: 未到目标点
1775389805.8613954 [navNode-1] 目标位置:(0.0, 0.0, 0.7)-[TakeOff]-[MCU:False]-[POS:False]
1775389805.8614709 [navNode-1] 当前位置:(-0.12603458762168884, -0.01606835052371025, -0.005354604218155146)
1775389805.9609160 [navNode-1] [INFO] [1775389805.960539092] [navNode]: 状态4：WaitAim--[TakeOff]
1775389805.9613419 [navNode-1] [INFO] [1775389805.961043701] [navNode]: 未到目标点
1775389805.9614487 [navNode-1] 目标位置:(0.0, 0.0, 0.7)-[TakeOff]-[MCU:False]-[POS:False]
1775389805.9615180 [navNode-1] 当前位置:(-0.12634898722171783, -0.015830479562282562, -0.005792947020381689)
1775389806.0604658 [navNode-1] [INFO] [1775389806.060098047] [navNode]: 状态4：WaitAim--[TakeOff]
1775389806.0608857 [navNode-1] [INFO] [1775389806.060624800] [navNode]: 未到目标点
1775389806.0609879 [navNode-1] 目标位置:(0.0, 0.0, 0.7)-[TakeOff]-[MCU:False]-[POS:False]
1775389806.0610461 [navNode-1] 当前位置:(-0.1273377537727356, -0.015835357829928398, -0.004934175871312618)
1775389806.1601353 [navNode-1] [INFO] [1775389806.159807094] [navNode]: 状态4：WaitAim--[TakeOff]
1775389806.1604948 [navNode-1] [INFO] [1775389806.160314582] [navNode]: 未到目标点
1775389806.1605842 [navNode-1] 目标位置:(0.0, 0.0, 0.7)-[TakeOff]-[MCU:False]-[POS:False]
1775389806.1606607 [navNode-1] 当前位置:(-0.12699593603610992, -0.015887901186943054, -0.004459469113498926)
1775389806.2602618 [navNode-1] [INFO] [1775389806.259949156] [navNode]: 状态4：WaitAim--[TakeOff]
1775389806.2606871 [navNode-1] [INFO] [1775389806.260400764] [navNode]: 未到目标点
1775389806.2608047 [navNode-1] 目标位置:(0.0, 0.0, 0.7)-[TakeOff]-[MCU:False]-[POS:False]
1775389806.2608860 [navNode-1] 当前位置:(-0.12639006972312927, -0.016109256073832512, -0.003693647449836135)
1775389806.3603375 [navNode-1] [INFO] [1775389806.360022615] [navNode]: 状态4：WaitAim--[TakeOff]
1775389806.3607311 [navNode-1] [INFO] [1775389806.360503809] [navNode]: 未到目标点
1775389806.3608060 [navNode-1] 目标位置:(0.0, 0.0, 0.7)-[TakeOff]-[MCU:False]-[POS:False]
1775389806.3608632 [navNode-1] 当前位置:(-0.12615357339382172, -0.016693051904439926, -0.003679647110402584)
1775389806.4601998 [navNode-1] [INFO] [1775389806.459816660] [navNode]: 状态4：WaitAim--[TakeOff]
1775389806.4606156 [navNode-1] [INFO] [1775389806.460299783] [navNode]: 未到目标点
1775389806.4607363 [navNode-1] 目标位置:(0.0, 0.0, 0.7)-[TakeOff]-[MCU:False]-[POS:False]
1775389806.4608150 [navNode-1] 当前位置:(-0.1263122409582138, -0.016299262642860413, -0.0035743750631809235)
1775389806.5607953 [navNode-1] [INFO] [1775389806.560412196] [navNode]: 状态4：WaitAim--[TakeOff]
1775389806.5611565 [navNode-1] [INFO] [1775389806.560860108] [navNode]: 未到目标点
1775389806.5612192 [navNode-1] 目标位置:(0.0, 0.0, 0.7)-[TakeOff]-[MCU:False]-[POS:False]
1775389806.5612621 [navNode-1] 当前位置:(-0.12565533816814423, -0.016773197799921036, -0.0031645591370761395)
1775389806.6600409 [navNode-1] [INFO] [1775389806.659648857] [navNode]: 状态4：WaitAim--[TakeOff]
1775389806.6604350 [navNode-1] [INFO] [1775389806.660327764] [navNode]: 未到目标点
1775389806.6605027 [navNode-1] 目标位置:(0.0, 0.0, 0.7)-[TakeOff]-[MCU:False]-[POS:False]
1775389806.6605418 [navNode-1] 当前位置:(-0.125745490193367, -0.016724415123462677, -0.003225908847525716)
1775389806.7606792 [navNode-1] [INFO] [1775389806.760304192] [navNode]: 状态4：WaitAim--[TakeOff]
1775389806.7611172 [navNode-1] [INFO] [1775389806.760969996] [navNode]: 未到目标点
1775389806.7612135 [navNode-1] 目标位置:(0.0, 0.0, 0.7)-[TakeOff]-[MCU:False]-[POS:False]
1775389806.7612777 [navNode-1] 当前位置:(-0.125347301363945, -0.01703338697552681, -0.003345292992889881)
1775389806.8603988 [navNode-1] [INFO] [1775389806.860084901] [navNode]: 状态4：WaitAim--[TakeOff]
1775389806.8608000 [navNode-1] [INFO] [1775389806.860633407] [navNode]: 未到目标点
1775389806.8608878 [navNode-1] 目标位置:(0.0, 0.0, 0.7)-[TakeOff]-[MCU:False]-[POS:False]
1775389806.8609412 [navNode-1] 当前位置:(-0.12521284818649292, -0.017221586778759956, -0.002678423887118697)
1775389806.9600902 [navNode-1] [INFO] [1775389806.959693936] [navNode]: 状态4：WaitAim--[TakeOff]
1775389806.9604950 [navNode-1] [INFO] [1775389806.960175274] [navNode]: 未到目标点
1775389806.9605799 [navNode-1] 目标位置:(0.0, 0.0, 0.7)-[TakeOff]-[MCU:False]-[POS:False]
1775389806.9606261 [navNode-1] 当前位置:(-0.12524157762527466, -0.016788555309176445, -0.002675808034837246)
1775389807.0603848 [navNode-1] [INFO] [1775389807.060004897] [navNode]: 状态4：WaitAim--[TakeOff]
1775389807.0608261 [navNode-1] [INFO] [1775389807.060703039] [navNode]: 未到目标点
1775389807.0609508 [navNode-1] 目标位置:(0.0, 0.0, 0.7)-[TakeOff]-[MCU:False]-[POS:False]
1775389807.0610044 [navNode-1] 当前位置:(-0.1250661164522171, -0.016888653859496117, -0.0023613846860826015)
1775389807.1608768 [navNode-1] [INFO] [1775389807.160564394] [navNode]: 状态4：WaitAim--[TakeOff]
1775389807.1612718 [navNode-1] [INFO] [1775389807.161051528] [navNode]: 未到目标点
1775389807.1613564 [navNode-1] 目标位置:(0.0, 0.0, 0.7)-[TakeOff]-[MCU:False]-[POS:False]
1775389807.1613998 [navNode-1] 当前位置:(-0.12474237382411957, -0.01731109619140625, -0.0025783127639442682)
1775389807.2599313 [navNode-1] [INFO] [1775389807.259619075] [navNode]: 状态4：WaitAim--[TakeOff]
1775389807.2603281 [navNode-1] [INFO] [1775389807.260045071] [navNode]: 未到目标点
1775389807.2608898 [navNode-1] 目标位置:(0.0, 0.0, 0.7)-[TakeOff]-[MCU:False]-[POS:False]
1775389807.2610009 [navNode-1] 当前位置:(-0.12488909065723419, -0.01701393350958824, -0.0021626860834658146)
1775389807.3600266 [navNode-1] [INFO] [1775389807.359658856] [navNode]: 状态4：WaitAim--[TakeOff]
1775389807.3603363 [navNode-1] [INFO] [1775389807.360122802] [navNode]: 未到目标点
1775389807.3604190 [navNode-1] 目标位置:(0.0, 0.0, 0.7)-[TakeOff]-[MCU:False]-[POS:False]
1775389807.3604679 [navNode-1] 当前位置:(-0.12473642081022263, -0.017069941386580467, -0.0023140849079936743)
1775389807.4598551 [navNode-1] [INFO] [1775389807.459576629] [navNode]: 状态4：WaitAim--[TakeOff]
1775389807.4603722 [navNode-1] [INFO] [1775389807.460244807] [navNode]: 未到目标点
1775389807.4604902 [navNode-1] 目标位置:(0.0, 0.0, 0.7)-[TakeOff]-[MCU:False]-[POS:False]
1775389807.4605503 [navNode-1] 当前位置:(-0.12487148493528366, -0.016936561092734337, -0.0024461315479129553)
1775389807.5602627 [navNode-1] [INFO] [1775389807.559861628] [navNode]: 状态4：WaitAim--[TakeOff]
1775389807.5606966 [navNode-1] [INFO] [1775389807.560407688] [navNode]: 未到目标点
1775389807.5608060 [navNode-1] 目标位置:(0.0, 0.0, 0.7)-[TakeOff]-[MCU:False]-[POS:False]
1775389807.5608821 [navNode-1] 当前位置:(-0.12484899908304214, -0.01730869524180889, -0.0023553315550088882)
1775389807.6604276 [navNode-1] [INFO] [1775389807.660036505] [navNode]: 状态4：WaitAim--[TakeOff]
1775389807.6608412 [navNode-1] [INFO] [1775389807.660521574] [navNode]: 未到目标点
1775389807.6609147 [navNode-1] 目标位置:(0.0, 0.0, 0.7)-[TakeOff]-[MCU:False]-[POS:False]
1775389807.6609745 [navNode-1] 当前位置:(-0.12459103763103485, -0.017028437927365303, -0.0022313441149890423)
1775389807.7602496 [navNode-1] [INFO] [1775389807.759884027] [navNode]: 状态4：WaitAim--[TakeOff]
1775389807.7606003 [navNode-1] [INFO] [1775389807.760308546] [navNode]: 未到目标点
1775389807.7606673 [navNode-1] 目标位置:(0.0, 0.0, 0.7)-[TakeOff]-[MCU:False]-[POS:False]
1775389807.7607081 [navNode-1] 当前位置:(-0.12485756725072861, -0.01682540774345398, -0.00224322616122663)
1775389807.8600323 [navNode-1] [INFO] [1775389807.859666814] [navNode]: 状态4：WaitAim--[TakeOff]
1775389807.8604398 [navNode-1] [INFO] [1775389807.860092528] [navNode]: 未到目标点
1775389807.8605068 [navNode-1] 目标位置:(0.0, 0.0, 0.7)-[TakeOff]-[MCU:False]-[POS:False]
1775389807.8605499 [navNode-1] 当前位置:(-0.12474355846643448, -0.01680218242108822, -0.0021308264695107937)
1775389807.9601171 [navNode-1] [INFO] [1775389807.959829875] [navNode]: 状态4：WaitAim--[TakeOff]
1775389807.9604583 [navNode-1] [INFO] [1775389807.960243847] [navNode]: 未到目标点
1775389807.9605539 [navNode-1] 目标位置:(0.0, 0.0, 0.7)-[TakeOff]-[MCU:False]-[POS:False]
1775389807.9606228 [navNode-1] 当前位置:(-0.12474224716424942, -0.016723228618502617, -0.002399913500994444)
1775389808.0601809 [navNode-1] [INFO] [1775389808.059816682] [navNode]: 状态4：WaitAim--[TakeOff]
1775389808.0605609 [navNode-1] [INFO] [1775389808.060310584] [navNode]: 未到目标点
1775389808.0606861 [navNode-1] 目标位置:(0.0, 0.0, 0.7)-[TakeOff]-[MCU:False]-[POS:False]
1775389808.0607467 [navNode-1] 当前位置:(-0.12441598623991013, -0.017326707020401955, -0.0020014545880258083)
1775389808.1600106 [navNode-1] [INFO] [1775389808.159689460] [navNode]: 状态4：WaitAim--[TakeOff]
1775389808.1604517 [navNode-1] [INFO] [1775389808.160301399] [navNode]: 未到目标点
1775389808.1605766 [navNode-1] 目标位置:(0.0, 0.0, 0.7)-[TakeOff]-[MCU:False]-[POS:False]
1775389808.1606259 [navNode-1] 当前位置:(-0.12429729104042053, -0.017161227762699127, -0.0020889730658382177)
1775389808.2599678 [navNode-1] [INFO] [1775389808.259687399] [navNode]: 状态4：WaitAim--[TakeOff]
1775389808.2603366 [navNode-1] [INFO] [1775389808.260229561] [navNode]: 未到目标点
1775389808.2604296 [navNode-1] 目标位置:(0.0, 0.0, 0.7)-[TakeOff]-[MCU:False]-[POS:False]
1775389808.2604809 [navNode-1] 当前位置:(-0.12427522242069244, -0.017437845468521118, -0.0019344743341207504)
1775389808.3600485 [navNode-1] [INFO] [1775389808.359663598] [navNode]: 状态4：WaitAim--[TakeOff]
1775389808.3603740 [navNode-1] [INFO] [1775389808.360083559] [navNode]: 未到目标点
1775389808.3604810 [navNode-1] 目标位置:(0.0, 0.0, 0.7)-[TakeOff]-[MCU:False]-[POS:False]
1775389808.3605690 [navNode-1] 当前位置:(-0.12402070313692093, -0.01718713529407978, -0.0015841828426346183)
1775389808.4601731 [navNode-1] [INFO] [1775389808.459811893] [navNode]: 状态4：WaitAim--[TakeOff]
1775389808.4604824 [navNode-1] [INFO] [1775389808.460233663] [navNode]: 未到目标点
1775389808.4606056 [navNode-1] 目标位置:(0.0, 0.0, 0.7)-[TakeOff]-[MCU:False]-[POS:False]
1775389808.4606569 [navNode-1] 当前位置:(-0.12418770045042038, -0.017376571893692017, -0.0018112108809873462)
1775389808.5603907 [navNode-1] [INFO] [1775389808.560105657] [navNode]: 状态4：WaitAim--[TakeOff]
1775389808.5607245 [navNode-1] [INFO] [1775389808.560502312] [navNode]: 未到目标点
1775389808.5608568 [navNode-1] 目标位置:(0.0, 0.0, 0.7)-[TakeOff]-[MCU:False]-[POS:False]
1775389808.5609009 [navNode-1] 当前位置:(-0.12402761727571487, -0.017066985368728638, -0.0015712616732344031)
1775389808.6599557 [navNode-1] [INFO] [1775389808.659656891] [navNode]: 状态4：WaitAim--[TakeOff]
1775389808.6603093 [navNode-1] [INFO] [1775389808.660078661] [navNode]: 未到目标点
1775389808.6604109 [navNode-1] 目标位置:(0.0, 0.0, 0.7)-[TakeOff]-[MCU:False]-[POS:False]
1775389808.6604652 [navNode-1] 当前位置:(-0.12432190775871277, -0.01729363203048706, -0.0021373271010816097)
1775389808.7603257 [navNode-1] [INFO] [1775389808.760037564] [navNode]: 状态4：WaitAim--[TakeOff]
1775389808.7609468 [navNode-1] [INFO] [1775389808.760671567] [navNode]: 未到目标点
1775389808.7610526 [navNode-1] 目标位置:(0.0, 0.0, 0.7)-[TakeOff]-[MCU:False]-[POS:False]
1775389808.7610919 [navNode-1] 当前位置:(-0.12454352527856827, -0.017175767570734024, -0.002168192295357585)
1775389808.8602841 [navNode-1] [INFO] [1775389808.859915556] [navNode]: 状态4：WaitAim--[TakeOff]
1775389808.8607523 [navNode-1] [INFO] [1775389808.860448978] [navNode]: 未到目标点
1775389808.8608470 [navNode-1] 目标位置:(0.0, 0.0, 0.7)-[TakeOff]-[MCU:False]-[POS:False]
1775389808.8609397 [navNode-1] 当前位置:(-0.12432955205440521, -0.017065031453967094, -0.0017217741115018725)
1775389808.9601498 [navNode-1] [INFO] [1775389808.959787438] [navNode]: 状态4：WaitAim--[TakeOff]
1775389808.9605308 [navNode-1] [INFO] [1775389808.960208252] [navNode]: 未到目标点
1775389808.9606395 [navNode-1] 目标位置:(0.0, 0.0, 0.7)-[TakeOff]-[MCU:False]-[POS:False]
1775389808.9607065 [navNode-1] 当前位置:(-0.12406531721353531, -0.017206817865371704, -0.0017712704138830304)
1775389809.0600138 [navNode-1] [INFO] [1775389809.059593646] [navNode]: 状态4：WaitAim--[TakeOff]
1775389809.0603592 [navNode-1] [INFO] [1775389809.060048803] [navNode]: 未到目标点
1775389809.0604408 [navNode-1] 目标位置:(0.0, 0.0, 0.7)-[TakeOff]-[MCU:False]-[POS:False]
1775389809.0605102 [navNode-1] 当前位置:(-0.12397545576095581, -0.017246102914214134, -0.001446365611627698)
1775389809.1600137 [navNode-1] [INFO] [1775389809.159713010] [navNode]: 状态4：WaitAim--[TakeOff]
1775389809.1603947 [navNode-1] [INFO] [1775389809.160135016] [navNode]: 未到目标点
1775389809.1604643 [navNode-1] 目标位置:(0.0, 0.0, 0.7)-[TakeOff]-[MCU:False]-[POS:False]
1775389809.1605043 [navNode-1] 当前位置:(-0.12401052564382553, -0.01709621399641037, -0.00177816953510046)
1775389809.2604921 [navNode-1] [INFO] [1775389809.260161174] [navNode]: 状态4：WaitAim--[TakeOff]
1775389809.2608964 [navNode-1] [INFO] [1775389809.260793549] [navNode]: 未到目标点
1775389809.2609892 [navNode-1] 目标位置:(0.0, 0.0, 0.7)-[TakeOff]-[MCU:False]-[POS:False]
1775389809.2610421 [navNode-1] 当前位置:(-0.12440092861652374, -0.01716022379696369, -0.001702485023997724)
1775389809.3602476 [navNode-1] [INFO] [1775389809.359950188] [navNode]: 状态4：WaitAim--[TakeOff]
1775389809.3606431 [navNode-1] [INFO] [1775389809.360381362] [navNode]: 未到目标点
1775389809.3607550 [navNode-1] 目标位置:(0.0, 0.0, 0.7)-[TakeOff]-[MCU:False]-[POS:False]
1775389809.3608239 [navNode-1] 当前位置:(-0.12369202077388763, -0.017550531774759293, -0.0016028592362999916)
1775389809.4602084 [navNode-1] [INFO] [1775389809.459904269] [navNode]: 状态4：WaitAim--[TakeOff]
1775389809.4605253 [navNode-1] [INFO] [1775389809.460330639] [navNode]: 未到目标点
1775389809.4606340 [navNode-1] 目标位置:(0.0, 0.0, 0.7)-[TakeOff]-[MCU:False]-[POS:False]
1775389809.4606988 [navNode-1] 当前位置:(-0.1238086149096489, -0.017371272668242455, -0.001280625001527369)
1775389809.5600159 [navNode-1] [INFO] [1775389809.559691060] [navNode]: 状态4：WaitAim--[TakeOff]
1775389809.5603991 [navNode-1] [INFO] [1775389809.560143913] [navNode]: 未到目标点
1775389809.5605061 [navNode-1] 目标位置:(0.0, 0.0, 0.7)-[TakeOff]-[MCU:False]-[POS:False]
1775389809.5605574 [navNode-1] 当前位置:(-0.12398042529821396, -0.01726195402443409, -0.0014049324672669172)
1775389809.6604233 [navNode-1] [INFO] [1775389809.660047869] [navNode]: 状态4：WaitAim--[TakeOff]
1775389809.6607575 [navNode-1] [INFO] [1775389809.660507751] [navNode]: 未到目标点
1775389809.6608729 [navNode-1] 目标位置:(0.0, 0.0, 0.7)-[TakeOff]-[MCU:False]-[POS:False]
1775389809.6609242 [navNode-1] 当前位置:(-0.12399265170097351, -0.017453426495194435, -0.0014309996040537953)
1775389809.7600813 [navNode-1] [INFO] [1775389809.759694711] [navNode]: 状态4：WaitAim--[TakeOff]
1775389809.7605460 [navNode-1] [INFO] [1775389809.760206755] [navNode]: 未到目标点
1775389809.7606602 [navNode-1] 目标位置:(0.0, 0.0, 0.7)-[TakeOff]-[MCU:False]-[POS:False]
1775389809.7607117 [navNode-1] 当前位置:(-0.12372507899999619, -0.017267167568206787, -0.0018351790495216846)
1775389809.8606272 [navNode-1] [INFO] [1775389809.860020571] [navNode]: 状态4：WaitAim--[TakeOff]
1775389809.8612907 [navNode-1] [INFO] [1775389809.860445537] [navNode]: 未到目标点
1775389809.8614135 [navNode-1] 目标位置:(0.0, 0.0, 0.7)-[TakeOff]-[MCU:False]-[POS:False]
1775389809.8614628 [navNode-1] 当前位置:(-0.12374049425125122, -0.01740497536957264, -0.0012581279734149575)
1775389809.9607513 [navNode-1] [INFO] [1775389809.960456835] [navNode]: 状态4：WaitAim--[TakeOff]
1775389809.9611213 [navNode-1] [INFO] [1775389809.960873432] [navNode]: 未到目标点
1775389809.9612205 [navNode-1] 目标位置:(0.0, 0.0, 0.7)-[TakeOff]-[MCU:False]-[POS:False]
1775389809.9612658 [navNode-1] 当前位置:(-0.12412354350090027, -0.01721552386879921, -0.001553151523694396)
1775389810.0601628 [navNode-1] [INFO] [1775389810.059667247] [navNode]: 状态4：WaitAim--[TakeOff]
1775389810.0605810 [navNode-1] [INFO] [1775389810.060149407] [navNode]: 未到目标点
1775389810.0607154 [navNode-1] 目标位置:(0.0, 0.0, 0.7)-[TakeOff]-[MCU:False]-[POS:False]
1775389810.0607984 [navNode-1] 当前位置:(-0.12381555140018463, -0.017237065359950066, -0.0014012871542945504)
1775389810.1601985 [navNode-1] [INFO] [1775389810.159723894] [navNode]: 状态4：WaitAim--[TakeOff]
1775389810.1608870 [navNode-1] [INFO] [1775389810.160448906] [navNode]: 未到目标点
1775389810.1610925 [navNode-1] 目标位置:(0.0, 0.0, 0.7)-[TakeOff]-[MCU:False]-[POS:False]
1775389810.1612120 [navNode-1] 当前位置:(-0.12371033430099487, -0.01751389354467392, -0.0014635655097663403)
1775389810.2600079 [navNode-1] [INFO] [1775389810.259708530] [navNode]: 状态4：WaitAim--[TakeOff]
1775389810.2605658 [navNode-1] [INFO] [1775389810.260415494] [navNode]: 未到目标点
1775389810.2606652 [navNode-1] 目标位置:(0.0, 0.0, 0.7)-[TakeOff]-[MCU:False]-[POS:False]
1775389810.2607057 [navNode-1] 当前位置:(-0.12382879108190536, -0.017454814165830612, -0.0013345627812668681)
1775389810.3602498 [navNode-1] [INFO] [1775389810.359906965] [navNode]: 状态4：WaitAim--[TakeOff]
1775389810.3606827 [navNode-1] [INFO] [1775389810.360427738] [navNode]: 未到目标点
1775389810.3607829 [navNode-1] 目标位置:(0.0, 0.0, 0.7)-[TakeOff]-[MCU:False]-[POS:False]
1775389810.3608460 [navNode-1] 当前位置:(-0.12374990433454514, -0.017352892085909843, -0.0015934148104861379)
1775389810.4601018 [navNode-1] [INFO] [1775389810.459800607] [navNode]: 状态4：WaitAim--[TakeOff]
1775389810.4604423 [navNode-1] [INFO] [1775389810.460219634] [navNode]: 未到目标点
1775389810.4605477 [navNode-1] 目标位置:(0.0, 0.0, 0.7)-[TakeOff]-[MCU:False]-[POS:False]
1775389810.4606035 [navNode-1] 当前位置:(-0.12387698143720627, -0.017426786944270134, -0.0014277894515544176)
1775389810.5605698 [navNode-1] [INFO] [1775389810.560186394] [navNode]: 状态4：WaitAim--[TakeOff]
1775389810.5609498 [navNode-1] [INFO] [1775389810.560641337] [navNode]: 未到目标点
1775389810.5610104 [navNode-1] 目标位置:(0.0, 0.0, 0.7)-[TakeOff]-[MCU:False]-[POS:False]
1775389810.5610573 [navNode-1] 当前位置:(-0.12379871308803558, -0.0171701330691576, -0.0016392309917137027)
1775389810.6601226 [navNode-1] [INFO] [1775389810.659815886] [navNode]: 状态4：WaitAim--[TakeOff]
1775389810.6604586 [navNode-1] [INFO] [1775389810.660252121] [navNode]: 未到目标点
1775389810.6605582 [navNode-1] 目标位置:(0.0, 0.0, 0.7)-[TakeOff]-[MCU:False]-[POS:False]
1775389810.6606064 [navNode-1] 当前位置:(-0.12369485199451447, -0.017323676496744156, -0.0011897360673174262)
1775389810.7602413 [navNode-1] [INFO] [1775389810.759885806] [navNode]: 状态4：WaitAim--[TakeOff]
1775389810.7606876 [navNode-1] [INFO] [1775389810.760484915] [navNode]: 未到目标点
1775389810.7608013 [navNode-1] 目标位置:(0.0, 0.0, 0.7)-[TakeOff]-[MCU:False]-[POS:False]
1775389810.7608814 [navNode-1] 当前位置:(-0.1239067018032074, -0.01739485003054142, -0.0014386948896571994)
1775389810.8605609 [navNode-1] [INFO] [1775389810.860166189] [navNode]: 状态4：WaitAim--[TakeOff]
1775389810.8609917 [navNode-1] [INFO] [1775389810.860626036] [navNode]: 未到目标点
1775389810.8611109 [navNode-1] 目标位置:(0.0, 0.0, 0.7)-[TakeOff]-[MCU:False]-[POS:False]
1775389810.8611846 [navNode-1] 当前位置:(-0.12388665229082108, -0.017365118488669395, -0.0017416644841432571)
1775389810.9601579 [navNode-1] [INFO] [1775389810.959838009] [navNode]: 状态4：WaitAim--[TakeOff]
1775389810.9605844 [navNode-1] [INFO] [1775389810.960351727] [navNode]: 未到目标点
1775389810.9606938 [navNode-1] 目标位置:(0.0, 0.0, 0.7)-[TakeOff]-[MCU:False]-[POS:False]
1775389810.9607396 [navNode-1] 当前位置:(-0.12397396564483643, -0.017055995762348175, -0.001680774730630219)
1775389811.0600796 [navNode-1] [INFO] [1775389811.059745714] [navNode]: 状态4：WaitAim--[TakeOff]
1775389811.0606802 [navNode-1] [INFO] [1775389811.060524023] [navNode]: 未到目标点
1775389811.0607877 [navNode-1] 目标位置:(0.0, 0.0, 0.7)-[TakeOff]-[MCU:False]-[POS:False]
1775389811.0608683 [navNode-1] 当前位置:(-0.1237112507224083, -0.017238015308976173, -0.001271278248168528)
1775389811.1600895 [navNode-1] [INFO] [1775389811.159797662] [navNode]: 状态4：WaitAim--[TakeOff]
1775389811.1605172 [navNode-1] [INFO] [1775389811.160307863] [navNode]: 未到目标点
1775389811.1605856 [navNode-1] 目标位置:(0.0, 0.0, 0.7)-[TakeOff]-[MCU:False]-[POS:False]
1775389811.1606390 [navNode-1] 当前位置:(-0.1238870695233345, -0.017214275896549225, -0.001688556163571775)
1775389811.2601130 [navNode-1] [INFO] [1775389811.259797271] [navNode]: 状态4：WaitAim--[TakeOff]
1775389811.2605553 [navNode-1] [INFO] [1775389811.260434620] [navNode]: 未到目标点
1775389811.2606411 [navNode-1] 目标位置:(0.0, 0.0, 0.7)-[TakeOff]-[MCU:False]-[POS:False]
1775389811.2606809 [navNode-1] 当前位置:(-0.12373699247837067, -0.01722368597984314, -0.0013127202400937676)
1775389811.3601935 [navNode-1] [INFO] [1775389811.359893237] [navNode]: 状态4：WaitAim--[TakeOff]
1775389811.3606329 [navNode-1] [INFO] [1775389811.360439893] [navNode]: 未到目标点
1775389811.3607140 [navNode-1] 目标位置:(0.0, 0.0, 0.7)-[TakeOff]-[MCU:False]-[POS:False]
1775389811.3607681 [navNode-1] 当前位置:(-0.12385628372430801, -0.017192259430885315, -0.0016244410071521997)
1775389811.4610062 [navNode-1] [INFO] [1775389811.460589819] [navNode]: 状态4：WaitAim--[TakeOff]
1775389811.4614196 [navNode-1] [INFO] [1775389811.461100637] [navNode]: 未到目标点
1775389811.4614818 [navNode-1] 目标位置:(0.0, 0.0, 0.7)-[TakeOff]-[MCU:False]-[POS:False]
1775389811.4615166 [navNode-1] 当前位置:(-0.12352162599563599, -0.017420293763279915, -0.00148021278437227)
1775389811.5606198 [navNode-1] [INFO] [1775389811.560193024] [navNode]: 状态4：WaitAim--[TakeOff]
1775389811.5611565 [navNode-1] [INFO] [1775389811.560945975] [navNode]: 未到目标点
1775389811.5613031 [navNode-1] 目标位置:(0.0, 0.0, 0.7)-[TakeOff]-[MCU:False]-[POS:False]
1775389811.5613656 [navNode-1] 当前位置:(-0.12305670231580734, -0.017841991037130356, -0.0013401852920651436)
1775389811.6613433 [navNode-1] [INFO] [1775389811.660830160] [navNode]: 状态4：WaitAim--[TakeOff]
1775389811.6618693 [navNode-1] [INFO] [1775389811.661618384] [navNode]: 未到目标点
1775389811.6620409 [navNode-1] 目标位置:(0.0, 0.0, 0.7)-[TakeOff]-[MCU:False]-[POS:False]
1775389811.6621072 [navNode-1] 当前位置:(-0.12390005588531494, -0.0173964761197567, -0.0017229103250429034)
1775389811.7610860 [navNode-1] [INFO] [1775389811.760626829] [navNode]: 状态4：WaitAim--[TakeOff]
1775389811.7617018 [navNode-1] [INFO] [1775389811.761215608] [navNode]: 未到目标点
1775389811.7619715 [navNode-1] 目标位置:(0.0, 0.0, 0.7)-[TakeOff]-[MCU:False]-[POS:False]
1775389811.7621324 [navNode-1] 当前位置:(-0.1236492246389389, -0.017195001244544983, -0.0015537288272753358)
1775389811.8604603 [navNode-1] [INFO] [1775389811.860152123] [navNode]: 状态4：WaitAim--[TakeOff]
1775389811.8608954 [navNode-1] [INFO] [1775389811.860688057] [navNode]: 未到目标点
1775389811.8610182 [navNode-1] 目标位置:(0.0, 0.0, 0.7)-[TakeOff]-[MCU:False]-[POS:False]
1775389811.8610873 [navNode-1] 当前位置:(-0.12357845902442932, -0.017339633777737617, -0.0015032002702355385)
1775389811.9605906 [navNode-1] [INFO] [1775389811.960223146] [navNode]: 状态4：WaitAim--[TakeOff]
1775389811.9609675 [navNode-1] [INFO] [1775389811.960784427] [navNode]: 未到目标点
1775389811.9610777 [navNode-1] 目标位置:(0.0, 0.0, 0.7)-[TakeOff]-[MCU:False]-[POS:False]
1775389811.9611330 [navNode-1] 当前位置:(-0.12375276535749435, -0.01724799908697605, -0.001692008227109909)
1775389812.0602522 [navNode-1] [INFO] [1775389812.059922667] [navNode]: 状态4：WaitAim--[TakeOff]
1775389812.0607080 [navNode-1] [INFO] [1775389812.060394230] [navNode]: 未到目标点
1775389812.0608983 [navNode-1] 目标位置:(0.0, 0.0, 0.7)-[TakeOff]-[MCU:False]-[POS:False]
1775389812.0609732 [navNode-1] 当前位置:(-0.1236746683716774, -0.017550358548760414, -0.0014613394159823656)
1775389812.1608858 [navNode-1] [INFO] [1775389812.160508433] [navNode]: 状态4：WaitAim--[TakeOff]
1775389812.1613567 [navNode-1] [INFO] [1775389812.161043454] [navNode]: 未到目标点
1775389812.1614997 [navNode-1] 目标位置:(0.0, 0.0, 0.7)-[TakeOff]-[MCU:False]-[POS:False]
1775389812.1615639 [navNode-1] 当前位置:(-0.12334262579679489, -0.017785698175430298, -0.0011695389403030276)
1775389812.2611625 [navNode-1] [INFO] [1775389812.260727557] [navNode]: 状态4：WaitAim--[TakeOff]
1775389812.2617629 [navNode-1] [INFO] [1775389812.261302648] [navNode]: 未到目标点
1775389812.2618973 [navNode-1] 目标位置:(0.0, 0.0, 0.7)-[TakeOff]-[MCU:False]-[POS:False]
1775389812.2619545 [navNode-1] 当前位置:(-0.12328457832336426, -0.01745409332215786, -0.0010852827690541744)
1775389812.3618608 [navNode-1] [INFO] [1775389812.361478938] [navNode]: 状态4：WaitAim--[TakeOff]
1775389812.3625288 [navNode-1] [INFO] [1775389812.362337537] [navNode]: 未到目标点
1775389812.3627126 [navNode-1] 目标位置:(0.0, 0.0, 0.7)-[TakeOff]-[MCU:False]-[POS:False]
1775389812.3628182 [navNode-1] 当前位置:(-0.1236121654510498, -0.01745574362576008, -0.0016993333119899035)
1775389812.4605310 [navNode-1] [INFO] [1775389812.460254398] [navNode]: 状态4：WaitAim--[TakeOff]
1775389812.4610291 [navNode-1] [INFO] [1775389812.460898020] [navNode]: 未到目标点
1775389812.4611244 [navNode-1] 目标位置:(0.0, 0.0, 0.7)-[TakeOff]-[MCU:False]-[POS:False]
1775389812.4611835 [navNode-1] 当前位置:(-0.12370152026414871, -0.017345517873764038, -0.0014046955620869994)
1775389812.5603080 [navNode-1] [INFO] [1775389812.559993729] [navNode]: 状态4：WaitAim--[TakeOff]
1775389812.5607767 [navNode-1] [INFO] [1775389812.560563074] [navNode]: 未到目标点
1775389812.5608685 [navNode-1] 目标位置:(0.0, 0.0, 0.7)-[TakeOff]-[MCU:False]-[POS:False]
1775389812.5609233 [navNode-1] 当前位置:(-0.12354675680398941, -0.017154980450868607, -0.0015074636321514845)
1775389812.6609259 [navNode-1] [INFO] [1775389812.660601815] [navNode]: 状态4：WaitAim--[TakeOff]
1775389812.6614256 [navNode-1] [INFO] [1775389812.661249992] [navNode]: 未到目标点
1775389812.6615663 [navNode-1] 目标位置:(0.0, 0.0, 0.7)-[TakeOff]-[MCU:False]-[POS:False]
1775389812.6616259 [navNode-1] 当前位置:(-0.1235894188284874, -0.017168646678328514, -0.0015070686349645257)
1775389812.7609141 [navNode-1] [INFO] [1775389812.760561480] [navNode]: 状态4：WaitAim--[TakeOff]
1775389812.7614965 [navNode-1] [INFO] [1775389812.761123182] [navNode]: 未到目标点
1775389812.7616186 [navNode-1] 目标位置:(0.0, 0.0, 0.7)-[TakeOff]-[MCU:False]-[POS:False]
1775389812.7617846 [navNode-1] 当前位置:(-0.12327965348958969, -0.017664972692728043, -0.0014911333564668894)
1775389812.8628144 [navNode-1] [INFO] [1775389812.862293903] [navNode]: 状态4：WaitAim--[TakeOff]
1775389812.8632703 [navNode-1] [INFO] [1775389812.862958147] [navNode]: 未到目标点
1775389812.8633575 [navNode-1] 目标位置:(0.0, 0.0, 0.7)-[TakeOff]-[MCU:False]-[POS:False]
1775389812.8634136 [navNode-1] 当前位置:(-0.12369979172945023, -0.01718609593808651, -0.0014703253982588649)
1775389812.9605224 [navNode-1] [INFO] [1775389812.960197052] [navNode]: 状态4：WaitAim--[TakeOff]
1775389812.9609649 [navNode-1] [INFO] [1775389812.960772306] [navNode]: 未到目标点
1775389812.9610586 [navNode-1] 目标位置:(0.0, 0.0, 0.7)-[TakeOff]-[MCU:False]-[POS:False]
1775389812.9611156 [navNode-1] 当前位置:(-0.12342877686023712, -0.017176687717437744, -0.0014075984945520759)
1775389813.0602617 [navNode-1] [INFO] [1775389813.059947599] [navNode]: 状态4：WaitAim--[TakeOff]
1775389813.0607128 [navNode-1] [INFO] [1775389813.060495045] [navNode]: 未到目标点
1775389813.0608017 [navNode-1] 目标位置:(0.0, 0.0, 0.7)-[TakeOff]-[MCU:False]-[POS:False]
1775389813.0608695 [navNode-1] 当前位置:(-0.12356594949960709, -0.017088474705815315, -0.0014337627217173576)
1775389813.1607442 [navNode-1] [INFO] [1775389813.160291853] [navNode]: 状态4：WaitAim--[TakeOff]
1775389813.1613147 [navNode-1] [INFO] [1775389813.160870657] [navNode]: 未到目标点
1775389813.1614234 [navNode-1] 目标位置:(0.0, 0.0, 0.7)-[TakeOff]-[MCU:False]-[POS:False]
1775389813.1614928 [navNode-1] 当前位置:(-0.12354625016450882, -0.017252851277589798, -0.0012351732002571225)
1775389813.2603123 [navNode-1] [INFO] [1775389813.259866674] [navNode]: 状态4：WaitAim--[TakeOff]
1775389813.2608306 [navNode-1] [INFO] [1775389813.260496339] [navNode]: 未到目标点
1775389813.2609503 [navNode-1] 目标位置:(0.0, 0.0, 0.7)-[TakeOff]-[MCU:False]-[POS:False]
1775389813.2610147 [navNode-1] 当前位置:(-0.12378393113613129, -0.01728609763085842, -0.0015689616557210684)
1775389813.3614252 [navNode-1] [INFO] [1775389813.360998749] [navNode]: 状态4：WaitAim--[TakeOff]
1775389813.3618832 [navNode-1] [INFO] [1775389813.361567422] [navNode]: 未到目标点
1775389813.3619843 [navNode-1] 目标位置:(0.0, 0.0, 0.7)-[TakeOff]-[MCU:False]-[POS:False]
1775389813.3620460 [navNode-1] 当前位置:(-0.12358525395393372, -0.017140766605734825, -0.0013136263005435467)
1775389813.4606278 [navNode-1] [INFO] [1775389813.460202915] [navNode]: 状态4：WaitAim--[TakeOff]
1775389813.4610324 [navNode-1] [INFO] [1775389813.460784278] [navNode]: 未到目标点
1775389813.4611716 [navNode-1] 目标位置:(0.0, 0.0, 0.7)-[TakeOff]-[MCU:False]-[POS:False]
1775389813.4612358 [navNode-1] 当前位置:(-0.12356974184513092, -0.01718916743993759, -0.0014117193641141057)
1775389813.5612040 [navNode-1] [INFO] [1775389813.560705332] [navNode]: 状态4：WaitAim--[TakeOff]
1775389813.5616045 [navNode-1] [INFO] [1775389813.561181576] [navNode]: 未到目标点
1775389813.5616829 [navNode-1] 目标位置:(0.0, 0.0, 0.7)-[TakeOff]-[MCU:False]-[POS:False]
1775389813.5617292 [navNode-1] 当前位置:(-0.12322969734668732, -0.01747092232108116, -0.0010457298485562205)
1775389813.6604705 [navNode-1] [INFO] [1775389813.660126607] [navNode]: 状态4：WaitAim--[TakeOff]
1775389813.6615105 [navNode-1] [INFO] [1775389813.660677176] [navNode]: 未到目标点
1775389813.6617782 [navNode-1] 目标位置:(0.0, 0.0, 0.7)-[TakeOff]-[MCU:False]-[POS:False]
1775389813.6619208 [navNode-1] 当前位置:(-0.12351629137992859, -0.01755335181951523, -0.0012590655824169517)
1775389813.7605135 [navNode-1] [INFO] [1775389813.760115476] [navNode]: 状态4：WaitAim--[TakeOff]
1775389813.7613268 [navNode-1] [INFO] [1775389813.760573865] [navNode]: 未到目标点
1775389813.7615252 [navNode-1] 目标位置:(0.0, 0.0, 0.7)-[TakeOff]-[MCU:False]-[POS:False]
1775389813.7615926 [navNode-1] 当前位置:(-0.12342984229326248, -0.01728445664048195, -0.0011282890336588025)
1775389813.8609035 [navNode-1] [INFO] [1775389813.859934370] [navNode]: 状态4：WaitAim--[TakeOff]
1775389813.8613501 [navNode-1] [INFO] [1775389813.860594975] [navNode]: 未到目标点
1775389813.8614275 [navNode-1] 目标位置:(0.0, 0.0, 0.7)-[TakeOff]-[MCU:False]-[POS:False]
1775389813.8614783 [navNode-1] 当前位置:(-0.12338276952505112, -0.017416000366210938, -0.0006202830700203776)
1775389813.9607263 [navNode-1] [INFO] [1775389813.960358245] [navNode]: 状态4：WaitAim--[TakeOff]
1775389813.9611235 [navNode-1] [INFO] [1775389813.960888899] [navNode]: 未到目标点
1775389813.9611883 [navNode-1] 目标位置:(0.0, 0.0, 0.7)-[TakeOff]-[MCU:False]-[POS:False]
1775389813.9612319 [navNode-1] 当前位置:(-0.12312798202037811, -0.017599789425730705, -0.0014097340172156692)
1775389814.0608888 [navNode-1] [INFO] [1775389814.060483634] [navNode]: 状态4：WaitAim--[TakeOff]
1775389814.0613546 [navNode-1] [INFO] [1775389814.060932149] [navNode]: 未到目标点
1775389814.0614388 [navNode-1] 目标位置:(0.0, 0.0, 0.7)-[TakeOff]-[MCU:False]-[POS:False]
1775389814.0615511 [navNode-1] 当前位置:(-0.12353029102087021, -0.017301151528954506, -0.0012188461842015386)
1775389814.1603465 [navNode-1] [INFO] [1775389814.159978069] [navNode]: 状态4：WaitAim--[TakeOff]
1775389814.1607094 [navNode-1] [INFO] [1775389814.160469558] [navNode]: 未到目标点
1775389814.1607854 [navNode-1] 目标位置:(0.0, 0.0, 0.7)-[TakeOff]-[MCU:False]-[POS:False]
1775389814.1608341 [navNode-1] 当前位置:(-0.12328571826219559, -0.017282290384173393, -0.0011827144771814346)
1775389814.2602727 [navNode-1] [INFO] [1775389814.259781643] [navNode]: 状态4：WaitAim--[TakeOff]
1775389814.2607870 [navNode-1] [INFO] [1775389814.260256119] [navNode]: 未到目标点
1775389814.2609162 [navNode-1] 目标位置:(0.0, 0.0, 0.7)-[TakeOff]-[MCU:False]-[POS:False]
1775389814.2610097 [navNode-1] 当前位置:(-0.12318091094493866, -0.0174717977643013, -0.0009783157147467136)
1775389814.3605528 [navNode-1] [INFO] [1775389814.360198595] [navNode]: 状态4：WaitAim--[TakeOff]
1775389814.3610005 [navNode-1] [INFO] [1775389814.360665887] [navNode]: 未到目标点
1775389814.3610864 [navNode-1] 目标位置:(0.0, 0.0, 0.7)-[TakeOff]-[MCU:False]-[POS:False]
1775389814.3611364 [navNode-1] 当前位置:(-0.12282173335552216, -0.017748527228832245, -0.0010695834644138813)
1775389814.4605446 [navNode-1] [INFO] [1775389814.460168817] [navNode]: 状态4：WaitAim--[TakeOff]
1775389814.4612131 [navNode-1] [INFO] [1775389814.460712329] [navNode]: 未到目标点
1775389814.4613414 [navNode-1] 目标位置:(0.0, 0.0, 0.7)-[TakeOff]-[MCU:False]-[POS:False]
1775389814.4613895 [navNode-1] 当前位置:(-0.12370003759860992, -0.017207272350788116, -0.0007912394939921796)
1775389814.5604634 [navNode-1] [INFO] [1775389814.560052798] [navNode]: 状态4：WaitAim--[TakeOff]
1775389814.5609117 [navNode-1] [INFO] [1775389814.560575897] [navNode]: 未到目标点
1775389814.5609987 [navNode-1] 目标位置:(0.0, 0.0, 0.7)-[TakeOff]-[MCU:False]-[POS:False]
1775389814.5610507 [navNode-1] 当前位置:(-0.12330984324216843, -0.01741979271173477, -0.0008190790540538728)
1775389814.6600964 [navNode-1] [INFO] [1775389814.659770581] [navNode]: 状态4：WaitAim--[TakeOff]
1775389814.6605818 [navNode-1] [INFO] [1775389814.660242103] [navNode]: 未到目标点
1775389814.6606843 [navNode-1] 目标位置:(0.0, 0.0, 0.7)-[TakeOff]-[MCU:False]-[POS:False]
1775389814.6607406 [navNode-1] 当前位置:(-0.12341350317001343, -0.017463507130742073, -0.0008915678481571376)
1775389814.7603297 [navNode-1] [INFO] [1775389814.759983201] [navNode]: 状态4：WaitAim--[TakeOff]
1775389814.7607639 [navNode-1] [INFO] [1775389814.760572746] [navNode]: 未到目标点
1775389814.7608390 [navNode-1] 目标位置:(0.0, 0.0, 0.7)-[TakeOff]-[MCU:False]-[POS:False]
1775389814.7608831 [navNode-1] 当前位置:(-0.12332668155431747, -0.017385389655828476, -0.0005399794317781925)
1775389814.8605380 [navNode-1] [INFO] [1775389814.860222267] [navNode]: 状态4：WaitAim--[TakeOff]
1775389814.8609304 [navNode-1] [INFO] [1775389814.860724172] [navNode]: 未到目标点
1775389814.8610053 [navNode-1] 目标位置:(0.0, 0.0, 0.7)-[TakeOff]-[MCU:False]-[POS:False]
1775389814.8610525 [navNode-1] 当前位置:(-0.12336637079715729, -0.01737162098288536, -0.0009132862905971706)
1775389814.9601333 [navNode-1] [INFO] [1775389814.959773992] [navNode]: 状态4：WaitAim--[TakeOff]
1775389814.9606073 [navNode-1] [INFO] [1775389814.960250973] [navNode]: 未到目标点
1775389814.9606979 [navNode-1] 目标位置:(0.0, 0.0, 0.7)-[TakeOff]-[MCU:False]-[POS:False]
1775389814.9607468 [navNode-1] 当前位置:(-0.12354050576686859, -0.017537657171487808, -0.0011215114500373602)
1775389815.0605919 [navNode-1] [INFO] [1775389815.060228268] [navNode]: 状态4：WaitAim--[TakeOff]
1775389815.0611730 [navNode-1] [INFO] [1775389815.060983536] [navNode]: 未到目标点
1775389815.0612817 [navNode-1] 目标位置:(0.0, 0.0, 0.7)-[TakeOff]-[MCU:False]-[POS:False]
1775389815.0613341 [navNode-1] 当前位置:(-0.12357247620820999, -0.017273500561714172, -0.0009261784725822508)
1775389815.1608036 [navNode-1] [INFO] [1775389815.160424045] [navNode]: 状态4：WaitAim--[TakeOff]
1775389815.1613781 [navNode-1] [INFO] [1775389815.161049328] [navNode]: 未到目标点
1775389815.1614833 [navNode-1] 目标位置:(0.0, 0.0, 0.7)-[TakeOff]-[MCU:False]-[POS:False]
1775389815.1615381 [navNode-1] 当前位置:(-0.12287084758281708, -0.01767817698419094, -0.00048625620547682047)
1775389815.2607465 [navNode-1] [INFO] [1775389815.260012976] [navNode]: 状态4：WaitAim--[TakeOff]
1775389815.2612178 [navNode-1] [INFO] [1775389815.260489262] [navNode]: 未到目标点
1775389815.2613184 [navNode-1] 目标位置:(0.0, 0.0, 0.7)-[TakeOff]-[MCU:False]-[POS:False]
1775389815.2613661 [navNode-1] 当前位置:(-0.12327209115028381, -0.01739325188100338, -0.0007541226223111153)
1775389815.3603892 [navNode-1] [INFO] [1775389815.359988114] [navNode]: 状态4：WaitAim--[TakeOff]
1775389815.3608348 [navNode-1] [INFO] [1775389815.360500829] [navNode]: 未到目标点
1775389815.3609426 [navNode-1] 目标位置:(0.0, 0.0, 0.7)-[TakeOff]-[MCU:False]-[POS:False]
1775389815.3609915 [navNode-1] 当前位置:(-0.1235223263502121, -0.017483986914157867, -0.0009261104860343039)
1775389815.4602914 [navNode-1] [INFO] [1775389815.459930943] [navNode]: 状态4：WaitAim--[TakeOff]
1775389815.4606824 [navNode-1] [INFO] [1775389815.460388079] [navNode]: 未到目标点
1775389815.4607551 [navNode-1] 目标位置:(0.0, 0.0, 0.7)-[TakeOff]-[MCU:False]-[POS:False]
1775389815.4607987 [navNode-1] 当前位置:(-0.12325363606214523, -0.017604798078536987, -0.0006674377946183085)
1775389815.5609908 [navNode-1] [INFO] [1775389815.560688285] [navNode]: 状态4：WaitAim--[TakeOff]
1775389815.5613596 [navNode-1] [INFO] [1775389815.561200360] [navNode]: 未到目标点
1775389815.5614285 [navNode-1] 目标位置:(0.0, 0.0, 0.7)-[TakeOff]-[MCU:False]-[POS:False]
1775389815.5614767 [navNode-1] 当前位置:(-0.12337087839841843, -0.017373964190483093, -0.0007767867646180093)
1775389815.6608517 [navNode-1] [INFO] [1775389815.660469091] [navNode]: 状态4：WaitAim--[TakeOff]
1775389815.6613145 [navNode-1] [INFO] [1775389815.661046017] [navNode]: 未到目标点
1775389815.6614466 [navNode-1] 目标位置:(0.0, 0.0, 0.7)-[TakeOff]-[MCU:False]-[POS:False]
1775389815.6615248 [navNode-1] 当前位置:(-0.12353736907243729, -0.017304977402091026, -0.0008246724028140306)
1775389815.7603722 [navNode-1] [INFO] [1775389815.759988647] [navNode]: 状态4：WaitAim--[TakeOff]
1775389815.7608893 [navNode-1] [INFO] [1775389815.760485614] [navNode]: 未到目标点
1775389815.7609801 [navNode-1] 目标位置:(0.0, 0.0, 0.7)-[TakeOff]-[MCU:False]-[POS:False]
1775389815.7610662 [navNode-1] 当前位置:(-0.12367602437734604, -0.01718856580555439, -0.0012471736408770084)
1775389815.8603573 [navNode-1] [INFO] [1775389815.859967499] [navNode]: 状态4：WaitAim--[TakeOff]
1775389815.8608513 [navNode-1] [INFO] [1775389815.860442028] [navNode]: 未到目标点
1775389815.8609698 [navNode-1] 目标位置:(0.0, 0.0, 0.7)-[TakeOff]-[MCU:False]-[POS:False]
1775389815.8610172 [navNode-1] 当前位置:(-0.12323757261037827, -0.017672399058938026, -0.0006171581335365772)
1775389815.9606628 [navNode-1] [INFO] [1775389815.960376912] [navNode]: 状态4：WaitAim--[TakeOff]
1775389815.9610240 [navNode-1] [INFO] [1775389815.960820021] [navNode]: 未到目标点
1775389815.9610949 [navNode-1] 目标位置:(0.0, 0.0, 0.7)-[TakeOff]-[MCU:False]-[POS:False]
1775389815.9611390 [navNode-1] 当前位置:(-0.1234162449836731, -0.017350364476442337, -0.0007851992850191891)
1775389816.0601792 [navNode-1] [INFO] [1775389816.059881617] [navNode]: 状态4：WaitAim--[TakeOff]
1775389816.0605686 [navNode-1] [INFO] [1775389816.060388748] [navNode]: 未到目标点
1775389816.0606539 [navNode-1] 目标位置:(0.0, 0.0, 0.7)-[TakeOff]-[MCU:False]-[POS:False]
1775389816.0607059 [navNode-1] 当前位置:(-0.12357229739427567, -0.01738770306110382, -0.0006105808424763381)
1775389816.1602921 [navNode-1] [INFO] [1775389816.159926932] [navNode]: 状态4：WaitAim--[TakeOff]
1775389816.1606994 [navNode-1] [INFO] [1775389816.160518165] [navNode]: 未到目标点
1775389816.1607862 [navNode-1] 目标位置:(0.0, 0.0, 0.7)-[TakeOff]-[MCU:False]-[POS:False]
1775389816.1608350 [navNode-1] 当前位置:(-0.12301351130008698, -0.01759367436170578, -0.0007494562305510044)
1775389816.2600796 [navNode-1] [INFO] [1775389816.259699768] [navNode]: 状态4：WaitAim--[TakeOff]
1775389816.2604709 [navNode-1] [INFO] [1775389816.260129204] [navNode]: 未到目标点
1775389816.2605863 [navNode-1] 目标位置:(0.0, 0.0, 0.7)-[TakeOff]-[MCU:False]-[POS:False]
1775389816.2606392 [navNode-1] 当前位置:(-0.12321235239505768, -0.01745091751217842, -0.0008838287321850657)
1775389816.3601918 [navNode-1] [INFO] [1775389816.359773733] [navNode]: 状态4：WaitAim--[TakeOff]
1775389816.3606279 [navNode-1] [INFO] [1775389816.360273515] [navNode]: 未到目标点
1775389816.3607373 [navNode-1] 目标位置:(0.0, 0.0, 0.7)-[TakeOff]-[MCU:False]-[POS:False]
1775389816.3607931 [navNode-1] 当前位置:(-0.12335341423749924, -0.017388692125678062, -0.0007084885146468878)
1775389816.4606080 [navNode-1] [INFO] [1775389816.460297009] [navNode]: 状态4：WaitAim--[TakeOff]
1775389816.4610460 [navNode-1] [INFO] [1775389816.460731304] [navNode]: 未到目标点
1775389816.4611199 [navNode-1] 目标位置:(0.0, 0.0, 0.7)-[TakeOff]-[MCU:False]-[POS:False]
1775389816.4611621 [navNode-1] 当前位置:(-0.12338773906230927, -0.017455780878663063, -0.0004063621745444834)
1775389816.5610714 [navNode-1] [INFO] [1775389816.560592533] [navNode]: 状态4：WaitAim--[TakeOff]
1775389816.5615137 [navNode-1] [INFO] [1775389816.561252092] [navNode]: 未到目标点
1775389816.5615995 [navNode-1] 目标位置:(0.0, 0.0, 0.7)-[TakeOff]-[MCU:False]-[POS:False]
1775389816.5616472 [navNode-1] 当前位置:(-0.12320612370967865, -0.017452778294682503, -0.0009179622284136713)
1775389816.6609852 [navNode-1] [INFO] [1775389816.660669192] [navNode]: 状态4：WaitAim--[TakeOff]
1775389816.6614306 [navNode-1] [INFO] [1775389816.661117230] [navNode]: 未到目标点
1775389816.6615336 [navNode-1] 目标位置:(0.0, 0.0, 0.7)-[TakeOff]-[MCU:False]-[POS:False]
1775389816.6615880 [navNode-1] 当前位置:(-0.1232532188296318, -0.01760103739798069, -0.0009179502376355231)
1775389816.7606964 [navNode-1] [INFO] [1775389816.760375031] [navNode]: 状态4：WaitAim--[TakeOff]
1775389816.7611039 [navNode-1] [INFO] [1775389816.760889363] [navNode]: 未到目标点
1775389816.7612283 [navNode-1] 目标位置:(0.0, 0.0, 0.7)-[TakeOff]-[MCU:False]-[POS:False]
1775389816.7613118 [navNode-1] 当前位置:(-0.12348148971796036, -0.0176103413105011, -0.0007938608760014176)
1775389816.8608897 [navNode-1] [INFO] [1775389816.860281887] [navNode]: 状态4：WaitAim--[TakeOff]
1775389816.8613548 [navNode-1] [INFO] [1775389816.860821310] [navNode]: 未到目标点
1775389816.8614857 [navNode-1] 目标位置:(0.0, 0.0, 0.7)-[TakeOff]-[MCU:False]-[POS:False]
1775389816.8615472 [navNode-1] 当前位置:(-0.12338674068450928, -0.017415296286344528, -0.0006716774660162628)
1775389816.9608026 [navNode-1] [INFO] [1775389816.960041661] [navNode]: 状态4：WaitAim--[TakeOff]
1775389816.9610431 [navNode-1] [INFO] [1775389816.960561859] [navNode]: 未到目标点
1775389816.9611170 [navNode-1] 目标位置:(0.0, 0.0, 0.7)-[TakeOff]-[MCU:False]-[POS:False]
1775389816.9611635 [navNode-1] 当前位置:(-0.12302088737487793, -0.017640721052885056, -0.0007367665530182421)
1775389817.0601807 [navNode-1] [INFO] [1775389817.059876011] [navNode]: 状态4：WaitAim--[TakeOff]
1775389817.0606697 [navNode-1] [INFO] [1775389817.060548955] [navNode]: 未到目标点
1775389817.0607634 [navNode-1] 目标位置:(0.0, 0.0, 0.7)-[TakeOff]-[MCU:False]-[POS:False]
1775389817.0608106 [navNode-1] 当前位置:(-0.12328038364648819, -0.017535269260406494, -0.0010017926106229424)
1775389817.1604064 [navNode-1] [INFO] [1775389817.160109354] [navNode]: 状态4：WaitAim--[TakeOff]
1775389817.1608417 [navNode-1] [INFO] [1775389817.160562650] [navNode]: 未到目标点
1775389817.1609397 [navNode-1] 目标位置:(0.0, 0.0, 0.7)-[TakeOff]-[MCU:False]-[POS:False]
1775389817.1610301 [navNode-1] 当前位置:(-0.12296367436647415, -0.01788398250937462, -0.0004367619985714555)
1775389817.2601457 [navNode-1] [INFO] [1775389817.259725519] [navNode]: 状态4：WaitAim--[TakeOff]
1775389817.2605860 [navNode-1] [INFO] [1775389817.260251187] [navNode]: 未到目标点
1775389817.2606633 [navNode-1] 目标位置:(0.0, 0.0, 0.7)-[TakeOff]-[MCU:False]-[POS:False]
1775389817.2607117 [navNode-1] 当前位置:(-0.12348797917366028, -0.01746355928480625, -0.0008849129662849009)
1775389817.3601084 [navNode-1] [INFO] [1775389817.359813687] [navNode]: 状态4：WaitAim--[TakeOff]
1775389817.3606243 [navNode-1] [INFO] [1775389817.360340474] [navNode]: 未到目标点
1775389817.3607280 [navNode-1] 目标位置:(0.0, 0.0, 0.7)-[TakeOff]-[MCU:False]-[POS:False]
1775389817.3607795 [navNode-1] 当前位置:(-0.12370152026414871, -0.017142539843916893, -0.0009144050418399274)
1775389817.4600632 [navNode-1] [INFO] [1775389817.459719488] [navNode]: 状态4：WaitAim--[TakeOff]
1775389817.4605112 [navNode-1] [INFO] [1775389817.460179998] [navNode]: 未到目标点
1775389817.4606428 [navNode-1] 目标位置:(0.0, 0.0, 0.7)-[TakeOff]-[MCU:False]-[POS:False]
1775389817.4607050 [navNode-1] 当前位置:(-0.12327548861503601, -0.01738382689654827, -0.0009620022610761225)
1775389817.5600193 [navNode-1] [INFO] [1775389817.559644943] [navNode]: 状态4：WaitAim--[TakeOff]
1775389817.5605090 [navNode-1] [INFO] [1775389817.560368523] [navNode]: 未到目标点
1775389817.5605922 [navNode-1] 目标位置:(0.0, 0.0, 0.7)-[TakeOff]-[MCU:False]-[POS:False]
1775389817.5606339 [navNode-1] 当前位置:(-0.12320920825004578, -0.017452627420425415, -0.0007686903700232506)
1775389817.6608098 [navNode-1] [INFO] [1775389817.660407033] [navNode]: 状态4：WaitAim--[TakeOff]
1775389817.6612329 [navNode-1] [INFO] [1775389817.660858988] [navNode]: 未到目标点
1775389817.6613579 [navNode-1] 目标位置:(0.0, 0.0, 0.7)-[TakeOff]-[MCU:False]-[POS:False]
1775389817.6614254 [navNode-1] 当前位置:(-0.12324810028076172, -0.017795002087950706, -0.0007359041483141482)
1775389817.7602243 [navNode-1] [INFO] [1775389817.759842402] [navNode]: 状态4：WaitAim--[TakeOff]
1775389817.7606478 [navNode-1] [INFO] [1775389817.760326341] [navNode]: 未到目标点
1775389817.7607763 [navNode-1] 目标位置:(0.0, 0.0, 0.7)-[TakeOff]-[MCU:False]-[POS:False]
1775389817.7608335 [navNode-1] 当前位置:(-0.12314038723707199, -0.017563020810484886, -0.0007072064909152687)
1775389817.8602931 [navNode-1] [INFO] [1775389817.859954083] [navNode]: 状态4：WaitAim--[TakeOff]
1775389817.8607383 [navNode-1] [INFO] [1775389817.860427384] [navNode]: 未到目标点
1775389817.8608809 [navNode-1] 目标位置:(0.0, 0.0, 0.7)-[TakeOff]-[MCU:False]-[POS:False]
1775389817.8609481 [navNode-1] 当前位置:(-0.12343113869428635, -0.017246082425117493, -0.0009687571437098086)
1775389817.9606175 [navNode-1] [INFO] [1775389817.960324273] [navNode]: 状态4：WaitAim--[TakeOff]
1775389817.9611723 [navNode-1] [INFO] [1775389817.960862914] [navNode]: 未到目标点
1775389817.9612565 [navNode-1] 目标位置:(0.0, 0.0, 0.7)-[TakeOff]-[MCU:False]-[POS:False]
1775389817.9613044 [navNode-1] 当前位置:(-0.1229093074798584, -0.01781311258673668, -0.0008900028187781572)
1775389818.0611091 [navNode-1] [INFO] [1775389818.060778586] [navNode]: 状态4：WaitAim--[TakeOff]
1775389818.0617092 [navNode-1] [INFO] [1775389818.061541512] [navNode]: 未到目标点
1775389818.0618329 [navNode-1] 目标位置:(0.0, 0.0, 0.7)-[TakeOff]-[MCU:False]-[POS:False]
1775389818.0618875 [navNode-1] 当前位置:(-0.12332937866449356, -0.01760806329548359, -0.0010856043081730604)
1775389818.1603527 [navNode-1] [INFO] [1775389818.159969910] [navNode]: 状态4：WaitAim--[TakeOff]
1775389818.1609130 [navNode-1] [INFO] [1775389818.160569762] [navNode]: 未到目标点
1775389818.1610780 [navNode-1] 目标位置:(0.0, 0.0, 0.7)-[TakeOff]-[MCU:False]-[POS:False]
1775389818.1611352 [navNode-1] 当前位置:(-0.12309698760509491, -0.0174588393419981, -0.0005623443285003304)
1775389818.2610612 [navNode-1] [INFO] [1775389818.260604663] [navNode]: 状态4：WaitAim--[TakeOff]
1775389818.2614961 [navNode-1] [INFO] [1775389818.261200061] [navNode]: 未到目标点
1775389818.2615726 [navNode-1] 目标位置:(0.0, 0.0, 0.7)-[TakeOff]-[MCU:False]-[POS:False]
1775389818.2616210 [navNode-1] 当前位置:(-0.12309998273849487, -0.017680387943983078, -0.0007866041269153357)
1775389818.3607755 [navNode-1] [INFO] [1775389818.360362653] [navNode]: 状态4：WaitAim--[TakeOff]
1775389818.3611848 [navNode-1] [INFO] [1775389818.360870897] [navNode]: 未到目标点
1775389818.3612618 [navNode-1] 目标位置:(0.0, 0.0, 0.7)-[TakeOff]-[MCU:False]-[POS:False]
1775389818.3613651 [navNode-1] 当前位置:(-0.12337626516819, -0.017349593341350555, -0.0008344476227648556)
1775389818.4623344 [navNode-1] [INFO] [1775389818.462028112] [navNode]: 状态4：WaitAim--[TakeOff]
1775389818.4628103 [navNode-1] [INFO] [1775389818.462520582] [navNode]: 未到目标点
1775389818.4628999 [navNode-1] 目标位置:(0.0, 0.0, 0.7)-[TakeOff]-[MCU:False]-[POS:False]
1775389818.4629505 [navNode-1] 当前位置:(-0.12344658374786377, -0.017573634162545204, -0.001028048456646502)
1775389818.5609894 [navNode-1] [INFO] [1775389818.560612283] [navNode]: 状态4：WaitAim--[TakeOff]
1775389818.5614700 [navNode-1] [INFO] [1775389818.561119765] [navNode]: 未到目标点
1775389818.5615656 [navNode-1] 目标位置:(0.0, 0.0, 0.7)-[TakeOff]-[MCU:False]-[POS:False]
1775389818.5616279 [navNode-1] 当前位置:(-0.12318968027830124, -0.017386823892593384, -0.000571659707929939)
1775389818.6609156 [navNode-1] [INFO] [1775389818.660615661] [navNode]: 状态4：WaitAim--[TakeOff]
1775389818.6614397 [navNode-1] [INFO] [1775389818.661141335] [navNode]: 未到目标点
1775389818.6615787 [navNode-1] 目标位置:(0.0, 0.0, 0.7)-[TakeOff]-[MCU:False]-[POS:False]
1775389818.6616716 [navNode-1] 当前位置:(-0.1234566941857338, -0.017318330705165863, -0.0009492653189226985)
1775389818.7606814 [navNode-1] [INFO] [1775389818.760335628] [navNode]: 状态4：WaitAim--[TakeOff]
1775389818.7610652 [navNode-1] [INFO] [1775389818.760899539] [navNode]: 未到目标点
1775389818.7611604 [navNode-1] 目标位置:(0.0, 0.0, 0.7)-[TakeOff]-[MCU:False]-[POS:False]
1775389818.7612329 [navNode-1] 当前位置:(-0.12341172248125076, -0.017365651205182076, -0.00037159680505283177)
1775389818.8351514 [WARNING] [launch]: user interrupted with ctrl-c (SIGINT)
1775389818.9046183 [INFO] [navNode-1]: process has finished cleanly [pid 20340]
